FrameNumber,TimeStamp_ms,TimeFromStart_s,X_mm,Y_mm,Z_mm,QX,QY,QZ,QW,RX_rad,RY_rad,RZ_rad,TCP_X_m,TCP_Y_m,TCP_Z_m,TCP_RX_rad,TCP_RY_rad,TCP_RZ_rad
0,1770206940135,0.000000,-115.6996,431.1250,-830.9886,0.699275,-0.148301,0.109490,0.690676,1.563338,-0.331550,0.244782,0.215863,0.376101,0.451524,-2.882547,1.169818,0.014169
1,1770206940146,0.011111,-115.7121,430.9746,-830.9145,0.699283,-0.148304,0.109405,0.690681,1.563352,-0.331556,0.244591,0.215860,0.376112,0.451519,-2.882602,1.169801,0.014198
2,1770206940157,0.022223,-115.6721,431.0001,-830.8359,0.699300,-0.148296,0.109433,0.690660,1.563404,-0.331540,0.244657,0.215847,0.376097,0.451534,-2.882503,1.169799,0.014159
3,1770206940168,0.033334,-115.7312,431.0086,-830.7507,0.699341,-0.148307,0.109443,0.690615,1.563523,-0.331570,0.244682,0.215850,0.376109,0.451524,-2.882542,1.169836,0.014171
4,1770206940179,0.044445,-115.7371,431.1038,-830.8564,0.699351,-0.148318,0.109456,0.690601,1.563552,-0.331598,0.244713,0.215858,0.376101,0.451528,-2.882537,1.169834,0.014187
5,1770206940190,0.055557,-115.6841,431.0201,-830.9360,0.699328,-0.148315,0.109462,0.690624,1.563488,-0.331587,0.244725,0.215852,0.376109,0.451530,-2.882556,1.169822,0.014135
6,1770206940201,0.066668,-115.5936,431.2172,-830.9891,0.699341,-0.148343,0.109463,0.690604,1.563530,-0.331652,0.244727,0.215838,0.376099,0.451539,-2.882555,1.169720,0.014130
7,1770206940212,0.077779,-115.6487,431.0607,-830.9081,0.699340,-0.148322,0.109521,0.690601,1.563527,-0.331607,0.244858,0.215851,0.376099,0.451534,-2.882512,1.169824,0.014190
8,1770206940223,0.088890,-115.6446,431.0623,-830.9135,0.699347,-0.148308,0.109501,0.690600,1.563544,-0.331575,0.244814,0.215854,0.376107,0.451524,-2.882568,1.169766,0.014169
9,1770206940235,0.100002,-115.5731,431.0281,-830.8555,0.699362,-0.148323,0.109436,0.690591,1.563585,-0.331611,0.244669,0.215856,0.376104,0.451519,-2.882526,1.169788,0.014190
10,1770206940246,0.111113,-115.5501,431.0288,-830.8412,0.699356,-0.148335,0.109441,0.690594,1.563568,-0.331637,0.244681,0.215849,0.376098,0.451528,-2.882502,1.169839,0.014107
11,1770206940257,0.122224,-115.6712,431.0868,-830.9320,0.699324,-0.148291,0.109473,0.690631,1.563475,-0.331533,0.244748,0.215842,0.376099,0.451536,-2.882513,1.169782,0.014100
12,1770206940268,0.133335,-115.6704,431.0906,-830.9407,0.699339,-0.148289,0.109480,0.690615,1.563519,-0.331532,0.244764,0.215859,0.376104,0.451524,-2.882548,1.169818,0.014169
13,1770206940279,0.144447,-115.7815,431.0880,-830.8691,0.699341,-0.148262,0.109503,0.690616,1.563521,-0.331470,0.244817,0.215840,0.376109,0.451529,-2.882581,1.169711,0.014204
14,1770206940290,0.155558,-115.7171,431.0157,-830.7824,0.699360,-0.148278,0.109487,0.690595,1.563578,-0.331509,0.244783,0.215857,0.376100,0.451530,-2.882500,1.169838,0.014166
15,1770206940301,0.166669,-115.7040,430.9244,-830.8394,0.699371,-0.148294,0.109526,0.690574,1.563615,-0.331547,0.244872,0.215858,0.376119,0.451517,-2.882593,1.169838,0.014181
16,1770206940312,0.177780,-115.6626,431.0374,-830.8840,0.699365,-0.148313,0.109515,0.690578,1.563598,-0.331589,0.244847,0.215846,0.376105,0.451533,-2.882565,1.169745,0.014162
17,1770206940323,0.188891,-115.6769,430.9586,-830.8896,0.699394,-0.148329,0.109521,0.690545,1.563682,-0.331629,0.244863,0.215857,0.376100,0.451523,-2.882527,1.169829,0.014180
18,1770206940335,0.200003,-115.7519,430.8799,-830.8903,0.699401,-0.148336,0.109540,0.690533,1.563707,-0.331647,0.244907,0.215861,0.376096,0.451537,-2.882518,1.169826,0.014113
19,1770206940346,0.211114,-115.7624,430.8621,-830.9016,0.699406,-0.148330,0.109550,0.690528,1.563721,-0.331633,0.244930,0.215847,0.376101,0.451535,-2.882538,1.169794,0.014138
20,1770206940357,0.222225,-115.8862,431.0343,-830.9475,0.699385,-0.148313,0.109559,0.690551,1.563661,-0.331592,0.244948,0.215866,0.376111,0.451516,-2.882581,1.169792,0.014183
21,1770206940368,0.233336,-115.8176,431.2544,-830.7798,0.699371,-0.148344,0.109496,0.690568,1.563618,-0.331661,0.244807,0.215848,0.376089,0.451546,-2.882495,1.169775,0.014168
22,1770206940379,0.244447,-115.8313,431.2866,-830.7754,0.699384,-0.148324,0.109506,0.690559,1.563652,-0.331615,0.244829,0.215852,0.376114,0.451521,-2.882573,1.169829,0.014167
23,1770206940390,0.255559,-115.7698,431.1737,-830.8217,0.699368,-0.148335,0.109513,0.690570,1.563611,-0.331640,0.244844,0.215864,0.376112,0.451524,-2.882593,1.169798,0.014232
24,1770206940401,0.266670,-115.6319,431.3094,-830.9280,0.699367,-0.148344,0.109467,0.690577,1.563603,-0.331659,0.244739,0.215847,0.376108,0.451528,-2.882563,1.169825,0.014160
25,1770206940412,0.277781,-115.6246,431.3108,-830.9733,0.699369,-0.148348,0.109456,0.690576,1.563609,-0.331668,0.244716,0.215850,0.376097,0.451533,-2.882502,1.169859,0.014132
26,1770206940423,0.288893,-115.6648,431.0951,-830.8473,0.699409,-0.148298,0.109414,0.690553,1.563712,-0.331559,0.244623,0.215856,0.376104,0.451528,-2.882543,1.169776,0.014197
27,1770206940435,0.300004,-115.6510,431.0926,-830.8239,0.699441,-0.148320,0.109366,0.690524,1.563801,-0.331612,0.244519,0.215854,0.376106,0.451524,-2.882565,1.169805,0.014176
28,1770206940446,0.311115,-115.6499,431.0977,-830.8089,0.699450,-0.148327,0.109366,0.690513,1.563827,-0.331630,0.244521,0.215851,0.376106,0.451529,-2.882545,1.169777,0.014138
29,1770206940457,0.322226,-115.6448,431.1061,-830.7923,0.699461,-0.148311,0.109363,0.690505,1.563858,-0.331595,0.244515,0.215857,0.376102,0.451528,-2.882548,1.169818,0.014169
30,1770206940468,0.333337,-115.6662,431.0745,-830.8254,0.699423,-0.148338,0.109387,0.690535,1.563755,-0.331650,0.244566,0.215833,0.376099,0.451534,-2.882514,1.169784,0.014142
31,1770206940479,0.344449,-115.7503,431.1724,-830.7886,0.699431,-0.148366,0.109417,0.690516,1.563783,-0.331716,0.244633,0.215861,0.376104,0.451520,-2.882560,1.169803,0.014193
32,1770206940490,0.355560,-115.7318,431.1628,-830.7589,0.699420,-0.148365,0.109461,0.690521,1.563756,-0.331712,0.244731,0.215852,0.376112,0.451519,-2.882565,1.169805,0.014177
33,1770206940501,0.366671,-115.7407,431.1782,-830.7363,0.699398,-0.148363,0.109457,0.690544,1.563692,-0.331706,0.244720,0.215867,0.376099,0.451524,-2.882524,1.169808,0.014213
34,1770206940512,0.377782,-115.7266,431.1243,-830.8040,0.699409,-0.148346,0.109399,0.690545,1.563718,-0.331666,0.244590,0.215852,0.376109,0.451526,-2.882567,1.169786,0.014194
35,1770206940523,0.388894,-115.5843,431.1960,-830.9241,0.699362,-0.148387,0.109349,0.690592,1.563583,-0.331753,0.244475,0.215860,0.376118,0.451517,-2.882574,1.169830,0.014209
36,1770206940535,0.400005,-115.6141,431.1105,-830.9128,0.699367,-0.148361,0.109422,0.690580,1.563602,-0.331697,0.244638,0.215853,0.376118,0.451519,-2.882578,1.169791,0.014202
37,1770206940546,0.411116,-115.6706,431.1368,-830.9448,0.699339,-0.148392,0.109457,0.690597,1.563528,-0.331763,0.244716,0.215853,0.376105,0.451528,-2.882555,1.169801,0.014169
38,1770206940557,0.422227,-115.6295,431.0837,-830.9032,0.699344,-0.148355,0.109465,0.690599,1.563539,-0.331680,0.244733,0.215838,0.376093,0.451541,-2.882485,1.169771,0.014162
39,1770206940568,0.433338,-115.6273,431.0836,-830.9094,0.699344,-0.148374,0.109452,0.690597,1.563539,-0.331723,0.244703,0.215845,0.376105,0.451533,-2.882555,1.169801,0.014170
40,1770206940579,0.444450,-115.5845,431.1041,-830.9107,0.699323,-0.148364,0.109494,0.690614,1.563482,-0.331698,0.244797,0.215849,0.376101,0.451534,-2.882528,1.169810,0.014156
41,1770206940593,0.458035,-115.5977,431.1515,-830.9122,0.699314,-0.148356,0.109533,0.690618,1.563460,-0.331681,0.244883,0.215843,0.376093,0.451537,-2.882496,1.169816,0.014159
42,1770206940604,0.469146,-115.6734,431.0930,-830.8311,0.699332,-0.148348,0.109533,0.690601,1.563511,-0.331664,0.244884,0.215858,0.376104,0.451527,-2.882558,1.169823,0.014176
43,1770206940615,0.480257,-115.7183,431.0956,-830.8681,0.699321,-0.148342,0.109560,0.690609,1.563481,-0.331651,0.244944,0.215862,0.376102,0.451527,-2.882561,1.169824,0.014158
44,1770206940626,0.491369,-115.7224,431.1351,-830.8047,0.699308,-0.148348,0.109544,0.690624,1.563444,-0.331663,0.244908,0.215862,0.376117,0.451514,-2.882593,1.169838,0.014181
45,1770206940637,0.502480,-115.8012,431.2131,-830.8903,0.699297,-0.148332,0.109572,0.690634,1.563413,-0.331623,0.244970,0.215856,0.376103,0.451525,-2.882552,1.169820,0.014152
46,1770206940648,0.513591,-115.7400,431.1730,-830.8962,0.699305,-0.148322,0.109602,0.690623,1.563437,-0.331604,0.245038,0.215842,0.376105,0.451535,-2.882533,1.169792,0.014114
47,1770206940659,0.524703,-115.7444,431.2128,-830.7516,0.699301,-0.148302,0.109519,0.690645,1.563414,-0.331556,0.244848,0.215853,0.376101,0.451533,-2.882552,1.169719,0.014189
48,1770206940670,0.535814,-115.7623,431.2151,-830.7326,0.699311,-0.148288,0.109509,0.690640,1.563439,-0.331525,0.244828,0.215842,0.376106,0.451525,-2.882534,1.169752,0.014166
49,1770206940681,0.546925,-115.7817,431.2183,-830.7035,0.699306,-0.148295,0.109498,0.690644,1.563427,-0.331540,0.244803,0.215857,0.376107,0.451520,-2.882550,1.169799,0.014187
50,1770206940693,0.558037,-115.7600,431.2411,-830.8630,0.699305,-0.148298,0.109484,0.690647,1.563422,-0.331548,0.244771,0.215861,0.376106,0.451517,-2.882538,1.169813,0.014162
51,1770206940704,0.569148,-115.6940,431.0765,-830.9229,0.699328,-0.148337,0.109475,0.690617,1.563492,-0.331637,0.244753,0.215865,0.376108,0.451523,-2.882557,1.169843,0.014201
52,1770206940715,0.580259,-115.7576,431.1699,-830.8940,0.699330,-0.148315,0.109457,0.690623,1.563493,-0.331589,0.244712,0.215845,0.376115,0.451523,-2.882584,1.169753,0.014135
53,1770206940726,0.591370,-115.6948,431.1198,-830.9287,0.699340,-0.148320,0.109388,0.690622,1.563516,-0.331599,0.244559,0.215856,0.376106,0.451530,-2.882544,1.169817,0.014187
54,1770206940737,0.602481,-115.6835,431.1382,-830.9256,0.699330,-0.148320,0.109400,0.690631,1.563487,-0.331597,0.244585,0.215850,0.376099,0.451533,-2.882492,1.169834,0.014100
55,1770206940748,0.613593,-115.7258,431.0742,-830.7918,0.699357,-0.148327,0.109365,0.690608,1.563562,-0.331618,0.244509,0.215860,0.376096,0.451530,-2.882539,1.169795,0.014178
56,1770206940759,0.624704,-115.7016,431.1063,-830.8114,0.699321,-0.148351,0.109405,0.690632,1.563467,-0.331666,0.244596,0.215851,0.376096,0.451536,-2.882497,1.169857,0.014149
57,1770206940770,0.635815,-115.7013,431.1329,-830.8793,0.699345,-0.148355,0.109379,0.690611,1.563533,-0.331680,0.244540,0.215844,0.376110,0.451534,-2.882572,1.169789,0.014177
58,1770206940781,0.646926,-115.6985,431.1415,-830.8901,0.699346,-0.148349,0.109391,0.690609,1.563537,-0.331665,0.244567,0.215862,0.376093,0.451535,-2.882510,1.169822,0.014147
59,1770206940793,0.658038,-115.7605,431.1856,-830.8958,0.699322,-0.148350,0.109452,0.690624,1.563474,-0.331667,0.244701,0.215858,0.376119,0.451517,-2.882593,1.169838,0.014181
60,1770206940804,0.669149,-115.7123,431.1376,-830.9285,0.699268,-0.148321,0.109457,0.690685,1.563315,-0.331593,0.244707,0.215860,0.376115,0.451515,-2.882586,1.169855,0.014181
61,1770206940815,0.680260,-115.6704,431.1810,-830.9167,0.699293,-0.148299,0.109417,0.690670,1.563380,-0.331546,0.244619,0.215853,0.376105,0.451532,-2.882528,1.169810,0.014156
62,1770206940826,0.691372,-115.6595,431.1895,-830.9346,0.699300,-0.148308,0.109411,0.690662,1.563401,-0.331568,0.244607,0.215846,0.376117,0.451521,-2.882595,1.169818,0.014157
63,1770206940837,0.702483,-115.6548,431.1992,-830.9390,0.699295,-0.148311,0.109412,0.690666,1.563388,-0.331572,0.244609,0.215858,0.376101,0.451525,-2.882547,1.169838,0.014194
64,1770206940848,0.713594,-115.6008,431.1200,-830.9766,0.699192,-0.148322,0.109397,0.690770,1.563094,-0.331584,0.244565,0.215847,0.376118,0.451529,-2.882621,1.169810,0.014171
65,1770206940859,0.724705,-115.5991,431.1553,-830.9724,0.699209,-0.148333,0.109395,0.690751,1.563143,-0.331612,0.244562,0.215853,0.376120,0.451525,-2.882671,1.169892,0.014179
66,1770206940870,0.735816,-115.7643,431.1806,-830.9196,0.699231,-0.148244,0.109506,0.690730,1.563207,-0.331415,0.244812,0.215844,0.376113,0.451542,-2.882671,1.169851,0.014088
67,1770206940881,0.746928,-115.7305,431.1500,-830.9306,0.699370,-0.148250,0.109546,0.690582,1.563608,-0.331448,0.244917,0.215832,0.376102,0.451564,-2.882643,1.169880,0.013997
68,1770206940893,0.758039,-115.7405,431.1979,-830.9301,0.699334,-0.148302,0.109539,0.690609,1.563510,-0.331560,0.244897,0.215825,0.376113,0.451574,-2.882743,1.169802,0.013998
69,1770206940904,0.769150,-115.7283,431.2457,-830.8866,0.699337,-0.148337,0.109501,0.690603,1.563521,-0.331640,0.244812,0.215822,0.376077,0.451616,-2.882633,1.169897,0.013852
70,1770206940915,0.780261,-115.8450,431.1477,-830.9121,0.699335,-0.148176,0.109678,0.690613,1.563509,-0.331278,0.245209,0.215787,0.376064,0.451649,-2.882593,1.169879,0.013683
71,1770206940926,0.791372,-115.7292,431.3163,-830.7706,0.699335,-0.148238,0.109619,0.690608,1.563514,-0.331417,0.245078,0.215795,0.376048,0.451663,-2.882564,1.169908,0.013692
72,1770206940937,0.802483,-115.6619,431.3376,-830.8009,0.699408,-0.148266,0.109605,0.690530,1.563725,-0.331491,0.245053,0.215786,0.376024,0.451714,-2.882531,1.170016,0.013556
73,1770206940948,0.813595,-115.6380,431.5709,-830.7966,0.699374,-0.148262,0.109703,0.690551,1.563634,-0.331478,0.245271,0.215782,0.375996,0.451741,-2.882484,1.170036,0.013492
74,1770206940959,0.824706,-115.7250,431.4781,-830.6743,0.699310,-0.148286,0.109684,0.690613,1.563455,-0.331523,0.245222,0.215771,0.375953,0.451816,-2.882449,1.170144,0.013312
75,1770206940970,0.835817,-115.6155,431.6831,-830.4807,0.699288,-0.147985,0.110022,0.690646,1.563386,-0.330848,0.245974,0.215756,0.375934,0.451860,-2.882403,1.170165,0.013047
76,1770206940981,0.846928,-115.7888,431.8083,-830.4960,0.699432,-0.148322,0.109672,0.690483,1.563807,-0.331621,0.245208,0.215753,0.375914,0.451887,-2.882398,1.170225,0.013078
77,1770206940993,0.858040,-115.5713,431.6922,-830.5584,0.699404,-0.148081,0.109986,0.690514,1.563724,-0.331079,0.245906,0.215728,0.375858,0.451983,-2.882287,1.170359,0.012637
78,1770206941004,0.869151,-115.7920,431.8831,-830.4098,0.699109,-0.148278,0.109867,0.690789,1.562897,-0.331484,0.245613,0.215723,0.375808,0.452043,-2.882242,1.170301,0.012615
79,1770206941015,0.880262,-115.8046,431.9769,-830.3447,0.699320,-0.148153,0.110066,0.690571,1.563502,-0.331232,0.246080,0.215699,0.375780,0.452097,-2.882170,1.170391,0.012349
80,1770206941026,0.891374,-115.4919,431.8482,-830.5447,0.699550,-0.148212,0.110061,0.690325,1.564167,-0.331397,0.246092,0.215707,0.375699,0.452200,-2.882061,1.170590,0.012146
81,1770206941037,0.902485,-115.5332,431.9701,-830.4860,0.699479,-0.148072,0.110230,0.690401,1.563960,-0.331073,0.246462,0.215724,0.375660,0.452253,-2.882039,1.170621,0.011915
82,1770206941048,0.913596,-115.6285,432.0225,-830.4116,0.699376,-0.148401,0.109983,0.690474,1.563687,-0.331798,0.245903,0.215683,0.375574,0.452397,-2.881858,1.170748,0.011633
83,1770206941059,0.924707,-115.7532,432.3628,-830.4828,0.699434,-0.148022,0.110480,0.690417,1.563852,-0.330960,0.247021,0.215645,0.375525,0.452482,-2.881773,1.170772,0.011202
84,1770206941070,0.935818,-115.5969,432.5025,-830.3271,0.699750,-0.148259,0.110256,0.690082,1.564762,-0.331532,0.246550,0.215631,0.375472,0.452553,-2.881678,1.170793,0.011108
85,1770206941081,0.946930,-115.8708,432.6435,-830.1780,0.699476,-0.148015,0.110670,0.690346,1.563988,-0.330953,0.247452,0.215572,0.375359,0.452739,-2.881487,1.170855,0.010602
86,1770206941093,0.958041,-115.9334,432.8141,-830.2636,0.699692,-0.148058,0.110643,0.690122,1.564607,-0.331078,0.247414,0.215580,0.375293,0.452825,-2.881360,1.170985,0.010514
87,1770206941104,0.969152,-115.9188,432.8971,-830.1698,0.699699,-0.147708,0.110969,0.690138,1.564613,-0.330294,0.248139,0.215556,0.375267,0.452888,-2.881415,1.170908,0.010264
88,1770206941115,0.980263,-115.9285,433.0307,-829.7559,0.699507,-0.147866,0.110793,0.690326,1.564070,-0.330623,0.247729,0.215520,0.375153,0.453064,-2.881238,1.171057,0.009826
89,1770206941126,0.991375,-115.9624,433.1975,-829.5823,0.699612,-0.147752,0.110959,0.690218,1.564369,-0.330381,0.248110,0.215488,0.375083,0.453187,-2.881117,1.171128,0.009506
90,1770206941137,1.002486,-116.0669,433.5166,-829.6540,0.700120,-0.147641,0.111101,0.689704,1.565820,-0.330199,0.248477,0.215424,0.374968,0.453363,-2.880849,1.171096,0.009053
91,1770206941148,1.013597,-116.1427,433.3413,-829.8556,0.700401,-0.148223,0.110437,0.689399,1.566636,-0.331541,0.247021,0.215408,0.374949,0.453349,-2.880648,1.171008,0.009156
92,1770206941159,1.024708,-116.1496,433.1584,-829.9980,0.699992,-0.148013,0.110546,0.689843,1.565448,-0.331015,0.247223,0.215459,0.375015,0.453287,-2.880948,1.171057,0.009406
93,1770206941170,1.035819,-116.0298,433.2788,-830.2685,0.700026,-0.148018,0.110594,0.689799,1.565552,-0.331031,0.247334,0.215476,0.375013,0.453266,-2.880971,1.171066,0.009402
94,1770206941181,1.046930,-115.8439,432.9455,-829.9184,0.699691,-0.147890,0.110833,0.690129,1.564601,-0.330701,0.247837,0.215469,0.375018,0.453281,-2.880940,1.171114,0.009354
95,1770206941193,1.058042,-115.8593,433.0709,-829.8788,0.699850,-0.147972,0.110724,0.689967,1.565055,-0.330905,0.247609,0.215426,0.374926,0.453376,-2.880613,1.171075,0.009129
96,1770206941204,1.069153,-115.4229,432.6251,-829.6432,0.700470,-0.147525,0.111108,0.689371,1.566807,-0.329982,0.248526,0.215446,0.374943,0.453374,-2.880706,1.171135,0.009158
97,1770206941215,1.080264,-115.3526,432.8281,-829.6396,0.700353,-0.147438,0.111187,0.689496,1.566468,-0.329772,0.248690,0.215411,0.374934,0.453387,-2.880674,1.171081,0.009005
98,1770206941226,1.091376,-115.5254,433.0399,-829.7037,0.699801,-0.147753,0.110878,0.690039,1.564902,-0.330407,0.247947,0.215459,0.374961,0.453362,-2.880848,1.171217,0.009079
99,1770206941237,1.102487,-115.7612,433.0334,-829.4661,0.699913,-0.147818,0.110853,0.689916,1.565227,-0.330567,0.247903,0.215425,0.374921,0.453419,-2.880702,1.171175,0.008962
100,1770206941248,1.113598,-115.7965,433.1182,-829.3478,0.699628,-0.147836,0.110930,0.690188,1.564424,-0.330572,0.248049,0.215420,0.374879,0.453484,-2.880633,1.171390,0.008707
101,1770206941259,1.124710,-115.5444,433.2564,-829.5623,0.699805,-0.147962,0.110818,0.689999,1.564936,-0.330880,0.247817,0.215405,0.374851,0.453530,-2.880565,1.171300,0.008624
102,1770206941270,1.135821,-115.5012,433.3265,-829.5892,0.699888,-0.147723,0.111065,0.689927,1.565165,-0.330355,0.248376,0.215389,0.374829,0.453553,-2.880546,1.171393,0.008412
103,1770206941281,1.146932,-115.6098,433.4243,-829.4492,0.700047,-0.147990,0.110740,0.689760,1.565623,-0.330974,0.247666,0.215373,0.374774,0.453634,-2.880489,1.171309,0.008173
104,1770206941293,1.158044,-115.7598,433.4772,-829.4153,0.699502,-0.147819,0.110954,0.690316,1.564065,-0.330518,0.248089,0.215405,0.374776,0.453659,-2.880617,1.171548,0.008122
105,1770206941304,1.169155,-115.6741,433.6042,-829.5078,0.699758,-0.147636,0.111229,0.690052,1.564797,-0.330142,0.248731,0.215355,0.374705,0.453768,-2.880450,1.171517,0.007711
106,1770206941315,1.180266,-115.6141,433.6017,-829.4672,0.699895,-0.147470,0.111433,0.689915,1.565188,-0.329789,0.249199,0.215318,0.374666,0.453835,-2.880375,1.171546,0.007490
107,1770206941326,1.191378,-115.5810,433.7211,-829.4415,0.700046,-0.147400,0.111442,0.689775,1.565611,-0.329652,0.249233,0.215322,0.374617,0.453885,-2.880244,1.171591,0.007239
108,1770206941337,1.202489,-115.5530,433.8965,-829.6343,0.699970,-0.147554,0.111368,0.689831,1.565407,-0.329988,0.249063,0.215307,0.374575,0.453989,-2.880306,1.171681,0.006930
109,1770206941348,1.213600,-115.5834,433.5806,-829.2205,0.700024,-0.147501,0.111493,0.689768,1.565565,-0.329878,0.249347,0.215266,0.374524,0.454064,-2.880185,1.171631,0.006785
110,1770206941359,1.224711,-115.6045,433.7662,-829.1666,0.699779,-0.147307,0.111705,0.690024,1.564861,-0.329412,0.249797,0.215247,0.374434,0.454201,-2.880106,1.171700,0.006405
111,1770206941370,1.235823,-115.4599,433.7412,-829.0018,0.699954,-0.147520,0.111408,0.689848,1.565361,-0.329910,0.249150,0.215243,0.374384,0.454267,-2.880046,1.171777,0.006203
112,1770206941381,1.246934,-115.4609,433.9644,-828.9275,0.699926,-0.147596,0.111540,0.689839,1.565305,-0.330081,0.249446,0.215232,0.374351,0.454342,-2.880009,1.171925,0.006074
113,1770206941393,1.258045,-115.4765,434.1631,-828.9189,0.700123,-0.147270,0.111853,0.689658,1.565856,-0.329376,0.250164,0.215210,0.374252,0.454479,-2.879901,1.172023,0.005664
114,1770206941404,1.269157,-115.7071,434.4706,-828.9847,0.700381,-0.147067,0.111992,0.689417,1.566578,-0.328952,0.250499,0.215159,0.374183,0.454589,-2.879735,1.172013,0.005319
115,1770206941415,1.280268,-115.6431,434.6334,-828.8613,0.700417,-0.147101,0.112016,0.689369,1.566689,-0.329035,0.250558,0.215132,0.374131,0.454667,-2.879692,1.172056,0.005059
116,1770206941426,1.291379,-115.8456,434.8770,-828.7879,0.700206,-0.147077,0.112157,0.689566,1.566096,-0.328956,0.250852,0.215085,0.374006,0.454859,-2.879401,1.172219,0.004618
117,1770206941437,1.302490,-115.6270,434.9146,-828.7512,0.700470,-0.146957,0.112228,0.689312,1.566843,-0.328721,0.251036,0.215067,0.373963,0.454935,-2.879413,1.172145,0.004362
118,1770206941448,1.313602,-115.5315,435.1180,-828.7541,0.700589,-0.147061,0.112271,0.689162,1.567199,-0.328973,0.251148,0.215018,0.373825,0.455132,-2.879180,1.172291,0.003930
119,1770206941459,1.324713,-115.5383,435.1586,-828.3369,0.700127,-0.147115,0.112269,0.689619,1.565888,-0.329033,0.251097,0.215017,0.373775,0.455223,-2.879138,1.172437,0.003715
120,1770206941470,1.335824,-115.4200,435.3043,-828.2354,0.700285,-0.146894,0.112491,0.689470,1.566332,-0.328559,0.251609,0.214982,0.373684,0.455331,-2.878978,1.172492,0.003407
121,1770206941481,1.346935,-115.5364,435.4181,-827.9713,0.700163,-0.147185,0.112256,0.689571,1.565997,-0.329196,0.251073,0.214939,0.373561,0.455530,-2.878810,1.172586,0.002859
122,1770206941493,1.358047,-115.4217,435.5894,-827.8570,0.700608,-0.146887,0.112696,0.689110,1.567274,-0.328590,0.252103,0.214920,0.373474,0.455648,-2.878623,1.172751,0.002541
123,1770206941504,1.369158,-115.5334,435.7623,-828.0936,0.700796,-0.146598,0.113080,0.688917,1.567814,-0.327968,0.252981,0.214873,0.373341,0.455865,-2.878552,1.172786,0.001873
124,1770206941515,1.380269,-115.6206,435.7257,-827.8777,0.700565,-0.146682,0.113090,0.689133,1.567164,-0.328127,0.252982,0.214843,0.373293,0.455977,-2.878487,1.172943,0.001485
125,1770206941526,1.391380,-115.6854,436.0133,-827.9259,0.700950,-0.146501,0.113360,0.688735,1.568269,-0.327773,0.253626,0.214801,0.373187,0.456112,-2.878252,1.173047,0.001023
126,1770206941537,1.402491,-115.4029,436.1076,-827.8017,0.700477,-0.146711,0.113255,0.689189,1.566934,-0.328186,0.253345,0.214726,0.373023,0.456371,-2.878009,1.173151,0.000231
127,1770206941548,1.413603,-115.2421,436.3197,-827.7975,0.700774,-0.146498,0.113557,0.688882,1.567786,-0.327749,0.254052,0.214700,0.372928,0.456506,-2.877833,1.173322,-0.000140
128,1770206941559,1.424714,-115.2774,436.5935,-827.5118,0.700914,-0.146300,0.113725,0.688754,1.568177,-0.327322,0.254441,0.214625,0.372741,0.456782,-2.877541,1.173425,-0.001006
129,1770206941570,1.435825,-115.3383,436.6479,-827.3851,0.700680,-0.146370,0.113815,0.688963,1.567526,-0.327451,0.254621,0.214639,0.372691,0.456889,-2.877554,1.173656,-0.001291
130,1770206941581,1.446937,-115.2763,436.8647,-827.2785,0.701020,-0.146227,0.114111,0.688598,1.568510,-0.327179,0.255320,0.214593,0.372580,0.457038,-2.877345,1.173752,-0.001739
131,1770206941593,1.458048,-115.6264,437.0085,-826.9573,0.700518,-0.146471,0.113996,0.689076,1.567094,-0.327663,0.255015,0.214545,0.372395,0.457309,-2.877070,1.174025,-0.002513
132,1770206941604,1.469159,-115.6090,437.2153,-826.8290,0.700781,-0.146245,0.114254,0.688814,1.567844,-0.327191,0.255618,0.214506,0.372306,0.457457,-2.876948,1.174118,-0.002911
133,1770206941615,1.480271,-115.5724,437.5433,-826.6646,0.701218,-0.145975,0.114610,0.688367,1.569095,-0.326644,0.256459,0.214470,0.372212,0.457613,-2.876859,1.174124,-0.003311
134,1770206941626,1.491382,-115.5068,437.7645,-826.5240,0.701182,-0.146023,0.114673,0.688383,1.569005,-0.326750,0.256599,0.214385,0.372006,0.457926,-2.876476,1.174413,-0.004164
135,1770206941637,1.502493,-115.1182,438.0058,-826.7075,0.701555,-0.145669,0.114967,0.688029,1.570055,-0.326003,0.257292,0.214356,0.371904,0.458073,-2.876384,1.174439,-0.004542
136,1770206941648,1.513604,-115.5071,438.1733,-826.1485,0.701287,-0.145758,0.115095,0.688261,1.569314,-0.326172,0.257556,0.214262,0.371667,0.458429,-2.875936,1.174721,-0.005498
137,1770206941659,1.524716,-115.4422,438.4280,-825.9843,0.701397,-0.145607,0.115306,0.688147,1.569630,-0.325848,0.258040,0.214240,0.371526,0.458605,-2.875647,1.174905,-0.005996
138,1770206941670,1.535827,-115.2100,438.1606,-825.8160,0.702189,-0.145840,0.115169,0.687312,1.571915,-0.326477,0.257817,0.214215,0.371455,0.458694,-2.875488,1.174920,-0.006251
139,1770206941681,1.546938,-115.3778,437.9537,-826.0941,0.701421,-0.145127,0.115899,0.688123,1.569699,-0.324777,0.259368,0.214215,0.371426,0.458668,-2.875119,1.174840,-0.006064
140,1770206941693,1.558049,-115.3572,437.6436,-826.2103,0.700453,-0.144857,0.115883,0.689169,1.566891,-0.324040,0.259226,0.214268,0.371560,0.458554,-2.875704,1.174847,-0.005814
141,1770206941704,1.569161,-115.2297,437.9655,-826.1010,0.701371,-0.144842,0.116013,0.688216,1.569529,-0.324129,0.259614,0.214300,0.371592,0.458521,-2.875833,1.174882,-0.005729
142,1770206941715,1.580272,-115.8327,438.0703,-826.2311,0.701672,-0.145420,0.115660,0.687846,1.570431,-0.325469,0.258861,0.214243,0.371515,0.458586,-2.875550,1.174822,-0.005932
143,1770206941726,1.591383,-116.0124,438.4421,-826.2037,0.701553,-0.145757,0.115256,0.687964,1.570091,-0.326208,0.257946,0.214201,0.371452,0.458665,-2.875280,1.174748,-0.006111
144,1770206941737,1.602495,-116.1810,438.6880,-826.2535,0.701828,-0.145710,0.115222,0.687699,1.570870,-0.326136,0.257896,0.214182,0.371472,0.458651,-2.875385,1.174692,-0.006101
145,1770206941748,1.613606,-116.0011,438.5686,-826.0504,0.701225,-0.145680,0.115265,0.688313,1.569144,-0.325990,0.257931,0.214226,0.371522,0.458618,-2.875604,1.174846,-0.006055
146,1770206941759,1.624717,-116.0381,438.7285,-825.8687,0.701224,-0.145905,0.115045,0.688303,1.569146,-0.326495,0.257439,0.214220,0.371494,0.458639,-2.875537,1.174899,-0.006144
147,1770206941770,1.635828,-116.1647,439.0898,-826.0366,0.701129,-0.145725,0.115250,0.688404,1.568872,-0.326080,0.257887,0.214209,0.371457,0.458680,-2.875405,1.174904,-0.006182
148,1770206941781,1.646940,-115.5607,438.7500,-826.0192,0.701240,-0.145868,0.115149,0.688277,1.569199,-0.326416,0.257674,0.214190,0.371450,0.458697,-2.875468,1.174912,-0.006264
149,1770206941793,1.658051,-115.5068,438.9201,-826.1473,0.701441,-0.145775,0.115338,0.688061,1.569781,-0.326236,0.258119,0.214185,0.371441,0.458748,-2.875465,1.175014,-0.006545
150,1770206941804,1.669162,-115.3525,438.9191,-826.1281,0.701358,-0.145844,0.115340,0.688131,1.569552,-0.326381,0.258116,0.214226,0.371439,0.458734,-2.875556,1.175154,-0.006379
151,1770206941815,1.680273,-115.4340,438.6103,-825.8455,0.701476,-0.145577,0.115590,0.688024,1.569882,-0.325797,0.258686,0.214208,0.371435,0.458768,-2.875595,1.175172,-0.006492
152,1770206941826,1.691385,-115.7467,438.7615,-825.6412,0.701446,-0.145900,0.115271,0.688040,1.569804,-0.326518,0.257971,0.214173,0.371375,0.458847,-2.875475,1.175264,-0.006846
153,1770206941837,1.702496,-115.6248,438.5956,-825.7653,0.701212,-0.145643,0.115605,0.688277,1.569136,-0.325913,0.258694,0.214184,0.371333,0.458906,-2.875395,1.175373,-0.006972
154,1770206941848,1.713607,-115.5820,438.7556,-825.7662,0.701569,-0.145676,0.115597,0.687908,1.570161,-0.326034,0.258715,0.214173,0.371283,0.459000,-2.875373,1.175488,-0.007264
155,1770206941859,1.724718,-115.0243,438.8776,-825.7030,0.701893,-0.145297,0.115932,0.687601,1.571074,-0.325225,0.259495,0.214141,0.371222,0.459063,-2.875247,1.175476,-0.007547
156,1770206941870,1.735830,-115.3703,438.6431,-825.4910,0.701576,-0.145454,0.115741,0.687923,1.570168,-0.325535,0.259035,0.214134,0.371217,0.459119,-2.875301,1.175562,-0.007717
157,1770206941881,1.746941,-115.6016,439.3973,-825.4607,0.701211,-0.145420,0.115879,0.688279,1.569133,-0.325413,0.259308,0.214089,0.371131,0.459234,-2.875147,1.175601,-0.008024
158,1770206941893,1.758052,-115.3888,439.3045,-825.7277,0.701113,-0.145350,0.115942,0.688384,1.568848,-0.325244,0.259437,0.214098,0.371090,0.459310,-2.875139,1.175701,-0.008149
159,1770206941904,1.769163,-115.3733,439.4988,-825.7559,0.701843,-0.145109,0.116142,0.687656,1.570928,-0.324796,0.259960,0.214070,0.370999,0.459430,-2.875044,1.175786,-0.008535
160,1770206941915,1.780275,-115.4087,439.6157,-825.2836,0.701353,-0.145321,0.116079,0.688122,1.569546,-0.325211,0.259770,0.214035,0.370949,0.459525,-2.874959,1.175732,-0.008660
161,1770206941926,1.791386,-115.4124,439.7845,-825.3598,0.701361,-0.145367,0.116032,0.688112,1.569571,-0.325315,0.259668,0.214019,0.370872,0.459618,-2.874810,1.175832,-0.008828
162,1770206941937,1.802497,-115.4563,439.6477,-825.2605,0.701495,-0.145383,0.115921,0.687990,1.569945,-0.325368,0.259431,0.213942,0.370757,0.459807,-2.874610,1.175792,-0.009407
163,1770206941948,1.813608,-115.3755,439.7827,-825.2047,0.702018,-0.145078,0.116307,0.687456,1.571442,-0.324752,0.260350,0.213905,0.370713,0.459890,-2.874598,1.175749,-0.009709
164,1770206941959,1.824719,-115.3886,439.9177,-824.8739,0.701550,-0.145171,0.116301,0.687915,1.570114,-0.324901,0.260289,0.213870,0.370584,0.460076,-2.874364,1.175958,-0.010127
165,1770206941970,1.835831,-115.3086,440.1168,-825.0829,0.701852,-0.145046,0.116459,0.687606,1.570981,-0.324661,0.260675,0.213861,0.370527,0.460160,-2.874293,1.176092,-0.010423
166,1770206941981,1.846942,-115.3044,440.2162,-824.9060,0.702022,-0.145024,0.116520,0.687428,1.571469,-0.324635,0.260830,0.213823,0.370441,0.460279,-2.874126,1.176084,-0.010670
167,1770206941993,1.858053,-115.5958,440.4875,-824.6503,0.701870,-0.144986,0.116715,0.687558,1.571048,-0.324533,0.261252,0.213766,0.370318,0.460489,-2.873968,1.176246,-0.011194
168,1770206942004,1.869164,-115.8842,440.2770,-824.4240,0.701975,-0.144919,0.116804,0.687449,1.571352,-0.324397,0.261463,0.213711,0.370240,0.460606,-2.873804,1.176281,-0.011609
169,1770206942015,1.880275,-115.7405,440.4490,-824.3519,0.701979,-0.145022,0.116705,0.687440,1.571366,-0.324628,0.261241,0.213681,0.370192,0.460706,-2.873807,1.176245,-0.011923
170,1770206942026,1.891387,-115.7419,440.5717,-824.1936,0.701962,-0.144716,0.117200,0.687438,1.571328,-0.323944,0.262351,0.213588,0.370027,0.460944,-2.873452,1.176385,-0.012711
171,1770206942037,1.902498,-115.9475,440.6904,-824.1418,0.702101,-0.144808,0.117058,0.687301,1.571724,-0.324167,0.262046,0.213566,0.369958,0.461061,-2.873390,1.176463,-0.012955
172,1770206942048,1.913609,-115.9011,440.8563,-824.0339,0.702289,-0.144813,0.117207,0.687082,1.572279,-0.324207,0.262403,0.213566,0.369958,0.461061,-2.873390,1.176463,-0.012955
173,1770206942059,1.924720,-115.9064,440.9890,-823.8710,0.702320,-0.144672,0.117586,0.687015,1.572390,-0.323899,0.263257,0.213496,0.369785,0.461306,-2.873095,1.176547,-0.013685
174,1770206942070,1.935832,-115.9313,440.9304,-823.5580,0.702239,-0.144529,0.117727,0.687105,1.572153,-0.323567,0.263564,0.213471,0.369628,0.461526,-2.872854,1.176958,-0.014425
175,1770206942082,1.947025,-115.8790,441.0975,-823.4692,0.702426,-0.144342,0.118074,0.686893,1.572701,-0.323175,0.264363,0.213428,0.369462,0.461768,-2.872660,1.177167,-0.015146
176,1770206942093,1.958136,-115.7601,441.4990,-823.5003,0.702279,-0.144440,0.118015,0.687033,1.572286,-0.323377,0.264216,0.213428,0.369462,0.461768,-2.872660,1.177167,-0.015146
177,1770206942104,1.969247,-115.6072,441.7059,-823.5032,0.702448,-0.144483,0.118163,0.686825,1.572794,-0.323499,0.264569,0.213349,0.369265,0.462051,-2.872362,1.177292,-0.015929
178,1770206942115,1.980358,-115.6948,442.0109,-823.2682,0.702465,-0.144364,0.118280,0.686813,1.572838,-0.323234,0.264833,0.213299,0.369080,0.462321,-2.872086,1.177630,-0.016688
179,1770206942126,1.991470,-115.3467,442.1445,-823.2703,0.702477,-0.144250,0.118519,0.686783,1.572884,-0.322984,0.265370,0.213299,0.369080,0.462321,-2.872086,1.177630,-0.016688
180,1770206942137,2.002581,-115.4441,442.4508,-822.9743,0.702671,-0.144151,0.118803,0.686557,1.573457,-0.322790,0.266030,0.213186,0.368791,0.462762,-2.871617,1.177971,-0.017970
181,1770206942148,2.013692,-115.4466,442.5780,-823.1374,0.702820,-0.144001,0.118921,0.686415,1.573879,-0.322473,0.266308,0.213157,0.368701,0.462895,-2.871520,1.178099,-0.018365
182,1770206942159,2.024803,-115.6582,442.7774,-822.7518,0.702596,-0.144028,0.119098,0.686608,1.573259,-0.322509,0.266685,0.213093,0.368504,0.463190,-2.871261,1.178302,-0.019148
183,1770206942170,2.035915,-115.4633,443.1072,-822.8945,0.702736,-0.143959,0.119259,0.686451,1.573668,-0.322373,0.267063,0.213036,0.368397,0.463346,-2.871121,1.178330,-0.019695
184,1770206942182,2.047026,-115.4098,443.3186,-822.5764,0.702659,-0.144040,0.119380,0.686492,1.573470,-0.322551,0.267328,0.213015,0.368310,0.463484,-2.871039,1.178463,-0.020101
185,1770206942193,2.058137,-115.3421,443.5543,-822.5842,0.703081,-0.143811,0.119672,0.686057,1.574685,-0.322091,0.268027,0.212949,0.368082,0.463819,-2.870677,1.178787,-0.021039
186,1770206942204,2.069248,-115.2678,443.8297,-822.2835,0.702680,-0.143779,0.119760,0.686459,1.573538,-0.321970,0.268184,0.212870,0.367949,0.464015,-2.870436,1.178772,-0.021616
187,1770206942215,2.080360,-115.3213,443.7466,-821.9787,0.703037,-0.143749,0.120066,0.686046,1.574593,-0.321954,0.268911,0.212835,0.367828,0.464180,-2.870191,1.179079,-0.022136
188,1770206942226,2.091471,-115.5908,444.0710,-821.7523,0.703267,-0.143560,0.120031,0.685856,1.575224,-0.321555,0.268854,0.212735,0.367597,0.464537,-2.869898,1.179171,-0.023190
189,1770206942237,2.102582,-115.4953,444.2144,-821.6068,0.703362,-0.143424,0.120457,0.685713,1.575524,-0.321268,0.269823,0.212683,0.367482,0.464713,-2.869709,1.179382,-0.023722
190,1770206942248,2.113694,-115.5052,444.6522,-821.5421,0.703565,-0.143158,0.120651,0.685526,1.576093,-0.320695,0.270276,0.212599,0.367274,0.465046,-2.869485,1.179605,-0.024762
191,1770206942259,2.124805,-115.4173,444.8855,-821.3891,0.703653,-0.143112,0.120934,0.685396,1.576371,-0.320610,0.270925,0.212513,0.367135,0.465260,-2.869186,1.179770,-0.025328
192,1770206942270,2.135916,-115.4038,445.1126,-821.2822,0.703559,-0.143033,0.121080,0.685483,1.576107,-0.320422,0.271243,0.212467,0.366991,0.465464,-2.868935,1.179894,-0.025920
193,1770206942282,2.147027,-115.3161,445.3374,-821.0460,0.703424,-0.143013,0.121327,0.685582,1.575744,-0.320364,0.271784,0.212338,0.366739,0.465847,-2.868537,1.180166,-0.027051
194,1770206942293,2.158139,-115.3799,445.7840,-820.7009,0.703595,-0.142922,0.121623,0.685372,1.576257,-0.320187,0.272471,0.212300,0.366601,0.466037,-2.868279,1.180450,-0.027647
195,1770206942304,2.169250,-115.2059,446.0821,-820.6192,0.703695,-0.142832,0.121842,0.685250,1.576555,-0.320000,0.272974,0.212211,0.366331,0.466441,-2.867882,1.180765,-0.028752
196,1770206942315,2.180361,-115.2791,446.2354,-820.2552,0.703946,-0.142725,0.122219,0.684947,1.577306,-0.319798,0.273852,0.212187,0.366225,0.466602,-2.867773,1.181092,-0.029289
197,1770206942326,2.191472,-115.5713,446.7417,-819.9099,0.703961,-0.142446,0.122509,0.684938,1.577344,-0.319175,0.274501,0.212100,0.366055,0.466842,-2.867497,1.181106,-0.029984
198,1770206942337,2.202583,-115.4206,447.0681,-819.7917,0.703856,-0.142536,0.122753,0.684984,1.577080,-0.319369,0.275045,0.212010,0.365764,0.467261,-2.867010,1.181626,-0.031213
199,1770206942348,2.213695,-115.8757,447.3093,-819.2783,0.703724,-0.142371,0.122976,0.685113,1.576705,-0.318984,0.275531,0.211948,0.365636,0.467470,-2.866887,1.181665,-0.031790
200,1770206942359,2.224806,-115.4583,447.6737,-819.6856,0.704197,-0.142356,0.123319,0.684568,1.578102,-0.319018,0.276358,0.211788,0.365329,0.467919,-2.866260,1.181988,-0.033126
201,1770206942370,2.235917,-115.4879,447.9521,-819.2542,0.704145,-0.142217,0.123439,0.684629,1.577949,-0.318700,0.276619,0.211747,0.365200,0.468121,-2.866195,1.182112,-0.033690
202,1770206942382,2.247028,-115.3790,448.2601,-819.0463,0.704329,-0.142122,0.123795,0.684396,1.578503,-0.318515,0.277443,0.211675,0.365065,0.468327,-2.865940,1.182318,-0.034382
203,1770206942393,2.258139,-115.5474,448.5146,-818.4022,0.704727,-0.141787,0.124221,0.683978,1.579653,-0.317817,0.278443,0.211616,0.364787,0.468739,-2.865656,1.182765,-0.035534
204,1770206942404,2.269250,-115.4833,448.8449,-818.0510,0.704863,-0.141620,0.124632,0.683797,1.580072,-0.317466,0.279383,0.211518,0.364611,0.468989,-2.865309,1.182955,-0.036326
205,1770206942415,2.280362,-115.3840,449.1105,-817.9692,0.704762,-0.141504,0.124870,0.683883,1.579791,-0.317196,0.279908,0.211469,0.364446,0.469216,-2.865107,1.183123,-0.036962
206,1770206942426,2.291473,-115.3732,449.4421,-817.5683,0.704245,-0.141633,0.124954,0.684372,1.578331,-0.317423,0.280042,0.211293,0.364124,0.469700,-2.864538,1.183433,-0.038390
207,1770206942437,2.302584,-115.5507,449.8786,-817.4359,0.704247,-0.141457,0.125191,0.684364,1.578339,-0.317031,0.280575,0.211223,0.363980,0.469935,-2.864413,1.183475,-0.039070
208,1770206942448,2.313695,-115.6647,450.1728,-817.2571,0.704310,-0.141396,0.125357,0.684281,1.578533,-0.316902,0.280956,0.211081,0.363652,0.470411,-2.863938,1.183867,-0.040506
209,1770206942459,2.324807,-115.6058,450.5399,-816.9290,0.704610,-0.141251,0.125688,0.683941,1.579415,-0.316621,0.281736,0.211005,0.363484,0.470664,-2.863683,1.184098,-0.041297
210,1770206942470,2.335918,-115.2945,450.8029,-816.9017,0.704760,-0.141114,0.125983,0.683761,1.579862,-0.316335,0.282417,0.210921,0.363307,0.470921,-2.863381,1.184227,-0.042061
211,1770206942482,2.347029,-115.1232,451.1757,-816.6646,0.704916,-0.140918,0.126465,0.683552,1.580341,-0.315921,0.283520,0.210783,0.362938,0.471441,-2.862795,1.184697,-0.043568
212,1770206942493,2.358140,-115.3616,451.4670,-816.0491,0.705543,-0.140543,0.126873,0.682906,1.582147,-0.315161,0.284506,0.210704,0.362766,0.471695,-2.862544,1.184909,-0.044341
213,1770206942504,2.369251,-115.2561,451.8381,-815.6635,0.705707,-0.140377,0.127339,0.682684,1.582651,-0.314816,0.285576,0.210539,0.362415,0.472213,-2.862023,1.185225,-0.045806
214,1770206942515,2.380363,-115.6367,452.2422,-815.7764,0.705210,-0.140203,0.127493,0.683204,1.581215,-0.314362,0.285864,0.210466,0.362235,0.472464,-2.861784,1.185341,-0.046538
215,1770206942526,2.391474,-115.6996,452.4415,-814.7423,0.704949,-0.140237,0.127948,0.683381,1.580522,-0.314417,0.286864,0.210394,0.362032,0.472754,-2.861388,1.185716,-0.047378
216,1770206942537,2.402585,-115.6315,453.0705,-814.7427,0.704976,-0.140146,0.128083,0.683347,1.580603,-0.314216,0.287170,0.210218,0.361627,0.473317,-2.860741,1.186146,-0.049114
217,1770206942548,2.413696,-115.7398,453.5788,-814.3836,0.705190,-0.140008,0.128346,0.683105,1.581232,-0.313937,0.287788,0.210137,0.361431,0.473594,-2.860476,1.186294,-0.049896
218,1770206942559,2.424807,-115.5611,454.1136,-814.4199,0.705576,-0.139767,0.128780,0.682673,1.582366,-0.313449,0.288809,0.209998,0.361071,0.474117,-2.859977,1.186825,-0.051457
219,1770206942570,2.435918,-115.4779,454.5062,-814.1135,0.705601,-0.139570,0.129082,0.682631,1.582448,-0.313013,0.289492,0.209919,0.360904,0.474388,-2.859825,1.186961,-0.052173
220,1770206942582,2.447030,-115.3348,454.9282,-813.8986,0.706027,-0.139435,0.129400,0.682158,1.583697,-0.312767,0.290259,0.209804,0.360694,0.474669,-2.859373,1.187113,-0.053039
221,1770206942593,2.458141,-115.4000,454.8344,-814.0507,0.706367,-0.138902,0.129866,0.681826,1.584665,-0.311614,0.291342,0.209683,0.360347,0.475170,-2.858925,1.187726,-0.054551
222,1770206942604,2.469252,-115.8774,455.2407,-813.3250,0.706177,-0.139123,0.130008,0.681951,1.584160,-0.312094,0.291645,0.209591,0.360168,0.475429,-2.858641,1.187867,-0.055403
223,1770206942615,2.480363,-115.3908,455.5063,-813.3492,0.706432,-0.138801,0.130614,0.681637,1.584928,-0.311410,0.293041,0.209529,0.359979,0.475682,-2.858347,1.188145,-0.056168
224,1770206942626,2.491475,-115.7298,455.9412,-812.9471,0.706100,-0.138713,0.130641,0.681993,1.583962,-0.311168,0.293061,0.209381,0.359621,0.476186,-2.857788,1.188592,-0.057745
225,1770206942637,2.502586,-115.8646,456.3253,-812.5012,0.706052,-0.138735,0.130803,0.682007,1.583846,-0.311216,0.293423,0.209328,0.359476,0.476416,-2.857593,1.188909,-0.058316
226,1770206942648,2.513697,-116.0393,456.6251,-812.1292,0.706496,-0.138527,0.130978,0.681556,1.585121,-0.310805,0.293867,0.209145,0.359120,0.476915,-2.857065,1.189129,-0.059871
227,1770206942659,2.524808,-116.0350,457.0611,-812.1346,0.706235,-0.138530,0.131210,0.681781,1.584398,-0.310783,0.294361,0.209061,0.358953,0.477165,-2.856772,1.189406,-0.060589
228,1770206942670,2.535920,-115.7187,457.3731,-812.2208,0.706945,-0.138211,0.131681,0.681019,1.586464,-0.310160,0.295508,0.208976,0.358785,0.477403,-2.856565,1.189481,-0.061372
229,1770206942682,2.547031,-115.6418,457.6288,-811.8419,0.706892,-0.138074,0.131933,0.681053,1.586324,-0.309849,0.296067,0.208846,0.358444,0.477872,-2.855988,1.189940,-0.062796
230,1770206942693,2.558142,-115.8180,457.9663,-811.4976,0.707003,-0.137996,0.132360,0.680871,1.586686,-0.309696,0.297047,0.208759,0.358267,0.478110,-2.855635,1.190172,-0.063481
231,1770206942704,2.569254,-115.7815,458.0894,-811.2848,0.707247,-0.137726,0.132681,0.680609,1.587397,-0.309122,0.297800,0.208624,0.357952,0.478558,-2.855218,1.190476,-0.064807
232,1770206942715,2.580365,-115.9790,458.5571,-811.0372,0.707187,-0.137595,0.132922,0.680651,1.587235,-0.308823,0.298335,0.208557,0.357798,0.478771,-2.854985,1.190739,-0.065517
233,1770206942726,2.591476,-115.9312,458.8824,-810.7648,0.707191,-0.137520,0.133072,0.680633,1.587255,-0.308658,0.298673,0.208488,0.357663,0.478985,-2.854867,1.190767,-0.066096
234,1770206942737,2.602587,-115.8237,459.1917,-810.4448,0.707332,-0.137400,0.133368,0.680453,1.587684,-0.308409,0.299359,0.208288,0.357345,0.479443,-2.854268,1.191078,-0.067578
235,1770206942748,2.613699,-115.8835,459.4771,-810.2101,0.706872,-0.137492,0.133346,0.680916,1.586363,-0.308560,0.299255,0.208241,0.357207,0.479651,-2.854126,1.191177,-0.068177
236,1770206942759,2.624810,-115.6474,459.7825,-810.0522,0.707575,-0.137172,0.133862,0.680149,1.588420,-0.307934,0.300504,0.208116,0.356898,0.480053,-2.853633,1.191568,-0.069403
237,1770206942770,2.635923,-115.9181,459.8132,-809.7333,0.707108,-0.137291,0.134047,0.680574,1.587107,-0.308150,0.300868,0.208072,0.356757,0.480246,-2.853416,1.191814,-0.069946
238,1770206942782,2.647034,-115.7228,460.0532,-809.5646,0.707821,-0.136854,0.134600,0.679811,1.589183,-0.307262,0.302202,0.208001,0.356610,0.480440,-2.853139,1.191979,-0.070604
239,1770206942793,2.658146,-115.7405,460.2473,-809.2189,0.707277,-0.136881,0.134573,0.680378,1.587607,-0.307253,0.302072,0.207890,0.356363,0.480805,-2.852876,1.192265,-0.071799
240,1770206942804,2.669257,-115.5962,460.6795,-809.1589,0.707042,-0.136929,0.134704,0.680585,1.586952,-0.307336,0.302342,0.207817,0.356252,0.480990,-2.852783,1.192342,-0.072286
241,1770206942815,2.680368,-115.3766,460.9722,-808.9229,0.707257,-0.136842,0.134902,0.680340,1.587587,-0.307171,0.302816,0.207756,0.356104,0.481188,-2.852514,1.192427,-0.072860
242,1770206942826,2.691480,-115.5724,461.4208,-808.9662,0.707450,-0.136734,0.135092,0.680124,1.588154,-0.306953,0.303268,0.207623,0.355820,0.481566,-2.852043,1.192808,-0.074051
243,1770206942837,2.702591,-115.3247,461.6642,-808.7831,0.707675,-0.136630,0.135399,0.679850,1.588830,-0.306752,0.303990,0.207578,0.355694,0.481746,-2.851853,1.192966,-0.074559
244,1770206942848,2.713702,-115.4675,461.7383,-808.1318,0.707894,-0.136224,0.135642,0.679655,1.589443,-0.305865,0.304560,0.207480,0.355453,0.482086,-2.851537,1.193328,-0.075624
245,1770206942859,2.724813,-115.7365,462.0018,-807.6924,0.707800,-0.136134,0.135931,0.679713,1.589196,-0.305655,0.305201,0.207410,0.355329,0.482250,-2.851351,1.193508,-0.076180
246,1770206942870,2.735924,-115.8060,461.8441,-807.6571,0.707235,-0.136097,0.136031,0.680288,1.587569,-0.305503,0.305357,0.207344,0.355203,0.482435,-2.851101,1.193680,-0.076696
247,1770206942882,2.747036,-116.0577,462.0977,-807.3658,0.707247,-0.136002,0.136156,0.680269,1.587608,-0.305294,0.305639,0.207222,0.354958,0.482780,-2.850758,1.193873,-0.077819
248,1770206942893,2.758147,-115.8299,462.3229,-807.2187,0.707424,-0.135869,0.136486,0.680046,1.588145,-0.305021,0.306407,0.207153,0.354826,0.482959,-2.850485,1.194057,-0.078324
249,1770206942904,2.769258,-115.8772,462.4963,-806.5748,0.707424,-0.135676,0.136660,0.680050,1.588142,-0.304588,0.306797,0.207045,0.354612,0.483268,-2.850225,1.194217,-0.079243
250,1770206942915,2.780370,-115.6940,462.6540,-806.2639,0.707560,-0.135564,0.136958,0.679870,1.588560,-0.304359,0.307487,0.206988,0.354485,0.483431,-2.849958,1.194484,-0.079785
251,1770206942926,2.791481,-115.7531,463.4694,-807.2068,0.707834,-0.135173,0.137193,0.679616,1.589332,-0.303510,0.308045,0.206952,0.354391,0.483573,-2.849898,1.194593,-0.080186
252,1770206942937,2.802592,-115.5822,463.6995,-806.9938,0.707468,-0.135357,0.137265,0.679946,1.588305,-0.303885,0.308168,0.206827,0.354167,0.483878,-2.849553,1.194800,-0.081120
253,1770206942948,2.813704,-115.9493,463.8851,-806.7161,0.707367,-0.135254,0.137486,0.680027,1.588027,-0.303644,0.308655,0.206785,0.354063,0.484031,-2.849400,1.194913,-0.081596
254,1770206942959,2.824815,-115.8276,464.0903,-806.4743,0.708074,-0.134823,0.138022,0.679267,1.590090,-0.302766,0.309950,0.206686,0.353844,0.484325,-2.849007,1.195259,-0.082462
255,1770206942970,2.835926,-115.8910,464.2694,-806.4485,0.708058,-0.134724,0.138007,0.679306,1.590030,-0.302538,0.309912,0.206640,0.353747,0.484462,-2.848844,1.195326,-0.082933
256,1770206942982,2.847037,-116.0529,464.3552,-806.4115,0.708038,-0.134658,0.138262,0.679288,1.589996,-0.302393,0.310487,0.206569,0.353638,0.484617,-2.848694,1.195318,-0.083395
257,1770206942993,2.858149,-116.1920,464.7354,-806.2281,0.707996,-0.134603,0.138391,0.679317,1.589884,-0.302265,0.310771,0.206460,0.353441,0.484886,-2.848308,1.195547,-0.084263
258,1770206943004,2.869260,-115.9734,464.9727,-806.1893,0.708090,-0.134586,0.138416,0.679218,1.590156,-0.302239,0.310840,0.206435,0.353360,0.485013,-2.848285,1.195690,-0.084594
259,1770206943015,2.880371,-115.7740,465.1568,-806.0423,0.708343,-0.134469,0.138756,0.678908,1.590917,-0.302013,0.311641,0.206371,0.353239,0.485154,-2.848025,1.195797,-0.085030
260,1770206943026,2.891482,-116.1922,465.3059,-805.2796,0.708318,-0.134376,0.138741,0.678956,1.590830,-0.301798,0.311602,0.206286,0.353078,0.485393,-2.847838,1.196004,-0.085726
261,1770206943037,2.902594,-116.3506,465.4700,-804.8101,0.707919,-0.134503,0.138874,0.679319,1.589709,-0.302041,0.311857,0.206257,0.352996,0.485519,-2.847715,1.196167,-0.086129
262,1770206943048,2.913705,-116.0427,465.3132,-805.4613,0.708010,-0.134333,0.139129,0.679206,1.589983,-0.301672,0.312444,0.206177,0.352825,0.485748,-2.847441,1.196336,-0.086807
263,1770206943059,2.924816,-115.8853,465.4472,-805.2845,0.708275,-0.134264,0.139246,0.678918,1.590758,-0.301553,0.312742,0.206148,0.352742,0.485844,-2.847333,1.196443,-0.087135
264,1770206943070,2.935927,-116.1881,465.7561,-805.2159,0.708141,-0.134370,0.139274,0.679031,1.590388,-0.301777,0.312789,0.206107,0.352676,0.485956,-2.847249,1.196560,-0.087461
265,1770206943082,2.947038,-116.0322,465.8788,-805.0414,0.708165,-0.134241,0.139358,0.679015,1.590452,-0.301489,0.312981,0.206047,0.352507,0.486162,-2.847017,1.196726,-0.088139
266,1770206943093,2.958150,-115.8461,465.6487,-804.9899,0.708388,-0.134318,0.139754,0.678685,1.591158,-0.301702,0.313911,0.206036,0.352456,0.486247,-2.846964,1.196913,-0.088370
267,1770206943104,2.969261,-115.7716,465.7084,-804.7190,0.708397,-0.134181,0.139897,0.678674,1.591184,-0.301395,0.314233,0.205939,0.352292,0.486464,-2.846640,1.197064,-0.089098
268,1770206943115,2.980372,-116.0381,465.8604,-804.6852,0.708316,-0.134258,0.139899,0.678743,1.590959,-0.301559,0.314230,0.205899,0.352217,0.486567,-2.846542,1.197113,-0.089371
269,1770206943126,2.991483,-115.7370,466.0623,-804.5822,0.708605,-0.134238,0.140106,0.678402,1.591822,-0.301554,0.314737,0.205854,0.352130,0.486665,-2.846307,1.197248,-0.089743
270,1770206943137,3.002595,-115.7618,466.1223,-804.5244,0.708589,-0.134104,0.140352,0.678395,1.591790,-0.301254,0.315291,0.205782,0.352007,0.486857,-2.846151,1.197322,-0.090250
271,1770206943148,3.013706,-116.1935,466.2878,-804.4250,0.708746,-0.134076,0.140404,0.678225,1.592249,-0.301211,0.315427,0.205743,0.351951,0.486936,-2.846120,1.197319,-0.090537
272,1770206943159,3.024817,-116.1420,466.3676,-804.4109,0.708749,-0.134121,0.140552,0.678183,1.592283,-0.301317,0.315765,0.205696,0.351860,0.487076,-2.846004,1.197465,-0.090938
273,1770206943170,3.035928,-116.3972,466.5713,-804.3987,0.708724,-0.134054,0.140758,0.678179,1.592229,-0.301167,0.316228,0.205675,0.351793,0.487148,-2.845837,1.197625,-0.091182
274,1770206943182,3.047040,-116.4151,466.6959,-804.4206,0.708800,-0.133962,0.140798,0.678110,1.592442,-0.300968,0.316328,0.205647,0.351770,0.487212,-2.845859,1.197641,-0.091388
275,1770206943193,3.058151,-116.4538,466.7748,-804.2525,0.708733,-0.133920,0.140904,0.678166,1.592258,-0.300868,0.316559,0.205589,0.351677,0.487340,-2.845806,1.197655,-0.091828
276,1770206943204,3.069262,-116.2625,466.9485,-804.2349,0.708795,-0.133930,0.141049,0.678069,1.592456,-0.300901,0.316896,0.205567,0.351630,0.487414,-2.845732,1.197730,-0.091976
277,1770206943215,3.080373,-116.4047,467.2612,-804.1475,0.708937,-0.134024,0.140751,0.677965,1.592840,-0.301125,0.316239,0.205524,0.351563,0.487496,-2.845545,1.197760,-0.092204
278,1770206943226,3.091485,-116.1668,467.1894,-804.0591,0.708956,-0.134029,0.140837,0.677926,1.592907,-0.301140,0.316437,0.205466,0.351468,0.487633,-2.845379,1.197786,-0.092605
279,1770206943237,3.102596,-116.2627,467.2970,-803.9587,0.708958,-0.133942,0.141097,0.677886,1.592939,-0.300951,0.317028,0.205448,0.351443,0.487675,-2.845349,1.197900,-0.092774
280,1770206943248,3.113707,-116.1807,467.3566,-803.7631,0.708992,-0.133969,0.141127,0.677839,1.593044,-0.301017,0.317100,0.205389,0.351347,0.487799,-2.845193,1.197927,-0.093110
281,1770206943259,3.124818,-116.2520,467.4728,-803.7448,0.708851,-0.133652,0.141426,0.677987,1.592633,-0.300286,0.317754,0.205384,0.351294,0.487862,-2.845068,1.198001,-0.093272
282,1770206943270,3.135930,-116.1732,467.2670,-803.6447,0.708653,-0.133441,0.141866,0.678143,1.592092,-0.299794,0.318722,0.205349,0.351260,0.487917,-2.845070,1.197991,-0.093518
283,1770206943282,3.147041,-116.4004,467.5143,-803.7039,0.708900,-0.133381,0.142027,0.677864,1.592820,-0.299693,0.319119,0.205328,0.351166,0.488021,-2.844825,1.198119,-0.093740
284,1770206943293,3.158152,-116.5302,467.6043,-803.1856,0.708985,-0.133735,0.141538,0.677807,1.593049,-0.300494,0.318028,0.205310,0.351151,0.488054,-2.844893,1.198149,-0.093773
285,1770206943304,3.169263,-116.1923,467.2186,-802.8441,0.708882,-0.133645,0.141641,0.677911,1.592752,-0.300281,0.318246,0.205311,0.351122,0.488099,-2.844875,1.198185,-0.093861
286,1770206943315,3.180375,-116.6715,467.7130,-803.1754,0.708908,-0.133683,0.141457,0.677915,1.592806,-0.300366,0.317832,0.205317,0.351093,0.488124,-2.844854,1.198300,-0.093950
287,1770206943326,3.191486,-116.5344,467.5796,-803.2763,0.709026,-0.133817,0.141380,0.677781,1.593155,-0.300683,0.317676,0.205297,0.351060,0.488161,-2.844744,1.198278,-0.094083
288,1770206943337,3.202598,-116.4506,467.7585,-803.3834,0.708731,-0.133611,0.141743,0.678055,1.592322,-0.300188,0.318458,0.205287,0.351018,0.488214,-2.844745,1.198385,-0.094242
289,1770206943348,3.213709,-116.3065,467.3910,-803.0902,0.709191,-0.133807,0.141508,0.677584,1.593649,-0.300684,0.317988,0.205278,0.351005,0.488232,-2.844659,1.198372,-0.094318
290,1770206943359,3.224820,-116.3180,467.5753,-803.2285,0.709232,-0.133830,0.141518,0.677534,1.593774,-0.300740,0.318018,0.205233,0.350953,0.488299,-2.844484,1.198327,-0.094534
291,1770206943370,3.235931,-116.3836,467.4206,-803.2576,0.709034,-0.133708,0.141851,0.677696,1.593227,-0.300447,0.318744,0.205250,0.350962,0.488287,-2.844570,1.198362,-0.094537
292,1770206943382,3.247042,-116.0635,467.3523,-803.2977,0.709113,-0.133872,0.141664,0.677620,1.593451,-0.300824,0.318334,0.205238,0.350957,0.488298,-2.844599,1.198296,-0.094598
293,1770206943393,3.258154,-116.1832,467.2701,-803.3451,0.709020,-0.133645,0.141880,0.677717,1.593181,-0.300303,0.318808,0.205240,0.350940,0.488316,-2.844570,1.198425,-0.094583
294,1770206943404,3.269265,-115.9844,467.1731,-803.2897,0.709254,-0.133747,0.141772,0.677474,1.593862,-0.300561,0.318595,0.205245,0.350932,0.488315,-2.844578,1.198346,-0.094542
295,1770206943415,3.280376,-116.3389,467.5656,-803.2889,0.709106,-0.133681,0.141947,0.677605,1.593446,-0.300398,0.318973,0.205249,0.350948,0.488314,-2.844616,1.198403,-0.094562
296,1770206943426,3.291487,-116.2985,467.5524,-803.3441,0.709106,-0.133742,0.141873,0.677609,1.593443,-0.300533,0.318805,0.205234,0.350932,0.488318,-2.844575,1.198346,-0.094582
297,1770206943437,3.302599,-116.3802,467.7739,-803.4140,0.709101,-0.133713,0.141882,0.677618,1.593426,-0.300467,0.318824,0.205244,0.350937,0.488323,-2.844603,1.198380,-0.094638
298,1770206943448,3.313710,-116.3200,467.8968,-803.4241,0.709152,-0.133671,0.141931,0.677563,1.593577,-0.300379,0.318941,0.205238,0.350927,0.488328,-2.844540,1.198393,-0.094631
299,1770206943459,3.324821,-116.2187,467.9952,-803.2750,0.709139,-0.133704,0.141842,0.677588,1.593531,-0.300451,0.318738,0.205236,0.350938,0.488316,-2.844568,1.198384,-0.094615
300,1770206943470,3.335932,-116.4449,467.9425,-803.3687,0.709175,-0.133551,0.141889,0.677571,1.593624,-0.300110,0.318846,0.205237,0.350914,0.488330,-2.844520,1.198385,-0.094647
301,1770206943482,3.347044,-116.3568,467.9393,-803.3243,0.709169,-0.133583,0.141921,0.677564,1.593614,-0.300182,0.318918,0.205223,0.350898,0.488336,-2.844529,1.198330,-0.094698
302,1770206943493,3.358155,-116.3101,467.9330,-803.3615,0.709200,-0.133486,0.141887,0.677558,1.593686,-0.299965,0.318842,0.205209,0.350897,0.488346,-2.844560,1.198267,-0.094817
303,1770206943504,3.369266,-116.2741,467.8318,-803.2386,0.709500,-0.133347,0.142073,0.677232,1.594565,-0.299690,0.319302,0.205199,0.350861,0.488359,-2.844464,1.198330,-0.094921
304,1770206943515,3.380377,-116.2987,468.0035,-803.4280,0.709615,-0.133288,0.142103,0.677118,1.594894,-0.299571,0.319384,0.205197,0.350857,0.488352,-2.844497,1.198304,-0.094950
305,1770206943526,3.391488,-116.3242,467.7918,-803.3270,0.709510,-0.133338,0.142089,0.677220,1.594596,-0.299671,0.319340,0.205170,0.350814,0.488384,-2.844333,1.198298,-0.095009
306,1770206943537,3.402600,-116.5711,467.9019,-803.1393,0.709395,-0.133401,0.142047,0.677337,1.594264,-0.299800,0.319231,0.205147,0.350790,0.488386,-2.844301,1.198286,-0.095073
307,1770206943548,3.413711,-116.5333,467.7631,-803.1318,0.709360,-0.133508,0.141998,0.677363,1.594170,-0.300038,0.319117,0.205154,0.350798,0.488386,-2.844342,1.198303,-0.095044
308,1770206943559,3.424822,-116.4816,467.8690,-803.2798,0.709621,-0.133360,0.142077,0.677102,1.594919,-0.299735,0.319326,0.205143,0.350800,0.488392,-2.844325,1.198256,-0.095064
309,1770206943570,3.435934,-116.3272,467.8102,-803.2382,0.709438,-0.133427,0.141993,0.677298,1.594385,-0.299863,0.319114,0.205159,0.350804,0.488370,-2.844311,1.198330,-0.095074
310,1770206943582,3.447045,-116.3868,467.8495,-803.2690,0.709394,-0.133431,0.142027,0.677336,1.594262,-0.299867,0.319185,0.205167,0.350803,0.488370,-2.844338,1.198341,-0.095037
311,1770206943593,3.458156,-116.6465,467.9738,-803.2227,0.709377,-0.133468,0.142083,0.677336,1.594223,-0.299950,0.319311,0.205178,0.350792,0.488369,-2.844297,1.198403,-0.095028
312,1770206943604,3.469267,-116.4922,467.9537,-803.1590,0.709300,-0.133507,0.142068,0.677411,1.594004,-0.300030,0.319268,0.205183,0.350789,0.488375,-2.844315,1.198412,-0.095057
313,1770206943615,3.480378,-116.4992,468.0358,-803.0225,0.709396,-0.133537,0.142068,0.677305,1.594285,-0.300109,0.319282,0.205181,0.350770,0.488374,-2.844213,1.198489,-0.095058
314,1770206943626,3.491490,-116.3724,467.9741,-803.0840,0.709461,-0.133471,0.142089,0.677246,1.594469,-0.299967,0.319336,0.205193,0.350789,0.488349,-2.844380,1.198336,-0.095022
315,1770206943637,3.502601,-116.3823,468.0330,-803.1326,0.709458,-0.133384,0.142080,0.677267,1.594449,-0.299770,0.319313,0.205194,0.350780,0.488340,-2.844335,1.198398,-0.095053
316,1770206943648,3.513712,-116.2242,468.0148,-803.0144,0.709329,-0.133435,0.142063,0.677396,1.594078,-0.299868,0.319259,0.205182,0.350767,0.488337,-2.844377,1.198315,-0.095032
317,1770206943659,3.524823,-116.3283,467.8974,-803.1760,0.709436,-0.133456,0.142085,0.677275,1.594395,-0.299930,0.319323,0.205185,0.350753,0.488337,-2.844333,1.198358,-0.095089
318,1770206943670,3.535935,-116.1582,467.8437,-803.1555,0.709311,-0.133528,0.142022,0.677406,1.594031,-0.300077,0.319166,0.205216,0.350753,0.488327,-2.844337,1.198418,-0.095036
319,1770206943682,3.547046,-116.3781,467.8463,-803.1342,0.709460,-0.133487,0.142125,0.677236,1.594473,-0.300004,0.319418,0.205216,0.350749,0.488310,-2.844365,1.198449,-0.095032
320,1770206943693,3.558157,-116.4259,467.8686,-803.2996,0.709382,-0.133344,0.142203,0.677329,1.594239,-0.299673,0.319582,0.205214,0.350732,0.488323,-2.844332,1.198376,-0.095054
321,1770206943704,3.569268,-116.2518,467.8682,-803.2757,0.709373,-0.133347,0.142228,0.677333,1.594216,-0.299679,0.319638,0.205205,0.350732,0.488320,-2.844372,1.198232,-0.095089
322,1770206943715,3.580379,-116.4376,467.9811,-803.2277,0.709421,-0.133327,0.142350,0.677261,1.594369,-0.299642,0.319921,0.205215,0.350735,0.488310,-2.844365,1.198309,-0.095073
323,1770206943726,3.591491,-116.3494,467.9453,-803.2094,0.709439,-0.133375,0.142376,0.677227,1.594431,-0.299754,0.319983,0.205216,0.350732,0.488321,-2.844362,1.198269,-0.095107
324,1770206943737,3.602602,-116.2919,467.9456,-803.1205,0.709451,-0.133398,0.142293,0.677228,1.594458,-0.299806,0.319796,0.205215,0.350707,0.488331,-2.844272,1.198291,-0.095117
325,1770206943748,3.613713,-116.2860,467.9201,-803.1927,0.709399,-0.133289,0.142349,0.677292,1.594301,-0.299553,0.319914,0.205218,0.350724,0.488323,-2.844331,1.198338,-0.095148
326,1770206943759,3.624824,-116.1178,467.9102,-803.1509,0.709402,-0.133289,0.142310,0.677297,1.594304,-0.299552,0.319826,0.205240,0.350719,0.488326,-2.844349,1.198282,-0.095077
327,1770206943770,3.635935,-116.3056,467.8875,-802.9840,0.709487,-0.133217,0.142394,0.677204,1.594553,-0.299402,0.320026,0.205253,0.350707,0.488322,-2.844322,1.198270,-0.095060
328,1770206943782,3.647047,-116.2171,467.9109,-803.1684,0.709417,-0.133258,0.142321,0.677285,1.594346,-0.299485,0.319853,0.205246,0.350700,0.488326,-2.844309,1.198306,-0.095119
329,1770206943793,3.658158,-116.3339,467.8125,-803.1512,0.709408,-0.133133,0.142421,0.677297,1.594318,-0.299201,0.320076,0.205249,0.350712,0.488321,-2.844358,1.198287,-0.095114
330,1770206943804,3.669269,-116.3566,467.8987,-803.0433,0.709407,-0.133156,0.142462,0.677286,1.594322,-0.299254,0.320169,0.205273,0.350698,0.488323,-2.844348,1.198322,-0.095077
331,1770206943815,3.680380,-116.3810,467.8538,-803.1241,0.709417,-0.133167,0.142497,0.677265,1.594359,-0.299283,0.320250,0.205273,0.350702,0.488316,-2.844348,1.198280,-0.095067
332,1770206943826,3.691491,-116.3995,467.9514,-803.1581,0.709425,-0.133151,0.142480,0.677265,1.594375,-0.299246,0.320212,0.205268,0.350686,0.488324,-2.844307,1.198245,-0.095123
333,1770206943837,3.702603,-116.2663,467.9600,-803.1401,0.709407,-0.133146,0.142434,0.677294,1.594316,-0.299231,0.320105,0.205273,0.350711,0.488305,-2.844409,1.198146,-0.095087
334,1770206943848,3.713714,-116.3275,467.9824,-803.2455,0.709389,-0.133093,0.142429,0.677324,1.594259,-0.299110,0.320091,0.205284,0.350710,0.488302,-2.844460,1.198127,-0.095086
335,1770206943859,3.724825,-116.3849,467.8242,-803.2018,0.709405,-0.133156,0.142409,0.677299,1.594308,-0.299254,0.320049,0.205290,0.350710,0.488303,-2.844473,1.198090,-0.095028
336,1770206943870,3.735936,-116.4672,467.8972,-803.1586,0.709428,-0.133188,0.142403,0.677270,1.594380,-0.299330,0.320040,0.205300,0.350715,0.488293,-2.844515,1.198088,-0.095026
337,1770206943882,3.747048,-116.3836,467.8757,-803.0745,0.709412,-0.133210,0.142377,0.677288,1.594332,-0.299377,0.319977,0.205266,0.350702,0.488309,-2.844424,1.198072,-0.095080
338,1770206943893,3.758159,-116.3464,467.8489,-803.0847,0.709403,-0.133243,0.142383,0.677289,1.594311,-0.299451,0.319992,0.205269,0.350701,0.488311,-2.844434,1.198055,-0.095038
339,1770206943904,3.769270,-116.2823,467.7426,-803.0578,0.709440,-0.133299,0.142399,0.677236,1.594427,-0.299582,0.320035,0.205300,0.350709,0.488294,-2.844496,1.198158,-0.094958
340,1770206943915,3.780381,-116.2516,467.7202,-803.0867,0.709374,-0.133331,0.142428,0.677293,1.594242,-0.299647,0.320093,0.205298,0.350709,0.488298,-2.844504,1.198122,-0.094983
341,1770206943926,3.791492,-116.0781,467.6877,-803.0442,0.709362,-0.133384,0.142435,0.677293,1.594217,-0.299767,0.320108,0.205291,0.350714,0.488297,-2.844531,1.198072,-0.094959
342,1770206943937,3.802603,-116.1590,467.6599,-803.1768,0.709337,-0.133380,0.142461,0.677315,1.594147,-0.299754,0.320164,0.205288,0.350689,0.488309,-2.844465,1.198106,-0.094972
343,1770206943948,3.813715,-116.3216,467.7347,-803.2964,0.709303,-0.133364,0.142507,0.677345,1.594051,-0.299716,0.320262,0.205306,0.350715,0.488280,-2.844595,1.198176,-0.094835
344,1770206943959,3.824826,-116.2404,467.6478,-803.2119,0.709357,-0.133363,0.142495,0.677290,1.594208,-0.299719,0.320243,0.205289,0.350709,0.488295,-2.844596,1.198138,-0.094883
345,1770206943970,3.835937,-116.3798,467.6896,-803.2629,0.709338,-0.133394,0.142548,0.677293,1.594163,-0.299788,0.320362,0.205284,0.350688,0.488300,-2.844557,1.198181,-0.094857
346,1770206943982,3.847048,-116.2855,467.6944,-803.1521,0.709196,-0.133447,0.142453,0.677452,1.593744,-0.299890,0.320129,0.205275,0.350681,0.488313,-2.844558,1.198162,-0.094881
347,1770206943993,3.858160,-116.3074,467.8756,-803.1411,0.709344,-0.133446,0.142540,0.677279,1.594184,-0.299907,0.320345,0.205255,0.350660,0.488325,-2.844517,1.198106,-0.094901
348,1770206944004,3.869271,-116.2584,467.8298,-802.9859,0.709317,-0.133497,0.142458,0.677314,1.594102,-0.300019,0.320157,0.205259,0.350664,0.488319,-2.844567,1.198046,-0.094888
349,1770206944015,3.880382,-116.0823,467.8366,-802.9416,0.709438,-0.133386,0.142557,0.677188,1.594454,-0.299783,0.320395,0.205259,0.350653,0.488321,-2.844538,1.198076,-0.094980
350,1770206944026,3.891493,-116.2911,468.1785,-802.8964,0.709379,-0.133452,0.142306,0.677289,1.594258,-0.299920,0.319819,0.205256,0.350646,0.488324,-2.844544,1.198038,-0.094947
351,1770206944037,3.902604,-116.3508,467.9926,-802.9429,0.709423,-0.133467,0.142393,0.677222,1.594398,-0.299961,0.320023,0.205247,0.350655,0.488325,-2.844554,1.198001,-0.094928
352,1770206944048,3.913716,-116.3402,468.1618,-802.9299,0.709435,-0.133443,0.142441,0.677204,1.594436,-0.299911,0.320133,0.205272,0.350634,0.488328,-2.844488,1.198135,-0.094938
353,1770206944059,3.924827,-116.3254,468.2353,-802.9034,0.709441,-0.133410,0.142229,0.677249,1.594421,-0.299830,0.319651,0.205267,0.350640,0.488320,-2.844533,1.198072,-0.094907
354,1770206944070,3.935938,-116.2069,468.2735,-802.8572,0.709376,-0.133339,0.142255,0.677326,1.594228,-0.299662,0.319698,0.205287,0.350649,0.488312,-2.844562,1.198144,-0.094913
355,1770206944082,3.947049,-116.1666,468.1770,-802.8702,0.709393,-0.133357,0.142272,0.677301,1.594282,-0.299704,0.319741,0.205266,0.350639,0.488321,-2.844530,1.198051,-0.094914
356,1770206944093,3.958161,-116.2213,468.0667,-802.9468,0.709381,-0.133435,0.142317,0.677288,1.594263,-0.299881,0.319843,0.205255,0.350633,0.488329,-2.844493,1.198077,-0.094969
357,1770206944104,3.969272,-116.0837,468.0729,-802.8945,0.709375,-0.133428,0.142298,0.677300,1.594242,-0.299864,0.319799,0.205271,0.350644,0.488322,-2.844568,1.198106,-0.094878
358,1770206944115,3.980383,-116.4386,467.9019,-803.1823,0.709321,-0.133389,0.142286,0.677367,1.594077,-0.299770,0.319763,0.205252,0.350614,0.488335,-2.844506,1.198062,-0.094948
359,1770206944126,3.991494,-116.5596,467.8971,-803.2357,0.709364,-0.133407,0.142395,0.677296,1.594219,-0.299818,0.320018,0.205235,0.350618,0.488332,-2.844530,1.198091,-0.094922
360,1770206944137,4.002605,-116.4698,467.8724,-803.2452,0.709305,-0.133451,0.142360,0.677356,1.594050,-0.299910,0.319931,0.205258,0.350616,0.488317,-2.844509,1.198183,-0.094934
361,1770206944148,4.013717,-116.5007,467.8766,-803.1875,0.709379,-0.133459,0.142375,0.677274,1.594268,-0.299936,0.319974,0.205253,0.350623,0.488306,-2.844507,1.198199,-0.094848
362,1770206944159,4.024828,-116.3986,467.8866,-803.1555,0.709328,-0.133477,0.142359,0.677327,1.594118,-0.299972,0.319934,0.205260,0.350620,0.488306,-2.844529,1.198170,-0.094885
363,1770206944170,4.035939,-116.2688,467.8620,-803.1471,0.709401,-0.133440,0.142401,0.677249,1.594332,-0.299897,0.320037,0.205252,0.350621,0.488294,-2.844499,1.198137,-0.094930
364,1770206944182,4.047050,-116.4343,467.8542,-803.2697,0.709423,-0.133440,0.142447,0.677217,1.594401,-0.299900,0.320145,0.205257,0.350620,0.488286,-2.844497,1.198194,-0.094856
365,1770206944193,4.058162,-116.3266,467.8429,-803.2567,0.709428,-0.133430,0.142458,0.677211,1.594417,-0.299879,0.320170,0.205267,0.350640,0.488265,-2.844534,1.198270,-0.094852
366,1770206944204,4.069273,-116.3220,467.7603,-803.2732,0.709427,-0.133530,0.142445,0.677195,1.594424,-0.300107,0.320142,0.205272,0.350628,0.488265,-2.844473,1.198302,-0.094780
367,1770206944215,4.080384,-116.3664,467.9590,-803.1716,0.709455,-0.133531,0.142534,0.677146,1.594518,-0.300115,0.320348,0.205276,0.350643,0.488249,-2.844507,1.198355,-0.094724
368,1770206944226,4.091495,-116.3601,467.9905,-803.0024,0.709471,-0.133527,0.142624,0.677111,1.594576,-0.300110,0.320555,0.205282,0.350631,0.488255,-2.844462,1.198417,-0.094756
369,1770206944237,4.102606,-116.3862,467.8435,-803.1484,0.709441,-0.133509,0.142622,0.677147,1.594485,-0.300064,0.320547,0.205269,0.350626,0.488259,-2.844381,1.198343,-0.094761
370,1770206944248,4.113717,-116.6498,468.0660,-803.0325,0.709464,-0.133502,0.142381,0.677175,1.594520,-0.300046,0.320002,0.205274,0.350635,0.488253,-2.844360,1.198415,-0.094794
371,1770206944259,4.124829,-116.5594,468.1103,-802.9874,0.709468,-0.133531,0.142367,0.677168,1.594533,-0.300111,0.319970,0.205274,0.350631,0.488260,-2.844330,1.198463,-0.094758
372,1770206944270,4.135940,-116.4342,468.1445,-802.9350,0.709415,-0.133562,0.142367,0.677218,1.594382,-0.300175,0.319965,0.205257,0.350623,0.488276,-2.844292,1.198449,-0.094803
373,1770206944282,4.147051,-116.4928,468.0319,-802.8632,0.709493,-0.133561,0.142458,0.677117,1.594621,-0.300186,0.320181,0.205295,0.350648,0.488244,-2.844365,1.198517,-0.094764
374,1770206944293,4.158162,-116.3978,467.9577,-802.9648,0.709505,-0.133547,0.142402,0.677119,1.594647,-0.300153,0.320056,0.205294,0.350636,0.488248,-2.844218,1.198557,-0.094800
375,1770206944304,4.169274,-116.3042,467.9419,-802.8755,0.709542,-0.133517,0.142406,0.677085,1.594752,-0.300091,0.320069,0.205264,0.350631,0.488263,-2.844215,1.198498,-0.094853
376,1770206944315,4.180385,-116.3552,467.7460,-802.8748,0.709518,-0.133486,0.142368,0.677124,1.594674,-0.300015,0.319978,0.205255,0.350619,0.488271,-2.844152,1.198392,-0.094879
377,1770206944326,4.191496,-116.3948,467.5995,-802.8113,0.709494,-0.133471,0.142376,0.677151,1.594601,-0.299980,0.319993,0.205269,0.350626,0.488262,-2.844170,1.198438,-0.094857
378,1770206944337,4.202608,-116.3680,467.9220,-802.9446,0.709491,-0.133431,0.142422,0.677152,1.594595,-0.299889,0.320096,0.205269,0.350626,0.488262,-2.844170,1.198438,-0.094857
379,1770206944348,4.213719,-116.2183,467.9268,-803.1453,0.709442,-0.133439,0.142457,0.677195,1.594457,-0.299901,0.320171,0.205264,0.350629,0.488257,-2.844153,1.198432,-0.094888
380,1770206944359,4.224830,-116.1249,468.0055,-803.0671,0.709431,-0.133441,0.142482,0.677200,1.594430,-0.299907,0.320225,0.205269,0.350638,0.488240,-2.844211,1.198395,-0.094842
381,1770206944371,4.236144,-115.9148,468.0450,-803.0079,0.709478,-0.133451,0.142493,0.677146,1.594571,-0.299934,0.320257,0.205267,0.350638,0.488236,-2.844185,1.198446,-0.094924
382,1770206944382,4.247255,-115.9589,468.0886,-802.8060,0.709496,-0.133433,0.142577,0.677114,1.594631,-0.299897,0.320448,0.205267,0.350638,0.488236,-2.844185,1.198446,-0.094924
383,1770206944393,4.258366,-115.7868,468.1181,-802.7459,0.709485,-0.133418,0.142599,0.677124,1.594599,-0.299863,0.320498,0.205279,0.350649,0.488221,-2.844217,1.198399,-0.094919
384,1770206944404,4.269477,-115.9555,468.0940,-802.7909,0.709518,-0.133388,0.142634,0.677088,1.594696,-0.299799,0.320581,0.205279,0.350650,0.488217,-2.844171,1.198420,-0.094939
385,1770206944415,4.280589,-116.0422,467.9889,-802.8079,0.709532,-0.133302,0.142694,0.677077,1.594735,-0.299608,0.320716,0.205279,0.350650,0.488217,-2.844171,1.198420,-0.094939
386,1770206944426,4.291700,-116.1800,468.2515,-802.8128,0.709574,-0.133291,0.142734,0.677027,1.594860,-0.299588,0.320812,0.205263,0.350640,0.488229,-2.844119,1.198383,-0.095100
387,1770206944437,4.302811,-116.2100,467.8354,-803.2015,0.709530,-0.133280,0.142672,0.677088,1.594724,-0.299557,0.320666,0.205256,0.350630,0.488244,-2.844058,1.198418,-0.095086
388,1770206944448,4.313922,-116.4693,467.7681,-803.2606,0.709479,-0.133353,0.142621,0.677138,1.594576,-0.299715,0.320544,0.205259,0.350645,0.488237,-2.844100,1.198436,-0.095115
389,1770206944460,4.325033,-116.4693,467.8568,-803.2364,0.709488,-0.133350,0.142647,0.677124,1.594605,-0.299710,0.320604,0.205259,0.350645,0.488237,-2.844100,1.198436,-0.095115
390,1770206944471,4.336145,-116.4845,467.7364,-803.0953,0.709534,-0.133339,0.142697,0.677067,1.594744,-0.299693,0.320724,0.205273,0.350639,0.488234,-2.844106,1.198460,-0.095170
391,1770206944482,4.347256,-116.4162,467.8166,-803.1505,0.709561,-0.133357,0.142622,0.677051,1.594816,-0.299734,0.320558,0.205243,0.350634,0.488249,-2.844114,1.198346,-0.095233
392,1770206944493,4.358404,-116.3257,467.7677,-803.0896,0.709538,-0.133373,0.142657,0.677065,1.594756,-0.299769,0.320635,0.205243,0.350634,0.488249,-2.844114,1.198346,-0.095233
393,1770206944504,4.369515,-116.2764,468.0245,-803.1251,0.709538,-0.133503,0.142637,0.677043,1.594769,-0.300063,0.320592,0.205264,0.350644,0.488231,-2.844156,1.198443,-0.095224
394,1770206944515,4.380627,-116.2961,467.8651,-803.2380,0.709520,-0.133383,0.142647,0.677084,1.594702,-0.299789,0.320609,0.205288,0.350643,0.488224,-2.844147,1.198601,-0.095272
395,1770206944526,4.391738,-116.6052,467.9654,-803.2455,0.709575,-0.133302,0.142626,0.677046,1.594851,-0.299611,0.320569,0.205287,0.350640,0.488229,-2.844144,1.198601,-0.095314
396,1770206944537,4.402849,-116.5131,467.9271,-803.1426,0.709542,-0.133215,0.142732,0.677076,1.594758,-0.299411,0.320803,0.205259,0.350639,0.488231,-2.844157,1.198428,-0.095410
397,1770206944548,4.413960,-116.7135,467.9689,-803.2809,0.709586,-0.133270,0.142638,0.677039,1.594879,-0.299541,0.320595,0.205266,0.350650,0.488220,-2.844153,1.198547,-0.095419
398,1770206944560,4.425072,-116.6797,468.0341,-803.2514,0.709527,-0.133227,0.142637,0.677109,1.594703,-0.299436,0.320584,0.205281,0.350666,0.488204,-2.844263,1.198534,-0.095440
399,1770206944571,4.436183,-116.5200,467.8701,-803.1176,0.709497,-0.133173,0.142656,0.677148,1.594611,-0.299310,0.320622,0.205259,0.350655,0.488214,-2.844200,1.198469,-0.095472
400,1770206944582,4.447294,-116.4150,467.8420,-803.0538,0.709505,-0.133193,0.142678,0.677130,1.594641,-0.299357,0.320673,0.205271,0.350658,0.488203,-2.844232,1.198562,-0.095471
401,1770206944593,4.458405,-116.4412,467.7622,-802.9744,0.709512,-0.133168,0.142640,0.677136,1.594652,-0.299299,0.320588,0.205234,0.350631,0.488215,-2.844134,1.198465,-0.095633
402,1770206944604,4.469517,-116.4365,467.7787,-803.0555,0.709464,-0.133156,0.142544,0.677209,1.594499,-0.299263,0.320363,0.205248,0.350629,0.488218,-2.844198,1.198390,-0.095599
403,1770206944615,4.480628,-116.3571,467.7304,-803.0499,0.709457,-0.133169,0.142494,0.677224,1.594474,-0.299292,0.320249,0.205255,0.350629,0.488195,-2.844245,1.198430,-0.095623
404,1770206944626,4.491739,-116.2822,467.7583,-803.0585,0.709566,-0.133115,0.142527,0.677114,1.594787,-0.299183,0.320337,0.205237,0.350623,0.488198,-2.844231,1.198364,-0.095627
405,1770206944637,4.502851,-116.3612,467.8267,-803.0132,0.709551,-0.133121,0.142566,0.677120,1.594750,-0.299195,0.320424,0.205252,0.350616,0.488194,-2.844225,1.198463,-0.095648
406,1770206944648,4.513962,-116.5462,467.7585,-803.1348,0.709458,-0.133119,0.142565,0.677218,1.594480,-0.299180,0.320408,0.205249,0.350601,0.488188,-2.844176,1.198461,-0.095619
407,1770206944660,4.525073,-116.5345,467.8537,-803.0688,0.709456,-0.133108,0.142582,0.677218,1.594475,-0.299156,0.320447,0.205241,0.350593,0.488193,-2.844187,1.198406,-0.095628
408,1770206944671,4.536184,-116.5630,467.5961,-803.1769,0.709389,-0.133100,0.142638,0.677279,1.594286,-0.299131,0.320566,0.205244,0.350619,0.488179,-2.844282,1.198466,-0.095653
409,1770206944682,4.547296,-116.5784,467.6102,-803.1680,0.709369,-0.133069,0.142692,0.677294,1.594233,-0.299059,0.320685,0.205249,0.350615,0.488182,-2.844285,1.198447,-0.095638
410,1770206944693,4.558407,-116.4940,467.5907,-803.1763,0.709390,-0.133054,0.142689,0.677276,1.594290,-0.299027,0.320680,0.205237,0.350611,0.488184,-2.844240,1.198409,-0.095673
411,1770206944704,4.569518,-116.4585,467.5695,-803.1115,0.709398,-0.133042,0.142684,0.677271,1.594312,-0.299001,0.320671,0.205248,0.350601,0.488188,-2.844237,1.198448,-0.095668
412,1770206944715,4.580629,-116.3455,467.5475,-803.0859,0.709382,-0.133067,0.142647,0.677290,1.594263,-0.299054,0.320585,0.205261,0.350626,0.488172,-2.844331,1.198425,-0.095617
413,1770206944726,4.591740,-116.1885,467.6330,-803.0428,0.709391,-0.133090,0.142649,0.677277,1.594291,-0.299108,0.320590,0.205252,0.350627,0.488168,-2.844349,1.198393,-0.095634
414,1770206944737,4.602851,-116.5448,467.8048,-802.9478,0.709357,-0.133029,0.142467,0.677362,1.594162,-0.298961,0.320171,0.205266,0.350629,0.488168,-2.844351,1.198436,-0.095705
415,1770206944748,4.613963,-116.3378,467.6889,-803.0921,0.709321,-0.133073,0.142506,0.677382,1.594070,-0.299057,0.320256,0.205265,0.350627,0.488175,-2.844380,1.198368,-0.095707
416,1770206944760,4.625074,-116.3619,467.7060,-803.1766,0.709343,-0.133056,0.142507,0.677364,1.594129,-0.299021,0.320260,0.205269,0.350638,0.488179,-2.844385,1.198410,-0.095691
417,1770206944771,4.636185,-116.4584,467.6210,-803.1496,0.709288,-0.133076,0.142543,0.677408,1.593979,-0.299061,0.320337,0.205271,0.350634,0.488172,-2.844438,1.198310,-0.095628
418,1770206944782,4.647296,-116.3362,467.5999,-803.1236,0.709274,-0.133074,0.142542,0.677425,1.593936,-0.299053,0.320331,0.205279,0.350644,0.488165,-2.844432,1.198410,-0.095705
419,1770206944793,4.658407,-116.2981,467.6576,-802.9469,0.709320,-0.133053,0.142602,0.677368,1.594074,-0.299013,0.320474,0.205282,0.350641,0.488168,-2.844424,1.198365,-0.095662
420,1770206944804,4.669519,-116.1575,467.6372,-802.8966,0.709285,-0.133033,0.142593,0.677410,1.593970,-0.298965,0.320448,0.205288,0.350632,0.488174,-2.844415,1.198383,-0.095706
421,1770206944815,4.680630,-116.3270,467.5238,-803.1324,0.709298,-0.133090,0.142689,0.677365,1.594028,-0.299096,0.320670,0.205276,0.350652,0.488170,-2.844461,1.198363,-0.095740
422,1770206944826,4.691741,-116.1903,467.5172,-803.1063,0.709284,-0.133083,0.142725,0.677373,1.593992,-0.299081,0.320749,0.205276,0.350660,0.488171,-2.844501,1.198358,-0.095675
423,1770206944837,4.702853,-116.2387,467.6384,-802.9586,0.709338,-0.133167,0.142779,0.677289,1.594165,-0.299279,0.320880,0.205273,0.350651,0.488173,-2.844472,1.198348,-0.095757
424,1770206944848,4.713964,-116.2686,467.6918,-803.0230,0.709313,-0.133177,0.142752,0.677319,1.594090,-0.299298,0.320817,0.205287,0.350643,0.488180,-2.844474,1.198387,-0.095669
425,1770206944860,4.725075,-116.1458,467.6953,-802.9690,0.709335,-0.133171,0.142761,0.677295,1.594155,-0.299287,0.320840,0.205269,0.350631,0.488201,-2.844405,1.198401,-0.095745
426,1770206944871,4.736191,-116.0015,467.6878,-802.9351,0.709299,-0.133159,0.142778,0.677332,1.594051,-0.299256,0.320874,0.205267,0.350650,0.488195,-2.844478,1.198351,-0.095732
427,1770206944882,4.747302,-116.2142,467.7980,-803.0220,0.709252,-0.133161,0.142771,0.677381,1.593915,-0.299256,0.320852,0.205298,0.350680,0.488180,-2.844597,1.198376,-0.095595
428,1770206944893,4.758413,-116.4123,467.8262,-803.0502,0.709371,-0.133114,0.142865,0.677247,1.594267,-0.299165,0.321080,0.205283,0.350646,0.488201,-2.844452,1.198379,-0.095682
429,1770206944904,4.769525,-116.3265,467.8247,-802.9899,0.709267,-0.133121,0.142826,0.677363,1.593959,-0.299166,0.320978,0.205284,0.350664,0.488197,-2.844515,1.198365,-0.095687
430,1770206944915,4.780636,-116.3951,467.7297,-802.9576,0.709218,-0.133214,0.142859,0.677389,1.593833,-0.299372,0.321048,0.205288,0.350670,0.488192,-2.844537,1.198432,-0.095614
431,1770206944926,4.791747,-116.4333,467.7170,-802.9974,0.709290,-0.133147,0.142930,0.677311,1.594045,-0.299232,0.321217,0.205293,0.350658,0.488197,-2.844522,1.198368,-0.095665
432,1770206944937,4.802858,-116.3409,467.7249,-802.9639,0.709376,-0.133192,0.142899,0.677219,1.594294,-0.299343,0.321160,0.205305,0.350661,0.488192,-2.844521,1.198446,-0.095625
433,1770206944948,4.813970,-116.2586,467.7070,-802.9200,0.709342,-0.133166,0.142903,0.677260,1.594192,-0.299279,0.321164,0.205288,0.350651,0.488197,-2.844465,1.198464,-0.095652
434,1770206944960,4.825081,-116.2663,467.6641,-803.0305,0.709324,-0.133191,0.142873,0.677280,1.594139,-0.299335,0.321093,0.205268,0.350662,0.488188,-2.844524,1.198307,-0.095634
435,1770206944971,4.836192,-116.4269,467.5610,-803.2154,0.709213,-0.133195,0.142917,0.677386,1.593823,-0.299330,0.321179,0.205260,0.350665,0.488194,-2.844508,1.198360,-0.095606
436,1770206944982,4.847303,-116.3185,467.5201,-803.2125,0.709309,-0.133212,0.142902,0.677285,1.594103,-0.299381,0.321159,0.205253,0.350641,0.488213,-2.844420,1.198326,-0.095691
437,1770206944993,4.858414,-116.2102,467.4482,-803.2296,0.709253,-0.133160,0.142929,0.677348,1.593936,-0.299257,0.321210,0.205272,0.350662,0.488187,-2.844508,1.198379,-0.095583
438,1770206945004,4.869526,-116.2687,467.5277,-803.1312,0.709295,-0.133182,0.142949,0.677295,1.594066,-0.299312,0.321263,0.205268,0.350670,0.488193,-2.844543,1.198353,-0.095568
439,1770206945015,4.880637,-116.5635,467.6711,-803.2113,0.709274,-0.133199,0.142864,0.677332,1.593995,-0.299347,0.321067,0.205275,0.350669,0.488183,-2.844533,1.198368,-0.095551
440,1770206945026,4.891748,-116.4910,467.6288,-803.1988,0.709295,-0.133239,0.142864,0.677302,1.594059,-0.299440,0.321070,0.205266,0.350661,0.488191,-2.844516,1.198322,-0.095574
441,1770206945037,4.902859,-116.3971,467.5905,-803.1755,0.709310,-0.133234,0.142842,0.677292,1.594100,-0.299430,0.321022,0.205266,0.350654,0.488190,-2.844490,1.198349,-0.095521
442,1770206945048,4.913970,-116.2665,467.5615,-803.1622,0.709214,-0.133255,0.142798,0.677398,1.593819,-0.299464,0.320911,0.205268,0.350661,0.488180,-2.844567,1.198300,-0.095469
443,1770206945060,4.925082,-116.3583,467.6224,-803.0762,0.709306,-0.133242,0.142791,0.677306,1.594082,-0.299445,0.320907,0.205277,0.350663,0.488182,-2.844548,1.198370,-0.095402
444,1770206945071,4.936193,-116.2544,467.6268,-803.0359,0.709305,-0.133267,0.142786,0.677302,1.594083,-0.299503,0.320895,0.205279,0.350658,0.488178,-2.844545,1.198410,-0.095454
445,1770206945082,4.947304,-116.1509,467.8142,-802.9975,0.709290,-0.133256,0.142801,0.677318,1.594038,-0.299477,0.320927,0.205280,0.350644,0.488192,-2.844525,1.198362,-0.095461
446,1770206945093,4.958415,-115.9759,467.8311,-802.9594,0.709284,-0.133266,0.142808,0.677320,1.594023,-0.299498,0.320942,0.205284,0.350663,0.488171,-2.844605,1.198354,-0.095435
447,1770206945104,4.969526,-116.1361,467.8370,-803.1342,0.709267,-0.133235,0.142864,0.677332,1.593979,-0.299427,0.321067,0.205280,0.350657,0.488180,-2.844540,1.198406,-0.095378
448,1770206945115,4.980638,-115.9982,467.8542,-803.1058,0.709264,-0.133215,0.142847,0.677343,1.593965,-0.299381,0.321028,0.205293,0.350659,0.488171,-2.844544,1.198408,-0.095397
449,1770206945126,4.991749,-116.0333,467.6818,-803.1028,0.709286,-0.133229,0.142824,0.677321,1.594029,-0.299416,0.320978,0.205281,0.350644,0.488191,-2.844488,1.198405,-0.095391
450,1770206945137,5.002860,-116.2589,467.7737,-803.1694,0.709265,-0.133201,0.142843,0.677345,1.593967,-0.299350,0.321017,0.205271,0.350638,0.488196,-2.844425,1.198399,-0.095408
451,1770206945148,5.013971,-116.5422,467.8121,-803.2155,0.709277,-0.133267,0.142810,0.677326,1.594005,-0.299500,0.320947,0.205283,0.350643,0.488188,-2.844474,1.198399,-0.095381
452,1770206945160,5.025082,-116.4215,467.7788,-803.1683,0.709277,-0.133199,0.142797,0.677343,1.593994,-0.299345,0.320916,0.205298,0.350656,0.488176,-2.844551,1.198349,-0.095330
453,1770206945171,5.036193,-116.3086,467.7839,-803.1326,0.709323,-0.133269,0.142738,0.677293,1.594129,-0.299509,0.320788,0.205314,0.350649,0.488177,-2.844499,1.198469,-0.095372
454,1770206945182,5.047304,-116.4919,467.8993,-803.1920,0.709349,-0.133303,0.142748,0.677258,1.594209,-0.299588,0.320816,0.205312,0.350639,0.488174,-2.844448,1.198486,-0.095317
455,1770206945193,5.058416,-116.4570,467.7950,-803.1918,0.709370,-0.133280,0.142714,0.677247,1.594263,-0.299539,0.320741,0.205331,0.350646,0.488167,-2.844487,1.198522,-0.095307
456,1770206945204,5.069527,-116.3602,467.7441,-803.1310,0.709352,-0.133265,0.142743,0.677263,1.594212,-0.299502,0.320803,0.205333,0.350618,0.488183,-2.844412,1.198573,-0.095363
457,1770206945215,5.080638,-116.1974,467.7080,-803.0873,0.709314,-0.133306,0.142769,0.677289,1.594110,-0.299591,0.320858,0.205394,0.350599,0.488173,-2.844362,1.198748,-0.095236
458,1770206945226,5.091749,-116.4212,467.7012,-803.0688,0.709323,-0.133304,0.142861,0.677260,1.594150,-0.299591,0.321069,0.205420,0.350572,0.488182,-2.844289,1.198821,-0.095330
459,1770206945237,5.102861,-116.3434,467.6783,-803.0626,0.709409,-0.133516,0.142665,0.677170,1.594398,-0.300078,0.320641,0.205419,0.350571,0.488185,-2.844292,1.198842,-0.095323
460,1770206945248,5.113972,-116.1872,467.6482,-803.0146,0.709361,-0.133392,0.142882,0.677199,1.594273,-0.299796,0.321124,0.205478,0.350537,0.488186,-2.844172,1.199053,-0.095352
461,1770206945260,5.125083,-116.0974,467.8122,-803.0398,0.709256,-0.133373,0.142926,0.677303,1.593973,-0.299742,0.321210,0.205491,0.350506,0.488198,-2.844103,1.199084,-0.095351
462,1770206945271,5.136194,-115.9403,467.8080,-803.0158,0.709268,-0.133508,0.142826,0.677285,1.594011,-0.300047,0.320987,0.205516,0.350512,0.488187,-2.844150,1.199165,-0.095386
463,1770206945282,5.147306,-116.3455,468.0842,-802.9790,0.709291,-0.133414,0.142657,0.677315,1.594044,-0.299830,0.320605,0.205574,0.350461,0.488193,-2.844001,1.199361,-0.095338
464,1770206945293,5.158417,-116.2407,468.1287,-802.9493,0.709318,-0.133489,0.142637,0.677277,1.594127,-0.300005,0.320564,0.205593,0.350470,0.488179,-2.844054,1.199403,-0.095337
465,1770206945304,5.169528,-116.0844,468.0318,-802.8469,0.709333,-0.133700,0.142534,0.677241,1.594183,-0.300483,0.320338,0.205658,0.350411,0.488188,-2.843901,1.199621,-0.095410
466,1770206945315,5.180640,-115.7808,467.7614,-802.8087,0.709271,-0.133468,0.142873,0.677280,1.594021,-0.299957,0.321094,0.205723,0.350386,0.488183,-2.843839,1.199855,-0.095378
467,1770206945326,5.191751,-115.6848,467.6527,-802.8588,0.709188,-0.133657,0.142856,0.677333,1.593800,-0.300375,0.321049,0.205753,0.350368,0.488184,-2.843818,1.199907,-0.095426
468,1770206945337,5.202862,-115.3278,467.6444,-802.7819,0.709194,-0.133889,0.142792,0.677294,1.593839,-0.300902,0.320911,0.205866,0.350292,0.488187,-2.843615,1.200344,-0.095439
469,1770206945348,5.213973,-115.2490,467.6895,-802.7936,0.709220,-0.133908,0.143026,0.677214,1.593948,-0.300954,0.321446,0.205929,0.350230,0.488192,-2.843405,1.200659,-0.095498
470,1770206945360,5.225085,-115.4373,467.6167,-803.0663,0.709137,-0.133901,0.143051,0.677298,1.593707,-0.300927,0.321491,0.206093,0.350155,0.488166,-2.843240,1.201210,-0.095507
471,1770206945371,5.236196,-115.1103,467.4461,-802.9076,0.709163,-0.133894,0.143273,0.677224,1.593814,-0.300920,0.322000,0.206180,0.350104,0.488165,-2.843130,1.201523,-0.095469
472,1770206945382,5.247307,-114.7891,467.3812,-802.8287,0.709108,-0.133956,0.143432,0.677236,1.593681,-0.301060,0.322355,0.206255,0.350040,0.488170,-2.842963,1.201795,-0.095518
473,1770206945393,5.258418,-114.4591,467.3771,-802.7559,0.709122,-0.134187,0.143472,0.677168,1.593756,-0.301586,0.322455,0.206434,0.349906,0.488186,-2.842583,1.202542,-0.095652
474,1770206945404,5.269529,-114.7942,467.5052,-802.7546,0.709176,-0.134213,0.143698,0.677058,1.593945,-0.301657,0.322977,0.206523,0.349838,0.488188,-2.842388,1.202941,-0.095644
475,1770206945415,5.280641,-114.3968,467.4810,-802.6966,0.709163,-0.134447,0.143802,0.677003,1.593950,-0.302190,0.323218,0.206790,0.349693,0.488167,-2.841977,1.203953,-0.095702
476,1770206945426,5.291752,-114.5858,467.6443,-802.6716,0.709137,-0.134561,0.144021,0.676961,1.593918,-0.302452,0.323715,0.206920,0.349610,0.488164,-2.841757,1.204442,-0.095734
477,1770206945437,5.302863,-114.2107,467.6371,-802.5970,0.709076,-0.134771,0.144172,0.676951,1.593789,-0.302924,0.324054,0.207083,0.349513,0.488153,-2.841544,1.204954,-0.095765
478,1770206945448,5.313975,-113.7627,467.6005,-802.4858,0.708963,-0.135148,0.144300,0.676967,1.593525,-0.303770,0.324341,0.207466,0.349307,0.488137,-2.841004,1.206454,-0.095834
479,1770206945460,5.325086,-113.3290,467.5227,-802.3853,0.708949,-0.135412,0.144646,0.676855,1.593562,-0.304376,0.325133,0.207666,0.349202,0.488135,-2.840708,1.207233,-0.095868
480,1770206945471,5.336197,-113.0347,467.7631,-802.4520,0.708938,-0.135667,0.144920,0.676757,1.593599,-0.304962,0.325760,0.207870,0.349054,0.488148,-2.840329,1.207995,-0.095883
481,1770206945482,5.347308,-112.5035,467.7565,-802.3349,0.708892,-0.135938,0.145214,0.676687,1.593540,-0.305579,0.326430,0.208310,0.348781,0.488160,-2.839598,1.209721,-0.096105
482,1770206945493,5.358419,-112.2075,467.7038,-802.2996,0.708758,-0.136207,0.145760,0.676657,1.593256,-0.306187,0.327663,0.208576,0.348635,0.488151,-2.839184,1.210732,-0.096162
483,1770206945504,5.369531,-111.6254,467.5765,-802.0853,0.708685,-0.136755,0.146001,0.676570,1.593148,-0.307430,0.328215,0.209106,0.348293,0.488161,-2.838249,1.212909,-0.096283
484,1770206945515,5.380642,-111.0756,467.6942,-801.8352,0.708732,-0.137133,0.146504,0.676336,1.593401,-0.308308,0.329377,0.209412,0.348098,0.488165,-2.837745,1.214102,-0.096338
485,1770206945526,5.391753,-110.6129,467.7185,-801.7766,0.708682,-0.137556,0.147017,0.676191,1.593379,-0.309276,0.330549,0.209730,0.347881,0.488167,-2.837112,1.215442,-0.096413
486,1770206945537,5.402864,-109.7479,467.5035,-801.5702,0.708557,-0.137954,0.147643,0.676104,1.593153,-0.310183,0.331968,0.210416,0.347463,0.488169,-2.836016,1.218153,-0.096559
487,1770206945548,5.413975,-108.8689,467.5099,-801.3917,0.708405,-0.138564,0.148118,0.676035,1.592852,-0.311563,0.333043,0.210813,0.347234,0.488160,-2.835354,1.219700,-0.096588
488,1770206945560,5.425086,-108.0540,467.7768,-801.1825,0.708243,-0.139041,0.148773,0.675964,1.592533,-0.312643,0.334527,0.211616,0.346732,0.488168,-2.833892,1.222961,-0.096768
489,1770206945571,5.436198,-107.9988,467.9667,-801.1783,0.708265,-0.139659,0.149516,0.675649,1.592779,-0.314072,0.336239,0.212032,0.346473,0.488175,-2.833121,1.224665,-0.096864
490,1770206945582,5.447309,-107.0225,467.9865,-800.9336,0.708089,-0.140197,0.150262,0.675556,1.592443,-0.315293,0.337929,0.212448,0.346187,0.488192,-2.832281,1.226403,-0.097057
491,1770206945593,5.458420,-106.2536,467.6446,-800.7062,0.707992,-0.140741,0.151082,0.675362,1.592345,-0.316540,0.339800,0.213381,0.345626,0.488190,-2.830723,1.230310,-0.097342
492,1770206945604,5.469532,-105.5927,467.8748,-800.4688,0.707906,-0.141403,0.151897,0.675131,1.592297,-0.318058,0.341664,0.213865,0.345328,0.488181,-2.829806,1.232314,-0.097475
493,1770206945615,5.480643,-104.8903,468.0400,-800.2293,0.707785,-0.142273,0.152477,0.674944,1.592141,-0.320040,0.342993,0.214846,0.344675,0.488209,-2.827994,1.236518,-0.097887
494,1770206945626,5.491754,-104.1085,468.0948,-800.3181,0.707677,-0.142842,0.153521,0.674700,1.592052,-0.321350,0.345375,0.215386,0.344365,0.488178,-2.827133,1.238749,-0.098074
495,1770206945637,5.502866,-103.0628,468.1498,-800.0077,0.707255,-0.143609,0.154351,0.674791,1.591044,-0.323065,0.347229,0.215957,0.344024,0.488164,-2.826204,1.241090,-0.098197
496,1770206945648,5.513977,-102.1349,467.7436,-799.9769,0.707256,-0.144464,0.155041,0.674449,1.591261,-0.325032,0.348828,0.217132,0.343305,0.488130,-2.824208,1.245873,-0.098424
497,1770206945660,5.525088,-100.9989,467.7202,-799.7241,0.707120,-0.145468,0.155712,0.674222,1.591097,-0.327318,0.350368,0.217764,0.342923,0.488112,-2.823117,1.248546,-0.098499
498,1770206945671,5.536199,-100.3607,468.0536,-799.6797,0.706936,-0.146300,0.156719,0.674001,1.590823,-0.329219,0.352666,0.218365,0.342513,0.488114,-2.821942,1.251044,-0.098675
499,1770206945682,5.547310,-99.0897,468.0015,-799.3356,0.706809,-0.147066,0.157775,0.673721,1.590712,-0.330979,0.355081,0.219651,0.341714,0.488067,-2.819767,1.256373,-0.098870
500,1770206945693,5.558421,-97.9163,468.0841,-799.1468,0.706646,-0.147950,0.158683,0.673485,1.590493,-0.333001,0.357157,0.220287,0.341277,0.488083,-2.818525,1.259044,-0.099043
501,1770206945704,5.569533,-96.5155,468.0841,-798.8118,0.706410,-0.148872,0.159712,0.673287,1.590084,-0.335101,0.359502,0.221619,0.340393,0.488081,-2.815992,1.264708,-0.099448
502,1770206945715,5.580644,-95.3212,467.8105,-798.2510,0.706071,-0.149875,0.160763,0.673169,1.589396,-0.337375,0.361885,0.222339,0.339948,0.488070,-2.814809,1.267625,-0.099541
503,1770206945726,5.591755,-94.8206,468.0999,-798.2355,0.705916,-0.150940,0.161789,0.672848,1.589248,-0.339814,0.364240,0.223030,0.339499,0.488064,-2.813594,1.270511,-0.099736
504,1770206945737,5.602866,-93.2182,467.9590,-797.7972,0.705746,-0.151571,0.163219,0.672539,1.589058,-0.341277,0.367504,0.224496,0.338513,0.488077,-2.810782,1.276700,-0.100159
505,1770206945748,5.613978,-91.8902,467.5891,-797.1750,0.705558,-0.152774,0.164185,0.672229,1.588830,-0.344027,0.369725,0.225204,0.338000,0.488104,-2.809283,1.279743,-0.100390
506,1770206945760,5.625089,-90.3731,467.4345,-796.7177,0.705060,-0.153751,0.165463,0.672215,1.587717,-0.346230,0.372604,0.226765,0.336979,0.488090,-2.806405,1.286280,-0.100567
507,1770206945771,5.636200,-89.8236,467.9158,-796.6459,0.704950,-0.154986,0.166393,0.671817,1.587718,-0.349066,0.374757,0.227561,0.336458,0.488091,-2.804947,1.289579,-0.100639
508,1770206945782,5.647311,-88.3817,467.9570,-796.2043,0.704871,-0.156404,0.167252,0.671359,1.587826,-0.352322,0.376759,0.228333,0.335930,0.488102,-2.803403,1.292865,-0.100844
509,1770206945793,5.658423,-87.4024,468.1691,-796.1523,0.704385,-0.156895,0.169123,0.671285,1.586779,-0.353439,0.380985,0.229938,0.334827,0.488115,-2.800335,1.299684,-0.101072
510,1770206945804,5.669534,-86.1258,467.7577,-795.9604,0.704296,-0.158236,0.170116,0.670813,1.586872,-0.356526,0.383293,0.230764,0.334290,0.488115,-2.798871,1.303085,-0.101233
511,1770206945815,5.680645,-84.5996,467.7140,-795.5452,0.704013,-0.159429,0.171257,0.670536,1.586409,-0.359253,0.385907,0.232369,0.333126,0.488161,-2.795686,1.309984,-0.101811
512,1770206945826,5.691756,-83.3463,468.0480,-795.1039,0.703949,-0.160859,0.172367,0.669978,1.586612,-0.362555,0.388493,0.233205,0.332539,0.488170,-2.793993,1.313564,-0.101917
513,1770206945837,5.702868,-81.7382,468.0589,-794.7095,0.703503,-0.161829,0.173873,0.669823,1.585705,-0.364766,0.391911,0.234066,0.331951,0.488162,-2.792441,1.317256,-0.102144
514,1770206945848,5.713979,-80.4671,468.3425,-794.3294,0.703240,-0.163164,0.175144,0.669445,1.585348,-0.367829,0.394837,0.235765,0.330730,0.488199,-2.788964,1.324588,-0.102640
515,1770206945860,5.725090,-78.8737,468.4016,-793.8399,0.702707,-0.164173,0.176785,0.669326,1.584222,-0.370120,0.398553,0.236631,0.330115,0.488197,-2.787252,1.328404,-0.102736
516,1770206945871,5.736201,-77.4040,468.6065,-793.3575,0.702369,-0.165441,0.177947,0.669061,1.583625,-0.373017,0.401216,0.237498,0.329517,0.488209,-2.785633,1.332061,-0.102819
517,1770206945882,5.747313,-76.1429,468.6276,-793.0846,0.702309,-0.166683,0.179329,0.668447,1.583873,-0.375909,0.404430,0.239224,0.328279,0.488230,-2.782127,1.339576,-0.103043
518,1770206945893,5.758424,-74.7305,468.6050,-792.4673,0.702154,-0.167915,0.180749,0.667918,1.583855,-0.378766,0.407718,0.240065,0.327638,0.488239,-2.780288,1.343236,-0.103362
519,1770206945904,5.769535,-73.2092,468.5618,-792.0626,0.701708,-0.169322,0.181919,0.667713,1.582978,-0.381972,0.410389,0.241790,0.326334,0.488254,-2.776695,1.350761,-0.103939
520,1770206945915,5.780646,-71.9890,468.6818,-791.6146,0.701682,-0.170892,0.183045,0.667033,1.583344,-0.385617,0.413041,0.242698,0.325647,0.488244,-2.774781,1.354625,-0.104060
521,1770206945926,5.791757,-70.4334,468.5943,-791.2422,0.701198,-0.172384,0.184292,0.666815,1.582387,-0.389017,0.415890,0.243621,0.324958,0.488244,-2.772916,1.358574,-0.104160
522,1770206945937,5.802868,-69.0374,468.2301,-790.9523,0.700647,-0.173351,0.186018,0.666664,1.581238,-0.391222,0.419811,0.245422,0.323574,0.488237,-2.769211,1.366430,-0.104565
523,1770206945948,5.813980,-67.4246,468.2057,-790.4667,0.700107,-0.174438,0.187735,0.666466,1.580143,-0.393706,0.423719,0.246332,0.322880,0.488239,-2.767317,1.370457,-0.104931
524,1770206945960,5.825091,-65.8771,468.1455,-789.9325,0.700197,-0.175874,0.188950,0.665650,1.580856,-0.397075,0.426598,0.248138,0.321484,0.488238,-2.763614,1.378271,-0.105221
525,1770206945971,5.836202,-64.2512,468.0216,-789.4180,0.699540,-0.176803,0.190724,0.665589,1.579411,-0.399184,0.430613,0.249033,0.320778,0.488246,-2.761681,1.382301,-0.105619
526,1770206945982,5.847313,-62.8909,468.1969,-788.9977,0.699306,-0.178457,0.191686,0.665117,1.579179,-0.402993,0.432867,0.249966,0.320069,0.488231,-2.759820,1.386294,-0.105671
527,1770206945993,5.858425,-61.2964,468.2286,-788.4702,0.699256,-0.180074,0.192770,0.664421,1.579500,-0.406755,0.435433,0.251830,0.318587,0.488240,-2.755737,1.394505,-0.106142
528,1770206946004,5.869536,-59.8952,468.4218,-787.6961,0.698889,-0.181470,0.194099,0.664040,1.578908,-0.409973,0.438503,0.252745,0.317838,0.488255,-2.753755,1.398483,-0.106313
529,1770206946015,5.880647,-58.2623,468.3368,-787.1216,0.698688,-0.182707,0.195650,0.663456,1.578820,-0.412861,0.442108,0.254588,0.316363,0.488261,-2.749684,1.406509,-0.106684
530,1770206946026,5.891759,-56.7245,468.4747,-786.6422,0.698076,-0.184134,0.197115,0.663272,1.577552,-0.416117,0.445452,0.255508,0.315646,0.488248,-2.747821,1.410567,-0.106764
531,1770206946037,5.902870,-55.1190,468.4832,-786.0906,0.697753,-0.185404,0.198632,0.662806,1.577112,-0.419065,0.448963,0.256419,0.314900,0.488266,-2.745804,1.414637,-0.107092
532,1770206946048,5.913981,-53.4241,468.2755,-785.2861,0.697338,-0.186891,0.199960,0.662426,1.576411,-0.422489,0.452031,0.258256,0.313388,0.488278,-2.741750,1.422759,-0.107506
533,1770206946060,5.925093,-51.8925,468.3945,-784.7117,0.696816,-0.187930,0.201708,0.662150,1.575405,-0.424884,0.456033,0.259154,0.312612,0.488301,-2.739635,1.426840,-0.107801
534,1770206946071,5.936204,-50.7647,468.5713,-784.2170,0.696614,-0.189469,0.202878,0.661567,1.575310,-0.428462,0.458784,0.260059,0.311884,0.488311,-2.737689,1.430820,-0.108066
535,1770206946082,5.947315,-48.9050,468.4314,-783.6251,0.695849,-0.190109,0.205062,0.661515,1.573614,-0.429918,0.463734,0.261873,0.310349,0.488340,-2.733609,1.438929,-0.108419
536,1770206946093,5.958426,-47.2382,468.4882,-782.9802,0.695881,-0.191965,0.206016,0.660649,1.574227,-0.434263,0.466050,0.262782,0.309589,0.488352,-2.731545,1.442973,-0.108628
537,1770206946104,5.969538,-45.7492,468.5174,-782.4168,0.695126,-0.193639,0.207186,0.660589,1.572556,-0.438062,0.468709,0.264619,0.308036,0.488378,-2.727396,1.451235,-0.108964
538,1770206946115,5.980649,-44.1269,468.4888,-781.6976,0.694872,-0.194625,0.209087,0.659967,1.572370,-0.440402,0.473125,0.265517,0.307220,0.488405,-2.725146,1.455373,-0.109322
539,1770206946126,5.991760,-42.6338,468.4770,-781.2550,0.694002,-0.195603,0.210919,0.660011,1.570373,-0.442607,0.477263,0.266429,0.306437,0.488417,-2.723040,1.459500,-0.109531
540,1770206946137,6.002871,-41.0103,468.4374,-780.5797,0.693877,-0.196929,0.212380,0.659279,1.570545,-0.445736,0.480709,0.268237,0.304852,0.488425,-2.718781,1.467687,-0.109953
541,1770206946148,6.013983,-39.4858,468.3826,-780.0046,0.693360,-0.198243,0.213813,0.658966,1.569571,-0.448766,0.484013,0.269119,0.304049,0.488451,-2.716593,1.471751,-0.110206
542,1770206946160,6.025094,-38.1315,468.5539,-779.4152,0.693131,-0.199919,0.214885,0.658351,1.569436,-0.452671,0.486557,0.270918,0.302473,0.488476,-2.712380,1.479946,-0.110680
543,1770206946171,6.036205,-36.6603,468.3271,-778.7192,0.692559,-0.201132,0.216453,0.658070,1.568314,-0.455468,0.490164,0.271804,0.301671,0.488484,-2.710228,1.484007,-0.110915
544,1770206946182,6.047316,-34.8768,468.9236,-777.9988,0.692035,-0.202771,0.217718,0.657701,1.567359,-0.459247,0.493100,0.272706,0.300824,0.488511,-2.707922,1.488196,-0.111149
545,1770206946193,6.058427,-33.4082,469.3120,-777.5036,0.691871,-0.204047,0.219335,0.656941,1.567461,-0.462277,0.496912,0.274559,0.299140,0.488542,-2.703429,1.496619,-0.111649
546,1770206946204,6.069539,-31.7704,469.4208,-776.7731,0.691301,-0.205624,0.220626,0.656617,1.566369,-0.465909,0.499901,0.275488,0.298307,0.488542,-2.701226,1.500755,-0.111773
547,1770206946215,6.080650,-30.0022,469.3232,-776.0411,0.690967,-0.207039,0.222031,0.656050,1.565966,-0.469221,0.503199,0.277272,0.296623,0.488588,-2.696695,1.509031,-0.112252
548,1770206946226,6.091761,-28.5296,469.6282,-775.4688,0.690734,-0.208276,0.223666,0.655349,1.565874,-0.472157,0.507044,0.278169,0.295773,0.488613,-2.694379,1.513175,-0.112563
549,1770206946237,6.102872,-26.7966,469.6615,-774.6920,0.689935,-0.209039,0.225799,0.655215,1.564147,-0.473912,0.511907,0.279039,0.294909,0.488635,-2.692080,1.517285,-0.112847
550,1770206946248,6.113984,-25.0273,469.3230,-773.9404,0.689842,-0.210679,0.226872,0.654417,1.564433,-0.477780,0.514503,0.280804,0.293184,0.488666,-2.687507,1.525451,-0.113303
551,1770206946260,6.125095,-23.6751,469.3527,-773.3007,0.689668,-0.212353,0.227986,0.653672,1.564502,-0.481720,0.517182,0.281735,0.292306,0.488662,-2.685270,1.529592,-0.113482
552,1770206946271,6.136206,-21.9179,469.3986,-772.5164,0.688795,-0.213842,0.229595,0.653543,1.562602,-0.485122,0.520861,0.282625,0.291417,0.488670,-2.682875,1.533792,-0.113652
553,1770206946282,6.147317,-20.3084,468.6978,-771.5824,0.688167,-0.214960,0.231486,0.653171,1.561407,-0.487731,0.525228,0.284449,0.289612,0.488684,-2.678161,1.542267,-0.114222
554,1770206946293,6.158429,-18.7616,469.4451,-770.9328,0.687750,-0.216198,0.233115,0.652623,1.560803,-0.490647,0.529038,0.285345,0.288691,0.488701,-2.675741,1.546521,-0.114506
555,1770206946304,6.169540,-17.2259,469.3183,-770.1303,0.687447,-0.217961,0.234412,0.651890,1.560571,-0.494792,0.532137,0.287161,0.286871,0.488711,-2.670927,1.555088,-0.115047
556,1770206946315,6.180651,-15.8208,469.4469,-769.3038,0.687078,-0.219416,0.235792,0.651294,1.560103,-0.498214,0.535398,0.288034,0.285975,0.488719,-2.668584,1.559215,-0.115282
557,1770206946326,6.191762,-14.2615,469.2272,-768.6521,0.686453,-0.220297,0.237758,0.650940,1.558904,-0.500285,0.539938,0.288929,0.285069,0.488721,-2.666207,1.563361,-0.115404
558,1770206946337,6.202874,-12.6410,468.9360,-767.8557,0.685771,-0.221479,0.239450,0.650637,1.557544,-0.503031,0.543846,0.290685,0.283236,0.488738,-2.661412,1.571663,-0.116019
559,1770206946348,6.213985,-11.1808,469.2826,-766.9243,0.685683,-0.223199,0.240620,0.649710,1.557920,-0.507123,0.546704,0.291592,0.282297,0.488745,-2.658921,1.575915,-0.116187
560,1770206946360,6.225096,-9.3992,469.2932,-766.0651,0.685218,-0.225009,0.241833,0.649126,1.557227,-0.511354,0.549590,0.293365,0.280408,0.488761,-2.653916,1.584412,-0.116650
561,1770206946371,6.236207,-7.6261,469.3218,-765.1703,0.684793,-0.226239,0.243476,0.648532,1.556628,-0.514272,0.553455,0.294248,0.279442,0.488779,-2.651372,1.588575,-0.117015
562,1770206946382,6.247326,-5.8956,468.8926,-764.3026,0.684348,-0.228042,0.244594,0.647949,1.555980,-0.518491,0.556126,0.295146,0.278505,0.488763,-2.649000,1.592816,-0.117307
563,1770206946393,6.258437,-4.0705,468.8053,-763.3578,0.683949,-0.229553,0.246048,0.647287,1.555483,-0.522065,0.559579,0.296902,0.276607,0.488759,-2.644064,1.601205,-0.117824
564,1770206946404,6.269548,-2.7230,469.2135,-762.9197,0.683145,-0.230293,0.248310,0.647009,1.553826,-0.523806,0.564787,0.297763,0.275654,0.488764,-2.641647,1.605358,-0.118173
565,1770206946415,6.280659,-0.9319,469.0837,-761.9443,0.682423,-0.231645,0.250079,0.646607,1.552434,-0.526967,0.568902,0.299556,0.273724,0.488745,-2.636527,1.614048,-0.118650
566,1770206946426,6.291771,0.8712,468.7384,-760.7512,0.681977,-0.233184,0.251569,0.645946,1.551830,-0.530607,0.572443,0.300448,0.272712,0.488759,-2.633853,1.618475,-0.118881
567,1770206946437,6.302882,2.2197,468.5786,-759.6865,0.681470,-0.234647,0.253235,0.645299,1.551078,-0.534076,0.576383,0.300448,0.272712,0.488759,-2.633853,1.618475,-0.118881
568,1770206946448,6.313993,3.8940,468.3997,-758.7401,0.680991,-0.236454,0.254407,0.644684,1.550368,-0.538320,0.579193,0.301368,0.271721,0.488746,-2.631288,1.622951,-0.119189
569,1770206946460,6.325104,5.0595,468.2548,-757.8255,0.680631,-0.237638,0.256142,0.643942,1.550010,-0.541176,0.583316,0.303130,0.269704,0.488758,-2.625872,1.631721,-0.119679
570,1770206946471,6.336216,6.7175,467.8967,-756.7753,0.679878,-0.238772,0.257998,0.643577,1.548521,-0.543838,0.587628,0.304864,0.267740,0.488748,-2.620699,1.640364,-0.120261
571,1770206946482,6.347327,7.9265,468.6586,-756.1472,0.679785,-0.240597,0.259203,0.642511,1.548970,-0.548228,0.590623,0.304864,0.267740,0.488748,-2.620699,1.640364,-0.120261
572,1770206946493,6.358506,9.5528,468.4302,-755.0220,0.678708,-0.241895,0.261011,0.642429,1.546567,-0.551204,0.594764,0.306589,0.265769,0.488741,-2.615505,1.648835,-0.120677
573,1770206946504,6.369617,10.7515,468.3970,-754.1766,0.678223,-0.243429,0.262666,0.641687,1.545921,-0.554865,0.598714,0.308290,0.263721,0.488758,-2.609932,1.657530,-0.121194
574,1770206946515,6.380750,12.3016,468.2227,-753.1728,0.677725,-0.244859,0.264297,0.641000,1.545211,-0.558279,0.602598,0.308290,0.263721,0.488758,-2.609932,1.657530,-0.121194
575,1770206946526,6.391861,14.3896,469.4101,-752.7260,0.676823,-0.246255,0.266017,0.640707,1.543336,-0.561526,0.606590,0.310058,0.261689,0.488717,-2.604646,1.666362,-0.121624
576,1770206946537,6.402973,15.9302,469.6875,-751.8004,0.676323,-0.247636,0.267697,0.640001,1.542633,-0.564836,0.610594,0.312663,0.258543,0.488689,-2.596357,1.679638,-0.122366
577,1770206946549,6.414084,17.5327,469.7229,-750.8699,0.675741,-0.249499,0.268906,0.639386,1.541687,-0.569225,0.613503,0.313532,0.257492,0.488691,-2.593617,1.684074,-0.122639
578,1770206946560,6.425195,19.3543,469.7226,-749.8946,0.675259,-0.251140,0.270258,0.638682,1.541022,-0.573132,0.616760,0.315287,0.255378,0.488651,-2.588110,1.693082,-0.123153
579,1770206946571,6.436306,21.0859,469.6962,-748.8605,0.674827,-0.252733,0.271779,0.637864,1.540542,-0.576956,0.620436,0.316144,0.254289,0.488650,-2.585215,1.697569,-0.123370
580,1770206946582,6.447417,22.9520,469.4396,-747.7005,0.674217,-0.254162,0.273532,0.637192,1.539565,-0.580375,0.624606,0.317010,0.253227,0.488635,-2.582487,1.702037,-0.123649
581,1770206946593,6.458529,24.5710,469.3138,-746.5500,0.673393,-0.255605,0.275248,0.636747,1.537959,-0.583775,0.628636,0.318779,0.251015,0.488603,-2.576706,1.711106,-0.124016
582,1770206946604,6.469640,26.3978,468.8492,-745.3428,0.672902,-0.257132,0.276998,0.635892,1.537364,-0.587464,0.632851,0.319619,0.249907,0.488607,-2.573804,1.715546,-0.124278
583,1770206946615,6.480751,28.0775,469.1715,-744.2237,0.672122,-0.259066,0.278270,0.635376,1.535902,-0.592006,0.635891,0.321382,0.247665,0.488581,-2.567889,1.724751,-0.124649
584,1770206946626,6.491863,29.7046,469.4831,-743.0777,0.671692,-0.260434,0.280003,0.634509,1.535454,-0.595340,0.640073,0.322228,0.246552,0.488557,-2.564937,1.729177,-0.124822
585,1770206946637,6.502974,31.4293,469.3243,-742.1637,0.671092,-0.261830,0.281729,0.633805,1.534518,-0.598701,0.644201,0.323076,0.245441,0.488547,-2.562084,1.733627,-0.125002
586,1770206946649,6.514085,32.9142,469.4165,-741.1476,0.670160,-0.263467,0.283284,0.633420,1.532623,-0.602537,0.647856,0.324741,0.243210,0.488541,-2.556127,1.742517,-0.125433
587,1770206946660,6.525197,34.3984,469.7738,-740.0829,0.669720,-0.265138,0.284911,0.632458,1.532210,-0.606593,0.651831,0.325599,0.242075,0.488531,-2.553156,1.747000,-0.125626
588,1770206946671,6.536308,35.9157,469.6540,-739.1054,0.668912,-0.266615,0.286610,0.631924,1.530692,-0.610104,0.655858,0.327278,0.239786,0.488531,-2.547055,1.755995,-0.126075
589,1770206946682,6.547419,38.0144,468.9212,-737.7640,0.668159,-0.267873,0.288537,0.631312,1.529346,-0.613135,0.660431,0.328120,0.238626,0.488543,-2.543988,1.760502,-0.126242
590,1770206946693,6.558531,39.3145,469.4170,-736.7156,0.667782,-0.269566,0.289984,0.630326,1.529092,-0.617254,0.664006,0.328932,0.237488,0.488541,-2.540845,1.765027,-0.126485
591,1770206946704,6.569642,40.7605,470.0274,-735.9412,0.667462,-0.271368,0.291317,0.629276,1.529006,-0.621644,0.667341,0.330575,0.235180,0.488560,-2.534698,1.773970,-0.126949
592,1770206946715,6.580753,42.3279,470.3119,-734.9564,0.666810,-0.272734,0.293187,0.628508,1.527985,-0.624965,0.671834,0.331383,0.234020,0.488559,-2.531538,1.778393,-0.127225
593,1770206946726,6.591864,43.8400,470.3784,-733.0697,0.666023,-0.274449,0.294694,0.627891,1.526563,-0.629053,0.675456,0.332223,0.232801,0.488588,-2.528305,1.783035,-0.127459
594,1770206946737,6.602975,45.7971,470.7617,-731.8226,0.665175,-0.275726,0.296795,0.627241,1.525019,-0.632146,0.680449,0.333921,0.230395,0.488574,-2.521926,1.792200,-0.127912
595,1770206946749,6.614086,47.2582,470.2569,-730.5779,0.664456,-0.277671,0.298086,0.626532,1.523807,-0.636787,0.683604,0.334731,0.229183,0.488603,-2.518669,1.796760,-0.128204
596,1770206946760,6.625197,48.9703,470.6688,-729.4960,0.663783,-0.279681,0.299281,0.625781,1.522726,-0.641593,0.686555,0.336377,0.226803,0.488608,-2.512214,1.805941,-0.128676
597,1770206946771,6.636309,50.3720,471.1273,-728.4503,0.663253,-0.280680,0.301465,0.624847,1.522087,-0.644127,0.691825,0.337155,0.225586,0.488635,-2.508925,1.810409,-0.128954
598,1770206946782,6.647420,51.8507,470.9795,-727.1080,0.662221,-0.282618,0.302731,0.624456,1.519958,-0.648677,0.694842,0.338017,0.224388,0.488624,-2.505821,1.815052,-0.129088
599,1770206946793,6.658531,53.1260,470.9427,-726.0052,0.661637,-0.284318,0.304414,0.623484,1.519215,-0.652837,0.698979,0.339632,0.221895,0.488670,-2.499130,1.824317,-0.129608
600,1770206946804,6.669642,55.3448,470.7909,-724.5543,0.661051,-0.285421,0.306613,0.622523,1.518462,-0.655623,0.704302,0.340439,0.220635,0.488683,-2.495802,1.828939,-0.129835
601,1770206946815,6.680754,56.5264,470.8476,-723.0370,0.660089,-0.287150,0.308283,0.621924,1.516618,-0.659755,0.708311,0.342109,0.218106,0.488696,-2.489018,1.838546,-0.130175
602,1770206946826,6.691865,58.6091,470.7907,-721.9432,0.659647,-0.289020,0.309683,0.620831,1.516275,-0.664346,0.711842,0.342901,0.216849,0.488706,-2.485621,1.843144,-0.130485
603,1770206946837,6.702976,60.0219,470.9922,-720.5387,0.658939,-0.290505,0.311420,0.620019,1.515148,-0.667979,0.716070,0.343693,0.215597,0.488716,-2.482350,1.847690,-0.130643
604,1770206946849,6.714087,62.0256,470.9549,-719.5873,0.658256,-0.291923,0.313308,0.619127,1.514124,-0.671483,0.720674,0.345293,0.213013,0.488750,-2.475400,1.857089,-0.131159
605,1770206946860,6.725199,63.5089,470.8069,-718.2952,0.657357,-0.293424,0.315242,0.618391,1.512510,-0.675137,0.725338,0.346073,0.211741,0.488778,-2.472021,1.861653,-0.131414
606,1770206946871,6.736310,65.2781,471.0318,-716.7823,0.656623,-0.295533,0.316503,0.617522,1.511353,-0.680230,0.728497,0.347669,0.209113,0.488780,-2.465040,1.871142,-0.131835
607,1770206946882,6.747421,66.9344,470.2086,-714.8946,0.655500,-0.296987,0.318506,0.616986,1.509098,-0.683726,0.733267,0.348461,0.207781,0.488780,-2.461486,1.875827,-0.132073
608,1770206946893,6.758532,68.9250,470.7236,-714.2607,0.655247,-0.298748,0.320142,0.615557,1.509391,-0.688180,0.737463,0.348461,0.207781,0.488780,-2.461486,1.875827,-0.132073
609,1770206946904,6.769643,70.3965,470.6279,-712.7238,0.654359,-0.300028,0.322098,0.614858,1.507776,-0.691324,0.742179,0.349999,0.205144,0.488785,-2.454493,1.885220,-0.132587
610,1770206946915,6.780754,71.7555,470.5646,-711.6040,0.653532,-0.301569,0.323792,0.614094,1.506338,-0.695092,0.746313,0.349999,0.205144,0.488785,-2.454493,1.885220,-0.132587
611,1770206946926,6.791866,73.4080,470.5784,-710.1714,0.652928,-0.303127,0.325590,0.613017,1.505607,-0.698989,0.750789,0.349999,0.205144,0.488785,-2.454493,1.885220,-0.132587
612,1770206946938,6.803013,75.1782,470.5881,-708.7180,0.651943,-0.304895,0.327253,0.612303,1.503771,-0.703271,0.754843,0.352948,0.199813,0.488845,-2.440237,1.903731,-0.133752
613,1770206946949,6.814124,76.9250,470.6489,-707.2622,0.651178,-0.306513,0.329089,0.611325,1.502607,-0.707284,0.759381,0.352948,0.199813,0.488845,-2.440237,1.903731,-0.133752
614,1770206946960,6.825235,78.3914,470.3772,-705.3418,0.650227,-0.308115,0.330698,0.610663,1.500818,-0.711173,0.763298,0.352948,0.199813,0.488845,-2.440237,1.903731,-0.133752
615,1770206946971,6.836350,79.6534,470.8270,-704.2273,0.649885,-0.309882,0.332095,0.609373,1.500817,-0.715628,0.766926,0.355935,0.194390,0.488868,-2.425885,1.922515,-0.134632
616,1770206946982,6.847461,81.4064,470.8668,-702.7489,0.649051,-0.311443,0.333870,0.608496,1.499429,-0.719491,0.771302,0.355935,0.194390,0.488868,-2.425885,1.922515,-0.134632
617,1770206946993,6.858573,82.9687,470.7393,-701.4335,0.648114,-0.313003,0.335825,0.607618,1.497802,-0.723356,0.776096,0.358070,0.190363,0.488878,-2.415089,1.936355,-0.135317
618,1770206947004,6.869685,84.8410,470.7907,-699.7412,0.647330,-0.314650,0.337591,0.606623,1.496598,-0.727458,0.780495,0.358070,0.190363,0.488878,-2.415089,1.936355,-0.135317
619,1770206947015,6.880814,86.1256,471.2263,-698.3006,0.646499,-0.316352,0.339209,0.605722,1.495227,-0.731661,0.784525,0.359502,0.187614,0.488900,-2.407710,1.945780,-0.135726
620,1770206947026,6.891925,87.6531,470.8121,-696.8144,0.645604,-0.317879,0.340871,0.604943,1.493635,-0.735428,0.788620,0.360939,0.184845,0.488891,-2.400414,1.955173,-0.136036
621,1770206947038,6.903036,89.0563,470.8348,-695.3768,0.644821,-0.319266,0.342722,0.604001,1.492399,-0.738922,0.793208,0.362293,0.182114,0.488899,-2.393104,1.964304,-0.136610
622,1770206947049,6.914148,90.5051,470.5635,-693.8259,0.643990,-0.321105,0.344136,0.603108,1.491019,-0.743450,0.796773,0.362293,0.182114,0.488899,-2.393104,1.964304,-0.136610
623,1770206947060,6.925259,91.9438,470.5858,-692.3801,0.643135,-0.322700,0.345928,0.602142,1.489631,-0.747439,0.801240,0.363652,0.179352,0.488897,-2.385819,1.973517,-0.136886
624,1770206947071,6.936414,93.8445,470.6351,-690.6479,0.642217,-0.324292,0.347756,0.601214,1.488071,-0.751412,0.805779,0.365028,0.176552,0.488876,-2.378386,1.982852,-0.137203
625,1770206947082,6.947608,95.7172,470.2452,-688.8597,0.641218,-0.325924,0.349570,0.600345,1.486285,-0.755463,0.810271,0.366372,0.173725,0.488872,-2.370896,1.992144,-0.137559
626,1770206947093,6.958740,97.0988,470.5681,-687.5129,0.640182,-0.327602,0.351161,0.599609,1.484332,-0.759581,0.814206,0.366372,0.173725,0.488872,-2.370896,1.992144,-0.137559
627,1770206947104,6.969852,98.4181,470.9430,-686.2432,0.639516,-0.329130,0.352880,0.598471,1.483482,-0.763481,0.818574,0.367688,0.170928,0.488866,-2.363464,2.001389,-0.137876
628,1770206947115,6.980963,99.8447,470.5524,-684.5436,0.638641,-0.330674,0.354487,0.597605,1.481978,-0.767336,0.822594,0.368919,0.168155,0.488890,-2.355918,2.010375,-0.138371
629,1770206947127,6.992074,101.4413,470.5690,-682.9031,0.637717,-0.332243,0.356181,0.596714,1.480377,-0.771258,0.826828,0.368919,0.168155,0.488890,-2.355918,2.010375,-0.138371
630,1770206947138,7.003185,102.8945,470.4069,-681.4503,0.636893,-0.333712,0.358181,0.595575,1.479159,-0.775033,0.831861,0.370203,0.165329,0.488891,-2.348333,2.019665,-0.138659
631,1770206947149,7.014339,104.4115,470.4442,-679.9615,0.636053,-0.335592,0.359500,0.594621,1.477786,-0.779705,0.835251,0.371452,0.162457,0.488905,-2.340535,2.028928,-0.139171
632,1770206947160,7.025450,105.9628,470.5256,-678.2004,0.635047,-0.337113,0.361312,0.593737,1.475987,-0.783524,0.839768,0.372081,0.161023,0.488899,-2.336623,2.033543,-0.139273
633,1770206947171,7.036577,107.3312,470.2599,-676.5195,0.633955,-0.338194,0.363300,0.593077,1.473849,-0.786249,0.844617,0.372081,0.161023,0.488899,-2.336623,2.033543,-0.139273
634,1770206947182,7.047727,108.6603,470.7764,-675.4091,0.633774,-0.340220,0.364410,0.591427,1.474432,-0.791498,0.847776,0.373303,0.158213,0.488910,-2.329072,2.042446,-0.139533
635,1770206947193,7.058839,109.8624,470.7233,-673.5503,0.632800,-0.341955,0.365902,0.590548,1.472699,-0.795824,0.851554,0.374440,0.155403,0.488930,-2.321481,2.051227,-0.140049
636,1770206947204,7.069950,111.4972,470.5690,-671.4462,0.631539,-0.343446,0.367858,0.589818,1.470208,-0.799534,0.856365,0.375577,0.152513,0.488962,-2.313650,2.060196,-0.140624
637,1770206947216,7.081061,113.0010,470.8535,-670.3077,0.630799,-0.345195,0.369444,0.588595,1.469228,-0.804013,0.860492,0.375577,0.152513,0.488962,-2.313650,2.060196,-0.140624
638,1770206947227,7.092172,114.4832,470.6174,-668.5461,0.629565,-0.346441,0.371505,0.587888,1.466781,-0.807149,0.865544,0.376728,0.149603,0.488946,-2.305770,2.069263,-0.141007
639,1770206947238,7.103283,115.9037,470.5837,-666.9168,0.628445,-0.347706,0.373400,0.587137,1.464628,-0.810348,0.870231,0.377838,0.146747,0.488956,-2.298057,2.078184,-0.141352
640,1770206947249,7.114394,116.8721,470.6317,-665.6481,0.627737,-0.349506,0.374737,0.585973,1.463681,-0.814936,0.873767,0.377838,0.146747,0.488956,-2.298057,2.078184,-0.141352
641,1770206947260,7.125506,118.5555,470.1799,-663.6301,0.626796,-0.351248,0.376426,0.584855,1.462164,-0.819376,0.878112,0.378907,0.143923,0.488949,-2.290318,2.086931,-0.141708
642,1770206947271,7.136629,120.0444,470.2011,-661.6490,0.625591,-0.354301,0.376771,0.584081,1.459822,-0.826763,0.879197,0.380050,0.140964,0.488918,-2.282222,2.096268,-0.139374
643,1770206947282,7.147742,121.4548,470.4073,-660.0497,0.624036,-0.356176,0.378079,0.583759,1.456387,-0.831250,0.882367,0.381161,0.138064,0.488904,-2.274399,2.105530,-0.134998
644,1770206947293,7.158867,122.7641,470.4227,-658.9014,0.622180,-0.359045,0.378281,0.583851,1.452001,-0.837914,0.882806,0.381161,0.138064,0.488904,-2.274399,2.105530,-0.134998
645,1770206947304,7.169979,122.9286,471.6943,-656.2937,0.622262,-0.361989,0.378416,0.581855,1.453394,-0.845484,0.883852,0.382173,0.135261,0.488935,-2.266835,2.114316,-0.129536
646,1770206947316,7.181106,124.5376,472.6469,-655.0137,0.620871,-0.364342,0.379267,0.581318,1.450467,-0.851170,0.886038,0.382675,0.133853,0.488945,-2.262994,2.118788,-0.126412
647,1770206947327,7.192276,125.7694,469.4891,-654.0640,0.619574,-0.366602,0.380159,0.580697,1.447813,-0.856671,0.888351,0.383676,0.130986,0.488960,-2.255265,2.127741,-0.119811
648,1770206947338,7.203388,127.6698,469.5191,-652.2535,0.618074,-0.369224,0.380831,0.580195,1.444607,-0.862977,0.890107,0.383676,0.130986,0.488960,-2.255265,2.127741,-0.119811
649,1770206947349,7.214499,129.0390,471.3522,-649.8232,0.617304,-0.371538,0.381753,0.578930,1.443568,-0.868843,0.892730,0.384655,0.128038,0.488980,-2.247263,2.136922,-0.113185
650,1770206947360,7.225610,130.1973,470.5837,-648.3425,0.616386,-0.373933,0.382487,0.577881,1.442048,-0.874824,0.894837,0.385621,0.125090,0.488973,-2.239331,2.146044,-0.106551
651,1770206947371,7.236759,131.4692,470.6719,-647.1443,0.615221,-0.376582,0.382921,0.577114,1.439782,-0.881303,0.896137,0.386533,0.122186,0.488963,-2.231514,2.154973,-0.100084
652,1770206947382,7.247870,132.2979,471.1872,-645.4625,0.613613,-0.379210,0.383454,0.576751,1.436236,-0.887588,0.897520,0.386533,0.122186,0.488963,-2.231514,2.154973,-0.100084
653,1770206947393,7.258981,133.6105,471.0287,-643.9028,0.612983,-0.381973,0.383703,0.575431,1.435549,-0.894546,0.898598,0.387368,0.119332,0.488970,-2.223583,2.163643,-0.094063
654,1770206947405,7.270093,134.9763,470.9004,-641.5059,0.611795,-0.384219,0.384805,0.574464,1.433344,-0.900169,0.901542,0.388203,0.116453,0.488961,-2.215490,2.172423,-0.088624
655,1770206947416,7.281204,136.0681,470.8982,-640.0950,0.610443,-0.386657,0.385706,0.573661,1.430655,-0.906183,0.903955,0.388203,0.116453,0.488961,-2.215490,2.172423,-0.088624
656,1770206947427,7.292315,137.2734,470.8172,-638.2817,0.609348,-0.388932,0.386620,0.572672,1.428678,-0.911890,0.906470,0.389064,0.113479,0.488923,-2.207254,2.181264,-0.083491
657,1770206947438,7.303426,138.6396,470.7882,-636.4914,0.608275,-0.390848,0.387945,0.571610,1.426796,-0.916790,0.909981,0.389886,0.110505,0.488893,-2.198929,2.189991,-0.078792
658,1770206947449,7.314537,139.6780,470.7599,-635.1375,0.607137,-0.393130,0.388759,0.570701,1.424667,-0.922493,0.912237,0.390686,0.107623,0.488861,-2.190805,2.198601,-0.074552
659,1770206947460,7.325649,140.7720,470.7989,-633.3279,0.605770,-0.394909,0.390248,0.569909,1.421931,-0.926973,0.916034,0.390686,0.107623,0.488861,-2.190805,2.198601,-0.074552
660,1770206947471,7.336760,141.9910,470.7318,-631.6655,0.604519,-0.397212,0.391039,0.569094,1.419476,-0.932698,0.918202,0.391483,0.104693,0.488826,-2.182605,2.207233,-0.070769
661,1770206947482,7.347871,142.9601,470.8979,-630.1645,0.603781,-0.399461,0.391913,0.567700,1.418571,-0.938525,0.920790,0.391841,0.103218,0.488846,-2.178385,2.211486,-0.069127
662,1770206947494,7.359002,144.1335,470.8807,-628.4781,0.602579,-0.401699,0.392837,0.566760,1.416302,-0.944155,0.923324,0.392615,0.100211,0.488820,-2.169941,2.220074,-0.065959
663,1770206947505,7.370113,145.2754,470.8276,-626.8082,0.601372,-0.403639,0.394062,0.565812,1.414026,-0.949091,0.926572,0.392615,0.100211,0.488820,-2.169941,2.220074,-0.065959
664,1770206947516,7.381261,146.7222,470.3000,-624.6829,0.600259,-0.405457,0.395257,0.564859,1.411974,-0.953745,0.929754,0.393379,0.097232,0.488797,-2.161564,2.228502,-0.063004
665,1770206947527,7.392373,147.7270,470.3081,-623.1465,0.599359,-0.407148,0.396510,0.563720,1.410530,-0.958181,0.933146,0.394133,0.094304,0.488753,-2.153347,2.236841,-0.060454
666,1770206947538,7.403484,149.0246,470.1090,-621.2986,0.598456,-0.409218,0.397582,0.562423,1.409171,-0.963578,0.936179,0.394827,0.091340,0.488737,-2.144993,2.245043,-0.058308
667,1770206947549,7.414595,150.2551,470.1493,-619.6217,0.597273,-0.411269,0.398565,0.561488,1.406938,-0.968787,0.938862,0.394827,0.091340,0.488737,-2.144993,2.245043,-0.058308
668,1770206947560,7.425706,151.4471,470.0402,-617.8061,0.596120,-0.412937,0.400110,0.560389,1.404871,-0.973165,0.942935,0.395519,0.088334,0.488721,-2.136517,2.253393,-0.056334
669,1770206947571,7.436818,152.4748,469.8520,-615.8855,0.595105,-0.414499,0.401706,0.559172,1.403196,-0.977347,0.947182,0.396207,0.085268,0.488691,-2.127848,2.261816,-0.054618
670,1770206947582,7.447929,153.4430,469.7543,-613.9931,0.594031,-0.416703,0.402522,0.558088,1.401304,-0.982990,0.949538,0.396512,0.083747,0.488675,-2.123479,2.265908,-0.053847
671,1770206947594,7.459040,154.4580,469.9990,-612.5919,0.592708,-0.418630,0.403411,0.557410,1.398582,-0.987819,0.951908,0.397114,0.080787,0.488663,-2.114976,2.274051,-0.052504
672,1770206947605,7.470151,155.6012,469.8685,-610.7138,0.591638,-0.420031,0.404993,0.556345,1.396683,-0.991569,0.956068,0.397414,0.079298,0.488656,-2.110793,2.278104,-0.052020
673,1770206947616,7.481262,156.4662,470.3736,-608.9169,0.590561,-0.421399,0.406659,0.555238,1.394790,-0.995264,0.960449,0.397963,0.076307,0.488652,-2.102172,2.286096,-0.051165
674,1770206947627,7.492374,157.4888,470.8605,-606.8966,0.589396,-0.423135,0.408160,0.554052,1.392736,-0.999864,0.964478,0.398258,0.074786,0.488650,-2.097745,2.290271,-0.050825
675,1770206947638,7.503485,158.5243,470.4472,-604.6236,0.588181,-0.424507,0.409878,0.553025,1.390467,-1.003540,0.968956,0.398528,0.073251,0.488639,-2.093250,2.294339,-0.050481
676,1770206947649,7.514596,159.9603,470.6007,-602.5022,0.587698,-0.426911,0.410540,0.551194,1.390401,-1.010004,0.971273,0.399109,0.070218,0.488625,-2.084519,2.302580,-0.049829
677,1770206947660,7.525708,161.3207,470.9286,-600.8734,0.586644,-0.428465,0.411863,0.550123,1.388535,-1.014138,0.974844,0.399377,0.068693,0.488608,-2.080238,2.306529,-0.049524
678,1770206947671,7.536819,162.2075,471.3992,-599.1990,0.585834,-0.429743,0.413653,0.548645,1.387486,-1.017799,0.979692,0.399879,0.065688,0.488605,-2.071642,2.314361,-0.049215
679,1770206947682,7.547930,163.4105,471.0329,-596.8563,0.584389,-0.431016,0.415449,0.547830,1.384539,-1.021166,0.984285,0.400129,0.064126,0.488601,-2.067212,2.318426,-0.049122
680,1770206947694,7.559041,164.7682,471.0587,-594.5885,0.583251,-0.432359,0.417341,0.546545,1.382595,-1.024907,0.989308,0.400364,0.062541,0.488602,-2.062659,2.322462,-0.049025
681,1770206947705,7.570153,165.4353,471.0992,-593.0092,0.582090,-0.434040,0.418719,0.545394,1.380519,-1.029394,0.993057,0.400859,0.059391,0.488573,-2.053597,2.330613,-0.048774
682,1770206947716,7.581264,166.4021,471.0493,-591.0055,0.580959,-0.435509,0.420283,0.544225,1.378520,-1.033389,0.997262,0.401080,0.057848,0.488559,-2.049120,2.334564,-0.048656
683,1770206947727,7.592375,167.2034,471.0448,-589.3575,0.579924,-0.437183,0.421566,0.542993,1.376783,-1.037905,1.000829,0.401469,0.054803,0.488552,-2.040223,2.342427,-0.048759
684,1770206947738,7.603486,167.9964,471.1745,-587.6179,0.579005,-0.438834,0.422828,0.541660,1.375378,-1.042413,1.004393,0.401670,0.053273,0.488540,-2.035869,2.346239,-0.048736
685,1770206947749,7.614597,168.8190,471.1067,-585.9430,0.577954,-0.439859,0.424825,0.540386,1.373626,-1.045416,1.009685,0.401807,0.051714,0.488566,-2.031244,2.350162,-0.049053
686,1770206947760,7.625709,169.6768,470.9039,-583.8483,0.576760,-0.441469,0.426422,0.539090,1.371545,-1.049820,1.014040,0.402173,0.048541,0.488534,-2.021985,2.358291,-0.049213
687,1770206947771,7.636820,171.1171,470.4255,-581.3377,0.575478,-0.442955,0.428094,0.537915,1.369180,-1.053881,1.018525,0.402328,0.046950,0.488544,-2.017362,2.362336,-0.049481
688,1770206947782,7.647931,171.7784,470.5695,-579.5598,0.574359,-0.444613,0.429380,0.536716,1.367218,-1.058366,1.022105,0.402507,0.045358,0.488518,-2.012747,2.366359,-0.049548
689,1770206947794,7.659043,172.8632,470.4904,-577.4646,0.573209,-0.446124,0.430865,0.535500,1.365187,-1.062515,1.026173,0.402828,0.042220,0.488500,-2.003623,2.374279,-0.049718
690,1770206947805,7.670154,173.7184,470.2923,-575.7265,0.572083,-0.447767,0.432119,0.534322,1.363189,-1.066962,1.029676,0.402983,0.040656,0.488499,-1.999114,2.378143,-0.049814
691,1770206947816,7.681265,174.6327,470.5464,-573.7124,0.571044,-0.449182,0.433756,0.532917,1.361530,-1.070979,1.034198,0.403257,0.037480,0.488509,-1.989872,2.386069,-0.050107
692,1770206947827,7.692376,175.5223,470.5875,-571.6875,0.570060,-0.450778,0.435309,0.531354,1.360093,-1.075501,1.038595,0.403345,0.035861,0.488530,-1.985033,2.390058,-0.050439
693,1770206947838,7.703487,176.6303,470.8151,-569.3171,0.568612,-0.452317,0.436887,0.530301,1.357250,-1.079659,1.042828,0.403467,0.034243,0.488546,-1.980307,2.394101,-0.050718
694,1770206947849,7.714599,177.4925,470.8264,-567.5914,0.567674,-0.453903,0.438326,0.528761,1.355905,-1.084159,1.046955,0.403739,0.030987,0.488547,-1.970938,2.402083,-0.050917
695,1770206947860,7.725710,178.2832,470.7673,-565.2809,0.566052,-0.455147,0.440030,0.528015,1.352464,-1.087480,1.051359,0.403834,0.029404,0.488577,-1.966188,2.406130,-0.051345
696,1770206947871,7.736821,179.3552,471.0100,-563.1510,0.565163,-0.456623,0.441515,0.526452,1.351243,-1.091736,1.055614,0.404032,0.026240,0.488608,-1.956855,2.413924,-0.051737
697,1770206947882,7.747933,179.9044,470.5827,-561.2496,0.564059,-0.458181,0.442932,0.525089,1.349394,-1.096103,1.059622,0.404105,0.024649,0.488650,-1.952099,2.417816,-0.052099
698,1770206947894,7.759044,180.5938,470.2996,-559.1146,0.563024,-0.460033,0.444101,0.523592,1.347783,-1.101242,1.063102,0.404179,0.022949,0.488669,-1.946974,2.421988,-0.052334
699,1770206947905,7.770155,181.5734,470.5654,-556.8669,0.561653,-0.461306,0.445856,0.522451,1.345161,-1.104831,1.067826,0.404384,0.019701,0.488692,-1.937390,2.430076,-0.052770
700,1770206947916,7.781266,182.3676,470.6079,-554.9109,0.560529,-0.462637,0.447460,0.521108,1.343245,-1.108659,1.072289,0.404430,0.018090,0.488710,-1.932470,2.433967,-0.053031
701,1770206947927,7.792377,183.1039,470.6862,-552.9730,0.559221,-0.463861,0.449251,0.519883,1.340818,-1.112176,1.077148,0.404541,0.014905,0.488762,-1.922896,2.441738,-0.053659
702,1770206947938,7.803489,183.8828,471.1401,-551.0782,0.558049,-0.465418,0.450507,0.518663,1.338711,-1.116497,1.080727,0.404601,0.013305,0.488760,-1.918096,2.445605,-0.053747
703,1770206947949,7.814600,184.6963,471.0408,-548.9598,0.556454,-0.466805,0.452214,0.517644,1.335470,-1.120316,1.085299,0.404647,0.011685,0.488774,-1.913287,2.449557,-0.054053
704,1770206947960,7.825711,185.5017,471.0508,-546.7923,0.555285,-0.468110,0.453814,0.516318,1.333428,-1.124091,1.089763,0.404710,0.008416,0.488791,-1.903592,2.457263,-0.054549
705,1770206947971,7.836823,186.2766,470.7841,-544.3458,0.553977,-0.469654,0.455307,0.515005,1.331041,-1.128440,1.093968,0.404770,0.006775,0.488778,-1.898679,2.461295,-0.054726
706,1770206947982,7.847934,187.0925,471.0037,-542.4272,0.552989,-0.471086,0.456718,0.513508,1.329527,-1.132612,1.098068,0.404790,0.005174,0.488787,-1.893797,2.465089,-0.054873
707,1770206947994,7.859045,187.7441,471.2030,-540.4308,0.551863,-0.472678,0.458055,0.512064,1.327651,-1.137149,1.101969,0.404762,0.001970,0.488838,-1.884022,2.472569,-0.055464
708,1770206948005,7.870156,188.4604,471.0307,-538.3962,0.550684,-0.473826,0.459731,0.510767,1.325557,-1.140553,1.106624,0.404771,0.000354,0.488837,-1.879155,2.476448,-0.055726
709,1770206948016,7.881267,189.4225,471.2337,-536.0813,0.549639,-0.475549,0.460803,0.509324,1.323869,-1.145415,1.109898,0.404750,-0.002856,0.488845,-1.869543,2.483937,-0.056367
710,1770206948027,7.892379,190.1994,471.2375,-533.8782,0.547775,-0.476498,0.462969,0.508480,1.319863,-1.148120,1.115522,0.404752,-0.004494,0.488831,-1.864683,2.487796,-0.056615
711,1770206948038,7.903490,191.1035,471.1661,-531.6931,0.547025,-0.478238,0.464092,0.506627,1.319116,-1.153239,1.119129,0.404727,-0.006159,0.488833,-1.859637,2.491590,-0.056867
712,1770206948049,7.914601,191.9321,470.9406,-529.3947,0.545476,-0.479431,0.465834,0.505570,1.315984,-1.156649,1.123844,0.404659,-0.009441,0.488824,-1.849775,2.499214,-0.057472
713,1770206948060,7.925713,192.3739,470.7749,-527.4751,0.544348,-0.480681,0.467448,0.504106,1.314100,-1.160401,1.128457,0.404582,-0.011066,0.488829,-1.844659,2.503012,-0.057931
714,1770206948071,7.936824,193.1325,470.5064,-525.1316,0.542909,-0.481993,0.468922,0.503036,1.311235,-1.164112,1.132541,0.404496,-0.014299,0.488818,-1.834957,2.510384,-0.058420
715,1770206948082,7.947935,193.7926,470.4171,-523.1791,0.542011,-0.483593,0.470261,0.501216,1.310104,-1.168900,1.136675,0.404441,-0.015934,0.488791,-1.829946,2.514103,-0.058661
716,1770206948094,7.959047,194.5372,470.4411,-520.9788,0.540384,-0.484853,0.471996,0.500122,1.306795,-1.172505,1.141415,0.404373,-0.017537,0.488800,-1.824980,2.517954,-0.058998
717,1770206948105,7.970158,194.9965,470.3066,-518.8357,0.539176,-0.486074,0.473483,0.498834,1.304606,-1.176119,1.145653,0.404199,-0.020784,0.488792,-1.814947,2.525184,-0.059463
718,1770206948116,7.981269,195.4626,470.0781,-516.6232,0.537778,-0.487254,0.475254,0.497505,1.301980,-1.179659,1.150606,0.404116,-0.022406,0.488799,-1.809988,2.528853,-0.059655
719,1770206948127,7.992380,196.0621,470.1501,-514.3618,0.536624,-0.488754,0.476556,0.496033,1.300022,-1.184051,1.154501,0.403880,-0.025640,0.488820,-1.799926,2.536112,-0.060398
720,1770206948138,8.003491,196.6399,470.2972,-512.0980,0.535496,-0.490225,0.477942,0.494465,1.298178,-1.188428,1.158653,0.403774,-0.027258,0.488826,-1.794989,2.539716,-0.060631
721,1770206948149,8.014603,197.2634,469.8734,-509.5492,0.533987,-0.491524,0.479605,0.493195,1.295240,-1.192241,1.163330,0.403675,-0.028887,0.488821,-1.789948,2.543333,-0.060819
722,1770206948160,8.025714,197.8461,469.8849,-507.2322,0.532842,-0.492979,0.480822,0.491794,1.293256,-1.196504,1.166998,0.403412,-0.032117,0.488834,-1.779955,2.550433,-0.061240
723,1770206948171,8.036825,198.4013,470.3772,-505.4266,0.531612,-0.494214,0.482406,0.490332,1.291098,-1.200270,1.171594,0.403266,-0.033716,0.488850,-1.774955,2.553913,-0.061508
724,1770206948182,8.047936,199.0070,470.2854,-503.3305,0.530183,-0.495540,0.483717,0.489248,1.288239,-1.204064,1.175336,0.403134,-0.035331,0.488843,-1.769934,2.557427,-0.061621
725,1770206948194,8.059048,199.4036,470.5949,-501.2847,0.529085,-0.496874,0.485185,0.487628,1.286486,-1.208164,1.179742,0.402807,-0.038537,0.488876,-1.760052,2.564502,-0.062359
726,1770206948205,8.070159,200.0484,470.7043,-499.2322,0.527926,-0.498414,0.486370,0.486130,1.284515,-1.212707,1.183401,0.402647,-0.040184,0.488863,-1.755026,2.568046,-0.062423
727,1770206948216,8.081270,200.8121,471.0329,-497.0860,0.526325,-0.499769,0.487957,0.484883,1.281320,-1.216670,1.187914,0.402326,-0.043404,0.488854,-1.745012,2.575232,-0.062741
728,1770206948227,8.092381,201.3268,471.0069,-495.0764,0.524971,-0.501041,0.489337,0.483646,1.278721,-1.220432,1.191923,0.402131,-0.044995,0.488865,-1.740154,2.578592,-0.063010
729,1770206948238,8.103492,201.7669,470.9890,-492.9935,0.523495,-0.502181,0.490987,0.482388,1.275833,-1.223888,1.196607,0.401919,-0.046577,0.488889,-1.735101,2.582101,-0.063278
730,1770206948249,8.114603,202.1792,470.8778,-490.7026,0.522221,-0.503496,0.492300,0.481059,1.273475,-1.227811,1.200509,0.401520,-0.049750,0.488876,-1.725186,2.589002,-0.063658
731,1770206948260,8.125715,202.6115,470.8303,-488.4452,0.520918,-0.504683,0.493961,0.479523,1.271158,-1.231542,1.205377,0.401307,-0.051334,0.488878,-1.720177,2.592409,-0.063853
732,1770206948271,8.136826,203.1791,470.5623,-486.2738,0.519466,-0.506126,0.495210,0.478287,1.268308,-1.235737,1.209084,0.400897,-0.054490,0.488860,-1.710051,2.599404,-0.064116
733,1770206948282,8.147937,203.6329,470.6031,-484.1740,0.518145,-0.507564,0.496387,0.476974,1.265818,-1.239968,1.212662,0.400666,-0.056030,0.488877,-1.705103,2.602772,-0.064322
734,1770206948294,8.159049,204.0821,470.7911,-481.9493,0.516922,-0.508975,0.497741,0.475384,1.263718,-1.244290,1.216826,0.400439,-0.057585,0.488879,-1.700087,2.606172,-0.064527
735,1770206948305,8.170160,204.5502,470.7563,-480.0201,0.515731,-0.510143,0.499174,0.473922,1.261622,-1.247953,1.221119,0.399993,-0.060648,0.488880,-1.690187,2.612870,-0.064845
736,1770206948316,8.181271,204.8805,470.8401,-477.8352,0.514483,-0.511294,0.500723,0.472401,1.259418,-1.251612,1.225736,0.399759,-0.062168,0.488879,-1.685346,2.616131,-0.065017
737,1770206948327,8.192383,205.1496,470.7635,-475.6569,0.513059,-0.512497,0.502127,0.471154,1.256628,-1.255252,1.229852,0.399236,-0.065217,0.488912,-1.675527,2.622689,-0.065558
738,1770206948338,8.203494,205.5085,470.6181,-473.3474,0.511656,-0.513812,0.503511,0.469769,1.253962,-1.259248,1.234001,0.398963,-0.066729,0.488917,-1.670525,2.625904,-0.065743
739,1770206948349,8.214605,205.8374,470.7582,-471.2988,0.510523,-0.514966,0.504870,0.468277,1.252017,-1.262912,1.238152,0.398686,-0.068264,0.488932,-1.665534,2.629249,-0.066108
740,1770206948360,8.225716,206.1349,470.8961,-469.2090,0.509486,-0.516376,0.505928,0.466708,1.250346,-1.267256,1.241615,0.398147,-0.071248,0.488946,-1.655864,2.635554,-0.066616
741,1770206948371,8.236827,206.5034,470.9554,-467.2928,0.508043,-0.517501,0.507345,0.465496,1.247478,-1.270703,1.245764,0.397878,-0.072735,0.488944,-1.651011,2.638769,-0.066882
742,1770206948382,8.247939,206.8741,470.8588,-464.9753,0.506824,-0.518545,0.508756,0.464121,1.245248,-1.274046,1.249993,0.397587,-0.074212,0.488963,-1.646194,2.641866,-0.067213
743,1770206948394,8.259050,207.1726,471.1143,-462.9247,0.505563,-0.519697,0.510127,0.462700,1.242938,-1.277685,1.254159,0.397009,-0.077209,0.488973,-1.636382,2.648271,-0.067741
744,1770206948405,8.270161,207.5441,470.8140,-460.5716,0.504009,-0.520718,0.511668,0.461545,1.239756,-1.280856,1.258594,0.396705,-0.078698,0.488984,-1.631414,2.651442,-0.068105
745,1770206948416,8.281272,207.8269,470.9427,-458.6294,0.502789,-0.522064,0.512652,0.460261,1.237465,-1.284906,1.261740,0.396133,-0.081630,0.488973,-1.621828,2.657613,-0.068454
746,1770206948427,8.292383,208.1233,470.8247,-456.6011,0.501523,-0.522997,0.514116,0.458948,1.235075,-1.287956,1.266086,0.395814,-0.083068,0.488989,-1.617063,2.660622,-0.068817
747,1770206948438,8.303495,208.2959,470.6514,-454.6199,0.500172,-0.524151,0.515341,0.457732,1.232417,-1.291501,1.269793,0.395495,-0.084516,0.488997,-1.612243,2.663647,-0.069019
748,1770206948449,8.314606,208.4147,470.9116,-452.5120,0.499216,-0.525336,0.516539,0.456063,1.230982,-1.295390,1.273698,0.394814,-0.087397,0.489024,-1.602752,2.669585,-0.069788
749,1770206948460,8.325717,208.5870,470.8037,-450.5238,0.497762,-0.526474,0.517944,0.454745,1.228122,-1.298964,1.277917,0.394514,-0.088873,0.489002,-1.597882,2.672749,-0.069863
750,1770206948471,8.336829,208.8460,470.6856,-448.1924,0.496442,-0.527520,0.519346,0.453374,1.225620,-1.302344,1.282164,0.393813,-0.091786,0.489013,-1.588227,2.678630,-0.070470
751,1770206948482,8.347940,209.0954,470.7679,-446.0691,0.495051,-0.528687,0.520625,0.452067,1.222903,-1.305993,1.286076,0.393489,-0.093229,0.488991,-1.583421,2.681685,-0.070579
752,1770206948494,8.359051,209.3071,470.7171,-444.1299,0.493742,-0.529755,0.521811,0.450879,1.220322,-1.309331,1.289695,0.393161,-0.094646,0.488978,-1.578725,2.684674,-0.070874
753,1770206948505,8.370162,209.4510,470.8719,-442.2906,0.492429,-0.530945,0.522993,0.449544,1.217808,-1.313060,1.293394,0.392456,-0.097445,0.488989,-1.569285,2.690375,-0.071305
754,1770206948516,8.381273,209.6129,470.8015,-440.2421,0.491341,-0.531925,0.524279,0.448076,1.215920,-1.316352,1.297432,0.392128,-0.098850,0.488960,-1.564605,2.693280,-0.071364
755,1770206948527,8.392385,209.7044,470.7418,-438.1735,0.489882,-0.532933,0.525729,0.446774,1.213022,-1.319622,1.301784,0.391385,-0.101712,0.488957,-1.554929,2.698980,-0.071713
756,1770206948538,8.403496,209.8814,470.8787,-436.1749,0.488473,-0.534020,0.526926,0.445608,1.210170,-1.323009,1.305434,0.391008,-0.103111,0.488959,-1.550109,2.701749,-0.071930
757,1770206948549,8.414607,210.1684,470.7646,-433.9137,0.487302,-0.535156,0.528100,0.444135,1.208070,-1.326705,1.309212,0.390641,-0.104517,0.488966,-1.545325,2.704704,-0.072237
758,1770206948560,8.425718,210.3865,470.6452,-432.1805,0.486060,-0.536361,0.528965,0.443011,1.205604,-1.330370,1.312024,0.389879,-0.107272,0.488970,-1.536018,2.710197,-0.072617
759,1770206948571,8.436830,210.3765,470.4624,-430.2584,0.484756,-0.536998,0.530574,0.441741,1.203062,-1.332715,1.316772,0.389515,-0.108607,0.488954,-1.531466,2.712997,-0.073039
760,1770206948582,8.447941,210.5917,470.4485,-428.2285,0.483612,-0.538132,0.531599,0.440381,1.200960,-1.336351,1.320128,0.389116,-0.109974,0.488963,-1.526850,2.715717,-0.073202
761,1770206948594,8.459052,210.8344,470.3726,-426.1032,0.482235,-0.539057,0.532995,0.439072,1.198251,-1.339441,1.324378,0.388313,-0.112699,0.488961,-1.517635,2.721196,-0.073895
762,1770206948605,8.470163,210.8954,470.6476,-424.0228,0.480782,-0.540063,0.534234,0.437920,1.195264,-1.342643,1.328152,0.387919,-0.114098,0.488947,-1.513000,2.723964,-0.073980
763,1770206948616,8.481275,210.9836,470.5977,-421.8002,0.479778,-0.541114,0.535367,0.436338,1.193625,-1.346221,1.331923,0.387085,-0.116820,0.488932,-1.503630,2.729436,-0.074596
764,1770206948627,8.492386,210.8215,470.5203,-419.7131,0.478132,-0.542115,0.536501,0.435509,1.189978,-1.349219,1.335249,0.386676,-0.118146,0.488942,-1.499199,2.732078,-0.074890
765,1770206948638,8.503497,210.7032,470.8102,-418.2456,0.477020,-0.543155,0.537526,0.434167,1.187935,-1.352632,1.338615,0.386273,-0.119469,0.488915,-1.494620,2.734756,-0.075106
766,1770206948649,8.514608,210.7746,470.7036,-416.4362,0.475547,-0.543969,0.538801,0.433182,1.184797,-1.355267,1.342391,0.385412,-0.122106,0.488911,-1.485602,2.740029,-0.075692
767,1770206948660,8.525720,211.0786,470.7564,-414.5315,0.474103,-0.544758,0.540199,0.432030,1.181820,-1.357944,1.346580,0.384952,-0.123434,0.488899,-1.480935,2.742625,-0.076046
768,1770206948671,8.536831,211.2191,470.6349,-412.5862,0.472941,-0.545514,0.541516,0.430698,1.179639,-1.360655,1.350682,0.384070,-0.126094,0.488875,-1.471778,2.747877,-0.076727
769,1770206948682,8.547942,211.4637,470.8582,-410.6172,0.471721,-0.546745,0.542485,0.429254,1.177369,-1.364623,1.353990,0.383646,-0.127419,0.488831,-1.467132,2.750600,-0.076859
770,1770206948694,8.559054,211.4097,470.4657,-408.2515,0.470262,-0.547756,0.543370,0.428447,1.174160,-1.367649,1.356699,0.383231,-0.128724,0.488806,-1.462673,2.753156,-0.077125
771,1770206948705,8.570165,211.3701,470.4363,-406.6275,0.469155,-0.548874,0.544288,0.427062,1.172138,-1.371307,1.359850,0.382355,-0.131244,0.488769,-1.453773,2.758187,-0.077637
772,1770206948716,8.581276,211.4182,470.7101,-405.0384,0.468337,-0.549698,0.545341,0.425553,1.170902,-1.374315,1.363422,0.381917,-0.132500,0.488760,-1.449316,2.760669,-0.077971
773,1770206948727,8.592388,211.6495,470.6046,-403.1214,0.466925,-0.550656,0.546518,0.424356,1.168009,-1.377464,1.367111,0.381048,-0.135020,0.488749,-1.440390,2.765655,-0.078411
774,1770206948738,8.603499,211.5593,470.7494,-400.7686,0.465574,-0.551111,0.548137,0.423160,1.165268,-1.379355,1.371913,0.380589,-0.136282,0.488754,-1.435815,2.768114,-0.078656
775,1770206948749,8.614610,211.4418,470.5614,-398.7677,0.464442,-0.552627,0.548686,0.421713,1.163206,-1.384067,1.374197,0.380147,-0.137529,0.488755,-1.431344,2.770576,-0.078843
776,1770206948760,8.625721,211.2903,470.7891,-397.3585,0.463303,-0.553908,0.549330,0.420445,1.161029,-1.388082,1.376610,0.379230,-0.140013,0.488774,-1.422258,2.775505,-0.079482
777,1770206948771,8.636833,211.3069,470.8780,-395.7161,0.462068,-0.554409,0.550799,0.419219,1.158586,-1.390120,1.381069,0.378789,-0.141216,0.488776,-1.417882,2.777952,-0.079820
778,1770206948782,8.647944,211.1715,470.9458,-394.3800,0.460685,-0.555077,0.552032,0.418234,1.155640,-1.392426,1.384786,0.378333,-0.142410,0.488786,-1.413496,2.780208,-0.080125
779,1770206948794,8.659056,211.0584,470.7885,-392.6561,0.459809,-0.555918,0.552977,0.416831,1.154186,-1.395435,1.388051,0.377450,-0.144726,0.488815,-1.404990,2.784849,-0.080690
780,1770206948805,8.670167,211.0469,470.8752,-390.7906,0.458534,-0.556914,0.553943,0.415622,1.151625,-1.398711,1.391251,0.376995,-0.145917,0.488813,-1.400608,2.787112,-0.080828
781,1770206948816,8.681278,210.8890,470.4303,-388.7357,0.457009,-0.557623,0.555220,0.414644,1.148313,-1.401124,1.395085,0.376050,-0.148251,0.488865,-1.392001,2.791678,-0.081527
782,1770206948827,8.692389,210.8682,470.3719,-387.0529,0.455866,-0.558615,0.556103,0.413383,1.146107,-1.404431,1.398116,0.375594,-0.149420,0.488867,-1.387650,2.793881,-0.081754
783,1770206948838,8.703501,210.8436,470.3579,-385.4290,0.454581,-0.559320,0.557244,0.412306,1.143444,-1.406901,1.401681,0.375108,-0.150542,0.488906,-1.383371,2.796112,-0.082185
784,1770206948849,8.714612,210.8571,470.3066,-383.4380,0.453505,-0.560074,0.558215,0.411153,1.141344,-1.409547,1.404869,0.374221,-0.152765,0.488935,-1.375131,2.800411,-0.082672
785,1770206948860,8.725723,210.6911,470.0605,-381.8620,0.451618,-0.560413,0.559740,0.410694,1.136835,-1.410701,1.409007,0.373778,-0.153860,0.488954,-1.371078,2.802598,-0.082974
786,1770206948871,8.736834,210.4686,469.8509,-380.0293,0.450523,-0.561343,0.560471,0.409629,1.134638,-1.413737,1.411540,0.372883,-0.155965,0.489018,-1.363136,2.806709,-0.083717
787,1770206948882,8.747945,210.4366,470.3499,-379.0735,0.449676,-0.562263,0.561271,0.408200,1.133252,-1.416990,1.414488,0.372451,-0.157014,0.489047,-1.359185,2.808765,-0.084012
788,1770206948894,8.759057,210.4626,470.5592,-377.4899,0.448905,-0.563117,0.562150,0.406658,1.132118,-1.420154,1.417717,0.371993,-0.158075,0.489088,-1.355128,2.810859,-0.084288
789,1770206948905,8.770168,209.9512,470.4602,-375.6921,0.447501,-0.563657,0.563173,0.406042,1.128898,-1.421922,1.420702,0.371157,-0.160164,0.489115,-1.347407,2.814873,-0.084603
790,1770206948916,8.781279,210.0745,470.4283,-374.3253,0.446427,-0.564282,0.564100,0.405068,1.126698,-1.424141,1.423682,0.370744,-0.161168,0.489144,-1.343656,2.816784,-0.084781
791,1770206948927,8.792390,209.9309,470.3945,-372.9113,0.445515,-0.564973,0.564967,0.403899,1.125005,-1.426659,1.426642,0.369907,-0.163191,0.489186,-1.336138,2.820619,-0.084959
792,1770206948938,8.803502,209.9332,470.8235,-371.8099,0.444942,-0.565636,0.565718,0.402550,1.124262,-1.429227,1.429433,0.369509,-0.164134,0.489206,-1.332593,2.822352,-0.085133
793,1770206948949,8.814613,209.8395,470.8197,-370.6005,0.444134,-0.566377,0.566383,0.401462,1.122787,-1.431823,1.431838,0.369117,-0.165061,0.489226,-1.329182,2.824063,-0.085174
794,1770206948960,8.825724,209.9369,471.1700,-368.6790,0.443139,-0.566999,0.567162,0.400584,1.120730,-1.433979,1.434392,0.368325,-0.166829,0.489291,-1.322338,2.827444,-0.085583
795,1770206948971,8.836835,209.8854,471.2063,-367.4887,0.442238,-0.567858,0.567676,0.399635,1.118943,-1.436786,1.436324,0.367937,-0.167714,0.489322,-1.318960,2.829050,-0.085653
796,1770206948982,8.847947,209.7669,471.1218,-366.0457,0.440413,-0.567748,0.569236,0.399586,1.114352,-1.436540,1.440305,0.367552,-0.168559,0.489340,-1.315770,2.830573,-0.085818
797,1770206948994,8.859058,209.8709,471.3080,-365.0503,0.439762,-0.568352,0.569828,0.398600,1.113215,-1.438729,1.442464,0.366807,-0.170215,0.489354,-1.309450,2.833612,-0.085870
798,1770206949005,8.870169,209.8685,471.4499,-364.2373,0.439737,-0.569587,0.569711,0.397028,1.113968,-1.442911,1.443223,0.366427,-0.170966,0.489373,-1.306442,2.835039,-0.086179
799,1770206949016,8.881281,209.7324,471.3463,-362.9233,0.439140,-0.570178,0.570186,0.396158,1.112905,-1.444994,1.445014,0.365779,-0.172417,0.489354,-1.300909,2.837877,-0.086234
800,1770206949027,8.892392,209.7204,471.3924,-362.0609,0.438394,-0.570546,0.570872,0.395466,1.111374,-1.446392,1.447220,0.365436,-0.173107,0.489360,-1.298213,2.839080,-0.086392
801,1770206949038,8.903503,209.4030,471.1024,-360.5411,0.437502,-0.570740,0.571675,0.395013,1.109348,-1.447191,1.449561,0.365123,-0.173750,0.489350,-1.295739,2.840234,-0.086505
802,1770206949049,8.914614,209.4274,471.0695,-359.7372,0.436888,-0.571351,0.572033,0.394292,1.108162,-1.449226,1.450955,0.364541,-0.174992,0.489332,-1.291003,2.842611,-0.086679
803,1770206949060,8.925726,209.1034,471.1534,-359.0171,0.436371,-0.571746,0.572524,0.393576,1.107222,-1.450714,1.452688,0.364264,-0.175585,0.489325,-1.288705,2.843702,-0.086745
804,1770206949071,8.936837,209.0812,471.1526,-358.2532,0.435794,-0.572214,0.572888,0.393007,1.106050,-1.452288,1.453997,0.363773,-0.176691,0.489263,-1.284536,2.845788,-0.086719
805,1770206949082,8.947948,209.0744,471.0830,-357.7346,0.434968,-0.572228,0.573726,0.392680,1.104123,-1.452544,1.456347,0.363523,-0.177211,0.489247,-1.282545,2.846790,-0.086822
806,1770206949094,8.959059,208.7744,471.0035,-356.6601,0.434418,-0.572511,0.574099,0.392330,1.102908,-1.453502,1.457531,0.363287,-0.177676,0.489249,-1.280802,2.847662,-0.086959
807,1770206949105,8.970170,209.0001,470.5283,-355.3571,0.433812,-0.572931,0.574438,0.391892,1.101595,-1.454864,1.458691,0.362817,-0.178583,0.489238,-1.277378,2.849260,-0.087180
808,1770206949116,8.981282,208.8934,470.9607,-354.8557,0.433418,-0.573043,0.574999,0.391339,1.100878,-1.455526,1.460494,0.362612,-0.179046,0.489199,-1.275802,2.850040,-0.087185
809,1770206949127,8.992393,208.9073,470.8638,-354.2994,0.432749,-0.573483,0.575233,0.391092,1.099307,-1.456811,1.461257,0.362203,-0.179876,0.489185,-1.272750,2.851558,-0.087279
810,1770206949138,9.003504,208.9508,470.8304,-353.8402,0.432458,-0.573717,0.575552,0.390600,1.098819,-1.457742,1.462404,0.362015,-0.180258,0.489159,-1.271464,2.852212,-0.087332
811,1770206949149,9.014615,208.5620,470.8176,-353.0882,0.431995,-0.573984,0.575828,0.390313,1.097792,-1.458616,1.463301,0.361829,-0.180629,0.489160,-1.270179,2.852822,-0.087377
812,1770206949160,9.025726,208.4489,470.9805,-352.6965,0.431898,-0.574124,0.576078,0.389846,1.097784,-1.459290,1.464256,0.361480,-0.181297,0.489129,-1.267755,2.854001,-0.087502
813,1770206949171,9.036838,208.4118,470.9872,-352.4327,0.431629,-0.574184,0.576522,0.389399,1.097331,-1.459748,1.465693,0.361320,-0.181587,0.489121,-1.266672,2.854561,-0.087615
814,1770206949182,9.047949,208.3262,470.6612,-351.8546,0.431199,-0.574530,0.576540,0.389338,1.096269,-1.460670,1.465779,0.361151,-0.181846,0.489128,-1.265670,2.855026,-0.087857
815,1770206949194,9.059060,208.2940,470.8533,-351.3976,0.431004,-0.574237,0.577286,0.388881,1.096008,-1.460238,1.467990,0.360840,-0.182377,0.489139,-1.263580,2.855990,-0.088042
816,1770206949205,9.070171,208.2716,470.7043,-351.2329,0.430545,-0.574732,0.577161,0.388845,1.094858,-1.461520,1.467697,0.360697,-0.182622,0.489139,-1.262660,2.856356,-0.088159
817,1770206949216,9.081282,208.2502,470.7660,-351.0408,0.430401,-0.574834,0.577327,0.388605,1.094616,-1.461946,1.468286,0.360461,-0.183072,0.489134,-1.261150,2.857205,-0.088280
818,1770206949227,9.092394,208.1159,470.6582,-350.7191,0.430275,-0.574838,0.577680,0.388214,1.094496,-1.462222,1.469452,0.360364,-0.183287,0.489132,-1.260375,2.857582,-0.088238
819,1770206949238,9.103505,208.2667,470.5628,-350.2905,0.430027,-0.574779,0.577978,0.388133,1.093907,-1.462128,1.470266,0.360264,-0.183479,0.489134,-1.259763,2.857912,-0.088299
820,1770206949249,9.114616,208.3071,470.7048,-350.0258,0.429720,-0.574951,0.578191,0.387901,1.093244,-1.462725,1.470967,0.360033,-0.183803,0.489168,-1.258368,2.858556,-0.088624
821,1770206949260,9.125727,208.0485,470.8604,-349.5031,0.429602,-0.575083,0.578257,0.387738,1.093027,-1.463172,1.471248,0.359951,-0.183968,0.489164,-1.257876,2.858834,-0.088625
822,1770206949271,9.136838,207.9220,470.6589,-349.4357,0.429675,-0.575002,0.578606,0.387257,1.093460,-1.463295,1.472466,0.359776,-0.184262,0.489175,-1.256722,2.859369,-0.088681
823,1770206949282,9.147950,208.1726,470.6221,-349.2534,0.429313,-0.575069,0.578699,0.387418,1.092456,-1.463357,1.472594,0.359689,-0.184410,0.489179,-1.256140,2.859627,-0.088723
824,1770206949294,9.159061,207.9415,470.6528,-348.9362,0.429217,-0.575416,0.578555,0.387225,1.092311,-1.464372,1.472360,0.359638,-0.184540,0.489172,-1.255694,2.859867,-0.088625
825,1770206949305,9.170172,207.8443,470.8069,-348.7284,0.429199,-0.575409,0.578753,0.386961,1.092400,-1.464534,1.473046,0.359490,-0.184764,0.489195,-1.254759,2.860301,-0.088804
826,1770206949316,9.181283,207.7307,470.7471,-348.3677,0.429011,-0.575506,0.578797,0.386958,1.091922,-1.464783,1.473161,0.359433,-0.184855,0.489189,-1.254408,2.860481,-0.088799
827,1770206949327,9.192394,207.7081,470.7574,-348.2203,0.428819,-0.575623,0.578847,0.386923,1.091452,-1.465106,1.473311,0.359324,-0.185035,0.489209,-1.253631,2.860904,-0.088871
828,1770206949338,9.203506,207.5297,470.8730,-348.4620,0.428558,-0.575784,0.578799,0.387044,1.090726,-1.465433,1.473105,0.359268,-0.185103,0.489224,-1.253348,2.861007,-0.088960
829,1770206949349,9.214617,207.5144,470.8623,-348.2120,0.428520,-0.575613,0.579118,0.386863,1.090722,-1.465121,1.474041,0.359187,-0.185172,0.489260,-1.252936,2.861137,-0.089051
830,1770206949360,9.225728,207.3770,470.7608,-348.1365,0.428498,-0.575738,0.579066,0.386780,1.090708,-1.465498,1.473968,0.359072,-0.185298,0.489320,-1.252395,2.861350,-0.089221
831,1770206949371,9.236839,207.6195,471.1633,-347.7908,0.428500,-0.575652,0.579232,0.386655,1.090778,-1.465364,1.474478,0.359004,-0.185338,0.489364,-1.252082,2.861429,-0.089370
832,1770206949382,9.247951,207.6500,471.2883,-347.7253,0.428354,-0.575864,0.579126,0.386662,1.090402,-1.465898,1.474203,0.358956,-0.185410,0.489388,-1.251866,2.861542,-0.089298
833,1770206949394,9.259062,207.3907,471.3291,-347.5717,0.428203,-0.575797,0.579276,0.386703,1.089997,-1.465701,1.474556,0.358804,-0.185452,0.489535,-1.251282,2.861661,-0.089747
834,1770206949405,9.270173,207.1205,471.5050,-347.5380,0.428215,-0.575709,0.579457,0.386550,1.090106,-1.465582,1.475121,0.358748,-0.185458,0.489595,-1.251108,2.861683,-0.089920
835,1770206949416,9.281285,206.9763,471.5239,-347.4818,0.428182,-0.575496,0.579685,0.386563,1.090015,-1.465029,1.475693,0.358592,-0.185417,0.489817,-1.250765,2.861659,-0.090513
836,1770206949427,9.292396,206.8324,471.7680,-347.5351,0.428262,-0.575309,0.579935,0.386378,1.090313,-1.464681,1.476458,0.358508,-0.185407,0.489919,-1.250523,2.861720,-0.090835
837,1770206949438,9.303507,206.8301,471.9487,-347.4515,0.428346,-0.575448,0.579761,0.386337,1.090548,-1.465064,1.476045,0.358413,-0.185367,0.490066,-1.250329,2.861653,-0.091171
838,1770206949449,9.314619,206.3904,472.3212,-347.6227,0.428334,-0.575231,0.580032,0.386266,1.090555,-1.464560,1.476784,0.358168,-0.185236,0.490424,-1.249956,2.861418,-0.092306
839,1770206949460,9.325730,206.4340,472.4496,-347.4872,0.428324,-0.575060,0.580141,0.386369,1.090476,-1.464052,1.476990,0.358050,-0.185161,0.490596,-1.249810,2.861325,-0.092827
840,1770206949471,9.336841,206.2384,472.8921,-347.6930,0.428546,-0.574594,0.580647,0.386056,1.091202,-1.463082,1.478495,0.357792,-0.184986,0.491012,-1.249497,2.861044,-0.094012
841,1770206949482,9.347952,205.8655,473.2369,-347.7287,0.428514,-0.574351,0.581006,0.385914,1.091193,-1.462559,1.479506,0.357631,-0.184887,0.491250,-1.249240,2.860932,-0.094653
842,1770206949494,9.359064,205.6243,473.7206,-347.8958,0.428797,-0.574202,0.581129,0.385636,1.092055,-1.462371,1.480014,0.357482,-0.184761,0.491513,-1.249052,2.860746,-0.095413
843,1770206949505,9.370175,205.3851,474.2385,-347.9354,0.428759,-0.574241,0.581185,0.385536,1.092010,-1.462539,1.480225,0.357106,-0.184489,0.492089,-1.248629,2.860307,-0.097169
844,1770206949516,9.381286,205.0982,474.7598,-348.0963,0.428788,-0.573956,0.581484,0.385477,1.092115,-1.461854,1.481029,0.356908,-0.184346,0.492394,-1.248400,2.860072,-0.098052
845,1770206949527,9.392397,204.6100,474.9169,-348.2305,0.429205,-0.573751,0.581721,0.384959,1.093443,-1.461689,1.481993,0.356474,-0.183993,0.493074,-1.247998,2.859501,-0.100166
846,1770206949538,9.403508,204.0835,475.4471,-348.4346,0.429502,-0.573275,0.582182,0.384640,1.094364,-1.460695,1.483388,0.356265,-0.183804,0.493407,-1.247803,2.859254,-0.101112
847,1770206949549,9.414620,203.5241,475.8167,-348.9041,0.429735,-0.572970,0.582521,0.384322,1.095121,-1.460136,1.484474,0.356011,-0.183588,0.493805,-1.247501,2.858950,-0.102322
848,1770206949560,9.425731,203.3152,476.7388,-349.0192,0.429939,-0.572553,0.582934,0.384088,1.095761,-1.459231,1.485690,0.355460,-0.183117,0.494650,-1.246952,2.858230,-0.104919
849,1770206949571,9.436842,202.4245,477.1822,-349.0768,0.430251,-0.572247,0.583333,0.383588,1.096815,-1.458795,1.487058,0.355152,-0.182798,0.495136,-1.246564,2.857825,-0.106513
850,1770206949582,9.447953,202.2150,477.7843,-349.0391,0.430346,-0.571635,0.583921,0.383500,1.097101,-1.457297,1.488617,0.354846,-0.182551,0.495603,-1.246283,2.857424,-0.107857
851,1770206949594,9.459064,201.7110,478.4045,-349.2504,0.430436,-0.571186,0.584455,0.383254,1.097459,-1.456320,1.490151,0.354202,-0.181992,0.496601,-1.245430,2.856666,-0.110793
852,1770206949605,9.470176,201.2240,479.3246,-349.4893,0.431404,-0.571045,0.584504,0.382301,1.100418,-1.456612,1.490944,0.353848,-0.181632,0.497147,-1.245231,2.856030,-0.112524
853,1770206949616,9.481287,200.5949,479.9883,-349.6600,0.430493,-0.569952,0.585867,0.382870,1.097803,-1.453437,1.494021,0.353091,-0.181005,0.498258,-1.244299,2.855029,-0.115841
854,1770206949627,9.492398,200.0118,480.9202,-350.0648,0.431067,-0.569576,0.586162,0.382332,1.099545,-1.452846,1.495153,0.352713,-0.180644,0.498833,-1.243879,2.854659,-0.117784
855,1770206949638,9.503509,198.9361,481.2945,-349.4066,0.431367,-0.569197,0.586721,0.381700,1.100636,-1.452310,1.497023,0.352323,-0.180312,0.499414,-1.243417,2.854064,-0.119467
856,1770206949649,9.514620,198.4193,482.5621,-350.4225,0.431956,-0.568694,0.587100,0.381201,1.102397,-1.451368,1.498343,0.351486,-0.179521,0.500681,-1.242630,2.852845,-0.123473
857,1770206949660,9.525732,198.0472,483.6824,-351.9513,0.432411,-0.568082,0.587734,0.380620,1.103860,-1.450203,1.500371,0.351028,-0.179117,0.501350,-1.242105,2.852263,-0.125602
858,1770206949671,9.536843,197.0137,484.6166,-351.4669,0.432445,-0.567186,0.588709,0.380412,1.104056,-1.448056,1.503006,0.350120,-0.178268,0.502713,-1.241209,2.850980,-0.129808
859,1770206949682,9.547954,195.9931,485.4250,-351.5316,0.433327,-0.566803,0.588946,0.379612,1.106724,-1.447624,1.504178,0.349634,-0.177818,0.503421,-1.240799,2.850123,-0.131936
860,1770206949694,9.559065,195.1562,486.6898,-352.4227,0.434574,-0.566468,0.589267,0.378185,1.110658,-1.447743,1.506011,0.349124,-0.177334,0.504162,-1.240250,2.849493,-0.134443
861,1770206949705,9.570177,194.3680,487.5939,-352.2301,0.434225,-0.565616,0.590110,0.378548,1.109574,-1.445318,1.507907,0.348125,-0.176373,0.505646,-1.239229,2.848055,-0.139089
862,1770206949716,9.581288,193.0187,487.9472,-351.6003,0.434594,-0.564720,0.591029,0.378027,1.110792,-1.443383,1.510628,0.347588,-0.175892,0.506407,-1.238628,2.847391,-0.141538
863,1770206949727,9.592399,192.1300,489.4636,-352.6681,0.435014,-0.563894,0.591806,0.377561,1.112109,-1.441590,1.512947,0.346495,-0.174843,0.507995,-1.237441,2.845908,-0.146710
864,1770206949738,9.603510,191.2438,490.9216,-353.6524,0.436323,-0.563948,0.591645,0.376220,1.116161,-1.442640,1.513493,0.345891,-0.174256,0.508828,-1.236951,2.844861,-0.149439
865,1770206949749,9.614622,190.2840,492.0760,-354.0805,0.435789,-0.562450,0.593293,0.376487,1.114655,-1.438627,1.517516,0.345318,-0.173697,0.509652,-1.236318,2.844234,-0.152174
866,1770206949760,9.625733,189.3752,492.8478,-353.6850,0.436988,-0.561088,0.594516,0.375197,1.118404,-1.436018,1.521573,0.344140,-0.172551,0.511294,-1.235121,2.842569,-0.157490
867,1770206949771,9.636844,188.3836,494.6989,-355.4506,0.438302,-0.561141,0.594389,0.373784,1.122516,-1.437116,1.522265,0.343554,-0.171975,0.512128,-1.234581,2.841763,-0.160177
868,1770206949782,9.647955,187.2943,495.6921,-356.9004,0.438591,-0.560530,0.595076,0.373268,1.123531,-1.435901,1.524396,0.342926,-0.171423,0.512958,-1.233791,2.840918,-0.162865
869,1770206949794,9.659067,186.4310,496.8132,-356.3309,0.439051,-0.559349,0.596160,0.372769,1.124977,-1.433214,1.527534,0.341670,-0.170231,0.514680,-1.232419,2.839279,-0.168567
870,1770206949805,9.670178,185.4275,498.6452,-356.7942,0.439712,-0.558428,0.597069,0.371915,1.127125,-1.431433,1.530481,0.340984,-0.169577,0.515575,-1.231812,2.838196,-0.171613
871,1770206949816,9.681289,183.6670,499.0807,-356.7846,0.439393,-0.557310,0.598262,0.372051,1.126235,-1.428475,1.533443,0.339651,-0.168292,0.517354,-1.230399,2.836349,-0.177560
872,1770206949827,9.692400,182.4461,500.4496,-357.6234,0.439565,-0.556475,0.599140,0.371684,1.126872,-1.426582,1.535960,0.338987,-0.167670,0.518234,-1.229646,2.835455,-0.180498
873,1770206949838,9.703511,181.1118,501.7668,-357.7379,0.440563,-0.555725,0.599783,0.370586,1.130018,-1.425403,1.538407,0.338294,-0.166994,0.519151,-1.228988,2.834457,-0.183628
874,1770206949849,9.714623,179.9423,502.9894,-358.0926,0.441316,-0.554912,0.600629,0.369538,1.132512,-1.424024,1.541344,0.336896,-0.165671,0.520965,-1.227515,2.832494,-0.189668
875,1770206949860,9.725734,178.9533,504.1992,-358.7381,0.441126,-0.553836,0.601788,0.369493,1.132050,-1.421293,1.544352,0.336225,-0.165057,0.521853,-1.226689,2.831725,-0.192588
876,1770206949871,9.736845,177.8079,505.3352,-359.3978,0.441603,-0.553127,0.602492,0.368837,1.133627,-1.419916,1.546640,0.334832,-0.163717,0.523634,-1.225143,2.829777,-0.198654
877,1770206949882,9.747956,176.5451,506.7228,-359.7635,0.442143,-0.552443,0.603227,0.368013,1.135457,-1.418715,1.549134,0.334147,-0.163077,0.524518,-1.224359,2.828841,-0.201492
878,1770206949894,9.759068,175.5471,508.2244,-360.5584,0.442722,-0.551338,0.604219,0.367347,1.137303,-1.416325,1.552171,0.333460,-0.162405,0.525407,-1.223719,2.827873,-0.204392
879,1770206949905,9.770179,173.9866,509.3476,-361.1313,0.444060,-0.550559,0.604840,0.365874,1.141542,-1.415316,1.554857,0.332018,-0.161029,0.527210,-1.222203,2.825835,-0.210493
880,1770206949916,9.781290,172.6927,510.6901,-361.3685,0.443957,-0.549434,0.606066,0.365662,1.141392,-1.412567,1.558164,0.331290,-0.160338,0.528102,-1.221423,2.824870,-0.213585
881,1770206949927,9.792402,171.4925,511.9834,-362.6884,0.444765,-0.548749,0.606670,0.364706,1.143989,-1.411448,1.560428,0.329832,-0.158935,0.529917,-1.219854,2.822800,-0.219772
882,1770206949938,9.803513,169.9503,513.2239,-362.7896,0.445260,-0.547720,0.607711,0.363914,1.145695,-1.409333,1.563695,0.329072,-0.158213,0.530848,-1.219009,2.821771,-0.223054
883,1770206949949,9.814624,168.8130,514.5229,-363.3594,0.446139,-0.546748,0.608598,0.362816,1.148558,-1.407568,1.566796,0.328344,-0.157496,0.531733,-1.218207,2.820729,-0.226016
884,1770206949960,9.825735,167.5833,515.8086,-363.8223,0.446136,-0.545666,0.609772,0.362477,1.148735,-1.405008,1.570073,0.326889,-0.156081,0.533512,-1.216608,2.818680,-0.232168
885,1770206949971,9.836847,166.3960,516.4429,-364.4872,0.446690,-0.544964,0.610428,0.361746,1.150563,-1.403691,1.572311,0.326192,-0.155405,0.534369,-1.215750,2.817745,-0.234996
886,1770206949982,9.847958,165.1720,517.4831,-365.1031,0.447546,-0.544229,0.611112,0.360637,1.153378,-1.402540,1.574907,0.325468,-0.154705,0.535248,-1.214853,2.816827,-0.238000
887,1770206949994,9.859069,164.0378,518.6508,-365.9867,0.447820,-0.542902,0.612441,0.360044,1.154410,-1.399516,1.578777,0.324040,-0.153301,0.536982,-1.213284,2.814839,-0.243926
888,1770206950005,9.870180,162.8903,519.8190,-366.6989,0.448520,-0.542080,0.613146,0.359209,1.156676,-1.397956,1.581225,0.323316,-0.152588,0.537853,-1.212532,2.813775,-0.246956
889,1770206950016,9.881292,161.6982,520.9816,-367.3840,0.449241,-0.541452,0.613725,0.358266,1.159057,-1.396965,1.583434,0.321863,-0.151188,0.539564,-1.210986,2.811743,-0.252967
890,1770206950027,9.892403,160.1492,522.1033,-367.7458,0.449440,-0.540447,0.614711,0.357844,1.159805,-1.394655,1.586297,0.321110,-0.150467,0.540433,-1.210219,2.810686,-0.256018
891,1770206950038,9.903514,158.9779,523.2791,-368.4233,0.450183,-0.539551,0.615503,0.356898,1.162249,-1.392972,1.589061,0.320352,-0.149745,0.541304,-1.209396,2.809579,-0.259082
892,1770206950049,9.914625,157.4193,524.4941,-368.4220,0.450897,-0.538532,0.616399,0.355988,1.164599,-1.390948,1.592067,0.318888,-0.148374,0.542975,-1.207809,2.807512,-0.264971
893,1770206950060,9.925737,156.1296,525.2380,-369.0805,0.451263,-0.537842,0.617081,0.355386,1.165881,-1.389568,1.594289,0.318206,-0.147703,0.543787,-1.207092,2.806586,-0.267730
894,1770206950071,9.936848,155.0975,526.3822,-369.6541,0.451773,-0.537146,0.617715,0.354689,1.167590,-1.388232,1.596459,0.316867,-0.146416,0.545346,-1.205595,2.804669,-0.272986
895,1770206950082,9.947959,153.9264,527.6360,-370.1272,0.452040,-0.536230,0.618686,0.354040,1.168643,-1.386298,1.599468,0.316177,-0.145765,0.546144,-1.204685,2.803863,-0.275812
896,1770206950094,9.959070,152.6340,528.9523,-370.9467,0.452468,-0.535137,0.619679,0.353410,1.170104,-1.383890,1.602520,0.315498,-0.145079,0.546913,-1.204082,2.802818,-0.278629
897,1770206950105,9.970182,151.6677,529.9478,-371.3147,0.453263,-0.534209,0.620485,0.352380,1.172738,-1.382173,1.605396,0.314149,-0.143771,0.548444,-1.202522,2.800974,-0.284112
898,1770206950116,9.981293,150.5533,530.8390,-371.6112,0.453815,-0.533246,0.621297,0.351696,1.174553,-1.380135,1.608027,0.313495,-0.143118,0.549184,-1.201817,2.800076,-0.286786
899,1770206950127,9.992404,149.3580,531.7386,-372.2952,0.453528,-0.532600,0.621916,0.351951,1.173666,-1.378294,1.609430,0.312176,-0.141812,0.550657,-1.200823,2.797993,-0.293436
900,1770206950138,10.003515,148.3935,532.8413,-372.7385,0.454785,-0.530028,0.624036,0.350456,1.177766,-1.372624,1.616078,0.311530,-0.141185,0.551384,-1.200586,2.796748,-0.297105
901,1770206950149,10.014627,147.2763,533.5699,-372.7920,0.455067,-0.529533,0.624210,0.350530,1.178452,-1.371293,1.616470,0.310908,-0.140566,0.552072,-1.200583,2.795500,-0.301004
902,1770206950160,10.025738,146.1378,533.3128,-373.1161,0.455002,-0.528182,0.625422,0.350492,1.178308,-1.367819,1.619639,0.309707,-0.139418,0.553376,-1.200345,2.792953,-0.308997
903,1770206950171,10.036849,145.2538,534.3666,-373.6892,0.456335,-0.526396,0.626591,0.349356,1.182406,-1.363939,1.623554,0.309124,-0.138860,0.553992,-1.200290,2.791636,-0.313138
904,1770206950182,10.047960,143.7448,535.5147,-374.2312,0.457067,-0.524756,0.627761,0.348765,1.184639,-1.360078,1.627048,0.308523,-0.138286,0.554628,-1.200257,2.790300,-0.317446
905,1770206950194,10.059072,142.7208,536.1172,-374.5616,0.457774,-0.523500,0.628585,0.348240,1.186772,-1.357165,1.629596,0.307376,-0.137181,0.555822,-1.200255,2.787600,-0.325986
906,1770206950205,10.070183,141.7989,536.6626,-374.8599,0.458262,-0.521644,0.630040,0.347754,1.188315,-1.352670,1.633750,0.306825,-0.136655,0.556407,-1.200190,2.786306,-0.330257
907,1770206950216,10.081294,140.8598,538.1904,-375.2167,0.459381,-0.520323,0.630783,0.346910,1.191699,-1.349791,1.636342,0.305770,-0.135682,0.557459,-1.200100,2.783734,-0.338487
908,1770206950227,10.092406,140.0759,539.0389,-375.5793,0.459490,-0.518928,0.631963,0.346707,1.192100,-1.346304,1.639564,0.305275,-0.135203,0.557949,-1.200152,2.782407,-0.342409
909,1770206950238,10.103517,139.5711,539.4247,-375.9146,0.459918,-0.517245,0.633264,0.346280,1.193455,-1.342216,1.643276,0.304830,-0.134777,0.558396,-1.200228,2.781352,-0.346225
910,1770206950249,10.114629,139.1079,540.4908,-376.4362,0.460269,-0.516049,0.634027,0.346204,1.194410,-1.339160,1.645316,0.303967,-0.133968,0.559256,-1.200460,2.779113,-0.353401
911,1770206950260,10.125740,138.1656,541.1611,-376.6256,0.460946,-0.514805,0.634834,0.345674,1.196473,-1.336275,1.647833,0.303595,-0.133598,0.559637,-1.200611,2.778108,-0.356674
912,1770206950271,10.136851,137.5840,541.4579,-376.6371,0.461333,-0.513846,0.635423,0.345501,1.197578,-1.333897,1.649500,0.302822,-0.132888,0.560371,-1.200667,2.776080,-0.363193
913,1770206950282,10.147962,136.9643,542.0555,-377.0594,0.461807,-0.512608,0.636320,0.345056,1.199064,-1.330970,1.652183,0.302505,-0.132582,0.560688,-1.200844,2.775229,-0.366054
914,1770206950294,10.159073,136.2212,542.6321,-377.2473,0.462424,-0.511343,0.637133,0.344606,1.200929,-1.327973,1.654653,0.302118,-0.132203,0.561064,-1.200923,2.774174,-0.369266
915,1770206950305,10.170184,135.7152,543.0427,-377.6897,0.462847,-0.510276,0.637818,0.344355,1.202174,-1.325361,1.656632,0.301483,-0.131572,0.561708,-1.201125,2.772450,-0.374745
916,1770206950316,10.181296,135.2982,543.4863,-378.0364,0.462973,-0.509619,0.638184,0.344478,1.202430,-1.323578,1.657486,0.301181,-0.131279,0.562021,-1.201223,2.771676,-0.377291
917,1770206950327,10.192407,134.9326,543.7650,-378.3475,0.463480,-0.508569,0.638891,0.344037,1.204002,-1.321132,1.659674,0.300610,-0.130691,0.562611,-1.201518,2.770019,-0.382353
918,1770206950338,10.203518,134.4353,544.1682,-378.3731,0.463667,-0.507409,0.639800,0.343810,1.204619,-1.318263,1.662217,0.300382,-0.130460,0.562866,-1.201596,2.769437,-0.384492
919,1770206950349,10.214630,134.4666,544.4619,-378.4680,0.463751,-0.506654,0.640294,0.343890,1.204791,-1.316251,1.663437,0.300169,-0.130252,0.563108,-1.201689,2.768796,-0.386441
920,1770206950360,10.225741,133.9796,544.6754,-378.7071,0.464158,-0.506066,0.640582,0.343670,1.205978,-1.314863,1.664361,0.299760,-0.129844,0.563565,-1.201914,2.767701,-0.390191
921,1770206950371,10.236852,133.7855,544.8398,-378.7971,0.464482,-0.505363,0.641022,0.343447,1.206948,-1.313178,1.665686,0.299547,-0.129665,0.563781,-1.202011,2.767087,-0.391943
922,1770206950382,10.247963,133.6073,544.9214,-378.8206,0.464814,-0.504775,0.641388,0.343178,1.207969,-1.311820,1.666854,0.299373,-0.129475,0.563987,-1.202144,2.766550,-0.393658
923,1770206950394,10.259075,133.1149,545.1605,-378.9530,0.464820,-0.504247,0.641823,0.343135,1.208008,-1.310475,1.668016,0.299012,-0.129135,0.564367,-1.202289,2.765619,-0.396697
924,1770206950405,10.270186,132.6646,545.5355,-379.1845,0.465055,-0.503654,0.642195,0.342990,1.208705,-1.309025,1.669102,0.298863,-0.128978,0.564538,-1.202348,2.765216,-0.398073
925,1770206950416,10.281297,132.4483,545.5564,-379.1453,0.465135,-0.503170,0.642489,0.343042,1.208882,-1.307734,1.669822,0.298566,-0.128654,0.564881,-1.202511,2.764447,-0.400827
926,1770206950427,10.292408,132.2817,545.5903,-379.2067,0.465318,-0.502689,0.642822,0.342874,1.209456,-1.306592,1.670826,0.298433,-0.128532,0.565032,-1.202516,2.764136,-0.401993
927,1770206950438,10.303520,132.0945,546.0588,-379.3760,0.465121,-0.502256,0.643236,0.342999,1.208872,-1.305386,1.671801,0.298273,-0.128386,0.565192,-1.202467,2.763803,-0.403320
928,1770206950449,10.314631,131.9894,545.9506,-379.5670,0.465407,-0.501693,0.643587,0.342777,1.209743,-1.304064,1.672892,0.298042,-0.128114,0.565465,-1.202714,2.763061,-0.405467
929,1770206950460,10.325742,131.9586,545.9167,-379.4662,0.465498,-0.501296,0.643839,0.342760,1.209991,-1.303041,1.673562,0.297940,-0.128003,0.565601,-1.202782,2.762799,-0.406408
930,1770206950471,10.336853,131.9351,545.8623,-379.5769,0.465959,-0.501210,0.643767,0.342395,1.211404,-1.303050,1.673670,0.297756,-0.127812,0.565825,-1.202848,2.762322,-0.408150
931,1770206950482,10.347965,131.9362,545.7449,-379.4409,0.466049,-0.500939,0.643911,0.342399,1.211635,-1.302341,1.674040,0.297684,-0.127715,0.565925,-1.203002,2.762058,-0.408900
932,1770206950494,10.359076,131.4138,546.3317,-379.5534,0.466097,-0.500656,0.644053,0.342480,1.211713,-1.301553,1.674344,0.297597,-0.127625,0.566034,-1.203025,2.761768,-0.409585
933,1770206950505,10.370187,131.4400,546.2544,-379.5535,0.466488,-0.500463,0.644025,0.342283,1.212844,-1.301177,1.674430,0.297478,-0.127482,0.566205,-1.203172,2.761404,-0.410848
934,1770206950516,10.381299,131.1226,547.1425,-380.2071,0.466422,-0.499665,0.644711,0.342246,1.212694,-1.299125,1.676245,0.297390,-0.127351,0.566300,-1.203327,2.761108,-0.411706
935,1770206950527,10.392410,130.7080,547.3001,-379.8728,0.465704,-0.499450,0.645070,0.342861,1.210468,-1.298181,1.676678,0.297264,-0.127212,0.566461,-1.203414,2.760746,-0.412774
936,1770206950538,10.403522,130.7480,547.2961,-379.8664,0.465505,-0.499062,0.645451,0.342980,1.209881,-1.297097,1.677574,0.297232,-0.127167,0.566530,-1.203511,2.760675,-0.413194
937,1770206950549,10.414633,130.5344,547.6132,-380.0824,0.465991,-0.498739,0.645505,0.342689,1.211313,-1.296441,1.677948,0.297181,-0.127062,0.566605,-1.203705,2.760448,-0.413745
938,1770206950560,10.425744,130.6466,548.1898,-380.7625,0.466699,-0.498788,0.645215,0.342199,1.213442,-1.296873,1.677593,0.297098,-0.126961,0.566724,-1.203768,2.760130,-0.414510
939,1770206950571,10.436855,130.1688,547.9020,-379.8723,0.466843,-0.498652,0.645227,0.342178,1.213829,-1.296534,1.677640,0.297048,-0.126861,0.566795,-1.203855,2.759920,-0.415037
940,1770206950582,10.447967,130.2701,548.0991,-380.2061,0.466936,-0.498656,0.645201,0.342094,1.214119,-1.296597,1.677642,0.297022,-0.126830,0.566838,-1.203896,2.759797,-0.415305
941,1770206950594,10.459078,130.2598,548.0182,-380.1041,0.466713,-0.498176,0.645627,0.342294,1.213423,-1.295223,1.678588,0.296966,-0.126692,0.566947,-1.204075,2.759480,-0.415910
942,1770206950605,10.470189,130.1966,547.9050,-380.0039,0.466604,-0.498135,0.645668,0.342425,1.213061,-1.295036,1.678587,0.296952,-0.126650,0.566983,-1.204138,2.759368,-0.416132
943,1770206950616,10.481300,130.2054,548.1870,-380.6835,0.466688,-0.498058,0.645691,0.342380,1.213306,-1.294864,1.678683,0.296917,-0.126497,0.567065,-1.204422,2.759031,-0.416717
944,1770206950627,10.492411,130.2232,548.1317,-380.7494,0.466937,-0.498078,0.645523,0.342327,1.213985,-1.294947,1.678290,0.296904,-0.126445,0.567094,-1.204583,2.758936,-0.416919
945,1770206950638,10.503523,130.1644,548.8240,-380.9225,0.467151,-0.497835,0.645702,0.342051,1.214704,-1.294489,1.678979,0.296874,-0.126315,0.567147,-1.204749,2.758684,-0.417393
946,1770206950649,10.514634,130.2263,549.1172,-381.1709,0.467379,-0.497864,0.645513,0.342056,1.215293,-1.294561,1.678482,0.296882,-0.126186,0.567202,-1.205169,2.758348,-0.417631
947,1770206950660,10.525745,130.3449,549.2470,-381.2737,0.467179,-0.497681,0.645650,0.342335,1.214610,-1.293910,1.678614,0.296892,-0.126134,0.567230,-1.205317,2.758289,-0.417833
948,1770206950671,10.536856,130.1710,548.9291,-381.5990,0.466771,-0.497558,0.645817,0.342756,1.213301,-1.293329,1.678705,0.296931,-0.125948,0.567276,-1.205914,2.757977,-0.418128
949,1770206950682,10.547968,130.2601,548.9757,-381.8085,0.467125,-0.497473,0.645687,0.342641,1.214291,-1.293179,1.678461,0.296932,-0.125885,0.567302,-1.206159,2.757767,-0.418272
950,1770206950694,10.559079,129.9410,548.9028,-381.3388,0.467169,-0.497270,0.645788,0.342685,1.214379,-1.292624,1.678689,0.296970,-0.125776,0.567332,-1.206526,2.757623,-0.418353
951,1770206950705,10.570190,129.9584,548.8045,-381.7389,0.467518,-0.497155,0.645645,0.342645,1.215309,-1.292351,1.678350,0.297034,-0.125566,0.567376,-1.207377,2.757135,-0.418558
952,1770206950716,10.581301,129.9704,548.6535,-381.8875,0.467601,-0.497101,0.645562,0.342769,1.215452,-1.292132,1.678031,0.297047,-0.125444,0.567395,-1.207763,2.756862,-0.418721
953,1770206950727,10.592413,130.1746,548.7572,-381.9358,0.467533,-0.496950,0.645489,0.343217,1.215011,-1.291461,1.677480,0.297137,-0.125212,0.567433,-1.208724,2.756406,-0.418726
954,1770206950738,10.603524,130.1891,548.6711,-382.1257,0.467832,-0.496674,0.645466,0.343252,1.215768,-1.290722,1.677390,0.297153,-0.125041,0.567482,-1.209223,2.756057,-0.419023
955,1770206950749,10.614635,129.8149,548.5257,-382.3251,0.467826,-0.496501,0.645505,0.343438,1.215644,-1.290155,1.677341,0.297199,-0.124921,0.567483,-1.209729,2.755788,-0.419035
956,1770206950760,10.625747,129.7863,548.6841,-382.5741,0.468092,-0.496428,0.645303,0.343560,1.216264,-1.289890,1.676717,0.297324,-0.124632,0.567519,-1.211091,2.755111,-0.419009
957,1770206950771,10.636858,130.1398,548.8066,-383.0341,0.468523,-0.495877,0.645431,0.343529,1.217400,-1.288476,1.677074,0.297368,-0.124457,0.567531,-1.211702,2.754673,-0.419188
958,1770206950782,10.647969,129.8712,548.5663,-383.4252,0.468461,-0.495997,0.645076,0.344106,1.216901,-1.288430,1.675685,0.297473,-0.124294,0.567547,-1.212513,2.754369,-0.419062
959,1770206950794,10.659080,129.7830,548.2673,-383.7902,0.468708,-0.495910,0.644798,0.344415,1.217361,-1.288011,1.674714,0.297628,-0.123916,0.567575,-1.214140,2.753538,-0.419010
960,1770206950805,10.670191,130.0499,548.5883,-383.9982,0.469133,-0.495379,0.644880,0.344447,1.218446,-1.286612,1.674901,0.297713,-0.123703,0.567575,-1.215026,2.753075,-0.419049
961,1770206950816,10.681302,130.2602,548.9054,-384.1730,0.469217,-0.495097,0.644787,0.344911,1.218390,-1.285593,1.674285,0.297872,-0.123245,0.567604,-1.216884,2.752151,-0.419162
962,1770206950827,10.692414,130.2952,548.5903,-384.5255,0.469613,-0.495095,0.644375,0.345145,1.219281,-1.285443,1.673025,0.297978,-0.123009,0.567610,-1.217953,2.751577,-0.419025
963,1770206950838,10.703525,129.9410,548.6251,-384.9695,0.469904,-0.494901,0.644075,0.345587,1.219776,-1.284664,1.671891,0.298068,-0.122726,0.567629,-1.219095,2.750913,-0.419042
964,1770206950849,10.714636,129.9974,548.6818,-385.4098,0.470509,-0.494583,0.643773,0.345782,1.221232,-1.283719,1.670950,0.298296,-0.122175,0.567631,-1.221457,2.749623,-0.418850
965,1770206950860,10.725747,130.0842,548.7480,-385.8280,0.470778,-0.494294,0.643528,0.346286,1.221633,-1.282655,1.669905,0.298399,-0.121875,0.567642,-1.222694,2.748921,-0.418896
966,1770206950871,10.736859,130.1789,548.6483,-386.2660,0.471370,-0.494063,0.643110,0.346586,1.222993,-1.281872,1.668580,0.298659,-0.121280,0.567645,-1.225378,2.747430,-0.418554
967,1770206950882,10.747970,130.2307,548.6967,-386.7775,0.471986,-0.493714,0.642799,0.346821,1.224452,-1.280820,1.667586,0.298772,-0.120925,0.567658,-1.226729,2.746632,-0.418609
968,1770206950894,10.759081,130.3505,548.5652,-387.3677,0.472563,-0.493438,0.642373,0.347217,1.225716,-1.279859,1.666162,0.298913,-0.120570,0.567659,-1.228228,2.745803,-0.418540
969,1770206950905,10.770192,130.2438,548.8373,-388.1180,0.473172,-0.493135,0.641905,0.347684,1.227019,-1.278787,1.664573,0.299226,-0.119794,0.567658,-1.231602,2.743915,-0.418381
970,1770206950916,10.781304,130.3449,548.7433,-388.8019,0.473731,-0.492822,0.641478,0.348156,1.228189,-1.277683,1.663086,0.299372,-0.119390,0.567664,-1.233237,2.743009,-0.418348
971,1770206950927,10.792415,130.3381,548.6732,-389.4393,0.474419,-0.492485,0.640973,0.348625,1.229694,-1.276522,1.661403,0.299696,-0.118541,0.567668,-1.236832,2.741028,-0.418203
972,1770206950938,10.803526,130.3246,548.7903,-390.0818,0.474966,-0.492008,0.640596,0.349245,1.230745,-1.274906,1.659931,0.299869,-0.118122,0.567649,-1.238747,2.740027,-0.418024
973,1770206950949,10.814637,130.4550,548.6627,-390.8040,0.475540,-0.491711,0.640054,0.349876,1.231859,-1.273748,1.658022,0.300047,-0.117682,0.567649,-1.240667,2.738932,-0.417883
974,1770206950960,10.825748,130.3816,548.7932,-391.2874,0.476106,-0.491320,0.639576,0.350529,1.232937,-1.272335,1.656265,0.300387,-0.116763,0.567636,-1.244637,2.736708,-0.417671
975,1770206950971,10.836859,130.4626,548.7449,-392.1257,0.477160,-0.491116,0.638718,0.350945,1.235419,-1.271552,1.653712,0.300581,-0.116285,0.567632,-1.246720,2.735555,-0.417503
976,1770206950982,10.847970,130.3669,548.7659,-392.9060,0.477808,-0.490427,0.638427,0.351556,1.236735,-1.269396,1.652471,0.300760,-0.115770,0.567632,-1.248938,2.734304,-0.417398
977,1770206950994,10.859082,130.2766,548.7547,-393.7480,0.478527,-0.490002,0.637826,0.352262,1.238176,-1.267866,1.650357,0.301156,-0.114713,0.567618,-1.253486,2.731761,-0.417136
978,1770206951005,10.870193,130.3806,548.6566,-394.5792,0.479285,-0.489410,0.637317,0.352974,1.239713,-1.265902,1.648475,0.301371,-0.114182,0.567605,-1.255840,2.730535,-0.416952
979,1770206951016,10.881304,130.2468,548.5081,-395.3681,0.479930,-0.488836,0.636849,0.353737,1.240927,-1.263954,1.646664,0.301800,-0.113046,0.567576,-1.260810,2.727723,-0.416556
980,1770206951027,10.892415,130.2178,548.3873,-396.2116,0.480602,-0.488399,0.636238,0.354527,1.242194,-1.262345,1.644459,0.302012,-0.112439,0.567575,-1.263425,2.726231,-0.416486
981,1770206951038,10.903526,130.2560,548.3870,-397.3581,0.481457,-0.487675,0.635717,0.355297,1.243944,-1.260010,1.642505,0.302248,-0.111826,0.567561,-1.266048,2.724797,-0.416201
982,1770206951049,10.914638,130.0529,548.3314,-398.1113,0.482598,-0.487560,0.634592,0.355919,1.246519,-1.259336,1.639111,0.302715,-0.110531,0.567536,-1.271662,2.721615,-0.415881
983,1770206951060,10.925749,130.2066,548.7442,-399.6402,0.483625,-0.486995,0.633834,0.356648,1.248736,-1.257439,1.636581,0.302930,-0.109854,0.567540,-1.274548,2.719916,-0.415713
984,1770206951071,10.936860,130.0830,548.6424,-400.7446,0.484399,-0.486403,0.633136,0.357644,1.250139,-1.255310,1.633999,0.303382,-0.108436,0.567528,-1.280425,2.716474,-0.415591
985,1770206951082,10.947971,130.2660,548.5572,-401.5816,0.485419,-0.485788,0.632436,0.358334,1.252358,-1.253311,1.631656,0.303648,-0.107753,0.567521,-1.283394,2.714883,-0.415329
986,1770206951094,10.959083,130.4580,549.1115,-402.5629,0.486790,-0.485206,0.631531,0.358858,1.255580,-1.251495,1.628913,0.303894,-0.107044,0.567509,-1.286419,2.713115,-0.415126
987,1770206951105,10.970194,130.4512,549.3002,-403.5482,0.487617,-0.484738,0.630706,0.359818,1.257138,-1.249715,1.626038,0.304409,-0.105621,0.567500,-1.292593,2.709591,-0.414498
988,1770206951116,10.981305,130.4513,549.2849,-404.8031,0.487985,-0.483583,0.630503,0.361227,1.257238,-1.245897,1.624422,0.304652,-0.104864,0.567510,-1.295813,2.707715,-0.414363
989,1770206951127,10.992416,130.4688,549.3938,-406.0746,0.489236,-0.483183,0.629367,0.362049,1.259969,-1.244379,1.620857,0.305193,-0.103288,0.567502,-1.302501,2.703782,-0.413849
990,1770206951138,11.003527,130.3965,549.4911,-407.2159,0.490573,-0.482591,0.628350,0.362795,1.262962,-1.242412,1.617664,0.305473,-0.102490,0.567500,-1.305890,2.701856,-0.413595
991,1770206951149,11.014639,130.3123,549.1931,-407.8680,0.491748,-0.481915,0.627385,0.363772,1.265397,-1.240096,1.614428,0.305734,-0.101646,0.567504,-1.309433,2.699729,-0.413398
992,1770206951160,11.025750,130.2118,548.9824,-409.2498,0.493133,-0.481244,0.626359,0.364552,1.268489,-1.237909,1.611189,0.306311,-0.100001,0.567492,-1.316475,2.695646,-0.412714
993,1770206951171,11.036861,130.3949,549.0854,-410.8011,0.494584,-0.480619,0.625225,0.365357,1.271734,-1.235826,1.607654,0.306583,-0.099134,0.567495,-1.320094,2.693493,-0.412517
994,1770206951182,11.047972,130.3086,548.6890,-411.7707,0.495310,-0.479642,0.624625,0.366682,1.272798,-1.232535,1.605101,0.306861,-0.098265,0.567495,-1.323729,2.691321,-0.412249
995,1770206951194,11.059084,130.4013,548.6559,-413.1547,0.496778,-0.479001,0.623452,0.367529,1.276059,-1.230395,1.601440,0.307472,-0.096501,0.567487,-1.331249,2.687009,-0.411567
996,1770206951205,11.070195,130.2911,548.7274,-414.8068,0.498198,-0.478158,0.622411,0.368468,1.279135,-1.227680,1.598053,0.307746,-0.095564,0.567494,-1.335124,2.684651,-0.411395
997,1770206951216,11.081307,130.2254,548.7611,-416.3608,0.499978,-0.477477,0.621110,0.369135,1.283297,-1.225543,1.594208,0.308322,-0.093703,0.567497,-1.342840,2.679964,-0.410757
998,1770206951227,11.092418,130.2267,548.7352,-417.8465,0.501386,-0.476686,0.619975,0.370154,1.286290,-1.222922,1.590526,0.308593,-0.092741,0.567504,-1.346813,2.677524,-0.410552
999,1770206951238,11.103529,130.0475,549.2027,-419.3851,0.502513,-0.475697,0.619092,0.371374,1.288435,-1.219679,1.587342,0.308876,-0.091788,0.567504,-1.350798,2.675106,-0.410240
1000,1770206951249,11.114640,130.1512,549.0643,-420.7822,0.503419,-0.474620,0.618299,0.372842,1.289861,-1.216072,1.584206,0.309473,-0.089807,0.567502,-1.358998,2.670156,-0.409570
1001,1770206951260,11.125752,130.1316,549.1990,-422.5365,0.504649,-0.473660,0.617277,0.374091,1.292248,-1.212895,1.580654,0.309757,-0.088801,0.567504,-1.363100,2.667628,-0.409303
1002,1770206951271,11.136863,130.0255,548.8869,-423.7792,0.506145,-0.472877,0.616043,0.375096,1.295461,-1.210313,1.576742,0.310362,-0.086780,0.567503,-1.371508,2.662547,-0.408538
1003,1770206951282,11.147974,129.7106,548.7900,-424.9556,0.507493,-0.471979,0.614963,0.376175,1.298250,-1.207399,1.573176,0.310635,-0.085748,0.567507,-1.375714,2.659851,-0.408261
1004,1770206951294,11.159086,129.5046,548.7767,-426.4370,0.509238,-0.471086,0.613724,0.376959,1.302231,-1.204668,1.569425,0.310942,-0.084704,0.567500,-1.380062,2.657230,-0.407847
1005,1770206951305,11.170197,129.4423,548.7599,-428.0605,0.510621,-0.470174,0.612473,0.378258,1.304968,-1.201600,1.565266,0.311500,-0.082544,0.567526,-1.388767,2.651696,-0.407152
1006,1770206951316,11.181308,129.2956,548.8069,-429.7418,0.511894,-0.469090,0.611450,0.379537,1.307433,-1.198106,1.561708,0.311792,-0.081435,0.567532,-1.393189,2.648921,-0.406842
1007,1770206951327,11.192419,129.1201,549.1661,-431.1122,0.513543,-0.468005,0.610328,0.380453,1.311078,-1.194820,1.558172,0.312366,-0.079225,0.567549,-1.402162,2.643178,-0.406067
1008,1770206951338,11.203530,128.9362,549.3630,-433.1011,0.515042,-0.467271,0.608819,0.381744,1.314106,-1.192220,1.553375,0.312621,-0.078097,0.567552,-1.406593,2.640244,-0.405804
1009,1770206951349,11.214642,128.8743,549.1389,-434.5294,0.516116,-0.466318,0.607700,0.383241,1.315918,-1.188950,1.549426,0.312937,-0.076989,0.567538,-1.411197,2.637428,-0.405257
1010,1770206951360,11.225753,128.5109,548.9068,-436.1563,0.517313,-0.465137,0.606706,0.384632,1.318109,-1.185165,1.545882,0.313462,-0.074687,0.567554,-1.420293,2.631529,-0.404651
1011,1770206951371,11.236864,128.5476,549.2933,-437.9244,0.519609,-0.464611,0.604730,0.385285,1.323554,-1.183463,1.540374,0.313755,-0.073501,0.567559,-1.424967,2.628559,-0.404187
1012,1770206951382,11.247976,128.5496,549.3479,-439.9037,0.521007,-0.463196,0.603799,0.386559,1.326321,-1.179152,1.537083,0.314022,-0.072313,0.567567,-1.429658,2.625446,-0.403817
1013,1770206951394,11.259087,128.0962,549.6905,-441.9147,0.522530,-0.462080,0.602499,0.387866,1.329382,-1.175590,1.532834,0.314579,-0.069891,0.567563,-1.439207,2.619243,-0.402981
1014,1770206951405,11.270198,128.1472,549.0598,-442.6910,0.523489,-0.460772,0.601649,0.389445,1.330838,-1.171397,1.529539,0.314847,-0.068704,0.567569,-1.443847,2.616212,-0.402525
1015,1770206951416,11.281309,127.6414,549.0972,-444.3638,0.525154,-0.459951,0.600048,0.390640,1.334325,-1.168655,1.524618,0.315338,-0.066275,0.567589,-1.453344,2.609893,-0.401824
1016,1770206951427,11.292421,127.5268,549.1397,-446.2550,0.527527,-0.459278,0.598067,0.391274,1.339955,-1.166598,1.519133,0.315607,-0.065040,0.567587,-1.458212,2.606640,-0.401336
1017,1770206951438,11.303532,127.4045,548.9730,-448.0363,0.528787,-0.458145,0.596799,0.392833,1.342178,-1.162873,1.514808,0.315882,-0.063807,0.567588,-1.462999,2.603479,-0.400782
1018,1770206951449,11.314643,127.1228,548.7801,-449.7296,0.530315,-0.456806,0.595577,0.394185,1.345208,-1.158743,1.510752,0.316387,-0.061284,0.567582,-1.472888,2.596860,-0.399928
1019,1770206951460,11.325755,126.9466,548.6857,-451.5894,0.531869,-0.455569,0.594206,0.395590,1.348265,-1.154847,1.506285,0.316639,-0.060002,0.567581,-1.477859,2.593483,-0.399445
1020,1770206951471,11.336866,126.4809,548.4852,-453.6489,0.533247,-0.454451,0.592835,0.397075,1.350821,-1.151217,1.501771,0.317099,-0.057407,0.567590,-1.487796,2.586594,-0.398663
1021,1770206951482,11.347977,126.1227,548.5228,-455.4534,0.534938,-0.453241,0.591366,0.398373,1.354286,-1.147456,1.497143,0.317366,-0.056116,0.567579,-1.492847,2.583205,-0.398153
1022,1770206951494,11.359089,125.8581,548.6818,-457.2172,0.536570,-0.452232,0.589746,0.399723,1.357566,-1.144184,1.492107,0.317591,-0.054816,0.567585,-1.497923,2.579698,-0.397674
1023,1770206951505,11.370200,125.6604,548.6860,-459.6731,0.538555,-0.451067,0.588072,0.400836,1.361883,-1.140645,1.487099,0.318079,-0.052216,0.567568,-1.508035,2.572737,-0.396566
1024,1770206951516,11.381311,125.3132,549.0040,-461.5281,0.540417,-0.450067,0.586345,0.401981,1.365865,-1.137513,1.481945,0.318290,-0.050847,0.567578,-1.513037,2.569177,-0.396193
1025,1770206951527,11.392423,125.0768,548.2265,-462.8455,0.541561,-0.448433,0.585339,0.403731,1.367644,-1.132462,1.478199,0.318726,-0.048118,0.567566,-1.523482,2.561893,-0.395277
1026,1770206951538,11.403534,124.4976,549.0356,-464.9300,0.543716,-0.447493,0.583422,0.404650,1.372502,-1.129607,1.472733,0.318913,-0.046756,0.567570,-1.528403,2.558336,-0.394824
1027,1770206951549,11.414645,124.2008,549.0032,-466.8568,0.545566,-0.446272,0.581767,0.405889,1.376382,-1.125878,1.467711,0.319093,-0.045369,0.567582,-1.533652,2.554538,-0.394516
1028,1770206951560,11.425756,123.7854,549.0250,-468.6069,0.547159,-0.445043,0.580182,0.407361,1.379459,-1.122012,1.462717,0.319492,-0.042621,0.567571,-1.543935,2.547159,-0.393441
1029,1770206951571,11.436868,123.5009,548.9880,-470.5858,0.548844,-0.443949,0.578407,0.408810,1.382781,-1.118504,1.457262,0.319701,-0.041246,0.567568,-1.549177,2.543401,-0.392798
1030,1770206951582,11.447979,123.1536,548.9173,-472.5504,0.550635,-0.442416,0.576882,0.410216,1.386393,-1.113917,1.452477,0.319870,-0.039824,0.567575,-1.554491,2.539517,-0.392378
1031,1770206951594,11.459090,122.4802,549.4944,-474.6594,0.552283,-0.441199,0.575140,0.411753,1.389555,-1.110066,1.447065,0.320233,-0.037017,0.567571,-1.565026,2.531868,-0.391280
1032,1770206951605,11.470202,122.0912,549.6406,-476.5643,0.554235,-0.439679,0.573675,0.412799,1.393795,-1.105707,1.442683,0.320390,-0.035589,0.567561,-1.570309,2.527976,-0.390778
1033,1770206951616,11.481313,121.5907,549.6315,-478.4976,0.555746,-0.438299,0.572053,0.414482,1.396512,-1.101383,1.437488,0.320682,-0.032706,0.567574,-1.581022,2.519947,-0.389787
1034,1770206951627,11.492424,121.0074,549.2207,-479.9688,0.557505,-0.437376,0.570054,0.415848,1.400050,-1.098374,1.431565,0.320863,-0.031268,0.567576,-1.586460,2.516016,-0.389125
1035,1770206951638,11.503535,120.2835,549.3564,-481.9558,0.559454,-0.435808,0.568477,0.417033,1.404178,-1.093838,1.426827,0.321002,-0.029804,0.567559,-1.591864,2.511956,-0.388568
1036,1770206951649,11.514646,119.7603,549.4092,-483.8459,0.561352,-0.434481,0.566623,0.418388,1.408067,-1.089828,1.421288,0.321266,-0.026905,0.567565,-1.602599,2.503881,-0.387498
1037,1770206951660,11.525758,119.1123,548.9626,-486.0405,0.562771,-0.433037,0.565086,0.420055,1.410545,-1.085377,1.416348,0.321365,-0.025433,0.567569,-1.607946,2.499736,-0.386986
1038,1770206951671,11.536869,118.5837,548.9702,-487.9106,0.564811,-0.431585,0.563311,0.421194,1.414920,-1.081172,1.411161,0.321582,-0.022458,0.567568,-1.618739,2.491469,-0.386001
1039,1770206951682,11.547980,118.1877,548.7961,-490.0310,0.566376,-0.430281,0.561591,0.422721,1.417846,-1.077151,1.405868,0.321735,-0.021018,0.567568,-1.624109,2.487430,-0.385169
1040,1770206951694,11.559091,117.7174,548.7915,-492.0842,0.568552,-0.428584,0.559942,0.423709,1.422651,-1.072419,1.401106,0.321808,-0.019488,0.567565,-1.629682,2.483088,-0.384748
1041,1770206951705,11.570203,117.0319,548.6353,-494.1234,0.570525,-0.427166,0.558033,0.425006,1.426740,-1.068236,1.395500,0.321970,-0.016497,0.567572,-1.640462,2.474620,-0.383702
1042,1770206951716,11.581314,116.1973,548.3751,-496.1679,0.571382,-0.426552,0.555807,0.427381,1.427333,-1.065542,1.388427,0.322069,-0.015001,0.567578,-1.645982,2.470398,-0.383027
1043,1770206951727,11.592425,115.6336,548.1990,-498.2011,0.573012,-0.424629,0.554507,0.428801,1.430478,-1.060052,1.384282,0.322195,-0.011920,0.567571,-1.656980,2.461643,-0.381915
1044,1770206951738,11.603537,115.3068,548.4748,-500.8581,0.574876,-0.422865,0.552894,0.430129,1.434261,-1.055010,1.379420,0.322279,-0.010417,0.567560,-1.662487,2.457395,-0.381280
1045,1770206951749,11.614648,114.9067,548.6639,-502.8497,0.576803,-0.421329,0.551093,0.431366,1.438260,-1.050583,1.374152,0.322336,-0.008869,0.567540,-1.668120,2.452947,-0.380695
1046,1770206951760,11.625759,114.3642,548.6001,-504.9131,0.579062,-0.419865,0.549076,0.432339,1.443253,-1.046469,1.368515,0.322400,-0.005845,0.567535,-1.678967,2.444261,-0.379520
1047,1770206951771,11.636870,113.8304,548.5147,-507.0652,0.581031,-0.418532,0.546984,0.433639,1.447305,-1.042532,1.362495,0.322413,-0.004288,0.567526,-1.684505,2.439713,-0.379013
1048,1770206951782,11.647981,113.0978,548.9255,-509.1562,0.583427,-0.417566,0.544378,0.434632,1.452615,-1.039656,1.355393,0.322454,-0.002766,0.567523,-1.690014,2.435350,-0.378300
1049,1770206951794,11.659093,112.0340,548.5179,-510.6497,0.584328,-0.416085,0.542760,0.436859,1.453388,-1.034922,1.349997,0.322459,0.000379,0.567505,-1.701199,2.426156,-0.377162
1050,1770206951805,11.670204,111.2669,547.6437,-511.6341,0.585370,-0.414384,0.541327,0.438854,1.454664,-1.029758,1.345215,0.322478,0.001901,0.567500,-1.706617,2.421764,-0.376455
1051,1770206951816,11.681315,111.0768,549.4523,-515.3575,0.588622,-0.412231,0.539547,0.438724,1.462831,-1.024467,1.340871,0.322453,0.005008,0.567480,-1.717534,2.412707,-0.375197
1052,1770206951827,11.692426,109.5342,548.7418,-516.7812,0.590192,-0.411147,0.537287,0.440404,1.465616,-1.020996,1.334238,0.322414,0.006577,0.567470,-1.723042,2.408056,-0.374643
1053,1770206951838,11.703537,108.6972,548.5859,-518.7568,0.592098,-0.409808,0.535046,0.441818,1.469408,-1.017021,1.327824,0.322393,0.008191,0.567459,-1.728763,2.403314,-0.373952
1054,1770206951849,11.714649,107.8360,548.4096,-520.7737,0.593714,-0.408695,0.532734,0.443472,1.472318,-1.013500,1.321096,0.322301,0.011344,0.567446,-1.739679,2.394043,-0.372667
1055,1770206951860,11.725760,107.2507,548.7499,-523.0242,0.595560,-0.407076,0.530754,0.444856,1.475974,-1.008854,1.315365,0.322265,0.012878,0.567447,-1.745099,2.389544,-0.371985
1056,1770206951871,11.736871,106.3598,548.3830,-524.8481,0.596982,-0.404915,0.529537,0.446372,1.478485,-1.002811,1.311450,0.322131,0.016017,0.567438,-1.756052,2.380111,-0.370754
1057,1770206951882,11.747983,105.7177,548.0187,-526.6027,0.598159,-0.402587,0.528486,0.448144,1.480217,-0.996250,1.307803,0.321981,0.017581,0.567461,-1.761266,2.375440,-0.370412
1058,1770206951894,11.759094,104.6363,548.2702,-529.3973,0.600248,-0.401946,0.525451,0.449492,1.484485,-0.994061,1.299502,0.321964,0.019161,0.567432,-1.766897,2.370731,-0.369445
1059,1770206951905,11.770205,104.1189,548.4568,-531.1301,0.602194,-0.400548,0.523312,0.450631,1.488536,-0.990095,1.293550,0.321745,0.022427,0.567430,-1.778149,2.360883,-0.368151
1060,1770206951916,11.781317,103.1116,548.4634,-533.2842,0.604051,-0.398854,0.521449,0.451807,1.492335,-0.985387,1.288265,0.321603,0.023993,0.567444,-1.783468,2.356059,-0.367683
1061,1770206951927,11.792428,102.2809,548.3862,-535.2521,0.605669,-0.396962,0.519763,0.453247,1.495365,-0.980079,1.283266,0.321383,0.027088,0.567444,-1.794228,2.346672,-0.366276
1062,1770206951938,11.803539,101.3834,548.4748,-537.5293,0.607686,-0.395652,0.517423,0.454369,1.499589,-0.976352,1.276847,0.321235,0.028650,0.567446,-1.799568,2.341846,-0.365628
1063,1770206951949,11.814650,100.4630,548.4182,-539.1865,0.609296,-0.394558,0.514907,0.456020,1.502449,-0.972931,1.269697,0.321113,0.030238,0.567448,-1.804992,2.337070,-0.364924
1064,1770206951960,11.825762,99.6230,548.3323,-540.9792,0.610847,-0.392846,0.513079,0.457481,1.505289,-0.968077,1.264362,0.320798,0.033374,0.567446,-1.815609,2.327404,-0.363636
1065,1770206951971,11.836873,98.8353,548.2195,-542.8195,0.612966,-0.390300,0.511839,0.458214,1.510015,-0.961488,1.260892,0.320662,0.034914,0.567436,-1.820965,2.322593,-0.362922
1066,1770206951982,11.847984,97.4470,548.1473,-545.1669,0.614731,-0.388993,0.509615,0.459438,1.513534,-0.957742,1.254728,0.320472,0.036461,0.567447,-1.826169,2.317817,-0.362397
1067,1770206951994,11.859096,96.4422,547.9081,-546.9912,0.616130,-0.387535,0.507495,0.461140,1.515823,-0.953426,1.248555,0.320118,0.039571,0.567449,-1.836811,2.308139,-0.361008
1068,1770206952005,11.870207,95.4951,547.7425,-548.8485,0.617624,-0.385930,0.505497,0.462679,1.518457,-0.948825,1.242787,0.319939,0.041128,0.567438,-1.842126,2.303266,-0.360301
1069,1770206952016,11.881318,94.6746,548.0850,-550.7627,0.619467,-0.384462,0.503358,0.463768,1.522248,-0.944757,1.236926,0.319553,0.044164,0.567433,-1.852451,2.293689,-0.358946
1070,1770206952027,11.892429,93.7008,547.9520,-552.6152,0.621053,-0.383127,0.501120,0.465173,1.525190,-0.940887,1.230655,0.319302,0.045696,0.567446,-1.857520,2.288801,-0.358377
1071,1770206952038,11.903540,92.5930,548.1635,-554.7651,0.622596,-0.381628,0.499026,0.466592,1.528011,-0.936613,1.224740,0.319126,0.047180,0.567431,-1.862638,2.284084,-0.357592
1072,1770206952049,11.914651,91.6393,548.0927,-556.6322,0.624375,-0.380057,0.496878,0.467788,1.531562,-0.932261,1.218818,0.318648,0.050217,0.567433,-1.872850,2.274403,-0.356286
1073,1770206952060,11.925763,90.8389,548.2141,-558.6857,0.625603,-0.377514,0.495893,0.469249,1.533578,-0.925423,1.215612,0.318440,0.051722,0.567415,-1.877968,2.269633,-0.355588
1074,1770206952071,11.936874,89.9171,548.1293,-560.1682,0.627282,-0.375718,0.494114,0.470323,1.536961,-0.920580,1.210674,0.317970,0.054672,0.567399,-1.887924,2.260148,-0.354151
1075,1770206952090,11.955640,88.0227,548.2297,-563.5095,0.629992,-0.374008,0.489798,0.472574,1.542059,-0.915475,1.198900,0.317474,0.057607,0.567373,-1.897814,2.250635,-0.352808
1076,1770206952101,11.966751,87.1693,547.9071,-565.1901,0.631550,-0.372455,0.487747,0.473841,1.545003,-0.911163,1.193210,0.317219,0.059074,0.567365,-1.902741,2.245886,-0.352079
1077,1770206952112,11.977863,85.8976,547.8715,-567.0831,0.633188,-0.370988,0.485595,0.475014,1.548206,-0.907103,1.187327,0.316712,0.061972,0.567328,-1.912549,2.236459,-0.350615
1078,1770206952123,11.988974,85.6978,547.2815,-568.3817,0.634142,-0.368509,0.484769,0.476513,1.549510,-0.900442,1.184520,0.316438,0.063424,0.567317,-1.917398,2.231698,-0.350022
1079,1770206952135,12.000085,83.9822,547.6931,-570.3210,0.635708,-0.367049,0.482727,0.477625,1.552572,-0.896434,1.178951,0.316121,0.064844,0.567316,-1.922043,2.227012,-0.349434
1080,1770206952146,12.011196,82.7791,548.0284,-572.3864,0.637453,-0.365473,0.480574,0.478678,1.556110,-0.892170,1.173146,0.315537,0.067726,0.567296,-1.931771,2.217438,-0.348076
1081,1770206952157,12.022307,81.7057,548.0164,-574.1187,0.639532,-0.364169,0.478197,0.479278,1.560773,-0.888752,1.167035,0.315208,0.069165,0.567279,-1.936507,2.212656,-0.347451
1082,1770206952168,12.033419,80.5420,547.8274,-575.7172,0.640253,-0.363426,0.475591,0.481468,1.561022,-0.886081,1.159553,0.314590,0.071964,0.567251,-1.945760,2.203297,-0.346140
1083,1770206952179,12.044530,79.9773,548.3400,-577.1998,0.641978,-0.361571,0.473839,0.482293,1.564659,-0.881237,1.154862,0.314286,0.073366,0.567255,-1.950456,2.198653,-0.345482
1084,1770206952190,12.055641,79.0085,548.2130,-579.1780,0.643253,-0.359446,0.472660,0.483339,1.567044,-0.875656,1.151457,0.313940,0.074765,0.567248,-1.955022,2.193968,-0.344931
1085,1770206952201,12.066752,77.6513,548.5090,-580.6295,0.644832,-0.358107,0.470364,0.484468,1.570109,-0.871958,1.145296,0.313316,0.077554,0.567213,-1.964270,2.184736,-0.343549
1086,1770206952212,12.077864,76.4002,548.7421,-582.2137,0.646302,-0.356921,0.468028,0.485645,1.572873,-0.868621,1.139016,0.312980,0.078956,0.567208,-1.968928,2.179967,-0.342870
1087,1770206952223,12.088975,74.8950,548.6444,-583.9127,0.647480,-0.355622,0.465862,0.487108,1.574727,-0.864904,1.133016,0.312298,0.081675,0.567192,-1.977882,2.170720,-0.341574
1088,1770206952235,12.100086,74.2395,548.0029,-585.6117,0.648845,-0.353605,0.464557,0.488007,1.577423,-0.859659,1.129396,0.311939,0.083021,0.567197,-1.982316,2.166118,-0.341020
1089,1770206952246,12.111197,73.2845,548.1418,-587.2757,0.650097,-0.352055,0.462681,0.489242,1.579611,-0.855425,1.124225,0.311566,0.084382,0.567196,-1.986673,2.161581,-0.340507
1090,1770206952257,12.122309,72.2195,548.0060,-588.9193,0.651463,-0.350428,0.460822,0.490346,1.582162,-0.851061,1.119167,0.310820,0.087051,0.567212,-1.995329,2.152308,-0.339314
1091,1770206952268,12.133420,71.0853,548.1547,-590.8976,0.652697,-0.349101,0.458843,0.491506,1.584355,-0.847407,1.113793,0.310489,0.088369,0.567206,-1.999701,2.147852,-0.338583
1092,1770206952279,12.144531,69.5615,548.1710,-592.6425,0.653926,-0.347688,0.456869,0.492712,1.586497,-0.843531,1.108415,0.309720,0.091043,0.567210,-2.008421,2.138589,-0.337404
1093,1770206952290,12.155643,68.7440,547.8589,-593.8918,0.655576,-0.346245,0.454782,0.493465,1.589978,-0.839753,1.102990,0.309350,0.092354,0.567219,-2.012721,2.134045,-0.336828
1094,1770206952301,12.166754,67.7004,548.0279,-595.5925,0.656949,-0.344839,0.452867,0.494385,1.592665,-0.836005,1.097903,0.308937,0.093651,0.567226,-2.016829,2.129432,-0.336326
1095,1770206952312,12.177865,66.7008,547.2881,-596.4992,0.657908,-0.343423,0.451074,0.495733,1.594050,-0.832082,1.092911,0.308172,0.096220,0.567227,-2.025257,2.120474,-0.335115
1096,1770206952323,12.188976,65.5308,547.5297,-598.1015,0.659498,-0.341846,0.449154,0.496452,1.597400,-0.828002,1.087916,0.307753,0.097495,0.567237,-2.029391,2.115868,-0.334540
1097,1770206952335,12.200088,64.5973,547.5536,-599.6400,0.660546,-0.340641,0.447038,0.497795,1.599002,-0.824600,1.082157,0.307398,0.098761,0.567219,-2.033590,2.111476,-0.333816
1098,1770206952346,12.211199,63.3732,547.6517,-601.2521,0.662033,-0.338834,0.445532,0.498403,1.602175,-0.820006,1.078224,0.306579,0.101274,0.567216,-2.041689,2.102605,-0.332762
1099,1770206952357,12.222310,62.1187,547.3403,-602.6284,0.663409,-0.337910,0.443117,0.499353,1.604839,-0.817432,1.071936,0.306211,0.102512,0.567215,-2.045876,2.098173,-0.332034
1100,1770206952368,12.233421,61.1771,547.7030,-604.0682,0.664509,-0.335841,0.442061,0.500220,1.606895,-0.812120,1.068978,0.305387,0.104961,0.567204,-2.053737,2.089415,-0.330822
1101,1770206952379,12.244532,60.0556,547.5085,-605.4567,0.665840,-0.334423,0.440111,0.501120,1.609480,-0.808374,1.063845,0.304941,0.106216,0.567193,-2.057737,2.084939,-0.330296
1102,1770206952390,12.255643,58.9179,547.3187,-606.9114,0.666673,-0.333355,0.437889,0.502667,1.610409,-0.805249,1.057761,0.304538,0.107460,0.567187,-2.061768,2.080577,-0.329683
1103,1770206952401,12.266755,57.2131,547.5836,-608.8846,0.667671,-0.332241,0.435803,0.503892,1.611961,-0.802130,1.052161,0.303666,0.109961,0.567165,-2.069761,2.071612,-0.328473
1104,1770206952412,12.277866,56.1549,547.6067,-610.3754,0.669401,-0.330194,0.434471,0.504094,1.615995,-0.797117,1.048852,0.303249,0.111170,0.567148,-2.073585,2.067433,-0.327942
1105,1770206952423,12.288977,55.6191,547.7343,-611.8050,0.670106,-0.328697,0.432928,0.505461,1.616735,-0.793033,1.044506,0.302367,0.113573,0.567136,-2.081209,2.058722,-0.326750
1106,1770206952435,12.300089,54.3450,547.4926,-612.9160,0.671472,-0.327589,0.430652,0.506310,1.619435,-0.790070,1.038633,0.301894,0.114784,0.567134,-2.085049,2.054270,-0.326245
1107,1770206952446,12.311200,53.2916,547.3516,-614.3091,0.672253,-0.326473,0.428610,0.507726,1.620322,-0.786893,1.033073,0.301494,0.115985,0.567113,-2.088933,2.050043,-0.325570
1108,1770206952457,12.322311,52.2012,547.4222,-615.5498,0.673453,-0.325165,0.426620,0.508650,1.622563,-0.783426,1.027865,0.300571,0.118356,0.567102,-2.096378,2.041386,-0.324330
1109,1770206952468,12.333422,50.8686,547.4358,-616.7904,0.674780,-0.322665,0.425835,0.509140,1.625417,-0.777239,1.025756,0.300091,0.119548,0.567107,-2.100166,2.036936,-0.323803
1110,1770206952479,12.344534,50.0118,547.2950,-617.9951,0.675831,-0.321077,0.424289,0.510040,1.627312,-0.773111,1.021633,0.299132,0.121885,0.567125,-2.107488,2.028380,-0.322789
1111,1770206952490,12.355645,48.9556,547.1605,-619.2845,0.677135,-0.319924,0.422203,0.510765,1.629941,-0.770093,1.016290,0.298684,0.123037,0.567107,-2.111192,2.024091,-0.322145
1112,1770206952501,12.366756,47.5214,547.1780,-620.6390,0.677663,-0.319502,0.419582,0.512487,1.629996,-0.768503,1.009227,0.298227,0.124194,0.567105,-2.114885,2.019753,-0.321408
1113,1770206952512,12.377868,46.3069,547.3105,-622.0497,0.678695,-0.317997,0.417934,0.513403,1.631831,-0.764582,1.004867,0.297277,0.126483,0.567103,-2.122106,2.011178,-0.320226
1114,1770206952523,12.388979,45.2109,547.2484,-623.3529,0.680002,-0.316492,0.416162,0.514043,1.634521,-0.760754,1.000328,0.296820,0.127608,0.567103,-2.125672,2.007034,-0.319559
1115,1770206952535,12.400090,44.2425,547.3378,-624.6684,0.681123,-0.315128,0.414357,0.514853,1.636644,-0.757209,0.995643,0.296320,0.128728,0.567107,-2.129164,2.002707,-0.318958
1116,1770206952546,12.411201,43.2614,547.2930,-625.8709,0.682663,-0.312808,0.413533,0.514891,1.640316,-0.751622,0.993646,0.295367,0.130941,0.567106,-2.136188,1.994318,-0.317736
1117,1770206952557,12.422312,41.6767,547.3351,-626.9529,0.683456,-0.312343,0.411036,0.516120,1.641351,-0.750105,0.987122,0.294876,0.132021,0.567097,-2.139563,1.990136,-0.317184
1118,1770206952568,12.433424,40.5266,547.2013,-628.2493,0.684733,-0.310812,0.409324,0.516712,1.643998,-0.746237,0.982759,0.293908,0.134211,0.567080,-2.146514,1.981782,-0.315913
1119,1770206952579,12.444535,39.2540,547.1179,-629.3752,0.685781,-0.309551,0.407378,0.517615,1.645873,-0.742922,0.977706,0.293389,0.135330,0.567072,-2.150045,1.977441,-0.315306
1120,1770206952590,12.455646,38.0351,546.9341,-630.6190,0.686629,-0.308406,0.405454,0.518685,1.647148,-0.739831,0.972639,0.292943,0.136424,0.567053,-2.153570,1.973310,-0.314557
1121,1770206952601,12.466758,37.0460,546.9996,-631.9338,0.687450,-0.307014,0.403826,0.519692,1.648401,-0.736173,0.968313,0.291927,0.138595,0.567024,-2.160407,1.964949,-0.313410
1122,1770206952612,12.477869,35.6212,547.1042,-633.0796,0.688497,-0.305412,0.402504,0.520275,1.650497,-0.732147,0.964902,0.291387,0.139653,0.567009,-2.163645,1.960789,-0.312991
1123,1770206952623,12.488980,34.5221,546.8997,-634.2337,0.689519,-0.303660,0.401209,0.520946,1.652471,-0.727739,0.961520,0.290396,0.141775,0.566985,-2.170354,1.952567,-0.311726
1124,1770206952635,12.500091,33.2134,546.9614,-635.5310,0.690289,-0.302801,0.399118,0.522032,1.653544,-0.725341,0.956062,0.289895,0.142832,0.566953,-2.173711,1.948466,-0.311120
1125,1770206952646,12.511202,32.0925,546.8131,-636.7787,0.690868,-0.301154,0.397825,0.523205,1.654097,-0.721031,0.952483,0.289396,0.143914,0.566923,-2.177078,1.944325,-0.310461
1126,1770206952657,12.522313,30.8842,546.9750,-637.9250,0.692210,-0.300232,0.395519,0.523709,1.656950,-0.718668,0.946758,0.288341,0.146049,0.566895,-2.183809,1.936010,-0.309437
1127,1770206952668,12.533425,29.7710,546.8086,-639.0223,0.693409,-0.298480,0.394170,0.524141,1.659512,-0.714341,0.943353,0.287825,0.147096,0.566868,-2.187102,1.931855,-0.308859
1128,1770206952679,12.544536,28.6450,546.6346,-639.9664,0.694141,-0.297426,0.392377,0.525116,1.660568,-0.711521,0.938668,0.286756,0.149131,0.566836,-2.193428,1.923631,-0.307749
1129,1770206952690,12.555647,27.5432,546.5163,-641.1675,0.694890,-0.296195,0.390744,0.526038,1.661702,-0.708295,0.934394,0.286277,0.150173,0.566819,-2.196705,1.919663,-0.307100
1130,1770206952701,12.566758,26.6677,546.2228,-642.2277,0.695687,-0.294927,0.389166,0.526866,1.663019,-0.705014,0.930288,0.285763,0.151202,0.566780,-2.199805,1.915696,-0.306507
1131,1770206952712,12.577870,25.2838,546.0865,-643.2434,0.696765,-0.293546,0.387467,0.527465,1.665166,-0.701533,0.925990,0.284697,0.153311,0.566723,-2.206376,1.907268,-0.305298
1132,1770206952723,12.588981,24.1768,546.6824,-644.6670,0.697641,-0.292179,0.385659,0.528390,1.666600,-0.697988,0.921305,0.284167,0.154369,0.566706,-2.209696,1.903144,-0.304738
1133,1770206952735,12.600092,23.1130,546.9063,-645.8074,0.698556,-0.291177,0.383730,0.529138,1.668252,-0.695372,0.916403,0.283061,0.156468,0.566630,-2.216165,1.894723,-0.303481
1134,1770206952746,12.611204,21.3505,547.1320,-647.0103,0.699322,-0.290147,0.381843,0.530057,1.669423,-0.692639,0.911537,0.282546,0.157454,0.566608,-2.219244,1.890731,-0.302830
1135,1770206952757,12.622315,20.1735,547.1982,-648.1283,0.700579,-0.288757,0.380255,0.530298,1.672251,-0.689250,0.907651,0.281976,0.158449,0.566581,-2.222279,1.886613,-0.302272
1136,1770206952768,12.633426,18.8298,547.1785,-649.2861,0.701252,-0.287649,0.378321,0.531392,1.673075,-0.686284,0.902612,0.280882,0.160435,0.566533,-2.228350,1.878527,-0.301090
1137,1770206952779,12.644538,18.0687,546.9197,-649.9849,0.702117,-0.285878,0.377065,0.532098,1.674633,-0.681854,0.899346,0.280347,0.161452,0.566488,-2.231517,1.874369,-0.300458
1138,1770206952790,12.655649,16.8266,546.8054,-651.0806,0.702827,-0.284327,0.375658,0.532985,1.675691,-0.677896,0.895649,0.279777,0.162454,0.566468,-2.234645,1.870177,-0.299861
1139,1770206952801,12.666760,15.3263,546.4699,-652.1417,0.703454,-0.283275,0.373833,0.534002,1.676457,-0.675095,0.890911,0.278686,0.164442,0.566401,-2.240853,1.861979,-0.298535
1140,1770206952812,12.677871,14.1395,546.4210,-653.2342,0.704591,-0.282047,0.372069,0.534383,1.678895,-0.672060,0.886563,0.278116,0.165419,0.566392,-2.243822,1.857942,-0.298003
1141,1770206952823,12.688983,13.1275,546.3338,-653.7326,0.705454,-0.281120,0.370068,0.535122,1.680421,-0.669639,0.881517,0.277014,0.167308,0.566356,-2.249779,1.849837,-0.296680
1142,1770206952835,12.700094,11.7246,546.2330,-654.8803,0.706316,-0.279915,0.368124,0.535957,1.681875,-0.666533,0.876574,0.276408,0.168256,0.566359,-2.252651,1.845773,-0.296259
1143,1770206952846,12.711205,10.4106,546.6439,-656.0812,0.707570,-0.278715,0.366213,0.536237,1.684660,-0.663595,0.871920,0.275855,0.169204,0.566330,-2.255655,1.841758,-0.295624
1144,1770206952857,12.722316,9.0984,546.5715,-657.0450,0.707808,-0.277111,0.364940,0.537621,1.684231,-0.659387,0.868377,0.274679,0.171113,0.566286,-2.261626,1.833571,-0.294447
1145,1770206952868,12.733427,8.2408,546.0696,-658.0900,0.709035,-0.276183,0.362639,0.538038,1.686853,-0.657062,0.862747,0.274072,0.172049,0.566278,-2.264586,1.829380,-0.293874
1146,1770206952879,12.744539,6.8697,546.7907,-659.1382,0.710167,-0.275258,0.360598,0.538392,1.689290,-0.654761,0.857762,0.272888,0.173890,0.566260,-2.270316,1.821451,-0.292845
1147,1770206952890,12.755650,6.0028,546.4271,-660.0147,0.711058,-0.273722,0.359281,0.538878,1.691061,-0.650973,0.854453,0.272292,0.174781,0.566253,-2.273087,1.817452,-0.292323
1148,1770206952901,12.766762,4.8234,546.3989,-660.9343,0.711817,-0.272498,0.357496,0.539684,1.692285,-0.647841,0.849916,0.271704,0.175700,0.566248,-2.275987,1.813540,-0.291803
1149,1770206952912,12.777873,3.4945,546.1669,-662.0606,0.712376,-0.271034,0.356079,0.540619,1.692941,-0.644104,0.846210,0.270477,0.177520,0.566250,-2.281701,1.805442,-0.290777
1150,1770206952923,12.788984,2.2159,546.2913,-662.9968,0.713565,-0.270157,0.353875,0.540938,1.695535,-0.641933,0.840859,0.269861,0.178419,0.566253,-2.284493,1.801427,-0.290237
1151,1770206952935,12.800095,1.0049,546.2091,-663.6813,0.714215,-0.268526,0.352592,0.541728,1.696511,-0.637844,0.837530,0.269250,0.179336,0.566267,-2.287341,1.797368,-0.289655
1152,1770206952946,12.811206,-0.2586,545.7501,-664.4583,0.714759,-0.267023,0.351228,0.542639,1.697147,-0.634028,0.833966,0.268018,0.181145,0.566275,-2.293003,1.789265,-0.288461
1153,1770206952957,12.822322,-1.2912,545.3735,-664.9832,0.715501,-0.265725,0.349505,0.543410,1.698352,-0.630738,0.829604,0.267426,0.182053,0.566276,-2.295844,1.785295,-0.287834
1154,1770206952968,12.833433,-2.4788,545.1689,-665.8164,0.716669,-0.265037,0.347109,0.543743,1.700883,-0.629018,0.823800,0.266186,0.183818,0.566308,-2.301284,1.777299,-0.286762
1155,1770206952979,12.844544,-3.0913,544.8048,-666.3313,0.717134,-0.263334,0.345998,0.544664,1.701323,-0.624731,0.820843,0.265581,0.184702,0.566323,-2.304012,1.773403,-0.286185
1156,1770206952990,12.855656,-4.4600,544.7767,-667.3091,0.717643,-0.261773,0.344617,0.545622,1.701837,-0.620776,0.817234,0.264947,0.185592,0.566352,-2.306787,1.769346,-0.285659
1157,1770206953001,12.866767,-6.4771,545.9332,-669.0789,0.718427,-0.260599,0.342672,0.546376,1.703153,-0.617795,0.812362,0.263645,0.187368,0.566414,-2.312231,1.761278,-0.284697
1158,1770206953012,12.877878,-7.7702,545.9715,-670.0695,0.719672,-0.258944,0.341345,0.546355,1.706119,-0.613876,0.809224,0.262959,0.188248,0.566443,-2.314894,1.757113,-0.284238
1159,1770206953023,12.888990,-9.2220,546.8260,-670.5243,0.720227,-0.257794,0.339425,0.547362,1.706707,-0.610888,0.804329,0.261686,0.190014,0.566505,-2.320323,1.749137,-0.283100
1160,1770206953035,12.900101,-10.4632,546.9648,-671.3684,0.720974,-0.256725,0.337503,0.548070,1.707964,-0.608174,0.799534,0.261043,0.190901,0.566540,-2.323037,1.745122,-0.282481
1161,1770206953046,12.911212,-11.9432,547.4531,-672.6213,0.721730,-0.255852,0.335479,0.548726,1.709281,-0.605936,0.794520,0.260391,0.191761,0.566569,-2.325706,1.741032,-0.281969
1162,1770206953057,12.922323,-13.2711,547.7037,-673.5641,0.722470,-0.254108,0.334425,0.549205,1.710688,-0.601685,0.791862,0.259158,0.193481,0.566601,-2.331086,1.733165,-0.280711
1163,1770206953068,12.933434,-14.3401,547.6621,-674.3835,0.723034,-0.252798,0.332926,0.549978,1.711463,-0.598387,0.788055,0.258518,0.194336,0.566616,-2.333759,1.729163,-0.280101
1164,1770206953079,12.944546,-15.7302,547.8636,-675.3465,0.724009,-0.252062,0.330531,0.550477,1.713408,-0.596520,0.782220,0.257264,0.196074,0.566632,-2.339220,1.721141,-0.278782
1165,1770206953090,12.955657,-16.9681,547.2291,-675.7844,0.724864,-0.251217,0.328394,0.551017,1.715040,-0.594385,0.776985,0.256630,0.196946,0.566644,-2.341963,1.717177,-0.278098
1166,1770206953101,12.966768,-18.1921,547.2007,-676.4670,0.724983,-0.249026,0.328080,0.552041,1.714580,-0.588945,0.775907,0.255988,0.197778,0.566653,-2.344532,1.713213,-0.277549
1167,1770206953112,12.977879,-18.5801,546.3223,-677.3244,0.725842,-0.248124,0.326066,0.552512,1.716271,-0.586695,0.770990,0.254731,0.199433,0.566669,-2.349730,1.705455,-0.276258
1168,1770206953123,12.988991,-19.6614,545.9409,-677.8231,0.726888,-0.246995,0.324346,0.552654,1.718642,-0.583990,0.766878,0.254055,0.200223,0.566683,-2.352166,1.701532,-0.275833
1169,1770206953135,13.000102,-20.5473,545.3006,-678.2471,0.727266,-0.245970,0.322557,0.553661,1.718804,-0.581320,0.762325,0.253486,0.201049,0.566666,-2.354768,1.697834,-0.275122
1170,1770206953146,13.011213,-22.1984,545.5326,-679.4750,0.728499,-0.245073,0.320264,0.553768,1.721641,-0.579174,0.756870,0.252192,0.202667,0.566671,-2.359834,1.689945,-0.273973
1171,1770206953157,13.022324,-23.4615,545.1844,-679.7780,0.729071,-0.243784,0.318497,0.554604,1.722385,-0.575924,0.752430,0.251535,0.203480,0.566682,-2.362420,1.685995,-0.273344
1172,1770206953168,13.033435,-24.8899,545.3031,-681.2476,0.729527,-0.242594,0.316939,0.555418,1.722871,-0.572917,0.748491,0.250237,0.205098,0.566676,-2.367471,1.678156,-0.272232
1173,1770206953179,13.044547,-25.9878,545.0492,-682.0770,0.730701,-0.241559,0.314978,0.555440,1.725628,-0.570467,0.743854,0.249578,0.205885,0.566680,-2.369901,1.674265,-0.271633
1174,1770206953190,13.055658,-27.5855,546.0549,-682.7722,0.731330,-0.240196,0.313598,0.555984,1.726718,-0.567118,0.740425,0.248955,0.206674,0.566668,-2.372378,1.670418,-0.271072
1175,1770206953201,13.066769,-28.6816,545.9671,-683.4658,0.731812,-0.238739,0.312302,0.556708,1.727328,-0.563505,0.737140,0.247629,0.208234,0.566682,-2.377149,1.662675,-0.269970
1176,1770206953212,13.077880,-29.8613,546.7513,-684.6661,0.732423,-0.237545,0.310803,0.557252,1.728375,-0.560559,0.733433,0.247004,0.209011,0.566679,-2.379624,1.658892,-0.269363
1177,1770206953223,13.088991,-30.7403,546.5404,-684.8065,0.732090,-0.235759,0.310265,0.558746,1.726503,-0.555996,0.731705,0.245698,0.210559,0.566683,-2.384389,1.651169,-0.268233
1178,1770206953235,13.100102,-31.9625,546.5546,-685.5917,0.733084,-0.235048,0.307964,0.559016,1.728651,-0.554255,0.726195,0.245059,0.211320,0.566680,-2.386824,1.647310,-0.267626
1179,1770206953246,13.111213,-33.1489,546.6380,-686.6630,0.734379,-0.234496,0.305488,0.558906,1.731784,-0.552980,0.720390,0.244390,0.212092,0.566689,-2.389182,1.643452,-0.267093
1180,1770206953257,13.122325,-34.1517,546.6337,-687.3893,0.735154,-0.233005,0.304266,0.559177,1.733415,-0.549401,0.717426,0.243118,0.213593,0.566688,-2.393866,1.635881,-0.265879
1181,1770206953268,13.133436,-35.7000,546.4849,-687.6251,0.735850,-0.231308,0.303246,0.559521,1.734805,-0.545321,0.714918,0.242436,0.214326,0.566693,-2.396078,1.632010,-0.265470
1182,1770206953279,13.144547,-36.7834,546.4399,-688.2770,0.736352,-0.230108,0.301782,0.560147,1.735531,-0.542348,0.711280,0.241180,0.215811,0.566684,-2.400763,1.624529,-0.264189
1183,1770206953290,13.155659,-38.4433,546.5873,-688.8828,0.736810,-0.228889,0.300315,0.560831,1.736111,-0.539320,0.707619,0.240543,0.216555,0.566679,-2.403065,1.620792,-0.263698
1184,1770206953301,13.166770,-39.4370,546.4048,-689.4585,0.736926,-0.227398,0.299220,0.561869,1.735629,-0.535574,0.704732,0.239908,0.217288,0.566675,-2.405308,1.617079,-0.263084
1185,1770206953312,13.177881,-40.3811,546.3607,-690.3293,0.737510,-0.226163,0.297902,0.562303,1.736686,-0.532567,0.701500,0.238619,0.218737,0.566666,-2.409771,1.609574,-0.262044
1186,1770206953323,13.188992,-42.1442,546.3981,-691.0077,0.738218,-0.226043,0.295130,0.562883,1.737932,-0.532157,0.694803,0.237966,0.219458,0.566677,-2.412033,1.605811,-0.261412
1187,1770206953335,13.200103,-43.2864,546.3376,-691.6191,0.739094,-0.224673,0.293795,0.562980,1.739923,-0.528908,0.691632,0.236683,0.220873,0.566663,-2.416463,1.598375,-0.260381
1188,1770206953346,13.211215,-44.2779,546.4407,-692.1365,0.739761,-0.223393,0.292477,0.563300,1.741259,-0.525827,0.688436,0.236021,0.221576,0.566667,-2.418639,1.594649,-0.259846
1189,1770206953357,13.222326,-45.4118,546.5029,-692.7317,0.741031,-0.222217,0.290775,0.562976,1.744486,-0.523128,0.684524,0.235397,0.222265,0.566660,-2.420763,1.591046,-0.259393
1190,1770206953368,13.233437,-46.6445,546.4094,-693.1343,0.741042,-0.221323,0.289301,0.564073,1.743708,-0.520785,0.680739,0.234093,0.223651,0.566664,-2.425038,1.583632,-0.258354
1191,1770206953379,13.244548,-47.7672,546.3168,-693.6331,0.741314,-0.219609,0.288564,0.564762,1.743845,-0.516602,0.678809,0.233454,0.224326,0.566667,-2.427157,1.580014,-0.257794
1192,1770206953390,13.255660,-48.9418,546.2397,-694.4908,0.741624,-0.218952,0.286484,0.565668,1.743913,-0.514862,0.673662,0.233454,0.224326,0.566667,-2.427157,1.580014,-0.257794
1193,1770206953401,13.266771,-49.8936,546.1062,-695.1194,0.742736,-0.217871,0.284776,0.565489,1.746659,-0.512358,0.669694,0.231502,0.226373,0.566677,-2.433492,1.568947,-0.256186
1194,1770206953412,13.277882,-51.5795,546.1283,-695.5780,0.743388,-0.217103,0.282813,0.565914,1.747879,-0.510459,0.664960,0.230834,0.227051,0.566688,-2.435596,1.565261,-0.255626
1195,1770206953423,13.288993,-52.2543,545.8297,-696.4736,0.744268,-0.215723,0.281550,0.565914,1.749950,-0.507216,0.661991,0.229516,0.228348,0.566705,-2.439576,1.558025,-0.254730
1196,1770206953435,13.300104,-53.0216,545.8289,-697.1680,0.744868,-0.214114,0.280562,0.566227,1.751130,-0.503366,0.659580,0.228882,0.229000,0.566701,-2.441571,1.554507,-0.254246
1197,1770206953446,13.311216,-54.3569,545.8790,-697.7230,0.745119,-0.212876,0.279408,0.566933,1.751202,-0.500308,0.656674,0.228253,0.229638,0.566700,-2.443565,1.551078,-0.253794
1198,1770206953457,13.322327,-56.0032,545.9763,-698.2517,0.745586,-0.211511,0.278139,0.567454,1.751918,-0.496991,0.653548,0.226963,0.230915,0.566694,-2.447499,1.543933,-0.252804
1199,1770206953468,13.333438,-56.9927,545.9324,-698.7285,0.746369,-0.210857,0.276015,0.567704,1.753576,-0.495404,0.648491,0.226333,0.231562,0.566675,-2.449581,1.540383,-0.252229
1200,1770206953479,13.344550,-59.3749,546.4196,-699.8708,0.747116,-0.210659,0.273452,0.568037,1.755085,-0.494868,0.642379,0.225018,0.232852,0.566667,-2.453512,1.533268,-0.251199
1201,1770206953490,13.355661,-59.8761,546.0104,-700.2936,0.747798,-0.209546,0.271953,0.568270,1.756516,-0.492208,0.638795,0.224322,0.233477,0.566684,-2.455351,1.529652,-0.250772
1202,1770206953501,13.366772,-60.0399,545.4011,-700.7516,0.748298,-0.208022,0.270982,0.568636,1.757421,-0.488551,0.636417,0.223675,0.234116,0.566678,-2.457386,1.526076,-0.250216
1203,1770206953512,13.377883,-62.8646,545.7175,-701.3091,0.748862,-0.207136,0.269214,0.569056,1.758438,-0.486386,0.632154,0.222366,0.235341,0.566675,-2.461166,1.518988,-0.249258
1204,1770206953523,13.388995,-62.9163,545.0620,-701.6786,0.749207,-0.205753,0.268163,0.569599,1.758849,-0.483030,0.629543,0.221760,0.235954,0.566660,-2.463085,1.515596,-0.248782
1205,1770206953535,13.400106,-64.1986,544.9435,-702.3190,0.750045,-0.204367,0.267046,0.569520,1.760874,-0.479790,0.626941,0.221112,0.236555,0.566664,-2.464946,1.512136,-0.248271
1206,1770206953546,13.411217,-65.0395,545.0355,-702.5392,0.750528,-0.203667,0.265432,0.569889,1.761736,-0.478074,0.623055,0.219829,0.237736,0.566668,-2.468529,1.505320,-0.247468
1207,1770206953557,13.422328,-66.8145,545.5200,-702.8229,0.750601,-0.202130,0.264589,0.570731,1.761288,-0.474299,0.620858,0.219182,0.238338,0.566669,-2.470438,1.501878,-0.246947
1208,1770206953568,13.433439,-68.0746,545.3989,-703.3378,0.751080,-0.201099,0.263163,0.571125,1.762122,-0.471802,0.617411,0.217890,0.239531,0.566673,-2.474021,1.495046,-0.245947
1209,1770206953579,13.444551,-68.4186,545.5347,-703.5565,0.752000,-0.200134,0.261406,0.571060,1.764329,-0.469551,0.613305,0.217233,0.240125,0.566688,-2.475900,1.491521,-0.245429
1210,1770206953590,13.455662,-69.0472,544.9163,-703.8688,0.752560,-0.199082,0.260072,0.571299,1.765466,-0.467036,0.610116,0.216606,0.240725,0.566692,-2.477670,1.488286,-0.244920
1211,1770206953601,13.466773,-70.5721,545.3353,-704.4078,0.752858,-0.198056,0.258702,0.571885,1.765732,-0.464516,0.606752,0.215269,0.241945,0.566700,-2.481332,1.481316,-0.243903
1212,1770206953612,13.477884,-71.4188,545.4323,-705.0568,0.752874,-0.196823,0.257712,0.572736,1.765143,-0.461460,0.604216,0.214666,0.242528,0.566697,-2.483121,1.478135,-0.243400
1213,1770206953623,13.488995,-72.6075,545.3458,-705.2438,0.753395,-0.195354,0.256940,0.572900,1.766245,-0.457985,0.602366,0.213387,0.243686,0.566690,-2.486688,1.471304,-0.242393
1214,1770206953635,13.500107,-73.6318,545.2836,-705.7359,0.753471,-0.194313,0.255793,0.573667,1.765859,-0.455397,0.599485,0.212766,0.244253,0.566692,-2.488430,1.468165,-0.241954
1215,1770206953646,13.511224,-74.6848,545.0921,-706.1830,0.753864,-0.192937,0.254792,0.574060,1.766489,-0.452100,0.597040,0.212085,0.244803,0.566700,-2.490075,1.464729,-0.241526
1216,1770206953657,13.522335,-76.0166,545.0161,-706.6883,0.754380,-0.191878,0.253483,0.574317,1.767510,-0.449569,0.593910,0.210814,0.245942,0.566686,-2.493583,1.458066,-0.240609
1217,1770206953668,13.533446,-77.5411,545.1246,-707.3731,0.755326,-0.192117,0.250403,0.574345,1.769704,-0.450123,0.586686,0.210203,0.246509,0.566662,-2.495326,1.454865,-0.239998
1218,1770206953679,13.544558,-78.4422,544.8901,-707.5496,0.755842,-0.190738,0.249451,0.574540,1.770770,-0.446856,0.584408,0.208939,0.247598,0.566637,-2.498743,1.448193,-0.239029
1219,1770206953690,13.555669,-79.4603,544.5499,-707.9105,0.756076,-0.189471,0.248505,0.575061,1.770934,-0.443793,0.582065,0.208289,0.248132,0.566643,-2.500449,1.444853,-0.238660
1220,1770206953701,13.566780,-81.1340,545.1204,-708.7870,0.756261,-0.187740,0.248129,0.575547,1.771009,-0.439649,0.581067,0.208289,0.248132,0.566643,-2.500449,1.444853,-0.238660
1221,1770206953712,13.577891,-82.2486,544.9159,-709.1727,0.756778,-0.186804,0.246678,0.575797,1.772034,-0.437412,0.577609,0.207045,0.249184,0.566615,-2.503752,1.438382,-0.237732
1222,1770206953724,13.589003,-83.1726,544.8845,-709.3445,0.757183,-0.186129,0.245030,0.576186,1.772695,-0.435760,0.573657,0.205860,0.250216,0.566567,-2.507021,1.432077,-0.236666
1223,1770206953735,13.600202,-84.0562,544.8973,-710.1134,0.757272,-0.185393,0.243570,0.576925,1.772358,-0.433904,0.570064,0.205268,0.250723,0.566552,-2.508662,1.428972,-0.236208
1224,1770206953746,13.611313,-84.8002,544.9813,-710.3552,0.757782,-0.184423,0.242169,0.577156,1.773381,-0.431593,0.566731,0.205268,0.250723,0.566552,-2.508662,1.428972,-0.236208
1225,1770206953757,13.622424,-85.8530,544.7872,-710.7947,0.758466,-0.183345,0.240891,0.577136,1.774996,-0.429073,0.563745,0.204076,0.251727,0.566511,-2.511813,1.422758,-0.235298
1226,1770206953768,13.633535,-87.0757,544.9989,-711.1830,0.758717,-0.182552,0.239429,0.577666,1.775193,-0.427123,0.560198,0.202857,0.252727,0.566477,-2.514985,1.416316,-0.234265
1227,1770206953779,13.644647,-88.0665,545.2813,-711.6965,0.759064,-0.181619,0.238139,0.578037,1.775732,-0.424873,0.557094,0.202857,0.252727,0.566477,-2.514985,1.416316,-0.234265
1228,1770206953790,13.655762,-89.0121,545.3569,-712.2128,0.759507,-0.180601,0.236973,0.578253,1.776609,-0.422455,0.554317,0.201618,0.253725,0.566440,-2.518128,1.409901,-0.233375
1229,1770206953801,13.666873,-89.6274,545.3993,-712.3891,0.759900,-0.179776,0.235548,0.578576,1.777288,-0.420467,0.550910,0.200462,0.254707,0.566396,-2.521318,1.403698,-0.232170
1230,1770206953812,13.677984,-90.9044,545.3738,-712.8227,0.760319,-0.179019,0.234018,0.578880,1.778045,-0.418646,0.547262,0.199265,0.255671,0.566364,-2.524355,1.397455,-0.231215
1231,1770206953824,13.689096,-91.9007,545.2758,-713.1995,0.760609,-0.177811,0.233130,0.579231,1.778462,-0.415759,0.545106,0.199265,0.255671,0.566364,-2.524355,1.397455,-0.231215
1232,1770206953835,13.700207,-92.8312,544.7542,-713.0021,0.760944,-0.176767,0.232149,0.579504,1.779044,-0.413272,0.542751,0.198059,0.256585,0.566352,-2.527210,1.391365,-0.230284
1233,1770206953846,13.711318,-93.9382,544.6180,-713.3792,0.761614,-0.176571,0.229957,0.579557,1.780571,-0.412803,0.537615,0.196905,0.257514,0.566320,-2.530086,1.385396,-0.229209
1234,1770206953857,13.722429,-95.0782,545.0656,-714.0290,0.762143,-0.175831,0.228441,0.579687,1.781712,-0.411052,0.534041,0.195727,0.258418,0.566306,-2.532970,1.379419,-0.228321
1235,1770206953868,13.733541,-96.0351,545.0388,-714.1924,0.762390,-0.175041,0.227157,0.580106,1.781979,-0.409135,0.530947,0.195119,0.258879,0.566301,-2.534468,1.376316,-0.227879
1236,1770206953879,13.744652,-97.0365,544.8879,-714.4609,0.762780,-0.173741,0.226418,0.580272,1.782769,-0.406068,0.529183,0.193926,0.259766,0.566297,-2.537273,1.370279,-0.227050
1237,1770206953890,13.755763,-98.1124,545.0967,-715.0212,0.762826,-0.172777,0.225466,0.580870,1.782432,-0.403713,0.526829,0.193329,0.260219,0.566300,-2.538735,1.367335,-0.226562
1238,1770206953901,13.766874,-98.5048,545.1646,-714.9966,0.763395,-0.171824,0.224269,0.580868,1.783764,-0.401487,0.524032,0.192728,0.260659,0.566299,-2.540133,1.364386,-0.226205
1239,1770206953912,13.777986,-99.4272,545.0406,-715.2744,0.763581,-0.170473,0.223592,0.581283,1.783890,-0.398261,0.522359,0.192134,0.261111,0.566303,-2.541581,1.361353,-0.225741
1240,1770206953924,13.789097,-100.3308,544.9514,-715.5711,0.763993,-0.169742,0.222181,0.581497,1.784694,-0.396518,0.519017,0.190946,0.261964,0.566304,-2.544350,1.355447,-0.224945
1241,1770206953935,13.800399,-101.4878,545.0382,-715.8190,0.764314,-0.168854,0.221059,0.581761,1.785248,-0.394401,0.516339,0.189728,0.262802,0.566319,-2.547056,1.349549,-0.224157
1242,1770206953946,13.811510,-102.4572,544.9091,-716.1201,0.764584,-0.167899,0.219965,0.582097,1.785632,-0.392116,0.513713,0.189155,0.263252,0.566309,-2.548481,1.346694,-0.223734
1243,1770206953957,13.822622,-103.2417,544.9693,-716.4259,0.764920,-0.167021,0.218931,0.582298,1.786266,-0.390034,0.511255,0.188582,0.263671,0.566313,-2.549804,1.343891,-0.223271
1244,1770206953968,13.833733,-104.3434,545.0044,-716.8237,0.765335,-0.166048,0.217779,0.582463,1.787114,-0.387735,0.508530,0.187428,0.264516,0.566307,-2.552501,1.338226,-0.222403
1245,1770206953979,13.844844,-105.5979,544.9678,-717.3344,0.765649,-0.165545,0.216153,0.582799,1.787599,-0.386505,0.504662,0.186808,0.264945,0.566323,-2.553900,1.335223,-0.222034
1246,1770206953990,13.855955,-106.3688,544.8351,-717.4092,0.766179,-0.164383,0.215287,0.582752,1.788870,-0.383801,0.502650,0.186213,0.265341,0.566320,-2.555132,1.332354,-0.221644
1247,1770206954002,13.867067,-107.3939,545.0772,-717.7066,0.766544,-0.163658,0.213948,0.582970,1.789560,-0.382074,0.499479,0.185055,0.266160,0.566307,-2.557814,1.326640,-0.220788
1248,1770206954013,13.878178,-107.8458,545.0877,-717.8680,0.766157,-0.162318,0.213464,0.584029,1.787871,-0.378778,0.498131,0.184505,0.266579,0.566309,-2.559208,1.323796,-0.220283
1249,1770206954024,13.889289,-108.9705,545.2352,-717.9387,0.767117,-0.161637,0.212053,0.583472,1.790525,-0.377278,0.494953,0.183347,0.267346,0.566316,-2.561752,1.318067,-0.219359
1250,1770206954035,13.900400,-110.1657,545.0330,-718.3067,0.767454,-0.160947,0.210665,0.583722,1.791127,-0.375628,0.491662,0.182774,0.267745,0.566298,-2.563084,1.315264,-0.218991
1251,1770206954046,13.911511,-111.3073,545.6897,-719.0330,0.767659,-0.160135,0.209465,0.584107,1.791320,-0.373673,0.488783,0.182207,0.268136,0.566289,-2.564366,1.312465,-0.218573
1252,1770206954057,13.922622,-112.0369,544.8348,-718.9667,0.767855,-0.158913,0.208737,0.584444,1.791526,-0.370770,0.487017,0.181079,0.268860,0.566286,-2.566798,1.306972,-0.217806
1253,1770206954068,13.933733,-113.0309,544.7521,-719.2448,0.768239,-0.158974,0.206409,0.584750,1.792195,-0.370864,0.481522,0.180511,0.269266,0.566279,-2.568161,1.304181,-0.217360
1254,1770206954079,13.944845,-114.1407,544.4224,-719.4713,0.768642,-0.157853,0.205499,0.584844,1.793065,-0.368236,0.479383,0.179368,0.270014,0.566263,-2.570614,1.298654,-0.216621
1255,1770206954090,13.955956,-115.1187,544.5355,-719.8063,0.769124,-0.156960,0.204339,0.584858,1.794179,-0.366149,0.476673,0.178783,0.270390,0.566257,-2.571859,1.295802,-0.216252
1256,1770206954102,13.967067,-116.4387,544.4505,-720.1452,0.768920,-0.155260,0.204206,0.585626,1.793133,-0.362069,0.476211,0.178229,0.270760,0.566251,-2.573091,1.293142,-0.215880
1257,1770206954113,13.978178,-117.6009,544.3547,-720.4979,0.769536,-0.154629,0.202608,0.585537,1.794636,-0.360611,0.472503,0.177014,0.271522,0.566248,-2.575608,1.287360,-0.215114
1258,1770206954124,13.989289,-118.7159,544.2156,-720.8102,0.769988,-0.154164,0.200967,0.585632,1.795618,-0.359511,0.468656,0.176432,0.271904,0.566236,-2.576892,1.284531,-0.214720
1259,1770206954135,14.000401,-118.8110,544.1348,-721.1453,0.769999,-0.153239,0.199953,0.586207,1.795218,-0.357269,0.466180,0.175260,0.272667,0.566232,-2.579474,1.278841,-0.213903
1260,1770206954146,14.011512,-119.8806,544.2448,-721.0021,0.770424,-0.152242,0.198852,0.586282,1.796153,-0.354933,0.463599,0.174664,0.273049,0.566227,-2.580725,1.276021,-0.213542
1261,1770206954157,14.022623,-120.7766,544.1922,-721.0714,0.770635,-0.151304,0.197783,0.586610,1.796400,-0.352699,0.461045,0.174090,0.273436,0.566224,-2.582004,1.273233,-0.213144
1262,1770206954168,14.033735,-121.9010,544.2142,-721.0583,0.770888,-0.150294,0.196771,0.586877,1.796792,-0.350307,0.458637,0.172909,0.274173,0.566224,-2.584463,1.267606,-0.212404
1263,1770206954179,14.044846,-122.7110,544.6238,-721.4985,0.771363,-0.149480,0.195518,0.586880,1.797896,-0.348409,0.455715,0.172337,0.274540,0.566222,-2.585706,1.264849,-0.211965
1264,1770206954190,14.055957,-123.6472,544.7130,-721.6785,0.771643,-0.148623,0.194455,0.587082,1.798400,-0.346383,0.453200,0.171757,0.274900,0.566215,-2.586885,1.262107,-0.211592
1265,1770206954202,14.067068,-124.3588,544.8248,-721.8578,0.771739,-0.147698,0.193407,0.587535,1.798287,-0.344163,0.450671,0.170618,0.275658,0.566201,-2.589479,1.256555,-0.210830
1266,1770206954213,14.078179,-125.4761,544.9903,-722.0893,0.772028,-0.146759,0.192254,0.587770,1.798785,-0.341941,0.447943,0.170009,0.276027,0.566200,-2.590698,1.253682,-0.210466
1267,1770206954224,14.089290,-126.6901,545.1542,-722.5869,0.772447,-0.146107,0.190814,0.587850,1.799702,-0.340411,0.444571,0.168789,0.276755,0.566209,-2.593151,1.247876,-0.209674
1268,1770206954235,14.100402,-127.7022,545.1091,-722.8644,0.772767,-0.145338,0.189531,0.588036,1.800309,-0.338593,0.441550,0.168206,0.277134,0.566198,-2.594403,1.245120,-0.209294
1269,1770206954246,14.111513,-128.8303,544.9537,-723.0337,0.773108,-0.144579,0.188268,0.588181,1.800995,-0.336804,0.438580,0.167607,0.277485,0.566189,-2.595574,1.242250,-0.208866
1270,1770206954257,14.122624,-129.5068,544.8612,-722.9960,0.773039,-0.142921,0.188147,0.588715,1.800436,-0.332869,0.438201,0.166457,0.278244,0.566160,-2.598155,1.236592,-0.207897
1271,1770206954268,14.133735,-130.5415,544.9918,-723.2070,0.773583,-0.142593,0.186313,0.588664,1.801741,-0.332112,0.433938,0.165851,0.278599,0.566168,-2.599346,1.233768,-0.207547
1272,1770206954279,14.144846,-131.7464,545.3372,-723.5596,0.773915,-0.141969,0.184784,0.588860,1.802369,-0.330631,0.430343,0.164631,0.279300,0.566175,-2.601648,1.228081,-0.206731
1273,1770206954290,14.155958,-132.1314,544.8526,-723.5883,0.774048,-0.140753,0.184073,0.589200,1.802426,-0.327753,0.428626,0.164016,0.279645,0.566183,-2.602829,1.225226,-0.206331
1274,1770206954302,14.167069,-133.1834,544.7195,-723.6570,0.774326,-0.139954,0.182775,0.589428,1.802903,-0.325863,0.425564,0.163404,0.280005,0.566180,-2.604063,1.222273,-0.205865
1275,1770206954313,14.178180,-134.4007,544.6253,-723.9778,0.774754,-0.139452,0.181099,0.589501,1.803846,-0.324684,0.421649,0.162231,0.280708,0.566173,-2.606471,1.216704,-0.205053
1276,1770206954324,14.189291,-135.2341,544.7707,-724.0926,0.775006,-0.138488,0.180121,0.589698,1.804285,-0.322414,0.419337,0.161634,0.281047,0.566177,-2.607666,1.213833,-0.204623
1277,1770206954335,14.200402,-136.1985,544.5417,-724.3166,0.775130,-0.137383,0.179288,0.590047,1.804313,-0.319794,0.417338,0.160452,0.281751,0.566154,-2.610038,1.208251,-0.203829
1278,1770206954346,14.211514,-136.9688,544.4830,-724.5649,0.775351,-0.136589,0.178080,0.590307,1.804634,-0.317913,0.414483,0.159854,0.282082,0.566164,-2.611190,1.205422,-0.203446
1279,1770206954357,14.222625,-137.9794,544.3792,-724.8136,0.775747,-0.135816,0.176778,0.590357,1.805519,-0.316106,0.411444,0.159259,0.282411,0.566162,-2.612362,1.202605,-0.203070
1280,1770206954368,14.233736,-138.9435,544.6068,-725.0673,0.776016,-0.135202,0.175471,0.590533,1.806014,-0.314654,0.408372,0.158094,0.283066,0.566159,-2.614627,1.197083,-0.202291
1281,1770206954379,14.244848,-139.9128,544.5303,-725.3053,0.776164,-0.134136,0.174599,0.590841,1.806129,-0.312134,0.406291,0.157494,0.283390,0.566166,-2.615765,1.194246,-0.201891
1282,1770206954390,14.255959,-140.8896,544.3901,-725.6027,0.776394,-0.133170,0.173557,0.591063,1.806499,-0.309857,0.403830,0.156918,0.283719,0.566160,-2.616894,1.191525,-0.201508
1283,1770206954402,14.267070,-141.5934,544.4293,-725.5180,0.776772,-0.132427,0.172212,0.591127,1.807330,-0.308121,0.400690,0.155696,0.284399,0.566152,-2.619312,1.185710,-0.200644
1284,1770206954413,14.278182,-142.2985,543.8491,-725.6199,0.776741,-0.130860,0.171950,0.591593,1.806911,-0.304415,0.400003,0.155123,0.284725,0.566142,-2.620480,1.182893,-0.200279
1285,1770206954424,14.289293,-143.1924,543.7316,-725.8026,0.777126,-0.130507,0.170304,0.591642,1.807770,-0.303588,0.396166,0.153941,0.285343,0.566149,-2.622648,1.177390,-0.199547
1286,1770206954435,14.300404,-144.8035,544.7929,-725.8711,0.777521,-0.129999,0.168874,0.591644,1.808688,-0.302406,0.392839,0.153370,0.285661,0.566141,-2.623779,1.174649,-0.199151
1287,1770206954446,14.311515,-145.7874,544.7553,-725.9518,0.777670,-0.128829,0.168050,0.591940,1.808813,-0.299648,0.390874,0.152793,0.285981,0.566137,-2.624948,1.171886,-0.198879
1288,1770206954457,14.322627,-146.8007,544.7425,-726.1334,0.777973,-0.128160,0.166821,0.592035,1.809446,-0.298080,0.388000,0.151620,0.286597,0.566143,-2.627154,1.166318,-0.198229
1289,1770206954468,14.333738,-147.4500,545.2596,-726.1572,0.778066,-0.127097,0.166028,0.592364,1.809417,-0.295567,0.386104,0.151050,0.286888,0.566151,-2.628204,1.163599,-0.197882
1290,1770206954479,14.344849,-148.2726,545.2875,-726.2943,0.778339,-0.126136,0.165055,0.592483,1.809963,-0.293318,0.383822,0.149961,0.287492,0.566136,-2.630390,1.158348,-0.197101
1291,1770206954490,14.355960,-149.0871,545.3022,-726.3814,0.778494,-0.125439,0.163995,0.592720,1.810148,-0.291669,0.381320,0.149418,0.287778,0.566135,-2.631438,1.155768,-0.196792
1292,1770206954502,14.367072,-149.7800,545.2987,-726.5039,0.778746,-0.124704,0.162772,0.592882,1.810612,-0.289941,0.378450,0.148860,0.288055,0.566144,-2.632435,1.153129,-0.196520
1293,1770206954513,14.378183,-150.6717,545.3884,-726.6052,0.778978,-0.123879,0.161854,0.593001,1.811063,-0.288009,0.376297,0.147768,0.288610,0.566147,-2.634426,1.147956,-0.195914
1294,1770206954524,14.389294,-151.2012,544.9861,-726.7097,0.779109,-0.122785,0.161158,0.593246,1.811186,-0.285436,0.374642,0.147228,0.288891,0.566144,-2.635478,1.145365,-0.195648
1295,1770206954535,14.400406,-151.9554,544.9808,-726.8059,0.779313,-0.122052,0.160222,0.593383,1.811557,-0.283717,0.372446,0.146173,0.289419,0.566148,-2.637374,1.140429,-0.195012
1296,1770206954546,14.411517,-152.7986,544.7914,-726.8919,0.779508,-0.121478,0.159102,0.593546,1.811887,-0.282362,0.369818,0.145675,0.289693,0.566142,-2.638403,1.137955,-0.194715
1297,1770206954557,14.422628,-153.4956,544.7149,-727.0132,0.779575,-0.120515,0.158445,0.593830,1.811833,-0.280093,0.368247,0.145192,0.289945,0.566148,-2.639360,1.135613,-0.194420
1298,1770206954568,14.433739,-153.9577,544.0551,-726.9680,0.779737,-0.119708,0.157644,0.593994,1.812087,-0.278197,0.366359,0.144213,0.290441,0.566147,-2.641156,1.131001,-0.193724
1299,1770206954579,14.444851,-154.6287,543.9924,-727.0616,0.779980,-0.118868,0.156712,0.594090,1.812579,-0.276235,0.364180,0.143727,0.290665,0.566161,-2.642018,1.128681,-0.193506
1300,1770206954590,14.455962,-155.4252,543.9695,-727.0510,0.780097,-0.118282,0.155959,0.594252,1.812730,-0.274855,0.362407,0.143270,0.290902,0.566167,-2.642885,1.126526,-0.193200
1301,1770206954602,14.467073,-155.9556,544.0320,-727.2071,0.780252,-0.117691,0.155084,0.594394,1.812985,-0.273466,0.360351,0.142368,0.291318,0.566188,-2.644443,1.122305,-0.192663
1302,1770206954613,14.478184,-157.1280,544.4969,-727.2944,0.780614,-0.117460,0.153492,0.594379,1.813836,-0.272931,0.356655,0.141942,0.291529,0.566207,-2.645249,1.120251,-0.192360
1303,1770206954624,14.489296,-157.3064,544.3243,-727.3167,0.780742,-0.116813,0.152984,0.594469,1.814066,-0.271417,0.355461,0.141134,0.291913,0.566216,-2.646673,1.116544,-0.191902
1304,1770206954635,14.500407,-157.7254,544.1932,-727.3406,0.780886,-0.116244,0.152239,0.594582,1.814316,-0.270081,0.353714,0.140757,0.292087,0.566226,-2.647350,1.114681,-0.191695
1305,1770206954646,14.511518,-158.6708,544.4896,-727.2568,0.781101,-0.115858,0.151485,0.594568,1.814827,-0.269186,0.351964,0.140398,0.292271,0.566232,-2.648071,1.112935,-0.191475
1306,1770206954657,14.522629,-159.3688,544.8257,-727.6490,0.781147,-0.115289,0.151042,0.594731,1.814812,-0.267848,0.350911,0.139740,0.292597,0.566224,-2.649283,1.109844,-0.191059
1307,1770206954668,14.533740,-159.7823,544.5461,-727.5868,0.781053,-0.114746,0.150685,0.595050,1.814355,-0.266551,0.350035,0.139415,0.292724,0.566230,-2.649777,1.108315,-0.190914
1308,1770206954679,14.544852,-160.3071,544.6489,-727.8688,0.781180,-0.114198,0.150294,0.595086,1.814624,-0.265274,0.349121,0.138825,0.293053,0.566220,-2.650981,1.105613,-0.190574
1309,1770206954690,14.555963,-160.6838,544.6816,-727.8906,0.781219,-0.113731,0.149794,0.595251,1.814591,-0.264170,0.347936,0.138539,0.293189,0.566213,-2.651453,1.104328,-0.190464
1310,1770206954702,14.567074,-161.2173,544.6555,-727.9255,0.781274,-0.113513,0.149240,0.595359,1.814639,-0.263652,0.346634,0.138258,0.293298,0.566218,-2.651818,1.103095,-0.190293
1311,1770206954713,14.578185,-161.5971,544.6705,-727.9973,0.781483,-0.113153,0.148709,0.595287,1.815177,-0.262825,0.345412,0.137758,0.293558,0.566206,-2.652762,1.100828,-0.190094
1312,1770206954724,14.589297,-161.9629,544.5434,-728.0862,0.781551,-0.112805,0.148364,0.595350,1.815287,-0.262010,0.344601,0.137525,0.293695,0.566188,-2.653225,1.099781,-0.189958
1313,1770206954735,14.600408,-162.3240,544.4589,-728.1370,0.781446,-0.112348,0.148216,0.595611,1.814849,-0.260919,0.344221,0.137095,0.293920,0.566173,-2.654002,1.097916,-0.189695
1314,1770206954746,14.611519,-162.5878,544.5383,-728.1656,0.781607,-0.112335,0.147496,0.595580,1.815246,-0.260892,0.342553,0.136907,0.294036,0.566157,-2.654395,1.097040,-0.189557
1315,1770206954757,14.622630,-162.9346,544.4399,-728.2178,0.781672,-0.112005,0.147294,0.595607,1.815377,-0.260124,0.342081,0.136712,0.294150,0.566159,-2.654788,1.096177,-0.189511
1316,1770206954768,14.633742,-162.9494,544.1382,-728.1658,0.781693,-0.111727,0.146967,0.595713,1.815347,-0.259466,0.341305,0.136354,0.294359,0.566122,-2.655460,1.094559,-0.189238
1317,1770206954779,14.644853,-163.3801,544.4191,-728.2169,0.781687,-0.111465,0.146682,0.595840,1.815237,-0.258844,0.340625,0.136179,0.294446,0.566117,-2.655747,1.093770,-0.189157
1318,1770206954790,14.655964,-163.5174,544.1459,-728.2062,0.781759,-0.111345,0.146321,0.595857,1.815392,-0.258564,0.339784,0.136048,0.294550,0.566095,-2.656089,1.093167,-0.188997
1319,1770206954802,14.667075,-163.5757,544.2128,-728.4135,0.781738,-0.111181,0.146150,0.595957,1.815268,-0.258173,0.339374,0.135790,0.294707,0.566076,-2.656561,1.092069,-0.188826
1320,1770206954813,14.678186,-163.7192,544.5596,-728.5165,0.781813,-0.111035,0.145849,0.595959,1.815442,-0.257833,0.338674,0.135657,0.294798,0.566061,-2.656827,1.091440,-0.188760
1321,1770206954824,14.689297,-164.3806,544.4379,-728.6780,0.781753,-0.110857,0.145577,0.596138,1.815167,-0.257402,0.338017,0.135431,0.294947,0.566045,-2.657207,1.090522,-0.188568
1322,1770206954835,14.700408,-164.4934,544.3718,-728.6206,0.781839,-0.110734,0.145449,0.596080,1.815410,-0.257121,0.337730,0.135326,0.295024,0.566019,-2.657449,1.089995,-0.188519
1323,1770206954846,14.711520,-164.6883,544.4652,-728.6445,0.781939,-0.110665,0.145162,0.596031,1.815681,-0.256967,0.337070,0.135217,0.295074,0.566016,-2.657530,1.089499,-0.188430
1324,1770206954857,14.722631,-164.7983,544.3737,-728.5285,0.781824,-0.110682,0.145033,0.596210,1.815279,-0.256988,0.336746,0.135046,0.295216,0.565987,-2.657902,1.088851,-0.188315
1325,1770206954868,14.733742,-164.9285,544.3530,-728.5656,0.781894,-0.110424,0.144909,0.596196,1.815451,-0.256391,0.336459,0.134961,0.295286,0.565986,-2.658103,1.088361,-0.188279
1326,1770206954879,14.744854,-165.1542,544.3561,-728.6111,0.781928,-0.110416,0.144814,0.596176,1.815546,-0.256373,0.336241,0.134844,0.295430,0.565945,-2.658437,1.087855,-0.188125
1327,1770206954890,14.755968,-165.2451,544.1370,-728.7054,0.782009,-0.110289,0.144756,0.596108,1.815785,-0.256086,0.336115,0.134782,0.295497,0.565947,-2.658565,1.087498,-0.188060
1328,1770206954902,14.767079,-165.1930,544.2885,-728.8015,0.782008,-0.110244,0.144705,0.596129,1.815767,-0.255978,0.335994,0.134738,0.295544,0.565924,-2.658698,1.087252,-0.187973
1329,1770206954913,14.778190,-165.3606,544.1310,-728.9715,0.781917,-0.110228,0.144664,0.596262,1.815455,-0.255927,0.335880,0.134665,0.295667,0.565895,-2.658941,1.086885,-0.187795
1330,1770206954924,14.789301,-165.2287,544.2909,-729.3803,0.781963,-0.110032,0.144635,0.596245,1.815575,-0.255474,0.335816,0.134630,0.295746,0.565864,-2.659218,1.086618,-0.187753
1331,1770206954935,14.800413,-165.5026,544.0575,-729.1033,0.781966,-0.109997,0.144570,0.596263,1.815569,-0.255391,0.335662,0.134568,0.295849,0.565830,-2.659379,1.086311,-0.187621
1332,1770206954946,14.811524,-165.4410,544.0522,-729.4380,0.781923,-0.110056,0.144361,0.596359,1.815399,-0.255519,0.335164,0.134545,0.295905,0.565810,-2.659566,1.086139,-0.187479
1333,1770206954957,14.822635,-165.5502,543.9352,-729.2017,0.781869,-0.109882,0.144440,0.596443,1.815210,-0.255105,0.335337,0.134496,0.295942,0.565801,-2.659664,1.085910,-0.187509
1334,1770206954968,14.833746,-165.7774,544.0552,-729.3218,0.781690,-0.109990,0.144115,0.596736,1.814576,-0.255326,0.334542,0.134473,0.296041,0.565750,-2.659880,1.085604,-0.187376
1335,1770206954979,14.844858,-165.7395,543.9263,-729.4702,0.781762,-0.109963,0.144081,0.596655,1.814803,-0.255272,0.334473,0.134480,0.296108,0.565718,-2.660098,1.085544,-0.187263
1336,1770206954990,14.855969,-165.4882,543.8415,-729.4863,0.781979,-0.109792,0.144096,0.596398,1.815499,-0.254901,0.334543,0.134486,0.296155,0.565683,-2.660196,1.085471,-0.187204
1337,1770206955002,14.867080,-165.4392,543.6784,-729.5870,0.781287,-0.109996,0.143960,0.597300,1.813220,-0.255279,0.334103,0.134504,0.296266,0.565607,-2.660515,1.085343,-0.187058
1338,1770206955013,14.878191,-165.4759,543.7477,-729.5912,0.781510,-0.109734,0.144154,0.597009,1.813954,-0.254703,0.334594,0.134500,0.296295,0.565581,-2.660563,1.085345,-0.187025
1339,1770206955024,14.889302,-165.3425,543.6506,-729.7584,0.781545,-0.109707,0.144035,0.596998,1.814043,-0.254640,0.334320,0.134527,0.296408,0.565490,-2.660796,1.085258,-0.186931
1340,1770206955035,14.900414,-165.5636,544.0656,-729.9819,0.781703,-0.109712,0.144001,0.596797,1.814561,-0.254674,0.334268,0.134539,0.296462,0.565431,-2.660920,1.085190,-0.186817
1341,1770206955046,14.911525,-165.4487,543.7559,-730.2165,0.781870,-0.109533,0.144096,0.596589,1.815103,-0.254279,0.334518,0.134598,0.296546,0.565357,-2.661124,1.085304,-0.186647
1342,1770206955057,14.922636,-165.8959,543.5792,-730.0141,0.781179,-0.110099,0.143383,0.597561,1.812774,-0.255493,0.332729,0.134687,0.296684,0.565223,-2.661472,1.085318,-0.186507
1343,1770206955068,14.933747,-165.5057,543.5778,-730.3911,0.781051,-0.109994,0.143567,0.597703,1.812372,-0.255233,0.333136,0.134715,0.296757,0.565161,-2.661652,1.085354,-0.186395
1344,1770206955079,14.944859,-165.5040,543.3675,-730.4950,0.781141,-0.110072,0.143501,0.597588,1.812665,-0.255426,0.332999,0.134842,0.296904,0.565003,-2.661989,1.085538,-0.186150
1345,1770206955090,14.955970,-165.4976,543.0858,-730.6481,0.780908,-0.110092,0.143428,0.597906,1.811888,-0.255440,0.332786,0.134917,0.297019,0.564908,-2.662316,1.085614,-0.185966
1346,1770206955102,14.967081,-165.5913,543.2961,-731.0125,0.781102,-0.110021,0.143489,0.597651,1.812529,-0.255302,0.332962,0.135019,0.297116,0.564802,-2.662594,1.085695,-0.185764
1347,1770206955113,14.978192,-165.1365,543.0248,-731.0188,0.780976,-0.110048,0.143475,0.597814,1.812113,-0.255346,0.332908,0.135189,0.297313,0.564597,-2.663147,1.085899,-0.185474
1348,1770206955124,14.989303,-165.0551,542.4316,-731.1126,0.780946,-0.109977,0.143633,0.597829,1.812033,-0.255180,0.333272,0.135311,0.297417,0.564479,-2.663406,1.086068,-0.185284
1349,1770206955135,15.000415,-164.7088,542.7971,-731.4990,0.780733,-0.110059,0.143601,0.598098,1.811340,-0.255341,0.333162,0.135516,0.297629,0.564242,-2.663992,1.086264,-0.185003
1350,1770206955146,15.011526,-165.4535,542.4421,-731.1540,0.780638,-0.110031,0.143611,0.598226,1.811023,-0.255265,0.333166,0.135632,0.297751,0.564103,-2.664331,1.086370,-0.184755
1351,1770206955157,15.022637,-165.4510,542.1076,-731.3284,0.780370,-0.110166,0.143489,0.598579,1.810140,-0.255540,0.332836,0.135771,0.297890,0.563951,-2.664743,1.086536,-0.184564
1352,1770206955168,15.033748,-164.8174,541.9954,-731.7286,0.780061,-0.110294,0.143412,0.598977,1.809126,-0.255795,0.332602,0.136074,0.298198,0.563616,-2.665594,1.086855,-0.183988
1353,1770206955179,15.044859,-164.5346,541.7063,-732.1948,0.779575,-0.110521,0.143213,0.599614,1.807527,-0.256255,0.332055,0.136277,0.298385,0.563420,-2.666149,1.087162,-0.183642
1354,1770206955190,15.055970,-164.3403,541.3237,-732.6305,0.779278,-0.110595,0.143155,0.600001,1.806551,-0.256386,0.331868,0.136463,0.298578,0.563212,-2.666730,1.087345,-0.183265
1355,1770206955202,15.067082,-164.2885,541.2374,-732.9979,0.779094,-0.110698,0.142998,0.600258,1.805934,-0.256598,0.331469,0.136890,0.298984,0.562758,-2.667971,1.087897,-0.182508
1356,1770206955213,15.078193,-164.0815,540.8071,-733.4468,0.779035,-0.110776,0.142928,0.600337,1.805738,-0.256770,0.331296,0.137125,0.299229,0.562499,-2.668718,1.088086,-0.182032
1357,1770206955224,15.089304,-163.6910,540.3466,-733.8384,0.778675,-0.110836,0.142903,0.600799,1.804564,-0.256860,0.331174,0.137606,0.299715,0.561959,-2.670202,1.088670,-0.181073
1358,1770206955235,15.100415,-163.2188,540.0280,-734.5925,0.778356,-0.110987,0.142782,0.601213,1.803518,-0.257167,0.330837,0.137868,0.299964,0.561670,-2.670942,1.088958,-0.180669
1359,1770206955246,15.111527,-163.2758,539.3104,-734.7033,0.777855,-0.111115,0.142761,0.601843,1.801890,-0.257395,0.330704,0.138148,0.300256,0.561347,-2.671815,1.089290,-0.180090
1360,1770206955257,15.122638,-162.8842,538.5850,-735.3908,0.777286,-0.111238,0.142664,0.602578,1.800028,-0.257604,0.330379,0.138789,0.300864,0.560654,-2.673676,1.090075,-0.178914
1361,1770206955268,15.133749,-162.5274,537.8823,-736.0461,0.776757,-0.111532,0.142428,0.603261,1.798301,-0.258213,0.329742,0.139122,0.301196,0.560295,-2.674707,1.090434,-0.178289
1362,1770206955279,15.144860,-162.5317,537.3466,-736.3024,0.776018,-0.111896,0.142230,0.604191,1.795906,-0.258956,0.329156,0.139866,0.301933,0.559473,-2.676957,1.091332,-0.176858
1363,1770206955290,15.155972,-162.4781,536.3767,-736.5490,0.775330,-0.112118,0.142063,0.605072,1.793666,-0.259376,0.328652,0.140257,0.302310,0.559053,-2.678106,1.091846,-0.176120
1364,1770206955302,15.167083,-161.8555,536.0683,-737.5337,0.774728,-0.112387,0.141856,0.605841,1.791710,-0.259917,0.328070,0.140660,0.302692,0.558607,-2.679239,1.092333,-0.175384
1365,1770206955313,15.178195,-161.3509,535.3394,-738.5889,0.774751,-0.112198,0.142078,0.605795,1.791796,-0.259485,0.328589,0.141554,0.303555,0.557617,-2.681919,1.093376,-0.173692
1366,1770206955324,15.189306,-160.9018,534.9710,-739.6652,0.773897,-0.112451,0.141974,0.606862,1.789041,-0.259956,0.328207,0.142032,0.303998,0.557103,-2.683281,1.094012,-0.172836
1367,1770206955335,15.200417,-160.8272,533.9611,-740.1982,0.773007,-0.112998,0.141506,0.608003,1.786150,-0.261098,0.326971,0.143030,0.304980,0.556011,-2.686299,1.095206,-0.170906
1368,1770206955346,15.211528,-160.4665,532.9387,-741.1062,0.772311,-0.113367,0.141227,0.608883,1.783900,-0.261859,0.326209,0.143519,0.305461,0.555459,-2.687773,1.095790,-0.169972
1369,1770206955357,15.222640,-160.2340,532.5519,-742.3748,0.771671,-0.113533,0.141101,0.609692,1.781834,-0.262155,0.325810,0.144067,0.306004,0.554857,-2.689464,1.096465,-0.168947
1370,1770206955368,15.233751,-159.6419,531.4456,-743.4057,0.770626,-0.113601,0.141093,0.611002,1.778470,-0.262172,0.325617,0.145122,0.307080,0.553642,-2.692780,1.097711,-0.166910
1371,1770206955379,15.244862,-158.9815,530.4659,-744.4338,0.769757,-0.113766,0.141018,0.612084,1.775680,-0.262437,0.325300,0.145741,0.307652,0.552978,-2.694549,1.098486,-0.165807
1372,1770206955390,15.255974,-158.4734,529.3360,-745.6929,0.768872,-0.114176,0.140727,0.613184,1.772845,-0.263263,0.324485,0.146336,0.308279,0.552291,-2.696536,1.099193,-0.164685
1373,1770206955402,15.267085,-157.5505,528.6213,-746.3231,0.768009,-0.114768,0.140040,0.614312,1.770041,-0.264507,0.322753,0.147575,0.309505,0.550874,-2.700336,1.100695,-0.162283
1374,1770206955413,15.278196,-156.9638,527.4716,-747.4645,0.767059,-0.115105,0.139930,0.615459,1.767027,-0.265161,0.322347,0.148241,0.310166,0.550124,-2.702428,1.101551,-0.161049
1375,1770206955424,15.289308,-156.3397,526.1973,-748.5914,0.765837,-0.115002,0.140280,0.616920,1.763163,-0.264765,0.322963,0.149576,0.311478,0.548590,-2.706531,1.103186,-0.158405
1376,1770206955435,15.300419,-155.7336,525.4755,-749.4961,0.764698,-0.114957,0.140316,0.618331,1.759532,-0.264511,0.322860,0.150278,0.312157,0.547800,-2.708657,1.104129,-0.157115
1377,1770206955446,15.311530,-155.8737,524.7175,-751.0034,0.763749,-0.115776,0.139372,0.619564,1.756469,-0.266262,0.320528,0.150959,0.312853,0.546996,-2.710915,1.104860,-0.155800
1378,1770206955457,15.322641,-154.7776,523.2802,-751.9953,0.762901,-0.116406,0.139051,0.620562,1.753808,-0.267603,0.319660,0.152375,0.314254,0.545343,-2.715316,1.106635,-0.152970
1379,1770206955468,15.333753,-154.8583,522.6016,-753.7562,0.761675,-0.116451,0.139131,0.622039,1.749942,-0.267544,0.319653,0.153126,0.314962,0.544489,-2.717576,1.107652,-0.151621
1380,1770206955479,15.344864,-153.8452,521.0538,-755.1307,0.760274,-0.116546,0.139008,0.623761,1.745506,-0.267577,0.319147,0.154640,0.316421,0.542729,-2.722264,1.109541,-0.148635
1381,1770206955490,15.355975,-153.4277,519.6748,-756.6342,0.759171,-0.117124,0.138374,0.625136,1.742002,-0.268755,0.317516,0.155393,0.317191,0.541810,-2.724728,1.110417,-0.147042
1382,1770206955502,15.367087,-152.5188,518.2315,-757.8656,0.757961,-0.117902,0.137807,0.626581,1.738212,-0.270380,0.316029,0.156196,0.317982,0.540876,-2.727309,1.111471,-0.145537
1383,1770206955513,15.378198,-151.7848,516.4908,-759.4630,0.756696,-0.118151,0.138103,0.627996,1.734318,-0.270798,0.316526,0.157809,0.319553,0.538929,-2.732326,1.113523,-0.142252
1384,1770206955524,15.389309,-150.7620,515.2055,-760.4720,0.755259,-0.118237,0.137910,0.629750,1.729798,-0.270803,0.315860,0.158628,0.320385,0.537947,-2.735053,1.114574,-0.140612
1385,1770206955535,15.400420,-150.0538,514.2043,-761.7122,0.754254,-0.118944,0.137113,0.630994,1.726630,-0.272286,0.313878,0.160240,0.321989,0.535961,-2.740278,1.116609,-0.137311
1386,1770206955546,15.411532,-149.6616,512.5716,-763.1744,0.752859,-0.119685,0.136576,0.632634,1.722298,-0.273800,0.312442,0.161082,0.322797,0.534948,-2.742906,1.117661,-0.135555
1387,1770206955557,15.422643,-148.7381,511.4857,-764.5558,0.751465,-0.120147,0.136407,0.634239,1.717998,-0.274679,0.311853,0.161891,0.323608,0.533932,-2.745548,1.118735,-0.133943
1388,1770206955568,15.433754,-147.9468,509.7456,-766.0189,0.750220,-0.119571,0.136513,0.635797,1.714077,-0.273192,0.311901,0.163565,0.325280,0.531828,-2.751088,1.120564,-0.131647
1389,1770206955579,15.444865,-147.2201,508.3158,-767.8232,0.748689,-0.120072,0.136239,0.637564,1.709364,-0.274142,0.311053,0.164431,0.326157,0.530739,-2.753959,1.121484,-0.130779
1390,1770206955590,15.455976,-146.5074,506.6453,-769.5847,0.747557,-0.120274,0.136408,0.638816,1.705922,-0.274465,0.311282,0.165343,0.327003,0.529631,-2.756761,1.122599,-0.130107
1391,1770206955602,15.467088,-145.6288,504.9854,-771.2964,0.746100,-0.119925,0.136805,0.640497,1.701450,-0.273484,0.311978,0.167199,0.328791,0.527366,-2.762741,1.124803,-0.128894
1392,1770206955613,15.478199,-144.9916,503.5391,-772.4766,0.744997,-0.120007,0.136738,0.641779,1.698063,-0.273529,0.311666,0.168118,0.329675,0.526228,-2.765716,1.125926,-0.128423
1393,1770206955624,15.489310,-144.0319,502.2125,-773.8719,0.743144,-0.120002,0.136821,0.643908,1.692394,-0.273286,0.311588,0.169895,0.331382,0.523993,-2.771482,1.127937,-0.127743
1394,1770206955635,15.500421,-143.3503,500.1859,-775.6509,0.741781,-0.119986,0.136865,0.645471,1.688234,-0.273078,0.311493,0.170775,0.332232,0.522876,-2.774393,1.128966,-0.127351
1395,1770206955646,15.511533,-142.5355,499.1980,-776.7971,0.740340,-0.120125,0.136644,0.647144,1.683828,-0.273211,0.310783,0.171635,0.333079,0.521747,-2.777285,1.129820,-0.126885
1396,1770206955657,15.522644,-141.8570,497.3492,-778.6484,0.739131,-0.120062,0.136644,0.648536,1.680145,-0.272916,0.310610,0.173424,0.334812,0.519405,-2.783197,1.131931,-0.125750
1397,1770206955668,15.533755,-140.7811,495.6088,-780.1838,0.737742,-0.120069,0.136686,0.650106,1.675936,-0.272763,0.310511,0.174340,0.335694,0.518195,-2.786284,1.133048,-0.124922
1398,1770206955679,15.544866,-140.0112,493.9907,-781.1766,0.735892,-0.120483,0.136389,0.652185,1.670348,-0.273476,0.309579,0.176218,0.337463,0.515766,-2.792500,1.135399,-0.123050
1399,1770206955690,15.555978,-139.1096,492.3725,-782.7450,0.734260,-0.120684,0.136313,0.654000,1.665440,-0.273735,0.309183,0.177122,0.338331,0.514561,-2.795563,1.136542,-0.121988
1400,1770206955702,15.567089,-138.3315,490.7878,-784.3115,0.732874,-0.120889,0.136103,0.655559,1.661265,-0.274028,0.308515,0.177994,0.339148,0.513375,-2.798458,1.137603,-0.120797
1401,1770206955713,15.578200,-137.9390,489.0906,-785.4109,0.731764,-0.120973,0.136082,0.656787,1.657940,-0.274086,0.308318,0.179722,0.340839,0.510959,-2.804419,1.139808,-0.118278
1402,1770206955724,15.589311,-137.1394,487.3601,-786.9285,0.729886,-0.121284,0.135844,0.658865,1.652322,-0.274563,0.307526,0.180593,0.341681,0.509740,-2.807354,1.140946,-0.116817
1403,1770206955735,15.600423,-136.3774,485.4546,-788.4509,0.728299,-0.121651,0.135487,0.660624,1.647579,-0.275203,0.306501,0.182335,0.343370,0.507247,-2.813384,1.143169,-0.113566
1404,1770206955746,15.611534,-135.6660,483.5598,-789.9030,0.726637,-0.122080,0.135182,0.662436,1.642639,-0.275974,0.305593,0.183245,0.344250,0.505958,-2.816504,1.144475,-0.111625
1405,1770206955757,15.622645,-135.0893,482.3503,-791.4585,0.725227,-0.122621,0.134698,0.663978,1.638452,-0.277027,0.304313,0.184125,0.345138,0.504647,-2.819686,1.145686,-0.109617
1406,1770206955768,15.633756,-134.4737,480.4973,-792.8989,0.723612,-0.123125,0.134156,0.665753,1.633656,-0.277972,0.302876,0.185852,0.346830,0.502119,-2.825680,1.148025,-0.105442
1407,1770206955779,15.644867,-133.5238,479.0131,-794.3812,0.722174,-0.123509,0.133818,0.667311,1.629405,-0.278667,0.301927,0.186666,0.347631,0.500880,-2.828525,1.149187,-0.103239
1408,1770206955790,15.655978,-132.7638,477.2965,-795.6993,0.720685,-0.124092,0.133398,0.668894,1.625029,-0.279808,0.300792,0.187491,0.348439,0.499636,-2.831391,1.150257,-0.100985
1409,1770206955802,15.667090,-132.0077,475.4711,-796.9707,0.719047,-0.125118,0.132479,0.670647,1.620214,-0.281927,0.298512,0.189112,0.350037,0.497138,-2.837091,1.152647,-0.096411
1410,1770206955813,15.678201,-131.0446,473.9344,-798.4468,0.717304,-0.125630,0.132028,0.672503,1.615107,-0.282874,0.297279,0.189966,0.350858,0.495853,-2.839970,1.153920,-0.093985
1411,1770206955824,15.689312,-130.3875,472.2272,-799.7405,0.715754,-0.126125,0.131525,0.674159,1.610565,-0.283802,0.295952,0.191683,0.352512,0.493269,-2.846009,1.156441,-0.088910
1412,1770206955835,15.700423,-129.9533,469.9478,-800.9610,0.713893,-0.126702,0.130986,0.676126,1.605136,-0.284880,0.294512,0.192498,0.353327,0.492020,-2.848925,1.157532,-0.086308
1413,1770206955846,15.711535,-129.4765,468.7277,-802.5649,0.712548,-0.127204,0.130527,0.677538,1.601223,-0.285850,0.293318,0.193306,0.354083,0.490790,-2.851650,1.158707,-0.083735
1414,1770206955857,15.722646,-128.8301,467.1861,-803.7014,0.711516,-0.127567,0.130310,0.678595,1.598240,-0.286547,0.292709,0.194800,0.355533,0.488446,-2.856637,1.160665,-0.078863
1415,1770206955868,15.733757,-128.1025,465.3625,-805.1166,0.710275,-0.128313,0.129381,0.679931,1.594616,-0.288072,0.290469,0.195529,0.356254,0.487278,-2.858996,1.161478,-0.076223
1416,1770206955879,15.744868,-127.5498,463.7216,-806.3254,0.708839,-0.129183,0.128456,0.681438,1.590453,-0.289854,0.288223,0.197039,0.357680,0.484927,-2.863565,1.163268,-0.070804
1417,1770206955890,15.755979,-126.8520,462.1214,-807.8321,0.707547,-0.129879,0.127881,0.682756,1.586733,-0.291264,0.286783,0.197796,0.358394,0.483746,-2.865713,1.164201,-0.068086
1418,1770206955902,15.767091,-126.2543,460.5236,-809.0258,0.706338,-0.130380,0.127354,0.684009,1.583246,-0.292244,0.285463,0.198529,0.359113,0.482582,-2.867806,1.164915,-0.065264
1419,1770206955913,15.778202,-125.6722,459.4225,-810.5165,0.704979,-0.131207,0.126355,0.685437,1.579318,-0.293934,0.283064,0.199952,0.360471,0.480335,-2.871443,1.166333,-0.059809
1420,1770206955924,15.789313,-125.2574,458.0990,-811.5646,0.704413,-0.131889,0.125686,0.686011,1.577695,-0.295396,0.281504,0.200607,0.361113,0.479267,-2.872941,1.166838,-0.057169
1421,1770206955935,15.800424,-124.8016,456.7206,-812.7156,0.703697,-0.132626,0.124877,0.686751,1.575634,-0.296961,0.279610,0.201861,0.362329,0.477194,-2.875552,1.167803,-0.051912
1422,1770206955946,15.811535,-124.4612,455.4485,-813.7197,0.703000,-0.133341,0.124208,0.687447,1.573647,-0.298480,0.278037,0.202450,0.362913,0.476188,-2.876622,1.168206,-0.049455
1423,1770206955957,15.822647,-123.7186,453.8546,-814.7372,0.702361,-0.134334,0.123132,0.688101,1.571814,-0.300627,0.275557,0.203036,0.363489,0.475204,-2.877610,1.168578,-0.046871
1424,1770206955968,15.833758,-123.2424,452.6783,-815.6166,0.701558,-0.135059,0.122478,0.688894,1.569532,-0.302156,0.274008,0.204233,0.364618,0.473250,-2.879343,1.169474,-0.041845
1425,1770206955979,15.844869,-122.9023,451.4991,-816.5716,0.701203,-0.135650,0.121934,0.689236,1.568529,-0.303438,0.272756,0.204821,0.365171,0.472289,-2.880155,1.169822,-0.039306
1426,1770206955990,15.855980,-122.7090,450.3220,-817.5406,0.700743,-0.136263,0.121305,0.689693,1.567221,-0.304754,0.271300,0.205378,0.365722,0.471353,-2.880932,1.170101,-0.036739
1427,1770206956002,15.867092,-122.3816,449.2167,-818.5433,0.700203,-0.136891,0.120492,0.690259,1.565667,-0.306091,0.269423,0.206411,0.366757,0.469559,-2.882172,1.170418,-0.032109
1428,1770206956013,15.878203,-122.2724,448.3378,-819.3301,0.699775,-0.137643,0.119661,0.690688,1.564448,-0.307722,0.267520,0.206901,0.367234,0.468722,-2.882655,1.170626,-0.029851
1429,1770206956024,15.889314,-122.1365,447.5156,-820.0262,0.699404,-0.138231,0.119047,0.691053,1.563395,-0.308990,0.266109,0.207784,0.368125,0.467148,-2.883304,1.170674,-0.025585
1430,1770206956035,15.900425,-121.3898,445.3696,-820.5748,0.699503,-0.138910,0.118400,0.690927,1.563695,-0.310525,0.264676,0.208215,0.368514,0.466417,-2.883465,1.170776,-0.023581
1431,1770206956046,15.911536,-121.3120,444.6309,-821.1924,0.699285,-0.139561,0.117760,0.691127,1.563084,-0.311955,0.263224,0.208620,0.368886,0.465715,-2.883567,1.170815,-0.021586
1432,1770206956057,15.922648,-120.9846,443.6262,-821.6935,0.699153,-0.140298,0.117171,0.691211,1.562738,-0.313592,0.261900,0.209365,0.369606,0.464401,-2.883759,1.170955,-0.018031
1433,1770206956068,15.933759,-120.3824,442.9351,-822.5404,0.698684,-0.140955,0.116573,0.691653,1.561422,-0.315007,0.260519,0.209705,0.369967,0.463759,-2.883943,1.171013,-0.016304
1434,1770206956079,15.944870,-119.7404,441.9227,-823.1923,0.698651,-0.141525,0.115832,0.691693,1.561324,-0.316276,0.258858,0.210354,0.370665,0.462548,-2.884227,1.171038,-0.013022
1435,1770206956090,15.955982,-119.6319,441.3444,-823.6783,0.698465,-0.141986,0.115353,0.691867,1.560802,-0.317284,0.257770,0.210664,0.370977,0.461990,-2.884340,1.171032,-0.011556
1436,1770206956102,15.967093,-119.5902,440.8441,-824.0984,0.698526,-0.142470,0.114965,0.691771,1.560997,-0.318377,0.256911,0.210957,0.371260,0.461469,-2.884344,1.171101,-0.010156
1437,1770206956113,15.978204,-119.0400,440.0034,-824.4839,0.698097,-0.143222,0.114301,0.692158,1.559803,-0.320010,0.255390,0.211496,0.371774,0.460482,-2.884246,1.171239,-0.007581
1438,1770206956124,15.989316,-118.6685,439.3594,-825.2668,0.698250,-0.143466,0.113995,0.692004,1.560239,-0.320575,0.254722,0.211723,0.372039,0.460021,-2.884300,1.171189,-0.006443
1439,1770206956135,16.000427,-118.5849,438.3320,-825.6921,0.697995,-0.143710,0.113696,0.692260,1.559513,-0.321087,0.254028,0.212181,0.372530,0.459127,-2.884439,1.171128,-0.004139
1440,1770206956146,16.011538,-118.5128,437.7214,-826.1068,0.698249,-0.143923,0.113429,0.692003,1.560237,-0.321596,0.253457,0.212399,0.372749,0.458703,-2.884462,1.171169,-0.003120
1441,1770206956157,16.022650,-118.5847,437.4971,-826.5844,0.698076,-0.144290,0.113029,0.692167,1.559750,-0.322395,0.252546,0.212590,0.372965,0.458305,-2.884518,1.171105,-0.002125
1442,1770206956168,16.033761,-118.5864,437.0956,-826.8580,0.698227,-0.144594,0.112718,0.692002,1.560187,-0.323094,0.251868,0.212974,0.373372,0.457544,-2.884667,1.171174,-0.000292
1443,1770206956179,16.044872,-118.1752,436.1184,-827.0244,0.698055,-0.144944,0.112352,0.692162,1.559705,-0.323857,0.251036,0.213147,0.373531,0.457196,-2.884642,1.171176,0.000547
1444,1770206956190,16.055983,-118.2477,435.8073,-827.3308,0.698112,-0.145257,0.112024,0.692092,1.559877,-0.324565,0.250308,0.213309,0.373692,0.456867,-2.884636,1.171148,0.001411
1445,1770206956202,16.067094,-118.3975,435.4821,-827.5745,0.697955,-0.145433,0.111815,0.692247,1.559430,-0.324939,0.249827,0.213559,0.373962,0.456304,-2.884568,1.171068,0.002674
1446,1770206956213,16.078206,-118.3614,435.2720,-827.9393,0.697846,-0.145728,0.111511,0.692344,1.559128,-0.325586,0.249138,0.213694,0.374102,0.456015,-2.884605,1.171017,0.003415
1447,1770206956224,16.089317,-118.5247,435.0316,-828.1942,0.697809,-0.145867,0.111340,0.692379,1.559025,-0.325892,0.248753,0.213963,0.374346,0.455483,-2.884630,1.171019,0.004568
1448,1770206956235,16.100428,-117.5841,434.3368,-828.5596,0.697890,-0.146289,0.111037,0.692258,1.559279,-0.326850,0.248087,0.214073,0.374465,0.455249,-2.884626,1.171014,0.005195
1449,1770206956246,16.111539,-117.6656,434.1264,-828.7839,0.697809,-0.146416,0.110809,0.692348,1.559044,-0.327123,0.247570,0.214205,0.374560,0.455024,-2.884646,1.170999,0.005731
1450,1770206956257,16.122650,-117.3682,433.6630,-828.8053,0.697953,-0.146693,0.110795,0.692147,1.559489,-0.327767,0.247558,0.214390,0.374732,0.454621,-2.884571,1.170980,0.006678
1451,1770206956268,16.133762,-117.5175,433.4242,-828.9622,0.697940,-0.146831,0.110470,0.692183,1.559437,-0.328070,0.246829,0.214471,0.374837,0.454433,-2.884645,1.170805,0.007108
1452,1770206956279,16.144873,-117.1604,433.0475,-829.0341,0.697940,-0.146849,0.110483,0.692177,1.559440,-0.328111,0.246857,0.214622,0.374985,0.454100,-2.884635,1.170674,0.007822
1453,1770206956290,16.155984,-116.9454,432.7277,-829.1676,0.698022,-0.147083,0.110339,0.692068,1.559690,-0.328648,0.246546,0.214719,0.375044,0.453937,-2.884546,1.170816,0.008189
1454,1770206956302,16.167095,-116.9966,432.5050,-829.2753,0.697958,-0.147253,0.110093,0.692135,1.559507,-0.329020,0.245990,0.214765,0.375099,0.453802,-2.884494,1.170670,0.008531
1455,1770206956313,16.178207,-116.8920,432.3055,-829.3292,0.697987,-0.147241,0.110068,0.692112,1.559585,-0.328995,0.245936,0.214915,0.375213,0.453519,-2.884516,1.170594,0.009195
1456,1770206956324,16.189318,-116.9539,432.1473,-829.4374,0.698012,-0.147326,0.110019,0.692077,1.559662,-0.329190,0.245831,0.214986,0.375260,0.453390,-2.884480,1.170576,0.009494
1457,1770206956335,16.200429,-116.8721,431.9327,-829.5123,0.698340,-0.147267,0.109937,0.691772,1.560580,-0.329098,0.245676,0.215072,0.375334,0.453185,-2.884395,1.170517,0.009978
1458,1770206956346,16.211540,-116.9696,431.8972,-829.6042,0.698288,-0.147428,0.109788,0.691813,1.560439,-0.329451,0.245340,0.215120,0.375369,0.453080,-2.884358,1.170499,0.010235
1459,1770206956357,16.222652,-116.9321,431.8629,-829.7648,0.698272,-0.147567,0.109599,0.691829,1.560394,-0.329761,0.244916,0.215181,0.375406,0.452988,-2.884331,1.170568,0.010480
1460,1770206956368,16.233763,-117.0463,431.7975,-829.8528,0.698224,-0.147742,0.109450,0.691864,1.560266,-0.330146,0.244579,0.215241,0.375464,0.452815,-2.884285,1.170505,0.010885
1461,1770206956379,16.244874,-117.2413,431.7271,-829.9528,0.698051,-0.147716,0.109554,0.692028,1.559779,-0.330068,0.244796,0.215288,0.375489,0.452723,-2.884222,1.170619,0.011098
1462,1770206956390,16.255986,-116.9356,431.4321,-830.0415,0.698173,-0.147821,0.109518,0.691889,1.560136,-0.330320,0.244729,0.215290,0.375515,0.452667,-2.884121,1.170594,0.011156
1463,1770206956402,16.267097,-116.9082,431.5789,-829.9462,0.698206,-0.147881,0.109387,0.691863,1.560227,-0.330459,0.244439,0.215353,0.375571,0.452537,-2.884128,1.170535,0.011512
1464,1770206956413,16.278208,-117.0909,431.5361,-830.0447,0.698046,-0.148115,0.109254,0.691995,1.559789,-0.330963,0.244128,0.215374,0.375586,0.452490,-2.884021,1.170589,0.011523
1465,1770206956424,16.289320,-116.9191,431.2303,-830.0580,0.698136,-0.148142,0.109269,0.691897,1.560048,-0.331038,0.244172,0.215433,0.375665,0.452353,-2.884093,1.170619,0.011878
1466,1770206956435,16.300431,-116.7415,431.0219,-830.3051,0.698012,-0.147977,0.109451,0.692028,1.559692,-0.330651,0.244565,0.215471,0.375699,0.452280,-2.884169,1.170650,0.011911
1467,1770206956446,16.311542,-117.0713,431.0345,-830.1834,0.698052,-0.148072,0.109322,0.691988,1.559806,-0.330869,0.244281,0.215484,0.375721,0.452243,-2.884109,1.170704,0.011950
1468,1770206956457,16.322653,-117.3264,431.0375,-830.2631,0.698264,-0.148187,0.109243,0.691761,1.560418,-0.331155,0.244126,0.215501,0.375779,0.452152,-2.884128,1.170711,0.011985
1469,1770206956468,16.333765,-117.2149,430.9504,-830.2289,0.698227,-0.148257,0.109198,0.691791,1.560317,-0.331308,0.244023,0.215520,0.375817,0.452103,-2.884182,1.170652,0.012024
1470,1770206956479,16.344876,-117.4946,430.9432,-830.2695,0.698236,-0.148328,0.109113,0.691780,1.560344,-0.331467,0.243834,0.215536,0.375833,0.452049,-2.884079,1.170627,0.012181
1471,1770206956490,16.355987,-117.7221,430.9322,-830.3081,0.698211,-0.148247,0.109180,0.691812,1.560268,-0.331282,0.243981,0.215569,0.375871,0.452011,-2.884142,1.170674,0.012190
1472,1770206956502,16.367099,-117.9981,430.9256,-830.3565,0.698202,-0.148347,0.109112,0.691811,1.560248,-0.331507,0.243828,0.215578,0.375881,0.451995,-2.884147,1.170656,0.012249
1473,1770206956513,16.378210,-117.2404,431.1699,-830.3925,0.698160,-0.148569,0.108975,0.691827,1.560145,-0.332000,0.243522,0.215600,0.375892,0.451953,-2.884068,1.170621,0.012376
1474,1770206956524,16.389321,-117.0223,430.9959,-830.2182,0.698117,-0.148637,0.108881,0.691871,1.560021,-0.332147,0.243308,0.215641,0.375919,0.451907,-2.884163,1.170682,0.012446
1475,1770206956535,16.400432,-116.8780,430.7358,-830.2031,0.698230,-0.148642,0.108857,0.691759,1.560343,-0.332172,0.243264,0.215647,0.375922,0.451870,-2.884073,1.170641,0.012424
1476,1770206956546,16.411544,-116.8221,431.0025,-830.1318,0.698148,-0.148739,0.108714,0.691844,1.560107,-0.332378,0.242935,0.215658,0.375934,0.451857,-2.884139,1.170650,0.012526
1477,1770206956557,16.422655,-116.8597,430.9400,-830.3882,0.698182,-0.148791,0.108591,0.691817,1.560201,-0.332497,0.242665,0.215649,0.375939,0.451840,-2.884110,1.170577,0.012634
1478,1770206956568,16.433766,-117.0940,431.1502,-830.4037,0.698156,-0.148723,0.108584,0.691860,1.560115,-0.332339,0.242644,0.215646,0.375953,0.451824,-2.884089,1.170486,0.012641
1479,1770206956579,16.444877,-116.8274,430.7674,-830.2878,0.698207,-0.148806,0.108538,0.691797,1.560268,-0.332533,0.242548,0.215677,0.375968,0.451783,-2.884159,1.170536,0.012715
1480,1770206956590,16.455989,-116.6467,430.6660,-830.1929,0.698258,-0.148877,0.108579,0.691724,1.560427,-0.332702,0.242646,0.215694,0.375949,0.451775,-2.883951,1.170528,0.012873
1481,1770206956602,16.467100,-116.7020,430.7860,-830.1822,0.698297,-0.148837,0.108572,0.691695,1.560530,-0.332616,0.242634,0.215707,0.375953,0.451766,-2.883976,1.170539,0.012910
1482,1770206956613,16.478211,-116.5511,430.5859,-830.3294,0.698203,-0.148769,0.108674,0.691788,1.560266,-0.332453,0.242851,0.215716,0.375969,0.451746,-2.884021,1.170578,0.012947
1483,1770206956624,16.489322,-116.5215,430.6836,-830.3221,0.698199,-0.148922,0.108525,0.691783,1.560258,-0.332794,0.242519,0.215734,0.375983,0.451707,-2.884010,1.170532,0.013050
1484,1770206956635,16.500434,-116.7707,430.6463,-830.4966,0.698320,-0.148892,0.108487,0.691672,1.560597,-0.332741,0.242445,0.215739,0.375982,0.451696,-2.883981,1.170499,0.013147
1485,1770206956646,16.511545,-116.7297,430.7324,-830.5535,0.698383,-0.148852,0.108579,0.691603,1.560779,-0.332662,0.242657,0.215764,0.375985,0.451683,-2.884006,1.170530,0.013107
1486,1770206956657,16.522656,-116.5529,430.5833,-830.4760,0.698430,-0.148785,0.108641,0.691560,1.560910,-0.332517,0.242800,0.215742,0.375971,0.451683,-2.883841,1.170458,0.013054
1487,1770206956668,16.533767,-116.6672,430.7121,-830.5524,0.698414,-0.148708,0.108636,0.691594,1.560854,-0.332340,0.242785,0.215754,0.375977,0.451667,-2.883872,1.170431,0.013126
1488,1770206956679,16.544879,-116.4984,430.7187,-830.5723,0.698415,-0.148727,0.108708,0.691577,1.560867,-0.332385,0.242948,0.215773,0.375997,0.451631,-2.883908,1.170467,0.013299
1489,1770206956690,16.555990,-116.4208,430.5631,-830.5403,0.698363,-0.148733,0.108728,0.691626,1.560721,-0.332394,0.242988,0.215779,0.375999,0.451626,-2.883890,1.170540,0.013265
1490,1770206956702,16.567102,-116.4744,430.7260,-830.4299,0.698409,-0.148766,0.108707,0.691576,1.560853,-0.332473,0.242946,0.215768,0.376001,0.451629,-2.883852,1.170402,0.013291
1491,1770206956713,16.578213,-116.6150,430.7634,-830.4258,0.698436,-0.148836,0.108620,0.691546,1.560933,-0.332632,0.242754,0.215792,0.376002,0.451613,-2.883855,1.170445,0.013465
1492,1770206956724,16.589325,-116.8581,430.8884,-830.3892,0.698455,-0.148764,0.108604,0.691546,1.560974,-0.332472,0.242719,0.215774,0.375995,0.451632,-2.883760,1.170404,0.013420
1493,1770206956735,16.600436,-116.7831,430.6890,-830.2473,0.698487,-0.148767,0.108552,0.691521,1.561061,-0.332482,0.242604,0.215775,0.375997,0.451626,-2.883736,1.170373,0.013398
1494,1770206956746,16.611547,-116.7706,430.5519,-830.2728,0.698483,-0.148817,0.108446,0.691530,1.561048,-0.332594,0.242368,0.215764,0.376020,0.451620,-2.883782,1.170271,0.013483
1495,1770206956757,16.622659,-116.7608,430.5313,-830.1834,0.698494,-0.148829,0.108370,0.691529,1.561073,-0.332620,0.242198,0.215802,0.376012,0.451605,-2.883691,1.170414,0.013503
1496,1770206956768,16.633770,-116.7750,430.4119,-830.3470,0.698554,-0.148765,0.108462,0.691468,1.561243,-0.332485,0.242408,0.215811,0.376023,0.451583,-2.883738,1.170332,0.013492
1497,1770206956779,16.644881,-116.5870,430.5669,-830.2940,0.698536,-0.148872,0.108395,0.691474,1.561198,-0.332722,0.242258,0.215813,0.376054,0.451559,-2.883866,1.170307,0.013623
1498,1770206956790,16.655992,-116.5954,430.3698,-830.4761,0.698474,-0.148971,0.108211,0.691544,1.561018,-0.332936,0.241840,0.215824,0.376033,0.451569,-2.883785,1.170333,0.013621
1499,1770206956802,16.667103,-116.7521,430.3564,-830.4975,0.698489,-0.148908,0.108300,0.691528,1.561062,-0.332797,0.242041,0.215837,0.376034,0.451546,-2.883773,1.170348,0.013739
1500,1770206956813,16.678214,-116.6224,430.3463,-830.6042,0.698528,-0.148910,0.108271,0.691493,1.561169,-0.332805,0.241980,0.215832,0.376035,0.451553,-2.883777,1.170309,0.013731
1501,1770206956824,16.689326,-116.7652,430.4130,-830.5768,0.698560,-0.148898,0.108305,0.691457,1.561265,-0.332783,0.242060,0.215820,0.376026,0.451557,-2.883663,1.170279,0.013637
1502,1770206956835,16.700437,-116.5888,430.4855,-830.6507,0.698543,-0.148997,0.108218,0.691467,1.561220,-0.333002,0.241864,0.215816,0.376020,0.451564,-2.883608,1.170277,0.013685
1503,1770206956846,16.711548,-116.6522,430.6326,-830.6202,0.698548,-0.149004,0.108180,0.691466,1.561231,-0.333019,0.241779,0.215823,0.376017,0.451562,-2.883577,1.170264,0.013765
1504,1770206956857,16.722660,-116.4241,430.4315,-830.6710,0.698571,-0.148962,0.108157,0.691456,1.561288,-0.332927,0.241728,0.215851,0.376027,0.451548,-2.883538,1.170307,0.013793
1505,1770206956868,16.733771,-116.3868,430.5162,-830.7047,0.698518,-0.149025,0.108021,0.691517,1.561134,-0.333060,0.241419,0.215836,0.376057,0.451537,-2.883615,1.170280,0.013813
1506,1770206956879,16.744882,-116.4744,430.5589,-830.7326,0.698537,-0.149054,0.108061,0.691485,1.561195,-0.333129,0.241510,0.215861,0.376074,0.451527,-2.883666,1.170282,0.013924
1507,1770206956890,16.755993,-116.4202,430.5699,-830.6647,0.698646,-0.149009,0.108034,0.691389,1.561496,-0.333039,0.241459,0.215848,0.376075,0.451539,-2.883604,1.170234,0.013816
1508,1770206956902,16.767104,-116.5676,430.5539,-830.6118,0.698619,-0.148944,0.108049,0.691428,1.561413,-0.332890,0.241488,0.215874,0.376095,0.451521,-2.883666,1.170282,0.013924
1509,1770206956913,16.778216,-116.5125,430.5120,-830.5605,0.698695,-0.148930,0.108052,0.691354,1.561627,-0.332869,0.241504,0.215882,0.376086,0.451525,-2.883630,1.170328,0.013934
1510,1770206956924,16.789327,-116.7020,430.5808,-830.5290,0.698743,-0.149026,0.107989,0.691295,1.561771,-0.333089,0.241368,0.215862,0.376094,0.451528,-2.883638,1.170250,0.013921
1511,1770206956935,16.800438,-116.8962,430.6180,-830.5303,0.698724,-0.148988,0.107973,0.691324,1.561712,-0.333001,0.241329,0.215869,0.376094,0.451540,-2.883593,1.170250,0.013833
1512,1770206956946,16.811550,-117.0009,430.7040,-830.5978,0.698785,-0.148949,0.108009,0.691266,1.561883,-0.332923,0.241416,0.215869,0.376093,0.451531,-2.883573,1.170221,0.013895
1513,1770206956957,16.822661,-116.9267,430.9635,-830.6530,0.698730,-0.148991,0.107961,0.691319,1.561727,-0.333009,0.241304,0.215876,0.376124,0.451512,-2.883691,1.170233,0.014010
1514,1770206956968,16.833772,-116.5465,430.6198,-830.6824,0.698797,-0.149031,0.107911,0.691251,1.561918,-0.333107,0.241199,0.215864,0.376104,0.451544,-2.883569,1.170099,0.013986
1515,1770206956979,16.844884,-116.6888,430.6624,-830.6910,0.698799,-0.149045,0.107868,0.691253,1.561922,-0.333139,0.241101,0.215868,0.376108,0.451549,-2.883538,1.170167,0.013903
1516,1770206956990,16.855995,-116.8339,430.7116,-830.7191,0.698758,-0.149056,0.107857,0.691293,1.561807,-0.333158,0.241074,0.215875,0.376112,0.451539,-2.883550,1.170172,0.013951
1517,1770206957002,16.867106,-116.7690,430.5723,-830.8026,0.698810,-0.149040,0.107825,0.691250,1.561948,-0.333128,0.241005,0.215871,0.376118,0.451536,-2.883555,1.170134,0.013987
1518,1770206957013,16.878217,-116.9701,430.6496,-830.8183,0.698907,-0.149018,0.107870,0.691149,1.562227,-0.333092,0.241117,0.215879,0.376110,0.451541,-2.883530,1.170122,0.013989
1519,1770206957024,16.889329,-116.5077,430.3597,-830.6235,0.698868,-0.149026,0.107830,0.691193,1.562111,-0.333104,0.241021,0.215856,0.376107,0.451541,-2.883476,1.170079,0.013948
1520,1770206957035,16.900440,-116.5218,430.4828,-830.4557,0.698861,-0.148972,0.107867,0.691206,1.562088,-0.332982,0.241104,0.215870,0.376100,0.451552,-2.883476,1.170078,0.013946
1521,1770206957046,16.911551,-116.4073,430.6544,-830.6616,0.698932,-0.148999,0.107851,0.691131,1.562294,-0.333051,0.241075,0.215869,0.376097,0.451549,-2.883414,1.170133,0.013943
1522,1770206957057,16.922662,-116.5412,430.7133,-830.6777,0.698933,-0.148992,0.107851,0.691132,1.562294,-0.333036,0.241075,0.215851,0.376095,0.451562,-2.883364,1.170030,0.013869
1523,1770206957068,16.933774,-116.7011,430.7780,-830.6927,0.698959,-0.148976,0.107864,0.691106,1.562369,-0.333002,0.241107,0.215851,0.376091,0.451553,-2.883338,1.170080,0.013845
1524,1770206957079,16.944885,-116.8717,430.8430,-830.6996,0.698994,-0.148984,0.107862,0.691069,1.562471,-0.333027,0.241106,0.215839,0.376084,0.451560,-2.883284,1.169954,0.013865
1525,1770206957090,16.955996,-116.9089,430.7475,-830.7172,0.698981,-0.149034,0.107811,0.691080,1.562434,-0.333136,0.240991,0.215856,0.376091,0.451559,-2.883304,1.170024,0.013791
1526,1770206957102,16.967108,-116.9131,430.6000,-830.6643,0.699016,-0.149023,0.107783,0.691051,1.562530,-0.333114,0.240930,0.215846,0.376085,0.451561,-2.883300,1.170022,0.013809
1527,1770206957113,16.978219,-116.4228,430.4865,-830.5346,0.699040,-0.149085,0.107824,0.691007,1.562610,-0.333260,0.241026,0.215836,0.376078,0.451572,-2.883211,1.169984,0.013788
1528,1770206957124,16.989330,-116.2886,430.5149,-830.5584,0.699005,-0.149076,0.107920,0.691030,1.562518,-0.333236,0.241239,0.215817,0.376075,0.451582,-2.883172,1.169947,0.013736
1529,1770206957135,17.000441,-116.4039,430.5555,-830.5565,0.699022,-0.149082,0.107913,0.691012,1.562567,-0.333253,0.241226,0.215836,0.376080,0.451569,-2.883195,1.169977,0.013756
1530,1770206957146,17.011552,-116.3203,430.4631,-830.5068,0.699034,-0.149018,0.107962,0.691006,1.562598,-0.333111,0.241335,0.215844,0.376063,0.451578,-2.883145,1.170036,0.013699
1531,1770206957157,17.022664,-116.4318,430.4866,-830.5131,0.699031,-0.149021,0.107966,0.691008,1.562589,-0.333116,0.241342,0.215830,0.376072,0.451575,-2.883153,1.169918,0.013738
1532,1770206957168,17.033775,-116.2377,430.5266,-830.4914,0.699050,-0.148976,0.108027,0.690989,1.562644,-0.333019,0.241482,0.215853,0.376100,0.451556,-2.883185,1.169951,0.013725
1533,1770206957179,17.044886,-116.3604,430.5655,-830.4700,0.698906,-0.149058,0.107953,0.691129,1.562236,-0.333183,0.241303,0.215850,0.376078,0.451571,-2.883109,1.169939,0.013716
1534,1770206957190,17.055997,-116.5057,430.6405,-830.4306,0.698993,-0.149045,0.107971,0.691040,1.562485,-0.333166,0.241352,0.215852,0.376095,0.451559,-2.883133,1.169970,0.013739
1535,1770206957202,17.067108,-116.4492,430.6828,-830.4939,0.699004,-0.148994,0.108085,0.691023,1.562521,-0.333053,0.241607,0.215835,0.376086,0.451572,-2.883104,1.169937,0.013693
1536,1770206957213,17.078220,-116.5984,430.7132,-830.4955,0.699044,-0.148971,0.108096,0.690985,1.562633,-0.333007,0.241637,0.215866,0.376080,0.451567,-2.883112,1.170083,0.013752
1537,1770206957224,17.089331,-116.7242,430.6468,-830.5041,0.698928,-0.149002,0.108155,0.691086,1.562312,-0.333063,0.241759,0.215848,0.376092,0.451559,-2.883151,1.169936,0.013721
1538,1770206957235,17.100442,-116.9074,430.7130,-830.4785,0.698983,-0.148935,0.108154,0.691045,1.562460,-0.332919,0.241760,0.215859,0.376089,0.451554,-2.883120,1.169984,0.013714
1539,1770206957246,17.111553,-116.3989,430.7402,-830.5862,0.698969,-0.148918,0.108225,0.691052,1.562425,-0.332880,0.241917,0.215850,0.376083,0.451563,-2.883068,1.169942,0.013713
1540,1770206957257,17.122665,-116.5389,430.8031,-830.6008,0.698977,-0.148954,0.108192,0.691042,1.562449,-0.332961,0.241847,0.215814,0.376078,0.451580,-2.882985,1.169763,0.013663
1541,1770206957268,17.133776,-116.3064,430.6439,-830.6082,0.698936,-0.148917,0.108241,0.691083,1.562331,-0.332874,0.241950,0.215808,0.376081,0.451584,-2.882963,1.169774,0.013632
1542,1770206957279,17.144887,-116.4115,430.6402,-830.6313,0.698983,-0.148873,0.108272,0.691041,1.562462,-0.332782,0.242025,0.215829,0.376091,0.451573,-2.882926,1.169757,0.013586
1543,1770206957290,17.155998,-116.1272,430.4659,-830.7275,0.698905,-0.148896,0.108299,0.691110,1.562246,-0.332824,0.242079,0.215833,0.376121,0.451553,-2.883034,1.169743,0.013668
1544,1770206957302,17.167109,-116.2358,430.5669,-830.7136,0.698903,-0.148924,0.108273,0.691110,1.562241,-0.332887,0.242020,0.215827,0.376107,0.451564,-2.882967,1.169714,0.013702
1545,1770206957313,17.178220,-116.1036,430.4828,-830.7482,0.699133,-0.148887,0.108319,0.690878,1.562897,-0.332833,0.242145,0.215836,0.376094,0.451562,-2.882859,1.169688,0.013773
1546,1770206957324,17.189331,-116.2266,430.5221,-830.6797,0.699029,-0.148887,0.108244,0.690996,1.562592,-0.332818,0.241967,0.215848,0.376095,0.451557,-2.882870,1.169693,0.013821
1547,1770206957335,17.200443,-116.3537,430.4638,-830.4922,0.698965,-0.148863,0.108284,0.691058,1.562413,-0.332758,0.242050,0.215851,0.376091,0.451552,-2.882839,1.169741,0.013814
1548,1770206957346,17.211554,-116.5038,430.4385,-830.5432,0.698961,-0.148906,0.108235,0.691061,1.562402,-0.332851,0.241940,0.215836,0.376094,0.451569,-2.882818,1.169670,0.013745
1549,1770206957357,17.222665,-116.4663,430.5162,-830.5234,0.698989,-0.148894,0.108322,0.691022,1.562488,-0.332831,0.242138,0.215848,0.376111,0.451554,-2.882838,1.169700,0.013784
1550,1770206957368,17.233776,-116.5434,430.4178,-830.5913,0.698932,-0.148897,0.108308,0.691082,1.562323,-0.332830,0.242101,0.215853,0.376114,0.451548,-2.882848,1.169724,0.013816
1551,1770206957379,17.244887,-116.5276,430.4416,-830.6322,0.698933,-0.148913,0.108364,0.691068,1.562335,-0.332868,0.242227,0.215860,0.376109,0.451555,-2.882861,1.169669,0.013789
1552,1770206957390,17.255999,-116.4746,430.5600,-830.6747,0.698910,-0.148912,0.108405,0.691086,1.562271,-0.332862,0.242317,0.215881,0.376116,0.451543,-2.882867,1.169773,0.013817
1553,1770206957402,17.267110,-116.6443,430.5107,-830.7424,0.698912,-0.148906,0.108402,0.691085,1.562277,-0.332849,0.242311,0.215860,0.376124,0.451538,-2.882919,1.169674,0.013825
1554,1770206957413,17.278221,-116.5288,430.5028,-830.7915,0.698968,-0.148898,0.108383,0.691033,1.562435,-0.332838,0.242274,0.215855,0.376109,0.451550,-2.882827,1.169715,0.013801
1555,1770206957424,17.289332,-116.3598,430.5774,-830.7440,0.698925,-0.148831,0.108401,0.691088,1.562303,-0.332680,0.242307,0.215843,0.376128,0.451535,-2.882927,1.169595,0.013812
1556,1770206957435,17.300443,-116.5071,430.6372,-830.7407,0.698996,-0.148791,0.108396,0.691026,1.562500,-0.332601,0.242304,0.215853,0.376095,0.451558,-2.882823,1.169673,0.013768
1557,1770206957446,17.311555,-116.3401,430.6150,-830.6127,0.699020,-0.148772,0.108418,0.691002,1.562568,-0.332561,0.242354,0.215832,0.376097,0.451569,-2.882795,1.169702,0.013739
1558,1770206957457,17.322666,-116.4505,430.5917,-830.6862,0.698964,-0.148768,0.108410,0.691061,1.562408,-0.332545,0.242331,0.215852,0.376123,0.451537,-2.882892,1.169744,0.013827
1559,1770206957468,17.333777,-116.2214,430.6664,-830.5613,0.698960,-0.148813,0.108403,0.691056,1.562403,-0.332644,0.242316,0.215858,0.376105,0.451539,-2.882847,1.169724,0.013815
1560,1770206957479,17.344889,-116.3281,430.7292,-830.5411,0.698977,-0.148805,0.108419,0.691038,1.562452,-0.332631,0.242354,0.215858,0.376108,0.451538,-2.882865,1.169690,0.013797
1561,1770206957491,17.356000,-116.3134,430.8036,-830.6657,0.698992,-0.148791,0.108393,0.691030,1.562489,-0.332600,0.242296,0.215857,0.376108,0.451535,-2.882842,1.169680,0.013842
1562,1770206957502,17.367111,-116.4535,430.8685,-830.6745,0.699017,-0.148811,0.108394,0.691001,1.562562,-0.332648,0.242302,0.215848,0.376107,0.451545,-2.882832,1.169697,0.013759
1563,1770206957513,17.378223,-116.5138,430.8361,-830.5868,0.699036,-0.148815,0.108350,0.690988,1.562612,-0.332659,0.242203,0.215857,0.376113,0.451533,-2.882865,1.169690,0.013797
1564,1770206957524,17.389334,-116.5799,430.7504,-830.5184,0.699029,-0.148817,0.108360,0.690992,1.562595,-0.332662,0.242225,0.215872,0.376126,0.451521,-2.882885,1.169761,0.013927
1565,1770206957535,17.400445,-116.5832,430.7808,-830.5036,0.699057,-0.148808,0.108311,0.690973,1.562670,-0.332645,0.242118,0.215853,0.376098,0.451548,-2.882734,1.169695,0.013761
1566,1770206957546,17.411556,-116.6659,430.8927,-830.5408,0.699135,-0.148751,0.108292,0.690910,1.562881,-0.332526,0.242081,0.215847,0.376110,0.451546,-2.882756,1.169602,0.013712
1567,1770206957557,17.422668,-116.6514,430.9611,-830.5922,0.699106,-0.148784,0.108341,0.690924,1.562809,-0.332598,0.242190,0.215852,0.376108,0.451548,-2.882749,1.169681,0.013727
1568,1770206957568,17.433779,-116.3874,430.7333,-830.5683,0.699111,-0.148770,0.108290,0.690931,1.562815,-0.332565,0.242076,0.215879,0.376122,0.451521,-2.882767,1.169750,0.013814
1569,1770206957579,17.444890,-116.3425,430.6157,-830.6483,0.699121,-0.148757,0.108347,0.690914,1.562848,-0.332539,0.242205,0.215883,0.376117,0.451530,-2.882661,1.169826,0.013790
1570,1770206957591,17.456001,-116.4129,430.6738,-830.6161,0.698996,-0.148757,0.108295,0.691049,1.562486,-0.332521,0.242075,0.215900,0.376120,0.451512,-2.882652,1.169883,0.013940
1571,1770206957602,17.467113,-116.3184,430.5003,-830.5493,0.699197,-0.148693,0.108331,0.690854,1.563054,-0.332404,0.242174,0.215887,0.376122,0.451524,-2.882647,1.169800,0.013979
1572,1770206957613,17.478224,-116.2575,430.6728,-830.6421,0.699181,-0.148733,0.108250,0.690873,1.563007,-0.332491,0.241992,0.215891,0.376125,0.451522,-2.882657,1.169844,0.013934
1573,1770206957624,17.489335,-116.3815,430.6755,-830.6547,0.699170,-0.148722,0.108256,0.690886,1.562975,-0.332463,0.242002,0.215873,0.376111,0.451533,-2.882608,1.169803,0.013916
1574,1770206957635,17.500446,-116.3701,430.6190,-830.6450,0.699223,-0.148696,0.108288,0.690834,1.563125,-0.332413,0.242079,0.215873,0.376124,0.451524,-2.882638,1.169775,0.013948
1575,1770206957646,17.511557,-116.5141,430.6577,-830.6471,0.699204,-0.148734,0.108257,0.690849,1.563072,-0.332496,0.242010,0.215884,0.376119,0.451526,-2.882637,1.169796,0.013972
1576,1770206957657,17.522669,-116.4022,430.6385,-830.6642,0.699185,-0.148737,0.108195,0.690877,1.563015,-0.332499,0.241867,0.215864,0.376120,0.451531,-2.882631,1.169752,0.013959
1577,1770206957668,17.533780,-116.4591,430.7216,-830.7286,0.699154,-0.148759,0.108155,0.690910,1.562924,-0.332544,0.241776,0.215895,0.376135,0.451505,-2.882674,1.169872,0.014033
1578,1770206957679,17.544891,-116.4508,430.7497,-830.6550,0.699163,-0.148785,0.108164,0.690894,1.562955,-0.332604,0.241797,0.215875,0.376130,0.451523,-2.882674,1.169751,0.014004
1579,1770206957691,17.556002,-116.2975,430.6885,-830.6726,0.699175,-0.148789,0.108168,0.690881,1.562988,-0.332615,0.241807,0.215858,0.376121,0.451530,-2.882594,1.169757,0.013939
1580,1770206957702,17.567113,-116.4266,430.7219,-830.6677,0.699162,-0.148805,0.108160,0.690892,1.562952,-0.332648,0.241788,0.215881,0.376132,0.451513,-2.882656,1.169804,0.014047
1581,1770206957713,17.578224,-116.5711,430.7570,-830.6609,0.699159,-0.148807,0.108160,0.690894,1.562946,-0.332652,0.241787,0.215877,0.376118,0.451530,-2.882607,1.169762,0.014027
1582,1770206957724,17.589336,-116.6192,430.7976,-830.5415,0.699190,-0.148824,0.108117,0.690866,1.563032,-0.332694,0.241694,0.215885,0.376123,0.451517,-2.882649,1.169801,0.014021
1583,1770206957735,17.600447,-116.5859,430.6694,-830.4690,0.699218,-0.148799,0.108129,0.690841,1.563108,-0.332641,0.241724,0.215857,0.376115,0.451539,-2.882598,1.169758,0.013921
1584,1770206957746,17.611558,-116.7411,430.7168,-830.4344,0.699189,-0.148814,0.108114,0.690870,1.563026,-0.332672,0.241687,0.215875,0.376129,0.451520,-2.882677,1.169773,0.014011
1585,1770206957757,17.622670,-116.6156,430.4830,-830.3911,0.699147,-0.148860,0.108117,0.690901,1.562914,-0.332770,0.241692,0.215883,0.376123,0.451521,-2.882637,1.169816,0.013997
1586,1770206957768,17.633781,-116.4073,430.5833,-830.5034,0.699138,-0.148887,0.108187,0.690894,1.562899,-0.332831,0.241848,0.215872,0.376131,0.451514,-2.882643,1.169819,0.014023
1587,1770206957779,17.644892,-116.3580,430.7919,-830.6961,0.699082,-0.148902,0.108171,0.690949,1.562740,-0.332857,0.241807,0.215871,0.376134,0.451514,-2.882682,1.169754,0.014071
1588,1770206957791,17.656003,-116.4818,430.8616,-830.7129,0.699082,-0.148906,0.108180,0.690947,1.562741,-0.332868,0.241828,0.215865,0.376127,0.451521,-2.882647,1.169759,0.013991
1589,1770206957802,17.667114,-116.4766,430.8933,-830.6630,0.699083,-0.148882,0.108172,0.690953,1.562739,-0.332813,0.241808,0.215869,0.376123,0.451525,-2.882624,1.169790,0.013984
1590,1770206957813,17.678226,-116.3401,430.7046,-830.6676,0.699091,-0.148896,0.108235,0.690932,1.562770,-0.332846,0.241952,0.215868,0.376127,0.451520,-2.882630,1.169793,0.014009
1591,1770206957824,17.689337,-116.4290,430.7867,-830.6796,0.699096,-0.148879,0.108239,0.690930,1.562782,-0.332810,0.241960,0.215876,0.376126,0.451516,-2.882631,1.169813,0.013973
1592,1770206957835,17.700448,-116.3253,430.6304,-830.5335,0.699085,-0.148854,0.108284,0.690939,1.562752,-0.332752,0.242062,0.215853,0.376128,0.451527,-2.882615,1.169786,0.013979
1593,1770206957846,17.711559,-116.2500,430.6413,-830.3938,0.699064,-0.148768,0.108366,0.690967,1.562689,-0.332556,0.242240,0.215862,0.376136,0.451520,-2.882668,1.169789,0.014031
1594,1770206957857,17.722671,-116.2894,430.8572,-830.3903,0.699079,-0.148788,0.108381,0.690944,1.562736,-0.332603,0.242277,0.215864,0.376133,0.451516,-2.882638,1.169755,0.013984
1595,1770206957868,17.733782,-116.4573,430.7726,-830.5998,0.699080,-0.148762,0.108403,0.690946,1.562736,-0.332546,0.242327,0.215885,0.376131,0.451505,-2.882674,1.169792,0.014095
1596,1770206957879,17.744893,-116.4349,430.8177,-830.7202,0.699066,-0.148757,0.108396,0.690962,1.562696,-0.332531,0.242308,0.215879,0.376119,0.451523,-2.882624,1.169810,0.014049
1597,1770206957891,17.756004,-116.3483,430.7594,-830.6602,0.699066,-0.148732,0.108427,0.690962,1.562697,-0.332477,0.242377,0.215863,0.376122,0.451536,-2.882626,1.169771,0.014001
1598,1770206957902,17.767116,-116.4638,430.8016,-830.6707,0.699063,-0.148739,0.108426,0.690964,1.562689,-0.332492,0.242375,0.215864,0.376133,0.451525,-2.882654,1.169742,0.013991
1599,1770206957913,17.778227,-116.6105,430.8561,-830.6821,0.699063,-0.148733,0.108443,0.690963,1.562688,-0.332478,0.242415,0.215883,0.376121,0.451525,-2.882625,1.169832,0.014015
1600,1770206957924,17.789338,-116.4312,430.7773,-830.7075,0.699085,-0.148747,0.108402,0.690944,1.562750,-0.332512,0.242323,0.215869,0.376126,0.451520,-2.882626,1.169791,0.014026
1601,1770206957935,17.800449,-116.2249,430.7494,-830.7473,0.699092,-0.148736,0.108397,0.690941,1.562766,-0.332488,0.242313,0.215861,0.376130,0.451521,-2.882631,1.169772,0.013985
1602,1770206957946,17.811560,-116.1386,430.7039,-830.6671,0.699083,-0.148745,0.108430,0.690942,1.562746,-0.332508,0.242386,0.215869,0.376121,0.451525,-2.882616,1.169827,0.014009
1603,1770206957957,17.822671,-116.2627,430.7604,-830.6190,0.699082,-0.148771,0.108406,0.690941,1.562746,-0.332567,0.242333,0.215870,0.376133,0.451514,-2.882662,1.169765,0.013981
1604,1770206957968,17.833783,-116.2670,430.7014,-830.5701,0.699069,-0.148755,0.108468,0.690949,1.562710,-0.332529,0.242472,0.215876,0.376135,0.451508,-2.882676,1.169832,0.013985
1605,1770206957979,17.844894,-116.2553,430.7599,-830.5834,0.699098,-0.148750,0.108508,0.690914,1.562796,-0.332523,0.242565,0.215876,0.376135,0.451516,-2.882667,1.169789,0.014030
1606,1770206957991,17.856005,-116.3905,430.8059,-830.5861,0.699095,-0.148754,0.108484,0.690919,1.562787,-0.332531,0.242511,0.215864,0.376131,0.451520,-2.882660,1.169765,0.013939
1607,1770206958002,17.867116,-116.3306,430.6914,-830.8035,0.699067,-0.148760,0.108554,0.690936,1.562713,-0.332541,0.242664,0.215871,0.376123,0.451521,-2.882596,1.169879,0.014009
1608,1770206958013,17.878228,-116.3251,430.6659,-830.7340,0.699134,-0.148729,0.108483,0.690886,1.562894,-0.332480,0.242511,0.215874,0.376131,0.451512,-2.882640,1.169817,0.014041
1609,1770206958024,17.889339,-116.4619,430.6163,-830.7170,0.699108,-0.148688,0.108558,0.690909,1.562822,-0.332385,0.242677,0.215863,0.376118,0.451532,-2.882581,1.169771,0.014015
1610,1770206958035,17.900450,-116.6336,430.6421,-830.7341,0.699116,-0.148694,0.108554,0.690900,1.562845,-0.332399,0.242668,0.215863,0.376138,0.451516,-2.882672,1.169790,0.014014
1611,1770206958046,17.911562,-116.4139,430.5239,-830.6190,0.699102,-0.148680,0.108539,0.690920,1.562801,-0.332365,0.242633,0.215861,0.376131,0.451526,-2.882649,1.169801,0.013982
1612,1770206958057,17.922673,-116.5469,430.5290,-830.6217,0.699099,-0.148680,0.108542,0.690923,1.562793,-0.332366,0.242640,0.215877,0.376134,0.451512,-2.882652,1.169822,0.013988
1613,1770206958068,17.933784,-116.6076,430.4713,-830.6855,0.699137,-0.148682,0.108511,0.690888,1.562901,-0.332374,0.242572,0.215864,0.376133,0.451511,-2.882660,1.169785,0.014065
1614,1770206958079,17.944895,-116.4219,430.2997,-830.6464,0.699119,-0.148748,0.108531,0.690889,1.562860,-0.332523,0.242617,0.215881,0.376131,0.451515,-2.882648,1.169861,0.013995
1615,1770206958091,17.956007,-116.5566,430.2877,-830.6537,0.699125,-0.148737,0.108520,0.690888,1.562872,-0.332497,0.242593,0.215884,0.376130,0.451513,-2.882657,1.169845,0.014037
1616,1770206958102,17.967118,-116.4541,430.6154,-830.7091,0.699077,-0.148766,0.108485,0.690935,1.562736,-0.332557,0.242510,0.215883,0.376126,0.451516,-2.882642,1.169838,0.014047
1617,1770206958113,17.978229,-116.3413,430.6447,-830.6552,0.699080,-0.148782,0.108431,0.690937,1.562743,-0.332591,0.242390,0.215883,0.376128,0.451509,-2.882646,1.169840,0.014029
1618,1770206958124,17.989340,-116.3880,430.5836,-830.6805,0.699049,-0.148797,0.108489,0.690956,1.562662,-0.332622,0.242517,0.215882,0.376139,0.451503,-2.882700,1.169782,0.014068
1619,1770206958135,18.000452,-116.3550,430.6808,-830.6301,0.699016,-0.148806,0.108432,0.690996,1.562564,-0.332637,0.242387,0.215882,0.376135,0.451508,-2.882681,1.169814,0.014044
1620,1770206958146,18.011563,-116.3155,430.6801,-830.7307,0.699012,-0.148783,0.108517,0.690992,1.562556,-0.332586,0.242577,0.215883,0.376136,0.451505,-2.882684,1.169836,0.014051
1621,1770206958157,18.022674,-116.2075,430.6289,-830.5388,0.699019,-0.148754,0.108512,0.690993,1.562571,-0.332521,0.242566,0.215870,0.376144,0.451511,-2.882681,1.169754,0.014030
1622,1770206958168,18.033785,-116.2274,430.6551,-830.5837,0.699017,-0.148734,0.108619,0.690982,1.562574,-0.332478,0.242805,0.215862,0.376125,0.451523,-2.882631,1.169752,0.013959
1623,1770206958179,18.044896,-116.3176,430.6966,-830.5719,0.699034,-0.148745,0.108617,0.690962,1.562624,-0.332505,0.242802,0.215870,0.376126,0.451520,-2.882648,1.169800,0.013981
1624,1770206958191,18.056008,-116.2358,430.6847,-830.4424,0.699020,-0.148761,0.108623,0.690972,1.562586,-0.332540,0.242816,0.215881,0.376122,0.451518,-2.882614,1.169867,0.014057
1625,1770206958202,18.067119,-116.3577,430.7637,-830.5395,0.699063,-0.148755,0.108598,0.690934,1.562706,-0.332532,0.242764,0.215873,0.376116,0.451530,-2.882598,1.169799,0.014011
1626,1770206958213,18.078230,-116.2314,430.6742,-830.6298,0.699016,-0.148727,0.108556,0.690994,1.562564,-0.332461,0.242664,0.215883,0.376145,0.451500,-2.882690,1.169798,0.014086
1627,1770206958224,18.089341,-116.1944,430.6841,-830.6871,0.699052,-0.148717,0.108593,0.690954,1.562669,-0.332443,0.242749,0.215883,0.376130,0.451511,-2.882623,1.169850,0.013998
1628,1770206958235,18.100453,-116.2817,430.6997,-830.7645,0.699052,-0.148675,0.108586,0.690964,1.562663,-0.332348,0.242733,0.215872,0.376129,0.451518,-2.882623,1.169830,0.014034
1629,1770206958246,18.111564,-116.3205,430.6797,-830.7877,0.699032,-0.148675,0.108612,0.690980,1.562610,-0.332347,0.242790,0.215874,0.376124,0.451516,-2.882609,1.169864,0.014034
1630,1770206958257,18.122675,-116.3018,430.7802,-830.7684,0.699028,-0.148683,0.108641,0.690978,1.562600,-0.332365,0.242855,0.215865,0.376119,0.451534,-2.882590,1.169816,0.013970
1631,1770206958268,18.133786,-116.4010,430.8365,-830.7760,0.699036,-0.148690,0.108620,0.690971,1.562624,-0.332380,0.242809,0.215870,0.376125,0.451520,-2.882622,1.169789,0.014043
1632,1770206958279,18.144898,-116.5152,430.9013,-830.7802,0.699058,-0.148671,0.108637,0.690951,1.562685,-0.332341,0.242849,0.215888,0.376138,0.451501,-2.882707,1.169826,0.014082
1633,1770206958291,18.156009,-116.4679,430.7868,-830.6686,0.699038,-0.148655,0.108624,0.690977,1.562624,-0.332303,0.242817,0.215884,0.376134,0.451511,-2.882669,1.169830,0.014061
1634,1770206958302,18.167120,-116.5954,430.8516,-830.6571,0.699059,-0.148686,0.108627,0.690948,1.562690,-0.332375,0.242826,0.215882,0.376133,0.451509,-2.882633,1.169895,0.014055
1635,1770206958313,18.178231,-116.2326,430.8475,-830.6692,0.699051,-0.148709,0.108559,0.690962,1.562664,-0.332424,0.242674,0.215860,0.376143,0.451509,-2.882662,1.169786,0.014007
1636,1770206958324,18.189343,-116.3377,430.9145,-830.6626,0.699030,-0.148723,0.108548,0.690982,1.562604,-0.332453,0.242647,0.215874,0.376124,0.451520,-2.882608,1.169803,0.014019
1637,1770206958335,18.200454,-116.2581,430.7469,-830.5333,0.699075,-0.148732,0.108552,0.690934,1.562732,-0.332480,0.242661,0.215871,0.376130,0.451520,-2.882640,1.169797,0.014016
1638,1770206958346,18.211565,-116.3062,430.6422,-830.5918,0.699098,-0.148691,0.108615,0.690910,1.562798,-0.332392,0.242804,0.215886,0.376141,0.451505,-2.882658,1.169886,0.014028
1639,1770206958357,18.222677,-116.3082,430.6663,-830.5603,0.699091,-0.148699,0.108616,0.690914,1.562782,-0.332409,0.242804,0.215861,0.376131,0.451520,-2.882656,1.169783,0.013982
1640,1770206958368,18.233788,-116.3098,430.6593,-830.6184,0.699098,-0.148689,0.108579,0.690916,1.562795,-0.332386,0.242723,0.215873,0.376127,0.451522,-2.882610,1.169885,0.013999
1641,1770206958379,18.244899,-116.2006,430.5657,-830.6632,0.699075,-0.148657,0.108633,0.690937,1.562732,-0.332313,0.242841,0.215861,0.376144,0.451513,-2.882690,1.169778,0.014021
1642,1770206958391,18.256010,-116.2639,430.6015,-830.7488,0.699096,-0.148633,0.108602,0.690926,1.562786,-0.332259,0.242774,0.215865,0.376136,0.451513,-2.882670,1.169769,0.014048
1643,1770206958402,18.267121,-116.3794,430.6334,-830.7656,0.699099,-0.148630,0.108612,0.690922,1.562793,-0.332253,0.242796,0.215869,0.376137,0.451510,-2.882659,1.169805,0.014090
1644,1770206958413,18.278233,-116.3111,430.7778,-830.7624,0.699096,-0.148684,0.108600,0.690915,1.562793,-0.332376,0.242770,0.215874,0.376117,0.451524,-2.882558,1.169842,0.013998
1645,1770206958424,18.289344,-116.2004,430.8345,-830.6763,0.699075,-0.148728,0.108660,0.690917,1.562744,-0.332472,0.242903,0.215870,0.376117,0.451525,-2.882576,1.169850,0.013970
1646,1770206958435,18.300455,-116.3103,430.8908,-830.6788,0.699069,-0.148733,0.108660,0.690923,1.562726,-0.332483,0.242904,0.215878,0.376135,0.451513,-2.882639,1.169817,0.014041
1647,1770206958446,18.311566,-116.2093,430.7759,-830.7144,0.699104,-0.148734,0.108585,0.690899,1.562820,-0.332488,0.242737,0.215864,0.376138,0.451513,-2.882678,1.169732,0.014023
1648,1770206958457,18.322678,-116.1574,430.7033,-830.6696,0.699084,-0.148684,0.108638,0.690921,1.562761,-0.332375,0.242855,0.215889,0.376140,0.451504,-2.882680,1.169834,0.014068
1649,1770206958468,18.333789,-116.2638,430.7390,-830.6689,0.699098,-0.148714,0.108619,0.690904,1.562802,-0.332444,0.242813,0.215873,0.376140,0.451508,-2.882695,1.169780,0.014044
1650,1770206958479,18.344900,-116.4013,430.7784,-830.6624,0.699065,-0.148705,0.108645,0.690935,1.562710,-0.332419,0.242869,0.215887,0.376125,0.451513,-2.882616,1.169888,0.014023
1651,1770206958491,18.356011,-116.4411,430.6125,-830.5038,0.699139,-0.148692,0.108582,0.690873,1.562913,-0.332397,0.242734,0.215866,0.376135,0.451508,-2.882658,1.169763,0.013999
1652,1770206958502,18.367123,-116.5891,430.6504,-830.4807,0.699163,-0.148714,0.108579,0.690844,1.562984,-0.332452,0.242729,0.215862,0.376124,0.451529,-2.882605,1.169802,0.014037
1653,1770206958513,18.378234,-116.6074,430.5764,-830.5930,0.699122,-0.148675,0.108558,0.690898,1.562860,-0.332357,0.242678,0.215890,0.376132,0.451504,-2.882645,1.169880,0.014079
1654,1770206958524,18.389345,-116.4251,430.5539,-830.7147,0.699163,-0.148634,0.108574,0.690862,1.562974,-0.332270,0.242716,0.215869,0.376123,0.451519,-2.882594,1.169837,0.013978
1655,1770206958535,18.400457,-116.2897,430.8065,-830.6436,0.699162,-0.148683,0.108541,0.690858,1.562975,-0.332380,0.242643,0.215887,0.376130,0.451507,-2.882645,1.169860,0.014054
1656,1770206958546,18.411568,-116.3983,430.8549,-830.6282,0.699165,-0.148699,0.108543,0.690852,1.562984,-0.332418,0.242649,0.215865,0.376126,0.451528,-2.882604,1.169842,0.013985
1657,1770206958557,18.422679,-116.4392,430.8230,-830.5455,0.699228,-0.148703,0.108578,0.690781,1.563169,-0.332436,0.242733,0.215866,0.376140,0.451511,-2.882685,1.169775,0.014038
1658,1770206958568,18.433790,-116.4662,430.9533,-830.4510,0.699203,-0.148677,0.108576,0.690812,1.563093,-0.332374,0.242726,0.215888,0.376128,0.451510,-2.882644,1.169859,0.014012
1659,1770206958579,18.444901,-116.5852,431.0380,-830.4265,0.699212,-0.148685,0.108587,0.690799,1.563122,-0.332392,0.242752,0.215895,0.376131,0.451500,-2.882666,1.169869,0.014068
1660,1770206958591,18.456013,-116.2993,430.7162,-830.7294,0.699148,-0.148688,0.108544,0.690871,1.562934,-0.332389,0.242649,0.215876,0.376131,0.451509,-2.882632,1.169854,0.014065
1661,1770206958602,18.467124,-116.0567,430.8368,-830.7440,0.699163,-0.148643,0.108544,0.690865,1.562972,-0.332290,0.242649,0.215872,0.376127,0.451516,-2.882608,1.169824,0.014044
1662,1770206958613,18.478235,-116.1193,430.9021,-830.7438,0.699158,-0.148672,0.108527,0.690867,1.562960,-0.332355,0.242610,0.215869,0.376149,0.451506,-2.882701,1.169803,0.013994
1663,1770206958624,18.489346,-116.3144,430.9000,-830.7475,0.699139,-0.148631,0.108529,0.690894,1.562901,-0.332259,0.242612,0.215875,0.376128,0.451523,-2.882633,1.169814,0.014015
1664,1770206958635,18.500457,-116.3477,430.8470,-830.7768,0.699165,-0.148574,0.108577,0.690873,1.562971,-0.332135,0.242723,0.215873,0.376129,0.451518,-2.882635,1.169835,0.013981
1665,1770206958646,18.511569,-116.4308,430.9285,-830.8004,0.699165,-0.148557,0.108578,0.690877,1.562969,-0.332096,0.242724,0.215871,0.376125,0.451523,-2.882651,1.169781,0.013998
1666,1770206958657,18.522680,-116.4592,430.9648,-830.8582,0.699158,-0.148580,0.108532,0.690886,1.562949,-0.332147,0.242621,0.215860,0.376126,0.451526,-2.882617,1.169766,0.013995
1667,1770206958668,18.533791,-116.4710,430.8704,-830.7474,0.699170,-0.148556,0.108553,0.690875,1.562982,-0.332095,0.242669,0.215877,0.376127,0.451517,-2.882645,1.169799,0.014039
1668,1770206958679,18.544902,-116.6729,430.9007,-830.5679,0.699205,-0.148541,0.108566,0.690842,1.563079,-0.332066,0.242699,0.215862,0.376127,0.451524,-2.882643,1.169778,0.014033
1669,1770206958691,18.556013,-116.8354,430.9662,-830.4812,0.699245,-0.148549,0.108580,0.690797,1.563196,-0.332089,0.242735,0.215869,0.376133,0.451513,-2.882657,1.169804,0.014048
1670,1770206958702,18.567125,-116.2624,430.6108,-830.5509,0.699193,-0.148636,0.108661,0.690818,1.563066,-0.332280,0.242914,0.215887,0.376143,0.451497,-2.882676,1.169913,0.014024
1671,1770206958713,18.578236,-116.3699,430.6378,-830.5339,0.699188,-0.148618,0.108668,0.690826,1.563051,-0.332238,0.242931,0.215880,0.376128,0.451515,-2.882611,1.169845,0.014050
1672,1770206958724,18.589347,-116.3091,430.7053,-830.5290,0.699226,-0.148613,0.108628,0.690795,1.563155,-0.332231,0.242842,0.215853,0.376125,0.451529,-2.882602,1.169780,0.013929
1673,1770206958735,18.600459,-116.1424,430.6558,-830.5057,0.699254,-0.148598,0.108701,0.690759,1.563239,-0.332203,0.243010,0.215857,0.376143,0.451517,-2.882684,1.169735,0.014048
1674,1770206958746,18.611570,-116.1385,430.7674,-830.7037,0.699265,-0.148605,0.108764,0.690735,1.563280,-0.332223,0.243153,0.215883,0.376131,0.451510,-2.882615,1.169867,0.014058
1675,1770206958757,18.622681,-116.1311,430.7287,-830.7238,0.699248,-0.148579,0.108842,0.690747,1.563233,-0.332161,0.243326,0.215885,0.376135,0.451507,-2.882653,1.169904,0.014070
1676,1770206958768,18.633792,-116.2267,430.7667,-830.7333,0.699254,-0.148582,0.108839,0.690740,1.563251,-0.332169,0.243320,0.215862,0.376136,0.451511,-2.882644,1.169819,0.014024
1677,1770206958779,18.644904,-116.1224,430.7200,-830.6974,0.699272,-0.148559,0.108842,0.690726,1.563300,-0.332120,0.243329,0.215888,0.376124,0.451515,-2.882625,1.169852,0.014040
1678,1770206958791,18.656015,-116.2493,430.7332,-830.7036,0.699225,-0.148562,0.108839,0.690774,1.563165,-0.332120,0.243318,0.215885,0.376135,0.451501,-2.882663,1.169847,0.014061
1679,1770206958802,18.667126,-116.3887,430.7686,-830.7158,0.699248,-0.148548,0.108834,0.690755,1.563228,-0.332091,0.243308,0.215871,0.376135,0.451509,-2.882650,1.169821,0.014048
1680,1770206958813,18.678237,-116.3525,430.6618,-830.6478,0.699294,-0.148545,0.108847,0.690706,1.563361,-0.332092,0.243342,0.215855,0.376143,0.451513,-2.882665,1.169767,0.014025
1681,1770206958824,18.689349,-116.4837,430.6853,-830.6418,0.699303,-0.148536,0.108850,0.690698,1.563386,-0.332073,0.243349,0.215885,0.376135,0.451504,-2.882656,1.169865,0.014062
1682,1770206958835,18.700460,-116.3549,430.7839,-830.6901,0.699271,-0.148563,0.108730,0.690744,1.563287,-0.332126,0.243077,0.215879,0.376136,0.451508,-2.882677,1.169813,0.014062
1683,1770206958846,18.711571,-116.2919,430.7631,-830.7475,0.699206,-0.148554,0.108598,0.690832,1.563089,-0.332096,0.242772,0.215874,0.376126,0.451525,-2.882613,1.169866,0.014016
1684,1770206958857,18.722682,-116.2673,430.7698,-830.6058,0.699253,-0.148552,0.108588,0.690787,1.563221,-0.332098,0.242756,0.215857,0.376123,0.451525,-2.882600,1.169779,0.013988
1685,1770206958868,18.733794,-116.3753,430.8181,-830.5941,0.699246,-0.148554,0.108586,0.690794,1.563199,-0.332100,0.242749,0.215876,0.376133,0.451509,-2.882632,1.169834,0.014041
1686,1770206958879,18.744905,-116.3945,430.7753,-830.5930,0.699240,-0.148589,0.108632,0.690785,1.563192,-0.332179,0.242853,0.215859,0.376134,0.451522,-2.882658,1.169764,0.013999
1687,1770206958891,18.756016,-116.2997,430.8377,-830.6228,0.699283,-0.148575,0.108600,0.690749,1.563311,-0.332152,0.242785,0.215864,0.376121,0.451524,-2.882595,1.169777,0.014005
1688,1770206958902,18.767127,-116.2099,430.9040,-830.6622,0.699305,-0.148558,0.108532,0.690742,1.563364,-0.332115,0.242635,0.215871,0.376138,0.451513,-2.882668,1.169788,0.014030
1689,1770206958913,18.778239,-116.3808,430.8736,-830.6445,0.699305,-0.148553,0.108522,0.690745,1.563362,-0.332105,0.242612,0.215882,0.376138,0.451505,-2.882662,1.169887,0.014010
1690,1770206958924,18.789350,-116.5020,430.9325,-830.6452,0.699307,-0.148561,0.108522,0.690740,1.563371,-0.332122,0.242611,0.215887,0.376140,0.451498,-2.882681,1.169875,0.014059
1691,1770206958935,18.800461,-116.2929,431.0034,-830.7470,0.699290,-0.148592,0.108465,0.690760,1.563321,-0.332189,0.242483,0.215871,0.376137,0.451511,-2.882684,1.169775,0.014037
1692,1770206958946,18.811572,-116.2661,431.0628,-830.8669,0.699269,-0.148580,0.108457,0.690785,1.563258,-0.332160,0.242462,0.215872,0.376155,0.451499,-2.882720,1.169791,0.014042
1693,1770206958957,18.822683,-116.1280,430.8781,-830.7682,0.699207,-0.148550,0.108561,0.690838,1.563087,-0.332087,0.242689,0.215886,0.376134,0.451507,-2.882652,1.169863,0.014079
1694,1770206958968,18.833794,-116.2204,430.9188,-830.7896,0.699226,-0.148540,0.108544,0.690824,1.563137,-0.332065,0.242653,0.215881,0.376124,0.451515,-2.882605,1.169842,0.014026
1695,1770206958979,18.844906,-116.2376,430.8350,-830.7034,0.699260,-0.148554,0.108517,0.690791,1.563233,-0.332099,0.242596,0.215882,0.376128,0.451511,-2.882627,1.169852,0.014082
1696,1770206958991,18.856017,-116.3354,430.8827,-830.7101,0.699285,-0.148551,0.108522,0.690765,1.563307,-0.332097,0.242610,0.215857,0.376139,0.451511,-2.882656,1.169803,0.014007
1697,1770206959002,18.867128,-116.4530,430.9363,-830.7089,0.699288,-0.148543,0.108528,0.690763,1.563315,-0.332079,0.242622,0.215877,0.376140,0.451510,-2.882673,1.169811,0.014079
1698,1770206959013,18.878240,-116.3514,430.7455,-830.6512,0.699261,-0.148570,0.108577,0.690776,1.563245,-0.332138,0.242732,0.215870,0.376130,0.451512,-2.882640,1.169797,0.014016
1699,1770206959024,18.889351,-116.2675,430.7172,-830.5856,0.699265,-0.148621,0.108637,0.690752,1.563269,-0.332256,0.242867,0.215875,0.376134,0.451505,-2.882671,1.169810,0.014037
1700,1770206959035,18.900462,-116.2367,430.6532,-830.5862,0.699272,-0.148633,0.108645,0.690742,1.563290,-0.332283,0.242887,0.215858,0.376120,0.451529,-2.882592,1.169776,0.014023
1701,1770206959046,18.911574,-116.2818,430.7183,-830.6491,0.699207,-0.148666,0.108575,0.690811,1.563103,-0.332348,0.242723,0.215887,0.376137,0.451494,-2.882653,1.169842,0.014054
1702,1770206959057,18.922685,-116.3641,430.8047,-830.6595,0.699208,-0.148694,0.108551,0.690808,1.563106,-0.332412,0.242670,0.215874,0.376138,0.451506,-2.882650,1.169821,0.014048
1703,1770206959068,18.933796,-116.3406,430.8710,-830.8189,0.699161,-0.148707,0.108499,0.690861,1.562969,-0.332434,0.242549,0.215876,0.376128,0.451517,-2.882630,1.169853,0.014023
1704,1770206959079,18.944907,-116.4718,430.9068,-830.8466,0.699170,-0.148692,0.108481,0.690857,1.562993,-0.332400,0.242509,0.215890,0.376139,0.451501,-2.882662,1.169867,0.014086
1705,1770206959091,18.956018,-116.5572,430.9582,-830.8782,0.699184,-0.148744,0.108445,0.690838,1.563036,-0.332519,0.242430,0.215861,0.376128,0.451522,-2.882603,1.169801,0.013995
1706,1770206959102,18.967130,-116.7219,431.0070,-830.9096,0.699182,-0.148752,0.108451,0.690837,1.563032,-0.332537,0.242444,0.215879,0.376127,0.451515,-2.882612,1.169906,0.014066
1707,1770206959113,18.978241,-116.5950,430.8697,-830.8982,0.699182,-0.148768,0.108389,0.690843,1.563028,-0.332572,0.242306,0.215883,0.376136,0.451510,-2.882684,1.169836,0.014051
1708,1770206959124,18.989352,-116.4200,430.8130,-830.9849,0.699171,-0.148814,0.108260,0.690864,1.562991,-0.332673,0.242014,0.215878,0.376142,0.451503,-2.882686,1.169857,0.014017
1709,1770206959135,19.000463,-116.4591,430.8854,-830.9775,0.699183,-0.148885,0.108250,0.690839,1.563032,-0.332834,0.241994,0.215873,0.376140,0.451505,-2.882653,1.169822,0.014091
1710,1770206959146,19.011575,-116.5883,430.9221,-831.0142,0.699191,-0.148865,0.108264,0.690833,1.563053,-0.332790,0.242026,0.215883,0.376138,0.451503,-2.882663,1.169868,0.014087
1711,1770206959157,19.022686,-116.4533,430.9313,-830.8158,0.699278,-0.148854,0.108282,0.690745,1.563302,-0.332777,0.242075,0.215890,0.376135,0.451506,-2.882654,1.169884,0.014044
1712,1770206959168,19.033797,-116.4009,430.7331,-830.6278,0.699289,-0.148852,0.108274,0.690735,1.563333,-0.332774,0.242058,0.215862,0.376135,0.451514,-2.882661,1.169806,0.014031
1713,1770206959179,19.044908,-116.2877,430.7626,-830.7704,0.699255,-0.148872,0.108165,0.690783,1.563227,-0.332812,0.241809,0.215881,0.376144,0.451501,-2.882697,1.169781,0.014086
1714,1770206959191,19.056019,-116.3253,430.8624,-830.7685,0.699250,-0.148882,0.108119,0.690792,1.563210,-0.332834,0.241706,0.215888,0.376140,0.451504,-2.882694,1.169841,0.014058
1715,1770206959202,19.067131,-116.2631,430.7159,-830.6049,0.699271,-0.148915,0.108175,0.690756,1.563279,-0.332913,0.241835,0.215881,0.376141,0.451506,-2.882688,1.169797,0.014044
1716,1770206959213,19.078242,-116.2837,430.7264,-830.5744,0.699282,-0.148862,0.108172,0.690756,1.563305,-0.332794,0.241828,0.215880,0.376130,0.451512,-2.882629,1.169873,0.014048
1717,1770206959224,19.089353,-116.3632,430.7998,-830.5825,0.699281,-0.148864,0.108175,0.690756,1.563302,-0.332797,0.241835,0.215871,0.376144,0.451506,-2.882660,1.169845,0.013979
1718,1770206959235,19.100464,-116.3291,430.7689,-830.6621,0.699254,-0.148850,0.108153,0.690790,1.563222,-0.332763,0.241781,0.215882,0.376142,0.451499,-2.882680,1.169814,0.014044
1719,1770206959246,19.111576,-116.4023,430.8119,-830.6823,0.699258,-0.148841,0.108167,0.690785,1.563233,-0.332742,0.241814,0.215871,0.376137,0.451508,-2.882678,1.169793,0.014037
1720,1770206959257,19.122687,-116.0998,430.6266,-830.9387,0.699201,-0.148844,0.108186,0.690839,1.563073,-0.332742,0.241851,0.215885,0.376131,0.451509,-2.882631,1.169874,0.014089
1721,1770206959268,19.133798,-116.0552,430.7605,-830.8973,0.699202,-0.148877,0.108137,0.690839,1.563076,-0.332817,0.241741,0.215879,0.376151,0.451495,-2.882714,1.169809,0.014083
1722,1770206959279,19.144909,-116.1060,430.7539,-830.8030,0.699199,-0.148883,0.108214,0.690829,1.563074,-0.332832,0.241915,0.215864,0.376132,0.451516,-2.882648,1.169759,0.013991
1723,1770206959291,19.156020,-116.1614,430.7896,-830.7242,0.699255,-0.148887,0.108211,0.690771,1.563235,-0.332848,0.241914,0.215871,0.376130,0.451515,-2.882627,1.169832,0.014017
1724,1770206959302,19.167131,-116.1491,430.7170,-830.5932,0.699258,-0.148877,0.108323,0.690754,1.563252,-0.332828,0.242166,0.215852,0.376132,0.451522,-2.882628,1.169771,0.014003
1725,1770206959313,19.178243,-116.2168,430.7475,-830.5654,0.699255,-0.148877,0.108320,0.690757,1.563242,-0.332828,0.242159,0.215876,0.376129,0.451510,-2.882634,1.169835,0.014082
1726,1770206959324,19.189354,-116.0415,430.7603,-830.5528,0.699246,-0.148843,0.108365,0.690766,1.563218,-0.332750,0.242257,0.215880,0.376131,0.451511,-2.882626,1.169852,0.014041
1727,1770206959335,19.200465,-115.9837,430.7235,-830.5966,0.699186,-0.148824,0.108447,0.690818,1.563053,-0.332700,0.242436,0.215855,0.376136,0.451516,-2.882641,1.169797,0.014017
1728,1770206959346,19.211576,-116.0454,430.7439,-830.5792,0.699215,-0.148818,0.108462,0.690788,1.563134,-0.332691,0.242473,0.215872,0.376133,0.451510,-2.882648,1.169820,0.014006
1729,1770206959357,19.222687,-116.0492,430.7948,-830.6102,0.699186,-0.148778,0.108545,0.690812,1.563056,-0.332599,0.242656,0.215869,0.376132,0.451522,-2.882642,1.169798,0.014058
1730,1770206959368,19.233798,-116.1353,430.8393,-830.5988,0.699184,-0.148783,0.108523,0.690817,1.563049,-0.332610,0.242607,0.215867,0.376133,0.451514,-2.882657,1.169784,0.014023
1731,1770206959379,19.244910,-116.2786,430.7860,-830.6682,0.699166,-0.148745,0.108600,0.690831,1.563000,-0.332521,0.242778,0.215869,0.376117,0.451527,-2.882611,1.169784,0.014036
1732,1770206959391,19.256021,-116.3775,430.8491,-830.6680,0.699181,-0.148769,0.108607,0.690810,1.563045,-0.332579,0.242794,0.215874,0.376141,0.451502,-2.882698,1.169801,0.014051
1733,1770206959402,19.267132,-116.4247,430.9240,-830.7439,0.699165,-0.148727,0.108667,0.690826,1.563001,-0.332482,0.242928,0.215876,0.376141,0.451504,-2.882653,1.169843,0.014055
1734,1770206959413,19.278244,-116.3191,430.8798,-830.6729,0.699160,-0.148755,0.108694,0.690820,1.562993,-0.332547,0.242989,0.215867,0.376131,0.451518,-2.882636,1.169795,0.014034
1735,1770206959424,19.289355,-116.3343,430.9617,-830.7395,0.699210,-0.148737,0.108696,0.690774,1.563132,-0.332512,0.242998,0.215889,0.376135,0.451500,-2.882644,1.169940,0.014052
1736,1770206959435,19.300466,-116.1765,430.9404,-830.7395,0.699201,-0.148765,0.108721,0.690773,1.563112,-0.332574,0.243053,0.215877,0.376134,0.451507,-2.882683,1.169795,0.014061
1737,1770206959446,19.311577,-116.2147,431.0383,-830.7644,0.699165,-0.148776,0.108712,0.690808,1.563011,-0.332594,0.243029,0.215863,0.376132,0.451516,-2.882629,1.169772,0.014044
1738,1770206959457,19.322689,-116.1203,430.9792,-830.7908,0.699151,-0.148802,0.108714,0.690816,1.562975,-0.332652,0.243034,0.215874,0.376144,0.451500,-2.882667,1.169829,0.014080
1739,1770206959468,19.333800,-116.1832,431.0356,-830.7966,0.699158,-0.148804,0.108718,0.690808,1.562995,-0.332658,0.243044,0.215855,0.376140,0.451518,-2.882637,1.169836,0.013984
1740,1770206959479,19.344911,-116.1061,431.0126,-830.8159,0.699159,-0.148831,0.108693,0.690805,1.562999,-0.332719,0.242987,0.215881,0.376136,0.451505,-2.882643,1.169859,0.014073
1741,1770206959491,19.356022,-115.9138,430.9571,-830.6848,0.699150,-0.148858,0.108583,0.690826,1.562968,-0.332775,0.242739,0.215858,0.376138,0.451515,-2.882631,1.169793,0.014010
1742,1770206959502,19.367133,-115.9578,431.0073,-830.6726,0.699165,-0.148852,0.108574,0.690814,1.563006,-0.332763,0.242720,0.215869,0.376135,0.451513,-2.882644,1.169819,0.014024
1743,1770206959513,19.378245,-116.1111,430.8770,-830.5874,0.699180,-0.148810,0.108594,0.690804,1.563048,-0.332670,0.242766,0.215864,0.376138,0.451510,-2.882638,1.169836,0.014025
1744,1770206959524,19.389356,-116.1546,430.9565,-830.5870,0.699200,-0.148770,0.108634,0.690786,1.563102,-0.332584,0.242858,0.215873,0.376130,0.451517,-2.882632,1.169834,0.014041
1745,1770206959535,19.400468,-116.0653,430.8810,-830.6427,0.699160,-0.148772,0.108682,0.690818,1.562994,-0.332583,0.242963,0.215866,0.376130,0.451519,-2.882636,1.169795,0.014033
1746,1770206959546,19.411579,-116.1012,430.8493,-830.6857,0.699144,-0.148743,0.108663,0.690844,1.562943,-0.332515,0.242918,0.215877,0.376142,0.451500,-2.882678,1.169813,0.014062
1747,1770206959557,19.422690,-116.0393,430.7588,-830.6705,0.699124,-0.148736,0.108683,0.690862,1.562887,-0.332499,0.242961,0.215858,0.376141,0.451507,-2.882663,1.169786,0.014007
1748,1770206959568,19.433801,-116.1253,430.8256,-830.6307,0.699133,-0.148761,0.108711,0.690844,1.562918,-0.332557,0.243023,0.215877,0.376130,0.451512,-2.882621,1.169809,0.014068
1749,1770206959579,19.444913,-116.2098,430.8665,-830.6094,0.699138,-0.148759,0.108690,0.690843,1.562929,-0.332552,0.242979,0.215863,0.376137,0.451515,-2.882646,1.169779,0.014076
1750,1770206959591,19.456024,-116.0704,430.7904,-830.7176,0.699145,-0.148731,0.108698,0.690840,1.562947,-0.332489,0.242996,0.215880,0.376126,0.451515,-2.882621,1.169870,0.014082
1751,1770206959602,19.467135,-116.1520,430.8330,-830.7075,0.699135,-0.148729,0.108698,0.690851,1.562917,-0.332483,0.242996,0.215872,0.376131,0.451520,-2.882630,1.169854,0.014024
1752,1770206959613,19.478246,-116.2190,430.8945,-830.7546,0.699160,-0.148673,0.108704,0.690837,1.562983,-0.332360,0.243009,0.215845,0.376138,0.451524,-2.882641,1.169756,0.014028
