FrameNumber,TimeStamp_ms,TimeFromStart_s,X_mm,Y_mm,Z_mm,QX,QY,QZ,QW,RX_rad,RY_rad,RZ_rad,TCP_X_m,TCP_Y_m,TCP_Z_m,TCP_RX_rad,TCP_RY_rad,TCP_RZ_rad
1,1776232181838,5.349415,-420.3381,-127.2690,472.2199,0.164442,-0.701181,0.689548,0.076337,0.492919,-2.101801,2.066932,-0.416883,-0.148844,0.476699,0.415895,3.031857,-0.072934
2,1776232181849,5.360526,-420.2169,-127.6452,472.2023,0.164633,-0.701184,0.689533,0.076037,0.493579,-2.102185,2.067255,-0.416711,-0.149200,0.476681,0.415792,3.031795,-0.073023
3,1776232181860,5.371637,-419.9671,-128.3724,472.1860,0.164498,-0.701139,0.689595,0.076180,0.493132,-2.101871,2.067265,-0.416363,-0.149886,0.476664,0.415799,3.031739,-0.072956
4,1776232181871,5.382749,-419.8357,-128.7258,472.1833,0.164575,-0.701193,0.689531,0.076102,0.493385,-2.102130,2.067169,-0.416184,-0.150218,0.476661,0.415838,3.031724,-0.072903
5,1776232181882,5.393860,-419.6949,-129.0977,472.1917,0.164528,-0.701194,0.689530,0.076193,0.493216,-2.102022,2.067056,-0.415993,-0.150567,0.476669,0.415831,3.031755,-0.072957
6,1776232181893,5.404971,-419.6949,-129.0977,472.1917,0.164387,-0.701292,0.689454,0.076291,0.492767,-2.102190,2.066705,-0.415993,-0.150567,0.476669,0.415831,3.031755,-0.072957
7,1776232181905,5.416082,-419.2770,-130.1572,472.2157,0.164505,-0.701219,0.689519,0.076122,0.493168,-2.102183,2.067108,-0.415432,-0.151559,0.476692,0.416038,3.031811,-0.072971
8,1776232181916,5.427193,-418.9918,-130.9086,472.2244,0.164601,-0.701233,0.689486,0.076078,0.493470,-2.102280,2.067065,-0.415045,-0.152264,0.476700,0.416046,3.031820,-0.072868
9,1776232181927,5.438305,-418.8625,-131.2748,472.2147,0.164436,-0.701366,0.689376,0.076202,0.492938,-2.102526,2.066582,-0.414866,-0.152609,0.476690,0.416126,3.031806,-0.072885
10,1776232181938,5.449416,-418.7231,-131.6405,472.2101,0.164602,-0.701373,0.689344,0.076077,0.493472,-2.102702,2.066638,-0.414677,-0.152952,0.476685,0.416091,3.031796,-0.072794
11,1776232181949,5.460527,-418.4379,-132.3909,472.2108,0.164417,-0.701403,0.689344,0.076202,0.492883,-2.102635,2.066485,-0.414290,-0.153656,0.476685,0.416100,3.031783,-0.072738
12,1776232181960,5.471638,-418.2895,-132.7638,472.2141,0.164353,-0.701493,0.689267,0.076200,0.492690,-2.102909,2.066258,-0.414091,-0.154005,0.476688,0.416123,3.031791,-0.072688
13,1776232181971,5.482749,-418.0370,-133.4945,472.1757,0.164528,-0.701450,0.689301,0.075909,0.493302,-2.103144,2.066717,-0.413739,-0.154694,0.476649,0.416290,3.031610,-0.072659
14,1776232181982,5.493861,-417.8755,-133.8744,472.1951,0.164336,-0.701465,0.689306,0.076152,0.492654,-2.102882,2.066432,-0.413526,-0.155048,0.476668,0.416279,3.031722,-0.072559
15,1776232181993,5.504972,-417.7144,-134.2430,472.2205,0.164400,-0.701478,0.689278,0.076141,0.492848,-2.102938,2.066361,-0.413315,-0.155391,0.476693,0.416219,3.031770,-0.072622
16,1776232182005,5.516083,-417.4175,-134.9940,472.2342,0.164248,-0.701613,0.689166,0.076241,0.492363,-2.103216,2.065903,-0.412916,-0.156094,0.476706,0.416231,3.031772,-0.072610
17,1776232182016,5.527194,-417.2766,-135.3488,472.2276,0.164316,-0.701461,0.689310,0.076190,0.492584,-2.102824,2.066398,-0.412727,-0.156426,0.476699,0.416238,3.031769,-0.072637
18,1776232182027,5.538305,-417.1215,-135.7378,472.2250,0.164346,-0.701513,0.689246,0.076226,0.492662,-2.102934,2.066163,-0.412519,-0.156790,0.476696,0.416042,3.031730,-0.072657
19,1776232182038,5.549417,-416.8295,-136.4598,472.2167,0.164257,-0.701495,0.689286,0.076222,0.492397,-2.102887,2.066286,-0.412129,-0.157465,0.476687,0.416172,3.031707,-0.072455
20,1776232182049,5.560528,-416.6678,-136.8165,472.2311,0.164304,-0.701598,0.689178,0.076146,0.492560,-2.103290,2.066058,-0.411919,-0.157796,0.476701,0.416182,3.031719,-0.072527
21,1776232182060,5.571639,-416.3525,-137.5730,472.2288,0.164370,-0.701654,0.689109,0.076109,0.492768,-2.103506,2.065897,-0.411501,-0.158502,0.476698,0.416113,3.031683,-0.072384
22,1776232182071,5.582750,-416.2006,-137.9495,472.2222,0.164311,-0.701591,0.689171,0.076262,0.492548,-2.103125,2.065893,-0.411298,-0.158854,0.476691,0.416079,3.031634,-0.072346
23,1776232182082,5.593862,-416.0314,-138.3173,472.2396,0.164453,-0.701626,0.689111,0.076175,0.492997,-2.103338,2.065821,-0.411079,-0.159195,0.476708,0.415928,3.031706,-0.072422
24,1776232182093,5.604973,-415.7109,-139.0725,472.2515,0.164382,-0.701579,0.689175,0.076189,0.492780,-2.103178,2.065993,-0.410656,-0.159899,0.476719,0.416050,3.031723,-0.072358
25,1776232182105,5.616084,-415.5510,-139.4562,472.2549,0.164320,-0.701678,0.689083,0.076233,0.492583,-2.103422,2.065666,-0.410444,-0.160257,0.476722,0.416003,3.031736,-0.072382
26,1776232182116,5.627195,-415.2182,-140.2030,472.2757,0.164252,-0.701605,0.689168,0.076291,0.492361,-2.103129,2.065849,-0.410010,-0.160951,0.476742,0.415999,3.031814,-0.072313
27,1776232182127,5.638306,-415.0361,-140.5796,472.3052,0.164354,-0.701600,0.689165,0.076141,0.492712,-2.103302,2.066023,-0.409777,-0.161299,0.476771,0.416068,3.031887,-0.072386
28,1776232182138,5.649418,-414.8678,-140.9401,472.3146,0.164316,-0.701721,0.689047,0.076169,0.492589,-2.103632,2.065637,-0.409560,-0.161633,0.476780,0.416165,3.031925,-0.072319
29,1776232182149,5.660529,-414.5609,-141.6784,472.2774,0.164282,-0.701710,0.689064,0.076192,0.492481,-2.103569,2.065658,-0.409153,-0.162322,0.476742,0.416260,3.031776,-0.072298
30,1776232182160,5.671640,-414.3917,-142.0391,472.2798,0.164387,-0.701738,0.689022,0.076083,0.492827,-2.103789,2.065667,-0.408935,-0.162656,0.476744,0.416285,3.031790,-0.072276
31,1776232182171,5.682751,-414.2577,-142.3999,472.2312,0.164398,-0.701638,0.689131,0.075999,0.492885,-2.103595,2.066096,-0.408752,-0.162995,0.476695,0.416259,3.031677,-0.072119
32,1776232182182,5.693863,-413.9099,-143.1195,472.2371,0.164329,-0.701655,0.689126,0.076040,0.492665,-2.103593,2.066031,-0.408307,-0.163660,0.476700,0.416427,3.031693,-0.072276
33,1776232182193,5.704974,-413.7473,-143.4995,472.2266,0.164413,-0.701674,0.689092,0.075990,0.492932,-2.103713,2.065990,-0.408093,-0.164014,0.476689,0.416410,3.031678,-0.072177
34,1776232182205,5.716085,-413.4010,-144.2078,472.2325,0.164466,-0.701636,0.689124,0.075930,0.493110,-2.103675,2.066160,-0.407651,-0.164668,0.476694,0.416355,3.031708,-0.072269
35,1776232182216,5.727196,-413.2536,-144.5594,472.1919,0.164378,-0.701692,0.689076,0.076039,0.492813,-2.103706,2.065883,-0.407456,-0.164996,0.476653,0.416352,3.031631,-0.072169
36,1776232182227,5.738308,-413.0678,-144.9032,472.2003,0.164283,-0.701642,0.689144,0.076093,0.492512,-2.103489,2.066020,-0.407224,-0.165311,0.476661,0.416364,3.031633,-0.072279
37,1776232182238,5.749419,-412.7302,-145.6315,472.1673,0.164270,-0.701617,0.689172,0.076100,0.492471,-2.103406,2.066094,-0.406788,-0.165986,0.476627,0.416329,3.031585,-0.072120
38,1776232182249,5.760530,-412.5308,-145.9852,472.2018,0.164387,-0.701652,0.689115,0.076039,0.492840,-2.103585,2.066000,-0.406541,-0.166309,0.476661,0.416363,3.031633,-0.072230
39,1776232182260,5.771642,-412.1879,-146.7112,472.1677,0.164356,-0.701708,0.689055,0.076130,0.492722,-2.103640,2.065708,-0.406100,-0.166981,0.476626,0.416273,3.031531,-0.072121
40,1776232182271,5.782753,-411.9995,-147.0796,472.1622,0.164502,-0.701627,0.689116,0.076009,0.493194,-2.103549,2.066041,-0.405862,-0.167320,0.476620,0.416157,3.031564,-0.072217
41,1776232182282,5.793864,-411.8228,-147.4231,472.1517,0.164330,-0.701762,0.688991,0.076264,0.492605,-2.103636,2.065353,-0.405639,-0.167636,0.476609,0.416104,3.031492,-0.072197
42,1776232182293,5.804975,-411.4742,-148.1378,472.1126,0.164351,-0.701743,0.689020,0.076141,0.492703,-2.103730,2.065590,-0.405194,-0.168296,0.476569,0.416104,3.031376,-0.072085
43,1776232182305,5.816093,-411.4742,-148.1378,472.1126,0.164503,-0.701717,0.689019,0.076062,0.493181,-2.103751,2.065684,-0.405194,-0.168296,0.476569,0.416104,3.031376,-0.072085
44,1776232182316,5.827204,-410.8960,-149.1922,472.1411,0.164432,-0.701795,0.688947,0.076151,0.492943,-2.103874,2.065358,-0.404474,-0.169261,0.476596,0.416003,3.031471,-0.072147
45,1776232182327,5.838316,-410.7000,-149.5343,472.1477,0.164458,-0.701673,0.689072,0.076087,0.493040,-2.103589,2.065811,-0.404232,-0.169573,0.476602,0.416052,3.031481,-0.072243
46,1776232182338,5.849427,-410.5125,-149.9015,472.1382,0.164451,-0.701718,0.689023,0.076131,0.493006,-2.103669,2.065610,-0.403995,-0.169911,0.476592,0.415980,3.031465,-0.072184
47,1776232182349,5.860538,-410.1571,-150.6111,472.0941,0.164672,-0.701611,0.689102,0.075924,0.493729,-2.103606,2.066101,-0.403544,-0.170565,0.476547,0.415909,3.031287,-0.072174
48,1776232182360,5.871649,-409.9582,-150.9546,472.1077,0.164734,-0.701714,0.688973,0.076000,0.493891,-2.103821,2.065622,-0.403299,-0.170878,0.476560,0.415859,3.031301,-0.072101
49,1776232182371,5.882761,-409.5743,-151.6327,472.1087,0.164741,-0.701649,0.689041,0.075971,0.493920,-2.103662,2.065863,-0.402824,-0.171497,0.476560,0.415746,3.031245,-0.072219
50,1776232182382,5.893872,-409.3606,-151.9934,472.1223,0.164691,-0.701695,0.688996,0.076071,0.493741,-2.103674,2.065602,-0.402562,-0.171825,0.476573,0.415679,3.031301,-0.072179
51,1776232182393,5.904983,-409.1777,-152.3439,472.0998,0.164738,-0.701688,0.688984,0.076134,0.493865,-2.103575,2.065489,-0.402332,-0.172147,0.476550,0.415602,3.031197,-0.072081
52,1776232182405,5.916095,-408.7603,-153.0417,472.1149,0.164618,-0.701776,0.688905,0.076300,0.493456,-2.103632,2.065048,-0.401821,-0.172781,0.476564,0.415459,3.031288,-0.072171
53,1776232182416,5.927206,-408.5645,-153.3717,472.1084,0.164703,-0.701769,0.688906,0.076170,0.493749,-2.103772,2.065214,-0.401581,-0.173081,0.476557,0.415497,3.031228,-0.072140
54,1776232182427,5.938317,-408.3643,-153.7064,472.1019,0.164825,-0.701632,0.689034,0.076013,0.494161,-2.103559,2.065788,-0.401336,-0.173385,0.476550,0.415575,3.031193,-0.072140
55,1776232182438,5.949428,-408.1658,-154.0458,472.1035,0.164900,-0.701714,0.688936,0.075977,0.494397,-2.103850,2.065539,-0.401092,-0.173694,0.476551,0.415561,3.031162,-0.072121
56,1776232182449,5.960540,-407.7469,-154.7338,472.1186,0.164782,-0.701751,0.688915,0.076083,0.494012,-2.103828,2.065346,-0.400581,-0.174318,0.476565,0.415624,3.031192,-0.072013
57,1776232182460,5.971651,-407.3253,-155.4382,472.1257,0.164791,-0.701829,0.688831,0.076113,0.494028,-2.104023,2.065056,-0.400065,-0.174958,0.476571,0.415488,3.031218,-0.071934
58,1776232182471,5.982762,-407.1013,-155.7893,472.1593,0.164831,-0.701821,0.688838,0.076028,0.494175,-2.104105,2.065183,-0.399794,-0.175275,0.476604,0.415447,3.031335,-0.071949
59,1776232182482,5.993873,-406.9102,-156.1166,472.1508,0.164704,-0.701836,0.688854,0.076025,0.493794,-2.104155,2.065233,-0.399559,-0.175573,0.476595,0.415573,3.031247,-0.071868
60,1776232182493,6.004985,-406.4900,-156.8017,472.1639,0.164636,-0.701781,0.688915,0.076117,0.493563,-2.103876,2.065305,-0.399047,-0.176194,0.476607,0.415527,3.031234,-0.071794
61,1776232182505,6.016096,-406.2916,-157.1421,472.1515,0.164693,-0.701884,0.688791,0.076180,0.493715,-2.104105,2.064854,-0.398803,-0.176504,0.476594,0.415508,3.031214,-0.071685
62,1776232182516,6.027207,-405.8571,-157.7827,472.1886,0.164751,-0.701813,0.688867,0.076014,0.493938,-2.104101,2.065286,-0.398283,-0.177079,0.476630,0.415620,3.031239,-0.071801
63,1776232182527,6.038318,-405.6374,-158.1362,472.1952,0.164581,-0.701842,0.688857,0.076199,0.493374,-2.103957,2.065030,-0.398016,-0.177399,0.476636,0.415680,3.031245,-0.071777
64,1776232182538,6.049429,-405.4178,-158.4684,472.2068,0.164812,-0.701765,0.688899,0.076036,0.494114,-2.103927,2.065356,-0.397752,-0.177698,0.476647,0.415651,3.031241,-0.071813
65,1776232182549,6.060541,-404.9743,-159.1607,472.2130,0.164766,-0.701814,0.688867,0.075981,0.493992,-2.104143,2.065326,-0.397216,-0.178323,0.476652,0.415642,3.031248,-0.071729
66,1776232182560,6.071652,-404.7689,-159.4940,472.2066,0.164847,-0.701849,0.688808,0.076003,0.494230,-2.104223,2.065124,-0.396966,-0.178625,0.476645,0.415626,3.031186,-0.071733
67,1776232182571,6.082763,-404.3466,-160.1653,472.2077,0.164922,-0.701803,0.688852,0.075871,0.494493,-2.104250,2.065417,-0.396454,-0.179232,0.476645,0.415620,3.031142,-0.071762
68,1776232182582,6.093874,-404.1413,-160.4925,472.1983,0.164999,-0.701899,0.688736,0.075865,0.494726,-2.104544,2.065077,-0.396205,-0.179528,0.476635,0.415620,3.031130,-0.071661
69,1776232182593,6.104985,-403.9194,-160.8311,472.2029,0.164809,-0.701850,0.688817,0.075999,0.494117,-2.104231,2.065154,-0.395938,-0.179833,0.476639,0.415679,3.031087,-0.071635
70,1776232182605,6.116097,-403.4737,-161.5146,472.2091,0.164742,-0.701781,0.688890,0.076121,0.493879,-2.103871,2.065223,-0.395401,-0.180449,0.476644,0.415559,3.031099,-0.071555
71,1776232182616,6.127208,-403.2503,-161.8423,472.2127,0.164968,-0.701825,0.688811,0.075939,0.494610,-2.104229,2.065212,-0.395134,-0.180743,0.476647,0.415547,3.031079,-0.071545
72,1776232182627,6.138319,-403.0384,-162.1725,472.1942,0.164812,-0.701862,0.688798,0.076053,0.494110,-2.104198,2.065032,-0.394878,-0.181041,0.476628,0.415677,3.031043,-0.071507
73,1776232182638,6.149431,-402.5956,-162.8707,472.1625,0.164890,-0.701907,0.688737,0.076024,0.494353,-2.104370,2.064884,-0.394342,-0.181672,0.476595,0.415551,3.030931,-0.071392
74,1776232182649,6.160542,-402.3642,-163.1692,472.1801,0.165056,-0.701921,0.688689,0.075969,0.494865,-2.104481,2.064806,-0.394071,-0.181936,0.476612,0.415600,3.030962,-0.071515
75,1776232182660,6.171653,-401.9193,-163.8446,472.1573,0.164876,-0.701899,0.688739,0.076106,0.494287,-2.104242,2.064790,-0.393536,-0.182544,0.476588,0.415529,3.030915,-0.071330
76,1776232182671,6.182764,-401.6856,-164.1777,472.1599,0.164981,-0.701822,0.688799,0.076045,0.494620,-2.104088,2.065046,-0.393258,-0.182842,0.476590,0.415411,3.030922,-0.071425
77,1776232182682,6.193876,-401.4371,-164.5200,472.1845,0.165110,-0.701955,0.688638,0.076003,0.495017,-2.104538,2.064612,-0.392964,-0.183147,0.476614,0.415365,3.031017,-0.071376
78,1776232182693,6.204987,-400.9790,-165.1729,472.1718,0.165115,-0.701848,0.688748,0.075978,0.495040,-2.104250,2.064976,-0.392419,-0.183731,0.476600,0.415287,3.030948,-0.071491
79,1776232182705,6.216098,-400.7579,-165.5023,472.1434,0.165012,-0.702032,0.688576,0.076066,0.494706,-2.104691,2.064349,-0.392154,-0.184027,0.476571,0.415340,3.030874,-0.071393
80,1776232182716,6.227210,-400.3035,-166.1385,472.1296,0.165096,-0.701946,0.688650,0.076000,0.494976,-2.104517,2.064654,-0.391615,-0.184595,0.476556,0.415405,3.030775,-0.071441
81,1776232182727,6.238321,-400.0406,-166.4787,472.1563,0.164809,-0.702106,0.688530,0.076233,0.494048,-2.104704,2.064009,-0.391307,-0.184896,0.476582,0.415433,3.030886,-0.071384
82,1776232182738,6.249432,-399.8255,-166.7860,472.1319,0.165063,-0.701960,0.688644,0.076001,0.494879,-2.104556,2.064634,-0.391051,-0.185171,0.476557,0.415449,3.030804,-0.071307
83,1776232182749,6.260543,-399.3550,-167.4154,472.1201,0.164843,-0.702014,0.688635,0.076061,0.494201,-2.104645,2.064533,-0.390497,-0.185730,0.476544,0.415553,3.030760,-0.071370
84,1776232182760,6.271654,-399.1297,-167.7363,472.1107,0.164991,-0.702128,0.688492,0.075986,0.494667,-2.105080,2.064196,-0.390229,-0.186017,0.476534,0.415593,3.030740,-0.071323
85,1776232182771,6.282766,-398.6583,-168.3667,472.1099,0.165126,-0.702017,0.688587,0.075853,0.495109,-2.104913,2.064645,-0.389674,-0.186577,0.476532,0.415607,3.030740,-0.071369
86,1776232182782,6.293877,-398.4254,-168.7058,472.0886,0.164910,-0.702047,0.688594,0.075984,0.494425,-2.104839,2.064503,-0.389396,-0.186881,0.476510,0.415643,3.030674,-0.071289
87,1776232182793,6.304988,-398.1914,-169.0299,472.0802,0.164939,-0.701923,0.688717,0.075945,0.494524,-2.104516,2.064922,-0.389119,-0.187170,0.476501,0.415593,3.030637,-0.071307
88,1776232182805,6.316099,-397.6975,-169.6654,472.1195,0.164922,-0.701970,0.688664,0.076029,0.494447,-2.104552,2.064661,-0.388541,-0.187732,0.476539,0.415579,3.030836,-0.071350
89,1776232182816,6.327210,-397.4628,-169.9552,472.1201,0.164926,-0.701930,0.688718,0.075899,0.494497,-2.104594,2.064982,-0.388268,-0.187987,0.476539,0.415645,3.030830,-0.071495
90,1776232182827,6.338322,-396.9573,-170.5954,472.1404,0.164904,-0.701903,0.688754,0.075869,0.494439,-2.104552,2.065127,-0.387678,-0.188552,0.476558,0.415659,3.030868,-0.071483
91,1776232182838,6.349433,-396.6912,-170.8916,472.1691,0.164970,-0.701813,0.688843,0.075754,0.494672,-2.104426,2.065534,-0.387373,-0.188809,0.476586,0.415745,3.030880,-0.071637
92,1776232182849,6.360544,-396.4352,-171.2095,472.1947,0.164960,-0.701973,0.688676,0.075806,0.494625,-2.104841,2.064970,-0.387075,-0.189089,0.476611,0.415897,3.030975,-0.071486
93,1776232182860,6.371655,-396.2065,-171.5359,472.1614,0.164869,-0.701871,0.688793,0.075888,0.494330,-2.104431,2.065220,-0.386803,-0.189381,0.476577,0.415792,3.030904,-0.071559
94,1776232182871,6.382767,-396.2065,-171.5359,472.1614,0.164731,-0.701890,0.688792,0.076027,0.493875,-2.104313,2.065046,-0.386803,-0.189381,0.476577,0.415792,3.030904,-0.071559
95,1776232182882,6.393878,-395.6837,-172.1603,472.1897,0.164877,-0.701835,0.688821,0.075956,0.494333,-2.104238,2.065218,-0.386198,-0.189928,0.476604,0.415756,3.031027,-0.071602
96,1776232182893,6.404989,-395.1574,-172.7871,472.2080,0.164764,-0.701944,0.688730,0.076018,0.493975,-2.104488,2.064871,-0.385589,-0.190477,0.476621,0.415653,3.031057,-0.071879
97,1776232182905,6.416101,-394.6568,-173.4105,472.1874,0.165010,-0.701836,0.688808,0.075780,0.494783,-2.104461,2.065397,-0.385006,-0.191026,0.476599,0.415753,3.030918,-0.071983
98,1776232182916,6.427212,-394.6568,-173.4105,472.1874,0.165008,-0.701936,0.688700,0.075830,0.494762,-2.104699,2.065012,-0.385006,-0.191026,0.476599,0.415753,3.030918,-0.071983
99,1776232182927,6.438323,-394.1625,-174.0279,472.1606,0.165008,-0.701724,0.688920,0.075799,0.494772,-2.104103,2.065709,-0.384430,-0.191570,0.476571,0.415723,3.030845,-0.071933
100,1776232182938,6.449434,-393.6308,-174.6514,472.1720,0.165101,-0.701835,0.688780,0.075839,0.495040,-2.104385,2.065240,-0.383816,-0.192115,0.476581,0.415757,3.030804,-0.072094
101,1776232182949,6.460545,-393.1141,-175.2740,472.1493,0.165224,-0.701791,0.688812,0.075686,0.495454,-2.104445,2.065525,-0.383217,-0.192661,0.476557,0.415678,3.030713,-0.072222
102,1776232182960,6.471656,-392.8703,-175.5711,472.1340,0.165126,-0.701818,0.688792,0.075832,0.495118,-2.104343,2.065286,-0.382934,-0.192922,0.476541,0.415770,3.030652,-0.072158
103,1776232182971,6.482775,-392.3488,-176.1963,472.1173,0.165394,-0.701768,0.688817,0.075487,0.496023,-2.104623,2.065784,-0.382330,-0.193470,0.476523,0.415727,3.030590,-0.072245
104,1776232182982,6.493886,-392.1037,-176.4764,472.0979,0.165210,-0.701805,0.688804,0.075661,0.495418,-2.104519,2.065530,-0.382048,-0.193714,0.476503,0.415657,3.030456,-0.072354
105,1776232182993,6.504998,-391.8559,-176.7882,472.0696,0.165114,-0.701871,0.688747,0.075776,0.495096,-2.104572,2.065218,-0.381759,-0.193989,0.476474,0.415727,3.030321,-0.072277
106,1776232183005,6.516109,-391.3293,-177.4070,472.0549,0.165193,-0.701877,0.688725,0.075743,0.495344,-2.104631,2.065194,-0.381151,-0.194530,0.476458,0.415498,3.030234,-0.072326
107,1776232183016,6.527220,-391.0498,-177.7151,472.0866,0.165141,-0.701822,0.688788,0.075796,0.495172,-2.104400,2.065318,-0.380831,-0.194797,0.476489,0.415506,3.030288,-0.072307
108,1776232183027,6.538331,-390.7937,-178.0179,472.0843,0.165023,-0.701859,0.688767,0.075904,0.494786,-2.104376,2.065120,-0.380535,-0.195062,0.476486,0.415597,3.030251,-0.072197
109,1776232183038,6.549442,-390.2480,-178.6080,472.0876,0.165057,-0.701825,0.688797,0.075879,0.494895,-2.104304,2.065242,-0.379912,-0.195572,0.476488,0.415578,3.030233,-0.072360
110,1776232183049,6.560553,-389.9682,-178.9070,472.1053,0.165247,-0.701850,0.688745,0.075706,0.495516,-2.104596,2.065299,-0.379593,-0.195830,0.476505,0.415582,3.030265,-0.072291
111,1776232183060,6.571664,-389.4170,-179.4857,472.1227,0.165266,-0.701797,0.688805,0.075605,0.495602,-2.104563,2.065604,-0.378966,-0.196328,0.476521,0.415545,3.030275,-0.072457
112,1776232183071,6.582776,-389.1606,-179.7724,472.1153,0.165173,-0.701824,0.688769,0.075884,0.495241,-2.104296,2.065152,-0.378672,-0.196577,0.476513,0.415567,3.030247,-0.072414
113,1776232183082,6.593887,-388.8857,-180.0849,472.1160,0.165424,-0.701778,0.688786,0.075609,0.496075,-2.104501,2.065543,-0.378356,-0.196849,0.476513,0.415556,3.030214,-0.072513
114,1776232183093,6.604998,-388.6051,-180.3780,472.1397,0.165128,-0.701827,0.688775,0.075903,0.495102,-2.104280,2.065145,-0.378037,-0.197101,0.476536,0.415619,3.030293,-0.072477
115,1776232183105,6.616110,-388.0407,-180.9706,472.1581,0.165143,-0.701720,0.688889,0.075822,0.495171,-2.104061,2.065588,-0.377395,-0.197611,0.476553,0.415581,3.030353,-0.072551
116,1776232183116,6.627221,-387.4887,-181.5504,472.1885,0.165123,-0.701716,0.688896,0.075843,0.495105,-2.104022,2.065582,-0.376767,-0.198110,0.476582,0.415562,3.030517,-0.072541
117,1776232183127,6.638332,-387.2243,-181.8594,472.1651,0.165055,-0.701696,0.688912,0.076033,0.494843,-2.103724,2.065397,-0.376462,-0.198380,0.476558,0.415476,3.030497,-0.072551
118,1776232183138,6.649444,-386.9365,-182.1373,472.1778,0.165252,-0.701832,0.688744,0.075870,0.495482,-2.104336,2.065093,-0.376138,-0.198616,0.476570,0.415487,3.030570,-0.072614
119,1776232183149,6.660555,-386.4287,-182.7393,472.0961,0.165321,-0.701938,0.688627,0.075800,0.495710,-2.104743,2.064829,-0.375551,-0.199143,0.476487,0.415492,3.030338,-0.072267
120,1776232183160,6.671666,-386.1899,-183.0155,472.0387,0.165329,-0.701862,0.688725,0.075591,0.495797,-2.104776,2.065380,-0.375276,-0.199384,0.476429,0.415490,3.030195,-0.072270
121,1776232183171,6.682777,-385.6619,-183.5810,471.9880,0.165394,-0.701940,0.688627,0.075620,0.495982,-2.104972,2.065050,-0.374674,-0.199872,0.476377,0.415507,3.030057,-0.072112
122,1776232183182,6.693889,-385.6619,-183.5810,471.9880,0.165347,-0.701948,0.688621,0.075697,0.495819,-2.104902,2.064938,-0.374674,-0.199872,0.476377,0.415507,3.030057,-0.072112
123,1776232183193,6.705000,-385.1346,-184.1594,471.9253,0.165280,-0.701885,0.688691,0.075792,0.495590,-2.104594,2.065033,-0.374071,-0.200373,0.476313,0.415448,3.029921,-0.071889
124,1776232183205,6.716111,-384.5457,-184.7361,471.9518,0.165251,-0.701930,0.688654,0.075784,0.495506,-2.104738,2.064930,-0.373407,-0.200864,0.476338,0.415463,3.030007,-0.071848
125,1776232183216,6.727222,-384.2687,-185.0267,471.9394,0.165321,-0.701975,0.688593,0.075762,0.495721,-2.104900,2.064776,-0.373092,-0.201114,0.476325,0.415391,3.029984,-0.071783
126,1776232183227,6.738333,-383.9741,-185.3065,471.9481,0.165301,-0.701908,0.688668,0.075750,0.495666,-2.104714,2.065014,-0.372761,-0.201351,0.476333,0.415377,3.030008,-0.071713
127,1776232183238,6.749445,-383.6781,-185.5905,471.9618,0.165278,-0.702036,0.688544,0.075736,0.495599,-2.105116,2.064660,-0.372428,-0.201592,0.476346,0.415369,3.030008,-0.071843
128,1776232183249,6.760556,-383.3818,-185.8867,471.9745,0.165310,-0.701975,0.688600,0.075725,0.495699,-2.104948,2.064841,-0.372093,-0.201845,0.476358,0.415320,3.030073,-0.071775
129,1776232183260,6.771667,-382.5016,-186.7297,471.9856,0.165370,-0.701990,0.688577,0.075662,0.495899,-2.105071,2.064850,-0.371103,-0.202560,0.476367,0.415300,3.030033,-0.071826
130,1776232183271,6.782779,-382.2058,-186.9996,472.0073,0.165454,-0.702006,0.688537,0.075692,0.496141,-2.105082,2.064693,-0.370772,-0.202787,0.476388,0.415237,3.030119,-0.071839
131,1776232183282,6.793890,-381.9062,-187.2578,472.0310,0.165492,-0.701829,0.688721,0.075578,0.496288,-2.104693,2.065383,-0.370439,-0.203002,0.476411,0.415248,3.030144,-0.071977
132,1776232183294,6.805001,-381.3102,-187.8254,472.0544,0.165496,-0.701975,0.688573,0.075557,0.496308,-2.105158,2.064967,-0.369769,-0.203483,0.476433,0.415187,3.030207,-0.071921
133,1776232183305,6.816112,-381.0087,-188.0839,472.0831,0.165379,-0.701870,0.688706,0.075581,0.495948,-2.104813,2.065337,-0.369434,-0.203698,0.476461,0.415184,3.030268,-0.072121
134,1776232183316,6.827224,-380.4360,-188.6241,472.0865,0.165374,-0.701976,0.688588,0.075686,0.495905,-2.104999,2.064852,-0.368791,-0.204155,0.476463,0.415194,3.030310,-0.072066
135,1776232183327,6.838335,-380.1372,-188.9095,472.0792,0.165342,-0.701905,0.688666,0.075697,0.495805,-2.104774,2.065075,-0.368455,-0.204397,0.476455,0.415034,3.030317,-0.072037
136,1776232183338,6.849446,-379.8464,-189.1514,472.0928,0.165285,-0.702011,0.688568,0.075737,0.495620,-2.105039,2.064732,-0.368133,-0.204597,0.476468,0.415171,3.030329,-0.072117
137,1776232183349,6.860557,-379.2557,-189.6789,472.0862,0.165135,-0.702110,0.688496,0.075808,0.495149,-2.105247,2.064426,-0.367474,-0.205039,0.476460,0.415236,3.030360,-0.072079
138,1776232183360,6.871668,-378.9523,-189.9387,472.0789,0.165239,-0.702066,0.688524,0.075724,0.495488,-2.105222,2.064615,-0.367137,-0.205255,0.476452,0.415241,3.030365,-0.072063
139,1776232183371,6.882780,-378.3743,-190.4574,472.0432,0.165216,-0.702141,0.688454,0.075718,0.495419,-2.105453,2.064411,-0.366492,-0.205690,0.476415,0.415331,3.030271,-0.071867
140,1776232183382,6.893891,-378.0837,-190.7154,472.0149,0.165304,-0.702143,0.688434,0.075691,0.495690,-2.105493,2.064385,-0.366168,-0.205906,0.476386,0.415277,3.030203,-0.071821
141,1776232183394,6.905002,-377.7803,-190.9540,472.0155,0.165227,-0.702116,0.688472,0.075754,0.495442,-2.105336,2.064423,-0.365834,-0.206101,0.476386,0.415249,3.030210,-0.071872
142,1776232183405,6.916113,-377.1705,-191.4528,472.0149,0.165241,-0.702162,0.688423,0.075753,0.495484,-2.105473,2.064276,-0.365160,-0.206512,0.476384,0.415403,3.030229,-0.071799
143,1776232183416,6.927225,-376.8524,-191.7166,472.0156,0.165320,-0.702157,0.688420,0.075654,0.495751,-2.105581,2.064387,-0.364808,-0.206730,0.476384,0.415337,3.030223,-0.071850
144,1776232183427,6.938336,-376.5668,-191.9749,471.9783,0.165218,-0.702282,0.688302,0.075780,0.495408,-2.105799,2.063880,-0.364489,-0.206947,0.476346,0.415314,3.030128,-0.071706
145,1776232183438,6.949447,-375.9478,-192.4800,471.9586,0.165282,-0.702281,0.688294,0.075729,0.495614,-2.105861,2.063917,-0.363805,-0.207363,0.476325,0.415287,3.030161,-0.071635
146,1776232183449,6.960559,-375.6515,-192.7408,471.9313,0.165414,-0.702389,0.688165,0.075608,0.496045,-2.106337,2.063680,-0.363475,-0.207581,0.476297,0.415304,3.030104,-0.071516
147,1776232183460,6.971670,-375.3528,-192.9919,471.9050,0.165326,-0.702374,0.688199,0.075630,0.495775,-2.106264,2.063756,-0.363144,-0.207789,0.476270,0.415308,3.030072,-0.071536
148,1776232183471,6.982781,-374.7549,-193.5112,471.8623,0.165352,-0.702394,0.688172,0.075637,0.495853,-2.106314,2.063664,-0.362479,-0.208222,0.476226,0.415331,3.030057,-0.071368
149,1776232183482,6.993892,-374.4405,-193.7573,471.8740,0.165263,-0.702366,0.688218,0.075668,0.495576,-2.106192,2.063766,-0.362133,-0.208423,0.476237,0.415427,3.030056,-0.071374
150,1776232183494,7.005003,-373.8293,-194.2744,471.8574,0.165324,-0.702447,0.688122,0.075659,0.495762,-2.106445,2.063488,-0.361455,-0.208852,0.476219,0.415292,3.030097,-0.071358
151,1776232183505,7.016114,-373.5244,-194.5233,471.8720,0.165228,-0.702352,0.688235,0.075725,0.495452,-2.106078,2.063745,-0.361118,-0.209057,0.476233,0.415335,3.030162,-0.071309
152,1776232183516,7.027225,-372.8825,-195.0223,471.9044,0.165240,-0.702361,0.688221,0.075743,0.495483,-2.106081,2.063683,-0.360412,-0.209464,0.476264,0.415241,3.030221,-0.071391
153,1776232183527,7.038337,-372.5635,-195.2640,471.9141,0.165153,-0.702433,0.688159,0.075820,0.495202,-2.106203,2.063403,-0.360062,-0.209660,0.476273,0.415288,3.030286,-0.071464
154,1776232183538,7.049448,-372.2372,-195.5259,471.9248,0.165129,-0.702339,0.688248,0.075941,0.495095,-2.105770,2.063519,-0.359702,-0.209875,0.476283,0.415257,3.030333,-0.071414
155,1776232183549,7.060559,-371.5957,-196.0209,471.9262,0.165145,-0.702280,0.688314,0.075854,0.495166,-2.105700,2.063827,-0.358997,-0.210278,0.476283,0.415216,3.030383,-0.071455
156,1776232183560,7.071670,-371.2877,-196.2621,471.9199,0.165265,-0.702272,0.688296,0.075833,0.495532,-2.105702,2.063795,-0.358658,-0.210475,0.476276,0.415185,3.030410,-0.071439
157,1776232183571,7.082782,-370.6298,-196.7624,471.9013,0.165313,-0.702295,0.688264,0.075806,0.495685,-2.105804,2.063735,-0.357936,-0.210881,0.476256,0.415017,3.030423,-0.071566
158,1776232183582,7.093893,-370.3207,-197.0037,471.8719,0.165362,-0.702394,0.688152,0.075790,0.495837,-2.106123,2.063418,-0.357596,-0.211078,0.476226,0.415053,3.030369,-0.071475
159,1776232183594,7.105004,-370.0061,-197.2559,471.8636,0.165308,-0.702427,0.688129,0.075820,0.495667,-2.106184,2.063311,-0.357249,-0.211285,0.476217,0.414982,3.030357,-0.071385
160,1776232183605,7.116115,-369.3881,-197.7325,471.8259,0.165340,-0.702349,0.688200,0.075827,0.495758,-2.105942,2.063515,-0.356570,-0.211673,0.476178,0.414934,3.030279,-0.071420
161,1776232183616,7.127227,-369.0655,-197.9706,471.8166,0.165399,-0.702382,0.688155,0.075800,0.495944,-2.106074,2.063416,-0.356217,-0.211865,0.476168,0.414885,3.030324,-0.071397
162,1776232183627,7.138338,-368.4479,-198.4572,471.7719,0.165357,-0.702308,0.688232,0.075882,0.495793,-2.105749,2.063545,-0.355537,-0.212263,0.476122,0.414741,3.030177,-0.071355
163,1776232183638,7.149449,-368.1347,-198.6981,471.7486,0.165320,-0.702467,0.688068,0.075971,0.495658,-2.106113,2.062944,-0.355193,-0.212459,0.476098,0.414703,3.030123,-0.071220
164,1776232183649,7.160560,-367.8073,-198.9520,471.7473,0.165353,-0.702446,0.688080,0.075985,0.495752,-2.106035,2.062964,-0.354833,-0.212666,0.476096,0.414705,3.030138,-0.071130
165,1776232183660,7.171671,-367.1638,-199.4331,471.7316,0.165280,-0.702529,0.688002,0.076086,0.495504,-2.106156,2.062606,-0.354128,-0.213055,0.476079,0.414530,3.030048,-0.071168
166,1776232183671,7.182783,-366.8237,-199.6685,471.7603,0.165411,-0.702483,0.688026,0.076009,0.495918,-2.106114,2.062773,-0.353758,-0.213242,0.476107,0.414538,3.030167,-0.071100
167,1776232183682,7.193894,-366.4802,-199.9075,471.7840,0.165232,-0.702480,0.688066,0.076056,0.495368,-2.106048,2.062834,-0.353384,-0.213432,0.476130,0.414528,3.030227,-0.071128
168,1776232183694,7.205005,-365.7891,-200.3638,471.8524,0.165217,-0.702396,0.688165,0.075973,0.495348,-2.105901,2.063232,-0.352635,-0.213790,0.476197,0.414672,3.030314,-0.071173
169,1776232183705,7.216116,-365.4453,-200.5937,471.8701,0.165302,-0.702448,0.688098,0.075922,0.495618,-2.106118,2.063093,-0.352262,-0.213971,0.476214,0.414698,3.030348,-0.071226
170,1776232183716,7.227228,-364.7709,-201.0466,471.9265,0.165419,-0.702305,0.688239,0.075704,0.496032,-2.105963,2.063784,-0.351530,-0.214328,0.476269,0.414678,3.030376,-0.071403
171,1776232183727,7.238339,-364.4449,-201.2821,471.9192,0.165390,-0.702483,0.688053,0.075808,0.495915,-2.106366,2.063099,-0.351174,-0.214517,0.476261,0.414642,3.030365,-0.071299
172,1776232183738,7.249450,-364.1089,-201.5029,471.9398,0.165621,-0.702431,0.688075,0.075587,0.496673,-2.106487,2.063437,-0.350810,-0.214690,0.476281,0.414634,3.030360,-0.071446
173,1776232183749,7.260561,-363.4471,-201.9753,471.9432,0.165293,-0.702511,0.688026,0.076008,0.495566,-2.106200,2.062774,-0.350088,-0.215068,0.476283,0.414533,3.030411,-0.071350
174,1776232183760,7.271673,-363.1480,-202.1870,471.9228,0.165470,-0.702466,0.688072,0.075621,0.496210,-2.106551,2.063384,-0.349762,-0.215237,0.476262,0.414698,3.030257,-0.071459
175,1776232183771,7.282784,-362.5353,-202.6365,471.8660,0.165532,-0.702640,0.687876,0.075651,0.496386,-2.107036,2.062760,-0.349092,-0.215599,0.476204,0.414714,3.030061,-0.071334
176,1776232183782,7.293895,-362.2360,-202.8764,471.8197,0.165547,-0.702572,0.687946,0.075615,0.496442,-2.106874,2.063015,-0.348762,-0.215796,0.476157,0.414582,3.029927,-0.071234
177,1776232183794,7.305006,-361.9258,-203.1027,471.7973,0.165501,-0.702637,0.687895,0.075577,0.496317,-2.107117,2.062908,-0.348423,-0.215978,0.476134,0.414601,3.029864,-0.071217
178,1776232183805,7.316118,-361.2735,-203.5496,471.7886,0.165664,-0.702702,0.687800,0.075472,0.496834,-2.107444,2.062753,-0.347714,-0.216332,0.476124,0.414640,3.029728,-0.071175
179,1776232183816,7.327229,-360.9521,-203.7532,471.7882,0.165488,-0.702628,0.687906,0.075588,0.496274,-2.107076,2.062928,-0.347367,-0.216490,0.476123,0.414698,3.029700,-0.071132
180,1776232183827,7.338340,-360.6058,-203.9874,471.7829,0.165744,-0.702654,0.687852,0.075271,0.497136,-2.107552,2.063155,-0.346991,-0.216675,0.476117,0.414665,3.029746,-0.071049
181,1776232183838,7.349451,-359.9377,-204.4001,471.7872,0.165826,-0.702676,0.687818,0.075197,0.497405,-2.107710,2.063145,-0.346271,-0.216993,0.476120,0.414750,3.029678,-0.071192
182,1776232183849,7.360563,-359.5969,-204.6377,471.7599,0.165889,-0.702682,0.687803,0.075144,0.497609,-2.107794,2.063163,-0.345900,-0.217182,0.476092,0.414693,3.029599,-0.071093
183,1776232183860,7.371674,-358.9525,-205.0693,471.7161,0.165746,-0.702627,0.687876,0.075299,0.497133,-2.107437,2.063194,-0.345201,-0.217522,0.476047,0.414676,3.029516,-0.070971
184,1776232183871,7.382785,-358.5915,-205.2914,471.7388,0.165711,-0.702767,0.687741,0.075310,0.497026,-2.107841,2.062774,-0.344812,-0.217693,0.476069,0.414686,3.029594,-0.071017
185,1776232183882,7.393896,-358.2514,-205.5046,471.7475,0.165764,-0.702649,0.687847,0.075318,0.497182,-2.107478,2.063084,-0.344445,-0.217858,0.476077,0.414675,3.029665,-0.071022
186,1776232183894,7.405008,-357.5450,-205.9376,471.7968,0.165718,-0.702604,0.687897,0.075385,0.497023,-2.107261,2.063150,-0.343684,-0.218191,0.476125,0.414661,3.029852,-0.071163
187,1776232183905,7.416119,-357.2167,-206.1341,471.7945,0.165596,-0.702694,0.687826,0.075463,0.496634,-2.107433,2.062840,-0.343331,-0.218341,0.476122,0.414754,3.029818,-0.071160
188,1776232183916,7.427230,-356.5116,-206.5770,471.8328,0.165718,-0.702549,0.687954,0.075379,0.497024,-2.107101,2.063329,-0.342570,-0.218684,0.476159,0.414683,3.030029,-0.071213
189,1776232183927,7.438341,-356.1651,-206.8022,471.8315,0.165808,-0.702510,0.687987,0.075243,0.497336,-2.107157,2.063593,-0.342195,-0.218860,0.476157,0.414637,3.030058,-0.071302
190,1776232183938,7.449453,-355.8081,-207.0247,471.8261,0.165736,-0.702472,0.688037,0.075296,0.497103,-2.106977,2.063679,-0.341810,-0.219032,0.476151,0.414605,3.030060,-0.071309
191,1776232183949,7.460564,-355.1262,-207.4463,471.8244,0.165754,-0.702580,0.687917,0.075352,0.497140,-2.107228,2.063251,-0.341075,-0.219357,0.476148,0.414578,3.030162,-0.071208
192,1776232183960,7.471675,-354.7756,-207.6488,471.8231,0.165756,-0.702520,0.687974,0.075379,0.497140,-2.107015,2.063388,-0.340699,-0.219510,0.476146,0.414528,3.030185,-0.071178
193,1776232183971,7.482786,-354.0824,-208.0770,471.7804,0.165997,-0.702514,0.687939,0.075232,0.497906,-2.107180,2.063462,-0.339952,-0.219840,0.476102,0.414424,3.030109,-0.071176
194,1776232183982,7.493897,-353.7277,-208.2720,471.7790,0.165877,-0.702481,0.687983,0.075404,0.497494,-2.106865,2.063384,-0.339573,-0.219985,0.476100,0.414396,3.030139,-0.071236
195,1776232183994,7.505009,-353.3727,-208.4730,471.7707,0.165824,-0.702398,0.688079,0.075407,0.497336,-2.106615,2.063669,-0.339193,-0.220136,0.476091,0.414290,3.030114,-0.071287
196,1776232184005,7.516120,-352.6716,-208.8578,471.7609,0.165731,-0.702474,0.688027,0.075382,0.497065,-2.106874,2.063542,-0.338444,-0.220422,0.476080,0.414390,3.030103,-0.071300
197,1776232184016,7.527231,-352.3342,-209.0474,471.7435,0.165881,-0.702482,0.687992,0.075295,0.497539,-2.107006,2.063546,-0.338083,-0.220564,0.476062,0.414430,3.030049,-0.071339
198,1776232184027,7.538343,-351.6631,-209.4241,471.7068,0.165723,-0.702576,0.687921,0.075419,0.497028,-2.107132,2.063180,-0.337365,-0.220846,0.476024,0.414545,3.029956,-0.071312
199,1776232184038,7.549454,-351.3502,-209.5871,471.6773,0.165806,-0.702551,0.687947,0.075232,0.497333,-2.107291,2.063489,-0.337032,-0.220965,0.475994,0.414691,3.029799,-0.071369
200,1776232184049,7.560565,-350.9834,-209.7827,471.7030,0.165780,-0.702697,0.687792,0.075346,0.497222,-2.107587,2.062881,-0.336641,-0.221109,0.476019,0.414717,3.029914,-0.071354
201,1776232184060,7.571676,-350.2801,-210.1658,471.7062,0.165762,-0.702585,0.687915,0.075306,0.497180,-2.107301,2.063300,-0.335890,-0.221393,0.476021,0.414799,3.029881,-0.071428
202,1776232184071,7.582788,-349.9078,-210.3429,471.7399,0.165596,-0.702586,0.687941,0.075420,0.496648,-2.107162,2.063240,-0.335496,-0.221518,0.476054,0.414864,3.029968,-0.071482
203,1776232184082,7.593899,-349.5431,-210.5312,471.7705,0.165589,-0.702617,0.687912,0.075407,0.496630,-2.107273,2.063169,-0.335108,-0.221655,0.476084,0.414963,3.030026,-0.071510
204,1776232184094,7.605010,-348.7873,-210.9053,471.8459,0.165604,-0.702488,0.688045,0.075363,0.496688,-2.106939,2.063622,-0.334306,-0.221923,0.476158,0.414915,3.030235,-0.071772
205,1776232184105,7.616121,-348.4344,-211.0990,471.8365,0.165573,-0.702610,0.687928,0.075372,0.496592,-2.107292,2.063258,-0.333929,-0.222067,0.476148,0.414915,3.030198,-0.071658
206,1776232184116,7.627232,-347.7024,-211.4566,471.8638,0.165550,-0.702592,0.687955,0.075339,0.496535,-2.107280,2.063380,-0.333153,-0.222322,0.476174,0.415037,3.030281,-0.071713
207,1776232184127,7.638343,-347.3482,-211.6414,471.8514,0.165581,-0.702562,0.687985,0.075271,0.496646,-2.107276,2.063555,-0.332776,-0.222457,0.476161,0.415059,3.030244,-0.071704
208,1776232184138,7.649455,-346.9893,-211.8208,471.8330,0.165615,-0.702555,0.687985,0.075263,0.496751,-2.107265,2.063564,-0.332395,-0.222586,0.476142,0.415094,3.030185,-0.071599
209,1776232184149,7.660566,-346.2797,-212.2107,471.7882,0.165643,-0.702569,0.687967,0.075237,0.496843,-2.107341,2.063542,-0.331637,-0.222876,0.476096,0.415040,3.030101,-0.071459
210,1776232184160,7.671677,-345.9360,-212.3911,471.7588,0.165613,-0.702625,0.687913,0.075274,0.496742,-2.107461,2.063335,-0.331271,-0.223008,0.476066,0.415076,3.030031,-0.071425
211,1776232184171,7.682788,-345.2039,-212.7629,471.7381,0.165596,-0.702670,0.687866,0.075324,0.496675,-2.107533,2.063132,-0.330493,-0.223277,0.476044,0.415101,3.030043,-0.071331
212,1776232184182,7.693900,-345.2039,-212.7629,471.7381,0.165685,-0.702622,0.687896,0.075299,0.496951,-2.107420,2.063254,-0.330493,-0.223277,0.476044,0.415101,3.030043,-0.071331
213,1776232184194,7.705011,-344.5075,-213.0955,471.6733,0.165746,-0.702645,0.687871,0.075187,0.497165,-2.107630,2.063314,-0.329756,-0.223512,0.475978,0.415246,3.029845,-0.071250
214,1776232184205,7.716122,-343.7855,-213.4527,471.6425,0.165654,-0.702748,0.687785,0.075204,0.496885,-2.107918,2.063036,-0.328990,-0.223768,0.475946,0.415089,3.029862,-0.071195
215,1776232184216,7.727233,-343.3975,-213.6250,471.6641,0.165774,-0.702676,0.687832,0.075179,0.497251,-2.107734,2.063209,-0.328581,-0.223886,0.475967,0.415116,3.029942,-0.071243
216,1776232184227,7.738345,-342.6424,-213.9686,471.7074,0.165645,-0.702523,0.688006,0.075301,0.496830,-2.107122,2.063580,-0.327784,-0.224124,0.476009,0.415061,3.030122,-0.071330
217,1776232184238,7.749456,-342.2837,-214.1348,471.6970,0.165603,-0.702742,0.687791,0.075324,0.496698,-2.107749,2.062905,-0.327405,-0.224240,0.475998,0.415135,3.030092,-0.071253
218,1776232184249,7.760567,-341.9074,-214.3044,471.7226,0.165569,-0.702626,0.687912,0.075368,0.496583,-2.107347,2.063218,-0.327008,-0.224357,0.476023,0.415090,3.030218,-0.071254
219,1776232184260,7.771679,-341.1651,-214.6160,471.7728,0.165535,-0.702518,0.688038,0.075300,0.496501,-2.107110,2.063677,-0.326228,-0.224565,0.476072,0.415255,3.030365,-0.071461
220,1776232184271,7.782790,-340.7880,-214.7948,471.7805,0.165503,-0.702478,0.688089,0.075279,0.496411,-2.107013,2.063857,-0.325829,-0.224691,0.476079,0.415244,3.030421,-0.071507
221,1776232184282,7.793901,-340.4255,-214.9847,471.7861,0.165416,-0.702538,0.688033,0.075429,0.496105,-2.107005,2.063503,-0.325443,-0.224830,0.476084,0.415213,3.030489,-0.071455
222,1776232184294,7.805012,-339.7247,-215.3209,471.7412,0.165437,-0.702550,0.688013,0.075449,0.496163,-2.107018,2.063419,-0.324701,-0.225068,0.476038,0.415178,3.030451,-0.071286
223,1776232184305,7.816124,-339.3662,-215.4962,471.7128,0.165505,-0.702638,0.687915,0.075369,0.496388,-2.107382,2.063224,-0.324321,-0.225193,0.476009,0.415235,3.030426,-0.071228
224,1776232184316,7.827235,-338.6496,-215.8203,471.6850,0.165518,-0.702587,0.687963,0.075387,0.496423,-2.107205,2.063344,-0.323565,-0.225417,0.475980,0.415168,3.030407,-0.071242
225,1776232184327,7.838346,-338.2790,-215.9881,471.6636,0.165492,-0.702630,0.687915,0.075480,0.496318,-2.107218,2.063088,-0.323174,-0.225533,0.475958,0.415172,3.030445,-0.071153
226,1776232184338,7.849458,-337.9220,-216.1379,471.6491,0.165476,-0.702496,0.688050,0.075526,0.496257,-2.106759,2.063435,-0.322799,-0.225633,0.475943,0.415210,3.030438,-0.071078
227,1776232184349,7.860569,-337.1887,-216.4503,471.6123,0.165552,-0.702492,0.688038,0.075508,0.496490,-2.106769,2.063424,-0.322028,-0.225843,0.475905,0.415107,3.030403,-0.071079
228,1776232184360,7.871680,-336.8189,-216.6018,471.5969,0.165491,-0.702528,0.688010,0.075562,0.496290,-2.106810,2.063273,-0.321640,-0.225943,0.475889,0.415037,3.030390,-0.071094
229,1776232184371,7.882791,-336.0611,-216.9044,471.5981,0.165485,-0.702552,0.687991,0.075531,0.496280,-2.106919,2.063251,-0.320846,-0.226140,0.475889,0.415103,3.030513,-0.071011
230,1776232184382,7.893903,-335.6996,-217.0356,471.5746,0.165462,-0.702606,0.687935,0.075582,0.496196,-2.107018,2.063024,-0.320469,-0.226221,0.475865,0.415105,3.030459,-0.071044
231,1776232184394,7.905014,-335.3082,-217.1840,471.6123,0.165416,-0.702429,0.688122,0.075627,0.496047,-2.106430,2.063528,-0.320060,-0.226315,0.475902,0.415083,3.030601,-0.071212
232,1776232184405,7.916125,-334.5491,-217.4918,471.6134,0.165499,-0.702512,0.688017,0.075626,0.496297,-2.106682,2.063214,-0.319264,-0.226517,0.475902,0.414981,3.030665,-0.071131
233,1776232184416,7.927236,-334.1743,-217.6288,471.6370,0.165374,-0.702423,0.688121,0.075781,0.495874,-2.106221,2.063337,-0.318873,-0.226602,0.475925,0.415025,3.030762,-0.071146
234,1776232184427,7.938348,-333.7805,-217.7806,471.6796,0.165303,-0.702511,0.688037,0.075881,0.495633,-2.106360,2.062961,-0.318461,-0.226699,0.475967,0.415112,3.030906,-0.071259
235,1776232184438,7.949459,-333.0079,-218.0710,471.7148,0.165314,-0.702405,0.688157,0.075760,0.495702,-2.106192,2.063468,-0.317654,-0.226882,0.476001,0.415143,3.030956,-0.071408
236,1776232184449,7.960570,-332.6332,-218.2081,471.7514,0.165139,-0.702371,0.688220,0.075873,0.495143,-2.105951,2.063520,-0.317263,-0.226967,0.476037,0.415263,3.031090,-0.071439
237,1776232184460,7.971681,-332.6332,-218.2081,471.7514,0.165216,-0.702400,0.688181,0.075801,0.495396,-2.106125,2.063491,-0.317263,-0.226967,0.476037,0.415263,3.031090,-0.071439
238,1776232184471,7.982792,-331.8704,-218.4961,471.7796,0.165175,-0.702496,0.688090,0.075828,0.495264,-2.106379,2.063184,-0.316466,-0.227149,0.476064,0.415400,3.031162,-0.071384
239,1776232184482,7.993903,-331.1121,-218.7947,471.7757,0.165248,-0.702490,0.688074,0.075860,0.495473,-2.106322,2.063098,-0.315672,-0.227342,0.476059,0.415333,3.031167,-0.071299
240,1776232184494,8.005015,-330.3679,-219.1074,471.7459,0.165272,-0.702572,0.687985,0.075863,0.495546,-2.106563,2.062826,-0.314890,-0.227551,0.476028,0.415243,3.031124,-0.071124
241,1776232184505,8.016126,-330.0058,-219.2417,471.7304,0.165143,-0.702551,0.688027,0.075949,0.495132,-2.106394,2.062848,-0.314512,-0.227635,0.476012,0.415279,3.031090,-0.071050
242,1776232184516,8.027237,-329.6424,-219.3813,471.7039,0.165218,-0.702586,0.687997,0.075733,0.495421,-2.106770,2.063023,-0.314132,-0.227724,0.475985,0.415297,3.030985,-0.071015
243,1776232184527,8.038348,-328.9018,-219.6622,471.6750,0.165229,-0.702546,0.688042,0.075679,0.495469,-2.106716,2.063225,-0.313358,-0.227902,0.475955,0.415389,3.030915,-0.070920
244,1776232184538,8.049460,-328.5448,-219.7817,471.6416,0.165216,-0.702572,0.688009,0.075764,0.495407,-2.106687,2.063020,-0.312987,-0.227972,0.475921,0.415460,3.030819,-0.070820
245,1776232184549,8.060571,-327.7924,-220.0501,471.6257,0.165283,-0.702594,0.687973,0.075742,0.495613,-2.106784,2.062939,-0.312203,-0.228136,0.475904,0.415465,3.030751,-0.070829
246,1776232184560,8.071682,-327.4039,-220.1971,471.6272,0.165132,-0.702661,0.687922,0.075911,0.495112,-2.106772,2.062579,-0.311797,-0.228229,0.475905,0.415378,3.030779,-0.070814
247,1776232184571,8.082794,-326.6400,-220.4318,471.6733,0.165105,-0.702545,0.688046,0.075923,0.495027,-2.106407,2.062936,-0.311006,-0.228358,0.475950,0.415482,3.030894,-0.070834
248,1776232184582,8.093905,-326.2544,-220.5632,471.6869,0.165062,-0.702464,0.688141,0.075904,0.494902,-2.106189,2.063246,-0.310605,-0.228436,0.475963,0.415507,3.030962,-0.070888
249,1776232184594,8.105016,-325.8684,-220.6846,471.6985,0.165013,-0.702567,0.688051,0.075876,0.494766,-2.106533,2.063009,-0.310205,-0.228504,0.475974,0.415584,3.030952,-0.070880
250,1776232184605,8.116128,-325.0691,-220.9110,471.7856,0.164889,-0.702435,0.688203,0.075987,0.494359,-2.105998,2.063327,-0.309380,-0.228620,0.476060,0.415644,3.031254,-0.071082
251,1776232184616,8.127239,-324.7446,-221.0341,471.7341,0.165034,-0.702475,0.688134,0.075930,0.494811,-2.106189,2.063191,-0.309041,-0.228698,0.476008,0.415714,3.031148,-0.070972
252,1776232184627,8.138350,-323.9355,-221.3072,471.7853,0.165011,-0.702427,0.688181,0.075991,0.494724,-2.105970,2.063258,-0.308200,-0.228859,0.476058,0.415605,3.031401,-0.071021
253,1776232184638,8.149462,-323.5440,-221.4324,471.7708,0.164884,-0.702549,0.688071,0.076128,0.494304,-2.106166,2.062762,-0.307794,-0.228930,0.476043,0.415623,3.031340,-0.070983
254,1776232184649,8.160573,-323.1664,-221.5648,471.7464,0.164935,-0.702593,0.688032,0.075972,0.494501,-2.106492,2.062835,-0.307401,-0.229010,0.476018,0.415638,3.031259,-0.070822
255,1776232184660,8.171684,-322.8028,-221.6660,471.7369,0.164903,-0.702534,0.688098,0.075990,0.494401,-2.106291,2.063011,-0.307026,-0.229061,0.476008,0.415712,3.031238,-0.070750
256,1776232184671,8.182796,-322.0388,-221.8945,471.7050,0.164893,-0.702539,0.688082,0.076110,0.494335,-2.106158,2.062815,-0.306236,-0.229184,0.475975,0.415767,3.031157,-0.070616
257,1776232184682,8.193907,-321.6534,-222.0128,471.7035,0.164866,-0.702527,0.688103,0.076092,0.494261,-2.106142,2.062901,-0.305837,-0.229249,0.475973,0.415752,3.031126,-0.070689
258,1776232184694,8.205018,-320.8618,-222.2674,471.7006,0.165022,-0.702518,0.688084,0.076005,0.494754,-2.106225,2.062949,-0.305016,-0.229394,0.475969,0.415775,3.031121,-0.070566
259,1776232184705,8.216129,-320.4667,-222.3880,471.7161,0.164973,-0.702499,0.688112,0.076037,0.494597,-2.106127,2.062994,-0.304607,-0.229460,0.475984,0.415707,3.031167,-0.070514
260,1776232184716,8.227240,-319.7068,-222.6160,471.7092,0.164847,-0.702544,0.688095,0.076047,0.494216,-2.106251,2.062931,-0.303821,-0.229583,0.475976,0.415781,3.031107,-0.070419
261,1776232184727,8.238352,-319.3235,-222.7199,471.7097,0.164881,-0.702651,0.687979,0.076037,0.494321,-2.106584,2.062595,-0.303426,-0.229634,0.475976,0.415838,3.031095,-0.070393
262,1776232184738,8.249463,-318.9450,-222.8301,471.7272,0.164956,-0.702698,0.687907,0.076085,0.494533,-2.106665,2.062321,-0.303035,-0.229692,0.475993,0.415825,3.031141,-0.070390
263,1776232184749,8.260574,-318.1393,-223.0684,471.7683,0.165031,-0.702677,0.687901,0.076172,0.494732,-2.106493,2.062195,-0.302202,-0.229819,0.476033,0.415545,3.031272,-0.070416
264,1776232184760,8.271685,-317.7436,-223.1548,471.8169,0.164938,-0.702588,0.688007,0.076237,0.494435,-2.106144,2.062435,-0.301797,-0.229851,0.476081,0.415629,3.031397,-0.070499
265,1776232184771,8.282797,-316.9336,-223.3766,471.8710,0.164933,-0.702628,0.687970,0.076211,0.494425,-2.106297,2.062356,-0.300962,-0.229961,0.476134,0.415515,3.031526,-0.070602
266,1776232184782,8.293908,-316.5439,-223.4702,471.8785,0.164945,-0.702559,0.688044,0.076156,0.494478,-2.106157,2.062646,-0.300562,-0.230001,0.476141,0.415556,3.031532,-0.070615
267,1776232184794,8.305019,-316.1461,-223.5639,471.9060,0.164986,-0.702590,0.687997,0.076205,0.494588,-2.106191,2.062443,-0.300154,-0.230040,0.476168,0.415545,3.031629,-0.070664
268,1776232184805,8.316130,-315.3765,-223.7740,471.8491,0.165058,-0.702571,0.688009,0.076117,0.494830,-2.106243,2.062589,-0.299361,-0.230144,0.476110,0.415503,3.031429,-0.070482
269,1776232184816,8.327242,-314.9928,-223.8679,471.8356,0.164979,-0.702570,0.688016,0.076234,0.494556,-2.106094,2.062465,-0.298967,-0.230185,0.476096,0.415488,3.031413,-0.070534
270,1776232184827,8.338353,-314.2228,-224.0679,471.7896,0.164997,-0.702590,0.687994,0.076207,0.494620,-2.106189,2.062432,-0.298175,-0.230279,0.476049,0.415415,3.031328,-0.070371
271,1776232184838,8.349464,-313.8353,-224.1713,471.7631,0.164990,-0.702704,0.687881,0.076194,0.494602,-2.106547,2.062110,-0.297776,-0.230329,0.476022,0.415358,3.031276,-0.070279
272,1776232184849,8.360575,-313.4683,-224.2558,471.7156,0.165078,-0.702760,0.687819,0.076040,0.494913,-2.106906,2.062114,-0.297400,-0.230363,0.475974,0.415355,3.031134,-0.070262
273,1776232184860,8.371687,-312.6804,-224.4270,471.7107,0.165052,-0.702752,0.687837,0.076020,0.494838,-2.106906,2.062189,-0.296594,-0.230426,0.475968,0.415379,3.031085,-0.070252
274,1776232184871,8.382798,-312.3001,-224.5314,471.6872,0.165061,-0.702745,0.687840,0.076023,0.494866,-2.106884,2.062198,-0.296202,-0.230478,0.475944,0.415358,3.031019,-0.070148
275,1776232184882,8.393909,-311.9158,-224.5991,471.6737,0.165047,-0.702769,0.687822,0.076002,0.494829,-2.106982,2.062168,-0.295811,-0.230493,0.475930,0.415394,3.030896,-0.070240
276,1776232184894,8.405020,-311.1074,-224.7893,471.7007,0.164977,-0.702743,0.687856,0.076088,0.494594,-2.106794,2.062165,-0.294982,-0.230572,0.475956,0.415350,3.031006,-0.070235
277,1776232184905,8.416132,-310.7168,-224.8689,471.7292,0.165015,-0.702652,0.687936,0.076118,0.494698,-2.106486,2.062368,-0.294583,-0.230598,0.475984,0.415284,3.031049,-0.070342
278,1776232184916,8.427243,-309.8852,-225.0209,471.8193,0.164815,-0.702646,0.687978,0.076232,0.494066,-2.106323,2.062355,-0.293736,-0.230636,0.476073,0.415234,3.031305,-0.070652
279,1776232184927,8.438354,-309.4895,-225.1304,471.8238,0.164949,-0.702652,0.687947,0.076160,0.494490,-2.106434,2.062350,-0.293328,-0.230691,0.476077,0.415145,3.031303,-0.070619
280,1776232184938,8.449465,-309.1028,-225.2024,471.8393,0.164979,-0.702635,0.687964,0.076104,0.494594,-2.106450,2.062469,-0.292934,-0.230710,0.476092,0.415113,3.031273,-0.070750
281,1776232184949,8.460576,-308.3496,-225.3770,471.8103,0.164853,-0.702707,0.687904,0.076249,0.494175,-2.106487,2.062112,-0.292162,-0.230781,0.476062,0.415112,3.031152,-0.070649
282,1776232184960,8.471688,-307.9593,-225.4666,471.8128,0.164868,-0.702648,0.687971,0.076168,0.494244,-2.106410,2.062411,-0.291762,-0.230817,0.476064,0.415060,3.031149,-0.070647
283,1776232184971,8.482799,-307.1727,-225.6245,471.8248,0.165093,-0.702713,0.687867,0.076009,0.494964,-2.106804,2.062295,-0.290959,-0.230867,0.476075,0.415064,3.031073,-0.070739
284,1776232184982,8.493910,-306.7863,-225.7359,471.8003,0.165199,-0.702765,0.687784,0.076060,0.495267,-2.106896,2.061982,-0.290560,-0.230925,0.476050,0.414916,3.030991,-0.070648
285,1776232184994,8.505022,-306.3864,-225.7996,471.8198,0.165177,-0.702664,0.687896,0.076014,0.495216,-2.106652,2.062377,-0.290154,-0.230934,0.476069,0.414940,3.030970,-0.070833
286,1776232185005,8.516133,-305.6090,-225.9673,471.7888,0.165136,-0.702781,0.687778,0.076092,0.495070,-2.106906,2.061926,-0.289359,-0.230995,0.476037,0.414848,3.030851,-0.070727
287,1776232185016,8.527244,-305.2160,-226.0371,471.7933,0.165170,-0.702763,0.687791,0.076079,0.495177,-2.106866,2.061980,-0.288959,-0.231011,0.476041,0.414923,3.030828,-0.070763
288,1776232185027,8.538355,-304.4450,-226.1707,471.7512,0.165298,-0.702781,0.687746,0.076037,0.495573,-2.106972,2.061898,-0.288175,-0.231039,0.475998,0.414850,3.030677,-0.070810
289,1776232185038,8.549466,-304.0650,-226.2478,471.7337,0.165434,-0.702851,0.687660,0.075869,0.496030,-2.107393,2.061845,-0.287787,-0.231064,0.475980,0.414922,3.030622,-0.070686
290,1776232185049,8.560578,-303.6642,-226.3197,471.7352,0.165366,-0.702799,0.687725,0.075900,0.495817,-2.107200,2.062003,-0.287379,-0.231081,0.475981,0.414870,3.030583,-0.070803
291,1776232185060,8.571689,-302.8832,-226.4375,471.7642,0.165189,-0.702896,0.687637,0.076192,0.495200,-2.107123,2.061382,-0.286587,-0.231092,0.476009,0.414787,3.030590,-0.070896
292,1776232185071,8.582801,-302.4723,-226.5017,471.7837,0.165166,-0.702697,0.687846,0.076195,0.495128,-2.106524,2.062003,-0.286170,-0.231100,0.476028,0.414703,3.030677,-0.070939
293,1776232185082,8.593912,-302.0593,-226.5581,471.8202,0.165271,-0.702599,0.687927,0.076136,0.495463,-2.106304,2.062318,-0.285752,-0.231100,0.476064,0.414656,3.030706,-0.071104
294,1776232185094,8.605023,-301.2186,-226.6800,471.9233,0.165146,-0.702549,0.687997,0.076239,0.495056,-2.106024,2.062404,-0.284900,-0.231107,0.476166,0.414603,3.030955,-0.071399
295,1776232185105,8.616135,-300.8207,-226.7435,471.9317,0.165216,-0.702585,0.687951,0.076173,0.495286,-2.106215,2.062345,-0.284496,-0.231116,0.476174,0.414605,3.030926,-0.071382
296,1776232185116,8.627246,-300.0003,-226.8445,471.9918,0.165266,-0.702549,0.687993,0.076012,0.495482,-2.106309,2.062670,-0.283667,-0.231105,0.476233,0.414602,3.031041,-0.071650
297,1776232185127,8.638357,-299.6106,-226.9098,471.9722,0.165178,-0.702549,0.688006,0.076085,0.495199,-2.106218,2.062618,-0.283271,-0.231117,0.476213,0.414584,3.031004,-0.071625
298,1776232185138,8.649468,-299.2295,-226.9719,471.9327,0.165334,-0.702570,0.687957,0.075996,0.495692,-2.106392,2.062580,-0.282884,-0.231127,0.476173,0.414581,3.030903,-0.071542
299,1776232185149,8.660580,-298.4576,-227.0914,471.8626,0.165334,-0.702769,0.687737,0.076150,0.495647,-2.106795,2.061731,-0.282101,-0.231141,0.476102,0.414522,3.030715,-0.071470
300,1776232185160,8.671691,-298.0588,-227.1630,471.8521,0.165395,-0.702746,0.687754,0.076073,0.495851,-2.106824,2.061877,-0.281695,-0.231158,0.476091,0.414541,3.030678,-0.071423
301,1776232185171,8.682802,-297.2634,-227.2575,471.8181,0.165323,-0.702713,0.687805,0.076073,0.495635,-2.106724,2.062030,-0.280892,-0.231144,0.476056,0.414561,3.030576,-0.071489
302,1776232185182,8.693914,-296.8797,-227.3149,471.8005,0.165311,-0.702741,0.687775,0.076110,0.495589,-2.106763,2.061895,-0.280503,-0.231149,0.476038,0.414596,3.030508,-0.071419
303,1776232185194,8.705025,-296.4848,-227.3638,471.7780,0.165248,-0.702749,0.687778,0.076149,0.495390,-2.106736,2.061857,-0.280104,-0.231144,0.476015,0.414541,3.030463,-0.071366
304,1776232185205,8.716136,-295.7131,-227.4328,471.7609,0.165478,-0.702847,0.687647,0.075926,0.496144,-2.107311,2.061738,-0.279328,-0.231108,0.475997,0.414636,3.030375,-0.071461
305,1776232185216,8.727247,-295.3250,-227.4797,471.7654,0.165491,-0.702752,0.687740,0.075935,0.496181,-2.107015,2.062005,-0.278936,-0.231102,0.476001,0.414600,3.030355,-0.071477
306,1776232185227,8.738358,-294.5149,-227.5682,471.8194,0.165533,-0.702727,0.687757,0.075924,0.496309,-2.106954,2.062068,-0.278119,-0.231080,0.476054,0.414648,3.030479,-0.071547
307,1776232185238,8.749469,-294.1142,-227.5967,471.8559,0.165440,-0.702699,0.687795,0.076040,0.495995,-2.106725,2.062040,-0.277717,-0.231054,0.476090,0.414695,3.030573,-0.071707
308,1776232185249,8.760581,-293.7150,-227.6290,471.8844,0.165415,-0.702620,0.687886,0.076008,0.495931,-2.106525,2.062351,-0.277316,-0.231032,0.476118,0.414665,3.030626,-0.071821
309,1776232185260,8.771692,-292.9220,-227.7111,471.9083,0.165442,-0.702647,0.687850,0.076016,0.496009,-2.106598,2.062236,-0.276517,-0.231006,0.476141,0.414619,3.030724,-0.071863
310,1776232185271,8.782803,-292.5336,-227.7560,471.9138,0.165448,-0.702661,0.687829,0.076064,0.496014,-2.106581,2.062112,-0.276125,-0.230998,0.476146,0.414604,3.030711,-0.071887
311,1776232185282,8.793915,-292.1348,-227.8065,471.9163,0.165560,-0.702760,0.687710,0.075980,0.496375,-2.106982,2.061859,-0.275722,-0.230994,0.476148,0.414570,3.030739,-0.071884
312,1776232185294,8.805026,-291.3470,-227.8827,471.8912,0.165543,-0.702722,0.687751,0.076005,0.496315,-2.106836,2.061952,-0.274929,-0.230963,0.476122,0.414661,3.030645,-0.071817
313,1776232185305,8.816137,-290.9430,-227.9248,471.8747,0.165544,-0.702790,0.687683,0.075990,0.496322,-2.107058,2.061766,-0.274522,-0.230950,0.476105,0.414698,3.030628,-0.071734
314,1776232185316,8.827249,-290.5630,-227.9575,471.8511,0.165470,-0.702810,0.687669,0.076092,0.496072,-2.106990,2.061599,-0.274140,-0.230931,0.476081,0.414730,3.030508,-0.071663
315,1776232185327,8.838360,-289.7790,-228.0473,471.7920,0.165545,-0.702862,0.687605,0.076029,0.496314,-2.107226,2.061484,-0.273349,-0.230914,0.476021,0.414582,3.030414,-0.071487
316,1776232185338,8.849474,-289.4022,-228.0826,471.7375,0.165580,-0.702896,0.687568,0.075968,0.496438,-2.107405,2.061449,-0.272970,-0.230898,0.475966,0.414666,3.030259,-0.071342
317,1776232185349,8.860585,-288.6036,-228.1381,471.7344,0.165470,-0.702913,0.687572,0.076019,0.496091,-2.107391,2.061397,-0.272169,-0.230845,0.475962,0.414743,3.030273,-0.071276
318,1776232185360,8.871697,-288.2091,-228.1677,471.7229,0.165671,-0.703017,0.687428,0.075914,0.496727,-2.107836,2.061093,-0.271773,-0.230821,0.475950,0.414761,3.030240,-0.071180
319,1776232185371,8.882808,-287.8059,-228.1925,471.7424,0.165474,-0.702819,0.687671,0.075977,0.496116,-2.107162,2.061748,-0.271369,-0.230791,0.475969,0.414840,3.030304,-0.071229
320,1776232185382,8.893919,-286.9879,-228.2377,471.7643,0.165541,-0.702975,0.687494,0.075991,0.496313,-2.107614,2.061198,-0.270550,-0.230725,0.475990,0.414830,3.030384,-0.071245
321,1776232185394,8.905030,-286.5932,-228.2431,471.7938,0.165410,-0.702867,0.687633,0.076015,0.495915,-2.107258,2.061588,-0.270157,-0.230677,0.476019,0.414982,3.030457,-0.071294
322,1776232185405,8.916142,-285.7648,-228.2786,471.8587,0.165435,-0.702715,0.687787,0.075970,0.496002,-2.106860,2.062104,-0.269329,-0.230600,0.476083,0.415087,3.030645,-0.071449
323,1776232185416,8.927253,-285.3525,-228.3026,471.8822,0.165453,-0.702700,0.687803,0.075928,0.496070,-2.106867,2.062202,-0.268916,-0.230568,0.476106,0.415111,3.030717,-0.071437
324,1776232185427,8.938364,-284.5765,-228.3470,471.8751,0.165411,-0.702849,0.687650,0.076023,0.495916,-2.107195,2.061628,-0.268139,-0.230507,0.476098,0.415129,3.030666,-0.071351
325,1776232185438,8.949476,-284.1950,-228.3769,471.8546,0.165417,-0.702885,0.687613,0.076015,0.495935,-2.107313,2.061524,-0.267756,-0.230485,0.476077,0.415127,3.030639,-0.071216
326,1776232185449,8.960587,-283.8021,-228.3811,471.8520,0.165511,-0.702864,0.687624,0.075899,0.496251,-2.107397,2.061702,-0.267365,-0.230436,0.476074,0.415183,3.030596,-0.071209
327,1776232185460,8.971698,-283.0180,-228.4185,471.8099,0.165552,-0.703049,0.687427,0.075893,0.496376,-2.107956,2.061117,-0.266581,-0.230367,0.476031,0.415068,3.030406,-0.071127
328,1776232185471,8.982809,-282.5950,-228.4318,471.8204,0.165565,-0.702974,0.687498,0.075919,0.496406,-2.107699,2.061298,-0.266159,-0.230323,0.476041,0.415035,3.030415,-0.071180
329,1776232185482,8.993921,-282.1860,-228.4514,471.8279,0.165498,-0.703046,0.687434,0.075970,0.496190,-2.107851,2.061045,-0.265750,-0.230287,0.476048,0.415001,3.030422,-0.071207
330,1776232185494,9.005032,-281.3972,-228.4541,471.8059,0.165476,-0.702995,0.687497,0.075924,0.496138,-2.107754,2.061289,-0.264966,-0.230183,0.476025,0.415146,3.030347,-0.071055
331,1776232185505,9.016143,-280.9988,-228.4631,471.7903,0.165510,-0.703266,0.687214,0.075898,0.496248,-2.108603,2.060471,-0.264569,-0.230138,0.476009,0.415053,3.030284,-0.071013
332,1776232185516,9.027254,-280.2532,-228.4659,471.7362,0.165530,-0.703133,0.687350,0.075854,0.496322,-2.108258,2.060933,-0.263828,-0.230040,0.475954,0.415140,3.030145,-0.070840
333,1776232185527,9.038366,-279.8456,-228.4812,471.7357,0.165433,-0.703133,0.687371,0.075879,0.496022,-2.108225,2.060968,-0.263421,-0.230000,0.475953,0.415068,3.030143,-0.070835
334,1776232185538,9.049477,-279.8456,-228.4812,471.7357,0.165444,-0.703147,0.687356,0.075862,0.496060,-2.108291,2.060942,-0.263421,-0.230000,0.475953,0.415068,3.030143,-0.070835
335,1776232185549,9.060588,-278.6495,-228.4780,471.7731,0.165325,-0.703108,0.687410,0.075991,0.495666,-2.108011,2.060945,-0.262233,-0.229835,0.475989,0.415167,3.030165,-0.070849
336,1776232185560,9.071699,-278.2200,-228.4792,471.8206,0.165370,-0.703087,0.687418,0.076017,0.495792,-2.107916,2.060938,-0.261806,-0.229778,0.476036,0.415158,3.030293,-0.070961
337,1776232185571,9.082811,-277.8131,-228.4622,471.8611,0.165459,-0.703060,0.687435,0.075921,0.496088,-2.107954,2.061108,-0.261404,-0.229706,0.476076,0.415237,3.030387,-0.071033
338,1776232185582,9.093922,-276.9816,-228.4678,471.8980,0.165362,-0.703064,0.687447,0.075985,0.495778,-2.107887,2.061064,-0.260577,-0.229599,0.476112,0.415117,3.030443,-0.071092
339,1776232185594,9.105033,-276.5681,-228.4687,471.9145,0.165255,-0.703048,0.687478,0.076083,0.495429,-2.107715,2.061039,-0.260166,-0.229544,0.476128,0.415101,3.030493,-0.071062
340,1776232185605,9.116144,-275.7937,-228.4584,471.8734,0.165322,-0.703154,0.687359,0.076038,0.495645,-2.108089,2.060735,-0.259398,-0.229429,0.476086,0.415025,3.030384,-0.070948
341,1776232185616,9.127256,-275.4133,-228.4518,471.8398,0.165390,-0.703312,0.687180,0.076035,0.495848,-2.108569,2.060205,-0.259021,-0.229371,0.476052,0.415055,3.030234,-0.070770
342,1776232185627,9.138367,-274.6320,-228.4505,471.7947,0.165356,-0.703377,0.687117,0.076080,0.495732,-2.108707,2.059960,-0.258245,-0.229264,0.476006,0.415051,3.030124,-0.070591
343,1776232185638,9.149478,-274.2309,-228.4396,471.7802,0.165402,-0.703329,0.687158,0.076056,0.495878,-2.108593,2.060111,-0.257848,-0.229199,0.475991,0.415050,3.030071,-0.070593
344,1776232185649,9.160589,-273.8025,-228.4426,471.7997,0.165494,-0.703334,0.687139,0.075987,0.496173,-2.108694,2.060138,-0.257422,-0.229144,0.476010,0.415055,3.030137,-0.070578
345,1776232185660,9.171701,-273.3799,-228.4358,471.8062,0.165503,-0.703334,0.687133,0.076013,0.496195,-2.108661,2.060091,-0.257003,-0.229080,0.476016,0.414966,3.030149,-0.070592
346,1776232185671,9.182812,-272.5571,-228.4029,471.8262,0.165537,-0.703343,0.687117,0.076009,0.496296,-2.108692,2.060045,-0.256190,-0.228936,0.476035,0.414880,3.030146,-0.070695
347,1776232185682,9.193923,-272.1656,-228.3887,471.8116,0.165470,-0.703311,0.687161,0.076044,0.496086,-2.108553,2.060135,-0.255803,-0.228869,0.476020,0.414842,3.030072,-0.070697
348,1776232185694,9.205035,-271.3679,-228.3705,471.8065,0.165449,-0.703334,0.687135,0.076115,0.496001,-2.108532,2.059971,-0.255013,-0.228743,0.476014,0.414753,3.030061,-0.070656
349,1776232185705,9.216146,-270.9540,-228.3685,471.8260,0.165565,-0.703372,0.687066,0.076128,0.496345,-2.108632,2.059748,-0.254602,-0.228685,0.476033,0.414701,3.030112,-0.070603
350,1776232185716,9.227257,-270.1465,-228.3295,471.8550,0.165502,-0.703280,0.687168,0.076198,0.496137,-2.108269,2.059968,-0.253805,-0.228537,0.476061,0.414671,3.030172,-0.070713
351,1776232185727,9.238368,-269.7561,-228.2930,471.8594,0.165627,-0.703337,0.687099,0.076030,0.496562,-2.108648,2.059966,-0.253422,-0.228448,0.476065,0.414782,3.030164,-0.070693
352,1776232185738,9.249480,-269.7561,-228.2930,471.8594,0.165609,-0.703277,0.687169,0.075986,0.496520,-2.108525,2.060230,-0.253422,-0.228448,0.476065,0.414782,3.030164,-0.070693
353,1776232185749,9.260591,-268.5462,-228.1818,471.8869,0.165571,-0.703248,0.687199,0.076068,0.496381,-2.108335,2.060220,-0.252235,-0.228174,0.476091,0.414828,3.030257,-0.070791
354,1776232185760,9.271702,-268.1459,-228.1466,471.8754,0.165566,-0.703305,0.687138,0.076104,0.496355,-2.108460,2.059992,-0.251842,-0.228085,0.476079,0.414790,3.030183,-0.070776
355,1776232185771,9.282813,-267.3703,-228.0840,471.8403,0.165657,-0.703391,0.687031,0.076076,0.496635,-2.108753,2.059706,-0.251080,-0.227918,0.476043,0.414621,3.030085,-0.070574
356,1776232185782,9.293925,-266.9830,-228.0410,471.8247,0.165725,-0.703365,0.687043,0.076060,0.496845,-2.108697,2.059761,-0.250701,-0.227823,0.476027,0.414621,3.030047,-0.070539
357,1776232185794,9.305036,-266.6037,-227.9979,471.8042,0.165732,-0.703416,0.686992,0.076034,0.496874,-2.108882,2.059639,-0.250330,-0.227729,0.476006,0.414580,3.029952,-0.070421
358,1776232185805,9.316147,-265.8183,-227.9074,471.7922,0.165783,-0.703380,0.687029,0.075919,0.497062,-2.108915,2.059893,-0.249562,-0.227533,0.475993,0.414578,3.029899,-0.070330
359,1776232185816,9.327259,-265.4198,-227.8710,471.7826,0.165793,-0.703516,0.686878,0.076003,0.497067,-2.109218,2.059338,-0.249171,-0.227443,0.475983,0.414521,3.029832,-0.070213
360,1776232185827,9.338370,-264.6326,-227.7969,471.7746,0.165817,-0.703416,0.686977,0.075985,0.497143,-2.108943,2.059656,-0.248399,-0.227263,0.475974,0.414572,3.029746,-0.070065
361,1776232185838,9.349481,-264.2306,-227.7570,471.7881,0.165754,-0.703483,0.686919,0.076032,0.496940,-2.109083,2.059423,-0.248005,-0.227169,0.475987,0.414446,3.029751,-0.070103
362,1776232185849,9.360592,-263.8094,-227.7096,471.8206,0.165594,-0.703332,0.687097,0.076163,0.496421,-2.108466,2.059799,-0.247593,-0.227065,0.476019,0.414506,3.029847,-0.070098
363,1776232185860,9.371704,-262.9992,-227.6206,471.8776,0.165649,-0.703408,0.687011,0.076111,0.496603,-2.108761,2.059604,-0.246800,-0.226867,0.476075,0.414588,3.029960,-0.070180
364,1776232185871,9.382815,-262.6190,-227.5787,471.8670,0.165552,-0.703358,0.687076,0.076200,0.496286,-2.108499,2.059690,-0.246428,-0.226774,0.476064,0.414552,3.029957,-0.070111
365,1776232185882,9.393926,-262.2316,-227.5206,471.8975,0.165600,-0.703506,0.686924,0.076102,0.496458,-2.109065,2.059354,-0.246051,-0.226664,0.476094,0.414592,3.029987,-0.070176
366,1776232185894,9.405037,-261.4474,-227.4239,471.8975,0.165283,-0.703381,0.687102,0.076341,0.495438,-2.108391,2.059595,-0.245285,-0.226462,0.476093,0.414594,3.029985,-0.070161
367,1776232185905,9.416149,-261.0599,-227.4022,471.8819,0.165499,-0.703568,0.686877,0.076175,0.496135,-2.109159,2.059122,-0.244903,-0.226388,0.476077,0.414589,3.029910,-0.069968
368,1776232185916,9.427260,-260.2480,-227.3244,471.8489,0.165605,-0.703514,0.686907,0.076169,0.496453,-2.109006,2.059222,-0.244107,-0.226201,0.476043,0.414481,3.029893,-0.069917
369,1776232185927,9.438371,-259.8336,-227.2902,471.8434,0.165733,-0.703575,0.686822,0.076093,0.496859,-2.109285,2.059060,-0.243700,-0.226111,0.476037,0.414445,3.029908,-0.069861
370,1776232185938,9.449482,-259.4255,-227.2652,471.8289,0.165674,-0.703536,0.686864,0.076200,0.496652,-2.109033,2.059054,-0.243298,-0.226031,0.476022,0.414371,3.029888,-0.069826
371,1776232185949,9.460593,-258.6452,-227.1911,471.7798,0.165618,-0.703601,0.686805,0.076258,0.496466,-2.109154,2.058807,-0.242533,-0.225852,0.475972,0.414238,3.029775,-0.069675
372,1776232185960,9.471705,-258.2574,-227.1523,471.7533,0.165719,-0.703633,0.686770,0.076067,0.496824,-2.109488,2.058933,-0.242153,-0.225761,0.475945,0.414253,3.029695,-0.069529
373,1776232185971,9.482816,-257.4826,-227.0664,471.7152,0.165769,-0.703762,0.686614,0.076170,0.496946,-2.109747,2.058340,-0.241395,-0.225571,0.475906,0.414228,3.029551,-0.069382
374,1776232185982,9.493927,-257.4826,-227.0664,471.7152,0.165672,-0.703614,0.686782,0.076235,0.496634,-2.109221,2.058764,-0.241395,-0.225571,0.475906,0.414228,3.029551,-0.069382
375,1776232185994,9.505038,-256.6545,-226.9798,471.7542,0.165752,-0.703722,0.686647,0.076279,0.496861,-2.109489,2.058306,-0.240584,-0.225373,0.475944,0.414032,3.029637,-0.069364
376,1776232186005,9.516149,-255.8302,-226.8766,471.7982,0.165600,-0.703570,0.686828,0.076369,0.496380,-2.108924,2.058740,-0.239779,-0.225159,0.475987,0.413986,3.029755,-0.069421
377,1776232186016,9.527261,-255.4404,-226.8078,471.8307,0.165621,-0.703648,0.686742,0.076386,0.496438,-2.109135,2.058459,-0.239401,-0.225038,0.476019,0.413971,3.029790,-0.069468
378,1776232186027,9.538372,-255.0198,-226.7725,471.8491,0.165761,-0.703670,0.686702,0.076241,0.496898,-2.109383,2.058517,-0.238988,-0.224946,0.476037,0.413883,3.029862,-0.069463
379,1776232186038,9.549483,-254.2614,-226.6431,471.8461,0.165659,-0.703754,0.686640,0.076245,0.496592,-2.109631,2.058327,-0.238252,-0.224715,0.476033,0.413918,3.029800,-0.069403
380,1776232186049,9.560595,-253.8453,-226.5809,471.8766,0.165832,-0.703806,0.686551,0.076190,0.497127,-2.109856,2.058127,-0.237847,-0.224597,0.476063,0.413867,3.029859,-0.069466
381,1776232186060,9.571706,-253.0379,-226.4471,471.8946,0.165706,-0.703669,0.686711,0.076280,0.496724,-2.109331,2.058498,-0.237063,-0.224355,0.476080,0.413857,3.029968,-0.069552
382,1776232186071,9.582817,-252.6534,-226.3816,471.8731,0.165728,-0.703652,0.686716,0.076351,0.496767,-2.109192,2.058425,-0.236690,-0.224238,0.476058,0.413904,3.029807,-0.069422
383,1776232186082,9.593929,-252.2447,-226.3224,471.8636,0.165668,-0.703667,0.686707,0.076424,0.496568,-2.109145,2.058308,-0.236292,-0.224124,0.476048,0.413866,3.029781,-0.069375
384,1776232186094,9.605040,-251.4652,-226.2099,471.8256,0.165695,-0.703726,0.686649,0.076339,0.496671,-2.109427,2.058240,-0.235533,-0.223907,0.476009,0.413789,3.029713,-0.069201
385,1776232186105,9.616151,-251.0758,-226.1370,471.8141,0.165697,-0.703816,0.686558,0.076322,0.496683,-2.109720,2.057987,-0.235156,-0.223782,0.475997,0.413805,3.029662,-0.069140
386,1776232186116,9.627262,-250.3310,-226.0057,471.7410,0.165610,-0.703847,0.686556,0.076257,0.496444,-2.109892,2.058060,-0.234434,-0.223551,0.475923,0.413810,3.029404,-0.068852
387,1776232186127,9.638373,-249.9609,-225.9351,471.7125,0.165702,-0.703954,0.686426,0.076238,0.496725,-2.110237,2.057693,-0.234076,-0.223431,0.475894,0.413841,3.029302,-0.068740
388,1776232186138,9.649485,-249.5458,-225.8587,471.7300,0.165709,-0.703875,0.686507,0.076218,0.496752,-2.110026,2.057960,-0.233674,-0.223299,0.475911,0.413773,3.029378,-0.068781
389,1776232186149,9.660596,-248.7683,-225.6865,471.7290,0.165801,-0.703826,0.686542,0.076152,0.497047,-2.109961,2.058148,-0.232925,-0.223023,0.475909,0.413791,3.029335,-0.068775
390,1776232186160,9.671707,-248.3769,-225.5917,471.7386,0.165682,-0.703778,0.686615,0.076202,0.496674,-2.109755,2.058303,-0.232549,-0.222876,0.475918,0.413862,3.029275,-0.068784
391,1776232186171,9.682818,-247.5646,-225.4144,471.8176,0.165677,-0.703751,0.686632,0.076303,0.496629,-2.109550,2.058232,-0.231766,-0.222590,0.475996,0.413749,3.029526,-0.068983
392,1776232186182,9.693930,-247.5646,-225.4144,471.8176,0.165685,-0.703714,0.686681,0.076189,0.496688,-2.109579,2.058517,-0.231766,-0.222590,0.475996,0.413749,3.029526,-0.068983
393,1776232186194,9.705041,-246.7774,-225.2436,471.8537,0.165651,-0.703833,0.686565,0.076212,0.496579,-2.109906,2.058142,-0.231007,-0.222314,0.476031,0.413663,3.029620,-0.069064
394,1776232186205,9.716152,-246.0327,-225.0680,471.8527,0.165613,-0.703814,0.686600,0.076149,0.496483,-2.109928,2.058325,-0.230291,-0.222039,0.476029,0.413790,3.029592,-0.068999
395,1776232186216,9.727264,-245.6214,-224.9749,471.8842,0.165796,-0.703794,0.686575,0.076167,0.497026,-2.109847,2.058228,-0.229895,-0.221891,0.476060,0.413631,3.029686,-0.069080
396,1776232186227,9.738375,-244.8457,-224.7713,471.9013,0.165750,-0.703774,0.686619,0.076049,0.496923,-2.109936,2.058504,-0.229152,-0.221584,0.476076,0.413708,3.029723,-0.069153
397,1776232186238,9.749486,-244.4536,-224.6574,471.8918,0.165752,-0.703823,0.686549,0.076231,0.496875,-2.109853,2.058070,-0.228778,-0.221418,0.476066,0.413708,3.029698,-0.069135
398,1776232186249,9.760598,-244.0883,-224.5630,471.8563,0.165749,-0.703847,0.686546,0.076037,0.496925,-2.110169,2.058300,-0.228428,-0.221275,0.476030,0.413647,3.029571,-0.069065
399,1776232186260,9.771709,-243.3437,-224.3520,471.8334,0.165802,-0.703756,0.686613,0.076159,0.497047,-2.109742,2.058352,-0.227717,-0.220965,0.476006,0.413627,3.029537,-0.068997
400,1776232186271,9.782821,-242.9541,-224.2711,471.8229,0.165938,-0.703777,0.686556,0.076188,0.497445,-2.109769,2.058144,-0.227341,-0.220832,0.475995,0.413608,3.029528,-0.068958
401,1776232186282,9.793932,-242.5863,-224.1579,471.7955,0.165849,-0.703769,0.686590,0.076137,0.497196,-2.109811,2.058311,-0.226991,-0.220670,0.475967,0.413714,3.029425,-0.068913
402,1776232186294,9.805043,-241.8212,-223.9740,471.7535,0.165875,-0.703819,0.686533,0.076139,0.497271,-2.109958,2.058137,-0.226256,-0.220384,0.475924,0.413618,3.029335,-0.068809
403,1776232186305,9.816154,-241.4282,-223.8754,471.7720,0.165802,-0.703739,0.686613,0.076316,0.497000,-2.109493,2.058160,-0.225879,-0.220233,0.475942,0.413619,3.029388,-0.068799
404,1776232186316,9.827266,-241.0499,-223.7667,471.7686,0.165920,-0.703639,0.686708,0.076120,0.497412,-2.109442,2.058684,-0.225518,-0.220074,0.475938,0.413548,3.029398,-0.068855
405,1776232186327,9.838377,-240.2366,-223.5603,471.8397,0.165876,-0.703642,0.686702,0.076240,0.497245,-2.109301,2.058521,-0.224738,-0.219759,0.476008,0.413688,3.029608,-0.069066
406,1776232186338,9.849488,-239.8396,-223.4694,471.8522,0.165823,-0.703618,0.686734,0.076294,0.497070,-2.109160,2.058550,-0.224356,-0.219615,0.476020,0.413583,3.029701,-0.069129
407,1776232186349,9.860599,-239.0811,-223.2665,471.8603,0.165842,-0.703694,0.686658,0.076232,0.497145,-2.109467,2.058398,-0.223630,-0.219311,0.476027,0.413639,3.029729,-0.069082
408,1776232186360,9.871710,-238.6934,-223.1622,471.8778,0.165877,-0.703622,0.686729,0.076188,0.497262,-2.109304,2.058664,-0.223259,-0.219155,0.476044,0.413641,3.029778,-0.069115
409,1776232186371,9.882821,-237.9020,-222.9618,471.9159,0.165818,-0.703565,0.686782,0.076366,0.497033,-2.108912,2.058604,-0.222500,-0.218849,0.476081,0.413630,3.029914,-0.069194
410,1776232186382,9.893932,-237.5140,-222.8555,471.9324,0.165798,-0.703735,0.686614,0.076355,0.496976,-2.109435,2.058114,-0.222129,-0.218691,0.476097,0.413685,3.029925,-0.069170
411,1776232186394,9.905044,-237.1329,-222.7483,471.9090,0.165788,-0.703684,0.686678,0.076275,0.496970,-2.109380,2.058403,-0.221765,-0.218533,0.476073,0.413847,3.029911,-0.069066
412,1776232186405,9.916155,-236.3820,-222.5432,471.8720,0.165753,-0.703718,0.686631,0.076451,0.496813,-2.109264,2.058048,-0.221047,-0.218228,0.476035,0.413820,3.029773,-0.068840
413,1776232186416,9.927266,-236.0008,-222.4279,471.8616,0.165761,-0.703745,0.686620,0.076279,0.496888,-2.109561,2.058227,-0.220684,-0.218062,0.476024,0.413875,3.029794,-0.068832
414,1776232186427,9.938378,-235.2632,-222.2029,471.8017,0.165785,-0.703869,0.686492,0.076246,0.496971,-2.109972,2.057881,-0.219982,-0.217739,0.475963,0.413865,3.029659,-0.068556
415,1776232186438,9.949489,-234.8702,-222.0822,471.7972,0.165769,-0.703797,0.686561,0.076319,0.496901,-2.109666,2.057999,-0.219608,-0.217566,0.475958,0.413867,3.029711,-0.068534
416,1776232186449,9.960600,-234.4752,-221.9697,471.7848,0.165785,-0.703870,0.686490,0.076256,0.496967,-2.109962,2.057863,-0.219231,-0.217401,0.475945,0.413811,3.029698,-0.068478
417,1776232186460,9.971711,-233.6920,-221.7420,471.7839,0.165621,-0.703908,0.686460,0.076525,0.496396,-2.109739,2.057447,-0.218484,-0.217069,0.475943,0.413813,3.029818,-0.068335
418,1776232186471,9.982823,-233.3097,-221.6108,471.7955,0.165502,-0.703782,0.686611,0.076590,0.496022,-2.109280,2.057818,-0.218122,-0.216887,0.475954,0.413814,3.029828,-0.068383
419,1776232186482,9.993934,-232.9081,-221.4791,471.8171,0.165469,-0.703785,0.686624,0.076514,0.495944,-2.109385,2.057950,-0.217741,-0.216702,0.475975,0.413872,3.029906,-0.068419
420,1776232186494,10.005045,-232.1114,-221.2403,471.8823,0.165606,-0.703935,0.686441,0.076480,0.496365,-2.109878,2.057442,-0.216982,-0.216357,0.476039,0.413846,3.030165,-0.068465
421,1776232186505,10.016156,-231.7324,-221.1187,471.8919,0.165294,-0.703761,0.686663,0.076760,0.495347,-2.109005,2.057768,-0.216622,-0.216185,0.476048,0.413831,3.030222,-0.068536
422,1776232186516,10.027268,-230.9660,-220.8736,471.9250,0.165466,-0.703985,0.686414,0.076564,0.495920,-2.109922,2.057261,-0.215894,-0.215838,0.476080,0.413891,3.030364,-0.068497
423,1776232186527,10.038379,-230.5914,-220.7625,471.9275,0.165448,-0.703870,0.686542,0.076510,0.495883,-2.109646,2.057709,-0.215537,-0.215677,0.476082,0.413892,3.030400,-0.068476
424,1776232186538,10.049490,-230.2122,-220.6178,471.9751,0.165281,-0.703923,0.686519,0.076589,0.495359,-2.109704,2.057545,-0.215180,-0.215482,0.476129,0.414026,3.030490,-0.068627
425,1776232186549,10.060602,-229.4375,-220.3860,471.9883,0.165277,-0.703919,0.686519,0.076632,0.495333,-2.109640,2.057492,-0.214442,-0.215147,0.476141,0.414027,3.030573,-0.068534
426,1776232186560,10.071713,-229.0625,-220.2719,471.9998,0.165217,-0.703935,0.686517,0.076634,0.495153,-2.109686,2.057483,-0.214085,-0.214983,0.476152,0.413990,3.030593,-0.068474
427,1776232186571,10.082824,-228.3473,-220.0419,471.9489,0.165177,-0.703929,0.686529,0.076671,0.495022,-2.109619,2.057475,-0.213406,-0.214658,0.476100,0.414178,3.030393,-0.068261
428,1776232186582,10.093935,-227.9857,-219.9159,471.9425,0.165134,-0.703958,0.686519,0.076590,0.494917,-2.109808,2.057541,-0.213064,-0.214484,0.476093,0.414230,3.030343,-0.068229
429,1776232186594,10.105046,-227.5859,-219.7982,471.9371,0.165137,-0.703924,0.686547,0.076644,0.494910,-2.109639,2.057560,-0.212683,-0.214313,0.476087,0.414193,3.030348,-0.068195
430,1776232186605,10.116158,-226.7955,-219.5474,471.9743,0.165093,-0.703820,0.686664,0.076645,0.494777,-2.109327,2.057909,-0.211932,-0.213957,0.476123,0.414124,3.030441,-0.068268
431,1776232186616,10.127269,-226.4244,-219.4186,471.9698,0.165052,-0.703964,0.686513,0.076763,0.494620,-2.109609,2.057313,-0.211581,-0.213779,0.476118,0.414267,3.030435,-0.068115
432,1776232186627,10.138380,-226.0198,-219.3016,471.9864,0.165049,-0.703948,0.686533,0.076734,0.494622,-2.109597,2.057410,-0.211195,-0.213608,0.476134,0.414104,3.030475,-0.068172
433,1776232186638,10.149491,-225.2486,-219.0150,472.0367,0.165158,-0.703899,0.686577,0.076556,0.495000,-2.109675,2.057758,-0.210468,-0.213219,0.476183,0.414144,3.030538,-0.068241
434,1776232186649,10.160603,-224.8908,-218.8723,472.0293,0.165026,-0.703935,0.686550,0.076751,0.494547,-2.109539,2.057438,-0.210132,-0.213029,0.476175,0.414046,3.030453,-0.068169
435,1776232186660,10.171714,-224.5050,-218.7386,472.0509,0.165081,-0.704049,0.686426,0.076697,0.494726,-2.109948,2.057132,-0.209767,-0.212844,0.476196,0.414027,3.030463,-0.068130
436,1776232186671,10.182825,-223.7543,-218.4320,472.1001,0.165094,-0.703900,0.686596,0.076521,0.494819,-2.109720,2.057858,-0.209063,-0.212438,0.476244,0.414028,3.030503,-0.068162
437,1776232186682,10.193937,-223.3756,-218.2832,472.1247,0.165067,-0.703887,0.686611,0.076553,0.494727,-2.109643,2.057865,-0.208707,-0.212239,0.476268,0.414085,3.030564,-0.068190
438,1776232186694,10.205048,-222.5971,-217.9946,472.1940,0.165025,-0.703804,0.686672,0.076863,0.494509,-2.109006,2.057668,-0.207973,-0.211847,0.476336,0.414000,3.030734,-0.068272
439,1776232186705,10.216159,-222.2075,-217.8403,472.2116,0.165019,-0.703971,0.686529,0.076629,0.494561,-2.109800,2.057524,-0.207607,-0.211641,0.476353,0.414112,3.030808,-0.068254
440,1776232186716,10.227270,-221.4878,-217.5475,472.2088,0.165011,-0.703922,0.686555,0.076861,0.494469,-2.109361,2.057320,-0.206932,-0.211253,0.476349,0.414074,3.030779,-0.068317
441,1776232186727,10.238382,-221.1257,-217.4256,472.1644,0.164858,-0.704047,0.686468,0.076825,0.494020,-2.109780,2.057102,-0.206589,-0.211083,0.476304,0.413974,3.030678,-0.068109
442,1776232186738,10.249493,-220.7871,-217.2773,472.1289,0.164973,-0.704029,0.686462,0.076792,0.494375,-2.109768,2.057125,-0.206273,-0.210890,0.476268,0.413893,3.030568,-0.067995
443,1776232186749,10.260604,-220.0427,-216.9960,472.1192,0.164809,-0.704020,0.686516,0.076751,0.493897,-2.109791,2.057335,-0.205572,-0.210510,0.476257,0.413926,3.030563,-0.067906
444,1776232186760,10.271716,-219.6802,-216.8490,472.1008,0.164932,-0.703999,0.686478,0.077008,0.494191,-2.109409,2.056910,-0.205232,-0.210315,0.476238,0.413887,3.030547,-0.067826
445,1776232186771,10.282827,-219.3034,-216.6929,472.1034,0.164982,-0.703933,0.686539,0.076963,0.494351,-2.109267,2.057148,-0.204879,-0.210109,0.476240,0.413959,3.030525,-0.067904
446,1776232186782,10.293938,-218.5721,-216.4047,472.0776,0.165089,-0.704020,0.686448,0.076752,0.494734,-2.109792,2.057132,-0.204192,-0.209724,0.476213,0.413937,3.030556,-0.067680
447,1776232186794,10.305050,-218.2234,-216.2558,472.0502,0.165075,-0.704067,0.686393,0.076845,0.494665,-2.109815,2.056852,-0.203866,-0.209529,0.476185,0.413949,3.030456,-0.067606
448,1776232186805,10.316161,-217.4975,-215.9478,472.0565,0.165005,-0.704152,0.686326,0.076815,0.494464,-2.110107,2.056688,-0.203187,-0.209125,0.476190,0.413946,3.030475,-0.067598
449,1776232186816,10.327272,-217.1305,-215.7904,472.0701,0.164982,-0.704015,0.686448,0.077026,0.494333,-2.109433,2.056798,-0.202844,-0.208919,0.476203,0.413875,3.030589,-0.067547
450,1776232186827,10.338383,-216.3633,-215.4600,472.1295,0.164849,-0.704049,0.686451,0.076978,0.493950,-2.109594,2.056863,-0.202127,-0.208487,0.476261,0.413848,3.030786,-0.067773
451,1776232186838,10.349495,-215.9840,-215.2862,472.1711,0.164982,-0.703933,0.686547,0.076891,0.494373,-2.109358,2.057259,-0.201774,-0.208263,0.476302,0.413888,3.030887,-0.067811
452,1776232186849,10.360606,-215.6184,-215.1235,472.1908,0.164797,-0.703986,0.686519,0.077056,0.493770,-2.109308,2.056974,-0.201433,-0.208052,0.476321,0.413927,3.031003,-0.067751
453,1776232186860,10.371717,-214.9207,-214.7724,472.1881,0.164906,-0.704047,0.686439,0.076979,0.494119,-2.109586,2.056828,-0.200788,-0.207609,0.476317,0.413979,3.030968,-0.067760
454,1776232186871,10.382828,-214.9207,-214.7724,472.1881,0.164861,-0.704085,0.686402,0.077050,0.493965,-2.109612,2.056630,-0.200788,-0.207609,0.476317,0.413979,3.030968,-0.067760
455,1776232186882,10.393940,-214.5729,-214.5931,472.1958,0.164872,-0.704090,0.686397,0.077036,0.494002,-2.109644,2.056632,-0.200467,-0.207384,0.476324,0.414068,3.031016,-0.067687
456,1776232186894,10.405051,-213.8576,-214.2454,472.1801,0.164997,-0.704069,0.686395,0.076972,0.494396,-2.109663,2.056703,-0.199804,-0.206942,0.476307,0.414032,3.031087,-0.067688
457,1776232186905,10.416162,-213.1583,-213.8823,472.1344,0.164844,-0.704060,0.686432,0.077055,0.493912,-2.109529,2.056714,-0.199159,-0.206487,0.476260,0.414026,3.031025,-0.067629
458,1776232186916,10.427273,-212.4432,-213.5285,472.0988,0.164790,-0.704098,0.686393,0.077173,0.493714,-2.109497,2.056452,-0.198497,-0.206039,0.476223,0.414039,3.031024,-0.067519
459,1776232186927,10.438384,-212.0858,-213.3456,472.1014,0.164844,-0.704025,0.686466,0.077067,0.493909,-2.109413,2.056801,-0.198167,-0.205809,0.476225,0.414094,3.031064,-0.067568
460,1776232186938,10.449496,-211.7274,-213.1628,472.0841,0.164922,-0.704143,0.686337,0.076979,0.494168,-2.109875,2.056520,-0.197836,-0.205579,0.476207,0.414129,3.031092,-0.067494
461,1776232186949,10.460607,-211.0621,-212.8273,472.0054,0.164928,-0.704206,0.686264,0.077039,0.494169,-2.109988,2.056229,-0.197221,-0.205156,0.476127,0.414024,3.030927,-0.067245
462,1776232186960,10.471718,-210.6953,-212.6497,472.0071,0.164895,-0.704166,0.686311,0.077046,0.494068,-2.109861,2.056362,-0.196881,-0.204930,0.476128,0.414022,3.030931,-0.067227
463,1776232186971,10.482829,-210.0020,-212.2789,472.0084,0.164874,-0.704272,0.686206,0.077065,0.494000,-2.110152,2.056024,-0.196243,-0.204468,0.476128,0.414072,3.030954,-0.067138
464,1776232186982,10.493941,-209.6591,-212.0910,472.0231,0.164772,-0.704093,0.686409,0.077114,0.493679,-2.109555,2.056572,-0.195928,-0.204235,0.476142,0.414163,3.030994,-0.067151
465,1776232186994,10.505052,-209.2951,-211.8899,472.0548,0.164845,-0.704188,0.686303,0.077034,0.493922,-2.109939,2.056353,-0.195594,-0.203986,0.476173,0.414186,3.031084,-0.067278
466,1776232187005,10.516163,-208.6038,-211.5188,472.0632,0.164775,-0.704145,0.686361,0.077061,0.493705,-2.109778,2.056493,-0.194958,-0.203524,0.476180,0.414329,3.031127,-0.067238
467,1776232187016,10.527274,-208.2702,-211.3336,472.0629,0.164763,-0.704206,0.686296,0.077106,0.493655,-2.109904,2.056245,-0.194652,-0.203295,0.476179,0.414363,3.031158,-0.067172
468,1776232187027,10.538386,-207.5480,-210.9508,472.1163,0.164838,-0.704138,0.686353,0.077055,0.493893,-2.109766,2.056476,-0.193987,-0.202817,0.476231,0.414260,3.031292,-0.067403
469,1776232187038,10.549497,-207.2001,-210.7424,472.1301,0.164599,-0.704160,0.686385,0.077087,0.493167,-2.109790,2.056532,-0.193670,-0.202563,0.476244,0.414407,3.031335,-0.067413
470,1776232187049,10.560609,-206.8222,-210.5574,472.1538,0.164635,-0.704198,0.686331,0.077135,0.493261,-2.109845,2.056313,-0.193320,-0.202328,0.476267,0.414262,3.031453,-0.067374
471,1776232187060,10.571720,-206.1432,-210.1523,472.1392,0.164514,-0.704189,0.686371,0.077119,0.492904,-2.109838,2.056453,-0.192701,-0.201834,0.476251,0.414400,3.031379,-0.067363
472,1776232187071,10.582831,-205.8138,-209.9685,472.0939,0.164551,-0.704293,0.686257,0.077111,0.493019,-2.110158,2.056122,-0.192399,-0.201607,0.476205,0.414355,3.031309,-0.067168
473,1776232187082,10.593942,-205.4825,-209.7860,472.0626,0.164606,-0.704387,0.686144,0.077136,0.493176,-2.110410,2.055751,-0.192095,-0.201381,0.476173,0.414347,3.031232,-0.067031
474,1776232187094,10.605053,-204.7891,-209.4092,472.0350,0.164568,-0.704408,0.686126,0.077187,0.493047,-2.110409,2.055635,-0.191458,-0.200913,0.476144,0.414301,3.031204,-0.066846
475,1776232187105,10.616165,-204.4318,-209.2203,472.0227,0.164446,-0.704431,0.686118,0.077313,0.492645,-2.110320,2.055457,-0.191129,-0.200677,0.476131,0.414223,3.031222,-0.066694
476,1776232187116,10.627276,-203.7372,-208.8043,472.0072,0.164478,-0.704480,0.686070,0.077226,0.492766,-2.110575,2.055419,-0.190496,-0.200170,0.476114,0.414379,3.031188,-0.066604
477,1776232187127,10.638387,-203.3999,-208.6076,471.9889,0.164520,-0.704370,0.686171,0.077238,0.492886,-2.110231,2.055709,-0.190188,-0.199929,0.476095,0.414319,3.031171,-0.066468
478,1776232187138,10.649498,-203.0527,-208.4112,471.9786,0.164524,-0.704541,0.685998,0.077203,0.492909,-2.110788,2.055233,-0.189870,-0.199687,0.476084,0.414350,3.031132,-0.066402
479,1776232187149,10.660609,-202.3437,-208.0155,471.9941,0.164443,-0.704489,0.686053,0.077368,0.492618,-2.110424,2.055194,-0.189220,-0.199198,0.476098,0.414330,3.031267,-0.066287
480,1776232187160,10.671721,-202.0021,-207.7942,471.9939,0.164422,-0.704500,0.686042,0.077403,0.492546,-2.110414,2.055121,-0.188911,-0.198932,0.476097,0.414400,3.031230,-0.066347
481,1776232187171,10.682832,-201.2734,-207.3802,472.0464,0.164394,-0.704437,0.686117,0.077371,0.492470,-2.110265,2.055384,-0.188244,-0.198422,0.476148,0.414477,3.031472,-0.066292
482,1776232187182,10.693943,-200.9221,-207.1613,472.0742,0.164368,-0.704526,0.686027,0.077417,0.492380,-2.110474,2.055058,-0.187925,-0.198157,0.476175,0.414517,3.031539,-0.066453
483,1776232187194,10.705054,-200.5694,-206.9617,472.0999,0.164337,-0.704270,0.686295,0.077436,0.492283,-2.109684,2.055838,-0.187602,-0.197911,0.476200,0.414409,3.031662,-0.066414
484,1776232187205,10.716166,-199.8873,-206.5352,472.1274,0.164263,-0.704438,0.686134,0.077495,0.492043,-2.110111,2.055283,-0.186983,-0.197395,0.476226,0.414537,3.031803,-0.066424
485,1776232187216,10.727277,-199.5603,-206.3401,472.1171,0.164218,-0.704463,0.686118,0.077502,0.491906,-2.110180,2.055226,-0.186685,-0.197157,0.476215,0.414512,3.031812,-0.066255
486,1776232187227,10.738388,-198.8729,-205.9344,472.1186,0.164251,-0.704571,0.685999,0.077508,0.492003,-2.110493,2.054862,-0.186058,-0.196661,0.476215,0.414489,3.031855,-0.066164
487,1776232187238,10.749500,-198.5458,-205.7312,472.0884,0.164142,-0.704621,0.685961,0.077619,0.491644,-2.110506,2.054614,-0.185761,-0.196415,0.476184,0.414516,3.031807,-0.065948
488,1776232187249,10.760611,-198.1995,-205.5206,472.0771,0.164211,-0.704694,0.685867,0.077638,0.491846,-2.110701,2.054308,-0.185446,-0.196159,0.476172,0.414420,3.031811,-0.065884
489,1776232187260,10.771722,-197.5360,-205.0986,472.0806,0.164185,-0.704622,0.685942,0.077678,0.491756,-2.110435,2.054486,-0.184845,-0.195650,0.476174,0.414381,3.031903,-0.065876
490,1776232187271,10.782833,-197.2286,-204.8927,472.0464,0.164131,-0.704643,0.685919,0.077808,0.491556,-2.110334,2.054258,-0.184568,-0.195404,0.476139,0.414442,3.031806,-0.065661
491,1776232187282,10.793944,-196.8907,-204.6849,472.0151,0.164130,-0.704675,0.685889,0.077787,0.491557,-2.110458,2.054193,-0.184261,-0.195152,0.476107,0.414344,3.031750,-0.065601
492,1776232187294,10.805056,-196.2347,-204.2668,471.9926,0.164194,-0.704762,0.685786,0.077772,0.491755,-2.110736,2.053904,-0.183667,-0.194648,0.476083,0.414498,3.031752,-0.065370
493,1776232187305,10.816167,-195.8902,-204.0550,471.9724,0.164188,-0.704725,0.685819,0.077833,0.491720,-2.110547,2.053927,-0.183354,-0.194391,0.476062,0.414457,3.031737,-0.065359
494,1776232187316,10.827278,-195.5489,-203.8217,471.9882,0.164055,-0.704669,0.685900,0.077903,0.491300,-2.110293,2.054085,-0.183047,-0.194113,0.476077,0.414585,3.031789,-0.065416
495,1776232187327,10.838389,-195.1871,-203.6083,472.0060,0.164190,-0.704594,0.685954,0.077820,0.491729,-2.110173,2.054347,-0.182717,-0.193852,0.476094,0.414533,3.031952,-0.065408
496,1776232187338,10.849501,-194.5110,-203.1528,472.0376,0.164083,-0.704597,0.685958,0.077980,0.491362,-2.109982,2.054165,-0.182108,-0.193308,0.476124,0.414604,3.032010,-0.065523
497,1776232187349,10.860612,-193.8326,-202.7249,472.0572,0.164107,-0.704677,0.685862,0.078061,0.491410,-2.110118,2.053777,-0.181493,-0.192791,0.476142,0.414493,3.032180,-0.065444
498,1776232187360,10.871723,-193.5112,-202.4979,472.0580,0.164005,-0.704613,0.685955,0.078029,0.491113,-2.109969,2.054096,-0.181205,-0.192522,0.476142,0.414616,3.032157,-0.065448
499,1776232187371,10.882835,-192.8354,-202.0444,472.1036,0.163818,-0.704536,0.686065,0.078158,0.490515,-2.109574,2.054267,-0.180596,-0.191980,0.476186,0.414581,3.032373,-0.065457
500,1776232187382,10.893946,-192.5071,-201.8033,472.1154,0.163829,-0.704456,0.686142,0.078173,0.490546,-2.109316,2.054482,-0.180303,-0.191696,0.476197,0.414709,3.032393,-0.065533
501,1776232187394,10.905057,-192.1580,-201.5579,472.1202,0.163855,-0.704508,0.686088,0.078119,0.490638,-2.109542,2.054385,-0.179990,-0.191405,0.476201,0.414708,3.032457,-0.065622
502,1776232187405,10.916168,-191.4683,-201.1074,472.1599,0.163825,-0.704612,0.685987,0.078144,0.490541,-2.109819,2.054050,-0.179367,-0.190864,0.476239,0.414786,3.032729,-0.065563
503,1776232187416,10.927280,-191.1615,-200.8622,472.1307,0.163959,-0.704505,0.686082,0.077984,0.490988,-2.109703,2.054532,-0.179096,-0.190579,0.476209,0.414921,3.032618,-0.065517
504,1776232187427,10.938391,-190.5499,-200.3936,472.0783,0.163775,-0.704638,0.685976,0.078110,0.490400,-2.109940,2.054060,-0.178553,-0.190031,0.476155,0.414959,3.032519,-0.065264
505,1776232187438,10.949502,-190.2178,-200.1630,472.0611,0.163785,-0.704634,0.685971,0.078159,0.490419,-2.109869,2.053987,-0.178255,-0.189757,0.476137,0.414750,3.032507,-0.065215
506,1776232187449,10.960614,-189.8982,-199.9347,472.0449,0.163673,-0.704564,0.686050,0.078335,0.490030,-2.109436,2.054009,-0.177969,-0.189487,0.476120,0.414708,3.032524,-0.065103
507,1776232187460,10.971725,-189.2272,-199.4524,472.0656,0.163579,-0.704460,0.686170,0.078417,0.489726,-2.109023,2.054267,-0.177369,-0.188917,0.476139,0.414633,3.032628,-0.065211
508,1776232187471,10.982842,-188.9277,-199.2314,472.0254,0.163682,-0.704702,0.685890,0.078480,0.490014,-2.109669,2.053350,-0.177102,-0.188657,0.476098,0.414566,3.032548,-0.065002
509,1776232187482,10.993953,-188.6369,-198.9860,471.9902,0.163834,-0.704741,0.685848,0.078173,0.490560,-2.110170,2.053600,-0.176847,-0.188374,0.476062,0.414627,3.032476,-0.064846
510,1776232187494,11.005064,-188.0157,-198.5148,471.9358,0.163716,-0.704860,0.685747,0.078237,0.490187,-2.110445,2.053221,-0.176295,-0.187822,0.476006,0.414753,3.032348,-0.064600
511,1776232187505,11.016175,-187.6953,-198.2806,471.9336,0.163753,-0.704748,0.685852,0.078249,0.490294,-2.110095,2.053519,-0.176009,-0.187546,0.476003,0.414732,3.032396,-0.064546
512,1776232187516,11.027287,-187.0119,-197.7961,471.9874,0.163844,-0.704664,0.685912,0.078284,0.490558,-2.109802,2.053656,-0.175397,-0.186972,0.476055,0.414536,3.032633,-0.064735
513,1776232187527,11.038398,-186.6852,-197.5608,471.9912,0.163695,-0.704645,0.685951,0.078426,0.490070,-2.109567,2.053600,-0.175105,-0.186694,0.476058,0.414515,3.032702,-0.064702
514,1776232187538,11.049509,-186.3699,-197.3058,471.9950,0.163719,-0.704725,0.685870,0.078363,0.490162,-2.109884,2.053435,-0.174827,-0.186398,0.476061,0.414564,3.032681,-0.064728
515,1776232187549,11.060620,-185.7376,-196.8193,472.0087,0.163559,-0.704825,0.685787,0.078531,0.489633,-2.109972,2.052980,-0.174266,-0.185829,0.476073,0.414613,3.032805,-0.064646
516,1776232187560,11.071731,-185.4014,-196.5662,472.0356,0.163661,-0.704711,0.685880,0.078530,0.489939,-2.109633,2.053260,-0.173967,-0.185532,0.476099,0.414634,3.032873,-0.064835
517,1776232187571,11.082843,-184.6963,-196.0859,472.1114,0.163541,-0.704662,0.685943,0.078665,0.489540,-2.109317,2.053286,-0.173333,-0.184959,0.476173,0.414515,3.033254,-0.064933
518,1776232187582,11.093954,-184.3616,-195.8437,472.1262,0.163595,-0.704489,0.686116,0.078594,0.489723,-2.108890,2.053889,-0.173034,-0.184673,0.476187,0.414497,3.033324,-0.065030
519,1776232187594,11.105065,-184.0616,-195.6047,472.1191,0.163487,-0.704762,0.685848,0.078706,0.489365,-2.109567,2.052951,-0.172769,-0.184395,0.476179,0.414560,3.033309,-0.064869
520,1776232187605,11.116176,-183.4822,-195.1157,472.0607,0.163498,-0.704698,0.685918,0.078644,0.489417,-2.109454,2.053237,-0.172261,-0.183831,0.476119,0.414503,3.033131,-0.064777
521,1776232187616,11.127287,-183.1830,-194.8756,472.0375,0.163614,-0.704823,0.685767,0.078607,0.489775,-2.109873,2.052829,-0.171997,-0.183552,0.476095,0.414530,3.033086,-0.064670
522,1776232187627,11.138399,-182.5418,-194.3924,472.0392,0.163600,-0.704609,0.685993,0.078582,0.489739,-2.109264,2.053536,-0.171427,-0.182985,0.476095,0.414376,3.033167,-0.064663
523,1776232187638,11.149510,-182.2267,-194.1394,472.0461,0.163554,-0.704552,0.686051,0.078684,0.489573,-2.108964,2.053585,-0.171149,-0.182691,0.476101,0.414322,3.033234,-0.064767
524,1776232187649,11.160621,-181.9188,-193.8945,472.0420,0.163435,-0.704697,0.685911,0.078852,0.489169,-2.109190,2.052961,-0.170877,-0.182406,0.476096,0.414317,3.033295,-0.064698
525,1776232187660,11.171733,-181.3350,-193.3820,471.9857,0.163511,-0.704824,0.685763,0.078846,0.489398,-2.109577,2.052526,-0.170368,-0.181818,0.476038,0.414347,3.033089,-0.064566
526,1776232187671,11.182844,-181.0533,-193.1303,471.9575,0.163432,-0.704680,0.685922,0.078913,0.489142,-2.109062,2.052921,-0.170123,-0.181530,0.476009,0.414317,3.033023,-0.064448
527,1776232187682,11.193955,-180.7329,-192.8610,471.9725,0.163432,-0.704748,0.685854,0.078892,0.489149,-2.109293,2.052743,-0.169842,-0.181219,0.476023,0.414373,3.033093,-0.064552
528,1776232187694,11.205066,-180.0934,-192.3251,471.9753,0.163460,-0.704761,0.685836,0.078874,0.489236,-2.109355,2.052711,-0.169281,-0.180600,0.476024,0.414288,3.033080,-0.064626
529,1776232187705,11.216178,-180.0934,-192.3251,471.9753,0.163309,-0.704599,0.686019,0.079050,0.488735,-2.108649,2.053043,-0.169281,-0.180600,0.476024,0.414288,3.033080,-0.064626
530,1776232187716,11.227289,-179.1546,-191.5341,472.0150,0.163456,-0.704728,0.685864,0.078936,0.489206,-2.109177,2.052718,-0.168458,-0.179687,0.476061,0.414224,3.033228,-0.064777
531,1776232187727,11.238400,-178.8513,-191.2716,472.0369,0.163309,-0.704739,0.685885,0.078960,0.488761,-2.109181,2.052753,-0.168193,-0.179385,0.476082,0.414384,3.033272,-0.064740
532,1776232187738,11.249511,-178.5509,-191.0014,472.0368,0.163244,-0.704670,0.685973,0.078946,0.488570,-2.108991,2.053034,-0.167932,-0.179076,0.476081,0.414468,3.033217,-0.064797
533,1776232187749,11.260622,-178.5509,-191.0014,472.0368,0.163450,-0.704718,0.685874,0.078961,0.489181,-2.109115,2.052718,-0.167932,-0.179076,0.476081,0.414468,3.033217,-0.064797
534,1776232187760,11.271734,-177.6322,-190.2250,472.0785,0.163338,-0.704553,0.686066,0.078984,0.488839,-2.108595,2.053267,-0.167127,-0.178180,0.476120,0.414419,3.033356,-0.064796
535,1776232187771,11.282845,-177.3194,-189.9526,472.0984,0.163196,-0.704684,0.685952,0.079097,0.488381,-2.108845,2.052787,-0.166854,-0.177867,0.476139,0.414437,3.033404,-0.064946
536,1776232187782,11.293956,-176.7419,-189.4345,472.1112,0.163280,-0.704619,0.686006,0.079040,0.488650,-2.108721,2.053019,-0.166352,-0.177274,0.476150,0.414419,3.033423,-0.064771
537,1776232187794,11.305067,-176.4460,-189.1608,472.1161,0.163356,-0.704713,0.685910,0.078884,0.488922,-2.109197,2.052920,-0.166096,-0.176962,0.476154,0.414411,3.033346,-0.064830
538,1776232187805,11.316179,-175.8519,-188.6480,472.1159,0.163371,-0.704788,0.685811,0.079037,0.488922,-2.109230,2.052437,-0.165577,-0.176372,0.476152,0.414316,3.033314,-0.064601
539,1776232187816,11.327290,-175.5365,-188.3640,472.1298,0.163237,-0.704591,0.686044,0.079051,0.488519,-2.108623,2.053118,-0.165303,-0.176047,0.476165,0.414276,3.033313,-0.064733
540,1776232187827,11.338401,-174.9285,-187.8239,472.1347,0.163294,-0.704672,0.685943,0.079086,0.488678,-2.108822,2.052774,-0.164774,-0.175428,0.476168,0.414221,3.033306,-0.064588
541,1776232187838,11.349512,-174.6346,-187.5358,472.1496,0.163350,-0.704714,0.685902,0.078951,0.488884,-2.109118,2.052814,-0.164522,-0.175102,0.476182,0.414214,3.033294,-0.064616
542,1776232187849,11.360623,-174.3656,-187.2603,472.1245,0.163272,-0.704770,0.685853,0.079033,0.488628,-2.109182,2.052569,-0.164293,-0.174792,0.476156,0.414305,3.033178,-0.064408
543,1776232187860,11.371735,-173.8057,-186.6964,472.0914,0.163423,-0.704842,0.685766,0.078844,0.489134,-2.109632,2.052536,-0.163815,-0.174156,0.476121,0.414278,3.032978,-0.064307
544,1776232187871,11.382846,-173.4916,-186.4081,472.1034,0.163399,-0.704773,0.685836,0.078895,0.489048,-2.109362,2.052685,-0.163543,-0.173827,0.476132,0.414233,3.033035,-0.064189
545,1776232187882,11.393957,-173.2140,-186.1288,472.0813,0.163803,-0.704740,0.685787,0.078778,0.490292,-2.109410,2.052682,-0.163306,-0.173512,0.476109,0.414108,3.032937,-0.064093
546,1776232187894,11.405068,-172.6413,-185.5606,472.0682,0.163451,-0.704907,0.685671,0.079027,0.489165,-2.109598,2.052030,-0.162816,-0.172870,0.476094,0.414126,3.032947,-0.063963
547,1776232187905,11.416180,-172.3308,-185.2547,472.0862,0.163703,-0.704987,0.685554,0.078814,0.489981,-2.110103,2.051939,-0.162550,-0.172524,0.476111,0.414141,3.032951,-0.064165
548,1776232187916,11.427291,-171.7727,-184.6825,472.0631,0.163415,-0.704900,0.685695,0.078958,0.489078,-2.109665,2.052186,-0.162075,-0.171880,0.476086,0.414084,3.032922,-0.064065
549,1776232187927,11.438402,-171.4734,-184.3851,472.0781,0.163565,-0.704891,0.685670,0.078943,0.489530,-2.109655,2.052130,-0.161819,-0.171544,0.476100,0.414081,3.032967,-0.064177
550,1776232187938,11.449513,-171.1709,-184.0863,472.0991,0.163343,-0.704646,0.685972,0.078962,0.488860,-2.108900,2.053012,-0.161560,-0.171206,0.476120,0.414133,3.033059,-0.064252
551,1776232187949,11.460624,-170.5768,-183.5162,472.1470,0.163351,-0.704753,0.685854,0.079017,0.488868,-2.109149,2.052591,-0.161049,-0.170559,0.476166,0.414038,3.033221,-0.064459
552,1776232187960,11.471735,-170.3109,-183.2344,472.1419,0.163356,-0.704735,0.685869,0.079035,0.488880,-2.109076,2.052614,-0.160824,-0.170243,0.476160,0.414045,3.033177,-0.064429
553,1776232187971,11.482847,-169.7617,-182.6540,472.1598,0.163474,-0.704702,0.685899,0.078830,0.489292,-2.109232,2.052952,-0.160359,-0.169592,0.476176,0.414127,3.033244,-0.064538
554,1776232187982,11.493958,-169.4771,-182.3759,472.1768,0.163611,-0.704903,0.685652,0.078893,0.489685,-2.109755,2.052138,-0.160115,-0.169277,0.476192,0.414067,3.033334,-0.064555
555,1776232187994,11.505069,-169.2084,-182.0964,472.1627,0.163457,-0.704604,0.685991,0.078940,0.489208,-2.108801,2.053093,-0.159887,-0.168963,0.476177,0.414037,3.033275,-0.064511
556,1776232188005,11.516180,-168.6798,-181.5123,472.2026,0.163558,-0.704670,0.685905,0.078887,0.489526,-2.109065,2.052901,-0.159443,-0.168311,0.476215,0.414249,3.033334,-0.064772
557,1776232188016,11.527292,-168.4177,-181.2440,472.1935,0.163338,-0.704730,0.685886,0.078973,0.488843,-2.109138,2.052739,-0.159220,-0.168009,0.476205,0.414365,3.033351,-0.064614
558,1776232188027,11.538403,-167.9335,-180.6685,472.1183,0.163587,-0.704774,0.685801,0.078809,0.489636,-2.109472,2.052684,-0.158819,-0.167372,0.476128,0.414316,3.033069,-0.064615
559,1776232188038,11.549514,-167.6952,-180.3899,472.1172,0.163443,-0.704860,0.685747,0.078804,0.489206,-2.109735,2.052529,-0.158621,-0.167063,0.476126,0.414378,3.033089,-0.064489
560,1776232188049,11.560625,-167.4442,-180.1070,472.0941,0.163596,-0.704705,0.685882,0.078699,0.489695,-2.109403,2.053062,-0.158411,-0.166748,0.476102,0.414275,3.032995,-0.064543
561,1776232188060,11.571736,-166.9128,-179.5262,472.0931,0.163276,-0.704746,0.685892,0.078907,0.488676,-2.109267,2.052839,-0.157964,-0.166099,0.476099,0.414496,3.033062,-0.064515
562,1776232188071,11.582848,-166.6628,-179.2220,472.0900,0.163615,-0.704530,0.686070,0.078587,0.489782,-2.109021,2.053759,-0.157758,-0.165763,0.476095,0.414578,3.033000,-0.064644
563,1776232188082,11.593959,-166.4066,-178.9237,472.0880,0.163224,-0.704744,0.685909,0.078887,0.488527,-2.109285,2.052913,-0.157545,-0.165432,0.476092,0.414641,3.032976,-0.064617
564,1776232188094,11.605070,-165.9336,-178.3135,472.0469,0.163565,-0.704693,0.685918,0.078553,0.489644,-2.109552,2.053346,-0.157160,-0.164762,0.476049,0.414707,3.032807,-0.064698
565,1776232188105,11.616182,-165.7057,-178.0153,472.0258,0.163706,-0.704849,0.685739,0.078419,0.490106,-2.110187,2.052974,-0.156975,-0.164435,0.476027,0.414727,3.032680,-0.064672
566,1776232188116,11.627293,-165.4426,-177.7261,472.0358,0.163721,-0.704813,0.685776,0.078397,0.490157,-2.110106,2.053111,-0.156754,-0.164112,0.476036,0.414699,3.032739,-0.064605
567,1776232188127,11.638404,-164.9212,-177.1228,472.0547,0.163482,-0.704802,0.685804,0.078744,0.489340,-2.109639,2.052774,-0.156320,-0.163442,0.476053,0.414594,3.032769,-0.064778
568,1776232188138,11.649515,-164.9212,-177.1228,472.0547,0.163683,-0.704772,0.685792,0.078705,0.489952,-2.109598,2.052784,-0.156320,-0.163442,0.476053,0.414594,3.032769,-0.064778
569,1776232188149,11.660626,-164.1663,-176.2403,472.0706,0.163836,-0.704940,0.685601,0.078539,0.490460,-2.110309,2.052415,-0.155693,-0.162463,0.476066,0.414367,3.032809,-0.064844
570,1776232188160,11.671737,-163.9151,-175.9495,472.0935,0.163605,-0.704576,0.685997,0.078830,0.489684,-2.108855,2.053246,-0.155484,-0.162140,0.476088,0.414341,3.032877,-0.064832
571,1776232188171,11.682849,-163.6343,-175.6346,472.1106,0.163555,-0.704550,0.686038,0.078810,0.489540,-2.108802,2.053394,-0.155249,-0.161789,0.476104,0.414340,3.032964,-0.065030
572,1776232188182,11.693960,-163.0742,-175.0510,472.1525,0.163589,-0.704399,0.686169,0.078952,0.489600,-2.108172,2.053611,-0.154774,-0.161133,0.476144,0.414143,3.033112,-0.065066
573,1776232188194,11.705071,-162.7922,-174.7423,472.1726,0.163490,-0.704543,0.686039,0.078998,0.489289,-2.108546,2.053167,-0.154537,-0.160788,0.476163,0.414213,3.033198,-0.065165
574,1776232188205,11.716183,-162.2569,-174.1341,472.2106,0.163791,-0.704538,0.685993,0.078813,0.490246,-2.108764,2.053256,-0.154090,-0.160111,0.476199,0.414202,3.033310,-0.065324
575,1776232188216,11.727294,-162.0097,-173.8437,472.1965,0.163483,-0.704648,0.685944,0.078902,0.489298,-2.108979,2.053000,-0.153885,-0.159789,0.476184,0.414328,3.033266,-0.065077
576,1776232188227,11.738406,-161.4547,-173.2252,472.2296,0.163451,-0.704512,0.686070,0.079090,0.489148,-2.108339,2.053147,-0.153420,-0.159099,0.476215,0.414225,3.033439,-0.065170
577,1776232188238,11.749517,-161.2039,-172.9161,472.2306,0.163349,-0.704516,0.686096,0.079037,0.488858,-2.108417,2.053289,-0.153214,-0.158758,0.476215,0.414264,3.033428,-0.065079
578,1776232188249,11.760628,-160.9320,-172.5929,472.2486,0.163512,-0.704544,0.686030,0.079018,0.489351,-2.108524,2.053116,-0.152989,-0.158400,0.476232,0.414327,3.033421,-0.065121
579,1776232188260,11.771739,-160.4493,-171.9661,472.2016,0.163321,-0.704558,0.686045,0.079164,0.488737,-2.108382,2.052982,-0.152597,-0.157712,0.476183,0.414330,3.033327,-0.064992
580,1776232188271,11.782851,-160.2050,-171.6602,472.1866,0.163502,-0.704657,0.685925,0.078949,0.489341,-2.108948,2.052884,-0.152397,-0.157375,0.476167,0.414258,3.033326,-0.064848
581,1776232188282,11.793962,-159.9477,-171.3339,472.1717,0.163646,-0.704615,0.685949,0.078819,0.489810,-2.108985,2.053115,-0.152187,-0.157016,0.476151,0.414262,3.033303,-0.064824
582,1776232188294,11.805073,-159.4505,-170.6970,472.1347,0.163318,-0.704672,0.685925,0.079190,0.488721,-2.108693,2.052593,-0.151782,-0.156316,0.476112,0.414248,3.033199,-0.064744
583,1776232188305,11.816184,-159.1795,-170.3666,472.1438,0.163212,-0.704536,0.686087,0.079219,0.488394,-2.108248,2.053042,-0.151559,-0.155951,0.476120,0.414242,3.033267,-0.064892
584,1776232188316,11.827296,-158.6952,-169.7210,472.1558,0.163216,-0.704735,0.685883,0.079201,0.488411,-2.108868,2.052455,-0.151168,-0.155244,0.476130,0.414221,3.033357,-0.064873
585,1776232188327,11.838407,-158.4592,-169.3958,472.1438,0.163479,-0.704760,0.685825,0.078941,0.489275,-2.109267,2.052595,-0.150979,-0.154889,0.476117,0.414262,3.033385,-0.064819
586,1776232188338,11.849518,-158.2313,-169.0856,472.1148,0.163397,-0.704803,0.685773,0.079181,0.488959,-2.109095,2.052150,-0.150796,-0.154550,0.476087,0.414207,3.033337,-0.064733
587,1776232188349,11.860630,-157.7473,-168.4500,472.1158,0.163459,-0.704743,0.685839,0.079012,0.489194,-2.109126,2.052552,-0.150404,-0.153853,0.476086,0.414313,3.033460,-0.064669
588,1776232188360,11.871741,-157.5143,-168.1315,472.1158,0.163307,-0.704482,0.686125,0.079178,0.488690,-2.108137,2.053206,-0.150217,-0.153505,0.476085,0.414209,3.033450,-0.064736
589,1776232188371,11.882852,-157.0572,-167.4872,472.1009,0.163261,-0.704674,0.685930,0.079249,0.488533,-2.108622,2.052536,-0.149853,-0.152803,0.476068,0.414307,3.033419,-0.064631
590,1776232188382,11.893963,-156.8333,-167.1694,472.0888,0.163345,-0.704775,0.685825,0.079087,0.488831,-2.109128,2.052420,-0.149675,-0.152457,0.476055,0.414436,3.033427,-0.064510
591,1776232188394,11.905074,-156.5928,-166.8408,472.1019,0.163200,-0.704781,0.685847,0.079144,0.488379,-2.109075,2.052416,-0.149482,-0.152098,0.476067,0.414549,3.033415,-0.064538
592,1776232188405,11.916186,-156.0942,-166.1953,472.1260,0.163043,-0.704602,0.686048,0.079316,0.487862,-2.108325,2.052807,-0.149077,-0.151389,0.476089,0.414544,3.033511,-0.064507
593,1776232188416,11.927297,-155.8528,-165.8680,472.1470,0.163343,-0.704739,0.685842,0.079273,0.488770,-2.108787,2.052242,-0.148883,-0.151031,0.476109,0.414608,3.033566,-0.064564
594,1776232188427,11.938408,-155.3796,-165.2320,472.1560,0.163048,-0.704632,0.686015,0.079323,0.487873,-2.108406,2.052701,-0.148502,-0.150335,0.476116,0.414613,3.033571,-0.064471
595,1776232188438,11.949519,-155.1532,-164.9106,472.1580,0.163193,-0.704845,0.685775,0.079215,0.488339,-2.109177,2.052114,-0.148322,-0.149985,0.476117,0.414558,3.033556,-0.064396
596,1776232188449,11.960630,-154.9371,-164.5766,472.1681,0.163135,-0.704790,0.685850,0.079170,0.488177,-2.109069,2.052391,-0.148154,-0.149624,0.476126,0.414649,3.033505,-0.064371
597,1776232188460,11.971741,-154.4480,-163.9279,472.2031,0.163068,-0.704970,0.685649,0.079452,0.487898,-2.109255,2.051448,-0.147759,-0.148913,0.476159,0.414387,3.033599,-0.064447
598,1776232188471,11.982853,-154.2270,-163.5956,472.2192,0.163227,-0.704725,0.685864,0.079439,0.488375,-2.108540,2.052107,-0.147586,-0.148553,0.476174,0.414375,3.033611,-0.064484
599,1776232188482,11.993964,-153.9926,-163.2824,472.2232,0.163175,-0.704869,0.685710,0.079601,0.488174,-2.108766,2.051448,-0.147397,-0.148210,0.476177,0.414178,3.033680,-0.064423
600,1776232188494,12.005075,-153.5518,-162.6480,472.2141,0.163073,-0.704721,0.685891,0.079555,0.487882,-2.108383,2.052046,-0.147048,-0.147520,0.476166,0.413991,3.033602,-0.064289
601,1776232188505,12.016186,-153.3373,-162.3259,472.2131,0.163247,-0.704965,0.685593,0.079607,0.488386,-2.109045,2.051092,-0.146880,-0.147171,0.476164,0.413955,3.033561,-0.064286
602,1776232188516,12.027297,-152.8576,-161.6658,472.2462,0.162963,-0.704798,0.685821,0.079707,0.487507,-2.108422,2.051651,-0.146496,-0.146450,0.476195,0.413949,3.033652,-0.064357
603,1776232188527,12.038408,-152.6095,-161.3414,472.2583,0.163116,-0.704807,0.685778,0.079680,0.487974,-2.108484,2.051555,-0.146295,-0.146094,0.476206,0.413921,3.033740,-0.064407
604,1776232188538,12.049519,-152.3665,-160.9962,472.2824,0.163007,-0.704679,0.685932,0.079708,0.487639,-2.108066,2.051985,-0.146102,-0.145718,0.476229,0.414060,3.033836,-0.064504
605,1776232188549,12.060630,-151.9141,-160.3231,472.2645,0.163150,-0.704847,0.685729,0.079682,0.488074,-2.108600,2.051406,-0.145747,-0.144988,0.476209,0.413895,3.033820,-0.064443
606,1776232188560,12.071742,-151.7020,-159.9754,472.2225,0.163326,-0.704853,0.685686,0.079631,0.488615,-2.108682,2.051342,-0.145585,-0.144614,0.476166,0.413835,3.033721,-0.064432
607,1776232188571,12.082853,-151.2669,-159.2676,472.1927,0.163208,-0.705090,0.685460,0.079719,0.488237,-2.109281,2.050558,-0.145252,-0.143852,0.476134,0.413775,3.033629,-0.064440
608,1776232188582,12.093964,-151.0430,-158.9075,472.1998,0.163039,-0.705056,0.685524,0.079828,0.487701,-2.109041,2.050615,-0.145080,-0.143464,0.476140,0.413816,3.033697,-0.064423
609,1776232188594,12.105076,-150.8336,-158.5434,472.1909,0.163065,-0.704884,0.685693,0.079836,0.487777,-2.108517,2.051112,-0.144923,-0.143074,0.476130,0.413870,3.033708,-0.064413
610,1776232188605,12.116187,-150.4439,-157.8352,472.1200,0.163272,-0.705008,0.685525,0.079761,0.488418,-2.108983,2.050701,-0.144635,-0.142318,0.476057,0.413781,3.033530,-0.064269
611,1776232188616,12.127298,-150.2318,-157.4957,472.1210,0.163600,-0.705243,0.685227,0.079571,0.489454,-2.109923,2.050041,-0.144472,-0.141952,0.476057,0.413794,3.033492,-0.064194
612,1776232188627,12.138409,-150.0300,-157.1497,472.1051,0.163502,-0.705197,0.685293,0.079616,0.489146,-2.109730,2.050183,-0.144320,-0.141581,0.476040,0.413774,3.033493,-0.064149
613,1776232188638,12.149521,-149.5897,-156.4770,472.1121,0.163630,-0.705050,0.685417,0.079578,0.489541,-2.109339,2.050602,-0.143977,-0.140853,0.476045,0.413717,3.033547,-0.064042
614,1776232188649,12.160632,-149.3837,-156.1165,472.1032,0.163547,-0.705126,0.685352,0.079643,0.489273,-2.109482,2.050327,-0.143823,-0.140467,0.476035,0.413791,3.033512,-0.064126
615,1776232188660,12.171743,-148.9702,-155.4269,472.0953,0.163300,-0.705114,0.685404,0.079801,0.488489,-2.109251,2.050292,-0.143509,-0.139726,0.476025,0.413865,3.033552,-0.064112
616,1776232188671,12.182854,-148.7964,-155.0649,472.0664,0.163374,-0.704944,0.685590,0.079557,0.488783,-2.109047,2.051144,-0.143387,-0.139343,0.475995,0.413930,3.033434,-0.064096
617,1776232188682,12.193966,-148.6002,-154.7090,472.0684,0.163531,-0.705131,0.685360,0.079559,0.489249,-2.109605,2.050452,-0.143242,-0.138963,0.475996,0.413953,3.033487,-0.064180
618,1776232188694,12.205077,-148.1988,-154.0340,472.0695,0.163156,-0.704689,0.685883,0.079744,0.488076,-2.108048,2.051791,-0.142938,-0.138238,0.475995,0.414028,3.033624,-0.064095
619,1776232188705,12.216188,-147.9879,-153.6812,472.0865,0.163021,-0.704952,0.685621,0.079942,0.487615,-2.108589,2.050769,-0.142778,-0.137859,0.476011,0.414001,3.033745,-0.064200
620,1776232188716,12.227299,-147.6212,-152.9952,472.0555,0.163005,-0.704809,0.685776,0.079900,0.487579,-2.108215,2.051283,-0.142510,-0.137128,0.475978,0.413906,3.033747,-0.064198
621,1776232188727,12.238411,-147.4331,-152.6332,472.0546,0.163130,-0.704968,0.685585,0.079894,0.487954,-2.108696,2.050717,-0.142374,-0.136743,0.475976,0.413963,3.033767,-0.064257
622,1776232188738,12.249522,-147.2398,-152.2910,472.0436,0.163363,-0.704996,0.685512,0.079791,0.488682,-2.108911,2.050626,-0.142230,-0.136377,0.475964,0.413543,3.033797,-0.064299
623,1776232188749,12.260633,-146.7982,-151.6036,472.0918,0.163255,-0.704790,0.685738,0.079889,0.488329,-2.108172,2.051183,-0.141888,-0.135634,0.476010,0.413270,3.034077,-0.064521
624,1776232188760,12.271744,-146.5961,-151.2709,472.0918,0.163071,-0.704629,0.685927,0.080059,0.487729,-2.107478,2.051542,-0.141734,-0.135276,0.476009,0.413263,3.034078,-0.064418
625,1776232188771,12.282856,-146.4080,-150.9159,472.0968,0.162937,-0.704595,0.685986,0.080129,0.487309,-2.107289,2.051632,-0.141597,-0.134898,0.476013,0.413316,3.034053,-0.064452
626,1776232188782,12.293967,-146.0558,-150.2260,472.1088,0.162996,-0.704849,0.685715,0.080090,0.487496,-2.108097,2.050870,-0.141344,-0.134165,0.476023,0.413471,3.034003,-0.064418
627,1776232188794,12.305078,-145.8674,-149.8762,472.1299,0.163351,-0.704805,0.685728,0.079650,0.488685,-2.108515,2.051443,-0.141206,-0.133792,0.476043,0.413509,3.034044,-0.064453
628,1776232188805,12.316189,-145.4841,-149.2018,472.1669,0.163291,-0.704709,0.685809,0.079923,0.488426,-2.107886,2.051354,-0.140920,-0.133070,0.476078,0.413351,3.034180,-0.064566
629,1776232188816,12.327301,-145.3039,-148.8599,472.1769,0.163102,-0.704709,0.685850,0.079952,0.487853,-2.107850,2.051443,-0.140789,-0.132706,0.476087,0.413354,3.034272,-0.064570
630,1776232188827,12.338412,-144.9863,-148.1510,472.1839,0.163206,-0.704866,0.685661,0.079981,0.488156,-2.108284,2.050841,-0.140573,-0.131959,0.476092,0.413349,3.034277,-0.064619
631,1776232188838,12.349523,-144.8118,-147.7931,472.1799,0.163346,-0.704988,0.685520,0.079828,0.488619,-2.108840,2.050603,-0.140450,-0.131580,0.476087,0.413416,3.034271,-0.064590
632,1776232188849,12.360635,-144.6433,-147.4415,472.1799,0.163202,-0.704808,0.685735,0.079872,0.488174,-2.108245,2.051193,-0.140332,-0.131208,0.476086,0.413377,3.034322,-0.064550
633,1776232188860,12.371746,-144.2585,-146.7360,472.2010,0.162936,-0.704740,0.685837,0.080141,0.487302,-2.107705,2.051171,-0.140049,-0.130455,0.476105,0.413392,3.034466,-0.064498
634,1776232188871,12.382857,-144.0644,-146.3820,472.2131,0.163009,-0.704830,0.685721,0.080188,0.487508,-2.107917,2.050767,-0.139906,-0.130077,0.476116,0.413407,3.034536,-0.064456
635,1776232188882,12.393969,-143.8809,-146.0174,472.2071,0.162851,-0.704721,0.685857,0.080301,0.487000,-2.107451,2.051037,-0.139775,-0.129690,0.476109,0.413383,3.034558,-0.064438
636,1776232188894,12.405080,-143.5316,-145.3139,472.1842,0.162829,-0.704904,0.685683,0.080227,0.486958,-2.108090,2.050607,-0.139527,-0.128944,0.476084,0.413417,3.034518,-0.064288
637,1776232188905,12.416191,-143.3443,-144.9509,472.1832,0.163327,-0.705028,0.685495,0.079725,0.488592,-2.109089,2.050655,-0.139392,-0.128558,0.476082,0.413390,3.034526,-0.064230
638,1776232188916,12.427302,-142.9898,-144.2320,472.1713,0.163142,-0.705018,0.685522,0.079966,0.487969,-2.108756,2.050442,-0.139141,-0.127796,0.476068,0.413514,3.034472,-0.064098
639,1776232188927,12.438414,-142.7997,-143.8714,472.1754,0.163116,-0.705216,0.685318,0.080019,0.487877,-2.109283,2.049767,-0.139003,-0.127412,0.476071,0.413542,3.034496,-0.064035
640,1776232188938,12.449525,-142.6654,-143.4978,472.1534,0.163007,-0.704844,0.685722,0.080053,0.487540,-2.108129,2.050936,-0.138922,-0.127023,0.476048,0.413517,3.034331,-0.063914
641,1776232188949,12.460637,-142.3262,-142.7808,472.1414,0.162691,-0.705072,0.685526,0.080370,0.486503,-2.108414,2.049963,-0.138686,-0.126265,0.476034,0.413272,3.034304,-0.063758
642,1776232188960,12.471748,-142.1260,-142.4126,472.1625,0.162894,-0.705244,0.685313,0.080262,0.487142,-2.109065,2.049459,-0.138539,-0.125872,0.476054,0.413315,3.034474,-0.063834
643,1776232188971,12.482859,-141.9477,-142.0564,472.1776,0.163011,-0.705167,0.685364,0.080265,0.487492,-2.108830,2.049607,-0.138412,-0.125494,0.476068,0.413107,3.034540,-0.063796
644,1776232188982,12.493970,-141.5699,-141.3450,472.2016,0.162760,-0.704939,0.685652,0.080324,0.486724,-2.108073,2.050397,-0.138137,-0.124736,0.476090,0.413068,3.034766,-0.063770
645,1776232188994,12.505081,-141.3917,-140.9686,472.2277,0.162728,-0.704839,0.685767,0.080277,0.486641,-2.107834,2.050799,-0.138013,-0.124338,0.476115,0.413199,3.034891,-0.063837
646,1776232189005,12.516192,-141.2232,-140.6181,472.2287,0.162740,-0.704897,0.685690,0.080405,0.486640,-2.107846,2.050414,-0.137895,-0.123967,0.476115,0.413226,3.034963,-0.063712
647,1776232189016,12.527304,-140.9237,-139.8966,472.2097,0.162954,-0.705117,0.685454,0.080053,0.487382,-2.108946,2.050135,-0.137699,-0.123210,0.476094,0.413276,3.034959,-0.063584
648,1776232189027,12.538415,-140.6279,-139.1806,472.1857,0.163110,-0.705150,0.685380,0.080083,0.487839,-2.109004,2.049877,-0.137506,-0.122459,0.476068,0.413325,3.034967,-0.063447
649,1776232189038,12.549527,-140.4835,-138.8155,472.1737,0.163226,-0.704778,0.685743,0.080011,0.488208,-2.107982,2.051051,-0.137414,-0.122077,0.476055,0.413403,3.034954,-0.063398
650,1776232189049,12.560638,-140.3209,-138.4641,472.1717,0.162815,-0.704685,0.685893,0.080378,0.486872,-2.107248,2.051053,-0.137302,-0.121706,0.476052,0.413376,3.034973,-0.063371
651,1776232189060,12.571749,-140.0234,-137.7645,472.1437,0.162825,-0.705078,0.685476,0.080476,0.486874,-2.108300,2.049685,-0.137105,-0.120971,0.476022,0.413325,3.034971,-0.063141
652,1776232189071,12.582860,-139.8620,-137.4150,472.1617,0.163008,-0.704857,0.685688,0.080236,0.487491,-2.107937,2.050612,-0.136994,-0.120602,0.476039,0.413264,3.035046,-0.063105
653,1776232189082,12.593972,-139.6981,-137.0689,472.1416,0.162920,-0.704944,0.685596,0.080435,0.487169,-2.107950,2.050093,-0.136880,-0.120236,0.476018,0.413101,3.035014,-0.063044
654,1776232189094,12.605083,-139.3542,-136.3557,472.1607,0.162935,-0.704913,0.685654,0.080181,0.487286,-2.108172,2.050577,-0.136639,-0.119481,0.476035,0.413304,3.035121,-0.062960
655,1776232189105,12.616194,-139.1778,-136.0003,472.1557,0.163076,-0.704926,0.685620,0.080072,0.487741,-2.108350,2.050606,-0.136514,-0.119104,0.476029,0.413349,3.035218,-0.062876
656,1776232189116,12.627306,-139.0216,-135.6369,472.1577,0.162953,-0.704882,0.685685,0.080145,0.487352,-2.108127,2.050715,-0.136410,-0.118722,0.476030,0.413488,3.035224,-0.062922
657,1776232189127,12.638417,-138.7377,-134.9062,472.1357,0.162648,-0.705009,0.685603,0.080355,0.486379,-2.108246,2.050212,-0.136231,-0.117958,0.476006,0.413676,3.035199,-0.062781
658,1776232189138,12.649528,-138.5914,-134.5425,472.1287,0.162793,-0.705054,0.685516,0.080404,0.486800,-2.108317,2.049894,-0.136137,-0.117577,0.475998,0.413595,3.035245,-0.062799
659,1776232189149,12.660640,-138.3013,-133.8106,472.0977,0.162817,-0.705120,0.685433,0.080487,0.486847,-2.108411,2.049545,-0.135952,-0.116811,0.475965,0.413454,3.035261,-0.062709
660,1776232189160,12.671751,-138.1721,-133.4464,472.0727,0.162852,-0.705005,0.685562,0.080327,0.486996,-2.108267,2.050122,-0.135875,-0.116432,0.475939,0.413321,3.035179,-0.062651
661,1776232189171,12.682862,-137.8208,-132.7102,472.0788,0.162804,-0.705309,0.685248,0.080427,0.486825,-2.109052,2.049065,-0.135630,-0.115653,0.475943,0.413278,3.035382,-0.062757
662,1776232189182,12.693974,-137.6773,-132.3381,472.0768,0.162554,-0.704923,0.685695,0.080515,0.486051,-2.107788,2.050292,-0.135540,-0.115264,0.475940,0.413329,3.035357,-0.062663
663,1776232189194,12.705085,-137.4991,-131.9627,472.0888,0.162495,-0.705217,0.685385,0.080693,0.485826,-2.108445,2.049150,-0.135416,-0.114867,0.475951,0.413399,3.035466,-0.062711
664,1776232189205,12.716196,-137.2140,-131.2030,472.0729,0.162474,-0.705275,0.685354,0.080488,0.485822,-2.108874,2.049307,-0.135240,-0.114074,0.475933,0.413430,3.035345,-0.062652
665,1776232189216,12.727307,-137.0727,-130.8245,472.0589,0.162725,-0.705147,0.685452,0.080276,0.486632,-2.108754,2.049858,-0.135153,-0.113679,0.475918,0.413438,3.035251,-0.062571
666,1776232189227,12.738419,-136.7651,-130.0770,472.0780,0.162858,-0.705439,0.685139,0.080114,0.487077,-2.109831,2.049118,-0.134953,-0.112895,0.475935,0.413302,3.035313,-0.062580
667,1776232189238,12.749530,-136.6455,-129.6954,472.0710,0.162355,-0.705321,0.685305,0.080743,0.485392,-2.108693,2.048853,-0.134888,-0.112500,0.475927,0.413369,3.035270,-0.062507
668,1776232189249,12.760641,-136.5009,-129.3224,472.0780,0.162675,-0.705443,0.685139,0.080447,0.486434,-2.109426,2.048716,-0.134797,-0.112110,0.475933,0.413381,3.035362,-0.062542
669,1776232189260,12.771753,-136.2601,-128.5836,472.0509,0.162523,-0.705107,0.685517,0.080483,0.485968,-2.108376,2.049800,-0.134662,-0.111344,0.475904,0.413295,3.035406,-0.062495
670,1776232189271,12.782864,-136.1484,-128.2009,472.0439,0.162021,-0.705116,0.685589,0.080799,0.484377,-2.108011,2.049631,-0.134605,-0.110949,0.475896,0.413484,3.035411,-0.062528
671,1776232189282,12.793975,-136.0567,-127.8244,472.0148,0.162458,-0.705118,0.685518,0.080509,0.485767,-2.108376,2.049772,-0.134567,-0.110563,0.475866,0.413623,3.035324,-0.062477
672,1776232189294,12.805087,-135.8607,-127.0813,471.9777,0.162582,-0.705257,0.685344,0.080517,0.486136,-2.108783,2.049242,-0.134477,-0.109799,0.475827,0.413735,3.035338,-0.062398
673,1776232189305,12.816198,-135.7760,-126.6967,471.9546,0.162593,-0.705186,0.685416,0.080504,0.486171,-2.108587,2.049474,-0.134447,-0.109406,0.475803,0.413692,3.035261,-0.062389
674,1776232189316,12.827309,-135.5620,-125.9410,471.9326,0.162616,-0.705148,0.685434,0.080639,0.486202,-2.108306,2.049363,-0.134341,-0.108627,0.475779,0.413357,3.035261,-0.062313
675,1776232189327,12.838420,-135.4421,-125.5645,471.9275,0.162582,-0.705224,0.685346,0.080789,0.486058,-2.108345,2.048919,-0.134275,-0.108237,0.475773,0.413131,3.035265,-0.062267
676,1776232189338,12.849532,-135.3121,-125.1815,471.9435,0.162521,-0.705021,0.685543,0.081020,0.485809,-2.107448,2.049225,-0.134200,-0.107839,0.475788,0.413042,3.035274,-0.062296
677,1776232189349,12.860643,-135.0662,-124.4073,471.9755,0.162272,-0.705255,0.685357,0.081055,0.485054,-2.108105,2.048627,-0.134065,-0.107037,0.475818,0.413158,3.035281,-0.062155
678,1776232189360,12.871754,-134.9689,-124.0125,471.9655,0.162373,-0.705199,0.685405,0.080932,0.485391,-2.108091,2.048921,-0.134024,-0.106632,0.475807,0.413072,3.035178,-0.062122
679,1776232189371,12.882865,-134.7367,-123.2141,471.9845,0.162527,-0.705424,0.685159,0.080744,0.485906,-2.108999,2.048414,-0.133906,-0.105808,0.475824,0.413111,3.035131,-0.062045
680,1776232189382,12.893976,-134.5922,-122.8211,472.0166,0.162045,-0.705244,0.685395,0.081278,0.484312,-2.107796,2.048471,-0.133818,-0.105398,0.475855,0.413007,3.035262,-0.062033
681,1776232189394,12.905087,-134.4687,-122.4128,472.0236,0.162530,-0.705299,0.685262,0.080946,0.485858,-2.108375,2.048478,-0.133753,-0.104976,0.475861,0.412989,3.035286,-0.062110
682,1776232189405,12.916198,-134.2555,-121.6279,472.0306,0.162696,-0.705465,0.685061,0.080874,0.486373,-2.108961,2.047962,-0.133652,-0.104168,0.475866,0.412735,3.035262,-0.062018
683,1776232189416,12.927310,-134.1619,-121.2306,472.0246,0.162673,-0.705384,0.685131,0.081030,0.486260,-2.108525,2.047983,-0.133615,-0.103761,0.475859,0.412670,3.035283,-0.061934
684,1776232189427,12.938421,-133.9535,-120.4228,472.0276,0.162417,-0.705482,0.685099,0.080964,0.485514,-2.108897,2.047967,-0.133522,-0.102931,0.475860,0.412952,3.035302,-0.061856
685,1776232189438,12.949532,-133.8464,-120.0234,472.0416,0.162375,-0.705238,0.685343,0.081106,0.485346,-2.107992,2.048525,-0.133472,-0.102520,0.475873,0.412989,3.035370,-0.061840
686,1776232189449,12.960644,-133.7197,-119.6288,472.0546,0.162531,-0.705518,0.685043,0.080895,0.485875,-2.109092,2.047884,-0.133402,-0.102111,0.475885,0.413082,3.035465,-0.061827
687,1776232189460,12.971755,-133.5136,-118.8448,472.0455,0.162707,-0.705412,0.685112,0.080878,0.486404,-2.108797,2.048111,-0.133308,-0.101305,0.475874,0.412862,3.035446,-0.061770
688,1776232189471,12.982866,-133.4161,-118.4490,472.0125,0.162764,-0.705450,0.685048,0.080985,0.486543,-2.108775,2.047788,-0.133267,-0.100899,0.475840,0.412790,3.035286,-0.061823
689,1776232189482,12.993977,-133.3179,-118.0704,471.9964,0.162452,-0.705436,0.685109,0.081206,0.485548,-2.108460,2.047704,-0.133223,-0.100510,0.475823,0.412592,3.035207,-0.061812
690,1776232189494,13.005089,-133.2004,-117.6836,471.9974,0.162945,-0.705400,0.685086,0.080733,0.487159,-2.108941,2.048208,-0.133161,-0.100110,0.475823,0.412535,3.035239,-0.061845
691,1776232189505,13.016200,-132.9922,-116.9132,472.0173,0.162998,-0.705363,0.685120,0.080660,0.487336,-2.108921,2.048397,-0.133063,-0.099317,0.475841,0.412705,3.035218,-0.061834
692,1776232189516,13.027311,-132.7920,-116.1568,472.0492,0.162900,-0.705205,0.685299,0.080714,0.487029,-2.108383,2.048868,-0.132971,-0.098539,0.475871,0.412779,3.035307,-0.061867
693,1776232189527,13.038422,-132.6833,-115.7677,472.0601,0.163094,-0.705339,0.685129,0.080601,0.487640,-2.108923,2.048495,-0.132918,-0.098138,0.475881,0.412909,3.035384,-0.061879
694,1776232189538,13.049533,-132.5965,-115.3766,472.0751,0.163000,-0.705302,0.685182,0.080658,0.487346,-2.108743,2.048586,-0.132887,-0.097738,0.475895,0.412962,3.035422,-0.061902
695,1776232189549,13.060645,-132.3886,-114.6092,472.1020,0.162615,-0.705225,0.685310,0.081020,0.486089,-2.108060,2.048530,-0.132789,-0.096948,0.475920,0.412974,3.035471,-0.061930
696,1776232189560,13.071756,-132.2652,-114.2383,472.1129,0.162608,-0.705397,0.685126,0.081089,0.486049,-2.108488,2.047898,-0.132719,-0.096563,0.475930,0.412788,3.035552,-0.061929
697,1776232189571,13.082867,-132.0329,-113.4835,472.1638,0.162659,-0.705281,0.685253,0.080927,0.486246,-2.108342,2.048473,-0.132595,-0.095782,0.475979,0.412988,3.035694,-0.061897
698,1776232189582,13.093979,-131.9426,-113.0969,472.1717,0.162643,-0.705345,0.685201,0.080842,0.486222,-2.108640,2.048421,-0.132560,-0.095386,0.475986,0.413051,3.035719,-0.061826
699,1776232189594,13.105090,-131.8685,-112.6958,472.1496,0.162629,-0.705509,0.685061,0.080625,0.486244,-2.109401,2.048265,-0.132543,-0.094978,0.475963,0.413244,3.035514,-0.061843
700,1776232189605,13.116201,-131.7096,-111.9183,472.1485,0.162664,-0.705558,0.684994,0.080690,0.486332,-2.109468,2.047985,-0.132495,-0.094185,0.475960,0.413213,3.035367,-0.061855
701,1776232189616,13.127312,-131.5942,-111.5464,472.1804,0.162179,-0.705378,0.685248,0.081089,0.484766,-2.108431,2.048261,-0.132433,-0.093800,0.475991,0.413129,3.035548,-0.061854
702,1776232189627,13.138423,-131.5223,-111.1682,472.1803,0.162149,-0.705317,0.685290,0.081320,0.484611,-2.107960,2.048107,-0.132415,-0.093415,0.475990,0.413115,3.035459,-0.061892
703,1776232189638,13.149535,-131.3847,-110.4201,472.1840,0.162501,-0.705403,0.685194,0.080687,0.485845,-2.109006,2.048586,-0.132384,-0.092654,0.475992,0.413187,3.035386,-0.061915
704,1776232189649,13.160646,-131.3086,-110.0556,472.1839,0.162180,-0.705499,0.685139,0.080946,0.484810,-2.108972,2.048110,-0.132360,-0.092282,0.475991,0.413144,3.035421,-0.061886
705,1776232189660,13.171757,-131.1602,-109.3311,472.1826,0.162501,-0.705602,0.684995,0.080625,0.485861,-2.109681,2.048069,-0.132315,-0.091543,0.475988,0.413175,3.035476,-0.061921
706,1776232189671,13.182869,-131.0917,-108.9696,472.1754,0.162324,-0.705460,0.685168,0.080758,0.485295,-2.109091,2.048422,-0.132298,-0.091175,0.475980,0.413271,3.035451,-0.061848
707,1776232189682,13.193980,-131.0094,-108.6111,472.1872,0.162525,-0.705409,0.685182,0.080681,0.485918,-2.109032,2.048559,-0.132267,-0.090808,0.475991,0.413141,3.035515,-0.061861
708,1776232189694,13.205091,-130.8487,-107.8924,472.1849,0.162567,-0.705367,0.685208,0.080749,0.486024,-2.108822,2.048552,-0.132209,-0.090073,0.475987,0.412966,3.035620,-0.061821
709,1776232189705,13.216203,-130.7604,-107.5196,472.1908,0.162210,-0.705560,0.685053,0.081093,0.484859,-2.108971,2.047672,-0.132174,-0.089691,0.475992,0.413088,3.035701,-0.061731
710,1776232189716,13.227314,-130.7154,-107.1114,472.1707,0.161879,-0.705339,0.685336,0.081287,0.483814,-2.108067,2.048284,-0.132187,-0.089280,0.475971,0.413220,3.035613,-0.061799
711,1776232189727,13.238425,-130.5844,-106.3250,472.1575,0.162407,-0.705506,0.685109,0.080693,0.485561,-2.109309,2.048325,-0.132168,-0.088482,0.475956,0.413525,3.035582,-0.061787
712,1776232189738,13.249536,-130.5322,-105.9299,472.1374,0.162180,-0.705475,0.685172,0.080878,0.484830,-2.108986,2.048290,-0.132172,-0.088083,0.475935,0.413702,3.035471,-0.061765
713,1776232189749,13.260647,-130.4424,-105.1568,472.1200,0.162336,-0.705595,0.685023,0.080784,0.485324,-2.109461,2.047956,-0.132192,-0.087304,0.475916,0.413496,3.035381,-0.061669
714,1776232189760,13.271759,-130.3857,-104.7725,472.1179,0.162596,-0.705449,0.685114,0.080766,0.486107,-2.109045,2.048252,-0.132190,-0.086915,0.475913,0.413365,3.035440,-0.061727
715,1776232189771,13.282870,-130.3593,-104.3808,472.0977,0.161774,-0.705371,0.685288,0.081618,0.483405,-2.107750,2.047740,-0.132219,-0.086523,0.475892,0.413328,3.035338,-0.061762
716,1776232189782,13.293981,-130.2652,-103.6064,472.0774,0.162495,-0.705570,0.685023,0.080682,0.485826,-2.109515,2.048082,-0.132235,-0.085742,0.475870,0.413493,3.035403,-0.061724
717,1776232189794,13.305092,-130.2158,-103.2170,472.0813,0.162121,-0.705370,0.685268,0.081103,0.484587,-2.108389,2.048305,-0.132241,-0.085349,0.475873,0.413561,3.035454,-0.061711
718,1776232189805,13.316204,-130.0803,-102.4636,472.1010,0.161833,-0.705418,0.685248,0.081426,0.483636,-2.108129,2.047853,-0.132213,-0.084583,0.475891,0.413653,3.035677,-0.061685
719,1776232189816,13.327315,-130.0065,-102.0798,472.1198,0.161583,-0.705373,0.685319,0.081722,0.482803,-2.107625,2.047706,-0.132194,-0.084192,0.475909,0.413755,3.035854,-0.061700
720,1776232189827,13.338426,-129.8852,-101.3546,472.1344,0.161632,-0.705260,0.685438,0.081602,0.482983,-2.107437,2.048206,-0.132176,-0.083456,0.475922,0.413327,3.036063,-0.061642
721,1776232189838,13.349537,-129.8209,-100.9744,472.1393,0.161644,-0.705315,0.685378,0.081601,0.483022,-2.107604,2.048028,-0.132166,-0.083070,0.475926,0.413487,3.036116,-0.061639
722,1776232189849,13.360649,-129.7857,-100.5850,472.1391,0.161433,-0.705502,0.685245,0.081523,0.482413,-2.108260,2.047725,-0.132186,-0.082679,0.475925,0.413589,3.036152,-0.061625
723,1776232189860,13.371760,-129.7441,-99.8030,472.1147,0.161627,-0.705554,0.685163,0.081379,0.483033,-2.108595,2.047655,-0.132255,-0.081898,0.475899,0.413592,3.036091,-0.061586
724,1776232189871,13.382871,-129.6988,-99.4211,472.1115,0.161575,-0.705570,0.685159,0.081377,0.482879,-2.108646,2.047645,-0.132264,-0.081513,0.475895,0.413713,3.036097,-0.061638
725,1776232189882,13.393983,-129.6631,-99.0429,472.1163,0.161543,-0.705620,0.685109,0.081423,0.482769,-2.108737,2.047441,-0.132282,-0.081133,0.475899,0.413768,3.036215,-0.061576
726,1776232189894,13.405094,-129.6105,-98.3048,472.0799,0.161347,-0.705519,0.685212,0.081821,0.482069,-2.107940,2.047266,-0.132334,-0.080394,0.475861,0.413302,3.036260,-0.061522
727,1776232189905,13.416205,-129.5970,-97.8982,472.0747,0.161345,-0.705577,0.685154,0.081810,0.482066,-2.108126,2.047107,-0.132378,-0.079989,0.475855,0.413312,3.036245,-0.061623
728,1776232189916,13.427316,-129.5596,-97.5081,472.0665,0.161587,-0.705614,0.685084,0.081600,0.482850,-2.108497,2.047152,-0.132396,-0.079597,0.475846,0.413300,3.036263,-0.061619
729,1776232189927,13.438428,-129.4891,-96.6941,472.0702,0.161573,-0.705485,0.685235,0.081471,0.482847,-2.108275,2.047760,-0.132441,-0.078780,0.475848,0.413402,3.036261,-0.061666
730,1776232189938,13.449539,-129.4428,-96.2982,472.0860,0.161801,-0.705588,0.685076,0.081463,0.483530,-2.108593,2.047293,-0.132451,-0.078381,0.475863,0.413417,3.036246,-0.061600
731,1776232189949,13.460650,-129.3351,-95.4855,472.1178,0.161696,-0.705501,0.685180,0.081552,0.483190,-2.108222,2.047497,-0.132459,-0.077560,0.475893,0.413096,3.036323,-0.061640
732,1776232189960,13.471762,-129.2767,-95.0682,472.1377,0.161617,-0.705418,0.685249,0.081842,0.482872,-2.107612,2.047352,-0.132460,-0.077138,0.475912,0.412981,3.036394,-0.061728
733,1776232189971,13.482873,-129.2109,-94.6702,472.1645,0.161866,-0.705560,0.685087,0.081491,0.483714,-2.108474,2.047291,-0.132451,-0.076734,0.475938,0.412999,3.036422,-0.061659
734,1776232189982,13.493984,-129.1097,-93.8324,472.1973,0.161650,-0.705685,0.685010,0.081483,0.483071,-2.108858,2.047071,-0.132469,-0.075889,0.475969,0.413329,3.036363,-0.061726
735,1776232189994,13.505095,-129.0853,-93.4274,472.2061,0.161820,-0.705794,0.684880,0.081292,0.483635,-2.109421,2.046916,-0.132502,-0.075484,0.475977,0.413346,3.036259,-0.061623
736,1776232190005,13.516206,-129.0127,-92.5926,472.2208,0.161596,-0.705707,0.684985,0.081606,0.482877,-2.108771,2.046848,-0.132548,-0.074646,0.475990,0.413395,3.036156,-0.061732
737,1776232190016,13.527318,-128.9703,-92.1892,472.2416,0.161725,-0.705672,0.684975,0.081740,0.483222,-2.108496,2.046657,-0.132563,-0.074240,0.476010,0.413169,3.036217,-0.061815
738,1776232190027,13.538429,-128.8973,-91.3937,472.2603,0.161819,-0.705740,0.684881,0.081753,0.483501,-2.108686,2.046359,-0.132603,-0.073441,0.476027,0.413075,3.036248,-0.061699
739,1776232190038,13.549540,-128.8440,-90.9838,472.2811,0.161547,-0.705712,0.684958,0.081886,0.482648,-2.108436,2.046430,-0.132608,-0.073027,0.476047,0.413252,3.036285,-0.061769
740,1776232190049,13.560652,-128.8406,-90.5637,472.2599,0.161928,-0.705808,0.684829,0.081389,0.483930,-2.109341,2.046646,-0.132664,-0.072610,0.476025,0.413283,3.036112,-0.061753
741,1776232190060,13.571763,-128.8061,-89.7486,472.2425,0.161989,-0.705790,0.684831,0.081402,0.484109,-2.109272,2.046637,-0.132745,-0.071797,0.476006,0.413169,3.035956,-0.061734
742,1776232190071,13.582874,-128.7509,-89.3470,472.2554,0.161929,-0.705742,0.684873,0.081583,0.483878,-2.108902,2.046543,-0.132747,-0.071391,0.476018,0.413056,3.036039,-0.061818
743,1776232190082,13.593985,-128.7216,-88.9437,472.2562,0.161942,-0.705691,0.684904,0.081743,0.483872,-2.108550,2.046441,-0.132775,-0.070987,0.476018,0.412997,3.036039,-0.061771
744,1776232190094,13.605096,-128.6490,-88.1370,472.2498,0.161964,-0.705729,0.684870,0.081656,0.483962,-2.108772,2.046445,-0.132817,-0.070177,0.476010,0.412977,3.036061,-0.061724
745,1776232190105,13.616208,-128.6021,-87.7231,472.2717,0.161789,-0.705679,0.684968,0.081610,0.483452,-2.108681,2.046792,-0.132829,-0.069760,0.476031,0.413194,3.036138,-0.061758
746,1776232190116,13.627319,-128.5651,-86.8903,472.2683,0.161961,-0.705723,0.684911,0.081370,0.484033,-2.109112,2.046913,-0.132910,-0.068929,0.476026,0.413415,3.036112,-0.061783
747,1776232190127,13.638430,-128.5241,-86.4967,472.2831,0.161938,-0.705757,0.684871,0.081453,0.483942,-2.109108,2.046694,-0.132925,-0.068533,0.476040,0.413485,3.036209,-0.061759
748,1776232190138,13.649541,-128.5005,-86.1118,472.2798,0.162057,-0.705749,0.684834,0.081596,0.484255,-2.108908,2.046410,-0.132956,-0.068148,0.476036,0.413237,3.036274,-0.061771
749,1776232190149,13.660652,-128.4666,-85.3501,472.2853,0.161846,-0.705683,0.684929,0.081792,0.483571,-2.108464,2.046456,-0.133030,-0.067388,0.476040,0.412843,3.036320,-0.061772
750,1776232190160,13.671764,-128.4463,-84.9677,472.2910,0.161885,-0.705793,0.684821,0.081668,0.483722,-2.108949,2.046284,-0.133064,-0.067006,0.476045,0.413053,3.036369,-0.061699
751,1776232190171,13.682875,-128.4649,-84.1986,472.2915,0.161929,-0.705934,0.684678,0.081561,0.483883,-2.109503,2.045986,-0.133191,-0.066246,0.476044,0.412984,3.036291,-0.061758
752,1776232190182,13.693986,-128.4941,-83.8021,472.2762,0.162046,-0.705777,0.684835,0.081375,0.484288,-2.109265,2.046679,-0.133276,-0.065857,0.476028,0.413051,3.036182,-0.061786
753,1776232190194,13.705097,-128.4965,-83.4226,472.2799,0.162059,-0.705882,0.684700,0.081572,0.484270,-2.109335,2.046037,-0.133332,-0.065481,0.476031,0.412972,3.036193,-0.061851
754,1776232190205,13.716208,-128.5236,-82.6643,472.2692,0.161978,-0.705732,0.684852,0.081750,0.483977,-2.108665,2.046278,-0.133466,-0.064733,0.476019,0.412647,3.036232,-0.061962
755,1776232190216,13.727320,-128.5465,-82.2728,472.2649,0.162262,-0.705623,0.684919,0.081567,0.484877,-2.108566,2.046699,-0.133544,-0.064348,0.476014,0.412686,3.036172,-0.062009
756,1776232190227,13.738431,-128.5598,-81.4954,472.2734,0.162197,-0.705527,0.685060,0.081345,0.484745,-2.108557,2.047387,-0.133667,-0.063579,0.476021,0.413073,3.036163,-0.062061
757,1776232190238,13.749542,-128.5652,-81.1154,472.2791,0.162120,-0.705623,0.684956,0.081533,0.484462,-2.108611,2.046851,-0.133726,-0.063203,0.476026,0.413123,3.036219,-0.062014
758,1776232190249,13.760653,-128.5824,-80.7196,472.2678,0.162351,-0.705559,0.684982,0.081411,0.485188,-2.108572,2.047077,-0.133799,-0.062813,0.476014,0.413156,3.036140,-0.062049
759,1776232190260,13.771765,-128.6164,-79.9110,472.2522,0.162261,-0.705477,0.685058,0.081662,0.484847,-2.108012,2.047000,-0.133947,-0.062016,0.475997,0.413089,3.036074,-0.062143
760,1776232190271,13.782876,-128.6083,-79.5360,472.2599,0.162236,-0.705603,0.684917,0.081812,0.484730,-2.108200,2.046395,-0.133992,-0.061643,0.476004,0.412899,3.036126,-0.062148
761,1776232190282,13.793987,-128.6247,-79.1342,472.2316,0.162063,-0.705545,0.685008,0.081884,0.484193,-2.107939,2.046582,-0.134065,-0.061247,0.475975,0.412874,3.036037,-0.062191
762,1776232190294,13.805098,-128.6085,-78.3560,472.2431,0.162217,-0.705579,0.684961,0.081690,0.484708,-2.108282,2.046674,-0.134159,-0.060473,0.475985,0.412711,3.036120,-0.062209
763,1776232190305,13.816210,-128.6150,-77.9557,472.2408,0.162463,-0.705609,0.684895,0.081493,0.485500,-2.108617,2.046715,-0.134222,-0.060077,0.475982,0.412722,3.036128,-0.062281
764,1776232190316,13.827321,-128.6206,-77.1532,472.2412,0.162517,-0.705594,0.684908,0.081397,0.485687,-2.108694,2.046873,-0.134341,-0.059282,0.475981,0.412670,3.036174,-0.062364
765,1776232190327,13.838432,-128.6183,-76.7623,472.2420,0.162733,-0.705510,0.684949,0.081354,0.486346,-2.108496,2.047046,-0.134394,-0.058894,0.475981,0.412644,3.036187,-0.062401
766,1776232190338,13.849544,-128.6277,-76.3686,472.2287,0.162483,-0.705615,0.684851,0.081771,0.485480,-2.108288,2.046247,-0.134459,-0.058505,0.475967,0.412514,3.036146,-0.062418
767,1776232190349,13.860655,-128.6017,-75.5928,472.2391,0.162350,-0.705423,0.685077,0.081798,0.485073,-2.107680,2.046890,-0.134543,-0.057732,0.475976,0.412611,3.036257,-0.062359
768,1776232190360,13.871766,-128.6014,-75.1733,472.2348,0.162406,-0.705416,0.685110,0.081474,0.485335,-2.108064,2.047381,-0.134602,-0.057316,0.475971,0.412937,3.036259,-0.062410
769,1776232190371,13.882877,-128.6077,-74.3828,472.2332,0.162378,-0.705431,0.685098,0.081491,0.485246,-2.108088,2.047326,-0.134720,-0.056533,0.475968,0.412946,3.036265,-0.062384
770,1776232190382,13.893989,-128.6246,-73.9709,472.2100,0.162382,-0.705540,0.684972,0.081595,0.485228,-2.108285,2.046823,-0.134795,-0.056127,0.475944,0.412995,3.036159,-0.062446
771,1776232190394,13.905100,-128.6108,-73.5917,472.2317,0.162438,-0.705417,0.685067,0.081752,0.485350,-2.107722,2.046917,-0.134835,-0.055749,0.475965,0.412797,3.036320,-0.062357
772,1776232190405,13.916211,-128.6249,-72.7990,472.2241,0.162471,-0.705275,0.685192,0.081865,0.485417,-2.107156,2.047154,-0.134961,-0.054965,0.475956,0.412641,3.036417,-0.062366
773,1776232190416,13.927323,-128.6459,-72.3876,472.2148,0.162349,-0.705216,0.685285,0.081840,0.485058,-2.107011,2.047461,-0.135040,-0.054560,0.475946,0.412778,3.036410,-0.062374
774,1776232190427,13.938434,-128.6737,-71.9813,472.2125,0.162495,-0.705445,0.685032,0.081694,0.485537,-2.107877,2.046882,-0.135125,-0.054161,0.475943,0.412854,3.036369,-0.062375
775,1776232190438,13.949545,-128.7440,-71.1867,472.1858,0.162253,-0.705502,0.685022,0.081765,0.484793,-2.107959,2.046767,-0.135307,-0.053383,0.475915,0.412868,3.036224,-0.062373
776,1776232190449,13.960657,-128.7534,-70.8002,472.1955,0.162251,-0.705624,0.684886,0.081859,0.484759,-2.108205,2.046247,-0.135371,-0.053001,0.475924,0.412927,3.036304,-0.062351
777,1776232190460,13.971768,-128.8147,-70.0201,472.2068,0.162341,-0.705518,0.684951,0.082056,0.484974,-2.107641,2.046200,-0.135542,-0.052236,0.475934,0.412681,3.036400,-0.062287
778,1776232190471,13.982879,-128.8638,-69.6006,472.1824,0.162399,-0.705807,0.684661,0.081862,0.485202,-2.108749,2.045571,-0.135650,-0.051827,0.475909,0.412718,3.036316,-0.062343
779,1776232190482,13.993990,-128.9019,-69.1888,472.1711,0.162334,-0.705789,0.684713,0.081720,0.485047,-2.108872,2.045897,-0.135746,-0.051424,0.475897,0.412797,3.036294,-0.062309
780,1776232190494,14.005102,-128.9526,-68.3769,472.1685,0.162168,-0.705835,0.684669,0.082012,0.484469,-2.108646,2.045413,-0.135911,-0.050626,0.475893,0.413062,3.036308,-0.062300
781,1776232190505,14.016213,-128.9724,-67.9717,472.1621,0.162170,-0.705524,0.685009,0.081852,0.484521,-2.107914,2.046623,-0.135988,-0.050227,0.475886,0.413059,3.036340,-0.062305
782,1776232190516,14.027324,-129.0359,-67.1439,472.1395,0.162323,-0.705692,0.684797,0.081875,0.484969,-2.108390,2.045960,-0.136168,-0.049415,0.475862,0.412966,3.036341,-0.062309
783,1776232190527,14.038435,-129.0809,-66.7170,472.1012,0.162592,-0.705509,0.684958,0.081567,0.485863,-2.108227,2.046816,-0.136273,-0.048998,0.475823,0.412901,3.036185,-0.062440
784,1776232190538,14.049547,-129.0893,-66.3094,472.1049,0.162219,-0.705812,0.684687,0.081967,0.484634,-2.108631,2.045520,-0.136339,-0.048595,0.475826,0.412801,3.036310,-0.062431
785,1776232190549,14.060658,-129.1296,-65.4466,472.0973,0.162198,-0.705616,0.684908,0.081851,0.484605,-2.108190,2.046322,-0.136501,-0.047745,0.475817,0.412980,3.036371,-0.062463
786,1776232190560,14.071769,-129.1709,-65.0082,472.0640,0.162087,-0.705931,0.684610,0.081849,0.484273,-2.109134,2.045432,-0.136604,-0.047316,0.475783,0.412955,3.036294,-0.062453
787,1776232190571,14.082880,-129.2149,-64.1640,472.0454,0.162441,-0.705613,0.684903,0.081431,0.485451,-2.108707,2.046815,-0.136767,-0.046485,0.475763,0.413100,3.036282,-0.062428
788,1776232190582,14.093992,-129.2395,-63.7501,472.0381,0.162205,-0.705615,0.684938,0.081593,0.484699,-2.108511,2.046722,-0.136850,-0.046078,0.475755,0.412985,3.036302,-0.062450
789,1776232190594,14.105103,-129.2539,-63.3629,472.0537,0.162118,-0.705945,0.684576,0.081943,0.484339,-2.109061,2.045219,-0.136919,-0.045696,0.475770,0.412755,3.036435,-0.062354
790,1776232190605,14.116215,-129.2919,-62.5549,472.0630,0.162027,-0.705501,0.685073,0.081800,0.484109,-2.107912,2.046875,-0.137071,-0.044900,0.475778,0.412842,3.036562,-0.062350
791,1776232190616,14.127326,-129.3430,-62.1281,472.0487,0.162055,-0.705637,0.684944,0.081649,0.484234,-2.108506,2.046674,-0.137182,-0.044484,0.475763,0.413053,3.036471,-0.062461
792,1776232190627,14.138437,-129.4337,-61.3065,472.0100,0.162055,-0.705627,0.684968,0.081535,0.484267,-2.108617,2.046884,-0.137388,-0.043682,0.475723,0.413316,3.036383,-0.062535
793,1776232190638,14.149549,-129.4619,-60.9173,472.0406,0.161898,-0.705693,0.684907,0.081783,0.483728,-2.108507,2.046402,-0.137471,-0.043300,0.475753,0.413349,3.036510,-0.062419
794,1776232190649,14.160660,-129.4897,-60.5322,472.0482,0.162034,-0.705889,0.684668,0.081823,0.484122,-2.109043,2.045638,-0.137553,-0.042922,0.475760,0.413330,3.036641,-0.062337
795,1776232190660,14.171771,-129.5843,-59.7383,472.0285,0.161935,-0.705840,0.684708,0.082110,0.483746,-2.108539,2.045410,-0.137759,-0.042148,0.475739,0.413133,3.036698,-0.062320
796,1776232190671,14.182882,-129.6254,-59.3473,472.0361,0.162020,-0.705712,0.684844,0.081911,0.484056,-2.108403,2.046058,-0.137855,-0.041766,0.475746,0.413064,3.036747,-0.062269
797,1776232190682,14.193994,-129.6768,-58.9437,472.0317,0.161919,-0.705662,0.684909,0.081996,0.483728,-2.108147,2.046150,-0.137963,-0.041373,0.475741,0.413125,3.036752,-0.062301
798,1776232190694,14.205105,-129.7458,-58.2110,472.0689,0.161839,-0.705745,0.684834,0.082065,0.483472,-2.108310,2.045842,-0.138135,-0.040656,0.475777,0.412823,3.037020,-0.062227
799,1776232190705,14.216216,-129.8032,-57.8207,472.0585,0.161764,-0.705743,0.684856,0.082043,0.483253,-2.108331,2.045934,-0.138247,-0.040277,0.475766,0.412839,3.036985,-0.062245
800,1776232190716,14.227328,-129.9083,-57.0436,472.0866,0.161861,-0.705783,0.684800,0.081978,0.483561,-2.108532,2.045845,-0.138461,-0.039521,0.475793,0.412833,3.037123,-0.062198
801,1776232190727,14.238439,-129.9800,-56.6341,472.0752,0.161854,-0.705651,0.684942,0.081942,0.483551,-2.108183,2.046313,-0.138590,-0.039125,0.475781,0.412737,3.037035,-0.062349
802,1776232190738,14.249550,-130.0238,-56.2478,472.0928,0.161821,-0.705606,0.684988,0.082014,0.483432,-2.107957,2.046363,-0.138688,-0.038748,0.475798,0.412583,3.037194,-0.062321
803,1776232190749,14.260661,-130.1229,-55.4504,472.1210,0.161794,-0.705623,0.684989,0.081909,0.483381,-2.108141,2.046494,-0.138899,-0.037971,0.475825,0.412725,3.037311,-0.062300
804,1776232190760,14.271773,-130.1842,-55.0384,472.1206,0.161724,-0.705646,0.684989,0.081845,0.483191,-2.108290,2.046571,-0.139018,-0.037571,0.475824,0.412916,3.037294,-0.062335
805,1776232190771,14.282884,-130.3085,-54.2192,472.1038,0.161734,-0.705591,0.685061,0.081699,0.483261,-2.108307,2.046963,-0.139257,-0.036776,0.475806,0.413158,3.037307,-0.062412
806,1776232190782,14.293995,-130.3733,-53.8249,472.1094,0.161774,-0.705695,0.684945,0.081699,0.483380,-2.108618,2.046615,-0.139377,-0.036394,0.475811,0.413180,3.037295,-0.062364
807,1776232190794,14.305107,-130.4446,-53.4196,472.1200,0.161641,-0.705582,0.685085,0.081756,0.482966,-2.108210,2.046967,-0.139505,-0.036002,0.475821,0.413159,3.037348,-0.062366
808,1776232190805,14.316218,-130.6079,-52.6119,472.0761,0.161744,-0.705621,0.685019,0.081768,0.483272,-2.108311,2.046754,-0.139781,-0.035224,0.475776,0.413008,3.037203,-0.062517
809,1776232190816,14.327329,-130.6886,-52.2366,472.0787,0.161661,-0.705619,0.685008,0.082047,0.482942,-2.107956,2.046383,-0.139914,-0.034863,0.475778,0.412773,3.037213,-0.062440
810,1776232190827,14.338440,-130.8620,-51.4436,472.0438,0.161754,-0.705754,0.684862,0.081926,0.483257,-2.108510,2.046094,-0.140198,-0.034101,0.475742,0.412717,3.037158,-0.062555
811,1776232190838,14.349552,-130.9393,-51.0657,472.0473,0.161821,-0.705618,0.684973,0.082033,0.483424,-2.107970,2.046297,-0.140328,-0.033737,0.475745,0.412536,3.037224,-0.062563
812,1776232190849,14.360663,-131.0348,-50.6670,472.0428,0.161803,-0.705660,0.684957,0.081846,0.483424,-2.108327,2.046473,-0.140479,-0.033355,0.475740,0.412544,3.037187,-0.062589
813,1776232190860,14.371774,-131.2102,-49.9011,472.0339,0.162069,-0.705589,0.684980,0.081734,0.484252,-2.108256,2.046679,-0.140761,-0.032620,0.475730,0.412629,3.037188,-0.062586
814,1776232190871,14.382885,-131.2852,-49.5285,472.0274,0.161599,-0.705606,0.685047,0.081956,0.482783,-2.108032,2.046610,-0.140888,-0.032261,0.475723,0.412744,3.037247,-0.062529
815,1776232190882,14.393996,-131.3825,-49.1355,472.0110,0.161716,-0.705699,0.684917,0.082008,0.483120,-2.108244,2.046158,-0.141040,-0.031885,0.475706,0.412719,3.037199,-0.062657
816,1776232190894,14.405108,-131.5521,-48.3856,472.0010,0.161738,-0.705376,0.685255,0.081928,0.483207,-2.107379,2.047264,-0.141314,-0.031165,0.475695,0.412665,3.037342,-0.062612
817,1776232190905,14.416219,-131.6446,-48.0085,472.0075,0.161945,-0.705438,0.685134,0.081992,0.483808,-2.107486,2.046825,-0.141459,-0.030804,0.475701,0.412600,3.037430,-0.062531
818,1776232190916,14.427330,-131.8605,-47.2086,471.9795,0.161952,-0.705372,0.685198,0.082005,0.483826,-2.107270,2.047003,-0.141786,-0.030041,0.475672,0.412285,3.037335,-0.062679
819,1776232190927,14.438441,-131.9423,-46.8129,471.9951,0.161654,-0.705333,0.685270,0.082331,0.482840,-2.106748,2.046823,-0.141923,-0.029660,0.475687,0.412502,3.037418,-0.062617
820,1776232190938,14.449553,-132.0408,-46.4210,472.0066,0.161664,-0.705293,0.685305,0.082367,0.482861,-2.106583,2.046884,-0.142076,-0.029285,0.475698,0.412464,3.037448,-0.062549
821,1776232190949,14.460664,-132.2201,-45.6405,472.0427,0.161570,-0.705273,0.685342,0.082414,0.482567,-2.106465,2.046936,-0.142364,-0.028536,0.475733,0.412699,3.037546,-0.062435
822,1776232190960,14.471775,-132.3123,-45.2606,472.0602,0.161573,-0.705295,0.685319,0.082403,0.482580,-2.106546,2.046881,-0.142509,-0.028172,0.475750,0.412725,3.037594,-0.062393
823,1776232190971,14.482887,-132.4961,-44.4835,472.0742,0.161562,-0.705220,0.685396,0.082433,0.482536,-2.106282,2.047075,-0.142801,-0.027427,0.475763,0.412705,3.037678,-0.062407
824,1776232190982,14.493998,-132.5985,-44.0980,472.0787,0.161558,-0.705201,0.685410,0.082490,0.482509,-2.106155,2.047048,-0.142957,-0.027059,0.475767,0.412717,3.037655,-0.062364
825,1776232190994,14.505109,-132.7076,-43.6954,472.0593,0.161675,-0.705298,0.685304,0.082307,0.482912,-2.106674,2.046952,-0.143122,-0.026675,0.475747,0.412652,3.037589,-0.062444
826,1776232191005,14.516220,-132.8937,-42.9271,472.0873,0.161567,-0.705188,0.685407,0.082598,0.482507,-2.105983,2.046909,-0.143415,-0.025939,0.475774,0.412508,3.037717,-0.062387
827,1776232191016,14.527332,-132.9815,-42.5517,472.0968,0.161679,-0.705214,0.685355,0.082597,0.482842,-2.106060,2.046754,-0.143555,-0.025579,0.475783,0.412428,3.037781,-0.062389
828,1776232191027,14.538443,-133.1821,-41.7793,472.0868,0.161691,-0.705263,0.685292,0.082678,0.482854,-2.106106,2.046468,-0.143863,-0.024841,0.475772,0.412105,3.037745,-0.062381
829,1776232191038,14.549554,-133.2830,-41.3758,472.0813,0.161848,-0.705083,0.685462,0.082488,0.483377,-2.105808,2.047207,-0.144020,-0.024455,0.475766,0.412013,3.037734,-0.062451
830,1776232191049,14.560665,-133.3757,-40.9715,472.0789,0.161704,-0.705128,0.685427,0.082682,0.482890,-2.105699,2.046867,-0.144169,-0.024067,0.475763,0.412039,3.037759,-0.062473
831,1776232191060,14.571776,-133.5597,-40.1742,472.0819,0.161750,-0.705025,0.685538,0.082549,0.483066,-2.105556,2.047360,-0.144464,-0.023302,0.475765,0.412165,3.037731,-0.062463
832,1776232191071,14.582888,-133.6498,-39.7652,472.0745,0.161619,-0.705076,0.685506,0.082639,0.482650,-2.105596,2.047154,-0.144611,-0.022909,0.475757,0.412222,3.037713,-0.062504
833,1776232191082,14.593999,-133.7519,-39.3636,472.0720,0.161845,-0.705097,0.685444,0.082528,0.483354,-2.105797,2.047104,-0.144769,-0.022525,0.475754,0.412175,3.037655,-0.062519
834,1776232191094,14.605111,-133.9348,-38.5796,472.0851,0.161836,-0.705091,0.685467,0.082410,0.483362,-2.105925,2.047316,-0.145061,-0.021773,0.475766,0.412372,3.037601,-0.062465
835,1776232191105,14.616222,-134.0366,-38.1751,472.0886,0.161779,-0.705044,0.685512,0.082554,0.483151,-2.105606,2.047274,-0.145219,-0.021386,0.475769,0.412300,3.037594,-0.062488
836,1776232191116,14.627333,-134.1420,-37.7821,472.0981,0.161785,-0.704967,0.685587,0.082572,0.483163,-2.105354,2.047478,-0.145379,-0.021011,0.475778,0.412149,3.037571,-0.062481
837,1776232191127,14.638444,-134.3535,-37.0082,472.0821,0.161852,-0.704943,0.685589,0.082625,0.483350,-2.105217,2.047420,-0.145698,-0.020273,0.475761,0.411950,3.037558,-0.062486
838,1776232191138,14.649555,-134.4809,-36.5990,472.0646,0.161901,-0.705028,0.685481,0.082701,0.483473,-2.105377,2.047003,-0.145882,-0.019885,0.475743,0.411722,3.037490,-0.062578
839,1776232191149,14.660667,-134.7044,-35.8385,472.0525,0.161706,-0.705092,0.685457,0.082737,0.482880,-2.105522,2.046891,-0.146211,-0.019162,0.475730,0.411724,3.037525,-0.062553
840,1776232191160,14.671778,-134.8384,-35.4476,472.0450,0.161880,-0.704900,0.685617,0.082708,0.483408,-2.104985,2.047404,-0.146399,-0.018793,0.475722,0.411779,3.037486,-0.062534
841,1776232191171,14.682889,-135.1113,-34.6580,472.0039,0.162130,-0.705001,0.685514,0.082212,0.484298,-2.105903,2.047694,-0.146781,-0.018048,0.475680,0.411991,3.037297,-0.062662
842,1776232191183,14.694000,-135.2209,-34.3018,472.0204,0.161788,-0.704981,0.685578,0.082513,0.483190,-2.105470,2.047523,-0.146940,-0.017710,0.475696,0.412110,3.037413,-0.062506
843,1776232191194,14.705112,-135.3653,-33.8983,472.0089,0.161476,-0.705081,0.685507,0.082869,0.482157,-2.105325,2.046879,-0.147140,-0.017330,0.475684,0.412144,3.037327,-0.062570
844,1776232191205,14.716223,-135.6238,-33.1349,472.0068,0.161680,-0.704876,0.685707,0.082550,0.482857,-2.105112,2.047864,-0.147504,-0.016609,0.475681,0.412349,3.037328,-0.062490
845,1776232191216,14.727334,-135.7466,-32.7577,472.0043,0.161988,-0.705034,0.685498,0.082340,0.483837,-2.105843,2.047492,-0.147679,-0.016252,0.475678,0.412366,3.037368,-0.062436
846,1776232191227,14.738445,-135.9849,-32.0223,472.0192,0.161759,-0.704994,0.685566,0.082566,0.483089,-2.105441,2.047422,-0.148019,-0.015556,0.475692,0.412434,3.037535,-0.062284
847,1776232191238,14.749556,-136.1130,-31.6464,472.0206,0.161875,-0.705057,0.685473,0.082569,0.483433,-2.105628,2.047141,-0.148199,-0.015201,0.475693,0.412448,3.037562,-0.062227
848,1776232191249,14.760668,-136.2420,-31.2491,472.0211,0.161651,-0.704989,0.685573,0.082758,0.482712,-2.105190,2.047211,-0.148383,-0.014825,0.475693,0.412526,3.037603,-0.062282
849,1776232191260,14.771779,-136.4821,-30.5398,472.0530,0.161646,-0.705066,0.685480,0.082884,0.482661,-2.105262,2.046780,-0.148721,-0.014155,0.475724,0.412362,3.037828,-0.062024
850,1776232191271,14.782890,-136.6185,-30.1585,472.0435,0.161680,-0.704816,0.685749,0.082715,0.482809,-2.104727,2.047789,-0.148910,-0.013796,0.475714,0.412354,3.037815,-0.062060
851,1776232191283,14.794002,-136.7488,-29.7984,472.0639,0.161834,-0.704885,0.685635,0.082771,0.483254,-2.104862,2.047381,-0.149090,-0.013457,0.475734,0.412260,3.037867,-0.061926
852,1776232191294,14.805113,-137.0329,-29.0445,472.0578,0.161660,-0.704834,0.685732,0.082744,0.482742,-2.104745,2.047702,-0.149478,-0.012749,0.475727,0.412132,3.037841,-0.061925
853,1776232191305,14.816224,-137.1685,-28.6715,472.0602,0.161806,-0.705005,0.685520,0.082761,0.483172,-2.105233,2.047050,-0.149665,-0.012398,0.475729,0.412001,3.037850,-0.061970
854,1776232191316,14.827335,-137.4306,-27.9329,472.0841,0.161592,-0.705085,0.685472,0.082894,0.482495,-2.105307,2.046745,-0.150029,-0.011702,0.475752,0.411928,3.037929,-0.061864
855,1776232191327,14.838447,-137.5652,-27.5530,472.0916,0.161776,-0.704940,0.685602,0.082695,0.483102,-2.105120,2.047373,-0.150216,-0.011344,0.475759,0.411938,3.037914,-0.061866
856,1776232191338,14.849558,-137.6903,-27.1775,472.1101,0.161712,-0.705152,0.685383,0.082828,0.482872,-2.105588,2.046558,-0.150393,-0.010989,0.475777,0.411961,3.037969,-0.061834
857,1776232191349,14.860669,-137.9631,-26.4081,472.1120,0.161693,-0.705006,0.685544,0.082773,0.482831,-2.105222,2.047105,-0.150772,-0.010264,0.475778,0.412045,3.037959,-0.061858
858,1776232191360,14.871781,-138.0994,-26.0189,472.1075,0.161597,-0.705093,0.685479,0.082759,0.482551,-2.105499,2.046927,-0.150962,-0.009897,0.475773,0.412147,3.037926,-0.061880
859,1776232191371,14.882892,-138.3783,-25.2567,472.1144,0.161663,-0.705230,0.685331,0.082685,0.482768,-2.106000,2.046575,-0.151346,-0.009180,0.475779,0.412185,3.037879,-0.061849
860,1776232191383,14.894003,-138.3783,-25.2567,472.1144,0.161663,-0.705130,0.685444,0.082602,0.482793,-2.105804,2.047015,-0.151346,-0.009180,0.475779,0.412185,3.037879,-0.061849
861,1776232191394,14.905114,-138.6342,-24.4817,472.1313,0.161607,-0.705035,0.685569,0.082486,0.482657,-2.105663,2.047528,-0.151709,-0.008447,0.475795,0.412400,3.037938,-0.061979
862,1776232191405,14.916225,-138.9098,-23.7241,472.1382,0.161639,-0.705231,0.685363,0.082465,0.482760,-2.106276,2.046937,-0.152089,-0.007734,0.475801,0.412448,3.037920,-0.061997
863,1776232191416,14.927336,-139.0487,-23.3536,472.1367,0.161510,-0.705114,0.685501,0.082566,0.482346,-2.105801,2.047230,-0.152279,-0.007386,0.475799,0.412457,3.037897,-0.061973
864,1776232191427,14.938448,-139.0487,-23.3536,472.1367,0.161574,-0.705039,0.685572,0.082486,0.482560,-2.105678,2.047538,-0.152279,-0.007386,0.475799,0.412457,3.037897,-0.061973
865,1776232191438,14.949559,-139.5011,-22.1940,472.1110,0.161808,-0.705070,0.685517,0.082228,0.483330,-2.106091,2.047684,-0.152891,-0.006299,0.475772,0.412524,3.037641,-0.062278
866,1776232191449,14.960670,-139.6463,-21.8318,472.1134,0.161769,-0.705154,0.685424,0.082363,0.483176,-2.106172,2.047242,-0.153086,-0.005960,0.475774,0.412417,3.037665,-0.062302
867,1776232191460,14.971782,-139.9413,-21.1048,472.1203,0.161686,-0.705152,0.685442,0.082387,0.482922,-2.106137,2.047269,-0.153481,-0.005280,0.475780,0.412401,3.037683,-0.062330
868,1776232191471,14.982893,-140.0935,-20.7355,472.1287,0.162025,-0.705034,0.685524,0.082047,0.484031,-2.106210,2.047925,-0.153684,-0.004935,0.475788,0.412316,3.037729,-0.062335
869,1776232191483,14.994004,-140.2491,-20.3678,472.1271,0.161782,-0.705116,0.685461,0.082352,0.483218,-2.106074,2.047367,-0.153890,-0.004592,0.475786,0.412279,3.037718,-0.062388
870,1776232191494,15.005115,-140.5615,-19.6352,472.1180,0.161531,-0.704889,0.685719,0.082636,0.482389,-2.105042,2.047795,-0.154303,-0.003909,0.475776,0.412228,3.037729,-0.062440
871,1776232191505,15.016226,-140.7156,-19.2648,472.1234,0.161715,-0.704800,0.685764,0.082662,0.482930,-2.104745,2.047896,-0.154508,-0.003563,0.475781,0.412205,3.037783,-0.062495
872,1776232191516,15.027338,-141.0443,-18.5400,472.1152,0.161814,-0.704888,0.685673,0.082471,0.483281,-2.105245,2.047857,-0.154936,-0.002890,0.475772,0.412213,3.037727,-0.062449
873,1776232191527,15.038449,-141.2004,-18.1621,472.1207,0.161730,-0.704821,0.685755,0.082528,0.483013,-2.104973,2.048033,-0.155144,-0.002537,0.475777,0.412245,3.037756,-0.062584
874,1776232191538,15.049560,-141.3503,-17.8336,472.1410,0.161660,-0.704934,0.685641,0.082645,0.482771,-2.105166,2.047550,-0.155339,-0.002232,0.475797,0.412236,3.037828,-0.062427
875,1776232191549,15.060671,-141.6895,-17.0972,472.1199,0.161503,-0.704894,0.685701,0.082801,0.482255,-2.104852,2.047540,-0.155779,-0.001549,0.475775,0.412232,3.037758,-0.062573
876,1776232191560,15.071782,-141.8610,-16.7142,472.1083,0.161708,-0.704705,0.685893,0.082421,0.482976,-2.104759,2.048573,-0.156003,-0.001193,0.475763,0.412295,3.037755,-0.062676
877,1776232191571,15.082894,-142.2311,-15.9544,472.1012,0.161779,-0.704926,0.685657,0.082351,0.483208,-2.105508,2.047952,-0.156477,-0.000491,0.475755,0.412400,3.037583,-0.062788
878,1776232191583,15.094005,-142.3852,-15.5980,472.1116,0.161625,-0.704837,0.685769,0.082477,0.482713,-2.105085,2.048136,-0.156680,-0.000159,0.475765,0.412423,3.037660,-0.062879
879,1776232191594,15.105116,-142.5504,-15.2199,472.1170,0.161564,-0.704789,0.685822,0.082569,0.482506,-2.104827,2.048182,-0.156897,0.000193,0.475770,0.412528,3.037687,-0.062957
880,1776232191605,15.116227,-142.8912,-14.5096,472.1388,0.161437,-0.704753,0.685889,0.082569,0.482127,-2.104720,2.048383,-0.157335,0.000850,0.475791,0.412542,3.037736,-0.062869
881,1776232191616,15.127338,-143.0572,-14.1586,472.1562,0.161522,-0.704903,0.685725,0.082494,0.482400,-2.105259,2.047982,-0.157549,0.001175,0.475808,0.412666,3.037795,-0.062767
882,1776232191627,15.138450,-143.4096,-13.4296,472.1591,0.161420,-0.704824,0.685815,0.082611,0.482062,-2.104879,2.048110,-0.158001,0.001849,0.475810,0.412637,3.037861,-0.062892
883,1776232191638,15.149561,-143.5818,-13.0727,472.1825,0.161377,-0.704838,0.685810,0.082617,0.481933,-2.104914,2.048089,-0.158222,0.002179,0.475833,0.412740,3.037905,-0.062785
884,1776232191649,15.160672,-143.7512,-12.7313,472.1909,0.161718,-0.704765,0.685847,0.082258,0.483053,-2.105143,2.048635,-0.158438,0.002494,0.475841,0.412785,3.037934,-0.062719
885,1776232191660,15.171783,-144.0938,-12.0258,472.2007,0.161324,-0.704751,0.685890,0.082795,0.481724,-2.104434,2.048113,-0.158877,0.003146,0.475850,0.412802,3.037977,-0.062722
886,1776232191671,15.182895,-144.2807,-11.6657,472.1881,0.161838,-0.704667,0.685919,0.082269,0.483408,-2.104836,2.048837,-0.159113,0.003477,0.475837,0.412682,3.037907,-0.062788
887,1776232191683,15.194006,-144.4564,-11.2982,472.1815,0.161809,-0.704682,0.685907,0.082298,0.483314,-2.104845,2.048764,-0.159339,0.003817,0.475830,0.412653,3.037937,-0.062773
888,1776232191694,15.205117,-144.7901,-10.5939,472.1564,0.161422,-0.704729,0.685897,0.082734,0.482033,-2.104443,2.048208,-0.159769,0.004469,0.475804,0.412751,3.037981,-0.062908
889,1776232191705,15.216228,-144.9741,-10.2484,472.1437,0.161736,-0.704650,0.685947,0.082378,0.483073,-2.104651,2.048787,-0.160000,0.004786,0.475791,0.412656,3.037955,-0.062879
890,1776232191716,15.227340,-145.3366,-9.5270,472.1106,0.161313,-0.704715,0.685921,0.082878,0.481668,-2.104221,2.048103,-0.160461,0.005451,0.475757,0.412700,3.037934,-0.062932
891,1776232191727,15.238451,-145.5226,-9.1681,472.0860,0.161541,-0.704535,0.686083,0.082615,0.482424,-2.104013,2.048906,-0.160696,0.005781,0.475732,0.412702,3.037900,-0.063022
892,1776232191738,15.249562,-145.7316,-8.7717,472.0414,0.161885,-0.704548,0.686020,0.082356,0.483524,-2.104371,2.049032,-0.160959,0.006145,0.475687,0.412727,3.037768,-0.063254
893,1776232191749,15.260674,-146.1118,-8.0538,472.0252,0.161561,-0.704566,0.686035,0.082706,0.482456,-2.103991,2.048654,-0.161437,0.006804,0.475670,0.412708,3.037787,-0.063319
894,1776232191760,15.271785,-146.3038,-7.6941,471.9976,0.161607,-0.704557,0.686028,0.082755,0.482580,-2.103904,2.048572,-0.161678,0.007134,0.475642,0.412671,3.037740,-0.063429
895,1776232191771,15.282896,-146.4980,-7.3432,471.9790,0.161541,-0.704428,0.686197,0.082580,0.482434,-2.103735,2.049289,-0.161920,0.007455,0.475623,0.412695,3.037740,-0.063430
896,1776232191783,15.294007,-146.8831,-6.6034,471.9199,0.161601,-0.704424,0.686199,0.082475,0.482644,-2.103854,2.049424,-0.162406,0.008135,0.475563,0.412840,3.037708,-0.063635
897,1776232191794,15.305119,-147.0845,-6.2384,471.9173,0.161664,-0.704375,0.686234,0.082480,0.482831,-2.103703,2.049522,-0.162657,0.008469,0.475560,0.412850,3.037728,-0.063614
898,1776232191805,15.316230,-147.4546,-5.5634,471.9141,0.161336,-0.704423,0.686229,0.082757,0.481770,-2.103500,2.049172,-0.163119,0.009087,0.475556,0.412767,3.037919,-0.063471
899,1776232191816,15.327342,-147.6351,-5.2437,471.9354,0.161551,-0.704513,0.686093,0.082703,0.482428,-2.103835,2.048828,-0.163343,0.009379,0.475577,0.412814,3.038063,-0.063272
900,1776232191827,15.338453,-148.0148,-4.5572,471.9112,0.161532,-0.704343,0.686269,0.082727,0.482365,-2.103297,2.049326,-0.163816,0.010007,0.475552,0.412724,3.038202,-0.063230
901,1776232191838,15.349564,-148.1969,-4.2130,471.9046,0.161375,-0.704344,0.686277,0.082957,0.481830,-2.103016,2.049071,-0.164045,0.010323,0.475545,0.412766,3.038286,-0.063213
902,1776232191849,15.360676,-148.3827,-3.8733,471.8900,0.160911,-0.704349,0.686329,0.083387,0.480322,-2.102495,2.048706,-0.164277,0.010634,0.475530,0.412700,3.038296,-0.063242
903,1776232191860,15.371787,-148.7608,-3.1900,471.8838,0.161210,-0.704342,0.686304,0.083074,0.481305,-2.102864,2.049010,-0.164748,0.011259,0.475523,0.412712,3.038370,-0.063273
904,1776232191871,15.382898,-148.9513,-2.8477,471.8912,0.161495,-0.704273,0.686362,0.082623,0.482284,-2.103218,2.049730,-0.164985,0.011572,0.475530,0.412753,3.038358,-0.063255
905,1776232191883,15.394009,-149.1451,-2.5008,471.8796,0.161799,-0.704302,0.686268,0.082561,0.483209,-2.103382,2.049524,-0.165226,0.011889,0.475518,0.412759,3.038332,-0.063368
906,1776232191894,15.405120,-149.5329,-1.8142,471.8865,0.161126,-0.704134,0.686524,0.083180,0.481024,-2.102112,2.049538,-0.165707,0.012516,0.475524,0.412552,3.038315,-0.063534
907,1776232191905,15.416232,-149.7168,-1.4899,471.9228,0.161216,-0.704368,0.686258,0.083215,0.481283,-2.102767,2.048702,-0.165935,0.012812,0.475560,0.412533,3.038394,-0.063429
908,1776232191916,15.427343,-149.8988,-1.1660,471.9442,0.161096,-0.704172,0.686486,0.083230,0.480920,-2.102163,2.049365,-0.166161,0.013108,0.475581,0.412479,3.038459,-0.063437
909,1776232191927,15.438454,-150.2973,-0.4981,472.0010,0.161356,-0.704186,0.686442,0.082969,0.481770,-2.102529,2.049551,-0.166650,0.013715,0.475637,0.412467,3.038516,-0.063384
910,1776232191938,15.449566,-150.4934,-0.1742,472.0484,0.161470,-0.704367,0.686243,0.082857,0.482143,-2.103210,2.049090,-0.166890,0.014009,0.475684,0.412456,3.038621,-0.063288
911,1776232191949,15.460677,-150.9064,0.4623,472.1071,0.161536,-0.704270,0.686337,0.082779,0.482361,-2.103016,2.049465,-0.167389,0.014583,0.475742,0.412444,3.038678,-0.063184
912,1776232191960,15.471788,-151.1205,0.7806,472.1505,0.161151,-0.704278,0.686383,0.083069,0.481130,-2.102680,2.049254,-0.167646,0.014869,0.475785,0.412401,3.038699,-0.063174
913,1776232191971,15.482899,-151.5457,1.4018,472.2092,0.161089,-0.704372,0.686291,0.083152,0.480921,-2.102857,2.048878,-0.168155,0.015426,0.475843,0.412403,3.038738,-0.062996
914,1776232191983,15.494010,-151.7516,1.7280,472.2556,0.161232,-0.704279,0.686388,0.082871,0.481429,-2.102928,2.049506,-0.168405,0.015721,0.475889,0.412484,3.038824,-0.062932
915,1776232191994,15.505122,-151.9908,2.0822,472.2540,0.161352,-0.704441,0.686186,0.082928,0.481771,-2.103340,2.048836,-0.168692,0.016039,0.475887,0.412426,3.038740,-0.063076
916,1776232192005,15.516233,-152.4544,2.7813,472.2708,0.161192,-0.704404,0.686276,0.082814,0.481324,-2.103371,2.049242,-0.169250,0.016668,0.475903,0.412549,3.038672,-0.063190
917,1776232192016,15.527345,-152.6909,3.1260,472.2842,0.161641,-0.704365,0.686224,0.082696,0.482698,-2.103403,2.049230,-0.169533,0.016977,0.475916,0.412519,3.038665,-0.063161
918,1776232192027,15.538456,-153.1592,3.8349,472.2760,0.161200,-0.704240,0.686443,0.082805,0.481352,-2.102895,2.049751,-0.170097,0.017615,0.475907,0.412493,3.038593,-0.063299
919,1776232192038,15.549567,-153.3880,4.1634,472.2774,0.161337,-0.704263,0.686387,0.082807,0.481760,-2.102960,2.049581,-0.170370,0.017909,0.475908,0.412389,3.038584,-0.063308
920,1776232192049,15.560678,-153.6272,4.5176,472.2768,0.161254,-0.704231,0.686433,0.082864,0.481495,-2.102793,2.049649,-0.170657,0.018227,0.475907,0.412375,3.038552,-0.063354
921,1776232192060,15.571790,-154.0944,5.2345,472.2497,0.161243,-0.704143,0.686530,0.082823,0.481475,-2.102582,2.049990,-0.171221,0.018873,0.475879,0.412336,3.038398,-0.063628
922,1776232192071,15.582901,-154.3141,5.5769,472.2401,0.161636,-0.704184,0.686432,0.082529,0.482731,-2.103068,2.050051,-0.171487,0.019182,0.475869,0.412393,3.038336,-0.063755
923,1776232192083,15.594012,-154.5313,5.9088,472.2515,0.161299,-0.704225,0.686445,0.082722,0.481669,-2.102952,2.049859,-0.171749,0.019481,0.475880,0.412353,3.038375,-0.063726
924,1776232192094,15.605124,-154.9617,6.5439,472.2773,0.161351,-0.704166,0.686490,0.082751,0.481817,-2.102738,2.049958,-0.172265,0.020051,0.475905,0.412412,3.038492,-0.063636
925,1776232192105,15.616235,-155.1787,6.8556,472.2847,0.161146,-0.704264,0.686428,0.082828,0.481183,-2.102937,2.049680,-0.172524,0.020330,0.475912,0.412413,3.038561,-0.063522
926,1776232192116,15.627346,-155.6405,7.5324,472.2925,0.161257,-0.704182,0.686501,0.082706,0.481550,-2.102843,2.050046,-0.173077,0.020937,0.475919,0.412551,3.038589,-0.063518
927,1776232192127,15.638457,-155.8709,7.8772,472.2949,0.161288,-0.704030,0.686654,0.082674,0.481652,-2.102429,2.050539,-0.173354,0.021247,0.475921,0.412515,3.038629,-0.063570
928,1776232192138,15.649569,-156.0966,8.2063,472.3103,0.161199,-0.704159,0.686559,0.082535,0.481425,-2.102986,2.050426,-0.173624,0.021542,0.475936,0.412611,3.038675,-0.063572
929,1776232192149,15.660680,-156.5653,8.8699,472.3271,0.161481,-0.704202,0.686451,0.082510,0.482273,-2.103149,2.050134,-0.174182,0.022135,0.475952,0.412501,3.038677,-0.063579
930,1776232192160,15.671791,-156.7961,9.1977,472.3165,0.161450,-0.704251,0.686425,0.082379,0.482218,-2.103455,2.050213,-0.174457,0.022428,0.475941,0.412597,3.038624,-0.063658
931,1776232192171,15.682902,-157.2651,9.8734,472.3384,0.161443,-0.704036,0.686625,0.082563,0.482145,-2.102585,2.050587,-0.175017,0.023033,0.475962,0.412609,3.038639,-0.063800
932,1776232192183,15.694014,-157.5089,10.2030,472.3458,0.161378,-0.704094,0.686587,0.082507,0.481967,-2.102829,2.050542,-0.175305,0.023326,0.475969,0.412554,3.038593,-0.063828
933,1776232192194,15.705125,-157.7529,10.5447,472.3422,0.161469,-0.704093,0.686585,0.082356,0.482281,-2.103013,2.050720,-0.175595,0.023631,0.475965,0.412435,3.038574,-0.063954
934,1776232192205,15.716236,-158.2154,11.2025,472.3310,0.161521,-0.704088,0.686566,0.082457,0.482409,-2.102871,2.050539,-0.176146,0.024219,0.475953,0.412427,3.038593,-0.064092
935,1776232192216,15.727348,-158.4533,11.5232,472.3384,0.161361,-0.704191,0.686483,0.082574,0.481896,-2.103035,2.050152,-0.176427,0.024504,0.475960,0.412460,3.038613,-0.064058
936,1776232192227,15.738459,-158.8998,12.1373,472.3762,0.161546,-0.703978,0.686667,0.082508,0.482468,-2.102480,2.050780,-0.176956,0.025051,0.475997,0.412400,3.038874,-0.063954
937,1776232192238,15.749570,-159.1440,12.4498,472.3906,0.161283,-0.703918,0.686755,0.082791,0.481603,-2.101951,2.050701,-0.177242,0.025327,0.476011,0.412283,3.038900,-0.063895
938,1776232192249,15.760681,-159.3733,12.7673,472.3970,0.161482,-0.703748,0.686899,0.082656,0.482235,-2.101610,2.051294,-0.177514,0.025610,0.476017,0.412299,3.039013,-0.063910
939,1776232192260,15.771793,-159.8514,13.4152,472.4079,0.161428,-0.704143,0.686501,0.082709,0.482059,-2.102724,2.050040,-0.178079,0.026186,0.476027,0.412369,3.039055,-0.063952
940,1776232192271,15.782904,-160.0941,13.7234,472.4233,0.161537,-0.704002,0.686631,0.082618,0.482411,-2.102416,2.050539,-0.178363,0.026458,0.476042,0.412324,3.039081,-0.063850
941,1776232192283,15.794016,-160.3311,14.0441,472.4157,0.161259,-0.703790,0.686874,0.082939,0.481489,-2.101385,2.050876,-0.178643,0.026743,0.476034,0.412326,3.039102,-0.063979
942,1776232192294,15.805127,-160.5606,14.3394,472.4421,0.161285,-0.703905,0.686762,0.082848,0.481592,-2.101840,2.050651,-0.178912,0.027004,0.476060,0.412251,3.039226,-0.063986
943,1776232192305,15.816238,-161.0750,14.9863,472.4129,0.161342,-0.703883,0.686774,0.082824,0.481771,-2.101803,2.050716,-0.179513,0.027574,0.476030,0.412192,3.039089,-0.064070
944,1776232192316,15.827350,-161.5598,15.5936,472.4207,0.161334,-0.703734,0.686926,0.082838,0.481742,-2.101341,2.051154,-0.180079,0.028109,0.476037,0.412052,3.039192,-0.064138
945,1776232192327,15.838461,-161.8093,15.8898,472.4151,0.161413,-0.703843,0.686785,0.082930,0.481951,-2.101553,2.050621,-0.180368,0.028368,0.476031,0.411974,3.039212,-0.064146
946,1776232192338,15.849572,-162.0438,16.1918,472.4225,0.161498,-0.703852,0.686764,0.082865,0.482223,-2.101661,2.050636,-0.180643,0.028635,0.476038,0.412040,3.039287,-0.064182
947,1776232192349,15.860684,-162.5607,16.8148,472.4093,0.161488,-0.703991,0.686619,0.082902,0.482184,-2.102030,2.050158,-0.181243,0.029181,0.476024,0.411926,3.039250,-0.064223
948,1776232192360,15.871795,-162.8064,17.1447,472.3977,0.161345,-0.703679,0.686958,0.083018,0.481724,-2.100953,2.051032,-0.181533,0.029474,0.476012,0.412028,3.039280,-0.064444
949,1776232192371,15.882906,-163.3487,17.7663,472.3556,0.161716,-0.703714,0.686869,0.082737,0.482910,-2.101408,2.051107,-0.182158,0.030015,0.475969,0.411916,3.039159,-0.064496
950,1776232192383,15.894018,-163.6051,18.0775,472.3530,0.161254,-0.703650,0.686981,0.083253,0.481384,-2.100578,2.050815,-0.182456,0.030288,0.475966,0.411967,3.039238,-0.064556
951,1776232192394,15.905129,-163.8569,18.3931,472.3514,0.161151,-0.703691,0.686953,0.083341,0.481052,-2.100589,2.050624,-0.182750,0.030566,0.475964,0.412171,3.039274,-0.064490
952,1776232192405,15.916240,-164.3667,18.9808,472.3482,0.161406,-0.703679,0.686932,0.083120,0.481876,-2.100827,2.050831,-0.183338,0.031078,0.475960,0.412014,3.039489,-0.064476
953,1776232192416,15.927352,-164.6329,19.2732,472.3526,0.161200,-0.703806,0.686815,0.083405,0.481179,-2.100854,2.050135,-0.183643,0.031331,0.475964,0.412026,3.039522,-0.064298
954,1776232192427,15.938463,-164.9056,19.5908,472.3420,0.161481,-0.703594,0.687016,0.082997,0.482136,-2.100725,2.051230,-0.183958,0.031608,0.475953,0.411995,3.039490,-0.064309
955,1776232192438,15.949574,-165.4264,20.2003,472.3359,0.161315,-0.703528,0.687104,0.083148,0.481596,-2.100343,2.051310,-0.184560,0.032140,0.475946,0.411915,3.039598,-0.064415
956,1776232192449,15.960686,-165.6806,20.4779,472.3363,0.161158,-0.703613,0.687033,0.083328,0.481076,-2.100372,2.050878,-0.184851,0.032380,0.475946,0.411927,3.039629,-0.064287
957,1776232192460,15.971797,-166.1890,21.0462,472.3531,0.160933,-0.703589,0.687075,0.083616,0.480323,-2.099944,2.050657,-0.185435,0.032873,0.475962,0.411933,3.039738,-0.064206
958,1776232192471,15.982908,-166.4561,21.3610,472.3305,0.161064,-0.703558,0.687095,0.083453,0.480761,-2.100055,2.050914,-0.185744,0.033148,0.475939,0.412042,3.039644,-0.064310
959,1776232192483,15.994019,-166.7244,21.6527,472.3319,0.161356,-0.703594,0.687016,0.083239,0.481694,-2.100427,2.050937,-0.186051,0.033400,0.475940,0.412058,3.039579,-0.064298
960,1776232192494,16.005130,-167.2484,22.2677,472.3208,0.161344,-0.703493,0.687114,0.083304,0.481640,-2.100044,2.051151,-0.186657,0.033937,0.475928,0.412036,3.039570,-0.064582
961,1776232192505,16.016241,-167.5143,22.5621,472.3172,0.161323,-0.703649,0.686959,0.083312,0.481574,-2.100498,2.050677,-0.186962,0.034192,0.475924,0.412020,3.039541,-0.064515
962,1776232192516,16.027353,-168.0325,23.1540,472.3350,0.161000,-0.703528,0.687107,0.083737,0.480490,-2.099610,2.050604,-0.187559,0.034707,0.475941,0.412033,3.039641,-0.064651
963,1776232192527,16.038464,-168.3093,23.4499,472.3185,0.161243,-0.703574,0.687034,0.083485,0.481287,-2.100060,2.050692,-0.187875,0.034962,0.475924,0.411997,3.039589,-0.064649
964,1776232192538,16.049576,-168.5708,23.7255,472.3389,0.161203,-0.703495,0.687123,0.083494,0.481164,-2.099814,2.050946,-0.188173,0.035199,0.475944,0.411988,3.039698,-0.064514
965,1776232192549,16.060687,-169.1104,24.3235,472.3207,0.161061,-0.703728,0.686904,0.083598,0.480710,-2.100382,2.050169,-0.188792,0.035717,0.475925,0.411983,3.039701,-0.064670
966,1776232192560,16.071798,-169.3621,24.6038,472.3361,0.161385,-0.703491,0.687108,0.083289,0.481765,-2.100058,2.051152,-0.189081,0.035960,0.475940,0.411951,3.039843,-0.064710
967,1776232192571,16.082909,-169.9003,25.1764,472.3330,0.161145,-0.703525,0.687088,0.083629,0.480952,-2.099737,2.050680,-0.189695,0.036453,0.475936,0.411974,3.039851,-0.064644
968,1776232192583,16.094020,-170.1609,25.4650,472.3254,0.161123,-0.703480,0.687142,0.083613,0.480893,-2.099622,2.050860,-0.189994,0.036703,0.475928,0.411877,3.039919,-0.064853
969,1776232192594,16.105132,-170.4411,25.7443,472.3138,0.161011,-0.703532,0.687099,0.083746,0.480518,-2.099612,2.050570,-0.190311,0.036941,0.475916,0.411891,3.039857,-0.064755
970,1776232192605,16.116243,-170.9788,26.3198,472.3137,0.160963,-0.703470,0.687176,0.083730,0.480382,-2.099446,2.050817,-0.190925,0.037437,0.475915,0.411822,3.039904,-0.064972
971,1776232192616,16.127354,-171.2516,26.6011,472.3341,0.160870,-0.703458,0.687208,0.083741,0.480101,-2.099398,2.050901,-0.191235,0.037678,0.475935,0.411902,3.039894,-0.064870
972,1776232192627,16.138465,-171.7786,27.1670,472.3610,0.161247,-0.703562,0.687068,0.083289,0.481354,-2.100270,2.051031,-0.191837,0.038166,0.475961,0.411865,3.039913,-0.065078
973,1776232192638,16.149577,-172.0511,27.4361,472.3794,0.161162,-0.703707,0.686921,0.083446,0.481056,-2.100506,2.050403,-0.192145,0.038395,0.475979,0.411777,3.039895,-0.065041
974,1776232192649,16.160688,-172.3198,27.6966,472.4018,0.161022,-0.703598,0.687037,0.083673,0.480571,-2.099901,2.050474,-0.192448,0.038616,0.476001,0.411749,3.039893,-0.065012
975,1776232192660,16.171799,-172.8683,28.2595,472.4326,0.161115,-0.703594,0.687048,0.083446,0.480915,-2.100169,2.050781,-0.193071,0.039098,0.476031,0.411854,3.039798,-0.065150
976,1776232192671,16.182910,-173.1652,28.5563,472.4131,0.161233,-0.703525,0.687089,0.083456,0.481264,-2.099951,2.050892,-0.193407,0.039351,0.476011,0.411877,3.039626,-0.065312
977,1776232192683,16.194022,-173.4398,28.8318,472.4265,0.161104,-0.703547,0.687080,0.083594,0.480839,-2.099845,2.050699,-0.193718,0.039586,0.476024,0.411856,3.039626,-0.065434
978,1776232192694,16.205133,-174.0037,29.3656,472.4343,0.161117,-0.703402,0.687222,0.083626,0.480868,-2.099373,2.051082,-0.194352,0.040037,0.476031,0.411916,3.039511,-0.065511
979,1776232192705,16.216244,-174.2689,29.6287,472.4508,0.160905,-0.703425,0.687231,0.083763,0.480199,-2.099272,2.050943,-0.194652,0.040261,0.476047,0.411981,3.039574,-0.065539
980,1776232192716,16.227355,-174.8213,30.1437,472.4846,0.160974,-0.703272,0.687374,0.083750,0.480408,-2.098831,2.051385,-0.195272,0.040695,0.476080,0.412010,3.039614,-0.065460
981,1776232192727,16.238467,-175.0938,30.3987,472.5050,0.161436,-0.703265,0.687331,0.083259,0.481927,-2.099420,2.051853,-0.195578,0.040910,0.476100,0.412004,3.039707,-0.065438
982,1776232192738,16.249578,-175.3708,30.6645,472.5184,0.161120,-0.703334,0.687291,0.083619,0.480880,-2.099179,2.051298,-0.195890,0.041135,0.476113,0.412116,3.039675,-0.065325
983,1776232192749,16.260689,-175.9301,31.2088,472.5173,0.161199,-0.703246,0.687369,0.083578,0.481129,-2.098966,2.051578,-0.196521,0.041597,0.476111,0.412155,3.039621,-0.065460
984,1776232192760,16.271800,-176.2130,31.4612,472.5427,0.160953,-0.703202,0.687456,0.083703,0.480359,-2.098681,2.051687,-0.196837,0.041808,0.476136,0.412138,3.039678,-0.065365
985,1776232192771,16.282912,-176.7750,31.9938,472.5575,0.161157,-0.703101,0.687536,0.083504,0.481023,-2.098625,2.052166,-0.197469,0.042258,0.476150,0.412167,3.039678,-0.065450
986,1776232192783,16.294023,-177.0585,32.2775,472.5650,0.161123,-0.703069,0.687585,0.083431,0.480942,-2.098621,2.052402,-0.197790,0.042500,0.476157,0.412342,3.039637,-0.065514
987,1776232192794,16.305134,-177.3539,32.5418,472.5684,0.160947,-0.703116,0.687554,0.083624,0.480362,-2.098522,2.052077,-0.198120,0.042721,0.476160,0.412262,3.039642,-0.065514
988,1776232192805,16.316246,-177.9134,33.0841,472.6103,0.161006,-0.703047,0.687627,0.083487,0.480578,-2.098488,2.052461,-0.198751,0.043181,0.476201,0.412455,3.039728,-0.065537
989,1776232192816,16.327357,-178.2069,33.3400,472.6218,0.161122,-0.703194,0.687459,0.083419,0.480944,-2.099009,2.052039,-0.199078,0.043394,0.476212,0.412372,3.039732,-0.065473
990,1776232192827,16.338468,-178.8192,33.8948,472.6307,0.161220,-0.703006,0.687640,0.083316,0.481264,-2.098577,2.052706,-0.199763,0.043859,0.476220,0.412376,3.039677,-0.065645
991,1776232192838,16.349579,-179.1327,34.1808,472.6112,0.161063,-0.703047,0.687605,0.083565,0.480725,-2.098389,2.052299,-0.200114,0.044099,0.476200,0.412420,3.039550,-0.065686
992,1776232192849,16.360691,-179.4387,34.4698,472.6156,0.161140,-0.702919,0.687737,0.083412,0.480999,-2.098196,2.052879,-0.200458,0.044343,0.476204,0.412478,3.039546,-0.065847
993,1776232192860,16.371802,-180.0588,34.9763,472.6385,0.161198,-0.702967,0.687687,0.083307,0.481203,-2.098469,2.052856,-0.201144,0.044759,0.476226,0.412469,3.039565,-0.065791
994,1776232192871,16.382913,-180.3643,35.2400,472.6440,0.160929,-0.702950,0.687732,0.083593,0.480318,-2.098065,2.052644,-0.201484,0.044978,0.476231,0.412481,3.039618,-0.065925
995,1776232192883,16.394024,-180.6712,35.4796,472.6654,0.160834,-0.703076,0.687615,0.083681,0.480010,-2.098331,2.052188,-0.201822,0.045173,0.476252,0.412453,3.039635,-0.065772
996,1776232192894,16.405136,-181.2713,35.9783,472.6842,0.161156,-0.702865,0.687774,0.083527,0.481013,-2.097894,2.052849,-0.202487,0.045584,0.476270,0.412413,3.039772,-0.065732
997,1776232192905,16.416247,-181.5850,36.2482,472.6577,0.160841,-0.702905,0.687794,0.083632,0.480044,-2.097884,2.052781,-0.202836,0.045808,0.476243,0.412544,3.039698,-0.065771
998,1776232192916,16.427358,-182.1870,36.7330,472.6546,0.161249,-0.702785,0.687850,0.083394,0.481331,-2.097820,2.053238,-0.203501,0.046205,0.476239,0.412566,3.039769,-0.065767
999,1776232192927,16.438469,-182.5023,36.9850,472.6400,0.160865,-0.702888,0.687787,0.083781,0.480073,-2.097649,2.052582,-0.203849,0.046411,0.476224,0.412502,3.039748,-0.065799
1000,1776232192938,16.449581,-182.7982,37.2525,472.6385,0.160972,-0.702825,0.687828,0.083772,0.480395,-2.097469,2.052714,-0.204180,0.046635,0.476222,0.412447,3.039845,-0.065956
1001,1776232192949,16.460692,-183.4409,37.7561,472.6234,0.161111,-0.702953,0.687684,0.083617,0.480854,-2.098044,2.052471,-0.204888,0.047045,0.476206,0.412410,3.039730,-0.065903
1002,1776232192960,16.471803,-183.7620,38.0523,472.5939,0.160996,-0.702731,0.687930,0.083675,0.480493,-2.097310,2.053137,-0.205248,0.047294,0.476176,0.412483,3.039672,-0.066207
1003,1776232192971,16.482914,-184.3994,38.5644,472.5548,0.161160,-0.702822,0.687835,0.083377,0.481069,-2.097950,2.053214,-0.205952,0.047713,0.476136,0.412533,3.039515,-0.066216
1004,1776232192983,16.494026,-184.7102,38.8268,472.5543,0.161110,-0.702746,0.687916,0.083448,0.480898,-2.097634,2.053370,-0.206297,0.047930,0.476135,0.412620,3.039571,-0.066352
1005,1776232192994,16.505137,-185.0514,39.0663,472.5528,0.161130,-0.702909,0.687734,0.083529,0.480937,-2.098023,2.052729,-0.206669,0.048120,0.476133,0.412472,3.039509,-0.066337
1006,1776232193005,16.516248,-185.6733,39.5530,472.5367,0.161088,-0.702824,0.687829,0.083544,0.480806,-2.097752,2.052995,-0.207354,0.048516,0.476116,0.412432,3.039597,-0.066537
1007,1776232193016,16.527359,-186.0072,39.8016,472.5151,0.161221,-0.702835,0.687795,0.083475,0.481223,-2.097870,2.052977,-0.207720,0.048716,0.476094,0.412370,3.039496,-0.066561
1008,1776232193027,16.538471,-186.6253,40.2726,472.5240,0.161073,-0.702653,0.687996,0.083642,0.480735,-2.097116,2.053374,-0.208399,0.049097,0.476102,0.412409,3.039541,-0.066661
1009,1776232193038,16.549582,-186.9490,40.4864,472.5214,0.161126,-0.702908,0.687728,0.083604,0.480904,-2.097926,2.052619,-0.208750,0.049264,0.476099,0.412302,3.039510,-0.066603
1010,1776232193049,16.560694,-187.2709,40.7414,472.5159,0.161363,-0.702560,0.688046,0.083448,0.481653,-2.097082,2.053758,-0.209105,0.049472,0.476093,0.412291,3.039533,-0.066769
1011,1776232193060,16.571805,-187.9167,41.2587,472.4879,0.161402,-0.702607,0.688001,0.083356,0.481797,-2.097334,2.053734,-0.209818,0.049895,0.476064,0.412334,3.039408,-0.066877
1012,1776232193071,16.582916,-188.2424,41.5082,472.4883,0.161495,-0.702418,0.688163,0.083428,0.482054,-2.096681,2.054131,-0.210176,0.050097,0.476064,0.412257,3.039485,-0.067012
1013,1776232193083,16.594027,-188.5756,41.7477,472.4698,0.161631,-0.702597,0.687967,0.083272,0.482505,-2.097410,2.053735,-0.210540,0.050288,0.476045,0.412289,3.039400,-0.066973
1014,1776232193094,16.605139,-189.2066,42.2336,472.4667,0.161364,-0.702520,0.688071,0.083584,0.481618,-2.096793,2.053665,-0.211234,0.050682,0.476041,0.412358,3.039521,-0.066965
1015,1776232193105,16.616250,-189.5260,42.4559,472.4902,0.161316,-0.702606,0.687996,0.083570,0.481479,-2.097065,2.053460,-0.211582,0.050858,0.476064,0.412307,3.039608,-0.066820
1016,1776232193116,16.627361,-190.1722,42.9420,472.4981,0.161099,-0.702443,0.688204,0.083644,0.480811,-2.096489,2.053991,-0.212291,0.051250,0.476071,0.412359,3.039720,-0.066879
1017,1776232193127,16.638472,-190.5097,43.1932,472.4826,0.161117,-0.702525,0.688115,0.083658,0.480861,-2.096715,2.053707,-0.212661,0.051452,0.476055,0.412395,3.039637,-0.066908
1018,1776232193138,16.649584,-190.8310,43.4521,472.4891,0.161265,-0.702507,0.688113,0.083532,0.481339,-2.096817,2.053856,-0.213016,0.051664,0.476061,0.412486,3.039717,-0.067038
1019,1776232193149,16.660695,-191.4823,43.9086,472.5080,0.161118,-0.702545,0.688087,0.083712,0.480850,-2.096708,2.053561,-0.213726,0.052026,0.476079,0.412469,3.039788,-0.066995
1020,1776232193160,16.671806,-191.8033,44.1413,472.5075,0.161513,-0.702507,0.688072,0.083398,0.482116,-2.096983,2.053896,-0.214077,0.052212,0.476078,0.412447,3.039868,-0.067094
1021,1776232193171,16.682918,-192.4959,44.6339,472.4865,0.161414,-0.702512,0.688074,0.083526,0.481784,-2.096840,2.053746,-0.214833,0.052604,0.476056,0.412392,3.039801,-0.067224
1022,1776232193183,16.694029,-192.8267,44.8831,472.4990,0.161324,-0.702440,0.688180,0.083429,0.481544,-2.096746,2.054182,-0.215196,0.052805,0.476068,0.412433,3.039826,-0.067288
1023,1776232193194,16.705140,-193.1636,45.1241,472.4995,0.161254,-0.702363,0.688258,0.083572,0.481293,-2.096340,2.054240,-0.215564,0.052997,0.476068,0.412420,3.039859,-0.067387
1024,1776232193205,16.716251,-193.8356,45.5634,472.5014,0.161428,-0.702389,0.688228,0.083266,0.481900,-2.096794,2.054523,-0.216292,0.053339,0.476069,0.412374,3.039864,-0.067384
1025,1776232193216,16.727362,-194.1639,45.7871,472.5179,0.161119,-0.702394,0.688266,0.083508,0.480909,-2.096511,2.054340,-0.216649,0.053515,0.476085,0.412339,3.039920,-0.067335
1026,1776232193227,16.738474,-194.8417,46.2283,472.5118,0.161307,-0.702434,0.688191,0.083427,0.481492,-2.096730,2.054216,-0.217383,0.053858,0.476078,0.412288,3.039895,-0.067365
1027,1776232193238,16.749585,-195.1631,46.4440,472.5262,0.161150,-0.702280,0.688382,0.083454,0.481017,-2.096237,2.054754,-0.217732,0.054027,0.476092,0.412298,3.039952,-0.067458
1028,1776232193249,16.760696,-195.4827,46.6442,472.5437,0.161258,-0.702394,0.688237,0.083475,0.481334,-2.096553,2.054294,-0.218077,0.054181,0.476109,0.412267,3.040022,-0.067410
1029,1776232193260,16.771807,-196.1271,47.0575,472.5865,0.161265,-0.702412,0.688233,0.083345,0.481392,-2.096766,2.054440,-0.218774,0.054501,0.476151,0.412340,3.040103,-0.067291
1030,1776232193271,16.782919,-196.4528,47.2647,472.5890,0.161072,-0.702332,0.688334,0.083555,0.480757,-2.096268,2.054488,-0.219126,0.054661,0.476153,0.412343,3.040129,-0.067347
1031,1776232193283,16.794030,-196.8089,47.4842,472.5754,0.160933,-0.702427,0.688249,0.083731,0.480290,-2.096332,2.054021,-0.219510,0.054829,0.476139,0.412260,3.040031,-0.067310
1032,1776232193294,16.805141,-196.8089,47.4842,472.5754,0.161290,-0.702251,0.688415,0.083151,0.481522,-2.096526,2.055218,-0.219510,0.054829,0.476139,0.412260,3.040031,-0.067310
1033,1776232193305,16.816252,-197.4939,47.9599,472.5364,0.161042,-0.702394,0.688290,0.083460,0.480692,-2.096570,2.054470,-0.220256,0.055205,0.476099,0.412376,3.039851,-0.067602
1034,1776232193316,16.827364,-198.5216,48.5996,472.5398,0.160848,-0.702278,0.688456,0.083434,0.480120,-2.096257,2.055000,-0.221365,0.055696,0.476101,0.412430,3.039827,-0.067599
1035,1776232193327,16.838475,-198.8582,48.7790,472.5682,0.161219,-0.702362,0.688309,0.083226,0.481288,-2.096765,2.054813,-0.221724,0.055827,0.476129,0.412403,3.039875,-0.067343
1036,1776232193338,16.849586,-199.2198,48.9881,472.5617,0.161336,-0.702428,0.688231,0.083096,0.481673,-2.097121,2.054735,-0.222112,0.055984,0.476122,0.412368,3.039825,-0.067320
1037,1776232193349,16.860697,-199.8960,49.4322,472.5707,0.161421,-0.702418,0.688246,0.082882,0.481987,-2.097358,2.055041,-0.222845,0.056330,0.476130,0.412506,3.039902,-0.067367
1038,1776232193360,16.871808,-200.2541,49.6449,472.5662,0.161238,-0.702437,0.688229,0.083219,0.481346,-2.096996,2.054583,-0.223230,0.056491,0.476125,0.412437,3.039877,-0.067331
1039,1776232193371,16.882919,-200.9320,50.0489,472.5831,0.160888,-0.702510,0.688214,0.083401,0.480251,-2.096991,2.054316,-0.223959,0.056797,0.476141,0.412482,3.039985,-0.067258
1040,1776232193383,16.894031,-201.2874,50.2380,472.6015,0.160964,-0.702506,0.688197,0.083434,0.480467,-2.096936,2.054226,-0.224338,0.056935,0.476159,0.412424,3.040045,-0.067079
1041,1776232193394,16.905142,-201.6172,50.4579,472.6020,0.160717,-0.702327,0.688419,0.083589,0.479686,-2.096209,2.054700,-0.224696,0.057107,0.476159,0.412526,3.040098,-0.067162
1042,1776232193405,16.916253,-202.3568,50.8959,472.5910,0.160887,-0.702298,0.688442,0.083312,0.480272,-2.096467,2.055104,-0.225491,0.057438,0.476147,0.412416,3.040064,-0.067189
1043,1776232193416,16.927364,-202.7278,51.1246,472.5616,0.161173,-0.702432,0.688273,0.083028,0.481206,-2.097218,2.054946,-0.225891,0.057613,0.476117,0.412416,3.039967,-0.067302
1044,1776232193427,16.938476,-203.4284,51.5248,472.5615,0.160981,-0.702465,0.688250,0.083311,0.480554,-2.096966,2.054532,-0.226642,0.057912,0.476116,0.412552,3.039959,-0.067261
1045,1776232193438,16.949587,-203.7881,51.7258,472.5480,0.160927,-0.702379,0.688340,0.083402,0.480365,-2.096596,2.054689,-0.227027,0.058061,0.476102,0.412556,3.039904,-0.067302
1046,1776232193449,16.960698,-204.1505,51.9371,472.5455,0.160807,-0.702384,0.688360,0.083419,0.480003,-2.096590,2.054730,-0.227416,0.058220,0.476099,0.412541,3.039845,-0.067334
1047,1776232193460,16.971810,-204.8615,52.3560,472.5234,0.160837,-0.702405,0.688330,0.083428,0.480092,-2.096643,2.054631,-0.228180,0.058536,0.476076,0.412648,3.039776,-0.067349
1048,1776232193471,16.982921,-205.2203,52.5568,472.5239,0.161020,-0.702396,0.688325,0.083196,0.480703,-2.096902,2.054897,-0.228564,0.058685,0.476076,0.412619,3.039742,-0.067399
1049,1776232193483,16.994032,-205.9257,52.9730,472.4849,0.160979,-0.702437,0.688294,0.083188,0.480582,-2.097035,2.054813,-0.229322,0.058999,0.476036,0.412711,3.039655,-0.067566
1050,1776232193494,17.005143,-206.2675,53.1654,472.5054,0.161067,-0.702325,0.688390,0.083166,0.480850,-2.096727,2.055127,-0.229688,0.059142,0.476056,0.412736,3.039718,-0.067554
1051,1776232193505,17.016254,-206.6082,53.3657,472.5038,0.160826,-0.702288,0.688467,0.083306,0.480091,-2.096445,2.055186,-0.230054,0.059293,0.476054,0.412820,3.039783,-0.067596
1052,1776232193516,17.027366,-207.3259,53.7523,472.4748,0.160962,-0.702339,0.688401,0.083160,0.480539,-2.096778,2.055165,-0.230820,0.059576,0.476024,0.412778,3.039705,-0.067679
1053,1776232193527,17.038477,-207.6752,53.9488,472.4653,0.160928,-0.702245,0.688496,0.083232,0.480418,-2.096408,2.055364,-0.231194,0.059722,0.476014,0.412902,3.039699,-0.067673
1054,1776232193538,17.049589,-208.0315,54.1392,472.4617,0.160865,-0.702393,0.688357,0.083251,0.480225,-2.096826,2.054926,-0.231574,0.059861,0.476010,0.412891,3.039686,-0.067614
1055,1776232193549,17.060700,-208.7351,54.5037,472.4516,0.160786,-0.702152,0.688604,0.083403,0.479945,-2.095917,2.055477,-0.232323,0.060124,0.475999,0.412941,3.039698,-0.067690
1056,1776232193560,17.071811,-209.1142,54.6892,472.4351,0.160657,-0.702297,0.688481,0.083438,0.479549,-2.096308,2.055068,-0.232725,0.060255,0.475982,0.412905,3.039609,-0.067779
1057,1776232193571,17.082922,-209.8150,55.0169,472.4659,0.161030,-0.702253,0.688459,0.083272,0.480711,-2.096383,2.055202,-0.233466,0.060482,0.476012,0.412924,3.039703,-0.067636
1058,1776232193583,17.094034,-210.1609,55.2018,472.4754,0.160919,-0.702231,0.688519,0.083173,0.480408,-2.096440,2.055505,-0.233835,0.060617,0.476021,0.413066,3.039695,-0.067631
1059,1776232193594,17.105145,-210.5120,55.3572,472.4868,0.160848,-0.702307,0.688421,0.083478,0.480109,-2.096288,2.054841,-0.234205,0.060722,0.476032,0.412951,3.039790,-0.067680
1060,1776232193605,17.116256,-211.2459,55.7361,472.4757,0.160762,-0.702211,0.688555,0.083345,0.479890,-2.096167,2.055402,-0.234986,0.060995,0.476020,0.413006,3.039652,-0.067692
1061,1776232193616,17.127367,-211.5985,55.9159,472.4782,0.160731,-0.702317,0.688447,0.083418,0.479775,-2.096392,2.054990,-0.235361,0.061124,0.476022,0.413096,3.039649,-0.067749
1062,1776232193627,17.138479,-212.2900,56.2595,472.5201,0.160654,-0.702353,0.688424,0.083439,0.479540,-2.096475,2.054898,-0.236095,0.061368,0.476063,0.413269,3.039730,-0.067758
1063,1776232193638,17.149590,-212.6613,56.4288,472.5195,0.160773,-0.702426,0.688331,0.083365,0.479917,-2.096784,2.054709,-0.236487,0.061484,0.476062,0.413207,3.039648,-0.067723
1064,1776232193649,17.160701,-213.0354,56.6067,472.5230,0.160706,-0.702303,0.688475,0.083347,0.479721,-2.096438,2.055161,-0.236883,0.061608,0.476065,0.413262,3.039581,-0.067692
1065,1776232193660,17.171812,-213.7560,56.9585,472.5329,0.160806,-0.702345,0.688425,0.083209,0.480061,-2.096735,2.055179,-0.237647,0.061856,0.476074,0.413208,3.039523,-0.067793
1066,1776232193671,17.182923,-214.1089,57.1080,472.5673,0.160912,-0.702344,0.688400,0.083217,0.480374,-2.096723,2.055096,-0.238018,0.061955,0.476108,0.413212,3.039603,-0.067710
1067,1776232193683,17.194035,-214.4673,57.2897,472.5807,0.160673,-0.702177,0.688633,0.083166,0.479676,-2.096287,2.055851,-0.238399,0.062085,0.476121,0.413289,3.039609,-0.067823
1068,1776232193694,17.205146,-215.2072,57.6049,472.5916,0.161013,-0.702221,0.688496,0.083264,0.480661,-2.096297,2.055325,-0.239177,0.062294,0.476131,0.413186,3.039609,-0.067867
1069,1776232193705,17.216257,-215.5628,57.7710,472.6090,0.160759,-0.702303,0.688475,0.083246,0.479908,-2.096565,2.055283,-0.239553,0.062409,0.476148,0.413280,3.039574,-0.067786
1070,1776232193716,17.227368,-216.2844,58.1008,472.6329,0.160732,-0.702092,0.688684,0.083346,0.479801,-2.095811,2.055785,-0.240315,0.062635,0.476171,0.413305,3.039628,-0.067898
1071,1776232193727,17.238479,-216.6609,58.2619,472.6294,0.160724,-0.702110,0.688682,0.083226,0.479811,-2.096014,2.055925,-0.240711,0.062742,0.476167,0.413320,3.039556,-0.067875
1072,1776232193738,17.249591,-217.0281,58.4388,472.6168,0.160936,-0.702145,0.688617,0.083066,0.480487,-2.096314,2.055925,-0.241100,0.062866,0.476154,0.413344,3.039479,-0.068015
1073,1776232193749,17.260702,-217.7706,58.7565,472.6277,0.160767,-0.702155,0.688627,0.083220,0.479941,-2.096155,2.055768,-0.241881,0.063077,0.476164,0.413363,3.039350,-0.068003
1074,1776232193760,17.271813,-218.1275,58.9208,472.6392,0.160739,-0.701964,0.688850,0.083034,0.479910,-2.095816,2.056661,-0.242258,0.063190,0.476175,0.413428,3.039386,-0.068148
1075,1776232193771,17.282924,-218.8722,59.2509,472.6481,0.160771,-0.702291,0.688514,0.083000,0.480014,-2.096833,2.055698,-0.243043,0.063413,0.476183,0.413677,3.039289,-0.068108
1076,1776232193783,17.294036,-219.2362,59.4224,472.6565,0.160803,-0.702249,0.688553,0.082966,0.480120,-2.096750,2.055856,-0.243428,0.063532,0.476191,0.413751,3.039306,-0.068146
1077,1776232193794,17.305147,-219.6232,59.5729,472.6530,0.160818,-0.702146,0.688632,0.083153,0.480112,-2.096211,2.055866,-0.243833,0.063627,0.476187,0.413577,3.039212,-0.068153
1078,1776232193805,17.316258,-220.3211,59.8711,472.7118,0.160535,-0.702085,0.688756,0.083191,0.479255,-2.095981,2.056188,-0.244567,0.063825,0.476245,0.413669,3.039377,-0.068113
1079,1776232193816,17.327369,-220.6871,59.9994,472.7302,0.160763,-0.702211,0.688590,0.083062,0.479974,-2.096516,2.055851,-0.244948,0.063901,0.476263,0.413675,3.039385,-0.067968
1080,1776232193827,17.338481,-221.4109,60.3003,472.7670,0.160786,-0.702203,0.688597,0.083027,0.480052,-2.096537,2.055912,-0.245708,0.064098,0.476299,0.413648,3.039415,-0.067947
1081,1776232193838,17.349592,-221.7720,60.4563,472.7894,0.160694,-0.702095,0.688715,0.083142,0.479745,-2.096070,2.056125,-0.246088,0.064202,0.476321,0.413633,3.039472,-0.067922
1082,1776232193849,17.360703,-222.1288,60.5924,472.8048,0.160745,-0.702207,0.688601,0.083034,0.479928,-2.096539,2.055918,-0.246461,0.064287,0.476336,0.413531,3.039550,-0.067949
1083,1776232193860,17.371815,-222.4845,60.7435,472.8282,0.160733,-0.702290,0.688510,0.083113,0.479870,-2.096690,2.055548,-0.246835,0.064387,0.476359,0.413576,3.039562,-0.067834
1084,1776232193871,17.382926,-223.2387,61.0358,472.8201,0.160830,-0.702294,0.688500,0.082973,0.480198,-2.096876,2.055688,-0.247624,0.064571,0.476350,0.413518,3.039481,-0.067951
1085,1776232193883,17.394037,-223.6086,61.1940,472.8145,0.160899,-0.702357,0.688451,0.082717,0.480476,-2.097380,2.055853,-0.248013,0.064676,0.476344,0.413588,3.039430,-0.067826
1086,1776232193894,17.405149,-224.3610,61.5194,472.7824,0.160836,-0.702139,0.688673,0.082843,0.480253,-2.096571,2.056364,-0.248805,0.064893,0.476311,0.413550,3.039347,-0.068022
1087,1776232193905,17.416260,-224.7352,61.6894,472.7419,0.160812,-0.702165,0.688667,0.082721,0.480216,-2.096802,2.056494,-0.249200,0.065009,0.476270,0.413720,3.039163,-0.068130
1088,1776232193916,17.427372,-225.4768,61.9709,472.7147,0.160926,-0.702383,0.688421,0.082691,0.480565,-2.097489,2.055796,-0.249975,0.065184,0.476242,0.413670,3.039161,-0.068135
1089,1776232193927,17.438483,-225.8212,62.1165,472.7232,0.160709,-0.702281,0.688556,0.082853,0.479872,-2.096986,2.056002,-0.250337,0.065280,0.476250,0.413836,3.039268,-0.068180
1090,1776232193938,17.449594,-226.2016,62.2712,472.6806,0.160922,-0.702414,0.688397,0.082630,0.480570,-2.097660,2.055799,-0.250736,0.065380,0.476207,0.413777,3.039173,-0.068260
1091,1776232193949,17.460706,-226.9457,62.5703,472.6405,0.160938,-0.702337,0.688468,0.082672,0.480605,-2.097375,2.055958,-0.251516,0.065572,0.476166,0.413850,3.039119,-0.068321
1092,1776232193960,17.471817,-227.3128,62.7121,472.6169,0.160639,-0.702291,0.688571,0.082780,0.479682,-2.097105,2.056137,-0.251900,0.065661,0.476142,0.413912,3.039084,-0.068303
1093,1776232193971,17.482928,-228.0539,62.9966,472.5758,0.160626,-0.702149,0.688730,0.082690,0.479669,-2.096793,2.056719,-0.252675,0.065839,0.476100,0.413877,3.039032,-0.068441
1094,1776232193983,17.494040,-228.4242,63.1156,472.5941,0.160707,-0.702320,0.688536,0.082690,0.479911,-2.097305,2.056142,-0.253059,0.065905,0.476118,0.413873,3.039090,-0.068276
1095,1776232193994,17.505151,-228.8094,63.2438,472.5805,0.160679,-0.702101,0.688754,0.082796,0.479798,-2.096517,2.056664,-0.253459,0.065978,0.476104,0.413814,3.039102,-0.068303
1096,1776232194005,17.516262,-229.5505,63.5284,472.5504,0.160517,-0.702198,0.688699,0.082747,0.479328,-2.096867,2.056557,-0.254234,0.066156,0.476073,0.413938,3.039034,-0.068307
1097,1776232194016,17.527373,-229.9374,63.6801,472.5208,0.160779,-0.702180,0.688668,0.082649,0.480137,-2.096935,2.056584,-0.254639,0.066252,0.476043,0.413893,3.038963,-0.068522
1098,1776232194027,17.538484,-230.6898,63.9420,472.5126,0.160885,-0.702196,0.688655,0.082407,0.480523,-2.097284,2.056839,-0.255422,0.066406,0.476034,0.413947,3.038946,-0.068456
1099,1776232194038,17.549596,-231.0667,64.0509,472.5140,0.160997,-0.702128,0.688688,0.082499,0.480831,-2.096967,2.056826,-0.255811,0.066461,0.476035,0.413885,3.038966,-0.068393
1100,1776232194049,17.560707,-231.4362,64.1829,472.5134,0.160837,-0.702056,0.688792,0.082551,0.480337,-2.096688,2.057073,-0.256196,0.066540,0.476034,0.413947,3.038956,-0.068329
1101,1776232194060,17.571818,-232.1955,64.4600,472.4952,0.161022,-0.702014,0.688803,0.082458,0.480919,-2.096676,2.057219,-0.256988,0.066708,0.476015,0.414035,3.038879,-0.068380
1102,1776232194071,17.582929,-232.5600,64.5914,472.5056,0.160724,-0.702004,0.688856,0.082675,0.479966,-2.096378,2.057116,-0.257368,0.066787,0.476025,0.414109,3.038923,-0.068351
1103,1776232194083,17.594040,-233.3157,64.8236,472.4943,0.160830,-0.701970,0.688887,0.082500,0.480333,-2.096493,2.057421,-0.258150,0.066911,0.476013,0.414021,3.038916,-0.068373
1104,1776232194094,17.605152,-233.6908,64.9585,472.4728,0.160846,-0.702012,0.688835,0.082548,0.480366,-2.096561,2.057206,-0.258541,0.066992,0.475991,0.414134,3.038837,-0.068445
1105,1776232194105,17.616263,-234.0614,65.0756,472.4791,0.160851,-0.702033,0.688823,0.082454,0.480408,-2.096740,2.057285,-0.258925,0.067056,0.475997,0.414208,3.038859,-0.068467
1106,1776232194116,17.627374,-234.8237,65.3109,472.4359,0.160895,-0.701850,0.689000,0.082459,0.480540,-2.096185,2.057807,-0.259714,0.067182,0.475953,0.414153,3.038807,-0.068566
1107,1776232194127,17.638485,-235.2093,65.4221,472.4182,0.161000,-0.701893,0.688954,0.082267,0.480906,-2.096552,2.057903,-0.260112,0.067238,0.475935,0.414199,3.038703,-0.068514
1108,1776232194138,17.649597,-235.6156,65.5434,472.3736,0.161085,-0.701687,0.689149,0.082221,0.481173,-2.095995,2.058542,-0.260532,0.067301,0.475890,0.414123,3.038595,-0.068625
1109,1776232194149,17.660708,-236.4047,65.7957,472.3324,0.161235,-0.701819,0.689006,0.081999,0.481684,-2.096664,2.058386,-0.261350,0.067440,0.475848,0.414122,3.038445,-0.068677
1110,1776232194160,17.671819,-236.8064,65.9001,472.3048,0.160890,-0.701617,0.689251,0.082350,0.480556,-2.095624,2.058690,-0.261763,0.067487,0.475820,0.414032,3.038427,-0.068904
1111,1776232194171,17.682931,-237.1987,65.9992,472.2841,0.161143,-0.702068,0.688752,0.082184,0.481356,-2.097178,2.057401,-0.262166,0.067530,0.475799,0.413991,3.038357,-0.068872
1112,1776232194183,17.694042,-237.9704,66.2034,472.3008,0.160760,-0.701616,0.689256,0.082570,0.480104,-2.095350,2.058436,-0.262960,0.067624,0.475815,0.414006,3.038478,-0.068929
1113,1776232194194,17.705153,-238.3743,66.2991,472.2971,0.160691,-0.701797,0.689102,0.082446,0.479932,-2.096044,2.058128,-0.263374,0.067662,0.475811,0.414036,3.038395,-0.068846
1114,1776232194205,17.716264,-239.1525,66.4861,472.3228,0.160584,-0.701586,0.689331,0.082544,0.479586,-2.095292,2.058691,-0.264172,0.067738,0.475836,0.414081,3.038496,-0.068826
1115,1776232194216,17.727376,-239.5494,66.5888,472.3271,0.160678,-0.701920,0.688974,0.082498,0.479881,-2.096346,2.057682,-0.264580,0.067784,0.475840,0.414160,3.038473,-0.068770
1116,1776232194227,17.738487,-239.9247,66.6935,472.3515,0.160831,-0.701951,0.688908,0.082489,0.480339,-2.096450,2.057496,-0.264967,0.067835,0.475864,0.414164,3.038605,-0.068846
1117,1776232194238,17.749598,-240.7031,66.8654,472.3891,0.160749,-0.701695,0.689190,0.082473,0.480097,-2.095706,2.058357,-0.265763,0.067896,0.475901,0.414067,3.038686,-0.068728
1118,1776232194249,17.760710,-241.1066,66.9641,472.3764,0.160897,-0.701731,0.689120,0.082459,0.480546,-2.095831,2.058166,-0.266177,0.067937,0.475888,0.413916,3.038682,-0.068838
1119,1776232194260,17.771821,-241.9062,67.1635,472.3721,0.161095,-0.701782,0.689054,0.082186,0.481212,-2.096323,2.058302,-0.266998,0.068022,0.475883,0.413804,3.038615,-0.068957
1120,1776232194271,17.782932,-242.3016,67.2479,472.3734,0.160950,-0.701877,0.688972,0.082349,0.480735,-2.096401,2.057859,-0.267402,0.068050,0.475884,0.413776,3.038595,-0.068954
1121,1776232194283,17.794044,-242.7000,67.3681,472.3618,0.160856,-0.701576,0.689292,0.082421,0.480433,-2.095414,2.058726,-0.267814,0.068113,0.475872,0.413793,3.038515,-0.068992
1122,1776232194294,17.805155,-243.0890,67.4769,472.3431,0.161135,-0.701992,0.688822,0.082267,0.481309,-2.096847,2.057508,-0.268215,0.068166,0.475853,0.413786,3.038462,-0.069170
1123,1776232194305,17.816266,-243.8530,67.6499,472.3857,0.160751,-0.701381,0.689497,0.082567,0.480079,-2.094652,2.059161,-0.268997,0.068230,0.475895,0.413733,3.038514,-0.069266
1124,1776232194316,17.827377,-244.6288,67.8045,472.3983,0.160889,-0.701687,0.689144,0.082648,0.480467,-2.095464,2.058009,-0.269788,0.068274,0.475907,0.413509,3.038480,-0.069294
1125,1776232194327,17.838489,-245.0136,67.9208,472.3897,0.160849,-0.701826,0.689017,0.082598,0.480361,-2.095943,2.057690,-0.270186,0.068335,0.475898,0.413572,3.038406,-0.069445
1126,1776232194338,17.849600,-245.4137,68.0291,472.3840,0.161091,-0.701719,0.689094,0.082399,0.481140,-2.095870,2.058160,-0.270598,0.068386,0.475892,0.413603,3.038295,-0.069482
1127,1776232194349,17.860711,-246.1930,68.2004,472.3997,0.160876,-0.701784,0.689062,0.082529,0.480463,-2.095903,2.057908,-0.271395,0.068446,0.475907,0.413585,3.038340,-0.069573
1128,1776232194360,17.871823,-246.5873,68.2857,472.4010,0.161072,-0.701637,0.689168,0.082520,0.481049,-2.095474,2.058235,-0.271798,0.068475,0.475908,0.413405,3.038366,-0.069725
1129,1776232194371,17.882934,-247.3742,68.4258,472.4225,0.160886,-0.701637,0.689213,0.082506,0.480500,-2.095490,2.058387,-0.272598,0.068503,0.475929,0.413318,3.038476,-0.069698
1130,1776232194383,17.894046,-247.7822,68.5000,472.4228,0.160960,-0.701431,0.689394,0.082598,0.480692,-2.094764,2.058815,-0.273013,0.068519,0.475929,0.413248,3.038505,-0.069775
1131,1776232194394,17.905157,-248.1995,68.5866,472.4061,0.160861,-0.701628,0.689208,0.082676,0.480375,-2.095254,2.058165,-0.273439,0.068546,0.475912,0.413210,3.038442,-0.069766
1132,1776232194405,17.916268,-249.0194,68.7142,472.4326,0.161086,-0.701717,0.689065,0.082668,0.481050,-2.095531,2.057748,-0.274270,0.068557,0.475938,0.413093,3.038577,-0.069764
1133,1776232194416,17.927379,-249.4158,68.7847,472.4649,0.160965,-0.701619,0.689191,0.082687,0.480682,-2.095214,2.058099,-0.274673,0.068571,0.475970,0.412980,3.038709,-0.069770
1134,1776232194427,17.938491,-250.2416,68.8920,472.4863,0.160886,-0.701550,0.689255,0.082892,0.480388,-2.094753,2.058042,-0.275507,0.068561,0.475991,0.412833,3.038787,-0.069752
1135,1776232194438,17.949602,-250.6623,68.9691,472.4726,0.160843,-0.701297,0.689535,0.082787,0.480291,-2.094128,2.059008,-0.275935,0.068578,0.475977,0.412836,3.038793,-0.069874
1136,1776232194449,17.960713,-251.0809,69.0185,472.4758,0.160924,-0.701440,0.689372,0.082780,0.480535,-2.094563,2.058527,-0.276357,0.068568,0.475980,0.412863,3.038782,-0.069834
1137,1776232194460,17.971824,-251.9089,69.1536,472.4543,0.160949,-0.701405,0.689409,0.082720,0.480624,-2.094533,2.058710,-0.277197,0.068585,0.475958,0.412898,3.038804,-0.069925
1138,1776232194471,17.982935,-252.3180,69.2129,472.4496,0.161022,-0.701415,0.689384,0.082700,0.480850,-2.094588,2.058661,-0.277611,0.068586,0.475953,0.412871,3.038851,-0.070038
1139,1776232194483,17.994047,-252.7252,69.2992,472.4299,0.160980,-0.701389,0.689429,0.082623,0.480747,-2.094607,2.058890,-0.278027,0.068614,0.475933,0.413037,3.038846,-0.070113
1140,1776232194494,18.005158,-253.5605,69.4325,472.3654,0.161040,-0.701227,0.689567,0.082730,0.480895,-2.093988,2.059172,-0.278874,0.068628,0.475868,0.412973,3.038763,-0.070425
1141,1776232194505,18.016270,-253.9770,69.4757,472.3346,0.160902,-0.701147,0.689656,0.082939,0.480423,-2.093493,2.059181,-0.279293,0.068612,0.475837,0.412937,3.038718,-0.070387
1142,1776232194516,18.027381,-254.3817,69.5516,472.3148,0.160967,-0.701166,0.689644,0.082752,0.480671,-2.093779,2.059372,-0.279705,0.068630,0.475817,0.412945,3.038739,-0.070567
1143,1776232194527,18.038492,-254.7957,69.6117,472.2821,0.161035,-0.701056,0.689732,0.082815,0.480855,-2.093375,2.059559,-0.280124,0.068631,0.475784,0.412953,3.038699,-0.070606
1144,1776232194538,18.049604,-255.6088,69.7377,472.2616,0.160902,-0.701154,0.689673,0.082728,0.480483,-2.093776,2.059491,-0.280948,0.068641,0.475763,0.412922,3.038768,-0.070702
1145,1776232194549,18.060715,-256.4080,69.8546,472.2680,0.160910,-0.701091,0.689734,0.082744,0.480503,-2.093567,2.059651,-0.281757,0.068644,0.475769,0.412945,3.038862,-0.070695
1146,1776232194560,18.071826,-256.7962,69.9049,472.2652,0.160662,-0.701018,0.689847,0.082897,0.479720,-2.093161,2.059806,-0.282149,0.068639,0.475766,0.412973,3.038870,-0.070645
1147,1776232194571,18.082937,-257.5664,70.0136,472.3107,0.160701,-0.701042,0.689804,0.082984,0.479810,-2.093123,2.059569,-0.282928,0.068638,0.475811,0.412834,3.039129,-0.070589
1148,1776232194583,18.094048,-257.9522,70.0737,472.3069,0.160670,-0.701031,0.689831,0.082907,0.479740,-2.093186,2.059743,-0.283319,0.068643,0.475807,0.412900,3.039116,-0.070615
1149,1776232194594,18.105160,-258.3210,70.1323,472.3241,0.160717,-0.700946,0.689914,0.082844,0.479898,-2.093010,2.060068,-0.283693,0.068649,0.475824,0.412956,3.039251,-0.070631
1150,1776232194605,18.116271,-259.0854,70.2464,472.3405,0.160637,-0.701130,0.689761,0.082717,0.479694,-2.093718,2.059767,-0.284467,0.068654,0.475840,0.413071,3.039346,-0.070633
1151,1776232194616,18.127382,-259.4718,70.3096,472.3268,0.160664,-0.701176,0.689683,0.082928,0.479715,-2.093592,2.059278,-0.284859,0.068662,0.475826,0.413112,3.039316,-0.070602
1152,1776232194627,18.138493,-259.8543,70.3501,472.3149,0.160801,-0.701015,0.689823,0.082854,0.480146,-2.093203,2.059785,-0.285244,0.068648,0.475814,0.413012,3.039304,-0.070650
1153,1776232194638,18.149605,-260.6028,70.4417,472.3343,0.160638,-0.701095,0.689755,0.083071,0.479598,-2.093173,2.059316,-0.285999,0.068633,0.475833,0.413150,3.039471,-0.070513
1154,1776232194649,18.160716,-260.9815,70.5090,472.3225,0.160525,-0.700813,0.690071,0.083037,0.479270,-2.092375,2.060301,-0.286384,0.068646,0.475821,0.413232,3.039498,-0.070673
1155,1776232194660,18.171827,-261.7614,70.5992,472.2899,0.160769,-0.701107,0.689719,0.083004,0.480007,-2.093293,2.059290,-0.287170,0.068625,0.475788,0.413157,3.039420,-0.070575
1156,1776232194671,18.182938,-262.1410,70.6676,472.2701,0.160688,-0.700989,0.689863,0.082962,0.479779,-2.092993,2.059773,-0.287556,0.068639,0.475768,0.413145,3.039433,-0.070744
1157,1776232194683,18.194050,-262.5309,70.7203,472.2503,0.160794,-0.700965,0.689868,0.082921,0.480106,-2.092971,2.059836,-0.287950,0.068636,0.475748,0.413123,3.039385,-0.070675
1158,1776232194694,18.205161,-263.2689,70.8287,472.2527,0.160659,-0.700835,0.690029,0.082938,0.479697,-2.092562,2.060298,-0.288697,0.068639,0.475750,0.413133,3.039513,-0.070710
1159,1776232194705,18.216273,-263.6472,70.8706,472.2669,0.160605,-0.700935,0.689924,0.083070,0.479500,-2.092698,2.059824,-0.289078,0.068627,0.475764,0.413165,3.039582,-0.070563
1160,1776232194716,18.227384,-264.3907,70.9900,472.2583,0.160483,-0.700880,0.689998,0.083154,0.479110,-2.092431,2.059942,-0.289832,0.068640,0.475755,0.413194,3.039684,-0.070699
1161,1776232194727,18.238495,-264.7704,71.0291,472.2795,0.160403,-0.700975,0.689917,0.083186,0.478863,-2.092673,2.059662,-0.290214,0.068625,0.475776,0.413170,3.039755,-0.070540
1162,1776232194738,18.249606,-265.1450,71.0968,472.2777,0.160468,-0.701007,0.689880,0.083094,0.479084,-2.092884,2.059663,-0.290595,0.068639,0.475774,0.413307,3.039797,-0.070646
1163,1776232194749,18.260718,-265.8920,71.1701,472.3310,0.160374,-0.701076,0.689816,0.083227,0.478764,-2.092925,2.059309,-0.291346,0.068606,0.475827,0.413312,3.039985,-0.070447
1164,1776232194760,18.271829,-266.2681,71.2137,472.3712,0.160324,-0.701046,0.689857,0.083234,0.478615,-2.092827,2.059423,-0.291725,0.068596,0.475867,0.413299,3.040165,-0.070464
1165,1776232194771,18.282940,-267.0453,71.3157,472.3966,0.160266,-0.701226,0.689687,0.083241,0.478439,-2.093354,2.058908,-0.292510,0.068587,0.475892,0.413292,3.040182,-0.070283
1166,1776232194783,18.294051,-267.4130,71.3541,472.4197,0.160258,-0.700970,0.689957,0.083170,0.478435,-2.092678,2.059800,-0.292880,0.068573,0.475915,0.413294,3.040305,-0.070383
1167,1776232194794,18.305163,-267.8059,71.3790,472.4218,0.160396,-0.701218,0.689691,0.083026,0.478888,-2.093596,2.059182,-0.293273,0.068542,0.475917,0.413259,3.040300,-0.070276
1168,1776232194805,18.316274,-268.5817,71.4486,472.4091,0.160539,-0.701117,0.689766,0.082981,0.479327,-2.093350,2.059459,-0.294052,0.068501,0.475904,0.413179,3.040302,-0.070440
1169,1776232194816,18.327385,-268.9583,71.4883,472.4093,0.160412,-0.701155,0.689761,0.082940,0.478961,-2.093516,2.059495,-0.294431,0.068487,0.475904,0.413324,3.040253,-0.070351
1170,1776232194827,18.338497,-269.7260,71.5296,472.3995,0.160465,-0.701081,0.689831,0.082880,0.479134,-2.093369,2.059778,-0.295198,0.068419,0.475894,0.413238,3.040238,-0.070462
1171,1776232194838,18.349608,-270.1290,71.5681,472.3696,0.160507,-0.701135,0.689763,0.082909,0.479252,-2.093494,2.059538,-0.295603,0.068400,0.475864,0.413317,3.040095,-0.070441
1172,1776232194849,18.360719,-270.5209,71.5788,472.3747,0.160435,-0.700996,0.689905,0.083045,0.478998,-2.092912,2.059796,-0.295993,0.068355,0.475869,0.413157,3.040157,-0.070536
1173,1776232194860,18.371830,-270.9255,71.5994,472.3598,0.160498,-0.701081,0.689814,0.082969,0.479207,-2.093257,2.059617,-0.296397,0.068318,0.475854,0.413181,3.040021,-0.070511
1174,1776232194871,18.382942,-271.6819,71.6490,472.3890,0.160466,-0.701024,0.689882,0.082945,0.479118,-2.093117,2.059849,-0.297154,0.068260,0.475883,0.413239,3.040141,-0.070472
1175,1776232194883,18.394053,-272.4726,71.6784,472.4072,0.160463,-0.701153,0.689749,0.082968,0.479103,-2.093473,2.059423,-0.297942,0.068177,0.475901,0.413233,3.040219,-0.070394
1176,1776232194894,18.405164,-272.8718,71.6659,472.4162,0.160482,-0.701184,0.689699,0.083076,0.479129,-2.093433,2.059146,-0.298336,0.068108,0.475910,0.413112,3.040267,-0.070248
1177,1776232194905,18.416275,-273.2629,71.6815,472.4363,0.160553,-0.701194,0.689682,0.083001,0.479363,-2.093556,2.059184,-0.298726,0.068068,0.475930,0.413073,3.040337,-0.070167
1178,1776232194916,18.427387,-274.0423,71.7052,472.4604,0.160580,-0.701034,0.689832,0.083048,0.479431,-2.093021,2.059574,-0.299502,0.067981,0.475954,0.413052,3.040433,-0.070104
1179,1776232194927,18.438498,-274.4419,71.7322,472.4565,0.160575,-0.700989,0.689902,0.082857,0.479468,-2.093122,2.060017,-0.299902,0.067951,0.475950,0.413094,3.040398,-0.070108
1180,1776232194938,18.449609,-274.8339,71.7066,472.4665,0.160485,-0.701004,0.689871,0.083161,0.479115,-2.092792,2.059555,-0.300287,0.067870,0.475960,0.412916,3.040493,-0.070094
1181,1776232194949,18.460720,-275.6473,71.7323,472.4506,0.160554,-0.701026,0.689841,0.083087,0.479342,-2.092949,2.059556,-0.301097,0.067780,0.475944,0.412787,3.040373,-0.070117
1182,1776232194960,18.471832,-276.0493,71.7425,472.4407,0.160459,-0.701122,0.689751,0.083210,0.479022,-2.093083,2.059137,-0.301497,0.067733,0.475934,0.412778,3.040353,-0.070149
1183,1776232194971,18.482943,-276.8623,71.7430,472.4367,0.160490,-0.701139,0.689737,0.083125,0.479141,-2.093239,2.059198,-0.302303,0.067618,0.475930,0.412866,3.040296,-0.070158
1184,1776232194983,18.494054,-277.2790,71.7280,472.4507,0.160570,-0.701007,0.689857,0.083091,0.479388,-2.092885,2.059597,-0.302714,0.067544,0.475944,0.412790,3.040272,-0.070014
1185,1776232194994,18.505165,-277.6809,71.7251,472.4467,0.160578,-0.700963,0.689907,0.083031,0.479430,-2.092829,2.059819,-0.303112,0.067484,0.475940,0.412855,3.040274,-0.069977
1186,1776232195005,18.516276,-278.5217,71.7641,472.3829,0.160838,-0.701254,0.689590,0.082699,0.480300,-2.094110,2.059278,-0.303951,0.067403,0.475876,0.412920,3.040050,-0.070095
1187,1776232195016,18.527390,-278.5217,71.7641,472.3829,0.160596,-0.701101,0.689778,0.082905,0.479518,-2.093396,2.059587,-0.303951,0.067403,0.475876,0.412920,3.040050,-0.070095
1188,1776232195027,18.538501,-279.3318,71.7703,472.3690,0.160559,-0.701165,0.689718,0.082932,0.479402,-2.093555,2.059377,-0.304755,0.067294,0.475862,0.413041,3.039974,-0.070102
1189,1776232195038,18.549613,-280.1199,71.7542,472.3780,0.160586,-0.701104,0.689783,0.082853,0.479504,-2.093470,2.059667,-0.305534,0.067166,0.475871,0.413166,3.040025,-0.070095
1190,1776232195049,18.560724,-280.5225,71.7533,472.4070,0.160612,-0.701209,0.689675,0.082809,0.479595,-2.093838,2.059398,-0.305933,0.067108,0.475900,0.413256,3.040009,-0.069915
1191,1776232195060,18.571835,-281.3329,71.7222,472.4049,0.160600,-0.701047,0.689827,0.082951,0.479518,-2.093178,2.059677,-0.306732,0.066962,0.475898,0.413226,3.040013,-0.069955
1192,1776232195071,18.582947,-281.7494,71.7083,472.4109,0.160649,-0.701119,0.689740,0.082967,0.479659,-2.093374,2.059398,-0.307143,0.066889,0.475904,0.413238,3.039960,-0.069841
1193,1776232195083,18.594058,-282.5520,71.6831,472.4489,0.160386,-0.701049,0.689858,0.083077,0.478844,-2.093029,2.059619,-0.307935,0.066750,0.475942,0.413327,3.040026,-0.069826
1194,1776232195094,18.605169,-282.9515,71.6617,472.4778,0.160646,-0.701155,0.689712,0.082895,0.479672,-2.093571,2.059404,-0.308328,0.066672,0.475971,0.413324,3.040046,-0.069823
1195,1776232195105,18.616280,-283.3575,71.6513,472.4798,0.160690,-0.701055,0.689806,0.082878,0.479807,-2.093292,2.059705,-0.308729,0.066604,0.475973,0.413405,3.039980,-0.069926
1196,1776232195116,18.627392,-284.1666,71.6363,472.4908,0.160696,-0.701221,0.689639,0.082855,0.479832,-2.093816,2.059234,-0.309529,0.066474,0.475984,0.413525,3.039914,-0.069886
1197,1776232195127,18.638503,-284.5652,71.6290,472.4858,0.160816,-0.701209,0.689638,0.082732,0.480226,-2.093932,2.059379,-0.309923,0.066410,0.475979,0.413557,3.039892,-0.069990
1198,1776232195138,18.649614,-284.9671,71.6049,472.4897,0.160760,-0.701227,0.689648,0.082603,0.480095,-2.094146,2.059568,-0.310318,0.066329,0.475983,0.413589,3.039831,-0.069902
1199,1776232195149,18.660725,-285.7784,71.5894,472.4537,0.160768,-0.701163,0.689710,0.082606,0.480118,-2.093953,2.059750,-0.311120,0.066198,0.475947,0.413655,3.039679,-0.070103
1200,1776232195160,18.671837,-286.1706,71.6045,472.4247,0.160827,-0.701163,0.689702,0.082557,0.480306,-2.094013,2.059785,-0.311511,0.066157,0.475918,0.413892,3.039574,-0.070148
1201,1776232195171,18.682948,-286.9759,71.5325,472.4105,0.160899,-0.701171,0.689688,0.082471,0.480547,-2.094142,2.059848,-0.312299,0.065971,0.475904,0.413785,3.039516,-0.070312
1202,1776232195183,18.694059,-287.3819,71.5081,472.3974,0.160746,-0.700889,0.690000,0.082558,0.480065,-2.093193,2.060673,-0.312698,0.065889,0.475891,0.413731,3.039500,-0.070494
1203,1776232195194,18.705170,-287.7751,71.4465,472.4222,0.160859,-0.701193,0.689666,0.082544,0.480408,-2.094120,2.059693,-0.313079,0.065772,0.475916,0.413804,3.039581,-0.070370
1204,1776232195205,18.716282,-288.5892,71.3757,472.4500,0.160740,-0.700925,0.689967,0.082538,0.480052,-2.093327,2.060598,-0.313876,0.065586,0.475944,0.413748,3.039615,-0.070521
1205,1776232195216,18.727393,-288.9804,71.3137,472.4849,0.160809,-0.701048,0.689821,0.082579,0.480248,-2.093642,2.060112,-0.314255,0.065469,0.475979,0.413697,3.039726,-0.070400
1206,1776232195227,18.738504,-289.7842,71.2587,472.5067,0.160775,-0.701071,0.689818,0.082478,0.480175,-2.093834,2.060227,-0.315044,0.065300,0.476001,0.413831,3.039784,-0.070538
1207,1776232195238,18.749616,-290.1926,71.2246,472.5056,0.160897,-0.701106,0.689765,0.082383,0.480565,-2.094058,2.060185,-0.315444,0.065208,0.476000,0.413806,3.039761,-0.070621
1208,1776232195249,18.760727,-290.5957,71.1857,472.4984,0.160894,-0.701195,0.689687,0.082284,0.480586,-2.094447,2.060072,-0.315838,0.065112,0.475993,0.413824,3.039778,-0.070673
1209,1776232195260,18.771838,-291.3939,71.1138,472.5152,0.160898,-0.701000,0.689888,0.082254,0.480606,-2.093903,2.060708,-0.316619,0.064927,0.476010,0.413865,3.039868,-0.070746
1210,1776232195271,18.782950,-291.7975,71.0780,472.5091,0.160948,-0.701282,0.689596,0.082196,0.480770,-2.094816,2.059910,-0.317014,0.064834,0.476004,0.413894,3.039851,-0.070782
1211,1776232195283,18.794061,-292.6255,71.0309,472.4199,0.160892,-0.701078,0.689822,0.082157,0.480614,-2.094254,2.060630,-0.317828,0.064669,0.475915,0.413840,3.039643,-0.071026
1212,1776232195294,18.805172,-293.0303,70.9801,472.4207,0.161038,-0.701123,0.689750,0.082090,0.481071,-2.094471,2.060498,-0.318222,0.064561,0.475916,0.413767,3.039664,-0.071104
1213,1776232195305,18.816283,-293.4306,70.9672,472.3947,0.160895,-0.701283,0.689620,0.082095,0.480642,-2.094944,2.060102,-0.318617,0.064491,0.475890,0.413861,3.039559,-0.071236
1214,1776232195316,18.827395,-294.2084,70.8834,472.3954,0.160939,-0.701150,0.689748,0.082069,0.480780,-2.094580,2.060516,-0.319376,0.064297,0.475891,0.413942,3.039539,-0.071323
1215,1776232195327,18.838506,-294.6172,70.8262,472.3922,0.160983,-0.701270,0.689632,0.081930,0.480951,-2.095108,2.060339,-0.319773,0.064182,0.475888,0.413939,3.039469,-0.071293
1216,1776232195338,18.849617,-295.0009,70.7744,472.4110,0.161034,-0.701223,0.689684,0.081795,0.481143,-2.095135,2.060659,-0.320146,0.064076,0.475907,0.413958,3.039503,-0.071321
1217,1776232195349,18.860728,-295.0009,70.7744,472.4110,0.160948,-0.701215,0.689681,0.082060,0.480811,-2.094783,2.060327,-0.320146,0.064076,0.475907,0.413958,3.039503,-0.071321
1218,1776232195360,18.871839,-296.1562,70.6329,472.4205,0.160906,-0.701097,0.689816,0.082022,0.480695,-2.094476,2.060775,-0.321271,0.063771,0.475917,0.414047,3.039572,-0.071445
1219,1776232195371,18.882951,-296.9306,70.5233,472.4551,0.160854,-0.701063,0.689848,0.082134,0.480508,-2.094239,2.060736,-0.322023,0.063552,0.475952,0.414076,3.039655,-0.071358
1220,1776232195383,18.894062,-297.3178,70.4752,472.4550,0.160866,-0.701015,0.689900,0.082087,0.480557,-2.094152,2.060948,-0.322400,0.063449,0.475952,0.414141,3.039650,-0.071367
1221,1776232195394,18.905173,-297.7164,70.4256,472.4688,0.160825,-0.701235,0.689682,0.082114,0.480427,-2.094776,2.060265,-0.322788,0.063343,0.475966,0.414231,3.039686,-0.071341
1222,1776232195405,18.916284,-298.4923,70.3123,472.4894,0.160805,-0.700999,0.689917,0.082201,0.480344,-2.093964,2.060859,-0.323541,0.063120,0.475987,0.414323,3.039762,-0.071364
1223,1776232195416,18.927396,-298.8945,70.2441,472.5041,0.160888,-0.700884,0.690019,0.082166,0.480600,-2.093663,2.061208,-0.323930,0.062995,0.476002,0.414124,3.039861,-0.071337
1224,1776232195427,18.938507,-299.6791,70.1270,472.5137,0.160746,-0.701145,0.689780,0.082215,0.480163,-2.094383,2.060435,-0.324691,0.062767,0.476012,0.414272,3.039857,-0.071284
1225,1776232195438,18.949618,-300.0789,70.0757,472.5105,0.160924,-0.700943,0.689959,0.082093,0.480728,-2.093931,2.061117,-0.325080,0.062659,0.476009,0.414256,3.039845,-0.071478
1226,1776232195449,18.960730,-300.4853,70.0203,472.4873,0.160955,-0.700823,0.690089,0.081965,0.480859,-2.093730,2.061663,-0.325475,0.062546,0.475986,0.414192,3.039774,-0.071369
1227,1776232195460,18.971841,-301.2842,69.9096,472.4549,0.160956,-0.700728,0.690168,0.082110,0.480821,-2.093266,2.061723,-0.326251,0.062322,0.475954,0.414095,3.039650,-0.071596
1228,1776232195471,18.982952,-301.6877,69.8326,472.4296,0.161132,-0.700860,0.690019,0.081888,0.481410,-2.093935,2.061548,-0.326640,0.062188,0.475929,0.413924,3.039576,-0.071573
1229,1776232195483,18.994063,-302.4377,69.7107,472.4282,0.161081,-0.700463,0.690410,0.082083,0.481201,-2.092509,2.062478,-0.327366,0.061960,0.475928,0.414062,3.039564,-0.071693
1230,1776232195494,19.005175,-302.8484,69.6470,472.3839,0.161288,-0.700646,0.690201,0.081872,0.481880,-2.093317,2.062111,-0.327764,0.061838,0.475884,0.413987,3.039330,-0.071812
1231,1776232195505,19.016286,-303.2029,69.5749,472.3997,0.161170,-0.700621,0.690243,0.081971,0.481500,-2.093120,2.062114,-0.328105,0.061716,0.475900,0.414147,3.039401,-0.071919
1232,1776232195516,19.027397,-303.9639,69.4323,472.4411,0.161111,-0.700790,0.690079,0.082025,0.481308,-2.093557,2.061558,-0.328839,0.061466,0.475942,0.414155,3.039439,-0.071923
1233,1776232195527,19.038508,-304.3480,69.3504,472.4598,0.161212,-0.700715,0.690152,0.081854,0.481658,-2.093545,2.061986,-0.329208,0.061330,0.475961,0.414230,3.039417,-0.071820
1234,1776232195538,19.049620,-304.7331,69.2828,472.4566,0.161056,-0.700756,0.690130,0.081988,0.481152,-2.093503,2.061758,-0.329580,0.061208,0.475958,0.414309,3.039344,-0.071885
1235,1776232195549,19.060731,-305.5193,69.1197,472.4640,0.161120,-0.700678,0.690199,0.081953,0.481355,-2.093313,2.062004,-0.330336,0.060934,0.475966,0.414137,3.039280,-0.071961
1236,1776232195560,19.071842,-305.8960,69.0469,472.4777,0.161000,-0.700598,0.690326,0.081800,0.481039,-2.093262,2.062573,-0.330699,0.060808,0.475980,0.414270,3.039333,-0.071983
1237,1776232195571,19.082953,-306.2804,68.9418,472.5113,0.160858,-0.700867,0.690067,0.081969,0.480566,-2.093856,2.061590,-0.331065,0.060649,0.476014,0.414151,3.039493,-0.071888
1238,1776232195583,19.094065,-307.0720,68.7838,472.4747,0.160853,-0.700778,0.690161,0.081944,0.480559,-2.093621,2.061902,-0.331827,0.060379,0.475978,0.414167,3.039406,-0.072028
1239,1776232195594,19.105176,-307.4661,68.6954,472.4694,0.160838,-0.700891,0.690045,0.081980,0.480503,-2.093917,2.061513,-0.332205,0.060235,0.475973,0.414236,3.039363,-0.071896
1240,1776232195605,19.116287,-308.2727,68.5375,472.4188,0.160933,-0.700515,0.690440,0.081688,0.480872,-2.093153,2.063047,-0.332982,0.059963,0.475923,0.414169,3.039302,-0.072102
1241,1776232195616,19.127398,-308.6736,68.4441,472.4224,0.160961,-0.700873,0.690054,0.081815,0.480920,-2.094067,2.061742,-0.333366,0.059813,0.475927,0.414096,3.039295,-0.071987
1242,1776232195627,19.138510,-309.4464,68.2833,472.4118,0.160852,-0.700369,0.690605,0.081698,0.480626,-2.092703,2.063531,-0.334109,0.059543,0.475917,0.414105,3.039341,-0.071984
1243,1776232195638,19.149621,-309.8526,68.2088,472.3905,0.160873,-0.700805,0.690150,0.081760,0.480672,-2.093930,2.062094,-0.334501,0.059411,0.475896,0.414106,3.039269,-0.072014
1244,1776232195649,19.160732,-310.2571,68.1463,472.3602,0.161034,-0.700805,0.690141,0.081527,0.481218,-2.094218,2.062351,-0.334893,0.059291,0.475866,0.414239,3.039129,-0.072220
1245,1776232195660,19.171843,-310.6572,68.0659,472.3399,0.160912,-0.700707,0.690269,0.081525,0.480853,-2.093928,2.062736,-0.335278,0.059154,0.475846,0.414236,3.039076,-0.072165
1246,1776232195671,19.182955,-311.4474,67.8966,472.3342,0.161087,-0.700718,0.690223,0.081470,0.481393,-2.094029,2.062667,-0.336037,0.058873,0.475841,0.414149,3.039054,-0.072263
1247,1776232195683,19.194066,-312.2041,67.7072,472.3605,0.160940,-0.700702,0.690269,0.081513,0.480941,-2.093929,2.062750,-0.336760,0.058577,0.475868,0.414129,3.039244,-0.072314
1248,1776232195694,19.205177,-312.6066,67.6171,472.3471,0.161066,-0.700765,0.690175,0.081520,0.481315,-2.094108,2.062462,-0.337146,0.058430,0.475855,0.414208,3.039123,-0.072243
1249,1776232195705,19.216288,-312.9793,67.5235,472.3838,0.160869,-0.700497,0.690473,0.081684,0.480681,-2.093103,2.063154,-0.337502,0.058284,0.475892,0.414232,3.039308,-0.072283
1250,1776232195716,19.227400,-313.7506,67.3383,472.4190,0.160841,-0.700614,0.690347,0.081801,0.480563,-2.093308,2.062633,-0.338240,0.057990,0.475928,0.414059,3.039495,-0.072302
1251,1776232195727,19.238511,-314.1342,67.2251,472.4476,0.160736,-0.700498,0.690491,0.081788,0.480253,-2.092977,2.063080,-0.338604,0.057823,0.475957,0.414071,3.039678,-0.072167
1252,1776232195738,19.249622,-314.5336,67.1416,472.4403,0.160693,-0.700531,0.690437,0.082044,0.480053,-2.092761,2.062605,-0.338988,0.057683,0.475950,0.414071,3.039646,-0.072101
1253,1776232195749,19.260733,-315.3175,66.9817,472.4206,0.160804,-0.700679,0.690277,0.081902,0.480425,-2.093379,2.062300,-0.339742,0.057412,0.475931,0.414043,3.039663,-0.072186
1254,1776232195760,19.271844,-315.7006,66.8928,472.4062,0.160986,-0.700296,0.690653,0.081657,0.481038,-2.092537,2.063724,-0.340109,0.057269,0.475917,0.414106,3.039729,-0.072250
1255,1776232195771,19.282956,-316.4959,66.6952,472.3694,0.161039,-0.700449,0.690481,0.081690,0.481186,-2.092955,2.063170,-0.340869,0.056959,0.475881,0.414015,3.039607,-0.072267
1256,1776232195783,19.294067,-316.8932,66.5923,472.3560,0.161002,-0.700306,0.690634,0.081703,0.481074,-2.092508,2.063609,-0.341248,0.056800,0.475868,0.413899,3.039625,-0.072299
1257,1776232195794,19.305178,-317.3007,66.5021,472.3106,0.161180,-0.700612,0.690283,0.081686,0.481609,-2.093447,2.062583,-0.341639,0.056652,0.475823,0.413885,3.039460,-0.072322
1258,1776232195805,19.316290,-318.1063,66.2960,472.2418,0.161047,-0.700647,0.690281,0.081670,0.481215,-2.093570,2.062596,-0.342408,0.056332,0.475755,0.413754,3.039286,-0.072423
1259,1776232195816,19.327401,-318.4924,66.1864,472.2504,0.160960,-0.700606,0.690316,0.081897,0.480892,-2.093168,2.062423,-0.342775,0.056168,0.475764,0.413728,3.039303,-0.072389
1260,1776232195827,19.338512,-319.2601,65.9503,472.2684,0.161062,-0.700634,0.690289,0.081682,0.481259,-2.093517,2.062605,-0.343502,0.055824,0.475783,0.413588,3.039366,-0.072348
1261,1776232195838,19.349623,-319.6414,65.8390,472.2760,0.160765,-0.700586,0.690375,0.081955,0.480292,-2.093036,2.062529,-0.343864,0.055659,0.475791,0.413555,3.039448,-0.072376
1262,1776232195849,19.360734,-320.0069,65.7466,472.2946,0.160795,-0.700620,0.690353,0.081792,0.480428,-2.093337,2.062662,-0.344213,0.055515,0.475810,0.413728,3.039428,-0.072348
1263,1776232195860,19.371846,-320.7426,65.5291,472.3367,0.161011,-0.700694,0.690245,0.081635,0.481118,-2.093755,2.062531,-0.344911,0.055194,0.475853,0.413715,3.039536,-0.072419
1264,1776232195871,19.382957,-321.1225,65.4003,472.3632,0.160799,-0.700728,0.690244,0.081777,0.480446,-2.093680,2.062355,-0.345269,0.055012,0.475880,0.413676,3.039512,-0.072311
1265,1776232195883,19.394068,-321.8579,65.2131,472.3845,0.160925,-0.700623,0.690335,0.081656,0.480857,-2.093516,2.062773,-0.345971,0.054721,0.475902,0.413698,3.039520,-0.072350
1266,1776232195894,19.405180,-321.8579,65.2131,472.3845,0.160919,-0.700804,0.690161,0.081589,0.480858,-2.094140,2.062335,-0.345971,0.054721,0.475902,0.413698,3.039520,-0.072350
1267,1776232195905,19.416291,-322.5986,64.9893,472.4256,0.161048,-0.700882,0.690056,0.081559,0.481252,-2.094409,2.062058,-0.346673,0.054393,0.475944,0.413766,3.039590,-0.072355
1268,1776232195916,19.427402,-322.9990,64.8647,472.4100,0.161002,-0.700957,0.689980,0.081641,0.481089,-2.094533,2.061732,-0.347052,0.054212,0.475929,0.413637,3.039444,-0.072281
1269,1776232195927,19.438514,-323.7553,64.6515,472.3842,0.161102,-0.700833,0.690094,0.081549,0.481416,-2.094275,2.062183,-0.347771,0.053892,0.475904,0.413595,3.039352,-0.072421
1270,1776232195938,19.449625,-324.1409,64.5531,472.3817,0.160809,-0.700938,0.690040,0.081680,0.480502,-2.094426,2.061864,-0.348139,0.053739,0.475902,0.413629,3.039300,-0.072348
1271,1776232195949,19.460736,-324.9091,64.3134,472.3368,0.160893,-0.701031,0.689924,0.081692,0.480751,-2.094690,2.061503,-0.348866,0.053391,0.475858,0.413536,3.039243,-0.072445
1272,1776232195960,19.471848,-325.2942,64.1897,472.3163,0.161052,-0.701211,0.689718,0.081578,0.481257,-2.095370,2.061025,-0.349230,0.053213,0.475838,0.413475,3.039172,-0.072403
1273,1776232195971,19.482959,-326.0826,63.9501,472.2573,0.161160,-0.701042,0.689878,0.081464,0.481613,-2.095005,2.061644,-0.349977,0.052862,0.475780,0.413413,3.038983,-0.072444
1274,1776232195983,19.494070,-326.4479,63.8103,472.2647,0.161118,-0.701079,0.689842,0.081531,0.481470,-2.095033,2.061454,-0.350319,0.052671,0.475788,0.413375,3.039058,-0.072383
1275,1776232195994,19.505182,-326.8222,63.6707,472.2832,0.161109,-0.701093,0.689832,0.081516,0.481445,-2.095093,2.061440,-0.350670,0.052479,0.475807,0.413359,3.039122,-0.072415
1276,1776232196005,19.516293,-327.5493,63.3946,472.3321,0.160915,-0.701025,0.689929,0.081657,0.480825,-2.094717,2.061560,-0.351351,0.052101,0.475857,0.413325,3.039297,-0.072317
1277,1776232196016,19.527404,-327.9308,63.2612,472.3425,0.160759,-0.701043,0.689939,0.081720,0.480343,-2.094692,2.061514,-0.351710,0.051914,0.475868,0.413383,3.039297,-0.072205
1278,1776232196027,19.538515,-328.6909,62.9940,472.3534,0.160824,-0.700978,0.689971,0.081893,0.480488,-2.094282,2.061397,-0.352425,0.051540,0.475880,0.413468,3.039268,-0.072130
1279,1776232196038,19.549627,-329.0524,62.8526,472.3949,0.160964,-0.700897,0.690039,0.081738,0.480949,-2.094233,2.061789,-0.352763,0.051348,0.475922,0.413528,3.039398,-0.072033
1280,1776232196049,19.560738,-329.4255,62.7150,472.4083,0.160958,-0.700806,0.690131,0.081751,0.480928,-2.093945,2.062048,-0.353113,0.051158,0.475936,0.413598,3.039413,-0.072063
1281,1776232196060,19.571849,-330.1792,62.4156,472.4241,0.161034,-0.700896,0.690032,0.081664,0.481178,-2.094322,2.061859,-0.353817,0.050753,0.475953,0.413521,3.039424,-0.071964
1282,1776232196071,19.582960,-330.5681,62.2662,472.4215,0.161020,-0.700807,0.690114,0.081761,0.481109,-2.093935,2.061987,-0.354181,0.050549,0.475951,0.413514,3.039421,-0.071985
1283,1776232196083,19.594071,-331.3177,61.9460,472.4472,0.161200,-0.700894,0.690014,0.081504,0.481721,-2.094515,2.061999,-0.354878,0.050124,0.475978,0.413497,3.039455,-0.071918
1284,1776232196094,19.605183,-331.6987,61.7956,472.4196,0.161147,-0.700720,0.690202,0.081519,0.481559,-2.093974,2.062543,-0.355234,0.049920,0.475951,0.413534,3.039345,-0.072006
1285,1776232196105,19.616294,-332.0782,61.6418,472.4150,0.161052,-0.700644,0.690284,0.081664,0.481234,-2.093568,2.062611,-0.355588,0.049713,0.475947,0.413601,3.039281,-0.071900
1286,1776232196116,19.627405,-332.8309,61.3496,472.3768,0.161241,-0.700477,0.690421,0.081559,0.481829,-2.093199,2.063151,-0.356292,0.049315,0.475910,0.413588,3.039170,-0.071931
1287,1776232196127,19.638516,-333.2081,61.2187,472.3533,0.161079,-0.700679,0.690238,0.081691,0.481306,-2.093641,2.062443,-0.356647,0.049131,0.475887,0.413629,3.039095,-0.072010
1288,1776232196138,19.649628,-333.5918,61.0990,472.3217,0.161205,-0.700688,0.690221,0.081507,0.481736,-2.093896,2.062616,-0.357010,0.048957,0.475856,0.413638,3.039031,-0.072129
1289,1776232196149,19.660739,-334.3211,60.7942,472.3235,0.161315,-0.700744,0.690153,0.081395,0.482095,-2.094199,2.062548,-0.357689,0.048550,0.475859,0.413649,3.038982,-0.072112
1290,1776232196160,19.671850,-334.6826,60.6671,472.3200,0.161195,-0.700641,0.690285,0.081398,0.481736,-2.093888,2.062938,-0.358029,0.048372,0.475856,0.413787,3.038960,-0.072143
1291,1776232196171,19.682961,-335.0715,60.4976,472.3063,0.161253,-0.700648,0.690256,0.081472,0.481889,-2.093817,2.062761,-0.358390,0.048148,0.475843,0.413704,3.038880,-0.072039
1292,1776232196183,19.694073,-335.7763,60.1740,472.3570,0.161130,-0.700635,0.690299,0.081456,0.481527,-2.093800,2.062911,-0.359042,0.047726,0.475895,0.413690,3.039037,-0.072026
1293,1776232196194,19.705184,-336.1403,60.0018,472.3763,0.161181,-0.700598,0.690317,0.081524,0.481659,-2.093603,2.062881,-0.359378,0.047503,0.475915,0.413704,3.039101,-0.071960
1294,1776232196205,19.716295,-336.8632,59.6991,472.4001,0.160960,-0.700712,0.690234,0.081679,0.480954,-2.093754,2.062443,-0.360051,0.047099,0.475940,0.413721,3.039213,-0.071933
1295,1776232196216,19.727406,-337.2259,59.5500,472.3974,0.161058,-0.700692,0.690236,0.081638,0.481258,-2.093744,2.062501,-0.360389,0.046899,0.475938,0.413701,3.039250,-0.071970
1296,1776232196227,19.738517,-337.9603,59.2381,472.3692,0.161261,-0.700765,0.690137,0.081452,0.481920,-2.094193,2.062431,-0.361072,0.046484,0.475911,0.413639,3.039193,-0.072005
1297,1776232196238,19.749629,-338.3182,59.0874,472.3645,0.161352,-0.700738,0.690143,0.081451,0.482190,-2.094113,2.062451,-0.361405,0.046283,0.475907,0.413729,3.039194,-0.072063
1298,1776232196249,19.760740,-338.6887,58.9334,472.3529,0.161249,-0.700699,0.690206,0.081463,0.481878,-2.093980,2.062624,-0.361750,0.046077,0.475896,0.413618,3.039175,-0.072004
1299,1776232196260,19.771851,-339.3784,58.5886,472.3625,0.161148,-0.700650,0.690268,0.081556,0.481550,-2.093720,2.062697,-0.362384,0.045636,0.475907,0.413638,3.039302,-0.072004
1300,1776232196271,19.782962,-339.7329,58.4333,472.3619,0.161214,-0.700819,0.690082,0.081553,0.481749,-2.094228,2.062143,-0.362713,0.045431,0.475907,0.413677,3.039285,-0.071930
1301,1776232196283,19.794073,-340.4734,58.0941,472.3175,0.161283,-0.700754,0.690145,0.081438,0.481989,-2.094176,2.062473,-0.363398,0.044988,0.475864,0.413684,3.039171,-0.071989
1302,1776232196294,19.805185,-340.8355,57.9349,472.3188,0.161241,-0.700772,0.690135,0.081447,0.481862,-2.094221,2.062431,-0.363734,0.044778,0.475866,0.413741,3.039134,-0.071955
1303,1776232196305,19.816296,-341.2007,57.7478,472.3331,0.161161,-0.700724,0.690188,0.081573,0.481586,-2.093919,2.062435,-0.364069,0.044540,0.475881,0.413598,3.039173,-0.072067
1304,1776232196316,19.827407,-341.9443,57.4291,472.3388,0.161312,-0.700860,0.690021,0.081516,0.482051,-2.094396,2.062007,-0.364760,0.044117,0.475888,0.413714,3.039145,-0.071920
1305,1776232196327,19.838518,-342.3083,57.2571,472.3391,0.161172,-0.700702,0.690210,0.081548,0.481626,-2.093885,2.062533,-0.365096,0.043894,0.475889,0.413726,3.039141,-0.071965
1306,1776232196338,19.849630,-342.6903,57.0866,472.3373,0.161311,-0.700827,0.690052,0.081542,0.482042,-2.094265,2.062068,-0.365450,0.043670,0.475888,0.413635,3.039146,-0.071848
1307,1776232196349,19.860741,-343.4133,56.7984,472.3121,0.161248,-0.700741,0.690174,0.081371,0.481903,-2.094220,2.062640,-0.366125,0.043280,0.475864,0.413857,3.039104,-0.071915
1308,1776232196360,19.871852,-343.7651,56.5993,472.3413,0.161148,-0.700704,0.690209,0.081591,0.481541,-2.093837,2.062478,-0.366445,0.043032,0.475894,0.413780,3.039207,-0.071791
1309,1776232196371,19.882963,-344.4476,56.2848,472.3640,0.160966,-0.700710,0.690246,0.081585,0.480999,-2.093864,2.062595,-0.367076,0.042622,0.475918,0.413905,3.039344,-0.071726
1310,1776232196383,19.894075,-344.7920,56.1575,472.3504,0.161025,-0.700685,0.690247,0.081670,0.481152,-2.093684,2.062495,-0.367399,0.042446,0.475905,0.414084,3.039360,-0.071731
1311,1776232196394,19.905186,-345.1564,55.9765,472.3327,0.160962,-0.700720,0.690239,0.081564,0.480993,-2.093920,2.062599,-0.367734,0.042214,0.475888,0.413994,3.039312,-0.071749
1312,1776232196405,19.916297,-345.8630,55.6416,472.2863,0.161107,-0.700755,0.690175,0.081519,0.481438,-2.094078,2.062464,-0.368386,0.041780,0.475843,0.414059,3.039279,-0.071676
1313,1776232196416,19.927409,-346.2280,55.4910,472.2447,0.161041,-0.700772,0.690175,0.081500,0.481248,-2.094155,2.062486,-0.368726,0.041578,0.475802,0.414040,3.039190,-0.071733
1314,1776232196427,19.938520,-346.9404,55.1369,472.1842,0.161133,-0.700765,0.690173,0.081396,0.481553,-2.094262,2.062608,-0.369381,0.041124,0.475743,0.413897,3.039080,-0.071781
1315,1776232196438,19.949631,-347.2840,54.9458,472.1654,0.161042,-0.700798,0.690165,0.081364,0.481290,-2.094399,2.062623,-0.369694,0.040885,0.475725,0.413877,3.039043,-0.071699
1316,1776232196449,19.960742,-347.6368,54.7681,472.1607,0.161171,-0.700773,0.690167,0.081310,0.481691,-2.094392,2.062694,-0.370018,0.040658,0.475721,0.413940,3.038994,-0.071760
1317,1776232196460,19.971854,-348.3325,54.3902,472.1642,0.161183,-0.700841,0.690092,0.081335,0.481719,-2.094564,2.062441,-0.370653,0.040183,0.475726,0.413846,3.039020,-0.071707
1318,1776232196471,19.982965,-348.6600,54.2057,472.1954,0.161157,-0.700609,0.690334,0.081325,0.481645,-2.093884,2.063176,-0.370951,0.039953,0.475758,0.413890,3.039101,-0.071778
1319,1776232196483,19.994076,-349.3588,53.7998,472.2268,0.161078,-0.700803,0.690139,0.081473,0.481365,-2.094280,2.062413,-0.371585,0.039450,0.475791,0.413777,3.039152,-0.071634
1320,1776232196494,20.005187,-349.6763,53.6078,472.2790,0.161141,-0.700667,0.690276,0.081351,0.481587,-2.094025,2.062970,-0.371872,0.039214,0.475844,0.413879,3.039364,-0.071722
1321,1776232196505,20.016299,-350.0438,53.4192,472.2733,0.161152,-0.700794,0.690142,0.081377,0.481614,-2.094371,2.062539,-0.372209,0.038974,0.475839,0.413892,3.039307,-0.071621
1322,1776232196516,20.027410,-350.7411,53.0657,472.2788,0.161030,-0.700632,0.690346,0.081286,0.481275,-2.094001,2.063257,-0.372849,0.038523,0.475846,0.414133,3.039240,-0.071742
1323,1776232196527,20.038521,-351.1071,52.8527,472.2699,0.161144,-0.700839,0.690101,0.081352,0.481596,-2.094537,2.062448,-0.373181,0.038259,0.475838,0.414038,3.039203,-0.071674
1324,1776232196538,20.049632,-351.4664,52.6791,472.2542,0.161064,-0.700692,0.690283,0.081230,0.481391,-2.094249,2.063139,-0.373512,0.038035,0.475823,0.414069,3.039155,-0.071813
1325,1776232196549,20.060743,-352.1620,52.2679,472.2485,0.161113,-0.700904,0.690043,0.081351,0.481505,-2.094732,2.062273,-0.374142,0.037527,0.475819,0.414106,3.039126,-0.071850
1326,1776232196560,20.071855,-352.5139,52.0689,472.2437,0.160987,-0.700954,0.690007,0.081463,0.481096,-2.094744,2.062031,-0.374462,0.037279,0.475815,0.414106,3.039159,-0.071919
1327,1776232196571,20.082966,-352.8486,51.8492,472.2839,0.161046,-0.700868,0.690089,0.081389,0.481294,-2.094579,2.062366,-0.374762,0.037013,0.475856,0.414077,3.039234,-0.071753
1328,1776232196583,20.094077,-353.5322,51.4301,472.2982,0.160933,-0.700988,0.689985,0.081471,0.480934,-2.094834,2.061954,-0.375379,0.036499,0.475872,0.414166,3.039310,-0.071801
1329,1776232196594,20.105188,-353.8780,51.2313,472.2934,0.161167,-0.700805,0.690133,0.081327,0.481673,-2.094465,2.062572,-0.375693,0.036252,0.475868,0.414134,3.039245,-0.071858
1330,1776232196605,20.116300,-354.5898,50.8338,472.2547,0.161128,-0.700869,0.690093,0.081193,0.481594,-2.094824,2.062617,-0.376341,0.035755,0.475831,0.414218,3.039072,-0.071819
1331,1776232196616,20.127411,-354.9338,50.6540,472.2250,0.161302,-0.700725,0.690219,0.081024,0.482162,-2.094604,2.063198,-0.376656,0.035527,0.475802,0.414189,3.038967,-0.072026
1332,1776232196627,20.138522,-355.6183,50.2504,472.2323,0.161210,-0.700910,0.690046,0.081074,0.481874,-2.095095,2.062622,-0.377276,0.035028,0.475811,0.414253,3.038896,-0.071994
1333,1776232196638,20.149634,-355.6183,50.2504,472.2323,0.161283,-0.700588,0.690362,0.081025,0.482105,-2.094193,2.063624,-0.377276,0.035028,0.475811,0.414253,3.038896,-0.071994
1334,1776232196649,20.160745,-356.2700,49.8429,472.2247,0.161161,-0.700867,0.690107,0.081029,0.481739,-2.095021,2.062857,-0.377863,0.034530,0.475805,0.414259,3.038775,-0.072067
1335,1776232196660,20.171856,-356.9075,49.4150,472.3170,0.161030,-0.700886,0.690107,0.081116,0.481325,-2.094972,2.062752,-0.378433,0.034014,0.475899,0.414379,3.039005,-0.072016
1336,1776232196671,20.182967,-357.2331,49.1748,472.3461,0.161084,-0.700966,0.690016,0.081100,0.481489,-2.095230,2.062499,-0.378721,0.033729,0.475929,0.414348,3.039035,-0.071884
1337,1776232196683,20.194079,-357.8734,48.7343,472.3893,0.161099,-0.700883,0.690109,0.080992,0.481564,-2.095116,2.062909,-0.379292,0.033200,0.475974,0.414446,3.039087,-0.071877
1338,1776232196694,20.205190,-358.2025,48.5118,472.4124,0.161006,-0.700946,0.690050,0.081135,0.481248,-2.095127,2.062559,-0.379586,0.032932,0.475998,0.414478,3.039103,-0.071876
1339,1776232196705,20.216301,-358.5192,48.2774,472.4355,0.161154,-0.700879,0.690110,0.080910,0.481753,-2.095206,2.063013,-0.379866,0.032654,0.476022,0.414513,3.039144,-0.071883
1340,1776232196716,20.227412,-359.2210,47.8382,472.3957,0.161230,-0.701097,0.689867,0.080942,0.481971,-2.095818,2.062247,-0.380498,0.032117,0.475984,0.414377,3.038958,-0.071918
1341,1776232196727,20.238524,-359.5544,47.6073,472.4018,0.161280,-0.701148,0.689818,0.080821,0.482154,-2.096119,2.062249,-0.380795,0.031840,0.475991,0.414434,3.038905,-0.071899
1342,1776232196738,20.249635,-359.9087,47.3715,472.3849,0.161501,-0.701017,0.689908,0.080748,0.482836,-2.095819,2.062606,-0.381112,0.031555,0.475975,0.414340,3.038825,-0.071899
1343,1776232196749,20.260746,-360.5801,46.9399,472.3541,0.161517,-0.701063,0.689860,0.080724,0.482892,-2.095985,2.062492,-0.381715,0.031030,0.475946,0.414322,3.038704,-0.071890
1344,1776232196760,20.271857,-360.9207,46.7152,472.3382,0.161462,-0.700924,0.689999,0.080852,0.482692,-2.095411,2.062751,-0.382020,0.030758,0.475931,0.414344,3.038599,-0.072002
1345,1776232196771,20.282968,-361.5855,46.2735,472.3225,0.161251,-0.700978,0.690002,0.080779,0.482079,-2.095664,2.062850,-0.382615,0.030224,0.475917,0.414438,3.038463,-0.072003
1346,1776232196783,20.294080,-361.9243,46.0405,472.3125,0.161514,-0.700774,0.690173,0.080566,0.482928,-2.095318,2.063620,-0.382917,0.029944,0.475908,0.414391,3.038414,-0.072101
1347,1776232196794,20.305191,-362.2521,45.7997,472.3336,0.161518,-0.700815,0.690137,0.080516,0.482953,-2.095502,2.063574,-0.383207,0.029658,0.475930,0.414453,3.038445,-0.071978
1348,1776232196805,20.316302,-362.9316,45.3338,472.3517,0.161575,-0.700829,0.690125,0.080369,0.483167,-2.095728,2.063719,-0.383813,0.029098,0.475950,0.414492,3.038444,-0.072018
1349,1776232196816,20.327414,-363.2630,45.0956,472.3708,0.161309,-0.700786,0.690215,0.080508,0.482331,-2.095427,2.063818,-0.384107,0.028814,0.475970,0.414522,3.038476,-0.071972
1350,1776232196827,20.338525,-363.9667,44.6375,472.3449,0.161438,-0.700927,0.690051,0.080426,0.482739,-2.095950,2.063428,-0.384738,0.028258,0.475946,0.414532,3.038285,-0.071949
1351,1776232196838,20.349636,-364.3033,44.4122,472.3600,0.161545,-0.700950,0.690012,0.080352,0.483083,-2.096109,2.063400,-0.385039,0.027986,0.475962,0.414616,3.038300,-0.071926
1352,1776232196849,20.360747,-364.6328,44.1737,472.3731,0.161380,-0.700964,0.690030,0.080403,0.482575,-2.096089,2.063393,-0.385331,0.027702,0.475976,0.414701,3.038306,-0.071920
1353,1776232196860,20.371858,-365.2724,43.7262,472.4003,0.161359,-0.700942,0.690048,0.080487,0.482487,-2.095917,2.063342,-0.385900,0.027166,0.476005,0.414902,3.038299,-0.071892
1354,1776232196871,20.382970,-365.6179,43.4952,472.3944,0.161478,-0.700937,0.690042,0.080341,0.482884,-2.096086,2.063503,-0.386209,0.026887,0.476000,0.414880,3.038247,-0.071807
1355,1776232196883,20.394081,-366.2627,43.0608,472.3876,0.161417,-0.700916,0.690069,0.080408,0.482684,-2.095940,2.063504,-0.386785,0.026363,0.475995,0.414954,3.038210,-0.071900
1356,1776232196894,20.405192,-366.5886,42.8400,472.3977,0.161346,-0.700931,0.690076,0.080368,0.482482,-2.096033,2.063572,-0.387076,0.026097,0.476006,0.415069,3.038214,-0.071809
1357,1776232196905,20.416303,-366.9065,42.6120,472.3898,0.161351,-0.700891,0.690122,0.080305,0.482515,-2.095993,2.063787,-0.387358,0.025825,0.475999,0.414972,3.038217,-0.071887
1358,1776232196916,20.427415,-367.5642,42.1645,472.3580,0.161353,-0.700983,0.690031,0.080283,0.482527,-2.096295,2.063542,-0.387945,0.025286,0.475969,0.415029,3.038106,-0.071869
1359,1776232196927,20.438526,-367.9057,41.9613,472.3331,0.161572,-0.700990,0.689996,0.080082,0.483240,-2.096564,2.063684,-0.388254,0.025035,0.475945,0.415108,3.038005,-0.072000
1360,1776232196951,20.462499,-368.9052,41.2603,472.2412,0.161606,-0.701122,0.689860,0.080025,0.483357,-2.097031,2.063347,-0.389143,0.024195,0.475856,0.415004,3.037682,-0.072045
1361,1776232196962,20.473610,-369.2319,41.0064,472.2342,0.161618,-0.701101,0.689866,0.080139,0.483361,-2.096826,2.063224,-0.389430,0.023896,0.475850,0.414902,3.037631,-0.071893
1362,1776232196973,20.484721,-369.8408,40.5335,472.2634,0.161507,-0.701131,0.689862,0.080130,0.483031,-2.096928,2.063225,-0.389965,0.023339,0.475881,0.414933,3.037684,-0.071977
1363,1776232196984,20.495832,-370.1400,40.2674,472.2763,0.161630,-0.700956,0.690016,0.080088,0.483412,-2.096457,2.063735,-0.390223,0.023032,0.475895,0.414913,3.037740,-0.071985
1364,1776232196995,20.506943,-370.7465,39.7566,472.3383,0.161610,-0.701047,0.689925,0.080120,0.483342,-2.096688,2.063423,-0.390750,0.022438,0.475959,0.414894,3.037905,-0.071940
1365,1776232197007,20.518054,-371.0509,39.4893,472.3613,0.161514,-0.700999,0.689998,0.080103,0.483062,-2.096567,2.063663,-0.391013,0.022129,0.475983,0.414962,3.037933,-0.071929
1366,1776232197018,20.529166,-371.3589,39.2255,472.3903,0.161731,-0.701015,0.689953,0.079911,0.483765,-2.096853,2.063763,-0.391280,0.021823,0.476013,0.414989,3.037941,-0.071892
1367,1776232197029,20.540277,-371.9904,38.7377,472.3914,0.161644,-0.700805,0.690182,0.079957,0.483491,-2.096166,2.064393,-0.391835,0.021248,0.476016,0.415106,3.037910,-0.072037
1368,1776232197040,20.551388,-372.3173,38.4546,472.3913,0.161623,-0.700902,0.690084,0.079994,0.483418,-2.096409,2.064054,-0.392118,0.020920,0.476017,0.415060,3.037883,-0.071827
1369,1776232197051,20.562500,-372.9542,37.9434,472.3633,0.161544,-0.700782,0.690221,0.080024,0.483171,-2.096014,2.064427,-0.392675,0.020321,0.475991,0.415081,3.037741,-0.071860
1370,1776232197062,20.573611,-373.2730,37.6753,472.3582,0.161691,-0.700950,0.690024,0.079946,0.483634,-2.096615,2.063935,-0.392952,0.020009,0.475987,0.415036,3.037686,-0.071721
1371,1776232197073,20.584722,-373.5895,37.4361,472.3343,0.161672,-0.700742,0.690265,0.079731,0.483640,-2.096259,2.064918,-0.393231,0.019726,0.475964,0.415021,3.037589,-0.071816
1372,1776232197084,20.595833,-374.1958,36.9346,472.3263,0.161758,-0.700880,0.690112,0.079668,0.483913,-2.096750,2.064538,-0.393759,0.019141,0.475958,0.415149,3.037493,-0.071710
1373,1776232197095,20.606944,-374.4989,36.7046,472.2934,0.161742,-0.700722,0.690272,0.079707,0.483857,-2.096229,2.064967,-0.394026,0.018869,0.475926,0.415173,3.037367,-0.071907
1374,1776232197107,20.618055,-375.1104,36.1807,472.2914,0.161865,-0.700827,0.690137,0.079706,0.484224,-2.096543,2.064564,-0.394556,0.018261,0.475926,0.415227,3.037288,-0.071776
1375,1776232197118,20.629167,-375.4013,35.9306,472.2914,0.161884,-0.700687,0.690286,0.079612,0.484306,-2.096241,2.065124,-0.394808,0.017971,0.475927,0.415221,3.037263,-0.071854
1376,1776232197129,20.640278,-375.7008,35.6778,472.2955,0.161772,-0.700946,0.690036,0.079723,0.483940,-2.096878,2.064241,-0.395068,0.017677,0.475932,0.415287,3.037227,-0.071690
1377,1776232197140,20.651389,-376.2696,35.1838,472.3136,0.161742,-0.700925,0.690071,0.079667,0.483866,-2.096885,2.064416,-0.395560,0.017105,0.475952,0.415409,3.037284,-0.071755
1378,1776232197151,20.662501,-376.5915,34.9496,472.2716,0.161807,-0.700945,0.690034,0.079668,0.484062,-2.096945,2.064302,-0.395845,0.016826,0.475911,0.415365,3.037147,-0.071776
1379,1776232197162,20.673612,-376.8885,34.7137,472.2567,0.161734,-0.700923,0.690079,0.079631,0.483854,-2.096923,2.064482,-0.396105,0.016549,0.475897,0.415528,3.037138,-0.071872
1380,1776232197173,20.684723,-377.5048,34.2057,472.2127,0.161913,-0.700898,0.690080,0.079479,0.484434,-2.097038,2.064671,-0.396642,0.015956,0.475855,0.415568,3.037024,-0.071867
1381,1776232197184,20.695835,-377.7953,33.9446,472.2227,0.161775,-0.700892,0.690105,0.079583,0.483990,-2.096893,2.064620,-0.396892,0.015655,0.475866,0.415562,3.037093,-0.071792
1382,1776232197195,20.706946,-378.3790,33.4044,472.2306,0.161661,-0.700799,0.690222,0.079625,0.483637,-2.096561,2.064919,-0.397392,0.015035,0.475876,0.415611,3.037177,-0.071821
1383,1776232197207,20.718057,-378.6809,33.1278,472.2276,0.161612,-0.700858,0.690164,0.079713,0.483464,-2.096627,2.064636,-0.397651,0.014717,0.475874,0.415539,3.037157,-0.071767
1384,1776232197218,20.729169,-378.9777,32.8788,472.2086,0.161771,-0.700863,0.690138,0.079568,0.483983,-2.096824,2.064737,-0.397909,0.014427,0.475856,0.415481,3.037122,-0.071943
1385,1776232197229,20.740280,-379.5748,32.3296,472.2055,0.161516,-0.700926,0.690108,0.079790,0.483156,-2.096737,2.064374,-0.398421,0.013796,0.475855,0.415481,3.037176,-0.071855
1386,1776232197240,20.751391,-379.8695,32.0540,472.1954,0.161806,-0.701026,0.689973,0.079486,0.484112,-2.097414,2.064344,-0.398673,0.013480,0.475846,0.415429,3.037112,-0.071885
1387,1776232197251,20.762503,-380.4543,31.5272,472.2044,0.161860,-0.701099,0.689877,0.079571,0.484248,-2.097526,2.063952,-0.399176,0.012873,0.475857,0.415376,3.037157,-0.071871
1388,1776232197262,20.773614,-380.7504,31.2559,472.1794,0.161902,-0.701126,0.689854,0.079440,0.484412,-2.097770,2.064045,-0.399430,0.012561,0.475833,0.415387,3.037085,-0.071771
1389,1776232197273,20.784726,-381.0499,30.9749,472.1543,0.161949,-0.701027,0.689942,0.079456,0.484547,-2.097455,2.064289,-0.399686,0.012239,0.475809,0.415400,3.036993,-0.071725
1390,1776232197284,20.795837,-381.6484,30.4443,472.1012,0.161897,-0.701044,0.689932,0.079501,0.484378,-2.097448,2.064204,-0.400202,0.011626,0.475758,0.415474,3.036837,-0.071725
1391,1776232197295,20.806948,-381.9339,30.1491,472.0981,0.161873,-0.701138,0.689834,0.079572,0.484287,-2.097641,2.063823,-0.400442,0.011292,0.475756,0.415315,3.036845,-0.071725
1392,1776232197307,20.818060,-382.2290,29.8776,472.0771,0.161920,-0.701096,0.689878,0.079466,0.484458,-2.097647,2.064082,-0.400695,0.010980,0.475736,0.415318,3.036764,-0.071772
1393,1776232197318,20.829171,-382.7865,29.3035,472.0860,0.162046,-0.701081,0.689880,0.079323,0.484876,-2.097780,2.064266,-0.401164,0.010330,0.475747,0.415328,3.036752,-0.071683
1394,1776232197329,20.840282,-383.0768,29.0373,472.0909,0.161763,-0.701158,0.689846,0.079516,0.483972,-2.097770,2.063928,-0.401413,0.010024,0.475753,0.415418,3.036708,-0.071591
1395,1776232197340,20.851393,-383.6244,28.4828,472.1359,0.162054,-0.701227,0.689735,0.079273,0.484914,-2.098280,2.063894,-0.401875,0.009395,0.475800,0.415436,3.036759,-0.071515
1396,1776232197351,20.862505,-383.6244,28.4828,472.1359,0.161908,-0.700996,0.690004,0.079280,0.484476,-2.097578,2.064689,-0.401875,0.009395,0.475800,0.415436,3.036759,-0.071515
1397,1776232197362,20.873616,-384.1491,27.9117,472.2187,0.161737,-0.701259,0.689758,0.079448,0.483915,-2.098157,2.063745,-0.402312,0.008753,0.475885,0.415595,3.036910,-0.071404
1398,1776232197373,20.884727,-384.6988,27.3565,472.2397,0.161745,-0.701153,0.689861,0.079463,0.483936,-2.097821,2.064038,-0.402776,0.008123,0.475908,0.415525,3.036956,-0.071413
1399,1776232197384,20.895839,-384.9824,27.0884,472.2446,0.161811,-0.701255,0.689761,0.079297,0.484181,-2.098333,2.063941,-0.403018,0.007816,0.475914,0.415590,3.036898,-0.071256
1400,1776232197395,20.906950,-385.5354,26.5450,472.2206,0.161918,-0.701044,0.689960,0.079213,0.484523,-2.097807,2.064639,-0.403487,0.007197,0.475892,0.415611,3.036740,-0.071322
1401,1776232197407,20.918061,-385.8253,26.2890,472.2006,0.161891,-0.701339,0.689669,0.079194,0.484448,-2.098713,2.063791,-0.403737,0.006901,0.475873,0.415678,3.036621,-0.071307
1402,1776232197418,20.929172,-386.1076,26.0156,472.1906,0.161838,-0.701330,0.689693,0.079170,0.484297,-2.098716,2.063892,-0.403977,0.006589,0.475864,0.415739,3.036565,-0.071347
1403,1776232197429,20.940283,-386.6563,25.4403,472.1714,0.161797,-0.701388,0.689633,0.079267,0.484146,-2.098768,2.063593,-0.404437,0.005939,0.475847,0.415714,3.036381,-0.071339
1404,1776232197440,20.951395,-386.9284,25.1402,472.1633,0.161754,-0.701356,0.689673,0.079294,0.484010,-2.098639,2.063680,-0.404663,0.005602,0.475840,0.415645,3.036319,-0.071383
1405,1776232197451,20.962506,-387.2004,24.8542,472.1562,0.161889,-0.701237,0.689776,0.079168,0.484449,-2.098440,2.064144,-0.404891,0.005279,0.475834,0.415729,3.036226,-0.071299
1406,1776232197462,20.973617,-387.7635,24.2700,472.1301,0.161876,-0.701314,0.689690,0.079259,0.484386,-2.098559,2.063775,-0.405364,0.004618,0.475810,0.415581,3.036061,-0.071328
1407,1776232197473,20.984729,-388.0436,23.9843,472.1050,0.161982,-0.701313,0.689681,0.079132,0.484738,-2.098712,2.063903,-0.405600,0.004294,0.475786,0.415576,3.035928,-0.071349
1408,1776232197484,20.995840,-388.5793,23.3948,472.1398,0.161831,-0.701277,0.689742,0.079230,0.484258,-2.098482,2.063967,-0.406045,0.003632,0.475823,0.415556,3.035937,-0.071334
1409,1776232197495,21.006951,-388.8625,23.1156,472.1338,0.162009,-0.701226,0.689762,0.079136,0.484819,-2.098449,2.064142,-0.406285,0.003314,0.475818,0.415616,3.035903,-0.071349
1410,1776232197507,21.018062,-389.4011,22.5266,472.1736,0.162041,-0.701413,0.689562,0.079162,0.484907,-2.098975,2.063511,-0.406733,0.002652,0.475860,0.415642,3.035966,-0.071339
1411,1776232197518,21.029174,-389.4011,22.5266,472.1736,0.162101,-0.701147,0.689832,0.079039,0.485121,-2.098331,2.064469,-0.406733,0.002652,0.475860,0.415642,3.035966,-0.071339
1412,1776232197529,21.040285,-389.9531,21.9498,472.1784,0.161884,-0.701119,0.689889,0.079241,0.484414,-2.097996,2.064391,-0.407196,0.002000,0.475867,0.415783,3.035905,-0.071362
1413,1776232197540,21.051396,-390.5058,21.3822,472.1683,0.162055,-0.701072,0.689917,0.079063,0.484978,-2.098076,2.064693,-0.407661,0.001357,0.475859,0.415814,3.035930,-0.071508
1414,1776232197551,21.062507,-390.7861,21.0682,472.1672,0.162001,-0.701131,0.689862,0.079135,0.484796,-2.098163,2.064439,-0.407893,0.001005,0.475859,0.415812,3.035927,-0.071350
1415,1776232197562,21.073619,-391.0688,20.7717,472.1500,0.161964,-0.701038,0.689968,0.079103,0.484694,-2.097926,2.064797,-0.408130,0.000670,0.475843,0.415854,3.035883,-0.071382
1416,1776232197573,21.084730,-391.6065,20.1686,472.1378,0.162058,-0.701208,0.689781,0.079036,0.484993,-2.098519,2.064320,-0.408575,-0.000006,0.475833,0.415861,3.035799,-0.071362
1417,1776232197584,21.095841,-391.8709,19.8806,472.1318,0.162118,-0.701099,0.689887,0.078961,0.485196,-2.098283,2.064728,-0.408795,-0.000330,0.475828,0.415893,3.035775,-0.071486
1418,1776232197595,21.106952,-392.1420,19.5602,472.1256,0.162099,-0.701242,0.689749,0.078935,0.485145,-2.098745,2.064347,-0.409017,-0.000687,0.475823,0.415844,3.035785,-0.071420
1419,1776232197607,21.118063,-392.6465,18.9501,472.1194,0.162090,-0.701117,0.689886,0.078865,0.485137,-2.098458,2.064843,-0.409428,-0.001365,0.475819,0.415963,3.035711,-0.071411
1420,1776232197618,21.129175,-392.8956,18.6628,472.1224,0.161992,-0.701122,0.689896,0.078935,0.484825,-2.098385,2.064786,-0.409633,-0.001686,0.475823,0.415973,3.035743,-0.071389
1421,1776232197629,21.140286,-393.4127,18.0426,472.0912,0.162085,-0.701179,0.689813,0.078964,0.485094,-2.098518,2.064503,-0.410055,-0.002376,0.475794,0.415875,3.035688,-0.071409
1422,1776232197640,21.151397,-393.4127,18.0426,472.0912,0.161964,-0.701190,0.689835,0.078916,0.484748,-2.098613,2.064628,-0.410055,-0.002376,0.475794,0.415875,3.035688,-0.071409
1423,1776232197651,21.162509,-393.9417,17.4647,472.0220,0.162111,-0.701126,0.689878,0.078816,0.485216,-2.098544,2.064878,-0.410495,-0.003026,0.475727,0.415969,3.035478,-0.071522
1424,1776232197662,21.173620,-394.4575,16.8877,471.9849,0.162115,-0.701261,0.689738,0.078828,0.485224,-2.098933,2.064445,-0.410922,-0.003673,0.475692,0.416077,3.035332,-0.071501
1425,1776232197673,21.184731,-394.4575,16.8877,471.9849,0.162079,-0.701277,0.689730,0.078825,0.485116,-2.098986,2.064426,-0.410922,-0.003673,0.475692,0.416077,3.035332,-0.071501
1426,1776232197684,21.195842,-395.1817,15.9709,472.0267,0.161992,-0.701150,0.689869,0.078915,0.484832,-2.098495,2.064732,-0.411506,-0.004687,0.475737,0.416139,3.035413,-0.071600
1427,1776232197695,21.206953,-395.4097,15.6350,472.0515,0.162030,-0.701261,0.689741,0.078973,0.484927,-2.098754,2.064278,-0.411683,-0.005053,0.475763,0.416135,3.035479,-0.071561
1428,1776232197707,21.218065,-395.6597,15.3075,472.0753,0.162168,-0.701108,0.689869,0.078932,0.485352,-2.098348,2.064710,-0.411883,-0.005414,0.475788,0.416064,3.035490,-0.071482
1429,1776232197718,21.229176,-396.1247,14.6845,472.1312,0.162051,-0.701117,0.689879,0.079003,0.484983,-2.098287,2.064653,-0.412253,-0.006099,0.475846,0.416067,3.035608,-0.071603
1430,1776232197729,21.240287,-396.3923,14.3616,472.1150,0.162123,-0.700929,0.690061,0.078939,0.485215,-2.097802,2.065276,-0.412471,-0.006458,0.475831,0.416050,3.035564,-0.071562
1431,1776232197740,21.251398,-396.8569,13.7417,472.1638,0.162141,-0.701026,0.689966,0.078861,0.485294,-2.098191,2.065089,-0.412841,-0.007140,0.475882,0.415990,3.035652,-0.071642
1432,1776232197751,21.262509,-397.1141,13.4132,472.1617,0.162126,-0.700931,0.690056,0.078956,0.485220,-2.097788,2.065240,-0.413048,-0.007503,0.475881,0.415947,3.035608,-0.071764
1433,1776232197762,21.273621,-397.3535,13.0760,472.1885,0.162070,-0.701048,0.689957,0.078901,0.485068,-2.098205,2.065011,-0.413236,-0.007872,0.475909,0.415940,3.035704,-0.071632
1434,1776232197773,21.284732,-397.8751,12.4253,472.1612,0.162139,-0.700918,0.690072,0.078908,0.485272,-2.097808,2.065346,-0.413658,-0.008593,0.475884,0.415896,3.035568,-0.071775
1435,1776232197784,21.295843,-398.1304,12.0965,472.1700,0.162179,-0.701122,0.689862,0.078850,0.485411,-2.098490,2.064789,-0.413863,-0.008956,0.475894,0.415900,3.035547,-0.071748
1436,1776232197795,21.306954,-398.3865,11.7831,472.1539,0.162310,-0.700988,0.689988,0.078669,0.485853,-2.098314,2.065387,-0.414071,-0.009304,0.475879,0.415907,3.035470,-0.071841
1437,1776232197807,21.318066,-398.9054,11.1098,472.1315,0.162224,-0.701036,0.689955,0.078705,0.485585,-2.098415,2.065246,-0.414487,-0.010047,0.475859,0.415860,3.035385,-0.071826
1438,1776232197818,21.329177,-399.1488,10.7865,472.1164,0.162087,-0.701029,0.689975,0.078872,0.485128,-2.098185,2.065102,-0.414681,-0.010403,0.475845,0.415925,3.035337,-0.071927
1439,1776232197829,21.340288,-399.6602,10.1030,472.0870,0.162286,-0.701047,0.689925,0.078738,0.485763,-2.098405,2.065115,-0.415088,-0.011155,0.475818,0.415815,3.035222,-0.071867
1440,1776232197840,21.351400,-399.8957,9.7784,472.0938,0.162217,-0.701005,0.689984,0.078746,0.485552,-2.098270,2.065282,-0.415274,-0.011511,0.475826,0.415814,3.035254,-0.071946
1441,1776232197851,21.362511,-400.3505,9.1299,472.1116,0.162319,-0.701031,0.689942,0.078663,0.485883,-2.098451,2.065259,-0.415630,-0.012220,0.475846,0.416097,3.035307,-0.071944
1442,1776232197862,21.373622,-400.5647,8.7991,472.1325,0.162233,-0.701130,0.689850,0.078762,0.485595,-2.098626,2.064862,-0.415794,-0.012579,0.475868,0.416148,3.035399,-0.071871
1443,1776232197873,21.384733,-400.7963,8.4739,472.1373,0.162338,-0.701054,0.689915,0.078664,0.485939,-2.098519,2.065174,-0.415976,-0.012935,0.475874,0.416066,3.035382,-0.071929
1444,1776232197884,21.395845,-401.2342,7.8511,472.1702,0.162209,-0.701011,0.689976,0.078772,0.485520,-2.098255,2.065227,-0.416319,-0.013616,0.475909,0.416204,3.035435,-0.071990
1445,1776232197895,21.406956,-401.4454,7.5209,472.1881,0.162201,-0.700900,0.690088,0.078792,0.485491,-2.097900,2.065537,-0.416480,-0.013974,0.475928,0.416137,3.035537,-0.072089
1446,1776232197907,21.418068,-401.9175,6.9204,472.1800,0.162216,-0.700965,0.690023,0.078762,0.485545,-2.098130,2.065378,-0.416860,-0.014638,0.475922,0.416187,3.035516,-0.072062
1447,1776232197918,21.429179,-402.1335,6.6252,472.1810,0.162235,-0.700917,0.690072,0.078719,0.485613,-2.098039,2.065578,-0.417031,-0.014962,0.475924,0.416260,3.035527,-0.072190
1448,1776232197929,21.440290,-402.3740,6.2883,472.1718,0.162248,-0.701060,0.689923,0.078721,0.485652,-2.098466,2.065130,-0.417220,-0.015331,0.475916,0.416185,3.035502,-0.072101
1449,1776232197940,21.451401,-402.8326,5.6555,472.1556,0.162316,-0.700949,0.690029,0.078643,0.485879,-2.098231,2.065542,-0.417582,-0.016025,0.475902,0.416196,3.035425,-0.072146
1450,1776232197951,21.462513,-403.0557,5.3059,472.1695,0.162180,-0.701064,0.689927,0.078793,0.485429,-2.098388,2.065054,-0.417752,-0.016404,0.475917,0.416061,3.035493,-0.072104
1451,1776232197962,21.473624,-403.2797,4.9917,472.1704,0.162259,-0.701067,0.689901,0.078820,0.485659,-2.098366,2.064945,-0.417928,-0.016748,0.475919,0.415986,3.035535,-0.072180
1452,1776232197973,21.484735,-403.7120,4.3116,472.1971,0.162279,-0.701119,0.689849,0.078776,0.485731,-2.098575,2.064841,-0.418257,-0.017485,0.475948,0.415937,3.035654,-0.072108
1453,1776232197984,21.495846,-403.9406,3.9729,472.1959,0.162299,-0.701160,0.689794,0.078858,0.485767,-2.098593,2.064576,-0.418434,-0.017854,0.475948,0.415805,3.035677,-0.072182
1454,1776232197995,21.506957,-404.3829,3.3004,472.2027,0.162227,-0.701051,0.689918,0.078890,0.485540,-2.098228,2.064909,-0.418774,-0.018585,0.475957,0.415843,3.035701,-0.072169
1455,1776232198007,21.518068,-404.6053,2.9558,472.1995,0.162314,-0.701221,0.689732,0.078819,0.485823,-2.098827,2.064439,-0.418944,-0.018959,0.475955,0.415756,3.035678,-0.072171
1456,1776232198018,21.529180,-404.8256,2.6250,472.1924,0.162272,-0.701127,0.689839,0.078810,0.485699,-2.098558,2.064770,-0.419114,-0.019319,0.475949,0.415871,3.035616,-0.072202
1457,1776232198029,21.540291,-405.2869,1.9403,472.1541,0.162436,-0.701241,0.689704,0.078636,0.486240,-2.099116,2.064579,-0.419471,-0.020065,0.475913,0.415852,3.035499,-0.072128
1458,1776232198040,21.551403,-405.4876,1.5924,472.1789,0.162344,-0.701341,0.689610,0.078759,0.485929,-2.099261,2.064147,-0.419619,-0.020439,0.475939,0.415853,3.035608,-0.072114
1459,1776232198051,21.562514,-405.7104,1.2721,472.1578,0.162171,-0.701323,0.689658,0.078852,0.485384,-2.099091,2.064178,-0.419793,-0.020789,0.475919,0.415932,3.035517,-0.072226
1460,1776232198062,21.573625,-406.1749,0.5799,472.1135,0.162237,-0.701168,0.689805,0.078817,0.485592,-2.098671,2.064658,-0.420152,-0.021543,0.475877,0.415876,3.035369,-0.072191
1461,1776232198073,21.584736,-406.3865,0.2266,472.1133,0.162229,-0.701252,0.689722,0.078809,0.485571,-2.098933,2.064420,-0.420310,-0.021924,0.475878,0.415915,3.035373,-0.072091
1462,1776232198084,21.595847,-406.7835,-0.4739,472.1510,0.162161,-0.701211,0.689768,0.078915,0.485337,-2.098676,2.064428,-0.420601,-0.022676,0.475918,0.415918,3.035522,-0.072195
1463,1776232198095,21.606959,-406.9944,-0.8020,472.1459,0.162295,-0.701212,0.689754,0.078750,0.485787,-2.098886,2.064588,-0.420762,-0.023032,0.475914,0.415973,3.035502,-0.072106
1464,1776232198107,21.618070,-407.3603,-1.4960,472.2077,0.162319,-0.700900,0.690077,0.078653,0.485885,-2.098072,2.065674,-0.421023,-0.023773,0.475978,0.416060,3.035762,-0.072187
1465,1776232198118,21.629181,-407.5610,-1.8509,472.2156,0.162245,-0.701129,0.689846,0.078790,0.485623,-2.098585,2.064815,-0.421170,-0.024154,0.475987,0.415972,3.035796,-0.072079
1466,1776232198129,21.640292,-407.7594,-2.1759,472.2165,0.162150,-0.701111,0.689880,0.078848,0.485322,-2.098462,2.064846,-0.421319,-0.024505,0.475989,0.416005,3.035772,-0.072210
1467,1776232198140,21.651404,-407.9526,-2.5138,472.2344,0.162157,-0.701152,0.689847,0.078764,0.485367,-2.098687,2.064849,-0.421461,-0.024868,0.476008,0.416143,3.035813,-0.072146
1468,1776232198151,21.662515,-408.3360,-3.1900,472.2502,0.162262,-0.701171,0.689810,0.078692,0.485704,-2.098835,2.064829,-0.421742,-0.025594,0.476026,0.416193,3.035871,-0.072288
1469,1776232198162,21.673626,-408.5484,-3.5552,472.2300,0.162095,-0.701114,0.689898,0.078778,0.485179,-2.098556,2.064985,-0.421899,-0.025987,0.476007,0.416211,3.035829,-0.072209
1470,1776232198173,21.684737,-408.9439,-4.2446,472.2248,0.162246,-0.701092,0.689903,0.078610,0.485678,-2.098701,2.065207,-0.422190,-0.026728,0.476004,0.416337,3.035764,-0.072275
1471,1776232198184,21.695849,-409.1331,-4.5962,472.2437,0.162083,-0.700914,0.690086,0.078939,0.485096,-2.097758,2.065350,-0.422326,-0.027104,0.476024,0.416301,3.035843,-0.072344
1472,1776232198195,21.706960,-409.5292,-5.3037,472.2404,0.161960,-0.701051,0.689976,0.078925,0.484733,-2.098186,2.065039,-0.422615,-0.027863,0.476023,0.416258,3.035835,-0.072290
1473,1776232198207,21.718071,-409.7266,-5.6287,472.2213,0.162123,-0.700860,0.690145,0.078811,0.485253,-2.097757,2.065684,-0.422763,-0.028214,0.476005,0.416268,3.035740,-0.072463
1474,1776232198218,21.729183,-409.9414,-5.9623,472.1982,0.162309,-0.700956,0.690022,0.078655,0.485856,-2.098236,2.065508,-0.422927,-0.028576,0.475983,0.416315,3.035659,-0.072342
1475,1776232198229,21.740294,-410.3385,-6.6484,472.1610,0.162171,-0.700823,0.690177,0.078758,0.485411,-2.097711,2.065846,-0.423220,-0.029314,0.475948,0.416198,3.035568,-0.072448
1476,1776232198240,21.751405,-410.5393,-6.9900,472.1449,0.162449,-0.700827,0.690126,0.078609,0.486287,-2.097907,2.065874,-0.423369,-0.029682,0.475933,0.416195,3.035520,-0.072363
1477,1776232198251,21.762517,-410.9253,-7.7030,472.1326,0.162379,-0.700864,0.690101,0.078628,0.486073,-2.097996,2.065777,-0.423647,-0.030445,0.475923,0.416098,3.035471,-0.072404
1478,1776232198262,21.773628,-411.0939,-8.0658,472.1675,0.162262,-0.700919,0.690044,0.078885,0.485649,-2.097841,2.065293,-0.423761,-0.030829,0.475959,0.416056,3.035608,-0.072257
1479,1776232198273,21.784739,-411.2825,-8.4133,472.1694,0.162256,-0.700829,0.690145,0.078815,0.485651,-2.097657,2.065681,-0.423897,-0.031201,0.475962,0.416128,3.035610,-0.072397
1480,1776232198284,21.795850,-411.6664,-9.1257,472.1711,0.162274,-0.701013,0.689942,0.078916,0.485676,-2.098084,2.064949,-0.424173,-0.031963,0.475966,0.416059,3.035617,-0.072220
1481,1776232198295,21.806962,-411.8560,-9.4933,472.1729,0.162396,-0.700971,0.689967,0.078818,0.486069,-2.098080,2.065143,-0.424307,-0.032355,0.475969,0.415984,3.035601,-0.072383
1482,1776232198307,21.818073,-412.2221,-10.2567,472.2106,0.162321,-0.700891,0.690065,0.078830,0.485839,-2.097826,2.065420,-0.424558,-0.033165,0.476009,0.415887,3.035704,-0.072171
1483,1776232198318,21.829184,-412.4117,-10.6102,472.1974,0.162483,-0.700945,0.689977,0.078784,0.486337,-2.098044,2.065215,-0.424694,-0.033543,0.475997,0.415894,3.035642,-0.072262
1484,1776232198329,21.840295,-412.6034,-10.9987,472.2102,0.162496,-0.700884,0.690040,0.078751,0.486386,-2.097902,2.065444,-0.424827,-0.033956,0.476011,0.415897,3.035685,-0.072105
1485,1776232198340,21.851407,-412.9541,-11.7119,472.2300,0.162366,-0.700908,0.690026,0.078921,0.485949,-2.097764,2.065195,-0.425070,-0.034714,0.476033,0.415943,3.035771,-0.072139
1486,1776232198351,21.862518,-413.1278,-12.1021,472.2418,0.162487,-0.700823,0.690097,0.078810,0.486342,-2.097646,2.065542,-0.425185,-0.035126,0.476046,0.415942,3.035792,-0.071986
1487,1776232198362,21.873629,-413.3034,-12.4567,472.2427,0.162501,-0.700835,0.690094,0.078704,0.486414,-2.097813,2.065662,-0.425307,-0.035503,0.476048,0.416001,3.035829,-0.072127
1488,1776232198373,21.884741,-413.6691,-13.1756,472.2235,0.162472,-0.700876,0.690051,0.078770,0.486308,-2.097856,2.065454,-0.425564,-0.036269,0.476031,0.416044,3.035662,-0.071951
1489,1776232198384,21.895852,-413.8424,-13.5285,472.2214,0.162435,-0.700914,0.690039,0.078617,0.486241,-2.098160,2.065605,-0.425684,-0.036644,0.476030,0.416038,3.035661,-0.072010
1490,1776232198395,21.906963,-414.1633,-14.2583,472.2522,0.162351,-0.700988,0.689981,0.078644,0.485984,-2.098347,2.065397,-0.425895,-0.037414,0.476063,0.416086,3.035747,-0.071830
1491,1776232198407,21.918075,-414.3284,-14.5891,472.2502,0.162440,-0.700826,0.690135,0.078545,0.486280,-2.097985,2.065981,-0.426010,-0.037766,0.476062,0.416103,3.035720,-0.072005
1492,1776232198418,21.929186,-414.4801,-14.9735,472.2760,0.162443,-0.700975,0.689980,0.078577,0.486279,-2.098391,2.065478,-0.426104,-0.038169,0.476089,0.416088,3.035780,-0.071841
1493,1776232198429,21.940297,-414.8276,-15.6921,472.2428,0.162502,-0.700796,0.690162,0.078452,0.486490,-2.098011,2.066174,-0.426343,-0.038932,0.476058,0.416156,3.035667,-0.071951
1494,1776232198440,21.951409,-415.0023,-16.0538,472.2287,0.162616,-0.701089,0.689829,0.078526,0.486810,-2.098794,2.065089,-0.426463,-0.039316,0.476045,0.416064,3.035618,-0.071924
1495,1776232198451,21.962520,-415.3272,-16.7697,472.2265,0.162572,-0.700977,0.689960,0.078471,0.486696,-2.098528,2.065546,-0.426680,-0.040073,0.476045,0.416112,3.035558,-0.071932
1496,1776232198462,21.973631,-415.4964,-17.1424,472.2204,0.162480,-0.701028,0.689905,0.078683,0.486359,-2.098419,2.065122,-0.426793,-0.040467,0.476040,0.416048,3.035588,-0.071917
1497,1776232198473,21.984742,-415.6626,-17.4942,472.2023,0.162437,-0.700987,0.689949,0.078754,0.486209,-2.098207,2.065169,-0.426906,-0.040840,0.476023,0.415946,3.035514,-0.072057
1498,1776232198484,21.995854,-415.9689,-18.2272,472.2332,0.162543,-0.700945,0.689979,0.078645,0.486558,-2.098217,2.065391,-0.427102,-0.041611,0.476056,0.415945,3.035558,-0.072010
1499,1776232198495,22.006965,-416.1353,-18.6153,472.2230,0.162586,-0.701005,0.689907,0.078649,0.486684,-2.098392,2.065171,-0.427210,-0.042020,0.476047,0.415818,3.035547,-0.071959
1500,1776232198507,22.018076,-416.4442,-19.3175,472.2089,0.162531,-0.701015,0.689904,0.078699,0.486506,-2.098360,2.065102,-0.427413,-0.042761,0.476035,0.415871,3.035497,-0.072028
1501,1776232198518,22.029187,-416.5832,-19.6977,472.2238,0.162693,-0.700837,0.690068,0.078513,0.487046,-2.098058,2.065820,-0.427495,-0.043158,0.476051,0.415807,3.035528,-0.071998
1502,1776232198529,22.040298,-416.7525,-20.0642,472.1957,0.162542,-0.700899,0.690034,0.078579,0.486574,-2.098160,2.065635,-0.427609,-0.043546,0.476024,0.415901,3.035498,-0.071958
1503,1776232198540,22.051410,-416.8970,-20.4263,472.1996,0.162565,-0.701049,0.689862,0.078702,0.486607,-2.098456,2.064971,-0.427699,-0.043926,0.476029,0.415879,3.035509,-0.072057
1504,1776232198551,22.062521,-417.2241,-21.1833,472.1724,0.162654,-0.700857,0.690054,0.078538,0.486920,-2.098086,2.065747,-0.427912,-0.044724,0.476004,0.415719,3.035463,-0.071993
1505,1776232198562,22.073632,-417.3679,-21.5617,472.1863,0.162651,-0.700885,0.690027,0.078532,0.486912,-2.098179,2.065674,-0.427999,-0.045120,0.476019,0.415749,3.035489,-0.071975
1506,1776232198573,22.084744,-417.6701,-22.3073,472.1961,0.162818,-0.700845,0.690058,0.078271,0.487490,-2.098382,2.066086,-0.428189,-0.045903,0.476031,0.415747,3.035468,-0.072016
1507,1776232198584,22.095855,-417.8083,-22.6815,472.2050,0.162773,-0.700952,0.689955,0.078326,0.487338,-2.098634,2.065709,-0.428271,-0.046294,0.476041,0.415789,3.035495,-0.071947
1508,1776232198595,22.106966,-418.1089,-23.4364,472.2008,0.162785,-0.700800,0.690114,0.078251,0.487397,-2.098274,2.066278,-0.428458,-0.047086,0.476039,0.415772,3.035486,-0.072022
1509,1776232198607,22.118077,-418.2559,-23.8224,472.2037,0.162802,-0.700956,0.689950,0.078267,0.487443,-2.098720,2.065768,-0.428547,-0.047490,0.476043,0.415787,3.035470,-0.071859
1510,1776232198618,22.129189,-418.4013,-24.1904,472.1976,0.162787,-0.700768,0.690167,0.078065,0.487456,-2.098408,2.066665,-0.428637,-0.047876,0.476038,0.415888,3.035450,-0.071894
1511,1776232198629,22.140300,-418.6781,-24.9347,472.2035,0.162711,-0.701075,0.689857,0.078202,0.487190,-2.099158,2.065568,-0.428802,-0.048654,0.476046,0.415882,3.035467,-0.071835
1512,1776232198640,22.151411,-418.8052,-25.2883,472.2135,0.162840,-0.700826,0.690113,0.077918,0.487658,-2.098765,2.066683,-0.428876,-0.049023,0.476057,0.415938,3.035501,-0.071953
1513,1776232198651,22.162522,-419.0774,-26.0080,472.2104,0.162728,-0.701130,0.689808,0.078111,0.487266,-2.099436,2.065533,-0.429040,-0.049776,0.476056,0.416170,3.035498,-0.071889
1514,1776232198662,22.173634,-419.2228,-26.3831,472.1923,0.162809,-0.700982,0.689951,0.078008,0.487537,-2.099121,2.066088,-0.429129,-0.050169,0.476039,0.416080,3.035408,-0.071933
1515,1776232198673,22.184745,-419.3598,-26.7696,472.1972,0.162679,-0.701025,0.689922,0.078156,0.487105,-2.099063,2.065818,-0.429208,-0.050572,0.476045,0.416082,3.035391,-0.071862
1516,1776232198684,22.195856,-419.6304,-27.5118,472.1901,0.162878,-0.700949,0.689982,0.077887,0.487780,-2.099174,2.066328,-0.429367,-0.051347,0.476040,0.416171,3.035328,-0.071940
1517,1776232198695,22.206968,-419.7586,-27.8935,472.1950,0.162616,-0.701288,0.689664,0.078205,0.486902,-2.099791,2.064987,-0.429438,-0.051744,0.476046,0.416149,3.035293,-0.071837
1518,1776232198707,22.218079,-420.0187,-28.6474,472.1929,0.162437,-0.701151,0.689833,0.078310,0.486336,-2.099250,2.065366,-0.429585,-0.052529,0.476046,0.416032,3.035369,-0.071949
1519,1776232198718,22.229190,-420.1493,-29.0106,472.1949,0.162566,-0.701129,0.689836,0.078204,0.486754,-2.099318,2.065504,-0.429661,-0.052908,0.476049,0.416077,3.035331,-0.072009
1520,1776232198729,22.240302,-420.2790,-29.4021,472.1758,0.162559,-0.701198,0.689765,0.078235,0.486724,-2.099484,2.065252,-0.429732,-0.053315,0.476031,0.415994,3.035309,-0.072050
1521,1776232198740,22.251413,-420.5452,-30.1419,472.1557,0.162911,-0.701043,0.689883,0.077850,0.487889,-2.099500,2.066078,-0.429887,-0.054087,0.476013,0.416006,3.035221,-0.072134
1522,1776232198751,22.262525,-420.6823,-30.5354,472.1436,0.162705,-0.701214,0.689729,0.078096,0.487202,-2.099706,2.065316,-0.429965,-0.054497,0.476002,0.415917,3.035217,-0.072067
1523,1776232198762,22.273636,-420.8121,-30.9209,472.1435,0.162892,-0.701084,0.689850,0.077816,0.487842,-2.099664,2.066019,-0.430037,-0.054898,0.476003,0.415886,3.035214,-0.072055
1524,1776232198773,22.284747,-421.0729,-31.6857,472.1404,0.162565,-0.701377,0.689590,0.078159,0.486765,-2.100115,2.064823,-0.430183,-0.055694,0.476002,0.415809,3.035200,-0.072068
1525,1776232198784,22.295859,-421.1937,-32.0574,472.1493,0.162754,-0.701009,0.689947,0.077920,0.487398,-2.099311,2.066182,-0.430248,-0.056080,0.476012,0.415787,3.035231,-0.072134
1526,1776232198795,22.306970,-421.4479,-32.8182,472.1642,0.163017,-0.701041,0.689863,0.077821,0.488215,-2.099529,2.066054,-0.430388,-0.056871,0.476029,0.415759,3.035237,-0.072041
1527,1776232198807,22.318081,-421.5751,-33.2061,472.1572,0.163033,-0.701023,0.689883,0.077774,0.488278,-2.099534,2.066171,-0.430457,-0.057274,0.476023,0.415703,3.035218,-0.072208
1528,1776232198818,22.329193,-421.6962,-33.6000,472.1771,0.162811,-0.701128,0.689805,0.077984,0.487551,-2.099587,2.065681,-0.430519,-0.057682,0.476044,0.415763,3.035266,-0.072084
1529,1776232198829,22.340304,-421.9288,-34.3791,472.1730,0.163175,-0.700898,0.689999,0.077573,0.488761,-2.099411,2.066765,-0.430635,-0.058488,0.476042,0.415669,3.035238,-0.072151
1530,1776232198840,22.351415,-422.0486,-34.7711,472.1849,0.162994,-0.701269,0.689636,0.077831,0.488145,-2.100199,2.065361,-0.430696,-0.058894,0.476055,0.415636,3.035263,-0.072049
1531,1776232198851,22.362527,-422.2744,-35.5310,472.1818,0.162867,-0.701185,0.689733,0.077995,0.487716,-2.099744,2.065451,-0.430808,-0.059680,0.476054,0.415764,3.035226,-0.072130
1532,1776232198862,22.373638,-422.3927,-35.8990,472.1718,0.163034,-0.701137,0.689753,0.077899,0.488245,-2.099720,2.065628,-0.430871,-0.060062,0.476045,0.415860,3.035181,-0.072133
1533,1776232198873,22.384749,-422.4955,-36.2855,472.1718,0.162761,-0.701035,0.689908,0.078003,0.487397,-2.099287,2.065966,-0.430916,-0.060460,0.476046,0.415890,3.035153,-0.072227
1534,1776232198884,22.395860,-422.7129,-37.0639,472.1747,0.162798,-0.701086,0.689846,0.078033,0.487497,-2.099399,2.065741,-0.431017,-0.061263,0.476051,0.415889,3.035147,-0.072258
1535,1776232198895,22.406972,-422.8238,-37.4300,472.1737,0.162750,-0.701148,0.689795,0.078014,0.487361,-2.099611,2.065614,-0.431073,-0.061642,0.476051,0.415980,3.035105,-0.072193
1536,1776232198907,22.418083,-423.0339,-38.2124,472.1627,0.162918,-0.701019,0.689908,0.077821,0.487918,-2.099465,2.066190,-0.431166,-0.062448,0.476042,0.415907,3.035096,-0.072262
1537,1776232198918,22.429194,-423.1339,-38.6004,472.1767,0.162774,-0.701132,0.689809,0.077990,0.487439,-2.099592,2.065684,-0.431208,-0.062847,0.476057,0.415928,3.035101,-0.072162
1538,1776232198929,22.440305,-423.2388,-38.9876,472.1706,0.162848,-0.701043,0.689898,0.077848,0.487702,-2.099502,2.066125,-0.431255,-0.063246,0.476052,0.415954,3.035089,-0.072185
1539,1776232198940,22.451416,-423.4407,-39.7693,472.1766,0.162778,-0.701148,0.689809,0.077830,0.487498,-2.099841,2.065881,-0.431340,-0.064050,0.476060,0.416008,3.035099,-0.072180
1540,1776232198951,22.462528,-423.5562,-40.1458,472.1526,0.162965,-0.701092,0.689841,0.077663,0.488105,-2.099881,2.066181,-0.431399,-0.064440,0.476037,0.416010,3.035003,-0.072237
1541,1776232198962,22.473639,-423.6646,-40.5496,472.1395,0.162987,-0.701139,0.689780,0.077739,0.488150,-2.099927,2.065906,-0.431447,-0.064856,0.476025,0.415850,3.034979,-0.072245
1542,1776232198973,22.484750,-423.7574,-40.9295,472.1495,0.162878,-0.701153,0.689793,0.077725,0.487827,-2.099986,2.065960,-0.431483,-0.065246,0.476036,0.415964,3.035008,-0.072146
1543,1776232198984,22.495862,-423.9756,-41.7258,472.1284,0.162850,-0.701158,0.689790,0.077759,0.487732,-2.099959,2.065912,-0.431582,-0.066067,0.476017,0.415830,3.034969,-0.072175
1544,1776232198995,22.506973,-424.1634,-42.5075,472.1504,0.163010,-0.701056,0.689879,0.077557,0.488271,-2.099905,2.066426,-0.431653,-0.066869,0.476041,0.415858,3.034972,-0.072353
1545,1776232199007,22.518084,-424.2687,-42.9098,472.1504,0.163039,-0.701180,0.689738,0.077635,0.488335,-2.100178,2.065907,-0.431698,-0.067283,0.476042,0.415781,3.034957,-0.072215
1546,1776232199018,22.529195,-424.3688,-43.2986,472.1403,0.163088,-0.701099,0.689826,0.077481,0.488528,-2.100127,2.066359,-0.431740,-0.067683,0.476033,0.415822,3.034904,-0.072234
1547,1776232199029,22.540306,-424.5806,-44.0787,472.1083,0.162971,-0.701334,0.689594,0.077668,0.488122,-2.100598,2.065435,-0.431835,-0.068487,0.476003,0.415948,3.034736,-0.072156
1548,1776232199040,22.551418,-424.6767,-44.4530,472.0973,0.163077,-0.701195,0.689735,0.077436,0.488506,-2.100472,2.066143,-0.431875,-0.068872,0.475993,0.416033,3.034669,-0.072321
1549,1776232199051,22.562529,-424.8684,-45.2402,472.0993,0.162999,-0.701190,0.689740,0.077610,0.488223,-2.100238,2.065943,-0.431949,-0.069680,0.475997,0.415953,3.034689,-0.072253
1550,1776232199062,22.573640,-424.9740,-45.6384,472.0732,0.163184,-0.701171,0.689734,0.077443,0.488825,-2.100390,2.066132,-0.431995,-0.070090,0.475972,0.415958,3.034587,-0.072337
1551,1776232199073,22.584751,-425.0769,-46.0248,472.0542,0.163035,-0.701267,0.689661,0.077539,0.488350,-2.100559,2.065794,-0.432040,-0.070488,0.475954,0.416065,3.034556,-0.072212
1552,1776232199084,22.595863,-425.2560,-46.7816,472.0653,0.163167,-0.701302,0.689607,0.077425,0.488780,-2.100806,2.065772,-0.432106,-0.071264,0.475967,0.416010,3.034568,-0.072262
1553,1776232199095,22.606974,-425.3421,-47.1565,472.0634,0.162971,-0.701475,0.689464,0.077541,0.488159,-2.101181,2.065201,-0.432136,-0.071648,0.475966,0.416160,3.034554,-0.072197
1554,1776232199107,22.618085,-425.5218,-47.9101,472.0375,0.162893,-0.701393,0.689565,0.077550,0.487923,-2.100923,2.065494,-0.432203,-0.072421,0.475942,0.416178,3.034539,-0.072278
1555,1776232199118,22.629197,-425.5218,-47.9101,472.0375,0.162718,-0.701529,0.689452,0.077692,0.487357,-2.101152,2.064982,-0.432203,-0.072421,0.475942,0.416178,3.034539,-0.072278
1556,1776232199129,22.640308,-425.6847,-48.6592,472.0246,0.162838,-0.701396,0.689578,0.077522,0.487765,-2.100966,2.065567,-0.432254,-0.073187,0.475931,0.416228,3.034580,-0.072224
1557,1776232199140,22.651419,-425.8343,-49.4346,472.0317,0.162681,-0.701493,0.689489,0.077765,0.487226,-2.100953,2.065003,-0.432288,-0.073977,0.475940,0.416204,3.034646,-0.072079
1558,1776232199151,22.662531,-425.8343,-49.4346,472.0317,0.162873,-0.701416,0.689562,0.077414,0.487901,-2.101160,2.065651,-0.432288,-0.073977,0.475940,0.416204,3.034646,-0.072079
1559,1776232199162,22.673642,-425.9782,-50.1986,472.0238,0.162713,-0.701600,0.689382,0.077681,0.487347,-2.101380,2.064783,-0.432318,-0.074755,0.475934,0.416331,3.034628,-0.072138
1560,1776232199173,22.684753,-426.1188,-50.9540,472.0150,0.162816,-0.701410,0.689568,0.077525,0.487700,-2.101005,2.065534,-0.432346,-0.075524,0.475927,0.416406,3.034643,-0.072208
1561,1776232199184,22.695864,-426.1998,-51.3629,472.0000,0.162645,-0.701626,0.689366,0.077726,0.487128,-2.101402,2.064682,-0.432366,-0.075941,0.475913,0.416366,3.034622,-0.072068
1562,1776232199195,22.706975,-426.2658,-51.7317,471.9991,0.162843,-0.701386,0.689584,0.077550,0.487771,-2.100902,2.065551,-0.432377,-0.076316,0.475913,0.416454,3.034630,-0.072159
1563,1776232199207,22.718087,-426.4032,-52.5259,471.9912,0.162723,-0.701609,0.689372,0.077666,0.487379,-2.101426,2.064773,-0.432396,-0.077123,0.475907,0.416538,3.034638,-0.072070
1564,1776232199218,22.729198,-426.4744,-52.9099,471.9692,0.162733,-0.701582,0.689398,0.077662,0.487412,-2.101347,2.064856,-0.432410,-0.077514,0.475886,0.416654,3.034515,-0.072190
1565,1776232199229,22.740309,-426.5989,-53.7061,471.9763,0.162657,-0.701659,0.689339,0.077648,0.487186,-2.101598,2.064695,-0.432416,-0.078321,0.475895,0.416573,3.034575,-0.072063
1566,1776232199240,22.751420,-426.6600,-54.1028,471.9694,0.162789,-0.701460,0.689516,0.077593,0.487600,-2.101070,2.065296,-0.432418,-0.078723,0.475889,0.416557,3.034562,-0.072272
1567,1776232199251,22.762531,-426.7878,-54.9005,471.9735,0.162798,-0.701562,0.689414,0.077568,0.487634,-2.101406,2.065019,-0.432427,-0.079532,0.475895,0.416491,3.034555,-0.072170
1568,1776232199262,22.773642,-426.8431,-55.3123,471.9895,0.162729,-0.701503,0.689486,0.077600,0.487417,-2.101190,2.065196,-0.432421,-0.079948,0.475912,0.416503,3.034585,-0.072218
1569,1776232199273,22.784754,-426.8910,-55.7292,472.0146,0.162876,-0.701585,0.689385,0.077448,0.487902,-2.101625,2.065080,-0.432407,-0.080368,0.475938,0.416475,3.034628,-0.072160
1570,1776232199284,22.795865,-426.9879,-56.5084,472.0558,0.162856,-0.701499,0.689475,0.077467,0.487835,-2.101344,2.065327,-0.432388,-0.081154,0.475981,0.416467,3.034721,-0.072262
1571,1776232199295,22.806977,-427.0509,-56.8978,472.0539,0.162781,-0.701697,0.689282,0.077549,0.487589,-2.101836,2.064647,-0.432393,-0.081549,0.475980,0.416537,3.034658,-0.072175
1572,1776232199307,22.818088,-427.1707,-57.6886,472.0520,0.162842,-0.701561,0.689416,0.077456,0.487796,-2.101544,2.065164,-0.432395,-0.082350,0.475980,0.416478,3.034599,-0.072250
1573,1776232199318,22.829199,-427.2199,-58.0933,472.0711,0.162863,-0.701618,0.689352,0.077469,0.487855,-2.101699,2.064954,-0.432384,-0.082758,0.476000,0.416442,3.034642,-0.072090
1574,1776232199329,22.840310,-427.2828,-58.4685,472.0512,0.162930,-0.701448,0.689523,0.077353,0.488090,-2.101333,2.065608,-0.432391,-0.083139,0.475981,0.416487,3.034500,-0.072285
1575,1776232199340,22.851421,-427.3828,-59.2685,472.0704,0.162868,-0.701630,0.689341,0.077452,0.487878,-2.101753,2.064943,-0.432372,-0.083946,0.476002,0.416548,3.034473,-0.072179
1576,1776232199351,22.862533,-427.4309,-59.6521,472.0795,0.162856,-0.701702,0.689276,0.077401,0.487856,-2.102036,2.064810,-0.432363,-0.084333,0.476012,0.416524,3.034470,-0.072270
1577,1776232199362,22.873644,-427.4942,-60.0434,472.0616,0.162762,-0.701572,0.689433,0.077375,0.487580,-2.101678,2.065314,-0.432368,-0.084730,0.475995,0.416627,3.034378,-0.072159
1578,1776232199373,22.884755,-427.5899,-60.8147,472.0779,0.162905,-0.701627,0.689367,0.077165,0.488069,-2.102105,2.065372,-0.432349,-0.085508,0.476013,0.416714,3.034342,-0.072168
1579,1776232199384,22.895866,-427.6540,-61.1908,472.0460,0.162758,-0.701753,0.689264,0.077248,0.487606,-2.102379,2.064964,-0.432357,-0.085890,0.475982,0.416838,3.034298,-0.072050
1580,1776232199395,22.906978,-427.6662,-61.5838,472.0941,0.162818,-0.701728,0.689274,0.077266,0.487779,-2.102280,2.064969,-0.432311,-0.086281,0.476031,0.416895,3.034297,-0.072248
1581,1776232199407,22.918089,-427.7518,-62.3818,472.1034,0.162699,-0.701566,0.689455,0.077373,0.487393,-2.101661,2.065380,-0.432278,-0.087084,0.476042,0.416906,3.034368,-0.072090
1582,1776232199418,22.929200,-427.7856,-62.7645,472.1135,0.162599,-0.701601,0.689435,0.077443,0.487072,-2.101677,2.065235,-0.432255,-0.087468,0.476053,0.416952,3.034330,-0.072175
1583,1776232199429,22.940311,-427.8663,-63.5501,472.1198,0.162752,-0.701630,0.689383,0.077313,0.487570,-2.101930,2.065240,-0.432219,-0.088258,0.476061,0.416925,3.034314,-0.072119
1584,1776232199440,22.951423,-427.8962,-63.9333,472.1169,0.162669,-0.701590,0.689444,0.077318,0.487318,-2.101801,2.065415,-0.432192,-0.088642,0.476059,0.417009,3.034295,-0.072188
1585,1776232199451,22.962534,-427.9546,-64.7313,472.1472,0.162810,-0.701647,0.689374,0.077123,0.487799,-2.102216,2.065446,-0.432132,-0.089441,0.476091,0.417063,3.034335,-0.072171
1586,1776232199462,22.973645,-427.9987,-65.1225,472.1253,0.162804,-0.701634,0.689380,0.077202,0.487757,-2.102080,2.065366,-0.432118,-0.089835,0.476070,0.417062,3.034280,-0.072107
1587,1776232199473,22.984756,-428.0245,-65.5458,472.1434,0.162761,-0.701550,0.689472,0.077235,0.487617,-2.101787,2.065600,-0.432081,-0.090258,0.476089,0.417007,3.034255,-0.072023
1588,1776232199484,22.995867,-428.0816,-66.3621,472.1377,0.162875,-0.701632,0.689353,0.077303,0.487940,-2.101949,2.065163,-0.432017,-0.091075,0.476085,0.416905,3.034223,-0.071958
1589,1776232199495,23.006978,-428.1063,-66.7785,472.1438,0.162696,-0.701590,0.689427,0.077416,0.487370,-2.101679,2.065243,-0.431980,-0.091491,0.476092,0.416827,3.034249,-0.072030
1590,1776232199507,23.018090,-428.1568,-67.5979,472.1511,0.162827,-0.701694,0.689289,0.077412,0.487766,-2.101998,2.064837,-0.431909,-0.092310,0.476101,0.416652,3.034228,-0.071952
1591,1776232199518,23.029201,-428.1758,-68.0030,472.1542,0.162742,-0.701692,0.689314,0.077394,0.487515,-2.102013,2.064933,-0.431868,-0.092714,0.476105,0.416608,3.034225,-0.072041
1592,1776232199529,23.040312,-428.2170,-68.3946,472.1374,0.162924,-0.701668,0.689308,0.077274,0.488097,-2.102092,2.065064,-0.431851,-0.093108,0.476089,0.416609,3.034137,-0.072043
1593,1776232199540,23.051423,-428.2436,-69.2086,472.1787,0.162895,-0.701671,0.689296,0.077426,0.487965,-2.101909,2.064839,-0.431757,-0.093918,0.476132,0.416570,3.034261,-0.071918
1594,1776232199551,23.062535,-428.2436,-69.2086,472.1787,0.163091,-0.701702,0.689244,0.077187,0.488620,-2.102302,2.064978,-0.431757,-0.093918,0.476132,0.416570,3.034261,-0.071918
1595,1776232199562,23.073646,-428.2944,-70.0097,472.1650,0.162954,-0.701639,0.689324,0.077344,0.488164,-2.101915,2.065023,-0.431689,-0.094719,0.476120,0.416562,3.034196,-0.071922
1596,1776232199573,23.084757,-428.3531,-70.7754,472.1534,0.163109,-0.701626,0.689321,0.077151,0.488684,-2.102120,2.065253,-0.431634,-0.095486,0.476110,0.416592,3.034125,-0.071971
1597,1776232199584,23.095868,-428.3832,-71.1737,472.1326,0.163066,-0.701658,0.689289,0.077245,0.488531,-2.102097,2.065039,-0.431605,-0.095885,0.476090,0.416538,3.034086,-0.071928
1598,1776232199595,23.106980,-428.4170,-71.5695,472.1097,0.162924,-0.701679,0.689283,0.077397,0.488060,-2.101971,2.064837,-0.431580,-0.096282,0.476068,0.416468,3.033963,-0.072015
1599,1776232199607,23.118091,-428.4330,-72.3799,472.1391,0.162832,-0.701621,0.689351,0.077527,0.487747,-2.101633,2.064880,-0.431476,-0.097087,0.476099,0.416494,3.034111,-0.072023
1600,1776232199618,23.129202,-428.4666,-72.7606,472.1213,0.162819,-0.701675,0.689299,0.077526,0.487707,-2.101797,2.064725,-0.431453,-0.097469,0.476082,0.416567,3.033998,-0.072057
1601,1776232199629,23.140313,-428.4829,-73.5538,472.1227,0.162788,-0.701643,0.689332,0.077580,0.487600,-2.101634,2.064758,-0.431352,-0.098257,0.476085,0.416551,3.034025,-0.072122
1602,1776232199640,23.151424,-428.4934,-73.9622,472.1219,0.162894,-0.701709,0.689247,0.077512,0.487936,-2.101917,2.064589,-0.431302,-0.098663,0.476085,0.416466,3.034010,-0.072119
1603,1776232199651,23.162535,-428.5090,-74.7565,472.1163,0.163124,-0.701480,0.689453,0.077273,0.488696,-2.101528,2.065499,-0.431200,-0.099452,0.476081,0.416469,3.034046,-0.072186
1604,1776232199662,23.173646,-428.5160,-75.1483,472.1275,0.163112,-0.701635,0.689292,0.077319,0.488646,-2.101937,2.064961,-0.431149,-0.099841,0.476093,0.416536,3.034016,-0.072018
1605,1776232199673,23.184757,-428.5165,-75.5370,472.1347,0.162991,-0.701575,0.689375,0.077392,0.488262,-2.101665,2.065117,-0.431092,-0.100226,0.476101,0.416494,3.034024,-0.072099
1606,1776232199684,23.195869,-428.5079,-76.3249,472.1672,0.162919,-0.701626,0.689334,0.077448,0.488031,-2.101746,2.064925,-0.430967,-0.101005,0.476135,0.416569,3.034093,-0.072102
1607,1776232199695,23.206980,-428.5089,-76.7105,472.1645,0.162970,-0.701464,0.689497,0.077348,0.488213,-2.101388,2.065538,-0.430911,-0.101387,0.476133,0.416641,3.034084,-0.072287
1608,1776232199707,23.218091,-428.4978,-77.0959,472.1758,0.162783,-0.701580,0.689405,0.077509,0.487604,-2.101534,2.065064,-0.430843,-0.101767,0.476145,0.416613,3.034127,-0.072251
1609,1776232199718,23.229202,-428.4845,-77.8724,472.1733,0.162926,-0.701575,0.689391,0.077377,0.488073,-2.101684,2.065187,-0.430715,-0.102534,0.476144,0.416669,3.034132,-0.072319
1610,1776232199729,23.240314,-428.4803,-78.2699,472.1846,0.162834,-0.701709,0.689263,0.077504,0.487759,-2.101925,2.064645,-0.430652,-0.102927,0.476156,0.416667,3.034079,-0.072220
1611,1776232199740,23.251425,-428.4955,-78.6765,472.1537,0.162969,-0.701623,0.689326,0.077438,0.488183,-2.101749,2.064915,-0.430607,-0.103332,0.476126,0.416684,3.033987,-0.072216
1612,1776232199751,23.262536,-428.4847,-79.4759,472.1732,0.163067,-0.701648,0.689285,0.077364,0.488497,-2.101919,2.064882,-0.430478,-0.104122,0.476147,0.416555,3.034038,-0.072201
1613,1776232199762,23.273647,-428.4713,-79.8727,472.1785,0.163088,-0.701479,0.689459,0.077305,0.488578,-2.101487,2.065476,-0.430406,-0.104513,0.476153,0.416673,3.033996,-0.072265
1614,1776232199773,23.284758,-428.4717,-80.6864,472.1629,0.163154,-0.701723,0.689182,0.077424,0.488742,-2.102069,2.064500,-0.430286,-0.105319,0.476139,0.416479,3.033991,-0.072162
1615,1776232199784,23.295869,-428.4725,-81.0841,472.1442,0.163256,-0.701547,0.689355,0.077264,0.489092,-2.101741,2.065215,-0.430228,-0.105713,0.476121,0.416410,3.033873,-0.072285
1616,1776232199795,23.306981,-428.4360,-81.9005,472.1797,0.163067,-0.701660,0.689253,0.077535,0.488448,-2.101742,2.064578,-0.430071,-0.106516,0.476158,0.416416,3.034025,-0.072251
1617,1776232199807,23.318092,-428.4405,-82.3158,472.1629,0.163012,-0.701682,0.689245,0.077525,0.488286,-2.101819,2.064566,-0.430014,-0.106928,0.476142,0.416402,3.033966,-0.072288
1618,1776232199818,23.329203,-428.4193,-82.7279,472.1841,0.163003,-0.701706,0.689219,0.077561,0.488251,-2.101848,2.064443,-0.429932,-0.107333,0.476164,0.416370,3.034003,-0.072189
1619,1776232199829,23.340314,-428.4008,-83.5637,472.1676,0.163082,-0.701675,0.689236,0.077524,0.488496,-2.101801,2.064541,-0.429790,-0.108158,0.476149,0.416221,3.033965,-0.072271
1620,1776232199840,23.351426,-428.3956,-83.9815,472.1548,0.163191,-0.701751,0.689144,0.077423,0.488851,-2.102154,2.064389,-0.429723,-0.108571,0.476137,0.416183,3.033883,-0.072231
1621,1776232199851,23.362537,-428.3695,-84.8265,472.1523,0.163023,-0.701743,0.689174,0.077593,0.488299,-2.101916,2.064269,-0.429572,-0.109404,0.476136,0.416071,3.033866,-0.072277
1622,1776232199862,23.373648,-428.3439,-85.2161,472.1786,0.163137,-0.701655,0.689241,0.077543,0.488656,-2.101717,2.064532,-0.429489,-0.109786,0.476163,0.416141,3.033886,-0.072397
1623,1776232199873,23.384759,-428.3506,-85.6321,472.1498,0.163240,-0.701497,0.689403,0.077321,0.489028,-2.101520,2.065290,-0.429434,-0.110199,0.476135,0.416119,3.033776,-0.072349
1624,1776232199884,23.395871,-428.2984,-86.4518,472.1544,0.163240,-0.701399,0.689505,0.077298,0.489035,-2.101254,2.065623,-0.429261,-0.111003,0.476141,0.416230,3.033760,-0.072436
1625,1776232199895,23.406982,-428.2653,-86.8516,472.1767,0.163406,-0.701558,0.689322,0.077139,0.489579,-2.101930,2.065269,-0.429169,-0.111394,0.476164,0.416294,3.033827,-0.072365
1626,1776232199907,23.418094,-428.2079,-87.6630,472.1803,0.163406,-0.701652,0.689225,0.077155,0.489574,-2.102191,2.064959,-0.428992,-0.112189,0.476169,0.416218,3.033794,-0.072439
1627,1776232199918,23.429205,-428.1819,-88.0557,472.1856,0.163249,-0.701645,0.689260,0.077236,0.489081,-2.102070,2.064964,-0.428908,-0.112574,0.476175,0.416260,3.033739,-0.072486
1628,1776232199929,23.440316,-428.1503,-88.4391,472.1750,0.163282,-0.701580,0.689327,0.077157,0.489201,-2.101972,2.065263,-0.428820,-0.112949,0.476165,0.416417,3.033716,-0.072541
1629,1776232199940,23.451427,-428.0827,-89.2299,472.1767,0.163113,-0.701570,0.689363,0.077277,0.488661,-2.101794,2.065223,-0.428636,-0.113722,0.476168,0.416373,3.033673,-0.072565
1630,1776232199951,23.462539,-428.0542,-89.6199,472.1780,0.163199,-0.701667,0.689245,0.077272,0.488919,-2.102089,2.064877,-0.428550,-0.114104,0.476170,0.416363,3.033709,-0.072548
1631,1776232199962,23.473650,-428.0368,-90.0234,472.1493,0.163366,-0.701534,0.689366,0.077044,0.489486,-2.101978,2.065519,-0.428473,-0.114501,0.476142,0.416286,3.033599,-0.072488
1632,1776232199973,23.484761,-427.9637,-90.8240,472.1550,0.163385,-0.701535,0.689354,0.077106,0.489525,-2.101902,2.065406,-0.428282,-0.115283,0.476149,0.416262,3.033563,-0.072509
1633,1776232199984,23.495873,-427.9165,-91.2098,472.1794,0.163257,-0.701669,0.689243,0.077153,0.489129,-2.102245,2.065015,-0.428178,-0.115658,0.476174,0.416386,3.033593,-0.072581
1634,1776232199995,23.506984,-427.8471,-92.0422,472.1790,0.163389,-0.701491,0.689415,0.076952,0.489582,-2.101963,2.065778,-0.427986,-0.116472,0.476175,0.416266,3.033579,-0.072507
1635,1776232200007,23.518095,-427.8233,-92.4295,472.1603,0.163587,-0.701482,0.689387,0.076860,0.490201,-2.102051,2.065808,-0.427905,-0.116852,0.476157,0.416170,3.033527,-0.072688
1636,1776232200018,23.529206,-427.7773,-92.8373,472.1747,0.163434,-0.701592,0.689289,0.077065,0.489685,-2.102124,2.065260,-0.427799,-0.117249,0.476172,0.416135,3.033550,-0.072590
1637,1776232200029,23.540317,-427.7167,-93.6340,472.1373,0.163515,-0.701516,0.689374,0.076824,0.489998,-2.102196,2.065813,-0.427621,-0.118029,0.476136,0.416215,3.033379,-0.072664
1638,1776232200040,23.551429,-427.6811,-94.0503,472.1257,0.163571,-0.701628,0.689234,0.076937,0.490131,-2.102393,2.065253,-0.427524,-0.118436,0.476125,0.416017,3.033403,-0.072566
1639,1776232200051,23.562540,-427.5923,-94.8401,472.1274,0.163547,-0.701373,0.689501,0.076921,0.490066,-2.101648,2.066074,-0.427319,-0.119205,0.476128,0.416035,3.033340,-0.072729
1640,1776232200062,23.573651,-427.5258,-95.2521,472.1678,0.163517,-0.701553,0.689320,0.076962,0.489964,-2.102137,2.065481,-0.427192,-0.119603,0.476169,0.416079,3.033383,-0.072671
1641,1776232200073,23.584763,-427.5108,-95.6380,472.1261,0.163441,-0.701572,0.689309,0.077051,0.489709,-2.102081,2.065340,-0.427120,-0.119983,0.476128,0.415958,3.033218,-0.072874
1642,1776232200084,23.595874,-427.4196,-96.4454,472.1239,0.163832,-0.701409,0.689406,0.076835,0.490943,-2.101864,2.065894,-0.426910,-0.120769,0.476127,0.415998,3.033166,-0.072742
1643,1776232200095,23.606985,-427.3674,-96.8320,472.1343,0.163839,-0.701626,0.689180,0.076874,0.490954,-2.102463,2.065169,-0.426801,-0.121144,0.476138,0.415956,3.033176,-0.072850
1644,1776232200107,23.618096,-427.2724,-97.6269,472.1491,0.163748,-0.701420,0.689408,0.076897,0.490675,-2.101820,2.065824,-0.426589,-0.121917,0.476154,0.415898,3.033163,-0.072899
1645,1776232200118,23.629207,-427.2153,-98.0415,472.1565,0.163806,-0.701336,0.689479,0.076911,0.490843,-2.101547,2.066019,-0.426471,-0.122319,0.476162,0.415849,3.033137,-0.072896
1646,1776232200129,23.640319,-427.1586,-98.4378,472.1699,0.164089,-0.701321,0.689445,0.076742,0.491740,-2.101717,2.066125,-0.426356,-0.122703,0.476176,0.415822,3.033151,-0.072946
1647,1776232200140,23.651430,-427.0745,-99.2584,472.1616,0.163789,-0.701390,0.689427,0.076913,0.490791,-2.101708,2.065862,-0.426151,-0.123503,0.476169,0.415756,3.033101,-0.072884
1648,1776232200151,23.662541,-427.0135,-99.6675,472.1700,0.163861,-0.701455,0.689336,0.076983,0.490987,-2.101817,2.065502,-0.426030,-0.123899,0.476178,0.415783,3.033065,-0.072951
1649,1776232200162,23.673652,-426.9772,-100.0587,472.1624,0.163829,-0.701400,0.689425,0.076763,0.490955,-2.101925,2.066038,-0.425936,-0.124281,0.476171,0.415822,3.033004,-0.072941
1650,1776232200173,23.684764,-426.9772,-100.0587,472.1624,0.164068,-0.701402,0.689363,0.076783,0.491667,-2.101908,2.065829,-0.425936,-0.124281,0.476171,0.415822,3.033004,-0.072941
1651,1776232200184,23.695875,-426.8238,-101.2584,472.1876,0.164154,-0.701275,0.689479,0.076716,0.491944,-2.101612,2.066259,-0.425606,-0.125446,0.476198,0.415763,3.032914,-0.072937
1652,1776232200195,23.706986,-426.7476,-101.6597,472.2211,0.164069,-0.701148,0.689645,0.076567,0.491733,-2.101416,2.066939,-0.425471,-0.125832,0.476232,0.415827,3.032977,-0.072890
1653,1776232200207,23.718097,-426.6251,-102.4527,472.2429,0.164181,-0.701401,0.689346,0.076709,0.492026,-2.101994,2.065868,-0.425232,-0.126599,0.476255,0.415840,3.032956,-0.072902
1654,1776232200218,23.729208,-426.5824,-102.8417,472.2134,0.164225,-0.701250,0.689492,0.076677,0.492168,-2.101585,2.066345,-0.425132,-0.126978,0.476226,0.415834,3.032824,-0.072836
1655,1776232200229,23.740319,-426.4619,-103.6546,472.2052,0.164212,-0.701331,0.689412,0.076678,0.492130,-2.101826,2.066105,-0.424892,-0.127765,0.476219,0.415756,3.032815,-0.072846
1656,1776232200240,23.751431,-426.4619,-103.6546,472.2052,0.164210,-0.701320,0.689424,0.076679,0.492123,-2.101792,2.066139,-0.424892,-0.127765,0.476219,0.415756,3.032815,-0.072846
1657,1776232200251,23.762542,-426.3061,-104.8857,472.1544,0.164013,-0.701379,0.689398,0.076789,0.491499,-2.101831,2.065928,-0.424555,-0.128961,0.476170,0.415809,3.032556,-0.072736
1658,1776232200262,23.773653,-426.2413,-105.2822,472.1508,0.164323,-0.701417,0.689316,0.076519,0.492508,-2.102282,2.066013,-0.424432,-0.129344,0.476167,0.415859,3.032559,-0.072838
1659,1776232200273,23.784764,-426.1711,-105.6694,472.1603,0.163999,-0.701548,0.689224,0.076851,0.491439,-2.102258,2.065328,-0.424305,-0.129717,0.476177,0.415869,3.032582,-0.072876
1660,1776232200284,23.795875,-426.0208,-106.4787,472.1622,0.164180,-0.701606,0.689144,0.076650,0.492040,-2.102684,2.065335,-0.424036,-0.130496,0.476180,0.415760,3.032559,-0.072995
1661,1776232200295,23.806987,-425.9395,-106.8928,472.1717,0.164197,-0.701570,0.689185,0.076571,0.492115,-2.102674,2.065557,-0.423894,-0.130894,0.476190,0.415746,3.032590,-0.072900
1662,1776232200307,23.818098,-425.7734,-107.6843,472.1777,0.164239,-0.701410,0.689345,0.076503,0.492262,-2.102281,2.066121,-0.423612,-0.131653,0.476197,0.415586,3.032637,-0.073033
1663,1776232200318,23.829209,-425.7220,-108.0758,472.1522,0.163971,-0.701568,0.689216,0.076791,0.491373,-2.102396,2.065379,-0.423503,-0.132033,0.476172,0.415619,3.032540,-0.072937
1664,1776232200329,23.840320,-425.6394,-108.4609,472.1567,0.164150,-0.701464,0.689310,0.076519,0.491989,-2.102422,2.065994,-0.423364,-0.132402,0.476177,0.415556,3.032522,-0.073057
1665,1776232200340,23.851432,-425.4640,-109.2165,472.1958,0.164297,-0.701696,0.689039,0.076515,0.492429,-2.103122,2.065188,-0.423078,-0.133124,0.476217,0.415611,3.032630,-0.073019
1666,1776232200351,23.862543,-425.3882,-109.6005,472.1823,0.164204,-0.701518,0.689258,0.076381,0.492190,-2.102756,2.066008,-0.422946,-0.133493,0.476204,0.415619,3.032555,-0.073118
1667,1776232200362,23.873654,-425.3096,-109.9992,472.1768,0.164102,-0.701690,0.689072,0.076686,0.491795,-2.102891,2.065077,-0.422809,-0.133876,0.476199,0.415529,3.032577,-0.073009
1668,1776232200373,23.884766,-425.1574,-110.7684,472.1529,0.163964,-0.701568,0.689219,0.076784,0.491354,-2.102403,2.065397,-0.422544,-0.134615,0.476176,0.415398,3.032529,-0.073097
1669,1776232200384,23.895877,-425.0834,-111.1643,472.1494,0.164130,-0.701606,0.689154,0.076658,0.491890,-2.102676,2.065358,-0.422412,-0.134996,0.476173,0.415383,3.032550,-0.073005
1670,1776232200395,23.906988,-424.9939,-111.5433,472.1479,0.164162,-0.701476,0.689300,0.076476,0.492038,-2.102512,2.066017,-0.422267,-0.135358,0.476172,0.415390,3.032474,-0.073107
1671,1776232200407,23.918099,-424.8332,-112.3441,472.1240,0.164124,-0.701677,0.689096,0.076553,0.491901,-2.103016,2.065310,-0.421989,-0.136127,0.476149,0.415414,3.032456,-0.072990
1672,1776232200418,23.929211,-424.7496,-112.6889,472.1266,0.164006,-0.701632,0.689159,0.076641,0.491523,-2.102773,2.065393,-0.421855,-0.136456,0.476152,0.415535,3.032383,-0.073139
1673,1776232200429,23.940322,-424.5700,-113.4704,472.1237,0.164166,-0.701767,0.689010,0.076407,0.492070,-2.103471,2.065232,-0.421561,-0.137203,0.476150,0.415617,3.032408,-0.073026
1674,1776232200440,23.951433,-424.4743,-113.8624,472.1152,0.164177,-0.701595,0.689184,0.076392,0.492106,-2.102973,2.065773,-0.421408,-0.137577,0.476142,0.415590,3.032341,-0.073163
1675,1776232200451,23.962544,-424.2815,-114.6236,472.1104,0.164078,-0.701749,0.689043,0.076467,0.491789,-2.103341,2.065258,-0.421104,-0.138302,0.476138,0.415741,3.032297,-0.073033
1676,1776232200462,23.973656,-424.1668,-115.0034,472.1151,0.164076,-0.701594,0.689203,0.076450,0.491787,-2.102899,2.065758,-0.420934,-0.138661,0.476143,0.415772,3.032287,-0.073158
1677,1776232200473,23.984767,-424.0540,-115.3961,472.1157,0.164060,-0.701698,0.689117,0.076301,0.491783,-2.103395,2.065684,-0.420764,-0.139033,0.476144,0.415827,3.032277,-0.073038
1678,1776232200484,23.995878,-423.8230,-116.1378,472.1250,0.164031,-0.701607,0.689204,0.076422,0.491659,-2.102971,2.065795,-0.420425,-0.139733,0.476154,0.415851,3.032293,-0.073198
1679,1776232200495,24.006990,-423.7245,-116.5586,472.1015,0.164113,-0.701830,0.688949,0.076493,0.491885,-2.103553,2.064943,-0.420265,-0.140135,0.476131,0.415772,3.032292,-0.072981
1680,1776232200507,24.018101,-423.6135,-116.9298,472.0892,0.164214,-0.701685,0.689100,0.076245,0.492260,-2.103428,2.065700,-0.420100,-0.140486,0.476119,0.415780,3.032232,-0.073055
1681,1776232200518,24.029212,-423.4061,-117.6942,472.0664,0.164161,-0.701656,0.689136,0.076298,0.492086,-2.103275,2.065744,-0.419781,-0.141212,0.476097,0.415826,3.032215,-0.073008
1682,1776232200529,24.040323,-423.2910,-118.0580,472.0661,0.164238,-0.701667,0.689122,0.076162,0.492358,-2.103477,2.065870,-0.419613,-0.141555,0.476097,0.415853,3.032162,-0.073105
1683,1776232200540,24.051434,-423.2910,-118.0580,472.0661,0.163928,-0.701848,0.688969,0.076548,0.491316,-2.103536,2.064935,-0.419613,-0.141555,0.476097,0.415853,3.032162,-0.073105
1684,1776232200551,24.062546,-423.0088,-119.2063,471.9949,0.164335,-0.701604,0.689168,0.076111,0.492662,-2.103352,2.066070,-0.419163,-0.142650,0.476027,0.415734,3.031970,-0.073140
1685,1776232200562,24.073657,-422.8763,-119.5879,472.0386,0.164131,-0.701779,0.689005,0.076417,0.491962,-2.103495,2.065205,-0.418975,-0.143008,0.476071,0.415751,3.032150,-0.073115
1686,1776232200573,24.084768,-422.6794,-120.3548,472.0099,0.164284,-0.701812,0.688962,0.076171,0.492491,-2.103900,2.065380,-0.418666,-0.143738,0.476043,0.415811,3.031956,-0.073185
1687,1776232200584,24.095879,-422.5506,-120.7610,472.0465,0.164264,-0.701692,0.689079,0.076259,0.492407,-2.103430,2.065622,-0.418478,-0.144121,0.476080,0.415714,3.032091,-0.073136
1688,1776232200595,24.106991,-422.4555,-121.1299,472.0422,0.164314,-0.701623,0.689146,0.076191,0.492578,-2.103307,2.065904,-0.418329,-0.144472,0.476076,0.415659,3.032003,-0.073144
1689,1776232200607,24.118102,-422.4555,-121.1299,472.0422,0.164231,-0.701722,0.689051,0.076315,0.492291,-2.103450,2.065467,-0.418329,-0.144472,0.476076,0.415659,3.032003,-0.073144
1690,1776232200618,24.129213,-422.1187,-122.2886,472.0911,0.164223,-0.701489,0.689288,0.076328,0.492264,-2.102736,2.066164,-0.417823,-0.145569,0.476126,0.415633,3.032076,-0.073201
1691,1776232200629,24.140325,-421.9047,-123.0753,472.0904,0.164351,-0.701751,0.689009,0.076163,0.492697,-2.103728,2.065529,-0.417494,-0.146316,0.476126,0.415676,3.032030,-0.073136
1692,1776232200640,24.151436,-421.8003,-123.4627,472.0810,0.164327,-0.701604,0.689159,0.076214,0.492608,-2.103225,2.065916,-0.417333,-0.146684,0.476117,0.415609,3.031951,-0.073215
1693,1776232200651,24.162547,-421.5701,-124.2155,472.1124,0.164268,-0.701664,0.689104,0.076282,0.492412,-2.103319,2.065667,-0.416993,-0.147395,0.476149,0.415765,3.031946,-0.073140
1694,1776232200662,24.173658,-421.5701,-124.2155,472.1124,0.164262,-0.701473,0.689293,0.076351,0.492373,-2.102659,2.066148,-0.416993,-0.147395,0.476149,0.415765,3.031946,-0.073140
1695,1776232200673,24.184769,-421.3173,-124.9990,472.1458,0.164242,-0.701721,0.689053,0.076277,0.492336,-2.103494,2.065523,-0.416626,-0.148133,0.476183,0.415655,3.031972,-0.073218
1696,1776232200684,24.195881,-421.0575,-125.7562,472.1812,0.164079,-0.701394,0.689416,0.076358,0.491823,-2.102413,2.066510,-0.416256,-0.148844,0.476219,0.415716,3.032023,-0.073371
1697,1776232200695,24.206992,-420.9510,-126.1228,472.1759,0.164182,-0.701659,0.689125,0.076326,0.492142,-2.103249,2.065676,-0.416096,-0.149191,0.476214,0.415857,3.031928,-0.073243
1698,1776232200707,24.218103,-420.6943,-126.8806,472.1934,0.164174,-0.701577,0.689208,0.076351,0.492108,-2.102971,2.065894,-0.415729,-0.149903,0.476232,0.415855,3.031921,-0.073299
1699,1776232200718,24.229215,-420.5651,-127.2576,472.2001,0.164127,-0.701782,0.689011,0.076338,0.491974,-2.103603,2.065321,-0.415545,-0.150257,0.476239,0.415895,3.031945,-0.073217
1700,1776232200729,24.240326,-420.4390,-127.6413,472.1988,0.164443,-0.701764,0.688974,0.076164,0.492970,-2.103766,2.065422,-0.415363,-0.150618,0.476238,0.415860,3.031910,-0.073165
1701,1776232200740,24.251437,-420.1639,-128.3777,472.2294,0.164447,-0.701491,0.689265,0.076036,0.493020,-2.103109,2.066452,-0.414981,-0.151306,0.476269,0.415897,3.031948,-0.073228
1702,1776232200751,24.262549,-420.0335,-128.7599,472.2221,0.164488,-0.701618,0.689128,0.076015,0.493151,-2.103515,2.066068,-0.414795,-0.151665,0.476262,0.415914,3.031893,-0.073113
1703,1776232200762,24.273660,-419.8933,-129.1103,472.2379,0.164520,-0.701576,0.689171,0.075939,0.493267,-2.103484,2.066291,-0.414604,-0.151991,0.476278,0.416001,3.031920,-0.073247
1704,1776232200773,24.284771,-419.6309,-129.8508,472.2175,0.164239,-0.701672,0.689104,0.076269,0.492330,-2.103359,2.065683,-0.414234,-0.152685,0.476258,0.416041,3.031924,-0.073033
1705,1776232200784,24.295882,-419.4939,-130.2088,472.2193,0.164254,-0.701564,0.689218,0.076203,0.492393,-2.103119,2.066107,-0.414045,-0.153019,0.476260,0.415996,3.031884,-0.073157
1706,1776232200795,24.306993,-419.2268,-130.9450,472.2158,0.164233,-0.701552,0.689232,0.076234,0.492321,-2.103042,2.066111,-0.413671,-0.153708,0.476257,0.416042,3.031901,-0.073062
1707,1776232200807,24.318104,-419.0872,-131.3064,472.2106,0.164278,-0.701643,0.689140,0.076131,0.492487,-2.103445,2.065961,-0.413479,-0.154045,0.476252,0.416102,3.031830,-0.073133
1708,1776232200818,24.329216,-418.9482,-131.6779,472.2194,0.164275,-0.701705,0.689069,0.076206,0.492456,-2.103537,2.065656,-0.413286,-0.154392,0.476261,0.416184,3.031838,-0.073159
1709,1776232200829,24.340327,-418.6884,-132.4150,472.2070,0.164360,-0.701626,0.689138,0.076128,0.492734,-2.103398,2.065959,-0.412919,-0.155083,0.476249,0.416082,3.031822,-0.073089
1710,1776232200840,24.351438,-418.5229,-132.7915,472.2518,0.164371,-0.701652,0.689104,0.076177,0.492751,-2.103414,2.065796,-0.412699,-0.155431,0.476294,0.416015,3.031987,-0.073256
1711,1776232200851,24.362549,-418.2759,-133.5266,472.1914,0.164380,-0.701647,0.689113,0.076119,0.492795,-2.103472,2.065894,-0.412345,-0.156122,0.476234,0.415995,3.031737,-0.073273
1712,1776232200862,24.373660,-418.1202,-133.9148,472.2082,0.164317,-0.701651,0.689096,0.076373,0.492532,-2.103165,2.065533,-0.412133,-0.156483,0.476251,0.415897,3.031868,-0.073198
1713,1776232200873,24.384772,-417.9789,-134.3047,472.2010,0.164266,-0.701713,0.689035,0.076459,0.492354,-2.103244,2.065244,-0.411935,-0.156848,0.476244,0.415858,3.031832,-0.073086
1714,1776232200884,24.395883,-417.6681,-135.0384,472.2067,0.164458,-0.701517,0.689214,0.076239,0.492994,-2.102931,2.066050,-0.411518,-0.157528,0.476250,0.415823,3.031824,-0.073226
1715,1776232200895,24.406994,-417.5185,-135.4266,472.1995,0.164465,-0.701551,0.689179,0.076227,0.493020,-2.103047,2.065961,-0.411312,-0.157890,0.476243,0.415804,3.031865,-0.073038
1716,1776232200907,24.418105,-417.2155,-136.1591,472.1773,0.164564,-0.701473,0.689251,0.076081,0.493358,-2.102996,2.066355,-0.410903,-0.158570,0.476221,0.415798,3.031804,-0.073099
1717,1776232200918,24.429216,-417.0451,-136.5505,472.1731,0.164544,-0.701564,0.689148,0.076214,0.493259,-2.103104,2.065883,-0.410676,-0.158932,0.476217,0.415625,3.031861,-0.073124
1718,1776232200929,24.440328,-416.8844,-136.9050,472.1730,0.164624,-0.701584,0.689125,0.076065,0.493543,-2.103349,2.065998,-0.410464,-0.159259,0.476217,0.415635,3.031881,-0.073162
1719,1776232200940,24.451439,-416.5709,-137.6684,472.1458,0.164439,-0.701545,0.689189,0.076240,0.492936,-2.103015,2.065975,-0.410040,-0.159968,0.476190,0.415568,3.031847,-0.073056
1720,1776232200951,24.462550,-416.3947,-138.0203,472.1647,0.164525,-0.701483,0.689244,0.076130,0.493227,-2.102965,2.066274,-0.409813,-0.160290,0.476209,0.415621,3.031909,-0.073210
1721,1776232200962,24.473662,-416.2471,-138.4092,472.1336,0.164484,-0.701654,0.689068,0.076238,0.493071,-2.103343,2.065615,-0.409609,-0.160653,0.476178,0.415566,3.031842,-0.073141
1722,1776232200973,24.484773,-416.0784,-138.7710,472.1475,0.164563,-0.701642,0.689066,0.076199,0.493320,-2.103356,2.065655,-0.409388,-0.160986,0.476192,0.415666,3.031925,-0.073094
1723,1776232200984,24.495884,-415.7502,-139.4902,472.1363,0.164475,-0.701654,0.689074,0.076202,0.493055,-2.103388,2.065678,-0.408956,-0.161649,0.476181,0.415717,3.031844,-0.073208
1724,1776232200995,24.506996,-415.4507,-140.2121,472.0811,0.164649,-0.701589,0.689116,0.076040,0.493626,-2.103396,2.066001,-0.408552,-0.162319,0.476126,0.415774,3.031646,-0.073210
1725,1776232201007,24.518107,-415.2698,-140.5667,472.1001,0.164545,-0.701676,0.689041,0.076146,0.493284,-2.103526,2.065645,-0.408320,-0.162643,0.476145,0.415857,3.031718,-0.073179
1726,1776232201018,24.529218,-415.1114,-140.9501,472.0760,0.164570,-0.701571,0.689150,0.076076,0.493377,-2.103298,2.066058,-0.408106,-0.162999,0.476121,0.415762,3.031637,-0.073086
1727,1776232201029,24.540329,-414.7869,-141.6395,472.0689,0.164667,-0.701672,0.689042,0.075911,0.493717,-2.103807,2.065938,-0.407682,-0.163633,0.476114,0.415867,3.031583,-0.073165
1728,1776232201040,24.551441,-414.6339,-141.9919,472.0598,0.164684,-0.701649,0.689056,0.075964,0.493753,-2.103670,2.065915,-0.407478,-0.163959,0.476105,0.415942,3.031549,-0.073104
1729,1776232201051,24.562552,-414.4590,-142.3324,472.0668,0.164516,-0.701612,0.689116,0.076124,0.493202,-2.103360,2.065897,-0.407254,-0.164270,0.476112,0.415992,3.031545,-0.073269
1730,1776232201062,24.573663,-414.1155,-143.0429,472.0928,0.164583,-0.701630,0.689095,0.076003,0.493439,-2.103563,2.065983,-0.406808,-0.164922,0.476138,0.416027,3.031656,-0.073212
1731,1776232201073,24.584774,-413.9397,-143.3977,472.1018,0.164621,-0.701615,0.689109,0.075932,0.493574,-2.103610,2.066112,-0.406581,-0.165247,0.476147,0.416075,3.031616,-0.073355
1732,1776232201084,24.595885,-413.6126,-144.1229,472.0817,0.164474,-0.701723,0.689020,0.076064,0.493095,-2.103767,2.065684,-0.406149,-0.165916,0.476127,0.416080,3.031534,-0.073314
1733,1776232201095,24.606997,-413.4394,-144.4884,472.0696,0.164438,-0.701749,0.689002,0.076058,0.492986,-2.103852,2.065638,-0.405923,-0.166252,0.476115,0.416030,3.031489,-0.073319
1734,1776232201107,24.618108,-413.0769,-145.2068,472.0787,0.164522,-0.701663,0.689079,0.075975,0.493264,-2.103698,2.065969,-0.405457,-0.166909,0.476124,0.416068,3.031513,-0.073464
1735,1776232201118,24.629219,-412.9067,-145.5386,472.0907,0.164521,-0.701669,0.689066,0.076039,0.493243,-2.103637,2.065852,-0.405239,-0.167212,0.476136,0.416079,3.031572,-0.073493
1736,1776232201129,24.640330,-412.7118,-145.9136,472.1097,0.164587,-0.701663,0.689062,0.075988,0.493455,-2.103684,2.065902,-0.404990,-0.167554,0.476155,0.416035,3.031616,-0.073538
1737,1776232201140,24.651442,-412.3584,-146.6316,472.1027,0.164461,-0.701670,0.689079,0.076039,0.493063,-2.103639,2.065893,-0.404533,-0.168212,0.476148,0.416082,3.031612,-0.073518
1738,1776232201151,24.662553,-412.1869,-146.9817,472.0937,0.164466,-0.701601,0.689146,0.076057,0.493071,-2.103410,2.066071,-0.404311,-0.168533,0.476139,0.416129,3.031614,-0.073589
1739,1776232201162,24.673664,-412.0108,-147.3286,472.0898,0.164579,-0.701609,0.689120,0.075976,0.493435,-2.103535,2.066092,-0.404085,-0.168850,0.476135,0.416097,3.031574,-0.073621
1740,1776232201173,24.684776,-411.6348,-148.0167,472.1149,0.164535,-0.701608,0.689133,0.075967,0.493304,-2.103544,2.066141,-0.403610,-0.169475,0.476160,0.416171,3.031639,-0.073685
1741,1776232201184,24.695887,-411.4553,-148.3873,472.1059,0.164594,-0.701614,0.689119,0.075912,0.493499,-2.103630,2.066168,-0.403377,-0.169815,0.476151,0.416138,3.031609,-0.073657
1742,1776232201195,24.706998,-411.0757,-149.0851,472.1171,0.164475,-0.701580,0.689171,0.076000,0.493115,-2.103419,2.066216,-0.402897,-0.170449,0.476162,0.416246,3.031660,-0.073691
1743,1776232201207,24.718109,-410.8904,-149.4374,472.1182,0.164644,-0.701562,0.689160,0.075905,0.493648,-2.103484,2.066299,-0.402661,-0.170770,0.476163,0.416091,3.031663,-0.073781
1744,1776232201218,24.729220,-410.7005,-149.7994,472.1242,0.164593,-0.701605,0.689127,0.075923,0.493492,-2.103590,2.066178,-0.402419,-0.171100,0.476169,0.416072,3.031680,-0.073609
1745,1776232201229,24.740331,-410.3352,-150.4789,472.0984,0.164652,-0.701536,0.689189,0.075862,0.493687,-2.103460,2.066440,-0.401956,-0.171718,0.476143,0.416067,3.031602,-0.073737
1746,1776232201240,24.751443,-410.1410,-150.8385,472.0995,0.164705,-0.701606,0.689101,0.075902,0.493833,-2.103619,2.066125,-0.401710,-0.172045,0.476144,0.415981,3.031618,-0.073717
1747,1776232201251,24.762554,-409.7264,-151.5255,472.1298,0.164807,-0.701534,0.689163,0.075792,0.494172,-2.103540,2.066445,-0.401197,-0.172663,0.476174,0.415968,3.031688,-0.073861
1748,1776232201262,24.773665,-409.5274,-151.8738,472.1350,0.164694,-0.701571,0.689143,0.075873,0.493810,-2.103549,2.066286,-0.400948,-0.172978,0.476179,0.416081,3.031689,-0.073781
1749,1776232201273,24.784776,-409.3182,-152.2408,472.1471,0.164714,-0.701554,0.689159,0.075844,0.493879,-2.103535,2.066370,-0.400686,-0.173310,0.476191,0.416048,3.031704,-0.073721
1750,1776232201284,24.795887,-408.9118,-152.9286,472.1504,0.164699,-0.701507,0.689210,0.075843,0.493832,-2.103396,2.066525,-0.400181,-0.173930,0.476194,0.416043,3.031643,-0.073817
1751,1776232201295,24.806999,-408.9118,-152.9286,472.1504,0.164614,-0.701682,0.689039,0.075959,0.493543,-2.103778,2.065870,-0.400181,-0.173930,0.476194,0.416043,3.031643,-0.073817
1752,1776232201307,24.818110,-408.3127,-153.9596,472.1529,0.164754,-0.701424,0.689280,0.075853,0.493996,-2.103135,2.066723,-0.399434,-0.174861,0.476196,0.415932,3.031657,-0.073777
1753,1776232201318,24.829221,-408.1183,-154.3183,472.1460,0.164711,-0.701579,0.689129,0.075888,0.493856,-2.103555,2.066225,-0.399188,-0.175187,0.476189,0.415989,3.031633,-0.073718
1754,1776232201329,24.840332,-407.9180,-154.6577,472.1522,0.164683,-0.701601,0.689117,0.075845,0.493783,-2.103678,2.066245,-0.398939,-0.175493,0.476195,0.416065,3.031659,-0.073616
1755,1776232201340,24.851444,-407.5084,-155.3237,472.1476,0.164774,-0.701514,0.689193,0.075766,0.494081,-2.103513,2.066570,-0.398434,-0.176091,0.476190,0.415983,3.031608,-0.073629
1756,1776232201351,24.862555,-407.2880,-155.6571,472.1628,0.164810,-0.701616,0.689076,0.075810,0.494176,-2.103764,2.066165,-0.398166,-0.176388,0.476205,0.416030,3.031682,-0.073611
1757,1776232201362,24.873666,-407.0971,-156.0062,472.1360,0.164753,-0.701646,0.689059,0.075809,0.494004,-2.103855,2.066116,-0.397925,-0.176705,0.476178,0.415954,3.031615,-0.073514
1758,1776232201373,24.884778,-406.6777,-156.6878,472.1204,0.164733,-0.701646,0.689061,0.075832,0.493937,-2.103828,2.066092,-0.397408,-0.177317,0.476162,0.415982,3.031623,-0.073457
1759,1776232201384,24.895889,-406.4844,-157.0272,472.1026,0.164779,-0.701697,0.688999,0.075830,0.494075,-2.103981,2.065907,-0.397166,-0.177624,0.476144,0.416000,3.031581,-0.073357
1760,1776232201396,24.907000,-406.0587,-157.6875,472.0801,0.164780,-0.701724,0.688977,0.075778,0.494095,-2.104127,2.065906,-0.396646,-0.178214,0.476121,0.416084,3.031523,-0.073388
1761,1776232201407,24.918111,-405.8507,-158.0442,472.0453,0.164752,-0.701781,0.688914,0.075881,0.493980,-2.104169,2.065592,-0.396387,-0.178536,0.476086,0.415971,3.031473,-0.073238
1762,1776232201418,24.929222,-405.6454,-158.3642,472.0335,0.164760,-0.701693,0.688995,0.075943,0.493986,-2.103828,2.065758,-0.396136,-0.178822,0.476074,0.415993,3.031468,-0.073202
1763,1776232201429,24.940334,-405.2154,-159.0424,472.0230,0.164910,-0.701632,0.689037,0.075802,0.494476,-2.103823,2.066056,-0.395609,-0.179429,0.476063,0.415910,3.031433,-0.073179
1764,1776232201440,24.951445,-404.9946,-159.3799,472.0213,0.165001,-0.701744,0.688911,0.075714,0.494777,-2.104268,2.065787,-0.395340,-0.179730,0.476061,0.415861,3.031433,-0.073158
1765,1776232201451,24.962556,-404.7966,-159.7088,471.9805,0.164920,-0.701617,0.689045,0.075843,0.494495,-2.103726,2.066030,-0.395095,-0.180026,0.476020,0.415822,3.031311,-0.073112
1766,1776232201462,24.973667,-404.3293,-160.3665,472.0122,0.164867,-0.701824,0.688847,0.075847,0.494336,-2.104342,2.065431,-0.394534,-0.180607,0.476051,0.415801,3.031379,-0.073114
1767,1776232201473,24.984779,-404.0987,-160.7055,472.0335,0.165072,-0.701756,0.688889,0.075637,0.495013,-2.104401,2.065817,-0.394255,-0.180908,0.476072,0.415846,3.031452,-0.073095
1768,1776232201484,24.995890,-403.6703,-161.3814,471.9981,0.164915,-0.701780,0.688886,0.075787,0.494497,-2.104286,2.065621,-0.393730,-0.181513,0.476036,0.415829,3.031332,-0.073008
1769,1776232201496,25.007001,-403.4442,-161.7369,471.9934,0.164851,-0.701811,0.688855,0.075924,0.494265,-2.104206,2.065361,-0.393453,-0.181831,0.476031,0.415707,3.031369,-0.072923
1770,1776232201507,25.018112,-403.0056,-162.4185,471.9870,0.164970,-0.701759,0.688890,0.075825,0.494652,-2.104174,2.065588,-0.392917,-0.182440,0.476024,0.415566,3.031245,-0.072924
1771,1776232201518,25.029224,-402.7825,-162.7736,471.9883,0.164959,-0.701773,0.688875,0.075856,0.494608,-2.104178,2.065505,-0.392643,-0.182758,0.476025,0.415570,3.031270,-0.072854
1772,1776232201529,25.040335,-402.5474,-163.1163,472.0016,0.164861,-0.701705,0.688951,0.076008,0.494271,-2.103783,2.065548,-0.392359,-0.183062,0.476038,0.415537,3.031280,-0.072779
1773,1776232201540,25.051446,-402.0675,-163.7841,472.0534,0.165033,-0.701701,0.688930,0.075867,0.494828,-2.103946,2.065656,-0.391784,-0.183651,0.476089,0.415560,3.031354,-0.072954
1774,1776232201551,25.062557,-401.8579,-164.1289,472.0247,0.164979,-0.701622,0.689031,0.075795,0.494688,-2.103802,2.066047,-0.391525,-0.183961,0.476060,0.415518,3.031293,-0.072761
1775,1776232201562,25.073668,-401.6174,-164.4554,472.0561,0.165097,-0.701700,0.688928,0.075750,0.495053,-2.104092,2.065795,-0.391238,-0.184248,0.476091,0.415622,3.031342,-0.072850
1776,1776232201573,25.084780,-401.1772,-165.1191,472.0548,0.165039,-0.701677,0.688960,0.075801,0.494866,-2.103957,2.065827,-0.390703,-0.184839,0.476089,0.415687,3.031359,-0.072784
1777,1776232201584,25.095891,-400.9527,-165.4784,472.0471,0.165056,-0.701622,0.689024,0.075686,0.494948,-2.103939,2.066162,-0.390427,-0.185161,0.476081,0.415687,3.031348,-0.072653
1778,1776232201596,25.107002,-400.5019,-166.1185,472.0569,0.165101,-0.701646,0.688998,0.075613,0.495106,-2.104100,2.066172,-0.389885,-0.185727,0.476090,0.415643,3.031301,-0.072711
1779,1776232201607,25.118113,-400.2844,-166.4383,472.0392,0.165029,-0.701565,0.689093,0.075648,0.494880,-2.103815,2.066415,-0.389622,-0.186011,0.476072,0.415721,3.031266,-0.072697
1780,1776232201618,25.129224,-400.0460,-166.7584,472.0626,0.165160,-0.701695,0.688946,0.075504,0.495315,-2.104383,2.066149,-0.389338,-0.186292,0.476095,0.415731,3.031306,-0.072782
1781,1776232201629,25.140336,-399.5546,-167.4168,472.0956,0.164926,-0.701725,0.688942,0.075773,0.494535,-2.104136,2.065806,-0.388753,-0.186870,0.476127,0.415837,3.031387,-0.072736
1782,1776232201640,25.151447,-399.3183,-167.7183,472.1020,0.164853,-0.701697,0.688984,0.075808,0.494304,-2.104009,2.065889,-0.388474,-0.187133,0.476133,0.415883,3.031410,-0.072780
1783,1776232201651,25.162558,-398.8314,-168.3598,472.1110,0.164980,-0.701632,0.689041,0.075606,0.494746,-2.104069,2.066310,-0.387896,-0.187695,0.476141,0.415894,3.031436,-0.072765
1784,1776232201662,25.173670,-398.5777,-168.6731,472.1385,0.164813,-0.701675,0.689026,0.075704,0.494216,-2.104075,2.066145,-0.387598,-0.187967,0.476168,0.415940,3.031479,-0.072778
1785,1776232201673,25.184781,-398.3300,-168.9925,472.1440,0.164909,-0.701685,0.689002,0.075635,0.494525,-2.104189,2.066155,-0.387305,-0.188246,0.476173,0.415894,3.031477,-0.072858
1786,1776232201684,25.195892,-397.8314,-169.6167,472.1710,0.164886,-0.701708,0.688970,0.075757,0.494418,-2.104105,2.065912,-0.386718,-0.188789,0.476199,0.415977,3.031507,-0.072795
1787,1776232201696,25.207003,-397.5951,-169.9182,472.1615,0.164893,-0.701651,0.689033,0.075695,0.494459,-2.104015,2.066176,-0.386439,-0.189052,0.476189,0.416001,3.031430,-0.072878
1788,1776232201707,25.218115,-397.1071,-170.5730,472.1505,0.164936,-0.701803,0.688865,0.075724,0.494578,-2.104432,2.065636,-0.385858,-0.189627,0.476177,0.415911,3.031395,-0.072666
1789,1776232201718,25.229226,-397.1071,-170.5730,472.1505,0.164858,-0.701744,0.688935,0.075809,0.494319,-2.104149,2.065741,-0.385858,-0.189627,0.476177,0.415911,3.031395,-0.072666
1790,1776232201729,25.240337,-396.6217,-171.1921,472.1245,0.164789,-0.701844,0.688838,0.075912,0.494083,-2.104321,2.065325,-0.385285,-0.190167,0.476150,0.415883,3.031273,-0.072745
1791,1776232201740,25.251448,-396.1114,-171.8251,472.1496,0.164847,-0.701744,0.688931,0.075861,0.494270,-2.104084,2.065667,-0.384685,-0.190717,0.476174,0.415881,3.031327,-0.072826
1792,1776232201751,25.262559,-395.8790,-172.1533,472.1220,0.164902,-0.701741,0.688919,0.075873,0.494434,-2.104061,2.065616,-0.384406,-0.191007,0.476146,0.415842,3.031219,-0.072705
1793,1776232201762,25.273671,-395.6163,-172.4730,472.1356,0.164885,-0.701761,0.688901,0.075901,0.494373,-2.104085,2.065527,-0.384098,-0.191284,0.476159,0.415810,3.031266,-0.072640
1794,1776232201773,25.284782,-395.1334,-173.1018,472.1007,0.165012,-0.701672,0.688979,0.075733,0.494803,-2.104029,2.065969,-0.383526,-0.191834,0.476123,0.415796,3.031070,-0.072689
1795,1776232201784,25.295893,-394.9003,-173.4048,472.0772,0.165096,-0.701686,0.688946,0.075729,0.495056,-2.104074,2.065872,-0.383250,-0.192099,0.476099,0.415869,3.031031,-0.072599
1796,1776232201796,25.307005,-394.4013,-174.0200,472.0633,0.165150,-0.701796,0.688832,0.075618,0.495250,-2.104546,2.065668,-0.382664,-0.192633,0.476084,0.415896,3.030921,-0.072646
1797,1776232201807,25.318116,-394.1674,-174.3514,472.0098,0.164939,-0.701973,0.688686,0.075767,0.494575,-2.104890,2.065048,-0.382383,-0.192926,0.476030,0.415761,3.030795,-0.072508
1798,1776232201818,25.329227,-393.9238,-174.6581,472.0014,0.165108,-0.701903,0.688740,0.075553,0.495144,-2.104947,2.065474,-0.382096,-0.193193,0.476021,0.415805,3.030797,-0.072519
1799,1776232201829,25.340338,-393.4060,-175.2822,471.9996,0.165097,-0.701823,0.688817,0.075627,0.495089,-2.104613,2.065612,-0.381490,-0.193733,0.476018,0.415795,3.030733,-0.072550
1800,1776232201840,25.351450,-393.1587,-175.5369,472.0173,0.164997,-0.701864,0.688781,0.075795,0.494739,-2.104527,2.065297,-0.381207,-0.193948,0.476035,0.415952,3.030749,-0.072667
1801,1776232201851,25.362561,-392.6165,-176.2132,472.0365,0.165017,-0.701880,0.688764,0.075751,0.494813,-2.104630,2.065300,-0.380569,-0.194536,0.476053,0.415709,3.030830,-0.072606
1802,1776232201862,25.373672,-392.3640,-176.5142,472.0402,0.165101,-0.701913,0.688727,0.075596,0.495110,-2.104924,2.065380,-0.380274,-0.194796,0.476056,0.415717,3.030802,-0.072697
1803,1776232201873,25.384784,-392.1123,-176.8272,472.0298,0.164922,-0.701879,0.688782,0.075808,0.494511,-2.104556,2.065284,-0.379978,-0.195068,0.476045,0.415739,3.030732,-0.072737
1804,1776232201884,25.395895,-391.5828,-177.4137,472.0561,0.164851,-0.701856,0.688811,0.075906,0.494269,-2.104363,2.065252,-0.379366,-0.195569,0.476070,0.415826,3.030768,-0.072748
1805,1776232201896,25.407006,-391.3044,-177.7167,472.0699,0.165027,-0.701724,0.688931,0.075658,0.494872,-2.104277,2.065917,-0.379045,-0.195827,0.476083,0.415729,3.030832,-0.072892
1806,1776232201907,25.418117,-390.7758,-178.2758,472.0913,0.165080,-0.701812,0.688839,0.075554,0.495062,-2.104673,2.065768,-0.378438,-0.196301,0.476103,0.415822,3.030880,-0.073055
1807,1776232201918,25.429228,-390.5207,-178.5802,472.0710,0.165157,-0.701753,0.688877,0.075594,0.495280,-2.104444,2.065833,-0.378140,-0.196564,0.476082,0.415788,3.030857,-0.073011
1808,1776232201929,25.440339,-390.2451,-178.8887,472.0747,0.165057,-0.701803,0.688855,0.075553,0.494990,-2.104646,2.065817,-0.377821,-0.196828,0.476085,0.415773,3.030859,-0.072960
1809,1776232201940,25.451451,-389.6980,-179.4517,472.1042,0.165033,-0.701750,0.688912,0.075575,0.494913,-2.104462,2.065960,-0.377195,-0.197303,0.476113,0.415900,3.030898,-0.073079
1810,1776232201951,25.462562,-389.6980,-179.4517,472.1042,0.164938,-0.701752,0.688926,0.075636,0.494612,-2.104388,2.065929,-0.377195,-0.197303,0.476113,0.415900,3.030898,-0.073079
1811,1776232201962,25.473673,-389.1674,-180.0323,472.0747,0.165297,-0.701709,0.688922,0.075282,0.495792,-2.104706,2.066351,-0.376583,-0.197798,0.476082,0.415765,3.030795,-0.073194
1812,1776232201973,25.484784,-388.6441,-180.6278,472.0081,0.165173,-0.701807,0.688836,0.075430,0.495377,-2.104812,2.065912,-0.375976,-0.198309,0.476014,0.415816,3.030669,-0.072961
1813,1776232201984,25.495896,-388.3838,-180.9249,471.9808,0.165334,-0.701837,0.688775,0.075354,0.495880,-2.104998,2.065821,-0.375674,-0.198564,0.475986,0.415748,3.030585,-0.073053
1814,1776232201996,25.507007,-387.8642,-181.5109,471.9292,0.165285,-0.701766,0.688861,0.075346,0.495737,-2.104794,2.066087,-0.375072,-0.199066,0.475933,0.415820,3.030491,-0.072882
1815,1776232202007,25.518118,-387.5807,-181.8136,471.9321,0.165171,-0.701804,0.688840,0.075430,0.495369,-2.104804,2.065923,-0.374746,-0.199323,0.475935,0.415864,3.030559,-0.072837
1816,1776232202018,25.529229,-387.3224,-182.0973,471.9018,0.165320,-0.701639,0.688990,0.075266,0.495866,-2.104514,2.066573,-0.374448,-0.199565,0.475904,0.415775,3.030425,-0.072941
1817,1776232202029,25.540340,-386.7673,-182.7079,471.8914,0.165402,-0.702001,0.688594,0.075341,0.496088,-2.105505,2.065294,-0.373807,-0.200086,0.475892,0.415603,3.030459,-0.072894
1818,1776232202040,25.551451,-386.4787,-182.9902,471.9003,0.165274,-0.702002,0.688612,0.075444,0.495675,-2.105379,2.065222,-0.373479,-0.200322,0.475900,0.415556,3.030453,-0.072983
1819,1776232202051,25.562563,-385.9198,-183.5701,471.8860,0.165526,-0.701978,0.688606,0.075167,0.496512,-2.105656,2.065544,-0.372839,-0.200812,0.475884,0.415510,3.030428,-0.072952
1820,1776232202062,25.573674,-385.6276,-183.8550,471.9129,0.165376,-0.701927,0.688672,0.075361,0.496006,-2.105259,2.065504,-0.372507,-0.201050,0.475910,0.415499,3.030457,-0.072946
1821,1776232202073,25.584785,-385.3236,-184.1619,471.9338,0.165159,-0.701892,0.688739,0.075553,0.495296,-2.104913,2.065470,-0.372160,-0.201308,0.475930,0.415486,3.030511,-0.072888
1822,1776232202084,25.595896,-384.7422,-184.7190,471.9516,0.165283,-0.701912,0.688702,0.075440,0.495702,-2.105115,2.065497,-0.371501,-0.201772,0.475946,0.415467,3.030514,-0.073059
1823,1776232202096,25.607008,-384.4482,-185.0122,471.9626,0.165421,-0.701906,0.688690,0.075299,0.496158,-2.105273,2.065635,-0.371166,-0.202018,0.475956,0.415455,3.030532,-0.073043
1824,1776232202107,25.618119,-383.8581,-185.5707,471.9995,0.165524,-0.701877,0.688688,0.075361,0.496449,-2.105109,2.065553,-0.370498,-0.202482,0.475991,0.415399,3.030614,-0.073147
1825,1776232202118,25.629230,-383.5637,-185.8680,472.0094,0.165453,-0.701778,0.688790,0.075511,0.496193,-2.104624,2.065673,-0.370162,-0.202732,0.476000,0.415243,3.030716,-0.073102
1826,1776232202129,25.640341,-383.2738,-186.1414,472.0253,0.165492,-0.701717,0.688844,0.075495,0.496313,-2.104461,2.065856,-0.369834,-0.202959,0.476015,0.415288,3.030719,-0.073201
1827,1776232202140,25.651453,-382.6806,-186.7206,472.0512,0.165252,-0.701824,0.688766,0.075746,0.495520,-2.104466,2.065312,-0.369160,-0.203443,0.476039,0.415138,3.030794,-0.073232
1828,1776232202151,25.662564,-382.3743,-186.9925,472.0733,0.165441,-0.701683,0.688890,0.075513,0.496155,-2.104336,2.065970,-0.368816,-0.203666,0.476060,0.415114,3.030817,-0.073383
1829,1776232202162,25.673675,-382.0770,-187.2771,472.0773,0.165356,-0.701809,0.688764,0.075664,0.495856,-2.104527,2.065408,-0.368479,-0.203903,0.476063,0.415117,3.030767,-0.073404
1830,1776232202173,25.684786,-381.5204,-187.8193,472.0361,0.165465,-0.701774,0.688777,0.075638,0.496190,-2.104452,2.065480,-0.367847,-0.204356,0.476020,0.415029,3.030650,-0.073361
1831,1776232202184,25.695897,-381.2425,-188.0727,472.0220,0.165408,-0.701851,0.688716,0.075598,0.496032,-2.104735,2.065345,-0.367534,-0.204565,0.476005,0.415123,3.030590,-0.073349
1832,1776232202196,25.707009,-380.6725,-188.6119,471.9980,0.165563,-0.701835,0.688714,0.075425,0.496548,-2.104904,2.065551,-0.366889,-0.205013,0.475979,0.415180,3.030424,-0.073337
1833,1776232202207,25.718120,-380.3817,-188.8662,471.9850,0.165486,-0.701856,0.688709,0.075449,0.496310,-2.104936,2.065507,-0.366563,-0.205221,0.475965,0.415252,3.030344,-0.073269
1834,1776232202218,25.729231,-380.0737,-189.1535,472.0001,0.165427,-0.701812,0.688764,0.075488,0.496121,-2.104756,2.065623,-0.366215,-0.205459,0.475979,0.415293,3.030384,-0.073192
1835,1776232202229,25.740342,-379.4839,-189.6675,472.0142,0.165580,-0.701727,0.688824,0.075391,0.496608,-2.104622,2.065924,-0.365554,-0.205879,0.475991,0.415289,3.030367,-0.073306
1836,1776232202240,25.751454,-379.1930,-189.9219,472.0013,0.165382,-0.701846,0.688730,0.075585,0.495958,-2.104734,2.065401,-0.365228,-0.206087,0.475977,0.415344,3.030326,-0.073244
1837,1776232202251,25.762565,-378.5717,-190.4609,472.0096,0.165609,-0.701923,0.688621,0.075354,0.496706,-2.105256,2.065360,-0.364532,-0.206527,0.475983,0.415335,3.030299,-0.073242
1838,1776232202262,25.773676,-378.2987,-190.7337,471.9676,0.165500,-0.701988,0.688574,0.075430,0.496356,-2.105355,2.065124,-0.364221,-0.206756,0.475940,0.415384,3.030171,-0.073075
1839,1776232202273,25.784787,-377.9957,-191.0010,471.9557,0.165611,-0.701950,0.688592,0.075360,0.496709,-2.105330,2.065266,-0.363881,-0.206975,0.475927,0.415293,3.030133,-0.072986
1840,1776232202284,25.795899,-377.3707,-191.5164,471.9790,0.165514,-0.701965,0.688594,0.075424,0.496400,-2.105294,2.065194,-0.363185,-0.207391,0.475948,0.415305,3.030182,-0.073005
1841,1776232202296,25.807010,-377.0854,-191.7749,471.9440,0.165650,-0.702005,0.688529,0.075339,0.496832,-2.105522,2.065104,-0.362864,-0.207604,0.475912,0.415282,3.030075,-0.072814
1842,1776232202307,25.818121,-376.4661,-192.2762,471.9473,0.165550,-0.701988,0.688570,0.075345,0.496532,-2.105464,2.065218,-0.362176,-0.208007,0.475913,0.415363,3.030031,-0.072796
1843,1776232202318,25.829232,-376.1619,-192.5226,471.9683,0.165579,-0.701991,0.688568,0.075274,0.496640,-2.105560,2.065300,-0.361838,-0.208205,0.475933,0.415425,3.030078,-0.072836
1844,1776232202329,25.840344,-375.8592,-192.7859,471.9684,0.165443,-0.702025,0.688547,0.075452,0.496180,-2.105438,2.065018,-0.361499,-0.208420,0.475932,0.415335,3.030101,-0.072690
1845,1776232202340,25.851455,-375.2494,-193.2838,471.9935,0.165515,-0.702042,0.688518,0.075402,0.496408,-2.105552,2.064991,-0.360821,-0.208821,0.475955,0.415455,3.030143,-0.072634
1846,1776232202351,25.862566,-374.9398,-193.5492,472.0025,0.165544,-0.702052,0.688498,0.075422,0.496491,-2.105556,2.064908,-0.360475,-0.209037,0.475963,0.415387,3.030158,-0.072621
1847,1776232202362,25.873677,-374.6205,-193.8100,472.0295,0.165450,-0.702070,0.688489,0.075549,0.496173,-2.105452,2.064723,-0.360120,-0.209247,0.475989,0.415306,3.030229,-0.072689
1848,1776232202373,25.884788,-374.4274,-194.0073,472.1451,0.165687,-0.701866,0.688587,0.076026,0.496742,-2.104244,2.064432,-0.359899,-0.209413,0.476104,0.415035,3.030601,-0.072766
1849,1776232202384,25.895900,-374.4202,-193.9721,472.1762,0.165360,-0.701719,0.688902,0.075236,0.495995,-2.104791,2.066347,-0.359897,-0.209377,0.476135,0.415136,3.030715,-0.072922
1850,1776232202396,25.907011,-374.5403,-193.8868,472.0358,0.165817,-0.702270,0.688293,0.074666,0.497533,-2.107158,2.065221,-0.360029,-0.209311,0.475995,0.415435,3.030235,-0.072668
1851,1776232202407,25.918122,-374.6346,-193.7834,471.9596,0.165622,-0.701932,0.688711,0.074425,0.497021,-2.106446,2.066771,-0.360138,-0.209223,0.475919,0.415834,3.029838,-0.072562
1852,1776232202418,25.929233,-374.5994,-193.8171,471.9887,0.165705,-0.702491,0.688054,0.075037,0.497089,-2.107355,2.064047,-0.360098,-0.209251,0.475948,0.415714,3.029989,-0.072591
1853,1776232202429,25.940344,-374.5095,-193.8886,472.0760,0.165058,-0.702252,0.688383,0.075681,0.494956,-2.105833,2.064243,-0.359998,-0.209308,0.476035,0.415459,3.030307,-0.072719
1854,1776232202440,25.951455,-374.5287,-193.9098,472.0239,0.164799,-0.702310,0.688363,0.075883,0.494120,-2.105756,2.063936,-0.360014,-0.209332,0.475983,0.415355,3.030135,-0.072587
1855,1776232202451,25.962567,-374.5555,-193.8804,472.0159,0.164968,-0.702205,0.688468,0.075538,0.494729,-2.105871,2.064674,-0.360045,-0.209307,0.475975,0.415501,3.030134,-0.072582
1856,1776232202462,25.973678,-374.5644,-193.8659,472.0088,0.164754,-0.702270,0.688447,0.075595,0.494072,-2.105993,2.064541,-0.360056,-0.209294,0.475968,0.415499,3.030070,-0.072622
1857,1776232202473,25.984789,-374.5742,-193.8705,471.9878,0.164834,-0.702330,0.688355,0.075699,0.494281,-2.106043,2.064138,-0.360065,-0.209300,0.475947,0.415458,3.030021,-0.072545
1858,1776232202484,25.995900,-374.5479,-193.8897,472.0169,0.164897,-0.702265,0.688401,0.075748,0.494453,-2.105787,2.064215,-0.360036,-0.209315,0.475976,0.415447,3.030124,-0.072630
1859,1776232202496,26.007012,-374.5404,-193.8868,472.0279,0.164916,-0.702356,0.688303,0.075752,0.494511,-2.106055,2.063915,-0.360029,-0.209311,0.475987,0.415431,3.030170,-0.072623
