FrameNumber,TimeStamp_ms,TimeFromStart_s,X_mm,Y_mm,Z_mm,QX,QY,QZ,QW,RX_rad,RY_rad,RZ_rad,TCP_X_m,TCP_Y_m,TCP_Z_m,TCP_RX_rad,TCP_RY_rad,TCP_RZ_rad
1,1776231666246,2.23338,-421.6483698716707,-82.7355378966736,461.92655672573613,0.351299,-0.610567,0.617143,0.350616,0.909696,-1.581075,1.598104,-0.421975,-0.078806,0.45945,0.658736,-3.04118,0.07921
2,1776231666257,2.244491,-421.63753208030704,-82.80527516252413,461.9259511864729,0.351315,-0.610568,0.617163,0.350563,0.90976,-1.581117,1.598197,-0.421966,-0.078872,0.459453,0.658737,-3.04119,0.079193
3,1776231666268,2.255603,-421.6306647755281,-82.83496643043274,461.94545191771357,0.351199,-0.610456,0.617296,0.35064,0.909425,-1.58077,1.59848,-0.42196,-0.0789,0.459474,0.658632,-3.041127,0.07919
4,1776231666279,2.266714,-421.64026818091446,-82.87125774609389,461.9355275912957,0.35103,-0.610518,0.617287,0.350717,0.908955,-1.580872,1.598399,-0.42197,-0.078935,0.459465,0.658532,-3.041191,0.079129
5,1776231666290,2.277825,-421.61710030178796,-83.03178798980517,461.94949272941227,0.351223,-0.610645,0.617104,0.350627,0.909493,-1.581269,1.597993,-0.421951,-0.079087,0.459487,0.658536,-3.041111,0.079148
6,1776231666301,2.288936,-421.62819443529605,-83.09529554964097,461.95166976365124,0.351172,-0.610647,0.61713,0.350628,0.909362,-1.581272,1.59806,-0.421963,-0.079148,0.459491,0.658533,-3.041086,0.079114
7,1776231666313,2.300048,-421.6653035511888,-83.3013702148227,461.88410569494545,0.351298,-0.610532,0.617218,0.350547,0.909722,-1.581037,1.59835,-0.422003,-0.079346,0.45943,0.65862,-3.041272,0.079265
8,1776231666324,2.311159,-421.6653035511888,-83.3013702148227,461.88410569494545,0.351194,-0.610597,0.617147,0.350663,0.909402,-1.581118,1.598078,-0.422003,-0.079346,0.45943,0.65862,-3.041272,0.079265
9,1776231666335,2.32227,-421.68725294564024,-83.53646031984063,461.84457242713734,0.351267,-0.610587,0.617192,0.350527,0.909653,-1.581195,1.598298,-0.422029,-0.079571,0.459399,0.658523,-3.041365,0.079272
10,1776231666346,2.333381,-421.6515287748395,-83.89481896149665,461.8706357289543,0.35135,-0.610452,0.617302,0.350486,0.909885,-1.580875,1.598615,-0.422002,-0.079911,0.459442,0.658598,-3.041235,0.079231
11,1776231666357,2.344493,-421.65034068988666,-84.09527709304155,461.849092146186,0.351247,-0.610497,0.617227,0.350643,0.909549,-1.580873,1.598301,-0.422005,-0.080102,0.459429,0.658698,-3.041257,0.07917
12,1776231666368,2.355604,-421.63692609208925,-84.28475052242818,461.86552245569226,0.351261,-0.61057,0.617146,0.350644,0.909586,-1.581061,1.59809,-0.421996,-0.080282,0.459454,0.658753,-3.041141,0.079196
13,1776231666379,2.366715,-421.61488790694193,-84.73062876047695,461.86561286582736,0.351301,-0.610443,0.617251,0.350639,0.909692,-1.580736,1.598367,-0.421984,-0.080706,0.459474,0.658845,-3.041108,0.079142
14,1776231666390,2.377827,-421.6206319578836,-84.94651211624235,461.83579886888697,0.35131,-0.61041,0.617279,0.350637,0.909715,-1.580653,1.598441,-0.421994,-0.080912,0.459453,0.658794,-3.041142,0.079186
15,1776231666401,2.388938,-421.61941794840766,-85.4376142874626,461.809137000227,0.351306,-0.610326,0.61736,0.350648,0.909699,-1.580426,1.59864,-0.422003,-0.08138,0.459447,0.658853,-3.041133,0.079138
16,1776231666413,2.40005,-421.5949966398654,-85.70417741510695,461.81648599179096,0.351429,-0.610516,0.6172,0.350474,0.910094,-1.581051,1.59836,-0.421985,-0.081633,0.459467,0.658897,-3.041056,0.079082
17,1776231666424,2.411161,-421.59635172549827,-85.97901771958333,461.80102791534216,0.351237,-0.610385,0.617298,0.350722,0.909488,-1.580523,1.598424,-0.421992,-0.081895,0.459463,0.658984,-3.04111,0.079091
18,1776231666435,2.422272,-421.5725112779617,-86.50786399770367,461.7963739217812,0.351038,-0.610365,0.617335,0.35089,0.908899,-1.580344,1.598391,-0.42198,-0.082398,0.459482,0.658891,-3.040995,0.079055
19,1776231666446,2.433383,-421.5732289278825,-86.8121096720305,461.7826290119629,0.351266,-0.610454,0.617257,0.350646,0.909596,-1.580759,1.598376,-0.421987,-0.082688,0.459481,0.658952,-3.04102,0.079066
20,1776231666457,2.444495,-421.534805903633,-87.39092653784938,461.79195479919974,0.351241,-0.610433,0.617288,0.350654,0.909528,-1.580699,1.598449,-0.421962,-0.083238,0.459517,0.658952,-3.040889,0.078956
21,1776231666468,2.455606,-421.54078472263177,-87.69178046041986,461.7655489251785,0.351275,-0.6104,0.617314,0.350629,0.909627,-1.580634,1.598537,-0.421974,-0.083525,0.459503,0.659041,-3.04097,0.079035
22,1776231666479,2.466717,-421.5405051091499,-87.99396349333473,461.7346005577895,0.351147,-0.610386,0.617347,0.350724,0.909255,-1.580524,1.598549,-0.42198,-0.083813,0.459485,0.659022,-3.04095,0.078978
23,1776231666490,2.477828,-421.5307645668041,-88.59035524935611,461.72386052963867,0.351361,-0.61054,0.61719,0.350519,0.909898,-1.581079,1.5983,-0.421983,-0.084381,0.4595,0.659051,-3.040998,0.078971
24,1776231666501,2.48894,-421.52826627695725,-88.89892973380236,461.7025444850185,0.351265,-0.61042,0.617278,0.350669,0.909584,-1.580654,1.598412,-0.421987,-0.084675,0.459492,0.659067,-3.040971,0.078973
25,1776231666513,2.500051,-421.5129856144868,-89.5112945820382,461.67753681984317,0.351233,-0.610404,0.617259,0.350762,0.909462,-1.580541,1.598291,-0.421985,-0.085258,0.459494,0.659181,-3.040968,0.07901
26,1776231666524,2.511162,-421.4946453929359,-89.83212214044217,461.666678557524,0.35118,-0.610439,0.617185,0.350884,0.909269,-1.580541,1.598006,-0.421974,-0.085563,0.459498,0.659267,-3.040913,0.079008
27,1776231666535,2.522274,-421.51130390928455,-90.11883473295424,461.64150613502903,0.351289,-0.610555,0.617108,0.35071,0.909629,-1.580972,1.59794,-0.421996,-0.085837,0.459484,0.659262,-3.040986,0.078975
28,1776231666546,2.533385,-421.49332922743537,-90.71136841343468,461.6241201904928,0.350985,-0.610412,0.617279,0.350962,0.908731,-1.58041,1.598189,-0.421991,-0.086401,0.459493,0.6592,-3.040938,0.078974
29,1776231666557,2.544496,-421.49717562194576,-91.01438952229734,461.5973299552466,0.351056,-0.610409,0.617302,0.350854,0.908964,-1.580485,1.598333,-0.422001,-0.08669,0.459479,0.659198,-3.041031,0.079028
30,1776231666568,2.555607,-421.4719178568993,-91.31873383202431,461.60278623606916,0.350971,-0.610445,0.617247,0.350973,0.90869,-1.580488,1.598099,-0.421983,-0.086979,0.459499,0.659182,-3.040928,0.078936
31,1776231666579,2.566718,-421.4607617976321,-91.93191599718638,461.58287488725813,0.351152,-0.610466,0.617233,0.35078,0.909242,-1.58069,1.598211,-0.421985,-0.087563,0.459506,0.659218,-3.040894,0.078893
32,1776231666590,2.57783,-421.45957053932557,-92.22780648087898,461.5469050219009,0.350969,-0.610421,0.61728,0.350959,0.90869,-1.580437,1.598194,-0.42199,-0.087845,0.459483,0.659253,-3.040882,0.078924
33,1776231666601,2.588941,-421.4481439940538,-92.80531282811877,461.53752173068006,0.351115,-0.610373,0.617319,0.350828,0.909127,-1.580412,1.598395,-0.421991,-0.088395,0.459499,0.659165,-3.040909,0.078954
34,1776231666613,2.600052,-421.44006145262006,-93.08367415213738,461.5139116487165,0.350963,-0.610359,0.6174,0.350862,0.908719,-1.58035,1.598579,-0.421989,-0.08866,0.459488,0.659127,-3.040893,0.078879
35,1776231666624,2.611163,-421.4540087512942,-93.35158952665239,461.4912564002534,0.351046,-0.610426,0.61737,0.350717,0.908995,-1.580633,1.598614,-0.422008,-0.088916,0.459476,0.659129,-3.041022,0.078988
36,1776231666635,2.622274,-421.4199384118309,-93.63113356829459,461.50818678286964,0.350893,-0.610454,0.617322,0.350904,0.908518,-1.580565,1.598346,-0.421981,-0.089181,0.459507,0.659031,-3.040876,0.07887
37,1776231666646,2.633386,-421.433488043119,-94.15815734485727,461.46120908919124,0.35113,-0.61043,0.617321,0.35071,0.909216,-1.580649,1.598494,-0.422005,-0.089684,0.459482,0.65903,-3.040974,0.07894
38,1776231666657,2.644497,-421.42312455166683,-94.44604475786521,461.4339569533768,0.351059,-0.610469,0.61728,0.350786,0.908999,-1.580692,1.598329,-0.422001,-0.089958,0.459468,0.659141,-3.040944,0.078895
39,1776231666668,2.655608,-421.43290454082677,-94.95538531295456,461.3884412718111,0.350918,-0.610415,0.617362,0.350876,0.908596,-1.580485,1.598471,-0.422021,-0.090444,0.459444,0.659049,-3.041066,0.079005
40,1776231666679,2.666719,-421.4158528375717,-95.21629838824214,461.3881183259233,0.350883,-0.610364,0.617362,0.351001,0.908451,-1.580256,1.598376,-0.42201,-0.090692,0.459456,0.659022,-3.041016,0.078956
41,1776231666690,2.67783,-421.4064962391507,-95.69817405768016,461.37170469999404,0.350804,-0.61039,0.617404,0.35096,0.908264,-1.580356,1.598514,-0.422011,-0.091151,0.459461,0.659041,-3.041011,0.078985
42,1776231666701,2.688942,-421.39871303629906,-95.914599800566,461.36483869079785,0.350786,-0.610383,0.617384,0.351024,0.908188,-1.580289,1.598415,-0.422008,-0.091357,0.459464,0.658904,-3.040965,0.078889
43,1776231666713,2.700053,-421.37810739786346,-96.38857844768334,461.35098251563164,0.350884,-0.610434,0.617355,0.350891,0.908501,-1.580522,1.598441,-0.421998,-0.091808,0.459472,0.658947,-3.040994,0.078975
44,1776231666724,2.711164,-421.364856997947,-96.61783112280037,461.3451868300352,0.350919,-0.610469,0.617258,0.350964,0.90856,-1.580558,1.598134,-0.42199,-0.092026,0.459477,0.659004,-3.040886,0.07899
45,1776231666735,2.722275,-421.34347190230454,-96.83906317940692,461.35027789267775,0.350844,-0.610386,0.617369,0.350988,0.908354,-1.580325,1.598404,-0.421974,-0.092236,0.459493,0.658935,-3.040823,0.079031
46,1776231666746,2.733387,-421.3446127752739,-97.26796877659848,461.3095456554725,0.35092,-0.610421,0.617268,0.351031,0.908533,-1.58038,1.598108,-0.421984,-0.092645,0.459471,0.658986,-3.040889,0.079094
47,1776231666757,2.744498,-421.3446127752739,-97.26796877659848,461.3095456554725,0.350822,-0.610342,0.617385,0.351059,0.908266,-1.580157,1.598391,-0.421984,-0.092645,0.459471,0.658986,-3.040889,0.079094
48,1776231666768,2.755609,-421.3322633569586,-97.64819337037322,461.3093559195774,0.350714,-0.610363,0.61737,0.351156,0.907946,-1.580138,1.598277,-0.42198,-0.093007,0.459488,0.658965,-3.040868,0.079076
49,1776231666779,2.766721,-421.33101589350605,-98.04362343720065,461.2618019455711,0.350767,-0.610457,0.61728,0.351099,0.908108,-1.580424,1.598087,-0.421987,-0.093384,0.459458,0.658972,-3.0409,0.079083
50,1776231666790,2.777832,-421.3094545268367,-98.22499281271526,461.27161343452065,0.350863,-0.610453,0.617283,0.351006,0.908395,-1.580483,1.598165,-0.42197,-0.093556,0.459477,0.659061,-3.040874,0.079136
51,1776231666801,2.788943,-421.29094371149876,-98.60232562682845,461.2589732629816,0.350809,-0.610552,0.617141,0.351134,0.908202,-1.580643,1.597701,-0.42196,-0.093915,0.459482,0.659131,-3.040824,0.079097
52,1776231666813,2.800054,-421.29094371149876,-98.60232562682845,461.2589732629816,0.350789,-0.61059,0.617076,0.351203,0.908119,-1.580689,1.59748,-0.42196,-0.093915,0.459482,0.659131,-3.040824,0.079097
53,1776231666824,2.811166,-421.2787403947536,-98.92797449329956,461.24294832841167,0.350883,-0.610477,0.617152,0.351173,0.908375,-1.580417,1.597699,-0.421955,-0.094225,0.459481,0.659133,-3.040824,0.079052
54,1776231666835,2.822277,-421.2794654466999,-99.23204949707316,461.21461135249194,0.350962,-0.610471,0.617177,0.35106,0.90863,-1.58049,1.597851,-0.421962,-0.094515,0.459466,0.659157,-3.040852,0.07908
55,1776231666846,2.833388,-421.2798288226562,-99.35996518831472,461.198966569027,0.351,-0.610517,0.617145,0.350999,0.908755,-1.580655,1.597813,-0.421965,-0.094637,0.459456,0.659107,-3.04089,0.079069
56,1776231666857,2.844499,-421.28688435427074,-99.61130756047093,461.1602279046174,0.350906,-0.610512,0.617158,0.35108,0.908476,-1.58058,1.597785,-0.421977,-0.094877,0.459428,0.659117,-3.040942,0.079106
57,1776231666868,2.855611,-421.2803998686702,-99.71961220490108,461.1621264115055,0.351036,-0.61045,0.617199,0.350985,0.908853,-1.580493,1.597965,-0.421973,-0.09498,0.459435,0.659117,-3.040945,0.079144
58,1776231666879,2.866722,-421.24910262582864,-99.87099919849213,461.1887032279637,0.351032,-0.610555,0.617094,0.350991,0.908841,-1.58076,1.597688,-0.421946,-0.095123,0.45947,0.659283,-3.040804,0.079082
59,1776231666890,2.877833,-421.2182842742106,-100.09680802881007,461.1918698794006,0.350985,-0.610489,0.617134,0.351083,0.908678,-1.580518,1.597722,-0.421921,-0.095337,0.459485,0.659243,-3.040777,0.079044
60,1776231666901,2.888944,-421.212275325694,-100.18306632886757,461.19072025188996,0.350951,-0.610516,0.617151,0.351039,0.908609,-1.580622,1.597801,-0.421917,-0.095419,0.459488,0.659218,-3.040748,0.079067
61,1776231666913,2.900056,-421.2126883363956,-100.3571059620473,461.1680072718557,0.350914,-0.610481,0.617203,0.351045,0.908511,-1.580526,1.59793,-0.421921,-0.095585,0.459473,0.659198,-3.04085,0.079103
62,1776231666924,2.911167,-421.1886264384819,-100.46201260242388,461.1627749792327,0.350981,-0.61052,0.617185,0.350942,0.90873,-1.580706,1.597964,-0.4219,-0.095684,0.459474,0.659197,-3.040829,0.078996
63,1776231666935,2.922278,-421.16953309404073,-100.52894650348406,461.17266976554237,0.351054,-0.610524,0.617167,0.350894,0.90894,-1.580752,1.597951,-0.421883,-0.095747,0.459488,0.659172,-3.040811,0.079083
64,1776231666946,2.933389,-421.1129322432965,-100.69825635510061,461.1876186126703,0.351092,-0.610438,0.617216,0.35092,0.909027,-1.580509,1.598059,-0.421832,-0.095906,0.459514,0.65922,-3.040759,0.079046
65,1776231666957,2.9445,-421.10640721790315,-100.76041277190178,461.15920970268195,0.351085,-0.610506,0.617196,0.350843,0.909043,-1.580744,1.598068,-0.421827,-0.095965,0.459489,0.659301,-3.04079,0.079085
66,1776231666968,2.955612,-421.0891013047532,-100.84089198446011,461.1565180379115,0.351157,-0.610541,0.617115,0.350852,0.909226,-1.580829,1.597849,-0.421812,-0.096041,0.459491,0.659299,-3.040773,0.079077
67,1776231666979,2.966723,-421.03867193137273,-100.9648244396943,461.1435801356736,0.351063,-0.610512,0.617201,0.350846,0.908983,-1.580757,1.598078,-0.421766,-0.096157,0.459487,0.659356,-3.040768,0.079021
68,1776231666990,2.977834,-421.0168000306547,-101.01615422833339,461.1468941217625,0.351053,-0.610461,0.617259,0.350843,0.90896,-1.580628,1.598231,-0.421746,-0.096205,0.459494,0.659338,-3.040781,0.079064
69,1776231667001,2.988945,-420.9807823403968,-101.04925726133655,461.1480071874406,0.351136,-0.610473,0.617251,0.350752,0.909214,-1.58073,1.598279,-0.421712,-0.096235,0.459499,0.659338,-3.040783,0.079065
70,1776231667013,3.000056,-420.9112325665693,-101.1447095202857,461.15922377758,0.350949,-0.6105,0.617195,0.35099,0.908627,-1.580619,1.597952,-0.421647,-0.096323,0.459519,0.659275,-3.040748,0.078967
71,1776231667024,3.011168,-420.8751030559469,-101.1830584213515,461.15202125464185,0.351182,-0.61051,0.617178,0.350772,0.909324,-1.580808,1.598074,-0.421613,-0.096358,0.459516,0.659316,-3.040775,0.07906
72,1776231667035,3.022279,-420.7979647951162,-101.24529656492903,461.1187250380476,0.350826,-0.610527,0.617261,0.350952,0.908323,-1.580716,1.59815,-0.42154,-0.096414,0.459491,0.659225,-3.040811,0.079067
73,1776231667046,3.03339,-420.7387845813497,-101.2930918001841,461.1317291636872,0.35101,-0.610502,0.617202,0.350914,0.908817,-1.580682,1.598029,-0.421484,-0.096457,0.45951,0.659284,-3.040828,0.079061
74,1776231667057,3.044501,-420.6451072290472,-101.35188905280242,461.08128174520857,0.350851,-0.610513,0.617246,0.350976,0.908379,-1.580662,1.598094,-0.421395,-0.096509,0.459469,0.659191,-3.040958,0.079106
75,1776231667068,3.055613,-420.56552164659047,-101.38279260045745,461.09058175208554,0.350988,-0.610475,0.617234,0.350925,0.908756,-1.580603,1.598103,-0.421319,-0.096535,0.459485,0.659297,-3.040923,0.079104
76,1776231667079,3.066724,-420.5090331264896,-101.40214839624343,461.06866214933757,0.350999,-0.610463,0.617235,0.350936,0.908778,-1.580562,1.598097,-0.421265,-0.096551,0.459468,0.659246,-3.040959,0.079115
77,1776231667090,3.077835,-420.3455720965437,-101.47043629619142,461.05436571809827,0.35104,-0.610467,0.617264,0.350835,0.90893,-1.580649,1.598249,-0.421109,-0.096609,0.459468,0.659265,-3.040981,0.079129
78,1776231667101,3.088947,-420.2567679740181,-101.49546761689582,461.04813405788497,0.351159,-0.610455,0.617253,0.350759,0.909271,-1.580676,1.598278,-0.421024,-0.096629,0.459469,0.659293,-3.04104,0.079119
79,1776231667113,3.100058,-420.0939902289378,-101.53225667318412,460.9696213318432,0.351151,-0.610598,0.617103,0.350781,0.909239,-1.58103,1.597873,-0.420868,-0.096657,0.459404,0.659317,-3.041214,0.079254
80,1776231667124,3.111169,-419.9954964578094,-101.57345153339286,460.9276771045809,0.351086,-0.610683,0.617075,0.350748,0.909086,-1.581276,1.597826,-0.420774,-0.096692,0.459371,0.659371,-3.041317,0.079264
81,1776231667135,3.12228,-419.89695180124096,-101.56852056716478,460.91399635402865,0.351345,-0.610564,0.617125,0.350607,0.909819,-1.581074,1.598064,-0.420679,-0.096683,0.459364,0.659301,-3.041365,0.07928
82,1776231667146,3.133392,-419.6444546983629,-101.62410565698472,460.89911406125793,0.351265,-0.610526,0.617212,0.350599,0.909616,-1.580983,1.598297,-0.420437,-0.096725,0.459369,0.659405,-3.041336,0.079323
83,1776231667157,3.144503,-419.51522415543263,-101.64574076508256,460.8780994921959,0.351281,-0.610623,0.617152,0.350521,0.909691,-1.581291,1.598199,-0.420313,-0.09674,0.459358,0.659391,-3.041382,0.079363
84,1776231667168,3.155614,-419.3879814057279,-101.67147987116675,460.86208955683514,0.351315,-0.610527,0.617256,0.350471,0.909801,-1.581081,1.598508,-0.420191,-0.096759,0.459352,0.659359,-3.041428,0.079363
85,1776231667179,3.166725,-419.0881596779311,-101.70616490151117,460.8619786674464,0.351137,-0.610584,0.617202,0.350646,0.909262,-1.581095,1.598233,-0.419903,-0.096779,0.459374,0.659328,-3.041385,0.07935
86,1776231667190,3.177836,-418.94037492003383,-101.72130834462352,460.83994689700864,0.351208,-0.61052,0.617259,0.350585,0.909473,-1.580977,1.598428,-0.419761,-0.096787,0.459363,0.659347,-3.041402,0.079363
87,1776231667201,3.188948,-418.60911973928773,-101.76895999761078,460.82393613913763,0.351134,-0.6105,0.617269,0.350676,0.909242,-1.580856,1.598384,-0.419443,-0.096818,0.459372,0.659336,-3.041368,0.079357
88,1776231667213,3.200059,-418.4509630132634,-101.78352555980135,460.7880700973375,0.351186,-0.610553,0.617234,0.350595,0.909411,-1.581054,1.598355,-0.419291,-0.096825,0.459348,0.65927,-3.04144,0.079384
89,1776231667224,3.211171,-418.26681371759526,-101.79928722256325,460.79072936779403,0.351253,-0.610532,0.617228,0.350573,0.909596,-1.581018,1.598357,-0.419114,-0.096832,0.459364,0.659184,-3.041407,0.079387
90,1776231667235,3.222282,-417.9093458621575,-101.85861263854737,460.741046825146,0.351295,-0.610508,0.617196,0.350629,0.909679,-1.580912,1.598232,-0.418771,-0.096873,0.459342,0.659325,-3.041493,0.079368
91,1776231667246,3.233393,-417.72329957705136,-101.86606595048761,460.71867706077495,0.351508,-0.610455,0.617216,0.350474,0.910299,-1.580893,1.598402,-0.418592,-0.096872,0.459333,0.65925,-3.041521,0.079435
92,1776231667257,3.244504,-417.51316134130775,-101.88301206397543,460.7154135969145,0.351428,-0.61045,0.617229,0.350539,0.910064,-1.580831,1.598385,-0.41839,-0.096879,0.459345,0.659299,-3.041504,0.079458
93,1776231667268,3.255615,-417.08013738735497,-101.93006817197566,460.71750085771976,0.351315,-0.610422,0.617252,0.350661,0.909718,-1.580665,1.59835,-0.417974,-0.096905,0.459379,0.659289,-3.041368,0.079376
94,1776231667279,3.266727,-416.86414467697693,-101.92945219950012,460.70851527035853,0.351513,-0.610464,0.617226,0.350436,0.910327,-1.580945,1.598457,-0.417766,-0.096895,0.459385,0.659205,-3.041341,0.079402
95,1776231667290,3.277838,-416.4240701758526,-101.96633215241073,460.68324872786184,0.351206,-0.610431,0.617249,0.350759,0.909391,-1.580616,1.598269,-0.417343,-0.096911,0.459392,0.659158,-3.04133,0.079366
96,1776231667301,3.288949,-416.1901346506907,-101.97911268076105,460.66634604826356,0.351266,-0.610443,0.617244,0.350689,0.909577,-1.580697,1.598308,-0.417118,-0.096913,0.459392,0.659024,-3.04134,0.079325
97,1776231667313,3.300061,-415.7077306439947,-102.00428533287574,460.64161493870654,0.351204,-0.610471,0.617234,0.350718,0.909405,-1.58075,1.59826,-0.416654,-0.096916,0.459402,0.659026,-3.041285,0.079317
98,1776231667324,3.311172,-415.44651653105524,-102.02984292896879,460.6393889310574,0.351131,-0.610492,0.617185,0.350841,0.909162,-1.580709,1.59804,-0.416403,-0.096929,0.459419,0.659053,-3.04125,0.079332
99,1776231667335,3.322283,-415.1864588843628,-102.05009515595528,460.6011150219753,0.35139,-0.610488,0.617182,0.350594,0.909942,-1.580886,1.598222,-0.416153,-0.096937,0.4594,0.659016,-3.041287,0.07937
100,1776231667346,3.333394,-414.62184159792866,-102.08319290781523,460.564152084045,0.351295,-0.61051,0.617194,0.35063,0.90968,-1.580916,1.598224,-0.41561,-0.096944,0.459404,0.658982,-3.041247,0.079327
101,1776231667357,3.344505,-414.3545086266619,-102.10376566306104,460.5121995659691,0.351455,-0.61056,0.617187,0.350395,0.910196,-1.581224,1.598388,-0.415353,-0.096952,0.459372,0.659071,-3.041362,0.07941
102,1776231667368,3.355617,-414.0602790815787,-102.11927726229463,460.4949213052939,0.351473,-0.610605,0.617157,0.350352,0.910263,-1.581373,1.598342,-0.41507,-0.096954,0.459376,0.659021,-3.041328,0.079438
103,1776231667379,3.366728,-413.4605456490442,-102.1434587659543,460.44469191299004,0.351328,-0.610588,0.617176,0.350493,0.909823,-1.581223,1.598283,-0.414493,-0.096951,0.459369,0.658951,-3.04142,0.079466
104,1776231667390,3.377839,-413.0983074142422,-102.18199895849138,460.52459549550264,0.351332,-0.610508,0.61721,0.350568,0.909801,-1.580959,1.598315,-0.414145,-0.096972,0.459475,0.658954,-3.041016,0.079314
105,1776231667401,3.388951,-412.48893425482277,-102.22021186459659,460.4235354897564,0.351344,-0.61053,0.617201,0.350533,0.909849,-1.581041,1.598318,-0.413559,-0.096982,0.459419,0.658962,-3.041243,0.079423
106,1776231667413,3.400062,-412.1778736373419,-102.24589692014516,460.3954805174563,0.351446,-0.610529,0.617197,0.350439,0.910155,-1.581112,1.598381,-0.41326,-0.096993,0.459414,0.658978,-3.041259,0.07944
107,1776231667424,3.411173,-411.8597388806958,-102.26246301686868,460.37942944939124,0.351244,-0.610609,0.617185,0.350523,0.909593,-1.581255,1.598284,-0.412954,-0.096995,0.459421,0.658967,-3.041228,0.079474
108,1776231667435,3.422284,-411.1744988913595,-102.30305254533162,460.3839108397946,0.351398,-0.610629,0.617129,0.350433,0.910031,-1.581375,1.598209,-0.412295,-0.097004,0.459475,0.658882,-3.041124,0.079423
109,1776231667446,3.433396,-410.8113506280148,-102.33632947385664,460.3952319137953,0.351201,-0.610578,0.617217,0.350564,0.909463,-1.581143,1.598336,-0.411946,-0.09702,0.459513,0.658929,-3.04098,0.07938
110,1776231667457,3.444507,-410.08435999558793,-102.38715731843658,460.41140234120917,0.351015,-0.610433,0.61734,0.350787,0.908885,-1.580598,1.598484,-0.411247,-0.097037,0.459582,0.658892,-3.040825,0.079277
111,1776231667468,3.455618,-410.08435999558793,-102.38715731843658,460.41140234120917,0.351223,-0.610513,0.617279,0.350548,0.90953,-1.580986,1.598508,-0.411247,-0.097037,0.459582,0.658892,-3.040825,0.079277
112,1776231667479,3.46673,-409.3982009086029,-102.42349430806394,460.32804715848323,0.351151,-0.610469,0.617329,0.350607,0.909315,-1.580828,1.598593,-0.410587,-0.097042,0.459549,0.65888,-3.040945,0.079363
113,1776231667490,3.477841,-408.718316095878,-102.45845463071475,460.20274910732894,0.350933,-0.610472,0.617347,0.350789,0.908671,-1.580698,1.5985,-0.409933,-0.097046,0.459474,0.65889,-3.041198,0.079524
114,1776231667501,3.488952,-408.3761876804442,-102.48126061627204,460.1280909557332,0.351225,-0.610509,0.617303,0.350509,0.909551,-1.581008,1.598602,-0.409604,-0.097053,0.459425,0.65891,-3.041345,0.079517
115,1776231667513,3.500063,-407.6588268037699,-102.52101333547876,460.05340057637363,0.351251,-0.610523,0.617263,0.35053,0.909609,-1.581025,1.598481,-0.408914,-0.09706,0.459403,0.658873,-3.041428,0.079625
116,1776231667524,3.511175,-407.2654764419182,-102.55974566490521,460.0390295210217,0.351119,-0.610471,0.617343,0.350611,0.909232,-1.580831,1.598627,-0.408536,-0.09708,0.459418,0.658933,-3.041371,0.07958
117,1776231667535,3.522286,-406.8852302710992,-102.56851721881434,460.0571600080155,0.351184,-0.610568,0.617241,0.350557,0.909424,-1.581122,1.598404,-0.40817,-0.097072,0.459463,0.658854,-3.041265,0.079541
118,1776231667546,3.533397,-406.08428931591175,-102.63293005032024,460.0753879049727,0.351049,-0.610605,0.617239,0.350632,0.909041,-1.581162,1.59834,-0.4074,-0.097099,0.45954,0.658883,-3.041057,0.079443
119,1776231667557,3.544509,-405.68196256977694,-102.65523399755743,460.08226051170834,0.350968,-0.610506,0.617328,0.350728,0.908788,-1.580832,1.598497,-0.407013,-0.097103,0.459576,0.658856,-3.040932,0.079382
120,1776231667568,3.55562,-405.2797549401703,-102.67227195201828,460.08330229938986,0.350994,-0.610488,0.617277,0.350821,0.908817,-1.580715,1.598294,-0.406626,-0.097102,0.459606,0.65889,-3.040827,0.079335
121,1776231667579,3.566731,-404.50021956447546,-102.70936365599854,460.01935057621455,0.351133,-0.610527,0.617272,0.350624,0.909263,-1.580966,1.598431,-0.405876,-0.097104,0.459599,0.658845,-3.040857,0.079326
122,1776231667590,3.577842,-404.12411017468236,-102.72097577277694,459.9598559174831,0.350984,-0.610487,0.617367,0.350677,0.908854,-1.580822,1.598637,-0.405514,-0.097099,0.459567,0.658854,-3.040953,0.079396
123,1776231667601,3.588953,-403.36323333912793,-102.76132279130219,459.85970117601505,0.351138,-0.610483,0.617289,0.350667,0.909257,-1.580818,1.598443,-0.404782,-0.097105,0.459523,0.658872,-3.041119,0.079331
124,1776231667613,3.600064,-402.9717081927331,-102.76624047515145,459.8266498969719,0.351117,-0.610359,0.617414,0.350682,0.909196,-1.580487,1.598756,-0.404405,-0.097093,0.459518,0.658855,-3.041177,0.079422
125,1776231667624,3.611176,-402.5626628285917,-102.81387025714008,459.79860377674544,0.351074,-0.610394,0.617378,0.350729,0.909063,-1.58054,1.598625,-0.404012,-0.097121,0.459521,0.659078,-3.041069,0.079392
126,1776231667635,3.622287,-401.7409458217804,-102.83688271673716,459.79279348293494,0.351149,-0.610449,0.61732,0.35066,0.909289,-1.580735,1.598529,-0.403221,-0.097108,0.459574,0.658895,-3.040949,0.07933
127,1776231667646,3.633398,-401.337837682534,-102.850634563613,459.79084521211377,0.351091,-0.610502,0.617241,0.350766,0.909092,-1.580793,1.598242,-0.402833,-0.097104,0.459601,0.658921,-3.040802,0.079246
128,1776231667657,3.64451,-400.54809792422645,-102.88572721763289,459.75245349954133,0.351064,-0.610528,0.617212,0.350797,0.909009,-1.580838,1.598144,-0.402073,-0.097104,0.45962,0.658942,-3.040775,0.079259
129,1776231667668,3.655621,-400.12339455515865,-102.89094070027602,459.7745784316102,0.35105,-0.610515,0.617235,0.350793,0.908973,-1.580806,1.598207,-0.401664,-0.097091,0.459672,0.658853,-3.04062,0.07922
130,1776231667679,3.666732,-399.73483074534954,-102.90605087440997,459.7211001017803,0.351217,-0.610492,0.617202,0.350726,0.909436,-1.580796,1.598171,-0.40129,-0.097089,0.459647,0.658815,-3.040658,0.079243
131,1776231667690,3.677843,-398.9378542026595,-102.94337811612269,459.61748701057394,0.351245,-0.610497,0.617219,0.350657,0.909538,-1.580863,1.598269,-0.400523,-0.097091,0.459602,0.658964,-3.040834,0.079312
132,1776231667701,3.688955,-398.53472625484187,-102.9611666399721,459.5790242598788,0.351377,-0.610548,0.617085,0.350673,0.909873,-1.580983,1.597911,-0.400135,-0.097091,0.459593,0.658911,-3.040891,0.079322
133,1776231667713,3.700066,-398.14525358602936,-102.97203197746423,459.5085069512167,0.351434,-0.610601,0.617053,0.350579,0.910062,-1.581193,1.597901,-0.39976,-0.097085,0.459551,0.658938,-3.04098,0.07941
134,1776231667724,3.711177,-397.33703994793063,-103.0044315453158,459.43058866317864,0.351484,-0.610621,0.617035,0.350528,0.910212,-1.581281,1.597891,-0.398982,-0.097082,0.459532,0.659049,-3.04104,0.07945
135,1776231667735,3.722288,-396.94346146396714,-103.01436553297222,459.3951740576385,0.351295,-0.610528,0.617142,0.350689,0.909654,-1.58092,1.598045,-0.398603,-0.097075,0.459525,0.659046,-3.04106,0.079469
136,1776231667746,3.733399,-396.11645411930516,-103.05478954962628,459.37014533438327,0.351349,-0.610558,0.617093,0.350669,0.909802,-1.581011,1.597935,-0.397807,-0.097079,0.45956,0.659039,-3.040975,0.079418
137,1776231667757,3.744511,-395.6998498194416,-103.07510150700195,459.38518669996506,0.351408,-0.610539,0.617051,0.350717,0.909935,-1.580926,1.597788,-0.397406,-0.097081,0.459605,0.659012,-3.040842,0.079335
138,1776231667768,3.755622,-395.6998498194416,-103.07510150700195,459.38518669996506,0.351257,-0.610574,0.617091,0.350737,0.909534,-1.581002,1.597875,-0.397406,-0.097081,0.459605,0.659012,-3.040842,0.079335
139,1776231667779,3.766733,-394.4123526359066,-103.15531890619923,459.3663035372006,0.351338,-0.610619,0.617008,0.350723,0.909751,-1.581128,1.597673,-0.396167,-0.097104,0.45968,0.659048,-3.040594,0.079216
140,1776231667790,3.777845,-394.00628644961137,-103.17085071086525,459.32578878148814,0.351223,-0.610769,0.616858,0.350842,0.9094,-1.581426,1.597191,-0.395776,-0.097102,0.459669,0.659088,-3.040635,0.079131
141,1776231667801,3.788956,-393.25326905190633,-103.20554799882612,459.165014334582,0.351494,-0.610706,0.616949,0.35052,0.910242,-1.581508,1.597674,-0.395051,-0.097104,0.459564,0.659132,-3.040963,0.079251
142,1776231667813,3.800067,-392.85036047153494,-103.22085713725893,459.10356095273403,0.351631,-0.610561,0.617079,0.350407,0.910646,-1.581219,1.598099,-0.394663,-0.097102,0.459532,0.659106,-3.04107,0.079303
143,1776231667824,3.811178,-392.4785352465047,-103.23898554347811,459.0149169987538,0.351762,-0.610579,0.617051,0.350293,0.911036,-1.581352,1.598113,-0.394305,-0.097104,0.459471,0.659118,-3.041288,0.079402
144,1776231667835,3.82229,-391.66767840971085,-103.26549334345965,458.94237661852355,0.351699,-0.61062,0.616959,0.350445,0.910806,-1.581343,1.597759,-0.393524,-0.097096,0.459457,0.659204,-3.041315,0.079445
145,1776231667846,3.833401,-391.23353230579903,-103.2883321498434,458.956206399361,0.351425,-0.610715,0.616905,0.350652,0.910005,-1.581431,1.597459,-0.393106,-0.0971,0.459502,0.659213,-3.041179,0.079403
146,1776231667857,3.844512,-390.3664005700401,-103.33070333423633,458.9679848572194,0.351402,-0.610648,0.616954,0.350705,0.909923,-1.581216,1.597546,-0.392271,-0.097105,0.459576,0.659164,-3.040952,0.079292
147,1776231667868,3.855623,-389.9583777656037,-103.34707391761903,458.9688351204459,0.351339,-0.610536,0.617031,0.350828,0.909707,-1.580833,1.597651,-0.391878,-0.097104,0.459606,0.659185,-3.040883,0.079278
148,1776231667879,3.866735,-389.5294734169312,-103.37059200989174,458.9709642329702,0.351322,-0.610552,0.617025,0.350827,0.909664,-1.580875,1.597636,-0.391465,-0.097109,0.459639,0.659214,-3.040759,0.079282
149,1776231667890,3.877846,-388.73435762095176,-103.39910542593724,458.83405141460435,0.351436,-0.610535,0.617057,0.350686,0.91002,-1.58094,1.597826,-0.390699,-0.097104,0.45956,0.65921,-3.041027,0.079374
150,1776231667901,3.888957,-388.3512572332176,-103.4174204389182,458.7669749469822,0.351531,-0.610653,0.616992,0.350499,0.910349,-1.581387,1.597804,-0.39033,-0.097106,0.459521,0.659198,-3.041211,0.079399
151,1776231667913,3.900068,-387.9467493732201,-103.41878669491251,458.70921277915136,0.351726,-0.610646,0.61696,0.350373,0.910909,-1.581464,1.597816,-0.38994,-0.097091,0.459492,0.659204,-3.041289,0.079501
152,1776231667924,3.91118,-387.0827816892928,-103.47197521639727,458.67464210412857,0.351535,-0.610653,0.616958,0.350556,0.910333,-1.581344,1.59767,-0.389108,-0.097107,0.45952,0.659291,-3.041201,0.079499
153,1776231667935,3.922291,-386.65007704781686,-103.48491239381698,458.6710352456627,0.35167,-0.610613,0.617004,0.35041,0.910748,-1.58135,1.597901,-0.388691,-0.097102,0.459547,0.659254,-3.041132,0.07948
154,1776231667946,3.933402,-385.82810229603024,-103.51932520598494,458.61407816471984,0.351492,-0.610577,0.617007,0.350645,0.910183,-1.581079,1.59773,-0.387899,-0.097102,0.459549,0.659183,-3.041097,0.079384
155,1776231667957,3.944513,-385.41179806080805,-103.54403977651197,458.60212058011587,0.351626,-0.610576,0.616996,0.350531,0.910579,-1.581163,1.597788,-0.387498,-0.097109,0.459567,0.659263,-3.041047,0.079403
156,1776231667968,3.955625,-384.58905442855377,-103.57092380104754,458.5687934563428,0.351331,-0.610645,0.616989,0.350719,0.909734,-1.581198,1.597626,-0.386705,-0.097102,0.459592,0.659258,-3.040967,0.079394
157,1776231667979,3.966736,-384.1845583474573,-103.57930226408858,458.53417590798574,0.351419,-0.610601,0.617029,0.350638,0.909997,-1.581146,1.597792,-0.386315,-0.097094,0.459586,0.659159,-3.040967,0.079357
158,1776231667990,3.977847,-383.74230752203306,-103.60912738749703,458.5243470378965,0.351403,-0.610581,0.616979,0.350775,0.909895,-1.580991,1.597557,-0.385889,-0.097105,0.459608,0.659197,-3.040885,0.079262
159,1776231668001,3.988959,-382.9359181104327,-103.65492639357996,458.40880240712636,0.351608,-0.610554,0.616952,0.350664,0.910475,-1.581006,1.597572,-0.385112,-0.097117,0.459551,0.659295,-3.041066,0.079231
160,1776231668013,4.00007,-382.5104030607159,-103.68078488964707,458.37514988077515,0.351534,-0.610543,0.61699,0.350692,0.910271,-1.580956,1.597648,-0.384702,-0.097125,0.459548,0.659269,-3.041057,0.079236
161,1776231668024,4.011181,-382.11459902212846,-103.67497543682478,458.3085337950081,0.351437,-0.610484,0.617049,0.350787,0.909978,-1.58073,1.597729,-0.38432,-0.097104,0.459509,0.659153,-3.04119,0.07931
162,1776231668035,4.022292,-381.2907856550467,-103.71907377098772,458.20420193377373,0.35156,-0.610564,0.616993,0.350624,0.910369,-1.58106,1.597709,-0.383526,-0.097114,0.459464,0.65928,-3.041232,0.079382
163,1776231668046,4.033403,-380.8916014825413,-103.72900968426316,458.14184497070414,0.351611,-0.610568,0.616978,0.350592,0.910513,-1.581096,1.597694,-0.383141,-0.097108,0.45943,0.659339,-3.041284,0.07942
164,1776231668057,4.044514,-380.0621726501855,-103.75003722728039,458.1109557809167,0.351581,-0.610666,0.616917,0.350558,0.910452,-1.581376,1.597563,-0.382341,-0.097096,0.459457,0.659294,-3.041185,0.07942
165,1776231668068,4.055625,-379.64402856021024,-103.77740007893325,458.11332151104705,0.351424,-0.610538,0.617039,0.350724,0.909972,-1.580918,1.597751,-0.381938,-0.097106,0.459489,0.659221,-3.041119,0.079377
166,1776231668079,4.066737,-379.2033570527072,-103.79304768818741,458.1328230095572,0.351346,-0.610522,0.617064,0.350787,0.909741,-1.580828,1.597767,-0.381513,-0.097104,0.459539,0.659173,-3.040978,0.079289
167,1776231668090,4.077848,-378.3395054625855,-103.8339686785976,458.1414564992022,0.351417,-0.610538,0.617014,0.350776,0.909931,-1.580879,1.597646,-0.38068,-0.09711,0.459608,0.659342,-3.0407,0.079256
168,1776231668101,4.088959,-377.9338445109722,-103.86377942876506,458.0851573893892,0.35152,-0.61063,0.616947,0.350629,0.910262,-1.581229,1.597586,-0.380289,-0.097123,0.459581,0.659281,-3.040814,0.079249
169,1776231668113,4.100071,-377.16520196568655,-103.86706087793995,457.92333309712046,0.351524,-0.610556,0.617033,0.350604,0.910282,-1.581055,1.597827,-0.379547,-0.097097,0.459473,0.659256,-3.041187,0.079479
170,1776231668124,4.111182,-376.785485443776,-103.89780621008813,457.83151541727506,0.351782,-0.610631,0.616938,0.35038,0.911051,-1.581421,1.597756,-0.379181,-0.097112,0.459409,0.659367,-3.041423,0.079499
171,1776231668135,4.122293,-376.3972227348216,-103.89216853194671,457.7638349000087,0.351602,-0.610617,0.616971,0.350527,0.910519,-1.581273,1.597726,-0.378806,-0.097092,0.459368,0.659329,-3.041567,0.079565
172,1776231668146,4.133404,-375.5596831777035,-103.92929808482623,457.7052794185606,0.351599,-0.610616,0.616972,0.350531,0.91051,-1.581267,1.597725,-0.377998,-0.097096,0.459368,0.659303,-3.041587,0.079594
173,1776231668157,4.144515,-375.1347523728049,-103.94699020702042,457.71203135510495,0.351491,-0.610662,0.616924,0.350644,0.910181,-1.581299,1.597515,-0.377588,-0.097097,0.459404,0.659283,-3.041496,0.079548
174,1776231668168,4.155626,-374.29337461392123,-103.9766476268796,457.70627674402033,0.351468,-0.610665,0.61688,0.350739,0.91008,-1.581236,1.597327,-0.376776,-0.097094,0.459456,0.659303,-3.041331,0.079488
175,1776231668179,4.166738,-373.8721517989517,-104.01919374325173,457.69828536856505,0.351543,-0.610771,0.616798,0.350623,0.910325,-1.581599,1.597205,-0.37637,-0.097119,0.459478,0.659384,-3.041269,0.079385
176,1776231668190,4.177849,-373.4581502923106,-104.01424867759779,457.6947399426815,0.351457,-0.610747,0.616863,0.350638,0.910094,-1.581525,1.597361,-0.37597,-0.097099,0.459502,0.659219,-3.041223,0.079323
177,1776231668201,4.18896,-373.05039270263234,-104.00901191637776,457.679552326206,0.351514,-0.610732,0.616841,0.350646,0.910239,-1.581479,1.597298,-0.375576,-0.097079,0.459514,0.659122,-3.041235,0.07935
178,1776231668213,4.200071,-372.2142195291389,-104.05052569760163,457.5943545703094,0.351664,-0.610772,0.616759,0.350568,0.910661,-1.581643,1.597147,-0.374769,-0.097088,0.459487,0.659265,-3.041253,0.079395
179,1776231668224,4.211182,-371.81545811697816,-104.06470169596867,457.5397525153945,0.35157,-0.610861,0.616734,0.350552,0.910424,-1.581885,1.597093,-0.374384,-0.097087,0.45946,0.659228,-3.041396,0.079402
180,1776231668235,4.222294,-370.99432174090407,-104.08752175794824,457.44547396386764,0.351515,-0.610819,0.616713,0.350717,0.91021,-1.581651,1.596913,-0.373591,-0.097079,0.459422,0.659215,-3.041499,0.079506
181,1776231668246,4.233405,-370.5701803163117,-104.08155741207571,457.41433957057615,0.351627,-0.610757,0.61676,0.350631,0.910538,-1.581555,1.5971,-0.373181,-0.097058,0.459419,0.65919,-3.041492,0.079551
182,1776231668257,4.244516,-369.7506366259323,-104.13544765346556,457.3313450292996,0.351643,-0.610775,0.616755,0.350592,0.910597,-1.581631,1.597118,-0.37239,-0.09708,0.459393,0.659198,-3.041586,0.079496
183,1776231668268,4.255627,-369.3545836336886,-104.12617296382281,457.2811497396466,0.351547,-0.610801,0.616766,0.350623,0.910335,-1.581676,1.597121,-0.372007,-0.097057,0.459369,0.659152,-3.041683,0.079543
184,1776231668279,4.266739,-368.96621568470806,-104.14694996463092,457.22628953498287,0.351621,-0.610767,0.616798,0.350551,0.910557,-1.581643,1.597261,-0.371632,-0.097063,0.459341,0.659194,-3.041737,0.079599
185,1776231668290,4.27785,-368.12068473590335,-104.16683331019327,457.2271090467536,0.351549,-0.610606,0.616869,0.350779,0.910272,-1.581053,1.59727,-0.370815,-0.097052,0.459398,0.659097,-3.041552,0.079519
186,1776231668301,4.288961,-367.67742624668824,-104.19473798120404,457.24523646953827,0.351476,-0.610628,0.616842,0.350861,0.910048,-1.581047,1.597137,-0.370387,-0.097063,0.459446,0.659175,-3.041368,0.079445
187,1776231668313,4.300072,-366.81951986100904,-104.22206122379207,457.24023789300736,0.351445,-0.610593,0.616915,0.350824,0.909983,-1.580985,1.597355,-0.369558,-0.097059,0.459498,0.659048,-3.041229,0.079362
188,1776231668324,4.311184,-366.40659508922795,-104.2381870778499,457.20848727837415,0.351352,-0.610638,0.616888,0.350888,0.909713,-1.581052,1.597235,-0.369159,-0.09706,0.459494,0.659094,-3.041195,0.079403
189,1776231668335,4.322295,-366.0020458260615,-104.25080623396856,457.1562706132063,0.351414,-0.610623,0.61688,0.350867,0.909883,-1.581029,1.597229,-0.368768,-0.097058,0.459469,0.659101,-3.041268,0.079464
190,1776231668346,4.333406,-365.19586373112605,-104.28939750431589,457.0496492633902,0.351546,-0.61064,0.61685,0.350757,0.910273,-1.581158,1.597238,-0.367989,-0.097067,0.459417,0.65921,-3.041397,0.079434
191,1776231668357,4.344518,-364.8056969332204,-104.31076559973744,456.9901114903582,0.351626,-0.610657,0.616851,0.350646,0.910529,-1.581286,1.597324,-0.367612,-0.097074,0.459384,0.659178,-3.041557,0.079351
192,1776231668368,4.355629,-363.9969736041144,-104.33027375168123,456.90155057852445,0.351506,-0.610556,0.616931,0.3508,0.910151,-1.580907,1.597414,-0.36683,-0.097065,0.459349,0.659151,-3.041682,0.079423
193,1776231668379,4.36674,-363.5654329529472,-104.35715550890153,456.8907825621987,0.351507,-0.610646,0.616838,0.350806,0.910152,-1.581136,1.597169,-0.366413,-0.097076,0.459367,0.659225,-3.041585,0.079442
194,1776231668390,4.377851,-363.1187079572103,-104.36985409303954,456.9210457641526,0.351566,-0.610634,0.61683,0.350782,0.910314,-1.581123,1.597167,-0.365981,-0.097073,0.459426,0.659192,-3.041422,0.079385
195,1776231668401,4.388963,-362.28596634541793,-104.41384883238985,456.8920657747096,0.351632,-0.610603,0.616769,0.350877,0.910444,-1.580971,1.596934,-0.365176,-0.097087,0.459452,0.659311,-3.04128,0.079304
196,1776231668413,4.400074,-361.87240031904906,-104.42727958051442,456.8812054610838,0.351571,-0.610614,0.616808,0.350852,0.910296,-1.581016,1.597054,-0.364776,-0.097086,0.459468,0.659212,-3.041282,0.079326
197,1776231668424,4.411185,-361.46218040910264,-104.43006151803696,456.875065713807,0.35155,-0.61063,0.616818,0.350826,0.910254,-1.581078,1.597102,-0.364379,-0.097075,0.459488,0.659121,-3.04122,0.079343
198,1776231668435,4.422297,-360.6332988520365,-104.44935181671059,456.82959376065133,0.351575,-0.610625,0.616752,0.350925,0.910276,-1.58099,1.596855,-0.363577,-0.097066,0.459496,0.659139,-3.041153,0.079302
199,1776231668446,4.433408,-360.2113280997658,-104.4764429395095,456.7866253511873,0.351621,-0.610554,0.616824,0.350878,0.910414,-1.580841,1.597076,-0.363169,-0.097078,0.459481,0.659197,-3.04119,0.079296
200,1776231668457,4.444519,-359.3876970355486,-104.50146883309134,456.7174152333569,0.351648,-0.610511,0.616814,0.350943,0.910457,-1.580681,1.597001,-0.362372,-0.097075,0.459465,0.659181,-3.041255,0.079344
201,1776231668468,4.45563,-358.9639544094288,-104.51900953861823,456.6880231050004,0.351723,-0.610474,0.616833,0.350899,0.910669,-1.58062,1.597082,-0.361962,-0.097078,0.459463,0.659196,-3.041268,0.079382
202,1776231668479,4.466741,-358.5446761492823,-104.52167303078336,456.6555031982408,0.351662,-0.610538,0.616806,0.350894,0.910515,-1.580789,1.597018,-0.361556,-0.097067,0.459457,0.659159,-3.0413,0.079443
203,1776231668490,4.477853,-357.73572814063147,-104.54885212227086,456.55937793575663,0.351777,-0.610525,0.616772,0.350863,0.910826,-1.58078,1.596953,-0.360773,-0.097067,0.459413,0.659164,-3.041379,0.07946
204,1776231668501,4.488964,-357.3380193013273,-104.56212723196452,456.5128543086912,0.351944,-0.610483,0.616761,0.350787,0.91129,-1.580727,1.596984,-0.360388,-0.097067,0.459392,0.659196,-3.041485,0.079518
205,1776231668513,4.500075,-356.4990007986138,-104.60566505233592,456.49137491412444,0.351649,-0.610575,0.616743,0.350955,0.910454,-1.580838,1.596807,-0.359576,-0.097082,0.459424,0.65922,-3.041447,0.07947
206,1776231668524,4.511187,-356.07788694870237,-104.60697511475644,456.50261300477075,0.351794,-0.610534,0.616769,0.350835,0.910882,-1.580824,1.596967,-0.359168,-0.09707,0.459461,0.659181,-3.041354,0.079441
207,1776231668535,4.522298,-355.62560038693533,-104.62076048392937,456.5337479845416,0.351475,-0.61055,0.616769,0.351125,0.90993,-1.580645,1.596745,-0.35873,-0.097069,0.45952,0.659181,-3.041152,0.079352
208,1776231668546,4.533409,-354.74027961809253,-104.67259894238673,456.560195407898,0.351592,-0.61052,0.616754,0.351088,0.910249,-1.580595,1.596735,-0.357873,-0.097091,0.459602,0.659182,-3.04085,0.079118
209,1776231668557,4.544521,-354.3343987164522,-104.6940719375077,456.5194091977927,0.351519,-0.610509,0.616764,0.351164,0.910026,-1.580508,1.596701,-0.35748,-0.097099,0.459587,0.659189,-3.040911,0.079116
210,1776231668568,4.555632,-353.9298750516987,-104.70078472638181,456.4954790518516,0.351588,-0.610495,0.61682,0.351019,0.910268,-1.580583,1.596957,-0.357088,-0.097093,0.459588,0.659094,-3.040931,0.079106
211,1776231668579,4.566743,-353.14139716371506,-104.72277968134026,456.3710022505015,0.351832,-0.610567,0.61674,0.350791,0.910999,-1.580943,1.596925,-0.356324,-0.09709,0.459513,0.659227,-3.041109,0.079254
212,1776231668590,4.577854,-352.75145117473556,-104.72779473725997,456.30984823334467,0.351762,-0.610525,0.616833,0.350771,0.910827,-1.580848,1.59718,-0.355946,-0.097083,0.459476,0.659283,-3.04125,0.079367
213,1776231668601,4.588965,-351.9241293387009,-104.74228619053423,456.2453036276916,0.351623,-0.610549,0.61681,0.35091,0.910405,-1.580805,1.597015,-0.355144,-0.097072,0.459462,0.659099,-3.041321,0.079305
214,1776231668613,4.600077,-351.9241293387009,-104.74228619053423,456.2453036276916,0.351682,-0.61047,0.616884,0.350857,0.910581,-1.580641,1.597246,-0.355144,-0.097072,0.459462,0.659099,-3.041321,0.079305
215,1776231668624,4.611188,-351.05593822319736,-104.79756654041836,456.24477193911264,0.351462,-0.610499,0.616843,0.351098,0.909908,-1.580534,1.596956,-0.354303,-0.097099,0.459515,0.65923,-3.041141,0.079288
216,1776231668635,4.622299,-350.2022910303811,-104.80291475871952,456.2684722886485,0.351655,-0.610517,0.616808,0.350936,0.910478,-1.580701,1.59699,-0.353475,-0.097079,0.459589,0.659068,-3.040903,0.079219
217,1776231668646,4.63341,-349.81229030770265,-104.82319203393088,456.23452142865483,0.351636,-0.610484,0.616815,0.351001,0.910399,-1.580566,1.596958,-0.353097,-0.097087,0.459579,0.659149,-3.040948,0.079218
218,1776231668657,4.644522,-348.98755444692733,-104.8377099994994,456.21159265144865,0.351673,-0.610554,0.616731,0.350988,0.9105,-1.580759,1.596751,-0.352297,-0.097077,0.459605,0.659091,-3.04088,0.079208
219,1776231668668,4.655633,-348.5853518158996,-104.85502628159324,456.1863383990655,0.351686,-0.610552,0.616757,0.350933,0.910559,-1.580797,1.596861,-0.351907,-0.097082,0.459604,0.659145,-3.040885,0.079169
220,1776231668679,4.666744,-348.1721540671075,-104.85690702507425,456.15602617986804,0.351649,-0.610593,0.616687,0.351022,0.910424,-1.580833,1.596612,-0.351506,-0.097072,0.459598,0.659103,-3.040884,0.079215
221,1776231668690,4.677855,-347.3525617722351,-104.88747157678215,456.0960742235592,0.351756,-0.610579,0.616711,0.350897,0.910756,-1.580894,1.596768,-0.350711,-0.097078,0.459587,0.659139,-3.040921,0.079218
222,1776231668701,4.688967,-346.93190219012104,-104.90820209729785,456.0648873322277,0.351696,-0.610673,0.61667,0.350867,0.910615,-1.581158,1.596685,-0.350303,-0.097086,0.459581,0.659192,-3.040926,0.079257
223,1776231668713,4.700078,-346.1268154760607,-104.94630066591618,455.98578547485715,0.351743,-0.610614,0.616694,0.35088,0.91073,-1.580995,1.596739,-0.349522,-0.0971,0.45955,0.659263,-3.041048,0.07924
224,1776231668724,4.711189,-345.7273134405752,-104.94423324809794,455.9286008916491,0.351835,-0.610668,0.616681,0.350716,0.911039,-1.58126,1.596829,-0.349134,-0.097087,0.459516,0.65922,-3.041155,0.07931
225,1776231668735,4.7223,-345.3278467972563,-104.94210379012208,455.89169073760513,0.351892,-0.610692,0.616615,0.350733,0.911179,-1.58131,1.596645,-0.348746,-0.097074,0.459502,0.659171,-3.041226,0.079307
226,1776231668746,4.733412,-344.5231286841077,-104.97652516097551,455.8244708856055,0.351861,-0.610677,0.616644,0.350739,0.911096,-1.581267,1.596716,-0.347965,-0.097085,0.459482,0.659171,-3.041368,0.079271
227,1776231668757,4.744523,-344.1247036456869,-104.97940400821705,455.8078678417814,0.351799,-0.610716,0.616607,0.350799,0.91091,-1.581321,1.596574,-0.347578,-0.097077,0.459488,0.659236,-3.041333,0.079295
228,1776231668768,4.755634,-343.26066978072106,-105.00567474415001,455.8360317520811,0.351825,-0.610681,0.616623,0.350804,0.910976,-1.581227,1.596614,-0.346739,-0.097079,0.459565,0.659062,-3.04112,0.079195
229,1776231668779,4.766746,-342.8167592153485,-105.0253004572783,455.868040514911,0.351647,-0.61066,0.616671,0.350936,0.910458,-1.581072,1.596635,-0.346308,-0.097086,0.459622,0.659137,-3.040916,0.079171
230,1776231668790,4.777857,-342.39758755511224,-105.04520507379121,455.8681938610227,0.351581,-0.610615,0.616666,0.351089,0.910219,-1.580839,1.596506,-0.345901,-0.097094,0.459646,0.659195,-3.040832,0.079135
231,1776231668801,4.788968,-341.57240921701606,-105.04886727555402,455.8404715423577,0.351642,-0.610602,0.61668,0.351027,0.910405,-1.580853,1.596589,-0.345099,-0.097076,0.459664,0.659048,-3.040789,0.079088
232,1776231668813,4.800079,-341.16055533846395,-105.06939311817744,455.7928011071456,0.351684,-0.610582,0.616719,0.35095,0.910546,-1.580859,1.596749,-0.344699,-0.097085,0.45964,0.659142,-3.040812,0.079118
233,1776231668824,4.81119,-340.7777794739829,-105.07755948520355,455.71796188950736,0.351916,-0.610588,0.616697,0.350745,0.911238,-1.581031,1.596851,-0.344327,-0.097083,0.459587,0.659171,-3.041007,0.079251
234,1776231668835,4.822301,-339.9651225107172,-105.0886870919213,455.6458975448035,0.351799,-0.610679,0.616589,0.350895,0.910869,-1.581152,1.596455,-0.343537,-0.097073,0.45956,0.659127,-3.04112,0.079278
235,1776231668846,4.833412,-339.5473207488057,-105.1059509430916,455.61451774041575,0.351757,-0.610673,0.61664,0.350856,0.910777,-1.581167,1.596618,-0.343131,-0.097079,0.459552,0.659115,-3.041189,0.079317
236,1776231668857,4.844524,-339.11535987503936,-105.11305280537708,455.594934574202,0.351691,-0.610596,0.616679,0.350989,0.910546,-1.580865,1.596617,-0.342711,-0.097075,0.459556,0.659103,-3.041145,0.079349
237,1776231668868,4.855635,-338.29253671718453,-105.13537283685802,455.5589913555412,0.351755,-0.610643,0.616622,0.350942,0.910734,-1.581025,1.596506,-0.341911,-0.097076,0.459565,0.659234,-3.041064,0.079333
238,1776231668879,4.866746,-337.86581317888664,-105.14420221954038,455.5570786328235,0.35175,-0.610632,0.616646,0.350925,0.910727,-1.581009,1.59658,-0.341496,-0.097074,0.459586,0.659178,-3.040978,0.079305
239,1776231668890,4.877858,-337.07198117142866,-105.16848160687108,455.50194273542957,0.351719,-0.610672,0.6166,0.350967,0.910631,-1.581081,1.596428,-0.340724,-0.097078,0.459574,0.659164,-3.041042,0.079294
240,1776231668901,4.888969,-336.6549181138542,-105.16220627976156,455.500324420675,0.351695,-0.610676,0.616604,0.350977,0.910564,-1.581084,1.596431,-0.340318,-0.097062,0.459594,0.659089,-3.040955,0.079283
241,1776231668913,4.90008,-335.79436474555723,-105.1960852751086,455.526712610496,0.351602,-0.610618,0.616599,0.35118,0.910233,-1.580778,1.596263,-0.339481,-0.097074,0.459666,0.659189,-3.040696,0.079172
242,1776231668924,4.911191,-335.3853482802262,-105.2061044768154,455.4979793142648,0.351624,-0.610526,0.616734,0.351082,0.910333,-1.580614,1.596686,-0.339083,-0.097074,0.459659,0.659089,-3.040788,0.079192
243,1776231668935,4.922303,-334.9529155101154,-105.20721391643954,455.50175025625185,0.351624,-0.61073,0.616544,0.351059,0.910344,-1.58116,1.596212,-0.338662,-0.097065,0.459685,0.658997,-3.040707,0.079104
244,1776231668946,4.933414,-334.1180457396009,-105.2607247398025,455.4296293490115,0.351772,-0.610786,0.616471,0.350943,0.910778,-1.581394,1.596113,-0.33785,-0.097097,0.459658,0.659157,-3.040787,0.079021
245,1776231668957,4.944525,-333.7092874276818,-105.26625224722545,455.39336141191484,0.351743,-0.610694,0.61655,0.350994,0.91068,-1.581117,1.596277,-0.337452,-0.097093,0.459643,0.659124,-3.040828,0.079027
246,1776231668968,4.955636,-332.89599155129406,-105.2780305408897,455.3101849571161,0.351748,-0.610774,0.616544,0.35086,0.91075,-1.581426,1.596364,-0.33666,-0.097086,0.459602,0.659135,-3.04094,0.079137
247,1776231668979,4.966748,-332.4841297760421,-105.29176774894529,455.2636652684572,0.351799,-0.610637,0.616658,0.350846,0.910891,-1.58108,1.596673,-0.336259,-0.09709,0.459577,0.659186,-3.041034,0.079173
248,1776231668990,4.977859,-332.0788201432126,-105.28646983390135,455.23537299699535,0.351749,-0.610806,0.616536,0.350817,0.910774,-1.581542,1.596377,-0.335864,-0.097076,0.459569,0.659126,-3.041042,0.079182
249,1776231669001,4.98897,-331.2120039973962,-105.32500656107048,455.24935654266494,0.351699,-0.610788,0.616566,0.350846,0.910631,-1.581472,1.596433,-0.33502,-0.097094,0.459627,0.659181,-3.040845,0.079132
250,1776231669013,5.000081,-330.78823715391246,-105.32616646271106,455.25254000233,0.351631,-0.610722,0.616564,0.351032,0.910373,-1.581161,1.596285,-0.334607,-0.097086,0.459651,0.659145,-3.040768,0.07909
251,1776231669024,5.011193,-330.35527983769776,-105.32745269475441,455.27657451613186,0.351547,-0.610669,0.616647,0.351062,0.910144,-1.581,1.596479,-0.334185,-0.097078,0.459696,0.659121,-3.04054,0.079103
252,1776231669035,5.022304,-329.5507580997027,-105.34618589644127,455.2436097145261,0.351578,-0.610743,0.616548,0.351077,0.910217,-1.581181,1.596208,-0.333401,-0.097079,0.459703,0.65906,-3.040544,0.079064
253,1776231669046,5.033415,-329.5507580997027,-105.34618589644127,455.2436097145261,0.351671,-0.610836,0.616479,0.350943,0.910516,-1.581524,1.596133,-0.333401,-0.097079,0.459703,0.65906,-3.040544,0.079064
254,1776231669057,5.044527,-328.32055145425863,-105.38311036706986,455.170731520827,0.351598,-0.610787,0.616449,0.351152,0.910236,-1.581238,1.595896,-0.332202,-0.097089,0.459691,0.659155,-3.040497,0.079109
255,1776231669068,5.055638,-327.92573762898166,-105.38832579192487,455.1344697602988,0.351563,-0.610748,0.616568,0.351048,0.91019,-1.581215,1.596282,-0.331817,-0.097086,0.459674,0.659098,-3.040612,0.079084
256,1776231669079,5.066749,-327.520578696275,-105.40099789767493,455.0915050996725,0.351829,-0.610746,0.616483,0.350935,0.910928,-1.581296,1.59615,-0.331422,-0.09709,0.459651,0.659196,-3.040654,0.079143
257,1776231669090,5.07786,-326.6974082070838,-105.4075785737398,455.0119305224,0.351917,-0.61086,0.6164,0.350793,0.911219,-1.581699,1.596045,-0.330619,-0.09708,0.459611,0.659197,-3.040809,0.079231
258,1776231669101,5.088972,-326.29118937780873,-105.42944554764487,454.9749725364485,0.351954,-0.610696,0.616537,0.350801,0.91131,-1.581269,1.596391,-0.330223,-0.097093,0.459594,0.659223,-3.040866,0.07923
259,1776231669113,5.100083,-325.48359397086074,-105.43942906779063,454.8905521225243,0.351924,-0.610846,0.616408,0.350796,0.911235,-1.58166,1.596063,-0.329435,-0.097087,0.459548,0.659254,-3.040979,0.079303
260,1776231669124,5.111194,-325.08811670113374,-105.44101339221855,454.8631181083475,0.351857,-0.610743,0.616514,0.350855,0.911037,-1.581349,1.596292,-0.329049,-0.097081,0.459539,0.659242,-3.041036,0.079337
261,1776231669135,5.122306,-324.66993079590804,-105.45446118781418,454.8515208411428,0.351891,-0.610793,0.616443,0.350859,0.911122,-1.581477,1.596106,-0.328641,-0.097086,0.459547,0.659256,-3.041021,0.079325
262,1776231669146,5.133417,-323.8286175742835,-105.47912365951497,454.8547471436552,0.351764,-0.610774,0.616473,0.350967,0.910747,-1.581345,1.596099,-0.32782,-0.097094,0.459589,0.659261,-3.040862,0.079265
263,1776231669157,5.144528,-323.399494800485,-105.48209727008418,454.8756243231147,0.35184,-0.610746,0.616447,0.350986,0.910936,-1.581257,1.596019,-0.327401,-0.097089,0.459629,0.659228,-3.040787,0.079146
264,1776231669168,5.155639,-322.5716238288333,-105.51541072565004,454.88689854886786,0.351739,-0.610801,0.616407,0.351061,0.910639,-1.581343,1.595857,-0.326593,-0.097106,0.459678,0.659202,-3.040643,0.078914
265,1776231669179,5.16675,-322.1354111771654,-105.52243692943856,454.8824179408174,0.351765,-0.610817,0.616426,0.350975,0.910746,-1.581449,1.595972,-0.326167,-0.097105,0.459693,0.65924,-3.04056,0.078955
266,1776231669190,5.177862,-321.73705986624657,-105.53286034874719,454.86951856958194,0.351712,-0.610672,0.616566,0.351035,0.910582,-1.581028,1.596288,-0.325778,-0.097108,0.459698,0.659213,-3.040527,0.07895
267,1776231669201,5.188973,-320.9357841135029,-105.53059297011775,454.7910198006784,0.351798,-0.61087,0.616365,0.350956,0.910839,-1.581601,1.595829,-0.324995,-0.097092,0.459655,0.659181,-3.040705,0.079024
268,1776231669213,5.200084,-320.5416453444636,-105.54175755957561,454.73616299385736,0.351956,-0.610883,0.616359,0.350787,0.911321,-1.581763,1.595942,-0.32461,-0.097096,0.459618,0.659255,-3.040817,0.07907
269,1776231669224,5.211195,-320.16107682201607,-105.54008426178869,454.6722916657182,0.351866,-0.610902,0.61637,0.350824,0.911071,-1.581785,1.595941,-0.324238,-0.097088,0.459571,0.659284,-3.04101,0.079144
270,1776231669235,5.222306,-319.3209177854312,-105.55773635605968,454.65389152887866,0.351894,-0.610877,0.616367,0.350846,0.911136,-1.581702,1.595917,-0.323417,-0.097091,0.459589,0.659251,-3.040961,0.079146
271,1776231669246,5.233418,-318.9135669064379,-105.57404475156491,454.6037633976084,0.351865,-0.61094,0.616334,0.350823,0.91107,-1.581882,1.595849,-0.323019,-0.0971,0.459557,0.659292,-3.041007,0.079259
272,1776231669257,5.244529,-318.1103631749279,-105.5999815622198,454.5529816807558,0.351884,-0.610926,0.616344,0.350809,0.911125,-1.581859,1.595887,-0.322234,-0.097112,0.459541,0.659377,-3.041088,0.079246
273,1776231669268,5.25564,-317.7282249574871,-105.58538408383407,454.5233433736095,0.351855,-0.610988,0.616285,0.350835,0.91104,-1.581998,1.595714,-0.32186,-0.097092,0.459527,0.659287,-3.04113,0.079305
274,1776231669279,5.266751,-317.3355174196336,-105.59280625656285,454.5037894331568,0.351841,-0.610948,0.61637,0.350769,0.911032,-1.581946,1.595984,-0.321476,-0.097093,0.459524,0.659284,-3.041131,0.079297
275,1776231669290,5.277862,-316.5185191341977,-105.60898070467906,454.503026040234,0.351729,-0.610901,0.616412,0.350889,0.910688,-1.581732,1.596002,-0.320677,-0.097096,0.459557,0.659242,-3.041031,0.079315
276,1776231669301,5.288974,-316.1054637252049,-105.61858637095541,454.5061072944203,0.351846,-0.610898,0.616353,0.350881,0.910995,-1.581731,1.595854,-0.320273,-0.097099,0.459577,0.659311,-3.040995,0.07928
277,1776231669313,5.30009,-315.24368980466727,-105.64019015999617,454.56360827755,0.351718,-0.610853,0.616361,0.351074,0.910581,-1.581468,1.595727,-0.31943,-0.097107,0.459669,0.659304,-3.040648,0.079161
278,1776231669324,5.311201,-314.8278998386177,-105.63915454347867,454.5662314806314,0.351693,-0.610919,0.616351,0.351001,0.910548,-1.581694,1.595757,-0.319023,-0.0971,0.459688,0.659186,-3.040632,0.079096
279,1776231669335,5.322313,-314.4200644700721,-105.6535653420852,454.54558809373697,0.351647,-0.610856,0.616424,0.351029,0.910415,-1.58151,1.595924,-0.318624,-0.097108,0.459684,0.659203,-3.040636,0.079112
280,1776231669346,5.333424,-313.6180531583593,-105.66838675673137,454.46417628866607,0.351895,-0.610857,0.616388,0.350841,0.91114,-1.581657,1.595977,-0.317839,-0.097111,0.459635,0.659357,-3.040793,0.079157
281,1776231669357,5.344535,-313.23623712291845,-105.66236988427212,454.408109720155,0.351846,-0.610805,0.616461,0.350853,0.911007,-1.581512,1.596156,-0.317465,-0.0971,0.459594,0.65929,-3.04097,0.079216
282,1776231669368,5.355647,-312.43661222295407,-105.67253501333681,454.3144156045507,0.351953,-0.610859,0.616398,0.350762,0.911325,-1.58172,1.596063,-0.316682,-0.097099,0.459532,0.659244,-3.041173,0.079319
283,1776231669379,5.366758,-312.0271045591116,-105.68128967549528,454.28744342026107,0.351796,-0.610889,0.616396,0.350871,0.910871,-1.581714,1.595974,-0.316281,-0.097102,0.459521,0.659263,-3.041181,0.07924
284,1776231669390,5.377869,-311.6215680988631,-105.69929840089057,454.26954545791295,0.351974,-0.610978,0.616176,0.350924,0.911309,-1.581906,1.595363,-0.315884,-0.097114,0.459519,0.659323,-3.04121,0.07921
285,1776231669401,5.38898,-310.7885551175401,-105.71346846379568,454.2409732947132,0.351793,-0.610929,0.616273,0.35102,0.910799,-1.581706,1.59554,-0.315068,-0.097117,0.459522,0.659349,-3.04117,0.079241
286,1776231669413,5.400091,-310.3803499085089,-105.71667319961873,454.2237438816514,0.351796,-0.61093,0.616246,0.351063,0.910787,-1.581675,1.595438,-0.314668,-0.097115,0.45952,0.659403,-3.041168,0.079238
287,1776231669424,5.411203,-309.9710117570524,-105.72920029853452,454.224485898957,0.351643,-0.610953,0.61626,0.351152,0.910351,-1.581667,1.595405,-0.314267,-0.097122,0.459536,0.659374,-3.041118,0.079188
288,1776231669435,5.422314,-309.15932209766714,-105.71118316202292,454.2278089631024,0.351707,-0.611012,0.616194,0.351102,0.91054,-1.581857,1.595273,-0.313471,-0.097095,0.459568,0.659264,-3.041063,0.079237
289,1776231669446,5.433425,-308.735601854432,-105.73824188406797,454.2259247538766,0.351634,-0.61098,0.616195,0.351227,0.910294,-1.58168,1.595181,-0.313056,-0.097116,0.459582,0.659298,-3.04094,0.079182
290,1776231669457,5.444536,-307.91472325408927,-105.737581590382,454.2250395005243,0.351715,-0.610968,0.616199,0.351161,0.910534,-1.5817,1.59524,-0.312251,-0.097106,0.45961,0.659373,-3.040859,0.07922
291,1776231669468,5.455648,-307.4841920678267,-105.75404368353392,454.24377399757986,0.351647,-0.611006,0.616136,0.351273,0.91031,-1.581712,1.594992,-0.311829,-0.097117,0.459644,0.659406,-3.040726,0.079141
292,1776231669479,5.466759,-307.0928628586457,-105.74599339087496,454.2081470776421,0.351618,-0.611078,0.616141,0.351168,0.910281,-1.581977,1.595085,-0.311445,-0.097105,0.459622,0.659315,-3.040867,0.079223
293,1776231669490,5.47787,-306.2914142999328,-105.76427832815627,454.14768856612505,0.351659,-0.61102,0.616133,0.351242,0.910353,-1.581772,1.595008,-0.310659,-0.097114,0.45959,0.659366,-3.04097,0.079274
294,1776231669501,5.488981,-305.9010846914036,-105.76537315700757,454.08487917711585,0.351737,-0.611107,0.616068,0.351126,0.910607,-1.582087,1.594928,-0.310276,-0.097111,0.459541,0.659396,-3.041157,0.079308
295,1776231669513,5.500092,-305.0981329675836,-105.76758809842224,454.02849599180485,0.351698,-0.610935,0.616186,0.351258,0.910447,-1.58154,1.595134,-0.309488,-0.097105,0.459512,0.659349,-3.041245,0.079403
296,1776231669524,5.511203,-304.7152236628542,-105.75900979250572,453.97358499144036,0.351883,-0.611026,0.616156,0.350967,0.911053,-1.581997,1.595279,-0.309112,-0.097093,0.45947,0.659265,-3.04143,0.079444
297,1776231669535,5.522315,-304.3066791560964,-105.76312633587759,453.9387762346808,0.351892,-0.611106,0.616037,0.351028,0.911051,-1.582157,1.594923,-0.308711,-0.097093,0.459449,0.65925,-3.041466,0.07947
298,1776231669546,5.533426,-303.47548398207846,-105.77023022982725,453.95490233256993,0.351924,-0.61105,0.616033,0.3511,0.911102,-1.581959,1.594857,-0.307895,-0.097092,0.459492,0.659324,-3.041356,0.079398
299,1776231669557,5.544537,-303.05682960804796,-105.77837597170003,453.96038950223164,0.35183,-0.611039,0.616064,0.35116,0.910831,-1.581883,1.594892,-0.307484,-0.097096,0.459511,0.659234,-3.041284,0.079333
300,1776231669568,5.555648,-302.64438667173755,-105.78325603590213,453.967293461361,0.351838,-0.611161,0.61597,0.351102,0.910879,-1.582244,1.594694,-0.307079,-0.097097,0.459531,0.659158,-3.041279,0.079239
301,1776231669579,5.566759,-301.80530969367135,-105.79811049693704,454.0020697149444,0.351747,-0.61105,0.615982,0.351366,0.910526,-1.581756,1.594523,-0.306255,-0.097104,0.459592,0.659294,-3.040985,0.079136
302,1776231669590,5.57787,-301.4146652163252,-105.78588789637735,453.9781547169293,0.351973,-0.611168,0.615962,0.35097,0.911287,-1.582362,1.594774,-0.305871,-0.097089,0.45958,0.65922,-3.041122,0.079217
303,1776231669601,5.588982,-300.5839963596893,-105.80226424706682,453.98455953489866,0.351797,-0.61099,0.616135,0.351152,0.91075,-1.581761,1.595083,-0.305055,-0.097098,0.459612,0.659186,-3.040948,0.079224
304,1776231669613,5.600093,-300.1638755215374,-105.796309291048,453.99423963814127,0.351839,-0.611092,0.616131,0.350939,0.910952,-1.582189,1.595235,-0.304642,-0.097089,0.459634,0.659093,-3.040961,0.079174
305,1776231669624,5.611204,-299.77906759206934,-105.8118567678269,453.94492611693266,0.351799,-0.610943,0.616153,0.351201,0.910734,-1.581603,1.595093,-0.304264,-0.097101,0.459597,0.659294,-3.041046,0.079222
306,1776231669635,5.622315,-298.94692444165725,-105.81718842040786,453.9585738030804,0.351875,-0.611061,0.616113,0.350989,0.911025,-1.58207,1.595151,-0.303446,-0.0971,0.459635,0.659217,-3.040944,0.079157
307,1776231669646,5.633426,-298.5573347782121,-105.82213433947584,453.9006416089756,0.351955,-0.61093,0.616182,0.351015,0.911219,-1.581713,1.59531,-0.303063,-0.097102,0.459589,0.659238,-3.041085,0.07925
308,1776231669657,5.644537,-297.7612961337828,-105.81319248944008,453.826517107011,0.351915,-0.611031,0.616081,0.351058,0.911098,-1.581941,1.595014,-0.30228,-0.097088,0.459538,0.659313,-3.04122,0.079358
309,1776231669668,5.655649,-297.37675749412864,-105.8282984790885,453.773820522158,0.351985,-0.610968,0.616144,0.350986,0.911309,-1.581833,1.595233,-0.301902,-0.0971,0.459497,0.659304,-3.041394,0.079381
310,1776231669679,5.66676,-296.97738973652275,-105.8194921424564,453.75477336848945,0.352018,-0.611017,0.61615,0.350858,0.911451,-1.582055,1.595346,-0.301509,-0.097089,0.459489,0.659215,-3.04144,0.079423
311,1776231669690,5.677871,-296.15401412366657,-105.82575912749948,453.76416438937275,0.352065,-0.611001,0.616039,0.351034,0.911496,-1.581881,1.594924,-0.300699,-0.09709,0.459521,0.659384,-3.041344,0.079446
312,1776231669701,5.688983,-295.73834438815356,-105.8282738392949,453.7487464779219,0.351915,-0.610997,0.61612,0.351049,0.9111,-1.581859,1.595122,-0.30029,-0.09709,0.459517,0.659239,-3.041385,0.079382
313,1776231669713,5.700094,-294.90003571142506,-105.83310986100213,453.78776305371747,0.351852,-0.610924,0.616171,0.35115,0.910894,-1.581593,1.595176,-0.299465,-0.09709,0.459578,0.659125,-3.041179,0.07931
314,1776231669724,5.711205,-294.50170366848727,-105.8404922531048,453.7770688398769,0.351727,-0.611008,0.616123,0.351214,0.910541,-1.581762,1.595004,-0.299073,-0.097095,0.459578,0.659275,-3.041178,0.079336
315,1776231669735,5.722316,-294.1064648722427,-105.84778388752157,453.7645472663097,0.351853,-0.610966,0.616101,0.351197,0.910876,-1.581668,1.594959,-0.298684,-0.0971,0.459576,0.659345,-3.041158,0.079347
316,1776231669746,5.733427,-293.2941521303738,-105.83832137526922,453.74696484638326,0.351721,-0.610976,0.616171,0.351191,0.910536,-1.581695,1.595144,-0.297884,-0.097087,0.459579,0.659231,-3.04117,0.079385
317,1776231669757,5.744538,-292.8889760001417,-105.84023536284637,453.74172931490443,0.351796,-0.610906,0.616117,0.351332,0.910669,-1.581408,1.594897,-0.297485,-0.097087,0.459584,0.659243,-3.04113,0.079304
318,1776231669768,5.755649,-292.4499865998688,-105.86511414818554,453.7483039842351,0.351727,-0.610963,0.616109,0.351314,0.910499,-1.581571,1.594891,-0.297053,-0.097109,0.459602,0.65938,-3.041048,0.079238
319,1776231669779,5.766761,-291.6294715587682,-105.88523157916158,453.72765843991294,0.351826,-0.610976,0.61609,0.351226,0.910792,-1.581671,1.59491,-0.296245,-0.097125,0.459602,0.659295,-3.041103,0.079102
320,1776231669790,5.777872,-291.2358322560169,-105.87533898705806,453.6840835977613,0.351871,-0.610906,0.61619,0.351127,0.910953,-1.581565,1.595243,-0.295857,-0.097114,0.459568,0.659294,-3.041218,0.079142
321,1776231669801,5.788983,-290.42304170875764,-105.8731205020367,453.64265781152733,0.351869,-0.610952,0.616137,0.351141,0.910943,-1.581674,1.595097,-0.295056,-0.097109,0.459546,0.65939,-3.041249,0.079248
322,1776231669813,5.800095,-290.01114544138,-105.87139372919043,453.60786552765904,0.351805,-0.611163,0.616,0.35108,0.910802,-1.582267,1.594788,-0.29465,-0.097106,0.459521,0.659363,-3.041324,0.07927
323,1776231669824,5.811206,-290.01114544138,-105.87139372919043,453.60786552765904,0.352068,-0.610998,0.616056,0.351004,0.911516,-1.581897,1.594992,-0.29465,-0.097106,0.459521,0.659363,-3.041324,0.07927
324,1776231669835,5.822317,-288.75638945738433,-105.87100856625693,453.5652396717815,0.351808,-0.611056,0.616112,0.351067,0.910815,-1.581998,1.595089,-0.293413,-0.097102,0.459507,0.659345,-3.04135,0.079317
325,1776231669846,5.833428,-288.3372698770221,-105.88978969344123,453.5716510763119,0.35184,-0.61102,0.616033,0.351235,0.910824,-1.581778,1.594756,-0.293,-0.097119,0.459523,0.6595,-3.041265,0.079252
326,1776231669857,5.844539,-287.4725591019139,-105.87725681513035,453.6047034895572,0.351747,-0.610981,0.616134,0.35122,0.910591,-1.581688,1.595027,-0.292147,-0.097105,0.459574,0.659374,-3.041099,0.079235
327,1776231669868,5.855651,-287.04255047011884,-105.88853447993702,453.6265926796129,0.351806,-0.611021,0.616038,0.351259,0.910726,-1.581762,1.594749,-0.291723,-0.097115,0.459605,0.65939,-3.040974,0.079198
328,1776231669879,5.866762,-286.6240099600655,-105.88203201848825,453.64019729737777,0.351716,-0.611038,0.616071,0.351263,0.910491,-1.581802,1.594831,-0.29131,-0.097108,0.459627,0.659375,-3.040894,0.079156
329,1776231669890,5.877873,-285.7961515385357,-105.87189264973668,453.6295070067336,0.351659,-0.611047,0.616081,0.351285,0.910336,-1.58181,1.594842,-0.290493,-0.097097,0.459633,0.659308,-3.040844,0.079134
330,1776231669901,5.888984,-285.36430463129085,-105.88388299660653,453.65083132634373,0.351632,-0.611086,0.616084,0.351239,0.910285,-1.581946,1.594885,-0.290067,-0.097108,0.459663,0.659296,-3.040671,0.079112
331,1776231669913,5.900096,-284.5052867018421,-105.87641828493238,453.6442260634019,0.351682,-0.611131,0.615977,0.351299,0.910389,-1.582017,1.59456,-0.289219,-0.0971,0.459673,0.659306,-3.040642,0.079089
332,1776231669924,5.911207,-284.0938886675577,-105.88605909524208,453.6148802327243,0.351733,-0.61109,0.615997,0.351285,0.910527,-1.58192,1.594624,-0.288813,-0.097109,0.459652,0.659312,-3.040685,0.07912
333,1776231669935,5.922318,-283.67874621619484,-105.87796023655662,453.60822319599436,0.351594,-0.611084,0.616099,0.351255,0.910178,-1.581928,1.59491,-0.288403,-0.097101,0.459653,0.659236,-3.040685,0.079125
334,1776231669946,5.933429,-282.8785850218299,-105.88854644394674,453.5719456435393,0.351777,-0.611056,0.616011,0.351276,0.910644,-1.581838,1.594665,-0.287613,-0.097111,0.459632,0.659329,-3.040689,0.07918
335,1776231669957,5.944541,-282.4797523450771,-105.88230028558324,453.5376060229628,0.351735,-0.611078,0.616093,0.351133,0.910598,-1.582006,1.594989,-0.287219,-0.097105,0.459605,0.659338,-3.040745,0.079197
336,1776231669968,5.955652,-281.70738535538965,-105.87896288232108,453.4967423897447,0.351914,-0.611077,0.615967,0.351177,0.911041,-1.581969,1.594629,-0.286456,-0.097102,0.459578,0.659204,-3.04086,0.079255
337,1776231669979,5.966763,-281.31671558022214,-105.8766744141571,453.4880139646288,0.351956,-0.611149,0.615949,0.351043,0.911211,-1.582258,1.594685,-0.28607,-0.0971,0.459576,0.659151,-3.040886,0.079234
338,1776231669990,5.977875,-280.9322350172488,-105.86912957569064,453.4806269652722,0.35175,-0.611185,0.615933,0.351215,0.910601,-1.582221,1.59451,-0.28569,-0.097093,0.459575,0.659199,-3.040838,0.079212
339,1776231670001,5.988986,-280.1762170453614,-105.87671446964684,453.47593676561115,0.351712,-0.611168,0.615937,0.351274,0.910478,-1.582131,1.594478,-0.284943,-0.097101,0.459583,0.659185,-3.040863,0.079146
340,1776231670013,6.000097,-279.7723922536582,-105.88557496573964,453.500471235867,0.351612,-0.611218,0.615939,0.351284,0.910214,-1.582252,1.594475,-0.284544,-0.09711,0.459614,0.659139,-3.040706,0.079088
341,1776231670024,6.011208,-279.431676691989,-105.87056385752324,453.495365031952,0.351624,-0.611214,0.615928,0.3513,0.910239,-1.582229,1.594432,-0.284207,-0.097096,0.459614,0.659067,-3.040737,0.079124
342,1776231670035,6.02232,-278.7296198314896,-105.87462750234504,453.4762056900498,0.351511,-0.611199,0.616039,0.351243,0.909971,-1.582234,1.594765,-0.283513,-0.097101,0.459606,0.659144,-3.04075,0.079081
343,1776231670046,6.033431,-278.37368019391715,-105.86982161668129,453.49107067435307,0.351637,-0.611373,0.615854,0.351138,0.910342,-1.582766,1.594366,-0.283161,-0.097097,0.459626,0.659121,-3.04073,0.079062
344,1776231670057,6.044542,-277.6637347057034,-105.8735470100463,453.5046255167483,0.3514,-0.611321,0.615918,0.351353,0.909635,-1.582468,1.594367,-0.282459,-0.097102,0.45965,0.658986,-3.040607,0.078979
345,1776231670068,6.055653,-277.3352260159312,-105.8665629810961,453.49797664707506,0.351537,-0.611229,0.616002,0.351229,0.910044,-1.582323,1.59468,-0.282134,-0.097096,0.459648,0.659017,-3.040679,0.079023
346,1776231670079,6.066765,-277.00375714904135,-105.8564111439853,453.49647890721377,0.351501,-0.611266,0.615868,0.351436,0.909861,-1.582262,1.594174,-0.281806,-0.097087,0.459651,0.659028,-3.040636,0.079017
347,1776231670090,6.077876,-276.33849142960247,-105.86398936896975,453.46476930929606,0.351484,-0.611335,0.615911,0.351259,0.909893,-1.582574,1.59442,-0.281148,-0.097096,0.459629,0.65904,-3.040714,0.079051
348,1776231670101,6.088987,-276.03630545060156,-105.86208349423222,453.4273517905286,0.351593,-0.611364,0.615778,0.351332,0.910143,-1.582593,1.59402,-0.280849,-0.097095,0.459596,0.659053,-3.040798,0.079117
349,1776231670113,6.100099,-275.4382262424628,-105.84676257972674,453.41161240773755,0.351382,-0.611307,0.615955,0.351331,0.909598,-1.582448,1.594478,-0.280257,-0.097082,0.459588,0.659041,-3.040844,0.079134
350,1776231670124,6.11121,-275.13085520311256,-105.85925908505257,453.40226685719944,0.351544,-0.611329,0.615889,0.351249,0.910053,-1.582565,1.59437,-0.279953,-0.097095,0.459583,0.659055,-3.04081,0.079092
351,1776231670135,6.122321,-274.83910087658927,-105.84062840158924,453.3888258950085,0.351539,-0.611294,0.615931,0.351241,0.910043,-1.582481,1.594485,-0.279664,-0.097078,0.459573,0.65895,-3.040868,0.079154
352,1776231670146,6.133432,-274.27125646175006,-105.84379851670289,453.3684827599637,0.351592,-0.611319,0.615857,0.351273,0.910167,-1.582524,1.59427,-0.279102,-0.097083,0.45956,0.659026,-3.040876,0.079143
353,1776231670157,6.144544,-273.99337611490694,-105.84898851949194,453.3679811703094,0.351501,-0.611262,0.615954,0.351293,0.909922,-1.58236,1.594505,-0.278827,-0.097089,0.459563,0.65907,-3.040811,0.079168
354,1776231670168,6.155655,-273.4581947475456,-105.8365192408268,453.3517214254991,0.351526,-0.611262,0.616001,0.351186,0.910034,-1.582441,1.594709,-0.278297,-0.097079,0.459553,0.658985,-3.040861,0.079178
355,1776231670179,6.166766,-273.2067324451787,-105.83445870740807,453.3548683798396,0.351535,-0.611298,0.615881,0.351326,0.909995,-1.582427,1.594291,-0.278048,-0.097078,0.459559,0.658979,-3.040829,0.079152
356,1776231670190,6.177877,-272.95002184564737,-105.84791598469216,453.36775824569855,0.351486,-0.611289,0.615952,0.351265,0.909895,-1.582452,1.594521,-0.277794,-0.097092,0.459575,0.659033,-3.040818,0.079141
357,1776231670201,6.188988,-272.4442800201435,-105.83431128753934,453.393628412913,0.351425,-0.611345,0.615867,0.351375,0.909691,-1.582513,1.594218,-0.277293,-0.097081,0.459606,0.658909,-3.040648,0.079092
358,1776231670213,6.2001,-272.4442800201435,-105.83431128753934,453.393628412913,0.351415,-0.611335,0.615953,0.351254,0.909716,-1.582577,1.594533,-0.277293,-0.097081,0.459606,0.658909,-3.040648,0.079092
359,1776231670224,6.211211,-272.01119805611927,-105.82819549813983,453.3708117352737,0.351484,-0.611304,0.615927,0.351285,0.909883,-1.582475,1.594442,-0.276864,-0.097077,0.459588,0.658924,-3.040741,0.079166
360,1776231670235,6.222322,-271.5951986193331,-105.8314207835749,453.3430509461187,0.351513,-0.611327,0.615879,0.3513,0.90995,-1.582522,1.594306,-0.276452,-0.097082,0.459565,0.659005,-3.040771,0.07918
361,1776231670246,6.233433,-271.3889856108493,-105.85117205553885,453.3424771158531,0.351504,-0.611407,0.61582,0.351273,0.909939,-1.58275,1.594173,-0.276248,-0.097102,0.459567,0.659087,-3.040806,0.079171
362,1776231670257,6.244544,-270.97940478296823,-105.83254057596965,453.36490666206385,0.351388,-0.611339,0.615877,0.351407,0.909579,-1.582473,1.594218,-0.275842,-0.097086,0.459593,0.659019,-3.040632,0.079142
363,1776231670268,6.255656,-270.7866011522913,-105.83363315906793,453.3619231035918,0.351407,-0.611356,0.615849,0.351406,0.90963,-1.582518,1.594148,-0.275651,-0.097088,0.459592,0.659036,-3.04063,0.07913
364,1776231670279,6.266767,-270.6191792930964,-105.82446851726662,453.3553953933357,0.351555,-0.611331,0.61583,0.351336,0.910044,-1.582505,1.594152,-0.275485,-0.09708,0.459587,0.658993,-3.040707,0.079163
365,1776231670290,6.277878,-270.2476881009218,-105.8308077312034,453.36676175266723,0.351533,-0.611291,0.615884,0.351334,0.909988,-1.582403,1.594292,-0.275117,-0.097088,0.459602,0.659009,-3.04058,0.079142
366,1776231670301,6.288989,-270.0861604083649,-105.83512379957877,453.36713326740636,0.35146,-0.611314,0.615895,0.351347,0.909792,-1.582453,1.594312,-0.274957,-0.097093,0.459604,0.659032,-3.040604,0.07912
367,1776231670313,6.300101,-269.77121300492723,-105.84272877459853,453.34883970410544,0.351412,-0.611257,0.615948,0.3514,0.909647,-1.582267,1.594409,-0.274645,-0.097102,0.459589,0.659075,-3.040614,0.078944
368,1776231670324,6.311212,-269.6157305193184,-105.84912234196703,453.3624037208342,0.351388,-0.611372,0.615845,0.351406,0.909581,-1.582557,1.594138,-0.274491,-0.097109,0.459604,0.659,-3.040608,0.07886
369,1776231670335,6.322323,-269.4733709333015,-105.85557942192744,453.36903423767296,0.351278,-0.61126,0.615914,0.351589,0.909216,-1.58213,1.594176,-0.27435,-0.097116,0.459612,0.659049,-3.040565,0.078832
370,1776231670346,6.333434,-269.2011394951723,-105.84157181653184,453.3557477476775,0.351367,-0.611315,0.615897,0.351436,0.909512,-1.582388,1.594248,-0.27408,-0.097104,0.459601,0.659065,-3.040553,0.078857
371,1776231670357,6.344545,-269.0833018977761,-105.82636579611973,453.3408734788807,0.351445,-0.611159,0.615998,0.351452,0.909707,-1.581971,1.594497,-0.273963,-0.09709,0.459587,0.659055,-3.040607,0.078902
372,1776231670368,6.355657,-268.87650054925473,-105.8251468148631,453.30473413617847,0.351608,-0.611273,0.615906,0.351251,0.910218,-1.58242,1.594413,-0.273758,-0.09709,0.459553,0.659144,-3.040685,0.078912
373,1776231670379,6.366768,-268.7757922513,-105.81210361991572,453.3021062429626,0.35155,-0.61136,0.615784,0.351371,0.910015,-1.582555,1.594006,-0.273658,-0.097078,0.459551,0.659255,-3.040675,0.078962
374,1776231670390,6.377879,-268.67285984991645,-105.81459916060149,453.29813091991736,0.351635,-0.611288,0.615831,0.35133,0.910253,-1.582399,1.59416,-0.273556,-0.097081,0.459548,0.659399,-3.040631,0.078961
375,1776231670401,6.38899,-268.49982471974124,-105.77933061131034,453.2812226607521,0.351505,-0.611365,0.615823,0.351339,0.909911,-1.582592,1.594131,-0.273384,-0.097048,0.459532,0.659286,-3.040744,0.079003
376,1776231670413,6.400101,-268.42318069111,-105.7778261956274,453.26949323805314,0.351581,-0.611179,0.61592,0.351418,0.910076,-1.582049,1.594322,-0.273308,-0.097047,0.459521,0.659456,-3.040741,0.079022
377,1776231670424,6.411212,-268.33871773747217,-105.75760812429068,453.2833374557224,0.351483,-0.6112,0.616006,0.351327,0.909861,-1.582174,1.594613,-0.273224,-0.097028,0.459535,0.659443,-3.040669,0.078994
378,1776231670435,6.422324,-268.20711734372384,-105.71739101880704,453.2780206246687,0.351557,-0.611236,0.615857,0.351452,0.909997,-1.582171,1.594133,-0.273093,-0.09699,0.45953,0.659469,-3.040715,0.079021
379,1776231670446,6.433435,-268.1256987040138,-105.69614740464841,453.2838432597698,0.351404,-0.611241,0.615897,0.351525,0.909571,-1.582129,1.594181,-0.273012,-0.09697,0.459536,0.659593,-3.04066,0.079014
380,1776231670457,6.444546,-267.9931367885869,-105.6528049218711,453.28970754355333,0.3514,-0.611248,0.615905,0.351505,0.909568,-1.582162,1.594217,-0.27288,-0.096929,0.459542,0.659589,-3.040637,0.07897
381,1776231670468,6.455657,-267.9512648198095,-105.61624634030261,453.28103486216907,0.351582,-0.611145,0.615881,0.351544,0.910021,-1.581865,1.594125,-0.272838,-0.096894,0.459533,0.659559,-3.040682,0.079008
382,1776231670479,6.466769,-267.89409835458974,-105.59203512137312,453.27097141320996,0.351483,-0.611052,0.61613,0.351367,0.909844,-1.581761,1.594905,-0.272781,-0.096871,0.459523,0.659488,-3.040709,0.078995
383,1776231670490,6.47788,-267.7972726372362,-105.5167594819854,453.2666974742756,0.351475,-0.611044,0.616042,0.351545,0.909744,-1.581604,1.59454,-0.272684,-0.096799,0.459518,0.659508,-3.040725,0.079029
384,1776231670501,6.488991,-267.764547980942,-105.47507171094882,453.2662884111013,0.351507,-0.611195,0.615987,0.351345,0.909916,-1.582147,1.594551,-0.272651,-0.096759,0.459517,0.659409,-3.040804,0.079035
385,1776231670513,6.500102,-267.69757031987456,-105.3553872361287,453.2581362787936,0.351507,-0.611139,0.615984,0.351447,0.909872,-1.581925,1.594465,-0.272583,-0.096644,0.459507,0.6593,-3.040833,0.079061
386,1776231670524,6.511214,-267.65393396929954,-105.30014707379914,453.26095251229344,0.351578,-0.611152,0.61593,0.351448,0.910054,-1.581957,1.594326,-0.272539,-0.096591,0.459509,0.659297,-3.040818,0.079097
387,1776231670535,6.522325,-267.618324159195,-105.24806840533482,453.26578836305066,0.351511,-0.611186,0.615933,0.351451,0.909879,-1.582044,1.594331,-0.272503,-0.096541,0.459513,0.659282,-3.040838,0.079106
388,1776231670546,6.533436,-267.5404095203272,-105.1169006934019,453.2668826908784,0.351657,-0.611124,0.615876,0.351514,0.91023,-1.581835,1.594134,-0.272424,-0.096415,0.459512,0.659326,-3.040768,0.079127
389,1776231670557,6.544547,-267.5260786899497,-105.05769212238428,453.2488145381191,0.351688,-0.611115,0.615903,0.351451,0.910336,-1.581858,1.594253,-0.272409,-0.096358,0.459493,0.659437,-3.040857,0.079081
390,1776231670568,6.555659,-267.50406936174755,-104.96939757500732,453.2565377634879,0.351623,-0.611097,0.615924,0.351509,0.910144,-1.581768,1.594263,-0.272386,-0.096273,0.459499,0.659348,-3.040893,0.07913
391,1776231670579,6.56677,-267.4295461457508,-104.8112800775476,453.28448539808653,0.351558,-0.611105,0.615912,0.351581,0.909944,-1.581735,1.594177,-0.27231,-0.096121,0.459524,0.659247,-3.040742,0.079062
392,1776231670590,6.577881,-267.42481113878284,-104.71375308187176,453.27234787158955,0.351521,-0.611046,0.615975,0.351613,0.909833,-1.581556,1.594313,-0.272304,-0.096027,0.45951,0.65928,-3.040822,0.079064
393,1776231670601,6.588992,-267.3933110808872,-104.50714444864806,453.2643011705907,0.351655,-0.611095,0.615935,0.351463,0.910248,-1.581798,1.594327,-0.27227,-0.095828,0.459498,0.659293,-3.040905,0.079128
394,1776231670613,6.600104,-267.38059523129124,-104.40333747409643,453.26536527943034,0.351554,-0.611006,0.616038,0.351537,0.909952,-1.581513,1.594536,-0.272256,-0.095728,0.459497,0.659293,-3.040902,0.079131
395,1776231670624,6.611215,-267.3497402422237,-104.2983783390072,453.284486152443,0.351634,-0.611075,0.615989,0.351423,0.910211,-1.581777,1.594496,-0.272224,-0.095627,0.459514,0.659278,-3.040814,0.079135
396,1776231670635,6.622326,-267.3217272340062,-104.05857543222248,453.27516386148443,0.351566,-0.611098,0.615975,0.351475,0.910011,-1.581797,1.594421,-0.272193,-0.095396,0.4595,0.659249,-3.04087,0.079164
397,1776231670646,6.633438,-267.29110213842534,-103.93701120523282,453.29464334198826,0.351505,-0.611182,0.615947,0.351441,0.909867,-1.582042,1.594374,-0.272161,-0.095279,0.459517,0.659258,-3.040811,0.079106
398,1776231670657,6.644549,-267.29194833371275,-103.65275520105784,453.27338600185226,0.351563,-0.611273,0.61587,0.351361,0.910052,-1.582336,1.594236,-0.272158,-0.095005,0.45949,0.659134,-3.04096,0.079128
399,1776231670668,6.65566,-267.2769692428328,-103.49392360768529,453.27056617552324,0.35147,-0.611237,0.615925,0.351418,0.909789,-1.5822,1.594333,-0.272141,-0.094852,0.459484,0.659003,-3.040973,0.079164
400,1776231670679,6.666771,-267.27500444296595,-103.34243145037966,453.281840528978,0.351588,-0.611258,0.615892,0.351321,0.910135,-1.58233,1.594325,-0.272137,-0.094706,0.459492,0.658944,-3.040957,0.079136
401,1776231670690,6.677883,-267.2632882037049,-103.01966216135075,453.2805267622056,0.351654,-0.611074,0.616035,0.351326,0.910305,-1.581847,1.594689,-0.272121,-0.094395,0.459484,0.659001,-3.040965,0.079196
402,1776231670701,6.688994,-267.23927136867263,-102.85867791830619,453.3059751028859,0.351665,-0.611107,0.615972,0.351367,0.910314,-1.581903,1.594496,-0.272095,-0.09424,0.459506,0.659062,-3.040874,0.079149
403,1776231670713,6.700105,-267.22277721054706,-102.51819565712329,453.2919077068593,0.351701,-0.611122,0.615983,0.351286,0.910442,-1.582002,1.594586,-0.272074,-0.093912,0.459485,0.6592,-3.040905,0.079171
404,1776231670724,6.711216,-267.22362455840755,-102.31063849034075,453.29939337359144,0.351638,-0.611052,0.616065,0.351326,0.910263,-1.581792,1.594769,-0.272072,-0.093712,0.459488,0.659085,-3.040905,0.079224
405,1776231670735,6.722328,-267.22431976036046,-102.11448612458261,453.3096724057187,0.351635,-0.611107,0.616052,0.351258,0.910283,-1.581984,1.594785,-0.27207,-0.093523,0.459494,0.659015,-3.04094,0.079238
406,1776231670746,6.733439,-267.2169386462343,-101.70133470552341,453.30740806152284,0.35167,-0.611195,0.615973,0.351208,0.910396,-1.58225,1.594619,-0.272057,-0.093125,0.459483,0.658965,-3.040974,0.079224
407,1776231670757,6.74455,-267.2178239398231,-101.49269548045054,453.32101709345005,0.351719,-0.611222,0.615953,0.351145,0.910552,-1.582369,1.594617,-0.272055,-0.092924,0.459492,0.658966,-3.040979,0.079234
408,1776231670768,6.755662,-267.2248130966365,-101.28096348261059,453.31153023066724,0.351701,-0.611131,0.615972,0.351288,0.910441,-1.582026,1.594557,-0.272059,-0.09272,0.459478,0.659025,-3.040988,0.079232
409,1776231670779,6.766773,-267.24246399772386,-100.81283856006112,453.28753793156545,0.351746,-0.611164,0.615986,0.351163,0.910613,-1.582205,1.594688,-0.27207,-0.092269,0.459444,0.658993,-3.041139,0.079332
410,1776231670790,6.777884,-267.2375866737493,-100.58542465477593,453.28842472728775,0.351657,-0.611094,0.61604,0.351279,0.910332,-1.581936,1.594738,-0.272062,-0.09205,0.45944,0.659136,-3.041087,0.079274
411,1776231670801,6.788995,-267.23487131939413,-100.0620647931132,453.32310689201614,0.351758,-0.611176,0.616034,0.351046,0.910695,-1.582325,1.594902,-0.272052,-0.091546,0.459463,0.659065,-3.04101,0.079309
412,1776231670813,6.800107,-267.2496136973032,-99.80459965391523,453.30568363673996,0.351691,-0.611172,0.615999,0.35118,0.910464,-1.582213,1.594709,-0.272063,-0.091298,0.45944,0.659017,-3.041048,0.07931
413,1776231670824,6.811218,-267.2473303373351,-99.53871468788506,453.31557593488674,0.351742,-0.611239,0.615925,0.351144,0.910611,-1.582413,1.594545,-0.272057,-0.091042,0.459444,0.659068,-3.041028,0.079356
414,1776231670835,6.822329,-267.25510726151236,-98.99241729449027,453.3338244096651,0.351618,-0.611142,0.616003,0.351299,0.910223,-1.582044,1.594628,-0.272057,-0.090516,0.45945,0.65905,-3.041027,0.079315
415,1776231670846,6.83344,-267.2603916536798,-98.69327705206283,453.34558739443423,0.351435,-0.611117,0.616057,0.351431,0.90969,-1.581879,1.594666,-0.272058,-0.090228,0.459455,0.659016,-3.041041,0.079329
416,1776231670857,6.844552,-267.2737558839387,-98.11364327184889,453.3627248195447,0.351679,-0.611063,0.616013,0.351357,0.910354,-1.581795,1.59461,-0.272063,-0.08967,0.459459,0.659046,-3.040999,0.079354
417,1776231670868,6.855663,-267.26784151220926,-97.82372679577749,453.38029639732724,0.351808,-0.611158,0.615997,0.351091,0.910807,-1.582245,1.594771,-0.272053,-0.089391,0.45947,0.659086,-3.041008,0.079314
418,1776231670879,6.866774,-267.26820383709975,-97.51927416760059,453.387165357006,0.351777,-0.611234,0.615916,0.351132,0.910709,-1.582411,1.59453,-0.272049,-0.089098,0.45947,0.659045,-3.040988,0.079312
419,1776231670890,6.877885,-267.2895572310332,-96.88234597657419,453.38968084352473,0.351764,-0.611215,0.615976,0.351073,0.910699,-1.582407,1.594732,-0.272061,-0.088485,0.459458,0.659006,-3.04108,0.079277
420,1776231670901,6.888996,-267.27683875235766,-96.57775297325263,453.3975027236621,0.351767,-0.61123,0.61588,0.351212,0.910647,-1.582339,1.594377,-0.272044,-0.088192,0.459459,0.659034,-3.041017,0.079223
421,1776231670913,6.900108,-267.2851358221507,-95.94164922675007,453.4242458804767,0.351829,-0.611289,0.615875,0.351056,0.910876,-1.58261,1.594484,-0.272043,-0.08758,0.459471,0.659055,-3.041026,0.079216
422,1776231670924,6.911219,-267.27096848113445,-95.60059710134811,453.4551687221728,0.351724,-0.611229,0.61592,0.351187,0.910547,-1.582355,1.594499,-0.272024,-0.087252,0.459494,0.659057,-3.040933,0.079244
423,1776231670935,6.92233,-267.28209521109693,-95.25652327941913,453.46017795677034,0.351452,-0.611223,0.615953,0.351412,0.909744,-1.582168,1.594412,-0.27203,-0.086921,0.459491,0.658975,-3.040998,0.07922
424,1776231670946,6.933441,-267.28329076614125,-94.56194668548216,453.4934428068132,0.351527,-0.611126,0.616063,0.351312,0.909981,-1.581994,1.594773,-0.272021,-0.086253,0.459508,0.658925,-3.040926,0.079207
425,1776231670957,6.944552,-267.29165334446,-94.20321136597637,453.493796586685,0.351314,-0.611076,0.616133,0.35149,0.909353,-1.581728,1.594819,-0.272024,-0.085908,0.4595,0.65887,-3.04094,0.079201
426,1776231670968,6.955664,-267.306454828526,-93.48252000785716,453.51484188731627,0.351527,-0.611062,0.616133,0.351301,0.909987,-1.581837,1.594963,-0.272028,-0.085215,0.459504,0.658863,-3.040894,0.079186
427,1776231670979,6.966775,-267.309043826703,-93.1080621463556,453.52972904042076,0.351435,-0.611121,0.616009,0.351508,0.909657,-1.581832,1.594484,-0.272025,-0.084855,0.45951,0.658862,-3.040886,0.079217
428,1776231670990,6.977886,-267.31753499345695,-92.74504242864295,453.5424169232506,0.351451,-0.611201,0.615961,0.351437,0.909729,-1.582093,1.594415,-0.272028,-0.084506,0.459514,0.658906,-3.040916,0.079154
429,1776231671001,6.988997,-267.31152041544135,-92.00735946867168,453.57195238379785,0.351614,-0.61121,0.615976,0.351233,0.91024,-1.582269,1.594608,-0.272011,-0.083797,0.459526,0.658954,-3.040866,0.079146
430,1776231671013,7.000109,-267.32148259666286,-91.61719691525141,453.57730823391904,0.351436,-0.611183,0.61595,0.351502,0.909662,-1.581997,1.594335,-0.272015,-0.083422,0.459522,0.658926,-3.040812,0.07917
431,1776231671024,7.01122,-267.3320767931102,-91.25301859129853,453.5800616508904,0.351626,-0.611192,0.615936,0.351321,0.910235,-1.582159,1.594437,-0.27202,-0.083072,0.459516,0.65903,-3.040859,0.079143
432,1776231671035,7.022331,-267.3276985233882,-90.48282810930573,453.61768874030275,0.35149,-0.611276,0.615896,0.351382,0.909855,-1.582329,1.594287,-0.272004,-0.082332,0.459535,0.658924,-3.04079,0.079067
433,1776231671046,7.033442,-267.35299185497973,-90.0853075270042,453.6184630737255,0.351609,-0.611203,0.615932,0.351326,0.910187,-1.582182,1.594425,-0.272023,-0.08195,0.459526,0.658902,-3.040877,0.079086
434,1776231671057,7.044554,-267.3588347730242,-89.31391741203763,453.64732263437776,0.351552,-0.611274,0.615805,0.351481,0.909974,-1.582248,1.593978,-0.272017,-0.081209,0.459536,0.659007,-3.040829,0.079107
435,1776231671068,7.055665,-267.37190694833413,-88.92664974842546,453.6346818766024,0.351398,-0.611078,0.615972,0.351683,0.909486,-1.581588,1.594255,-0.272024,-0.080837,0.459514,0.65905,-3.040856,0.079103
436,1776231671079,7.066776,-267.36790737787794,-88.53407773118576,453.66038422469217,0.351591,-0.611075,0.615979,0.351484,0.910072,-1.581731,1.594425,-0.272014,-0.08046,0.45953,0.659115,-3.040798,0.079159
437,1776231671090,7.077888,-267.40638969931905,-87.75109347147507,453.6477201117449,0.351667,-0.611078,0.615927,0.351495,0.910265,-1.58173,1.59428,-0.27204,-0.079708,0.459498,0.659211,-3.040914,0.079206
438,1776231671101,7.088999,-267.4024107271644,-87.36050466100247,453.6643737441849,0.351718,-0.611091,0.615892,0.351483,0.910401,-1.581771,1.594198,-0.27203,-0.079333,0.459505,0.659242,-3.040877,0.079208
439,1776231671113,7.10011,-267.4194928151644,-86.59599163759599,453.6744143422554,0.351649,-0.611161,0.615846,0.351509,0.910211,-1.581934,1.59406,-0.272035,-0.078599,0.459496,0.659419,-3.040917,0.079228
440,1776231671124,7.111221,-267.42467307641084,-86.20429742371839,453.6620005484314,0.351714,-0.611188,0.61582,0.351444,0.910407,-1.582054,1.594042,-0.272034,-0.078223,0.459474,0.659336,-3.040986,0.079273
441,1776231671135,7.122332,-267.44931025895903,-85.79701380973728,453.65730258696414,0.351616,-0.611099,0.615939,0.351489,0.910133,-1.581787,1.594317,-0.272052,-0.077832,0.459459,0.659301,-3.041101,0.07923
442,1776231671146,7.133444,-267.4692293301916,-84.9895321305186,453.6666660510662,0.351584,-0.611052,0.615975,0.351539,0.91003,-1.581628,1.594373,-0.272059,-0.077057,0.459448,0.659216,-3.041156,0.079247
443,1776231671157,7.144555,-267.4594060605074,-84.59244992831127,453.6906793758811,0.351591,-0.611067,0.615952,0.351545,0.910045,-1.581662,1.594308,-0.272043,-0.076676,0.459462,0.659193,-3.041127,0.079208
444,1776231671168,7.155666,-267.47528767772786,-83.79101294765367,453.70809605350667,0.351566,-0.611125,0.615934,0.351501,0.91,-1.581848,1.594295,-0.272046,-0.075907,0.459459,0.659187,-3.041094,0.079249
445,1776231671179,7.166777,-267.4849467959854,-83.37930530179173,453.7085646085272,0.351805,-0.611186,0.615891,0.351232,0.910736,-1.58221,1.594389,-0.272049,-0.075512,0.459449,0.659139,-3.041149,0.079253
446,1776231671190,7.177889,-267.4855962720314,-82.9633678450435,453.7272370006607,0.351673,-0.611196,0.615881,0.351365,0.910336,-1.582133,1.594262,-0.272043,-0.075113,0.459457,0.659114,-3.0411,0.079182
447,1776231671201,7.189,-267.4948977380654,-82.1397569142528,453.7413316318108,0.351813,-0.611124,0.615899,0.351317,0.910721,-1.581984,1.594344,-0.272039,-0.074323,0.45945,0.659146,-3.041078,0.079236
448,1776231671213,7.200111,-267.5034459610131,-81.73834300901395,453.7547680551301,0.351702,-0.611191,0.615862,0.351377,0.910406,-1.582111,1.594203,-0.272041,-0.073938,0.459453,0.659314,-3.041067,0.079272
449,1776231671224,7.211222,-267.51625764500596,-81.3243958220395,453.76053045203844,0.351874,-0.611203,0.615827,0.351244,0.91091,-1.582245,1.594216,-0.272047,-0.073541,0.459448,0.659366,-3.041046,0.079329
450,1776231671235,7.222334,-267.51545065311007,-80.50884761089581,453.7947120869487,0.351707,-0.611223,0.61585,0.351336,0.910437,-1.582225,1.594205,-0.272033,-0.072759,0.459461,0.659286,-3.041011,0.07928
451,1776231671246,7.233445,-267.5120392025899,-80.10102012976176,453.8102905809276,0.351577,-0.611162,0.615867,0.351542,0.910011,-1.581912,1.594091,-0.272023,-0.072368,0.459466,0.659347,-3.040937,0.079286
452,1776231671257,7.244556,-267.5384618243869,-79.2947530873179,453.8326242437219,0.351586,-0.611163,0.615875,0.351519,0.910045,-1.581931,1.594129,-0.272036,-0.071595,0.459467,0.659343,-3.041016,0.079294
453,1776231671268,7.255667,-267.53178915258377,-78.90352086022685,453.84174526238587,0.35146,-0.611155,0.615939,0.351546,0.909705,-1.581891,1.594274,-0.272023,-0.07122,0.459466,0.65932,-3.040981,0.079231
454,1776231671279,7.266778,-267.5587981625132,-78.49356610058274,453.8427351327528,0.351607,-0.611233,0.615859,0.351402,0.910149,-1.582202,1.594177,-0.272043,-0.070827,0.459456,0.659339,-3.041085,0.079195
455,1776231671290,7.27789,-267.57351354682237,-77.66929315409655,453.84641363919775,0.3517,-0.611191,0.615897,0.351318,0.910428,-1.582157,1.59434,-0.272044,-0.070037,0.459438,0.659182,-3.041163,0.079222
456,1776231671302,7.289001,-267.58661072376566,-77.24773508563442,453.85871652847027,0.351573,-0.611242,0.615917,0.35132,0.910098,-1.582287,1.594388,-0.27205,-0.069633,0.459439,0.659056,-3.0412,0.079209
457,1776231671313,7.300112,-267.60009132426154,-76.80423012823547,453.87163367389087,0.35158,-0.61117,0.615952,0.351377,0.910091,-1.582059,1.594435,-0.272056,-0.069208,0.45944,0.658936,-3.041168,0.079237
458,1776231671324,7.311223,-267.61625942180785,-75.9609356530187,453.8972590197185,0.351603,-0.611178,0.61595,0.351344,0.910165,-1.582102,1.594457,-0.272058,-0.0684,0.459443,0.658846,-3.041197,0.079288
459,1776231671335,7.322334,-267.6465064908958,-75.54554999765755,453.8905584499911,0.351589,-0.611245,0.615886,0.351353,0.910124,-1.58227,1.594285,-0.272081,-0.068002,0.459425,0.658871,-3.041244,0.079363
460,1776231671346,7.333446,-267.65959546897653,-74.71042282737501,453.90800406195984,0.35161,-0.611265,0.615875,0.351318,0.910194,-1.582348,1.594282,-0.27208,-0.067202,0.45942,0.658855,-3.041263,0.079399
461,1776231671357,7.344557,-267.669754205265,-74.28969231635625,453.91942442297403,0.351597,-0.611283,0.615858,0.351329,0.910155,-1.582386,1.594231,-0.272083,-0.066799,0.45942,0.658859,-3.041279,0.079353
462,1776231671368,7.355668,-267.6907696498422,-73.88565580058697,453.90633897771625,0.351527,-0.611211,0.615887,0.351474,0.909912,-1.58209,1.594193,-0.272097,-0.066412,0.459396,0.659066,-3.041285,0.079431
463,1776231671379,7.366779,-267.6959555354483,-73.04612073069697,453.94317524517163,0.351453,-0.611201,0.615923,0.351501,0.909707,-1.582044,1.594265,-0.272088,-0.065608,0.45941,0.658969,-3.041262,0.07939
464,1776231671390,7.377891,-267.69784910631233,-72.6388457384186,453.96935898140015,0.351527,-0.611235,0.615886,0.351433,0.909928,-1.582184,1.594223,-0.272083,-0.065218,0.459425,0.659058,-3.041223,0.079343
465,1776231671402,7.389002,-267.69481106870046,-71.81167770047674,454.0119369942129,0.351468,-0.611172,0.615919,0.351543,0.909726,-1.581937,1.594225,-0.272066,-0.064426,0.459445,0.659168,-3.041094,0.079286
466,1776231671413,7.400113,-267.7108503765117,-71.40748218546643,454.0251793376414,0.351591,-0.611208,0.615865,0.351453,0.910087,-1.582098,1.594153,-0.272075,-0.064039,0.459447,0.659278,-3.041081,0.079318
467,1776231671424,7.411224,-267.69587057827005,-70.98441806281366,454.0486035372164,0.351601,-0.611278,0.615787,0.351458,0.910108,-1.582275,1.593946,-0.272053,-0.063634,0.459459,0.659284,-3.040998,0.079251
468,1776231671435,7.422335,-267.710854321088,-70.17379454753545,454.0719766327581,0.351642,-0.611184,0.615788,0.351579,0.910163,-1.581939,1.593856,-0.272054,-0.062858,0.45946,0.659536,-3.040937,0.079319
469,1776231671446,7.433446,-267.7181301492815,-69.75277612173375,454.081597148838,0.351531,-0.611237,0.615853,0.351483,0.909916,-1.582151,1.5941,-0.272054,-0.062455,0.459458,0.659429,-3.040975,0.079332
470,1776231671457,7.444558,-267.6979767015193,-68.93048866866548,454.1543713446594,0.351534,-0.611265,0.615783,0.351555,0.909894,-1.582167,1.593861,-0.27202,-0.061668,0.459508,0.659309,-3.040813,0.079156
471,1776231671468,7.455669,-267.7154607432089,-68.50627621505423,454.1592455346629,0.351512,-0.611298,0.61579,0.351507,0.909858,-1.58229,1.593916,-0.27203,-0.061262,0.459501,0.659284,-3.040881,0.07914
472,1776231671479,7.46678,-267.72159276287033,-68.09561313259533,454.1676362918827,0.351476,-0.611355,0.615772,0.351476,0.909778,-1.58246,1.593894,-0.272029,-0.060869,0.459498,0.659379,-3.040886,0.079162
473,1776231671490,7.477891,-267.73559627521604,-67.23451068128203,454.1957032387805,0.351523,-0.611416,0.615725,0.351403,0.909932,-1.582676,1.593829,-0.272028,-0.060045,0.459502,0.659139,-3.040921,0.079159
474,1776231671502,7.489002,-267.73984916886593,-66.81750991379492,454.2164190885102,0.351487,-0.611372,0.615798,0.351389,0.909843,-1.582571,1.59403,-0.272025,-0.059646,0.459511,0.659135,-3.040893,0.079145
475,1776231671513,7.500114,-267.75135345980874,-65.98762382362855,454.22754455315925,0.351439,-0.611397,0.615782,0.351422,0.909707,-1.582611,1.593961,-0.272022,-0.058852,0.459499,0.659171,-3.040886,0.079136
476,1776231671524,7.511225,-267.74467282122,-65.56114826680745,454.26860776248475,0.35157,-0.61135,0.615746,0.351436,0.910039,-1.582478,1.593858,-0.272008,-0.058444,0.459528,0.659118,-3.040795,0.079092
477,1776231671535,7.522336,-267.7538659057144,-65.15347236045642,454.2669983385371,0.351477,-0.611333,0.615773,0.35151,0.909765,-1.58238,1.593872,-0.27201,-0.058054,0.459515,0.659248,-3.040782,0.079109
478,1776231671546,7.533447,-267.7557951517591,-64.29728832341331,454.31621898817207,0.351481,-0.611407,0.615669,0.351559,0.909755,-1.582533,1.593564,-0.271997,-0.057235,0.45954,0.659161,-3.040717,0.079064
479,1776231671557,7.544558,-267.77630010461365,-63.88119338259493,454.3170980601737,0.351523,-0.611361,0.615728,0.351496,0.90989,-1.582461,1.593764,-0.27201,-0.056837,0.459529,0.65913,-3.04076,0.079094
480,1776231671568,7.555672,-267.7879523798882,-63.05103003296662,454.35676179312753,0.351486,-0.611362,0.615742,0.351505,0.909791,-1.582458,1.593795,-0.272007,-0.056043,0.459545,0.65912,-3.040711,0.079089
481,1776231671579,7.566783,-267.82050660861034,-62.642194899583735,454.3445573547267,0.351562,-0.611386,0.61567,0.351513,0.909985,-1.582513,1.593602,-0.272032,-0.055652,0.459521,0.659236,-3.040832,0.079115
482,1776231671590,7.577894,-267.8083101123288,-62.2458868151515,454.3666413310761,0.351535,-0.6115,0.61557,0.351518,0.909912,-1.582804,1.59334,-0.272013,-0.055273,0.459532,0.659207,-3.040772,0.079053
483,1776231671602,7.589005,-267.83505824694004,-61.42498707377737,454.3720845949825,0.351666,-0.61154,0.615524,0.351397,0.910303,-1.583001,1.593313,-0.272025,-0.054488,0.459514,0.659222,-3.040866,0.079134
484,1776231671613,7.600117,-267.83735693654404,-61.01189858260152,454.38987207791644,0.351598,-0.611441,0.615651,0.351417,0.910119,-1.582728,1.593626,-0.27202,-0.054093,0.45952,0.659237,-3.040844,0.079128
485,1776231671624,7.611228,-267.85470062710243,-60.60715755334628,454.3985960815493,0.351594,-0.611528,0.615626,0.351312,0.910155,-1.583034,1.593643,-0.27203,-0.053706,0.459517,0.659134,-3.0409,0.079135
486,1776231671635,7.622339,-267.88422073203486,-59.74846644830542,454.4174050157022,0.351674,-0.611484,0.615693,0.351191,0.910416,-1.583013,1.593908,-0.272044,-0.052885,0.459511,0.658972,-3.040951,0.079118
487,1776231671646,7.633451,-267.8784935562758,-59.33322114212666,454.4281120310553,0.351588,-0.611422,0.615748,0.351288,0.910149,-1.582779,1.593977,-0.272031,-0.052488,0.45951,0.659042,-3.040917,0.079113
488,1776231671657,7.644562,-267.90308177184755,-58.47024460225033,454.4510954939774,0.351653,-0.611533,0.615631,0.351235,0.91034,-1.583105,1.593715,-0.27204,-0.051663,0.459508,0.658917,-3.040969,0.079146
489,1776231671668,7.655673,-267.90967871527334,-58.046580920122125,454.4744093917111,0.351548,-0.611486,0.615732,0.351246,0.910064,-1.582974,1.593968,-0.272039,-0.051258,0.459519,0.658906,-3.040909,0.079151
490,1776231671679,7.666784,-267.9185544458237,-57.60929967109051,454.48806689810846,0.351448,-0.611425,0.615774,0.351379,0.909747,-1.582715,1.593973,-0.27204,-0.05084,0.45952,0.6588,-3.040954,0.079133
491,1776231671690,7.677895,-267.92854499273074,-56.77340462930651,454.51923493033854,0.351512,-0.611462,0.615708,0.351366,0.909918,-1.582822,1.593813,-0.272035,-0.050041,0.459527,0.658941,-3.04089,0.079106
492,1776231671702,7.689007,-267.9442521630195,-56.351764060404825,454.51442573982115,0.351454,-0.611471,0.615769,0.351301,0.909798,-1.582894,1.594021,-0.272043,-0.049638,0.45951,0.658826,-3.04099,0.079105
493,1776231671713,7.700118,-267.9717315131301,-55.50321479156628,454.5402772013558,0.351549,-0.611424,0.615756,0.35131,0.910041,-1.582766,1.593981,-0.272055,-0.048827,0.459511,0.658906,-3.04102,0.079118
494,1776231671724,7.711229,-267.97926393842056,-55.08677214162845,454.55339490322194,0.35156,-0.611443,0.615723,0.351325,0.910062,-1.582803,1.593882,-0.272055,-0.048429,0.459512,0.658977,-3.040991,0.079097
495,1776231671735,7.72234,-267.98170134200404,-54.67241428590913,454.56334603597287,0.351518,-0.611453,0.615734,0.351331,0.90995,-1.582824,1.593906,-0.27205,-0.048033,0.45951,0.659061,-3.040938,0.079143
496,1776231671746,7.733451,-267.9916402214966,-53.84470492113375,454.58233021222094,0.351571,-0.611421,0.615689,0.351411,0.910053,-1.582682,1.593729,-0.272045,-0.047242,0.459505,0.659259,-3.0409,0.07921
497,1776231671757,7.744563,-267.98595393687725,-53.43241645350266,454.6011988263775,0.351522,-0.611406,0.615677,0.351507,0.909883,-1.58257,1.593624,-0.272032,-0.046848,0.459512,0.659302,-3.040817,0.079164
498,1776231671768,7.755674,-267.9965026864907,-52.62871187500355,454.62763915222945,0.351533,-0.611304,0.615789,0.351476,0.909926,-1.582331,1.59394,-0.272028,-0.04608,0.459515,0.659424,-3.040762,0.079139
499,1776231671779,7.766785,-268.0027228871035,-52.231028008553835,454.62713659585097,0.351575,-0.611354,0.61575,0.351417,0.91006,-1.582503,1.593883,-0.272027,-0.0457,0.459503,0.659472,-3.040811,0.07911
500,1776231671790,7.777896,-268.01435556554765,-51.81449084847354,454.63839395405273,0.351539,-0.611427,0.615731,0.351359,0.909993,-1.582736,1.593878,-0.272031,-0.045302,0.459502,0.659366,-3.04085,0.079089
501,1776231671802,7.789007,-268.0216567016197,-50.968850546903745,454.6660655659145,0.351441,-0.611393,0.615798,0.351399,0.90972,-1.582619,1.594021,-0.272023,-0.044494,0.459505,0.659248,-3.040832,0.079094
502,1776231671813,7.800119,-268.03250207450355,-50.54077268701552,454.68474164872396,0.351395,-0.611467,0.615771,0.351363,0.909619,-1.582836,1.59398,-0.272026,-0.044085,0.459511,0.659119,-3.040851,0.079096
503,1776231671824,7.81123,-268.0309272269538,-50.1273577939201,454.7027765867775,0.351365,-0.611423,0.615808,0.351404,0.909523,-1.582692,1.594044,-0.272017,-0.04369,0.459517,0.659095,-3.040826,0.079083
504,1776231671835,7.822341,-268.05564586238427,-49.273242013662404,454.72502247347785,0.351391,-0.611419,0.615788,0.351419,0.909583,-1.582671,1.59398,-0.272026,-0.042874,0.459514,0.659048,-3.040891,0.079083
505,1776231671846,7.833453,-268.06766035238593,-48.837795429007635,454.7207444533353,0.351308,-0.611442,0.615815,0.351417,0.909369,-1.58273,1.594051,-0.27203,-0.042458,0.459497,0.658873,-3.040973,0.079128
506,1776231671857,7.844564,-268.09447364883334,-47.98152828959127,454.7411259178684,0.35144,-0.611373,0.615866,0.351315,0.909756,-1.582631,1.594261,-0.272041,-0.04164,0.459492,0.658945,-3.040971,0.079205
507,1776231671868,7.855675,-268.105353001943,-47.55338843919705,454.76087626826137,0.35146,-0.611327,0.615865,0.351379,0.909778,-1.582462,1.594208,-0.272044,-0.041231,0.459499,0.65887,-3.040973,0.079183
508,1776231671879,7.866787,-268.11906709754055,-47.136747549602354,454.7621744420644,0.35152,-0.6113,0.615925,0.351258,0.909988,-1.582484,1.594457,-0.27205,-0.040833,0.459488,0.65891,-3.040998,0.079265
509,1776231671890,7.877898,-268.14518632029336,-46.32019630124913,454.7652898331853,0.351409,-0.611336,0.615926,0.351305,0.909678,-1.582542,1.594424,-0.272061,-0.040053,0.459467,0.658966,-3.041099,0.07923
510,1776231671902,7.889009,-268.14848749123786,-45.91926176409066,454.7780731089763,0.351403,-0.611369,0.615875,0.351344,0.909647,-1.582598,1.594262,-0.272057,-0.03967,0.459468,0.658943,-3.041076,0.079217
511,1776231671913,7.90012,-268.1602467721249,-45.49945856410332,454.77541485592485,0.351545,-0.611269,0.616005,0.351148,0.910098,-1.582489,1.594748,-0.272061,-0.039269,0.459453,0.658914,-3.041139,0.079276
512,1776231671924,7.911232,-268.15963146094566,-44.704912598139586,454.8147939396801,0.351469,-0.611334,0.615888,0.351315,0.909831,-1.582529,1.594317,-0.272046,-0.03851,0.459469,0.658844,-3.041057,0.079217
513,1776231671935,7.922343,-268.17941123294764,-44.290310942840634,454.8202305955948,0.351474,-0.611342,0.615912,0.351255,0.90987,-1.582595,1.594427,-0.272058,-0.038114,0.459462,0.658813,-3.041115,0.079292
514,1776231671946,7.933454,-268.19445725055397,-43.4716243752892,454.85155266250433,0.351431,-0.611378,0.615842,0.351358,0.909712,-1.582609,1.594166,-0.272058,-0.037332,0.459469,0.658608,-3.041127,0.079243
515,1776231671957,7.944566,-268.19599754065837,-43.057056152516466,454.8637241724895,0.351373,-0.611358,0.615951,0.351259,0.909605,-1.582634,1.594525,-0.272052,-0.036936,0.459469,0.65852,-3.041162,0.079183
516,1776231671968,7.955677,-268.2073452037819,-42.21951794502332,454.9147389576262,0.35138,-0.611309,0.615938,0.351361,0.909579,-1.58243,1.594411,-0.272048,-0.036136,0.459495,0.658459,-3.04104,0.07918
517,1776231671979,7.966788,-268.22126884014637,-41.793390601699336,454.91336137279774,0.351257,-0.611311,0.615965,0.351431,0.90923,-1.582383,1.59443,-0.272054,-0.035729,0.459481,0.658413,-3.041101,0.079171
518,1776231671990,7.977899,-268.2250347134211,-41.368338483157295,454.9370054686733,0.351421,-0.611346,0.615926,0.351275,0.909724,-1.582592,1.594447,-0.27205,-0.035323,0.459492,0.658383,-3.041045,0.079174
519,1776231672002,7.989011,-268.244178362259,-40.5485550273603,454.974550650934,0.351372,-0.611318,0.615887,0.351441,0.909525,-1.582393,1.594218,-0.272054,-0.03454,0.459505,0.658501,-3.041048,0.079032
520,1776231672013,8.000122,-268.2552209253321,-40.11405018397313,454.9642881930174,0.35133,-0.611312,0.615887,0.351495,0.90939,-1.582335,1.594179,-0.272057,-0.034125,0.459482,0.658536,-3.041059,0.079149
521,1776231672024,8.011233,-268.26205150438614,-39.68793675257968,454.9940935175746,0.351284,-0.611464,0.615761,0.351497,0.909271,-1.582728,1.593849,-0.272056,-0.033718,0.459499,0.658528,-3.041009,0.079118
522,1776231672035,8.022344,-268.2595874895923,-38.83052125727779,455.0333473418334,0.351312,-0.611411,0.615806,0.351481,0.909351,-1.582603,1.593979,-0.272038,-0.032899,0.459513,0.658456,-3.040931,0.079067
523,1776231672046,8.033456,-268.27831946606676,-38.419023681816476,455.03973772392675,0.351597,-0.611243,0.615876,0.351366,0.91014,-1.582254,1.594249,-0.272049,-0.032506,0.459507,0.658669,-3.040962,0.079106
524,1776231672057,8.044567,-268.2930755541283,-37.562602504639145,455.0823408542479,0.351428,-0.611374,0.61579,0.351459,0.909661,-1.582523,1.593953,-0.272048,-0.031688,0.459524,0.658642,-3.040919,0.079049
525,1776231672068,8.055679,-268.2998696613543,-37.138581739364675,455.0959353772699,0.351507,-0.611317,0.615722,0.351598,0.909804,-1.58227,1.593672,-0.272047,-0.031283,0.459525,0.658717,-3.040916,0.079034
526,1776231672079,8.06679,-268.30457767066866,-36.71770904961543,455.1013174516057,0.351483,-0.611351,0.615742,0.351528,0.909774,-1.582411,1.593777,-0.272044,-0.030881,0.459518,0.658769,-3.04089,0.079057
527,1776231672090,8.077901,-268.315729335268,-35.891669065628825,455.1328624635161,0.351424,-0.611298,0.615699,0.351755,0.909521,-1.582101,1.593492,-0.27204,-0.030092,0.459525,0.658909,-3.04083,0.078997
528,1776231672102,8.089012,-268.3295827632587,-35.46972283001891,455.136440718894,0.351469,-0.611267,0.615769,0.351641,0.909687,-1.58211,1.59376,-0.272046,-0.029689,0.459516,0.6589,-3.040893,0.079044
529,1776231672113,8.100123,-268.32243137983517,-34.64585801051866,455.17865746404635,0.351433,-0.611274,0.615721,0.351749,0.909547,-1.582043,1.593553,-0.272024,-0.028902,0.459534,0.658881,-3.040784,0.07895
530,1776231672124,8.111235,-268.33857910953407,-34.209256226025374,455.19179962440666,0.351509,-0.611339,0.615695,0.351604,0.909808,-1.582324,1.593598,-0.272032,-0.028485,0.459534,0.65879,-3.040823,0.079025
531,1776231672135,8.122346,-268.3462445548106,-33.79257927140219,455.20519371624073,0.351459,-0.611376,0.615712,0.351562,0.909695,-1.58245,1.593673,-0.272032,-0.028087,0.459535,0.658695,-3.040813,0.078946
532,1776231672146,8.133458,-268.3487286774135,-32.94044347472938,455.23630497694535,0.351648,-0.611216,0.615869,0.351373,0.910268,-1.582181,1.594225,-0.272019,-0.027273,0.459541,0.658579,-3.040809,0.07895
533,1776231672157,8.144569,-268.3642542138648,-32.537356440933344,455.2454173349484,0.351444,-0.611309,0.615824,0.351495,0.909686,-1.582328,1.594015,-0.272027,-0.026888,0.459538,0.658671,-3.040785,0.078849
534,1776231672168,8.15568,-268.3737099412052,-31.691504075334137,455.28859276181646,0.351572,-0.611341,0.615815,0.351327,0.910091,-1.582539,1.594121,-0.272021,-0.02608,0.459556,0.658643,-3.04075,0.078887
535,1776231672179,8.166791,-268.3662783248977,-31.267588645802856,455.30995376740407,0.351255,-0.611417,0.615752,0.351622,0.909142,-1.582512,1.593732,-0.272006,-0.025675,0.459565,0.658604,-3.040733,0.078792
536,1776231672190,8.177902,-268.3763410117495,-30.830000731250014,455.33308387007486,0.351398,-0.611354,0.615806,0.351494,0.909568,-1.582446,1.593969,-0.272008,-0.025257,0.459575,0.658529,-3.040743,0.078824
537,1776231672202,8.189014,-268.4098583124357,-29.99874564505798,455.3429825985093,0.351405,-0.611441,0.615736,0.351461,0.9096,-1.582694,1.593812,-0.272026,-0.024463,0.45956,0.65865,-3.04079,0.078836
538,1776231672213,8.200125,-268.4127905946377,-29.562252539884334,455.3639031719282,0.35119,-0.611371,0.615795,0.351693,0.908941,-1.582337,1.593788,-0.272021,-0.024046,0.459568,0.658599,-3.04073,0.078853
539,1776231672224,8.211236,-268.42140554660256,-29.147721188905244,455.36611805922297,0.351163,-0.611288,0.615871,0.351732,0.908855,-1.582092,1.593953,-0.272022,-0.02365,0.459558,0.658602,-3.040759,0.078874
540,1776231672235,8.222347,-268.42742233718275,-28.320825946074713,455.40659226385014,0.350963,-0.611537,0.615603,0.351966,0.908237,-1.58256,1.593083,-0.272013,-0.02286,0.459574,0.658651,-3.040707,0.078779
541,1776231672246,8.233459,-268.44104220848936,-27.90943543188269,455.42294668707905,0.351132,-0.611529,0.615609,0.351802,0.908746,-1.582663,1.593222,-0.272019,-0.022467,0.459578,0.658579,-3.040737,0.078807
542,1776231672257,8.24457,-268.4441639224306,-27.073180445099297,455.4585560862913,0.351226,-0.611381,0.615706,0.351796,0.90899,-1.582284,1.593478,-0.272007,-0.021668,0.459589,0.658551,-3.040696,0.078795
543,1776231672268,8.255681,-268.45792606381224,-26.65343886047616,455.46302541013773,0.351315,-0.611354,0.6157,0.351764,0.909235,-1.58224,1.593488,-0.272013,-0.021267,0.459581,0.658559,-3.04074,0.07881
544,1776231672279,8.266792,-268.46436883699073,-26.245252915075255,455.4791155613495,0.351198,-0.611418,0.615707,0.351758,0.908934,-1.58241,1.59351,-0.272012,-0.020877,0.459585,0.658487,-3.040744,0.078659
545,1776231672290,8.277904,-268.47903998958,-25.38599112459206,455.49742017421045,0.351415,-0.611421,0.615739,0.351479,0.909618,-1.582631,1.593807,-0.272011,-0.020056,0.459578,0.658375,-3.040775,0.078722
546,1776231672302,8.289015,-268.5031635967856,-24.953677303433516,455.4953874336673,0.351232,-0.611336,0.615776,0.351745,0.909029,-1.582207,1.5937,-0.272027,-0.019643,0.459563,0.65836,-3.040814,0.078796
547,1776231672313,8.300126,-268.51154205996926,-24.10392644752989,455.5243513890087,0.351252,-0.611257,0.615858,0.351718,0.909091,-1.582024,1.593932,-0.27202,-0.018831,0.459567,0.658284,-3.040823,0.078824
548,1776231672324,8.311238,-268.5089343775861,-23.689565744310297,455.5424099559153,0.351188,-0.611383,0.615776,0.351706,0.908931,-1.58236,1.593729,-0.27201,-0.018435,0.459573,0.658242,-3.040814,0.078824
549,1776231672335,8.322349,-268.5229041973839,-23.25630024343234,455.5694474484664,0.351276,-0.611267,0.615853,0.351685,0.909169,-1.582074,1.593945,-0.272016,-0.018021,0.459587,0.658204,-3.040813,0.078833
550,1776231672346,8.333461,-268.53108540645917,-22.415011605892435,455.58497465559157,0.351287,-0.611336,0.615768,0.351703,0.909189,-1.582239,1.593711,-0.272009,-0.017217,0.459578,0.658204,-3.040812,0.078778
551,1776231672357,8.344572,-268.5397724866395,-21.99227038025233,455.60248103046547,0.351421,-0.611229,0.615899,0.351526,0.909613,-1.582098,1.594186,-0.27201,-0.016813,0.459583,0.658154,-3.040858,0.078787
552,1776231672368,8.355683,-268.5548140602162,-21.16252908990886,455.62686457079565,0.351301,-0.611273,0.615801,0.351741,0.909209,-1.582048,1.593766,-0.27201,-0.01602,0.459583,0.658383,-3.040769,0.078764
553,1776231672379,8.366794,-268.57487758853676,-20.72721059926785,455.64193034650646,0.351044,-0.611336,0.615722,0.352026,0.908419,-1.581994,1.593344,-0.272022,-0.015604,0.459585,0.658327,-3.040779,0.078758
554,1776231672390,8.377906,-268.57626398371656,-20.313971020936137,455.63372315771716,0.351202,-0.611264,0.615757,0.351933,0.908868,-1.581878,1.593506,-0.272016,-0.015209,0.459565,0.658456,-3.040776,0.078826
555,1776231672402,8.389017,-268.5728638004247,-19.490711139396048,455.6816852203606,0.351164,-0.611342,0.615703,0.35193,0.908772,-1.582082,1.593369,-0.271998,-0.014422,0.459589,0.658618,-3.040627,0.078772
556,1776231672413,8.400128,-268.5957775482928,-19.064843504617404,455.67933847721093,0.351074,-0.611303,0.615714,0.352069,0.908479,-1.581876,1.593291,-0.272013,-0.014015,0.459574,0.658693,-3.040633,0.078815
557,1776231672424,8.411239,-268.5968334154956,-18.66839888115668,455.6897909546567,0.351185,-0.611242,0.615743,0.352013,0.90879,-1.581761,1.593408,-0.272007,-0.013636,0.459573,0.658791,-3.040663,0.078863
558,1776231672435,8.42235,-268.6125196918529,-17.853510665403025,455.719681962754,0.351131,-0.611384,0.61563,0.352017,0.908649,-1.582126,1.593113,-0.272008,-0.012857,0.459579,0.65881,-3.04065,0.078709
559,1776231672446,8.433462,-268.62933150913165,-17.42668756260944,455.73032078744654,0.351017,-0.611389,0.615668,0.352056,0.908337,-1.582107,1.593181,-0.272017,-0.012449,0.459577,0.658826,-3.040654,0.078782
560,1776231672457,8.444573,-268.6345532166379,-17.022953008242816,455.7309398590532,0.351128,-0.611337,0.615754,0.351886,0.908698,-1.582102,1.593534,-0.272015,-0.012063,0.459566,0.658851,-3.040686,0.078794
561,1776231672468,8.455684,-268.6701708799547,-16.16936920434458,455.7390829351322,0.351283,-0.61122,0.615918,0.351647,0.909204,-1.581981,1.594142,-0.272035,-0.011247,0.459549,0.65866,-3.040805,0.078867
562,1776231672479,8.466795,-268.69423038244946,-15.73315149900903,455.7319357956222,0.351115,-0.611379,0.615721,0.351883,0.908666,-1.582213,1.593451,-0.272051,-0.01083,0.459529,0.658556,-3.040867,0.078904
563,1776231672490,8.477907,-268.70348600507356,-14.874595102930737,455.77390340197553,0.351253,-0.61118,0.615933,0.35172,0.909094,-1.581823,1.594124,-0.272045,-0.010009,0.459546,0.658404,-3.040875,0.078873
564,1776231672502,8.489018,-268.69549282609097,-14.46894568277892,455.800474469937,0.35131,-0.611335,0.615697,0.351808,0.909204,-1.582157,1.593446,-0.27203,-0.009621,0.459561,0.658425,-3.040774,0.078791
565,1776231672513,8.500129,-268.73401961899515,-13.617635341745867,455.8094966741419,0.351159,-0.611444,0.615714,0.351738,0.908842,-1.582493,1.593545,-0.272053,-0.008807,0.459545,0.658512,-3.040861,0.078901
566,1776231672524,8.51124,-268.7362510812819,-13.206746308851534,455.8131854879423,0.351057,-0.611236,0.615858,0.351949,0.908487,-1.581795,1.593755,-0.272048,-0.008414,0.459537,0.658603,-3.040832,0.078822
567,1776231672535,8.522352,-268.751106719476,-12.770709043375216,455.83099208562084,0.351219,-0.611407,0.615726,0.351723,0.909006,-1.582408,1.593586,-0.272055,-0.007997,0.459542,0.658524,-3.040933,0.078887
568,1776231672546,8.533463,-268.7712037630499,-11.923838026310824,455.84745499042907,0.350953,-0.611273,0.615815,0.352064,0.908168,-1.581803,1.593557,-0.27206,-0.007187,0.459534,0.658563,-3.040856,0.078927
569,1776231672557,8.544574,-268.7763161412853,-11.52032108875549,455.84590115544506,0.351282,-0.611102,0.615914,0.351859,0.90911,-1.581515,1.59397,-0.272058,-0.006801,0.459521,0.658593,-3.040924,0.078959
570,1776231672568,8.555685,-268.79716790334277,-10.685057307435084,455.87409471877766,0.351155,-0.611173,0.615916,0.35186,0.908778,-1.581698,1.593974,-0.272064,-0.006002,0.459525,0.658501,-3.040935,0.078875
571,1776231672579,8.566796,-268.8076978981266,-10.260662124015056,455.9055336315678,0.351189,-0.611349,0.615754,0.351804,0.908891,-1.582197,1.593597,-0.272067,-0.005596,0.459544,0.658423,-3.040922,0.07884
572,1776231672590,8.577908,-268.8300983148556,-9.853971773699552,455.88926633670695,0.351197,-0.61141,0.615672,0.351834,0.908899,-1.582332,1.593362,-0.272082,-0.005207,0.459516,0.658442,-3.041048,0.078912
573,1776231672602,8.589019,-268.85303298902016,-9.011533029638942,455.90245797351946,0.351077,-0.611366,0.615746,0.3519,0.908559,-1.582168,1.593501,-0.27209,-0.004401,0.459505,0.658435,-3.041034,0.079032
574,1776231672613,8.60013,-268.87059936907866,-8.589258298753588,455.89859934329974,0.351075,-0.61132,0.615782,0.35192,0.908545,-1.582033,1.59358,-0.2721,-0.003997,0.459489,0.658423,-3.041086,0.079085
575,1776231672624,8.611241,-268.87387519972856,-8.170236509748701,455.9246026423817,0.350988,-0.611351,0.61581,0.351903,0.908329,-1.582126,1.593665,-0.272096,-0.003596,0.459503,0.658301,-3.041031,0.07897
576,1776231672635,8.622353,-268.8866385504397,-7.323853737429612,455.93452813099066,0.351137,-0.611389,0.61575,0.351794,0.90876,-1.582307,1.593594,-0.272094,-0.002786,0.459489,0.658347,-3.041108,0.079092
577,1776231672646,8.633464,-268.89581397936183,-6.914259218620272,455.9502604571816,0.351094,-0.611518,0.615613,0.351852,0.908624,-1.582598,1.593195,-0.272096,-0.002394,0.459493,0.65838,-3.041064,0.07898
578,1776231672657,8.644575,-268.92883208592445,-6.067870116881741,455.9484469581028,0.351163,-0.611459,0.615696,0.351741,0.908852,-1.582529,1.593495,-0.272114,-0.001584,0.459467,0.658324,-3.041214,0.079159
579,1776231672668,8.655687,-268.9369959385176,-5.656256483426404,455.9520504006957,0.351066,-0.611323,0.615798,0.351895,0.908533,-1.582061,1.593639,-0.272115,-0.00119,0.459459,0.658403,-3.041133,0.079134
580,1776231672679,8.666798,-268.9434602593151,-5.224831623612827,455.9571614397397,0.351144,-0.611445,0.615701,0.351776,0.908786,-1.582466,1.593481,-0.272114,-0.000777,0.459452,0.658352,-3.041171,0.079167
581,1776231672690,8.677909,-268.97235646759316,-4.376566889851578,455.9804280989045,0.351059,-0.611498,0.615579,0.35198,0.908478,-1.582448,1.593009,-0.272128,3.5e-05,0.459451,0.658357,-3.041212,0.079169
582,1776231672702,8.689021,-268.97127373864765,-3.9682438146972085,455.99679097761395,0.350925,-0.611502,0.615601,0.352068,0.908094,-1.582393,1.593,-0.27212,0.000426,0.459456,0.658457,-3.041145,0.079167
583,1776231672713,8.700132,-268.9757442236666,-3.1182073623902262,456.0335778983079,0.351056,-0.611376,0.615677,0.352024,0.908451,-1.5821,1.593228,-0.27211,0.00124,0.459469,0.658461,-3.041061,0.079052
584,1776231672724,8.711243,-268.98790771035556,-2.705685367498562,456.04829802347007,0.351207,-0.611369,0.615625,0.351978,0.908862,-1.582115,1.59313,-0.272115,0.001635,0.459472,0.658503,-3.041086,0.079044
585,1776231672735,8.722354,-269.00523199722574,-2.287926168728198,456.0319619816457,0.35137,-0.611428,0.615601,0.351753,0.909382,-1.58244,1.593239,-0.272125,0.002035,0.459444,0.658629,-3.041174,0.079181
586,1776231672746,8.733465,-269.00523199722574,-2.287926168728198,456.0319619816457,0.351148,-0.611493,0.6155,0.352039,0.908684,-1.582389,1.592759,-0.272125,0.002035,0.459444,0.658629,-3.041174,0.079181
587,1776231672757,8.744577,-269.0133002550483,-1.0424297516606753,456.0745176450929,0.351305,-0.611481,0.615491,0.351918,0.909142,-1.582452,1.59283,-0.272112,0.003228,0.459452,0.658688,-3.041106,0.07917
588,1776231672768,8.755688,-269.02685206130445,-0.24590953165390683,456.07143633813115,0.351296,-0.611459,0.615487,0.351973,0.909095,-1.582353,1.592776,-0.272112,0.003991,0.459427,0.658914,-3.041115,0.079218
589,1776231672779,8.766799,-269.04690231648334,0.1571097087411637,456.07182963714337,0.351298,-0.611519,0.61545,0.351932,0.909119,-1.582539,1.592711,-0.272125,0.004377,0.459416,0.659032,-3.041146,0.079263
590,1776231672790,8.777911,-269.0326470460468,0.5755020146550383,456.1031231569287,0.351212,-0.611411,0.615621,0.351906,0.908906,-1.582279,1.593174,-0.272104,0.004778,0.459436,0.658805,-3.041147,0.079206
591,1776231672802,8.789022,-269.04279113986985,1.416671231450441,456.116193452851,0.351177,-0.611484,0.61554,0.351955,0.908795,-1.582431,1.592928,-0.2721,0.005584,0.459426,0.658758,-3.041128,0.079294
592,1776231672813,8.800133,-269.0587957345632,1.8237343284403194,456.10946398729,0.351313,-0.611416,0.615538,0.351942,0.909153,-1.582265,1.592932,-0.272109,0.005974,0.459408,0.658822,-3.041178,0.079325
593,1776231672824,8.811244,-269.05347576143254,2.2326952156342914,456.12852044589647,0.351252,-0.611435,0.615615,0.351834,0.909041,-1.582398,1.593215,-0.272097,0.006366,0.459416,0.658742,-3.041155,0.079255
594,1776231672835,8.822356,-269.07665445497776,3.0695739625785308,456.14163695614707,0.35133,-0.611502,0.615544,0.351763,0.909275,-1.582624,1.593086,-0.272106,0.007168,0.459406,0.658667,-3.041265,0.079227
595,1776231672846,8.833467,-269.06443886852884,3.494046992504469,456.1649327366792,0.351302,-0.611484,0.61556,0.351796,0.909187,-1.582551,1.593102,-0.272087,0.007575,0.459418,0.658699,-3.041139,0.079184
596,1776231672857,8.844578,-269.07947038057034,4.334867801227456,456.1677491712319,0.351498,-0.611361,0.615593,0.351756,0.909713,-1.582265,1.593217,-0.272088,0.008381,0.459398,0.658813,-3.041174,0.079339
597,1776231672868,8.85569,-269.07106788343344,4.746765848224545,456.1937674532228,0.351293,-0.611431,0.615585,0.351853,0.909138,-1.582371,1.593123,-0.272073,0.008776,0.459413,0.6588,-3.041103,0.079276
598,1776231672879,8.866801,-269.0629097767633,5.174279177257711,456.22423031540353,0.351362,-0.611409,0.615566,0.351855,0.909318,-1.582313,1.593071,-0.272058,0.009186,0.459432,0.658731,-3.041044,0.079237
599,1776231672890,8.877912,-269.0746524838152,6.007540921558759,456.2346874516246,0.351249,-0.611377,0.615616,0.351937,0.90899,-1.582169,1.593137,-0.272056,0.009985,0.45942,0.658847,-3.041058,0.079197
600,1776231672902,8.889023,-269.06998280092,6.402669728434859,456.25521957033396,0.351257,-0.611395,0.615588,0.351947,0.909006,-1.582206,1.593057,-0.272045,0.010364,0.45943,0.65893,-3.041007,0.079207
601,1776231672913,8.900134,-269.0766566840631,7.241971718334254,456.2746878500879,0.351138,-0.611407,0.615614,0.352,0.908675,-1.582197,1.593084,-0.272038,0.011169,0.459427,0.658694,-3.041074,0.079183
602,1776231672924,8.911246,-269.07806168131333,7.6381075226462825,456.28725605486693,0.351317,-0.611313,0.615718,0.351802,0.909225,-1.582103,1.593504,-0.272033,0.011549,0.459429,0.658782,-3.04105,0.079228
603,1776231672935,8.922357,-269.09004559953615,8.060359742152983,456.28964165903017,0.351237,-0.611303,0.615695,0.351939,0.908956,-1.581973,1.593342,-0.272038,0.011954,0.45942,0.658898,-3.04108,0.079303
604,1776231672946,8.933469,-269.089055529722,8.873301680167405,456.33230515615475,0.351278,-0.611333,0.615661,0.351907,0.909076,-1.582076,1.593276,-0.272024,0.012734,0.459441,0.658761,-3.041051,0.079134
605,1776231672957,8.94458,-269.10012892718976,9.304834454469134,456.3328320004026,0.351194,-0.61133,0.615707,0.351914,0.908858,-1.582065,1.59339,-0.272028,0.013148,0.45943,0.658672,-3.041099,0.079199
606,1776231672968,8.955691,-269.0861160517181,10.135202488299267,456.37551871031377,0.351227,-0.611269,0.615772,0.351873,0.908959,-1.581937,1.593592,-0.272001,0.013945,0.459451,0.658648,-3.040976,0.079119
607,1776231672979,8.966802,-269.114273194929,10.557399611088782,456.3852342571384,0.351068,-0.611335,0.615736,0.35198,0.908502,-1.582027,1.593415,-0.272022,0.01435,0.459449,0.658658,-3.041038,0.079154
608,1776231672990,8.977913,-269.1098782261827,10.979298627432724,456.3951491257277,0.351102,-0.611307,0.615786,0.351907,0.908621,-1.58201,1.593601,-0.272011,0.014755,0.459448,0.65846,-3.041108,0.079166
609,1776231673002,8.989024,-269.1141551657195,11.816853377472318,456.4352615011458,0.350972,-0.61138,0.615707,0.352047,0.908224,-1.582092,1.593289,-0.272002,0.015559,0.459466,0.658538,-3.041014,0.079053
610,1776231673013,9.000136,-269.1280963958872,12.24401407938077,456.43558906810534,0.350731,-0.611358,0.615665,0.3524,0.907447,-1.581766,1.592911,-0.272009,0.015969,0.459455,0.658614,-3.041022,0.079041
611,1776231673024,9.011247,-269.13168606998624,12.660639571980708,456.44648055940115,0.351103,-0.611203,0.615923,0.351848,0.90865,-1.581786,1.594,-0.272006,0.016369,0.459455,0.658524,-3.041065,0.079148
612,1776231673035,9.022358,-269.13965081796977,13.482344160581675,456.47599779636823,0.350963,-0.611385,0.615741,0.35199,0.908225,-1.582149,1.593421,-0.272001,0.017158,0.459463,0.658662,-3.041007,0.079096
613,1776231673046,9.033469,-269.14639044802067,13.9082703086123,456.47906042484476,0.351011,-0.61146,0.61561,0.35204,0.908328,-1.582305,1.593044,-0.272001,0.017567,0.459455,0.658644,-3.041021,0.079139
614,1776231673057,9.04458,-269.1367561127294,14.716096211473339,456.5197850187996,0.351129,-0.611363,0.615661,0.352001,0.908651,-1.582084,1.593206,-0.271979,0.018343,0.459475,0.658908,-3.040915,0.079013
615,1776231673068,9.055692,-269.1536296778843,15.143047636824434,456.52810010954005,0.350908,-0.611273,0.615743,0.352235,0.907976,-1.581672,1.593238,-0.271989,0.018753,0.459472,0.658995,-3.040881,0.079048
616,1776231673079,9.066803,-269.14270201007866,15.548907935201488,456.5594191430247,0.351059,-0.611209,0.615735,0.352211,0.908377,-1.581526,1.593235,-0.271972,0.019143,0.459493,0.659039,-3.040819,0.079033
617,1776231673090,9.077914,-269.1472386863597,16.360758324202585,456.59435616276835,0.350966,-0.611406,0.615632,0.352141,0.908167,-1.582087,1.593023,-0.271964,0.019923,0.459507,0.659136,-3.040819,0.078871
618,1776231673102,9.089026,-269.15891050915855,16.784407434009474,456.5973208864541,0.350984,-0.611248,0.61577,0.352155,0.908209,-1.581669,1.59337,-0.271969,0.02033,0.459499,0.659106,-3.040788,0.079
619,1776231673113,9.100137,-269.1746155037474,17.60136051845132,456.6072774339679,0.351085,-0.611195,0.615767,0.352152,0.908471,-1.581533,1.593365,-0.271972,0.021115,0.459488,0.659147,-3.040826,0.079021
620,1776231673124,9.111248,-269.17380566619113,18.010230830970233,456.627675915528,0.350996,-0.611231,0.615739,0.352227,0.908207,-1.58157,1.593235,-0.271965,0.021508,0.459498,0.659081,-3.04078,0.078993
621,1776231673135,9.122359,-269.1882510965356,18.420242680738074,456.6221929128188,0.351027,-0.611375,0.615667,0.352071,0.908356,-1.582062,1.593168,-0.271973,0.021902,0.459482,0.659059,-3.040876,0.079043
622,1776231673146,9.133471,-269.207444388786,19.27440185190801,456.6350065678525,0.351039,-0.611253,0.615749,0.35213,0.908361,-1.5817,1.593334,-0.271979,0.022723,0.459473,0.658882,-3.040958,0.079035
623,1776231673157,9.144582,-269.21085530216436,19.69773155742418,456.64264760865416,0.350963,-0.611321,0.615682,0.352205,0.908131,-1.581818,1.593102,-0.271976,0.02313,0.45947,0.658815,-3.040922,0.079072
624,1776231673168,9.155693,-269.21639895342213,20.53075059544311,456.6635451651423,0.350886,-0.61121,0.615834,0.352207,0.90793,-1.581532,1.593496,-0.271969,0.023931,0.45947,0.658756,-3.040928,0.079073
625,1776231673179,9.166805,-269.2298307546774,20.94782057625663,456.6712008622529,0.350986,-0.611153,0.615856,0.352168,0.908207,-1.581411,1.593583,-0.271976,0.024332,0.459467,0.658791,-3.040933,0.079146
626,1776231673190,9.177916,-269.2452795675537,21.364874237294394,456.6627231356631,0.350976,-0.611298,0.615687,0.352222,0.908159,-1.581746,1.593104,-0.271985,0.024733,0.459448,0.658805,-3.041017,0.079171
627,1776231673202,9.189027,-269.25476269754637,21.792232186657817,456.6775582339293,0.350878,-0.611457,0.615558,0.352269,0.907884,-1.582121,1.592734,-0.271988,0.025144,0.459452,0.658849,-3.040956,0.079182
628,1776231673213,9.200138,-269.25476269754637,21.792232186657817,456.6775582339293,0.350864,-0.611403,0.615632,0.352249,0.907857,-1.581997,1.59294,-0.271988,0.025144,0.459452,0.658849,-3.040956,0.079182
629,1776231673224,9.211249,-269.2650998623375,22.617654911712776,456.6961238775101,0.351041,-0.611173,0.615813,0.352153,0.908357,-1.581475,1.593483,-0.271986,0.025938,0.45945,0.658933,-3.040913,0.079159
630,1776231673235,9.222361,-269.2825310488664,23.446115498801902,456.704741593624,0.350988,-0.611294,0.615665,0.352254,0.908175,-1.581713,1.593023,-0.271991,0.026735,0.459438,0.658944,-3.040993,0.079209
631,1776231673246,9.233472,-269.2825310488664,23.446115498801902,456.704741593624,0.351139,-0.611215,0.615711,0.352161,0.908607,-1.581578,1.593211,-0.271991,0.026735,0.459438,0.658944,-3.040993,0.079209
632,1776231673257,9.244583,-269.3161937369029,24.27665476198558,456.71370735512915,0.35096,-0.61128,0.615683,0.352275,0.908092,-1.581661,1.593053,-0.272012,0.027534,0.459426,0.659073,-3.040995,0.079262
633,1776231673268,9.255694,-269.3142867567538,25.113993364619557,456.74611190391516,0.351007,-0.61131,0.615655,0.352227,0.908236,-1.581773,1.593018,-0.271998,0.02834,0.459438,0.658965,-3.040941,0.079217
634,1776231673279,9.266806,-269.34262220734576,25.93795422236332,456.76065079701715,0.351219,-0.61129,0.615648,0.352061,0.908857,-1.581849,1.593126,-0.272014,0.029133,0.459432,0.658959,-3.041025,0.079242
635,1776231673290,9.277917,-269.36790818540567,26.766933816401192,456.7559502278427,0.351297,-0.611146,0.615794,0.351979,0.909094,-1.581538,1.593565,-0.272027,0.029931,0.459407,0.65902,-3.041078,0.079375
636,1776231673302,9.289028,-269.371740068495,27.171939194024937,456.7728137241154,0.351176,-0.611172,0.615758,0.352117,0.908721,-1.581499,1.593368,-0.272025,0.030321,0.459414,0.659029,-3.041044,0.079386
637,1776231673313,9.300139,-269.37641648634633,27.990118147144084,456.8055805801418,0.35091,-0.611418,0.615592,0.352246,0.907976,-1.582039,1.592838,-0.272018,0.031109,0.459427,0.658881,-3.041062,0.079272
638,1776231673324,9.311251,-269.3923707194715,28.393050383342157,456.809488820963,0.351063,-0.611429,0.615519,0.352201,0.908391,-1.582102,1.592686,-0.272028,0.031497,0.459421,0.658994,-3.041066,0.079268
639,1776231673335,9.322362,-269.41271777014134,28.819861952771717,456.7988974975849,0.351036,-0.611284,0.615663,0.352228,0.90831,-1.581706,1.593038,-0.272042,0.031908,0.4594,0.658961,-3.04112,0.079446
640,1776231673346,9.333473,-269.4264579881642,29.641976759601697,456.805521901538,0.351075,-0.61124,0.61575,0.352114,0.90846,-1.581679,1.593348,-0.272044,0.0327,0.459387,0.658852,-3.041157,0.079425
641,1776231673357,9.344584,-269.4445181822089,30.055155808521548,456.81972239640834,0.351195,-0.611266,0.615759,0.351935,0.90885,-1.581881,1.593509,-0.272056,0.033098,0.459391,0.658894,-3.041193,0.079445
642,1776231673368,9.355696,-269.4488102335398,30.86449941080673,456.85697285876205,0.351214,-0.611284,0.615695,0.351994,0.908873,-1.581885,1.593299,-0.272049,0.033878,0.459409,0.658881,-3.041132,0.079389
643,1776231673379,9.366807,-269.44746920887957,31.276343834276013,456.873623860483,0.351168,-0.611427,0.615535,0.352072,0.908719,-1.582195,1.592826,-0.272042,0.034275,0.459416,0.658854,-3.041105,0.079375
644,1776231673390,9.377918,-269.4532739170659,31.69132946661645,456.87635801967167,0.350983,-0.611453,0.615501,0.352271,0.908155,-1.58211,1.592584,-0.272042,0.034675,0.459409,0.658874,-3.041111,0.079345
645,1776231673402,9.389029,-269.46754293910783,32.4973512152136,456.909535692669,0.351017,-0.611369,0.615577,0.352251,0.908251,-1.581907,1.592797,-0.272045,0.035452,0.459423,0.659008,-3.041121,0.079261
646,1776231673413,9.400141,-269.47859061940363,32.927824273738786,456.9106581640137,0.350969,-0.611366,0.615567,0.35232,0.908098,-1.581848,1.592719,-0.27205,0.035867,0.459414,0.658945,-3.041111,0.079363
647,1776231673424,9.411252,-269.4684964395486,33.302058950715484,456.94428036714737,0.351317,-0.611177,0.615642,0.352171,0.909062,-1.581472,1.593027,-0.272035,0.036228,0.459439,0.659119,-3.041017,0.079233
648,1776231673435,9.422363,-269.4866257302703,33.732519851598546,456.9313836606569,0.351327,-0.611315,0.615524,0.352127,0.909108,-1.581862,1.592755,-0.272047,0.036643,0.459416,0.659102,-3.041065,0.079413
649,1776231673446,9.433474,-269.4951350150289,34.50286019944427,456.9552772362742,0.351304,-0.611372,0.615447,0.352186,0.909023,-1.581966,1.59251,-0.272045,0.037386,0.459422,0.659239,-3.041088,0.079293
650,1776231673457,9.444586,-269.52519251337446,35.291923452261535,456.96690022601933,0.351407,-0.611248,0.615537,0.352142,0.909308,-1.581678,1.592775,-0.272064,0.038147,0.459415,0.659362,-3.041063,0.07941
651,1776231673468,9.455697,-269.51896592994706,35.65873350670004,456.9791052857248,0.351387,-0.611346,0.615435,0.35217,0.909244,-1.58191,1.592492,-0.272053,0.038501,0.459419,0.659396,-3.041045,0.079397
652,1776231673479,9.466808,-269.52824946547474,36.045348969730846,456.9860546907935,0.351107,-0.611481,0.615367,0.352333,0.908448,-1.582135,1.592191,-0.272057,0.038874,0.459417,0.659362,-3.041068,0.079343
653,1776231673490,9.477919,-269.52503608875736,36.79132469533216,457.0219697511246,0.351133,-0.61131,0.615527,0.352323,0.908521,-1.581702,1.592613,-0.272044,0.039594,0.459436,0.659312,-3.041014,0.079276
654,1776231673502,9.48903,-269.5394104232981,37.182030195180744,457.00987865657214,0.351056,-0.611403,0.615504,0.35228,0.90834,-1.581975,1.592586,-0.272053,0.039971,0.459415,0.65919,-3.041099,0.079394
655,1776231673513,9.500141,-269.5450470209304,37.91235361543628,457.0202807945631,0.351291,-0.61129,0.615546,0.352168,0.908995,-1.581767,1.59278,-0.272049,0.040676,0.459409,0.659152,-3.041106,0.079394
656,1776231673524,9.511253,-269.5684432922393,38.29682758872213,457.01022140686183,0.35137,-0.611427,0.615507,0.351921,0.909308,-1.582309,1.592868,-0.272067,0.041047,0.45939,0.659085,-3.04118,0.079486
657,1776231673535,9.522364,-269.5680799989864,38.6551459369414,457.00706113607015,0.351169,-0.611397,0.615546,0.352104,0.90871,-1.582094,1.592828,-0.272062,0.041393,0.459379,0.658981,-3.041238,0.07946
658,1776231673546,9.533475,-269.5642120058247,39.36854955109301,457.02981941961804,0.351204,-0.611548,0.615464,0.351949,0.908867,-1.582601,1.592736,-0.272049,0.042082,0.459386,0.658875,-3.041201,0.0795
659,1776231673557,9.544586,-269.5535181252132,39.71838885491496,457.05342892516427,0.351306,-0.611502,0.61544,0.35197,0.909121,-1.582467,1.592658,-0.272034,0.04242,0.459402,0.658829,-3.041161,0.079475
660,1776231673568,9.555698,-269.5692764849614,40.38314859724089,457.0623499354388,0.351232,-0.611591,0.615345,0.352056,0.908892,-1.582631,1.592346,-0.272041,0.043062,0.459396,0.658954,-3.041227,0.079454
661,1776231673579,9.566809,-269.5748058446522,40.73202607374151,457.0630483169452,0.351314,-0.611538,0.615378,0.352009,0.909125,-1.582529,1.592467,-0.272042,0.043399,0.459389,0.658982,-3.041196,0.079521
662,1776231673590,9.57792,-269.5780318196765,41.06118638810133,457.0713209154253,0.351041,-0.611527,0.615443,0.352186,0.908341,-1.582367,1.5925,-0.272041,0.043717,0.45939,0.658979,-3.041184,0.079497
663,1776231673602,9.589031,-269.5851442973316,41.694600088306615,457.0691122774649,0.351227,-0.611385,0.615573,0.352019,0.908897,-1.582127,1.592964,-0.27204,0.044329,0.459374,0.658993,-3.04119,0.079636
664,1776231673613,9.600142,-269.59434288585095,42.016496973256444,457.0894404514247,0.351353,-0.611439,0.615505,0.35192,0.909264,-1.58234,1.592863,-0.272045,0.04464,0.459387,0.658915,-3.04118,0.079558
665,1776231673624,9.611254,-269.58788566563203,42.308211143262454,457.0976129036487,0.351347,-0.611472,0.615456,0.351954,0.909236,-1.5824,1.592712,-0.272035,0.044922,0.459389,0.658959,-3.041212,0.079563
666,1776231673635,9.622365,-269.5981833812882,42.87938931236313,457.1263335379039,0.351457,-0.611521,0.61533,0.351979,0.909509,-1.582509,1.592366,-0.272038,0.045474,0.459405,0.659026,-3.041167,0.079466
667,1776231673646,9.633476,-269.59992697968346,43.17836421519201,457.1136125046123,0.351354,-0.611534,0.615376,0.351979,0.909241,-1.582543,1.592485,-0.272036,0.045763,0.459386,0.658953,-3.041205,0.079575
668,1776231673657,9.644587,-269.6058468201461,43.72972543850668,457.1336454115523,0.351294,-0.611367,0.615564,0.352,0.909078,-1.582093,1.592955,-0.272035,0.046296,0.459394,0.658873,-3.041193,0.079582
669,1776231673668,9.655699,-269.6061653954501,43.99863043431724,457.1292969751573,0.351107,-0.611476,0.615477,0.352149,0.908529,-1.582263,1.592617,-0.272032,0.046556,0.459384,0.658856,-3.041224,0.079641
670,1776231673679,9.66681,-269.6052622487144,44.25199073609737,457.1548731533109,0.351218,-0.611413,0.615468,0.352164,0.90881,-1.582088,1.592581,-0.272028,0.046801,0.459404,0.658871,-3.041192,0.079554
671,1776231673690,9.677921,-269.6103507891948,44.74219086902242,457.1613755389415,0.351323,-0.611322,0.615616,0.351959,0.909171,-1.58201,1.593121,-0.272027,0.047275,0.4594,0.658887,-3.041191,0.079578
672,1776231673702,9.689032,-269.61830018470437,44.97284622326564,457.16948607023346,0.351398,-0.611331,0.61561,0.351878,0.909399,-1.582094,1.593167,-0.272032,0.047498,0.459403,0.658962,-3.04119,0.079558
673,1776231673713,9.700144,-269.6107772483827,45.433885461464754,457.178042322119,0.351371,-0.611457,0.615427,0.352006,0.909276,-1.582323,1.592596,-0.272019,0.047944,0.459402,0.658997,-3.04118,0.079519
674,1776231673724,9.711255,-269.6136069607352,45.66341707815945,457.17588136433056,0.351414,-0.611364,0.615548,0.351914,0.909426,-1.582151,1.592981,-0.272019,0.048166,0.459395,0.658843,-3.041266,0.079526
675,1776231673735,9.722366,-269.62136470407876,45.8805792555925,457.1806395819642,0.351221,-0.611424,0.615518,0.352055,0.908865,-1.582199,1.592794,-0.272024,0.048376,0.459395,0.658941,-3.041201,0.079545
676,1776231673746,9.733477,-269.6255315401169,46.30338678765033,457.17749998836956,0.351293,-0.61133,0.615639,0.351935,0.909103,-1.582047,1.593199,-0.272023,0.048785,0.459383,0.65882,-3.041272,0.079599
677,1776231673757,9.744589,-269.6311105226471,46.51015676388463,457.1839855652883,0.351282,-0.611275,0.615701,0.351932,0.909077,-1.581908,1.593362,-0.272026,0.048985,0.459385,0.65885,-3.041249,0.079633
678,1776231673768,9.7557,-269.62557976956805,46.72403973320285,457.19236558010346,0.351294,-0.611334,0.615673,0.351867,0.909137,-1.582109,1.593338,-0.272018,0.049192,0.459389,0.658705,-3.041282,0.079611
679,1776231673779,9.766811,-269.62088419999975,47.09086554771772,457.19283880669246,0.351154,-0.611377,0.615639,0.351991,0.90872,-1.582127,1.593156,-0.272009,0.049547,0.459382,0.658686,-3.041294,0.079628
680,1776231673790,9.777923,-269.62088419999975,47.09086554771772,457.19283880669246,0.351211,-0.611352,0.615698,0.351874,0.908919,-1.58215,1.593399,-0.272009,0.049547,0.459382,0.658686,-3.041294,0.079628
681,1776231673802,9.789034,-269.60241888325663,47.582544797377935,457.2218106012145,0.351252,-0.611354,0.615688,0.351847,0.909037,-1.582177,1.593393,-0.271985,0.050023,0.459401,0.658749,-3.041223,0.079532
682,1776231673813,9.800145,-269.60740387339666,47.7427470297704,457.22727391746537,0.351128,-0.611408,0.615664,0.35192,0.908683,-1.582259,1.593275,-0.271988,0.050178,0.459403,0.658714,-3.041239,0.079514
683,1776231673824,9.811256,-269.6032036131741,47.90078532705333,457.22640862255776,0.351073,-0.611323,0.615789,0.351903,0.908549,-1.582054,1.593613,-0.271982,0.050331,0.459399,0.658604,-3.041269,0.079548
684,1776231673835,9.822367,-269.6013076566266,48.16628421716341,457.2399351870002,0.351222,-0.61137,0.615707,0.351817,0.90897,-1.58224,1.593466,-0.271977,0.050588,0.459407,0.65863,-3.041295,0.079476
685,1776231673846,9.833479,-269.60697600905854,48.29960914265722,457.2509042393782,0.351172,-0.611348,0.615719,0.351884,0.908813,-1.582133,1.593445,-0.271981,0.050717,0.459415,0.65869,-3.041223,0.079484
686,1776231673857,9.84459,-269.61299689727474,48.54759951607302,457.25717342349037,0.351022,-0.611381,0.615711,0.351991,0.908378,-1.582138,1.593341,-0.271984,0.050957,0.459416,0.658646,-3.041283,0.079439
687,1776231673868,9.855701,-269.6164762697578,48.66849479701944,457.25772695034635,0.351191,-0.611312,0.615791,0.351801,0.908898,-1.582104,1.593695,-0.271986,0.051074,0.459414,0.65868,-3.041277,0.079488
688,1776231673879,9.866812,-269.6261700748475,48.79874570579906,457.24953031808775,0.351222,-0.611355,0.615759,0.351752,0.908999,-1.582252,1.59365,-0.271994,0.0512,0.459403,0.658623,-3.04129,0.079563
689,1776231673890,9.877924,-269.63955361782035,48.982739969778365,457.2455527835835,0.351001,-0.611296,0.615757,0.352078,0.908286,-1.58185,1.593394,-0.272005,0.051378,0.459395,0.658732,-3.041279,0.079586
690,1776231673902,9.889035,-269.6344309279636,49.065318105281875,457.2653033276064,0.351139,-0.611318,0.615684,0.352031,0.908662,-1.581944,1.593241,-0.271999,0.051458,0.459413,0.658799,-3.041214,0.079516
691,1776231673913,9.900146,-269.649670528608,49.234857147647354,457.2832835864271,0.351215,-0.611316,0.615677,0.351971,0.908886,-1.581983,1.593269,-0.272012,0.051622,0.459427,0.658819,-3.041211,0.079432
692,1776231673924,9.911257,-269.6649087601735,49.31866872393469,457.27627644950826,0.351073,-0.611304,0.615722,0.352055,0.908482,-1.581889,1.593321,-0.272026,0.051703,0.459418,0.658838,-3.041222,0.079497
693,1776231673935,9.922369,-269.6790429949761,49.395238114262995,457.2680836297513,0.351104,-0.611357,0.615685,0.351995,0.908587,-1.582072,1.593273,-0.272039,0.051777,0.459408,0.658747,-3.041251,0.079521
694,1776231673946,9.93348,-269.7224850745303,49.54129322121272,457.28019091870607,0.351138,-0.611385,0.615688,0.351909,0.908714,-1.582209,1.593345,-0.27208,0.051918,0.459416,0.658753,-3.04128,0.079532
695,1776231673957,9.944591,-269.74469569063314,49.61277485376338,457.2852136458077,0.351167,-0.611349,0.615725,0.351876,0.908802,-1.582143,1.593468,-0.272101,0.051987,0.459419,0.658731,-3.041268,0.079568
696,1776231673968,9.955702,-269.79487908131864,49.72687736363799,457.289756690966,0.351244,-0.611307,0.615756,0.351819,0.909027,-1.582075,1.593591,-0.272149,0.052097,0.45942,0.658637,-3.041275,0.079497
697,1776231673979,9.966813,-269.8291896763799,49.78918488680827,457.2777126605463,0.351202,-0.611315,0.615747,0.351863,0.908899,-1.582063,1.593532,-0.272182,0.052157,0.459406,0.658677,-3.041301,0.079589
698,1776231673990,9.977925,-269.87235238519906,49.825762580906606,457.28151467641874,0.351006,-0.611332,0.615754,0.352016,0.908326,-1.581991,1.593436,-0.272224,0.052192,0.459408,0.658731,-3.041281,0.079575
699,1776231674002,9.989036,-269.91686178502334,49.89023628554861,457.280868547031,0.351091,-0.611306,0.61576,0.351966,0.908567,-1.581962,1.593488,-0.272267,0.052254,0.459405,0.658695,-3.041309,0.079666
700,1776231674013,10.000147,-270.01354481043853,49.97898459964685,457.3021699560553,0.351156,-0.611314,0.615784,0.351845,0.908787,-1.582075,1.593643,-0.272361,0.052339,0.459422,0.658621,-3.04131,0.079582
701,1776231674024,10.011258,-270.0667868299634,50.007404277056935,457.28989226800104,0.35128,-0.611335,0.615757,0.351733,0.909158,-1.582214,1.593658,-0.272413,0.052366,0.459408,0.658666,-3.041344,0.079597
702,1776231674035,10.02237,-270.18177557668486,50.095307066600206,457.29445385099115,0.351258,-0.611427,0.615675,0.351737,0.9091,-1.582451,1.593444,-0.272525,0.05245,0.459408,0.658628,-3.041352,0.07962
703,1776231674046,10.033481,-270.24725300463047,50.12591571200866,457.2976677184917,0.351134,-0.611461,0.615685,0.351785,0.908758,-1.582502,1.593432,-0.272589,0.052479,0.459409,0.658609,-3.041344,0.079565
704,1776231674057,10.044592,-270.39046817306547,50.191388243763356,457.3236716196319,0.351221,-0.611315,0.615815,0.351724,0.909009,-1.582169,1.593816,-0.272729,0.052541,0.45943,0.658639,-3.041294,0.079508
705,1776231674068,10.055703,-270.4570254959764,50.22717295380774,457.3250019676932,0.351171,-0.611307,0.61589,0.351658,0.908908,-1.582198,1.59406,-0.272794,0.052575,0.459429,0.658476,-3.041333,0.079479
706,1776231674079,10.066814,-270.5603026197435,50.27056022435331,457.3294000178477,0.351163,-0.611341,0.615808,0.351749,0.908848,-1.582219,1.593777,-0.272895,0.052616,0.45943,0.658444,-3.041355,0.079437
707,1776231674090,10.077926,-270.7287829179124,50.32081033055125,457.34057915577324,0.350982,-0.611295,0.615921,0.351812,0.908352,-1.58205,1.594024,-0.27306,0.052663,0.459436,0.658441,-3.041334,0.079381
708,1776231674102,10.089037,-270.8186150677528,50.34547744847447,457.3553893066035,0.351015,-0.61126,0.615901,0.351874,0.90841,-1.581914,1.593925,-0.273148,0.052686,0.459448,0.65843,-3.041274,0.07935
709,1776231674113,10.100148,-271.0186487202231,50.39605830937985,457.3784743892678,0.35102,-0.611291,0.615888,0.351839,0.908438,-1.582019,1.593918,-0.273344,0.052733,0.459465,0.658428,-3.041256,0.079268
710,1776231674124,10.111259,-271.1532766560045,50.422225883270656,457.36917778616305,0.351121,-0.611165,0.615908,0.35192,0.908666,-1.581632,1.593907,-0.273476,0.052757,0.459452,0.658512,-3.041305,0.079336
711,1776231674135,10.12237,-271.2839201404697,50.455582206147,457.3740746129654,0.351032,-0.611272,0.615883,0.351869,0.908456,-1.581947,1.59388,-0.273604,0.052788,0.459453,0.658538,-3.041341,0.079363
712,1776231674146,10.133481,-271.5355814840675,50.48193452197957,457.39091500971057,0.351134,-0.611254,0.615837,0.351879,0.908716,-1.581893,1.593755,-0.273851,0.052811,0.459463,0.658573,-3.041313,0.079294
713,1776231674157,10.144593,-271.6742525571357,50.50505754794316,457.4008744531499,0.350909,-0.611321,0.615794,0.352061,0.908053,-1.581929,1.593504,-0.273987,0.052832,0.459469,0.658663,-3.041286,0.079293
714,1776231674168,10.155704,-271.9636599534388,50.5380189273088,457.40065227108613,0.350979,-0.611293,0.615796,0.352038,0.908246,-1.581873,1.593527,-0.274271,0.052861,0.459461,0.658636,-3.04135,0.079293
715,1776231674179,10.166815,-272.09689872476355,50.53115204347753,457.41494599028135,0.350956,-0.611244,0.615871,0.352016,0.908196,-1.581763,1.593736,-0.274402,0.052853,0.459472,0.658693,-3.041234,0.079183
716,1776231674190,10.177926,-272.24764850421604,50.54202414506271,457.44519218759524,0.350983,-0.611244,0.615827,0.352065,0.908244,-1.581726,1.593585,-0.27455,0.052862,0.459498,0.658619,-3.041224,0.079061
717,1776231674202,10.189038,-272.57666656713013,50.56613933574972,457.4731281271081,0.350819,-0.61123,0.615838,0.352231,0.907748,-1.581564,1.593488,-0.274873,0.052882,0.459517,0.65866,-3.041119,0.078909
718,1776231674213,10.200149,-272.7682292484057,50.58468692165404,457.480353476007,0.35075,-0.611239,0.615847,0.352271,0.907552,-1.581557,1.593479,-0.275061,0.052898,0.459519,0.65863,-3.041165,0.078948
719,1776231674224,10.21126,-272.95161750798707,50.600057727273715,457.475204701128,0.350645,-0.611356,0.615748,0.352345,0.907248,-1.581804,1.593166,-0.275241,0.052911,0.459509,0.658581,-3.041209,0.078948
720,1776231674235,10.222371,-273.32822321780964,50.599943691007596,457.50598765393164,0.350829,-0.611175,0.615888,0.35223,0.907774,-1.581423,1.593618,-0.275611,0.052907,0.45953,0.658583,-3.041196,0.078841
721,1776231674246,10.233483,-273.52660537847845,50.59071259300059,457.5118823701605,0.350875,-0.611219,0.615901,0.352087,0.907955,-1.581645,1.59376,-0.275806,0.052896,0.459531,0.658709,-3.041162,0.078828
722,1776231674257,10.244594,-273.9411884194843,50.61479759689286,457.54119594099,0.350854,-0.611341,0.615766,0.35213,0.907882,-1.581928,1.593379,-0.276213,0.052915,0.459549,0.658634,-3.041155,0.078757
723,1776231674268,10.255705,-274.1673427395336,50.628606495174814,457.545295375589,0.350916,-0.61124,0.615841,0.352113,0.908051,-1.581679,1.593586,-0.276435,0.052926,0.459547,0.658672,-3.041164,0.07881
724,1776231674279,10.266817,-274.37600049986145,50.625710926497774,457.5789251148392,0.350874,-0.611342,0.615684,0.352252,0.90788,-1.581838,1.593073,-0.27664,0.052921,0.459575,0.658727,-3.041125,0.078649
725,1776231674290,10.277928,-274.85857574939456,50.626861167446734,457.5814356830625,0.350887,-0.611286,0.615742,0.352236,0.907921,-1.581705,1.593236,-0.277114,0.052917,0.459565,0.658898,-3.041123,0.078637
726,1776231674302,10.289039,-275.1009651296423,50.63365812160013,457.60308098487525,0.350689,-0.611333,0.615706,0.352414,0.907333,-1.581692,1.593006,-0.277352,0.052921,0.45958,0.658892,-3.041094,0.078635
727,1776231674313,10.300151,-275.5785433259282,50.63894460328486,457.6400327322376,0.350693,-0.611432,0.615615,0.352398,0.907349,-1.581959,1.592782,-0.277821,0.052921,0.459604,0.658808,-3.04103,0.07851
728,1776231674324,10.311262,-275.8515087364817,50.646117524110025,457.6353084794222,0.350761,-0.611383,0.61566,0.352336,0.907551,-1.581879,1.592947,-0.278089,0.052925,0.459592,0.658814,-3.041061,0.078496
729,1776231674335,10.322373,-276.1347407901115,50.65961466953272,457.6320273793664,0.350806,-0.611364,0.615591,0.352445,0.90762,-1.581749,1.592683,-0.278367,0.052935,0.459581,0.658769,-3.041136,0.078589
730,1776231674346,10.333484,-276.6753874103072,50.65331595643176,457.66359722413983,0.35094,-0.611293,0.615622,0.352381,0.907994,-1.581614,1.592813,-0.278898,0.052923,0.459598,0.658853,-3.04105,0.078454
731,1776231674357,10.344596,-276.9679389913472,50.67728829462712,457.6568393389228,0.350785,-0.611326,0.615632,0.35246,0.907559,-1.581637,1.592779,-0.279185,0.052943,0.459583,0.658779,-3.041087,0.078611
732,1776231674368,10.355707,-277.5689026577057,50.685190570288626,457.67034154070603,0.350863,-0.61128,0.615663,0.352407,0.907785,-1.58156,1.592901,-0.279775,0.052944,0.45958,0.658771,-3.041141,0.07861
733,1776231674379,10.366818,-277.86032557382583,50.696806175741244,457.68058927448175,0.350879,-0.611321,0.615655,0.352336,0.907856,-1.581719,1.592934,-0.280061,0.052952,0.459582,0.658735,-3.041141,0.078555
734,1776231674390,10.37793,-278.18847104666867,50.711964709178055,457.65055305001573,0.350851,-0.611331,0.615652,0.352351,0.907778,-1.581734,1.592914,-0.280383,0.052963,0.459543,0.658787,-3.041239,0.078743
735,1776231674402,10.389041,-278.8253846044226,50.7369441652814,457.67884533642,0.350851,-0.611238,0.615763,0.352319,0.907792,-1.581517,1.593225,-0.281008,0.05298,0.459553,0.65862,-3.041253,0.07875
736,1776231674413,10.400152,-279.1577320984479,50.759437375114764,457.66637717971673,0.35086,-0.61127,0.615755,0.352266,0.907839,-1.58164,1.593247,-0.281334,0.052998,0.459531,0.65859,-3.041302,0.078856
737,1776231674424,10.411264,-279.48067047420966,50.76015387156632,457.67951962894324,0.350843,-0.611319,0.615699,0.352296,0.907782,-1.581744,1.593079,-0.281651,0.052995,0.459535,0.658586,-3.041288,0.078866
738,1776231674435,10.422375,-280.15118936757426,50.774329803773156,457.7149733572169,0.350956,-0.611295,0.615643,0.352323,0.908062,-1.581662,1.592914,-0.282309,0.053001,0.459551,0.658767,-3.04123,0.078826
739,1776231674446,10.433486,-280.4987481264671,50.78572721794491,457.7342203838214,0.350773,-0.611343,0.615669,0.352377,0.907566,-1.581744,1.592939,-0.28265,0.053008,0.45956,0.658748,-3.041236,0.07889
740,1776231674457,10.444597,-281.1855938570404,50.79403334775625,457.7723482032284,0.350759,-0.611432,0.615532,0.352477,0.907484,-1.5819,1.592506,-0.283324,0.053008,0.459578,0.658701,-3.041171,0.078779
741,1776231674468,10.455709,-281.52799705492697,50.79614059830868,457.80555807996564,0.350815,-0.611332,0.615648,0.352391,0.907667,-1.581707,1.592873,-0.28366,0.053006,0.459601,0.658754,-3.041139,0.078725
742,1776231674479,10.46682,-281.8928396103726,50.79854683782251,457.8243328959027,0.350888,-0.611296,0.615619,0.352431,0.907838,-1.581584,1.592768,-0.284018,0.053004,0.459609,0.658841,-3.041092,0.078685
743,1776231674490,10.477931,-282.6001065669359,50.79902499467633,457.8633285579596,0.350856,-0.611352,0.615577,0.352439,0.907753,-1.581722,1.592653,-0.284712,0.052996,0.459627,0.658854,-3.04104,0.078616
744,1776231674502,10.489042,-282.9652918720361,50.82629097098949,457.86559806813045,0.350793,-0.611414,0.615527,0.352482,0.907572,-1.58185,1.59249,-0.28507,0.053018,0.459618,0.658744,-3.041068,0.078653
745,1776231674513,10.500154,-283.7145211639544,50.83260461648786,457.8931671213828,0.350816,-0.611289,0.615639,0.352482,0.90763,-1.581526,1.59278,-0.285805,0.053015,0.459623,0.658809,-3.0411,0.078651
746,1776231674524,10.511265,-284.0887451689122,50.843540365159626,457.90061687669726,0.350826,-0.611377,0.615564,0.352449,0.90767,-1.581779,1.592611,-0.286172,0.053021,0.459619,0.658806,-3.041097,0.07873
747,1776231674535,10.522376,-284.4514966651787,50.83060661362226,457.92044628049695,0.350773,-0.611395,0.615513,0.35256,0.907485,-1.58174,1.592395,-0.286528,0.053004,0.459628,0.658909,-3.041029,0.07869
748,1776231674546,10.533487,-285.2101407695964,50.8444802441823,457.92267383393784,0.350901,-0.611293,0.615597,0.352463,0.907859,-1.581551,1.592686,-0.287272,0.053008,0.459607,0.658974,-3.041078,0.078795
749,1776231674557,10.544598,-285.6037449735406,50.84957873511895,457.91469174013326,0.350807,-0.61127,0.615629,0.352539,0.907583,-1.581434,1.592712,-0.287658,0.053008,0.459587,0.659053,-3.0411,0.078888
750,1776231674568,10.55571,-286.3605395775521,50.869784974957305,457.93553573933474,0.350865,-0.611137,0.615765,0.352476,0.907759,-1.581136,1.593111,-0.2884,0.053018,0.459584,0.659,-3.041122,0.078963
751,1776231674579,10.566821,-286.75112132193993,50.872862126365796,457.94074267184016,0.351106,-0.611211,0.615705,0.352212,0.908498,-1.58153,1.593158,-0.288783,0.053016,0.459577,0.659041,-3.041146,0.079016
752,1776231674590,10.577932,-287.1345723417726,50.87484064578961,457.9467790750329,0.350951,-0.611285,0.61562,0.352387,0.90802,-1.581589,1.592804,-0.289159,0.053013,0.459571,0.659115,-3.041136,0.079028
753,1776231674602,10.589043,-287.92306351130725,50.88846325574091,457.9498131634751,0.350917,-0.611222,0.615724,0.352347,0.907949,-1.581455,1.593105,-0.289932,0.053016,0.459549,0.659122,-3.041181,0.079185
754,1776231674613,10.600154,-288.2963381697046,50.8872897304926,457.97282395244946,0.351026,-0.611203,0.615732,0.352258,0.908272,-1.581474,1.593192,-0.290298,0.05301,0.45956,0.659148,-3.041113,0.079172
755,1776231674624,10.611266,-288.6817422787681,50.87494918339961,458.0021328359338,0.351048,-0.61116,0.615789,0.352212,0.908348,-1.581399,1.593375,-0.290676,0.052993,0.459577,0.659167,-3.041076,0.078986
756,1776231674635,10.622377,-289.47959281878167,50.88995917491229,458.0282345494905,0.350995,-0.611169,0.615732,0.352348,0.908153,-1.581317,1.593124,-0.291458,0.052997,0.459577,0.659243,-3.041089,0.079063
757,1776231674646,10.633489,-289.8560549420784,50.893067716484275,458.05874718688324,0.3509,-0.611163,0.615775,0.352378,0.907894,-1.58128,1.593211,-0.291827,0.052995,0.459595,0.659127,-3.041062,0.07901
758,1776231674657,10.6446,-290.64163058245157,50.89465611419796,458.13003264960525,0.351082,-0.611078,0.615806,0.35229,0.908404,-1.581126,1.593358,-0.292597,0.052986,0.45964,0.659251,-3.040894,0.07893
759,1776231674668,10.655711,-291.0438556813184,50.91472895717168,458.1305955180897,0.351108,-0.611142,0.615772,0.352212,0.908504,-1.581352,1.593331,-0.292991,0.053,0.459627,0.65919,-3.040972,0.07898
760,1776231674679,10.666822,-291.432537281143,50.908827992558486,458.161595752544,0.351038,-0.611099,0.615798,0.352311,0.908279,-1.581165,1.593323,-0.293372,0.052989,0.459645,0.659199,-3.040902,0.078876
761,1776231674690,10.677934,-292.22351555899405,50.92208344955445,458.2125939672017,0.350923,-0.611204,0.615741,0.352343,0.907969,-1.581412,1.593151,-0.294147,0.052991,0.459669,0.65912,-3.040864,0.078768
762,1776231674702,10.689045,-292.6441520481615,50.93840976647306,458.1998359822868,0.351132,-0.611097,0.615781,0.352252,0.90855,-1.581203,1.593323,-0.294559,0.053001,0.459642,0.659225,-3.040925,0.0789
763,1776231674713,10.700156,-293.44234852114386,50.94679115745064,458.20190447673855,0.35106,-0.611142,0.615814,0.352187,0.908391,-1.581371,1.593459,-0.295341,0.052998,0.459617,0.659199,-3.040994,0.079056
764,1776231674724,10.711267,-293.8558954838225,50.96207683701984,458.1941447781911,0.351158,-0.611107,0.615798,0.352177,0.908649,-1.581288,1.593426,-0.295746,0.053007,0.459595,0.65921,-3.041058,0.079133
765,1776231674735,10.722379,-294.2613207338741,50.979339002875555,458.1983295650837,0.351151,-0.611173,0.615807,0.352055,0.908685,-1.58155,1.593541,-0.296143,0.053018,0.459585,0.659142,-3.041097,0.079171
766,1776231674746,10.73349,-295.08973723359696,51.02660437283261,458.1703787607278,0.351252,-0.611134,0.615795,0.352042,0.90895,-1.58146,1.593521,-0.296954,0.053052,0.459528,0.659002,-3.041276,0.079375
767,1776231674757,10.744602,-295.49331522792284,51.05528550112882,458.1799585798483,0.35121,-0.611119,0.615855,0.352007,0.908857,-1.581447,1.593702,-0.297349,0.053074,0.459523,0.658887,-3.041358,0.079384
768,1776231674768,10.755713,-296.2816706994073,51.070129789003445,458.2332233082303,0.351137,-0.611088,0.615863,0.352118,0.90862,-1.581283,1.593639,-0.298121,0.053077,0.459548,0.658944,-3.041245,0.079319
769,1776231674779,10.766824,-296.6807810834219,51.0596059780038,458.25323736236254,0.35124,-0.611066,0.615807,0.352152,0.908873,-1.581199,1.593468,-0.298512,0.053061,0.459554,0.659018,-3.041227,0.079346
770,1776231674790,10.777935,-297.07596775483626,51.06143852160642,458.28147956017267,0.351029,-0.611169,0.615707,0.352356,0.908237,-1.581312,1.593053,-0.298899,0.053057,0.459568,0.659048,-3.041158,0.079202
771,1776231674802,10.789047,-297.8755475125068,51.06119884701942,458.37477288232674,0.351208,-0.611092,0.615808,0.352137,0.908796,-1.581278,1.593482,-0.299682,0.053045,0.459632,0.659109,-3.041029,0.078981
772,1776231674813,10.800158,-298.2820808482844,51.06742356555765,458.38652866058015,0.351077,-0.611119,0.615795,0.352243,0.908409,-1.581267,1.593367,-0.30008,0.053045,0.459629,0.659092,-3.041039,0.078992
773,1776231674824,10.811269,-298.67554182198575,51.08999017054178,458.4133158936691,0.351206,-0.610993,0.615875,0.352193,0.908766,-1.580979,1.593613,-0.300465,0.053061,0.459641,0.659055,-3.041033,0.078978
774,1776231674835,10.822381,-299.4701746160277,51.0888837655329,458.44734664752104,0.351077,-0.611045,0.615792,0.352378,0.908352,-1.580973,1.593255,-0.301243,0.053048,0.459646,0.659088,-3.040995,0.078993
775,1776231674846,10.833492,-299.87480918812105,51.10036072475647,458.4391878643447,0.351226,-0.611065,0.615808,0.352166,0.908829,-1.581186,1.593461,-0.301639,0.053053,0.459623,0.659065,-3.041082,0.07912
776,1776231674857,10.844603,-300.6717279061367,51.10978822109477,458.4637734750065,0.351261,-0.611053,0.615816,0.352137,0.908933,-1.581177,1.593503,-0.302419,0.05305,0.459618,0.659075,-3.041108,0.079066
777,1776231674868,10.855714,-301.0826263970898,51.12764575774726,458.45615289165664,0.351292,-0.611054,0.615851,0.352044,0.909054,-1.58125,1.593663,-0.302821,0.053061,0.459595,0.659066,-3.041168,0.079156
778,1776231674879,10.866826,-301.4840836632051,51.12164638673087,458.4488369999601,0.351274,-0.610978,0.615906,0.352097,0.908984,-1.581014,1.593766,-0.303214,0.053049,0.459573,0.65916,-3.041162,0.079235
779,1776231674890,10.877937,-302.29150625592996,51.14179945412266,458.458356288164,0.351435,-0.610945,0.615894,0.352015,0.909437,-1.58099,1.593797,-0.304004,0.053056,0.459552,0.659156,-3.041251,0.079403
780,1776231674902,10.889048,-302.70044707977326,51.159746993891915,458.43981391087135,0.351333,-0.611015,0.615853,0.352066,0.909151,-1.581133,1.593653,-0.304404,0.053067,0.459518,0.659149,-3.041318,0.079505
781,1776231674913,10.90016,-303.49990984405923,51.18820222207897,458.46167179224096,0.35132,-0.61098,0.615913,0.352036,0.909129,-1.581066,1.59383,-0.305186,0.053082,0.459509,0.659112,-3.041412,0.079539
782,1776231674924,10.911271,-303.8996206679703,51.19782975289758,458.4640289787503,0.351238,-0.61103,0.615889,0.352072,0.908901,-1.581167,1.593741,-0.305577,0.053085,0.459496,0.659096,-3.04143,0.079616
783,1776231674935,10.922382,-304.2735974559069,51.18951518398983,458.52170173559705,0.351185,-0.610972,0.615877,0.352248,0.908686,-1.580884,1.593574,-0.305943,0.053071,0.459539,0.65915,-3.041284,0.079451
784,1776231674946,10.933494,-305.07277328586775,51.17794578753387,458.58172658852516,0.351321,-0.610958,0.615879,0.352132,0.90909,-1.580935,1.59367,-0.306725,0.053047,0.459568,0.659299,-3.041235,0.079359
785,1776231674957,10.944605,-305.49416163197554,51.199399199108186,458.5813343475774,0.35122,-0.611103,0.615783,0.352149,0.908822,-1.581296,1.593408,-0.307137,0.053061,0.459551,0.659242,-3.041331,0.079433
786,1776231674968,10.955716,-305.8806111618375,51.2027528528559,458.6338671690605,0.351308,-0.611079,0.615807,0.352062,0.909086,-1.5813,1.593536,-0.307515,0.053058,0.459588,0.659186,-3.041199,0.079229
787,1776231674979,10.966827,-306.6995978610499,51.21135581514018,458.6874319885665,0.351346,-0.611062,0.615829,0.352014,0.909207,-1.581294,1.593631,-0.308316,0.053053,0.459609,0.659117,-3.041122,0.079232
788,1776231674990,10.977939,-307.1138458027306,51.22661947398915,458.68489048411845,0.351297,-0.611059,0.61581,0.352103,0.90904,-1.581219,1.593512,-0.308721,0.053061,0.45959,0.659143,-3.041165,0.079334
789,1776231675002,10.98905,-307.9401092789357,51.23449790697333,458.71891847728824,0.35139,-0.610998,0.615839,0.352065,0.909297,-1.581089,1.593618,-0.309529,0.053055,0.459591,0.659171,-3.041186,0.079306
790,1776231675013,11.000161,-308.3522059629497,51.2343393888207,458.72632575711236,0.351324,-0.611028,0.615841,0.352074,0.909124,-1.581161,1.593615,-0.309932,0.053048,0.459582,0.659254,-3.041208,0.079318
791,1776231675024,11.011272,-308.7571863391117,51.236151167056605,458.7406123275011,0.351259,-0.611092,0.615818,0.352069,0.908957,-1.58133,1.59356,-0.310328,0.053043,0.45958,0.659273,-3.041201,0.079319
792,1776231675035,11.022383,-309.59689904092124,51.24244666831067,458.7362849504073,0.351335,-0.610997,0.61589,0.352032,0.90917,-1.581112,1.593775,-0.311149,0.053035,0.459542,0.659274,-3.0413,0.079445
793,1776231675046,11.033495,-310.0185134057756,51.26320861743027,458.7365983133868,0.351293,-0.611017,0.615924,0.351979,0.909084,-1.581204,1.593902,-0.311561,0.053048,0.459525,0.659228,-3.041358,0.079494
794,1776231675057,11.044606,-310.8340233834139,51.28988989979201,458.7814821747456,0.3513,-0.61093,0.616008,0.351977,0.909104,-1.58098,1.59412,-0.312358,0.05306,0.459536,0.659176,-3.041275,0.079551
795,1776231675068,11.055717,-311.2482359676601,51.28275762259654,458.80849424363555,0.35121,-0.611007,0.615971,0.351997,0.908861,-1.581165,1.59401,-0.312763,0.053046,0.459546,0.659141,-3.041261,0.079419
796,1776231675079,11.066829,-311.6513031651984,51.28370867833308,458.8463480646792,0.351178,-0.611026,0.615924,0.35208,0.908742,-1.58115,1.593825,-0.313157,0.05304,0.459567,0.659116,-3.041209,0.079343
797,1776231675090,11.07794,-312.0541896848978,51.26611789276436,458.89506573714317,0.351075,-0.611102,0.61588,0.352126,0.908456,-1.581312,1.593675,-0.313551,0.053016,0.459599,0.659131,-3.04115,0.079189
798,1776231675102,11.089051,-312.8697468197027,51.27864830502851,458.9564861352951,0.351071,-0.611094,0.615891,0.352125,0.908445,-1.581293,1.593706,-0.314348,0.053014,0.459626,0.659126,-3.04107,0.079009
799,1776231675113,11.100162,-313.68764213945184,51.31093319817788,459.00239573348097,0.351008,-0.611133,0.615886,0.352129,0.908281,-1.58139,1.59369,-0.315147,0.053031,0.459637,0.659007,-3.041025,0.078973
800,1776231675124,11.111273,-314.10236504822996,51.338052827845324,459.0142399284327,0.351063,-0.611101,0.61592,0.352071,0.908448,-1.581351,1.593821,-0.315552,0.05305,0.459631,0.658863,-3.04106,0.07901
801,1776231675135,11.122385,-314.50169803781,51.35976137262736,459.0456032005707,0.351033,-0.611075,0.615905,0.352171,0.908329,-1.581209,1.593707,-0.315942,0.053064,0.459645,0.658813,-3.040977,0.078963
802,1776231675146,11.133496,-315.3264672844579,51.35011839018668,459.0764669536576,0.351105,-0.611106,0.615831,0.352173,0.908514,-1.581288,1.593515,-0.316748,0.05304,0.459641,0.65899,-3.040972,0.078897
803,1776231675157,11.144607,-315.71840726875183,51.34496152270233,459.11332721029,0.351114,-0.611137,0.61583,0.352114,0.908562,-1.581411,1.593556,-0.317131,0.053028,0.459661,0.658998,-3.040895,0.078824
804,1776231675168,11.155719,-316.5322118527084,51.35178935185584,459.1221104092218,0.351084,-0.611115,0.615865,0.35212,0.908483,-1.581351,1.593643,-0.317926,0.05302,0.459635,0.659022,-3.040896,0.078798
805,1776231675179,11.16683,-316.95212680930564,51.373017438727004,459.1213621731787,0.351122,-0.611094,0.615912,0.352036,0.908618,-1.58136,1.593829,-0.318336,0.053033,0.459616,0.659015,-3.040953,0.078886
806,1776231675190,11.177941,-317.3679221531907,51.3900718326623,459.12951912676743,0.351155,-0.611046,0.615936,0.352045,0.908699,-1.58123,1.593884,-0.318742,0.053042,0.459606,0.659088,-3.040951,0.078991
807,1776231675202,11.189053,-317.7969302563771,51.396062733527586,459.12905240745533,0.351105,-0.611078,0.615899,0.352105,0.908542,-1.581266,1.593743,-0.319161,0.05304,0.459587,0.659051,-3.041023,0.078934
808,1776231675213,11.200164,-318.6078784198748,51.40517658085987,459.188814084727,0.351204,-0.61114,0.615838,0.352004,0.908844,-1.581503,1.593661,-0.319953,0.053034,0.459611,0.659027,-3.040965,0.078887
809,1776231675224,11.211275,-319.0022344751856,51.42090410095475,459.21239662724525,0.35095,-0.611216,0.615781,0.352227,0.908089,-1.58153,1.593343,-0.320338,0.053042,0.459617,0.658929,-3.040926,0.078811
810,1776231675235,11.222386,-319.8213579762155,51.41796221912269,459.30599378999045,0.350976,-0.611202,0.615806,0.35218,0.908177,-1.581531,1.593442,-0.321138,0.053024,0.459674,0.658979,-3.040831,0.078607
811,1776231675246,11.233497,-320.2258924026066,51.422622915743,459.34214049650836,0.350874,-0.611189,0.615804,0.352309,0.907855,-1.581398,1.593339,-0.321533,0.053021,0.459692,0.659017,-3.04072,0.078551
812,1776231675257,11.244609,-321.03901975015117,51.42282839658055,459.398485784026,0.351044,-0.611039,0.615893,0.352243,0.908324,-1.581061,1.593621,-0.322327,0.053006,0.459712,0.659046,-3.040642,0.07852
813,1776231675268,11.25572,-321.44964054960235,51.41635146144987,459.42379698438737,0.350804,-0.611097,0.615869,0.352424,0.907625,-1.581074,1.59342,-0.322728,0.052992,0.459719,0.659154,-3.040596,0.078524
814,1776231675279,11.266831,-321.86665091565163,51.43167378813372,459.43057699833844,0.350952,-0.611078,0.615915,0.352229,0.908093,-1.581172,1.593689,-0.323135,0.052999,0.459707,0.659121,-3.040708,0.078527
815,1776231675290,11.277942,-322.67805014644404,51.44855625070518,459.4683303076169,0.35075,-0.611118,0.615916,0.35236,0.907512,-1.581176,1.593589,-0.323927,0.053,0.459708,0.659169,-3.040633,0.078509
816,1776231675302,11.289054,-323.099246495289,51.46713422118352,459.4694470383512,0.35088,-0.611064,0.61597,0.352229,0.907906,-1.581136,1.593831,-0.324338,0.05301,0.45969,0.65906,-3.040757,0.078605
817,1776231675313,11.300169,-323.9311474280924,51.474282722573314,459.4477176666779,0.350954,-0.611008,0.616005,0.35219,0.908114,-1.581022,1.593952,-0.32515,0.053001,0.459631,0.659091,-3.040926,0.078841
818,1776231675324,11.311281,-324.3533830923242,51.48884123833565,459.4530275086293,0.350859,-0.610985,0.61604,0.352264,0.907838,-1.580905,1.593984,-0.325562,0.053007,0.459617,0.659161,-3.040888,0.078871
819,1776231675335,11.322392,-324.7725111579205,51.49821284185957,459.46120679190466,0.351051,-0.610933,0.6161,0.352059,0.908422,-1.580926,1.594296,-0.325971,0.053008,0.459606,0.659228,-3.040939,0.078971
820,1776231675346,11.333503,-325.5965762313387,51.52705177356675,459.5196252552225,0.35105,-0.611087,0.615975,0.352011,0.908442,-1.58136,1.594011,-0.326775,0.05302,0.459626,0.659133,-3.0409,0.078884
821,1776231675357,11.344614,-326.01139038724114,51.50962704548438,459.5455751251385,0.351183,-0.611099,0.615926,0.351943,0.908816,-1.581445,1.593935,-0.32718,0.052995,0.459633,0.659252,-3.040903,0.078857
822,1776231675368,11.355725,-326.40789717711124,51.50422176683236,459.5921032486892,0.351116,-0.611141,0.61589,0.352,0.908616,-1.581509,1.593799,-0.327567,0.052982,0.459661,0.659273,-3.040786,0.078764
823,1776231675379,11.366837,-327.2115621206251,51.528731650456045,459.6630476782924,0.351133,-0.61113,0.615928,0.351936,0.90869,-1.581528,1.593946,-0.328351,0.05299,0.459694,0.65914,-3.040744,0.078638
824,1776231675390,11.377948,-327.62130295434804,51.50924872727888,459.70409053347373,0.351125,-0.611141,0.615884,0.352002,0.908638,-1.581509,1.593782,-0.328751,0.052963,0.459716,0.659195,-3.0407,0.078577
825,1776231675402,11.38906,-328.4535742900888,51.51389871840979,459.7178294467229,0.351305,-0.611046,0.615957,0.351858,0.909169,-1.581371,1.594082,-0.329563,0.052951,0.459691,0.659409,-3.040711,0.078654
826,1776231675413,11.400171,-328.8586923418568,51.53972662054316,459.73213913167496,0.351321,-0.611015,0.615985,0.351848,0.909214,-1.5813,1.59416,-0.329958,0.052968,0.459686,0.659337,-3.04073,0.078721
827,1776231675424,11.411282,-329.27711442449083,51.56173301570778,459.73697152209564,0.351276,-0.610977,0.616061,0.351826,0.909107,-1.581217,1.594374,-0.330366,0.052981,0.459671,0.65926,-3.040818,0.078777
828,1776231675435,11.422393,-329.69966543140924,51.58488098542612,459.7289329901279,0.351228,-0.610935,0.616157,0.351778,0.909003,-1.581145,1.59466,-0.330778,0.052995,0.459643,0.65928,-3.040827,0.078883
829,1776231675446,11.433504,-330.5106481597776,51.59655238771785,459.75335206394146,0.351332,-0.610954,0.61612,0.351706,0.909303,-1.581249,1.594618,-0.331569,0.05299,0.459629,0.659111,-3.040902,0.078904
830,1776231675457,11.444616,-331.3421060746099,51.59845126690818,459.7777992145427,0.351244,-0.611009,0.616076,0.351776,0.909047,-1.581337,1.594452,-0.33238,0.052975,0.459614,0.659218,-3.040925,0.078863
831,1776231675468,11.455727,-331.77085456271107,51.617734317142705,459.773275268909,0.351332,-0.611033,0.616076,0.351645,0.909331,-1.581499,1.594552,-0.332798,0.052985,0.459589,0.659289,-3.041011,0.079011
832,1776231675479,11.466838,-332.18527182811647,51.63776944370512,459.78024002569873,0.351176,-0.611045,0.616074,0.351784,0.908866,-1.581426,1.594442,-0.333202,0.052996,0.459576,0.659208,-3.041064,0.07902
833,1776231675490,11.477949,-333.0090034646876,51.6757381841677,459.8334150686511,0.351131,-0.610995,0.616135,0.351809,0.90874,-1.581277,1.594577,-0.334005,0.053016,0.459589,0.659143,-3.041003,0.079068
834,1776231675502,11.489061,-333.4203399287175,51.69062658041153,459.869585761879,0.351053,-0.610938,0.616228,0.351824,0.90853,-1.581116,1.594809,-0.334406,0.053022,0.459605,0.659068,-3.040984,0.079006
835,1776231675513,11.500172,-334.2223193295383,51.69635137260283,459.96601139740227,0.351188,-0.611016,0.616116,0.351749,0.908914,-1.581377,1.594576,-0.335188,0.053011,0.459662,0.658949,-3.040881,0.07873
836,1776231675524,11.511283,-334.6162737181524,51.71196611381217,460.00248484808077,0.350898,-0.611,0.616179,0.351956,0.908072,-1.581177,1.59458,-0.335572,0.053018,0.459679,0.65891,-3.040854,0.078721
837,1776231675535,11.522395,-335.00898262076987,51.70286816640866,460.058840695201,0.350995,-0.611031,0.616083,0.351974,0.908316,-1.581246,1.594318,-0.335955,0.053001,0.459716,0.658929,-3.040724,0.078565
838,1776231675546,11.533506,-335.8512898531477,51.730235498670886,460.0750158624232,0.351053,-0.610904,0.616176,0.351972,0.908466,-1.580918,1.59456,-0.336776,0.05301,0.459691,0.659024,-3.040793,0.078636
839,1776231675557,11.544617,-336.27614141880696,51.752786145624896,460.0526519765257,0.351167,-0.610956,0.616113,0.35188,0.9088,-1.581123,1.594468,-0.33719,0.053023,0.459648,0.659078,-3.040894,0.078848
840,1776231675568,11.555728,-337.1064498888899,51.803702930583015,460.0566450098537,0.351195,-0.610906,0.616179,0.351823,0.9089,-1.581037,1.594682,-0.337999,0.053055,0.459611,0.658909,-3.040999,0.079038
841,1776231675579,11.56684,-337.5249621491672,51.801484603262594,460.0388604982061,0.351185,-0.610882,0.616208,0.351823,0.908872,-1.580974,1.594757,-0.338407,0.053044,0.459573,0.659017,-3.041078,0.079186
842,1776231675590,11.577951,-337.9415772273759,51.81467901650582,460.06058356534083,0.351228,-0.610873,0.616175,0.351855,0.908969,-1.580927,1.594647,-0.338813,0.053048,0.459574,0.658921,-3.04114,0.079127
843,1776231675602,11.589062,-338.75923427459225,51.81609898359783,460.1081518809146,0.351167,-0.610909,0.616173,0.351856,0.908813,-1.581019,1.594641,-0.33961,0.053032,0.459581,0.659039,-3.041113,0.079051
844,1776231675613,11.600173,-339.16358812448277,51.83011787996589,460.1405039514163,0.351183,-0.610913,0.616161,0.351855,0.908853,-1.581029,1.59461,-0.340004,0.053037,0.459593,0.659004,-3.041112,0.079052
845,1776231675624,11.611284,-339.5852906614478,51.83219587258382,460.15645955107397,0.351232,-0.610964,0.616081,0.351856,0.90898,-1.581161,1.594403,-0.340415,0.05303,0.459588,0.65901,-3.041129,0.079037
846,1776231675635,11.622396,-340.40630946110844,51.852381276122124,460.2158239832842,0.351147,-0.610932,0.616129,0.351914,0.908735,-1.581034,1.594483,-0.341215,0.053032,0.459606,0.65895,-3.041072,0.078994
847,1776231675646,11.633507,-340.8147687936631,51.86040284797044,460.2434182947388,0.351218,-0.610934,0.616112,0.351871,0.908937,-1.58107,1.594471,-0.341613,0.053031,0.459613,0.658916,-3.04107,0.078969
848,1776231675657,11.644618,-341.6277048698878,51.88567529609168,460.30366299001093,0.351119,-0.610881,0.616196,0.351913,0.908664,-1.580902,1.594657,-0.342405,0.053038,0.459632,0.658935,-3.040934,0.078948
849,1776231675668,11.655729,-342.0403928529438,51.90310959636146,460.32258764584503,0.350981,-0.610817,0.616227,0.352108,0.908221,-1.580588,1.594588,-0.342807,0.053046,0.45963,0.658862,-3.040933,0.078963
850,1776231675679,11.666841,-342.45076955687665,51.889660384879846,460.33202598004794,0.351146,-0.610731,0.616256,0.35204,0.908676,-1.580419,1.594716,-0.343207,0.053024,0.459619,0.658914,-3.040982,0.07893
851,1776231675690,11.677952,-343.28101056926744,51.88668942880724,460.38607734511424,0.351311,-0.61087,0.616114,0.351884,0.909172,-1.580895,1.594468,-0.344016,0.053003,0.459631,0.659045,-3.040929,0.078899
852,1776231675702,11.689063,-343.699823898959,51.89406379012137,460.3791003099902,0.351116,-0.610942,0.616089,0.351998,0.908617,-1.580995,1.594315,-0.344424,0.053001,0.459603,0.659155,-3.041002,0.078966
853,1776231675713,11.700175,-344.52968532370403,51.95599019100623,460.3925861785814,0.351178,-0.610936,0.616143,0.351851,0.908842,-1.581092,1.594568,-0.345232,0.053043,0.459574,0.659006,-3.041099,0.079102
854,1776231675724,11.711286,-344.94127747187173,51.9550307300224,460.4175780309264,0.351119,-0.610831,0.616234,0.351934,0.908654,-1.580757,1.59474,-0.345633,0.053033,0.459578,0.659121,-3.041094,0.079167
855,1776231675735,11.722397,-345.3488909726864,51.96736589148598,460.4405096548987,0.351176,-0.610764,0.616292,0.351891,0.908821,-1.580616,1.594923,-0.34603,0.053036,0.45958,0.65905,-3.041099,0.079142
856,1776231675746,11.733509,-346.1598349838181,51.967319664956214,460.51429195667635,0.351245,-0.610806,0.616227,0.351862,0.909011,-1.580748,1.594778,-0.34682,0.053018,0.459612,0.659216,-3.041023,0.079045
857,1776231675757,11.74462,-346.5643246963815,51.97038569385066,460.5572700197919,0.351054,-0.610881,0.616175,0.352014,0.90845,-1.580827,1.594524,-0.347214,0.053012,0.459634,0.659173,-3.04097,0.079002
858,1776231675768,11.755731,-347.38576550375285,51.98919144851236,460.6501366925545,0.350966,-0.610818,0.616249,0.352082,0.908193,-1.580612,1.594666,-0.348014,0.053012,0.459684,0.659178,-3.040829,0.078825
859,1776231675779,11.766842,-347.79449453852476,52.00371710537814,460.67434324757085,0.350961,-0.61089,0.616181,0.352081,0.908182,-1.580798,1.59449,-0.348412,0.053017,0.459687,0.659121,-3.040803,0.078764
860,1776231675790,11.777953,-348.23199862329284,52.019954346390506,460.6687737556468,0.350929,-0.610858,0.616234,0.352076,0.908101,-1.58072,1.59463,-0.348838,0.053023,0.459659,0.659148,-3.040835,0.078826
861,1776231675802,11.789065,-349.0659045987771,52.04433984251862,460.6848196539988,0.351031,-0.610836,0.616251,0.351982,0.908405,-1.580735,1.594747,-0.34965,0.053028,0.459632,0.659148,-3.040919,0.078962
862,1776231675813,11.800176,-349.48190220057757,52.06321470902529,460.6984490444646,0.350944,-0.610758,0.616373,0.35199,0.908177,-1.580527,1.595056,-0.350055,0.053037,0.459624,0.659107,-3.04098,0.078993
863,1776231675824,11.811287,-349.89261510558447,52.06246177277141,460.71974314234103,0.35096,-0.610711,0.616414,0.351984,0.908219,-1.580409,1.595167,-0.350455,0.053027,0.459624,0.659131,-3.040992,0.079005
864,1776231675835,11.822398,-350.72652951963613,52.07671696590708,460.7086705131335,0.350933,-0.610761,0.616389,0.351968,0.908157,-1.58055,1.595114,-0.351267,0.053022,0.45957,0.65916,-3.041121,0.079107
865,1776231675846,11.833509,-351.15164918271563,52.075328669217576,460.71161129367425,0.35096,-0.610708,0.6164,0.352015,0.908206,-1.580377,1.595108,-0.351681,0.053011,0.459551,0.659298,-3.041139,0.079208
866,1776231675857,11.844621,-351.9838037108982,52.11840141491802,460.7462937334462,0.350994,-0.6107,0.616411,0.351976,0.908312,-1.580385,1.595165,-0.352491,0.053034,0.459542,0.65922,-3.041199,0.079267
867,1776231675868,11.855732,-352.4038843324807,52.12516002802719,460.7814361083381,0.350906,-0.610691,0.616448,0.352012,0.908069,-1.580336,1.595235,-0.3529,0.053031,0.459555,0.659322,-3.041117,0.079279
868,1776231675879,11.866843,-352.80036620408237,52.13343462917699,460.82043078371095,0.350818,-0.610703,0.616458,0.352063,0.907819,-1.580328,1.595219,-0.353286,0.05303,0.459573,0.659244,-3.04109,0.079286
869,1776231675890,11.877954,-353.6076565423587,52.140092951044025,460.92643236955365,0.350748,-0.610826,0.616378,0.352059,0.907638,-1.580649,1.595018,-0.354072,0.053018,0.459636,0.659067,-3.040974,0.079019
870,1776231675902,11.889065,-354.00618041308445,52.1433249347278,460.97465577193475,0.350688,-0.610784,0.616379,0.35219,0.907428,-1.580441,1.594918,-0.35446,0.053012,0.459663,0.659064,-3.040927,0.078948
871,1776231675913,11.900177,-354.4170114489827,52.142759431575755,460.99423654583023,0.350666,-0.610906,0.616308,0.352124,0.907399,-1.580808,1.594785,-0.35486,0.053002,0.459661,0.659085,-3.040923,0.078963
872,1776231675924,11.911288,-355.27596846215005,52.17849902740667,460.9842050369335,0.350845,-0.610769,0.616461,0.351916,0.907951,-1.580611,1.59534,-0.355696,0.053017,0.459606,0.659103,-3.041099,0.079123
873,1776231675935,11.922399,-355.6816995560028,52.17888486970089,461.0116751108212,0.350779,-0.610813,0.616421,0.351975,0.907756,-1.58068,1.595192,-0.356091,0.053008,0.459612,0.659102,-3.041062,0.079089
874,1776231675946,11.933511,-356.51091554434123,52.21400156454708,461.02544775555225,0.350808,-0.610888,0.616352,0.351937,0.907848,-1.580904,1.595042,-0.356898,0.053023,0.459582,0.658963,-3.041182,0.079061
875,1776231675957,11.944622,-356.9114817347237,52.207121718601115,461.06073919730056,0.350731,-0.610811,0.616436,0.352001,0.907621,-1.580655,1.595211,-0.357288,0.053007,0.459596,0.659102,-3.0411,0.079086
876,1776231675968,11.955733,-357.7335775433248,52.245225595771124,461.0863924436331,0.35075,-0.610727,0.616546,0.351936,0.907697,-1.580486,1.595544,-0.358088,0.053025,0.459578,0.659001,-3.041153,0.079252
877,1776231675979,11.966844,-358.12932134938035,52.27726610477985,461.12578336739324,0.350768,-0.610657,0.616632,0.351887,0.907765,-1.580342,1.595806,-0.358473,0.053047,0.459596,0.658871,-3.041142,0.079219
878,1776231675990,11.977955,-358.54951334204446,52.280148197581056,461.1400440956694,0.350684,-0.610667,0.616623,0.351972,0.907511,-1.580303,1.595717,-0.358882,0.05304,0.459588,0.658846,-3.041179,0.079174
879,1776231676002,11.989067,-359.3521405994114,52.31787279763913,461.2142783077473,0.350784,-0.610692,0.616549,0.351956,0.907777,-1.580381,1.595539,-0.359663,0.053058,0.459619,0.658867,-3.041043,0.079118
880,1776231676013,12.000178,-359.75683601791854,52.30605334556383,461.2670638550766,0.350739,-0.610782,0.616452,0.352015,0.907635,-1.580569,1.595243,-0.360057,0.053037,0.45965,0.658942,-3.040979,0.078903
881,1776231676024,12.011289,-360.1565806608523,52.318750201020315,461.31268448930746,0.350649,-0.610804,0.616456,0.35206,0.907383,-1.580593,1.595217,-0.360446,0.05304,0.459674,0.658919,-3.040926,0.078847
882,1776231676035,12.0224,-360.94460264497883,52.318256215573726,461.40623807390705,0.350587,-0.610854,0.616416,0.352105,0.907203,-1.580688,1.595078,-0.361213,0.053021,0.459725,0.658918,-3.040756,0.078693
883,1776231676046,12.033511,-361.37107550010813,52.329588168604374,461.4038445660204,0.350555,-0.610758,0.616526,0.35211,0.907116,-1.580435,1.59536,-0.361628,0.053022,0.4597,0.658899,-3.040841,0.07876
884,1776231676057,12.044622,-362.19832668195517,52.34858391309935,461.4350743893142,0.350647,-0.610716,0.616517,0.352109,0.907356,-1.580326,1.595337,-0.362433,0.053021,0.459687,0.658982,-3.040852,0.078878
885,1776231676068,12.055734,-362.6001764211626,52.36242789624895,461.44757968482674,0.350582,-0.610656,0.616611,0.35211,0.907188,-1.580172,1.595581,-0.362824,0.053025,0.459678,0.659023,-3.040849,0.078879
886,1776231676079,12.066845,-363.01332372808366,52.37450741926318,461.4435266612633,0.350705,-0.610579,0.616674,0.352013,0.907547,-1.580044,1.595817,-0.363226,0.053027,0.459652,0.658973,-3.04087,0.07893
887,1776231676090,12.077956,-363.8757059540488,52.413929700089824,461.4273751836633,0.350731,-0.610638,0.616609,0.351997,0.907623,-1.580211,1.595662,-0.364065,0.053045,0.45959,0.659051,-3.041062,0.079148
888,1776231676102,12.089067,-364.2898485587601,52.41888509993132,461.4415553146237,0.350889,-0.61065,0.616566,0.351895,0.908076,-1.580317,1.595628,-0.364468,0.05304,0.459582,0.659076,-3.041084,0.079198
889,1776231676113,12.100179,-365.0873207562942,52.429091588565726,461.5399982212696,0.350595,-0.610641,0.616642,0.352072,0.907237,-1.58016,1.59569,-0.365244,0.053031,0.459637,0.658904,-3.040989,0.078944
890,1776231676124,12.11129,-365.48292343586667,52.4254199873568,461.5905425649937,0.350538,-0.610676,0.616618,0.352109,0.907075,-1.580223,1.595599,-0.365629,0.053018,0.459666,0.658953,-3.040907,0.078826
891,1776231676135,12.122401,-365.87563957756606,52.450385894905835,461.6370341869339,0.350411,-0.610671,0.616661,0.352168,0.90672,-1.580166,1.595665,-0.366011,0.053033,0.459691,0.658815,-3.040838,0.078696
892,1776231676146,12.133512,-366.7029908869833,52.46550146807096,461.68872109964894,0.350341,-0.610538,0.616743,0.352324,0.90647,-1.579704,1.595759,-0.366816,0.053028,0.459698,0.658848,-3.040753,0.078634
893,1776231676157,12.144624,-367.11414292614234,52.47864943674995,461.6957853344892,0.350606,-0.610485,0.616782,0.352085,0.90726,-1.579748,1.596041,-0.367216,0.053031,0.459683,0.658906,-3.040764,0.078778
894,1776231676168,12.155735,-367.54486990379615,52.49843609829514,461.68172400380575,0.350576,-0.610538,0.616736,0.352104,0.907175,-1.579869,1.595908,-0.367635,0.05304,0.459646,0.658926,-3.040862,0.078919
895,1776231676179,12.166846,-368.3651811128428,52.5318858857222,461.74630190899387,0.350515,-0.610446,0.616818,0.352179,0.906984,-1.579576,1.596062,-0.368433,0.053053,0.459666,0.65888,-3.040859,0.078818
896,1776231676190,12.177957,-368.7895376110576,52.51773094414927,461.74087737458615,0.350553,-0.610401,0.616853,0.352159,0.907092,-1.579473,1.596168,-0.368846,0.053029,0.459638,0.659078,-3.040905,0.078992
897,1776231676202,12.189069,-369.6015938347563,52.54180639887783,461.7828008476097,0.350589,-0.610429,0.616803,0.352163,0.907184,-1.579543,1.596035,-0.369636,0.053033,0.459636,0.659034,-3.040913,0.078927
898,1776231676213,12.20018,-370.0075759206752,52.54565862636647,461.8087893922907,0.350639,-0.610454,0.61682,0.352039,0.907366,-1.579703,1.596174,-0.370031,0.053027,0.45964,0.659,-3.040907,0.078904
899,1776231676224,12.211291,-370.42701415298404,52.56418928896675,461.8234425014669,0.350568,-0.610482,0.616842,0.352023,0.90719,-1.579786,1.596245,-0.370439,0.053035,0.459632,0.65894,-3.040959,0.07887
900,1776231676235,12.222402,-371.2545518700135,52.594839443028135,461.8814099644073,0.350596,-0.61051,0.616804,0.352014,0.907266,-1.579865,1.596152,-0.371244,0.053045,0.459645,0.65894,-3.040908,0.078843
901,1776231676246,12.233514,-371.6749760718433,52.605218579309444,461.9031697284479,0.350535,-0.610522,0.616789,0.352079,0.907079,-1.579847,1.596065,-0.371653,0.053045,0.459644,0.658943,-3.040896,0.078846
902,1776231676257,12.244625,-372.48191325519144,52.62617373084617,461.9913169129665,0.350483,-0.610461,0.616839,0.352149,0.906915,-1.579638,1.596139,-0.372438,0.053046,0.459688,0.658942,-3.04074,0.078813
903,1776231676268,12.255737,-372.88775350906263,52.60242463256042,462.03240243742175,0.350465,-0.610474,0.616804,0.352205,0.906843,-1.579627,1.596008,-0.372833,0.053013,0.459707,0.658983,-3.040714,0.078713
904,1776231676279,12.266848,-373.28251857944093,52.61730761456505,462.07804463961725,0.350499,-0.610403,0.616858,0.352201,0.906933,-1.579447,1.596149,-0.373217,0.053018,0.459731,0.658923,-3.040656,0.07862
905,1776231676290,12.277959,-374.11615581392846,52.62976466645691,462.1040194795794,0.350581,-0.61043,0.616802,0.35217,0.907158,-1.57954,1.596028,-0.374028,0.05301,0.459712,0.658983,-3.040738,0.078699
906,1776231676302,12.28907,-374.52842342938334,52.64817085789851,462.1031570771898,0.350577,-0.610442,0.616833,0.3521,0.907179,-1.579623,1.596161,-0.374429,0.053018,0.459689,0.65896,-3.040807,0.078794
907,1776231676313,12.300182,-375.36927146910506,52.66083942148797,462.096202739263,0.350717,-0.610386,0.616907,0.351927,0.907616,-1.57961,1.596488,-0.375247,0.05301,0.459637,0.659049,-3.040939,0.078915
908,1776231676324,12.311293,-375.36927146910506,52.66083942148797,462.096202739263,0.350816,-0.610381,0.616899,0.351851,0.907907,-1.579654,1.596523,-0.375247,0.05301,0.459637,0.659049,-3.040939,0.078915
909,1776231676335,12.322404,-376.17419201568447,52.68183177035697,462.16002417365917,0.35072,-0.610423,0.616868,0.351927,0.907624,-1.579707,1.596386,-0.37603,0.053011,0.459657,0.658959,-3.040918,0.078924
910,1776231676346,12.333516,-376.98625451542654,52.69278036165939,462.2494541678792,0.3506,-0.610456,0.616827,0.352063,0.907255,-1.579689,1.596174,-0.37682,0.053002,0.459702,0.65895,-3.040801,0.078818
911,1776231676357,12.344627,-377.38503206406295,52.68733692915311,462.30941030107476,0.350641,-0.61043,0.616831,0.35206,0.907362,-1.579624,1.596188,-0.377208,0.052987,0.45974,0.659017,-3.040703,0.078663
912,1776231676368,12.355739,-378.2095216301682,52.71396014512454,462.3702365070392,0.3506,-0.610448,0.616809,0.352108,0.907234,-1.579634,1.596095,-0.37801,0.052993,0.459756,0.658967,-3.040677,0.078608
913,1776231676379,12.36685,-378.62794122106936,52.72845281792512,462.38482056276007,0.350618,-0.610346,0.616913,0.352086,0.907291,-1.579386,1.596379,-0.378417,0.052997,0.459748,0.658903,-3.040713,0.078603
914,1776231676390,12.377961,-379.06382813627124,52.74133974793728,462.37408698743496,0.350683,-0.610355,0.616948,0.351941,0.907523,-1.579521,1.596581,-0.378841,0.052999,0.459714,0.658978,-3.040798,0.078719
915,1776231676402,12.389072,-379.90589556575827,52.787844210794646,462.3833212366148,0.350728,-0.610402,0.616929,0.35185,0.90768,-1.57971,1.596601,-0.37966,0.053024,0.459678,0.658943,-3.040888,0.078876
916,1776231676413,12.400184,-380.32011785622285,52.78587888027046,462.38754051980635,0.350849,-0.610444,0.616823,0.351842,0.907996,-1.579826,1.596334,-0.380063,0.053012,0.45966,0.659035,-3.040953,0.078901
917,1776231676424,12.411295,-380.7250923352042,52.78470595176172,462.40842286378535,0.35063,-0.610436,0.616811,0.352095,0.907318,-1.579612,1.59611,-0.380457,0.053001,0.459659,0.659049,-3.040906,0.078939
918,1776231676435,12.422406,-381.53208249185974,52.80784300994502,462.4661766944474,0.350683,-0.610446,0.616855,0.351947,0.907521,-1.579752,1.596335,-0.381242,0.053004,0.459673,0.659038,-3.040892,0.078932
919,1776231676446,12.433518,-381.98342425209563,52.82828284316202,462.3784668341512,0.350892,-0.610398,0.616845,0.351841,0.908106,-1.579706,1.596391,-0.381681,0.053013,0.459562,0.659126,-3.04118,0.079242
920,1776231676457,12.444629,-382.7945481098725,52.858667120285766,462.47879926422877,0.350682,-0.610392,0.616885,0.35199,0.907498,-1.579579,1.596381,-0.38247,0.053023,0.459618,0.659001,-3.041041,0.079105
921,1776231676468,12.45574,-383.1851136785691,52.85509142210498,462.53319332104826,0.350839,-0.61041,0.616843,0.351875,0.907954,-1.579713,1.596362,-0.38285,0.05301,0.459651,0.658957,-3.040958,0.078966
922,1776231676479,12.466851,-383.58498865470364,52.86400978159545,462.58000007113617,0.350597,-0.610309,0.616974,0.352063,0.907246,-1.57931,1.596555,-0.383239,0.053009,0.459676,0.658897,-3.040912,0.078914
923,1776231676490,12.477963,-384.38994779131633,52.89831741151296,462.6738538220981,0.350628,-0.610296,0.616931,0.35213,0.907298,-1.579223,1.596393,-0.384022,0.053023,0.459726,0.658822,-3.040838,0.078774
924,1776231676502,12.489074,-384.7876918105625,52.891858278599656,462.7033550673452,0.35076,-0.610414,0.616855,0.351925,0.907729,-1.579686,1.596355,-0.384409,0.053007,0.459734,0.658878,-3.040807,0.078794
925,1776231676513,12.500185,-385.608024829395,52.918376000947596,462.71819317475024,0.350711,-0.61038,0.616861,0.352023,0.907559,-1.579523,1.596293,-0.385207,0.053013,0.459705,0.658868,-3.0408,0.078799
926,1776231676524,12.511296,-386.0305497747616,52.938066519820325,462.71564596901374,0.350775,-0.610363,0.616904,0.351914,0.907771,-1.579561,1.596488,-0.385618,0.053022,0.45968,0.658916,-3.040847,0.078909
927,1776231676535,12.522408,-386.4541175738485,52.961865393322604,462.6969759337678,0.350883,-0.610323,0.616991,0.351724,0.908133,-1.579601,1.59686,-0.38603,0.053035,0.459639,0.658941,-3.040968,0.079029
928,1776231676546,12.533519,-387.3125107155312,53.00155823438696,462.65716387618306,0.350905,-0.610351,0.616969,0.351691,0.908205,-1.5797,1.596827,-0.386865,0.053053,0.459554,0.659021,-3.041171,0.079278
929,1776231676557,12.54463,-387.71137818955816,53.021660054440176,462.67751102252697,0.350912,-0.610366,0.616931,0.351725,0.908209,-1.579712,1.596704,-0.387253,0.053063,0.459553,0.658968,-3.041159,0.079269
930,1776231676568,12.555741,-388.5016560938373,53.0024522879936,462.78248491145735,0.350621,-0.61042,0.616941,0.351903,0.90738,-1.579718,1.596594,-0.388022,0.053025,0.459615,0.659026,-3.040975,0.079058
931,1776231676579,12.566853,-388.89941786658244,53.007197973796984,462.85728460085716,0.350683,-0.610442,0.616923,0.351836,0.907568,-1.579825,1.596598,-0.388409,0.05302,0.459668,0.659032,-3.040851,0.078887
932,1776231676590,12.577964,-389.30746661570913,53.014242484361496,462.8881826043121,0.350659,-0.610446,0.616932,0.351837,0.907506,-1.579835,1.596619,-0.388806,0.053017,0.459677,0.659072,-3.040823,0.078813
933,1776231676607,12.594149,-390.1194124368614,53.021073290908134,462.94871137282814,0.350712,-0.61046,0.616862,0.351882,0.907623,-1.579837,1.596404,-0.389596,0.053004,0.459694,0.659011,-3.040726,0.078721
934,1776231676618,12.605261,-390.57069830346154,53.04857095598274,462.914159507319,0.35058,-0.610433,0.616898,0.351998,0.90723,-1.57968,1.596408,-0.390035,0.05302,0.459636,0.659042,-3.040885,0.078885
935,1776231676629,12.616387,-390.9787643588886,53.06477986549889,462.9378932429938,0.350702,-0.610356,0.616996,0.351839,0.907615,-1.5796,1.596784,-0.390432,0.053026,0.459638,0.659054,-3.040921,0.078879
936,1776231676640,12.627498,-391.7938372582371,53.09307272951435,462.9741433399963,0.350739,-0.610301,0.617033,0.35183,0.907715,-1.579466,1.596888,-0.391225,0.053034,0.459631,0.659023,-3.040921,0.079029
937,1776231676651,12.638609,-391.7938372582371,53.09307272951435,462.9741433399963,0.350844,-0.610358,0.616925,0.351818,0.907993,-1.57962,1.596617,-0.391225,0.053034,0.459631,0.659023,-3.040921,0.079029
938,1776231676662,12.64972,-392.61597453433654,53.09193542851657,463.0067280285692,0.350914,-0.610451,0.616821,0.351768,0.908195,-1.579901,1.596387,-0.392025,0.053013,0.45962,0.659146,-3.040914,0.079043
939,1776231676673,12.660831,-393.4679703548083,53.11191170268539,463.01853462301847,0.350926,-0.610444,0.616841,0.351734,0.908242,-1.579907,1.596464,-0.392854,0.053012,0.459587,0.659106,-3.041069,0.0792
940,1776231676684,12.671943,-394.30252832468034,53.14977558797455,463.0706626504165,0.350882,-0.610413,0.616898,0.351731,0.908128,-1.57983,1.596614,-0.393666,0.053029,0.459595,0.659039,-3.041039,0.079091
941,1776231676696,12.683054,-394.30252832468034,53.14977558797455,463.0706626504165,0.350908,-0.610498,0.61684,0.351661,0.908226,-1.580101,1.596516,-0.393666,0.053029,0.459595,0.659039,-3.041039,0.079091
942,1776231676707,12.694165,-395.1020573122016,53.1704245905632,463.16936846989466,0.350959,-0.610531,0.616747,0.351715,0.908335,-1.580147,1.596235,-0.394444,0.05303,0.459651,0.658956,-3.040897,0.078851
943,1776231676718,12.705276,-395.90866024633937,53.1616601521693,463.2422091583999,0.350906,-0.610545,0.616702,0.351822,0.908151,-1.580101,1.596038,-0.395229,0.053002,0.459681,0.659048,-3.040811,0.078791
944,1776231676729,12.716388,-396.7481571225039,53.162855689298894,463.263130453134,0.350933,-0.610549,0.616656,0.351869,0.908201,-1.580078,1.59588,-0.396046,0.052983,0.459658,0.659215,-3.040854,0.078898
945,1776231676740,12.727499,-396.7481571225039,53.162855689298894,463.263130453134,0.350948,-0.610438,0.616787,0.351816,0.908262,-1.579831,1.596261,-0.396046,0.052983,0.459658,0.659215,-3.040854,0.078898
946,1776231676751,12.73861,-397.1561020550339,53.170796302924316,463.2683582261808,0.351214,-0.610353,0.61688,0.351536,0.909074,-1.579821,1.596717,-0.396443,0.052981,0.459642,0.659277,-3.040861,0.078989
947,1776231676762,12.749721,-398.0491292119656,53.218090711461656,463.1887165036437,0.351163,-0.610355,0.616913,0.351526,0.908945,-1.579834,1.59681,-0.397312,0.053006,0.459517,0.659271,-3.041242,0.079437
948,1776231676773,12.760833,-398.0491292119656,53.218090711461656,463.1887165036437,0.35118,-0.610385,0.616893,0.351492,0.909004,-1.579937,1.596785,-0.397312,0.053006,0.459517,0.659271,-3.041242,0.079437
949,1776231676784,12.771944,-398.8701904295704,53.2676353605376,463.2283593300004,0.35114,-0.61044,0.616825,0.351556,0.908872,-1.580031,1.596558,-0.398111,0.053035,0.459514,0.659213,-3.041266,0.079396
950,1776231676796,12.783055,-400.06200999720636,53.29148350559829,463.3862407158651,0.350944,-0.610452,0.616853,0.35168,0.908312,-1.579969,1.596537,-0.399271,0.05303,0.459609,0.65921,-3.041019,0.07915
951,1776231676807,12.794167,-400.4667658623024,53.286017479634644,463.42748746283115,0.350866,-0.610389,0.61689,0.351802,0.908058,-1.579714,1.59654,-0.399665,0.053015,0.459629,0.659179,-3.041006,0.079051
952,1776231676818,12.805278,-400.4667658623024,53.286017479634644,463.42748746283115,0.350989,-0.61033,0.616954,0.351671,0.908431,-1.579659,1.596804,-0.399665,0.053015,0.459629,0.659179,-3.041006,0.079051
953,1776231676829,12.816389,-401.31431708440067,53.293296505148625,463.44714180003143,0.351044,-0.610297,0.617018,0.35156,0.908623,-1.579659,1.597056,-0.40049,0.053002,0.459605,0.659369,-3.041049,0.079116
954,1776231676840,12.8275,-401.31431708440067,53.293296505148625,463.44714180003143,0.351023,-0.610283,0.617095,0.35147,0.908608,-1.579692,1.597322,-0.40049,0.053002,0.459605,0.659369,-3.041049,0.079116
955,1776231676851,12.838611,-401.31431708440067,53.293296505148625,463.44714180003143,0.351052,-0.610304,0.617059,0.351468,0.908685,-1.579747,1.597232,-0.40049,0.053002,0.459605,0.659369,-3.041049,0.079116
956,1776231676862,12.849723,-403.0197503809221,53.37921649410813,463.4063830434312,0.351131,-0.610316,0.617036,0.351408,0.908915,-1.579823,1.597219,-0.40215,0.053046,0.459478,0.659341,-3.041342,0.079519
957,1776231676873,12.860834,-403.0197503809221,53.37921649410813,463.4063830434312,0.351176,-0.610304,0.617035,0.351387,0.909041,-1.579809,1.597231,-0.40215,0.053046,0.459478,0.659341,-3.041342,0.079519
958,1776231676884,12.871945,-404.63954497843434,53.37937851837249,463.52980096443883,0.351033,-0.610346,0.617006,0.351509,0.908616,-1.579824,1.597062,-0.403727,0.053008,0.459518,0.659323,-3.041289,0.079367
959,1776231676896,12.883057,-404.63954497843434,53.37937851837249,463.52980096443883,0.351039,-0.610326,0.617058,0.351447,0.908658,-1.579819,1.597245,-0.403727,0.053008,0.459518,0.659323,-3.041289,0.079367
960,1776231676907,12.894168,-405.84123542812256,53.39991044435272,463.63837828082853,0.35088,-0.610423,0.616986,0.351563,0.908196,-1.579983,1.596969,-0.404897,0.053,0.459565,0.659286,-3.041164,0.079137
961,1776231676918,12.905279,-406.2335755480188,53.41331382880048,463.6652864244635,0.350898,-0.610383,0.616991,0.351605,0.908225,-1.579847,1.59695,-0.405279,0.053004,0.459572,0.659282,-3.041105,0.079114
962,1776231676929,12.91639,-407.0212876539565,53.43099751322582,463.7081044460579,0.35096,-0.610401,0.616981,0.351528,0.90842,-1.579951,1.596984,-0.406046,0.053003,0.459575,0.659297,-3.041114,0.0791
963,1776231676940,12.927501,-407.40946999386864,53.43409223561388,463.7186114284402,0.350984,-0.610415,0.616969,0.351502,0.908493,-1.580007,1.596973,-0.406424,0.052997,0.459566,0.659287,-3.041141,0.07915
964,1776231676951,12.938612,-407.8099448408248,53.42425031627879,463.6934445256636,0.351114,-0.610425,0.616981,0.351331,0.908904,-1.580165,1.597136,-0.406814,0.052978,0.459521,0.65935,-3.041265,0.079278
965,1776231676962,12.949724,-408.590388395215,53.44368745401452,463.7073233113525,0.35098,-0.610379,0.617032,0.351456,0.908503,-1.579951,1.597172,-0.407574,0.052979,0.459496,0.659343,-3.041283,0.079385
966,1776231676973,12.960835,-408.9785664690757,53.47010895734189,463.7134721506336,0.350947,-0.610383,0.617039,0.351472,0.90841,-1.579948,1.597178,-0.407952,0.052996,0.459483,0.659337,-3.041323,0.079428
967,1776231676984,12.971946,-409.75591325651345,53.52596828700897,463.74283903449145,0.351109,-0.610272,0.617177,0.351259,0.908923,-1.579823,1.597697,-0.408709,0.053033,0.459474,0.659256,-3.041349,0.07948
968,1776231676996,12.983057,-410.1183600948664,53.53750105265868,463.7790046125468,0.350972,-0.610392,0.617125,0.351278,0.90856,-1.58012,1.59755,-0.409062,0.053036,0.459492,0.659154,-3.041351,0.07934
969,1776231677007,12.994168,-410.4766603219752,53.52859704451599,463.82216393723945,0.350807,-0.610454,0.617065,0.351442,0.908061,-1.580155,1.597268,-0.409411,0.053019,0.459517,0.659132,-3.04129,0.079265
970,1776231677018,13.00528,-410.81750709191175,53.52638656290248,463.87548009463006,0.350941,-0.610452,0.617015,0.351398,0.908428,-1.580184,1.597172,-0.409743,0.053009,0.459553,0.659118,-3.041181,0.079187
971,1776231677029,13.016391,-411.51764197290987,53.510174100623246,463.94163636231474,0.350868,-0.610468,0.617004,0.351465,0.908209,-1.580173,1.597091,-0.410425,0.052977,0.459584,0.659173,-3.041082,0.079067
972,1776231677040,13.027502,-412.22087818533043,53.5366647830618,463.94889379026836,0.350848,-0.610499,0.617001,0.351435,0.90817,-1.580278,1.597108,-0.41111,0.052987,0.459557,0.659081,-3.04115,0.079098
973,1776231677051,13.038614,-412.5802185148097,53.58257600433684,463.92782672715634,0.350855,-0.610477,0.617092,0.351305,0.908245,-1.58032,1.597443,-0.41146,0.053024,0.459519,0.659007,-3.041248,0.079237
974,1776231677062,13.049725,-412.9282058227931,53.585544058929464,463.90552673111523,0.350744,-0.610359,0.617239,0.351366,0.90793,-1.579966,1.597776,-0.411799,0.053019,0.45948,0.659046,-3.041349,0.079384
975,1776231677073,13.060836,-413.622144494423,53.63810915973484,463.86535919594803,0.350828,-0.610279,0.617273,0.35136,0.908152,-1.579763,1.597868,-0.412475,0.053055,0.459407,0.658932,-3.041517,0.079522
976,1776231677084,13.071947,-413.94647190157866,53.621193028368545,463.86621897317036,0.350899,-0.61038,0.617151,0.351328,0.908348,-1.58005,1.597578,-0.412791,0.053031,0.459392,0.659,-3.04155,0.079553
977,1776231677096,13.083058,-414.2697726222891,53.61236663734165,463.87601803566935,0.350886,-0.610438,0.617106,0.351319,0.908318,-1.580208,1.597468,-0.413106,0.053015,0.459386,0.659057,-3.04153,0.07957
978,1776231677107,13.09417,-414.86710120525066,53.61487219566812,463.9454659780154,0.350911,-0.610489,0.617026,0.351346,0.908372,-1.580318,1.597241,-0.413688,0.053004,0.459426,0.659058,-3.041462,0.079457
979,1776231677118,13.105281,-415.14729253776335,53.631422804865,463.994260164715,0.350823,-0.610484,0.617095,0.351321,0.908155,-1.580324,1.597439,-0.413961,0.053014,0.459461,0.658977,-3.041386,0.079334
980,1776231677129,13.116392,-415.7127878570672,53.6676577039998,464.0515985308087,0.350621,-0.610412,0.617183,0.351492,0.907557,-1.580009,1.597536,-0.414512,0.053037,0.459491,0.658876,-3.041296,0.079244
981,1776231677140,13.127504,-416.0011575554979,53.67116829428144,464.0725640721001,0.350635,-0.610482,0.617134,0.351444,0.907616,-1.580225,1.597443,-0.414793,0.053034,0.459498,0.658932,-3.041267,0.079277
982,1776231677151,13.138615,-416.2905613938938,53.69296758178664,464.05096353063385,0.350836,-0.610403,0.617163,0.351329,0.908186,-1.580107,1.597608,-0.415075,0.053049,0.459463,0.658908,-3.041327,0.079343
983,1776231677162,13.149726,-416.8354577931055,53.704295729963434,464.0457565093081,0.350913,-0.610419,0.617163,0.351224,0.908431,-1.580229,1.597689,-0.415606,0.053048,0.459432,0.659028,-3.041327,0.079433
984,1776231677173,13.160837,-417.09404132862653,53.70810902263912,464.0540869147652,0.350884,-0.61044,0.617187,0.351175,0.908378,-1.580321,1.597789,-0.415858,0.053046,0.459428,0.658983,-3.041365,0.0794
985,1776231677184,13.171949,-417.60606440874005,53.721686111733035,464.04008618426684,0.35079,-0.610424,0.617169,0.351327,0.908066,-1.580166,1.597626,-0.416357,0.053048,0.45939,0.658961,-3.041517,0.079483
986,1776231677196,13.18306,-417.8523115505516,53.71403554548334,464.0428360024697,0.35086,-0.610445,0.617166,0.351228,0.908293,-1.580294,1.597693,-0.416597,0.053035,0.459381,0.659039,-3.041506,0.079497
987,1776231677207,13.194171,-418.0831647537059,53.71009054845012,464.0508565105556,0.350846,-0.61039,0.617213,0.351253,0.908245,-1.580133,1.597797,-0.416822,0.053026,0.459378,0.659041,-3.041501,0.079501
988,1776231677218,13.205283,-418.5356321793243,53.724294820378354,464.0661826475224,0.350863,-0.610342,0.617227,0.351297,0.908269,-1.579975,1.597798,-0.417263,0.05303,0.459372,0.659072,-3.041528,0.079534
989,1776231677229,13.216394,-418.7459529712709,53.72291469539352,464.07214546425035,0.350766,-0.610395,0.617182,0.351379,0.907983,-1.580051,1.597618,-0.417468,0.053024,0.459368,0.659146,-3.041496,0.079526
990,1776231677240,13.227505,-419.162477248206,53.72207147486975,464.1181520173317,0.350953,-0.610335,0.617254,0.351171,0.908557,-1.580052,1.597966,-0.417874,0.053014,0.459394,0.659124,-3.041439,0.079477
991,1776231677251,13.238616,-419.36766196961,53.73881946969249,464.1196002650007,0.350957,-0.610422,0.617087,0.351309,0.908507,-1.580172,1.597427,-0.418074,0.053026,0.459386,0.659172,-3.041486,0.079529
992,1776231677262,13.249728,-419.54410960433665,53.731589072945454,464.14518053976536,0.350903,-0.610373,0.617126,0.35138,0.908336,-1.579992,1.597473,-0.418246,0.053015,0.459403,0.659151,-3.041442,0.079464
993,1776231677273,13.260839,-419.9257299073346,53.746160056944916,464.1468610195686,0.350859,-0.610357,0.617168,0.351377,0.908224,-1.579953,1.597584,-0.418618,0.053021,0.459387,0.659193,-3.041424,0.079454
994,1776231677284,13.27195,-420.09704380403804,53.75300519395164,464.1467710783012,0.350653,-0.610337,0.617239,0.351493,0.907641,-1.579812,1.597679,-0.418785,0.053024,0.459379,0.659207,-3.041388,0.079477
995,1776231677296,13.283062,-420.2570702507198,53.76567821640849,464.1723338612325,0.350539,-0.610246,0.617328,0.351609,0.907294,-1.579491,1.59782,-0.418941,0.053033,0.459397,0.659164,-3.041327,0.079389
996,1776231677307,13.294173,-420.54634331539654,53.804528743151025,464.2178006941395,0.350776,-0.610328,0.617274,0.351325,0.908033,-1.579917,1.597899,-0.419223,0.053065,0.459429,0.659008,-3.041272,0.079344
997,1776231677318,13.305284,-420.6878960323564,53.79954303948281,464.2335781841991,0.350617,-0.61035,0.617219,0.351543,0.907524,-1.579809,1.597588,-0.419361,0.053057,0.459438,0.659092,-3.041196,0.079296
998,1776231677329,13.316396,-420.96689489905873,53.787449045223575,464.23667135897153,0.350542,-0.610268,0.617311,0.351597,0.907307,-1.579556,1.597785,-0.419633,0.053039,0.459428,0.659131,-3.041183,0.079365
999,1776231677340,13.327507,-421.10434160596185,53.80264678279685,464.24090600213884,0.350597,-0.610246,0.617253,0.351683,0.907412,-1.579434,1.597568,-0.419767,0.053051,0.459426,0.659201,-3.041154,0.079436
1000,1776231677351,13.338618,-421.23255454175353,53.80040182824665,464.23378959436366,0.350555,-0.610328,0.617288,0.351521,0.907373,-1.579769,1.597783,-0.419892,0.053046,0.459413,0.659207,-3.041167,0.07942
1001,1776231677362,13.349729,-421.4510224335783,53.787968180660855,464.26936483949794,0.350512,-0.610279,0.617255,0.351707,0.907181,-1.5795,1.597554,-0.420105,0.053029,0.459438,0.659236,-3.041084,0.079322
1002,1776231677373,13.360841,-421.5597432022326,53.78833022155698,464.2703866439279,0.350498,-0.610406,0.617213,0.351575,0.907203,-1.579929,1.597548,-0.420211,0.053027,0.459434,0.659077,-3.041132,0.079304
1003,1776231677384,13.371952,-421.7576938222969,53.76428851816838,464.2778523782004,0.350578,-0.610322,0.61719,0.35168,0.907365,-1.579631,1.597409,-0.420404,0.052999,0.459432,0.659203,-3.04108,0.079288
1004,1776231677396,13.383063,-421.8612840752745,53.76352126117571,464.2685400922349,0.350728,-0.610381,0.617135,0.351524,0.907822,-1.579903,1.597387,-0.420505,0.052996,0.459418,0.659195,-3.041136,0.079341
1005,1776231677407,13.394174,-421.9505139814079,53.75736744867768,464.2697270446392,0.350707,-0.610262,0.617191,0.351654,0.907709,-1.579498,1.59743,-0.420592,0.052988,0.459415,0.659253,-3.041138,0.079352
1006,1776231677418,13.405286,-422.0817919383389,53.70549349427937,464.3198385247516,0.350678,-0.610357,0.61716,0.351573,0.90767,-1.579804,1.597412,-0.42072,0.052934,0.459458,0.659255,-3.041012,0.079227
1007,1776231677429,13.416397,-422.17409797696536,53.72576721116528,464.2946055035973,0.35079,-0.610295,0.617131,0.35162,0.907938,-1.579608,1.597302,-0.42081,0.052952,0.459429,0.659199,-3.041124,0.079307
1008,1776231677440,13.427508,-422.29306743869574,53.70099705268954,464.32060361309476,0.350732,-0.610354,0.617106,0.351619,0.90779,-1.579762,1.597237,-0.420926,0.052925,0.459449,0.659171,-3.041052,0.079236
1009,1776231677451,13.43862,-422.3607580726235,53.66395375963979,464.3342645499653,0.350797,-0.610252,0.617151,0.351652,0.907943,-1.579473,1.597329,-0.420992,0.052887,0.459459,0.659161,-3.041081,0.079165
1010,1776231677462,13.449731,-422.4253720459706,53.655231932941575,464.31817184501756,0.350805,-0.610374,0.61713,0.351469,0.908043,-1.579928,1.597414,-0.421055,0.052877,0.45944,0.659105,-3.0411,0.079283
1011,1776231677473,13.460842,-422.5453704348501,53.601088404618444,464.30213537126474,0.350826,-0.610253,0.617234,0.351477,0.908094,-1.579608,1.597677,-0.421172,0.052821,0.459418,0.659025,-3.041175,0.07931
1012,1776231677484,13.471953,-422.60793505574867,53.55379783814185,464.2904280514924,0.350698,-0.610331,0.617218,0.351496,0.907755,-1.579794,1.597622,-0.421233,0.052773,0.459403,0.65916,-3.041176,0.079292
1013,1776231677496,13.483064,-422.6499854278581,53.52430396196185,464.29877302192716,0.350755,-0.610369,0.617233,0.351347,0.907968,-1.580007,1.597775,-0.421274,0.052743,0.459409,0.659106,-3.041178,0.07923
1014,1776231677507,13.494176,-422.73716605535196,53.44511138972014,464.28453146194846,0.350729,-0.6104,0.617147,0.35147,0.907846,-1.579993,1.597459,-0.421359,0.052663,0.45939,0.659027,-3.04116,0.079295
1015,1776231677518,13.505287,-422.78537173592605,53.39649161997737,464.2802521931393,0.350625,-0.6104,0.617263,0.35137,0.907621,-1.580069,1.597836,-0.421406,0.052614,0.459383,0.658876,-3.041263,0.079317
1016,1776231677529,13.516398,-422.8448610115103,53.26599797455796,464.30469978879904,0.350812,-0.61033,0.61718,0.351451,0.908069,-1.579827,1.597559,-0.421464,0.052484,0.459403,0.658997,-3.041191,0.079257
1017,1776231677540,13.527509,-422.86537409320835,53.191421857433404,464.32871966973426,0.350623,-0.610398,0.617207,0.351474,0.907571,-1.579986,1.59761,-0.421484,0.05241,0.459425,0.658985,-3.0411,0.079125
1018,1776231677551,13.53862,-422.9084522320792,53.10517661431065,464.31857184126704,0.350553,-0.610356,0.617257,0.351529,0.907366,-1.579835,1.597697,-0.421526,0.052324,0.459412,0.659135,-3.0411,0.079202
1019,1776231677562,13.549731,-422.9720413165493,52.948406765650525,464.32027416105,0.350475,-0.610366,0.617237,0.351625,0.907121,-1.579788,1.597571,-0.421588,0.052168,0.459409,0.659055,-3.041165,0.079169
1020,1776231677573,13.560843,-423.00588717423096,52.877164093421285,464.3054847026051,0.350514,-0.610394,0.617232,0.351544,0.907259,-1.579923,1.597622,-0.421621,0.052097,0.459392,0.658969,-3.041221,0.079202
1021,1776231677584,13.571954,-423.0325452595956,52.688137681904614,464.34723501638183,0.350497,-0.610302,0.61731,0.351585,0.907196,-1.579653,1.597793,-0.421647,0.05191,0.45943,0.658916,-3.041112,0.079056
1022,1776231677596,13.583065,-423.04177184405734,52.61736078150693,464.35452028434963,0.350382,-0.610394,0.617242,0.351659,0.906867,-1.579836,1.597559,-0.421656,0.05184,0.459436,0.658896,-3.041102,0.079035
1023,1776231677607,13.594176,-423.0674062499213,52.51044008736833,464.35085379614463,0.35031,-0.610341,0.617314,0.351696,0.906663,-1.579671,1.597717,-0.421681,0.051734,0.45943,0.658803,-3.041107,0.079032
1024,1776231677618,13.605287,-423.0766102800513,52.27638637226464,464.4054017754918,0.350345,-0.610481,0.617231,0.351562,0.906814,-1.580135,1.597606,-0.42169,0.051503,0.459481,0.658794,-3.041036,0.078915
1025,1776231677629,13.616398,-423.1063381062865,52.140136350985934,464.3961819398186,0.350381,-0.610436,0.617201,0.35166,0.906864,-1.579942,1.597452,-0.421719,0.051368,0.459469,0.658889,-3.04104,0.078955
1026,1776231677640,13.62751,-423.1350160357803,51.88620860323316,464.3922460867419,0.350363,-0.610496,0.617172,0.351624,0.906832,-1.580125,1.597405,-0.421747,0.051117,0.459461,0.658926,-3.041039,0.078992
1027,1776231677651,13.638621,-423.1606318164036,51.74680950591266,464.38588334417176,0.350493,-0.610413,0.617194,0.351601,0.907178,-1.579927,1.597479,-0.421772,0.050979,0.459452,0.658938,-3.041108,0.079059
1028,1776231677662,13.649733,-423.15957536003043,51.618981215362396,464.4094493774161,0.350466,-0.610443,0.617183,0.351595,0.907111,-1.580009,1.597455,-0.421771,0.050853,0.459474,0.658833,-3.041046,0.078981
1029,1776231677673,13.660844,-423.20360482526445,51.31869255148166,464.3986111455967,0.350442,-0.610355,0.617256,0.351643,0.907028,-1.579747,1.597607,-0.421814,0.050556,0.459458,0.658867,-3.041131,0.079036
1030,1776231677684,13.671955,-423.2076581076834,51.16052680953724,464.4156544008564,0.350471,-0.610408,0.617213,0.351596,0.907125,-1.579919,1.597533,-0.421818,0.0504,0.459473,0.658875,-3.041065,0.078981
1031,1776231677696,13.683066,-423.2322236317909,50.99774102960312,464.40643236813645,0.350603,-0.610364,0.617211,0.351545,0.907488,-1.579844,1.597565,-0.421842,0.050239,0.459461,0.658959,-3.041107,0.079012
1032,1776231677707,13.694178,-423.26388644683556,50.63826971343489,464.40871041773204,0.350633,-0.610354,0.617171,0.351604,0.907541,-1.579772,1.597418,-0.421873,0.049884,0.459458,0.65909,-3.041104,0.079063
1033,1776231677718,13.705289,-423.27509155135544,50.45486429700367,464.4041004504578,0.350699,-0.610364,0.617161,0.351537,0.907739,-1.57985,1.597443,-0.421884,0.049703,0.459451,0.659061,-3.041147,0.079021
1034,1776231677729,13.7164,-423.30363391737575,50.08206635324803,464.42347119949744,0.350662,-0.610373,0.617163,0.351555,0.907638,-1.579859,1.597434,-0.421912,0.049335,0.459465,0.659019,-3.041129,0.079058
1035,1776231677740,13.727511,-423.3168625664038,49.879391936762886,464.40700137945805,0.350611,-0.610347,0.617222,0.351546,0.907509,-1.579799,1.597595,-0.421925,0.049135,0.459446,0.659048,-3.041192,0.079142
1036,1776231677751,13.738623,-423.3290609171137,49.684797918099754,464.41462217827325,0.350592,-0.610375,0.617242,0.351482,0.907488,-1.57992,1.597696,-0.421937,0.048943,0.459451,0.658992,-3.041188,0.079088
1037,1776231677762,13.749734,-423.3472656017993,49.27208645028272,464.4186600435771,0.350555,-0.610316,0.617293,0.351533,0.907368,-1.579729,1.597786,-0.421955,0.048536,0.45945,0.65903,-3.04119,0.079119
1038,1776231677773,13.760845,-423.3419626873172,49.02832532376816,464.4400397814846,0.350551,-0.610365,0.617203,0.351609,0.907324,-1.579799,1.597496,-0.42195,0.048296,0.459469,0.658953,-3.041176,0.079071
1039,1776231677784,13.771957,-423.358015739727,48.556582707836505,464.44445442014205,0.350681,-0.61025,0.617302,0.351506,0.907706,-1.579578,1.597833,-0.421966,0.047831,0.459468,0.659141,-3.041089,0.079201
1040,1776231677796,13.783068,-423.3670639977696,48.33441452892325,464.4521003644714,0.350593,-0.610273,0.617308,0.351543,0.907463,-1.57961,1.597819,-0.421975,0.047612,0.459473,0.659084,-3.041089,0.079241
1041,1776231677807,13.794179,-423.36170783601375,48.081432923696894,464.46741825899585,0.350523,-0.610316,0.617196,0.351736,0.907198,-1.579574,1.59738,-0.42197,0.047363,0.459486,0.659007,-3.041068,0.079116
1042,1776231677818,13.80529,-423.3755709578693,47.558701919942564,464.47709048013274,0.350666,-0.610318,0.617243,0.351506,0.907667,-1.579754,1.597679,-0.421984,0.046848,0.45949,0.658995,-3.041106,0.079143
1043,1776231677829,13.816402,-423.37837135402236,47.29161878983183,464.48477324203316,0.350614,-0.610393,0.617195,0.351512,0.907532,-1.579944,1.59755,-0.421987,0.046585,0.459495,0.65897,-3.041054,0.079065
1044,1776231677840,13.827513,-423.3688515531759,47.03336849948548,464.49579691954705,0.350867,-0.610241,0.617324,0.351298,0.90828,-1.579712,1.598047,-0.421978,0.046331,0.459504,0.658887,-3.041028,0.079117
1045,1776231677851,13.838624,-423.38766209797257,46.44655071671447,464.49092474904455,0.350529,-0.610329,0.617206,0.351689,0.907234,-1.579643,1.597442,-0.421997,0.045753,0.459493,0.658984,-3.041032,0.079084
1046,1776231677862,13.849736,-423.40062291237166,46.144034289866674,464.49323564437447,0.350779,-0.610389,0.617206,0.351335,0.908034,-1.580067,1.597715,-0.42201,0.045455,0.459492,0.659087,-3.041078,0.079093
1047,1776231677873,13.860847,-423.40291846327096,45.56376691430513,464.490342413511,0.350698,-0.610509,0.617059,0.351465,0.907768,-1.58028,1.597234,-0.422013,0.044884,0.459484,0.659101,-3.041045,0.079049
1048,1776231677884,13.871958,-423.4004165958225,45.253676729806934,464.5181242180661,0.350797,-0.610496,0.617126,0.351273,0.908108,-1.580392,1.597555,-0.422011,0.044579,0.459509,0.659009,-3.041053,0.079039
1049,1776231677896,13.883069,-423.39888850041314,44.92019647560339,464.51177618977255,0.350626,-0.610334,0.617273,0.351466,0.907583,-1.579827,1.597787,-0.42201,0.044251,0.4595,0.659026,-3.041042,0.079057
1050,1776231677907,13.894181,-423.41944452286276,44.29333551717126,464.50279662429364,0.350771,-0.610294,0.617254,0.351423,0.907977,-1.579754,1.597772,-0.422031,0.043634,0.459485,0.659039,-3.041121,0.079104
1051,1776231677918,13.905292,-423.40758008942254,43.957460538769716,464.51401426615405,0.350772,-0.610368,0.61718,0.351424,0.907978,-1.579946,1.597579,-0.42202,0.043304,0.459494,0.659055,-3.041094,0.079059
1052,1776231677929,13.916403,-423.42284727813893,43.3109369432216,464.5016625020188,0.35085,-0.610479,0.617144,0.351216,0.908272,-1.58039,1.597646,-0.422036,0.042668,0.459476,0.6589,-3.041207,0.079213
1053,1776231677940,13.927515,-423.42426783750346,42.97628197571438,464.4871290023391,0.350719,-0.610511,0.617125,0.351324,0.907885,-1.580392,1.597514,-0.422038,0.042339,0.459459,0.658924,-3.041219,0.079143
1054,1776231677951,13.938626,-423.4081701642084,42.62386253687911,464.5192858533987,0.350736,-0.610435,0.617191,0.351326,0.907926,-1.580193,1.597682,-0.422023,0.041993,0.459489,0.658894,-3.041166,0.079151
1055,1776231677962,13.949737,-423.4211853391782,41.963756289335066,464.46719242024164,0.350808,-0.610189,0.617343,0.351412,0.908078,-1.579492,1.598009,-0.422037,0.041344,0.459432,0.658904,-3.04125,0.079358
1056,1776231677973,13.960848,-423.42658416791244,41.61274804021706,464.48409137561447,0.351001,-0.610274,0.617264,0.35121,0.908663,-1.579866,1.597961,-0.422043,0.040999,0.459446,0.658872,-3.041273,0.079329
1057,1776231677984,13.97196,-423.4352476943364,40.90648379407568,464.46515205577975,0.350752,-0.610287,0.617204,0.351543,0.907873,-1.579646,1.597549,-0.422053,0.040305,0.459422,0.65892,-3.041327,0.07933
1058,1776231677996,13.983071,-423.4375015063969,40.559343154730975,464.4645524641468,0.350815,-0.610282,0.617232,0.35144,0.908083,-1.57971,1.597701,-0.422056,0.039964,0.459419,0.658893,-3.041398,0.07942
1059,1776231678007,13.994182,-423.43243033858596,40.168188772187875,464.4729122641644,0.350811,-0.610368,0.617116,0.351498,0.908047,-1.57989,1.597356,-0.422052,0.03958,0.459425,0.659063,-3.04128,0.079317
1060,1776231678018,14.005293,-423.4316060575189,39.449100618369634,464.48648586540276,0.350801,-0.610394,0.617141,0.351417,0.908055,-1.580019,1.597484,-0.422053,0.038874,0.459434,0.65896,-3.041328,0.079275
1061,1776231678029,14.016404,-423.43674503673003,39.06721439349643,464.4718915554001,0.350629,-0.610378,0.617142,0.351617,0.907524,-1.579825,1.597331,-0.422059,0.038499,0.459417,0.65898,-3.041325,0.079255
1062,1776231678040,14.027516,-423.43777194901566,38.695361107743615,464.47615993618683,0.351002,-0.610371,0.617116,0.351302,0.908628,-1.580047,1.597506,-0.422061,0.038134,0.459419,0.65898,-3.041335,0.079309
1063,1776231678051,14.038627,-423.4355132493137,37.911650361471885,464.47846823710074,0.350915,-0.610425,0.617055,0.351403,0.908358,-1.580108,1.597271,-0.422061,0.037365,0.459417,0.659057,-3.041328,0.079251
1064,1776231678062,14.049738,-423.464166490033,37.53014720969716,464.4597633963368,0.350973,-0.610352,0.617125,0.351349,0.90853,-1.579962,1.597494,-0.42209,0.03699,0.459395,0.659093,-3.041433,0.079341
1065,1776231678073,14.06085,-423.4277755245601,36.73606622364676,464.5034406659573,0.350693,-0.610273,0.617139,0.35174,0.907635,-1.579459,1.597231,-0.422057,0.036212,0.459436,0.659172,-3.041238,0.079276
1066,1776231678084,14.071961,-423.4336717035308,36.33649218378294,464.499646156762,0.350806,-0.610197,0.617237,0.351587,0.907996,-1.579379,1.5976,-0.422064,0.03582,0.45943,0.659208,-3.041237,0.079349
1067,1776231678096,14.083072,-423.43654175772645,35.96330319860778,464.48944910180853,0.350771,-0.610268,0.617138,0.351674,0.907868,-1.579497,1.597278,-0.422068,0.035454,0.459418,0.659153,-3.041246,0.079368
1068,1776231678107,14.094183,-423.44004827678054,35.191210852771185,464.49513260764115,0.350986,-0.610302,0.617152,0.351375,0.908554,-1.579812,1.597544,-0.422074,0.034697,0.45942,0.659219,-3.041295,0.079386
1069,1776231678118,14.105295,-423.4592637276565,34.81421111414895,464.4623793531908,0.350826,-0.610358,0.617148,0.351443,0.90811,-1.579906,1.597481,-0.422094,0.034327,0.459385,0.659238,-3.041299,0.079416
1070,1776231678129,14.116406,-423.4450055687331,34.01378287867394,464.5002118233781,0.350971,-0.610254,0.617242,0.351314,0.908542,-1.579735,1.597824,-0.422083,0.033543,0.45942,0.659306,-3.041237,0.079323
1071,1776231678140,14.127517,-423.42697165356435,33.59788563183725,464.515994858155,0.350815,-0.610274,0.617178,0.351548,0.908034,-1.57961,1.597479,-0.422067,0.033136,0.459435,0.659402,-3.041123,0.079188
1072,1776231678151,14.138628,-423.42437464518537,33.195598649733455,464.5243684619928,0.350924,-0.610415,0.617081,0.351364,0.908399,-1.580112,1.59737,-0.422066,0.032742,0.459442,0.659386,-3.041133,0.079193
1073,1776231678162,14.14974,-423.420052997577,32.37759695966922,464.5278636852885,0.350998,-0.610486,0.617046,0.35123,0.908647,-1.580398,1.597379,-0.422065,0.031941,0.459443,0.659476,-3.041105,0.079184
1074,1776231678173,14.160851,-423.43593656234,31.992985330211685,464.50966324237356,0.350979,-0.610484,0.617059,0.351227,0.908601,-1.580396,1.597418,-0.422082,0.031564,0.459423,0.659506,-3.041174,0.079257
1075,1776231678184,14.171962,-423.4377139668977,31.20544276464338,464.5028717214571,0.350729,-0.610291,0.617225,0.351522,0.907824,-1.579673,1.59762,-0.422087,0.030793,0.459414,0.659394,-3.041184,0.079262
1076,1776231678196,14.183073,-423.43495585897824,30.812000319699504,464.5107970103682,0.35082,-0.610336,0.617177,0.351437,0.908098,-1.579852,1.597561,-0.422086,0.030408,0.459421,0.659375,-3.04119,0.079308
1077,1776231678207,14.194184,-423.4404038702953,30.42076727409141,464.4958514688459,0.350814,-0.610385,0.617152,0.351401,0.908098,-1.580009,1.597524,-0.422093,0.030025,0.459405,0.659376,-3.041209,0.079416
1078,1776231678218,14.205296,-423.44493070903485,29.616496603563938,464.4937461583604,0.351021,-0.610489,0.617156,0.351009,0.908804,-1.580573,1.597834,-0.422101,0.029238,0.459401,0.659268,-3.041236,0.079416
1079,1776231678229,14.216407,-423.43274338710194,29.21439400779677,464.5120251783811,0.350793,-0.610377,0.617258,0.35125,0.908109,-1.580102,1.597914,-0.422091,0.028845,0.459419,0.659203,-3.041168,0.079291
1080,1776231678240,14.227518,-423.42485627578634,28.437047873984763,464.52293813212424,0.350867,-0.610425,0.617218,0.351164,0.908337,-1.580291,1.597878,-0.422087,0.028085,0.459429,0.659054,-3.041176,0.079243
1081,1776231678251,14.238629,-423.403302026929,28.03349227124347,464.54050896293177,0.350657,-0.610486,0.617154,0.35138,0.907699,-1.580284,1.597545,-0.422068,0.027691,0.459447,0.659029,-3.041131,0.079173
1082,1776231678262,14.249741,-423.4168193392806,27.655385170172252,464.53559733260494,0.350703,-0.610412,0.617263,0.351271,0.907865,-1.580176,1.597911,-0.422083,0.027321,0.459441,0.65904,-3.041185,0.079161
1083,1776231678273,14.260852,-423.4127425163001,26.86849474207891,464.52800029527504,0.350863,-0.610508,0.617158,0.351128,0.908344,-1.580534,1.59775,-0.422083,0.026552,0.459433,0.658929,-3.041196,0.079191
1084,1776231678284,14.271963,-423.41057356236155,26.460119174919353,464.54732485549044,0.350796,-0.610516,0.617146,0.351203,0.908138,-1.580497,1.59766,-0.422083,0.026153,0.459452,0.659003,-3.041178,0.079146
1085,1776231678296,14.283074,-423.4217168773424,26.04591489083005,464.5248743407763,0.350738,-0.610488,0.617192,0.35123,0.907974,-1.580404,1.597758,-0.422096,0.025748,0.459429,0.659162,-3.041237,0.079257
1086,1776231678307,14.294185,-423.4173318698239,25.251391863249292,464.52073553893035,0.350782,-0.610472,0.617221,0.351163,0.908119,-1.580413,1.597885,-0.422096,0.024972,0.459425,0.659049,-3.041233,0.079228
1087,1776231678318,14.305296,-423.4325871216435,24.85453331507998,464.4982891167173,0.350704,-0.610414,0.617289,0.351221,0.907892,-1.580219,1.598017,-0.422113,0.024584,0.459402,0.65904,-3.041296,0.079307
1088,1776231678329,14.316407,-423.42061558851145,24.028725965601158,464.51652800033935,0.350449,-0.610354,0.617321,0.351524,0.907098,-1.579833,1.597867,-0.422106,0.023778,0.459421,0.659062,-3.041211,0.079342
1089,1776231678340,14.327519,-423.427445018682,23.61609442960821,464.4863340953891,0.35067,-0.610321,0.617324,0.351355,0.907744,-1.579876,1.598005,-0.422115,0.023375,0.459391,0.659114,-3.041296,0.079409
1090,1776231678351,14.33863,-423.4271041529052,23.215490636465645,464.497091493862,0.350726,-0.610433,0.617183,0.351352,0.90789,-1.580169,1.597643,-0.422117,0.022984,0.459402,0.659086,-3.041232,0.079321
1091,1776231678362,14.349741,-423.4303195026534,22.394750362642764,464.49736902914213,0.350824,-0.610612,0.617041,0.351192,0.908214,-1.580753,1.597398,-0.422125,0.022183,0.459403,0.659169,-3.041273,0.079397
1092,1776231678373,14.360852,-423.39988053805035,21.97158550159132,464.5294628432188,0.350647,-0.610496,0.617075,0.351512,0.907616,-1.580211,1.59724,-0.422098,0.021771,0.459437,0.659092,-3.04114,0.079192
1093,1776231678384,14.371964,-423.4131893219203,21.152818126706748,464.51165211425473,0.350615,-0.610501,0.617171,0.351367,0.907595,-1.580332,1.597599,-0.422116,0.020972,0.45942,0.659146,-3.041235,0.07929
1094,1776231678396,14.383075,-423.402362610224,20.754636267333762,464.51230555729455,0.350659,-0.610587,0.617066,0.351357,0.907715,-1.580564,1.597335,-0.422108,0.020584,0.459422,0.659047,-3.041209,0.079289
1095,1776231678407,14.394186,-423.40257667570637,20.318763698267784,464.51744463117166,0.350579,-0.610486,0.617207,0.351363,0.907506,-1.580299,1.597695,-0.422111,0.020159,0.459428,0.659177,-3.041174,0.079195
1096,1776231678418,14.405297,-423.3991587671589,19.504162585820612,464.50114703679617,0.350796,-0.61053,0.617177,0.351125,0.908171,-1.580591,1.5978,-0.422113,0.019365,0.459414,0.65916,-3.041188,0.079248
1097,1776231678429,14.416408,-423.3962027076751,19.073133263331705,464.5109261450404,0.350822,-0.610595,0.617055,0.351199,0.908206,-1.580704,1.597429,-0.422113,0.018945,0.459425,0.659238,-3.041196,0.079249
1098,1776231678440,14.42752,-423.3997293332567,18.251187909736117,464.4874557428706,0.350506,-0.610532,0.61714,0.351475,0.907266,-1.580333,1.597435,-0.422122,0.018144,0.459404,0.659351,-3.041191,0.079246
1099,1776231678451,14.438631,-423.4080867544801,17.833645452545117,464.48150224321546,0.350518,-0.61043,0.617256,0.351436,0.907315,-1.580099,1.597766,-0.422133,0.017737,0.459399,0.659358,-3.041226,0.079256
1100,1776231678462,14.449742,-423.403030970846,17.41770107954442,464.47776217398166,0.350875,-0.610574,0.616996,0.351288,0.908303,-1.580581,1.597207,-0.422131,0.017332,0.459397,0.659379,-3.041246,0.079322
1101,1776231678473,14.460853,-423.4156904153637,16.61506171535376,464.43103044299806,0.350485,-0.610408,0.617196,0.351614,0.907151,-1.579904,1.597474,-0.422149,0.01655,0.459353,0.659357,-3.041346,0.079451
1102,1776231678484,14.471965,-423.4145785743087,16.189808592270836,464.4353177278051,0.350755,-0.610387,0.617202,0.35137,0.907958,-1.580036,1.597676,-0.422151,0.016136,0.459359,0.659356,-3.04134,0.079422
1103,1776231678496,14.483076,-423.3981130333377,15.782525414808546,464.4468206642876,0.350958,-0.610508,0.617076,0.351177,0.908568,-1.580496,1.597499,-0.422138,0.01574,0.459373,0.659276,-3.041306,0.079397
1104,1776231678507,14.494187,-423.40126957828835,14.985303532817504,464.42422961794387,0.351016,-0.610598,0.616999,0.351099,0.908753,-1.580787,1.597361,-0.422147,0.014964,0.459354,0.659216,-3.041395,0.079465
1105,1776231678518,14.505298,-423.38679067341866,14.582012367730735,464.4406812623526,0.35066,-0.610492,0.617097,0.351467,0.90767,-1.580233,1.59733,-0.422136,0.014572,0.459373,0.659257,-3.041293,0.079362
1106,1776231678529,14.51641,-423.397858486874,13.76824271328313,464.4159881863986,0.350768,-0.610439,0.617204,0.351263,0.908038,-1.580251,1.597765,-0.422153,0.01378,0.459352,0.65928,-3.04142,0.079435
1107,1776231678540,14.527521,-423.3976894930805,13.363156644170221,464.39766287651213,0.350792,-0.61047,0.617137,0.351302,0.908083,-1.580302,1.597562,-0.422156,0.013386,0.459336,0.659259,-3.041404,0.079439
1108,1776231678551,14.538632,-423.4057639360293,12.962374281383177,464.39691884629394,0.3509,-0.610559,0.617063,0.351171,0.90842,-1.580632,1.59747,-0.422167,0.012996,0.459337,0.659281,-3.041423,0.079439
1109,1776231678562,14.549743,-423.39180929188484,12.146354431480551,464.3924106136788,0.350874,-0.610536,0.617077,0.351213,0.908333,-1.580541,1.597474,-0.42216,0.012203,0.459338,0.659315,-3.041406,0.079475
1110,1776231678573,14.560855,-423.378903037553,11.713894294357623,464.4142922580805,0.350899,-0.610516,0.617026,0.351309,0.908358,-1.580417,1.597269,-0.422151,0.011783,0.459363,0.659394,-3.041298,0.079374
1111,1776231678584,14.571966,-423.36474877201357,10.899564387314669,464.40324531345914,0.350948,-0.610475,0.617164,0.35109,0.90858,-1.580476,1.597794,-0.422144,0.010992,0.459358,0.659336,-3.041308,0.079503
1112,1776231678596,14.583077,-423.36618107126156,10.469416277533181,464.39541064782014,0.350957,-0.610505,0.617117,0.351112,0.908593,-1.580537,1.597656,-0.422149,0.010574,0.459353,0.659393,-3.041309,0.079536
1113,1776231678607,14.594189,-423.3555610314558,10.080002359471372,464.4214189679859,0.350867,-0.610578,0.617005,0.351272,0.90829,-1.580605,1.597241,-0.422142,0.010196,0.459382,0.659193,-3.041346,0.079464
1114,1776231678618,14.6053,-423.33462341710367,9.229981923261535,464.41313561548463,0.350798,-0.610445,0.617075,0.351448,0.908035,-1.580128,1.59729,-0.422129,0.009371,0.459381,0.659389,-3.041253,0.079358
1115,1776231678629,14.616411,-423.3258800343269,8.83118874115792,464.42077515329936,0.35099,-0.610576,0.617013,0.351139,0.908668,-1.5807,1.597365,-0.422124,0.008984,0.459392,0.659301,-3.041303,0.079449
1116,1776231678640,14.627522,-423.3214059310183,8.00191030287714,464.4221905355774,0.350983,-0.610531,0.616972,0.351296,0.908581,-1.580466,1.597138,-0.422127,0.008179,0.4594,0.659373,-3.041258,0.07936
1117,1776231678651,14.638633,-423.298252516371,7.616913883762458,464.44503636648034,0.350875,-0.61055,0.616996,0.351329,0.908286,-1.580488,1.597174,-0.422108,0.007806,0.459427,0.659274,-3.041222,0.07927
1118,1776231678662,14.649744,-423.29847288867796,7.198601251314376,464.43657112690545,0.350961,-0.610457,0.617066,0.35128,0.908532,-1.580287,1.597395,-0.422112,0.0074,0.459422,0.659331,-3.041237,0.079339
1119,1776231678673,14.660856,-423.28452069730383,6.3778308144393785,464.42576888202717,0.350909,-0.610556,0.61697,0.351329,0.908375,-1.580504,1.597108,-0.422106,0.006604,0.459419,0.659295,-3.041225,0.079258
1120,1776231678684,14.671967,-423.2816472047846,5.970580308828831,464.4240493185464,0.350939,-0.610591,0.616916,0.351333,0.908451,-1.580593,1.596966,-0.422107,0.006209,0.459421,0.659285,-3.041276,0.079301
1121,1776231678696,14.683078,-423.28065284449593,5.547868946300384,464.4151530764832,0.35103,-0.610477,0.616987,0.351315,0.908694,-1.580312,1.597164,-0.42211,0.005799,0.459416,0.659359,-3.041263,0.079284
1122,1776231678707,14.694189,-423.2550152849598,4.721096870584484,464.4231719787962,0.351055,-0.610489,0.617004,0.351242,0.90879,-1.580397,1.597263,-0.422093,0.004998,0.459433,0.659351,-3.041201,0.07921
1123,1776231678718,14.705301,-423.2561489647573,4.315806594214239,464.418359980164,0.350898,-0.610488,0.617037,0.351341,0.908341,-1.580321,1.597272,-0.422098,0.004605,0.459432,0.659369,-3.041207,0.079285
1124,1776231678729,14.716412,-423.2293276975329,3.4948334259146785,464.422854862065,0.350912,-0.610466,0.617058,0.351329,0.908381,-1.580271,1.597336,-0.42208,0.00381,0.459446,0.659283,-3.041143,0.07926
1125,1776231678740,14.727523,-423.2209434010426,3.0766815386654156,464.43125732279884,0.350873,-0.610529,0.617046,0.351278,0.908302,-1.580475,1.597345,-0.422076,0.003405,0.459459,0.659281,-3.041138,0.079342
1126,1776231678751,14.738634,-423.2343054282049,2.6695042163610068,464.38644212212876,0.35106,-0.610475,0.617024,0.351226,0.908809,-1.580373,1.597327,-0.422093,0.00301,0.459418,0.659176,-3.041288,0.079363
1127,1776231678762,14.749746,-423.20876712107656,1.800621378108933,464.39692462906174,0.351043,-0.610496,0.617006,0.351236,0.908763,-1.580419,1.597273,-0.422077,0.002169,0.459439,0.65933,-3.041178,0.079259
1128,1776231678773,14.760857,-423.2046169138711,1.4061163161788648,464.3893481070131,0.350957,-0.610582,0.616994,0.351195,0.908557,-1.580674,1.597274,-0.422077,0.001787,0.459436,0.659189,-3.041242,0.079308
1129,1776231678784,14.771968,-423.1818557870904,0.6247318199549299,464.4004708919279,0.350838,-0.61044,0.617144,0.351297,0.908205,-1.580229,1.597583,-0.422063,0.001031,0.459457,0.659123,-3.041167,0.079218
1130,1776231678796,14.783079,-423.1661528692481,0.22039106917221707,464.4100533441797,0.35076,-0.610462,0.617143,0.351339,0.907984,-1.580253,1.597548,-0.422052,0.00064,0.459472,0.6591,-3.041147,0.079199
1131,1776231678807,14.794191,-423.1795379218742,-0.16341144239029326,464.37911683191015,0.350836,-0.610511,0.617102,0.351248,0.908222,-1.580449,1.597512,-0.422069,0.000268,0.459445,0.659044,-3.041265,0.07931
1132,1776231678818,14.805302,-423.1551953438505,-0.9721255036254743,464.37610906249375,0.350831,-0.610466,0.617152,0.351245,0.90821,-1.580334,1.597642,-0.422054,-0.000514,0.459453,0.659002,-3.041229,0.079256
1133,1776231678829,14.816413,-423.1443946903848,-1.387888550622847,464.3814989609201,0.350976,-0.610534,0.617076,0.351114,0.90864,-1.580611,1.597548,-0.422048,-0.000916,0.459464,0.659044,-3.04125,0.07924
1134,1776231678840,14.827525,-423.13977797648784,-1.801433977684959,464.3730677372791,0.350739,-0.610537,0.617066,0.351364,0.907919,-1.58043,1.597329,-0.422048,-0.001316,0.459461,0.659098,-3.041235,0.079282
1135,1776231678851,14.838636,-423.1158772177177,-2.638491804983991,464.3680857498533,0.350848,-0.610603,0.617064,0.351145,0.908296,-1.580765,1.597493,-0.422034,-0.002125,0.459468,0.659012,-3.041265,0.07923
1136,1776231678862,14.849747,-423.1129838530662,-3.0728294254044517,464.3572247299886,0.350843,-0.610557,0.617098,0.35117,0.908272,-1.580628,1.597562,-0.422036,-0.002545,0.459463,0.659056,-3.041298,0.079223
1137,1776231678873,14.860858,-423.1036864730754,-3.878716921910123,464.3358750543907,0.350874,-0.610565,0.61705,0.351208,0.908338,-1.580621,1.597407,-0.422036,-0.003324,0.459453,0.659126,-3.041288,0.079381
1138,1776231678884,14.871969,-423.09146137956486,-4.307341070377912,464.3384167319626,0.35084,-0.610513,0.617105,0.351237,0.908236,-1.580462,1.597527,-0.422029,-0.003738,0.459462,0.659149,-3.041297,0.079331
1139,1776231678896,14.88308,-423.0719804337694,-4.735238701719422,464.3475121159482,0.350701,-0.610534,0.617097,0.351352,0.907825,-1.580431,1.59742,-0.422015,-0.004151,0.459478,0.659049,-3.041249,0.079254
1140,1776231678907,14.894192,-423.04135521541156,-5.575409708416036,464.35607053113955,0.350737,-0.61051,0.617129,0.351302,0.907941,-1.580406,1.59754,-0.421995,-0.004962,0.4595,0.659094,-3.041179,0.079253
1141,1776231678918,14.905303,-423.0437335252946,-5.979965473818906,464.3281994386223,0.350787,-0.61055,0.617067,0.351291,0.908076,-1.580518,1.597388,-0.422002,-0.005353,0.459478,0.659056,-3.041286,0.079312
1142,1776231678929,14.916414,-423.03870163904924,-6.821665074008356,464.3095273536333,0.350815,-0.610466,0.617119,0.351319,0.908136,-1.580278,1.597501,-0.422007,-0.006166,0.459472,0.659108,-3.041248,0.079295
1143,1776231678940,14.927525,-423.02534303934146,-7.238312563524865,464.29745235780314,0.350768,-0.610494,0.617165,0.351236,0.908049,-1.580414,1.597685,-0.421999,-0.006568,0.459467,0.659071,-3.041259,0.079321
1144,1776231678951,14.938637,-423.02312215503156,-7.670165219688296,464.2897833089272,0.350847,-0.610555,0.617075,0.351209,0.908266,-1.580594,1.597472,-0.422002,-0.006985,0.459466,0.659075,-3.041272,0.079312
1145,1776231678962,14.949748,-423.01081032047716,-8.493924414700142,464.28240885480585,0.350814,-0.610522,0.617113,0.351232,0.908171,-1.58049,1.597554,-0.422,-0.00778,0.459472,0.659138,-3.041297,0.079262
1146,1776231678973,14.960859,-423.00547534128106,-8.918803291835982,464.27138115041924,0.350932,-0.610586,0.617022,0.351163,0.908508,-1.58071,1.59737,-0.422,-0.00819,0.459468,0.659174,-3.041281,0.07928
1147,1776231678984,14.971971,-423.00722058422485,-9.758970206246861,464.24393585672874,0.350808,-0.610517,0.617138,0.351203,0.908167,-1.5805,1.597639,-0.422012,-0.009001,0.459454,0.65918,-3.041313,0.079288
1148,1776231678996,14.983082,-422.9823026591435,-10.172269549416281,464.2589118960209,0.350922,-0.610535,0.617063,0.35119,0.908468,-1.580557,1.597456,-0.421993,-0.009399,0.459477,0.659097,-3.041263,0.07928
1149,1776231679007,14.994193,-422.98878693370807,-10.551352653533073,464.2460121389527,0.350784,-0.610516,0.617114,0.351271,0.908076,-1.580445,1.597525,-0.422004,-0.009765,0.45947,0.659012,-3.04131,0.079262
1150,1776231679018,15.005304,-422.9674461749549,-11.398976903387796,464.2396177048432,0.350973,-0.610426,0.617123,0.351222,0.908585,-1.58025,1.597587,-0.421994,-0.010582,0.459479,0.659021,-3.041264,0.079338
1151,1776231679029,15.016415,-422.96330103793576,-11.794128444330342,464.2296161738258,0.350951,-0.610506,0.617076,0.351189,0.908543,-1.580482,1.59749,-0.421995,-0.010963,0.459476,0.658928,-3.041275,0.079396
1152,1776231679040,15.027527,-422.9423213996668,-12.599546060279737,464.22854598860204,0.351034,-0.610508,0.617067,0.351116,0.908792,-1.580544,1.597524,-0.421985,-0.011739,0.45949,0.65889,-3.04125,0.079271
1153,1776231679051,15.038638,-422.9317853270032,-13.002330195199695,464.2208265670714,0.351103,-0.610403,0.617087,0.351195,0.908935,-1.580211,1.597514,-0.42198,-0.012127,0.45949,0.658977,-3.041205,0.079297
1154,1776231679062,15.04975,-422.94548569948887,-13.367992781840847,464.2010619897535,0.350971,-0.610567,0.617031,0.351141,0.908617,-1.580677,1.597409,-0.421998,-0.01248,0.459476,0.65878,-3.041259,0.079286
1155,1776231679073,15.060861,-422.9209647738485,-14.188448016874126,464.19892062519693,0.35115,-0.610587,0.61698,0.351016,0.909135,-1.580823,1.597375,-0.421985,-0.01327,0.45949,0.658875,-3.041257,0.079288
1156,1776231679084,15.071972,-422.9190748592945,-14.554797041218265,464.19211701284314,0.351088,-0.610567,0.616987,0.351102,0.908936,-1.580706,1.597326,-0.421988,-0.013623,0.45949,0.658747,-3.041269,0.079237
1157,1776231679096,15.083083,-422.90383789919264,-14.988086888126237,464.2003474351468,0.351045,-0.610551,0.616984,0.351178,0.908793,-1.580606,1.597259,-0.421979,-0.01404,0.459507,0.658743,-3.04123,0.079147
1158,1776231679107,15.094194,-422.8915755305864,-15.801232854559068,464.1813381673938,0.351127,-0.610436,0.617009,0.351251,0.908972,-1.580254,1.59727,-0.421978,-0.014823,0.459504,0.658834,-3.041208,0.079174
1159,1776231679118,15.105306,-422.88145180828076,-16.23138330366893,464.1765758892879,0.351082,-0.610445,0.617,0.351298,0.908835,-1.58024,1.597209,-0.421974,-0.015237,0.459508,0.658854,-3.041203,0.079134
1160,1776231679129,15.116417,-422.87280164578755,-17.068578515217066,464.14980263060454,0.351025,-0.610449,0.617037,0.351282,0.908695,-1.580265,1.597317,-0.421977,-0.016043,0.459498,0.658801,-3.041214,0.079119
1161,1776231679140,15.127528,-422.8449036740392,-17.505769360601178,464.16070591041,0.351043,-0.610574,0.616937,0.351222,0.908768,-1.580633,1.597104,-0.421956,-0.016463,0.459519,0.658938,-3.041127,0.079081
1162,1776231679151,15.138639,-422.84922900543427,-17.928335875384764,464.141526055269,0.351101,-0.610493,0.617041,0.351123,0.90896,-1.580499,1.59745,-0.421966,-0.01687,0.459508,0.658957,-3.041121,0.079083
1163,1776231679162,15.149751,-422.83916183748056,-18.774308119222393,464.1310181733383,0.351019,-0.610571,0.616989,0.351162,0.908731,-1.580669,1.597284,-0.421968,-0.017684,0.459515,0.659011,-3.041094,0.079079
1164,1776231679173,15.160862,-422.81127423939597,-19.201329151435754,464.1438101677742,0.350976,-0.610499,0.617028,0.35126,0.908577,-1.580409,1.597312,-0.421947,-0.018094,0.459538,0.65908,-3.041048,0.07904
1165,1776231679184,15.171973,-422.8115418104946,-20.034752510591886,464.1054643328032,0.350934,-0.61056,0.617011,0.351226,0.908483,-1.580592,1.597295,-0.421959,-0.018896,0.459517,0.659135,-3.041047,0.079202
1166,1776231679196,15.183085,-422.80776453840144,-20.4329739399755,464.10499782365116,0.350943,-0.610508,0.617114,0.351127,0.908552,-1.580534,1.597636,-0.421961,-0.019279,0.459525,0.65907,-3.040992,0.079155
1167,1776231679207,15.194196,-422.7959334493063,-20.884552565066738,464.09272600844736,0.351041,-0.610481,0.61706,0.351171,0.908784,-1.58043,1.597462,-0.421956,-0.019713,0.459523,0.659199,-3.04097,0.079184
1168,1776231679218,15.205307,-422.80344469778214,-21.701457136141826,464.0505442645933,0.351012,-0.610427,0.61707,0.351276,0.908663,-1.58021,1.597409,-0.421975,-0.020499,0.459498,0.659231,-3.041037,0.079225
1169,1776231679229,15.216418,-422.79707494259486,-22.126995185585635,464.0490312801989,0.350947,-0.610558,0.617,0.351235,0.908514,-1.580582,1.597259,-0.421975,-0.020908,0.459506,0.659262,-3.04099,0.079138
1170,1776231679240,15.227529,-422.7750683317487,-22.969204198990415,464.04335330579,0.350998,-0.61063,0.61699,0.351077,0.908714,-1.580888,1.597354,-0.421966,-0.021717,0.45952,0.659262,-3.040968,0.079067
1171,1776231679251,15.238641,-422.780148227945,-23.384055033822115,464.01934883651325,0.351059,-0.610538,0.617092,0.350997,0.908907,-1.58071,1.59768,-0.421977,-0.022116,0.459505,0.659254,-3.041016,0.079084
1172,1776231679262,15.249752,-422.7612820505899,-23.807134384680396,464.01375167803485,0.350956,-0.610561,0.617093,0.351057,0.908615,-1.580723,1.597636,-0.421965,-0.022522,0.45951,0.659175,-3.040998,0.079062
1173,1776231679273,15.260863,-422.7708125702992,-24.668305671691506,463.95754671808334,0.350883,-0.61056,0.6171,0.351122,0.908397,-1.580672,1.597604,-0.421987,-0.02335,0.459473,0.659101,-3.041112,0.079137
1174,1776231679284,15.271975,-422.74704453981667,-25.067785008823805,463.9802139594807,0.350824,-0.610672,0.617045,0.35108,0.908263,-1.580996,1.597495,-0.42197,-0.023733,0.459506,0.659019,-3.041065,0.079074
1175,1776231679296,15.283112,-422.743498942587,-25.49568362843669,463.97416802061196,0.35081,-0.610662,0.617115,0.350988,0.908268,-1.58104,1.597747,-0.421973,-0.024144,0.45951,0.658922,-3.041041,0.079003
1176,1776231679307,15.294223,-422.72178381758414,-26.288675605954275,463.97752261389354,0.350778,-0.610729,0.617093,0.350943,0.908204,-1.581245,1.597724,-0.421964,-0.024905,0.459533,0.658878,-3.040991,0.078951
1177,1776231679318,15.305334,-422.72467531838015,-26.696680467538442,463.95295299442853,0.35076,-0.610432,0.617307,0.351103,0.908087,-1.580355,1.598154,-0.421973,-0.025297,0.459518,0.658793,-3.04104,0.078976
1178,1776231679329,15.316445,-422.7155969844872,-27.531091152254263,463.9335074792894,0.350867,-0.610433,0.617285,0.351031,0.908395,-1.580413,1.598153,-0.421977,-0.026098,0.459519,0.658739,-3.041048,0.078981
1179,1776231679340,15.327557,-422.72229770371706,-27.954699103786687,463.8995064858712,0.350935,-0.610525,0.6172,0.350954,0.908604,-1.580709,1.597992,-0.42199,-0.026505,0.459495,0.658784,-3.041085,0.078997
1180,1776231679351,15.338668,-422.72589634025576,-28.376387280370846,463.870326413769,0.350917,-0.610717,0.617075,0.350858,0.9086,-1.581279,1.597741,-0.422,-0.02691,0.459476,0.658834,-3.041148,0.079012
1181,1776231679362,15.349779,-422.68450138249136,-29.211355166241873,463.8855487748918,0.350835,-0.610542,0.617201,0.351023,0.908317,-1.5807,1.597941,-0.421973,-0.02771,0.459514,0.658828,-3.041001,0.079002
1182,1776231679373,15.360891,-422.682748733541,-29.638595119491107,463.87787694429664,0.350883,-0.610473,0.617268,0.350977,0.908461,-1.580557,1.59815,-0.421978,-0.02812,0.459517,0.658817,-3.040942,0.079068
1183,1776231679385,15.372002,-422.66892016077816,-30.486310536096603,463.85372908094166,0.350914,-0.610499,0.617216,0.350991,0.908535,-1.580615,1.598004,-0.421978,-0.028933,0.459515,0.658878,-3.040963,0.07908
1184,1776231679396,15.383113,-422.6649575150377,-30.916895351327803,463.84358374920475,0.351056,-0.610415,0.617255,0.350926,0.908932,-1.580446,1.598155,-0.421981,-0.029346,0.459516,0.658958,-3.040964,0.079016
1185,1776231679407,15.394224,-422.6641093967021,-31.345315238345968,463.81039579353956,0.351099,-0.61045,0.617227,0.350872,0.909066,-1.580578,1.598125,-0.421987,-0.029757,0.459494,0.658984,-3.041007,0.079074
1186,1776231679418,15.405335,-422.65714345358117,-32.20249796204528,463.78484275755847,0.351194,-0.61051,0.61713,0.350842,0.909325,-1.580755,1.597897,-0.421994,-0.030579,0.459491,0.659042,-3.041001,0.079047
1187,1776231679429,15.416447,-422.6430019928222,-32.615931193722325,463.78124659656675,0.351116,-0.610512,0.617145,0.350891,0.909102,-1.580724,1.597899,-0.421987,-0.030975,0.459499,0.658984,-3.040983,0.079011
1188,1776231679440,15.427558,-422.63175630180643,-33.471454280518536,463.761071748081,0.351,-0.610689,0.617064,0.350843,0.908823,-1.581217,1.597724,-0.42199,-0.031795,0.459502,0.659022,-3.04097,0.079018
1189,1776231679451,15.438669,-422.6195689398948,-33.88702147460325,463.75329237786127,0.350942,-0.610628,0.617087,0.350967,0.908619,-1.580965,1.597688,-0.421985,-0.032193,0.459506,0.65897,-3.040984,0.078962
1190,1776231679462,15.449781,-422.62170106262863,-34.31145117766888,463.72190884927556,0.350919,-0.610577,0.61712,0.351018,0.908537,-1.580796,1.597737,-0.421994,-0.0326,0.459486,0.659049,-3.041016,0.079062
1191,1776231679473,15.460892,-422.6177177192328,-35.153458548250896,463.68886455331887,0.351227,-0.610478,0.617148,0.350834,0.909413,-1.58068,1.59795,-0.422004,-0.033407,0.459476,0.659049,-3.04111,0.079094
1192,1776231679485,15.472003,-422.607028602811,-35.59625730304467,463.6882368492535,0.351097,-0.610392,0.617186,0.351049,0.908984,-1.580292,1.597882,-0.422001,-0.033831,0.459488,0.659122,-3.040975,0.079
1193,1776231679496,15.483115,-422.6163235904445,-36.01952135674247,463.648989777487,0.351172,-0.610394,0.617208,0.35093,0.909229,-1.58039,1.59803,-0.422017,-0.034237,0.45946,0.659145,-3.041108,0.079075
1194,1776231679507,15.494226,-422.59954512193,-36.8707074979088,463.63245459351725,0.351087,-0.610405,0.617165,0.351073,0.908946,-1.580307,1.597809,-0.422015,-0.035052,0.459468,0.65928,-3.041001,0.079057
1195,1776231679518,15.505337,-422.59168727555794,-37.26346181788671,463.6300809054115,0.351191,-0.610399,0.617172,0.350965,0.909263,-1.580374,1.597911,-0.422014,-0.035428,0.459477,0.6592,-3.040973,0.079114
1196,1776231679529,15.516448,-422.59024335593415,-37.70296311153696,463.5944431851901,0.351325,-0.610326,0.617212,0.350888,0.909643,-1.580245,1.598073,-0.42202,-0.035849,0.459454,0.65922,-3.041,0.079282
1197,1776231679540,15.52756,-422.5651810708841,-38.542268599806846,463.59732966660806,0.351174,-0.610472,0.617068,0.351037,0.909188,-1.58051,1.597587,-0.42201,-0.036652,0.459482,0.659158,-3.040931,0.079095
1198,1776231679551,15.538671,-422.5606368321575,-38.97679661952283,463.57958605964075,0.351195,-0.610365,0.617151,0.351059,0.909232,-1.580215,1.597783,-0.422013,-0.037068,0.459477,0.659179,-3.04094,0.079048
1199,1776231679562,15.549782,-422.54639777058424,-39.78143206540114,463.56155913151247,0.351038,-0.610345,0.617202,0.351159,0.908783,-1.580087,1.59784,-0.422013,-0.037838,0.459483,0.659176,-3.040919,0.079108
1200,1776231679573,15.560894,-422.5160299355964,-40.20771411983482,463.56839051747556,0.351156,-0.610371,0.61711,0.351159,0.909087,-1.580156,1.597601,-0.421991,-0.038245,0.459504,0.659178,-3.040808,0.079023
1201,1776231679585,15.572005,-422.5385021529262,-41.03718529670343,463.49715985494765,0.351267,-0.610384,0.617111,0.351023,0.909436,-1.580292,1.597708,-0.422027,-0.03904,0.459456,0.65911,-3.041062,0.079105
1202,1776231679596,15.583116,-422.53608559424447,-41.460359217751474,463.47846858352034,0.351277,-0.61036,0.617084,0.351102,0.909426,-1.580171,1.597577,-0.422032,-0.039445,0.45945,0.65922,-3.041023,0.079061
1203,1776231679607,15.594227,-422.5348889363263,-41.872026477616906,463.4571035666702,0.351241,-0.610332,0.617112,0.351138,0.909317,-1.580071,1.597621,-0.422038,-0.039839,0.459441,0.659222,-3.041037,0.079098
1204,1776231679618,15.605338,-422.5021129985239,-42.71028143090936,463.447055500074,0.351405,-0.610407,0.617061,0.350933,0.90983,-1.58042,1.597648,-0.422021,-0.04064,0.459458,0.659145,-3.041013,0.079042
1205,1776231679629,15.616449,-422.4977551480859,-43.121133802231185,463.42632121158783,0.351372,-0.610346,0.617099,0.351004,0.909715,-1.580209,1.597691,-0.422024,-0.041033,0.45945,0.659104,-3.040999,0.079074
1206,1776231679640,15.627561,-422.49352246409666,-43.97724725621501,463.3970418255401,0.351439,-0.610335,0.617146,0.350874,0.909946,-1.580279,1.597912,-0.422035,-0.041852,0.459447,0.65912,-3.041068,0.07905
1207,1776231679651,15.638672,-422.4795528418912,-44.400089021602454,463.37813576458376,0.351264,-0.610311,0.617128,0.351122,0.909385,-1.580027,1.597677,-0.422029,-0.042256,0.459442,0.659134,-3.041036,0.079099
1208,1776231679662,15.649783,-422.46853336159865,-44.83016516519141,463.3732740963759,0.351294,-0.610397,0.617097,0.350998,0.909516,-1.580344,1.59769,-0.422026,-0.042667,0.459451,0.659241,-3.040991,0.079031
1209,1776231679673,15.660894,-422.4495719141599,-45.68820394008599,463.35554035842665,0.35111,-0.610389,0.617081,0.351225,0.90894,-1.580151,1.597474,-0.422023,-0.043487,0.459461,0.659226,-3.040994,0.078982
1210,1776231679685,15.672006,-422.4569080345132,-46.07475769127916,463.328830833574,0.351176,-0.610355,0.617124,0.351142,0.909148,-1.580126,1.597649,-0.422037,-0.043857,0.459446,0.65919,-3.041006,0.079052
1211,1776231679696,15.683117,-422.4490631642725,-46.49647024685943,463.316104030698,0.351096,-0.610258,0.617257,0.351156,0.908935,-1.579865,1.597983,-0.422037,-0.04426,0.459447,0.659316,-3.040973,0.079117
1212,1776231679707,15.694228,-422.4398621726814,-47.32194420952219,463.2854043609139,0.351188,-0.61029,0.617232,0.351053,0.909216,-1.580025,1.597999,-0.422043,-0.045049,0.459443,0.659176,-3.041025,0.079121
1213,1776231679718,15.70534,-422.4277049699791,-47.74915733453584,463.2700053396242,0.35103,-0.610323,0.617236,0.351145,0.908768,-1.580041,1.597939,-0.422039,-0.045457,0.459442,0.659243,-3.040974,0.079106
1214,1776231679729,15.716451,-422.40976264493986,-48.59191042571501,463.2388058469131,0.351086,-0.610398,0.617166,0.351082,0.908939,-1.580284,1.597806,-0.422037,-0.046262,0.459439,0.65941,-3.040952,0.079191
1215,1776231679740,15.727562,-422.4047783409499,-49.019968497395524,463.22669865430976,0.351297,-0.6105,0.617075,0.350854,0.909587,-1.580721,1.597745,-0.42204,-0.046671,0.459441,0.659466,-3.040935,0.079155
1216,1776231679751,15.738673,-422.3853300353407,-49.44447299046832,463.2197283141219,0.351234,-0.610466,0.617121,0.350897,0.909403,-1.5806,1.59783,-0.422029,-0.047076,0.459449,0.659434,-3.040948,0.079084
1217,1776231679762,15.749784,-422.3732975956952,-50.2945497925608,463.19323516832276,0.351138,-0.610384,0.617195,0.351003,0.909111,-1.580308,1.597942,-0.422033,-0.047888,0.459451,0.659503,-3.040902,0.079099
1218,1776231679773,15.760896,-422.34334823365856,-50.7227266652052,463.2074615716248,0.35106,-0.61047,0.617115,0.351073,0.908878,-1.580477,1.597679,-0.422012,-0.048296,0.459481,0.659437,-3.040833,0.079014
1219,1776231679785,15.772007,-422.3406680889102,-51.565260854667876,463.15623199100037,0.351047,-0.610418,0.617155,0.351107,0.908828,-1.580317,1.597757,-0.422025,-0.049101,0.459458,0.659299,-3.0409,0.079068
1220,1776231679796,15.783118,-422.3473105192558,-51.97419961584524,463.1319821144456,0.351144,-0.610355,0.617216,0.351011,0.909122,-1.580226,1.597989,-0.422039,-0.049492,0.459447,0.659282,-3.04101,0.079057
1221,1776231679807,15.79423,-422.34142326308154,-52.38683005319989,463.1218531941254,0.351201,-0.61043,0.617158,0.350926,0.909307,-1.580485,1.597906,-0.422041,-0.049886,0.459451,0.659206,-3.041014,0.079097
1222,1776231679818,15.805341,-422.3474156246672,-53.20199650463365,463.0706546956407,0.351333,-0.610487,0.617045,0.350894,0.909661,-1.580656,1.597637,-0.422062,-0.050665,0.459427,0.659079,-3.041137,0.079125
1223,1776231679829,15.816452,-422.3351468515586,-53.62020339077396,463.05064946679266,0.35107,-0.610412,0.617133,0.351134,0.908876,-1.580279,1.597679,-0.422058,-0.051064,0.459422,0.659038,-3.041123,0.079159
1224,1776231679840,15.827563,-422.31170656184327,-54.45037676508573,463.0572011281122,0.351273,-0.610472,0.617085,0.35091,0.9095,-1.580605,1.597727,-0.422051,-0.051856,0.459458,0.658955,-3.04106,0.079104
1225,1776231679851,15.838674,-422.28788244554886,-54.87334106707762,463.0582918116145,0.351159,-0.610512,0.617016,0.351077,0.909131,-1.580581,1.597421,-0.422036,-0.052259,0.459475,0.658945,-3.040983,0.079005
1226,1776231679862,15.849786,-422.2766144731974,-55.28951823604054,463.0513206020524,0.351243,-0.610439,0.617147,0.350888,0.90943,-1.580536,1.597905,-0.422033,-0.052656,0.459483,0.658925,-3.040974,0.079004
1227,1776231679873,15.860897,-422.2517216729829,-56.13356509529762,463.03159616340525,0.351144,-0.610466,0.617131,0.350969,0.90914,-1.580546,1.597801,-0.422025,-0.053461,0.459494,0.658883,-3.040932,0.078989
1228,1776231679885,15.872008,-422.2517216729829,-56.13356509529762,463.03159616340525,0.351137,-0.610464,0.617187,0.350879,0.909162,-1.580608,1.598017,-0.422025,-0.053461,0.459494,0.658883,-3.040932,0.078989
1229,1776231679896,15.883119,-422.2347234926271,-56.94176722322215,463.01949025570553,0.351133,-0.610465,0.617186,0.350883,0.90915,-1.580607,1.598011,-0.422024,-0.054232,0.459511,0.658842,-3.040919,0.079112
1230,1776231679907,15.89423,-422.22434424622935,-57.77909936352257,462.9773216809442,0.351136,-0.610368,0.617245,0.350947,0.909128,-1.580309,1.598113,-0.42203,-0.055031,0.459499,0.658823,-3.040911,0.079101
1231,1776231679918,15.905341,-422.2211106822967,-58.20242976662215,462.9551144235843,0.351351,-0.610484,0.617128,0.350734,0.909778,-1.580772,1.597975,-0.422035,-0.055435,0.459492,0.658888,-3.040949,0.079098
1232,1776231679929,15.916453,-422.20827948935926,-59.05362190439985,462.92306688212165,0.351195,-0.61032,0.617266,0.350934,0.909287,-1.580193,1.598177,-0.422039,-0.056247,0.459491,0.658944,-3.040929,0.07913
1233,1776231679940,15.927564,-422.203045328889,-59.470817188048485,462.89572853213275,0.351146,-0.610452,0.617204,0.350862,0.909192,-1.58059,1.598073,-0.422042,-0.056645,0.459479,0.658898,-3.040986,0.079144
1234,1776231679951,15.938675,-422.1815842443018,-59.86882546866376,462.89821044516134,0.351065,-0.610384,0.617263,0.350958,0.90894,-1.58034,1.598151,-0.422029,-0.057024,0.459497,0.658828,-3.040895,0.079092
1235,1776231679962,15.949787,-422.1748065566609,-60.72202443010082,462.8549664114169,0.351119,-0.610352,0.617326,0.350848,0.909127,-1.580341,1.5984,-0.422039,-0.057838,0.459485,0.658899,-3.040962,0.079074
1236,1776231679973,15.960898,-422.15707065485344,-61.13879452432587,462.84980511150553,0.351154,-0.610353,0.617298,0.350862,0.909212,-1.580335,1.598315,-0.42203,-0.058235,0.459496,0.658759,-3.0409,0.078969
1237,1776231679985,15.97201,-422.1343471484714,-62.00642868604173,462.81977113563613,0.351186,-0.61035,0.617284,0.350859,0.909298,-1.580328,1.598282,-0.422025,-0.059062,0.459499,0.658943,-3.04087,0.079033
1238,1776231679996,15.983121,-422.11696359556424,-62.454685222393024,462.80423651123493,0.351056,-0.610237,0.617356,0.351058,0.908874,-1.579885,1.598316,-0.422017,-0.059489,0.459501,0.659125,-3.040798,0.078904
1239,1776231680007,15.994232,-422.1118350193355,-62.860511198161916,462.78599009330134,0.351117,-0.610313,0.617296,0.350971,0.909068,-1.580147,1.598227,-0.42202,-0.059876,0.459498,0.659068,-3.040794,0.078963
1240,1776231680018,16.005343,-422.0756541439196,-63.72050779212514,462.7770979375823,0.350932,-0.610247,0.61738,0.351122,0.908525,-1.579862,1.59833,-0.422002,-0.060695,0.459523,0.65906,-3.040733,0.078906
1241,1776231680029,16.016454,-422.0722582325096,-64.14098839191679,462.76231971248745,0.351066,-0.610198,0.617439,0.35097,0.908937,-1.579852,1.598598,-0.422007,-0.061096,0.459524,0.65912,-3.040741,0.078867
1242,1776231680040,16.027566,-422.0574638473752,-64.96557130746447,462.71854134445766,0.350933,-0.610209,0.617434,0.351094,0.908538,-1.579785,1.59849,-0.422009,-0.061882,0.459512,0.659051,-3.040776,0.078934
1243,1776231680051,16.038677,-422.05199275269257,-65.38409538241473,462.704558447382,0.351057,-0.610303,0.617363,0.350931,0.908931,-1.580152,1.598431,-0.422012,-0.062281,0.459514,0.659039,-3.040803,0.078936
1244,1776231680062,16.049788,-422.0505979717577,-65.80560152713038,462.6785785499085,0.350949,-0.610312,0.61737,0.35101,0.908618,-1.580116,1.598389,-0.422019,-0.062683,0.459504,0.658968,-3.040821,0.078925
1245,1776231680073,16.0609,-422.04000199319364,-66.6227891106746,462.63297198951966,0.351,-0.61026,0.617441,0.350925,0.908785,-1.580046,1.598637,-0.422025,-0.063462,0.45949,0.659001,-3.040899,0.078989
1246,1776231680085,16.072011,-422.03452360193023,-67.0392750668851,462.6037320892415,0.351007,-0.610223,0.617455,0.350958,0.908791,-1.579923,1.59865,-0.422028,-0.063859,0.459477,0.659023,-3.040903,0.079002
1247,1776231680096,16.083122,-422.03307577523685,-67.46084570905373,462.58967615766704,0.351104,-0.610304,0.61742,0.350782,0.909117,-1.580268,1.598693,-0.422035,-0.064261,0.459479,0.659081,-3.040921,0.079088
1248,1776231680107,16.094233,-422.0132249217324,-68.31944706139271,462.54553295807955,0.350981,-0.610256,0.617477,0.350889,0.908754,-1.580061,1.598758,-0.422033,-0.065079,0.459469,0.659154,-3.040897,0.079121
1249,1776231680118,16.105344,-422.0150297999254,-68.73252764693945,462.5238070430627,0.35103,-0.610344,0.617419,0.350787,0.908925,-1.580368,1.598688,-0.422043,-0.065473,0.459463,0.659072,-3.040973,0.079199
1250,1776231680129,16.116456,-421.98348088636715,-69.60116825727975,462.49838526484433,0.351027,-0.610165,0.617499,0.350961,0.908841,-1.579774,1.59876,-0.42203,-0.0663,0.459473,0.659177,-3.040894,0.079109
1251,1776231680140,16.127567,-421.9907290192063,-70.00041280452142,462.46430686946303,0.351156,-0.610277,0.617387,0.350836,0.909228,-1.580158,1.598565,-0.422045,-0.066681,0.459454,0.659192,-3.040979,0.079164
1252,1776231680151,16.138678,-421.97134223471244,-70.4323060678831,462.46647188468137,0.351064,-0.610292,0.617398,0.350883,0.908969,-1.580159,1.598558,-0.422035,-0.067092,0.459474,0.659238,-3.040896,0.079036
1253,1776231680162,16.149789,-421.95052078222494,-71.27960585634895,462.4402282915877,0.351054,-0.610271,0.617439,0.350856,0.908955,-1.580125,1.598687,-0.422032,-0.067899,0.459482,0.659172,-3.040944,0.07911
1254,1776231680173,16.1609,-421.9393446785433,-71.71431743620545,462.4124196993269,0.35098,-0.610223,0.617498,0.350909,0.908741,-1.579962,1.598799,-0.42203,-0.068313,0.459472,0.659234,-3.040957,0.079054
1255,1776231680185,16.172011,-421.9165339949453,-72.55443146325818,462.3820174740918,0.351115,-0.610355,0.617325,0.350849,0.909117,-1.58035,1.598397,-0.422025,-0.069113,0.459476,0.65929,-3.04094,0.07907
1256,1776231680196,16.183123,-421.89705681484315,-72.98744980377732,462.37780374763804,0.351027,-0.610316,0.617357,0.35095,0.908845,-1.580171,1.598401,-0.422015,-0.069525,0.45949,0.659355,-3.040874,0.079014
1257,1776231680207,16.194234,-421.8911394028066,-73.41673140459497,462.359482051508,0.351146,-0.610263,0.617417,0.350816,0.909211,-1.580137,1.59866,-0.422018,-0.069934,0.459489,0.659363,-3.040909,0.079022
1258,1776231680218,16.205345,-421.8832561369781,-74.23423440671783,462.30845427134284,0.351005,-0.610238,0.617462,0.350921,0.908801,-1.579993,1.598696,-0.422027,-0.070713,0.459471,0.659332,-3.040932,0.079048
1259,1776231680229,16.216456,-421.87552079105745,-74.6499859444431,462.28941153962563,0.351033,-0.610257,0.617426,0.350923,0.908873,-1.580039,1.598601,-0.422028,-0.071109,0.459469,0.659354,-3.040944,0.079027
1260,1776231680240,16.227567,-421.8557795746126,-75.48589852815255,462.2497287237167,0.350956,-0.610215,0.617476,0.350986,0.908645,-1.579883,1.598682,-0.422026,-0.071905,0.459464,0.659434,-3.040956,0.079061
1261,1776231680251,16.238678,-421.85029516599093,-75.89213275737985,462.23312495576187,0.350942,-0.610265,0.617378,0.351085,0.908567,-1.579936,1.598352,-0.422029,-0.072292,0.459464,0.659373,-3.04092,0.079045
1262,1776231680262,16.24979,-421.8461470720503,-76.33293286347876,462.20610437778754,0.350944,-0.61033,0.617352,0.351016,0.908603,-1.580157,1.598338,-0.422034,-0.072712,0.459455,0.65944,-3.040977,0.07913
1263,1776231680273,16.260901,-421.82730881682505,-77.17201243903934,462.1721062918329,0.350979,-0.610261,0.617446,0.350936,0.908727,-1.58004,1.598641,-0.422033,-0.073511,0.459456,0.659365,-3.040962,0.079092
1264,1776231680285,16.272012,-421.8249314192,-77.57708536693542,462.15662612243017,0.351126,-0.610304,0.617378,0.350832,0.909152,-1.58023,1.598547,-0.422039,-0.073897,0.459457,0.659282,-3.041032,0.079146
1265,1776231680296,16.283123,-421.8106720933409,-78.00367641031946,462.14547873850853,0.351039,-0.610271,0.617465,0.350826,0.90893,-1.580148,1.598776,-0.422034,-0.074303,0.459464,0.659311,-3.04098,0.079174
1266,1776231680307,16.294235,-421.7993377399317,-78.82882554434097,462.09409499896697,0.350939,-0.610404,0.617359,0.350879,0.908649,-1.580454,1.598461,-0.42204,-0.075089,0.459447,0.659084,-3.041083,0.079276
1267,1776231680318,16.305346,-421.78198282496976,-79.25347448877305,462.09380974713963,0.350847,-0.610215,0.617548,0.350969,0.90837,-1.579895,1.598882,-0.422032,-0.075493,0.459465,0.659039,-3.041045,0.07932
1268,1776231680329,16.316457,-421.7663820905065,-80.0819927865567,462.0650089237583,0.350873,-0.610224,0.617545,0.350932,0.908455,-1.579946,1.598901,-0.422034,-0.076282,0.459471,0.659061,-3.04103,0.079236
1269,1776231680340,16.327569,-421.76502014407913,-80.48600052328551,462.04334488958426,0.350811,-0.610247,0.617541,0.35096,0.908281,-1.579986,1.59887,-0.422041,-0.076667,0.459466,0.658993,-3.041069,0.079237
1270,1776231680351,16.33868,-421.7442983886769,-80.92130671940747,462.0321527932199,0.350836,-0.610218,0.617566,0.350943,0.908355,-1.579923,1.598948,-0.42203,-0.077081,0.459474,0.658956,-3.041065,0.079241
1271,1776231680362,16.349792,-421.7128819345407,-81.75895627540213,462.0187788585187,0.350797,-0.610251,0.61752,0.351005,0.908225,-1.579962,1.598782,-0.422017,-0.077878,0.459497,0.659004,-3.040991,0.079172
1272,1776231680373,16.360903,-421.7153844658022,-82.17539063148506,461.9896725609723,0.350952,-0.610247,0.617464,0.350956,0.908648,-1.579988,1.598673,-0.422028,-0.078275,0.459485,0.658956,-3.041034,0.079137
1273,1776231680385,16.372014,-421.6907828224324,-83.03267929496178,461.95455723815354,0.35094,-0.610304,0.617404,0.350973,0.908611,-1.580123,1.598506,-0.422022,-0.079091,0.459487,0.659103,-3.040994,0.079175
1274,1776231680396,16.383125,-421.6745872557431,-83.44891118570072,461.9452728981006,0.350885,-0.610315,0.617412,0.350995,0.908458,-1.580134,1.59851,-0.422015,-0.079487,0.459496,0.65905,-3.041007,0.079165
1275,1776231680407,16.394236,-421.66062309834774,-83.85769876601,461.9344021059866,0.350798,-0.61027,0.617458,0.35108,0.908196,-1.579953,1.598563,-0.42201,-0.079876,0.459503,0.659043,-3.040947,0.079088
1276,1776231680418,16.405348,-421.63031087394313,-84.68902185873068,461.9067859834178,0.350828,-0.610291,0.617413,0.351092,0.908269,-1.579998,1.598438,-0.421998,-0.080667,0.459512,0.659148,-3.04089,0.079114
1277,1776231680429,16.416459,-421.6065516688144,-85.11818895741487,461.9054049383782,0.350863,-0.610287,0.617378,0.351127,0.908343,-1.579963,1.598319,-0.421984,-0.081075,0.45953,0.659192,-3.040793,0.079045
1278,1776231680440,16.427571,-421.5849116603509,-85.93128387299242,461.88301474648614,0.350831,-0.610328,0.617343,0.351148,0.908251,-1.580051,1.598214,-0.42198,-0.081849,0.459543,0.659228,-3.040757,0.078976
1279,1776231680451,16.438682,-421.5847300898154,-86.32580307910747,461.8462628455059,0.350896,-0.610322,0.617337,0.351105,0.908439,-1.580068,1.59823,-0.421988,-0.082225,0.459523,0.659192,-3.040776,0.079031
1280,1776231680462,16.449793,-421.57044544389964,-86.74824195131843,461.8356079611698,0.351006,-0.61037,0.617297,0.350982,0.908777,-1.580287,1.598221,-0.421983,-0.082627,0.459531,0.659252,-3.04078,0.079011
1281,1776231680473,16.460904,-421.58623148665447,-87.1241979725595,461.79261421688193,0.351043,-0.610414,0.617242,0.350965,0.908881,-1.580413,1.598092,-0.422006,-0.082986,0.459503,0.659234,-3.040874,0.078984
1282,1776231680485,16.472015,-421.5719083420951,-87.8855293727167,461.7615486762658,0.351029,-0.610371,0.617274,0.350996,0.908832,-1.58028,1.598151,-0.422008,-0.083711,0.459505,0.659174,-3.040844,0.078968
1283,1776231680496,16.483127,-421.5637383782241,-88.26466312016338,461.74698737757956,0.351061,-0.610342,0.61727,0.351022,0.908902,-1.580185,1.598122,-0.422008,-0.084072,0.459507,0.659128,-3.040911,0.079044
1284,1776231680507,16.494238,-421.55451354095715,-89.02993711448217,461.6826556876056,0.351045,-0.610431,0.617205,0.350998,0.908871,-1.580431,1.597971,-0.422015,-0.084801,0.459476,0.659278,-3.040986,0.079038
1285,1776231680518,16.505349,-421.54534414930913,-89.40700897865342,461.6730973770788,0.351078,-0.610302,0.617335,0.35096,0.908974,-1.580127,1.598338,-0.422014,-0.08516,0.459483,0.659309,-3.040951,0.079038
1286,1776231680529,16.516461,-421.54614032760503,-89.75529503437308,461.6472567443584,0.350996,-0.610385,0.617243,0.351061,0.908718,-1.580265,1.598021,-0.422022,-0.085492,0.459472,0.659339,-3.041,0.079036
1287,1776231680540,16.527572,-421.52031883188334,-90.47094253427314,461.6392612822797,0.350992,-0.61025,0.617395,0.351031,0.908718,-1.579939,1.598438,-0.422012,-0.086173,0.459496,0.659312,-3.040936,0.079009
1288,1776231680551,16.538683,-421.50981574088917,-90.81343598677137,461.61990170584664,0.350997,-0.610258,0.617364,0.351066,0.908716,-1.579933,1.59833,-0.422009,-0.086499,0.459492,0.659387,-3.040925,0.079005
1289,1776231680562,16.549794,-421.48864659769794,-91.50576673202819,461.6020147966582,0.351166,-0.61035,0.617253,0.350934,0.909212,-1.580272,1.598144,-0.422003,-0.087158,0.459505,0.6594,-3.040868,0.078948
1290,1776231680573,16.560905,-421.49721498522445,-91.83059200308185,461.5574216664924,0.351048,-0.610405,0.617224,0.351006,0.908875,-1.580359,1.598015,-0.422018,-0.087468,0.459474,0.659342,-3.040968,0.078978
1291,1776231680585,16.572017,-421.48648686841466,-92.47206525174208,461.5312385570186,0.351146,-0.610385,0.617243,0.350909,0.909171,-1.580382,1.598138,-0.422021,-0.088079,0.459476,0.65927,-3.040977,0.078981
1292,1776231680596,16.583128,-421.4847044179335,-92.79525426303395,461.5122119665634,0.351011,-0.610278,0.617369,0.351008,0.90878,-1.58003,1.598389,-0.422026,-0.088387,0.459471,0.659256,-3.041002,0.079023
1293,1776231680607,16.594239,-421.46500323404126,-93.08254376490795,461.5298234023114,0.351115,-0.610395,0.61729,0.350841,0.909121,-1.580458,1.598312,-0.422013,-0.08866,0.459502,0.659186,-3.040918,0.079012
1294,1776231680618,16.60535,-421.44987292748317,-93.68746639880082,461.49874973983304,0.35088,-0.610403,0.617328,0.350996,0.908445,-1.580362,1.598291,-0.422011,-0.089236,0.459498,0.659189,-3.040917,0.078961
1295,1776231680629,16.616461,-421.452049644703,-93.97164170671161,461.4654728915006,0.350954,-0.610348,0.61732,0.351031,0.90862,-1.580191,1.598244,-0.422019,-0.089507,0.459477,0.659196,-3.040965,0.079035
1296,1776231680640,16.627573,-421.4522439026967,-94.54017417639756,461.42484834027357,0.350911,-0.610306,0.617418,0.350974,0.908536,-1.580129,1.598541,-0.422031,-0.090049,0.459461,0.659221,-3.040985,0.079035
1297,1776231680651,16.638684,-421.43806248518024,-94.81249705196117,461.4070783268275,0.350956,-0.610351,0.617385,0.350909,0.90868,-1.580294,1.598505,-0.422023,-0.090308,0.459456,0.659173,-3.040931,0.079099
1298,1776231680662,16.649795,-421.4290552110417,-95.08563020823108,461.39265245388236,0.350813,-0.610305,0.61746,0.351,0.90827,-1.580106,1.598631,-0.42202,-0.090568,0.459454,0.659074,-3.04101,0.079137
1299,1776231680673,16.660906,-421.42051189603717,-95.57795974340947,461.36878192691626,0.350755,-0.610331,0.617451,0.351029,0.908107,-1.58015,1.598585,-0.422022,-0.091037,0.459452,0.658961,-3.041,0.07915
1300,1776231680685,16.672018,-421.40228624183527,-95.84521082144752,461.3680863419411,0.350923,-0.610256,0.617543,0.350831,0.908627,-1.580106,1.598974,-0.42201,-0.091291,0.459464,0.659025,-3.040931,0.079162
1301,1776231680696,16.683129,-421.40114552698054,-96.09069945753811,461.35537060128485,0.350822,-0.610338,0.617479,0.350902,0.908335,-1.580265,1.598753,-0.422014,-0.091525,0.459462,0.659016,-3.040985,0.07914
1302,1776231680707,16.69424,-421.37102718842243,-96.57244989435098,461.34757932119976,0.350803,-0.610272,0.61753,0.350945,0.908267,-1.580061,1.598855,-0.421995,-0.091983,0.459477,0.658979,-3.040871,0.079138
1303,1776231680718,16.705351,-421.3595849028638,-96.81420270283463,461.3373238772091,0.350838,-0.61037,0.617407,0.350957,0.908352,-1.580305,1.598525,-0.421989,-0.092213,0.459478,0.659057,-3.040883,0.079166
1304,1776231680729,16.716462,-421.35821595265446,-97.2631520387096,461.3046370506233,0.350846,-0.610447,0.617366,0.350885,0.908406,-1.58056,1.598476,-0.421997,-0.092641,0.459465,0.659098,-3.040879,0.079082
1305,1776231680740,16.727573,-421.34914891516195,-97.44290990962999,461.3063078673232,0.350887,-0.610449,0.617384,0.350809,0.908544,-1.580624,1.59858,-0.421992,-0.092812,0.459475,0.658928,-3.040883,0.079141
1306,1776231680751,16.738685,-421.35540602663224,-97.63454464500319,461.2721691763746,0.350786,-0.610383,0.617437,0.350934,0.908227,-1.580356,1.598619,-0.422002,-0.092995,0.459449,0.658936,-3.040918,0.079113
1307,1776231680762,16.749796,-421.3311275023553,-98.0383770662781,461.2741544986892,0.350892,-0.610363,0.617441,0.350854,0.908538,-1.580366,1.598691,-0.421987,-0.093379,0.45947,0.658945,-3.040848,0.079058
1308,1776231680773,16.760907,-421.3298379373365,-98.24293534020399,461.25103834018097,0.350821,-0.610308,0.617449,0.351007,0.908287,-1.580108,1.598595,-0.42199,-0.093574,0.459456,0.659062,-3.040871,0.079096
1309,1776231680785,16.772018,-421.29460498207146,-98.62522817297668,461.2501521303472,0.350696,-0.610299,0.617434,0.351175,0.90789,-1.579956,1.598427,-0.421964,-0.093937,0.459474,0.659111,-3.040822,0.079074
1310,1776231680796,16.783129,-421.27643419455194,-98.79385241361406,461.2647824821191,0.351074,-0.610375,0.617313,0.350876,0.909,-1.580381,1.598343,-0.42195,-0.094097,0.459497,0.659209,-3.04073,0.079121
1311,1776231680807,16.794241,-421.2884568348142,-98.95899030596331,461.2392405765198,0.351183,-0.610455,0.61728,0.350687,0.909364,-1.580732,1.598404,-0.421965,-0.094255,0.459478,0.659145,-3.040893,0.079081
1312,1776231680818,16.805352,-421.2992611316071,-99.22904509005478,461.2009643816148,0.351047,-0.610444,0.617322,0.350767,0.908978,-1.580641,1.598451,-0.421981,-0.094513,0.459451,0.659125,-3.040891,0.079112
1313,1776231680829,16.816463,-421.3050012868563,-99.34832764724247,461.194145195068,0.351242,-0.610517,0.61729,0.3505,0.909598,-1.581034,1.598575,-0.421989,-0.094627,0.459449,0.658988,-3.040963,0.079086
1314,1776231680840,16.827574,-421.28692732740603,-99.60921198975053,461.17849755993376,0.351255,-0.610506,0.617265,0.350553,0.90961,-1.580964,1.598467,-0.421977,-0.094875,0.459446,0.659112,-3.040902,0.07905
1315,1776231680851,16.838685,-421.26744970872187,-99.74222962623747,461.1854888666135,0.35115,-0.610516,0.617218,0.350722,0.909264,-1.580864,1.598216,-0.421961,-0.095001,0.45946,0.659177,-3.040851,0.079111
1316,1776231680862,16.849797,-421.2596546599386,-99.8631770878158,461.1907832825178,0.351031,-0.610404,0.617315,0.350865,0.908894,-1.580464,1.598357,-0.421956,-0.095116,0.459471,0.6592,-3.040865,0.079059
1317,1776231680873,16.860908,-421.2377867798197,-100.10744793492431,461.1765975105628,0.351012,-0.610492,0.617216,0.350906,0.908825,-1.58066,1.598071,-0.42194,-0.095348,0.459469,0.659337,-3.040786,0.079095
1318,1776231680885,16.872019,-421.2152353281858,-100.190271444878,461.1926298637552,0.351076,-0.610452,0.61724,0.350869,0.909007,-1.580583,1.598161,-0.42192,-0.095426,0.45949,0.659281,-3.040786,0.079069
1319,1776231680896,16.88313,-421.2192614409956,-100.29284446863078,461.17631492849483,0.351219,-0.610524,0.617173,0.350719,0.909443,-1.580886,1.598102,-0.421926,-0.095524,0.459478,0.659284,-3.040799,0.079111
1320,1776231680907,16.894241,-421.180760202139,-100.44140478526977,461.1813063553284,0.351177,-0.61053,0.6172,0.350702,0.909343,-1.580916,1.598186,-0.421892,-0.095664,0.459492,0.659137,-3.040816,0.078986
1321,1776231680918,16.905353,-421.1517028339526,-100.5371049364815,461.1892567543515,0.351173,-0.61048,0.61717,0.350847,0.909268,-1.580673,1.597997,-0.421866,-0.095754,0.459506,0.659146,-3.040762,0.079041
1322,1776231680929,16.916464,-421.1118937958754,-100.69830223763425,461.1794669741538,0.351111,-0.6105,0.617181,0.350853,0.909106,-1.580723,1.598021,-0.421831,-0.095906,0.459506,0.659275,-3.040746,0.079046
1323,1776231680940,16.927575,-421.10295095058393,-100.7762980427559,461.1552478386909,0.351052,-0.610463,0.617229,0.350893,0.908936,-1.580595,1.598114,-0.421824,-0.09598,0.459486,0.659335,-3.040772,0.079081
1324,1776231680951,16.938686,-421.08487679562967,-100.84422928551918,461.14901218184883,0.351244,-0.610462,0.617198,0.350757,0.909491,-1.580697,1.598138,-0.421808,-0.096044,0.459484,0.659287,-3.040818,0.079055
1325,1776231680962,16.949798,-421.02791584941866,-100.98209397175727,461.15016019729285,0.351039,-0.610516,0.617255,0.350768,0.908956,-1.580827,1.598278,-0.421756,-0.096173,0.459495,0.659337,-3.040777,0.079081
1326,1776231680973,16.960909,-420.98746933126165,-101.02798241748002,461.1544475919158,0.351166,-0.610491,0.617215,0.350756,0.90929,-1.580773,1.598182,-0.421718,-0.096215,0.459504,0.659369,-3.04074,0.07905
1327,1776231680985,16.97202,-420.92542226214726,-101.11260473046626,461.15655883707,0.351106,-0.610516,0.61722,0.350763,0.909131,-1.580831,1.598191,-0.42166,-0.096293,0.459514,0.659282,-3.040792,0.079044
1328,1776231680996,16.983132,-420.90088518543126,-101.14308271256732,461.1434335857377,0.35121,-0.610537,0.617193,0.35067,0.909441,-1.580956,1.598192,-0.421637,-0.096321,0.459504,0.659337,-3.040787,0.079086
1329,1776231681007,16.994243,-420.83013614736404,-101.19769785548982,461.15433120183576,0.351177,-0.610495,0.617234,0.350703,0.909341,-1.580823,1.598274,-0.42157,-0.09637,0.459522,0.659232,-3.040727,0.079014
1330,1776231681018,17.005354,-420.744633803179,-101.26242108001651,461.1486200042927,0.351218,-0.610441,0.617162,0.350883,0.909368,-1.580545,1.597948,-0.421489,-0.096428,0.459525,0.659241,-3.040791,0.079022
1331,1776231681029,17.016465,-420.6959425741064,-101.30553533816511,461.1251934075801,0.351169,-0.610505,0.617189,0.350774,0.909291,-1.580794,1.598102,-0.421443,-0.096467,0.459507,0.65922,-3.040794,0.079119
1332,1776231681040,17.027576,-420.5902627463478,-101.34286748475388,461.096057559556,0.351241,-0.610575,0.617165,0.350623,0.909543,-1.58109,1.598154,-0.421342,-0.096498,0.459487,0.659184,-3.040931,0.079115
1333,1776231681051,17.038688,-420.51348094426174,-101.38831965847203,461.0948176459415,0.351024,-0.610601,0.617078,0.350947,0.90884,-1.58091,1.597681,-0.421269,-0.096538,0.459493,0.6592,-3.040913,0.079072
1334,1776231681062,17.049799,-420.44569227488563,-101.40190374119402,461.0844846226103,0.351417,-0.610636,0.617096,0.35046,0.910069,-1.581371,1.598102,-0.421204,-0.096548,0.459488,0.659083,-3.04102,0.079183
1335,1776231681073,17.06091,-420.28553260919534,-101.46164801148656,461.0465546117325,0.351447,-0.610592,0.61711,0.350482,0.910138,-1.581242,1.59812,-0.421051,-0.096598,0.459464,0.659226,-3.041089,0.079132
1336,1776231681085,17.072021,-420.20889149938006,-101.50079301621489,460.996118956687,0.35149,-0.610626,0.616999,0.350574,0.910209,-1.581261,1.597764,-0.420978,-0.096632,0.459421,0.659315,-3.041182,0.079219
1337,1776231681096,17.083132,-420.10494595148816,-101.50554748240543,460.99174199555705,0.351571,-0.610714,0.617021,0.350304,0.910536,-1.581692,1.598028,-0.420878,-0.096632,0.459424,0.659219,-3.041187,0.079233
1338,1776231681107,17.094243,-419.9084499244228,-101.5648551658841,460.9442358762868,0.35138,-0.61074,0.616964,0.350549,0.909935,-1.581574,1.597692,-0.42069,-0.09668,0.459393,0.659292,-3.041313,0.079296
1339,1776231681118,17.105354,-419.7783803955741,-101.57709765134804,460.94983250720026,0.351385,-0.610695,0.617055,0.350462,0.909987,-1.581523,1.597994,-0.420565,-0.096686,0.459408,0.659245,-3.041272,0.079298
1340,1776231681129,17.116466,-419.5426760827618,-101.62456825947932,460.9021329963664,0.351304,-0.610639,0.617087,0.350585,0.909722,-1.581284,1.597982,-0.420339,-0.096721,0.459379,0.659334,-3.041373,0.079334
1341,1776231681140,17.127577,-419.4238413024873,-101.64572561068135,460.870751091318,0.351461,-0.610764,0.616961,0.350431,0.910195,-1.581726,1.597775,-0.420225,-0.096736,0.459357,0.659273,-3.041475,0.079334
1342,1776231681151,17.138688,-419.2695449671273,-101.67375783661606,460.8901220402672,0.351387,-0.610681,0.617088,0.350426,0.910008,-1.581516,1.598106,-0.420077,-0.096756,0.459388,0.659315,-3.0414,0.079351
1343,1776231681162,17.1498,-418.96407778615793,-101.72966471491685,460.8594038534047,0.351258,-0.610724,0.617056,0.350538,0.909624,-1.581541,1.597938,-0.419784,-0.096796,0.459381,0.659382,-3.041385,0.079359
1344,1776231681173,17.160911,-418.80530665201894,-101.72434470051142,460.8597134191592,0.351312,-0.610725,0.617095,0.350413,0.909818,-1.581639,1.598136,-0.419631,-0.096784,0.459392,0.659288,-3.041402,0.079361
1345,1776231681185,17.172022,-418.47152346277676,-101.79307701999535,460.8203851500673,0.351309,-0.610723,0.617085,0.350438,0.909798,-1.581613,1.598089,-0.419311,-0.096835,0.459379,0.659359,-3.041409,0.07938
1346,1776231681196,17.183133,-418.2845932460265,-101.79323941476679,460.82959072022385,0.351443,-0.610764,0.617015,0.350353,0.910184,-1.581785,1.597975,-0.419131,-0.096827,0.459401,0.659238,-3.041382,0.079382
1347,1776231681207,17.194245,-418.1083568580029,-101.82750659701532,460.80472532262576,0.351357,-0.610686,0.617102,0.350422,0.909931,-1.581531,1.598146,-0.418962,-0.096852,0.45939,0.659275,-3.041405,0.07936
1348,1776231681218,17.205356,-417.74530450248517,-101.85668026271884,460.7610090351014,0.351248,-0.610737,0.617049,0.350537,0.909597,-1.581577,1.59792,-0.418613,-0.096864,0.459373,0.659265,-3.041499,0.079466
1349,1776231681229,17.216467,-417.54969715638094,-101.87401026171098,460.755712831071,0.351498,-0.610722,0.617036,0.350336,0.910333,-1.581689,1.598041,-0.418425,-0.096872,0.459382,0.659169,-3.041504,0.079406
1350,1776231681240,17.227578,-417.13749072466936,-101.91905916268027,460.72097158997906,0.351447,-0.61069,0.617083,0.35036,0.91019,-1.581589,1.598144,-0.418029,-0.096897,0.459378,0.659225,-3.041438,0.079415
1351,1776231681251,17.23869,-416.9213378245906,-101.92579466708614,460.73185112727174,0.351292,-0.610784,0.617003,0.350491,0.909733,-1.581733,1.597838,-0.417821,-0.096894,0.459404,0.659159,-3.041397,0.07936
1352,1776231681262,17.249801,-416.68708556967545,-101.95327587457973,460.73045859847974,0.351422,-0.610793,0.616986,0.350375,0.91012,-1.581844,1.597884,-0.417596,-0.09691,0.45942,0.659197,-3.041309,0.079373
1353,1776231681273,17.260912,-416.2358912526522,-101.975982188053,460.70704063346,0.35133,-0.61083,0.616962,0.350445,0.90985,-1.581887,1.597766,-0.417162,-0.096912,0.459429,0.659134,-3.041318,0.079383
1354,1776231681285,17.272023,-415.9870396671648,-102.00622206764338,460.7024649264085,0.35146,-0.610836,0.616965,0.3503,0.910251,-1.582011,1.597886,-0.416923,-0.09693,0.459443,0.659079,-3.04124,0.079315
1355,1776231681296,17.283135,-415.74706985698344,-102.00983698118246,460.68148576668636,0.351444,-0.610802,0.616992,0.350326,0.910199,-1.581904,1.597936,-0.416692,-0.096923,0.459439,0.65904,-3.041268,0.079407
1356,1776231681307,17.294246,-415.21768229248505,-102.04658528975136,460.6630289039822,0.351226,-0.610803,0.617039,0.350462,0.909573,-1.581802,1.597953,-0.416183,-0.096935,0.459459,0.658975,-3.041152,0.07933
1357,1776231681318,17.305357,-414.9528551361765,-102.0471304400828,460.62728955396295,0.351329,-0.610794,0.617045,0.350363,0.909884,-1.581855,1.598044,-0.415928,-0.096924,0.459442,0.658965,-3.041233,0.079369
1358,1776231681329,17.316469,-414.4013022696581,-102.10059555161097,460.5751940961781,0.351337,-0.61068,0.617109,0.350441,0.909871,-1.581501,1.59815,-0.415398,-0.096951,0.459431,0.658966,-3.041292,0.07937
1359,1776231681340,17.32758,-414.1185336663506,-102.11453060208468,460.52849806656366,0.351302,-0.610689,0.617109,0.350461,0.90977,-1.581509,1.598135,-0.415126,-0.096952,0.459405,0.659003,-3.041329,0.079455
1360,1776231681351,17.338691,-413.8148796977659,-102.13361632951413,460.5204916911837,0.351626,-0.610677,0.617078,0.350211,0.91072,-1.581669,1.598246,-0.414834,-0.096957,0.459419,0.658903,-3.041324,0.079451
1361,1776231681362,17.349802,-413.20649328052,-102.17391233726383,460.4618689988866,0.351448,-0.610716,0.617075,0.350326,0.91021,-1.581683,1.598151,-0.414249,-0.096969,0.459405,0.658949,-3.041322,0.079452
1362,1776231681373,17.360914,-412.8766929560164,-102.20151810602725,460.466768156802,0.351414,-0.610821,0.616977,0.35035,0.910111,-1.581935,1.59788,-0.413932,-0.096981,0.459434,0.658915,-3.041259,0.079414
1363,1776231681385,17.372025,-412.2456178384775,-102.23443349032162,460.4350773485992,0.351464,-0.610757,0.617009,0.350356,0.910236,-1.581765,1.597956,-0.413325,-0.096985,0.459448,0.65894,-3.041253,0.079451
1364,1776231681396,17.383136,-411.9192358157138,-102.24822773495316,460.4074605589199,0.351314,-0.610832,0.616941,0.350496,0.909787,-1.581854,1.597672,-0.413011,-0.096984,0.459444,0.658875,-3.041236,0.079466
1365,1776231681407,17.394247,-411.6000177209481,-102.2669347355778,460.3882025675095,0.351321,-0.610822,0.616957,0.350477,0.909814,-1.581842,1.597729,-0.412704,-0.096988,0.459448,0.658906,-3.041234,0.079497
1366,1776231681418,17.405358,-410.8947123830908,-102.32310757912299,460.4047129236078,0.351205,-0.610799,0.616963,0.350623,0.90945,-1.581669,1.597632,-0.412026,-0.097011,0.459516,0.658864,-3.041048,0.079438
1367,1776231681429,17.41647,-410.5348427972483,-102.34888716478982,460.4095123836884,0.351283,-0.610794,0.616961,0.350557,0.909681,-1.581707,1.597678,-0.41168,-0.09702,0.459547,0.658866,-3.040978,0.079381
1368,1776231681440,17.427581,-409.8276795446366,-102.39564602870587,460.3747354164101,0.351118,-0.610816,0.616957,0.350692,0.909194,-1.581661,1.597563,-0.411,-0.097034,0.459564,0.658883,-3.040922,0.079361
1369,1776231681451,17.438692,-409.4814027390305,-102.41762834662255,460.3372084432619,0.351316,-0.610715,0.617025,0.350548,0.90977,-1.58151,1.597851,-0.410667,-0.09704,0.459552,0.658884,-3.040968,0.079447
1370,1776231681462,17.449803,-409.1435370203519,-102.43502168830267,460.2772408474641,0.351457,-0.610775,0.61699,0.350365,0.910214,-1.581805,1.5979,-0.410342,-0.097042,0.459517,0.658893,-3.041058,0.079475
1371,1776231681473,17.460915,-408.4706860957068,-102.4811825274322,460.1388175563007,0.351734,-0.610811,0.616937,0.350118,0.91104,-1.582085,1.597953,-0.409695,-0.097057,0.459429,0.658937,-3.041391,0.079652
1372,1776231681485,17.472026,-408.1161491679489,-102.50140482589221,460.1047864319987,0.351663,-0.610813,0.61692,0.350214,0.910815,-1.582018,1.597836,-0.409354,-0.097061,0.459421,0.658915,-3.04141,0.079628
1373,1776231681496,17.483137,-407.7628364045427,-102.51317002919049,460.06110071288066,0.351638,-0.610829,0.616966,0.350132,0.910785,-1.582121,1.598016,-0.409014,-0.097057,0.459403,0.65889,-3.041515,0.07962
1374,1776231681507,17.494248,-407.00180392200184,-102.55591391052492,460.03667712233846,0.351499,-0.610839,0.616933,0.35031,0.910348,-1.582013,1.597795,-0.408282,-0.097065,0.459434,0.658841,-3.04141,0.079594
1375,1776231681518,17.505359,-406.61907849327037,-102.58366086812126,460.03967319445485,0.351434,-0.610791,0.616985,0.350368,0.910154,-1.581845,1.597884,-0.407914,-0.097075,0.459465,0.658844,-3.041342,0.079539
1376,1776231681529,17.516471,-405.8028880887557,-102.6330158801945,460.0897683490528,0.351592,-0.610845,0.616896,0.350271,0.910606,-1.582058,1.59773,-0.407129,-0.097087,0.459574,0.658867,-3.04099,0.079462
1377,1776231681540,17.527582,-405.4087019010303,-102.66332897259679,460.08172298872285,0.351376,-0.610732,0.617034,0.350443,0.909972,-1.581634,1.597954,-0.40675,-0.097099,0.459595,0.658919,-3.040892,0.079438
1378,1776231681551,17.538693,-405.0265629695089,-102.66476942149949,460.0646581857492,0.351312,-0.610778,0.617037,0.350422,0.909815,-1.581768,1.597979,-0.406382,-0.097084,0.459605,0.658854,-3.040872,0.079396
1379,1776231681562,17.549805,-404.2653648241245,-102.71883815217102,459.96290218100285,0.351352,-0.610785,0.617037,0.35037,0.90994,-1.581828,1.598019,-0.40565,-0.097103,0.45956,0.658813,-3.041024,0.079338
1380,1776231681573,17.560916,-403.90184343749075,-102.72463268343854,459.90050828018957,0.351613,-0.610828,0.617007,0.350086,0.91074,-1.582153,1.59816,-0.4053,-0.097093,0.459524,0.658848,-3.041161,0.079427
1381,1776231681585,17.572027,-403.11609797820813,-102.76292897361785,459.8128078009037,0.351457,-0.610777,0.617038,0.350275,0.910255,-1.581879,1.598094,-0.404544,-0.097096,0.459494,0.658911,-3.041265,0.079439
1382,1776231681596,17.583138,-402.7179141932047,-102.78805847997951,459.7844758915296,0.351524,-0.610773,0.617046,0.350201,0.91046,-1.581924,1.598173,-0.404161,-0.097103,0.459495,0.658956,-3.041236,0.079521
1383,1776231681607,17.594249,-402.3242773474389,-102.79513838200883,459.75319683630113,0.351417,-0.610793,0.617059,0.350251,0.910161,-1.581938,1.598168,-0.403782,-0.097093,0.459492,0.658932,-3.041243,0.079494
1384,1776231681618,17.60536,-401.4793010382935,-102.8380429827271,459.7711356353856,0.351209,-0.610669,0.61717,0.350481,0.909522,-1.581443,1.598277,-0.402969,-0.097098,0.459571,0.658908,-3.040951,0.079417
1385,1776231681629,17.616472,-401.0855738411637,-102.85031470869181,459.7638574768975,0.351257,-0.610695,0.617149,0.350424,0.909672,-1.581553,1.598266,-0.40259,-0.097093,0.459592,0.658877,-3.04091,0.079312
1386,1776231681640,17.627583,-400.2761222792949,-102.8852109179492,459.74527852007344,0.351271,-0.610686,0.617108,0.350498,0.909675,-1.581473,1.598105,-0.401811,-0.097092,0.459632,0.658898,-3.040776,0.07936
1387,1776231681651,17.638694,-399.85717028133797,-102.91321824656688,459.73251179388024,0.35126,-0.610666,0.617142,0.350484,0.909653,-1.581431,1.598204,-0.401408,-0.097101,0.45965,0.658875,-3.040674,0.079309
1388,1776231681662,17.649805,-399.4696754634343,-102.92721621148777,459.66805108083787,0.35142,-0.610702,0.617097,0.350341,0.91013,-1.581634,1.598195,-0.401035,-0.097098,0.459614,0.658967,-3.040813,0.079386
1389,1776231681673,17.660917,-398.66555074106134,-102.95958676705953,459.5691939012082,0.351487,-0.610684,0.617088,0.35032,0.910312,-1.581604,1.598189,-0.400261,-0.097095,0.459574,0.659029,-3.040921,0.079439
1390,1776231681685,17.672028,-398.2791686853502,-102.97137286787306,459.5039045149454,0.351545,-0.610734,0.617033,0.350272,0.910482,-1.581768,1.598083,-0.399889,-0.09709,0.459537,0.658977,-3.041086,0.079414
1391,1776231681696,17.683139,-397.879880262412,-103.00467929847909,459.4438590589834,0.35153,-0.610651,0.617061,0.350383,0.910395,-1.58147,1.598071,-0.399505,-0.097105,0.459507,0.659056,-3.041141,0.079417
1392,1776231681707,17.69425,-397.07185857688665,-103.02865237983585,459.3834847716915,0.351553,-0.610637,0.617103,0.35031,0.910486,-1.58149,1.598235,-0.398727,-0.097094,0.459505,0.659108,-3.041184,0.079424
1393,1776231681718,17.705361,-396.65708214901997,-103.05942838999135,459.37194294706416,0.3516,-0.610668,0.617089,0.350234,0.910641,-1.581627,1.598258,-0.398328,-0.097106,0.459524,0.65906,-3.041154,0.079359
1394,1776231681729,17.716473,-395.8292760280329,-103.08936578614056,459.35942991199266,0.351428,-0.61069,0.617027,0.350477,0.910091,-1.581499,1.597911,-0.397531,-0.0971,0.459571,0.659002,-3.040982,0.079289
1395,1776231681740,17.727584,-395.40342223855913,-103.10586630638727,459.36893460154715,0.351474,-0.610731,0.616935,0.35052,0.910192,-1.581573,1.59764,-0.397121,-0.097098,0.459611,0.659015,-3.040878,0.07926
1396,1776231681751,17.738695,-394.9731826663456,-103.13406125072086,459.36956773484724,0.351422,-0.610655,0.616986,0.350615,0.910015,-1.581304,1.597697,-0.396707,-0.097107,0.459643,0.659135,-3.040719,0.079142
1397,1776231681762,17.749807,-394.5812139570934,-103.21719742430687,459.4362438527192,0.351861,-0.610254,0.617365,0.350206,0.91133,-1.580577,1.598995,-0.396331,-0.09717,0.45974,0.659311,-3.040443,0.079077
1398,1776231681773,17.760918,-394.64823631292876,-103.18808634635249,459.55126812344304,0.350287,-0.610283,0.617489,0.351512,0.906685,-1.57966,1.598311,-0.396395,-0.097145,0.459848,0.659134,-3.040053,0.07892
1399,1776231681785,17.772029,-394.8092011590647,-103.08665474726911,459.2680594242595,0.351702,-0.610129,0.617618,0.350138,0.910947,-1.580305,1.599701,-0.396548,-0.097055,0.459552,0.658971,-3.041119,0.079332
