XToGlobal1	YToGlobal1	ZToGlobal1
229.526855	-1128.170288	1266.084229
229.526855	-1128.170288	1266.084229
229.526855	-1128.170288	1266.084229
229.526855	-1128.170288	1266.084229
229.526855	-1128.170288	1266.084229
229.526855	-1128.170288	1266.084229
229.526855	-1128.170288	1266.084229
229.526855	-1128.170288	1266.084229
229.526855	-1128.170288	1266.084229
229.526855	-1128.170288	1266.084229
229.476456	-1127.98999	1266.061646
229.353394	-1127.935425	1266.048706
229.353394	-1127.935425	1266.048706
229.251175	-1127.928345	1266.009644
229.157059	-1127.913696	1266.087158
229.031128	-1127.834961	1266.093384
229.031128	-1127.834961	1266.093384
229.031128	-1127.834961	1266.093384
229.031128	-1127.834961	1266.093384
228.970901	-1127.822754	1266.051392
228.804779	-1127.85144	1265.955078
228.804779	-1127.85144	1265.955078
228.671402	-1127.768066	1265.961548
228.671402	-1127.768066	1265.961548
228.671402	-1127.768066	1265.961548
228.440109	-1127.827637	1266.040527
228.440109	-1127.827637	1266.040527
228.440109	-1127.827637	1266.040527
228.440109	-1127.827637	1266.040527
228.440109	-1127.827637	1266.040527
228.440109	-1127.827637	1266.040527
228.440109	-1127.827637	1266.040527
228.440109	-1127.827637	1266.040527
228.440109	-1127.827637	1266.040527
228.440109	-1127.827637	1266.040527
228.440109	-1127.827637	1266.040527
228.440109	-1127.827637	1266.040527
228.440109	-1127.827637	1266.040527
228.428711	-1127.720703	1265.984741
228.428711	-1127.720703	1265.984741
228.428711	-1127.720703	1265.984741
228.428711	-1127.720703	1265.984741
228.265198	-1127.737549	1265.898804
228.265198	-1127.737549	1265.898804
228.265198	-1127.737549	1265.898804
228.027161	-1127.441772	1266.026611
227.914352	-1127.210815	1265.983643
227.914352	-1127.210815	1265.983643
227.914352	-1127.210815	1265.983643
227.99202	-1127.158569	1266.028442
227.99202	-1127.158569	1266.028442
227.99202	-1127.158569	1266.028442
227.851974	-1126.973877	1265.971802
227.718079	-1126.813599	1265.903564
227.56813	-1126.542358	1265.949341
227.582596	-1126.569214	1265.924683
227.419876	-1126.276245	1265.966187
227.251328	-1126.066284	1265.91394
227.255447	-1126.073853	1266.009399
227.079865	-1125.838135	1266.050293
226.934921	-1125.471069	1265.920776
226.845642	-1125.38269	1265.992676
226.703522	-1125.295044	1265.998657
226.44313	-1124.69873	1265.800659
226.445877	-1124.703735	1265.704956
226.144577	-1124.549805	1265.841064
225.949722	-1124.069946	1265.884399
225.64328	-1123.911987	1265.87146
225.544495	-1123.895508	1265.951172
225.257721	-1123.448853	1265.811646
225.113586	-1123.117188	1265.860596
225.055298	-1123.117798	1266.006226
224.763565	-1122.820435	1265.980835
224.463989	-1122.50293	1265.894775
224.125	-1122.47644	1266.024902
223.899261	-1121.90625	1265.964722
223.459717	-1121.803223	1266.040405
223.475388	-1121.710449	1265.908447
222.853928	-1121.161133	1265.861816
222.768066	-1121.046143	1266.064575
222.243866	-1120.90979	1266.203735
222.061249	-1120.477295	1266.043579
221.549728	-1120.259155	1266.054565
221.117065	-1119.982422	1266.088745
220.638885	-1119.585449	1266.265015
220.430817	-1119.380493	1266.220825
219.784439	-1118.914185	1266.152954
219.621567	-1118.784546	1266.234497
219.126678	-1118.374512	1266.33728
218.571945	-1118.022217	1266.306641
218.349915	-1117.781494	1266.299805
217.823349	-1117.605957	1266.344849
217.493362	-1117.38501	1266.084961
217.019501	-1117.174438	1266.233765
216.502792	-1116.681763	1266.165771
216.353027	-1116.769653	1266.425415
215.776825	-1116.536377	1266.803833
215.390518	-1116.467163	1266.876343
214.931931	-1116.258911	1266.824097
214.540756	-1115.967041	1266.856567
214.070984	-1116.042603	1266.774414
213.722656	-1115.708984	1266.820801
213.504578	-1115.801514	1267.084229
213.10643	-1115.529419	1267.232788
212.845383	-1115.368042	1267.217773
212.463486	-1115.229004	1267.25061
212.155426	-1115.163208	1267.358765
211.987457	-1114.932129	1267.235352
211.627899	-1114.874878	1267.366333
211.38974	-1114.758301	1267.309326
211.066772	-1114.381836	1267.373169
210.772766	-1114.344482	1267.317383
210.680878	-1114.344116	1267.275757
210.391037	-1114.133423	1267.188843
210.391037	-1114.133423	1267.188843
210.391037	-1114.133423	1267.188843
210.029114	-1113.993286	1267.140747
209.874969	-1113.79834	1267.198242
209.834183	-1113.637085	1267.248779
209.834183	-1113.637085	1267.248779
209.789795	-1113.707275	1267.178345
209.789795	-1113.707275	1267.178345
209.660522	-1113.650146	1267.169067
209.660522	-1113.650146	1267.169067
209.660522	-1113.650146	1267.169067
209.59761	-1113.633545	1267.119751
209.59761	-1113.633545	1267.119751
209.59761	-1113.633545	1267.119751
209.59761	-1113.633545	1267.119751
209.588913	-1113.711304	1267.133179
209.555435	-1113.756348	1267.136108
209.593216	-1113.905029	1267.0896
209.742462	-1114.085205	1267.167358
209.806244	-1114.296387	1267.191284
209.972595	-1114.236694	1267.184082
210.059982	-1114.236572	1267.223511
210.212692	-1114.325195	1267.221558
210.374527	-1114.300781	1267.192139
210.374527	-1114.300781	1267.192139
210.639099	-1114.556274	1267.174805
210.823013	-1114.515381	1267.132935
211.119766	-1114.666016	1267.142578
211.309036	-1114.815674	1267.163208
211.554916	-1114.894775	1267.084229
211.731033	-1115.104614	1267.145874
211.924759	-1114.961304	1267.111572
212.080048	-1115.029907	1267.122803
212.473511	-1115.140991	1267.10022
212.629517	-1115.114136	1267.070435
212.892593	-1115.365112	1267.171143
213.139709	-1115.393188	1267.101196
213.459671	-1115.715942	1267.053223
213.508148	-1115.618896	1267.005859
214.059479	-1115.709106	1267.036255
214.059479	-1115.709106	1267.036255
214.221344	-1115.627686	1266.900879
214.653397	-1115.805298	1266.95166
214.789261	-1116.063965	1266.998779
215.242645	-1116.138306	1266.782959
215.358017	-1116.11853	1266.532227
215.656738	-1116.214844	1266.69519
215.915939	-1116.312744	1266.734985
216.084534	-1116.231812	1266.486938
216.396179	-1116.470825	1266.510254
216.50029	-1116.582886	1266.6073
216.874161	-1116.744629	1266.533203
217.050262	-1116.930542	1266.567871
217.236267	-1116.934937	1266.525757
217.574799	-1117.073486	1266.560547
217.718033	-1117.245728	1266.539551
217.718033	-1117.245728	1266.539551
218.258072	-1117.258301	1266.348999
218.403946	-1117.182617	1266.468262
218.403946	-1117.182617	1266.468262
218.680908	-1117.296021	1266.367554
218.806473	-1117.33667	1266.102173
218.953903	-1117.259155	1266.109497
219.000046	-1117.186646	1266.181885
219.207809	-1117.444824	1266.131104
219.493652	-1117.703491	1266.079834
219.493759	-1117.705078	1266.006836
219.578583	-1117.702515	1266.140015
219.809433	-1117.801514	1266.063477
219.935776	-1117.8573	1266.074341
219.935776	-1117.8573	1266.074341
219.989075	-1117.874756	1266.088867
219.989075	-1117.874756	1266.088867
220.156982	-1117.818848	1266.073975
220.293091	-1117.900269	1266.071411
220.498306	-1117.953247	1266.119995
220.488251	-1117.93396	1266.043213
220.488251	-1117.93396	1266.043213
220.546509	-1117.951172	1266.088745
220.546509	-1117.951172	1266.088745
220.546509	-1117.951172	1266.088745
220.546509	-1117.951172	1266.088745
220.546509	-1117.951172	1266.088745
220.686722	-1118.0354	1266.085938
220.786316	-1118.053589	1266.007446
220.786316	-1118.053589	1266.007446
220.847778	-1118.072021	1266.05542
220.847778	-1118.072021	1266.05542
221.05162	-1118.126587	1266.102417
221.041306	-1118.020996	1266.045044
221.041306	-1118.020996	1266.045044
221.041306	-1118.020996	1266.045044
221.069611	-1117.977661	1266.041748
221.069611	-1117.977661	1266.041748
221.079514	-1117.89917	1266.029297
221.14624	-1117.919434	1266.081665
221.135849	-1117.899414	1265.796021
221.135849	-1117.899414	1265.796021
221.125107	-1117.790405	1265.736816
221.125107	-1117.790405	1265.736816
221.125107	-1117.790405	1265.736816
221.125107	-1117.790405	1265.736816
221.108856	-1117.504272	1265.703125
221.167694	-1117.521973	1265.749268
221.045135	-1117.371704	1265.756836
221.045135	-1117.371704	1265.756836
220.986511	-1117.335327	1265.622437
220.986511	-1117.335327	1265.622437
220.769638	-1117.174683	1265.631226
220.658188	-1117.154053	1265.719482
220.658188	-1117.154053	1265.719482
220.518311	-1117.069702	1265.722046
220.518311	-1117.069702	1265.722046
220.518311	-1117.069702	1265.722046
220.527802	-1116.994019	1265.709839
220.527802	-1116.994019	1265.709839
220.296738	-1116.930542	1265.622559
220.299683	-1116.935669	1265.526489
220.299683	-1116.935669	1265.526489
220.297256	-1116.931396	1265.383789
220.297256	-1116.931396	1265.383789
220.202393	-1116.913452	1265.45874
220.169846	-1116.773438	1265.501587
220.169846	-1116.773438	1265.501587
220.169846	-1116.773438	1265.501587
220.030746	-1116.767334	1265.515869
220.030746	-1116.767334	1265.515869
220.030746	-1116.767334	1265.515869
220.030746	-1116.767334	1265.515869
220.030746	-1116.767334	1265.515869
220.030746	-1116.767334	1265.515869
220.030746	-1116.767334	1265.515869
219.983917	-1116.840698	1265.442871
219.855789	-1116.784058	1265.43103
219.765686	-1116.781982	1265.392822
219.765686	-1116.781982	1265.392822
219.765686	-1116.781982	1265.392822
219.66188	-1116.762451	1265.474731
219.66188	-1116.762451	1265.474731
219.698029	-1116.917725	1265.427124
219.698029	-1116.917725	1265.427124
219.698029	-1116.917725	1265.427124
219.698029	-1116.917725	1265.427124
219.698029	-1116.917725	1265.427124
219.624252	-1117.037842	1265.450806
219.561691	-1117.019653	1265.402222
219.561691	-1117.019653	1265.402222
219.50827	-1117.178589	1265.458252
219.50827	-1117.178589	1265.458252
219.50827	-1117.178589	1265.458252
219.518677	-1117.283569	1265.515503
219.472748	-1117.355347	1265.444092
219.472748	-1117.355347	1265.444092
219.472748	-1117.355347	1265.444092
219.472748	-1117.355347	1265.444092
219.472748	-1117.355347	1265.444092
219.472748	-1117.355347	1265.444092
219.472748	-1117.355347	1265.444092
219.472748	-1117.355347	1265.444092
219.472748	-1117.355347	1265.444092
219.472748	-1117.355347	1265.444092
219.472748	-1117.355347	1265.444092
219.472748	-1117.355347	1265.444092
219.472748	-1117.355347	1265.444092
219.472748	-1117.355347	1265.444092
219.472748	-1117.355347	1265.444092
219.472748	-1117.355347	1265.444092
219.606735	-1117.436035	1265.441772
219.645538	-1117.201538	1265.197144
219.879166	-1117.276245	1265.120117
219.944809	-1117.001831	1265.146606
220.127167	-1117.004517	1265.103149
220.269348	-1116.952148	1265.096802
220.569199	-1117.032104	1265.16626
220.877045	-1116.934814	1264.963989
221.086227	-1116.764404	1265.083008
221.601807	-1116.843018	1265.06958
221.785004	-1116.723267	1265.211914
222.353851	-1116.65564	1265.006836
222.651108	-1116.325562	1265.093018
223.097076	-1116.393311	1264.721924
223.68074	-1116.319824	1264.549316
224.348099	-1116.22998	1264.566162
225.019089	-1116.294434	1264.460083
225.565735	-1115.927124	1263.980957
226.371674	-1115.948608	1263.810425
227.14798	-1115.833252	1263.75293
227.925644	-1115.848633	1263.347534
228.918549	-1115.777588	1263.322266
229.865372	-1115.800659	1262.744507
230.976059	-1115.786621	1262.616211
231.994858	-1115.770264	1262.01062
233.269211	-1115.835205	1261.821777
234.495056	-1115.870361	1261.266602
235.778076	-1115.880737	1261.108032
237.069763	-1115.803955	1260.140747
238.464996	-1115.890259	1260.040894
239.901306	-1115.8125	1258.970703
241.434204	-1115.820557	1258.420654
242.991623	-1115.884521	1257.71936
244.625259	-1115.949463	1257.478394
246.318985	-1115.918091	1256.524902
247.920471	-1116.05603	1255.953857
249.665268	-1116.076172	1255.196411
251.435883	-1116.324341	1254.682861
253.21756	-1116.321533	1253.779297
255.050156	-1116.534546	1253.341064
257.038116	-1116.861084	1252.415039
258.990479	-1117.075562	1251.819946
261.006805	-1117.688965	1250.710083
262.963043	-1117.853149	1250.099854
264.982849	-1118.203125	1249.119385
267.065582	-1118.660889	1248.634644
269.1745	-1118.84668	1247.659668
271.147491	-1119.292725	1246.977539
273.315735	-1119.725342	1246.07373
275.3237	-1119.735718	1245.296509
277.464081	-1120.421875	1244.628662
279.625122	-1120.602661	1243.736816
281.804138	-1120.89624	1242.785645
283.994415	-1121.509888	1241.991699
286.182892	-1121.581421	1240.905884
288.305145	-1121.785645	1239.816772
290.584015	-1122.362793	1238.890747
292.831451	-1122.888916	1238.015259
295.035217	-1123.014404	1237.060913
297.260681	-1123.407349	1235.963135
299.484192	-1123.757568	1234.773926
301.793335	-1124.280029	1233.797485
304.056305	-1124.411377	1232.688965
306.394104	-1124.934814	1231.563721
308.651215	-1125.17395	1230.416626
310.937683	-1125.718384	1229.111938
313.253448	-1125.992065	1228.115112
315.636627	-1126.662476	1227.153809
317.815308	-1126.892456	1225.733643
320.157623	-1127.685913	1224.686279
322.437592	-1128.002441	1223.497681
324.88147	-1128.756348	1222.361206
327.091278	-1129.310913	1220.981567
329.550354	-1130.136841	1219.960571
331.8013	-1130.849121	1218.758667
334.085602	-1131.569458	1217.542847
336.400269	-1132.54541	1216.483887
338.79953	-1133.576782	1215.802979
340.91626	-1134.382324	1214.672974
342.980743	-1135.680176	1213.575317
345.251709	-1136.389282	1212.859619
347.421417	-1137.586792	1212.051025
349.272308	-1139.036499	1211.34436
351.49942	-1139.960938	1210.700439
353.547852	-1141.160522	1210.47876
355.425842	-1142.289551	1209.725342
357.447479	-1143.387817	1209.763306
359.439178	-1144.862305	1209.852051
361.071533	-1146.117676	1209.414062
362.896637	-1147.399658	1209.437744
364.396576	-1148.807495	1209.083252
366.01712	-1150.229492	1209.167969
367.79248	-1151.456055	1209.133423
369.237457	-1152.972168	1209.330688
370.699097	-1154.320679	1209.167603
372.272491	-1155.78418	1209.414551
373.65625	-1157.447266	1209.304321
375.198486	-1158.789917	1209.641357
376.681335	-1160.721802	1209.788086
378.019989	-1162.27417	1210.044556
379.697571	-1163.982178	1210.013306
381.033539	-1165.709839	1210.276978
382.239838	-1167.360596	1210.539062
383.455261	-1168.811401	1210.527222
384.831299	-1170.39917	1210.93103
385.925232	-1171.955933	1211.028076
387.058777	-1173.649292	1211.333984
388.274445	-1175.128906	1211.348145
389.360809	-1176.699707	1211.848022
390.38913	-1178.292358	1211.950195
391.422363	-1179.795898	1212.455078
392.29837	-1181.347534	1212.497314
393.19751	-1182.85498	1212.589111
393.766541	-1184.65332	1212.998779
394.568756	-1186.159546	1213.287598
394.985657	-1188.153687	1213.840698
395.670898	-1189.528442	1214.014282
396.136658	-1191.088013	1214.924683
396.689331	-1192.603516	1215.177856
397.125763	-1194.090332	1215.953003
397.541962	-1195.577393	1216.557495
397.83667	-1197.218994	1217.634888
397.986572	-1198.717896	1218.069214
398.000305	-1200.18103	1219.063843
397.934509	-1201.58667	1219.733398
397.868774	-1202.763062	1220.448853
397.846344	-1204.242798	1221.0354
397.784821	-1205.562988	1222.286255
397.700043	-1206.628174	1223.012207
397.555969	-1207.99646	1223.937866
397.081635	-1209.030273	1224.949097
396.842102	-1210.354736	1225.679321
396.479218	-1211.369629	1226.351929
396.199585	-1212.399902	1227.42749
395.840607	-1213.409912	1228.391235
395.483002	-1214.284912	1229.104248
394.989899	-1215.179321	1229.771118
394.632446	-1216.032227	1230.666382
394.128204	-1216.754639	1231.259521
393.749817	-1217.535156	1232.081665
393.191254	-1218.130981	1232.494629
392.887177	-1218.894653	1233.351196
392.341095	-1219.458252	1233.867188
392.109253	-1219.615967	1234.30481
391.475708	-1220.353149	1234.814331
391.085663	-1220.868896	1235.439941
390.830017	-1220.935913	1235.626587
390.39209	-1221.454224	1236.238281
389.782288	-1221.71106	1236.198853
389.657867	-1221.675537	1236.818237
388.957794	-1221.993896	1237.000854
388.522644	-1221.968994	1237.574829
388.041809	-1222.304199	1237.471436
387.537354	-1222.300537	1237.500854
387.094116	-1222.213745	1238.134766
386.59024	-1222.14856	1238.086914
385.936829	-1222.219116	1238.023315
385.653748	-1222.021851	1238.188354
385.015381	-1221.868652	1238.613892
384.601654	-1221.59729	1238.620239
384.004761	-1221.515381	1238.610596
383.467499	-1221.116821	1238.720459
382.819275	-1220.803711	1238.716919
382.042664	-1220.482178	1238.773682
381.525665	-1219.840088	1239.14917
380.760529	-1219.577271	1239.141846
380.097595	-1219.007324	1239.137939
379.376404	-1218.522583	1239.098755
378.699219	-1217.625977	1239.103394
377.927582	-1217.17334	1239.193115
377.183319	-1216.408691	1239.099487
376.535248	-1215.583496	1239.118164
375.515472	-1215.182617	1238.702148
374.626343	-1214.419067	1238.748535
373.765625	-1213.645142	1238.708984
372.584412	-1212.907837	1238.65979
371.608398	-1211.860962	1238.640625
370.444305	-1211.288574	1238.622681
369.303925	-1210.323608	1238.673584
368.180481	-1209.394165	1238.603882
367.071259	-1208.40625	1238.573608
365.76413	-1207.458008	1238.669434
364.470581	-1206.398193	1239.123291
363.07785	-1205.208496	1239.299561
361.702515	-1204.21814	1239.446899
360.372528	-1203.011841	1239.598999
358.94812	-1201.728638	1239.827026
357.55719	-1200.35144	1239.886353
355.960754	-1198.996948	1239.968872
354.518982	-1197.414673	1240.502808
352.923584	-1195.928223	1240.506226
351.445801	-1194.351318	1240.632202
349.791168	-1192.580322	1240.981445
348.2854	-1190.743652	1241.310425
346.915894	-1188.966309	1241.455566
345.649536	-1186.637817	1242.04541
343.880341	-1184.683228	1242.102905
342.149231	-1182.555786	1242.145752
340.488586	-1180.270874	1242.101807
338.898621	-1177.739258	1242.162842
337.058289	-1175.38269	1242.518921
334.974945	-1173.169556	1242.263794
333.003998	-1170.713257	1242.327271
330.79538	-1168.433594	1242.354492
328.772522	-1166.142822	1242.375854
326.476349	-1164.004517	1242.617676
324.203186	-1161.569092	1242.700806
321.740631	-1159.008423	1242.824463
319.386536	-1156.763306	1243.054199
316.909149	-1154.431641	1242.867432
314.385529	-1152.197388	1243.03418
311.886444	-1150.117798	1243.410767
309.184814	-1148.255005	1243.624634
306.478424	-1146.067505	1243.658691
303.756714	-1144.223145	1244.182129
300.855896	-1142.338013	1244.025391
298.032196	-1140.45874	1244.615967
294.964844	-1138.458252	1244.799927
291.96582	-1136.504517	1245.450439
288.861481	-1134.714478	1245.804932
285.872498	-1132.968384	1246.091797
282.789734	-1131.219238	1246.44165
279.748718	-1129.444458	1246.483154
276.71759	-1127.548462	1247.088745
273.561157	-1125.967529	1247.290161
270.412292	-1124.04126	1247.682617
267.323547	-1122.252686	1247.901611
264.037964	-1120.76123	1247.924194
260.885559	-1118.877686	1248.352905
257.546722	-1117.099243	1248.397217
254.284164	-1115.466919	1248.843872
250.98494	-1113.711792	1249.262085
247.686554	-1111.961914	1249.419067
244.299637	-1110.180542	1249.439697
240.972809	-1108.431152	1250.031128
237.366226	-1106.594238	1249.925415
234.024612	-1104.844238	1249.985352
230.558258	-1102.579834	1250.0979
227.131348	-1100.741699	1250.395508
223.66806	-1098.899536	1250.430176
220.167313	-1096.968872	1250.43689
216.697449	-1094.887451	1250.491699
213.10936	-1093.002197	1250.529175
209.557175	-1091.03894	1250.547974
205.920822	-1088.82312	1250.556274
202.408051	-1086.727783	1250.707764
198.719818	-1084.525879	1250.640747
195.19696	-1082.214844	1250.606812
191.442566	-1079.404175	1250.575684
187.721954	-1077.0896	1250.274658
183.955231	-1074.539185	1250.216797
180.053299	-1072.167969	1249.63208
176.287003	-1069.52478	1249.569702
172.261414	-1066.915771	1248.635742
168.383133	-1064.070435	1248.590332
164.216034	-1061.400269	1247.592163
160.050247	-1058.63855	1247.082153
155.991272	-1055.812866	1246.28894
151.705795	-1052.944336	1245.760742
147.562881	-1050.144287	1244.940796
143.132584	-1047.305176	1243.957764
138.704697	-1044.514282	1242.704224
134.219818	-1041.69165	1242.072876
129.746399	-1038.842896	1240.802124
124.98304	-1036.069946	1240.276367
120.725807	-1033.450928	1238.841431
116.212799	-1030.911499	1238.157227
111.727432	-1028.498169	1236.67041
107.182556	-1026.062012	1235.600952
102.764389	-1023.867371	1234.657959
98.299004	-1021.661926	1233.530151
93.867676	-1019.554077	1232.436279
89.582954	-1017.70752	1231.2948
85.377922	-1015.785217	1230.432739
81.147102	-1014.0672	1229.550171
76.933929	-1012.20459	1228.396484
72.843323	-1010.639099	1227.380493
68.638367	-1009.214233	1226.504883
64.81543	-1007.781372	1225.595459
60.919041	-1006.496765	1224.481812
57.27459	-1005.318909	1223.377686
53.595654	-1004.13562	1222.550171
49.842934	-1002.904846	1221.889038
46.262249	-1001.955444	1220.884888
42.937843	-1001.202454	1220.227661
39.614086	-1000.426453	1219.310059
36.40361	-999.73291	1218.620483
33.286358	-999.303528	1217.758423
30.036957	-998.555664	1217.110107
26.982052	-998.242126	1216.364258
24.107086	-997.884277	1215.46814
21.270851	-997.323425	1215.358398
18.490976	-996.9729	1214.649414
15.79295	-996.696106	1214.198486
13.064708	-996.359863	1213.593628
10.523001	-996.081482	1213.429199
7.97227	-995.83905	1212.80249
5.500386	-995.678772	1212.617554
3.117317	-995.599731	1212.194702
0.810233	-995.253052	1211.778564
-1.423636	-995.154541	1211.723999
-3.715475	-994.998962	1211.104858
-5.728016	-994.99176	1211.155884
-7.879799	-994.946838	1210.553711
-9.992108	-994.653687	1210.403687
-11.983523	-994.530823	1209.923706
-13.719656	-994.568665	1209.895874
-15.649396	-994.349243	1209.368286
-17.526476	-994.419983	1209.478882
-19.183475	-994.333984	1209.248657
-20.996689	-994.475098	1208.705933
-22.591051	-994.175537	1208.687012
-24.16065	-994.28479	1208.611572
-25.988115	-994.113464	1208.567871
-27.284801	-994.262024	1208.2677
-28.826811	-994.24353	1207.828003
-30.222233	-994.191772	1207.932983
-31.606119	-994.261047	1208.03186
-33.055489	-994.248718	1207.468262
-34.21117	-994.038208	1207.562744
-35.633732	-994.379517	1207.435547
-36.997375	-994.162598	1207.530396
-38.334911	-994.088806	1207.507812
-39.927708	-994.144287	1207.481079
-41.080368	-994.365051	1206.922485
-42.240318	-994.292725	1207.003906
-43.583935	-994.36322	1206.550903
-44.755455	-994.262573	1206.737549
-45.889061	-994.283691	1206.618042
-47.040951	-994.445435	1206.244629
-48.120155	-994.291992	1206.097656
-48.973995	-994.348572	1205.961304
-50.336273	-994.250122	1205.906006
-51.090267	-994.488464	1205.634277
-52.300072	-994.553711	1205.501221
-53.347916	-994.457092	1205.443481
-54.474304	-994.883545	1205.234131
-55.497803	-995.019714	1204.872681
-56.309086	-995.150513	1204.742554
-57.452248	-995.177185	1204.634155
-58.560658	-995.362305	1204.565918
-59.863567	-995.388672	1204.678955
-60.590351	-995.357178	1204.718872
-61.462433	-995.594116	1204.66272
-62.305931	-995.720459	1204.714966
-63.421085	-996.115845	1204.547241
-64.169853	-996.301392	1204.352539
-64.905815	-996.362915	1204.41333
-65.23777	-996.472534	1204.331787
-66.077118	-996.436462	1204.446045
-66.369263	-996.7052	1204.49585
-67.247078	-997.050049	1204.289673
-67.362709	-996.949036	1204.370117
-67.865311	-996.997192	1204.379883
-68.159378	-997.142944	1204.259644
-68.547577	-997.27002	1204.331299
-68.916183	-997.288452	1204.370728
-68.916183	-997.288452	1204.370728
-69.085358	-997.471558	1204.011841
-69.400261	-997.5	1203.982666
-69.412476	-997.498779	1203.821411
-69.436485	-997.577576	1203.902344
-69.436485	-997.577576	1203.902344
-69.436485	-997.577576	1203.902344
-69.449203	-997.524536	1203.982544
-69.417091	-997.52179	1203.888916
-69.345818	-997.721497	1203.796997
-69.364197	-997.820068	1203.749756
-69.017265	-997.859558	1203.837646
-68.896538	-997.858215	1203.823975
-68.453781	-997.915344	1203.786499
-68.200554	-997.950867	1203.753052
-67.880127	-997.984741	1203.831299
-67.45948	-997.976562	1203.930664
-66.895615	-998.113586	1203.794067
-66.340714	-998.166565	1203.925171
-65.92984	-998.343689	1203.974365
-65.254814	-998.397705	1204.009888
-64.862167	-998.595581	1204.022949
-63.95369	-998.656372	1204.391968
-63.276981	-998.609985	1204.54126
-62.381443	-998.849121	1205.079102
-61.547054	-998.852112	1205.334961
-60.719139	-999.118591	1205.469482
-59.770252	-999.309021	1205.848511
-58.617874	-999.386841	1206.494141
-57.59774	-999.555969	1206.565308
-56.335239	-999.596619	1207.114746
-55.128429	-999.974426	1207.414185
-53.864174	-999.930664	1208.31543
-52.312881	-1000.142334	1208.696045
-50.799278	-1000.443298	1209.283569
-49.397488	-1000.749512	1209.872437
-47.814354	-1001.069153	1210.276367
-45.907276	-1001.148071	1211.027466
-44.124084	-1001.540344	1211.720825
-41.613743	-1001.595154	1212.433105
-39.500286	-1001.757935	1213.631226
-37.191914	-1002.013794	1213.976318
-34.792294	-1002.265137	1215.038818
-32.2435	-1002.621216	1215.788208
-29.566946	-1002.916199	1216.429932
-26.499224	-1003.156677	1217.170776
-23.463682	-1003.649109	1217.877319
-19.907166	-1004.247681	1218.441284
-16.868153	-1004.924927	1219.031128
-13.149256	-1005.341797	1219.541992
-9.403469	-1005.913757	1220.555664
-5.319381	-1006.42511	1221.191772
-1.150445	-1007.135498	1222.174194
3.15163	-1007.60614	1223.348755
7.499979	-1008.495667	1224.157104
12.002442	-1009.414185	1224.771973
16.508549	-1010.402405	1225.680664
21.037306	-1011.476624	1226.313965
25.711731	-1012.686096	1227.299805
30.29501	-1013.822266	1227.789185
35.175892	-1015.451904	1228.660034
39.985538	-1016.866089	1229.286743
44.919621	-1018.726868	1230.164429
49.634167	-1020.245056	1230.842896
54.33638	-1022.03302	1231.845215
59.057007	-1023.89093	1232.484253
63.776676	-1025.753784	1233.461792
68.253754	-1027.727905	1234.127319
72.840439	-1029.665649	1235.071655
77.204292	-1031.686401	1235.612061
81.42926	-1033.85022	1236.485718
85.776489	-1035.763672	1237.442627
89.708031	-1037.779175	1237.980347
93.832481	-1039.807739	1239.047852
97.871315	-1041.837158	1239.479126
101.838196	-1043.919434	1240.375977
105.875282	-1045.951294	1241.097656
109.730705	-1047.938721	1241.791992
113.568901	-1050.11731	1242.29187
117.468102	-1052.082764	1243.159302
121.079071	-1054.243408	1243.546021
124.820251	-1056.430176	1244.605835
128.753189	-1058.547119	1245.508179
132.248718	-1060.714478	1246.006104
135.802002	-1062.863525	1246.47644
139.295197	-1064.990112	1247.379395
142.745865	-1067.194458	1248.099243
146.22998	-1069.415894	1248.789062
149.679932	-1071.755249	1249.442383
153.117676	-1073.898804	1250.299805
156.452362	-1076.314941	1250.900391
159.813583	-1078.604126	1251.806519
163.152328	-1081.016968	1252.450195
166.479691	-1083.425049	1253.087036
169.709229	-1085.743042	1253.983765
173.014526	-1088.368774	1254.860962
176.263336	-1090.796509	1255.424927
179.549774	-1093.354126	1256.194458
182.699448	-1095.771362	1256.764771
185.845337	-1098.420044	1257.771606
188.762527	-1101.247192	1258.650513
191.750595	-1103.835571	1259.177124
194.779327	-1106.598145	1260.087769
197.669067	-1109.221313	1260.898071
200.505676	-1111.88916	1261.529907
203.363617	-1114.593018	1262.514038
206.032227	-1117.418091	1262.706421
208.791641	-1120.178345	1263.898438
211.344559	-1122.783813	1264.720459
213.940247	-1125.350586	1265.419922
216.524551	-1128.045776	1266.074829
219.008698	-1130.538818	1266.831299
221.578232	-1133.224365	1267.541138
223.953094	-1135.62915	1268.106201
226.346527	-1138.169556	1269.046509
228.700806	-1140.745605	1269.87561
231.022018	-1143.065063	1269.967773
233.326035	-1145.606201	1270.720093
235.626999	-1147.977417	1271.562134
238.007706	-1150.482056	1272.35022
240.328232	-1152.827515	1272.873169
242.570877	-1154.986816	1273.169312
244.796387	-1157.309692	1273.670044
246.991516	-1159.603149	1274.01416
249.144638	-1161.859985	1274.575317
251.433807	-1164.027466	1274.812256
253.732422	-1166.317993	1275.348633
255.877838	-1168.499268	1275.618286
257.989136	-1170.647705	1275.978394
260.081879	-1172.846802	1276.383667
262.34198	-1175.131592	1277.005859
264.406128	-1177.371582	1277.165039
266.284821	-1179.968506	1277.006836
268.38382	-1181.985107	1277.588501
270.298218	-1184.241577	1277.744995
272.394928	-1186.339233	1277.936768
274.301361	-1188.374878	1278.329956
276.025665	-1190.631348	1278.476562
278.049316	-1192.672363	1278.628784
279.653748	-1194.781372	1279.092896
281.393921	-1196.884521	1279.135864
283.026978	-1198.998169	1279.390747
284.723236	-1201.029541	1279.541748
286.145264	-1203.129761	1279.752563
287.656219	-1205.193604	1279.782959
289.15448	-1207.093506	1280.215942
290.394073	-1208.910645	1280.547852
291.788025	-1210.6875	1280.754028
292.880127	-1212.579468	1281.362183
294.038849	-1214.393066	1281.476318
295.145233	-1216.26001	1281.825806
296.27478	-1217.994629	1282.043701
297.148407	-1219.712891	1282.626465
298.262634	-1221.592163	1282.630493
299.177887	-1223.340454	1283.252686
299.925964	-1225.000366	1283.512329
300.711121	-1226.780396	1284.064331
301.443207	-1228.534668	1284.326538
302.221436	-1230.178101	1284.672363
302.894989	-1231.912964	1284.88269
303.304047	-1233.849243	1285.41626
304.070435	-1235.462158	1285.546021
304.446533	-1237.317017	1285.978638
305.112854	-1238.857544	1285.989868
305.250275	-1240.660156	1286.77832
305.86441	-1242.234985	1286.750977
306.139801	-1243.859863	1287.032837
306.582764	-1245.447998	1287.453247
306.892334	-1247.108276	1287.766113
307.319733	-1248.622192	1287.662964
307.553833	-1250.281616	1288.083862
307.863403	-1251.979248	1288.337769
308.325195	-1253.393677	1288.406006
308.656921	-1254.93811	1288.383545
309.210632	-1256.432007	1288.30481
309.779419	-1257.790527	1288.348633
310.052063	-1259.041382	1288.789551
310.611938	-1260.335205	1288.347656
310.912079	-1261.452148	1288.472778
311.716278	-1262.387939	1288.380371
312.349396	-1263.200317	1288.374146
312.881409	-1264.002686	1288.187866
313.396759	-1264.828369	1288.154297
313.95224	-1265.543579	1288.144043
314.643463	-1265.859497	1288.199341
315.201477	-1266.19751	1288.193726
315.545898	-1266.779541	1288.474365
316.185425	-1267.254272	1288.24707
316.456879	-1267.570679	1288.153076
316.960693	-1267.833008	1288.058105
317.199036	-1267.950806	1288.220703
317.821594	-1267.984619	1288.180786
317.931213	-1267.974365	1288.078125
318.29248	-1268.119385	1288.083984
318.261841	-1268.111694	1288.103027
318.535858	-1268.17981	1287.521973
318.565826	-1268.245483	1287.587891
318.539673	-1267.962402	1287.644409
318.543488	-1267.941284	1287.661377
318.484741	-1267.808716	1287.706299
318.494843	-1267.694458	1287.709473
318.627258	-1267.073242	1287.266602
318.577271	-1266.939575	1287.35791
318.602325	-1266.525757	1287.369751
318.449402	-1266.305664	1287.176514
318.165161	-1265.869873	1287.105957
317.939087	-1265.752686	1287.152832
317.482605	-1265.145386	1287.034302
317.249939	-1265.065186	1287.111084
316.968567	-1264.34668	1286.761719
316.501038	-1264.273438	1286.81311
316.230286	-1263.449951	1286.614136
315.611572	-1263.157349	1286.784302
315.423737	-1262.386353	1286.641235
314.776672	-1262.06958	1286.786011
314.558838	-1261.169189	1286.873901
313.74411	-1260.452271	1287.24939
313.467072	-1259.70459	1287.367798
312.730865	-1258.70752	1287.486816
312.360626	-1257.884399	1287.711426
311.699219	-1256.624512	1287.647827
311.195923	-1255.60144	1288.228271
310.750275	-1254.399414	1288.156128
310.106659	-1253.311646	1288.273315
309.511414	-1251.871094	1288.54126
308.820312	-1250.383667	1288.647217
308.07135	-1248.963257	1288.653564
307.7034	-1247.27417	1288.859131
306.911163	-1245.562378	1288.73291
306.692657	-1243.628662	1288.751587
305.89325	-1241.903687	1289.011597
305.288055	-1240.109009	1289.131104
304.558014	-1238.268188	1289.160889
304.008362	-1236.096558	1289.132935
303.338745	-1233.925293	1289.173584
302.734314	-1231.492432	1289.059692
302.063782	-1229.238892	1288.943237
301.339722	-1226.657593	1289.043579
300.618927	-1224.153076	1288.92395
299.551392	-1221.420776	1288.709473
298.659821	-1219.015991	1288.49231
297.743408	-1216.38623	1288.131714
296.547882	-1213.858032	1288.422607
295.591797	-1211.274414	1288.322266
294.28064	-1208.828491	1288.352783
293.092255	-1206.157349	1287.919556
291.601379	-1203.645752	1287.90625
290.223663	-1201.198608	1287.67749
288.699677	-1198.872681	1287.571167
287.164429	-1196.349243	1287.452148
285.517059	-1194.031006	1287.039307
283.850189	-1191.790527	1287.077515
282.060638	-1189.676514	1286.948975
280.239075	-1187.370728	1286.957764
278.425568	-1185.079468	1286.831543
276.458618	-1182.880859	1286.656372
274.483215	-1180.825317	1286.351562
272.398651	-1179.078613	1286.519043
270.128723	-1177.381958	1286.437622
267.975739	-1175.856689	1286.436646
265.76532	-1174.531738	1286.380981
263.559509	-1172.768555	1286.498535
261.311676	-1171.338501	1286.480103
259.07254	-1170.103394	1286.507446
256.860992	-1168.668701	1286.661011
254.580322	-1167.616211	1286.604614
252.280762	-1166.33313	1286.583496
249.960922	-1165.301758	1286.848511
247.643417	-1164.076782	1286.815796
245.242889	-1163.113647	1286.897583
242.823288	-1162.042603	1286.930298
240.486328	-1161.087524	1287.139648
238.077118	-1160.122559	1287.264282
235.704865	-1159.213989	1287.619751
233.255295	-1158.101685	1287.635376
230.72998	-1157.199951	1287.764038
228.366486	-1155.986694	1287.715088
225.976456	-1154.992188	1287.727051
223.508377	-1153.773193	1287.654785
221.078308	-1152.579712	1287.608276
218.63031	-1151.195435	1287.458008
216.121201	-1150.103516	1287.446045
213.607376	-1148.597168	1287.361328
211.137329	-1147.361938	1287.04834
208.572205	-1145.640625	1286.830322
205.875732	-1144.197754	1286.446655
203.226608	-1142.509644	1286.140015
200.584778	-1140.863647	1285.709473
197.828186	-1139.159668	1285.618164
194.945114	-1137.464233	1285.028809
192.328766	-1135.712402	1284.697266
189.737427	-1134.005371	1284.314087
186.906281	-1132.302856	1284.00061
184.167221	-1130.711548	1282.729004
181.735703	-1129.213257	1282.420654
179.295258	-1127.807495	1281.532837
176.906082	-1126.099609	1280.816406
174.642731	-1124.823853	1280.114014
172.412918	-1123.120361	1279.302002
170.187851	-1121.552734	1278.392944
168.103012	-1120.125977	1277.743286
165.811066	-1118.398438	1276.744629
163.805573	-1116.948853	1275.91333
161.272858	-1115.269165	1275.14917
159.017639	-1113.699951	1274.537964
156.307877	-1112.199097	1273.586792
153.745804	-1110.739502	1272.829834
151.242386	-1109.226562	1272.356323
148.674301	-1107.987183	1271.688599
145.983658	-1106.775269	1271.744141
143.334961	-1105.548218	1270.864502
140.674332	-1104.710205	1270.977295
138.047775	-1103.442383	1270.499023
135.284058	-1102.599731	1270.143799
132.563049	-1101.734619	1269.797852
129.75676	-1100.909546	1269.744629
126.983284	-1100.098389	1269.469116
124.206009	-1099.36145	1269.526489
121.383453	-1098.714478	1269.403564
118.528214	-1097.908936	1269.226074
115.690857	-1097.372314	1269.112549
112.718346	-1096.598877	1268.858643
110.035202	-1096.154053	1268.998535
107.12468	-1095.637207	1268.938721
104.238457	-1095.14502	1269.161865
101.120247	-1094.512207	1269.119141
98.297417	-1094.196899	1269.187866
95.254761	-1093.616211	1269.45752
92.251724	-1093.292847	1269.665283
89.036751	-1092.836426	1270.056641
86.118088	-1092.67395	1270.119629
83.096092	-1092.074463	1270.369629
80.070114	-1092.001709	1270.847168
77.041344	-1091.648926	1271.051392
74.016518	-1091.204346	1271.554443
71.002464	-1091.134521	1271.598145
68.143806	-1090.997559	1272.252686
65.108704	-1090.809082	1272.534668
62.23914	-1090.99353	1273.341064
59.555283	-1091.29126	1273.359375
56.774387	-1091.393555	1274.189331
54.139217	-1091.806763	1274.732544
51.48967	-1092.199219	1275.178345
49.09911	-1092.797485	1275.878052
46.747269	-1093.4198	1276.666382
44.457241	-1093.977173	1276.819214
42.362228	-1094.836304	1277.615356
40.447506	-1095.534302	1278.176025
38.769516	-1096.351929	1278.90918
36.998158	-1097.000854	1279.091431
35.431854	-1097.768433	1279.86792
33.830753	-1098.431152	1280.292725
32.473415	-1099.352905	1280.539307
31.262777	-1100.174683	1281.174194
30.002975	-1100.619385	1281.699585
28.784895	-1101.394775	1281.899902
27.725643	-1102.098999	1282.300293
26.631691	-1102.67981	1282.500977
25.715343	-1103.286865	1282.914673
25.044846	-1104.044556	1283.028809
24.244106	-1104.523193	1283.364136
23.278097	-1105.123901	1283.553589
22.628586	-1105.616455	1283.757812
22.096743	-1106.379761	1283.953247
21.35578	-1106.575073	1284.074097
21.079826	-1107.409302	1284.28772
20.317301	-1107.711914	1284.455444
20.303915	-1108.37561	1284.674316
19.753641	-1108.810425	1284.919556
19.51689	-1109.345825	1284.904907
19.576908	-1109.678345	1284.978516
19.363943	-1110.286499	1285.451538
19.237379	-1110.461182	1285.238159
19.21364	-1110.970825	1285.485962
19.31402	-1111.127441	1285.307007
19.32354	-1111.423584	1285.276978
19.228552	-1111.634644	1285.422241
19.608065	-1111.78772	1285.258301
19.821651	-1112.016479	1285.337524
20.187809	-1111.994629	1284.866333
20.733677	-1112.095337	1284.658203
21.051163	-1112.129028	1284.686646
21.609812	-1112.090942	1284.610229
22.123098	-1112.045044	1284.164429
22.983513	-1111.978027	1284.200928
23.430574	-1111.887451	1284.10791
24.215109	-1111.500122	1283.706787
24.829721	-1111.30127	1283.57959
25.331465	-1111.115723	1283.431274
26.138187	-1110.583862	1282.911743
26.929981	-1110.165405	1282.884155
27.772633	-1109.83728	1282.477051
28.474318	-1109.291504	1282.196411
29.348061	-1108.823242	1281.831421
30.048809	-1108.151978	1281.550903
30.890961	-1107.552124	1281.164795
31.402815	-1106.75769	1280.536011
32.417027	-1105.977905	1280.254517
33.240494	-1105.338867	1280.302246
33.981052	-1104.465332	1279.688843
34.883156	-1103.66394	1279.518188
35.649128	-1102.609863	1278.91333
36.539124	-1101.575806	1278.700073
37.460289	-1100.495972	1277.863281
38.221912	-1099.395142	1277.176392
39.274265	-1098.202881	1277.150757
40.166546	-1096.957397	1276.350464
40.682373	-1095.328735	1275.375
41.845074	-1093.87207	1274.843506
42.886536	-1092.412964	1273.934448
43.945629	-1090.671997	1273.053223
45.006611	-1088.925537	1272.141602
45.949051	-1087.232788	1271.324951
47.230038	-1085.223633	1270.326172
48.321186	-1083.28125	1269.301514
49.476833	-1081.141235	1268.038086
50.728649	-1078.869507	1266.761108
52.136238	-1076.678589	1265.491333
54.061207	-1074.495239	1263.938354
55.592308	-1072.119995	1262.442017
57.374043	-1069.933105	1260.757202
58.86253	-1067.655762	1258.961304
60.718025	-1065.117188	1257.158203
62.383396	-1062.730469	1255.382812
64.246994	-1060.17395	1253.103394
66.186127	-1057.710327	1251.134399
68.126022	-1055.273193	1248.877808
70.452194	-1052.947144	1246.480591
72.607506	-1050.546997	1244.149902
74.792671	-1048.136353	1241.596436
77.225525	-1045.787231	1239.22168
79.738258	-1043.664551	1236.598999
82.346291	-1041.59668	1234.129272
84.895302	-1039.611328	1231.607666
87.572472	-1037.69397	1229.161987
90.262321	-1035.77356	1226.655029
93.066536	-1033.892334	1224.308838
95.829239	-1032.106079	1221.743042
98.905556	-1030.371826	1219.561523
102.016899	-1028.450684	1217.258789
105.273079	-1026.834717	1214.972046
108.469131	-1025.073242	1212.584229
111.880775	-1023.430054	1210.087402
115.434258	-1021.924683	1207.524536
119.09848	-1020.333618	1204.955078
122.941116	-1018.86676	1202.379395
126.917305	-1017.469666	1200.119385
131.089996	-1016.248657	1197.667114
135.160294	-1014.934082	1195.138428
139.456451	-1013.917236	1192.718506
143.995056	-1012.786438	1190.297119
148.606583	-1011.876953	1187.772827
153.258575	-1010.992249	1185.170898
158.109467	-1010.419434	1182.461914
162.990402	-1009.770447	1179.85437
167.846573	-1009.479797	1177.268188
172.724457	-1008.963013	1175.015503
177.830368	-1009.097717	1172.677612
182.662354	-1009.013245	1170.515869
187.664154	-1009.032349	1168.514771
192.470261	-1009.026184	1166.443115
197.351028	-1009.180359	1164.416992
202.283661	-1009.88147	1162.342651
206.983246	-1010.027161	1160.361206
211.617935	-1010.127136	1158.441772
216.343842	-1010.774231	1156.387573
220.881256	-1011.03833	1154.772827
225.4897	-1011.60083	1153.036987
229.922165	-1011.870911	1151.525879
234.291931	-1012.421204	1149.736938
238.565903	-1012.800476	1148.16333
243.036377	-1013.310425	1146.665161
247.182571	-1013.769714	1145.047607
251.605637	-1014.585754	1143.490356
255.687729	-1015.192017	1141.923096
259.882812	-1015.684021	1140.437134
264.044189	-1016.413879	1138.991455
268.451569	-1017.455505	1137.569458
272.420319	-1017.979736	1136.138794
276.185974	-1018.52179	1134.776001
280.316803	-1019.136414	1133.423218
284.160858	-1020.104187	1131.923462
288.143799	-1020.779175	1130.482178
292.420471	-1022.056213	1129.153687
296.381042	-1022.736023	1127.727173
300.278503	-1023.87738	1126.348999
304.20401	-1024.727905	1124.830444
307.990631	-1025.821533	1123.47644
311.644104	-1026.659668	1121.760132
315.407532	-1027.883789	1120.241455
319.239075	-1028.427246	1118.787476
322.936279	-1029.74292	1117.127563
326.710205	-1030.891357	1115.384155
330.238068	-1031.867676	1113.504761
333.660736	-1033.014282	1111.467041
337.421692	-1034.146484	1109.519531
341.061432	-1035.364746	1107.609009
344.629944	-1036.414917	1105.417603
348.246552	-1037.63855	1103.393799
351.817261	-1039.290771	1101.22229
355.201111	-1040.577759	1098.793945
358.818726	-1041.803589	1096.639404
362.228882	-1043.249146	1094.242065
365.441437	-1044.760742	1091.744507
368.89743	-1046.056641	1089.338867
372.325958	-1047.570068	1086.822021
375.347168	-1049.271973	1084.055786
378.60022	-1051.060303	1081.315552
381.765167	-1052.653198	1078.442505
384.825195	-1054.230591	1075.581909
387.964569	-1055.853638	1072.80481
390.874695	-1057.422607	1070.016113
393.70462	-1059.231323	1067.10791
396.572601	-1060.629639	1064.357178
399.39151	-1062.418945	1061.672241
402.125092	-1064.24353	1058.699951
404.545837	-1065.994507	1055.870483
406.91684	-1067.841064	1052.976685
409.364716	-1069.533203	1050.214233
411.565948	-1071.131958	1047.55896
413.875488	-1072.897705	1045.271729
415.924927	-1074.214844	1043.07251
417.931305	-1075.864624	1040.987915
419.881744	-1077.286865	1039.258057
421.487488	-1078.720947	1037.39563
423.333099	-1079.873413	1036.004395
425.046204	-1081.666138	1034.583984
426.495605	-1082.862305	1033.359619
428.097015	-1084.002441	1032.25415
429.31424	-1085.289307	1031.422241
430.673065	-1086.030396	1030.59729
431.914429	-1087.13562	1030.080933
432.974548	-1087.947632	1029.681641
433.921204	-1088.606079	1028.92395
435.096985	-1089.259766	1028.904297
435.837677	-1089.971558	1028.719238
436.707245	-1090.721924	1028.490234
437.393005	-1091.084106	1028.346436
437.994995	-1091.658569	1028.255615
438.666443	-1092.006104	1028.280151
439.105774	-1092.282227	1028.303345
439.602631	-1092.901855	1028.497803
440.18985	-1093.107056	1028.651855
440.437134	-1093.498169	1029.016113
441.045319	-1093.735352	1029.516113
441.196228	-1094.105835	1029.760132
441.318054	-1094.255005	1030.201294
441.839874	-1094.361572	1030.532104
441.922241	-1094.799805	1031.22229
441.915131	-1094.829956	1031.416016
442.050873	-1094.86731	1031.972656
442.642639	-1094.783447	1032.767334
442.665253	-1094.956665	1033.226562
442.398407	-1095.259644	1033.604492
442.617004	-1095.30249	1034.363525
442.410095	-1095.442993	1034.592041
442.400757	-1095.428345	1035.320435
441.942413	-1095.386597	1035.7229
442.103333	-1095.371582	1036.403687
441.918121	-1095.410522	1036.830566
441.436707	-1095.362549	1037.210083
441.452148	-1095.266602	1037.489746
440.821808	-1095.432739	1037.952515
440.787323	-1094.768066	1038.349487
440.223846	-1094.54834	1038.527222
439.870178	-1094.240234	1038.99646
439.048157	-1093.915405	1039.177124
438.466553	-1093.563354	1039.387207
437.792694	-1093.053955	1039.535034
437.383514	-1092.52063	1039.922729
436.717926	-1091.770142	1040.19873
435.888306	-1091.272095	1040.183594
434.917725	-1090.727905	1040.117554
434.217224	-1089.75415	1040.686279
433.33432	-1089.018066	1040.61731
432.197052	-1088.147583	1040.650269
431.165619	-1087.366333	1040.844849
430.098419	-1086.130859	1040.82605
428.851471	-1085.211426	1040.888184
427.822632	-1084.032593	1041.070923
426.180206	-1082.552124	1041.210693
424.907867	-1081.473389	1041.152832
423.41745	-1080.161743	1041.108154
421.970947	-1078.861206	1041.273926
420.53775	-1077.654175	1041.284668
418.770691	-1076.179077	1041.217407
417.275818	-1074.894165	1041.430542
415.594055	-1073.113892	1041.734131
413.809814	-1071.859863	1041.682373
411.933502	-1070.251709	1041.775757
410.120209	-1069.025391	1041.89856
408.475006	-1067.457642	1042.141602
406.448944	-1065.867065	1042.396851
404.242035	-1064.370483	1042.360474
402.297699	-1062.692261	1042.524536
400.295135	-1061.142578	1042.783813
398.047485	-1059.649292	1042.946289
395.875946	-1058.083008	1043.049438
393.678864	-1056.520142	1043.509033
391.253265	-1054.880981	1043.507202
389.136169	-1053.191895	1043.831787
386.695862	-1051.793579	1044.00061
384.16571	-1050.129517	1044.446777
381.805573	-1048.749512	1044.64563
379.051727	-1046.956543	1044.871948
376.318512	-1045.569214	1044.89856
373.731689	-1043.589478	1045.142822
371.043365	-1041.964722	1045.471191
368.159698	-1040.133789	1045.571045
365.295715	-1038.235596	1045.788574
362.310394	-1036.438965	1045.925781
359.274902	-1034.768677	1045.829346
356.112366	-1032.979004	1046.085815
353.009979	-1031.099365	1046.19812
349.778015	-1029.612549	1046.348511
346.494812	-1027.707642	1046.335938
343.069366	-1025.795166	1046.385986
339.613007	-1023.938232	1046.482422
336.161743	-1022.057129	1046.597656
332.614075	-1019.960754	1046.79248
328.836029	-1018.411682	1046.669434
325.148804	-1016.417419	1046.693481
321.403687	-1014.644714	1046.615479
317.630341	-1012.895752	1046.584473
313.818024	-1011.016541	1046.59729
309.883606	-1009.23053	1046.574463
305.808014	-1007.389404	1046.613159
301.819122	-1005.665039	1046.619751
297.386902	-1003.506958	1046.657471
293.38092	-1001.770935	1046.654785
289.19931	-999.98877	1046.667847
285.139618	-998.315125	1046.664062
280.700073	-996.740479	1046.643555
276.525421	-995.007935	1046.666992
272.160919	-993.412659	1046.637939
267.874878	-991.544006	1046.719604
263.406128	-989.899414	1046.50293
258.782227	-988.149353	1046.565186
254.598282	-986.338623	1046.665161
249.926941	-985.228638	1046.355103
245.348129	-983.680176	1046.444214
240.913391	-982.532898	1046.38916
235.98111	-980.918823	1046.252075
231.42308	-979.726685	1046.299072
226.676102	-978.401428	1046.10022
222.049576	-977.255798	1046.051514
217.631256	-975.946167	1046.076782
212.884262	-974.771851	1046.157349
208.244675	-973.477844	1046.120972
203.567291	-972.43634	1046.24939
198.71698	-971.182617	1046.299194
194.306076	-970.093262	1046.580933
189.553589	-968.854797	1046.656372
184.768494	-967.837463	1046.67041
180.00589	-966.832581	1046.725708
175.423737	-966.045776	1046.869385
170.662308	-964.899292	1046.934937
165.96727	-964.129333	1046.934937
161.296982	-963.645996	1046.89978
156.583389	-962.647766	1046.922485
151.873886	-961.456787	1047.226685
147.123108	-960.615601	1047.2948
142.505508	-960.016785	1047.374023
137.58194	-958.692505	1047.540405
133.024811	-958.192688	1047.52771
128.415756	-957.537781	1047.569946
124.022591	-956.916992	1047.775269
119.425018	-956.660706	1047.749756
114.68576	-955.911926	1047.703491
110.335724	-955.703064	1047.655762
106.062698	-955.382019	1047.55188
101.608505	-955.16864	1047.471191
97.215454	-954.433044	1047.602661
92.697708	-954.178345	1047.602661
88.608246	-954.583252	1047.270752
84.518623	-954.404968	1047.215576
80.202866	-954.21167	1047.095459
76.054871	-953.875732	1046.983643
72.25811	-954.041138	1046.908569
67.844391	-953.426636	1046.942993
64.194969	-953.435059	1046.761353
60.137535	-953.373291	1046.532471
56.602707	-953.372498	1046.141602
52.712631	-953.425476	1046.043335
49.061146	-953.315063	1045.542969
45.533943	-953.289001	1045.129883
42.022388	-953.580933	1044.847656
38.825603	-953.487549	1044.474121
35.358086	-953.34137	1044.153076
32.438488	-953.713806	1043.579834
29.275753	-953.484863	1043.356201
26.428127	-954.092224	1042.647705
23.385118	-953.868225	1042.35022
20.845619	-954.109009	1041.850464
18.099354	-953.997986	1041.660767
15.840847	-954.339844	1041.197266
13.440227	-954.336792	1041.108398
11.426142	-954.333252	1041.032837
9.220328	-954.495422	1040.728516
7.287752	-954.898682	1040.461304
5.55241	-954.848633	1040.403564
3.781054	-955.100098	1040.026978
2.188804	-955.025818	1040.207275
0.96647	-955.367249	1040.05542
-0.583062	-955.429871	1040.229004
-1.677396	-955.519592	1040.089966
-2.750875	-955.532715	1040.421387
-3.509902	-955.911865	1040.57019
-4.485041	-956.195312	1040.684448
-5.155113	-956.153992	1041.381104
-5.834674	-956.503967	1041.500854
-6.016949	-956.276855	1042.233765
-6.372158	-956.633911	1042.927734
-6.611766	-957.009094	1043.317383
-7.196587	-956.761047	1044.164307
-7.299917	-957.015259	1044.964355
-7.360686	-956.958374	1045.926392
-7.552746	-957.359192	1046.766235
-7.373519	-957.321106	1047.96875
-7.431144	-957.446472	1049.110474
-7.399566	-957.501343	1050.181274
-7.248535	-957.598511	1051.471802
-7.101709	-958.032776	1052.650269
-7.013113	-958.097961	1053.986694
-6.919329	-958.12738	1055.490112
-6.349935	-958.56488	1056.825439
-6.339067	-958.744873	1058.284668
-5.608229	-958.837891	1059.855347
-5.409944	-959.575928	1061.250366
-4.908467	-959.55658	1062.90686
-4.554651	-960.0578	1064.318237
-3.860727	-960.43512	1066.039795
-3.728626	-960.533813	1067.666748
-2.590401	-961.039185	1069.411499
-2.291857	-961.307373	1071.194458
-1.460088	-962.088989	1072.702271
-0.71975	-962.154663	1074.823242
0.104219	-962.736633	1076.749268
0.815832	-962.995056	1078.824341
1.660868	-963.613037	1080.901245
2.639315	-964.171936	1082.97168
3.741965	-964.848145	1084.988037
4.652332	-965.478088	1087.22644
5.740442	-966.202698	1089.350342
6.748947	-966.715393	1091.858765
8.001525	-967.516907	1094.302002
9.19135	-967.911133	1096.802856
10.345491	-968.850281	1099.395874
11.769484	-969.570251	1101.972656
13.154084	-970.448303	1104.719727
14.554432	-971.255737	1107.405273
15.819585	-972.417847	1110.149536
17.497559	-973.340149	1112.874634
18.952835	-974.468079	1115.600098
20.509218	-975.55481	1118.484497
22.008438	-976.660095	1121.449951
23.683489	-977.97229	1124.303101
25.413727	-979.201965	1127.289795
27.104944	-980.601562	1130.234985
28.823559	-981.929565	1133.246704
30.931511	-983.475403	1136.32373
32.674397	-984.90625	1139.39856
34.4949	-986.500549	1142.44751
36.19257	-987.950378	1145.391235
38.127129	-989.545715	1148.443604
39.755234	-991.306396	1151.050903
41.743057	-992.880188	1154.273682
43.634712	-994.702881	1157.056152
45.60128	-996.477295	1160.043579
47.487011	-998.256531	1162.995728
49.454735	-1000.042419	1165.725708
51.455399	-1002.060242	1168.523804
53.429821	-1003.796753	1171.474731
55.604198	-1005.665405	1174.325439
57.674477	-1007.575012	1177.095825
59.726391	-1009.582153	1179.749023
61.815872	-1011.493652	1182.470459
63.834476	-1013.533997	1184.895508
65.950935	-1015.557861	1187.703491
68.047295	-1017.600769	1190.303955
70.302177	-1019.673889	1192.805298
72.474876	-1021.791382	1195.387573
74.582901	-1023.916321	1197.720703
76.858978	-1026.129761	1200.406982
79.087921	-1028.275513	1202.887573
81.43853	-1030.443848	1205.375
83.631302	-1032.710449	1207.696777
85.900818	-1035.101685	1210.236572
88.142281	-1037.442383	1212.797363
90.413925	-1039.864502	1215.215698
92.53936	-1042.323608	1217.577881
94.827888	-1044.881714	1220.017944
96.961494	-1047.397339	1222.346924
99.211037	-1050.123779	1224.845459
101.46389	-1052.891602	1227.27124
103.882706	-1055.742554	1229.744873
106.082832	-1058.647949	1232.142334
108.3638	-1061.514648	1234.452881
110.672592	-1064.671387	1236.916992
113.033707	-1067.546631	1239.707031
115.35788	-1070.753784	1241.991089
117.241531	-1073.719604	1244.570801
119.55648	-1077.028687	1246.600708
121.986076	-1080.331421	1248.941162
124.322998	-1083.639526	1250.904053
126.811119	-1086.922119	1252.895874
129.331406	-1090.246582	1254.82373
132.054108	-1093.726807	1256.893433
134.521286	-1097.056274	1258.189453
136.981415	-1100.171265	1259.737549
139.602371	-1103.408813	1261.238525
142.250168	-1106.585815	1262.573242
145.385254	-1109.952393	1263.743896
148.028687	-1112.971558	1265.088867
150.455994	-1115.78894	1266.21875
153.183029	-1118.936401	1267.446167
155.84668	-1121.968018	1268.477539
158.422424	-1125.015991	1269.420044
161.011734	-1128.107788	1270.47937
163.552826	-1131.161499	1271.303467
166.030914	-1134.201172	1272.215576
168.663071	-1137.479004	1273.290405
171.104813	-1140.681641	1274.000366
173.560211	-1143.961426	1275.042358
175.989441	-1147.250732	1275.740601
178.295258	-1150.59729	1276.736572
180.572556	-1153.961426	1277.528809
182.797333	-1157.267822	1278.330688
185.04216	-1160.747437	1279.248779
187.132584	-1164.204834	1280.056763
189.143982	-1167.598145	1280.896484
191.152969	-1171.079346	1281.58313
193.173477	-1174.463257	1282.31311
195.08252	-1177.92749	1283.011841
196.951553	-1181.352661	1283.738892
198.739502	-1184.812012	1284.410889
200.474884	-1188.042236	1284.800903
202.30545	-1191.38562	1285.580688
203.909348	-1194.668701	1286.226807
205.540726	-1197.783325	1286.716064
207.133926	-1200.848267	1287.202393
208.679062	-1203.762207	1287.47998
210.202286	-1206.685791	1288.11438
211.605515	-1209.479126	1288.281494
213.003693	-1212.190063	1289.059082
214.416351	-1214.631592	1289.088013
215.677216	-1217.120361	1289.451416
217.069733	-1219.532471	1289.616943
218.22081	-1221.787109	1289.978027
219.408203	-1223.904053	1290.154053
220.517426	-1226.01709	1290.269531
221.488342	-1227.985229	1290.684814
222.472488	-1229.718506	1290.7146
223.365601	-1231.427734	1290.809937
224.149551	-1233.002197	1290.916626
224.954666	-1234.380493	1290.986572
225.474716	-1235.923462	1291.484619
226.154434	-1237.247681	1291.687866
226.52774	-1238.496948	1291.751343
227.015244	-1239.870361	1292.119141
227.670181	-1241.173096	1292.046143
227.80368	-1242.151733	1292.271851
228.578354	-1243.33667	1292.600586
228.76004	-1244.424316	1292.708374
229.417953	-1245.425537	1292.859863
229.479156	-1246.238159	1292.92749
230.080612	-1247.269287	1293.009155
230.285614	-1248.046143	1293.292969
230.91922	-1248.782471	1293.06897
231.207047	-1249.479614	1293.357788
231.667282	-1249.817749	1293.141846
232.151825	-1250.509888	1293.328125
232.513748	-1250.856323	1293.297119
233.102005	-1251.469849	1293.370361
233.294861	-1251.526123	1293.319458
233.949982	-1251.824707	1293.331299
234.397141	-1252.0177	1293.196411
234.930344	-1252.377808	1293.128784
235.382339	-1252.247925	1293.102295
235.797424	-1252.344238	1293.054077
236.14093	-1252.294189	1292.911499
236.93219	-1252.165161	1292.869141
237.121353	-1251.959717	1292.794556
237.794006	-1251.153687	1292.516602
238.210632	-1250.846191	1292.409912
238.729156	-1250.401611	1292.260132
239.195282	-1249.53064	1291.748413
239.63179	-1249.061523	1291.866577
240.177078	-1248.150024	1291.490845
240.434601	-1247.002075	1291.111694
240.995712	-1246.557251	1291.190674
241.54538	-1245.430054	1290.503418
241.765518	-1244.395874	1290.590576
242.387161	-1243.113525	1289.912964
242.669724	-1241.955444	1289.709961
243.139664	-1240.859131	1289.226196
243.412674	-1239.410645	1289.281494
243.940079	-1238.231201	1288.71106
244.162582	-1236.926392	1288.296265
244.541916	-1235.471436	1287.917969
244.839523	-1234.098755	1287.440796
245.016174	-1232.839111	1287.102905
245.175522	-1231.192749	1286.619751
245.31665	-1229.762207	1286.227539
245.625778	-1228.558105	1286.006592
245.804642	-1226.857178	1285.348877
245.819275	-1225.382568	1284.839111
245.797806	-1223.944336	1284.854004
246.0961	-1222.651611	1284.236938
246.187775	-1220.998901	1283.772461
246.204941	-1219.58667	1283.648193
246.192947	-1217.905762	1282.904785
246.295105	-1216.076172	1282.163696
246.23291	-1214.536011	1281.994263
246.209534	-1212.735718	1281.027588
246.275223	-1210.910767	1280.512451
246.412048	-1209.233643	1280.115723
246.293839	-1207.279297	1279.127563
246.321564	-1205.294312	1278.615234
246.303757	-1203.379395	1278.195557
246.134766	-1201.226074	1277.411987
246.031174	-1199.213867	1276.993896
245.997757	-1196.984863	1276.029907
245.921219	-1194.772461	1275.404175
245.759216	-1192.509277	1274.526855
245.534515	-1190.139282	1273.87146
245.211517	-1187.692871	1273.007935
245.021881	-1185.121704	1272.154785
244.640091	-1182.584229	1271.521484
244.526443	-1179.913208	1270.539917
244.078522	-1177.072144	1269.836548
243.890457	-1174.308838	1268.755737
243.453445	-1171.315552	1267.695557
243.375931	-1168.29834	1266.455688
242.779449	-1165.030273	1265.377319
242.557327	-1161.961792	1263.942139
242.31488	-1158.590942	1262.47168
241.874878	-1155.153564	1260.964233
241.803528	-1151.705688	1259.174805
241.504425	-1148.230957	1257.418701
241.435959	-1144.656494	1255.499756
241.173981	-1140.873047	1253.364746
241.09938	-1137.133789	1250.37915
240.637405	-1133.300049	1247.870117
240.438065	-1129.51123	1245.005127
240.207794	-1125.645874	1242.414062
240.062729	-1121.893799	1239.512085
239.937119	-1118.061768	1236.544312
239.952179	-1114.9104	1233.434326
239.687119	-1111.321167	1230.436646
239.401123	-1107.591553	1227.284546
239.11763	-1104.345703	1224.10791
238.683655	-1100.763184	1221.027466
238.39241	-1097.394043	1217.872192
238.127609	-1094.203369	1214.615479
237.65239	-1091.017822	1211.466919
237.189423	-1087.916016	1208.269531
236.887772	-1085.035767	1205.353638
236.287338	-1081.984253	1202.099487
235.679016	-1079.015503	1199.277222
235.677032	-1076.651855	1196.706177
235.117661	-1073.957031	1193.778564
234.618973	-1071.260376	1190.710571
233.919922	-1068.631836	1187.848999
233.383636	-1066.015503	1184.847656
232.659378	-1063.678467	1181.878174
232.283768	-1061.342896	1179.081543
231.512848	-1058.948608	1176.338623
230.795212	-1056.793579	1173.686646
230.118759	-1054.377075	1171.049805
229.284409	-1052.181641	1168.581665
228.615173	-1049.809937	1166.055786
227.74472	-1047.845581	1163.449341
226.951141	-1045.625122	1160.893311
226.036453	-1043.736206	1158.167603
225.027725	-1041.579346	1155.388672
224.004013	-1039.522461	1152.812744
223.071503	-1037.666138	1150.224243
221.804413	-1035.503906	1147.563354
220.604065	-1033.347778	1145.28894
219.208145	-1031.26709	1142.768311
217.635391	-1029.324829	1140.145264
215.973389	-1027.205688	1137.633789
214.361343	-1025.127808	1135.237427
212.500275	-1023.027222	1132.586304
210.79657	-1020.965698	1130.218384
208.798248	-1018.843262	1127.591431
206.833084	-1016.811523	1124.805176
204.771133	-1014.657654	1122.269165
202.739609	-1012.635193	1119.632324
200.774231	-1010.947693	1117.153198
198.499512	-1008.731384	1114.300903
196.313782	-1006.817261	1111.618896
194.123367	-1004.962341	1108.845703
191.742157	-1003.095276	1105.957397
189.441666	-1001.188904	1103.100952
187.038071	-999.878601	1100.249023
184.786682	-998.40094	1097.313477
182.385132	-996.744873	1094.580688
180.0513	-995.210388	1091.889404
177.582367	-993.596375	1089.367188
175.165436	-992.120972	1086.789307
172.593842	-990.606567	1084.337402
170.16806	-989.226746	1081.977051
167.663284	-988.155457	1079.718506
165.121017	-986.862732	1077.553101
162.747971	-985.827393	1075.932983
160.420059	-984.83136	1074.252197
157.934082	-983.805847	1072.805908
155.385742	-982.724731	1071.428589
152.808197	-981.723022	1070.137817
150.317673	-980.731506	1069.32959
147.834732	-979.86554	1068.741699
145.47644	-979.055115	1068.279175
142.831711	-978.551208	1067.706421
140.436279	-977.8703	1067.826294
138.009399	-977.375305	1067.532959
135.412338	-977.001404	1067.639893
132.836151	-976.094727	1067.792236
130.255005	-975.993469	1067.995239
127.696014	-975.30127	1068.201172
125.249321	-974.997253	1069.01123
122.584038	-974.466858	1069.86145
120.180817	-974.234192	1070.647705
117.601112	-973.87146	1071.599365
115.012093	-973.75238	1072.518188
112.469719	-973.364624	1073.574585
109.979668	-973.34845	1074.584351
107.559868	-973.06781	1075.713989
104.96373	-973.06134	1076.706909
102.428268	-972.798889	1077.925537
99.772781	-972.355774	1079.237183
97.329422	-971.547852	1080.888916
94.770599	-971.649475	1081.919556
92.358376	-971.663574	1083.153564
89.765984	-971.586487	1084.21106
87.396881	-971.635132	1085.498169
84.639763	-971.568787	1086.416016
82.393074	-971.716675	1087.729004
79.881729	-971.71759	1088.887085
77.376419	-971.813538	1089.787354
74.700439	-971.929565	1090.764526
72.264748	-971.882263	1091.983276
69.681564	-972.117371	1092.894531
67.144836	-972.303772	1093.776733
64.609077	-972.327209	1094.971313
61.877457	-972.500549	1095.828003
59.211853	-972.477417	1096.785889
56.650734	-972.629822	1097.98938
53.844746	-972.547546	1098.876343
50.903965	-972.622131	1099.949097
47.852093	-972.645081	1100.791504
44.887234	-972.892029	1101.545532
41.667484	-973.052612	1102.701538
37.992035	-972.858032	1103.387939
34.660339	-972.964111	1104.255005
31.50771	-973.300171	1105.228394
27.758793	-973.1828	1105.962524
24.192358	-973.427856	1106.740845
20.694841	-973.675598	1107.346802
17.265505	-973.834412	1108.401245
13.586651	-974.123413	1109.011719
10.117188	-974.545715	1109.956909
6.403147	-974.887024	1110.809448
2.993157	-975.418823	1111.627563
-0.600825	-975.469604	1112.854004
-4.082707	-976.073975	1113.945312
-7.72648	-976.589111	1114.914551
-11.14604	-977.105347	1116.169678
-14.539682	-977.869385	1117.305786
-17.643759	-978.665466	1118.653198
-20.804844	-979.492676	1119.601807
-23.823544	-980.322876	1120.87146
-26.925583	-980.974365	1122.166626
-29.612598	-982.084351	1123.65918
-32.265163	-982.9823	1125.032227
-34.856628	-983.929382	1126.692505
-37.493553	-985.022217	1128.277588
-39.750618	-986.088257	1129.822998
-42.021229	-987.09436	1131.427002
-44.086388	-988.235229	1133.219238
-46.122593	-989.301025	1134.821899
-48.084305	-990.448425	1136.463379
-49.820446	-991.460266	1138.1427
-51.532131	-992.630859	1140.197754
-53.225765	-993.792908	1141.899536
-54.919601	-994.923706	1143.688965
-56.354855	-996.249634	1145.418579
-57.987442	-997.375549	1147.343628
-59.104553	-998.617004	1149.383423
-60.800549	-999.720032	1151.067261
-61.909954	-1001.190369	1152.796631
-63.022423	-1002.401489	1154.766479
-64.35923	-1003.774048	1156.789795
-65.258583	-1005.105347	1158.683716
-66.510712	-1006.557556	1160.73291
-67.627861	-1008.00293	1162.750122
-68.495438	-1009.725464	1164.660034
-70.170975	-1010.971863	1166.890381
-71.020775	-1012.726379	1168.871582
-72.42028	-1014.286682	1171.217529
-73.387421	-1016.128357	1173.31311
-74.271736	-1017.953735	1175.631714
-74.804413	-1019.776978	1178.039551
-75.544373	-1021.672546	1180.567627
-75.808067	-1023.412537	1183.260498
-76.242348	-1025.291382	1185.964966
-76.247383	-1027.325806	1188.499512
-76.38047	-1029.361816	1190.958618
-76.28363	-1031.368042	1193.697998
-76.513565	-1033.20105	1196.358398
-76.345482	-1035.264038	1198.943359
-75.74501	-1037.412842	1201.816772
-75.426231	-1039.438477	1204.368286
-74.645081	-1041.550781	1206.79834
-73.913193	-1043.671509	1209.470215
-73.090012	-1045.830322	1212.259033
-72.160942	-1047.957764	1214.563232
-71.064377	-1050.242798	1217.120728
-69.931503	-1052.442505	1219.70752
-68.711662	-1054.602417	1222.308594
-67.121788	-1056.902954	1224.675781
-65.959793	-1058.891968	1227.564941
-64.467911	-1061.15564	1229.847534
-62.856743	-1063.523682	1232.069702
-61.24242	-1065.622559	1234.595459
-59.422607	-1067.908569	1236.687622
-57.678154	-1070.128784	1239.052368
-55.637501	-1072.433228	1241.352539
-53.5117	-1074.746704	1243.471436
-51.454971	-1077.030518	1245.664429
-49.239452	-1079.247681	1247.62915
-46.788811	-1081.422729	1249.791138
-44.469818	-1083.519409	1251.870117
-41.963818	-1085.677856	1253.603271
-39.373505	-1087.761719	1255.538452
-36.764584	-1089.699097	1257.177002
-34.190205	-1091.760742	1258.958008
-31.494389	-1093.808716	1260.708252
-28.819752	-1095.705322	1262.290649
-26.199144	-1097.708618	1263.74585
-23.446848	-1099.691284	1265.480713
-20.800186	-1101.703735	1267.029541
-18.240318	-1103.699829	1268.477539
-15.74874	-1105.825073	1269.88855
-13.321061	-1107.826782	1271.361206
-10.811728	-1110.048584	1272.911011
-8.475288	-1112.248657	1274.356445
-5.883435	-1114.508667	1275.922974
-3.23573	-1117.017944	1277.554932
-0.491283	-1119.454102	1278.973145
2.170084	-1122.105835	1280.629639
4.891197	-1124.687134	1282.132324
7.564045	-1127.532837	1283.479126
10.309009	-1130.272095	1285.010742
13.085669	-1133.067383	1286.387207
15.767349	-1135.827393	1287.846924
18.637522	-1138.545166	1289.410767
21.351522	-1141.203857	1290.703003
24.439638	-1143.966431	1292.028809
27.183861	-1146.574951	1293.55542
30.184538	-1149.052734	1294.637329
33.140244	-1151.677246	1295.958984
36.205471	-1154.085449	1297.254639
39.125263	-1156.40918	1298.048218
42.225483	-1158.721313	1299.254639
44.970539	-1160.947754	1299.811401
48.10276	-1163.099976	1300.622192
51.144672	-1165.202393	1301.536987
54.303967	-1167.070557	1302.091309
57.355434	-1169.153076	1303.025146
60.671448	-1171.004395	1303.381348
63.879433	-1172.955566	1304.21582
67.038101	-1174.784546	1304.188477
70.524582	-1176.807129	1305.157471
73.730148	-1178.554077	1305.345215
76.893837	-1180.453491	1305.643433
80.24572	-1182.130615	1305.982788
83.505829	-1183.894775	1305.790649
86.854607	-1185.744751	1306.338013
90.291718	-1187.453613	1306.240479
93.604019	-1189.218262	1306.044067
97.073746	-1190.895996	1306.113892
100.555435	-1192.689575	1305.85376
103.930122	-1194.441528	1305.609497
107.52002	-1196.459595	1305.503174
110.907143	-1198.116089	1305.139282
114.583145	-1200.165405	1304.890991
117.918526	-1202.071899	1304.872437
121.305176	-1203.600098	1304.197876
124.964996	-1205.536987	1303.77478
128.352478	-1207.294189	1303.062866
131.942474	-1209.329712	1303.187378
135.244995	-1210.994873	1302.404419
138.355286	-1212.492432	1301.901733
141.709259	-1214.393799	1301.490723
145.028717	-1216.17041	1301.195435
148.246048	-1217.859619	1300.372681
151.349426	-1219.403809	1299.552002
154.504532	-1221.180298	1299.122192
157.64032	-1222.840088	1298.47229
160.606873	-1224.685303	1298.020386
163.576233	-1226.115845	1297.280151
166.561584	-1227.748657	1296.875244
169.472626	-1229.109009	1296.069824
172.338333	-1230.671509	1295.264282
175.207825	-1232.23938	1295.050049
177.950394	-1233.593628	1294.15979
180.731216	-1235.017456	1293.400879
183.420288	-1236.591309	1292.783569
185.998184	-1237.762085	1291.991455
188.633209	-1239.079712	1291.329712
191.103104	-1240.319946	1290.589478
193.750275	-1241.624146	1290.102661
196.208923	-1242.829712	1289.332031
198.640198	-1244.025635	1288.844238
200.987991	-1245.110474	1287.644897
203.356186	-1246.097656	1287.106201
205.780579	-1247.252319	1286.281494
208.207596	-1248.275146	1285.709473
210.489975	-1248.973145	1284.907837
212.696106	-1249.880615	1284.09668
215.03363	-1250.549561	1283.197754
217.306061	-1251.431274	1282.411987
219.581161	-1251.739624	1281.680054
221.819077	-1252.18042	1280.670532
224.095062	-1252.760498	1279.879272
226.26651	-1253.011719	1278.826416
228.702667	-1253.387085	1277.860107
230.962738	-1253.692383	1276.872925
233.251495	-1253.803345	1275.800171
235.555115	-1254.125244	1274.811646
237.760117	-1254.247681	1273.803467
240.147308	-1254.208008	1272.683838
242.420746	-1254.206421	1271.822266
244.761398	-1254.194214	1270.424927
247.114685	-1254.194336	1269.35791
249.520325	-1254.103638	1267.984985
251.7966	-1254.201538	1266.740356
254.301117	-1254.137817	1265.227905
256.694519	-1254.140259	1264.016113
259.080017	-1253.967041	1262.505005
261.462219	-1254.055054	1261.239014
263.672577	-1254.04895	1259.415283
265.98172	-1254.113281	1257.854858
268.111511	-1254.213379	1256.369751
270.400024	-1254.671265	1254.800903
272.596619	-1254.851196	1253.3573
274.664062	-1255.454346	1251.664062
276.787476	-1255.546997	1250.09668
278.646118	-1256.440552	1248.71106
280.680298	-1256.782715	1247.390259
282.439301	-1257.682739	1246.140015
284.279663	-1257.94519	1245.031982
285.94809	-1258.636353	1243.75354
287.762329	-1258.92749	1242.991577
289.307831	-1259.418579	1241.784058
290.947601	-1259.876343	1240.896851
292.392029	-1260.461914	1239.881226
293.802612	-1261.031982	1238.838745
295.426025	-1261.431885	1237.950684
296.953827	-1261.619141	1237.091309
298.512604	-1261.823975	1236.213989
300.056458	-1261.776245	1235.536255
301.632385	-1262.083252	1234.770386
303.326782	-1262.260986	1233.641724
304.96521	-1262.326782	1233.342529
306.571869	-1262.122925	1232.344116
308.18985	-1262.091919	1231.4104
309.959534	-1261.513794	1230.446411
311.631165	-1261.501587	1229.731812
313.342102	-1260.737183	1228.533936
315.231262	-1260.448364	1227.601074
317.149841	-1259.785522	1226.631714
318.98053	-1258.923218	1225.140625
321.032227	-1258.149292	1223.994629
322.99823	-1257.312012	1222.647095
325.014252	-1256.337036	1221.287231
327.106506	-1255.259155	1219.875488
329.182739	-1254.266602	1218.448242
331.196594	-1253.016846	1216.794067
333.356934	-1251.825928	1215.128906
335.426849	-1250.568848	1213.363525
337.617859	-1249.135986	1211.510864
339.844543	-1247.713013	1209.56189
342.018829	-1246.179688	1207.608276
344.267365	-1244.612915	1205.654297
346.469116	-1242.936523	1203.469238
348.784943	-1241.0448	1201.435669
350.999939	-1239.034302	1199.164307
353.283478	-1236.962158	1197.023438
355.490082	-1234.780518	1194.533936
357.661835	-1232.684692	1192.303223
359.776886	-1230.577271	1189.75708
361.76358	-1228.210327	1187.282104
363.863647	-1226.109497	1184.927368
365.863251	-1223.7052	1182.578125
367.699463	-1221.687134	1180.066162
369.575958	-1219.159912	1177.509399
371.381653	-1216.520874	1174.957153
373.115845	-1213.954834	1172.213867
374.700836	-1211.26001	1169.62146
376.175568	-1208.598755	1166.674316
377.673431	-1205.827881	1163.85791
379.025635	-1202.548462	1160.927002
380.345886	-1199.643188	1158.032837
381.402283	-1196.739624	1155.244507
382.59436	-1193.929443	1152.409058
383.852051	-1191.114014	1149.463501
384.737701	-1188.244507	1146.338867
385.703522	-1185.378418	1143.28418
386.437347	-1182.410278	1140.056396
387.256927	-1179.510376	1136.958374
387.75238	-1176.591064	1133.772095
388.256012	-1173.816162	1130.552002
388.714478	-1170.934937	1127.296631
389.243896	-1168.188477	1124.285889
389.404053	-1165.298218	1120.827759
389.42099	-1162.51355	1117.764648
389.713257	-1159.796143	1114.577271
389.834808	-1156.957764	1111.536865
389.734222	-1154.164307	1108.24353
389.417297	-1151.544678	1104.876709
389.300079	-1148.618164	1101.714722
389.137573	-1146.138428	1098.707397
388.59903	-1143.627563	1095.302002
388.037323	-1141.092773	1092.327881
387.495575	-1138.630127	1089.17749
386.773987	-1136.111694	1086.20813
386.140503	-1133.688354	1083.255493
385.283264	-1131.137695	1080.083374
384.350159	-1128.723267	1077.169312
383.361694	-1126.102783	1074.320068
382.423553	-1123.815308	1071.455322
381.422302	-1121.488892	1068.981567
380.5336	-1119.637939	1066.588989
379.440521	-1117.525879	1064.154175
378.127136	-1115.561646	1061.68811
376.820831	-1113.527954	1059.375977
375.591644	-1111.479004	1057.024902
374.243103	-1109.439331	1054.830078
372.850952	-1107.335327	1052.477173
371.437775	-1105.361938	1050.405884
370.092926	-1103.247314	1048.452637
368.678314	-1101.22583	1046.512695
367.119324	-1099.282593	1044.559326
365.635071	-1097.468262	1042.412109
363.977417	-1095.754028	1040.499634
362.286102	-1094.077148	1038.599976
360.700531	-1092.325806	1036.75708
359.035614	-1090.458496	1034.869751
357.15918	-1088.658691	1032.986938
355.407043	-1086.939453	1031.328491
353.512817	-1084.947632	1029.668335
351.708954	-1083.077637	1028.138306
349.801636	-1081.167358	1026.742798
348.004486	-1079.253418	1025.426392
345.914337	-1077.538086	1024.013916
344.112732	-1075.701294	1022.840149
342.093903	-1074.067993	1021.710754
340.044495	-1072.314819	1020.69397
337.941223	-1070.600342	1019.773193
335.869843	-1068.939575	1019.000488
333.966949	-1067.323853	1018.347351
331.861786	-1065.345093	1018.163269
329.822662	-1063.901123	1017.479492
327.852875	-1062.227051	1017.47467
325.662659	-1060.614502	1016.926086
323.507874	-1058.985107	1016.805969
321.426453	-1057.311768	1016.805054
319.337555	-1055.72168	1016.801758
317.036621	-1053.790771	1016.548462
314.917725	-1052.27417	1016.558594
312.677277	-1050.684692	1016.735779
310.426056	-1049.088867	1016.666565
308.231201	-1047.321899	1017.253662
305.96344	-1045.890991	1017.513611
303.786041	-1044.263672	1017.973511
301.450653	-1042.735962	1018.292175
299.143463	-1041.149292	1018.853455
296.882233	-1039.808228	1019.021362
294.455261	-1037.886841	1019.536926
292.348419	-1036.459473	1020.276245
289.815094	-1035.018555	1020.461853
287.712708	-1033.479614	1021.300842
285.254211	-1031.994751	1021.87323
283.006287	-1030.718018	1022.024597
280.595428	-1029.243652	1022.967712
278.336761	-1027.99353	1023.132324
275.899994	-1026.717651	1023.938843
273.635651	-1025.401001	1024.35376
271.210632	-1024.090942	1024.86145
269.010071	-1022.752991	1025.331421
266.457947	-1021.427551	1025.745605
264.318329	-1020.377258	1026.334229
261.697205	-1019.02063	1026.683716
259.390442	-1017.699036	1026.928345
256.916504	-1016.500366	1027.493774
254.693405	-1015.390198	1027.71228
252.132874	-1013.999939	1028.019287
249.9617	-1012.966248	1028.395386
247.449783	-1011.557556	1028.734497
245.165909	-1010.685181	1029.098389
242.873795	-1009.333374	1029.373047
240.414642	-1008.5755	1029.348999
238.207062	-1007.200562	1029.86145
236.038391	-1006.345215	1029.859497
233.886307	-1005.565857	1030.418091
231.760086	-1004.617004	1030.54541
229.872208	-1003.952637	1031.027466
227.91539	-1003.116089	1031.398071
226.072449	-1002.451721	1031.852417
224.180099	-1002.348083	1032.038086
222.487244	-1001.308228	1032.725708
220.719055	-1001.087769	1033.063721
218.795776	-1000.064697	1033.701904
217.01062	-1000.20166	1033.816162
215.451111	-999.174072	1034.588745
214.249298	-999.158752	1035.290894
212.836395	-998.732605	1036.075195
211.330322	-998.148743	1036.667725
209.84314	-998.022217	1037.289551
208.578644	-997.556763	1038.172974
207.214691	-997.364868	1038.708496
205.808838	-997.181763	1039.506592
204.574997	-996.573486	1040.212036
203.497223	-996.50354	1041.07019
202.131027	-996.386536	1041.843994
201.226517	-995.917786	1042.604858
199.898605	-995.849976	1043.549927
198.891754	-995.667664	1044.275024
197.789749	-995.684265	1045.112915
196.962311	-995.232422	1045.927734
195.806549	-995.131775	1046.866333
195.017059	-995.087891	1047.558472
193.997086	-994.895935	1048.346069
193.417511	-994.851746	1049.297729
192.599182	-995.147156	1050.084839
191.834595	-994.927917	1050.803833
190.761917	-994.827515	1051.364868
190.302475	-994.773376	1052.44751
189.591782	-994.794983	1052.864624
189.498459	-994.581726	1053.890991
188.819443	-994.845825	1054.659424
188.697372	-994.786011	1055.041748
188.028793	-994.682373	1055.951294
187.561539	-995.142944	1056.398315
187.522568	-995.183044	1057.054688
187.401199	-995.393066	1057.881958
187.13121	-995.477905	1058.372803
187.279099	-996.005798	1058.749878
187.210297	-996.291199	1059.414307
187.274567	-996.192993	1060.188477
187.239441	-996.894409	1060.397705
187.190018	-996.933289	1061.00293
187.392151	-997.457703	1061.762695
187.830307	-997.429016	1062.130859
187.756393	-998.095642	1062.441284
188.418076	-998.297607	1063.177734
188.689392	-999	1063.442017
189.380493	-998.957214	1063.93042
190.03273	-1000.011902	1064.339233
191.006866	-1000.007629	1065.066528
191.660095	-1000.831665	1065.035767
192.491409	-1001.294861	1065.519775
193.584381	-1001.938293	1065.922363
194.60849	-1002.636169	1066.164551
195.863083	-1003.439575	1066.523804
196.908035	-1003.952759	1066.618042
198.119705	-1004.872864	1066.866821
199.620071	-1005.655884	1067.129028
200.915543	-1006.476624	1067.397217
202.371002	-1007.656494	1067.523438
204.035156	-1008.45813	1067.934204
205.61824	-1009.428345	1067.901245
207.182846	-1010.496399	1068.026489
209.132751	-1011.245667	1068.40625
210.771332	-1012.472046	1068.325562
212.705597	-1013.423889	1068.436646
214.853546	-1014.631348	1068.916138
216.661041	-1015.834717	1068.831665
218.687943	-1017.048828	1068.891724
220.930283	-1018.444519	1069.241455
223.09668	-1019.734436	1069.574341
225.333984	-1020.995667	1069.827393
227.696442	-1022.393127	1070.046753
229.958862	-1023.845703	1070.33728
232.269409	-1025.404175	1070.48877
234.868896	-1026.688965	1071.081665
237.193192	-1028.104126	1071.28894
239.806198	-1029.834473	1071.879639
242.218536	-1031.396729	1072.147583
244.78656	-1033.040039	1072.552734
247.566284	-1034.500244	1073.490479
250.217773	-1036.367798	1073.799072
252.871078	-1038.338379	1074.542603
255.44519	-1040.134888	1074.915283
258.256866	-1042.150024	1075.633301
261.126678	-1044.084473	1076.541382
264.025513	-1046.154785	1077.490601
266.873718	-1048.275269	1078.226562
269.816406	-1050.512207	1079.168457
272.772308	-1052.727783	1080.079834
275.732697	-1055.133789	1081.135498
278.763794	-1057.486206	1082.039673
281.585693	-1059.827637	1082.94165
284.525085	-1062.573608	1084.1521
287.667236	-1065.059204	1085.25708
290.499634	-1067.965698	1086.396851
293.472229	-1070.348267	1087.572266
296.458923	-1073.035156	1088.875244
299.328766	-1075.733032	1090.056396
302.228149	-1078.294678	1091.412231
305.317291	-1081.143799	1092.850098
308.055725	-1084.077881	1094.245239
311.029266	-1086.862793	1095.535156
313.859894	-1089.976318	1097.126221
316.665955	-1092.864136	1098.633179
319.56308	-1095.892944	1100.30896
322.527893	-1098.925293	1101.950684
325.189667	-1102.042725	1103.628662
327.93631	-1105.007568	1105.296997
330.589111	-1107.977051	1106.915527
333.311462	-1110.85022	1108.446167
335.890991	-1113.934082	1110.121338
338.381775	-1116.87085	1111.639404
340.809784	-1119.746704	1113.259644
343.406311	-1122.648193	1114.959351
345.841217	-1125.934204	1116.707153
348.195557	-1128.776611	1118.290405
350.663116	-1132.014282	1119.979492
353.068481	-1134.946289	1121.721313
355.272034	-1137.945312	1123.375
357.473114	-1141.001099	1125.187134
359.551727	-1143.935913	1126.77124
361.716858	-1147.046021	1128.40332
363.883118	-1150.067749	1130.09668
365.858093	-1153.04834	1131.652588
368.009186	-1156.062622	1133.478638
369.913818	-1159.131836	1134.99939
371.77356	-1162.071533	1136.818481
373.710419	-1165.141479	1138.506836
375.524414	-1168.153076	1140.247559
377.301239	-1171.205322	1142.005005
378.962677	-1174.423096	1143.612915
380.643768	-1177.659912	1145.462036
382.303528	-1180.74292	1147.157959
383.737946	-1183.73645	1148.725586
385.002014	-1186.962158	1150.30249
386.387268	-1189.798828	1152.124878
387.561127	-1192.983521	1153.71582
388.773712	-1196.450195	1155.340088
390.000641	-1199.644531	1157.228516
391.0159	-1202.591675	1159.13269
391.944794	-1205.736084	1160.902588
392.726929	-1208.708008	1162.702515
393.854279	-1212.086426	1164.970703
394.601837	-1214.9552	1166.997803
394.980652	-1218.108643	1168.88916
395.230286	-1221.169678	1170.755371
395.8367	-1224.292603	1172.662476
395.920746	-1227.327148	1174.613281
395.969299	-1230.15564	1176.517334
396.15918	-1232.989624	1178.487671
396.038727	-1235.823975	1180.474609
396.202148	-1238.507935	1182.49231
395.937714	-1240.992554	1184.337524
395.692566	-1243.46814	1186.21167
395.274353	-1245.837646	1187.952515
394.880798	-1248.385498	1190.029297
394.219055	-1250.563721	1191.750854
393.758942	-1252.718384	1193.525146
392.965546	-1254.953735	1195.361694
392.277771	-1256.837646	1196.910522
391.559143	-1258.842285	1198.65564
390.714722	-1260.531494	1200.263184
389.832703	-1262.241943	1202.013794
388.921265	-1263.989014	1203.573975
387.972504	-1265.454712	1205.051514
386.932343	-1266.895508	1206.665405
385.959961	-1268.197876	1208.235352
384.833466	-1269.287354	1209.610718
383.54071	-1270.281372	1210.968628
382.380798	-1271.225098	1212.529175
380.98587	-1271.956421	1213.972534
379.765656	-1272.692993	1215.646851
378.330109	-1273.25	1217.128174
376.786316	-1273.422974	1218.530029
375.214661	-1273.88269	1220.033813
373.717346	-1274.133179	1221.623901
372.074432	-1274.117676	1222.966553
370.374146	-1274.174683	1224.688477
368.613281	-1274.259155	1226.203369
366.707306	-1274.149048	1227.68457
364.792847	-1274.144653	1229.095703
362.768066	-1274.008789	1230.944946
360.789948	-1274.064575	1232.765869
358.88913	-1273.439453	1234.412354
356.74585	-1273.326294	1235.878906
354.613861	-1273.113892	1237.555908
352.288483	-1272.849121	1239.12915
350.02948	-1272.647705	1240.811157
347.690338	-1272.458374	1242.406982
345.259949	-1272.13208	1244.026001
342.742493	-1272.054932	1245.61145
340.236664	-1271.940552	1247.19165
337.733337	-1271.861816	1248.830322
335.13208	-1271.403198	1250.385986
332.446503	-1271.128418	1252.050659
329.792328	-1271.047363	1253.545288
327.035156	-1270.723633	1255.234985
324.247864	-1270.677124	1256.872559
321.444092	-1269.997559	1258.440918
318.674988	-1269.967651	1260.150879
315.917175	-1269.66333	1261.703003
313.032623	-1269.465942	1263.152588
309.983459	-1268.816406	1264.5177
306.927368	-1268.543091	1266.02417
304.029663	-1268.439941	1267.613892
300.885376	-1267.665649	1269.010742
297.802826	-1267.587036	1270.666748
294.754761	-1267.197144	1272.411743
291.491302	-1266.744629	1273.786011
288.200043	-1266.126953	1275.107544
284.824127	-1265.661011	1276.672363
281.458038	-1265.310181	1278.051758
277.999634	-1264.392822	1279.818604
274.427612	-1263.74646	1280.978149
270.876038	-1262.894531	1282.561401
267.156067	-1262.134155	1283.955444
263.61615	-1261.25	1285.343872
259.894501	-1260.214111	1286.76062
256.208405	-1259.421021	1288.304321
252.568909	-1258.448242	1289.278809
248.831528	-1257.566162	1290.834717
245.165314	-1256.647827	1291.853271
241.513107	-1255.452515	1292.947144
237.674164	-1254.55896	1294.422241
233.958069	-1253.258301	1295.059204
230.178268	-1252.142212	1296.327637
226.355179	-1250.979126	1297.302979
222.678345	-1249.529053	1298.394775
218.904739	-1248.409668	1299.446655
215.10054	-1246.867554	1300.108154
211.363892	-1245.533203	1301.096558
207.634583	-1244.019531	1301.857422
203.875961	-1242.472168	1302.524048
200.218002	-1240.937012	1303.294067
196.562546	-1239.421387	1303.969849
192.895584	-1237.834473	1304.446289
189.22464	-1235.630859	1304.794067
185.4953	-1234.114136	1305.465088
181.846954	-1232.466187	1306.106812
178.200638	-1230.554321	1306.365723
174.61618	-1229.034302	1306.961548
170.776871	-1227.045532	1307.192261
167.36734	-1225.591187	1307.875244
163.758347	-1223.57251	1308.217529
160.383774	-1222.188232	1308.349854
156.760727	-1220.185913	1308.442383
153.199295	-1218.669556	1308.89502
149.555267	-1216.797241	1308.795654
145.881439	-1215.140991	1308.963867
142.212006	-1213.404297	1308.982178
138.543716	-1211.779297	1309.032227
134.817398	-1210.259644	1309.137939
130.90889	-1208.612549	1309.054932
127.135429	-1207.079224	1309.180054
123.110008	-1205.621826	1309.199951
119.273392	-1204.179565	1309.151978
115.058205	-1202.645386	1309.020752
111.12648	-1201.196167	1309.22583
106.845978	-1199.770142	1308.990845
102.697075	-1198.36438	1309.029175
98.315506	-1196.862427	1309.046265
94.26857	-1195.56665	1308.935181
90.055946	-1194.170044	1308.975098
85.838654	-1192.758545	1308.776123
81.666046	-1191.337524	1308.441406
77.416428	-1189.857666	1308.249268
73.269196	-1188.368408	1307.964966
69.000252	-1187.088135	1307.867798
64.815552	-1185.698364	1307.611084
60.582024	-1184.324219	1307.141235
56.492416	-1182.76709	1306.658691
52.51981	-1181.510498	1306.567627
48.58289	-1180.31665	1306.05603
44.622189	-1178.843018	1305.795776
40.882832	-1177.503296	1305.203491
37.232346	-1176.036743	1304.726074
33.397457	-1174.580444	1304.082153
29.807407	-1173.017578	1303.802856
26.286499	-1171.487183	1302.922852
22.927584	-1169.792969	1302.363037
19.410013	-1168.169434	1301.758789
16.154491	-1166.227295	1300.927734
12.909582	-1164.358154	1300.053345
9.731798	-1162.442993	1299.244385
6.570674	-1160.285156	1298.380005
3.521114	-1158.085938	1297.147705
0.425316	-1155.925293	1296.070801
-2.567502	-1153.77417	1294.980591
-5.640306	-1151.404907	1293.790527
-8.68443	-1149.143555	1292.496582
-11.635262	-1146.69104	1291.275146
-14.738353	-1144.282715	1289.850464
-17.771685	-1141.657593	1288.049561
-20.844801	-1139.116943	1286.624634
-23.860128	-1136.461182	1284.841675
-26.83963	-1133.854736	1282.955078
-29.642422	-1131.209473	1281.151123
-32.393562	-1128.562012	1279.295532
-35.029812	-1126.067627	1277.218384
-37.682217	-1123.477051	1275.319946
-40.4216	-1120.837524	1273.214111
-42.955559	-1118.134644	1271.227783
-45.441864	-1115.407104	1268.755127
-47.962257	-1112.574219	1266.47998
-50.551685	-1109.702637	1264.049072
-52.899155	-1106.952026	1261.555542
-55.07584	-1104.152954	1258.998291
-57.163197	-1101.415894	1256.398438
-59.130882	-1098.684082	1253.963013
-60.769062	-1095.979492	1251.255005
-62.376652	-1093.292236	1248.609497
-64.093872	-1090.462036	1245.96167
-65.491135	-1087.671265	1243.226196
-66.93692	-1084.752686	1240.123657
-68.238846	-1081.804077	1237.171631
-69.379974	-1078.891846	1233.952271
-70.1922	-1076.182739	1230.665771
-71.152069	-1073.349121	1227.656006
-72.182716	-1070.623779	1224.359497
-72.756416	-1068.040161	1221.463379
-73.454491	-1065.481812	1218.122681
-73.802567	-1063.044434	1214.961914
-74.418022	-1060.541748	1212.046631
-74.574127	-1058.445435	1208.093384
-74.498772	-1056.126343	1204.862793
-74.626503	-1053.800781	1201.54541
-74.592552	-1051.590332	1198.419189
-74.39901	-1049.393066	1195.147827
-74.197227	-1047.345703	1192.331787
-74.185188	-1045.252319	1189.50061
-74.053879	-1043.265625	1186.710083
-73.642052	-1041.362793	1183.900757
-73.491714	-1039.360962	1180.80481
-72.783066	-1037.435791	1178.069214
-71.977448	-1035.606201	1174.894653
-71.11496	-1033.741577	1171.955566
-70.268585	-1031.858154	1168.859741
-69.139488	-1030.223755	1166.057861
-68.327797	-1028.525146	1163.408447
-67.386101	-1026.914551	1160.751221
-66.387299	-1025.209961	1158.111694
-65.347038	-1023.803528	1155.494141
-64.32695	-1022.178345	1152.738403
-63.123516	-1020.77655	1149.969849
-61.886913	-1019.212036	1147.043701
-60.442802	-1017.704102	1144.242554
-59.107979	-1016.21344	1141.385498
-57.66626	-1014.7229	1138.354004
-56.175476	-1013.287048	1135.360596
-54.510483	-1011.991455	1132.372925
-52.820393	-1010.442688	1129.495117
-51.132305	-1009.036682	1126.457153
-49.35532	-1007.670044	1123.300659
-47.442345	-1006.299133	1120.078979
-45.431305	-1004.795105	1116.882446
-43.237057	-1003.504211	1113.383423
-40.972931	-1002.063599	1109.939209
-38.428268	-1000.820923	1106.026978
-35.682228	-999.592957	1102.156494
-33.126793	-998.349915	1098.294922
-30.037767	-997.18988	1094.570068
-27.2906	-995.947449	1090.938477
-24.367319	-994.870911	1087.526489
-21.342772	-993.893738	1084.076538
-18.182762	-992.849548	1080.931519
-14.96298	-991.597107	1078.026367
-11.458178	-990.809143	1074.967896
-8.0745	-990.042603	1072.241089
-4.71781	-989.257202	1069.753418
-1.264399	-988.454346	1067.509644
2.077129	-988.104187	1065.503906
5.528571	-987.429016	1063.821777
8.854746	-986.702026	1062.459839
12.37901	-986.057312	1061.384888
15.864362	-985.643616	1060.39856
19.379375	-984.891541	1059.977661
22.835358	-984.594543	1059.269775
26.419279	-984.502014	1058.705688
29.926292	-983.787537	1058.802612
33.457584	-983.576111	1058.831543
36.92321	-982.998291	1058.852173
40.307835	-982.834045	1058.839355
43.997028	-982.844421	1059.200562
47.22113	-982.288757	1059.708374
50.855663	-982.125793	1060.491455
54.363216	-982.232483	1060.969971
57.933357	-982.015686	1061.858154
61.589451	-982.286316	1062.524536
65.016655	-982.010864	1063.238037
68.85231	-982.449524	1063.878418
72.416321	-982.291626	1064.672852
76.037323	-982.595703	1065.44519
79.681519	-982.581238	1066.304321
83.351723	-982.711121	1067.082275
87.181458	-983.221375	1067.765869
90.873192	-983.295776	1068.404053
94.929825	-983.287415	1069.418457
98.893051	-983.734253	1069.900757
102.779358	-984.10791	1070.217163
107.210533	-984.75769	1070.991089
111.084305	-985.052429	1071.536377
115.350502	-985.687988	1071.664917
119.407753	-986.293335	1071.862305
123.878212	-986.943542	1072.192993
128.115707	-988.224365	1072.189697
132.472305	-988.657776	1072.292847
136.931564	-989.620667	1072.22876
141.262436	-990.53302	1071.722656
145.72934	-991.414795	1071.755005
150.150162	-992.373108	1071.344727
154.463516	-993.450073	1070.86438
159.19017	-995.041504	1070.475586
163.583954	-995.887695	1070.408447
167.824356	-997.09668	1070.014404
172.157852	-998.029602	1069.90564
176.636993	-999.41925	1069.974731
180.826752	-1000.540466	1069.779785
185.034836	-1002.179077	1069.475464
189.105804	-1003.219482	1069.204224
193.231049	-1004.789978	1069.119019
197.250275	-1006.13446	1069.095093
201.367859	-1007.119019	1069.156128
205.25563	-1008.432739	1069.17981
209.2229	-1009.610107	1069.208862
213.224243	-1011.136353	1069.390869
217.26355	-1012.411987	1069.604248
221.090942	-1014.071289	1069.658569
224.969543	-1015.464966	1069.938843
228.748581	-1017.064758	1069.983276
232.379303	-1018.508789	1070.072021
236.193329	-1020.282837	1070.293823
239.857376	-1021.753357	1070.591309
243.460251	-1023.272705	1070.963867
246.968582	-1024.894775	1070.81604
250.427765	-1026.417603	1071.220825
253.942947	-1027.890747	1071.594971
257.034241	-1029.830444	1071.650635
260.585327	-1031.409302	1072.220093
263.777039	-1032.819336	1072.407104
267.131348	-1034.810913	1072.948486
270.388947	-1036.043945	1073.321167
273.281494	-1037.925415	1073.414185
276.555603	-1039.290771	1074.093262
279.62561	-1041.225098	1074.543945
282.585632	-1042.727905	1074.867432
285.431488	-1044.252563	1075.091431
288.321716	-1046.050537	1075.466553
291.0466	-1047.329834	1075.780396
294.009277	-1049.028198	1076.327026
296.535248	-1050.655884	1076.378418
299.328949	-1052.36853	1077.132202
301.693237	-1053.839722	1077.294312
304.224609	-1055.333008	1077.591797
306.810272	-1056.718384	1078.015625
308.961182	-1058.265747	1077.97168
311.304596	-1059.449707	1078.419922
313.673462	-1061.123413	1078.478638
315.584869	-1062.695679	1078.721069
317.815002	-1063.836548	1078.890625
319.738586	-1065.262207	1079.001343
321.723114	-1066.598022	1079.013184
323.685425	-1067.690552	1079.131958
325.525452	-1068.997925	1079.233276
327.28656	-1070.088867	1079.059204
329.110687	-1071.47522	1079.028198
330.929504	-1072.523682	1079.266724
332.623749	-1073.849121	1079.21521
334.440887	-1074.77356	1079.355469
335.710754	-1076.10144	1078.883545
337.355927	-1077.187866	1079.001709
339.030853	-1078.160645	1079.001709
340.52356	-1079.433105	1078.9552
341.937439	-1080.48938	1078.775879
343.28299	-1081.595459	1078.459717
344.563202	-1082.820801	1078.37207
345.812988	-1083.926025	1077.978027
347.146576	-1085.040649	1077.911621
348.352081	-1086.064941	1077.678711
349.430511	-1087.27002	1077.401611
350.486542	-1088.500732	1077.01123
351.512451	-1089.484253	1076.579346
352.567657	-1090.530396	1076.392578
353.671204	-1091.805054	1076.003906
354.475861	-1092.831299	1075.738525
355.392517	-1093.879883	1075.316895
356.142792	-1094.884766	1075.150146
356.855316	-1095.997925	1074.714478
357.579132	-1096.71521	1074.334229
357.973969	-1097.686279	1074.201172
358.740448	-1098.665161	1073.868896
359.056641	-1099.875732	1073.549561
359.484283	-1100.712769	1073.486084
359.923218	-1101.508179	1073.258057
360.119965	-1102.325195	1073.081055
360.354248	-1103.0625	1073.135498
360.445526	-1103.80542	1073.009033
360.468719	-1104.418335	1073.019165
360.655609	-1104.689453	1073.097168
360.65332	-1105.435547	1073.097046
360.426971	-1106.07605	1073.133179
360.404144	-1106.299683	1073.331299
360.158264	-1106.953857	1073.386597
359.911285	-1107.272583	1073.530029
359.809814	-1107.776855	1074.090088
359.277405	-1107.827515	1074.295288
358.959808	-1108.185059	1074.703613
358.080109	-1108.625488	1074.851807
357.439301	-1108.612305	1075.114014
356.850159	-1108.658691	1075.516968
356.067871	-1108.732178	1076.022461
355.04187	-1108.681885	1076.460938
354.409271	-1108.785522	1076.811768
353.411224	-1108.466309	1077.471558
352.252502	-1108.61792	1077.702637
351.369263	-1108.050903	1078.494385
350.176666	-1107.817749	1078.92688
348.984558	-1107.360474	1079.440674
347.749207	-1106.97998	1080.017212
346.296143	-1106.706665	1080.403931
344.890533	-1106.00708	1080.91272
343.359528	-1105.482178	1081.443604
341.930786	-1104.947266	1082.103027
340.476807	-1103.977417	1082.748535
338.827423	-1103.135376	1083.269165
336.942352	-1101.940063	1083.904663
335.154114	-1100.944702	1084.479126
333.307251	-1099.896484	1085.282471
331.367188	-1098.697998	1086.067139
329.387848	-1097.349487	1086.779663
327.239014	-1095.861694	1087.713257
324.954102	-1094.437134	1088.56604
322.4823	-1092.55603	1089.403076
320.146851	-1090.951172	1090.504272
317.656921	-1088.699829	1091.690186
314.930939	-1086.60144	1092.890625
312.05838	-1084.590454	1094.213989
309.100616	-1082.339966	1095.554932
306.079834	-1079.87793	1097.051758
302.967896	-1077.127808	1098.72583
299.333923	-1074.623413	1100.232422
295.775391	-1071.852783	1101.784912
292.159943	-1068.722534	1103.914307
288.337219	-1066.112305	1105.565308
284.37796	-1062.952637	1107.671509
280.223297	-1060.241577	1109.760376
276.135773	-1057.735718	1112.118774
271.781281	-1054.562256	1114.650269
267.588806	-1051.672119	1117.637207
262.822205	-1048.735596	1120.285034
258.009674	-1045.939575	1123.217407
253.058701	-1043.38208	1126.171997
248.074768	-1040.454224	1129.407349
242.446945	-1038.005005	1132.270752
237.211349	-1036.053101	1135.060913
231.909378	-1034.188354	1138
226.730743	-1032.429321	1140.846802
221.3992	-1030.868896	1143.793213
215.751572	-1029.274536	1146.642212
210.358734	-1027.949585	1149.522949
205.224655	-1026.896484	1152.373901
200.071686	-1025.758423	1155.200684
194.81987	-1024.894287	1157.991577
189.49765	-1024.255859	1160.328613
184.21669	-1023.368835	1162.806519
179.228638	-1023.098999	1165.279907
174.124893	-1022.309875	1167.586914
169.143127	-1022.167542	1169.761719
164.386612	-1021.738708	1172.246826
159.482208	-1021.768616	1174.308228
154.901001	-1021.607178	1176.377563
150.206512	-1021.662537	1178.469849
145.675552	-1021.624512	1180.661133
141.028717	-1021.49939	1182.482422
136.791336	-1022.104553	1184.359619
132.311356	-1022.13031	1186.452637
128.177887	-1022.701111	1188.198486
123.860214	-1022.906433	1190.317505
119.888908	-1023.632874	1191.919678
115.662071	-1023.914917	1193.83606
111.818016	-1024.707275	1195.562622
107.716248	-1024.95874	1197.284302
103.850708	-1025.783569	1198.781006
100.076263	-1026.474243	1200.373169
96.350098	-1027.010864	1202.075195
92.440865	-1027.749878	1203.38855
88.578712	-1028.491089	1204.802856
85.022362	-1029.178101	1206.146484
81.216835	-1029.786133	1207.661255
77.467224	-1030.538086	1208.97937
73.839798	-1031.351196	1210.337036
70.131973	-1032.186523	1211.292114
66.509827	-1032.762207	1212.755249
63.128372	-1033.532959	1213.762451
59.560997	-1034.233887	1214.822266
56.026451	-1034.902344	1215.84082
52.609619	-1035.694092	1216.554443
49.219849	-1036.490112	1217.832764
45.814743	-1037.247681	1218.758179
42.382797	-1038.074097	1219.826172
38.933075	-1038.615356	1220.683472
35.804676	-1039.654907	1221.329834
32.58897	-1040.320068	1222.439087
29.3957	-1041.277222	1223.123657
26.406958	-1041.882812	1224.571411
23.064543	-1042.689331	1225.642334
20.276865	-1043.744873	1226.646851
17.518497	-1044.839722	1227.622437
14.730177	-1046.019897	1228.692383
12.136929	-1047.204712	1229.885254
9.233632	-1048.176758	1231.038208
6.395305	-1049.328003	1232.002197
3.878861	-1050.582886	1233.143921
1.463999	-1051.626099	1234.462036
-0.936934	-1052.914551	1235.531006
-3.328153	-1054.205322	1236.530762
-5.673622	-1055.290894	1237.885864
-8.155872	-1056.760864	1238.697388
-10.363098	-1057.854004	1239.700073
-12.516039	-1058.98999	1240.727905
-14.518887	-1060.286865	1241.30957
-16.670349	-1061.306152	1242.262207
-18.360786	-1062.394165	1243.182007
-20.285971	-1063.490112	1243.742798
-22.014629	-1064.512573	1244.415894
-23.613123	-1065.491089	1245.146362
-25.310356	-1066.484497	1245.849731
-26.802525	-1067.810791	1246.091309
-28.109522	-1068.682251	1246.347534
-29.307468	-1069.548462	1247.206787
-30.497364	-1070.405518	1247.735229
-31.316593	-1071.195312	1248.045654
-32.272549	-1072.063232	1248.782349
-33.347755	-1072.615112	1249.683228
-33.558765	-1073.006348	1250.09082
-34.011478	-1073.719238	1250.84729
-34.057995	-1074.409058	1251.398682
-34.486794	-1075.143555	1251.558838
-34.572201	-1075.555176	1252.211426
-34.609333	-1076.43103	1252.737915
-34.229202	-1076.910034	1253.420166
-34.25642	-1077.723877	1253.739258
-33.539738	-1078.319702	1254.434082
-33.201561	-1079.164917	1255.129883
-32.546207	-1079.695435	1255.752808
-31.588804	-1080.527466	1256.310913
-30.951414	-1081.205811	1257.016479
-29.651152	-1081.735229	1257.692139
-28.785059	-1082.46936	1258.255249
-27.444077	-1083.054932	1258.956787
-26.131079	-1083.741455	1259.588989
-24.609421	-1084.475464	1260.070068
-22.89571	-1085.151489	1260.665283
-21.220613	-1085.769287	1261.512207
-19.377691	-1086.617188	1262.148926
-17.594856	-1087.345825	1262.855103
-15.56609	-1088.241455	1263.580078
-13.503991	-1089.032593	1264.250244
-11.243025	-1090.00769	1265.123047
-9.046864	-1090.833496	1265.834351
-6.542195	-1091.832886	1266.620361
-3.919624	-1092.706909	1267.299072
-1.196497	-1093.814819	1267.569946
1.453108	-1094.772827	1268.370361
4.040555	-1095.863647	1269.042114
6.382131	-1097.007568	1269.602539
8.91815	-1098.06189	1270.316895
11.620105	-1099.215088	1271.092407
14.093226	-1100.301636	1271.664307
16.926617	-1101.251343	1272.019409
19.577414	-1102.427856	1272.959229
22.541563	-1103.447144	1273.75769
24.973394	-1104.599365	1273.953003
27.559402	-1105.760742	1274.691772
30.181105	-1106.839355	1275.233765
32.7458	-1107.949707	1275.228027
35.259396	-1109.07373	1276.186768
37.974773	-1110.175293	1276.260254
40.911129	-1111.324585	1276.768188
43.483658	-1112.427734	1276.808105
46.465099	-1113.496582	1276.935791
49.349289	-1114.685303	1277.614136
52.30127	-1115.763306	1277.70105
55.325378	-1117.015015	1278.129395
57.993031	-1118.119873	1278.219116
60.860527	-1119.049927	1278.332153
63.639332	-1120.264038	1279.119507
66.766571	-1121.535767	1279.08374
69.510277	-1122.715698	1278.710693
72.496597	-1123.931763	1278.562256
75.633957	-1125.188599	1278.695557
78.725212	-1126.404541	1278.806396
81.847916	-1127.727417	1278.896484
85.075127	-1128.821899	1278.615356
88.494148	-1130.144165	1278.78772
91.888718	-1131.554199	1279.044312
95.269333	-1132.858276	1278.704712
98.756279	-1134.221924	1278.705322
102.258095	-1135.664307	1278.682739
105.6362	-1137.251465	1278.342651
109.12307	-1138.658081	1278.459961
112.636993	-1140.411133	1278.374756
116.246246	-1142.168213	1278.275879
119.71032	-1143.956665	1277.754395
123.339424	-1145.826416	1277.552612
126.904366	-1147.788574	1277.12561
130.349213	-1149.898804	1276.936646
133.748276	-1151.707275	1276.520996
137.098587	-1153.882446	1276.218384
140.437805	-1156.037354	1275.758545
143.681519	-1158.198486	1275.607666
147.047226	-1160.601929	1275.905273
150.233734	-1163.001709	1274.825073
153.342422	-1165.704224	1274.803345
156.261688	-1168.197388	1274.537354
159.221115	-1170.917114	1274.216675
162.182251	-1173.376465	1274.215454
165.001892	-1176.164917	1274.149048
167.70607	-1178.871948	1274.036499
170.472733	-1181.566528	1274.029541
173.057297	-1184.298706	1274.007446
175.554382	-1186.93103	1273.905273
178.014008	-1189.768799	1273.853394
180.370026	-1192.319214	1273.527588
182.764374	-1194.99646	1273.453979
185.003189	-1197.531982	1273.350342
187.061646	-1200.61438	1273.470093
189.302582	-1203.014893	1273.435425
191.19928	-1205.638672	1273.570923
193.247818	-1207.914551	1273.460205
195.396408	-1210.255859	1273.522339
197.448486	-1212.650391	1273.424072
199.495316	-1214.703857	1273.500732
201.45578	-1216.913086	1273.346558
203.437576	-1219.059082	1273.294922
205.437698	-1220.829102	1273.069946
207.391006	-1222.733887	1272.822266
209.323257	-1224.656006	1272.666382
211.216019	-1226.44873	1272.81311
213.175781	-1228.100952	1272.627441
215.096939	-1229.76062	1272.104492
217.10054	-1231.419922	1271.998047
219.03096	-1232.862793	1271.911499
221.006683	-1234.640015	1271.394043
222.899857	-1236.31897	1271.248535
225.022675	-1237.826538	1271.169067
226.851639	-1239.195312	1270.543457
228.914871	-1240.643677	1270.352295
230.749863	-1242.256592	1269.836548
232.698273	-1243.731567	1269.732544
234.574936	-1244.920776	1268.812378
236.588348	-1246.116821	1268.933472
238.512711	-1247.312622	1268.222046
240.423401	-1248.503662	1268.146729
242.415253	-1249.460327	1267.368286
244.395096	-1250.626587	1267.15686
246.411194	-1251.762573	1266.462158
248.30603	-1252.685425	1266.148315
250.206955	-1253.711548	1265.729858
252.156418	-1254.595337	1265.164429
254.164398	-1255.315308	1265.051758
256.141113	-1256.155396	1264.15979
258.143982	-1256.831177	1263.924561
260.181458	-1257.439697	1263.122559
262.165558	-1258.1604	1263.12793
264.145264	-1258.828857	1262.423828
266.188995	-1259.157715	1261.643433
268.279266	-1259.581299	1261.246094
270.340485	-1260.156494	1260.541748
272.186066	-1260.355591	1260.200317
274.348511	-1260.613281	1259.349609
276.530548	-1260.848633	1258.824829
278.683075	-1260.702148	1258.130737
280.929352	-1260.69519	1257.618774
283.237823	-1260.591309	1256.691284
285.513031	-1260.54834	1255.919434
288.029297	-1261.112061	1255.045288
290.201172	-1260.897583	1253.859619
292.783478	-1260.706543	1253.160522
295.271362	-1260.438965	1252.078857
297.622528	-1260.428101	1250.929443
300.126495	-1260.178589	1249.699463
302.636414	-1259.937134	1248.540283
305.302521	-1259.657959	1247.289429
307.894867	-1259.312988	1246.152954
310.557312	-1258.735107	1244.615479
313.175537	-1258.731812	1243.190063
315.867615	-1258.116577	1241.506104
318.441895	-1257.819092	1239.38501
321.2117	-1257.531006	1237.652222
323.970123	-1257.094849	1235.818115
326.65094	-1256.982422	1233.790039
329.40976	-1256.94812	1231.811035
332.197601	-1256.645386	1229.891602
334.895538	-1256.289795	1227.579468
337.828705	-1255.83606	1225.489624
340.728058	-1255.398926	1223.031616
343.609192	-1255.026733	1220.792847
346.458282	-1254.511963	1218.358276
349.254333	-1254.21167	1215.871094
351.972046	-1253.623779	1213.344727
354.731171	-1253.368652	1210.911743
357.688416	-1252.812866	1208.380005
360.019989	-1252.821899	1205.903931
362.793396	-1252.133911	1203.325928
365.516937	-1251.280029	1200.393555
368.232025	-1250.694336	1197.653564
370.711853	-1249.843506	1194.70752
373.350586	-1249.112183	1191.856445
375.925812	-1248.210571	1188.908447
378.415894	-1247.321167	1186.158813
380.816254	-1246.405762	1183.335083
383.144867	-1245.537476	1180.731323
385.437408	-1244.447632	1178.046509
387.846863	-1243.515869	1175.570312
390.134033	-1242.475952	1173.191406
392.067352	-1241.261353	1170.438843
394.223846	-1240.01062	1167.595947
396.115784	-1238.93335	1164.9375
397.920288	-1237.986328	1162.50354
399.728271	-1236.929688	1160.037231
401.4841	-1235.965088	1157.553223
402.965912	-1235.060669	1155.095215
404.429749	-1234.07251	1152.818115
406.024292	-1233.117188	1150.536255
407.343567	-1232.371094	1148.171265
408.612091	-1231.515137	1146.074219
409.97052	-1230.568848	1143.842407
411.145874	-1229.901245	1141.695801
412.285339	-1228.948486	1139.574585
413.346863	-1228.05127	1137.58252
414.506195	-1227.217285	1135.76123
415.36554	-1226.572388	1133.959106
416.226105	-1226.130981	1132.365112
416.932281	-1225.626099	1130.783569
417.570801	-1225.054077	1129.400391
418.207672	-1224.486816	1128.003174
418.949585	-1224.246094	1127.051514
419.407684	-1223.827759	1125.913818
419.76947	-1223.481079	1125.153198
420.284729	-1222.880249	1124.322876
420.583008	-1222.703491	1123.789551
421.135223	-1222.035767	1123.714478
421.1138	-1222.048706	1123.320801
421.313934	-1221.433716	1122.971069
421.433411	-1221.359863	1123.079712
421.501007	-1220.846191	1123.057007
421.501007	-1220.846191	1123.057007
421.699036	-1220.786255	1123.5625
421.740631	-1220.259033	1123.764038
421.643707	-1219.9104	1124.26001
421.535645	-1219.969971	1125.068604
421.146912	-1219.526978	1125.711182
420.972504	-1219.59314	1126.509644
420.410645	-1219.509644	1127.261719
420.228668	-1219.247314	1128.325317
419.72525	-1219.148193	1129.157959
419.475739	-1218.715698	1130.268555
418.708923	-1218.806885	1131.209961
418.176361	-1218.753784	1132.473999
417.568207	-1218.378784	1133.587524
416.897308	-1218.366333	1134.972778
416.282837	-1218.482178	1136.217163
415.512726	-1218.362793	1137.706665
414.812561	-1218.463989	1139.190674
413.991364	-1218.627808	1140.777222
413.188629	-1218.890625	1142.385376
412.156189	-1219.01123	1144.044922
411.639618	-1219.012573	1145.871582
410.361359	-1219.72583	1147.749878
409.472504	-1219.574219	1149.613647
408.357056	-1220.068115	1151.681152
406.947815	-1220.522583	1153.785767
406.088104	-1220.924683	1156.040894
404.714722	-1221.391357	1158.139282
403.377899	-1221.993774	1160.406616
401.864075	-1222.906128	1162.513428
400.447144	-1223.857422	1164.855713
398.886017	-1224.812378	1167.292969
397.098175	-1225.893677	1169.780762
395.361176	-1227.009888	1172.243652
393.645691	-1228.208008	1175.102417
391.645599	-1229.323364	1177.622681
389.30423	-1230.939209	1180.699951
387.451721	-1231.809814	1183.441528
385.250031	-1232.946167	1186.244385
383.041412	-1234.284912	1189.121948
380.701141	-1235.435181	1192.098877
378.201202	-1236.5177	1194.960205
375.770233	-1237.727661	1198.017822
373.300781	-1238.778564	1200.893799
370.662781	-1239.976807	1203.84314
368.062256	-1241.027832	1206.678101
365.45929	-1242.138062	1209.514893
362.774414	-1243.231445	1212.456665
359.925476	-1244.215454	1215.061279
357.288452	-1245.259155	1217.968018
354.379913	-1246.319946	1220.439331
351.491455	-1247.180664	1222.819092
348.755737	-1248.13623	1225.485962
345.805023	-1248.939087	1228.000854
342.935547	-1249.753662	1230.249878
340.276855	-1250.896362	1233.236816
337.329041	-1251.798706	1235.391602
334.440186	-1252.573853	1237.498901
331.802917	-1252.92334	1239.922119
328.673401	-1254.144043	1241.987549
325.724091	-1255.038696	1244.049316
322.7836	-1255.937988	1246.096558
320.05603	-1256.672607	1248.312866
316.973389	-1257.650879	1250.375854
314.002777	-1258.427368	1252.150269
311.053864	-1259.282349	1254.160522
308.14624	-1260.053833	1255.97168
305.086761	-1261.149292	1258.049072
302.240082	-1261.695679	1259.592896
299.248962	-1262.43103	1261.516113
296.358582	-1262.130737	1262.954102
293.438049	-1262.741821	1264.470093
290.593231	-1263.353638	1266.031982
287.777557	-1263.633911	1267.588867
284.899017	-1264.455322	1269.074951
282.083923	-1264.644531	1270.356445
279.310913	-1264.895752	1271.782227
276.352814	-1265.4104	1273.438599
273.655121	-1265.636108	1274.773315
270.716766	-1265.868042	1276.007568
267.963959	-1266.552612	1277.516968
265.015198	-1266.594849	1278.948975
262.217865	-1266.54126	1280.246826
259.324829	-1266.968384	1281.519165
256.428711	-1267.25	1282.595947
253.658051	-1267.237427	1283.827026
250.804276	-1267.371094	1284.869141
248.037369	-1267.413818	1286.062622
245.255417	-1267.822144	1287.029541
242.56398	-1267.772949	1288.133301
239.999344	-1268.223755	1288.658447
237.284805	-1268.334717	1289.71521
234.805466	-1268.610596	1290.637207
232.25499	-1268.698853	1291.234497
229.826126	-1269.035034	1292.122314
227.499969	-1269.031616	1292.71521
225.229065	-1269.554932	1293.277588
223.080032	-1269.766724	1293.909424
221.188095	-1269.720581	1294.180054
219.141373	-1270.310425	1295.242676
217.43367	-1270.469971	1295.483521
215.76709	-1270.469604	1295.937134
214.285492	-1270.513184	1295.935425
212.914154	-1270.434814	1295.984375
211.636871	-1270.390259	1296.352051
210.416763	-1270.279175	1296.436279
209.461655	-1270.160156	1296.44751
208.365341	-1269.929199	1296.461792
207.524384	-1269.850464	1296.528809
206.720612	-1269.636597	1296.446045
205.916489	-1268.998413	1296.582153
205.198334	-1268.787354	1296.817993
204.567917	-1267.929688	1296.806763
203.921585	-1267.401245	1296.879272
203.610321	-1266.207275	1296.713257
203.051697	-1265.520264	1296.863647
202.822174	-1264.38501	1296.561401
202.292786	-1263.420166	1296.374756
201.8936	-1262.363892	1296.467896
201.630951	-1261.06311	1296.373535
201.213699	-1259.645142	1296.335938
200.86882	-1257.901245	1295.879028
200.15033	-1256.54126	1295.523071
199.866379	-1254.885986	1295.36377
199.224197	-1252.987549	1295.421631
198.626358	-1250.940308	1295.371582
198.455978	-1248.383911	1294.775146
197.489655	-1246.51062	1294.757446
197.123245	-1243.89856	1294.393188
196.633987	-1241.152466	1294.058105
196.078384	-1238.426392	1293.798218
195.31218	-1235.717285	1293.786133
194.697174	-1232.6521	1293.149658
193.858734	-1229.56543	1292.881104
193.062347	-1226.07666	1292.569092
192.228149	-1222.816406	1291.856934
191.371857	-1219.047729	1291.564941
190.535919	-1215.066284	1290.769653
189.639862	-1211.040649	1289.948853
188.601715	-1206.936646	1289.351074
187.590439	-1202.667114	1288.550781
186.392975	-1198.435181	1287.608398
185.397217	-1193.813721	1286.464722
184.311569	-1189.351929	1285.227295
183.154373	-1184.74585	1284.102173
182.014343	-1180.131714	1282.620972
180.877029	-1175.498413	1281.275024
179.726334	-1170.680908	1279.589355
178.700531	-1165.901978	1277.665283
177.484818	-1161.016479	1275.788452
176.391983	-1155.937866	1273.227173
175.17012	-1150.923584	1270.901733
173.894485	-1145.94458	1268.575317
172.685974	-1140.657104	1265.738892
171.326767	-1135.361084	1262.931763
169.8992	-1130.225708	1259.791382
168.406006	-1125.002686	1256.81604
166.579361	-1119.799561	1253.235962
164.404846	-1114.435059	1249.865967
162.127182	-1109.242188	1246.680786
159.367981	-1104.08728	1242.841797
156.677765	-1099.15332	1239.799927
153.801331	-1094.594116	1237.09729
150.788071	-1090.067505	1233.863525
147.500092	-1085.756958	1230.740479
144.201675	-1081.42749	1227.724976
140.803329	-1077.100586	1224.585693
137.368668	-1073.330444	1221.41333
133.927628	-1069.506592	1218.484741
130.233475	-1065.974243	1215.58728
126.46624	-1062.447388	1213.005127
122.535271	-1059.450562	1210.392822
118.779816	-1056.3396	1208.050903
114.861374	-1053.485229	1205.838867
110.893829	-1050.833984	1203.392578
107.122887	-1048.098511	1201.104858
103.302834	-1045.747925	1198.921875
99.328598	-1043.28772	1196.552612
95.33313	-1041.08374	1194.247681
91.487343	-1038.8479	1192.113159
87.521759	-1036.631104	1190.170044
83.533669	-1034.628418	1188.085815
79.535484	-1032.763184	1186.141235
75.638145	-1030.933105	1184.312744
71.709679	-1029.307251	1182.619873
67.491638	-1027.357788	1180.927979
63.756794	-1025.848267	1179.074829
59.86536	-1024.353271	1177.463379
55.953106	-1022.854004	1175.667236
52.234898	-1021.518738	1173.755371
48.56498	-1020.379517	1172.084595
44.996849	-1018.956055	1170.393311
41.291557	-1017.731384	1168.678589
37.798401	-1016.621826	1166.811768
34.287003	-1015.603577	1165.367065
30.918507	-1014.527283	1163.666626
27.400064	-1013.466492	1162.171997
24.237007	-1012.475708	1160.458008
21.02092	-1011.572571	1158.860474
17.883686	-1010.760864	1157.274414
14.888806	-1009.974365	1155.734375
12.03379	-1009.309204	1154.050293
9.275303	-1008.411804	1152.533936
6.736526	-1007.715393	1150.967529
4.122076	-1007.011902	1149.399536
1.774892	-1006.637329	1147.713013
-0.656264	-1005.989136	1146.083252
-2.990906	-1005.326233	1144.634888
-5.239688	-1004.88385	1143.256836
-7.282845	-1004.466614	1141.639282
-9.378067	-1003.862305	1140.4552
-11.398039	-1003.338562	1138.835938
-13.385777	-1003.000854	1137.35022
-15.491799	-1002.634888	1135.799316
-17.364473	-1002.086975	1134.518921
-19.29261	-1001.607544	1133.155884
-21.374088	-1001.53833	1131.515137
-23.36466	-1001.01239	1130.383301
-25.231554	-1000.628296	1128.880859
-27.340893	-1000.359192	1127.667725
-29.322195	-1000.212097	1126.253784
-31.264965	-999.877197	1124.897095
-33.533588	-999.652405	1123.495605
-35.652119	-999.393188	1122.080444
-38.068951	-999.366272	1120.786621
-40.256866	-999.103027	1119.368286
-42.72504	-999.106567	1118.012085
-44.865646	-999.052734	1116.737061
-47.429367	-999.016418	1115.439697
-49.875454	-998.8302	1114.073486
-52.350319	-999.062683	1112.92688
-55.015663	-999.309143	1111.544067
-57.646843	-999.304749	1110.414062
-60.172306	-999.441956	1109.418335
-62.584042	-999.606873	1108.239258
-64.788383	-999.994995	1107.202393
-67.16539	-1000.19989	1106.422852
-69.131065	-1000.496887	1105.455933
-71.275269	-1000.875488	1104.815796
-73.11953	-1001.103943	1103.94043
-74.960953	-1001.55011	1103.300903
-76.468307	-1001.726624	1103.089722
-78.284241	-1002.00116	1102.502075
-79.479378	-1002.457336	1102.264648
-81.011703	-1002.87262	1101.914185
-82.243027	-1002.953796	1101.911133
-83.362556	-1003.532593	1101.596313
-84.700859	-1003.939819	1101.742065
-85.520813	-1004.428345	1101.647583
-86.814453	-1004.581787	1101.764893
-87.879097	-1005.09967	1101.856934
-88.898445	-1005.558228	1102.085938
-89.545738	-1005.572266	1102.486572
-90.500122	-1006.290955	1102.78479
-91.053604	-1006.614502	1103.079834
-91.824974	-1006.956848	1103.426392
-92.234344	-1007.362244	1104.144897
-92.671944	-1007.830017	1104.569946
-93.116272	-1008.038696	1105.495117
-93.410225	-1008.697144	1106.18335
-93.986771	-1008.681274	1107.251709
-94.007538	-1009.542236	1108.245361
-94.345139	-1009.747864	1109.34729
-94.386078	-1010.376709	1110.490356
-94.559418	-1010.690491	1111.833618
-94.650681	-1011.130859	1113.328979
-94.687622	-1011.508667	1114.74646
-94.472321	-1012.152283	1116.375244
-94.295685	-1012.720825	1117.803101
-93.527756	-1013.133423	1119.641602
-93.524605	-1013.537048	1121.418701
-92.870438	-1014.244263	1123.42981
-92.492821	-1014.828491	1125.30896
-91.815239	-1015.46814	1127.319702
-91.298958	-1015.858154	1129.565918
-90.552696	-1016.703735	1131.495728
-89.911209	-1017.332153	1133.728394
-89.157616	-1018.136353	1135.829346
-88.320175	-1018.562256	1138.399902
-87.237328	-1019.265259	1140.872559
-86.269005	-1020.010071	1143.148438
-85.086418	-1020.758179	1145.669189
-83.878387	-1021.514587	1148.140625
-82.623985	-1022.193542	1150.620972
-81.783363	-1022.784973	1153.285278
-80.242874	-1023.610962	1155.662476
-78.685608	-1024.328979	1158.274902
-77.357262	-1025.189331	1160.7948
-75.661774	-1026.106201	1163.215454
-73.992897	-1027.073486	1165.661743
-72.23069	-1028.024658	1168.13501
-70.313499	-1028.996338	1170.807495
-68.688942	-1030.021362	1173.300659
-66.766098	-1030.836304	1176.114624
-64.806908	-1031.707031	1178.704468
-62.632671	-1032.83606	1181.37146
-60.520802	-1033.841919	1184.023438
-58.068825	-1034.612671	1186.611206
-55.899925	-1035.661865	1189.349731
-53.253521	-1036.746216	1191.993042
-50.909615	-1037.796753	1194.537354
-48.305786	-1038.967407	1197.223145
-45.839001	-1040.169189	1199.610718
-43.187901	-1041.34314	1202.329102
-40.504425	-1042.635986	1204.608276
-37.601151	-1043.753296	1207.307617
-34.999813	-1044.986328	1209.610107
-31.989321	-1046.144287	1211.953857
-28.994534	-1047.437988	1214.206421
-25.938993	-1048.700317	1216.637207
-22.705265	-1049.913452	1219.022705
-19.443491	-1051.290894	1221.287109
-16.232168	-1052.583984	1223.501587
-13.007126	-1053.914307	1225.638672
-9.796825	-1055.314331	1227.637939
-6.402887	-1056.650513	1229.748413
-3.001678	-1058.035034	1231.708862
0.359273	-1059.299805	1233.650757
3.766289	-1060.533081	1235.587158
7.346434	-1061.98291	1237.302124
10.638672	-1063.439331	1238.897095
14.100506	-1064.879761	1240.510742
17.373152	-1066.26416	1242.093384
20.817539	-1067.656128	1243.66333
24.240776	-1068.921997	1245.457031
27.733791	-1070.318237	1246.698242
31.149361	-1071.628906	1248.081299
34.627056	-1073.042603	1249.364014
38.212467	-1074.429321	1250.706665
41.746136	-1076.08667	1252.02478
45.210014	-1077.540161	1253.058716
48.535069	-1079.031128	1254.118408
51.923874	-1080.551514	1255.336792
55.386738	-1082.058594	1256.301392
58.779469	-1083.668701	1257.525879
62.076313	-1085.158569	1258.503296
65.885269	-1086.95459	1259.510132
69.338989	-1088.730957	1260.306763
73.066429	-1090.281738	1261.342773
76.584221	-1091.958618	1262.208374
80.225121	-1093.658203	1262.984985
83.863312	-1095.251587	1263.603638
87.473839	-1096.924438	1264.399292
90.990082	-1098.637817	1265.091797
94.602661	-1100.222656	1265.255371
98.144135	-1101.921753	1266.312134
101.789215	-1103.535522	1266.370728
105.297661	-1105.156616	1266.878662
109.309975	-1106.67688	1267.07605
113.036278	-1108.221802	1267.391846
116.682693	-1109.626953	1267.665894
120.408096	-1111.05957	1267.693237
124.061493	-1112.396851	1267.694092
127.667839	-1113.573364	1267.601196
131.363571	-1114.68103	1267.38269
135.013947	-1115.830444	1267.202393
138.5578	-1117.037964	1266.938843
142.051636	-1118.111816	1266.208252
145.623184	-1119.365112	1266.034058
149.160477	-1120.463257	1265.407959
152.641647	-1121.702881	1264.97876
155.989258	-1122.914307	1264.194214
159.473907	-1124.184204	1264.065674
162.721451	-1125.264893	1263.119995
165.936722	-1126.560791	1262.808228
169.2332	-1127.793579	1261.793457
172.432861	-1128.906982	1261.227295
175.606979	-1130.080444	1260.446899
178.790176	-1131.369019	1259.818115
181.919418	-1132.525879	1259.051758
184.882248	-1133.826416	1258.566528
187.87294	-1135.02417	1257.5979
190.783844	-1136.24585	1257.21582
193.578873	-1137.520142	1256.376709
196.445007	-1138.723633	1255.815796
199.129211	-1139.925415	1254.931274
202.007172	-1141.134888	1254.480469
204.716766	-1142.548096	1253.819214
207.166763	-1143.70752	1252.992798
209.799973	-1145.16272	1252.232178
212.455917	-1146.358154	1251.76001
215.145645	-1148.009033	1250.810791
217.553421	-1149.432373	1250.459961
220.309662	-1150.734253	1250.376587
222.577454	-1152.185913	1250.008545
225.077377	-1153.450439	1249.285522
227.351395	-1154.855957	1248.720947
229.598389	-1156.135864	1248.137695
231.939743	-1157.596313	1248.182861
234.07634	-1158.799927	1247.156006
236.277863	-1160.33667	1246.936157
238.564636	-1161.657349	1246.456421
240.720718	-1163.148193	1245.872559
242.754028	-1164.421875	1245.447266
244.899658	-1165.972778	1244.689453
247.044479	-1167.222046	1244.475952
249.150269	-1168.959351	1243.532349
251.297409	-1170.575317	1243.324829
253.455597	-1171.992554	1242.396851
255.349869	-1173.325195	1241.753662
257.347992	-1174.784668	1241.564453
259.32077	-1176.37561	1240.893555
261.194122	-1177.683838	1240.208252
263.101105	-1179.147827	1239.752075
265.196259	-1180.735107	1239.524902
266.978333	-1182.139771	1238.984375
268.82132	-1183.582153	1238.586426
270.647156	-1185.206421	1237.952637
272.591064	-1186.691528	1237.755493
274.213867	-1188.221558	1236.885742
275.985291	-1189.710327	1236.536133
277.731598	-1191.356812	1236.170898
279.475403	-1192.793091	1235.953369
281.033478	-1194.298706	1235.444458
282.676666	-1195.700317	1235.458496
284.243256	-1197.127808	1234.741577
285.75589	-1198.515991	1234.757568
287.266571	-1200.033936	1234.362671
288.73584	-1201.493286	1234.34021
290.150269	-1202.925537	1233.764282
291.46875	-1204.175049	1233.633789
292.916199	-1205.688599	1233.665039
294.053345	-1206.79248	1233.00769
295.418549	-1208.180664	1233.084717
296.640717	-1209.354492	1233.033081
297.997253	-1210.618286	1232.750854
299.110352	-1211.68335	1232.219727
300.281311	-1213.029663	1232.05481
301.517059	-1214.020996	1231.722412
302.621887	-1215.318848	1231.698853
303.81485	-1216.505249	1231.182251
305.069031	-1217.467285	1231.009644
306.192352	-1218.488403	1230.373291
307.493042	-1219.331299	1230.41748
308.552185	-1220.376709	1229.60376
309.5448	-1221.683105	1229.020996
310.823944	-1222.376221	1228.864258
312.073761	-1223.223755	1228.260376
313.256714	-1223.970093	1227.863403
314.377136	-1224.644775	1227.082031
315.617279	-1225.311523	1226.687866
316.836487	-1225.648682	1226.011597
317.982147	-1226.532837	1225.24231
319.271423	-1226.886108	1224.653687
320.403564	-1227.65918	1224.24353
321.485016	-1227.908691	1223.397461
322.627045	-1228.559814	1222.957275
323.642914	-1229.1604	1222.18396
324.789062	-1229.333618	1221.605713
325.801971	-1230.008789	1221.224487
326.84726	-1230.580444	1220.483765
327.939789	-1230.98938	1219.841919
329.008972	-1231.458374	1219.096802
330.109802	-1232.37854	1218.223267
331.097321	-1232.886963	1217.650024
331.933441	-1233.403809	1216.918457
332.839142	-1234.05188	1216.294678
333.978149	-1234.336548	1216.110229
334.684052	-1234.856323	1215.360596
335.381073	-1235.645386	1215.183105
335.889343	-1236.519775	1214.730957
336.091095	-1237.250977	1214.291748
336.938385	-1237.883911	1214.2146
337.430298	-1238.707642	1214.238159
338.055481	-1239.180786	1214.210693
338.628265	-1239.876831	1214.329834
339.209137	-1240.380859	1214.351074
339.662842	-1240.988525	1214.661743
339.824127	-1241.409668	1214.251221
340.252777	-1242.164429	1214.447266
340.619781	-1242.375366	1214.63855
341.017181	-1242.779907	1214.557251
341.276794	-1243.036133	1214.480347
341.73233	-1243.481079	1214.832153
341.920135	-1243.600952	1215.122314
342.127686	-1244.046509	1214.95752
342.21048	-1244.498779	1215.175415
342.648865	-1244.452515	1215.146484
342.807556	-1244.494629	1215.240479
343.05423	-1244.775269	1214.956665
343.288208	-1244.648071	1215.144653
343.58075	-1244.484375	1215.04126
343.965759	-1244.381226	1215.146118
344.373199	-1244.359619	1214.947998
344.371674	-1244.273804	1214.852173
344.955292	-1243.702393	1214.758911
345.127289	-1243.32019	1214.073853
345.815948	-1242.933594	1214.03186
345.913208	-1242.654541	1213.279297
346.496002	-1241.851196	1213.241821
346.697449	-1241.341431	1212.470703
347.350067	-1240.369995	1211.95752
347.655518	-1239.477539	1211.73291
348.091278	-1238.812134	1210.745483
348.581665	-1237.838257	1210.354614
348.781067	-1236.822021	1209.407471
349.177551	-1235.911499	1208.765991
349.659546	-1234.803345	1207.947754
350.018829	-1233.67395	1207.275391
350.441925	-1232.346924	1206.45874
350.758972	-1230.92981	1205.557495
351.293396	-1229.446655	1204.859985
351.335266	-1227.729248	1203.812378
351.911652	-1225.920776	1202.749512
352.009644	-1224.015747	1201.889404
352.233765	-1222.104126	1200.948853
352.450562	-1220.011353	1199.85022
352.733276	-1217.799072	1199.022217
352.623718	-1215.620972	1198.010376
352.766571	-1213.097656	1196.930664
352.845917	-1210.679932	1196.260376
352.676056	-1208.113281	1195.291504
352.40921	-1205.680786	1194.59436
352.096405	-1203.153198	1193.825073
351.589294	-1200.571777	1193.014282
350.96991	-1197.902954	1192.293091
350.18576	-1195.106445	1191.459717
349.371796	-1192.474365	1190.7771
348.569214	-1189.578369	1190.231201
347.587128	-1186.778198	1189.965698
346.447327	-1183.836304	1189.342529
345.235748	-1180.887451	1188.928711
343.924042	-1177.812988	1188.523804
342.535248	-1174.797607	1188.31958
340.991974	-1172.052612	1187.749878
339.613281	-1169.055908	1187.758667
337.447479	-1165.518921	1187.070679
335.505341	-1162.359009	1186.914429
333.732452	-1159.3927	1186.410522
331.720886	-1156.153931	1186.17334
329.501312	-1153.123291	1186.060547
327.455566	-1149.943115	1186.026978
325.091278	-1146.412476	1185.950073
322.720062	-1143.00293	1186.113892
320.119232	-1139.720215	1186.017456
317.469757	-1136.432983	1186.28833
314.750549	-1133.031006	1186.375122
311.72287	-1129.320312	1186.23999
308.592102	-1126.160645	1186.571289
305.427795	-1122.64624	1186.886963
301.958801	-1119.527344	1187.216064
298.327637	-1115.88208	1187.935425
294.854187	-1112.757446	1188.39502
291.262146	-1109.571045	1189.219116
287.507996	-1106.744385	1190.057251
283.589478	-1103.800415	1190.274536
279.801605	-1100.877441	1191.491089
275.822235	-1098.097778	1192.473633
271.657104	-1095.247437	1193.354126
267.322388	-1092.630371	1194.159668
263.085022	-1089.979248	1195.2948
258.757874	-1087.006836	1196.567261
254.358063	-1084.5	1197.615356
249.749725	-1082.408691	1198.614136
245.12764	-1080.057983	1199.749756
240.415894	-1077.943115	1200.55957
235.812241	-1075.69812	1201.790039
231.068237	-1073.605347	1202.594971
226.34906	-1071.664673	1203.600586
221.59642	-1069.820923	1204.53186
217.045929	-1068.149292	1205.650635
212.419312	-1066.504761	1206.572998
207.806946	-1064.864868	1207.481934
203.191605	-1063.537842	1208.406738
198.569626	-1062.145996	1209.19812
193.846649	-1060.986694	1210.106567
189.377258	-1060.012573	1210.873657
184.919647	-1058.976562	1211.674072
180.239639	-1057.992676	1212.541016
175.877777	-1057.156738	1213.065796
171.643356	-1056.222534	1214.002319
167.355225	-1055.443604	1214.488159
163.282883	-1054.802856	1215.39917
158.88533	-1054.046875	1215.840454
154.537582	-1053.584717	1216.354004
150.608307	-1053.187744	1216.80249
146.43396	-1052.645996	1217.034424
142.498734	-1052.269409	1217.885986
138.514633	-1051.731445	1218.035156
134.73613	-1051.435547	1218.678955
130.912247	-1050.826416	1218.802734
127.099487	-1050.436523	1219.475952
123.429489	-1050.340698	1219.696655
119.679939	-1049.828735	1220.306396
116.130745	-1049.788452	1220.420166
112.467583	-1049.452515	1220.630493
109.061447	-1049.138916	1221.013184
105.51709	-1049.123291	1221.184937
102.277374	-1048.912598	1221.372314
98.931625	-1048.936035	1221.467407
95.749138	-1048.75769	1221.731934
92.571922	-1048.643799	1222.20813
89.392746	-1048.639282	1222.312866
86.212433	-1048.741943	1222.406006
83.333832	-1048.549316	1222.753296
80.241447	-1048.587402	1222.972778
77.301819	-1048.707031	1223.026001
74.448563	-1048.629883	1223.478516
71.530212	-1048.830444	1223.578613
68.79203	-1048.912231	1223.833496
65.897308	-1049.123291	1224.298584
63.363228	-1049.303345	1224.216797
60.590019	-1049.470459	1224.387207
58.001274	-1049.490479	1224.952148
55.367886	-1049.748047	1224.967041
52.769115	-1049.85376	1225.105713
50.182961	-1050.067139	1225.206909
47.603008	-1050.060059	1225.380981
45.141956	-1050.307007	1225.428833
42.706486	-1050.544312	1225.378662
40.175106	-1050.6604	1225.532593
38.1087	-1050.965088	1225.524414
35.592289	-1051.235718	1225.592896
33.181789	-1051.015015	1225.720947
31.154825	-1051.146606	1226.306152
28.977154	-1051.168579	1226.334717
26.606075	-1051.51355	1226.330688
24.739807	-1051.824951	1226.246704
22.606546	-1051.827881	1226.38269
20.603464	-1051.998657	1226.233276
18.769472	-1052.201294	1226.286865
16.825039	-1052.364868	1226.187012
15.101448	-1052.460205	1226.349609
13.336025	-1052.754639	1226.272583
11.672791	-1052.890381	1226.11792
9.909489	-1053.121094	1225.921143
8.131609	-1053.292847	1225.904541
6.701441	-1053.396729	1225.763184
5.145472	-1053.780396	1225.769287
3.712311	-1053.732422	1225.823608
2.318627	-1054.086792	1225.829224
0.841485	-1054.111206	1225.85437
-0.196563	-1054.444702	1225.169678
-1.6555	-1054.761963	1225.222778
-2.855358	-1054.915039	1225.299683
-3.962615	-1055.087646	1225.359253
-4.97401	-1055.245361	1225.319702
-6.011998	-1055.47644	1225.365234
-6.898263	-1055.614868	1225.338135
-8.067726	-1055.928345	1225.364624
-8.560521	-1056.186768	1225.263428
-9.426979	-1056.339966	1225.312744
-9.813932	-1056.335571	1225.318848
-10.734918	-1056.573608	1225.26355
-11.12411	-1056.65564	1225.344971
-11.466679	-1057.037842	1225.380859
-11.937192	-1057.111572	1225.44519
-12.010747	-1057.402588	1225.413818
-12.529108	-1057.606079	1225.360352
-12.470635	-1057.75061	1225.719971
-12.629046	-1057.835571	1225.835571
-12.923059	-1058.219238	1225.712402
-12.741442	-1058.448975	1225.931274
-12.776727	-1058.38623	1226.278687
-12.538796	-1058.898071	1226.447388
-12.538796	-1058.898071	1226.447388
-12.406125	-1059.328857	1226.399292
-12.451343	-1059.331421	1227.015869
-11.981765	-1059.631348	1227.021606
-11.848722	-1059.790527	1227.144165
-11.154777	-1060.062622	1227.589722
-10.876366	-1060.131104	1227.870239
-10.086216	-1060.401367	1228.33313
-9.510799	-1060.650757	1228.187988
-8.624877	-1060.872803	1228.462646
-7.531409	-1060.966797	1229.115479
-6.374142	-1061.131958	1229.146851
-5.17898	-1061.325195	1229.879517
-4.040504	-1061.598999	1229.887573
-2.364059	-1061.67395	1230.513062
-0.956262	-1062.006592	1230.882935
0.933812	-1062.066772	1231.595581
2.54495	-1062.340332	1231.868774
4.189073	-1062.810791	1232.374146
6.120974	-1062.915771	1233.236328
8.232821	-1063.348755	1233.300293
10.461796	-1063.545532	1234.294678
12.874543	-1064.059814	1234.728516
15.48545	-1064.937012	1235.235352
18.022629	-1065.366943	1235.840576
20.601585	-1066.002075	1236.636597
23.389029	-1066.70874	1237.275757
25.80653	-1067.235352	1238.06311
28.669893	-1067.780396	1239.240601
31.444885	-1068.534546	1240.095093
34.319321	-1069.34375	1240.686523
37.33709	-1070.203369	1241.692749
40.13406	-1071.00415	1242.211304
43.145355	-1071.905762	1243.071411
46.030468	-1072.814209	1243.325073
48.981232	-1073.685547	1244.409668
51.844139	-1074.668457	1244.813354
54.647022	-1075.59436	1245.205322
57.522312	-1076.60022	1246.370117
60.23745	-1077.626221	1246.563354
63.159222	-1078.906006	1247.234863
65.872551	-1079.864136	1247.750488
68.748215	-1080.977417	1247.99939
71.454773	-1082.106079	1248.753662
74.147781	-1083.190308	1248.849121
76.963348	-1084.340576	1249.67627
79.690704	-1085.421631	1249.763794
82.44632	-1086.510376	1250.657227
85.153328	-1087.62207	1250.835327
87.728271	-1088.835327	1251.181152
90.597504	-1089.946655	1251.779297
93.263161	-1091.008423	1251.918579
96.128334	-1092.195068	1252.541016
98.846992	-1093.31897	1252.800415
101.731239	-1094.567505	1252.830078
104.600342	-1095.618286	1253.321655
107.415604	-1096.900879	1253.370361
110.347969	-1098.21228	1253.384277
113.19471	-1099.296509	1253.907227
115.90905	-1100.625977	1254.081299
118.757858	-1101.879761	1254.247314
121.482544	-1103.10083	1254.175537
124.147942	-1104.315186	1254.40332
126.944489	-1105.533081	1254.606812
129.705597	-1106.546875	1254.490479
132.419357	-1107.973511	1254.55835
135.003998	-1109.102539	1254.602417
137.725067	-1110.250366	1254.548462
140.440231	-1111.453613	1254.699219
142.994339	-1112.574585	1254.636353
145.514511	-1113.737183	1254.757812
148.162384	-1115.001953	1254.514893
150.714355	-1116.254272	1254.920044
153.217682	-1117.44458	1254.630737
155.633331	-1118.554932	1254.622925
158.298767	-1120.002197	1254.947266
160.762161	-1121.297607	1254.748901
163.48616	-1122.781006	1254.716675
165.943893	-1124.216919	1254.153198
168.330765	-1125.730713	1254.369507
170.93576	-1127.040649	1254.246948
173.268204	-1128.665771	1254.292969
175.893494	-1130.12146	1254.70105
178.212677	-1131.710449	1254.509399
180.73111	-1133.303467	1254.549194
183.138474	-1134.918457	1254.366211
185.621323	-1136.560913	1255.144775
187.946152	-1138.113037	1255.033569
190.246719	-1139.90918	1254.962036
192.545731	-1141.517578	1255.130371
194.928741	-1143.272949	1255.093872
197.14122	-1144.965942	1254.905884
199.365204	-1146.691528	1255.022217
201.582062	-1148.409668	1254.813843
203.710052	-1150.029907	1254.900513
205.980743	-1151.865967	1254.5
208.290085	-1153.592041	1254.641235
210.373932	-1155.405762	1254.541992
212.423874	-1157.202271	1254.418945
214.644745	-1159.380859	1254.073364
216.766647	-1161.290771	1253.99646
218.735092	-1163.300293	1254.018921
220.985367	-1164.940186	1254.00061
223.047836	-1167.105225	1253.987671
225.197098	-1169.034912	1254.147339
227.351791	-1170.883911	1254.161499
229.474411	-1173.040039	1253.78125
231.553223	-1175.116577	1253.570312
233.648499	-1177.255493	1253.629883
235.792847	-1179.287476	1253.184937
237.918457	-1181.401733	1253.015381
240.042236	-1183.653809	1252.910278
242.121429	-1185.514404	1252.582886
244.117004	-1187.605957	1252.522095
246.156097	-1189.649536	1251.991455
248.291901	-1191.64978	1251.795776
250.281647	-1193.649658	1251.60376
252.269089	-1195.597046	1251.166992
254.233124	-1197.484863	1250.899292
255.894913	-1199.391113	1250.431763
257.85022	-1201.062012	1250.51416
259.699219	-1203.036499	1250.428955
261.559479	-1204.983154	1250.285034
263.267365	-1206.623413	1249.718506
264.901825	-1208.221924	1249.539185
266.670593	-1210.032593	1249.606812
268.284668	-1211.7323	1249.429077
269.813904	-1213.490356	1249.006958
271.313873	-1215.185425	1249.029785
272.803223	-1216.643433	1249.070801
274.139191	-1218.475586	1248.727173
275.589569	-1220.129272	1248.516113
276.960815	-1221.454834	1248.521606
278.406372	-1222.981201	1248.426392
279.637451	-1224.198853	1248.367554
281.062714	-1225.547974	1248.430176
282.349609	-1226.808105	1248.37146
283.791412	-1228.156494	1248.473755
285.01593	-1229.326538	1248.075195
286.460907	-1230.715454	1248.127441
287.756775	-1231.890869	1248.065308
289.150299	-1233.09082	1248.239624
290.333771	-1234.527344	1247.678467
291.693115	-1235.710083	1247.86853
292.947449	-1236.897949	1247.772949
294.145569	-1238.22583	1247.548462
295.484253	-1239.481445	1247.670898
296.560944	-1240.749268	1247.323975
297.767059	-1241.86731	1247.124878
298.833099	-1243.043457	1247.018677
300.149109	-1244.179565	1247.184326
301.160034	-1245.452148	1247.03125
302.165436	-1246.580811	1246.491577
303.202118	-1247.72583	1246.477051
304.393585	-1248.823853	1246.731079
305.349915	-1250.043335	1246.518066
306.226288	-1251.243774	1246.510132
307.244629	-1252.073975	1246.284546
308.181854	-1253.526611	1246.520264
309.164856	-1254.296387	1246.375366
309.989166	-1255.664673	1246.500977
310.802734	-1256.679321	1246.196533
311.614624	-1257.814941	1246.319336
312.508942	-1258.529663	1245.970337
313.132355	-1259.853882	1246.148071
314.111206	-1260.843018	1246.101685
314.869904	-1262.034912	1246.199707
315.519165	-1262.780762	1246.18457
316.216583	-1263.704956	1246.167603
316.746124	-1265.064697	1246.153809
317.352875	-1265.96228	1246.019897
317.935181	-1266.923218	1245.950073
318.392609	-1267.836426	1245.433472
318.929352	-1268.635986	1245.550049
319.621857	-1269.49707	1245.323486
320.156708	-1270.505005	1245.293701
320.679108	-1271.275879	1245.253052
321.429901	-1272.227905	1245.245117
321.789398	-1273.380737	1244.936646
322.52182	-1274.078491	1244.893311
322.855499	-1274.981812	1244.829346
323.428406	-1275.57019	1244.549438
323.920319	-1276.248901	1244.594116
324.450195	-1277.037354	1244.423218
324.675018	-1277.542358	1244.325317
325.305145	-1278.126343	1244.008667
325.470612	-1278.641724	1243.904907
326.083893	-1279.293945	1243.949097
326.308075	-1279.907104	1243.97937
326.98645	-1280.087524	1243.975098
326.988678	-1280.739502	1243.534424
327.578064	-1280.90271	1243.407349
327.916138	-1281.227295	1243.505127
328.385376	-1281.307739	1243.321289
328.842285	-1281.490967	1243.575073
329.184998	-1281.872437	1243.457642
329.489929	-1281.832397	1243.318359
329.908173	-1281.991455	1243.257935
330.273407	-1281.712158	1243.426636
330.649475	-1281.925049	1243.191284
331.064514	-1281.554932	1243.358887
331.427795	-1281.728516	1243.325439
331.80838	-1281.512695	1243.454956
332.149597	-1281.239258	1243.304565
332.583557	-1281.038818	1243.419678
332.683319	-1280.831177	1243.271118
333.106506	-1280.668091	1243.263428
333.373169	-1280.408081	1243.350586
333.876404	-1280.00708	1243.370728
333.847137	-1279.988159	1243.059814
334.425262	-1279.272583	1243.015381
334.476471	-1279.212158	1242.914185
334.870422	-1278.596558	1242.64563
335.301544	-1278.050659	1242.742065
335.501984	-1277.828369	1242.292114
335.96167	-1276.900513	1242.275146
336.236664	-1276.220581	1242.051025
336.851471	-1275.308716	1241.635132
337.093445	-1274.824585	1241.6427
337.366913	-1274.023438	1241.539062
337.473328	-1273.39856	1241.299805
337.851471	-1272.343628	1240.798462
338.336761	-1271.709229	1240.789673
338.578827	-1270.512695	1240.187256
338.742706	-1269.657104	1239.900391
339.011505	-1268.83252	1239.952393
339.133453	-1267.868408	1239.496216
339.576172	-1267.012329	1239.116089
339.672791	-1266.496094	1238.647217
339.668701	-1265.603027	1238.473145
340.115173	-1265.200317	1238.29248
340.024048	-1264.375854	1238.085205
340.133606	-1263.911377	1237.840332
339.919159	-1263.275391	1237.827515
339.852997	-1262.62561	1237.509155
340.30896	-1261.772827	1237.69043
340.297668	-1260.868042	1237.527344
340.103149	-1260.202148	1236.835693
340.310974	-1259.675781	1236.873657
340.276703	-1258.358521	1236.675903
340.264313	-1257.545776	1236.360596
340.362396	-1256.60083	1236.214111
340.432678	-1255.503662	1235.483154
340.279724	-1253.869995	1235.282715
340.355988	-1252.875	1235.358398
340.331085	-1251.487793	1234.772217
340.27887	-1250.317017	1234.649902
340.313232	-1249.353271	1233.795654
340.295959	-1247.920898	1233.900879
340.369751	-1246.596313	1233.354248
340.223694	-1245.178711	1232.668457
339.990204	-1244.083374	1232.434448
339.96402	-1242.653809	1231.911011
339.793213	-1241.486328	1231.75
339.771759	-1240.053711	1231.144531
339.549011	-1238.923218	1230.542969
339.604797	-1237.741211	1229.632324
339.22699	-1236.504395	1229.228882
339.372742	-1235.157349	1228.821045
339.005035	-1233.740479	1227.805054
338.9711	-1232.191528	1226.891479
338.740448	-1230.862305	1226.38208
338.932312	-1229.326294	1225.556885
338.598846	-1227.571411	1224.57312
338.615997	-1226.124146	1223.495239
338.477814	-1224.516113	1222.631958
338.50351	-1222.897827	1221.801025
338.253632	-1220.972534	1220.333862
338.496826	-1219.434082	1219.196411
338.213287	-1217.693726	1217.863647
338.449219	-1215.699585	1216.61145
338.257385	-1213.996826	1215.30127
338.260162	-1211.899292	1213.725952
337.98996	-1210.243774	1212.181763
337.993408	-1208.220093	1210.581421
337.957764	-1206.394165	1209.174561
337.912872	-1204.770752	1207.316162
337.917511	-1203.106079	1205.775635
337.876068	-1201.369873	1203.774292
337.640991	-1199.316528	1201.949707
337.473969	-1197.275146	1199.956543
337.259613	-1195.113159	1197.973633
337.351471	-1193.050293	1196.012207
337.147217	-1190.950928	1194.012817
336.879181	-1188.526367	1191.844604
336.620758	-1186.149292	1189.623291
336.561462	-1183.794434	1187.75
335.98877	-1181.103271	1185.289917
335.778931	-1178.323608	1182.926392
335.164001	-1175.786865	1180.245728
334.821655	-1173.019043	1177.683228
334.279083	-1170.327759	1175.085083
333.662598	-1167.549072	1172.238525
333.050934	-1164.899536	1169.614868
332.194397	-1162.019775	1166.9823
331.479401	-1159.132202	1164.699951
330.549164	-1156.327759	1162.060425
329.705017	-1153.42395	1159.837646
328.526123	-1150.953491	1157.302612
327.495087	-1148.18042	1154.522339
326.248352	-1145.502319	1152.052368
325.078094	-1142.681396	1149.650391
323.590027	-1140.090088	1147.173096
322.281708	-1137.390381	1144.796753
320.704315	-1134.832886	1142.670898
319.136993	-1132.269775	1140.467529
317.826569	-1129.812622	1138.736084
316.080627	-1127.36853	1136.603027
314.387848	-1124.955322	1134.757568
312.599884	-1122.438354	1132.728882
310.638153	-1120.376587	1130.860962
308.894897	-1117.894897	1129.026001
306.984741	-1115.763062	1127.249634
305.077698	-1113.397461	1125.717041
302.957397	-1111.197021	1124.299805
300.938782	-1109.069336	1122.846924
298.713898	-1106.906616	1121.36145
296.614899	-1104.565186	1120.245605
294.539948	-1102.681152	1119.368896
292.432983	-1100.562256	1118.461304
290.112762	-1098.643066	1117.526001
287.965698	-1096.838867	1116.755371
285.546509	-1094.855591	1115.782471
283.352722	-1093.091553	1115.152222
280.997162	-1091.261841	1114.537109
278.600189	-1089.479126	1113.73877
276.301422	-1087.432007	1113.415894
273.769409	-1085.748047	1112.644287
271.284576	-1083.718994	1112.219727
268.743988	-1081.918701	1111.563721
266.237854	-1080.063354	1111.263916
263.526398	-1078.283813	1110.786377
260.988525	-1076.297485	1110.511108
258.259033	-1074.15686	1109.857178
255.588425	-1072.464233	1109.737671
252.791428	-1070.553345	1109.023438
250.192383	-1068.823242	1108.996582
247.438477	-1066.934326	1108.738892
244.860413	-1065.114258	1108.64563
242.234192	-1063.290894	1108.607422
239.343689	-1061.57959	1108.247314
236.633453	-1060.05188	1108.248047
233.820206	-1058.192993	1108.067627
231.066315	-1056.713013	1108.099609
228.346298	-1055.05127	1108.036499
225.497299	-1053.348511	1108.554077
222.724182	-1051.872681	1108.563477
220.130844	-1050.14624	1109.259766
217.156387	-1048.61792	1109.623657
214.661636	-1047.085205	1110.507202
211.937454	-1045.606445	1111.336304
209.175003	-1044.129883	1112.312378
206.552567	-1042.657593	1113.706055
203.835922	-1041.304443	1114.993896
201.336411	-1040.060547	1116.557373
198.814331	-1038.711304	1118.141602
196.320953	-1037.846313	1119.932373
193.731247	-1036.649414	1121.97583
191.405975	-1035.763428	1124.119995
188.964767	-1035.032959	1126.21167
186.528412	-1034.096191	1128.395142
184.323593	-1033.789673	1130.896729
182.019501	-1033.174683	1133.297729
179.580704	-1032.660278	1135.737427
177.412201	-1032.268433	1138.611084
175.282547	-1031.293823	1141.857056
173.215973	-1031.260498	1144.602295
171.117538	-1031.14856	1147.649414
169.052139	-1031.187134	1150.670776
167.156342	-1031.240723	1153.805908
165.169098	-1031.567383	1156.741821
163.494614	-1032.042114	1160.043701
161.527069	-1032.262207	1163.259155
159.929214	-1032.99707	1166.539795
158.299454	-1033.769043	1169.688965
156.706406	-1034.445068	1172.883911
155.166183	-1035.212036	1175.90271
153.767029	-1036.130493	1178.968262
152.204208	-1036.970459	1181.913208
150.824692	-1037.989258	1184.818604
149.634583	-1039.102661	1187.70813
148.332779	-1040.260498	1190.317871
147.081573	-1041.4375	1193.00415
145.88884	-1042.549072	1195.848755
144.85582	-1043.81665	1198.489014
143.87355	-1045.210449	1201.069092
142.88443	-1046.489136	1203.708008
141.91011	-1047.876709	1206.023193
141.156662	-1049.25415	1208.421143
140.327774	-1050.668335	1210.706909
139.70079	-1052.178223	1212.942139
138.964661	-1053.531982	1214.978394
138.438705	-1055.00061	1217.115845
137.943878	-1056.613525	1218.947876
137.451279	-1058.161133	1220.932983
137.068924	-1059.650146	1222.99231
136.699585	-1061.315918	1224.793213
136.356216	-1062.835938	1226.519653
136.036774	-1064.400269	1228.15564
135.994537	-1066.062012	1229.812378
135.586716	-1067.629028	1231.466797
135.555801	-1069.35437	1232.914185
135.523544	-1071.099487	1234.684204
135.655167	-1072.815552	1236.038696
135.736481	-1074.522827	1237.695679
135.615707	-1076.161377	1239.525757
135.628479	-1078.003296	1241.007568
135.986282	-1079.783691	1242.351685
136.017609	-1081.647949	1243.782471
136.244705	-1083.559448	1245.135254
136.642303	-1085.492065	1246.425049
136.931656	-1087.478882	1247.862305
137.369156	-1089.124756	1249.627686
137.755173	-1091.081909	1250.75354
138.437607	-1092.995605	1251.911133
138.920151	-1095.012329	1252.916748
139.41893	-1097.148438	1254.039062
140.248535	-1099.192505	1255.183838
140.913391	-1101.282715	1256.020142
141.616608	-1103.449463	1257.230713
142.47699	-1105.412598	1258.3302
143.21106	-1107.351318	1259.089722
144.055054	-1109.426514	1260.088501
144.758224	-1111.346558	1260.935303
145.797394	-1113.384521	1261.819336
146.406464	-1115.317505	1262.593506
146.904465	-1117.220581	1263.357544
147.680664	-1119.151367	1263.889038
148.348495	-1120.93689	1264.802002
149.127213	-1122.81958	1265.301025
149.729324	-1124.530029	1266.302124
150.582428	-1126.252319	1266.522339
151.333771	-1128.224609	1267.317627
152.201996	-1129.689697	1267.980469
152.678268	-1131.377441	1268.404907
153.658844	-1132.854614	1269.174805
154.589218	-1134.653198	1269.428589
155.374329	-1136.09436	1269.9552
156.126923	-1137.521484	1270.313354
156.895935	-1138.839722	1270.991699
157.68161	-1140.178833	1271.037354
158.46669	-1141.638184	1271.887939
159.175125	-1143.039307	1272.037354
159.788422	-1144.178833	1272.694336
160.645828	-1145.560791	1273.187134
161.43428	-1146.844971	1273.343506
161.943695	-1148.111572	1273.464844
162.844635	-1149.30127	1274.046753
163.584732	-1150.540771	1274.466797
164.375443	-1151.671753	1274.574707
165.074402	-1152.83728	1275.270386
165.701202	-1154.036499	1275.289795
166.427002	-1154.977905	1275.481567
167.216797	-1156.128784	1276.174194
167.886658	-1157.112671	1276.247559
168.566986	-1158.110107	1276.573608
169.296143	-1159.202881	1276.882202
169.966797	-1160.21521	1277.123047
170.679108	-1161.354248	1277.411377
171.497284	-1162.281616	1277.870361
172.037155	-1163.404419	1277.983643
172.767166	-1164.356812	1278.345947
173.527603	-1165.606079	1278.536743
174.39679	-1166.409424	1278.518433
175.173721	-1167.530884	1279.307251
175.955231	-1168.538818	1279.375977
176.657898	-1169.54126	1279.540771
