FrameNumber,TimeStamp_ms,TimeFromStart_s,X_mm,Y_mm,Z_mm,QX,QY,QZ,QW,RX_rad,RY_rad,RZ_rad,TCP_X_m,TCP_Y_m,TCP_Z_m,TCP_RX_rad,TCP_RY_rad,TCP_RZ_rad
0,1774597079719,0,273.194,-162.687,456.12,0.206899,0.683705,-0.664035,0.220903,0.571951,1.890038,-1.835661,0.273194,-0.162687,0.45612,-2.205189,-2.215223,-0.035373
1,1774597079730,0.011111,273.192,-162.683,456.121,0.206877,0.683757,-0.663993,0.220888,0.571896,1.890197,-1.835561,0.273192,-0.162683,0.456121,-2.205225,-2.215206,-0.035343
2,1774597079741,0.022223,273.188,-162.695,456.115,0.206871,0.683722,-0.664001,0.220978,0.571853,1.890008,-1.835495,0.273188,-0.162695,0.456115,-2.205254,-2.215156,-0.035348
3,1774597079752,0.033334,273.198,-162.699,456.099,0.20682,0.683785,-0.663956,0.220965,0.571716,1.890197,-1.835384,0.273198,-0.162699,0.456099,-2.205206,-2.215131,-0.035267
4,1774597079763,0.044445,273.194,-162.693,456.108,0.20684,0.683794,-0.663949,0.220943,0.571778,1.890243,-1.835384,0.273194,-0.162693,0.456108,-2.205251,-2.215123,-0.035274
5,1774597079774,0.055557,273.184,-162.694,456.114,0.206757,0.683789,-0.66398,0.22094,0.57155,1.890233,-1.835473,0.273184,-0.162694,0.456114,-2.20522,-2.215175,-0.035336
6,1774597079785,0.066668,273.193,-162.697,456.112,0.206758,0.683776,-0.663993,0.22094,0.571552,1.890197,-1.835509,0.273193,-0.162697,0.456112,-2.205202,-2.215156,-0.03533
7,1774597079796,0.077779,273.185,-162.7,456.12,0.20675,0.68376,-0.664014,0.220937,0.57153,1.890155,-1.83557,0.273185,-0.1627,0.45612,-2.205226,-2.215207,-0.035342
8,1774597079807,0.08889,273.197,-162.699,456.101,0.206759,0.683792,-0.663969,0.220963,0.571549,1.890217,-1.835422,0.273197,-0.162699,0.456101,-2.205243,-2.215142,-0.035258
9,1774597079819,0.100002,273.191,-162.689,456.107,0.206758,0.683777,-0.663983,0.220969,0.571542,1.890169,-1.835454,0.273191,-0.162689,0.456107,-2.205204,-2.215183,-0.035284
10,1774597079830,0.111113,273.202,-162.682,456.101,0.206761,0.683797,-0.66398,0.220915,0.571567,1.890278,-1.835496,0.273202,-0.162682,0.456101,-2.205162,-2.215193,-0.035236
11,1774597079841,0.122224,273.193,-162.687,456.12,0.206802,0.683803,-0.663958,0.220922,0.571679,1.890291,-1.835429,0.273193,-0.162687,0.45612,-2.205225,-2.215206,-0.035342
12,1774597079852,0.133336,273.211,-162.687,456.087,0.206861,0.683752,-0.664001,0.220895,0.57185,1.890175,-1.835575,0.273211,-0.162687,0.456087,-2.205136,-2.215165,-0.035192
13,1774597079863,0.144447,273.186,-162.698,456.118,0.206847,0.683718,-0.664055,0.220853,0.571824,1.890122,-1.835765,0.273186,-0.162698,0.456118,-2.205234,-2.215189,-0.035358
14,1774597079874,0.155558,273.21,-162.688,456.096,0.206734,0.683696,-0.664107,0.22087,0.571508,1.890045,-1.835892,0.27321,-0.162688,0.456096,-2.205157,-2.215161,-0.035229
15,1774597079885,0.166669,273.19,-162.688,456.113,0.206652,0.683724,-0.664107,0.220858,0.571282,1.890136,-1.835904,0.27319,-0.162688,0.456113,-2.205187,-2.215166,-0.035304
16,1774597079896,0.17778,273.187,-162.697,456.125,0.206678,0.683714,-0.664102,0.220882,0.571347,1.890081,-1.835866,0.273187,-0.162697,0.456125,-2.205246,-2.215174,-0.035332
17,1774597079907,0.188892,273.205,-162.7,456.095,0.206709,0.683699,-0.66412,0.220842,0.571446,1.890082,-1.835956,0.273205,-0.1627,0.456095,-2.205173,-2.215151,-0.035255
18,1774597079919,0.200003,273.193,-162.686,456.118,0.206716,0.683699,-0.664116,0.220849,0.571464,1.890076,-1.835937,0.273193,-0.162686,0.456118,-2.205175,-2.215237,-0.035373
19,1774597079930,0.211114,273.191,-162.699,456.112,0.206746,0.683694,-0.664109,0.220857,0.571544,1.890054,-1.83591,0.273191,-0.162699,0.456112,-2.205274,-2.215095,-0.035316
20,1774597079941,0.222225,273.206,-162.698,456.103,0.206748,0.683692,-0.664107,0.220867,0.571544,1.890037,-1.835895,0.273206,-0.162698,0.456103,-2.205227,-2.215127,-0.035304
21,1774597079952,0.233337,273.19,-162.693,456.116,0.206717,0.683698,-0.664122,0.220834,0.571471,1.890086,-1.835968,0.27319,-0.162693,0.456116,-2.205254,-2.215181,-0.035275
22,1774597079963,0.244448,273.194,-162.691,456.115,0.206695,0.683708,-0.664116,0.220843,0.571408,1.890105,-1.835943,0.273194,-0.162691,0.456115,-2.205193,-2.215226,-0.035331
23,1774597079974,0.255559,273.198,-162.695,456.103,0.206671,0.683727,-0.664101,0.220849,0.571339,1.890152,-1.835897,0.273198,-0.162695,0.456103,-2.205206,-2.215158,-0.035288
24,1774597079985,0.266679,273.194,-162.686,456.115,0.206607,0.683743,-0.664105,0.220849,0.571163,1.890195,-1.835908,0.273194,-0.162686,0.456115,-2.205195,-2.215203,-0.035363
25,1774597079996,0.27779,273.186,-162.698,456.12,0.206654,0.683773,-0.664071,0.220814,0.571302,1.890313,-1.835848,0.273186,-0.162698,0.45612,-2.20524,-2.215141,-0.035326
26,1774597080007,0.288901,273.198,-162.689,456.114,0.206634,0.683801,-0.664051,0.220803,0.57125,1.890404,-1.835804,0.273198,-0.162689,0.456114,-2.205214,-2.215195,-0.035347
27,1774597080019,0.300012,273.201,-162.685,456.102,0.206642,0.683812,-0.664017,0.220865,0.571255,1.890372,-1.835648,0.273201,-0.162685,0.456102,-2.20513,-2.21524,-0.035246
28,1774597080030,0.311123,273.195,-162.689,456.107,0.206643,0.683819,-0.664008,0.220871,0.571255,1.890385,-1.835617,0.273195,-0.162689,0.456107,-2.205167,-2.2152,-0.035314
29,1774597080041,0.322235,273.205,-162.695,456.106,0.206699,0.683845,-0.663968,0.22086,0.571413,1.890467,-1.835517,0.273205,-0.162695,0.456106,-2.205162,-2.215195,-0.035329
30,1774597080052,0.333346,273.197,-162.692,456.108,0.206645,0.683836,-0.663983,0.220892,0.571253,1.890411,-1.835528,0.273197,-0.162692,0.456108,-2.205229,-2.215155,-0.035258
31,1774597080063,0.344457,273.185,-162.685,456.125,0.206602,0.683774,-0.664057,0.220902,0.571131,1.890229,-1.835722,0.273185,-0.162685,0.456125,-2.205252,-2.215208,-0.035365
32,1774597080074,0.355569,273.193,-162.697,456.104,0.206636,0.683805,-0.664013,0.220904,0.571227,1.890313,-1.835601,0.273193,-0.162697,0.456104,-2.205195,-2.215121,-0.035298
33,1774597080085,0.36668,273.193,-162.688,456.111,0.20663,0.683777,-0.664053,0.220877,0.571217,1.890262,-1.835736,0.273193,-0.162688,0.456111,-2.205168,-2.215228,-0.035335
34,1774597080096,0.377791,273.189,-162.69,456.119,0.206602,0.683736,-0.664098,0.220895,0.571134,1.890132,-1.835842,0.273189,-0.16269,0.456119,-2.205245,-2.2152,-0.035353
35,1774597080107,0.388903,273.196,-162.687,456.099,0.206607,0.683727,-0.664104,0.2209,0.571145,1.890102,-1.835856,0.273196,-0.162687,0.456099,-2.205226,-2.215152,-0.0353
36,1774597080119,0.400014,273.196,-162.692,456.106,0.206626,0.683745,-0.664083,0.220889,0.571203,1.890163,-1.835808,0.273196,-0.162692,0.456106,-2.2052,-2.215126,-0.035283
37,1774597080130,0.411125,273.193,-162.692,456.11,0.206633,0.683738,-0.664088,0.220889,0.571221,1.890143,-1.835822,0.273193,-0.162692,0.45611,-2.205174,-2.215207,-0.035324
38,1774597080141,0.422237,273.202,-162.701,456.107,0.206635,0.683686,-0.664146,0.220875,0.571231,1.890014,-1.835994,0.273202,-0.162701,0.456107,-2.205207,-2.215133,-0.035293
39,1774597080152,0.433348,273.217,-162.694,456.086,0.206624,0.683687,-0.664149,0.220873,0.5712,1.890018,-1.836005,0.273217,-0.162694,0.456086,-2.205136,-2.215113,-0.035244
40,1774597080163,0.444459,273.191,-162.685,456.115,0.20662,0.683689,-0.664149,0.220872,0.571192,1.890023,-1.836007,0.273191,-0.162685,0.456115,-2.205214,-2.215195,-0.035347
41,1774597080174,0.45557,273.197,-162.688,456.118,0.20666,0.683658,-0.66418,0.220836,0.571312,1.889975,-1.836127,0.273197,-0.162688,0.456118,-2.205192,-2.215199,-0.03531
42,1774597080185,0.466681,273.178,-162.693,456.125,0.20665,0.683655,-0.664181,0.220853,0.571278,1.889949,-1.836114,0.273178,-0.162693,0.456125,-2.20526,-2.21519,-0.03538
43,1774597080196,0.477792,273.198,-162.685,456.116,0.206656,0.683638,-0.664194,0.220859,0.571295,1.889896,-1.836142,0.273198,-0.162685,0.456116,-2.205222,-2.215202,-0.03529
44,1774597080207,0.488904,273.188,-162.696,456.113,0.206653,0.683638,-0.664186,0.220887,0.571276,1.889867,-1.836094,0.273188,-0.162696,0.456113,-2.205248,-2.215123,-0.035342
45,1774597080219,0.500015,273.189,-162.69,456.112,0.206641,0.683627,-0.664204,0.220877,0.571248,1.889847,-1.836155,0.273189,-0.16269,0.456112,-2.205199,-2.215178,-0.035299
46,1774597080230,0.511126,273.205,-162.696,456.094,0.206684,0.683632,-0.66419,0.220864,0.571371,1.889875,-1.836126,0.273205,-0.162696,0.456094,-2.205192,-2.215117,-0.035245
47,1774597080241,0.522238,273.2,-162.684,456.104,0.206558,0.683632,-0.664198,0.220956,0.570995,1.889783,-1.836062,0.2732,-0.162684,0.456104,-2.205146,-2.215231,-0.035299
48,1774597080252,0.533349,273.194,-162.681,456.109,0.206562,0.683612,-0.664217,0.220957,0.571003,1.889727,-1.836113,0.273194,-0.162681,0.456109,-2.205219,-2.215198,-0.035239
49,1774597080263,0.544461,273.207,-162.691,456.097,0.206558,0.683633,-0.664193,0.220972,0.570988,1.889769,-1.836031,0.273207,-0.162691,0.456097,-2.205151,-2.215182,-0.03524
50,1774597080274,0.555572,273.201,-162.696,456.097,0.206604,0.683662,-0.664162,0.220931,0.571128,1.88989,-1.835984,0.273201,-0.162696,0.456097,-2.205123,-2.215155,-0.03529
51,1774597080285,0.566683,273.194,-162.692,456.117,0.206598,0.683647,-0.664176,0.22094,0.57111,1.889839,-1.836015,0.273194,-0.162692,0.456117,-2.205214,-2.215195,-0.035347
52,1774597080296,0.577794,273.195,-162.685,456.113,0.206585,0.683647,-0.664176,0.220954,0.571068,1.889825,-1.836,0.273195,-0.162685,0.456113,-2.205161,-2.215193,-0.035303
53,1774597080307,0.588905,273.199,-162.688,456.109,0.206656,0.683663,-0.664144,0.220933,0.571272,1.88989,-1.835935,0.273199,-0.162688,0.456109,-2.205212,-2.215165,-0.0353
54,1774597080319,0.600017,273.199,-162.689,456.103,0.206612,0.683613,-0.664204,0.22095,0.571144,1.889735,-1.836082,0.273199,-0.162689,0.456103,-2.205161,-2.215193,-0.035303
55,1774597080330,0.611128,273.193,-162.703,456.11,0.206616,0.68363,-0.664189,0.220937,0.571161,1.889796,-1.836052,0.273193,-0.162703,0.45611,-2.205227,-2.215155,-0.035325
56,1774597080341,0.622239,273.2,-162.69,456.11,0.206661,0.683574,-0.664227,0.220953,0.57128,1.889625,-1.836144,0.2732,-0.16269,0.45611,-2.205201,-2.215181,-0.035325
57,1774597080352,0.63335,273.197,-162.683,456.11,0.206689,0.683616,-0.66418,0.220938,0.571362,1.889755,-1.836029,0.273197,-0.162683,0.45611,-2.205211,-2.21519,-0.035295
58,1774597080363,0.644462,273.19,-162.683,456.125,0.206713,0.683604,-0.664193,0.220915,0.571434,1.889745,-1.836086,0.27319,-0.162683,0.456125,-2.205226,-2.215234,-0.035364
59,1774597080374,0.655573,273.19,-162.696,456.107,0.206698,0.683574,-0.664214,0.22096,0.571379,1.889617,-1.8361,0.27319,-0.162696,0.456107,-2.205231,-2.215157,-0.035284
60,1774597080385,0.666684,273.189,-162.688,456.122,0.206708,0.683576,-0.664207,0.220966,0.571404,1.889616,-1.836074,0.273189,-0.162688,0.456122,-2.205174,-2.215234,-0.035346
61,1774597080396,0.677795,273.182,-162.69,456.129,0.206677,0.683582,-0.664215,0.220951,0.571323,1.889648,-1.836113,0.273182,-0.16269,0.456129,-2.205214,-2.21525,-0.03539
62,1774597080407,0.688907,273.187,-162.694,456.107,0.206658,0.68366,-0.664127,0.220991,0.57126,1.889825,-1.83583,0.273187,-0.162694,0.456107,-2.205222,-2.215175,-0.035268
63,1774597080419,0.700018,273.186,-162.692,456.12,0.20664,0.683631,-0.664176,0.22095,0.571222,1.889786,-1.836006,0.273186,-0.162692,0.45612,-2.205195,-2.215203,-0.035362
64,1774597080430,0.711129,273.197,-162.689,456.114,0.206661,0.683631,-0.664178,0.220924,0.571289,1.889811,-1.836037,0.273197,-0.162689,0.456114,-2.205167,-2.215227,-0.035335
65,1774597080441,0.722241,273.185,-162.703,456.123,0.206618,0.683596,-0.664231,0.220914,0.571173,1.889724,-1.836194,0.273185,-0.162703,0.456123,-2.205295,-2.215118,-0.035375
66,1774597080452,0.73338,273.185,-162.703,456.123,0.206611,0.683594,-0.664237,0.220909,0.571154,1.889725,-1.836214,0.273185,-0.162703,0.456123,-2.205295,-2.215118,-0.035375
67,1774597080463,0.744491,273.193,-162.692,456.114,0.206622,0.683594,-0.664233,0.220911,0.571185,1.889722,-1.8362,0.273193,-0.162692,0.456114,-2.20518,-2.215187,-0.035314
68,1774597080474,0.755602,273.207,-162.686,456.1,0.206725,0.683544,-0.664266,0.220867,0.571483,1.889628,-1.836336,0.273207,-0.162686,0.4561,-2.205156,-2.215186,-0.035225
69,1774597080485,0.766714,273.193,-162.694,456.112,0.206749,0.683588,-0.664213,0.220871,0.571549,1.889745,-1.836183,0.273193,-0.162694,0.456112,-2.205226,-2.215152,-0.0353
70,1774597080496,0.777825,273.189,-162.686,456.124,0.206723,0.683613,-0.664204,0.220843,0.571485,1.889843,-1.836188,0.273189,-0.162686,0.456124,-2.205219,-2.215227,-0.035353
71,1774597080507,0.788936,273.198,-162.702,456.099,0.20674,0.683588,-0.664213,0.22088,0.571519,1.889737,-1.836176,0.273198,-0.162702,0.456099,-2.205182,-2.215135,-0.035298
72,1774597080519,0.800048,273.182,-162.701,456.128,0.206749,0.683566,-0.664243,0.220846,0.571556,1.889711,-1.836293,0.273182,-0.162701,0.456128,-2.205267,-2.215197,-0.03539
73,1774597080530,0.811159,273.197,-162.691,456.103,0.206754,0.683555,-0.664248,0.220863,0.571563,1.889662,-1.836288,0.273197,-0.162691,0.456103,-2.205192,-2.215171,-0.035288
74,1774597080541,0.82227,273.189,-162.69,456.119,0.206744,0.683536,-0.664267,0.220871,0.571534,1.889602,-1.836334,0.273189,-0.16269,0.456119,-2.205272,-2.215174,-0.035354
75,1774597080552,0.833382,273.204,-162.687,456.106,0.206799,0.683559,-0.664238,0.220838,0.571697,1.889697,-1.836285,0.273204,-0.162687,0.456106,-2.205134,-2.215219,-0.035303
76,1774597080563,0.844493,273.183,-162.7,456.108,0.206791,0.683539,-0.664232,0.220924,0.571647,1.889558,-1.836187,0.273183,-0.1627,0.456108,-2.205246,-2.215146,-0.03531
77,1774597080574,0.855604,273.211,-162.69,456.096,0.20677,0.683544,-0.66424,0.220906,0.571595,1.889588,-1.836224,0.273211,-0.16269,0.456096,-2.205142,-2.215146,-0.035276
78,1774597080585,0.866716,273.186,-162.686,456.13,0.206761,0.683535,-0.664251,0.220909,0.57157,1.88956,-1.836253,0.273186,-0.162686,0.45613,-2.205252,-2.215208,-0.035365
79,1774597080596,0.877827,273.191,-162.686,456.109,0.206765,0.683511,-0.664276,0.220903,0.571581,1.889501,-1.836327,0.273191,-0.162686,0.456109,-2.205159,-2.215218,-0.035298
80,1774597080607,0.888938,273.195,-162.696,456.107,0.206771,0.683503,-0.664286,0.220893,0.571601,1.889489,-1.836364,0.273195,-0.162696,0.456107,-2.205194,-2.215147,-0.035293
81,1774597080619,0.900049,273.186,-162.689,456.127,0.206767,0.683496,-0.664297,0.220887,0.571591,1.889475,-1.8364,0.273186,-0.162689,0.456127,-2.205232,-2.215186,-0.035332
82,1774597080630,0.91116,273.186,-162.689,456.125,0.206822,0.683501,-0.664312,0.220771,0.57178,1.889606,-1.836557,0.273186,-0.162689,0.456125,-2.205252,-2.215208,-0.035365
83,1774597080641,0.922272,273.205,-162.682,456.094,0.206813,0.683525,-0.664293,0.220765,0.571756,1.889678,-1.836508,0.273205,-0.162682,0.456094,-2.205176,-2.21518,-0.035237
84,1774597080652,0.933383,273.195,-162.694,456.106,0.206843,0.683545,-0.66428,0.220714,0.571854,1.889783,-1.836523,0.273195,-0.162694,0.456106,-2.205234,-2.21516,-0.035243
85,1774597080663,0.944494,273.196,-162.685,456.114,0.206819,0.683525,-0.664292,0.220763,0.571774,1.88968,-1.836507,0.273196,-0.162685,0.456114,-2.205194,-2.215201,-0.035336
86,1774597080674,0.955605,273.183,-162.693,456.114,0.206769,0.683546,-0.66429,0.220751,0.571638,1.88975,-1.836513,0.273183,-0.162693,0.456114,-2.205262,-2.215163,-0.035291
87,1774597080685,0.966717,273.198,-162.686,456.105,0.206794,0.683556,-0.664272,0.220748,0.571708,1.889781,-1.836467,0.273198,-0.162686,0.456105,-2.205187,-2.215194,-0.035325
88,1774597080696,0.977828,273.196,-162.701,456.111,0.206758,0.683523,-0.664333,0.220702,0.571623,1.889735,-1.836679,0.273196,-0.162701,0.456111,-2.205242,-2.215144,-0.035352
89,1774597080707,0.988939,273.19,-162.686,456.121,0.206795,0.683579,-0.664267,0.220692,0.571728,1.8899,-1.836507,0.27319,-0.162686,0.456121,-2.205225,-2.215206,-0.035342
90,1774597080719,1.000051,273.188,-162.698,456.108,0.206802,0.683528,-0.664268,0.220842,0.571702,1.889608,-1.836364,0.273188,-0.162698,0.456108,-2.205241,-2.215142,-0.035326
91,1774597080730,1.011162,273.19,-162.697,456.113,0.206823,0.683547,-0.664241,0.220844,0.57176,1.889659,-1.836287,0.27319,-0.162697,0.456113,-2.205232,-2.215159,-0.03531
92,1774597080741,1.022273,273.187,-162.7,456.11,0.206821,0.683512,-0.664273,0.220858,0.57175,1.889549,-1.836362,0.273187,-0.1627,0.45611,-2.205246,-2.215146,-0.03531
93,1774597080752,1.033384,273.201,-162.69,456.112,0.206853,0.683533,-0.664262,0.220796,0.571859,1.889668,-1.836392,0.273201,-0.16269,0.456112,-2.205201,-2.215181,-0.035325
94,1774597080763,1.044496,273.2,-162.691,456.102,0.206807,0.683525,-0.664267,0.22085,0.571715,1.889591,-1.836353,0.2732,-0.162691,0.456102,-2.205162,-2.215168,-0.035308
95,1774597080774,1.055607,273.19,-162.693,456.12,0.206809,0.683512,-0.664284,0.220838,0.571723,1.889568,-1.836413,0.27319,-0.162693,0.45612,-2.205268,-2.215144,-0.035374
96,1774597080785,1.066718,273.194,-162.691,456.105,0.206819,0.683526,-0.664261,0.220851,0.571748,1.889595,-1.836336,0.273194,-0.162691,0.456105,-2.205212,-2.215138,-0.035278
97,1774597080796,1.077829,273.19,-162.699,456.103,0.206903,0.683461,-0.664311,0.220824,0.571987,1.889441,-1.836502,0.27319,-0.162699,0.456103,-2.20524,-2.215114,-0.035304
98,1774597080807,1.08894,273.187,-162.681,456.119,0.206769,0.683515,-0.664289,0.220848,0.571608,1.889568,-1.836418,0.273187,-0.162681,0.456119,-2.205211,-2.215244,-0.035338
99,1774597080819,1.100052,273.197,-162.696,456.112,0.206858,0.683532,-0.664264,0.220788,0.571874,1.889673,-1.836407,0.273197,-0.162696,0.456112,-2.205227,-2.215155,-0.035325
100,1774597080830,1.111163,273.198,-162.691,456.11,0.206857,0.683535,-0.664262,0.220788,0.571871,1.889681,-1.836399,0.273198,-0.162691,0.45611,-2.205186,-2.215164,-0.035278
101,1774597080841,1.122274,273.184,-162.698,456.119,0.206819,0.683565,-0.664246,0.220777,0.57177,1.889775,-1.836367,0.273184,-0.162698,0.456119,-2.205274,-2.215122,-0.035337
102,1774597080852,1.133386,273.195,-162.686,456.11,0.206816,0.68356,-0.664248,0.22079,0.571758,1.889748,-1.836359,0.273195,-0.162686,0.45611,-2.205211,-2.21519,-0.035295
103,1774597080863,1.144497,273.198,-162.693,456.108,0.206894,0.683546,-0.664235,0.220798,0.57197,1.889704,-1.836316,0.273198,-0.162693,0.456108,-2.205201,-2.215154,-0.035304
104,1774597080874,1.155609,273.198,-162.702,456.106,0.206842,0.683531,-0.664262,0.220812,0.571824,1.889646,-1.836379,0.273198,-0.162702,0.456106,-2.205241,-2.215116,-0.03533
105,1774597080885,1.16672,273.194,-162.686,456.115,0.206821,0.683501,-0.664284,0.220856,0.571752,1.889521,-1.836396,0.273194,-0.162686,0.456115,-2.205197,-2.215203,-0.035295
106,1774597080896,1.177831,273.196,-162.684,456.108,0.206806,0.683495,-0.664302,0.220836,0.571716,1.889524,-1.836465,0.273196,-0.162684,0.456108,-2.205193,-2.215199,-0.03531
107,1774597080907,1.188942,273.189,-162.697,456.11,0.206824,0.68347,-0.664325,0.220829,0.571768,1.889461,-1.836534,0.273189,-0.162697,0.45611,-2.205232,-2.215159,-0.03531
108,1774597080919,1.200054,273.18,-162.701,456.12,0.206824,0.683465,-0.66433,0.220829,0.571769,1.889447,-1.836547,0.27318,-0.162701,0.45612,-2.205227,-2.215182,-0.035347
109,1774597080930,1.211165,273.188,-162.686,456.113,0.206858,0.68345,-0.664334,0.220831,0.571862,1.889404,-1.836558,0.273188,-0.162686,0.456113,-2.205186,-2.215246,-0.035342
110,1774597080941,1.222276,273.191,-162.69,456.12,0.206925,0.683454,-0.664303,0.22085,0.572041,1.889395,-1.836454,0.273191,-0.16269,0.45612,-2.205208,-2.21519,-0.035363
111,1774597080952,1.233388,273.175,-162.687,456.13,0.206974,0.683437,-0.664305,0.220849,0.572176,1.889351,-1.83646,0.273175,-0.162687,0.45613,-2.205239,-2.215248,-0.035385
112,1774597080963,1.244499,273.188,-162.685,456.118,0.206951,0.68346,-0.664285,0.220862,0.572107,1.889399,-1.836392,0.273188,-0.162685,0.456118,-2.205189,-2.215223,-0.035373
113,1774597080974,1.25561,273.195,-162.703,456.104,0.206951,0.683443,-0.664303,0.220861,0.572108,1.889355,-1.836442,0.273195,-0.162703,0.456104,-2.205227,-2.2151,-0.035283
114,1774597080985,1.266721,273.192,-162.688,456.114,0.206988,0.683469,-0.664252,0.220898,0.572201,1.889391,-1.836265,0.273192,-0.162688,0.456114,-2.205157,-2.215217,-0.035366
115,1774597080996,1.277832,273.196,-162.69,456.102,0.206973,0.683475,-0.664251,0.220897,0.572158,1.889406,-1.836263,0.273196,-0.16269,0.456102,-2.205191,-2.215169,-0.035262
116,1774597081007,1.288943,273.195,-162.692,456.11,0.207023,0.683403,-0.664293,0.220946,0.572283,1.889161,-1.836332,0.273195,-0.162692,0.45611,-2.205227,-2.215154,-0.035326
117,1774597081019,1.300055,273.204,-162.689,456.104,0.207066,0.683402,-0.664288,0.220924,0.572409,1.889178,-1.83634,0.273204,-0.162689,0.456104,-2.205189,-2.215167,-0.035236
118,1774597081030,1.311166,273.195,-162.681,456.109,0.207041,0.683399,-0.664289,0.220953,0.572329,1.889142,-1.836314,0.273195,-0.162681,0.456109,-2.205182,-2.215242,-0.03529
119,1774597081041,1.322277,273.19,-162.694,456.114,0.207113,0.683434,-0.664234,0.220941,0.572533,1.889251,-1.836175,0.27319,-0.162694,0.456114,-2.205239,-2.215166,-0.035321
120,1774597081052,1.333388,273.192,-162.685,456.117,0.207037,0.683441,-0.664246,0.220955,0.572318,1.889255,-1.836195,0.273192,-0.162685,0.456117,-2.205154,-2.215213,-0.035314
121,1774597081063,1.3445,273.189,-162.69,456.111,0.207032,0.683443,-0.664244,0.220959,0.572304,1.889258,-1.836185,0.273189,-0.16269,0.456111,-2.205252,-2.215153,-0.035322
122,1774597081074,1.355611,273.19,-162.686,456.113,0.20702,0.68344,-0.664257,0.220943,0.572276,1.889264,-1.836236,0.27319,-0.162686,0.456113,-2.205226,-2.215207,-0.035343
123,1774597081085,1.366722,273.192,-162.693,456.114,0.207004,0.683497,-0.664191,0.220978,0.572219,1.889388,-1.83602,0.273192,-0.162693,0.456114,-2.205228,-2.215156,-0.035352
124,1774597081096,1.377834,273.189,-162.693,456.112,0.207018,0.683491,-0.664201,0.220953,0.572268,1.889396,-1.836073,0.273189,-0.162693,0.456112,-2.205222,-2.215177,-0.035363
125,1774597081107,1.388945,273.192,-162.694,456.109,0.206969,0.683504,-0.664186,0.221006,0.572115,1.889379,-1.835978,0.273192,-0.162694,0.456109,-2.205226,-2.215152,-0.0353
126,1774597081119,1.400056,273.195,-162.693,456.107,0.206977,0.683506,-0.66418,0.221011,0.572135,1.889378,-1.835957,0.273195,-0.162693,0.456107,-2.205217,-2.21517,-0.035284
127,1774597081130,1.411168,273.203,-162.695,456.096,0.207,0.683523,-0.664156,0.221005,0.572201,1.889433,-1.835898,0.273203,-0.162695,0.456096,-2.205162,-2.215113,-0.035265
128,1774597081141,1.422279,273.184,-162.696,456.128,0.206966,0.683506,-0.664188,0.220994,0.572109,1.889397,-1.835996,0.273184,-0.162696,0.456128,-2.205242,-2.215198,-0.035395
129,1774597081152,1.43339,273.199,-162.691,456.107,0.207061,0.683539,-0.664118,0.221017,0.572366,1.889464,-1.83578,0.273199,-0.162691,0.456107,-2.205175,-2.215155,-0.035309
130,1774597081163,1.444502,273.182,-162.692,456.12,0.207037,0.683523,-0.664141,0.221017,0.572299,1.889422,-1.835844,0.273182,-0.162692,0.45612,-2.205232,-2.215186,-0.035332
131,1774597081174,1.455613,273.194,-162.696,456.116,0.20706,0.683487,-0.664189,0.220963,0.572378,1.889374,-1.836029,0.273194,-0.162696,0.456116,-2.205207,-2.215188,-0.035336
132,1774597081185,1.466724,273.196,-162.697,456.099,0.207044,0.683449,-0.664239,0.220947,0.572339,1.889284,-1.836182,0.273196,-0.162697,0.456099,-2.205184,-2.215162,-0.035251
133,1774597081196,1.477835,273.196,-162.686,456.113,0.207037,0.68345,-0.664235,0.220961,0.572318,1.889274,-1.836159,0.273196,-0.162686,0.456113,-2.205197,-2.215203,-0.035295
134,1774597081207,1.488946,273.187,-162.691,456.11,0.207037,0.683428,-0.664259,0.220957,0.572316,1.889217,-1.83623,0.273187,-0.162691,0.45611,-2.205213,-2.215167,-0.035325
135,1774597081219,1.500058,273.199,-162.687,456.101,0.207036,0.683428,-0.664259,0.220958,0.572315,1.889218,-1.836227,0.273199,-0.162687,0.456101,-2.205197,-2.215149,-0.035252
136,1774597081230,1.511169,273.19,-162.691,456.116,0.207091,0.683455,-0.664217,0.220951,0.572468,1.889297,-1.836117,0.27319,-0.162691,0.456116,-2.205194,-2.215201,-0.035336
137,1774597081241,1.52228,273.198,-162.69,456.112,0.207096,0.68344,-0.664233,0.220944,0.572485,1.889263,-1.836167,0.273198,-0.16269,0.456112,-2.205191,-2.215197,-0.035284
138,1774597081252,1.533392,273.188,-162.689,456.122,0.207078,0.68344,-0.664245,0.220925,0.57244,1.889281,-1.83622,0.273188,-0.162689,0.456122,-2.205235,-2.215191,-0.035385
139,1774597081263,1.544503,273.194,-162.694,456.108,0.207049,0.683461,-0.664263,0.220831,0.57239,1.889435,-1.836361,0.273194,-0.162694,0.456108,-2.205182,-2.215189,-0.035341
140,1774597081274,1.555614,273.18,-162.69,456.128,0.207053,0.683452,-0.664257,0.220872,0.572388,1.88937,-1.836306,0.27318,-0.16269,0.456128,-2.205234,-2.215216,-0.035379
141,1774597081285,1.566726,273.203,-162.688,456.101,0.207051,0.683534,-0.664165,0.220899,0.572373,1.889569,-1.836025,0.273203,-0.162688,0.456101,-2.205129,-2.215187,-0.035297
142,1774597081296,1.577837,273.201,-162.687,456.102,0.207001,0.68353,-0.66418,0.220912,0.572232,1.889544,-1.836054,0.273201,-0.162687,0.456102,-2.205178,-2.215182,-0.035262
143,1774597081307,1.588949,273.193,-162.694,456.111,0.207014,0.683493,-0.664228,0.220872,0.572279,1.889481,-1.836225,0.273193,-0.162694,0.456111,-2.205235,-2.215109,-0.035321
144,1774597081319,1.60006,273.208,-162.691,456.093,0.206974,0.683495,-0.66424,0.220866,0.57217,1.889493,-1.836265,0.273208,-0.162691,0.456093,-2.205127,-2.215158,-0.035249
145,1774597081330,1.611171,273.198,-162.698,456.095,0.207052,0.683545,-0.664161,0.220878,0.572384,1.889618,-1.836032,0.273198,-0.162698,0.456095,-2.205202,-2.215101,-0.035288
146,1774597081341,1.622282,273.194,-162.695,456.109,0.207039,0.683545,-0.664166,0.220875,0.572348,1.889621,-1.836049,0.273194,-0.162695,0.456109,-2.205157,-2.21519,-0.035345
147,1774597081352,1.633394,273.193,-162.681,456.118,0.207007,0.683518,-0.664202,0.220878,0.572258,1.889546,-1.836147,0.273193,-0.162681,0.456118,-2.205233,-2.215239,-0.035282
148,1774597081363,1.644505,273.184,-162.705,456.119,0.20697,0.683517,-0.66421,0.220891,0.572153,1.889529,-1.836158,0.273184,-0.162705,0.456119,-2.20524,-2.215169,-0.035347
149,1774597081374,1.655616,273.204,-162.697,456.091,0.207022,0.683493,-0.66422,0.220886,0.572298,1.889468,-1.83619,0.273204,-0.162697,0.456091,-2.205174,-2.215153,-0.035281
150,1774597081385,1.666728,273.21,-162.683,456.101,0.206992,0.683545,-0.664181,0.220873,0.572218,1.889626,-1.836093,0.27321,-0.162683,0.456101,-2.205176,-2.21518,-0.035236
151,1774597081396,1.677839,273.191,-162.699,456.112,0.206972,0.683522,-0.664216,0.220859,0.572168,1.889574,-1.836204,0.273191,-0.162699,0.456112,-2.205247,-2.215121,-0.035315
152,1774597081407,1.68895,273.192,-162.692,456.114,0.206942,0.683483,-0.664265,0.22086,0.572084,1.889465,-1.836339,0.273192,-0.162692,0.456114,-2.20522,-2.215175,-0.035336
153,1774597081419,1.700061,273.191,-162.699,456.106,0.206942,0.683472,-0.664271,0.220873,0.572081,1.889424,-1.836343,0.273191,-0.162699,0.456106,-2.2052,-2.215154,-0.035304
154,1774597081430,1.711172,273.202,-162.697,456.108,0.206914,0.683483,-0.664263,0.220892,0.571997,1.889434,-1.836302,0.273202,-0.162697,0.456108,-2.205187,-2.215167,-0.035303
155,1774597081441,1.722284,273.205,-162.698,456.104,0.206984,0.683458,-0.66427,0.220882,0.572195,1.889374,-1.83633,0.273205,-0.162698,0.456104,-2.205208,-2.215161,-0.035315
156,1774597081452,1.733395,273.208,-162.689,456.121,0.206959,0.683445,-0.664282,0.220906,0.572118,1.889316,-1.836342,0.273208,-0.162689,0.456121,-2.20522,-2.215227,-0.035353
157,1774597081463,1.744506,273.24,-162.702,456.093,0.206937,0.683453,-0.664278,0.220915,0.572053,1.889329,-1.836322,0.27324,-0.162702,0.456093,-2.205206,-2.215104,-0.035245
158,1774597081474,1.755618,273.246,-162.703,456.098,0.206989,0.683431,-0.664296,0.220881,0.572209,1.889302,-1.836406,0.273246,-0.162703,0.456098,-2.205213,-2.215111,-0.035256
159,1774597081485,1.766729,273.253,-162.711,456.115,0.20689,0.683569,-0.664185,0.22088,0.571934,1.889684,-1.8361,0.273253,-0.162711,0.456115,-2.205246,-2.215147,-0.035309
160,1774597081496,1.777841,273.301,-162.711,456.11,0.206923,0.683546,-0.664214,0.220834,0.572039,1.889666,-1.836223,0.273301,-0.162711,0.45611,-2.205219,-2.215171,-0.035282
161,1774597081507,1.788952,273.324,-162.719,456.124,0.20701,0.683485,-0.664291,0.220711,0.572316,1.889622,-1.836555,0.273324,-0.162719,0.456124,-2.205237,-2.215192,-0.035382
162,1774597081519,1.800063,273.369,-162.733,456.137,0.206904,0.683648,-0.664097,0.220886,0.571972,1.889897,-1.835849,0.273369,-0.162733,0.456137,-2.205275,-2.215206,-0.035397
163,1774597081530,1.811174,273.39,-162.747,456.125,0.206804,0.683724,-0.664022,0.220973,0.571667,1.89002,-1.835556,0.27339,-0.162747,0.456125,-2.205263,-2.215164,-0.035353
164,1774597081541,1.822285,273.457,-162.755,456.116,0.206888,0.683604,-0.664156,0.220863,0.571933,1.889797,-1.836034,0.273457,-0.162755,0.456116,-2.205197,-2.215176,-0.035308
165,1774597081552,1.833397,273.527,-162.779,456.121,0.206939,0.683488,-0.664292,0.220763,0.572105,1.889578,-1.836508,0.273527,-0.162779,0.456121,-2.205229,-2.215208,-0.035308
166,1774597081563,1.844508,273.581,-162.809,456.106,0.207007,0.683415,-0.664362,0.220715,0.572307,1.889424,-1.836749,0.273581,-0.162809,0.456106,-2.205272,-2.215119,-0.035315
167,1774597081574,1.85562,273.698,-162.829,456.128,0.206932,0.6835,-0.664285,0.220756,0.572087,1.889617,-1.836495,0.273698,-0.162829,0.456128,-2.205225,-2.215285,-0.035356
168,1774597081585,1.866731,273.75,-162.866,456.127,0.206888,0.683554,-0.664211,0.22085,0.571939,1.889674,-1.8362,0.27375,-0.162866,0.456127,-2.205223,-2.215256,-0.035373
169,1774597081596,1.877842,273.829,-162.881,456.13,0.206715,0.683657,-0.664144,0.220896,0.571446,1.889911,-1.83597,0.273829,-0.162881,0.45613,-2.205241,-2.215274,-0.035351
170,1774597081607,1.888953,273.996,-162.922,456.134,0.206818,0.683666,-0.664135,0.220799,0.57176,1.890032,-1.836039,0.273996,-0.162922,0.456134,-2.205235,-2.215348,-0.035374
171,1774597081619,1.900065,274.104,-162.96,456.109,0.206677,0.683641,-0.6642,0.220813,0.571366,1.88995,-1.836206,0.274104,-0.16296,0.456109,-2.205072,-2.215393,-0.035297
172,1774597081630,1.911176,274.219,-162.994,456.088,0.206617,0.683642,-0.664206,0.220849,0.571189,1.889916,-1.836186,0.274219,-0.162994,0.456088,-2.20504,-2.215304,-0.035197
173,1774597081641,1.922287,274.409,-163.064,456.123,0.206618,0.683663,-0.664145,0.220968,0.571156,1.889855,-1.835901,0.274409,-0.163064,0.456123,-2.205121,-2.215415,-0.035289
174,1774597081652,1.933399,274.542,-163.106,456.111,0.206564,0.683674,-0.664186,0.220858,0.571041,1.889997,-1.836121,0.274542,-0.163106,0.456111,-2.205008,-2.21546,-0.035297
175,1774597081663,1.94451,274.793,-163.203,456.113,0.206684,0.683714,-0.664086,0.220924,0.571351,1.890042,-1.835781,0.274793,-0.163203,0.456113,-2.205059,-2.215535,-0.035266
176,1774597081674,1.955621,274.939,-163.24,456.12,0.206608,0.683761,-0.664113,0.220769,0.571188,1.890325,-1.836006,0.274939,-0.16324,0.45612,-2.205029,-2.215614,-0.035319
177,1774597081685,1.966732,275.092,-163.298,456.118,0.206522,0.683668,-0.664207,0.220852,0.570926,1.889987,-1.836186,0.275092,-0.163298,0.456118,-2.205136,-2.215534,-0.035311
178,1774597081696,1.977844,275.092,-163.298,456.118,0.206618,0.683815,-0.664061,0.220749,0.571221,1.890494,-1.835882,0.275092,-0.163298,0.456118,-2.205136,-2.215534,-0.035311
179,1774597081707,1.988955,275.62,-163.468,456.096,0.20674,0.683799,-0.663976,0.220938,0.571502,1.890262,-1.835466,0.27562,-0.163468,0.456096,-2.205191,-2.215586,-0.03525
180,1774597081719,2.000066,276.004,-163.607,456.067,0.206509,0.683757,-0.664112,0.220875,0.570882,1.890209,-1.8359,0.276004,-0.163607,0.456067,-2.205224,-2.215505,-0.035076
181,1774597081730,2.011178,276.218,-163.682,456.051,0.206513,0.683719,-0.664148,0.220883,0.570891,1.890095,-1.835993,0.276218,-0.163682,0.456051,-2.205138,-2.21547,-0.035039
182,1774597081741,2.022289,276.413,-163.754,456.032,0.206561,0.683737,-0.664126,0.220849,0.571034,1.890179,-1.835964,0.276413,-0.163754,0.456032,-2.20511,-2.215519,-0.034974
183,1774597081752,2.0334,276.858,-163.908,456.008,0.206531,0.683775,-0.664097,0.220846,0.570951,1.890286,-1.835887,0.276858,-0.163908,0.456008,-2.205117,-2.215552,-0.034981
184,1774597081763,2.044512,277.101,-163.972,455.987,0.206498,0.683707,-0.664156,0.22091,0.570843,1.890035,-1.835988,0.277101,-0.163972,0.455987,-2.205094,-2.215577,-0.034854
185,1774597081774,2.055623,277.566,-164.148,455.962,0.206399,0.683753,-0.664146,0.220889,0.570576,1.890184,-1.835982,0.277566,-0.164148,0.455962,-2.205066,-2.215625,-0.034795
186,1774597081785,2.066734,277.795,-164.245,455.968,0.206479,0.683715,-0.664136,0.220959,0.570775,1.89001,-1.835887,0.277795,-0.164245,0.455968,-2.205109,-2.215563,-0.034861
187,1774597081796,2.077845,278.03,-164.339,455.98,0.206438,0.68391,-0.663948,0.220963,0.57066,1.890542,-1.835361,0.27803,-0.164339,0.45598,-2.205201,-2.215601,-0.034855
188,1774597081807,2.088956,278.539,-164.523,455.972,0.206537,0.683882,-0.663958,0.220926,0.570945,1.890503,-1.835425,0.278539,-0.164523,0.455972,-2.205194,-2.215781,-0.034913
189,1774597081819,2.100068,278.821,-164.625,455.949,0.206527,0.683862,-0.663968,0.220965,0.570907,1.89041,-1.835417,0.278821,-0.164625,0.455949,-2.205221,-2.215725,-0.034831
190,1774597081830,2.111179,279.4,-164.833,455.909,0.206545,0.683835,-0.663998,0.220942,0.570962,1.890359,-1.835522,0.2794,-0.164833,0.455909,-2.205257,-2.215702,-0.034694
191,1774597081841,2.12229,279.699,-164.946,455.885,0.206568,0.683748,-0.664104,0.22087,0.571048,1.890191,-1.835886,0.279699,-0.164946,0.455885,-2.205257,-2.215645,-0.034656
192,1774597081852,2.133401,279.977,-165.039,455.881,0.206538,0.683771,-0.664086,0.220885,0.570961,1.890237,-1.835819,0.279977,-0.165039,0.455881,-2.205252,-2.215774,-0.03469
193,1774597081863,2.144513,280.511,-165.231,455.839,0.206481,0.683781,-0.664078,0.220929,0.570788,1.890221,-1.835756,0.280511,-0.165231,0.455839,-2.205226,-2.215742,-0.034592
194,1774597081874,2.155624,280.765,-165.322,455.818,0.206502,0.683803,-0.664059,0.220899,0.570857,1.890311,-1.835732,0.280765,-0.165322,0.455818,-2.205204,-2.215769,-0.034489
195,1774597081885,2.166735,280.999,-165.42,455.834,0.206476,0.683889,-0.663974,0.220914,0.570779,1.890535,-1.835481,0.280999,-0.16542,0.455834,-2.20529,-2.215833,-0.034615
196,1774597081896,2.177847,281.483,-165.59,455.795,0.206413,0.683803,-0.664077,0.220925,0.570603,1.890287,-1.835757,0.281483,-0.16559,0.455795,-2.205343,-2.215858,-0.034532
197,1774597081907,2.188958,281.702,-165.679,455.78,0.206459,0.683828,-0.66406,0.22086,0.570748,1.89042,-1.835773,0.281702,-0.165679,0.45578,-2.205372,-2.215832,-0.034499
198,1774597081919,2.200069,282.123,-165.838,455.765,0.20649,0.683766,-0.664126,0.220825,0.570846,1.890283,-1.835988,0.282123,-0.165838,0.455765,-2.205358,-2.215923,-0.034511
199,1774597081930,2.21118,282.34,-165.901,455.747,0.206457,0.683801,-0.664131,0.220731,0.570782,1.890473,-1.836094,0.28234,-0.165901,0.455747,-2.205247,-2.216021,-0.034466
200,1774597081941,2.222292,282.552,-165.967,455.714,0.206493,0.683823,-0.664097,0.220732,0.57088,1.890534,-1.835998,0.282552,-0.165967,0.455714,-2.205195,-2.216019,-0.034389
201,1774597081952,2.233403,282.927,-166.098,455.681,0.206472,0.683805,-0.664144,0.220666,0.570843,1.89055,-1.836193,0.282927,-0.166098,0.455681,-2.205149,-2.216129,-0.034324
202,1774597081963,2.244514,283.115,-166.163,455.654,0.206516,0.683744,-0.664185,0.220689,0.570959,1.890359,-1.836282,0.283115,-0.166163,0.455654,-2.205156,-2.216054,-0.034239
203,1774597081974,2.255626,283.445,-166.298,455.635,0.206453,0.683764,-0.664216,0.220593,0.570812,1.890509,-1.836463,0.283445,-0.166298,0.455635,-2.205164,-2.216116,-0.034295
204,1774597081985,2.266737,283.621,-166.348,455.603,0.206484,0.683744,-0.664215,0.22063,0.570888,1.890417,-1.836425,0.283621,-0.166348,0.455603,-2.205133,-2.216027,-0.034194
205,1774597081996,2.277848,283.758,-166.406,455.595,0.206431,0.683667,-0.664357,0.220491,0.570784,1.890343,-1.836952,0.283758,-0.166406,0.455595,-2.205048,-2.216074,-0.034155
206,1774597082007,2.28896,284.044,-166.505,455.562,0.20659,0.683684,-0.664235,0.220654,0.571174,1.890229,-1.836455,0.284044,-0.166505,0.455562,-2.205171,-2.216008,-0.034071
207,1774597082019,2.300071,284.162,-166.563,455.55,0.206498,0.683675,-0.664283,0.220626,0.570927,1.890231,-1.836616,0.284162,-0.166563,0.45555,-2.205163,-2.216,-0.034098
208,1774597082030,2.311182,284.391,-166.641,455.54,0.206459,0.683634,-0.664316,0.220689,0.570802,1.890054,-1.836645,0.284391,-0.166641,0.45554,-2.205256,-2.216014,-0.034099
209,1774597082041,2.322293,284.501,-166.662,455.54,0.206559,0.683692,-0.664223,0.220696,0.571074,1.890208,-1.836383,0.284501,-0.166662,0.45554,-2.205165,-2.21611,-0.03412
210,1774597082052,2.333404,284.599,-166.711,455.534,0.206346,0.683709,-0.664252,0.220754,0.57047,1.890198,-1.836406,0.284599,-0.166711,0.455534,-2.205261,-2.216071,-0.034067
211,1774597082063,2.344516,284.778,-166.771,455.526,0.206349,0.683674,-0.664302,0.22071,0.570491,1.890144,-1.836587,0.284778,-0.166771,0.455526,-2.205296,-2.216002,-0.034124
212,1774597082074,2.355627,284.86,-166.796,455.531,0.206472,0.683739,-0.664175,0.220775,0.570811,1.89026,-1.836173,0.28486,-0.166796,0.455531,-2.205392,-2.215992,-0.034119
213,1774597082085,2.366738,284.942,-166.814,455.518,0.206407,0.683675,-0.664275,0.220734,0.570645,1.890123,-1.83649,0.284942,-0.166814,0.455518,-2.205342,-2.216019,-0.034027
214,1774597082096,2.37785,285.077,-166.854,455.497,0.206372,0.683685,-0.664263,0.220771,0.570535,1.890114,-1.83642,0.285077,-0.166854,0.455497,-2.205318,-2.215995,-0.034007
215,1774597082107,2.388961,285.134,-166.873,455.487,0.206488,0.683643,-0.664281,0.220739,0.570866,1.89003,-1.836501,0.285134,-0.166873,0.455487,-2.205333,-2.215957,-0.03401
216,1774597082119,2.400072,285.234,-166.901,455.472,0.206462,0.683625,-0.664324,0.220691,0.570808,1.890027,-1.836666,0.285234,-0.166901,0.455472,-2.205386,-2.215876,-0.033962
217,1774597082130,2.411183,285.263,-166.922,455.477,0.206457,0.683607,-0.664315,0.220777,0.57077,1.889893,-1.836558,0.285263,-0.166922,0.455477,-2.205404,-2.215893,-0.033939
218,1774597082141,2.422295,285.285,-166.928,455.479,0.206505,0.683626,-0.664311,0.220686,0.570928,1.890037,-1.836635,0.285285,-0.166928,0.455479,-2.205419,-2.215882,-0.033965
219,1774597082152,2.433406,285.31,-166.934,455.482,0.206473,0.683581,-0.664347,0.220746,0.570824,1.889852,-1.836676,0.28531,-0.166934,0.455482,-2.205452,-2.215915,-0.033992
220,1774597082163,2.444517,285.309,-166.941,455.485,0.206453,0.683701,-0.66421,0.220807,0.570748,1.890121,-1.836239,0.285309,-0.166941,0.455485,-2.205481,-2.215839,-0.034003
221,1774597082174,2.455629,285.294,-166.928,455.497,0.206357,0.683709,-0.664216,0.220853,0.57047,1.890098,-1.83621,0.285294,-0.166928,0.455497,-2.205444,-2.215936,-0.034003
222,1774597082185,2.46674,285.288,-166.94,455.495,0.206378,0.683678,-0.66425,0.220828,0.570534,1.890038,-1.836328,0.285288,-0.16694,0.455495,-2.205486,-2.215898,-0.034029
223,1774597082196,2.477851,285.293,-166.942,455.481,0.206451,0.68362,-0.664291,0.220815,0.57074,1.889891,-1.836453,0.285293,-0.166942,0.455481,-2.205455,-2.215893,-0.034023
224,1774597082207,2.488962,285.319,-166.958,455.461,0.20636,0.683648,-0.664265,0.220892,0.570465,1.889892,-1.836307,0.285319,-0.166958,0.455461,-2.205468,-2.21577,-0.033938
225,1774597082219,2.500073,285.342,-166.948,455.479,0.206415,0.683528,-0.664383,0.220856,0.570629,1.889596,-1.836669,0.285342,-0.166948,0.455479,-2.205419,-2.215907,-0.033958
226,1774597082230,2.511185,285.377,-166.946,455.484,0.206436,0.683451,-0.664465,0.220829,0.570695,1.889409,-1.836922,0.285377,-0.166946,0.455484,-2.205372,-2.215885,-0.033905
227,1774597082241,2.522296,285.464,-166.971,455.447,0.206536,0.683434,-0.664477,0.220754,0.570995,1.889436,-1.837028,0.285464,-0.166971,0.455447,-2.205381,-2.215786,-0.033854
228,1774597082252,2.533407,285.515,-166.971,455.439,0.206423,0.683576,-0.664313,0.220913,0.570632,1.88967,-1.836419,0.285515,-0.166971,0.455439,-2.205339,-2.215768,-0.033785
229,1774597082263,2.544519,285.668,-166.985,455.454,0.206536,0.683352,-0.66455,0.220789,0.570983,1.889175,-1.837195,0.285668,-0.166985,0.455454,-2.205262,-2.215824,-0.033786
230,1774597082274,2.55563,285.777,-166.976,455.453,0.206387,0.683517,-0.664377,0.220933,0.570529,1.889488,-1.836578,0.285777,-0.166976,0.455453,-2.205234,-2.215904,-0.033801
231,1774597082285,2.566741,285.882,-166.972,455.463,0.20637,0.683438,-0.664454,0.220964,0.570472,1.889238,-1.836761,0.285882,-0.166972,0.455463,-2.205201,-2.215923,-0.033788
232,1774597082296,2.577852,286.148,-166.985,455.485,0.206327,0.683517,-0.664415,0.220878,0.570378,1.889541,-1.836735,0.286148,-0.166985,0.455485,-2.205233,-2.215957,-0.033881
233,1774597082307,2.588964,286.3,-166.975,455.512,0.206464,0.683521,-0.664375,0.220856,0.570765,1.889576,-1.836646,0.2863,-0.166975,0.455512,-2.20525,-2.216083,-0.033943
234,1774597082319,2.600075,286.694,-166.966,455.545,0.206528,0.68355,-0.664374,0.22071,0.570986,1.889801,-1.836787,0.286694,-0.166966,0.455545,-2.205195,-2.216192,-0.034116
235,1774597082330,2.611186,286.913,-166.977,455.547,0.206446,0.683565,-0.664356,0.220795,0.570734,1.889757,-1.836654,0.286913,-0.166977,0.455547,-2.205327,-2.216142,-0.034153
236,1774597082341,2.622297,287.179,-166.979,455.538,0.206447,0.683691,-0.664276,0.220644,0.570781,1.890257,-1.836579,0.287179,-0.166979,0.455538,-2.205185,-2.216103,-0.034077
237,1774597082352,2.633409,287.733,-166.956,455.58,0.206401,0.683766,-0.664166,0.220788,0.570609,1.890319,-1.836134,0.287733,-0.166956,0.45558,-2.20522,-2.216255,-0.034398
238,1774597082363,2.64452,288.047,-166.95,455.586,0.206468,0.683711,-0.664249,0.220644,0.570838,1.890313,-1.836505,0.288047,-0.16695,0.455586,-2.205177,-2.21632,-0.034457
239,1774597082374,2.655631,288.709,-166.957,455.625,0.206526,0.683957,-0.66393,0.220786,0.570956,1.890852,-1.835486,0.288709,-0.166957,0.455625,-2.205296,-2.216236,-0.034729
240,1774597082385,2.666743,289.053,-166.952,455.634,0.206403,0.684084,-0.663777,0.220968,0.570561,1.891021,-1.834885,0.289053,-0.166952,0.455634,-2.205386,-2.21628,-0.034875
241,1774597082396,2.677854,289.436,-166.94,455.634,0.206452,0.683968,-0.663876,0.220985,0.570693,1.890681,-1.835141,0.289436,-0.16694,0.455634,-2.205315,-2.216288,-0.034843
242,1774597082407,2.688965,290.248,-166.948,455.651,0.206516,0.684302,-0.663531,0.220925,0.570888,1.891666,-1.834248,0.290248,-0.166948,0.455651,-2.20545,-2.216221,-0.035161
243,1774597082419,2.700076,290.709,-166.945,455.562,0.206655,0.683713,-0.664113,0.220873,0.571287,1.890089,-1.835906,0.290709,-0.166945,0.455562,-2.205274,-2.21601,-0.034922
244,1774597082430,2.711188,291.66,-166.933,455.582,0.206725,0.683739,-0.664116,0.220715,0.571529,1.890319,-1.836069,0.29166,-0.166933,0.455582,-2.205274,-2.216044,-0.035095
245,1774597082441,2.722299,292.163,-166.931,455.556,0.206785,0.683993,-0.663843,0.220694,0.5717,1.891043,-1.835332,0.292163,-0.166931,0.455556,-2.205143,-2.216023,-0.0352
246,1774597082452,2.73341,292.688,-166.937,455.525,0.206797,0.683956,-0.663873,0.220707,0.57173,1.890929,-1.835403,0.292688,-0.166937,0.455525,-2.205107,-2.215906,-0.035118
247,1774597082463,2.744522,293.731,-166.933,455.568,0.206871,0.683758,-0.664084,0.220616,0.571963,1.890471,-1.836076,0.293731,-0.166933,0.455568,-2.205106,-2.215972,-0.035592
248,1774597082474,2.755633,294.284,-166.931,455.572,0.206679,0.684017,-0.66379,0.220878,0.571353,1.890925,-1.835007,0.294284,-0.166931,0.455572,-2.205215,-2.215925,-0.035563
249,1774597082485,2.766744,294.851,-166.922,455.61,0.206792,0.684107,-0.663713,0.220728,0.571709,1.891323,-1.834941,0.294851,-0.166922,0.45561,-2.205291,-2.216062,-0.035744
250,1774597082496,2.777855,296.097,-166.914,455.603,0.206884,0.684016,-0.663806,0.220641,0.571991,1.891159,-1.835284,0.296097,-0.166914,0.455603,-2.20516,-2.216099,-0.03595
251,1774597082507,2.788967,296.742,-166.911,455.596,0.206904,0.68408,-0.663748,0.220599,0.572059,1.891377,-1.835163,0.296742,-0.166911,0.455596,-2.205129,-2.216071,-0.036009
252,1774597082519,2.800078,298.094,-166.902,455.552,0.206949,0.684074,-0.663771,0.220505,0.572212,1.891455,-1.835318,0.298094,-0.166902,0.455552,-2.204982,-2.216059,-0.036024
253,1774597082530,2.811189,298.764,-166.91,455.546,0.207081,0.683963,-0.663882,0.220392,0.572609,1.891262,-1.835733,0.298764,-0.16691,0.455546,-2.204958,-2.216038,-0.036094
254,1774597082541,2.8223,299.466,-166.91,455.512,0.207089,0.683974,-0.663843,0.220467,0.57261,1.891217,-1.835554,0.299466,-0.16691,0.455512,-2.204908,-2.215962,-0.036029
255,1774597082552,2.833412,300.922,-166.916,455.452,0.207139,0.683978,-0.663828,0.220454,0.572752,1.891241,-1.835523,0.300922,-0.166916,0.455452,-2.204797,-2.215749,-0.036051
256,1774597082563,2.844523,301.651,-166.907,455.459,0.207105,0.684051,-0.663772,0.220429,0.572665,1.891468,-1.835394,0.301651,-0.166907,0.455459,-2.204723,-2.215785,-0.03617
257,1774597082574,2.855634,303.116,-166.873,455.595,0.207112,0.684179,-0.66366,0.220362,0.572706,1.891889,-1.835149,0.303116,-0.166873,0.455595,-2.204966,-2.215972,-0.036654
258,1774597082585,2.866746,303.869,-166.864,455.654,0.207041,0.684405,-0.663416,0.220462,0.572478,1.892412,-1.834378,0.303869,-0.166864,0.455654,-2.204972,-2.216123,-0.036951
259,1774597082596,2.877857,304.625,-166.862,455.708,0.20721,0.684307,-0.663507,0.220333,0.572985,1.89227,-1.834754,0.304625,-0.166862,0.455708,-2.205192,-2.216169,-0.037152
260,1774597082607,2.888968,306.311,-166.853,455.639,0.20727,0.684244,-0.663578,0.22026,0.573173,1.892169,-1.835021,0.306311,-0.166853,0.455639,-2.204795,-2.216011,-0.037101
261,1774597082619,2.90008,307.204,-166.846,455.576,0.207037,0.684002,-0.663819,0.220502,0.572457,1.89126,-1.835453,0.307204,-0.166846,0.455576,-2.204651,-2.215862,-0.036877
262,1774597082630,2.911191,308.963,-166.829,455.555,0.207339,0.683907,-0.66392,0.220209,0.573379,1.891289,-1.836018,0.308963,-0.166829,0.455555,-2.204594,-2.215781,-0.036738
263,1774597082641,2.922302,309.841,-166.819,455.584,0.207283,0.684243,-0.663584,0.22023,0.573217,1.892198,-1.835068,0.309841,-0.166819,0.455584,-2.204625,-2.215818,-0.036824
264,1774597082652,2.933413,310.708,-166.809,455.661,0.207115,0.684468,-0.663345,0.220409,0.572699,1.892641,-1.834233,0.310708,-0.166809,0.455661,-2.204711,-2.21584,-0.037133
265,1774597082663,2.944525,312.527,-166.772,455.762,0.207112,0.684357,-0.663455,0.220427,0.572687,1.892315,-1.834519,0.312527,-0.166772,0.455762,-2.204925,-2.215995,-0.037424
266,1774597082674,2.955636,313.488,-166.769,455.767,0.207187,0.684498,-0.6633,0.220386,0.572904,1.892745,-1.83413,0.313488,-0.166769,0.455767,-2.20482,-2.215924,-0.037594
267,1774597082685,2.966747,314.483,-166.766,455.719,0.207377,0.684243,-0.663578,0.220162,0.573498,1.892264,-1.835117,0.314483,-0.166766,0.455719,-2.20464,-2.21582,-0.037418
268,1774597082696,2.977858,316.529,-166.722,455.684,0.207216,0.684417,-0.663459,0.22013,0.573063,1.892779,-1.834817,0.316529,-0.166722,0.455684,-2.204397,-2.215764,-0.037169
269,1774597082707,2.98897,317.535,-166.704,455.737,0.207308,0.684425,-0.663484,0.219942,0.573375,1.89299,-1.83507,0.317535,-0.166704,0.455737,-2.204298,-2.215889,-0.037407
270,1774597082719,3.000081,319.487,-166.674,455.902,0.207131,0.684602,-0.663263,0.220225,0.572799,1.893196,-1.834184,0.319487,-0.166674,0.455902,-2.204525,-2.216062,-0.037839
271,1774597082730,3.011192,320.497,-166.662,455.95,0.207152,0.684697,-0.663145,0.220266,0.572843,1.893418,-1.833817,0.320497,-0.166662,0.45595,-2.204583,-2.216102,-0.037879
272,1774597082741,3.022304,321.551,-166.648,455.95,0.20728,0.684668,-0.663193,0.220092,0.573251,1.893511,-1.834119,0.321551,-0.166648,0.45595,-2.204544,-2.216039,-0.03778
273,1774597082752,3.033415,323.699,-166.64,456.006,0.207491,0.684658,-0.663244,0.219769,0.573933,1.893808,-1.834573,0.323699,-0.16664,0.456006,-2.204405,-2.215997,-0.038042
274,1774597082763,3.044526,324.783,-166.624,456.025,0.207346,0.684751,-0.663178,0.219814,0.573519,1.894019,-1.834347,0.324783,-0.166624,0.456025,-2.204339,-2.216016,-0.037985
275,1774597082774,3.055637,326.966,-166.594,456.077,0.207428,0.684321,-0.663654,0.219643,0.573797,1.893,-1.83583,0.326966,-0.166594,0.456077,-2.204073,-2.216055,-0.038092
276,1774597082785,3.066749,328.037,-166.598,456.097,0.207583,0.684206,-0.663746,0.219573,0.574247,1.892753,-1.836154,0.328037,-0.166598,0.456097,-2.204047,-2.215899,-0.037926
277,1774597082796,3.07786,329.146,-166.586,456.112,0.207547,0.684349,-0.663616,0.219555,0.574153,1.893167,-1.83581,0.329146,-0.166586,0.456112,-2.203956,-2.215867,-0.037947
278,1774597082807,3.088972,329.886,-166.328,456.021,0.20754,0.683688,-0.664778,0.218101,0.574575,1.892792,-1.840441,0.329886,-0.166328,0.456021,-2.202954,-2.216801,-0.037882
279,1774597082819,3.100083,329.774,-166.443,455.471,0.205645,0.684169,-0.664091,0.220468,0.568617,1.891754,-1.836238,0.329774,-0.166443,0.455471,-2.202069,-2.215081,-0.035526
280,1774597082830,3.111194,329.244,-166.543,456.444,0.206786,0.687105,-0.660621,0.220696,0.571703,1.899643,-1.826423,0.329244,-0.166543,0.456444,-2.204737,-2.216862,-0.039302
281,1774597082841,3.122306,329.106,-166.722,456.224,0.207215,0.68491,-0.662664,0.220992,0.572799,1.893278,-1.831786,0.329106,-0.166722,0.456224,-2.204923,-2.215803,-0.038656
282,1774597082852,3.133417,329.135,-166.805,455.872,0.208418,0.683095,-0.664812,0.219017,0.576726,1.890236,-1.839642,0.329135,-0.166805,0.455872,-2.204492,-2.214658,-0.037325
283,1774597082863,3.144528,329.418,-166.615,455.707,0.208441,0.683566,-0.66459,0.218196,0.577042,1.89236,-1.839829,0.329418,-0.166615,0.455707,-2.203398,-2.215133,-0.036747
284,1774597082874,3.155639,329.401,-166.618,455.576,0.207527,0.683554,-0.664675,0.218847,0.574312,1.891676,-1.839428,0.329401,-0.166618,0.455576,-2.203172,-2.214809,-0.036254
285,1774597082885,3.16675,329.265,-166.606,455.742,0.20753,0.684789,-0.663221,0.219394,0.574155,1.894544,-1.834875,0.329265,-0.166606,0.455742,-2.203402,-2.215188,-0.036752
286,1774597082896,3.177862,329.042,-166.649,455.916,0.207797,0.684293,-0.663587,0.21958,0.574837,1.892986,-1.835706,0.329042,-0.166649,0.455916,-2.203969,-2.215302,-0.037405
287,1774597082907,3.188973,328.963,-166.668,455.911,0.207891,0.683996,-0.664009,0.219141,0.575232,1.892604,-1.837299,0.328963,-0.166668,0.455911,-2.203967,-2.215244,-0.037309
288,1774597082919,3.200085,328.942,-166.592,455.829,0.208818,0.68383,-0.664339,0.217773,0.578215,1.893516,-1.839545,0.328942,-0.166592,0.455829,-2.203448,-2.215401,-0.036992
289,1774597082930,3.211196,328.862,-166.579,455.82,0.208301,0.683909,-0.664216,0.218395,0.576594,1.893112,-1.838598,0.328862,-0.166579,0.45582,-2.203395,-2.215425,-0.03697
290,1774597082941,3.222307,328.75,-166.589,455.872,0.208954,0.684155,-0.663914,0.217918,0.578547,1.89427,-1.838226,0.32875,-0.166589,0.455872,-2.203455,-2.215517,-0.037119
291,1774597082952,3.233418,328.522,-166.615,455.942,0.207832,0.68385,-0.664203,0.219063,0.575091,1.892279,-1.837914,0.328522,-0.166615,0.455942,-2.203694,-2.215553,-0.03737
292,1774597082963,3.24453,328.421,-166.59,455.982,0.207767,0.68394,-0.664154,0.218996,0.574931,1.892593,-1.837842,0.328421,-0.16659,0.455982,-2.203632,-2.215731,-0.037443
293,1774597082974,3.255641,328.236,-166.574,455.97,0.207966,0.683733,-0.664399,0.218707,0.575571,1.892311,-1.838803,0.328236,-0.166574,0.45597,-2.203477,-2.215807,-0.037311
294,1774597082985,3.266752,328.116,-166.577,455.973,0.208356,0.684082,-0.664002,0.218453,0.576728,1.89353,-1.837949,0.328116,-0.166577,0.455973,-2.203427,-2.215838,-0.037367
295,1774597082996,3.277863,327.974,-166.604,456.007,0.208571,0.684131,-0.66397,0.218191,0.577401,1.893928,-1.838117,0.327974,-0.166604,0.456007,-2.203539,-2.215817,-0.037419
296,1774597083007,3.288975,327.673,-166.62,456.071,0.207974,0.68415,-0.663979,0.218671,0.575603,1.893502,-1.837676,0.327673,-0.16662,0.456071,-2.203656,-2.215886,-0.037553
297,1774597083019,3.300086,327.53,-166.603,456.096,0.207809,0.684196,-0.663957,0.218753,0.575122,1.893547,-1.837533,0.32753,-0.166603,0.456096,-2.20355,-2.216072,-0.037619
298,1774597083030,3.311197,327.249,-166.614,456.08,0.208176,0.684212,-0.66394,0.218404,0.576245,1.893942,-1.837826,0.327249,-0.166614,0.45608,-2.203455,-2.215998,-0.037556
299,1774597083041,3.322309,327.088,-166.606,456.104,0.20794,0.684032,-0.664131,0.218612,0.575527,1.893232,-1.838153,0.327088,-0.166606,0.456104,-2.203437,-2.216113,-0.037567
300,1774597083052,3.33342,326.905,-166.626,456.121,0.208099,0.684298,-0.663787,0.218674,0.575948,1.893908,-1.83714,0.326905,-0.166626,0.456121,-2.203552,-2.216043,-0.03763
301,1774597083063,3.344531,326.536,-166.631,456.171,0.208105,0.684287,-0.663825,0.218587,0.575991,1.893965,-1.837328,0.326536,-0.166631,0.456171,-2.203556,-2.216209,-0.03775
302,1774597083074,3.355642,326.343,-166.627,456.193,0.20807,0.684061,-0.664031,0.218703,0.575858,1.893222,-1.837788,0.326343,-0.166627,0.456193,-2.203677,-2.216117,-0.03771
303,1774597083085,3.366754,326.158,-166.623,456.198,0.208014,0.684219,-0.663894,0.218678,0.575711,1.893684,-1.837433,0.326158,-0.166623,0.456198,-2.203578,-2.2162,-0.037699
304,1774597083096,3.377865,325.765,-166.644,456.201,0.208037,0.684169,-0.663902,0.218785,0.575744,1.89344,-1.837352,0.325765,-0.166644,0.456201,-2.203672,-2.215999,-0.037645
305,1774597083107,3.388976,325.525,-166.636,456.242,0.207721,0.684379,-0.663766,0.218842,0.57485,1.893964,-1.836918,0.325525,-0.166636,0.456242,-2.203654,-2.216249,-0.037764
306,1774597083119,3.400088,325.058,-166.647,456.269,0.207845,0.684236,-0.663824,0.218998,0.575147,1.893411,-1.836928,0.325058,-0.166647,0.456269,-2.203785,-2.21614,-0.037769
307,1774597083130,3.411199,324.812,-166.666,456.29,0.20778,0.684317,-0.663751,0.219025,0.57496,1.893609,-1.8367,0.324812,-0.166666,0.45629,-2.203798,-2.216178,-0.037789
308,1774597083141,3.42231,324.562,-166.678,456.305,0.207863,0.684321,-0.663729,0.219,0.575196,1.893646,-1.836662,0.324562,-0.166678,0.456305,-2.203937,-2.216079,-0.037828
309,1774597083152,3.433421,324.038,-166.687,456.323,0.207843,0.684424,-0.663603,0.21908,0.575115,1.893849,-1.836237,0.324038,-0.166687,0.456323,-2.203936,-2.216072,-0.037807
310,1774597083163,3.444533,323.742,-166.712,456.349,0.207837,0.684411,-0.663597,0.219143,0.575081,1.893751,-1.836159,0.323742,-0.166712,0.456349,-2.204077,-2.216002,-0.037799
311,1774597083174,3.455644,323.202,-166.733,456.332,0.207843,0.684337,-0.663666,0.219162,0.575092,1.893526,-1.836331,0.323202,-0.166733,0.456332,-2.204094,-2.215875,-0.037531
312,1774597083185,3.466755,322.906,-166.739,456.347,0.20775,0.684266,-0.663828,0.218979,0.57489,1.893514,-1.836957,0.322906,-0.166739,0.456347,-2.204009,-2.215947,-0.037549
313,1774597083196,3.477866,322.607,-166.762,456.339,0.207725,0.684414,-0.663636,0.219123,0.574775,1.893778,-1.836287,0.322607,-0.166762,0.456339,-2.204102,-2.215824,-0.037505
314,1774597083207,3.488978,322.007,-166.772,456.356,0.207606,0.684463,-0.663596,0.219205,0.574423,1.893832,-1.836094,0.322007,-0.166772,0.456356,-2.204051,-2.215873,-0.037444
315,1774597083219,3.500089,321.696,-166.787,456.347,0.207701,0.68423,-0.663841,0.2191,0.574717,1.893292,-1.836875,0.321696,-0.166787,0.456347,-2.204077,-2.215788,-0.037284
316,1774597083230,3.5112,321.029,-166.82,456.373,0.20757,0.68437,-0.663694,0.219234,0.574315,1.893545,-1.836338,0.321029,-0.16682,0.456373,-2.204072,-2.215777,-0.03728
317,1774597083241,3.522311,320.7,-166.815,456.394,0.207581,0.684205,-0.663879,0.219179,0.57436,1.893144,-1.836903,0.3207,-0.166815,0.456394,-2.203962,-2.215931,-0.037273
318,1774597083252,3.533423,320.346,-166.834,456.423,0.207485,0.684464,-0.663615,0.219258,0.574072,1.893782,-1.836095,0.320346,-0.166834,0.456423,-2.204072,-2.215932,-0.037299
319,1774597083263,3.544534,319.603,-166.853,456.498,0.207444,0.684501,-0.663583,0.219281,0.57395,1.89386,-1.835985,0.319603,-0.166853,0.456498,-2.204245,-2.216027,-0.03734
320,1774597083274,3.555645,319.603,-166.853,456.498,0.207497,0.684529,-0.663547,0.219252,0.574107,1.893967,-1.835914,0.319603,-0.166853,0.456498,-2.204245,-2.216027,-0.03734
321,1774597083285,3.566756,318.867,-166.86,456.541,0.207509,0.684435,-0.66361,0.219344,0.574112,1.893615,-1.835998,0.318867,-0.16686,0.456541,-2.204257,-2.216115,-0.037409
322,1774597083296,3.577867,318.867,-166.86,456.541,0.207449,0.684427,-0.66362,0.219393,0.57393,1.893544,-1.835978,0.318867,-0.16686,0.456541,-2.204257,-2.216115,-0.037409
323,1774597083307,3.588979,318.109,-166.888,456.534,0.207485,0.68442,-0.66365,0.219289,0.574063,1.89363,-1.836162,0.318109,-0.166888,0.456534,-2.204335,-2.215999,-0.037251
324,1774597083319,3.60009,317.321,-166.901,456.539,0.207491,0.684361,-0.663705,0.219304,0.574073,1.893449,-1.8363,0.317321,-0.166901,0.456539,-2.204323,-2.215952,-0.037124
325,1774597083330,3.611201,316.513,-166.904,456.517,0.207503,0.684325,-0.663759,0.219241,0.574127,1.893415,-1.83651,0.316513,-0.166904,0.456517,-2.204242,-2.215913,-0.036924
326,1774597083341,3.622312,316.513,-166.904,456.517,0.207412,0.684319,-0.663744,0.219387,0.573831,1.893253,-1.83633,0.316513,-0.166904,0.456517,-2.204242,-2.215913,-0.036924
327,1774597083352,3.633423,315.627,-166.914,456.536,0.207559,0.684401,-0.663671,0.219216,0.574289,1.893649,-1.836292,0.315627,-0.166914,0.456536,-2.204333,-2.215943,-0.03678
328,1774597083363,3.644535,315.183,-166.932,456.53,0.207541,0.68427,-0.663769,0.219344,0.574201,1.893159,-1.836438,0.315183,-0.166932,0.45653,-2.204236,-2.215948,-0.036759
329,1774597083374,3.655646,313.767,-166.982,456.596,0.207455,0.684304,-0.663739,0.219412,0.573941,1.893184,-1.836289,0.313767,-0.166982,0.456596,-2.204565,-2.215957,-0.036796
330,1774597083385,3.666757,313.307,-166.99,456.584,0.207395,0.684362,-0.663693,0.219428,0.573772,1.893329,-1.836147,0.313307,-0.16699,0.456584,-2.204503,-2.21594,-0.036693
331,1774597083396,3.677868,312.822,-166.98,456.63,0.207386,0.684357,-0.6637,0.21943,0.573745,1.893312,-1.836166,0.312822,-0.16698,0.45663,-2.204557,-2.216077,-0.036783
332,1774597083407,3.688979,311.847,-166.994,456.662,0.207296,0.684371,-0.663711,0.219437,0.573495,1.893345,-1.836188,0.311847,-0.166994,0.456662,-2.204534,-2.216182,-0.036817
333,1774597083419,3.70009,311.353,-166.992,456.689,0.20718,0.684442,-0.663632,0.219565,0.573134,1.893413,-1.835846,0.311353,-0.166992,0.456689,-2.204651,-2.216243,-0.036736
334,1774597083430,3.711202,310.34,-167.004,456.703,0.207229,0.684424,-0.663649,0.219523,0.573282,1.893405,-1.835935,0.31034,-0.167004,0.456703,-2.204616,-2.216311,-0.036754
335,1774597083441,3.722313,309.82,-167.009,456.687,0.207279,0.684378,-0.663687,0.219506,0.573425,1.893295,-1.836054,0.30982,-0.167009,0.456687,-2.204623,-2.216314,-0.036677
336,1774597083452,3.733424,309.316,-167.032,456.63,0.207118,0.684362,-0.663696,0.219679,0.57293,1.893077,-1.835912,0.309316,-0.167032,0.45663,-2.204636,-2.216103,-0.036411
337,1774597083463,3.744535,308.288,-167.036,456.523,0.207241,0.684239,-0.663832,0.219535,0.573313,1.892882,-1.836427,0.308288,-0.167036,0.456523,-2.204305,-2.215991,-0.036005
338,1774597083474,3.755646,307.754,-167.041,456.511,0.207228,0.684142,-0.66395,0.219495,0.573287,1.892653,-1.836793,0.307754,-0.167041,0.456511,-2.204357,-2.21593,-0.035891
339,1774597083485,3.766758,307.208,-167.031,456.522,0.207119,0.684169,-0.66391,0.219633,0.572946,1.892588,-1.836547,0.307208,-0.167031,0.456522,-2.204407,-2.216004,-0.03586
340,1774597083496,3.777869,306.087,-167.049,456.569,0.206998,0.68439,-0.663681,0.219748,0.572576,1.893087,-1.835803,0.306087,-0.167049,0.456569,-2.20458,-2.216129,-0.036045
341,1774597083507,3.78898,305.525,-167.049,456.601,0.206943,0.684449,-0.663603,0.219855,0.572392,1.893142,-1.835484,0.305525,-0.167049,0.456601,-2.204698,-2.216224,-0.036199
342,1774597083519,3.800092,304.443,-167.064,456.604,0.206936,0.684441,-0.663583,0.219946,0.572345,1.893028,-1.83534,0.304443,-0.167064,0.456604,-2.204942,-2.216169,-0.036043
343,1774597083530,3.811203,303.932,-167.07,456.577,0.207061,0.684425,-0.66355,0.219978,0.57268,1.892951,-1.835217,0.303932,-0.16707,0.456577,-2.204954,-2.216099,-0.036006
344,1774597083541,3.822314,303.424,-167.065,456.572,0.207117,0.684314,-0.663667,0.219915,0.572855,1.892709,-1.835603,0.303424,-0.167065,0.456572,-2.204902,-2.216151,-0.036037
345,1774597083552,3.833426,302.418,-167.071,456.531,0.207063,0.684277,-0.663716,0.219936,0.572699,1.892585,-1.835717,0.302418,-0.167071,0.456531,-2.204879,-2.216093,-0.035874
346,1774597083563,3.844537,301.933,-167.08,456.475,0.207145,0.684253,-0.66372,0.219919,0.572931,1.892535,-1.835746,0.301933,-0.16708,0.456475,-2.204883,-2.215983,-0.035659
347,1774597083574,3.855648,300.981,-167.089,456.394,0.20725,0.684113,-0.663878,0.219782,0.573263,1.892285,-1.836315,0.300981,-0.167089,0.456394,-2.204778,-2.215947,-0.035491
348,1774597083585,3.866759,300.521,-167.094,456.36,0.207239,0.684051,-0.663945,0.219781,0.573233,1.892116,-1.836501,0.300521,-0.167094,0.45636,-2.204714,-2.215932,-0.035389
349,1774597083596,3.877871,300.072,-167.091,456.315,0.207127,0.684088,-0.663917,0.219856,0.5729,1.892143,-1.836349,0.300072,-0.167091,0.456315,-2.204646,-2.215884,-0.035213
350,1774597083607,3.888982,299.149,-167.099,456.309,0.207185,0.684153,-0.663861,0.219768,0.573088,1.89241,-1.836281,0.299149,-0.167099,0.456309,-2.204694,-2.215957,-0.035253
351,1774597083619,3.900093,298.684,-167.082,456.348,0.207048,0.684303,-0.663687,0.219954,0.572653,1.89264,-1.83562,0.298684,-0.167082,0.456348,-2.204802,-2.216094,-0.035385
352,1774597083630,3.911204,297.77,-167.076,456.394,0.207089,0.684237,-0.663736,0.219973,0.572758,1.892439,-1.835737,0.29777,-0.167076,0.456394,-2.20507,-2.216263,-0.035581
353,1774597083641,3.922315,297.334,-167.062,456.402,0.206957,0.68433,-0.663647,0.220077,0.572362,1.892591,-1.83539,0.297334,-0.167062,0.456402,-2.205112,-2.216331,-0.035538
354,1774597083652,3.933427,296.926,-167.055,456.394,0.207017,0.684201,-0.6638,0.219961,0.572565,1.892351,-1.835925,0.296926,-0.167055,0.456394,-2.205091,-2.216417,-0.035595
355,1774597083663,3.944538,296.13,-167.06,456.333,0.207073,0.684136,-0.663882,0.219864,0.572748,1.892266,-1.836247,0.29613,-0.16706,0.456333,-2.205074,-2.21634,-0.035487
356,1774597083674,3.955649,295.739,-167.069,456.293,0.206936,0.68422,-0.66378,0.220039,0.572315,1.892326,-1.835795,0.295739,-0.167069,0.456293,-2.205171,-2.216219,-0.035336
357,1774597083685,3.96676,295.374,-167.064,456.233,0.207025,0.684196,-0.663809,0.219942,0.572592,1.892357,-1.835968,0.295374,-0.167064,0.456233,-2.205065,-2.216187,-0.035163
358,1774597083696,3.977872,294.602,-167.065,456.177,0.207044,0.684184,-0.663822,0.219923,0.572649,1.89234,-1.836024,0.294602,-0.167065,0.456177,-2.205036,-2.21618,-0.035123
359,1774597083707,3.988983,294.245,-167.06,456.152,0.207039,0.684154,-0.663839,0.21997,0.572622,1.89221,-1.836023,0.294245,-0.16706,0.456152,-2.204993,-2.216161,-0.035057
360,1774597083719,4.000094,293.531,-167.044,456.115,0.207052,0.684113,-0.663883,0.21995,0.572665,1.892118,-1.836165,0.293531,-0.167044,0.456115,-2.205067,-2.216204,-0.034907
361,1774597083730,4.011205,293.187,-167.045,456.09,0.207013,0.684012,-0.663986,0.21999,0.572545,1.891799,-1.836413,0.293187,-0.167045,0.45609,-2.205063,-2.216173,-0.034932
362,1774597083741,4.022317,292.863,-167.04,456.065,0.206969,0.684046,-0.663937,0.220076,0.572396,1.891805,-1.836192,0.292863,-0.16704,0.456065,-2.205056,-2.216217,-0.034873
363,1774597083752,4.033428,292.219,-167.049,456.015,0.207049,0.68395,-0.664015,0.220061,0.572621,1.891557,-1.836423,0.292219,-0.167049,0.456015,-2.205089,-2.216115,-0.034853
364,1774597083763,4.044539,291.908,-167.047,456.001,0.206922,0.683983,-0.663953,0.220265,0.572209,1.891444,-1.836055,0.291908,-0.167047,0.456001,-2.205135,-2.216107,-0.034796
365,1774597083774,4.055651,291.287,-167.053,455.995,0.20684,0.68405,-0.663897,0.220305,0.571971,1.891589,-1.83586,0.291287,-0.167053,0.455995,-2.205276,-2.216143,-0.034874
366,1774597083785,4.066762,291.009,-167.04,455.97,0.206804,0.684051,-0.663885,0.220371,0.571852,1.891524,-1.835762,0.291009,-0.16704,0.45597,-2.205291,-2.216099,-0.034696
367,1774597083796,4.077873,290.709,-167.043,455.976,0.206825,0.684083,-0.663874,0.220286,0.571934,1.891698,-1.835814,0.290709,-0.167043,0.455976,-2.205299,-2.216163,-0.034778
368,1774597083807,4.088984,290.163,-167.021,455.957,0.206898,0.684084,-0.663843,0.220308,0.57213,1.891678,-1.835707,0.290163,-0.167021,0.455957,-2.20531,-2.216255,-0.034777
369,1774597083819,4.100096,289.892,-167.021,455.929,0.206858,0.684089,-0.663843,0.220328,0.572013,1.891673,-1.835688,0.289892,-0.167021,0.455929,-2.20534,-2.216202,-0.034717
370,1774597083830,4.111207,289.35,-167.02,455.943,0.206925,0.683995,-0.663937,0.220275,0.572215,1.891465,-1.835999,0.28935,-0.16702,0.455943,-2.205448,-2.216341,-0.034847
371,1774597083841,4.122318,289.116,-167.007,455.91,0.206825,0.683991,-0.663923,0.220422,0.571894,1.891309,-1.835818,0.289116,-0.167007,0.45591,-2.20541,-2.216299,-0.034745
372,1774597083852,4.13343,288.881,-167.007,455.89,0.206939,0.683882,-0.664033,0.220323,0.572237,1.891108,-1.836218,0.288881,-0.167007,0.45589,-2.20541,-2.216298,-0.034747
373,1774597083863,4.144541,288.462,-167.004,455.803,0.206851,0.683942,-0.663986,0.22036,0.571985,1.891236,-1.836053,0.288462,-0.167004,0.455803,-2.205302,-2.216209,-0.034508
374,1774597083874,4.155652,288.238,-166.999,455.787,0.206783,0.684001,-0.663937,0.220389,0.571787,1.891369,-1.835889,0.288238,-0.166999,0.455787,-2.205288,-2.21622,-0.034509
375,1774597083885,4.166764,288.04,-166.998,455.76,0.206895,0.683966,-0.663946,0.220364,0.572104,1.891299,-1.835939,0.28804,-0.166998,0.45576,-2.205221,-2.216203,-0.034446
376,1774597083896,4.177875,287.672,-166.981,455.697,0.206756,0.683955,-0.663983,0.22042,0.571702,1.89121,-1.835987,0.287672,-0.166981,0.455697,-2.20515,-2.216206,-0.03426
377,1774597083907,4.188986,287.49,-166.968,455.693,0.206777,0.683891,-0.664041,0.220421,0.571761,1.891034,-1.836147,0.28749,-0.166968,0.455693,-2.205134,-2.216295,-0.034274
378,1774597083919,4.200097,287.163,-166.969,455.634,0.206966,0.683786,-0.66412,0.220333,0.572309,1.890831,-1.836449,0.287163,-0.166969,0.455634,-2.205113,-2.216137,-0.034165
379,1774597083930,4.211209,287,-166.974,455.616,0.206938,0.683872,-0.664001,0.220452,0.572197,1.890949,-1.836004,0.287,-0.166974,0.455616,-2.205079,-2.216129,-0.034134
380,1774597083941,4.22232,286.853,-166.98,455.598,0.207009,0.683787,-0.66407,0.22044,0.572397,1.890726,-1.836208,0.286853,-0.16698,0.455598,-2.205126,-2.216016,-0.034109
381,1774597083952,4.233431,286.545,-166.967,455.6,0.206986,0.683897,-0.663972,0.220417,0.57234,1.891052,-1.835958,0.286545,-0.166967,0.4556,-2.205105,-2.216153,-0.034089
382,1774597083963,4.244542,286.394,-166.981,455.595,0.206923,0.683865,-0.663958,0.220615,0.572106,1.890768,-1.835727,0.286394,-0.166981,0.455595,-2.205288,-2.21602,-0.034177
383,1774597083974,4.255654,286.161,-166.97,455.571,0.20688,0.683756,-0.664143,0.220437,0.572039,1.890644,-1.836413,0.286161,-0.16697,0.455571,-2.205267,-2.215971,-0.034127
384,1774597083985,4.266765,286.053,-166.957,455.566,0.206902,0.683853,-0.664009,0.220519,0.572076,1.890831,-1.835962,0.286053,-0.166957,0.455566,-2.205283,-2.216013,-0.034037
385,1774597083996,4.277876,285.939,-166.94,455.57,0.20694,0.683701,-0.664132,0.220584,0.572163,1.890346,-1.83624,0.285939,-0.16694,0.45557,-2.205391,-2.216071,-0.0341
386,1774597084007,4.288987,285.763,-166.936,455.556,0.20694,0.683753,-0.664103,0.220511,0.572184,1.890561,-1.836231,0.285763,-0.166936,0.455556,-2.2054,-2.21597,-0.033986
387,1774597084019,4.300099,285.664,-166.941,455.572,0.20692,0.683886,-0.66392,0.220668,0.572082,1.890772,-1.835571,0.285664,-0.166941,0.455572,-2.205471,-2.21602,-0.034151
388,1774597084030,4.31121,285.564,-166.929,455.527,0.206912,0.68366,-0.664241,0.220411,0.572136,1.890403,-1.836708,0.285564,-0.166929,0.455527,-2.205252,-2.216006,-0.033995
389,1774597084041,4.322321,285.487,-166.944,455.523,0.20695,0.683746,-0.664047,0.220691,0.572158,1.890362,-1.8359,0.285487,-0.166944,0.455523,-2.205383,-2.2159,-0.033994
390,1774597084052,4.333433,285.436,-166.917,455.524,0.206906,0.683762,-0.664087,0.220564,0.572076,1.890533,-1.836134,0.285436,-0.166917,0.455524,-2.205326,-2.215975,-0.033963
391,1774597084063,4.344544,285.349,-166.92,455.54,0.206787,0.683814,-0.664056,0.220609,0.571731,1.890632,-1.836004,0.285349,-0.16692,0.45554,-2.205357,-2.215979,-0.034038
392,1774597084074,4.355656,285.329,-166.92,455.526,0.206813,0.683716,-0.664171,0.22054,0.571825,1.89043,-1.836389,0.285329,-0.16692,0.455526,-2.205326,-2.215946,-0.033942
393,1774597084085,4.366767,285.322,-166.916,455.498,0.206792,0.683701,-0.664195,0.220535,0.571769,1.890393,-1.83646,0.285322,-0.166916,0.455498,-2.205246,-2.215889,-0.033836
394,1774597084096,4.377878,285.304,-166.931,455.487,0.206781,0.683708,-0.664182,0.220561,0.571729,1.890388,-1.836399,0.285304,-0.166931,0.455487,-2.205346,-2.215804,-0.033848
395,1774597084107,4.388989,285.31,-166.923,455.482,0.206761,0.683685,-0.664228,0.220513,0.57169,1.890373,-1.836573,0.28531,-0.166923,0.455482,-2.205267,-2.21583,-0.033831
396,1774597084119,4.400101,285.32,-166.915,455.485,0.206878,0.683687,-0.664166,0.220584,0.571991,1.890307,-1.836332,0.28532,-0.166915,0.455485,-2.205246,-2.215916,-0.033856
397,1774597084130,4.411212,285.311,-166.928,455.495,0.206854,0.683677,-0.664186,0.220578,0.571926,1.890284,-1.836394,0.285311,-0.166928,0.455495,-2.205315,-2.215828,-0.03389
398,1774597084141,4.422323,285.31,-166.923,455.503,0.20686,0.68371,-0.664161,0.220546,0.571952,1.890407,-1.836354,0.28531,-0.166923,0.455503,-2.205314,-2.21588,-0.033906
399,1774597084152,4.433434,285.345,-166.926,455.501,0.20688,0.683715,-0.664159,0.220518,0.572016,1.890449,-1.836376,0.285345,-0.166926,0.455501,-2.205302,-2.215896,-0.033931
400,1774597084163,4.444546,285.366,-166.934,455.499,0.206896,0.683692,-0.664192,0.220472,0.572074,1.890432,-1.836513,0.285366,-0.166934,0.455499,-2.20533,-2.21587,-0.033931
401,1774597084174,4.455657,285.451,-166.939,455.468,0.206923,0.683709,-0.664158,0.220497,0.572141,1.890454,-1.836395,0.285451,-0.166939,0.455468,-2.205238,-2.215855,-0.033869
402,1774597084185,4.466768,285.486,-166.927,455.475,0.206965,0.683544,-0.664354,0.22038,0.572292,1.890115,-1.83705,0.285486,-0.166927,0.455475,-2.205175,-2.215978,-0.033868
403,1774597084196,4.477879,285.538,-166.953,455.475,0.206932,0.683517,-0.664379,0.220421,0.572189,1.889998,-1.83708,0.285538,-0.166953,0.455475,-2.205271,-2.215888,-0.033894
404,1774597084207,4.48899,285.589,-166.965,455.479,0.206976,0.683578,-0.664326,0.220348,0.572332,1.890241,-1.837003,0.285589,-0.166965,0.455479,-2.205217,-2.215967,-0.033887
405,1774597084219,4.500102,285.765,-166.969,455.5,0.206863,0.683647,-0.664248,0.220476,0.571982,1.890303,-1.836665,0.285765,-0.166969,0.4555,-2.205277,-2.216005,-0.03396
406,1774597084230,4.511213,286.016,-166.953,455.513,0.206933,0.683694,-0.664203,0.220399,0.572199,1.890509,-1.836615,0.286016,-0.166953,0.455513,-2.205285,-2.216067,-0.034011
407,1774597084241,4.522324,286.176,-166.963,455.504,0.206881,0.683815,-0.664077,0.22045,0.57204,1.890795,-1.836218,0.286176,-0.166963,0.455504,-2.20516,-2.216074,-0.03403
408,1774597084252,4.533435,286.326,-166.966,455.527,0.206694,0.683868,-0.664048,0.220551,0.571491,1.890839,-1.83604,0.286326,-0.166966,0.455527,-2.205244,-2.21616,-0.034089
409,1774597084263,4.544546,286.746,-166.972,455.549,0.206929,0.683772,-0.664122,0.220405,0.572185,1.89072,-1.836385,0.286746,-0.166972,0.455549,-2.205179,-2.216206,-0.034182
410,1774597084274,4.555658,286.982,-166.97,455.556,0.206995,0.683876,-0.663972,0.220472,0.572349,1.89094,-1.835905,0.286982,-0.16697,0.455556,-2.205236,-2.216215,-0.034368
411,1774597084285,4.566769,287.271,-166.967,455.542,0.207052,0.68355,-0.664391,0.220167,0.572599,1.890344,-1.837359,0.287271,-0.166967,0.455542,-2.20514,-2.216197,-0.034321
412,1774597084296,4.57788,287.847,-166.941,455.574,0.206736,0.683855,-0.66402,0.220637,0.571582,1.890717,-1.835879,0.287847,-0.166941,0.455574,-2.205131,-2.216329,-0.034547
413,1774597084307,4.588991,288.157,-166.948,455.59,0.20677,0.684005,-0.663873,0.220581,0.571694,1.891188,-1.835526,0.288157,-0.166948,0.45559,-2.205171,-2.216293,-0.034638
414,1774597084319,4.600103,288.838,-166.943,455.615,0.206824,0.683793,-0.664093,0.220524,0.571861,1.89066,-1.83619,0.288838,-0.166943,0.455615,-2.205271,-2.21632,-0.034796
415,1774597084330,4.611214,289.19,-166.949,455.634,0.206662,0.684213,-0.663655,0.220693,0.571361,1.891652,-1.834815,0.28919,-0.166949,0.455634,-2.205361,-2.216312,-0.034992
416,1774597084341,4.622325,289.592,-166.955,455.625,0.206938,0.683936,-0.663944,0.220422,0.572205,1.891158,-1.835877,0.289592,-0.166955,0.455625,-2.205308,-2.216261,-0.03509
417,1774597084352,4.633436,290.365,-166.926,455.679,0.206721,0.6841,-0.663794,0.220571,0.57156,1.891462,-1.835316,0.290365,-0.166926,0.455679,-2.205463,-2.216344,-0.035266
418,1774597084363,4.644547,290.85,-166.934,455.638,0.206799,0.68399,-0.663891,0.220547,0.571784,1.891181,-1.835608,0.29085,-0.166934,0.455638,-2.205425,-2.216199,-0.035231
419,1774597084374,4.655659,291.826,-166.932,455.609,0.206866,0.684081,-0.66382,0.220414,0.57201,1.891565,-1.835543,0.291826,-0.166932,0.455609,-2.20533,-2.216109,-0.035326
420,1774597084385,4.66677,292.345,-166.929,455.576,0.206848,0.683927,-0.663959,0.22049,0.571936,1.891063,-1.835852,0.292345,-0.166929,0.455576,-2.205254,-2.216059,-0.035265
421,1774597084396,4.677881,292.856,-166.925,455.576,0.206859,0.684084,-0.663809,0.220447,0.571979,1.89154,-1.835477,0.292856,-0.166925,0.455576,-2.205207,-2.216069,-0.035414
422,1774597084407,4.688993,293.928,-166.937,455.605,0.206842,0.683898,-0.664011,0.220428,0.57194,1.891046,-1.836057,0.293928,-0.166937,0.455605,-2.205237,-2.216056,-0.035709
423,1774597084419,4.700104,294.478,-166.934,455.643,0.206844,0.684197,-0.663684,0.220483,0.571927,1.891818,-1.8351,0.294478,-0.166934,0.455643,-2.205286,-2.216117,-0.036019
424,1774597084430,4.711215,295.676,-166.923,455.658,0.206907,0.684039,-0.663849,0.220421,0.572122,1.891442,-1.835613,0.295676,-0.166923,0.455658,-2.205375,-2.216159,-0.036104
425,1774597084441,4.722326,296.327,-166.91,455.642,0.207001,0.684009,-0.663893,0.220294,0.572419,1.891486,-1.835859,0.296327,-0.16691,0.455642,-2.205231,-2.216202,-0.03613
426,1774597084452,4.733438,296.98,-166.917,455.618,0.2069,0.684158,-0.66376,0.220323,0.572131,1.89187,-1.835465,0.29698,-0.166917,0.455618,-2.205188,-2.216135,-0.036171
427,1774597084463,4.744549,298.319,-166.891,455.61,0.206797,0.684263,-0.66366,0.220396,0.571825,1.892086,-1.835117,0.298319,-0.166891,0.45561,-2.20511,-2.216224,-0.036275
428,1774597084474,4.755678,299.014,-166.903,455.58,0.207016,0.684035,-0.663906,0.220159,0.572502,1.891693,-1.836026,0.299014,-0.166903,0.45558,-2.205033,-2.216147,-0.036258
429,1774597084485,4.766789,299.717,-166.908,455.558,0.206982,0.684267,-0.663646,0.220255,0.572377,1.892238,-1.835213,0.299717,-0.166908,0.455558,-2.204961,-2.21605,-0.036229
430,1774597084496,4.777901,301.181,-166.901,455.511,0.207206,0.684021,-0.663895,0.220055,0.573057,1.891759,-1.836097,0.301181,-0.166901,0.455511,-2.204847,-2.215938,-0.03619
431,1774597084508,4.789012,301.904,-166.895,455.552,0.207022,0.684316,-0.663595,0.220216,0.572501,1.892414,-1.835111,0.301904,-0.166895,0.455552,-2.204919,-2.215939,-0.036399
432,1774597084519,4.800124,303.379,-166.855,455.674,0.207115,0.684222,-0.663658,0.220232,0.572752,1.892137,-1.835268,0.303379,-0.166855,0.455674,-2.205142,-2.216159,-0.036893
433,1774597084530,4.811235,304.144,-166.851,455.735,0.207002,0.684512,-0.663382,0.220269,0.572429,1.892903,-1.834471,0.304144,-0.166851,0.455735,-2.205217,-2.216273,-0.037146
434,1774597084541,4.822346,304.936,-166.854,455.745,0.207165,0.684557,-0.663357,0.220052,0.572945,1.893243,-1.834612,0.304936,-0.166854,0.455745,-2.205147,-2.216289,-0.037322
435,1774597084552,4.833458,306.654,-166.839,455.65,0.207167,0.684315,-0.663611,0.220034,0.572957,1.892591,-1.835333,0.306654,-0.166839,0.45565,-2.204808,-2.21605,-0.037021
436,1774597084563,4.844572,307.531,-166.844,455.612,0.207199,0.684386,-0.663539,0.220003,0.573054,1.89282,-1.835163,0.307531,-0.166844,0.455612,-2.204729,-2.215867,-0.037008
437,1774597084574,4.855684,309.302,-166.834,455.598,0.207072,0.684388,-0.663545,0.220095,0.572676,1.892734,-1.835091,0.309302,-0.166834,0.455598,-2.204689,-2.215775,-0.036827
438,1774597084585,4.866795,310.155,-166.816,455.688,0.207029,0.684736,-0.663149,0.220245,0.572512,1.893547,-1.83385,0.310155,-0.166816,0.455688,-2.204813,-2.215939,-0.037115
439,1774597084596,4.877906,311.037,-166.806,455.754,0.206969,0.684744,-0.663173,0.220208,0.572356,1.893604,-1.833951,0.311037,-0.166806,0.455754,-2.204848,-2.216016,-0.037447
440,1774597084608,4.889017,312.865,-166.763,455.854,0.20713,0.684796,-0.663093,0.220135,0.572824,1.893821,-1.833803,0.312865,-0.166763,0.455854,-2.20506,-2.21614,-0.037667
441,1774597084619,4.900128,313.838,-166.76,455.848,0.20729,0.68472,-0.663162,0.220013,0.573303,1.893734,-1.834111,0.313838,-0.16676,0.455848,-2.204948,-2.216032,-0.03771
442,1774597084630,4.91124,315.864,-166.742,455.773,0.207343,0.68461,-0.663258,0.220015,0.573449,1.893429,-1.834375,0.315864,-0.166742,0.455773,-2.204631,-2.21582,-0.037461
443,1774597084641,4.922351,316.898,-166.718,455.793,0.20728,0.684382,-0.663568,0.219848,0.573324,1.892964,-1.835394,0.316898,-0.166718,0.455793,-2.204539,-2.215917,-0.037448
444,1774597084652,4.933462,317.884,-166.701,455.862,0.207027,0.684927,-0.663012,0.220069,0.572559,1.89425,-1.833642,0.317884,-0.166701,0.455862,-2.204533,-2.216062,-0.037799
445,1774597084663,4.944574,319.859,-166.657,455.995,0.206989,0.684832,-0.663072,0.220221,0.572407,1.893834,-1.833659,0.319859,-0.166657,0.455995,-2.204721,-2.216218,-0.038096
446,1774597084674,4.955685,320.875,-166.653,456.034,0.207012,0.685045,-0.662859,0.220174,0.572486,1.894471,-1.833118,0.320875,-0.166653,0.456034,-2.204731,-2.216208,-0.038126
447,1774597084685,4.966796,320.875,-166.653,456.034,0.206986,0.685233,-0.662701,0.220092,0.572439,1.895072,-1.832759,0.320875,-0.166653,0.456034,-2.204731,-2.216208,-0.038126
448,1774597084696,4.977909,323.019,-166.64,456.072,0.207229,0.68485,-0.663154,0.219691,0.573232,1.894415,-1.8344,0.323019,-0.16664,0.456072,-2.204612,-2.216153,-0.038161
449,1774597084708,4.98902,325.192,-166.594,456.128,0.206989,0.685135,-0.662879,0.21986,0.572516,1.895033,-1.833475,0.325192,-0.166594,0.456128,-2.204452,-2.216301,-0.038232
450,1774597084719,5.000131,325.192,-166.594,456.128,0.207263,0.685013,-0.663054,0.219453,0.573397,1.895105,-1.834354,0.325192,-0.166594,0.456128,-2.204452,-2.216301,-0.038232
451,1774597084730,5.011243,327.347,-166.591,456.185,0.207488,0.684162,-0.663914,0.219294,0.574068,1.892911,-1.836888,0.327347,-0.166591,0.456185,-2.204219,-2.216213,-0.038357
452,1774597084741,5.022354,329.537,-166.593,456.244,0.207419,0.684513,-0.66355,0.219366,0.573855,1.893809,-1.835812,0.329537,-0.166593,0.456244,-2.204209,-2.216031,-0.038329
453,1774597084752,5.033465,331.711,-166.574,456.387,0.207606,0.684663,-0.663386,0.219217,0.574417,1.894373,-1.835502,0.331711,-0.166574,0.456387,-2.204362,-2.216108,-0.038763
454,1774597084763,5.044576,331.711,-166.574,456.387,0.207498,0.68484,-0.66322,0.219266,0.574106,1.894815,-1.834997,0.331711,-0.166574,0.456387,-2.204362,-2.216108,-0.038763
455,1774597084774,5.055687,332.822,-166.541,456.422,0.207745,0.684588,-0.663479,0.219038,0.574857,1.894345,-1.835934,0.332822,-0.166541,0.456422,-2.204396,-2.216204,-0.038782
456,1774597084785,5.066799,336.328,-166.519,456.367,0.208056,0.684126,-0.663945,0.218772,0.575799,1.893334,-1.837482,0.336328,-0.166519,0.456367,-2.204079,-2.215873,-0.038519
457,1774597084796,5.07791,337.481,-166.503,456.407,0.207692,0.684678,-0.663427,0.218963,0.574733,1.894671,-1.835862,0.337481,-0.166503,0.456407,-2.204025,-2.215963,-0.038645
458,1774597084808,5.089021,339.764,-166.478,456.522,0.207803,0.684932,-0.663173,0.218832,0.575081,1.895503,-1.835288,0.339764,-0.166478,0.456522,-2.204039,-2.216225,-0.03916
459,1774597084819,5.100132,340.957,-166.47,456.537,0.207797,0.685014,-0.663082,0.218857,0.575057,1.895706,-1.835013,0.340957,-0.16647,0.456537,-2.204005,-2.216253,-0.039134
460,1774597084830,5.111243,343.424,-166.475,456.475,0.20806,0.684674,-0.663422,0.218644,0.57585,1.894977,-1.836158,0.343424,-0.166475,0.456475,-2.203802,-2.216038,-0.039026
461,1774597084841,5.122355,344.62,-166.454,456.495,0.207902,0.684474,-0.663637,0.218765,0.575375,1.894303,-1.836637,0.34462,-0.166454,0.456495,-2.203764,-2.21609,-0.039063
462,1774597084852,5.133466,345.807,-166.413,456.503,0.207645,0.684887,-0.663245,0.218906,0.57462,1.895305,-1.835413,0.345807,-0.166413,0.456503,-2.203627,-2.21612,-0.039025
463,1774597084863,5.144578,348.173,-166.404,456.621,0.207823,0.685198,-0.662881,0.218868,0.575126,1.896202,-1.834442,0.348173,-0.166404,0.456621,-2.203774,-2.216309,-0.039638
464,1774597084874,5.155689,349.368,-166.392,456.664,0.207831,0.684963,-0.66313,0.21884,0.575157,1.895581,-1.83516,0.349368,-0.166392,0.456664,-2.203784,-2.216359,-0.039668
465,1774597084885,5.1668,350.584,-166.389,456.629,0.207808,0.68506,-0.663052,0.218793,0.575106,1.895897,-1.834991,0.350584,-0.166389,0.456629,-2.20362,-2.216278,-0.039558
466,1774597084896,5.177912,353.031,-166.35,456.583,0.207895,0.684891,-0.663254,0.21863,0.575397,1.895592,-1.835707,0.353031,-0.16635,0.456583,-2.203276,-2.216103,-0.039224
467,1774597084908,5.189023,354.253,-166.314,456.604,0.207531,0.685208,-0.662955,0.218889,0.57431,1.896209,-1.83463,0.354253,-0.166314,0.456604,-2.203202,-2.216143,-0.039174
468,1774597084919,5.200134,356.546,-166.262,456.801,0.207554,0.685163,-0.663023,0.218799,0.574403,1.896177,-1.834905,0.356546,-0.166262,0.456801,-2.203486,-2.216392,-0.039652
469,1774597084930,5.211246,357.701,-166.22,456.869,0.207611,0.685151,-0.663051,0.2187,0.57459,1.896242,-1.835076,0.357701,-0.16622,0.456869,-2.203433,-2.216569,-0.03983
470,1774597084941,5.22236,358.875,-166.222,456.873,0.207694,0.685192,-0.663019,0.218589,0.574853,1.896468,-1.835098,0.358875,-0.166222,0.456873,-2.203447,-2.216408,-0.039829
471,1774597084952,5.233471,361.254,-166.17,456.826,0.207946,0.684938,-0.663283,0.218344,0.575624,1.896012,-1.836066,0.361254,-0.16617,0.456826,-2.203343,-2.216302,-0.039848
472,1774597084963,5.244582,362.426,-166.142,456.813,0.207905,0.68516,-0.663084,0.218291,0.575528,1.896677,-1.835568,0.362426,-0.166142,0.456813,-2.203056,-2.216205,-0.039718
473,1774597084974,5.255693,364.622,-166.075,456.902,0.208014,0.684905,-0.663343,0.218202,0.575856,1.896061,-1.836369,0.364622,-0.166075,0.456902,-2.203113,-2.216482,-0.039959
474,1774597084985,5.266805,365.765,-166.074,456.917,0.207867,0.68531,-0.662882,0.218469,0.575369,1.896915,-1.834835,0.365765,-0.166074,0.456917,-2.203043,-2.216484,-0.04014
475,1774597084996,5.277916,366.863,-166.08,456.924,0.207992,0.684921,-0.663308,0.218277,0.575774,1.896031,-1.8362,0.366863,-0.16608,0.456924,-2.203044,-2.216447,-0.040279
476,1774597085008,5.289027,369.038,-166.016,456.883,0.208116,0.684747,-0.663489,0.218156,0.576153,1.89567,-1.836818,0.369038,-0.166016,0.456883,-2.202886,-2.216278,-0.040037
477,1774597085019,5.300139,370.112,-165.996,456.863,0.208123,0.684923,-0.66333,0.218081,0.576196,1.896231,-1.836451,0.370112,-0.165996,0.456863,-2.202702,-2.216158,-0.040069
478,1774597085030,5.31125,371.163,-165.971,456.862,0.207659,0.685421,-0.662768,0.218665,0.574733,1.897026,-1.834328,0.371163,-0.165971,0.456862,-2.202755,-2.216093,-0.040112
479,1774597085041,5.322361,373.217,-165.935,456.931,0.208139,0.685166,-0.663077,0.218072,0.576242,1.896913,-1.83576,0.373217,-0.165935,0.456931,-2.202788,-2.21614,-0.040594
480,1774597085052,5.333472,374.262,-165.906,456.914,0.20762,0.685147,-0.663109,0.21853,0.574666,1.8964,-1.835402,0.374262,-0.165906,0.456914,-2.202777,-2.216197,-0.040613
481,1774597085063,5.344583,376.405,-165.875,456.801,0.20813,0.684544,-0.663718,0.218083,0.576215,1.895182,-1.837523,0.376405,-0.165875,0.456801,-2.202657,-2.21607,-0.040408
482,1774597085074,5.355695,377.449,-165.878,456.775,0.208209,0.68477,-0.663468,0.218059,0.576439,1.895833,-1.836854,0.377449,-0.165878,0.456775,-2.202621,-2.215888,-0.040442
483,1774597085085,5.366806,378.465,-165.858,456.783,0.207978,0.685446,-0.662776,0.218258,0.575741,1.897504,-1.834745,0.378465,-0.165858,0.456783,-2.20269,-2.21595,-0.040557
484,1774597085096,5.377917,380.464,-165.784,456.802,0.208003,0.685137,-0.6631,0.21822,0.57582,1.896685,-1.83568,0.380464,-0.165784,0.456802,-2.202705,-2.21613,-0.040687
485,1774597085108,5.389028,381.442,-165.77,456.813,0.208273,0.684971,-0.663234,0.218079,0.576611,1.896366,-1.836189,0.381442,-0.16577,0.456813,-2.202844,-2.216212,-0.040857
486,1774597085119,5.40014,383.443,-165.774,456.72,0.208417,0.684956,-0.66324,0.217968,0.577043,1.896438,-1.836314,0.383443,-0.165774,0.45672,-2.202852,-2.215954,-0.040842
487,1774597085130,5.411251,384.409,-165.755,456.665,0.208482,0.684909,-0.663301,0.217869,0.577255,1.896406,-1.836578,0.384409,-0.165755,0.456665,-2.202728,-2.215922,-0.040904
488,1774597085141,5.422363,385.351,-165.719,456.609,0.208463,0.685082,-0.663146,0.217816,0.577218,1.896938,-1.8362,0.385351,-0.165719,0.456609,-2.202614,-2.215868,-0.040742
489,1774597085152,5.433474,387.152,-165.692,456.631,0.208214,0.685282,-0.662933,0.218075,0.57645,1.897231,-1.835357,0.387152,-0.165692,0.456631,-2.202637,-2.215877,-0.041046
490,1774597085163,5.444585,388.034,-165.667,456.66,0.208498,0.684825,-0.663417,0.217767,0.577331,1.896276,-1.836997,0.388034,-0.165667,0.45666,-2.202682,-2.215995,-0.041264
491,1774597085174,5.455696,389.741,-165.651,456.663,0.208261,0.685244,-0.662988,0.217979,0.57661,1.897225,-1.835604,0.389741,-0.165651,0.456663,-2.202802,-2.21602,-0.041474
492,1774597085185,5.466808,390.615,-165.661,456.623,0.208598,0.685069,-0.663127,0.217784,0.577602,1.896936,-1.836178,0.390615,-0.165661,0.456623,-2.202789,-2.215857,-0.041449
493,1774597085196,5.477919,391.526,-165.65,456.508,0.20871,0.684836,-0.663364,0.217692,0.577939,1.896381,-1.836923,0.391526,-0.16565,0.456508,-2.202584,-2.215786,-0.041167
494,1774597085208,5.48903,393.277,-165.634,456.371,0.208432,0.685193,-0.66303,0.217848,0.577121,1.897214,-1.835849,0.393277,-0.165634,0.456371,-2.20229,-2.215533,-0.040898
495,1774597085219,5.500141,394.09,-165.606,456.388,0.208434,0.685384,-0.662849,0.217796,0.577143,1.897795,-1.835398,0.39409,-0.165606,0.456388,-2.202318,-2.215633,-0.041016
496,1774597085230,5.511252,394.864,-165.561,456.429,0.208178,0.685664,-0.662527,0.218139,0.57633,1.898226,-1.834172,0.394864,-0.165561,0.456429,-2.202385,-2.215803,-0.041278
497,1774597085241,5.522365,396.397,-165.541,456.486,0.208301,0.685864,-0.662287,0.21812,0.576677,1.8988,-1.833527,0.396397,-0.165541,0.456486,-2.202679,-2.215903,-0.041709
498,1774597085252,5.533476,397.22,-165.546,456.413,0.208834,0.685258,-0.662903,0.217646,0.578297,1.897598,-1.835692,0.39722,-0.165546,0.456413,-2.202682,-2.215729,-0.041617
499,1774597085263,5.544587,398.784,-165.545,456.328,0.208562,0.685559,-0.66258,0.217941,0.577455,1.898135,-1.834511,0.398784,-0.165545,0.456328,-2.202595,-2.215637,-0.0415
500,1774597085274,5.555699,399.532,-165.522,456.304,0.208597,0.68516,-0.663044,0.217752,0.577608,1.89722,-1.835981,0.399532,-0.165522,0.456304,-2.202566,-2.215619,-0.041469
501,1774597085285,5.56681,400.276,-165.487,456.283,0.208475,0.685431,-0.662786,0.2178,0.577256,1.897922,-1.835217,0.400276,-0.165487,0.456283,-2.202431,-2.215681,-0.041413
502,1774597085296,5.577921,401.673,-165.452,456.276,0.208606,0.685304,-0.662929,0.217641,0.577667,1.897728,-1.835769,0.401673,-0.165452,0.456276,-2.202283,-2.215798,-0.0415
503,1774597085308,5.589033,402.335,-165.448,456.285,0.208616,0.685423,-0.662809,0.217622,0.577701,1.898078,-1.835456,0.402335,-0.165448,0.456285,-2.202313,-2.215844,-0.041601
504,1774597085319,5.600144,403.653,-165.453,456.277,0.208386,0.685807,-0.662404,0.217864,0.576991,1.898898,-1.834099,0.403653,-0.165453,0.456277,-2.20241,-2.21584,-0.041821
505,1774597085330,5.611255,404.302,-165.454,456.248,0.208503,0.685687,-0.662504,0.217828,0.577325,1.898602,-1.83441,0.404302,-0.165454,0.456248,-2.202431,-2.215767,-0.041834
506,1774597085341,5.622366,404.952,-165.447,456.191,0.208487,0.685538,-0.662678,0.217784,0.577295,1.898232,-1.834934,0.404952,-0.165447,0.456191,-2.202419,-2.215738,-0.041737
507,1774597085352,5.633478,406.247,-165.43,456.08,0.208758,0.685174,-0.663049,0.217538,0.57812,1.897473,-1.836201,0.406247,-0.16543,0.45608,-2.202312,-2.215594,-0.041539
508,1774597085363,5.644589,406.871,-165.399,456.061,0.20876,0.685243,-0.663017,0.217416,0.578162,1.897787,-1.836232,0.406871,-0.165399,0.456061,-2.202277,-2.215624,-0.041571
509,1774597085374,5.655701,407.991,-165.345,456.122,0.208758,0.685432,-0.662841,0.217361,0.578174,1.898365,-1.835797,0.407991,-0.165345,0.456122,-2.202382,-2.215791,-0.04193
510,1774597085385,5.666812,408.509,-165.342,456.174,0.2083,0.685993,-0.662272,0.217763,0.576783,1.899516,-1.83383,0.408509,-0.165342,0.456174,-2.20244,-2.215897,-0.042206
511,1774597085396,5.677923,409.042,-165.323,456.174,0.208433,0.685875,-0.662428,0.217535,0.577219,1.899417,-1.834483,0.409042,-0.165323,0.456174,-2.202501,-2.215917,-0.042267
512,1774597085408,5.689034,410.114,-165.294,456.098,0.208566,0.685747,-0.662536,0.21748,0.577605,1.899118,-1.834839,0.410114,-0.165294,0.456098,-2.20244,-2.215822,-0.042207
513,1774597085419,5.700145,410.666,-165.294,456.021,0.208621,0.685966,-0.662305,0.21744,0.577769,1.899765,-1.834238,0.410666,-0.165294,0.456021,-2.202269,-2.215685,-0.042212
514,1774597085430,5.711256,411.685,-165.241,455.935,0.208809,0.685363,-0.66296,0.217164,0.578375,1.898372,-1.836319,0.411685,-0.165241,0.455935,-2.202164,-2.215619,-0.042019
515,1774597085441,5.722368,412.161,-165.216,455.932,0.208848,0.685361,-0.662993,0.217032,0.578524,1.8985,-1.836539,0.412161,-0.165216,0.455932,-2.202154,-2.215702,-0.042122
516,1774597085452,5.733479,412.616,-165.196,455.914,0.208796,0.68552,-0.662836,0.217058,0.578373,1.898915,-1.836079,0.412616,-0.165196,0.455914,-2.202205,-2.215628,-0.042095
517,1774597085463,5.74459,413.463,-165.162,455.916,0.208756,0.685726,-0.662627,0.217088,0.578251,1.899454,-1.83547,0.413463,-0.165162,0.455916,-2.202158,-2.215605,-0.04233
518,1774597085474,5.755701,413.9,-165.14,455.852,0.20895,0.685265,-0.663113,0.216871,0.578856,1.898396,-1.837029,0.4139,-0.16514,0.455852,-2.202093,-2.215461,-0.042139
519,1774597085485,5.766812,414.333,-165.121,455.78,0.208861,0.685404,-0.662951,0.217011,0.578567,1.89864,-1.836444,0.414333,-0.165121,0.45578,-2.201974,-2.215369,-0.041922
520,1774597085496,5.777923,415.1,-165.077,455.723,0.208802,0.685597,-0.66276,0.217044,0.578392,1.899143,-1.835881,0.4151,-0.165077,0.455723,-2.201894,-2.215249,-0.04195
521,1774597085508,5.789035,415.469,-165.041,455.709,0.20897,0.685493,-0.662883,0.216836,0.578922,1.899062,-1.836425,0.415469,-0.165041,0.455709,-2.201858,-2.215224,-0.04206
522,1774597085519,5.800146,416.074,-164.932,455.832,0.20873,0.68585,-0.662515,0.217061,0.578188,1.899824,-1.835188,0.416074,-0.164932,0.455832,-2.20201,-2.215623,-0.042536
523,1774597085530,5.811257,416.368,-164.887,455.873,0.208716,0.686022,-0.662332,0.217091,0.57814,1.90027,-1.83465,0.416368,-0.164887,0.455873,-2.202138,-2.215738,-0.042674
524,1774597085541,5.822368,416.684,-164.854,455.86,0.208795,0.685784,-0.662574,0.21703,0.578377,1.899673,-1.835379,0.416684,-0.164854,0.45586,-2.202125,-2.215733,-0.042727
525,1774597085552,5.83348,417.274,-164.828,455.786,0.208848,0.685761,-0.662589,0.217002,0.578534,1.899639,-1.835449,0.417274,-0.164828,0.455786,-2.202005,-2.215624,-0.042706
526,1774597085563,5.844591,417.582,-164.785,455.718,0.209092,0.685315,-0.663058,0.216745,0.579289,1.898661,-1.836999,0.417582,-0.164785,0.455718,-2.20192,-2.215565,-0.042575
527,1774597085574,5.855703,417.849,-164.751,455.702,0.209002,0.685385,-0.662988,0.216823,0.579014,1.898777,-1.836729,0.417849,-0.164751,0.455702,-2.201835,-2.215565,-0.042568
528,1774597085585,5.866814,418.352,-164.655,455.67,0.208798,0.685659,-0.662711,0.216999,0.578397,1.899359,-1.835791,0.418352,-0.164655,0.45567,-2.201745,-2.215646,-0.042628
529,1774597085596,5.877925,418.591,-164.597,455.655,0.208919,0.685402,-0.663029,0.216724,0.578815,1.898925,-1.83694,0.418591,-0.164597,0.455655,-2.201695,-2.215679,-0.042588
530,1774597085608,5.889036,419.028,-164.528,455.624,0.208851,0.685562,-0.662885,0.216727,0.578627,1.899363,-1.836535,0.419028,-0.164528,0.455624,-2.201673,-2.215666,-0.0426
531,1774597085619,5.900148,419.264,-164.482,455.583,0.209093,0.685344,-0.663047,0.216683,0.579311,1.898805,-1.837029,0.419264,-0.164482,0.455583,-2.201611,-2.215579,-0.042563
532,1774597085630,5.911259,419.693,-164.378,455.503,0.209049,0.685415,-0.662968,0.216743,0.579169,1.898941,-1.836752,0.419693,-0.164378,0.455503,-2.201489,-2.215432,-0.042421
533,1774597085641,5.92237,419.875,-164.328,455.497,0.209098,0.685505,-0.66285,0.216773,0.579297,1.899159,-1.836396,0.419875,-0.164328,0.455497,-2.201574,-2.215338,-0.042462
534,1774597085652,5.933481,420.047,-164.279,455.486,0.20903,0.685474,-0.662914,0.216742,0.579116,1.899105,-1.836601,0.420047,-0.164279,0.455486,-2.201536,-2.215357,-0.042542
535,1774597085663,5.944593,420.349,-164.167,455.535,0.209094,0.685709,-0.662672,0.216677,0.579315,1.89982,-1.835996,0.420349,-0.164167,0.455535,-2.201563,-2.21546,-0.042948
536,1774597085674,5.955704,420.5,-164.107,455.529,0.209254,0.685504,-0.662837,0.216669,0.57976,1.899261,-1.836459,0.4205,-0.164107,0.455529,-2.20167,-2.215358,-0.042909
537,1774597085685,5.966815,420.664,-164.053,455.5,0.209177,0.685346,-0.66302,0.216681,0.579542,1.898811,-1.836957,0.420664,-0.164053,0.4555,-2.20165,-2.215313,-0.042875
538,1774597085696,5.977927,420.943,-163.928,455.505,0.209205,0.685623,-0.662708,0.216733,0.579603,1.899526,-1.836039,0.420943,-0.163928,0.455505,-2.201571,-2.215243,-0.043039
539,1774597085708,5.989038,421.098,-163.812,455.482,0.209208,0.685467,-0.662867,0.216734,0.579613,1.899095,-1.836481,0.421098,-0.163812,0.455482,-2.201554,-2.215254,-0.043014
540,1774597085719,6.00015,421.333,-163.652,455.499,0.209174,0.685612,-0.662753,0.216659,0.579541,1.899572,-1.836236,0.421333,-0.163652,0.455499,-2.201577,-2.215265,-0.043221
541,1774597085730,6.011261,421.47,-163.54,455.488,0.209281,0.685451,-0.662951,0.21646,0.5799,1.899324,-1.83698,0.42147,-0.16354,0.455488,-2.201421,-2.215324,-0.043286
542,1774597085741,6.022372,421.572,-163.449,455.497,0.209279,0.685587,-0.662805,0.21648,0.579887,1.89968,-1.836554,0.421572,-0.163449,0.455497,-2.201446,-2.215329,-0.043389
543,1774597085752,6.033484,421.8,-163.225,455.47,0.209286,0.685647,-0.66273,0.216512,0.579898,1.899814,-1.836316,0.4218,-0.163225,0.45547,-2.20138,-2.215289,-0.043283
544,1774597085763,6.044595,421.896,-163.105,455.48,0.209433,0.685474,-0.662902,0.216391,0.580341,1.899457,-1.836911,0.421896,-0.163105,0.45548,-2.201408,-2.215322,-0.04337
545,1774597085774,6.055706,422.094,-162.84,455.459,0.209376,0.685663,-0.662699,0.216467,0.58016,1.899906,-1.836275,0.422094,-0.16284,0.455459,-2.201406,-2.215193,-0.043417
546,1774597085785,6.066817,422.18,-162.666,455.476,0.209443,0.685624,-0.662738,0.216407,0.580364,1.899857,-1.836441,0.42218,-0.162666,0.455476,-2.201344,-2.215242,-0.043514
547,1774597085796,6.077929,422.28,-162.488,455.463,0.209391,0.685566,-0.662794,0.216468,0.580201,1.899637,-1.836537,0.42228,-0.162488,0.455463,-2.201325,-2.215253,-0.043544
548,1774597085808,6.08904,422.459,-162.1,455.441,0.209423,0.685652,-0.662717,0.216402,0.580311,1.89994,-1.836387,0.422459,-0.1621,0.455441,-2.201338,-2.215242,-0.04355
549,1774597085819,6.100151,422.552,-161.893,455.43,0.209422,0.685657,-0.662731,0.216345,0.580325,1.900011,-1.836481,0.422552,-0.161893,0.45543,-2.20122,-2.215283,-0.043469
550,1774597085830,6.111262,422.619,-161.69,455.44,0.209419,0.685719,-0.662659,0.21637,0.580309,1.900159,-1.836259,0.422619,-0.16169,0.45544,-2.201325,-2.215234,-0.04356
551,1774597085841,6.122374,422.775,-161.223,455.431,0.209465,0.685792,-0.662572,0.216362,0.580441,1.900367,-1.836024,0.422775,-0.161223,0.455431,-2.201312,-2.215197,-0.043575
552,1774597085852,6.133485,422.822,-160.995,455.457,0.209546,0.685756,-0.662611,0.216278,0.58069,1.900354,-1.836214,0.422822,-0.160995,0.455457,-2.201302,-2.215194,-0.043727
553,1774597085863,6.144597,422.947,-160.478,455.483,0.20953,0.68576,-0.662597,0.216323,0.580632,1.900319,-1.836132,0.422947,-0.160478,0.455483,-2.201268,-2.215248,-0.043906
554,1774597085874,6.155708,423.018,-160.204,455.457,0.20945,0.685861,-0.662479,0.216441,0.580373,1.900481,-1.835691,0.423018,-0.160204,0.455457,-2.201259,-2.215241,-0.043887
555,1774597085885,6.166819,423.072,-159.937,455.465,0.209729,0.685486,-0.662838,0.216261,0.581203,1.899622,-1.836861,0.423072,-0.159937,0.455465,-2.201328,-2.215149,-0.043817
556,1774597085896,6.17793,423.173,-159.326,455.48,0.20954,0.685966,-0.662304,0.216558,0.580586,1.900653,-1.835091,0.423173,-0.159326,0.45548,-2.201438,-2.215135,-0.043953
557,1774597085908,6.189042,423.255,-158.993,455.453,0.209579,0.685819,-0.662469,0.216481,0.580718,1.900323,-1.835623,0.423255,-0.158993,0.455453,-2.20123,-2.215137,-0.043888
558,1774597085919,6.200153,423.387,-158.324,455.391,0.209545,0.685764,-0.662585,0.216332,0.58067,1.900321,-1.836091,0.423387,-0.158324,0.455391,-2.201127,-2.215026,-0.043673
559,1774597085930,6.211264,423.402,-157.969,455.423,0.209498,0.68587,-0.662478,0.216372,0.580527,1.900573,-1.835754,0.423402,-0.157969,0.455423,-2.201173,-2.215079,-0.043817
560,1774597085941,6.222375,423.472,-157.617,455.374,0.209651,0.685667,-0.662673,0.21627,0.580984,1.900114,-1.836392,0.423472,-0.157617,0.455374,-2.201075,-2.214973,-0.043633
561,1774597085952,6.233487,423.534,-156.856,455.385,0.20969,0.685758,-0.662571,0.216256,0.581094,1.90038,-1.836123,0.423534,-0.156856,0.455385,-2.201084,-2.214959,-0.043691
562,1774597085963,6.244598,423.573,-156.471,455.366,0.209661,0.685633,-0.662683,0.216336,0.580991,1.899953,-1.836358,0.423573,-0.156471,0.455366,-2.201139,-2.214856,-0.043679
563,1774597085974,6.255709,423.624,-155.619,455.398,0.209686,0.685746,-0.662593,0.21623,0.581092,1.900376,-1.83621,0.423624,-0.155619,0.455398,-2.200974,-2.215014,-0.043788
564,1774597085985,6.266821,423.649,-155.189,455.399,0.209679,0.685709,-0.662641,0.216206,0.581081,1.900296,-1.836367,0.423649,-0.155189,0.455399,-2.201026,-2.214961,-0.043799
565,1774597085996,6.277932,423.678,-154.733,455.404,0.209549,0.685723,-0.662651,0.216255,0.580705,1.900286,-1.836349,0.423678,-0.154733,0.455404,-2.200945,-2.215011,-0.043758
566,1774597086008,6.289043,423.767,-153.801,455.335,0.209537,0.685747,-0.662605,0.216333,0.580649,1.900272,-1.836145,0.423767,-0.153801,0.455335,-2.200841,-2.214821,-0.04361
567,1774597086019,6.300154,423.775,-153.288,455.371,0.20964,0.685617,-0.662716,0.216305,0.580943,1.899942,-1.836478,0.423775,-0.153288,0.455371,-2.200877,-2.214915,-0.043675
568,1774597086030,6.311266,423.797,-152.314,455.387,0.209746,0.685794,-0.662497,0.216312,0.581232,1.900425,-1.835866,0.423797,-0.152314,0.455387,-2.201004,-2.214812,-0.043828
569,1774597086041,6.322377,423.784,-151.8,455.434,0.209864,0.685939,-0.662317,0.21629,0.581567,1.900849,-1.835389,0.423784,-0.1518,0.455434,-2.201142,-2.214796,-0.043964
570,1774597086052,6.333489,423.782,-151.271,455.463,0.209782,0.685895,-0.66237,0.216347,0.581323,1.900668,-1.835479,0.423782,-0.151271,0.455463,-2.201231,-2.214836,-0.044032
571,1774597086063,6.3446,423.797,-150.176,455.504,0.209738,0.6859,-0.662375,0.216358,0.581196,1.900671,-1.835483,0.423797,-0.150176,0.455504,-2.20136,-2.214842,-0.044179
572,1774597086074,6.355711,423.818,-149.608,455.511,0.209675,0.68604,-0.662259,0.216332,0.581031,1.901085,-1.835185,0.423818,-0.149608,0.455511,-2.201342,-2.214851,-0.044194
573,1774597086085,6.366822,423.824,-149.05,455.526,0.209722,0.685953,-0.662344,0.2163,0.581171,1.900877,-1.835453,0.423824,-0.14905,0.455526,-2.201394,-2.214855,-0.044295
574,1774597086096,6.377934,423.855,-147.849,455.527,0.209763,0.685857,-0.662463,0.216198,0.581317,1.900715,-1.835883,0.423855,-0.147849,0.455527,-2.201376,-2.214892,-0.044242
575,1774597086108,6.389045,423.863,-147.235,455.542,0.209735,0.68578,-0.662542,0.216229,0.581229,1.90047,-1.836073,0.423863,-0.147235,0.455542,-2.201367,-2.214936,-0.044227
576,1774597086119,6.400156,423.914,-146.003,455.481,0.209642,0.685847,-0.662464,0.216347,0.580933,1.900536,-1.835741,0.423914,-0.146003,0.455481,-2.201204,-2.214849,-0.044142
577,1774597086130,6.411267,423.935,-145.347,455.45,0.20975,0.685822,-0.662477,0.216279,0.581255,1.900536,-1.835843,0.423935,-0.145347,0.45545,-2.201187,-2.214776,-0.04406
578,1774597086141,6.422379,423.946,-144.713,455.436,0.209824,0.685705,-0.662557,0.216335,0.581443,1.900156,-1.836008,0.423946,-0.144713,0.455436,-2.201118,-2.214734,-0.044084
579,1774597086152,6.43349,423.997,-143.343,455.38,0.209745,0.685838,-0.662424,0.216399,0.581203,1.900458,-1.835577,0.423997,-0.143343,0.45538,-2.201049,-2.214715,-0.043963
580,1774597086163,6.444602,424.006,-142.624,455.389,0.209662,0.685694,-0.662559,0.216521,0.580935,1.899936,-1.835834,0.424006,-0.142624,0.455389,-2.201076,-2.214715,-0.043899
581,1774597086174,6.455713,424.031,-141.192,455.375,0.209771,0.685769,-0.662471,0.216447,0.581261,1.900221,-1.835661,0.424031,-0.141192,0.455375,-2.201016,-2.214737,-0.043908
582,1774597086185,6.466824,424.026,-140.455,455.397,0.209658,0.685775,-0.662482,0.216506,0.580931,1.900175,-1.835635,0.424026,-0.140455,0.455397,-2.201135,-2.214754,-0.043905
583,1774597086196,6.477936,424.041,-139.708,455.398,0.209821,0.685886,-0.662347,0.216407,0.581411,1.900584,-1.835357,0.424041,-0.139708,0.455398,-2.201099,-2.214743,-0.043873
584,1774597086208,6.489047,424.036,-138.184,455.451,0.209685,0.685876,-0.662326,0.216635,0.580964,1.900325,-1.835078,0.424036,-0.138184,0.455451,-2.201298,-2.214686,-0.043998
585,1774597086219,6.500158,424.023,-137.38,455.498,0.209405,0.685757,-0.662463,0.216866,0.580118,1.899763,-1.835232,0.424023,-0.13738,0.455498,-2.20137,-2.21484,-0.043965
586,1774597086230,6.51127,424.022,-135.782,455.552,0.209527,0.685935,-0.662285,0.216725,0.580498,1.900399,-1.834877,0.424022,-0.135782,0.455552,-2.201452,-2.214797,-0.044072
587,1774597086241,6.522381,424.03,-134.905,455.584,0.209448,0.685977,-0.662283,0.216676,0.580296,1.900564,-1.834919,0.42403,-0.134905,0.455584,-2.201409,-2.214941,-0.044047
588,1774597086252,6.533492,424.033,-134.075,455.6,0.209534,0.68595,-0.662279,0.216692,0.580529,1.900473,-1.834891,0.424033,-0.134075,0.4556,-2.201484,-2.214828,-0.043981
589,1774597086263,6.544603,424.025,-132.353,455.667,0.20962,0.686007,-0.662269,0.216456,0.580841,1.90087,-1.835095,0.424025,-0.132353,0.455667,-2.201387,-2.215003,-0.044059
590,1774597086274,6.555715,424.051,-131.481,455.63,0.209674,0.68579,-0.662454,0.216524,0.580969,1.900201,-1.835542,0.424051,-0.131481,0.45563,-2.201284,-2.214889,-0.043734
591,1774597086285,6.566826,424.043,-130.637,455.63,0.209765,0.68587,-0.662324,0.216582,0.581202,1.900364,-1.835123,0.424043,-0.130637,0.45563,-2.201351,-2.214664,-0.043701
592,1774597086296,6.577937,424.031,-129.733,455.647,0.20999,0.685869,-0.662379,0.216201,0.581944,1.900744,-1.835646,0.424031,-0.129733,0.455647,-2.201381,-2.214614,-0.04366
593,1774597086308,6.589048,424.016,-127.905,455.672,0.209733,0.685805,-0.662455,0.21642,0.581164,1.900347,-1.835643,0.424016,-0.127905,0.455672,-2.201354,-2.214616,-0.043669
594,1774597086319,6.600159,423.999,-125.986,455.707,0.209599,0.685853,-0.662435,0.216458,0.58078,1.900439,-1.835552,0.423999,-0.125986,0.455707,-2.201417,-2.214631,-0.043666
595,1774597086330,6.611271,423.982,-125.015,455.762,0.209674,0.685572,-0.662739,0.216344,0.581025,1.899778,-1.836504,0.423982,-0.125015,0.455762,-2.201457,-2.214677,-0.043768
596,1774597086341,6.622382,423.968,-124.045,455.783,0.209592,0.685684,-0.662576,0.21657,0.580728,1.899859,-1.835832,0.423968,-0.124045,0.455783,-2.201503,-2.21473,-0.043886
597,1774597086352,6.633493,423.98,-122.05,455.8,0.209503,0.685692,-0.662606,0.216536,0.580491,1.899917,-1.835949,0.42398,-0.12205,0.4558,-2.201421,-2.214838,-0.043832
598,1774597086363,6.644605,423.959,-121.057,455.821,0.209582,0.685612,-0.662654,0.216569,0.5807,1.899662,-1.836049,0.423959,-0.121057,0.455821,-2.201487,-2.214855,-0.043939
599,1774597086374,6.655716,423.951,-119.016,455.827,0.209533,0.685734,-0.662562,0.216509,0.580583,1.900061,-1.835853,0.423951,-0.119016,0.455827,-2.201394,-2.215031,-0.043872
600,1774597086385,6.666827,423.948,-117.982,455.821,0.209531,0.685764,-0.66253,0.216517,0.580574,1.900134,-1.835756,0.423948,-0.117982,0.455821,-2.20142,-2.214979,-0.043837
601,1774597086396,6.677938,423.954,-116.98,455.77,0.209546,0.68564,-0.662638,0.216562,0.580602,1.899746,-1.836014,0.423954,-0.11698,0.45577,-2.201329,-2.214857,-0.043669
602,1774597086408,6.68905,423.942,-114.906,455.726,0.209512,0.685671,-0.66264,0.216492,0.580531,1.899902,-1.836088,0.423942,-0.114906,0.455726,-2.201344,-2.214759,-0.043372
603,1774597086419,6.700161,423.97,-113.825,455.676,0.209924,0.685627,-0.662611,0.216322,0.581724,1.899951,-1.836172,0.42397,-0.113825,0.455676,-2.201198,-2.214739,-0.043095
604,1774597086430,6.711272,423.934,-111.705,455.68,0.209512,0.685557,-0.662685,0.216715,0.580461,1.899361,-1.835995,0.423934,-0.111705,0.45568,-2.201381,-2.21458,-0.043
605,1774597086441,6.722384,423.933,-110.575,455.701,0.20966,0.685549,-0.66272,0.21649,0.580941,1.899565,-1.836311,0.423933,-0.110575,0.455701,-2.201327,-2.214663,-0.04303
606,1774597086452,6.733495,423.909,-109.467,455.742,0.209508,0.685666,-0.662648,0.216484,0.580521,1.899897,-1.836117,0.423909,-0.109467,0.455742,-2.201382,-2.214748,-0.043023
607,1774597086463,6.744606,423.895,-107.195,455.797,0.209569,0.685586,-0.662721,0.216456,0.580699,1.899704,-1.836347,0.423895,-0.107195,0.455797,-2.201404,-2.214859,-0.043066
608,1774597086474,6.755717,423.868,-106.064,455.851,0.209341,0.685679,-0.662654,0.216587,0.580027,1.899828,-1.836033,0.423868,-0.106064,0.455851,-2.201477,-2.214993,-0.043222
609,1774597086485,6.766829,423.848,-104.921,455.899,0.209278,0.68563,-0.662702,0.216658,0.57983,1.899622,-1.836096,0.423848,-0.104921,0.455899,-2.201476,-2.21513,-0.043244
610,1774597086496,6.77794,423.793,-102.72,455.972,0.209272,0.68587,-0.662429,0.216741,0.579788,1.900202,-1.835259,0.423793,-0.10272,0.455972,-2.201656,-2.215133,-0.04332
611,1774597086508,6.789051,423.778,-101.605,455.962,0.209129,0.685729,-0.66256,0.216923,0.579336,1.899629,-1.835444,0.423778,-0.101605,0.455962,-2.201632,-2.215191,-0.043251
612,1774597086519,6.800162,423.766,-99.355,455.944,0.209177,0.685722,-0.66256,0.216898,0.579477,1.899636,-1.83547,0.423766,-0.099355,0.455944,-2.201627,-2.215057,-0.043199
613,1774597086530,6.811274,423.766,-98.214,455.912,0.209109,0.685503,-0.662793,0.216942,0.579275,1.898985,-1.836074,0.423766,-0.098214,0.455912,-2.201799,-2.214856,-0.042998
614,1774597086541,6.822385,423.764,-97.073,455.887,0.209449,0.685505,-0.662834,0.216486,0.580358,1.899447,-1.83663,0.423764,-0.097073,0.455887,-2.201721,-2.214776,-0.042921
615,1774597086552,6.833496,423.769,-94.751,455.839,0.209577,0.685874,-0.662505,0.216198,0.580799,1.900761,-1.835999,0.423769,-0.094751,0.455839,-2.201681,-2.214715,-0.042803
616,1774597086563,6.844607,423.757,-93.564,455.831,0.209255,0.68568,-0.662683,0.216578,0.579792,1.899841,-1.836122,0.423757,-0.093564,0.455831,-2.201513,-2.21484,-0.042809
617,1774597086574,6.855719,423.721,-91.243,455.842,0.209167,0.685519,-0.662822,0.216746,0.579496,1.899226,-1.836345,0.423721,-0.091243,0.455842,-2.201513,-2.214879,-0.042975
618,1774597086585,6.86683,423.686,-90.089,455.865,0.209548,0.685788,-0.662584,0.216257,0.580701,1.900463,-1.83616,0.423686,-0.090089,0.455865,-2.201552,-2.21495,-0.043059
619,1774597086596,6.877941,423.665,-88.959,455.862,0.209429,0.685786,-0.662545,0.2165,0.580296,1.900212,-1.835815,0.423665,-0.088959,0.455862,-2.201669,-2.214888,-0.043075
620,1774597086608,6.889053,423.596,-86.651,455.918,0.2092,0.685596,-0.662729,0.216758,0.579584,1.899426,-1.836075,0.423596,-0.086651,0.455918,-2.201787,-2.215069,-0.043118
621,1774597086619,6.900164,423.569,-85.494,455.927,0.209341,0.685875,-0.662448,0.2166,0.580022,1.900358,-1.835448,0.423569,-0.085494,0.455927,-2.201816,-2.215022,-0.04313
622,1774597086630,6.911275,423.532,-83.198,455.887,0.209135,0.685746,-0.662538,0.216929,0.579352,1.899672,-1.835379,0.423532,-0.083198,0.455887,-2.201876,-2.214998,-0.042747
623,1774597086641,6.922387,423.513,-82.075,455.889,0.209441,0.68568,-0.662622,0.216586,0.580304,1.899832,-1.835946,0.423513,-0.082075,0.455889,-2.201879,-2.214949,-0.042688
624,1774597086652,6.933498,423.489,-80.926,455.888,0.209137,0.685531,-0.662759,0.216934,0.579355,1.899068,-1.835986,0.423489,-0.080926,0.455888,-2.201961,-2.214922,-0.042441
625,1774597086663,6.944609,423.444,-78.682,455.867,0.209106,0.685456,-0.662816,0.217025,0.579241,1.898769,-1.836056,0.423444,-0.078682,0.455867,-2.201789,-2.214962,-0.042264
626,1774597086674,6.955721,423.416,-77.539,455.867,0.208846,0.685392,-0.662939,0.217101,0.578499,1.898518,-1.836322,0.423416,-0.077539,0.455867,-2.201856,-2.215026,-0.041995
627,1774597086685,6.966832,423.382,-76.441,455.887,0.209209,0.685565,-0.662734,0.216834,0.579584,1.899264,-1.836013,0.423382,-0.076441,0.455887,-2.201767,-2.215019,-0.04201
628,1774597086696,6.977943,423.3,-74.244,455.941,0.209075,0.68541,-0.662896,0.216954,0.579178,1.898715,-1.836345,0.4233,-0.074244,0.455941,-2.201788,-2.215122,-0.041874
629,1774597086708,6.989054,423.246,-73.169,455.982,0.209031,0.685571,-0.6627,0.217085,0.579015,1.899029,-1.835676,0.423246,-0.073169,0.455982,-2.201968,-2.214963,-0.041932
630,1774597086719,7.000166,423.181,-70.957,456.043,0.208803,0.685575,-0.662704,0.217283,0.578323,1.898838,-1.835495,0.423181,-0.070957,0.456043,-2.201988,-2.215124,-0.041963
631,1774597086730,7.011277,423.158,-69.873,456.056,0.208865,0.685561,-0.662745,0.217143,0.578537,1.898941,-1.835744,0.423158,-0.069873,0.456056,-2.201981,-2.215093,-0.041903
632,1774597086741,7.022388,423.124,-68.814,456.07,0.209,0.68563,-0.662676,0.217007,0.578952,1.899269,-1.835684,0.423124,-0.068814,0.45607,-2.201943,-2.215137,-0.041875
633,1774597086752,7.033499,423.076,-66.707,456.102,0.208858,0.685459,-0.662848,0.217155,0.578515,1.898647,-1.836018,0.423076,-0.066707,0.456102,-2.201852,-2.215157,-0.041848
634,1774597086763,7.044611,423.065,-65.654,456.095,0.208955,0.685542,-0.662772,0.217031,0.578821,1.899003,-1.835929,0.423065,-0.065654,0.456095,-2.20181,-2.21517,-0.041828
635,1774597086774,7.055722,422.973,-63.636,456.162,0.209084,0.685453,-0.662785,0.217149,0.579142,1.898638,-1.835849,0.422973,-0.063636,0.456162,-2.202002,-2.215083,-0.041986
636,1774597086785,7.066834,422.949,-62.574,456.151,0.209061,0.685566,-0.662706,0.217055,0.579108,1.899045,-1.835723,0.422949,-0.062574,0.456151,-2.201877,-2.215223,-0.041903
637,1774597086796,7.077945,422.914,-61.575,456.172,0.209109,0.685524,-0.662698,0.217168,0.579207,1.898813,-1.83559,0.422914,-0.061575,0.456172,-2.201892,-2.215243,-0.041971
638,1774597086808,7.089056,422.877,-60.568,456.197,0.209055,0.685389,-0.662836,0.217224,0.579039,1.898384,-1.835918,0.422877,-0.060568,0.456197,-2.201802,-2.215321,-0.042126
639,1774597086819,7.100167,422.834,-58.571,456.173,0.209055,0.685334,-0.662913,0.217163,0.579056,1.898293,-1.83619,0.422834,-0.058571,0.456173,-2.20166,-2.215259,-0.042049
640,1774597086830,7.111279,422.834,-58.571,456.173,0.20911,0.685391,-0.662839,0.217154,0.579213,1.898461,-1.835994,0.422834,-0.058571,0.456173,-2.20166,-2.215259,-0.042049
641,1774597086841,7.12239,422.775,-56.617,456.161,0.209101,0.685333,-0.662887,0.217201,0.579174,1.898252,-1.836081,0.422775,-0.056617,0.456161,-2.201607,-2.215212,-0.042025
642,1774597086852,7.133501,422.724,-54.681,456.138,0.209098,0.685353,-0.662886,0.217143,0.579183,1.898366,-1.836135,0.422724,-0.054681,0.456138,-2.201579,-2.215188,-0.04194
643,1774597086863,7.144612,422.663,-52.854,456.118,0.209036,0.685235,-0.663015,0.217184,0.578999,1.897998,-1.836452,0.422663,-0.052854,0.456118,-2.201485,-2.215177,-0.041923
644,1774597086874,7.155724,422.626,-51.993,456.122,0.209081,0.685307,-0.66293,0.217173,0.579128,1.898209,-1.836226,0.422626,-0.051993,0.456122,-2.201577,-2.215091,-0.041997
645,1774597086885,7.166835,422.617,-51.102,456.094,0.209129,0.68523,-0.662988,0.217192,0.579253,1.897976,-1.83637,0.422617,-0.051102,0.456094,-2.201494,-2.215061,-0.041956
646,1774597086896,7.177946,422.547,-49.355,456.103,0.209307,0.685217,-0.66302,0.216964,0.579815,1.898169,-1.83668,0.422547,-0.049355,0.456103,-2.201427,-2.215132,-0.041967
647,1774597086908,7.189058,422.526,-48.485,456.086,0.209205,0.68526,-0.66293,0.217199,0.57946,1.898052,-1.836203,0.422526,-0.048485,0.456086,-2.201575,-2.215072,-0.041908
648,1774597086919,7.200169,422.473,-46.771,456.082,0.209276,0.685232,-0.662975,0.217081,0.579695,1.898093,-1.836442,0.422473,-0.046771,0.456082,-2.201474,-2.215112,-0.042041
649,1774597086930,7.21128,422.44,-45.967,456.092,0.209183,0.685189,-0.663001,0.21723,0.579392,1.897824,-1.836367,0.42244,-0.045967,0.456092,-2.201618,-2.214995,-0.042079
650,1774597086941,7.222391,422.424,-45.134,456.073,0.209388,0.685147,-0.663054,0.217003,0.580029,1.897937,-1.836735,0.422424,-0.045134,0.456073,-2.201617,-2.214996,-0.042042
651,1774597086952,7.233503,422.371,-43.539,456.072,0.209337,0.684952,-0.66324,0.217097,0.579858,1.897302,-1.83716,0.422371,-0.043539,0.456072,-2.201688,-2.214945,-0.042161
652,1774597086963,7.244614,422.343,-42.741,456.073,0.209257,0.685073,-0.663126,0.217141,0.579623,1.897592,-1.836803,0.422343,-0.042741,0.456073,-2.201603,-2.215017,-0.042065
653,1774597086974,7.255725,422.305,-41.174,456.081,0.209289,0.685098,-0.663093,0.217133,0.579715,1.897669,-1.836718,0.422305,-0.041174,0.456081,-2.201531,-2.215139,-0.042159
654,1774597086985,7.266836,422.269,-40.411,456.099,0.209447,0.685069,-0.663141,0.216925,0.580218,1.897798,-1.837054,0.422269,-0.040411,0.456099,-2.201482,-2.215254,-0.042254
655,1774597086996,7.277948,422.247,-39.667,456.101,0.209296,0.685168,-0.663072,0.216968,0.579785,1.89803,-1.83682,0.422247,-0.039667,0.456101,-2.201383,-2.215291,-0.042308
656,1774597087008,7.289059,422.209,-38.226,456.088,0.20953,0.685175,-0.663034,0.216836,0.580474,1.898182,-1.836843,0.422209,-0.038226,0.456088,-2.201569,-2.215215,-0.042186
657,1774597087019,7.30017,422.18,-37.522,456.098,0.209656,0.685064,-0.663109,0.216838,0.580821,1.897871,-1.83705,0.42218,-0.037522,0.456098,-2.201606,-2.215204,-0.042247
658,1774597087030,7.311282,422.132,-36.167,456.111,0.209605,0.685186,-0.663011,0.216801,0.580692,1.898248,-1.836813,0.422132,-0.036167,0.456111,-2.201657,-2.215157,-0.042382
659,1774597087041,7.322393,422.11,-35.481,456.101,0.209412,0.685077,-0.663135,0.216953,0.580111,1.897791,-1.837009,0.42211,-0.035481,0.456101,-2.201652,-2.215229,-0.042166
660,1774597087052,7.333504,422.085,-34.829,456.102,0.209351,0.685128,-0.663124,0.216885,0.579963,1.898002,-1.837045,0.422085,-0.034829,0.456102,-2.201676,-2.215205,-0.042246
661,1774597087063,7.344616,422.047,-33.512,456.105,0.209303,0.685093,-0.663153,0.216952,0.579808,1.897837,-1.837061,0.422047,-0.033512,0.456105,-2.201702,-2.215129,-0.042288
662,1774597087074,7.355727,422.031,-32.877,456.088,0.209198,0.685061,-0.663181,0.217068,0.579482,1.897633,-1.837025,0.422031,-0.032877,0.456088,-2.201784,-2.215103,-0.042084
663,1774597087085,7.366838,421.992,-32.244,456.11,0.209269,0.685051,-0.663186,0.217017,0.579696,1.897656,-1.837087,0.421992,-0.032244,0.45611,-2.201794,-2.215171,-0.042221
664,1774597087096,7.377949,421.955,-31.032,456.085,0.20944,0.685002,-0.663184,0.217012,0.580171,1.897527,-1.837086,0.421955,-0.031032,0.456085,-2.201731,-2.215082,-0.042114
665,1774597087108,7.389061,421.94,-30.458,456.064,0.209269,0.684951,-0.663263,0.217097,0.57967,1.897298,-1.837224,0.42194,-0.030458,0.456064,-2.201727,-2.215077,-0.041958
666,1774597087119,7.400172,421.886,-29.309,456.062,0.209291,0.684981,-0.663243,0.217043,0.579747,1.897435,-1.837222,0.421886,-0.029309,0.456062,-2.201696,-2.215126,-0.041884
667,1774597087130,7.411283,421.861,-28.773,456.067,0.20918,0.684899,-0.663394,0.216946,0.579471,1.897307,-1.837734,0.421861,-0.028773,0.456067,-2.201646,-2.215157,-0.041846
668,1774597087141,7.422394,421.838,-28.221,456.038,0.209107,0.68499,-0.663278,0.217084,0.579226,1.897418,-1.837278,0.421838,-0.028221,0.456038,-2.201666,-2.215173,-0.04166
669,1774597087152,7.433505,421.786,-27.202,456.035,0.209129,0.684899,-0.663332,0.217184,0.579257,1.897067,-1.83733,0.421786,-0.027202,0.456035,-2.201566,-2.215257,-0.041546
670,1774597087163,7.444617,421.757,-26.73,456.009,0.209155,0.684929,-0.663296,0.217174,0.579332,1.89716,-1.837241,0.421757,-0.02673,0.456009,-2.201552,-2.215218,-0.041513
671,1774597087174,7.455728,421.697,-25.812,455.988,0.209215,0.684862,-0.663327,0.217235,0.579479,1.896914,-1.837265,0.421697,-0.025812,0.455988,-2.201614,-2.2152,-0.041383
672,1774597087185,7.466839,421.671,-25.383,455.97,0.209107,0.684853,-0.663338,0.217335,0.579149,1.896787,-1.837199,0.421671,-0.025383,0.45597,-2.201618,-2.215175,-0.04126
673,1774597087196,7.477951,421.628,-24.965,455.969,0.209098,0.684914,-0.663303,0.217256,0.579147,1.897035,-1.83718,0.421628,-0.024965,0.455969,-2.201647,-2.215128,-0.041316
674,1774597087208,7.489062,421.589,-24.17,455.903,0.209216,0.684718,-0.663476,0.217232,0.579483,1.896517,-1.837681,0.421589,-0.02417,0.455903,-2.201506,-2.215113,-0.040995
675,1774597087219,7.500173,421.541,-23.784,455.891,0.209198,0.684732,-0.663466,0.217233,0.579433,1.896557,-1.837655,0.421541,-0.023784,0.455891,-2.20154,-2.215148,-0.040987
676,1774597087230,7.511284,421.471,-23.049,455.873,0.209158,0.684741,-0.663481,0.217201,0.57933,1.896612,-1.837725,0.421471,-0.023049,0.455873,-2.201456,-2.215168,-0.040891
677,1774597087241,7.522396,421.435,-22.728,455.857,0.209143,0.684811,-0.663394,0.21726,0.579272,1.896747,-1.837427,0.421435,-0.022728,0.455857,-2.201464,-2.215071,-0.040883
678,1774597087252,7.533507,421.391,-22.39,455.851,0.209151,0.684854,-0.663374,0.21718,0.579318,1.896946,-1.837449,0.421391,-0.02239,0.455851,-2.201486,-2.215043,-0.040951
679,1774597087263,7.544618,421.304,-21.77,455.838,0.209184,0.684771,-0.663421,0.217264,0.579385,1.896631,-1.837498,0.421304,-0.02177,0.455838,-2.201507,-2.214985,-0.040928
680,1774597087274,7.555729,421.257,-21.463,455.834,0.209197,0.684826,-0.663379,0.217207,0.579437,1.896842,-1.837436,0.421257,-0.021463,0.455834,-2.201538,-2.214992,-0.040964
681,1774597087285,7.56684,421.229,-21.177,455.807,0.209217,0.684862,-0.663344,0.21718,0.5795,1.89697,-1.837367,0.421229,-0.021177,0.455807,-2.201449,-2.214954,-0.040916
682,1774597087296,7.577951,421.165,-20.637,455.722,0.209288,0.684825,-0.663351,0.217207,0.579688,1.89684,-1.837359,0.421165,-0.020637,0.455722,-2.201436,-2.214855,-0.040638
683,1774597087308,7.589063,421.113,-20.374,455.734,0.209206,0.684762,-0.663446,0.217197,0.579465,1.896674,-1.837632,0.421113,-0.020374,0.455734,-2.20144,-2.214836,-0.040756
684,1774597087319,7.600174,421.023,-19.901,455.707,0.20927,0.684755,-0.663429,0.217207,0.579639,1.896644,-1.837576,0.421023,-0.019901,0.455707,-2.201511,-2.214748,-0.040786
685,1774597087330,7.611285,421.023,-19.901,455.707,0.209288,0.684796,-0.663366,0.217253,0.579675,1.896712,-1.837358,0.421023,-0.019901,0.455707,-2.201511,-2.214748,-0.040786
686,1774597087341,7.622397,420.935,-19.476,455.691,0.209344,0.684767,-0.663392,0.217212,0.579843,1.896674,-1.837468,0.420935,-0.019476,0.455691,-2.201629,-2.21463,-0.040807
687,1774597087352,7.633508,420.825,-19.074,455.682,0.209269,0.684737,-0.663418,0.217296,0.579609,1.896506,-1.83746,0.420825,-0.019074,0.455682,-2.201616,-2.214647,-0.040907
688,1774597087363,7.64462,420.772,-18.882,455.674,0.209218,0.684807,-0.663388,0.217218,0.579491,1.896777,-1.837452,0.420772,-0.018882,0.455674,-2.201592,-2.214678,-0.040944
689,1774597087374,7.655731,420.695,-18.493,455.607,0.209215,0.684761,-0.66343,0.217239,0.579477,1.896629,-1.837549,0.420695,-0.018493,0.455607,-2.201536,-2.214618,-0.040821
690,1774597087385,7.666842,420.635,-18.334,455.597,0.209246,0.684722,-0.663445,0.217283,0.57955,1.896478,-1.837547,0.420635,-0.018334,0.455597,-2.201577,-2.214553,-0.040837
691,1774597087396,7.677954,420.583,-18.159,455.57,0.209308,0.684791,-0.663363,0.217259,0.579728,1.896693,-1.837342,0.420583,-0.018159,0.45557,-2.201539,-2.214593,-0.040791
692,1774597087408,7.689065,420.431,-17.874,455.596,0.209316,0.684767,-0.663371,0.217304,0.579738,1.896579,-1.837319,0.420431,-0.017874,0.455596,-2.201665,-2.21454,-0.041044
693,1774597087419,7.700176,420.365,-17.737,455.586,0.209375,0.684937,-0.663191,0.21726,0.579915,1.897095,-1.836865,0.420365,-0.017737,0.455586,-2.201688,-2.214511,-0.041091
694,1774597087430,7.711287,420.224,-17.442,455.566,0.209384,0.684833,-0.663289,0.217277,0.579935,1.896792,-1.837121,0.420224,-0.017442,0.455566,-2.201697,-2.214466,-0.04107
695,1774597087441,7.722399,420.155,-17.329,455.532,0.209363,0.684816,-0.66331,0.217289,0.579872,1.896731,-1.837167,0.420155,-0.017329,0.455532,-2.201712,-2.214399,-0.040995
696,1774597087452,7.73351,420.053,-17.188,455.549,0.209363,0.684867,-0.663279,0.217222,0.579892,1.896939,-1.837147,0.420053,-0.017188,0.455549,-2.201704,-2.214499,-0.04104
697,1774597087463,7.744621,419.872,-16.944,455.514,0.209303,0.684717,-0.663429,0.217292,0.579706,1.896456,-1.837495,0.419872,-0.016944,0.455514,-2.20167,-2.214464,-0.041103
698,1774597087474,7.755732,419.776,-16.811,455.505,0.20927,0.68485,-0.663286,0.217342,0.579599,1.896774,-1.83705,0.419776,-0.016811,0.455505,-2.201634,-2.214506,-0.041099
699,1774597087485,7.766844,419.646,-16.716,455.517,0.209335,0.684854,-0.663271,0.217313,0.579788,1.896814,-1.837035,0.419646,-0.016716,0.455517,-2.20169,-2.214539,-0.041212
700,1774597087496,7.777955,419.394,-16.539,455.504,0.209352,0.684964,-0.663146,0.217333,0.579826,1.897096,-1.836671,0.419394,-0.016539,0.455504,-2.201678,-2.214501,-0.041308
701,1774597087508,7.789066,419.255,-16.42,455.501,0.209301,0.684838,-0.663295,0.217323,0.57969,1.89676,-1.837092,0.419255,-0.01642,0.455501,-2.20163,-2.214611,-0.041371
702,1774597087519,7.800178,418.933,-16.235,455.503,0.209271,0.684896,-0.663246,0.217321,0.579607,1.896921,-1.836958,0.418933,-0.016235,0.455503,-2.201686,-2.214587,-0.041479
703,1774597087530,7.811289,418.772,-16.141,455.479,0.209289,0.68494,-0.663202,0.217299,0.579665,1.897064,-1.836858,0.418772,-0.016141,0.455479,-2.201745,-2.214536,-0.041408
704,1774597087541,7.8224,418.576,-16.063,455.516,0.209293,0.684874,-0.663251,0.217352,0.579658,1.89683,-1.836943,0.418576,-0.016063,0.455516,-2.201765,-2.214535,-0.041655
705,1774597087552,7.833512,418.19,-15.9,455.463,0.209317,0.684964,-0.66317,0.217293,0.579742,1.897137,-1.836776,0.41819,-0.0159,0.455463,-2.201853,-2.214402,-0.041511
706,1774597087563,7.844623,417.986,-15.816,455.453,0.209328,0.684855,-0.663264,0.217339,0.579759,1.89679,-1.83699,0.417986,-0.015816,0.455453,-2.201856,-2.214405,-0.041549
707,1774597087574,7.855734,417.551,-15.654,455.406,0.209388,0.68489,-0.663203,0.21736,0.579918,1.896864,-1.8368,0.417551,-0.015654,0.455406,-2.201765,-2.214358,-0.04142
708,1774597087585,7.866845,417.323,-15.577,455.379,0.20932,0.684745,-0.663381,0.217336,0.579739,1.896487,-1.837318,0.417323,-0.015577,0.455379,-2.201713,-2.214269,-0.041187
709,1774597087596,7.877956,417.077,-15.522,455.359,0.209321,0.684751,-0.663371,0.217347,0.579739,1.896494,-1.837279,0.417077,-0.015522,0.455359,-2.201777,-2.214226,-0.041216
710,1774597087608,7.889068,416.559,-15.407,455.309,0.209312,0.684715,-0.663397,0.21739,0.579698,1.896352,-1.837309,0.416559,-0.015407,0.455309,-2.201793,-2.214124,-0.041076
711,1774597087619,7.900179,416.276,-15.36,455.298,0.209305,0.684759,-0.663352,0.217396,0.579677,1.896467,-1.837179,0.416276,-0.01536,0.455298,-2.201812,-2.214061,-0.041061
712,1774597087630,7.91129,415.644,-15.246,455.332,0.209346,0.684704,-0.663417,0.217333,0.579811,1.896377,-1.83742,0.415644,-0.015246,0.455332,-2.201861,-2.21408,-0.041252
713,1774597087641,7.922401,415.323,-15.195,455.328,0.209336,0.684795,-0.663324,0.217336,0.579782,1.896627,-1.837161,0.415323,-0.015195,0.455328,-2.201962,-2.214021,-0.04129
714,1774597087652,7.933513,414.955,-15.148,455.397,0.209338,0.68483,-0.663279,0.217363,0.579779,1.896695,-1.837009,0.414955,-0.015148,0.455397,-2.201999,-2.214089,-0.041631
715,1774597087663,7.944624,414.228,-15.058,455.438,0.209325,0.684808,-0.663287,0.217418,0.579728,1.896581,-1.836979,0.414228,-0.015058,0.455438,-2.202079,-2.214114,-0.041862
716,1774597087674,7.955735,413.856,-15.003,455.465,0.209318,0.684858,-0.663229,0.217446,0.579698,1.89669,-1.83679,0.413856,-0.015003,0.455465,-2.202009,-2.214228,-0.041979
717,1774597087685,7.966846,413.471,-14.979,455.459,0.209507,0.684867,-0.663191,0.217354,0.58025,1.896809,-1.836773,0.413471,-0.014979,0.455459,-2.202125,-2.214128,-0.041972
718,1774597087696,7.977958,412.661,-14.914,455.457,0.209506,0.684732,-0.663322,0.217379,0.58024,1.896408,-1.837111,0.412661,-0.014914,0.455457,-2.202176,-2.214037,-0.041973
719,1774597087708,7.989069,412.26,-14.879,455.432,0.209433,0.68469,-0.663401,0.217342,0.580049,1.896329,-1.837366,0.41226,-0.014879,0.455432,-2.202192,-2.213913,-0.041848
720,1774597087719,8.00018,411.419,-14.775,455.346,0.209471,0.684682,-0.663405,0.217317,0.580163,1.896331,-1.837404,0.411419,-0.014775,0.455346,-2.202,-2.213857,-0.041464
721,1774597087730,8.011292,410.973,-14.758,455.332,0.209398,0.684631,-0.663493,0.217278,0.579973,1.89623,-1.837685,0.410973,-0.014758,0.455332,-2.201972,-2.213847,-0.041357
722,1774597087741,8.022403,410.531,-14.746,455.319,0.209429,0.684641,-0.663452,0.217342,0.580039,1.896194,-1.837509,0.410531,-0.014746,0.455319,-2.201962,-2.213778,-0.041321
723,1774597087752,8.033514,409.572,-14.717,455.352,0.209492,0.684791,-0.663279,0.217337,0.580213,1.896614,-1.837034,0.409572,-0.014717,0.455352,-2.201991,-2.213775,-0.041453
724,1774597087763,8.044625,409.047,-14.712,455.426,0.209376,0.685075,-0.662968,0.217502,0.579841,1.897235,-1.836013,0.409047,-0.014712,0.455426,-2.202126,-2.213804,-0.041734
725,1774597087774,8.055736,407.967,-14.654,455.558,0.209295,0.685021,-0.663024,0.217582,0.579593,1.897004,-1.836089,0.407967,-0.014654,0.455558,-2.202322,-2.214,-0.042122
726,1774597087785,8.066848,407.421,-14.614,455.587,0.209324,0.684597,-0.66346,0.217561,0.57968,1.895851,-1.837316,0.407421,-0.014614,0.455587,-2.202307,-2.214035,-0.042214
727,1774597087796,8.077959,406.87,-14.596,455.592,0.209376,0.684628,-0.663406,0.217573,0.57982,1.895927,-1.837157,0.40687,-0.014596,0.455592,-2.202292,-2.214065,-0.042179
728,1774597087808,8.08907,405.812,-14.58,455.525,0.209479,0.684553,-0.663469,0.21752,0.580121,1.895772,-1.837381,0.405812,-0.01458,0.455525,-2.20219,-2.21386,-0.041727
729,1774597087819,8.100182,405.253,-14.573,455.521,0.209443,0.68449,-0.663543,0.217527,0.580019,1.895589,-1.837581,0.405253,-0.014573,0.455521,-2.202155,-2.213813,-0.041584
730,1774597087830,8.111293,404.076,-14.525,455.624,0.209335,0.684602,-0.663453,0.217553,0.579714,1.895873,-1.837306,0.404076,-0.014525,0.455624,-2.20231,-2.214043,-0.041783
731,1774597087841,8.122404,403.445,-14.515,455.699,0.209541,0.684656,-0.663388,0.217385,0.580334,1.896191,-1.837288,0.403445,-0.014515,0.455699,-2.202318,-2.21413,-0.042019
732,1774597087852,8.133515,403.445,-14.515,455.699,0.209286,0.684779,-0.663257,0.217642,0.579551,1.896273,-1.836676,0.403445,-0.014515,0.455699,-2.202318,-2.21413,-0.042019
733,1774597087863,8.144626,401.517,-14.476,455.732,0.209426,0.684951,-0.662992,0.217771,0.579899,1.896622,-1.835818,0.401517,-0.014476,0.455732,-2.202415,-2.214097,-0.041862
734,1774597087874,8.155738,400.87,-14.486,455.685,0.209422,0.68449,-0.663514,0.217637,0.579928,1.895479,-1.837391,0.40087,-0.014486,0.455685,-2.202366,-2.213926,-0.041573
735,1774597087885,8.166849,400.189,-14.461,455.694,0.209361,0.684324,-0.663676,0.217722,0.579734,1.894934,-1.837759,0.400189,-0.014461,0.455694,-2.202348,-2.213925,-0.041409
736,1774597087896,8.17796,398.776,-14.437,455.776,0.209252,0.684448,-0.663556,0.217805,0.579405,1.895194,-1.837345,0.398776,-0.014437,0.455776,-2.202459,-2.213995,-0.041395
737,1774597087908,8.189071,398.003,-14.438,455.883,0.209106,0.684837,-0.663135,0.218001,0.578942,1.896075,-1.835989,0.398003,-0.014438,0.455883,-2.202607,-2.214068,-0.041809
738,1774597087919,8.200183,396.473,-14.433,455.956,0.208993,0.68492,-0.663067,0.218057,0.578611,1.89625,-1.835746,0.396473,-0.014433,0.455956,-2.202769,-2.214116,-0.041973
739,1774597087930,8.211294,395.863,-14.394,455.737,0.209175,0.684416,-0.663547,0.218003,0.579132,1.894908,-1.83713,0.395863,-0.014394,0.455737,-2.2025,-2.213921,-0.041061
740,1774597087941,8.222405,395.065,-14.404,455.754,0.209316,0.684261,-0.663681,0.217949,0.579539,1.894531,-1.837551,0.395065,-0.014404,0.455754,-2.202492,-2.21385,-0.04098
741,1774597087952,8.233516,393.527,-14.368,455.73,0.209282,0.684427,-0.663517,0.21796,0.579441,1.894981,-1.837086,0.393527,-0.014368,0.45573,-2.202359,-2.21383,-0.040747
742,1774597087963,8.244627,392.677,-14.375,455.801,0.209175,0.684776,-0.663183,0.217982,0.579139,1.895924,-1.836141,0.392677,-0.014375,0.455801,-2.202478,-2.213872,-0.041136
743,1774597087974,8.255739,390.913,-14.372,455.947,0.209107,0.684977,-0.662961,0.218091,0.578917,1.896371,-1.835422,0.390913,-0.014372,0.455947,-2.202707,-2.214101,-0.04161
744,1774597087985,8.26685,390.042,-14.398,455.951,0.209229,0.684847,-0.66307,0.218054,0.579265,1.896048,-1.835758,0.390042,-0.014398,0.455951,-2.20274,-2.214048,-0.041685
745,1774597087996,8.277998,389.218,-14.408,455.894,0.209266,0.684548,-0.663377,0.21802,0.579378,1.895255,-1.836642,0.389218,-0.014408,0.455894,-2.202661,-2.213901,-0.041355
746,1774597088008,8.289109,387.529,-14.402,455.847,0.209241,0.684362,-0.66359,0.217981,0.579322,1.89478,-1.837268,0.387529,-0.014402,0.455847,-2.202651,-2.213709,-0.041003
747,1774597088019,8.30022,386.616,-14.357,455.91,0.209116,0.684438,-0.663558,0.21796,0.578982,1.895012,-1.8372,0.386616,-0.014357,0.45591,-2.202595,-2.213914,-0.041074
748,1774597088030,8.311331,384.704,-14.361,456.009,0.20907,0.684785,-0.663185,0.21805,0.578828,1.895881,-1.83608,0.384704,-0.014361,0.456009,-2.202695,-2.214032,-0.041293
749,1774597088041,8.322443,383.767,-14.382,456.03,0.209327,0.684365,-0.663585,0.217905,0.579583,1.894863,-1.837328,0.383767,-0.014382,0.45603,-2.202706,-2.21401,-0.041318
750,1774597088052,8.333554,382.838,-14.387,456.053,0.20917,0.684539,-0.663368,0.218169,0.579067,1.89508,-1.836471,0.382838,-0.014387,0.456053,-2.20275,-2.213992,-0.041147
751,1774597088063,8.344665,380.933,-14.395,456.096,0.209307,0.684665,-0.66323,0.218059,0.57948,1.89554,-1.836197,0.380933,-0.014395,0.456096,-2.202814,-2.213962,-0.04112
752,1774597088074,8.355777,379.946,-14.381,456.099,0.209116,0.684385,-0.663579,0.218061,0.57895,1.894764,-1.837162,0.379946,-0.014381,0.456099,-2.202687,-2.214035,-0.040954
753,1774597088085,8.366888,378.957,-14.388,456.115,0.208949,0.684501,-0.663463,0.218209,0.578443,1.894935,-1.836697,0.378957,-0.014388,0.456115,-2.202773,-2.214086,-0.040736
754,1774597088096,8.377999,376.982,-14.401,456.16,0.209014,0.684278,-0.663678,0.218195,0.578627,1.894333,-1.837304,0.376982,-0.014401,0.45616,-2.202809,-2.214048,-0.040454
755,1774597088108,8.38911,375.94,-14.429,456.246,0.208973,0.684503,-0.663441,0.218248,0.578499,1.894904,-1.836596,0.37594,-0.014429,0.456246,-2.20291,-2.214119,-0.04062
756,1774597088119,8.400221,373.834,-14.457,456.363,0.209029,0.684589,-0.663365,0.218156,0.578682,1.895232,-1.836475,0.373834,-0.014457,0.456363,-2.202965,-2.2143,-0.040742
757,1774597088130,8.411333,372.799,-14.482,456.357,0.209006,0.684476,-0.663451,0.218269,0.578582,1.894807,-1.836605,0.372799,-0.014482,0.456357,-2.20293,-2.214227,-0.040507
758,1774597088141,8.422444,371.797,-14.482,456.338,0.209007,0.684405,-0.663497,0.218354,0.578558,1.894523,-1.836649,0.371797,-0.014482,0.456338,-2.202884,-2.214112,-0.04009
759,1774597088152,8.433555,369.655,-14.473,456.449,0.208869,0.684464,-0.663485,0.218337,0.578181,1.894705,-1.836631,0.369655,-0.014473,0.456449,-2.20287,-2.214245,-0.040027
760,1774597088163,8.444666,368.531,-14.486,456.538,0.208811,0.684642,-0.663328,0.218309,0.578029,1.895227,-1.836224,0.368531,-0.014486,0.456538,-2.202961,-2.214335,-0.040188
761,1774597088174,8.455778,366.283,-14.538,456.683,0.208808,0.684762,-0.663131,0.218534,0.577954,1.895333,-1.835461,0.366283,-0.014538,0.456683,-2.203153,-2.214335,-0.040362
762,1774597088185,8.466889,365.21,-14.564,456.682,0.208949,0.684376,-0.663515,0.218445,0.578371,1.894352,-1.836612,0.36521,-0.014564,0.456682,-2.20316,-2.214278,-0.04005
763,1774597088197,8.478,364.115,-14.558,456.713,0.208852,0.684224,-0.663747,0.218306,0.578145,1.894073,-1.837388,0.364115,-0.014558,0.456713,-2.203145,-2.214359,-0.039856
764,1774597088208,8.489111,361.826,-14.543,456.795,0.208714,0.684567,-0.663421,0.218355,0.577749,1.89497,-1.836438,0.361826,-0.014543,0.456795,-2.203108,-2.214447,-0.039878
765,1774597088219,8.500223,360.659,-14.537,456.858,0.20861,0.684495,-0.663479,0.218503,0.577415,1.894625,-1.836454,0.360659,-0.014537,0.456858,-2.2031,-2.214621,-0.039858
766,1774597088230,8.511334,358.408,-14.568,456.944,0.208704,0.684558,-0.663316,0.218712,0.57761,1.89459,-1.835798,0.358408,-0.014568,0.456944,-2.203273,-2.214494,-0.039824
767,1774597088241,8.522445,357.269,-14.564,456.947,0.20861,0.68441,-0.663494,0.218726,0.577346,1.894164,-1.83628,0.357269,-0.014564,0.456947,-2.203259,-2.214472,-0.039589
768,1774597088252,8.533556,356.1,-14.569,456.959,0.209024,0.684488,-0.663436,0.218259,0.578634,1.89485,-1.836572,0.3561,-0.014569,0.456959,-2.203155,-2.214493,-0.03942
769,1774597088263,8.544667,353.74,-14.586,457.047,0.208815,0.684525,-0.6634,0.218454,0.577997,1.894758,-1.836283,0.35374,-0.014586,0.457047,-2.203437,-2.214451,-0.039359
770,1774597088274,8.555778,352.583,-14.606,457.108,0.20888,0.684521,-0.663358,0.218532,0.578152,1.894667,-1.836092,0.352583,-0.014606,0.457108,-2.203501,-2.214409,-0.039406
771,1774597088285,8.56689,351.417,-14.599,457.196,0.208372,0.684604,-0.663309,0.218906,0.576632,1.894522,-1.835591,0.351417,-0.014599,0.457196,-2.203503,-2.214545,-0.039615
772,1774597088297,8.578001,349.073,-14.61,457.258,0.208447,0.684574,-0.663385,0.218697,0.576906,1.894649,-1.836005,0.349073,-0.01461,0.457258,-2.203583,-2.214487,-0.039469
773,1774597088308,8.589112,347.916,-14.605,457.267,0.208571,0.684507,-0.66338,0.218804,0.577215,1.894355,-1.835888,0.347916,-0.014605,0.457267,-2.203563,-2.214486,-0.039267
774,1774597088319,8.600223,345.661,-14.598,457.347,0.208668,0.68433,-0.663527,0.218821,0.577478,1.893847,-1.836278,0.345661,-0.014598,0.457347,-2.203571,-2.214518,-0.039235
775,1774597088330,8.611335,344.481,-14.597,457.408,0.208463,0.684561,-0.663349,0.218834,0.576908,1.894474,-1.835772,0.344481,-0.014597,0.457408,-2.203622,-2.214625,-0.039371
776,1774597088341,8.622446,343.314,-14.587,457.442,0.208326,0.684528,-0.663353,0.219056,0.576459,1.894161,-1.835566,0.343314,-0.014587,0.457442,-2.203645,-2.214726,-0.039357
777,1774597088352,8.633557,341.06,-14.62,457.406,0.208454,0.684189,-0.663714,0.218897,0.576862,1.893383,-1.836722,0.34106,-0.01462,0.457406,-2.203426,-2.214603,-0.038959
778,1774597088363,8.644668,339.954,-14.649,457.387,0.208537,0.684223,-0.663638,0.218945,0.577078,1.893427,-1.836463,0.339954,-0.014649,0.457387,-2.203423,-2.21449,-0.038709
779,1774597088374,8.655779,337.605,-14.671,457.588,0.208264,0.684558,-0.663353,0.219018,0.576299,1.894283,-1.835606,0.337605,-0.014671,0.457588,-2.203585,-2.214883,-0.039537
780,1774597088385,8.666891,336.447,-14.711,457.617,0.20837,0.684554,-0.663329,0.219002,0.576599,1.894288,-1.835555,0.336447,-0.014711,0.457617,-2.203543,-2.21487,-0.039627
781,1774597088397,8.678002,335.339,-14.718,457.575,0.208615,0.684133,-0.663776,0.218731,0.577359,1.893394,-1.837053,0.335339,-0.014718,0.457575,-2.203521,-2.214842,-0.039316
782,1774597088408,8.689113,333.19,-14.764,457.496,0.20871,0.683982,-0.663817,0.218989,0.577542,1.892717,-1.836917,0.33319,-0.014764,0.457496,-2.203546,-2.214617,-0.038714
783,1774597088419,8.700224,332.07,-14.766,457.537,0.20844,0.684145,-0.663728,0.219007,0.57679,1.893152,-1.836652,0.33207,-0.014766,0.457537,-2.203516,-2.214697,-0.038828
784,1774597088430,8.711336,329.76,-14.833,457.672,0.208212,0.684878,-0.662948,0.219295,0.57607,1.894891,-1.834215,0.32976,-0.014833,0.457672,-2.20375,-2.214977,-0.039494
785,1774597088441,8.722447,328.691,-14.866,457.595,0.208398,0.684492,-0.663312,0.219224,0.576609,1.893893,-1.835292,0.328691,-0.014866,0.457595,-2.203797,-2.214808,-0.039145
786,1774597088452,8.733558,327.657,-14.907,457.506,0.208522,0.684005,-0.66377,0.219237,0.576946,1.892533,-1.836547,0.327657,-0.014907,0.457506,-2.203855,-2.214616,-0.038593
787,1774597088463,8.744669,325.542,-14.92,457.495,0.208343,0.684137,-0.663671,0.219296,0.576434,1.892839,-1.836214,0.325542,-0.01492,0.457495,-2.203793,-2.214692,-0.038537
788,1774597088474,8.755781,324.404,-14.942,457.58,0.207992,0.68451,-0.663326,0.219509,0.575398,1.893658,-1.835053,0.324404,-0.014942,0.45758,-2.203914,-2.214931,-0.038959
789,1774597088485,8.766892,323.295,-14.989,457.614,0.208139,0.684873,-0.662886,0.219568,0.575786,1.894601,-1.833778,0.323295,-0.014989,0.457614,-2.203889,-2.215022,-0.039273
790,1774597088497,8.778003,321.237,-15.067,457.504,0.208186,0.684369,-0.663342,0.219718,0.575871,1.893057,-1.834894,0.321237,-0.015067,0.457504,-2.204141,-2.214793,-0.038719
791,1774597088508,8.789114,320.263,-15.086,457.418,0.208202,0.684162,-0.663577,0.219638,0.575938,1.892564,-1.835622,0.320263,-0.015086,0.457418,-2.204116,-2.214602,-0.038274
792,1774597088519,8.800225,318.19,-15.085,457.458,0.207809,0.684469,-0.663333,0.219789,0.574806,1.893264,-1.8348,0.31819,-0.015085,0.457458,-2.204167,-2.214904,-0.038512
793,1774597088530,8.811337,317.122,-15.129,457.508,0.208188,0.684878,-0.662895,0.219478,0.575949,1.894706,-1.833892,0.317122,-0.015129,0.457508,-2.204204,-2.215008,-0.038954
794,1774597088541,8.822448,316.107,-15.184,457.483,0.2081,0.684449,-0.663257,0.219806,0.575605,1.89319,-1.834575,0.316107,-0.015184,0.457483,-2.204344,-2.214993,-0.038926
795,1774597088552,8.833559,314.231,-15.254,457.272,0.208249,0.68393,-0.66375,0.219793,0.576022,1.891768,-1.835949,0.314231,-0.015254,0.457272,-2.204419,-2.214552,-0.037862
796,1774597088563,8.844671,313.278,-15.229,457.235,0.208195,0.684037,-0.663677,0.21973,0.575893,1.892128,-1.835809,0.313278,-0.015229,0.457235,-2.204397,-2.214714,-0.037614
797,1774597088574,8.855782,312.296,-15.239,457.265,0.208009,0.684232,-0.66356,0.219653,0.575401,1.892744,-1.835561,0.312296,-0.015239,0.457265,-2.204335,-2.214821,-0.037795
798,1774597088585,8.866893,310.263,-15.323,457.377,0.207848,0.684542,-0.663122,0.220159,0.574802,1.893095,-1.833859,0.310263,-0.015323,0.457377,-2.204677,-2.215106,-0.038432
799,1774597088597,8.878004,309.299,-15.384,457.372,0.207958,0.684417,-0.663253,0.220051,0.57514,1.892859,-1.834325,0.309299,-0.015384,0.457372,-2.204655,-2.215063,-0.038445
800,1774597088608,8.889116,307.535,-15.405,457.194,0.208291,0.684006,-0.663629,0.219882,0.576111,1.891889,-1.835528,0.307535,-0.015405,0.457194,-2.204706,-2.214835,-0.037277
801,1774597088619,8.900227,306.639,-15.408,457.201,0.208256,0.684009,-0.663725,0.219613,0.576095,1.892169,-1.836056,0.306639,-0.015408,0.457201,-2.20462,-2.214917,-0.03734
802,1774597088630,8.911338,304.816,-15.456,457.253,0.207708,0.684266,-0.663489,0.220047,0.57445,1.892442,-1.83498,0.304816,-0.015456,0.457253,-2.204719,-2.215161,-0.037446
803,1774597088641,8.922449,303.9,-15.497,457.301,0.207847,0.684441,-0.66322,0.220179,0.574794,1.892797,-1.834109,0.3039,-0.015497,0.457301,-2.204866,-2.215187,-0.037748
804,1774597088652,8.933561,303.031,-15.545,457.273,0.208042,0.684338,-0.663287,0.220114,0.575352,1.892576,-1.834358,0.303031,-0.015545,0.457273,-2.205049,-2.215161,-0.037563
805,1774597088663,8.944672,301.402,-15.578,457.105,0.207541,0.684075,-0.663597,0.220471,0.573859,1.891492,-1.834869,0.301402,-0.015578,0.457105,-2.204834,-2.215075,-0.036771
806,1774597088674,8.955783,300.633,-15.553,457.025,0.207332,0.683863,-0.663837,0.220601,0.573241,1.890777,-1.835409,0.300633,-0.015553,0.457025,-2.204834,-2.215096,-0.036181
807,1774597088685,8.966894,299.853,-15.569,456.993,0.207431,0.684057,-0.663617,0.22057,0.573525,1.891342,-1.83483,0.299853,-0.015569,0.456993,-2.204808,-2.215073,-0.036126
808,1774597088697,8.978005,298.215,-15.629,457.102,0.207518,0.68406,-0.663592,0.220555,0.57377,1.891366,-1.834775,0.298215,-0.015629,0.457102,-2.20512,-2.215277,-0.036663
809,1774597088708,8.989117,297.414,-15.669,457.136,0.207258,0.684126,-0.663555,0.220705,0.573004,1.891399,-1.834526,0.297414,-0.015669,0.457136,-2.205125,-2.21532,-0.037012
810,1774597088719,9.000228,295.886,-15.721,457.101,0.207444,0.684198,-0.66348,0.220532,0.573573,1.891771,-1.834488,0.295886,-0.015721,0.457101,-2.205306,-2.215431,-0.036883
811,1774597088730,9.011339,295.179,-15.756,457.003,0.207592,0.683851,-0.663798,0.220512,0.573988,1.89083,-1.835386,0.295179,-0.015756,0.457003,-2.205241,-2.215233,-0.036445
812,1774597088741,9.02245,294.497,-15.754,456.902,0.207623,0.683684,-0.663933,0.220594,0.574048,1.890289,-1.83568,0.294497,-0.015754,0.456902,-2.205136,-2.215152,-0.035967
813,1774597088752,9.033562,293.088,-15.781,456.873,0.207509,0.684027,-0.663608,0.220618,0.573726,1.891212,-1.834757,0.293088,-0.015781,0.456873,-2.205187,-2.215265,-0.035924
814,1774597088763,9.044673,292.379,-15.81,456.894,0.207317,0.684064,-0.663603,0.220698,0.573171,1.891233,-1.834666,0.292379,-0.01581,0.456894,-2.205202,-2.215318,-0.03618
815,1774597088774,9.055784,291.018,-15.847,456.871,0.207315,0.684227,-0.663381,0.220861,0.573116,1.891522,-1.833894,0.291018,-0.015847,0.456871,-2.205384,-2.215381,-0.036099
816,1774597088785,9.066895,290.322,-15.903,456.902,0.207618,0.684173,-0.663394,0.220705,0.574001,1.891529,-1.834081,0.290322,-0.015903,0.456902,-2.205529,-2.21535,-0.036374
817,1774597088797,9.078006,289.65,-15.939,456.88,0.20766,0.684028,-0.663556,0.220627,0.574141,1.891207,-1.834605,0.28965,-0.015939,0.45688,-2.205513,-2.215341,-0.036451
818,1774597088808,9.089118,288.389,-15.968,456.768,0.207292,0.683964,-0.663622,0.220973,0.573016,1.890683,-1.834453,0.288389,-0.015968,0.456768,-2.205578,-2.215331,-0.035995
819,1774597088819,9.100229,287.802,-15.989,456.693,0.207564,0.683877,-0.663719,0.220695,0.573855,1.890721,-1.834991,0.287802,-0.015989,0.456693,-2.205533,-2.215235,-0.035782
820,1774597088830,9.11134,286.633,-16.039,456.581,0.207502,0.683892,-0.663713,0.220724,0.573675,1.890733,-1.834944,0.286633,-0.016039,0.456581,-2.205521,-2.215124,-0.035419
821,1774597088841,9.122451,286.053,-16.055,456.574,0.20721,0.683878,-0.663728,0.221001,0.572782,1.890416,-1.834716,0.286053,-0.016055,0.456574,-2.205589,-2.215197,-0.035432
822,1774597088852,9.133562,285.482,-16.08,456.578,0.207531,0.684043,-0.663532,0.220774,0.573738,1.8911,-1.834397,0.285482,-0.01608,0.456578,-2.205592,-2.215236,-0.035616
823,1774597088863,9.144674,284.36,-16.151,456.607,0.207222,0.684061,-0.663542,0.22098,0.572822,1.890945,-1.834224,0.28436,-0.016151,0.456607,-2.205767,-2.215269,-0.035909
824,1774597088874,9.155785,283.825,-16.189,456.599,0.207179,0.684084,-0.663525,0.220998,0.572698,1.89099,-1.83416,0.283825,-0.016189,0.456599,-2.205825,-2.215306,-0.035943
825,1774597088885,9.166896,283.288,-16.233,456.616,0.207326,0.684145,-0.663471,0.220834,0.573153,1.891322,-1.834169,0.283288,-0.016233,0.456616,-2.205817,-2.215388,-0.036194
826,1774597088897,9.178008,282.31,-16.293,456.555,0.207338,0.683997,-0.663632,0.220798,0.573198,1.89095,-1.834649,0.28231,-0.016293,0.456555,-2.205849,-2.215376,-0.036105
827,1774597088908,9.189119,281.855,-16.313,456.497,0.207365,0.683849,-0.663716,0.220979,0.573219,1.890358,-1.834705,0.281855,-0.016313,0.456497,-2.205954,-2.215347,-0.035805
828,1774597088919,9.20023,280.989,-16.392,456.399,0.207293,0.683745,-0.663856,0.220947,0.57303,1.890103,-1.835124,0.280989,-0.016392,0.456399,-2.205954,-2.215141,-0.035462
829,1774597088930,9.211341,280.578,-16.417,456.351,0.207197,0.683732,-0.663845,0.221112,0.572713,1.889904,-1.834933,0.280578,-0.016417,0.456351,-2.205892,-2.215159,-0.035321
830,1774597088941,9.222453,280.179,-16.448,456.32,0.207237,0.683828,-0.663767,0.221011,0.572854,1.890268,-1.834817,0.280179,-0.016448,0.45632,-2.205859,-2.215156,-0.035238
831,1774597088952,9.233564,279.446,-16.493,456.253,0.207215,0.683869,-0.66371,0.221075,0.572773,1.890321,-1.834597,0.279446,-0.016493,0.456253,-2.20585,-2.215232,-0.035043
832,1774597088963,9.244675,279.103,-16.532,456.215,0.207317,0.683818,-0.663751,0.221014,0.573075,1.890238,-1.834769,0.279103,-0.016532,0.456215,-2.205752,-2.215242,-0.034962
833,1774597088974,9.255786,278.406,-16.619,456.204,0.207085,0.683918,-0.663673,0.221157,0.57239,1.890373,-1.834415,0.278406,-0.016619,0.456204,-2.205828,-2.215301,-0.035061
834,1774597088985,9.266897,278.06,-16.659,456.208,0.206976,0.683887,-0.663721,0.221211,0.572073,1.890231,-1.834496,0.27806,-0.016659,0.456208,-2.205841,-2.215399,-0.03515
835,1774597088997,9.278009,277.748,-16.68,456.22,0.207121,0.683918,-0.663674,0.221121,0.5725,1.890408,-1.834453,0.277748,-0.01668,0.45622,-2.205812,-2.215536,-0.035319
836,1774597089008,9.28912,277.159,-16.79,456.218,0.207073,0.68393,-0.663672,0.221133,0.572364,1.890428,-1.834436,0.277159,-0.01679,0.456218,-2.205785,-2.21557,-0.035501
837,1774597089019,9.300231,276.887,-16.836,456.198,0.207046,0.683939,-0.66367,0.221139,0.572287,1.890447,-1.834423,0.276887,-0.016836,0.456198,-2.205862,-2.215598,-0.035469
838,1774597089030,9.311342,276.379,-16.91,456.19,0.207021,0.683882,-0.663737,0.221136,0.57222,1.890293,-1.834612,0.276379,-0.01691,0.45619,-2.205879,-2.215702,-0.035553
839,1774597089041,9.322453,276.124,-16.959,456.199,0.206937,0.684064,-0.663574,0.221141,0.571985,1.890791,-1.834156,0.276124,-0.016959,0.456199,-2.20594,-2.215715,-0.035722
840,1774597089052,9.333565,275.909,-16.992,456.163,0.206965,0.683934,-0.663694,0.221155,0.57206,1.89042,-1.834475,0.275909,-0.016992,0.456163,-2.205828,-2.215788,-0.035556
841,1774597089063,9.344676,275.498,-17.084,456.117,0.20689,0.68397,-0.663624,0.221324,0.571801,1.89035,-1.834118,0.275498,-0.017084,0.456117,-2.20591,-2.215741,-0.035457
842,1774597089074,9.355787,275.31,-17.114,456.095,0.206877,0.683851,-0.663794,0.221195,0.571803,1.890149,-1.834713,0.27531,-0.017114,0.456095,-2.205774,-2.215843,-0.035348
843,1774597089085,9.366899,275.121,-17.171,456.063,0.206904,0.683823,-0.663802,0.221232,0.571866,1.890035,-1.834699,0.275121,-0.017171,0.456063,-2.205823,-2.215787,-0.03521
844,1774597089097,9.37801,274.762,-17.271,456.036,0.206747,0.683679,-0.663984,0.221281,0.571419,1.889587,-1.835153,0.274762,-0.017271,0.456036,-2.205784,-2.215831,-0.035165
845,1774597089108,9.389122,274.593,-17.339,456.003,0.206708,0.683809,-0.663853,0.221304,0.571303,1.889926,-1.834771,0.274593,-0.017339,0.456003,-2.20582,-2.215813,-0.035034
846,1774597089119,9.400233,274.27,-17.449,455.981,0.206645,0.683751,-0.663932,0.221307,0.571128,1.889762,-1.834986,0.27427,-0.017449,0.455981,-2.205779,-2.21588,-0.034894
847,1774597089130,9.411344,274.12,-17.491,455.974,0.206631,0.68393,-0.663752,0.221305,0.571089,1.890258,-1.834491,0.27412,-0.017491,0.455974,-2.205717,-2.216005,-0.034922
848,1774597089141,9.422455,274.12,-17.491,455.974,0.20659,0.683756,-0.663926,0.221363,0.570959,1.889718,-1.834912,0.27412,-0.017491,0.455974,-2.205717,-2.216005,-0.034922
849,1774597089152,9.433567,273.846,-17.603,455.938,0.206605,0.683839,-0.663851,0.221316,0.571015,1.889994,-1.834752,0.273846,-0.017603,0.455938,-2.205695,-2.216035,-0.034731
850,1774597089163,9.444678,273.613,-17.708,455.88,0.206429,0.683745,-0.66396,0.221442,0.570491,1.88961,-1.834931,0.273613,-0.017708,0.45588,-2.205495,-2.216176,-0.034365
851,1774597089174,9.455789,273.35,-17.873,455.888,0.206479,0.683883,-0.663834,0.221348,0.570658,1.890085,-1.834673,0.27335,-0.017873,0.455888,-2.205504,-2.216296,-0.03446
852,1774597089185,9.4669,273.252,-17.939,455.867,0.206532,0.683757,-0.663942,0.221362,0.570801,1.889722,-1.83496,0.273252,-0.017939,0.455867,-2.205483,-2.216272,-0.034256
853,1774597089197,9.478012,273.135,-18.042,455.865,0.206451,0.683736,-0.663963,0.221441,0.570551,1.889587,-1.83494,0.273135,-0.018042,0.455865,-2.205518,-2.216229,-0.03428
854,1774597089208,9.489123,272.955,-18.212,455.819,0.206341,0.683642,-0.664078,0.22149,0.570234,1.889278,-1.83521,0.272955,-0.018212,0.455819,-2.205483,-2.216216,-0.03397
855,1774597089219,9.500234,272.833,-18.314,455.824,0.206323,0.683714,-0.664003,0.22151,0.570176,1.889456,-1.834985,0.272833,-0.018314,0.455824,-2.205534,-2.216295,-0.033965
856,1774597089230,9.511345,272.669,-18.554,455.802,0.206317,0.683706,-0.663987,0.221586,0.570137,1.889359,-1.834866,0.272669,-0.018554,0.455802,-2.205557,-2.216185,-0.03382
857,1774597089241,9.522456,272.578,-18.678,455.788,0.206411,0.683642,-0.664079,0.22142,0.570446,1.889347,-1.835282,0.272578,-0.018678,0.455788,-2.205509,-2.216243,-0.033788
858,1774597089252,9.533567,272.492,-18.831,455.786,0.206418,0.683607,-0.66411,0.221431,0.570465,1.889238,-1.835357,0.272492,-0.018831,0.455786,-2.205595,-2.216169,-0.033802
859,1774597089263,9.544678,272.342,-19.155,455.765,0.206321,0.683545,-0.664182,0.221496,0.570177,1.889003,-1.835491,0.272342,-0.019155,0.455765,-2.205606,-2.216152,-0.033652
860,1774597089274,9.55579,272.256,-19.338,455.765,0.206309,0.683595,-0.664131,0.221503,0.570142,1.889135,-1.835346,0.272256,-0.019338,0.455765,-2.205671,-2.216191,-0.033655
861,1774597089285,9.566901,272.193,-19.525,455.755,0.206302,0.683569,-0.664166,0.221489,0.570127,1.889076,-1.835454,0.272193,-0.019525,0.455755,-2.205591,-2.216242,-0.033601
862,1774597089297,9.578012,272.053,-19.971,455.724,0.206344,0.683615,-0.664113,0.221465,0.570249,1.889228,-1.835333,0.272053,-0.019971,0.455724,-2.205661,-2.216203,-0.03347
863,1774597089308,9.589124,271.981,-20.204,455.719,0.206367,0.683629,-0.664123,0.22137,0.570341,1.889361,-1.835452,0.271981,-0.020204,0.455719,-2.205606,-2.21628,-0.033491
864,1774597089319,9.600235,271.861,-20.714,455.726,0.206293,0.683604,-0.664137,0.221475,0.570104,1.889187,-1.83539,0.271861,-0.020714,0.455726,-2.205766,-2.216148,-0.033568
865,1774597089330,9.611346,271.808,-20.993,455.711,0.206285,0.68364,-0.664098,0.221488,0.570078,1.889272,-1.835268,0.271808,-0.020993,0.455711,-2.205826,-2.216102,-0.033554
866,1774597089341,9.622457,271.764,-21.282,455.695,0.206337,0.683563,-0.664159,0.221493,0.570221,1.889057,-1.835433,0.271764,-0.021282,0.455695,-2.205894,-2.216035,-0.033462
867,1774597089352,9.633568,271.684,-21.885,455.675,0.206343,0.683525,-0.664186,0.221526,0.570229,1.888917,-1.835474,0.271684,-0.021885,0.455675,-2.205958,-2.215989,-0.033354
868,1774597089363,9.64468,271.652,-22.199,455.659,0.206198,0.683553,-0.664233,0.221434,0.569855,1.889086,-1.835693,0.271652,-0.022199,0.455659,-2.205922,-2.216004,-0.033291
869,1774597089374,9.655791,271.616,-22.859,455.61,0.206239,0.683475,-0.664282,0.22149,0.569952,1.888815,-1.835774,0.271616,-0.022859,0.45561,-2.20591,-2.215982,-0.032999
870,1774597089385,9.666902,271.597,-23.213,455.597,0.206348,0.683398,-0.664304,0.221561,0.57023,1.888531,-1.835766,0.271597,-0.023213,0.455597,-2.205947,-2.215935,-0.03291
871,1774597089397,9.678013,271.558,-23.573,455.627,0.206338,0.683341,-0.664371,0.221545,0.570208,1.88839,-1.835966,0.271558,-0.023573,0.455627,-2.205965,-2.216008,-0.033016
872,1774597089408,9.689125,271.502,-24.308,455.618,0.206206,0.683302,-0.664421,0.221636,0.569816,1.888192,-1.836017,0.271502,-0.024308,0.455618,-2.205962,-2.216186,-0.032937
873,1774597089419,9.700236,271.496,-24.697,455.587,0.206318,0.683388,-0.664336,0.221523,0.570159,1.888542,-1.835892,0.271496,-0.024697,0.455587,-2.205892,-2.21619,-0.032709
874,1774597089430,9.711347,271.454,-25.498,455.58,0.206247,0.683415,-0.664304,0.221599,0.569941,1.88854,-1.83573,0.271454,-0.025498,0.45558,-2.205881,-2.21625,-0.032634
875,1774597089441,9.722459,271.446,-25.919,455.576,0.206215,0.683274,-0.664484,0.221523,0.569876,1.888228,-1.836302,0.271446,-0.025919,0.455576,-2.205736,-2.21634,-0.032604
876,1774597089452,9.73357,271.433,-26.346,455.575,0.206307,0.683139,-0.664568,0.221603,0.570105,1.887774,-1.836455,0.271433,-0.026346,0.455575,-2.205778,-2.216352,-0.032518
877,1774597089463,9.744681,271.412,-27.268,455.554,0.206343,0.683285,-0.66437,0.221712,0.570172,1.888069,-1.835803,0.271412,-0.027268,0.455554,-2.205937,-2.216184,-0.032331
878,1774597089474,9.755792,271.392,-27.74,455.583,0.206372,0.68327,-0.66437,0.221731,0.570248,1.88801,-1.835786,0.271392,-0.02774,0.455583,-2.205965,-2.216239,-0.032436
879,1774597089485,9.766904,271.385,-28.232,455.588,0.206286,0.683299,-0.664346,0.221794,0.569991,1.888027,-1.835656,0.271385,-0.028232,0.455588,-2.206071,-2.216182,-0.032457
880,1774597089497,9.778015,271.377,-29.257,455.583,0.20638,0.683173,-0.664509,0.22161,0.570305,1.887861,-1.836285,0.271377,-0.029257,0.455583,-2.206165,-2.216029,-0.032395
881,1774597089508,9.789126,271.381,-29.771,455.588,0.206402,0.683341,-0.66429,0.221724,0.570331,1.888212,-1.835571,0.271381,-0.029771,0.455588,-2.206268,-2.215969,-0.032356
882,1774597089519,9.800237,271.376,-30.846,455.595,0.20632,0.683351,-0.664294,0.22176,0.570093,1.888203,-1.835546,0.271376,-0.030846,0.455595,-2.206265,-2.21593,-0.032365
883,1774597089530,9.811349,271.371,-31.397,455.594,0.206247,0.68326,-0.664336,0.221981,0.569826,1.887731,-1.835448,0.271371,-0.031397,0.455594,-2.206286,-2.215923,-0.032338
884,1774597089541,9.82246,271.374,-31.953,455.6,0.206109,0.683527,-0.664068,0.222089,0.569411,1.888361,-1.834604,0.271374,-0.031953,0.4556,-2.206367,-2.215894,-0.032435
885,1774597089552,9.833571,271.367,-33.128,455.63,0.206389,0.683264,-0.664325,0.221868,0.570252,1.887857,-1.835529,0.271367,-0.033128,0.45563,-2.20638,-2.215903,-0.032681
886,1774597089563,9.844682,271.361,-33.73,455.633,0.206181,0.683354,-0.664258,0.221986,0.569642,1.887987,-1.835228,0.271361,-0.03373,0.455633,-2.20638,-2.215952,-0.032758
887,1774597089574,9.855794,271.4,-34.991,455.625,0.206219,0.683368,-0.664238,0.221969,0.569752,1.888042,-1.835189,0.2714,-0.034991,0.455625,-2.206112,-2.216122,-0.032683
888,1774597089585,9.866905,271.404,-35.644,455.634,0.206295,0.683496,-0.664094,0.221933,0.569972,1.888433,-1.834826,0.271404,-0.035644,0.455634,-2.206188,-2.216117,-0.032833
889,1774597089597,9.878016,271.414,-36.298,455.628,0.206202,0.683443,-0.664174,0.221944,0.569713,1.888276,-1.835036,0.271414,-0.036298,0.455628,-2.206216,-2.21611,-0.032716
890,1774597089608,9.889127,271.442,-37.647,455.652,0.206539,0.683558,-0.664043,0.221669,0.570727,1.888868,-1.83494,0.271442,-0.037647,0.455652,-2.206217,-2.216077,-0.032968
891,1774597089619,9.900239,271.464,-38.319,455.632,0.206471,0.683582,-0.664029,0.221701,0.570528,1.888901,-1.834871,0.271464,-0.038319,0.455632,-2.206277,-2.216077,-0.032846
892,1774597089630,9.91135,271.507,-39.745,455.628,0.206551,0.683256,-0.66429,0.221851,0.570706,1.887851,-1.835446,0.271507,-0.039745,0.455628,-2.20635,-2.2159,-0.032889
893,1774597089641,9.922461,271.515,-40.468,455.636,0.206716,0.683407,-0.664175,0.221575,0.571245,1.888542,-1.835396,0.271515,-0.040468,0.455636,-2.206387,-2.21588,-0.033028
894,1774597089652,9.933572,271.538,-41.194,455.639,0.206611,0.683331,-0.664255,0.221668,0.570926,1.888239,-1.835528,0.271538,-0.041194,0.455639,-2.206398,-2.215937,-0.033029
895,1774597089663,9.944684,271.599,-42.691,455.64,0.206469,0.683323,-0.664285,0.221734,0.570514,1.888152,-1.835546,0.271599,-0.042691,0.45564,-2.206161,-2.216032,-0.033131
896,1774597089674,9.955795,271.648,-43.444,455.624,0.206392,0.683265,-0.664318,0.221885,0.570255,1.88784,-1.835492,0.271648,-0.043444,0.455624,-2.206124,-2.216066,-0.032983
897,1774597089685,9.966906,271.671,-44.236,455.646,0.206487,0.683347,-0.664217,0.221848,0.570528,1.888104,-1.835249,0.271671,-0.044236,0.455646,-2.206201,-2.216005,-0.033143
898,1774597089697,9.978017,271.723,-45.87,455.668,0.206318,0.683403,-0.664172,0.221964,0.570027,1.888146,-1.835013,0.271723,-0.04587,0.455668,-2.206292,-2.215925,-0.033286
899,1774597089708,9.989129,271.772,-46.7,455.649,0.206385,0.683256,-0.664281,0.222031,0.570192,1.88767,-1.835249,0.271772,-0.0467,0.455649,-2.20639,-2.215722,-0.033163
900,1774597089719,10.00024,271.838,-48.392,455.647,0.206386,0.683307,-0.664237,0.222003,0.570202,1.88784,-1.835153,0.271838,-0.048392,0.455647,-2.206523,-2.215573,-0.033132
901,1774597089730,10.011351,271.866,-49.231,455.642,0.206412,0.683555,-0.664037,0.221814,0.570333,1.888714,-1.834783,0.271866,-0.049231,0.455642,-2.206472,-2.215618,-0.033046
902,1774597089741,10.022462,271.884,-50.079,455.653,0.206399,0.683329,-0.664267,0.221833,0.570291,1.888071,-1.835402,0.271884,-0.050079,0.455653,-2.206405,-2.215705,-0.033226
903,1774597089752,10.033575,271.96,-51.842,455.616,0.20614,0.683341,-0.664263,0.22205,0.569511,1.887887,-1.835181,0.27196,-0.051842,0.455616,-2.206213,-2.215833,-0.032977
904,1774597089763,10.044686,272.001,-52.733,455.603,0.206389,0.683318,-0.664298,0.221784,0.570276,1.888089,-1.835536,0.272001,-0.052733,0.455603,-2.206161,-2.21585,-0.032867
905,1774597089774,10.055797,272.045,-54.555,455.598,0.206578,0.683314,-0.664301,0.221612,0.570851,1.888249,-1.835708,0.272045,-0.054555,0.455598,-2.206108,-2.215833,-0.032934
906,1774597089785,10.066909,272.052,-55.48,455.604,0.206469,0.683428,-0.664188,0.221702,0.570523,1.888474,-1.835308,0.272052,-0.05548,0.455604,-2.206125,-2.215841,-0.032963
907,1774597089797,10.07802,272.055,-56.421,455.636,0.206557,0.683374,-0.664208,0.221725,0.57076,1.888301,-1.835343,0.272055,-0.056421,0.455636,-2.206197,-2.215802,-0.033183
908,1774597089808,10.089131,272.106,-58.322,455.628,0.206456,0.683228,-0.664357,0.221824,0.570451,1.887801,-1.835657,0.272106,-0.058322,0.455628,-2.20598,-2.215935,-0.03317
909,1774597089819,10.100243,272.14,-59.313,455.615,0.20667,0.68344,-0.664182,0.221495,0.57114,1.888715,-1.835492,0.27214,-0.059313,0.455615,-2.205951,-2.215788,-0.03312
910,1774597089830,10.111354,272.185,-61.298,455.607,0.206681,0.683167,-0.664418,0.221619,0.571135,1.887837,-1.836025,0.272185,-0.061298,0.455607,-2.205874,-2.215742,-0.0331
911,1774597089841,10.122465,272.224,-62.318,455.6,0.206803,0.683419,-0.66413,0.221592,0.57148,1.888558,-1.835256,0.272224,-0.062318,0.4556,-2.205906,-2.21563,-0.033073
912,1774597089852,10.133579,272.228,-63.343,455.638,0.206702,0.683328,-0.664216,0.221708,0.571165,1.888193,-1.835382,0.272228,-0.063343,0.455638,-2.206019,-2.215682,-0.033246
913,1774597089863,10.14469,272.269,-65.433,455.659,0.206767,0.683438,-0.664113,0.221615,0.571373,1.888589,-1.835188,0.272269,-0.065433,0.455659,-2.205986,-2.215631,-0.033541
914,1774597089874,10.155802,272.303,-66.475,455.661,0.206535,0.683395,-0.664237,0.221597,0.570737,1.888487,-1.835546,0.272303,-0.066475,0.455661,-2.205941,-2.215731,-0.033523
915,1774597089885,10.166913,272.323,-67.553,455.673,0.206626,0.683656,-0.663998,0.221423,0.571041,1.889382,-1.835054,0.272323,-0.067553,0.455673,-2.205833,-2.215799,-0.033647
916,1774597089897,10.178024,272.365,-69.7,455.691,0.206519,0.683693,-0.663967,0.2215,0.570721,1.889407,-1.834894,0.272365,-0.0697,0.455691,-2.205641,-2.216061,-0.033732
917,1774597089908,10.189136,272.389,-70.803,455.702,0.206772,0.68344,-0.664158,0.22147,0.571431,1.88874,-1.83545,0.272389,-0.070803,0.455702,-2.205684,-2.215936,-0.033918
918,1774597089919,10.200247,272.47,-72.966,455.717,0.206461,0.683901,-0.663693,0.221732,0.570492,1.889752,-1.833911,0.27247,-0.072966,0.455717,-2.205759,-2.215934,-0.033966
919,1774597089930,10.211358,272.529,-74.058,455.698,0.206724,0.683584,-0.664036,0.221439,0.571307,1.889167,-1.835144,0.272529,-0.074058,0.455698,-2.205594,-2.215889,-0.033982
920,1774597089941,10.222469,272.577,-75.14,455.698,0.206371,0.683681,-0.664011,0.221543,0.570299,1.889332,-1.834975,0.272577,-0.07514,0.455698,-2.205478,-2.215995,-0.03395
921,1774597089952,10.233581,272.676,-77.379,455.697,0.206644,0.683341,-0.664301,0.221465,0.571078,1.88847,-1.835852,0.272676,-0.077379,0.455697,-2.205499,-2.215833,-0.03411
922,1774597089963,10.244692,272.718,-78.502,455.691,0.206465,0.683626,-0.66401,0.221626,0.570534,1.889098,-1.834892,0.272718,-0.078502,0.455691,-2.205564,-2.21583,-0.034024
923,1774597089974,10.255804,272.754,-79.653,455.688,0.206821,0.683628,-0.66395,0.221469,0.571565,1.889259,-1.834877,0.272754,-0.079653,0.455688,-2.205704,-2.21564,-0.034084
924,1774597089985,10.266915,272.849,-81.889,455.679,0.206696,0.683585,-0.664013,0.22153,0.571203,1.88908,-1.834992,0.272849,-0.081889,0.455679,-2.205717,-2.215627,-0.034227
925,1774597089997,10.278026,272.917,-83.023,455.664,0.206839,0.683752,-0.663879,0.221282,0.571672,1.889788,-1.834862,0.272917,-0.083023,0.455664,-2.205506,-2.215641,-0.034291
926,1774597090008,10.289137,273.054,-85.322,455.593,0.206471,0.683484,-0.664152,0.221635,0.570547,1.888695,-1.835275,0.273054,-0.085322,0.455593,-2.205292,-2.215707,-0.033997
927,1774597090019,10.300249,273.099,-86.507,455.591,0.206916,0.683628,-0.664029,0.221143,0.571928,1.889585,-1.83541,0.273099,-0.086507,0.455591,-2.20526,-2.215609,-0.034155
928,1774597090030,10.31136,273.186,-88.834,455.563,0.206771,0.683344,-0.664298,0.221347,0.571464,1.888597,-1.835958,0.273186,-0.088834,0.455563,-2.205454,-2.215399,-0.033996
929,1774597090041,10.322471,273.218,-89.981,455.591,0.206754,0.683744,-0.663931,0.22123,0.571452,1.88982,-1.835056,0.273218,-0.089981,0.455591,-2.205431,-2.215448,-0.034303
930,1774597090052,10.333582,273.267,-91.112,455.607,0.206635,0.683586,-0.664113,0.221284,0.571107,1.889329,-1.835507,0.273267,-0.091112,0.455607,-2.205338,-2.215605,-0.034335
931,1774597090063,10.344693,273.341,-93.41,455.647,0.206757,0.683837,-0.663845,0.221199,0.571471,1.890105,-1.834848,0.273341,-0.09341,0.455647,-2.205406,-2.215621,-0.034545
932,1774597090074,10.355805,273.418,-94.54,455.632,0.206738,0.6836,-0.664028,0.2214,0.571357,1.88925,-1.835159,0.273418,-0.09454,0.455632,-2.205422,-2.215592,-0.034386
933,1774597090085,10.366916,273.516,-96.827,455.642,0.207053,0.68365,-0.663946,0.221196,0.572289,1.889593,-1.835131,0.273516,-0.096827,0.455642,-2.205542,-2.21539,-0.034441
934,1774597090097,10.378027,273.546,-97.959,455.676,0.206821,0.683907,-0.66366,0.221476,0.571563,1.890025,-1.83407,0.273546,-0.097959,0.455676,-2.205637,-2.215419,-0.034519
935,1774597090108,10.389138,273.581,-99.08,455.697,0.206842,0.68383,-0.663748,0.22143,0.571636,1.889856,-1.834358,0.273581,-0.09908,0.455697,-2.205711,-2.215506,-0.034585
936,1774597090119,10.40025,273.626,-101.366,455.715,0.207047,0.683777,-0.663833,0.221148,0.572288,1.88999,-1.834866,0.273626,-0.101366,0.455715,-2.205716,-2.215482,-0.034656
937,1774597090130,10.411361,273.666,-102.47,455.691,0.206991,0.68367,-0.663992,0.221053,0.572161,1.88979,-1.835398,0.273666,-0.10247,0.455691,-2.205546,-2.215583,-0.034523
938,1774597090141,10.422472,273.677,-103.59,455.691,0.207333,0.683588,-0.664055,0.220796,0.573186,1.889821,-1.83582,0.273677,-0.10359,0.455691,-2.205453,-2.215583,-0.034618
939,1774597090152,10.433584,273.705,-105.777,455.645,0.206752,0.683556,-0.664077,0.221376,0.571404,1.889153,-1.835318,0.273705,-0.105777,0.455645,-2.205532,-2.215387,-0.034341
940,1774597090163,10.444695,273.718,-106.851,455.633,0.207069,0.683524,-0.664146,0.220971,0.572402,1.889469,-1.835902,0.273718,-0.106851,0.455633,-2.205436,-2.215356,-0.034348
941,1774597090174,10.455806,273.685,-108.975,455.645,0.206649,0.683484,-0.664222,0.221258,0.571153,1.889071,-1.835834,0.273685,-0.108975,0.455645,-2.205333,-2.215516,-0.034424
942,1774597090185,10.466917,273.675,-110.053,455.647,0.206928,0.683377,-0.664277,0.221162,0.571954,1.888873,-1.836078,0.273675,-0.110053,0.455647,-2.205348,-2.21541,-0.034449
943,1774597090197,10.478028,273.646,-111.116,455.661,0.20709,0.68342,-0.664177,0.221178,0.572399,1.888975,-1.835788,0.273646,-0.111116,0.455661,-2.205419,-2.215391,-0.034583
944,1774597090208,10.489139,273.63,-113.226,455.67,0.207002,0.683649,-0.663963,0.221196,0.572148,1.88959,-1.835179,0.27363,-0.113226,0.45567,-2.205565,-2.215187,-0.034483
945,1774597090219,10.500251,273.624,-114.268,455.681,0.207199,0.683865,-0.663738,0.221017,0.572747,1.890367,-1.834731,0.273624,-0.114268,0.455681,-2.205567,-2.215178,-0.03463
946,1774597090230,10.511362,273.654,-116.276,455.687,0.206948,0.683479,-0.664139,0.221243,0.571986,1.889073,-1.83562,0.273654,-0.116276,0.455687,-2.205396,-2.215189,-0.034588
947,1774597090241,10.522473,273.66,-117.283,455.698,0.207038,0.683479,-0.664234,0.220874,0.572346,1.889441,-1.83624,0.27366,-0.117283,0.455698,-2.205248,-2.215268,-0.034671
948,1774597090252,10.533584,273.67,-118.285,455.709,0.206975,0.683583,-0.664089,0.221045,0.572121,1.889559,-1.835673,0.27367,-0.118285,0.455709,-2.205223,-2.215356,-0.03458
949,1774597090263,10.544695,273.676,-120.325,455.711,0.207214,0.683557,-0.66415,0.220719,0.57288,1.889811,-1.836158,0.273676,-0.120325,0.455711,-2.205126,-2.215152,-0.034629
950,1774597090274,10.555807,273.67,-121.307,455.73,0.207235,0.6835,-0.664163,0.220836,0.572903,1.889538,-1.83608,0.27367,-0.121307,0.45573,-2.205081,-2.215226,-0.034716
951,1774597090285,10.566918,273.694,-123.241,455.729,0.20723,0.683465,-0.664185,0.220882,0.572875,1.889395,-1.836097,0.273694,-0.123241,0.455729,-2.205103,-2.215091,-0.034796
952,1774597090297,10.578029,273.706,-124.192,455.744,0.207191,0.683545,-0.664185,0.220673,0.57283,1.889824,-1.836301,0.273706,-0.124192,0.455744,-2.20495,-2.215163,-0.034848
953,1774597090308,10.58914,273.722,-125.125,455.736,0.207358,0.683518,-0.664198,0.220559,0.573326,1.889865,-1.836447,0.273722,-0.125125,0.455736,-2.204772,-2.215212,-0.034957
954,1774597090319,10.600252,273.695,-127.006,455.762,0.207319,0.683387,-0.664362,0.220508,0.573232,1.889552,-1.836949,0.273695,-0.127006,0.455762,-2.204768,-2.215237,-0.035131
955,1774597090330,10.611363,273.683,-127.945,455.773,0.207395,0.683448,-0.664262,0.220549,0.573432,1.889681,-1.836631,0.273683,-0.127945,0.455773,-2.20476,-2.215192,-0.035269
956,1774597090341,10.622474,273.684,-128.848,455.795,0.207353,0.683489,-0.664214,0.220606,0.573297,1.889737,-1.836444,0.273684,-0.128848,0.455795,-2.204872,-2.215213,-0.035265
957,1774597090352,10.633585,273.692,-130.673,455.78,0.207637,0.683732,-0.663945,0.220396,0.574146,1.890619,-1.835905,0.273692,-0.130673,0.45578,-2.204893,-2.215026,-0.035511
958,1774597090363,10.644696,273.703,-131.547,455.783,0.207543,0.683709,-0.664001,0.220389,0.57389,1.890562,-1.836065,0.273703,-0.131547,0.455783,-2.204917,-2.21501,-0.035437
959,1774597090374,10.655808,273.712,-133.296,455.772,0.207688,0.6837,-0.663992,0.220308,0.574313,1.890617,-1.836119,0.273712,-0.133296,0.455772,-2.204958,-2.214844,-0.035606
960,1774597090385,10.666919,273.713,-134.155,455.789,0.207352,0.684067,-0.663644,0.220532,0.573318,1.89141,-1.834939,0.273713,-0.134155,0.455789,-2.204963,-2.214789,-0.035806
961,1774597090397,10.67803,273.706,-135,455.817,0.207781,0.683746,-0.663908,0.220327,0.574566,1.890727,-1.83587,0.273706,-0.135,0.455817,-2.204904,-2.214882,-0.036009
962,1774597090408,10.689142,273.719,-136.652,455.799,0.2075,0.683649,-0.664053,0.220459,0.573747,1.890324,-1.836141,0.273719,-0.136652,0.455799,-2.204726,-2.215025,-0.036095
963,1774597090419,10.700253,273.715,-137.474,455.794,0.207739,0.683591,-0.664151,0.220118,0.574513,1.890506,-1.836744,0.273715,-0.137474,0.455794,-2.204589,-2.215116,-0.036174
964,1774597090430,10.711364,273.739,-139.074,455.756,0.207657,0.683526,-0.664179,0.220313,0.574228,1.89013,-1.836631,0.273739,-0.139074,0.455756,-2.204586,-2.214899,-0.03605
965,1774597090441,10.722475,273.741,-139.856,455.757,0.207768,0.683695,-0.664027,0.220141,0.574587,1.89077,-1.83638,0.273741,-0.139856,0.455757,-2.204638,-2.214865,-0.036195
966,1774597090452,10.733586,273.738,-140.621,455.738,0.207789,0.68357,-0.66413,0.220199,0.574626,1.890368,-1.836608,0.273738,-0.140621,0.455738,-2.204659,-2.214845,-0.036131
967,1774597090463,10.744698,273.71,-142.172,455.709,0.207975,0.683645,-0.664054,0.220017,0.575196,1.890757,-1.836574,0.27371,-0.142172,0.455709,-2.204855,-2.214438,-0.036178
968,1774597090474,10.755809,273.699,-142.904,455.704,0.207814,0.683489,-0.664246,0.220078,0.574732,1.890263,-1.837045,0.273699,-0.142904,0.455704,-2.204815,-2.214468,-0.036157
969,1774597090485,10.76692,273.715,-144.332,455.682,0.207892,0.683582,-0.66415,0.220004,0.574972,1.890596,-1.836852,0.273715,-0.144332,0.455682,-2.204697,-2.214512,-0.036214
970,1774597090497,10.778032,273.717,-145.041,455.68,0.207769,0.683513,-0.664244,0.22005,0.574617,1.890358,-1.837069,0.273717,-0.145041,0.45568,-2.204669,-2.214528,-0.036195
971,1774597090508,10.789145,273.719,-145.734,455.673,0.208097,0.683617,-0.664097,0.219862,0.57558,1.890835,-1.836842,0.273719,-0.145734,0.455673,-2.2047,-2.21452,-0.03616
972,1774597090519,10.800257,273.732,-147.106,455.658,0.208069,0.683652,-0.664037,0.219958,0.575473,1.890836,-1.836585,0.273732,-0.147106,0.455658,-2.20463,-2.214461,-0.036325
973,1774597090530,10.811368,273.738,-147.751,455.665,0.207892,0.683496,-0.664221,0.220058,0.574953,1.890303,-1.836994,0.273738,-0.147751,0.455665,-2.204609,-2.214562,-0.036295
974,1774597090541,10.822479,273.75,-148.391,455.651,0.207824,0.683609,-0.664121,0.220071,0.574762,1.890604,-1.836708,0.27375,-0.148391,0.455651,-2.204685,-2.214495,-0.03628
975,1774597090552,10.833591,273.764,-149.656,455.648,0.207936,0.683472,-0.664253,0.219994,0.575095,1.8903,-1.837146,0.273764,-0.149656,0.455648,-2.204612,-2.214435,-0.036454
976,1774597090563,10.844702,273.758,-150.259,455.648,0.207936,0.683436,-0.664251,0.220112,0.57506,1.890083,-1.837026,0.273758,-0.150259,0.455648,-2.204766,-2.214369,-0.036416
977,1774597090574,10.855813,273.748,-151.415,455.67,0.207865,0.683606,-0.664099,0.220108,0.574865,1.890557,-1.836611,0.273748,-0.151415,0.45567,-2.20485,-2.214438,-0.036488
978,1774597090585,10.866924,273.754,-151.975,455.689,0.207849,0.683564,-0.664172,0.220034,0.574841,1.890516,-1.836882,0.273754,-0.151975,0.455689,-2.204855,-2.214543,-0.036565
979,1774597090597,10.878036,273.774,-152.516,455.688,0.20792,0.683608,-0.664105,0.220032,0.575039,1.890639,-1.836701,0.273774,-0.152516,0.455688,-2.204732,-2.214625,-0.036611
980,1774597090608,10.889147,273.777,-153.588,455.688,0.207864,0.683624,-0.664127,0.21997,0.574904,1.890747,-1.83682,0.273777,-0.153588,0.455688,-2.204732,-2.214688,-0.036565
981,1774597090619,10.900258,273.783,-154.102,455.676,0.207871,0.683626,-0.664132,0.219941,0.574932,1.89078,-1.836862,0.273783,-0.154102,0.455676,-2.204709,-2.21471,-0.036554
982,1774597090630,10.911369,273.793,-155.09,455.684,0.207823,0.683721,-0.664066,0.21989,0.574814,1.891095,-1.83673,0.273793,-0.15509,0.455684,-2.204714,-2.21478,-0.036575
983,1774597090641,10.922481,273.811,-155.566,455.662,0.207965,0.683661,-0.664137,0.219729,0.575256,1.891089,-1.837084,0.273811,-0.155566,0.455662,-2.204589,-2.214726,-0.036514
984,1774597090652,10.933592,273.805,-156.014,455.687,0.207921,0.683687,-0.664134,0.219699,0.575144,1.89119,-1.837104,0.273805,-0.156014,0.455687,-2.204624,-2.214811,-0.036635
985,1774597090663,10.944703,273.801,-156.871,455.709,0.207794,0.683824,-0.664009,0.21977,0.574771,1.891497,-1.836691,0.273801,-0.156871,0.455709,-2.204728,-2.214826,-0.036685
986,1774597090674,10.955814,273.811,-157.274,455.702,0.207855,0.683807,-0.664012,0.219755,0.574944,1.891467,-1.836712,0.273811,-0.157274,0.455702,-2.204704,-2.214846,-0.036613
987,1774597090685,10.966925,273.84,-158.042,455.708,0.207893,0.683767,-0.664053,0.21972,0.575059,1.89139,-1.83686,0.27384,-0.158042,0.455708,-2.204681,-2.214841,-0.036716
988,1774597090697,10.978037,273.849,-158.416,455.703,0.207923,0.683816,-0.663999,0.219704,0.575147,1.891542,-1.836726,0.273849,-0.158416,0.455703,-2.204716,-2.214767,-0.036761
989,1774597090708,10.989148,273.865,-158.774,455.698,0.207982,0.683706,-0.664097,0.219692,0.575315,1.89125,-1.837009,0.273865,-0.158774,0.455698,-2.2047,-2.214716,-0.03669
990,1774597090719,11.000259,273.907,-159.424,455.707,0.207982,0.683832,-0.663962,0.219712,0.57531,1.891578,-1.836614,0.273907,-0.159424,0.455707,-2.204721,-2.214782,-0.036711
991,1774597090730,11.01137,273.929,-159.733,455.716,0.207954,0.6837,-0.664126,0.219649,0.575251,1.891276,-1.837131,0.273929,-0.159733,0.455716,-2.204715,-2.214744,-0.036666
992,1774597090741,11.022482,273.953,-160.028,455.709,0.207964,0.683827,-0.663968,0.219722,0.575256,1.891556,-1.836624,0.273953,-0.160028,0.455709,-2.204735,-2.214759,-0.03666
993,1774597090760,11.041647,274.025,-160.859,455.707,0.208091,0.683828,-0.663963,0.219614,0.57564,1.891666,-1.836714,0.274025,-0.160859,0.455707,-2.204768,-2.214676,-0.036741
994,1774597090771,11.052758,274.025,-160.859,455.707,0.20808,0.683751,-0.664034,0.219649,0.575599,1.891419,-1.836877,0.274025,-0.160859,0.455707,-2.204768,-2.214676,-0.036741
995,1774597090782,11.06387,274.116,-161.578,455.717,0.20795,0.683859,-0.663939,0.219725,0.575215,1.89164,-1.836539,0.274116,-0.161578,0.455717,-2.204706,-2.214789,-0.036723
996,1774597090793,11.074981,274.146,-161.794,455.725,0.207946,0.683923,-0.663899,0.21965,0.575227,1.891894,-1.8365,0.274146,-0.161794,0.455725,-2.204721,-2.214854,-0.036738
997,1774597090805,11.086092,274.172,-162.016,455.735,0.208053,0.683814,-0.66397,0.219671,0.575517,1.89157,-1.836678,0.274172,-0.162016,0.455735,-2.204761,-2.214813,-0.036783
998,1774597090816,11.097203,274.224,-162.409,455.776,0.208115,0.683754,-0.664028,0.219623,0.575704,1.891453,-1.836885,0.274224,-0.162409,0.455776,-2.20492,-2.214837,-0.036839
999,1774597090827,11.108314,274.281,-162.608,455.742,0.20817,0.683657,-0.6641,0.219659,0.575845,1.891148,-1.837047,0.274281,-0.162608,0.455742,-2.204923,-2.214728,-0.036757
1000,1774597090838,11.119426,274.351,-162.961,455.748,0.208156,0.683716,-0.66402,0.21973,0.575784,1.89124,-1.836757,0.274351,-0.162961,0.455748,-2.205001,-2.214722,-0.036729
1001,1774597090849,11.130537,274.404,-163.127,455.752,0.208145,0.683746,-0.664,0.219709,0.57576,1.891343,-1.836723,0.274404,-0.163127,0.455752,-2.204943,-2.21474,-0.036701
1002,1774597090860,11.141648,274.434,-163.287,455.76,0.207938,0.683772,-0.664018,0.219767,0.575169,1.891358,-1.836717,0.274434,-0.163287,0.45576,-2.204993,-2.214736,-0.036766
1003,1774597090871,11.152759,274.493,-163.43,455.754,0.207932,0.683769,-0.664001,0.219836,0.575133,1.89128,-1.836602,0.274493,-0.16343,0.455754,-2.204931,-2.214803,-0.036729
1004,1774597090882,11.163871,274.577,-163.738,455.775,0.207925,0.683817,-0.66395,0.219848,0.57511,1.891401,-1.83645,0.274577,-0.163738,0.455775,-2.20506,-2.214745,-0.036798
1005,1774597090893,11.174982,274.701,-164.017,455.763,0.20794,0.683807,-0.663968,0.219806,0.575162,1.891417,-1.836542,0.274701,-0.164017,0.455763,-2.205018,-2.214778,-0.036757
1006,1774597090905,11.186093,274.767,-164.139,455.774,0.207909,0.683838,-0.663947,0.219803,0.575078,1.891506,-1.836486,0.274767,-0.164139,0.455774,-2.204951,-2.21487,-0.036784
1007,1774597090916,11.197205,274.834,-164.27,455.788,0.207921,0.683783,-0.663984,0.219852,0.575097,1.891303,-1.836542,0.274834,-0.16427,0.455788,-2.205043,-2.214859,-0.036925
1008,1774597090927,11.208316,275.039,-164.51,455.741,0.207951,0.68377,-0.663996,0.219828,0.575189,1.891291,-1.836597,0.275039,-0.16451,0.455741,-2.205039,-2.214682,-0.036641
1009,1774597090938,11.219427,275.039,-164.51,455.741,0.207909,0.683789,-0.663978,0.219862,0.57506,1.89131,-1.836515,0.275039,-0.16451,0.455741,-2.205039,-2.214682,-0.036641
1010,1774597090949,11.230538,275.25,-164.743,455.717,0.207957,0.683709,-0.664057,0.219827,0.575204,1.891123,-1.836767,0.27525,-0.164743,0.455717,-2.205038,-2.214596,-0.036592
1011,1774597090960,11.241649,275.452,-164.948,455.764,0.207887,0.68376,-0.664025,0.219834,0.575009,1.891257,-1.836672,0.275452,-0.164948,0.455764,-2.205139,-2.2147,-0.036703
1012,1774597090971,11.25276,275.596,-165.047,455.748,0.207879,0.683818,-0.663962,0.219853,0.57498,1.891398,-1.836478,0.275596,-0.165047,0.455748,-2.205163,-2.214669,-0.036685
1013,1774597090982,11.263872,275.924,-165.24,455.713,0.207828,0.683788,-0.664019,0.219818,0.57485,1.891352,-1.836672,0.275924,-0.16524,0.455713,-2.205005,-2.214635,-0.036508
1014,1774597090993,11.274983,276.066,-165.337,455.708,0.207812,0.683826,-0.66397,0.219866,0.574792,1.891408,-1.836488,0.276066,-0.165337,0.455708,-2.205038,-2.214641,-0.036549
1015,1774597091005,11.286095,276.243,-165.431,455.694,0.207753,0.683873,-0.663917,0.219933,0.574607,1.891472,-1.836276,0.276243,-0.165431,0.455694,-2.205053,-2.214653,-0.036511
1016,1774597091016,11.297206,276.584,-165.597,455.717,0.207717,0.683867,-0.663926,0.219959,0.5745,1.891429,-1.836276,0.276584,-0.165597,0.455717,-2.205141,-2.214689,-0.036516
1017,1774597091027,11.308317,276.762,-165.685,455.719,0.207868,0.68376,-0.664011,0.219892,0.574939,1.891198,-1.836577,0.276762,-0.165685,0.455719,-2.205207,-2.214621,-0.036526
1018,1774597091038,11.319428,277.181,-165.82,455.732,0.20773,0.683911,-0.663848,0.220043,0.574511,1.891468,-1.83598,0.277181,-0.16582,0.455732,-2.205259,-2.214697,-0.036396
1019,1774597091049,11.33054,277.404,-165.901,455.72,0.20759,0.683919,-0.663877,0.220066,0.574116,1.891464,-1.836037,0.277404,-0.165901,0.45572,-2.205277,-2.214658,-0.036368
1020,1774597091060,11.341651,277.615,-165.965,455.743,0.207499,0.68396,-0.663842,0.22013,0.573845,1.891514,-1.835878,0.277615,-0.165965,0.455743,-2.205335,-2.214748,-0.036494
1021,1774597091071,11.352762,278.13,-166.074,455.751,0.207622,0.683823,-0.66395,0.220114,0.57419,1.891151,-1.836193,0.27813,-0.166074,0.455751,-2.205431,-2.214708,-0.036381
1022,1774597091082,11.363873,278.383,-166.142,455.763,0.207573,0.683916,-0.66387,0.220112,0.574054,1.891411,-1.835972,0.278383,-0.166142,0.455763,-2.205481,-2.214783,-0.03635
1023,1774597091093,11.374985,279.005,-166.242,455.736,0.207625,0.683731,-0.664055,0.22008,0.574208,1.890931,-1.836515,0.279005,-0.166242,0.455736,-2.205406,-2.214701,-0.036209
1024,1774597091105,11.386096,279.318,-166.287,455.729,0.207586,0.683856,-0.663909,0.220167,0.574074,1.891191,-1.836027,0.279318,-0.166287,0.455729,-2.205369,-2.214799,-0.036244
1025,1774597091116,11.397207,279.65,-166.331,455.735,0.207381,0.683978,-0.663783,0.220363,0.573447,1.891332,-1.835488,0.27965,-0.166331,0.455735,-2.205367,-2.21482,-0.03618
1026,1774597091127,11.408318,280.329,-166.411,455.764,0.207411,0.684133,-0.663595,0.220417,0.573515,1.891707,-1.834917,0.280329,-0.166411,0.455764,-2.205504,-2.214881,-0.036199
1027,1774597091138,11.419429,280.702,-166.482,455.76,0.207492,0.684029,-0.663709,0.220323,0.573767,1.891512,-1.835322,0.280702,-0.166482,0.45576,-2.205527,-2.214768,-0.036118
1028,1774597091149,11.430541,281.002,-166.511,455.839,0.207335,0.684363,-0.663355,0.2205,0.573279,1.89226,-1.834172,0.281002,-0.166511,0.455839,-2.205592,-2.215028,-0.036382
1029,1774597091160,11.441652,281.86,-166.597,455.8,0.207435,0.683785,-0.663958,0.220384,0.573592,1.890776,-1.835952,0.28186,-0.166597,0.4558,-2.205515,-2.214889,-0.036077
1030,1774597091171,11.452763,282.283,-166.607,455.824,0.207252,0.683736,-0.664043,0.220449,0.573066,1.890578,-1.836125,0.282283,-0.166607,0.455824,-2.205568,-2.214995,-0.036054
1031,1774597091182,11.463875,283.183,-166.688,455.801,0.207365,0.683553,-0.664247,0.220297,0.573424,1.890223,-1.836836,0.283183,-0.166688,0.455801,-2.205366,-2.214974,-0.035949
1032,1774597091193,11.474986,283.633,-166.711,455.817,0.207372,0.68382,-0.663927,0.220428,0.573404,1.890829,-1.835824,0.283633,-0.166711,0.455817,-2.205477,-2.214925,-0.035921
1033,1774597091205,11.486097,284.117,-166.75,455.795,0.207465,0.683785,-0.663985,0.220271,0.573709,1.890891,-1.836137,0.284117,-0.16675,0.455795,-2.205305,-2.214961,-0.035778
1034,1774597091216,11.497208,285.075,-166.793,455.83,0.207529,0.683684,-0.664104,0.220167,0.573917,1.890716,-1.836567,0.285075,-0.166793,0.45583,-2.205239,-2.215026,-0.03571
1035,1774597091227,11.50832,285.562,-166.8,455.864,0.207294,0.68394,-0.663852,0.220354,0.57321,1.891235,-1.835688,0.285562,-0.1668,0.455864,-2.205296,-2.215113,-0.035744
1036,1774597091238,11.519431,286.586,-166.816,455.926,0.207388,0.684089,-0.663716,0.220214,0.573513,1.891787,-1.835448,0.286586,-0.166816,0.455926,-2.205307,-2.215259,-0.035755
1037,1774597091249,11.530543,287.091,-166.829,455.972,0.207358,0.683909,-0.663884,0.220292,0.573407,1.891213,-1.835837,0.287091,-0.166829,0.455972,-2.205423,-2.215328,-0.035889
1038,1774597091260,11.541654,287.648,-166.852,455.973,0.207287,0.684109,-0.663655,0.220432,0.573167,1.891624,-1.835067,0.287648,-0.166852,0.455973,-2.205394,-2.215298,-0.035786
1039,1774597091271,11.552765,288.768,-166.879,456.006,0.207406,0.683891,-0.663911,0.220223,0.573562,1.891232,-1.835977,0.288768,-0.166879,0.456006,-2.205499,-2.21522,-0.035812
1040,1774597091282,11.563876,289.336,-166.882,456.04,0.207304,0.683926,-0.663884,0.220294,0.573255,1.891257,-1.835833,0.289336,-0.166882,0.45604,-2.205465,-2.215293,-0.035878
1041,1774597091293,11.574988,290.534,-166.873,456.054,0.207152,0.684094,-0.663724,0.220394,0.572807,1.891622,-1.835295,0.290534,-0.166873,0.456054,-2.20537,-2.215333,-0.035863
1042,1774597091305,11.586099,291.154,-166.877,456.048,0.207435,0.683971,-0.663851,0.220128,0.573669,1.891546,-1.835905,0.291154,-0.166877,0.456048,-2.205298,-2.215341,-0.035801
1043,1774597091316,11.59721,291.805,-166.876,456.025,0.20745,0.683941,-0.663872,0.220142,0.573705,1.891451,-1.835949,0.291805,-0.166876,0.456025,-2.205171,-2.215262,-0.035699
1044,1774597091327,11.608321,293.099,-166.873,456.054,0.207447,0.683895,-0.663965,0.220008,0.573739,1.891459,-1.836337,0.293099,-0.166873,0.456054,-2.205193,-2.215263,-0.035696
1045,1774597091338,11.619433,293.752,-166.875,456.082,0.207403,0.68414,-0.663704,0.220074,0.573597,1.89207,-1.835551,0.293752,-0.166875,0.456082,-2.205182,-2.215258,-0.035881
1046,1774597091349,11.630544,294.412,-166.869,456.133,0.207241,0.684214,-0.663623,0.220245,0.573096,1.892102,-1.835161,0.294412,-0.166869,0.456133,-2.20527,-2.215297,-0.035971
1047,1774597091360,11.641655,295.792,-166.843,456.252,0.207257,0.684303,-0.663558,0.220147,0.573171,1.892446,-1.835077,0.295792,-0.166843,0.456252,-2.205374,-2.215631,-0.036316
1048,1774597091371,11.652767,296.54,-166.853,456.262,0.207169,0.684427,-0.663456,0.22015,0.572926,1.892788,-1.834792,0.29654,-0.166853,0.456262,-2.205362,-2.215567,-0.036337
1049,1774597091382,11.663878,298.102,-166.839,456.207,0.20732,0.68413,-0.663799,0.2199,0.573421,1.892215,-1.835982,0.298102,-0.166839,0.456207,-2.205005,-2.215498,-0.036184
1050,1774597091393,11.674989,298.883,-166.843,456.184,0.207256,0.684257,-0.66363,0.220074,0.573191,1.892392,-1.835345,0.298883,-0.166843,0.456184,-2.20494,-2.215404,-0.036045
1051,1774597091405,11.6861,299.676,-166.836,456.181,0.207331,0.684268,-0.663606,0.220041,0.573407,1.892457,-1.835312,0.299676,-0.166836,0.456181,-2.204863,-2.215357,-0.036073
1052,1774597091416,11.697212,301.274,-166.851,456.252,0.207327,0.684177,-0.663702,0.220039,0.573399,1.892207,-1.835579,0.301274,-0.166851,0.456252,-2.204933,-2.215331,-0.036291
1053,1774597091427,11.708323,302.094,-166.842,456.307,0.207268,0.684492,-0.663374,0.220104,0.573213,1.893013,-1.834608,0.302094,-0.166842,0.456307,-2.204995,-2.215376,-0.036479
1054,1774597091438,11.719434,303.738,-166.839,456.427,0.207294,0.684417,-0.663476,0.220006,0.573315,1.892901,-1.834986,0.303738,-0.166839,0.456427,-2.205075,-2.215554,-0.036842
1055,1774597091449,11.730546,304.554,-166.831,456.508,0.207238,0.684751,-0.66313,0.220063,0.573144,1.893769,-1.833973,0.304554,-0.166831,0.456508,-2.205177,-2.215614,-0.037073
1056,1774597091460,11.741657,305.419,-166.839,456.519,0.207393,0.684421,-0.663483,0.21988,0.573629,1.89304,-1.835126,0.305419,-0.166839,0.456519,-2.205069,-2.215567,-0.037307
1057,1774597091471,11.752768,307.278,-166.856,456.445,0.207529,0.684265,-0.663661,0.219699,0.574059,1.892789,-1.835796,0.307278,-0.166856,0.456445,-2.204721,-2.215269,-0.03711
1058,1774597091482,11.763879,308.212,-166.863,456.449,0.207383,0.684496,-0.663438,0.21979,0.573627,1.893338,-1.835091,0.308212,-0.166863,0.456449,-2.204676,-2.215121,-0.037151
1059,1774597091493,11.774991,310.044,-166.862,456.522,0.207531,0.684689,-0.663249,0.219618,0.574088,1.894045,-1.834736,0.310044,-0.166862,0.456522,-2.204595,-2.215187,-0.037386
1060,1774597091505,11.786102,310.942,-166.842,456.611,0.207883,0.684455,-0.663501,0.219254,0.575175,1.893762,-1.835785,0.310942,-0.166842,0.456611,-2.204708,-2.215311,-0.037562
1061,1774597091516,11.797213,311.844,-166.829,456.686,0.207348,0.684977,-0.662948,0.219805,0.573527,1.894652,-1.833719,0.311844,-0.166829,0.456686,-2.204777,-2.215445,-0.037757
1062,1774597091527,11.808325,313.756,-166.81,456.71,0.207432,0.684564,-0.663373,0.219729,0.573783,1.893586,-1.83497,0.313756,-0.16681,0.45671,-2.204764,-2.215442,-0.037807
1063,1774597091538,11.819436,314.781,-166.806,456.656,0.207516,0.684609,-0.663314,0.219687,0.574026,1.893754,-1.834848,0.314781,-0.166806,0.456656,-2.204656,-2.215223,-0.037575
1064,1774597091549,11.830547,315.8,-166.806,456.65,0.207297,0.68477,-0.663176,0.219808,0.573384,1.894077,-1.83435,0.3158,-0.166806,0.45665,-2.204536,-2.215266,-0.037563
1065,1774597091560,11.841658,317.818,-166.764,456.748,0.207299,0.68467,-0.663305,0.219729,0.573415,1.893879,-1.834781,0.317818,-0.166764,0.456748,-2.204604,-2.215515,-0.037832
1066,1774597091571,11.85277,318.83,-166.741,456.75,0.207259,0.684807,-0.663165,0.219763,0.573293,1.894225,-1.834361,0.31883,-0.166741,0.45675,-2.204521,-2.215597,-0.03786
1067,1774597091582,11.863881,320.857,-166.764,456.75,0.207694,0.684447,-0.663504,0.219451,0.57459,1.893541,-1.835601,0.320857,-0.166764,0.45675,-2.204504,-2.215354,-0.037966
1068,1774597091593,11.874992,321.915,-166.751,456.774,0.207626,0.684695,-0.663249,0.219512,0.574384,1.894166,-1.834837,0.321915,-0.166751,0.456774,-2.204475,-2.21544,-0.038065
1069,1774597091605,11.886103,323.001,-166.738,456.789,0.207558,0.684733,-0.663251,0.21945,0.574215,1.894335,-1.834903,0.323001,-0.166738,0.456789,-2.204434,-2.215436,-0.03822
1070,1774597091616,11.897214,325.208,-166.7,456.801,0.207849,0.684136,-0.663889,0.219108,0.575125,1.893023,-1.837001,0.325208,-0.1667,0.456801,-2.204248,-2.215584,-0.03836
1071,1774597091627,11.908326,326.335,-166.703,456.766,0.207758,0.684705,-0.663287,0.219241,0.574831,1.894464,-1.835206,0.326335,-0.166703,0.456766,-2.204083,-2.215477,-0.038353
1072,1774597091638,11.919437,328.667,-166.691,456.683,0.20779,0.68464,-0.663305,0.219357,0.574884,1.89417,-1.835142,0.328667,-0.166691,0.456683,-2.203839,-2.215207,-0.037987
1073,1774597091649,11.930548,329.763,-166.692,456.764,0.207872,0.68468,-0.663296,0.219182,0.575165,1.894457,-1.835288,0.329763,-0.166692,0.456764,-2.204005,-2.215316,-0.038449
1074,1774597091660,11.941659,330.896,-166.693,456.823,0.20725,0.685289,-0.66267,0.219764,0.573268,1.895556,-1.83299,0.330896,-0.166693,0.456823,-2.204084,-2.215411,-0.038688
1075,1774597091671,11.952771,333.147,-166.663,456.926,0.207527,0.684959,-0.663011,0.219502,0.574113,1.894906,-1.834189,0.333147,-0.166663,0.456926,-2.204285,-2.215584,-0.038908
1076,1774597091682,11.963882,334.322,-166.668,456.887,0.207502,0.685224,-0.662723,0.219567,0.574025,1.895574,-1.833329,0.334322,-0.166668,0.456887,-2.204122,-2.215455,-0.038929
1077,1774597091693,11.974993,336.699,-166.642,456.853,0.207905,0.684875,-0.663111,0.219101,0.575281,1.895078,-1.834855,0.336699,-0.166642,0.456853,-2.203883,-2.215302,-0.03866
1078,1774597091705,11.986105,337.819,-166.61,456.897,0.207947,0.684692,-0.663341,0.21894,0.575446,1.89473,-1.835646,0.337819,-0.16661,0.456897,-2.20384,-2.215432,-0.038806
1079,1774597091716,11.997216,338.93,-166.595,456.978,0.207732,0.68506,-0.662954,0.219163,0.574783,1.895527,-1.834359,0.33893,-0.166595,0.456978,-2.203953,-2.215512,-0.039135
1080,1774597091727,12.008328,341.225,-166.58,457.008,0.207678,0.685125,-0.66289,0.219203,0.574622,1.895667,-1.834145,0.341225,-0.16658,0.457008,-2.203959,-2.215568,-0.039285
1081,1774597091738,12.019439,342.405,-166.584,456.984,0.208019,0.685117,-0.662884,0.218925,0.575649,1.895921,-1.834396,0.342405,-0.166584,0.456984,-2.203863,-2.215479,-0.039275
1082,1774597091749,12.03055,343.59,-166.567,456.97,0.20784,0.684842,-0.663191,0.219026,0.575124,1.895059,-1.835149,0.34359,-0.166567,0.45697,-2.203741,-2.215447,-0.039339
1083,1774597091760,12.041661,345.895,-166.473,456.982,0.207549,0.684901,-0.663156,0.219221,0.574261,1.895028,-1.834863,0.345895,-0.166473,0.456982,-2.203574,-2.215565,-0.039331
1084,1774597091771,12.052773,347.034,-166.469,457.02,0.207882,0.685129,-0.662947,0.218825,0.575301,1.896057,-1.834668,0.347034,-0.166469,0.45702,-2.203528,-2.215616,-0.039597
1085,1774597091782,12.063884,349.364,-166.458,457.045,0.208056,0.684942,-0.663115,0.218736,0.57581,1.895627,-1.835221,0.349364,-0.166458,0.457045,-2.203509,-2.215649,-0.039753
1086,1774597091793,12.074995,350.507,-166.448,457.044,0.207876,0.684595,-0.6635,0.218827,0.575284,1.894575,-1.836197,0.350507,-0.166448,0.457044,-2.20341,-2.215642,-0.039809
1087,1774597091805,12.086107,351.695,-166.425,456.986,0.207821,0.684349,-0.663815,0.218696,0.575171,1.894025,-1.837196,0.351695,-0.166425,0.456986,-2.203082,-2.21558,-0.039626
1088,1774597091816,12.097218,354.012,-166.411,456.941,0.208194,0.684387,-0.663719,0.218509,0.576261,1.89432,-1.837113,0.354012,-0.166411,0.456941,-2.202972,-2.215377,-0.039488
1089,1774597091827,12.108329,355.135,-166.4,456.984,0.208101,0.684865,-0.663233,0.218577,0.575982,1.895573,-1.835702,0.355135,-0.1664,0.456984,-2.202949,-2.215477,-0.039648
1090,1774597091838,12.11944,357.318,-166.346,457.138,0.207913,0.685197,-0.66292,0.218665,0.575437,1.896405,-1.834748,0.357318,-0.166346,0.457138,-2.203177,-2.215828,-0.040117
1091,1774597091849,12.130551,358.47,-166.352,457.104,0.208091,0.684913,-0.663208,0.218512,0.575976,1.895772,-1.835695,0.35847,-0.166352,0.457104,-2.203133,-2.215686,-0.040105
1092,1774597091860,12.141663,359.652,-166.363,457.046,0.20826,0.68492,-0.663186,0.218395,0.576478,1.895908,-1.835749,0.359652,-0.166363,0.457046,-2.203001,-2.215593,-0.040152
1093,1774597091871,12.152774,362.002,-166.312,456.943,0.20822,0.684946,-0.663188,0.218349,0.576381,1.896026,-1.835798,0.362002,-0.166312,0.456943,-2.20271,-2.215473,-0.039811
1094,1774597091882,12.163886,363.114,-166.289,456.946,0.208064,0.684866,-0.66331,0.218376,0.575943,1.895777,-1.83611,0.363114,-0.166289,0.456946,-2.202733,-2.215537,-0.039863
1095,1774597091893,12.174997,365.332,-166.267,457.012,0.208148,0.685083,-0.663044,0.218422,0.576162,1.896333,-1.835329,0.365332,-0.166267,0.457012,-2.202733,-2.215764,-0.040317
1096,1774597091905,12.186108,366.459,-166.272,457.006,0.207922,0.685551,-0.662555,0.218653,0.575465,1.897398,-1.83375,0.366459,-0.166272,0.457006,-2.202847,-2.215733,-0.040317
1097,1774597091916,12.19722,367.576,-166.279,456.972,0.208376,0.685086,-0.663045,0.218195,0.57686,1.896569,-1.835551,0.367576,-0.166279,0.456972,-2.202748,-2.215699,-0.040348
1098,1774597091927,12.208331,369.815,-166.256,456.875,0.208318,0.685187,-0.662906,0.218353,0.576653,1.896691,-1.835015,0.369815,-0.166256,0.456875,-2.202357,-2.21548,-0.040143
1099,1774597091938,12.219442,370.929,-166.236,456.849,0.208341,0.685498,-0.662676,0.218054,0.576808,1.897851,-1.834666,0.370929,-0.166236,0.456849,-2.202265,-2.215399,-0.040142
1100,1774597091949,12.230554,372.014,-166.221,456.851,0.208285,0.684839,-0.663333,0.218182,0.576615,1.895898,-1.836361,0.372014,-0.166221,0.456851,-2.202275,-2.215402,-0.040299
1101,1774597091960,12.241665,374.133,-166.196,456.852,0.208441,0.685452,-0.662683,0.218082,0.577077,1.897695,-1.834658,0.374133,-0.166196,0.456852,-2.202266,-2.215537,-0.040623
1102,1774597091971,12.252776,375.185,-166.18,456.802,0.20866,0.685039,-0.663154,0.217738,0.577786,1.896897,-1.836298,0.375185,-0.16618,0.456802,-2.202224,-2.215453,-0.040615
1103,1774597091982,12.263887,377.32,-166.159,456.693,0.208639,0.684651,-0.663538,0.217808,0.577708,1.895754,-1.837293,0.37732,-0.166159,0.456693,-2.20202,-2.215319,-0.040355
1104,1774597091993,12.274998,378.322,-166.152,456.683,0.208582,0.685051,-0.663103,0.21793,0.577512,1.896738,-1.835969,0.378322,-0.166152,0.456683,-2.202016,-2.215255,-0.040539
1105,1774597092005,12.28611,379.297,-166.118,456.686,0.208339,0.685218,-0.662961,0.218072,0.576796,1.897057,-1.835437,0.379297,-0.166118,0.456686,-2.202013,-2.215292,-0.040574
1106,1774597092016,12.297221,381.212,-166.077,456.712,0.208251,0.685288,-0.662902,0.218113,0.576541,1.89721,-1.835236,0.381212,-0.166077,0.456712,-2.202065,-2.215516,-0.040866
1107,1774597092027,12.308332,382.201,-166.075,456.649,0.208537,0.685198,-0.66301,0.217792,0.577429,1.897285,-1.835847,0.382201,-0.166075,0.456649,-2.201937,-2.215401,-0.040899
1108,1774597092038,12.319443,383.174,-166.073,456.603,0.208579,0.685033,-0.663174,0.217773,0.577551,1.896847,-1.836321,0.383174,-0.166073,0.456603,-2.2019,-2.215238,-0.040757
1109,1774597092049,12.330555,385.054,-166.043,456.513,0.208758,0.685148,-0.663086,0.217507,0.57813,1.897432,-1.836334,0.385054,-0.166043,0.456513,-2.201714,-2.215104,-0.040803
1110,1774597092060,12.341666,385.959,-166.017,456.488,0.208693,0.685259,-0.662956,0.217615,0.577917,1.897632,-1.835868,0.385959,-0.166017,0.456488,-2.201584,-2.215087,-0.04073
1111,1774597092071,12.352777,387.711,-165.953,456.621,0.208681,0.685408,-0.662804,0.21762,0.577882,1.89804,-1.835444,0.387711,-0.165953,0.456621,-2.201767,-2.215289,-0.041171
1112,1774597092082,12.363889,388.561,-165.931,456.682,0.208783,0.685172,-0.663016,0.217623,0.578162,1.897381,-1.836027,0.388561,-0.165931,0.456682,-2.20193,-2.215394,-0.041362
1113,1774597092094,12.375,390.329,-165.88,456.64,0.208865,0.684969,-0.663201,0.217615,0.578393,1.896829,-1.836549,0.390329,-0.16588,0.45664,-2.201918,-2.215274,-0.041264
1114,1774597092105,12.386112,391.232,-165.863,456.564,0.209034,0.684985,-0.663158,0.217533,0.578886,1.896955,-1.836509,0.391232,-0.165863,0.456564,-2.201837,-2.215173,-0.041064
1115,1774597092116,12.397223,392.144,-165.868,456.454,0.209291,0.684601,-0.663539,0.217336,0.579658,1.896091,-1.837755,0.392144,-0.165868,0.456454,-2.201613,-2.214946,-0.040728
1116,1774597092127,12.408334,393.814,-165.825,456.446,0.208936,0.685161,-0.66298,0.21762,0.578587,1.897354,-1.835929,0.393814,-0.165825,0.456446,-2.201663,-2.214944,-0.040712
1117,1774597092138,12.419445,394.604,-165.771,456.5,0.20881,0.685137,-0.663031,0.217661,0.578225,1.897246,-1.836032,0.394604,-0.165771,0.4565,-2.201682,-2.215118,-0.040912
1118,1774597092149,12.430557,395.358,-165.74,456.569,0.208736,0.68545,-0.6627,0.217753,0.577994,1.898022,-1.835027,0.395358,-0.16574,0.456569,-2.20177,-2.215311,-0.041235
1119,1774597092160,12.441668,396.936,-165.736,456.578,0.209009,0.685299,-0.662822,0.217595,0.578797,1.897761,-1.835519,0.396936,-0.165736,0.456578,-2.201908,-2.215273,-0.041505
1120,1774597092171,12.452779,397.749,-165.721,456.523,0.208889,0.685303,-0.662819,0.217706,0.578431,1.897661,-1.835401,0.397749,-0.165721,0.456523,-2.201894,-2.215134,-0.041356
1121,1774597092182,12.463891,399.284,-165.681,456.468,0.208891,0.685245,-0.662926,0.217563,0.578481,1.897644,-1.835836,0.399284,-0.165681,0.456468,-2.201799,-2.215088,-0.041273
1122,1774597092194,12.475002,400.023,-165.65,456.458,0.208849,0.685207,-0.662942,0.217673,0.578332,1.897428,-1.835774,0.400023,-0.16565,0.456458,-2.201713,-2.215094,-0.041286
1123,1774597092205,12.486113,400.732,-165.632,456.45,0.20909,0.685261,-0.662932,0.217304,0.579111,1.897948,-1.836104,0.400732,-0.165632,0.45645,-2.201567,-2.215092,-0.041334
1124,1774597092216,12.497224,402.101,-165.607,456.505,0.208809,0.685622,-0.662565,0.217552,0.578257,1.898699,-1.834849,0.402101,-0.165607,0.456505,-2.201672,-2.21518,-0.041594
1125,1774597092227,12.508336,402.769,-165.611,456.524,0.208943,0.685458,-0.662724,0.217457,0.578656,1.898341,-1.835382,0.402769,-0.165611,0.456524,-2.201711,-2.215188,-0.041883
1126,1774597092238,12.519447,404.084,-165.553,456.516,0.208907,0.685334,-0.662849,0.217502,0.578545,1.897952,-1.835681,0.404084,-0.165553,0.456516,-2.201702,-2.215313,-0.042006
1127,1774597092249,12.530558,404.741,-165.55,456.476,0.209083,0.685122,-0.663051,0.217385,0.579066,1.897484,-1.836355,0.404741,-0.16555,0.456476,-2.201636,-2.215177,-0.041985
1128,1774597092260,12.541669,405.392,-165.551,456.422,0.209385,0.684912,-0.663276,0.217066,0.580001,1.897223,-1.837291,0.405392,-0.165551,0.456422,-2.201619,-2.215062,-0.041928
1129,1774597092271,12.552781,406.667,-165.51,456.348,0.209381,0.685074,-0.663106,0.21708,0.579986,1.897657,-1.836805,0.406667,-0.16551,0.456348,-2.201559,-2.214943,-0.041867
1130,1774597092282,12.563892,407.248,-165.481,456.378,0.209347,0.68518,-0.663013,0.217062,0.579897,1.897969,-1.836565,0.407248,-0.165481,0.456378,-2.201671,-2.214993,-0.041998
1131,1774597092294,12.575003,408.293,-165.432,456.523,0.209543,0.685122,-0.663059,0.216917,0.580484,1.897954,-1.836833,0.408293,-0.165432,0.456523,-2.20186,-2.215204,-0.042713
1132,1774597092305,12.586114,408.748,-165.41,456.624,0.20915,0.685493,-0.662661,0.217339,0.579266,1.898556,-1.835322,0.408748,-0.16541,0.456624,-2.20206,-2.215345,-0.042955
1133,1774597092316,12.597225,409.318,-165.385,456.571,0.209576,0.685077,-0.663088,0.216937,0.58057,1.897808,-1.836896,0.409318,-0.165385,0.456571,-2.202029,-2.215269,-0.042947
1134,1774597092327,12.608337,410.401,-165.383,456.45,0.209516,0.68536,-0.662821,0.216917,0.580409,1.898614,-1.836174,0.410401,-0.165383,0.45645,-2.201898,-2.214968,-0.042884
1135,1774597092338,12.619448,410.937,-165.346,456.39,0.209815,0.684995,-0.663207,0.216602,0.581336,1.897919,-1.83755,0.410937,-0.165346,0.45639,-2.201809,-2.214937,-0.042745
1136,1774597092349,12.630559,411.44,-165.32,456.34,0.209538,0.684958,-0.663271,0.21679,0.58051,1.897627,-1.837544,0.41144,-0.16532,0.45634,-2.201708,-2.214896,-0.042755
1137,1774597092360,12.64167,412.352,-165.25,456.379,0.209215,0.685592,-0.662614,0.217108,0.579518,1.899063,-1.835414,0.412352,-0.16525,0.456379,-2.2018,-2.215022,-0.043099
1138,1774597092371,12.652782,412.788,-165.226,456.381,0.209674,0.685233,-0.662977,0.216689,0.580917,1.898491,-1.83683,0.412788,-0.165226,0.456381,-2.201776,-2.215009,-0.043204
1139,1774597092382,12.663893,413.644,-165.189,456.319,0.209475,0.685486,-0.662711,0.216893,0.580303,1.898986,-1.835894,0.413644,-0.165189,0.456319,-2.201723,-2.21484,-0.043235
1140,1774597092394,12.675004,414.075,-165.172,456.242,0.209707,0.685412,-0.662758,0.21676,0.580989,1.898916,-1.836153,0.414075,-0.165172,0.456242,-2.201657,-2.214642,-0.043092
1141,1774597092405,12.686116,414.497,-165.158,456.163,0.209945,0.685021,-0.663173,0.216497,0.581729,1.898096,-1.837558,0.414497,-0.165158,0.456163,-2.20152,-2.214481,-0.042992
1142,1774597092416,12.697227,415.23,-165.073,456.149,0.209564,0.68559,-0.662583,0.216871,0.580557,1.899298,-1.83556,0.41523,-0.165073,0.456149,-2.201481,-2.214516,-0.043193
1143,1774597092427,12.708338,415.552,-165.018,456.197,0.209541,0.685509,-0.662705,0.216775,0.580523,1.899169,-1.835991,0.415552,-0.165018,0.456197,-2.201472,-2.214682,-0.043447
1144,1774597092438,12.719449,416.136,-164.94,456.289,0.209351,0.685825,-0.6624,0.216893,0.57996,1.899924,-1.835032,0.416136,-0.16494,0.456289,-2.201576,-2.214982,-0.044009
1145,1774597092449,12.73056,416.43,-164.927,456.294,0.209621,0.685997,-0.662237,0.216586,0.580803,1.900712,-1.834877,0.41643,-0.164927,0.456294,-2.201666,-2.214979,-0.044179
1146,1774597092460,12.741672,416.729,-164.877,456.288,0.20981,0.685645,-0.662578,0.216474,0.58136,1.89985,-1.835932,0.416729,-0.164877,0.456288,-2.201568,-2.215048,-0.044245
1147,1774597092471,12.752783,417.34,-164.838,456.145,0.209717,0.685639,-0.662631,0.216425,0.581118,1.89988,-1.836126,0.41734,-0.164838,0.456145,-2.201395,-2.214876,-0.044027
1148,1774597092482,12.763894,417.594,-164.81,456.129,0.209641,0.685417,-0.662882,0.216431,0.580906,1.89926,-1.836817,0.417594,-0.16481,0.456129,-2.201407,-2.214841,-0.044027
1149,1774597092494,12.775005,418.119,-164.717,456.044,0.209827,0.685554,-0.662749,0.216223,0.581485,1.899849,-1.836651,0.418119,-0.164717,0.456044,-2.201216,-2.214813,-0.043901
1150,1774597092505,12.786116,418.359,-164.654,456.023,0.20955,0.68578,-0.662542,0.216407,0.580661,1.900291,-1.835899,0.418359,-0.164654,0.456023,-2.201123,-2.214885,-0.043953
1151,1774597092516,12.797228,418.55,-164.622,456.058,0.209703,0.685652,-0.66265,0.216337,0.581106,1.900004,-1.836264,0.41855,-0.164622,0.456058,-2.201206,-2.214927,-0.044134
1152,1774597092527,12.808339,418.979,-164.554,455.988,0.209656,0.685745,-0.662553,0.216385,0.580963,1.900214,-1.83595,0.418979,-0.164554,0.455988,-2.20115,-2.214854,-0.044185
1153,1774597092538,12.81945,419.18,-164.512,455.964,0.209817,0.685462,-0.662836,0.216257,0.581446,1.89956,-1.836859,0.41918,-0.164512,0.455964,-2.201174,-2.214801,-0.044133
1154,1774597092549,12.830561,419.389,-164.458,455.922,0.209893,0.685452,-0.662863,0.216131,0.581698,1.89966,-1.837056,0.419389,-0.164458,0.455922,-2.201084,-2.214843,-0.044016
1155,1774597092560,12.841672,419.737,-164.387,455.888,0.209842,0.685585,-0.662719,0.216202,0.581534,1.899956,-1.836588,0.419737,-0.164387,0.455888,-2.201175,-2.214706,-0.044074
1156,1774597092571,12.852784,419.907,-164.313,455.887,0.209783,0.685721,-0.662569,0.216286,0.581344,1.900249,-1.83609,0.419907,-0.164313,0.455887,-2.201115,-2.21481,-0.044063
1157,1774597092582,12.863895,420.197,-164.23,455.891,0.209871,0.68569,-0.662609,0.216176,0.581621,1.900274,-1.836308,0.420197,-0.16423,0.455891,-2.201238,-2.21476,-0.044227
1158,1774597092594,12.875006,420.337,-164.177,455.888,0.20983,0.685699,-0.6626,0.216217,0.581497,1.900258,-1.836242,0.420337,-0.164177,0.455888,-2.201269,-2.214741,-0.044239
1159,1774597092605,12.886118,420.496,-164.119,455.854,0.209892,0.685561,-0.662743,0.216156,0.581686,1.899936,-1.836699,0.420496,-0.164119,0.455854,-2.201174,-2.214702,-0.044266
1160,1774597092616,12.897229,420.767,-163.995,455.834,0.209744,0.685727,-0.662579,0.216277,0.58124,1.900274,-1.836127,0.420767,-0.163995,0.455834,-2.201155,-2.214665,-0.044365
1161,1774597092627,12.90834,420.896,-163.897,455.833,0.209825,0.685591,-0.662749,0.216108,0.581515,1.900068,-1.836761,0.420896,-0.163897,0.455833,-2.201109,-2.214782,-0.044406
1162,1774597092638,12.919452,421.142,-163.734,455.815,0.209777,0.68557,-0.66277,0.216154,0.581369,1.899964,-1.836776,0.421142,-0.163734,0.455815,-2.201105,-2.214732,-0.04444
1163,1774597092649,12.930563,421.252,-163.616,455.824,0.209796,0.685812,-0.662486,0.216242,0.581393,1.900543,-1.835902,0.421252,-0.163616,0.455824,-2.201064,-2.214881,-0.044492
1164,1774597092660,12.941674,421.363,-163.528,455.812,0.209959,0.685582,-0.662718,0.216101,0.58189,1.900048,-1.836683,0.421363,-0.163528,0.455812,-2.201067,-2.214859,-0.044481
1165,1774597092671,12.952785,421.574,-163.335,455.785,0.209902,0.685787,-0.662506,0.216154,0.581714,1.900565,-1.836045,0.421574,-0.163335,0.455785,-2.201046,-2.214794,-0.044586
1166,1774597092682,12.963897,421.671,-163.22,455.784,0.210069,0.685627,-0.662641,0.216086,0.582199,1.900189,-1.836485,0.421671,-0.16322,0.455784,-2.201118,-2.214762,-0.044556
1167,1774597092694,12.975008,421.874,-162.981,455.753,0.210035,0.685624,-0.66264,0.216135,0.58209,1.900131,-1.836433,0.421874,-0.162981,0.455753,-2.20102,-2.214723,-0.044667
1168,1774597092705,12.986119,421.956,-162.861,455.749,0.209992,0.685884,-0.662405,0.216071,0.581991,1.900916,-1.835845,0.421956,-0.162861,0.455749,-2.201062,-2.214581,-0.044708
1169,1774597092716,12.997231,422.042,-162.686,455.759,0.210016,0.68583,-0.66244,0.216109,0.582044,1.900729,-1.835905,0.422042,-0.162686,0.455759,-2.201063,-2.214721,-0.044773
1170,1774597092727,13.008342,422.206,-162.341,455.746,0.210098,0.685775,-0.662507,0.216001,0.582305,1.900686,-1.836195,0.422206,-0.162341,0.455746,-2.201101,-2.214687,-0.044898
1171,1774597092738,13.019453,422.284,-162.168,455.728,0.209972,0.685734,-0.662574,0.216048,0.581941,1.900525,-1.836334,0.422284,-0.162168,0.455728,-2.201081,-2.214667,-0.044851
1172,1774597092749,13.030564,422.366,-161.968,455.714,0.209954,0.685885,-0.662424,0.216043,0.581893,1.900949,-1.835927,0.422366,-0.161968,0.455714,-2.20105,-2.214664,-0.044858
1173,1774597092760,13.041676,422.49,-161.574,455.73,0.209922,0.685858,-0.662444,0.216103,0.581786,1.900812,-1.835921,0.42249,-0.161574,0.45573,-2.20115,-2.214559,-0.04496
1174,1774597092771,13.052787,422.555,-161.347,455.74,0.20996,0.685894,-0.662393,0.216106,0.58189,1.90091,-1.835776,0.422555,-0.161347,0.45574,-2.201169,-2.214584,-0.045065
1175,1774597092782,13.063898,422.688,-160.862,455.735,0.209954,0.685901,-0.662404,0.216056,0.581888,1.900978,-1.835858,0.422688,-0.160862,0.455735,-2.201174,-2.21454,-0.045092
1176,1774597092794,13.075009,422.743,-160.599,455.748,0.209927,0.685859,-0.662446,0.216086,0.581804,1.900832,-1.835945,0.422743,-0.160599,0.455748,-2.201113,-2.214642,-0.045223
1177,1774597092805,13.08612,422.798,-160.337,455.743,0.210213,0.685529,-0.662772,0.215855,0.58267,1.900151,-1.837075,0.422798,-0.160337,0.455743,-2.201113,-2.214591,-0.045221
1178,1774597092816,13.097232,422.927,-159.732,455.718,0.210002,0.685956,-0.662325,0.216075,0.582017,1.901113,-1.83562,0.422927,-0.159732,0.455718,-2.201094,-2.21455,-0.045265
1179,1774597092827,13.108343,422.981,-159.416,455.717,0.209957,0.685838,-0.662446,0.216125,0.581876,1.900735,-1.835907,0.422981,-0.159416,0.455717,-2.201123,-2.214527,-0.045271
1180,1774597092838,13.119454,423.096,-158.758,455.676,0.209983,0.685799,-0.662532,0.215962,0.581998,1.90079,-1.836303,0.423096,-0.158758,0.455676,-2.20103,-2.214513,-0.045201
1181,1774597092849,13.130568,423.141,-158.407,455.668,0.209931,0.685899,-0.662412,0.216062,0.581825,1.900967,-1.835873,0.423141,-0.158407,0.455668,-2.201027,-2.214484,-0.045225
1182,1774597092860,13.141679,423.185,-158.071,455.652,0.210065,0.685737,-0.662557,0.216001,0.582214,1.900579,-1.836335,0.423185,-0.158071,0.455652,-2.201058,-2.214383,-0.045215
1183,1774597092871,13.15279,423.261,-157.336,455.635,0.210033,0.685954,-0.662331,0.216034,0.582115,1.901148,-1.835677,0.423261,-0.157336,0.455635,-2.201137,-2.214276,-0.045127
1184,1774597092882,13.163902,423.299,-156.937,455.627,0.210085,0.685895,-0.662391,0.21599,0.582272,1.901028,-1.835885,0.423299,-0.156937,0.455627,-2.201034,-2.214305,-0.045115
1185,1774597092894,13.175013,423.359,-156.124,455.619,0.209962,0.685869,-0.662416,0.216112,0.581895,1.900833,-1.835835,0.423359,-0.156124,0.455619,-2.201027,-2.214302,-0.045172
1186,1774597092905,13.186124,423.396,-155.68,455.619,0.210056,0.685903,-0.662389,0.215997,0.58219,1.901045,-1.835873,0.423396,-0.15568,0.455619,-2.201052,-2.214248,-0.045159
1187,1774597092916,13.197236,423.421,-155.231,455.632,0.210131,0.685749,-0.662534,0.215969,0.582406,1.900644,-1.836302,0.423421,-0.155231,0.455632,-2.201099,-2.214243,-0.045137
1188,1774597092927,13.208347,423.48,-154.306,455.624,0.210089,0.685873,-0.662429,0.215936,0.582299,1.901023,-1.836044,0.42348,-0.154306,0.455624,-2.200979,-2.214252,-0.045059
1189,1774597092938,13.219458,423.48,-154.306,455.624,0.210083,0.685859,-0.662409,0.216049,0.582247,1.900869,-1.835879,0.42348,-0.154306,0.455624,-2.200979,-2.214252,-0.045059
1190,1774597092949,13.23057,423.51,-153.338,455.66,0.210231,0.685839,-0.662384,0.216044,0.582661,1.900819,-1.835813,0.42351,-0.153338,0.45566,-2.201046,-2.214194,-0.0452
1191,1774597092960,13.241681,423.533,-152.351,455.693,0.210253,0.686032,-0.662198,0.215981,0.58274,1.901418,-1.83536,0.423533,-0.152351,0.455693,-2.201208,-2.214071,-0.045299
1192,1774597092971,13.252792,423.526,-151.825,455.73,0.210179,0.685953,-0.662268,0.21609,0.582502,1.901088,-1.835447,0.423526,-0.151825,0.45573,-2.201258,-2.214152,-0.045417
1193,1774597092982,13.263904,423.535,-150.769,455.779,0.210219,0.686037,-0.662151,0.216143,0.582596,1.901267,-1.835071,0.423535,-0.150769,0.455779,-2.20145,-2.214035,-0.045557
1194,1774597092994,13.275015,423.538,-150.199,455.804,0.210158,0.686197,-0.661972,0.216243,0.582397,1.901611,-1.834478,0.423538,-0.150199,0.455804,-2.201492,-2.214109,-0.045691
1195,1774597093005,13.286126,423.54,-149.611,455.837,0.210177,0.686201,-0.662005,0.216109,0.58249,1.901758,-1.8347,0.42354,-0.149611,0.455837,-2.201465,-2.214246,-0.045771
1196,1774597093016,13.297237,423.568,-148.412,455.834,0.210141,0.686168,-0.662047,0.216121,0.582387,1.901653,-1.834804,0.423568,-0.148412,0.455834,-2.201473,-2.214252,-0.045665
1197,1774597093027,13.308348,423.587,-147.802,455.823,0.21017,0.686092,-0.662144,0.216037,0.582494,1.901527,-1.835156,0.423587,-0.147802,0.455823,-2.201468,-2.214192,-0.045607
1198,1774597093038,13.31946,423.626,-146.541,455.783,0.209992,0.685859,-0.662389,0.216198,0.581952,1.90072,-1.835677,0.423626,-0.146541,0.455783,-2.201259,-2.214215,-0.045435
1199,1774597093049,13.330571,423.634,-145.912,455.754,0.21011,0.685934,-0.662297,0.216127,0.582299,1.901,-1.83549,0.423634,-0.145912,0.455754,-2.201253,-2.214125,-0.045298
1200,1774597093060,13.341683,423.638,-145.263,455.737,0.210111,0.685987,-0.662223,0.216185,0.582284,1.901088,-1.835231,0.423638,-0.145263,0.455737,-2.201253,-2.214073,-0.045304
1201,1774597093071,13.352794,423.654,-143.931,455.697,0.210183,0.685811,-0.662387,0.216173,0.582489,1.900611,-1.835695,0.423654,-0.143931,0.455697,-2.201338,-2.213939,-0.045023
1202,1774597093082,13.363905,423.672,-143.224,455.675,0.21026,0.686002,-0.662201,0.216059,0.582735,1.901255,-1.835292,0.423672,-0.143224,0.455675,-2.201296,-2.213918,-0.044871
1203,1774597093094,13.375017,423.682,-141.782,455.683,0.209815,0.68586,-0.662353,0.216477,0.581374,1.900441,-1.835304,0.423682,-0.141782,0.455683,-2.201224,-2.214009,-0.044887
1204,1774597093105,13.386128,423.685,-141.034,455.689,0.209805,0.68588,-0.662372,0.216365,0.581379,1.90061,-1.835468,0.423685,-0.141034,0.455689,-2.201211,-2.214126,-0.044723
1205,1774597093116,13.39724,423.681,-140.311,455.711,0.210054,0.685834,-0.662371,0.216272,0.582099,1.900575,-1.835555,0.423681,-0.140311,0.455711,-2.201299,-2.214032,-0.044809
1206,1774597093127,13.408351,423.67,-138.767,455.765,0.210003,0.685807,-0.662403,0.216311,0.581946,1.90046,-1.835607,0.42367,-0.138767,0.455765,-2.201501,-2.214104,-0.044711
1207,1774597093138,13.419462,423.667,-137.997,455.796,0.210188,0.685873,-0.662293,0.216257,0.582476,1.900699,-1.835353,0.423667,-0.137997,0.455796,-2.201494,-2.214125,-0.044769
1208,1774597093149,13.430574,423.666,-137.196,455.833,0.210249,0.68592,-0.662198,0.21634,0.582618,1.900745,-1.835009,0.423666,-0.137196,0.455833,-2.201593,-2.214099,-0.04489
1209,1774597093160,13.441685,423.634,-135.535,455.919,0.210181,0.686023,-0.662113,0.216338,0.582432,1.901034,-1.834775,0.423634,-0.135535,0.455919,-2.20166,-2.21428,-0.044931
1210,1774597093171,13.452796,423.642,-134.708,455.928,0.209856,0.686068,-0.662097,0.216563,0.581462,1.90093,-1.834513,0.423642,-0.134708,0.455928,-2.201679,-2.214222,-0.044994
1211,1774597093182,13.463907,423.671,-132.951,455.924,0.209961,0.685923,-0.662258,0.216426,0.581794,1.900666,-1.835093,0.423671,-0.132951,0.455924,-2.201522,-2.2143,-0.044788
1212,1774597093194,13.475019,423.673,-132.079,455.925,0.209919,0.685861,-0.662305,0.216518,0.581648,1.900403,-1.835134,0.423673,-0.132079,0.455925,-2.201502,-2.214276,-0.044666
1213,1774597093205,13.486136,423.68,-131.206,455.932,0.210212,0.685686,-0.662465,0.2163,0.582527,1.900136,-1.835789,0.42368,-0.131206,0.455932,-2.201556,-2.214118,-0.044615
1214,1774597093216,13.497247,423.69,-129.442,455.942,0.210057,0.685696,-0.662455,0.21645,0.582053,1.900014,-1.835614,0.42369,-0.129442,0.455942,-2.201634,-2.213952,-0.044401
1215,1774597093227,13.508358,423.687,-128.55,455.939,0.209984,0.685687,-0.662455,0.21655,0.58182,1.899887,-1.835517,0.423687,-0.12855,0.455939,-2.201668,-2.213934,-0.044317
1216,1774597093238,13.519469,423.688,-126.626,456.007,0.209839,0.685732,-0.662432,0.216617,0.581397,1.899945,-1.835389,0.423688,-0.126626,0.456007,-2.201828,-2.214018,-0.044202
1217,1774597093249,13.53058,423.713,-125.632,456.026,0.209932,0.685771,-0.66241,0.216471,0.581701,1.900199,-1.835471,0.423713,-0.125632,0.456026,-2.201864,-2.214029,-0.044186
1218,1774597093260,13.541691,423.719,-124.655,456.051,0.209798,0.685668,-0.662494,0.21667,0.581266,1.899713,-1.835509,0.423719,-0.124655,0.456051,-2.201963,-2.214026,-0.04417
1219,1774597093271,13.552803,423.762,-122.612,456.088,0.209848,0.685492,-0.662625,0.216777,0.581373,1.899119,-1.835769,0.423762,-0.122612,0.456088,-2.20188,-2.214131,-0.044064
1220,1774597093282,13.563914,423.77,-121.606,456.129,0.209966,0.685716,-0.662446,0.216504,0.581783,1.900014,-1.835537,0.42377,-0.121606,0.456129,-2.201915,-2.214169,-0.044104
1221,1774597093294,13.575026,423.768,-119.532,456.19,0.21,0.68568,-0.6625,0.216418,0.581904,1.900002,-1.835771,0.423768,-0.119532,0.45619,-2.201875,-2.214323,-0.044209
1222,1774597093305,13.586137,423.774,-118.492,456.185,0.209967,0.685812,-0.662362,0.216453,0.581803,1.900334,-1.835355,0.423774,-0.118492,0.456185,-2.201909,-2.214251,-0.044134
1223,1774597093316,13.597248,423.789,-117.43,456.17,0.209877,0.68557,-0.662615,0.216533,0.58153,1.899582,-1.835976,0.423789,-0.11743,0.45617,-2.201945,-2.214178,-0.043928
1224,1774597093327,13.608359,423.794,-116.35,456.169,0.209981,0.685603,-0.662604,0.216363,0.581869,1.899844,-1.836112,0.423794,-0.11635,0.456169,-2.2019,-2.214133,-0.043878
1225,1774597093338,13.61947,423.822,-114.215,456.107,0.209898,0.685467,-0.66272,0.216517,0.581592,1.899312,-1.836285,0.423822,-0.114215,0.456107,-2.201757,-2.213903,-0.04358
1226,1774597093349,13.630582,423.775,-113.09,456.208,0.209658,0.685293,-0.662866,0.216857,0.580821,1.898487,-1.836357,0.423775,-0.11309,0.456208,-2.201951,-2.214058,-0.043812
1227,1774597093360,13.641693,423.77,-110.86,456.181,0.209867,0.685416,-0.662779,0.216528,0.581503,1.89916,-1.836436,0.42377,-0.11086,0.456181,-2.201874,-2.213791,-0.043583
1228,1774597093371,13.652804,423.739,-109.687,456.24,0.209874,0.685672,-0.662525,0.216491,0.581534,1.899905,-1.835768,0.423739,-0.109687,0.45624,-2.201925,-2.21393,-0.043749
1229,1774597093382,13.663915,423.686,-107.404,456.311,0.209902,0.685574,-0.662604,0.216532,0.581599,1.899593,-1.835948,0.423686,-0.107404,0.456311,-2.202008,-2.21389,-0.04383
1230,1774597093394,13.675027,423.654,-106.236,456.373,0.209505,0.685554,-0.66264,0.21687,0.580393,1.899196,-1.835717,0.423654,-0.106236,0.456373,-2.202073,-2.214066,-0.043894
1231,1774597093405,13.686138,423.617,-105.086,456.406,0.209839,0.686037,-0.662183,0.216416,0.581459,1.900992,-1.834894,0.423617,-0.105086,0.456406,-2.202064,-2.214196,-0.043956
1232,1774597093416,13.697249,423.503,-102.813,456.54,0.209809,0.685856,-0.6623,0.216658,0.581302,1.900248,-1.834982,0.423503,-0.102813,0.45654,-2.202253,-2.214299,-0.044367
1233,1774597093427,13.708361,423.488,-101.664,456.535,0.209682,0.685931,-0.662259,0.216668,0.580947,1.900446,-1.834858,0.423488,-0.101664,0.456535,-2.20223,-2.214329,-0.04427
1234,1774597093438,13.719472,423.458,-99.367,456.501,0.209938,0.685484,-0.66264,0.216671,0.581655,1.899203,-1.835911,0.423458,-0.099367,0.456501,-2.202224,-2.214115,-0.044243
1235,1774597093449,13.730583,423.471,-98.187,456.45,0.209874,0.685532,-0.662608,0.216679,0.581474,1.899329,-1.835817,0.423471,-0.098187,0.45645,-2.202112,-2.214049,-0.043979
1236,1774597093460,13.741694,423.47,-97.015,456.413,0.209775,0.685605,-0.662549,0.216723,0.581189,1.899488,-1.83561,0.42347,-0.097015,0.456413,-2.202194,-2.213919,-0.043815
1237,1774597093471,13.752806,423.48,-94.647,456.36,0.209705,0.685653,-0.662494,0.216805,0.580969,1.899539,-1.835379,0.42348,-0.094647,0.45636,-2.201987,-2.214028,-0.04356
1238,1774597093482,13.763917,423.47,-93.46,456.342,0.209446,0.685635,-0.662527,0.217012,0.580187,1.89928,-1.835268,0.42347,-0.09346,0.456342,-2.20191,-2.214082,-0.043395
1239,1774597093494,13.775028,423.418,-91.104,456.387,0.209439,0.685752,-0.662375,0.217113,0.580137,1.899502,-1.834749,0.423418,-0.091104,0.456387,-2.201921,-2.21437,-0.043549
1240,1774597093505,13.786139,423.394,-89.946,456.379,0.209643,0.685842,-0.662282,0.216919,0.580761,1.899947,-1.834679,0.423394,-0.089946,0.456379,-2.20199,-2.214387,-0.043432
1241,1774597093516,13.797266,423.351,-88.804,456.408,0.209715,0.685969,-0.662169,0.216789,0.580999,1.90043,-1.834494,0.423351,-0.088804,0.456408,-2.202056,-2.214461,-0.043559
1242,1774597093527,13.808377,423.314,-86.509,456.385,0.209632,0.685656,-0.662448,0.21701,0.580703,1.899338,-1.835051,0.423314,-0.086509,0.456385,-2.202095,-2.21453,-0.043415
1243,1774597093538,13.819488,423.277,-85.363,456.404,0.209789,0.685623,-0.662473,0.216886,0.581177,1.899373,-1.835241,0.423277,-0.085363,0.456404,-2.202303,-2.214348,-0.043486
1244,1774597093549,13.8306,423.276,-84.216,456.352,0.209662,0.685752,-0.66236,0.216947,0.580804,1.899669,-1.834867,0.423276,-0.084216,0.456352,-2.202195,-2.214316,-0.043366
1245,1774597093560,13.841711,423.237,-81.923,456.31,0.209562,0.685456,-0.662627,0.217161,0.580462,1.898632,-1.8354,0.423237,-0.081923,0.45631,-2.202243,-2.214288,-0.043165
1246,1774597093571,13.852822,423.218,-80.769,456.289,0.209119,0.685444,-0.662659,0.217529,0.579122,1.898231,-1.83513,0.423218,-0.080769,0.456289,-2.202175,-2.214351,-0.043015
1247,1774597093582,13.863933,423.223,-79.62,456.236,0.209221,0.685571,-0.662618,0.217157,0.579519,1.898956,-1.835378,0.423223,-0.07962,0.456236,-2.202076,-2.214378,-0.042713
1248,1774597093594,13.875045,423.177,-77.375,456.186,0.209011,0.685272,-0.662898,0.217447,0.578847,1.897836,-1.835873,0.423177,-0.077375,0.456186,-2.201901,-2.214469,-0.042538
1249,1774597093605,13.886156,423.138,-76.293,456.2,0.209031,0.685397,-0.662764,0.217442,0.578905,1.898188,-1.835506,0.423138,-0.076293,0.4562,-2.201964,-2.214508,-0.042491
1250,1774597093616,13.897267,423.072,-74.103,456.198,0.209167,0.685357,-0.662801,0.217324,0.579318,1.898195,-1.835722,0.423072,-0.074103,0.456198,-2.20204,-2.214511,-0.042442
1251,1774597093627,13.908383,423.029,-73.01,456.211,0.209371,0.685422,-0.662696,0.217244,0.579907,1.898455,-1.835511,0.423029,-0.07301,0.456211,-2.20212,-2.214464,-0.042485
1252,1774597093638,13.919494,422.981,-70.806,456.206,0.209515,0.685261,-0.662872,0.217076,0.580357,1.898178,-1.83616,0.422981,-0.070806,0.456206,-2.20206,-2.214519,-0.042531
1253,1774597093649,13.930605,422.961,-69.696,456.194,0.208983,0.685211,-0.662977,0.217427,0.578777,1.897686,-1.836109,0.422961,-0.069696,0.456194,-2.202014,-2.214631,-0.042376
1254,1774597093660,13.941717,422.94,-68.624,456.193,0.209513,0.685353,-0.662841,0.216882,0.580411,1.898628,-1.836264,0.42294,-0.068624,0.456193,-2.201972,-2.214672,-0.042399
1255,1774597093671,13.952828,422.87,-66.511,456.222,0.209437,0.685345,-0.66284,0.216982,0.58017,1.898506,-1.836164,0.42287,-0.066511,0.456222,-2.20193,-2.214743,-0.042423
1256,1774597093682,13.963939,422.856,-65.481,456.196,0.209412,0.685337,-0.662827,0.217073,0.580073,1.898393,-1.836039,0.422856,-0.065481,0.456196,-2.201998,-2.214706,-0.042304
1257,1774597093694,13.975051,422.754,-63.467,456.259,0.209535,0.685289,-0.662808,0.217163,0.580388,1.898169,-1.835899,0.422754,-0.063467,0.456259,-2.202232,-2.214715,-0.042506
1258,1774597093705,13.986162,422.721,-62.46,456.247,0.209412,0.685354,-0.662763,0.217212,0.580031,1.8983,-1.835728,0.422721,-0.06246,0.456247,-2.202236,-2.214691,-0.04234
1259,1774597093716,13.997273,422.721,-62.46,456.247,0.20935,0.685321,-0.662834,0.217162,0.579874,1.898259,-1.835971,0.422721,-0.06246,0.456247,-2.202236,-2.214691,-0.04234
1260,1774597093727,14.008384,422.689,-60.452,456.208,0.20944,0.68524,-0.662926,0.217048,0.580158,1.89815,-1.836339,0.422689,-0.060452,0.456208,-2.202153,-2.214663,-0.042182
1261,1774597093738,14.019496,422.634,-58.426,456.2,0.209461,0.685203,-0.662959,0.217047,0.580217,1.898046,-1.836428,0.422634,-0.058426,0.4562,-2.202113,-2.214729,-0.042004
1262,1774597093749,14.030607,422.634,-58.426,456.2,0.209321,0.685082,-0.663067,0.217232,0.579772,1.897526,-1.836548,0.422634,-0.058426,0.4562,-2.202113,-2.214729,-0.042004
1263,1774597093760,14.041718,422.566,-55.483,456.166,0.209604,0.68527,-0.662924,0.216805,0.580687,1.898475,-1.836568,0.422566,-0.055483,0.456166,-2.202164,-2.214599,-0.04174
1264,1774597093771,14.05283,422.534,-54.562,456.16,0.209377,0.685039,-0.663138,0.217096,0.579969,1.897544,-1.836879,0.422534,-0.054562,0.45616,-2.20215,-2.214534,-0.041789
1265,1774597093782,14.063941,422.482,-52.702,456.144,0.209342,0.685278,-0.662924,0.217032,0.579892,1.898269,-1.836346,0.422482,-0.052702,0.456144,-2.202086,-2.214582,-0.041746
1266,1774597093794,14.075052,422.46,-51.793,456.136,0.209245,0.685076,-0.663059,0.217348,0.579528,1.897393,-1.836413,0.42246,-0.051793,0.456136,-2.202083,-2.214608,-0.041689
1267,1774597093805,14.086163,422.41,-50.933,456.165,0.209362,0.684949,-0.663234,0.217103,0.579927,1.897287,-1.837137,0.42241,-0.050933,0.456165,-2.202118,-2.214593,-0.041752
1268,1774597093816,14.097276,422.347,-49.188,456.177,0.209463,0.685132,-0.663051,0.216985,0.580242,1.897914,-1.836745,0.422347,-0.049188,0.456177,-2.202115,-2.214597,-0.04179
1269,1774597093827,14.108387,422.319,-48.312,456.169,0.20954,0.685183,-0.662997,0.216914,0.580478,1.898126,-1.836666,0.422319,-0.048312,0.456169,-2.202108,-2.21462,-0.041784
1270,1774597093838,14.119498,422.264,-46.611,456.167,0.209509,0.685212,-0.662981,0.216903,0.580396,1.898218,-1.83663,0.422264,-0.046611,0.456167,-2.202252,-2.214504,-0.041762
1271,1774597093849,14.130609,422.242,-45.78,456.144,0.209478,0.685172,-0.662999,0.217005,0.580278,1.898003,-1.836583,0.422242,-0.04578,0.456144,-2.202236,-2.214465,-0.041769
1272,1774597093860,14.141721,422.226,-44.961,456.129,0.209352,0.685149,-0.663035,0.21709,0.579901,1.897854,-1.836599,0.422226,-0.044961,0.456129,-2.202327,-2.2144,-0.041739
1273,1774597093871,14.152832,422.168,-43.342,456.133,0.209342,0.685149,-0.663028,0.217118,0.579866,1.897826,-1.836553,0.422168,-0.043342,0.456133,-2.202317,-2.214423,-0.041748
1274,1774597093882,14.163944,422.144,-42.553,456.128,0.209404,0.685158,-0.663031,0.217024,0.580068,1.897945,-1.836651,0.422144,-0.042553,0.456128,-2.202243,-2.214459,-0.04181
1275,1774597093894,14.175055,422.099,-41.019,456.1,0.209337,0.6851,-0.663088,0.217095,0.579858,1.897714,-1.836741,0.422099,-0.041019,0.4561,-2.202193,-2.214518,-0.041734
1276,1774597093905,14.186166,422.072,-40.249,456.104,0.209298,0.684913,-0.663282,0.217131,0.579741,1.89716,-1.837243,0.422072,-0.040249,0.456104,-2.202095,-2.214634,-0.041751
1277,1774597093916,14.197277,422.045,-39.505,456.109,0.209384,0.684952,-0.663194,0.217195,0.579958,1.897203,-1.836936,0.422045,-0.039505,0.456109,-2.202067,-2.214664,-0.041873
1278,1774597093927,14.208389,421.991,-38.07,456.108,0.209442,0.685005,-0.663125,0.217182,0.580124,1.897363,-1.836758,0.421991,-0.03807,0.456108,-2.202137,-2.21466,-0.041849
1279,1774597093938,14.2195,421.963,-37.387,456.11,0.209363,0.684919,-0.663226,0.21722,0.579894,1.897087,-1.837,0.421963,-0.037387,0.45611,-2.202175,-2.214674,-0.041846
1280,1774597093949,14.230611,421.938,-36.714,456.102,0.20934,0.684902,-0.663227,0.217294,0.579807,1.896966,-1.836931,0.421938,-0.036714,0.456102,-2.202247,-2.214538,-0.041888
1281,1774597093960,14.241722,421.9,-35.366,456.087,0.209308,0.684956,-0.663177,0.217307,0.579714,1.8971,-1.836781,0.4219,-0.035366,0.456087,-2.202298,-2.214564,-0.041768
1282,1774597093971,14.252833,421.871,-34.699,456.091,0.209327,0.684963,-0.66318,0.217258,0.579782,1.897169,-1.836837,0.421871,-0.034699,0.456091,-2.202312,-2.21458,-0.041761
1283,1774597093982,14.263945,421.836,-33.396,456.066,0.209387,0.684899,-0.663231,0.217244,0.579952,1.897006,-1.836993,0.421836,-0.033396,0.456066,-2.202375,-2.214512,-0.041635
1284,1774597093994,14.275056,421.799,-32.789,456.074,0.209417,0.684843,-0.663251,0.217331,0.580009,1.896764,-1.836963,0.421799,-0.032789,0.456074,-2.202535,-2.214438,-0.041681
1285,1774597094005,14.286167,421.785,-32.162,456.063,0.209406,0.684798,-0.663308,0.21731,0.579985,1.896659,-1.837141,0.421785,-0.032162,0.456063,-2.202496,-2.214425,-0.041599
1286,1774597094016,14.297278,421.744,-30.973,456.05,0.2094,0.68477,-0.663316,0.217381,0.579945,1.89651,-1.837094,0.421744,-0.030973,0.45605,-2.202472,-2.214377,-0.041549
1287,1774597094027,14.30839,421.73,-30.417,456.026,0.209475,0.684742,-0.663355,0.217276,0.580187,1.896539,-1.837305,0.42173,-0.030417,0.456026,-2.202485,-2.214311,-0.041491
1288,1774597094038,14.319501,421.711,-29.829,456.023,0.209316,0.684745,-0.663336,0.217477,0.579684,1.896346,-1.837055,0.421711,-0.029829,0.456023,-2.202481,-2.21436,-0.04143
1289,1774597094049,14.330612,421.673,-28.754,455.995,0.20929,0.684659,-0.663449,0.217429,0.579625,1.896157,-1.837415,0.421673,-0.028754,0.455995,-2.202482,-2.214281,-0.041251
1290,1774597094060,14.341723,421.655,-28.212,455.982,0.209274,0.684815,-0.663318,0.217355,0.579605,1.896662,-1.837124,0.421655,-0.028212,0.455982,-2.202345,-2.214384,-0.04129
1291,1774597094071,14.352834,421.607,-27.251,455.975,0.209337,0.684741,-0.663394,0.217294,0.579799,1.896519,-1.837393,0.421607,-0.027251,0.455975,-2.202366,-2.214355,-0.041284
1292,1774597094082,14.363946,421.592,-26.774,455.953,0.209376,0.684827,-0.663296,0.217285,0.579909,1.896765,-1.837131,0.421592,-0.026774,0.455953,-2.202281,-2.21435,-0.041255
1293,1774597094094,14.375057,421.525,-25.896,455.956,0.209396,0.684709,-0.663398,0.217324,0.579953,1.896401,-1.837377,0.421525,-0.025896,0.455956,-2.202395,-2.214255,-0.041256
1294,1774597094105,14.386168,421.512,-25.459,455.925,0.209374,0.684575,-0.663518,0.217404,0.579866,1.895948,-1.83763,0.421512,-0.025459,0.455925,-2.202351,-2.214261,-0.041101
1295,1774597094116,14.39728,421.486,-25.039,455.914,0.209358,0.684575,-0.663559,0.21729,0.579859,1.896064,-1.837855,0.421486,-0.025039,0.455914,-2.202353,-2.214317,-0.041075
1296,1774597094127,14.408391,421.441,-24.265,455.866,0.209292,0.684659,-0.66346,0.217393,0.579644,1.896191,-1.837482,0.421441,-0.024265,0.455866,-2.202234,-2.214302,-0.040897
1297,1774597094138,14.419502,421.394,-23.888,455.88,0.209369,0.68459,-0.663519,0.217357,0.579867,1.896036,-1.837681,0.421394,-0.023888,0.45588,-2.202285,-2.214331,-0.041013
1298,1774597094149,14.430613,421.368,-23.527,455.873,0.209242,0.684703,-0.663421,0.217422,0.579497,1.896285,-1.837344,0.421368,-0.023527,0.455873,-2.202251,-2.21432,-0.040908
1299,1774597094160,14.441725,421.291,-22.851,455.872,0.209326,0.684592,-0.663515,0.217403,0.579733,1.895997,-1.837624,0.421291,-0.022851,0.455872,-2.202331,-2.214351,-0.040936
1300,1774597094171,14.452836,421.249,-22.51,455.872,0.209304,0.684717,-0.663374,0.217461,0.579656,1.896286,-1.837177,0.421249,-0.02251,0.455872,-2.202309,-2.214412,-0.041013
1301,1774597094182,14.463947,421.176,-21.9,455.854,0.209336,0.68474,-0.663307,0.217565,0.579711,1.896243,-1.836889,0.421176,-0.0219,0.455854,-2.202262,-2.214393,-0.041008
1302,1774597094194,14.475058,421.153,-21.603,455.819,0.209318,0.684721,-0.663289,0.217697,0.579621,1.896059,-1.83671,0.421153,-0.021603,0.455819,-2.202239,-2.214367,-0.040885
1303,1774597094205,14.48617,421.123,-21.316,455.804,0.209336,0.684655,-0.663336,0.217744,0.579658,1.895828,-1.836796,0.421123,-0.021316,0.455804,-2.202237,-2.214334,-0.040753
1304,1774597094216,14.497281,421.038,-20.796,455.789,0.209302,0.684601,-0.663393,0.217772,0.579553,1.895651,-1.836928,0.421038,-0.020796,0.455789,-2.202286,-2.214306,-0.040714
1305,1774597094227,14.508392,420.983,-20.525,455.784,0.209283,0.684792,-0.663213,0.217734,0.579513,1.896219,-1.836466,0.420983,-0.020525,0.455784,-2.20223,-2.214408,-0.040721
1306,1774597094238,14.519503,420.898,-20.046,455.786,0.209309,0.684608,-0.663368,0.217819,0.579558,1.895623,-1.836812,0.420898,-0.020046,0.455786,-2.202158,-2.21447,-0.040765
1307,1774597094249,14.530615,420.849,-19.825,455.765,0.209336,0.684663,-0.66331,0.217794,0.579641,1.895802,-1.836677,0.420849,-0.019825,0.455765,-2.20214,-2.214453,-0.040766
1308,1774597094260,14.541726,420.805,-19.621,455.758,0.209352,0.684733,-0.663226,0.217815,0.579681,1.895974,-1.836424,0.420805,-0.019621,0.455758,-2.20217,-2.214402,-0.040758
1309,1774597094271,14.552837,420.706,-19.221,455.74,0.209259,0.684738,-0.663242,0.21784,0.579415,1.895962,-1.836442,0.420706,-0.019221,0.45574,-2.202158,-2.214469,-0.040692
1310,1774597094282,14.563948,420.65,-19.026,455.747,0.209242,0.684794,-0.663234,0.217706,0.57941,1.896252,-1.836551,0.42065,-0.019026,0.455747,-2.202121,-2.214488,-0.040832
1311,1774597094294,14.57506,420.605,-18.837,455.727,0.209209,0.684675,-0.663343,0.217777,0.579296,1.895852,-1.836783,0.420605,-0.018837,0.455727,-2.202104,-2.214495,-0.040729
1312,1774597094305,14.586171,420.48,-18.484,455.711,0.209166,0.684826,-0.663187,0.21782,0.579164,1.896226,-1.836309,0.42048,-0.018484,0.455711,-2.202151,-2.214461,-0.040696
1313,1774597094316,14.597282,420.404,-18.313,455.721,0.209241,0.68478,-0.663216,0.217804,0.579374,1.896116,-1.836406,0.420404,-0.018313,0.455721,-2.202095,-2.21454,-0.040763
1314,1774597094327,14.608393,420.255,-18.024,455.719,0.20926,0.684738,-0.663252,0.217808,0.579428,1.895995,-1.836501,0.420255,-0.018024,0.455719,-2.202217,-2.214477,-0.04081
1315,1774597094338,14.619504,420.193,-17.88,455.697,0.209188,0.684789,-0.663206,0.217858,0.579212,1.896086,-1.836324,0.420193,-0.01788,0.455697,-2.202157,-2.214494,-0.040751
1316,1774597094349,14.630616,420.105,-17.738,455.707,0.209192,0.684754,-0.663239,0.217865,0.579221,1.89598,-1.83641,0.420105,-0.017738,0.455707,-2.202213,-2.2145,-0.040815
1317,1774597094360,14.641727,419.954,-17.483,455.67,0.209197,0.68474,-0.66327,0.21781,0.579253,1.895997,-1.836549,0.419954,-0.017483,0.45567,-2.202205,-2.214459,-0.040695
1318,1774597094371,14.652838,419.862,-17.344,455.667,0.209168,0.684686,-0.66332,0.217857,0.579157,1.895801,-1.836641,0.419862,-0.017344,0.455667,-2.202185,-2.214492,-0.040705
1319,1774597094382,14.663949,419.666,-17.088,455.665,0.209098,0.684693,-0.663349,0.217811,0.578977,1.895868,-1.836767,0.419666,-0.017088,0.455665,-2.202144,-2.214531,-0.040747
1320,1774597094394,14.67506,419.567,-16.981,455.653,0.209041,0.684714,-0.663365,0.217751,0.578838,1.895987,-1.836869,0.419567,-0.016981,0.455653,-2.202117,-2.214555,-0.040725
1321,1774597094405,14.686172,419.443,-16.872,455.664,0.209033,0.684724,-0.663355,0.217758,0.578813,1.896006,-1.836835,0.419443,-0.016872,0.455664,-2.202143,-2.214555,-0.040795
1322,1774597094416,14.697283,419.188,-16.67,455.653,0.208959,0.68478,-0.663325,0.217745,0.578614,1.896173,-1.836765,0.419188,-0.01667,0.455653,-2.202121,-2.214585,-0.040852
1323,1774597094427,14.708394,419.041,-16.586,455.671,0.208977,0.684814,-0.663284,0.217744,0.578664,1.89627,-1.836653,0.419041,-0.016586,0.455671,-2.20212,-2.214637,-0.040968
1324,1774597094438,14.719506,418.718,-16.41,455.676,0.208878,0.684838,-0.663246,0.217882,0.578348,1.896196,-1.836412,0.418718,-0.01641,0.455676,-2.202108,-2.214652,-0.041093
1325,1774597094449,14.730617,418.545,-16.311,455.666,0.208906,0.684851,-0.66324,0.21783,0.57844,1.896286,-1.836447,0.418545,-0.016311,0.455666,-2.202055,-2.214675,-0.041025
1326,1774597094460,14.741728,418.364,-16.25,455.658,0.208927,0.684779,-0.663311,0.217823,0.578501,1.896092,-1.836649,0.418364,-0.01625,0.455658,-2.202168,-2.214576,-0.041038
1327,1774597094471,14.752839,417.966,-16.072,455.635,0.208924,0.684678,-0.663413,0.217832,0.578488,1.895804,-1.836924,0.417966,-0.016072,0.455635,-2.202232,-2.214502,-0.041002
1328,1774597094482,14.763951,417.751,-15.984,455.636,0.208905,0.684763,-0.663333,0.217826,0.578437,1.896045,-1.836708,0.417751,-0.015984,0.455636,-2.202222,-2.214515,-0.040997
1329,1774597094494,14.775062,417.295,-15.831,455.579,0.20894,0.684668,-0.663429,0.217799,0.578545,1.89581,-1.836999,0.417295,-0.015831,0.455579,-2.202141,-2.214474,-0.040751
1330,1774597094505,14.786173,417.048,-15.76,455.558,0.209026,0.684694,-0.6634,0.217723,0.578804,1.895958,-1.836992,0.417048,-0.01576,0.455558,-2.2021,-2.214427,-0.040654
1331,1774597094516,14.797284,416.765,-15.695,455.579,0.208961,0.684692,-0.663412,0.217755,0.578616,1.895919,-1.836997,0.416765,-0.015695,0.455579,-2.202137,-2.21441,-0.040684
1332,1774597094527,14.808396,416.231,-15.563,455.498,0.208965,0.684594,-0.663514,0.217747,0.578628,1.895658,-1.837286,0.416231,-0.015563,0.455498,-2.20211,-2.214313,-0.04033
1333,1774597094538,14.819507,415.914,-15.507,455.513,0.208989,0.684585,-0.663502,0.217788,0.578682,1.895592,-1.837214,0.415914,-0.015507,0.455513,-2.202152,-2.214299,-0.040376
1334,1774597094549,14.830618,415.596,-15.459,455.523,0.209009,0.684546,-0.663543,0.217766,0.578746,1.895506,-1.837348,0.415596,-0.015459,0.455523,-2.202139,-2.21431,-0.040441
1335,1774597094560,14.84173,414.904,-15.378,455.594,0.208985,0.684763,-0.663308,0.217823,0.578661,1.89605,-1.836642,0.414904,-0.015378,0.455594,-2.202257,-2.214266,-0.040609
1336,1774597094571,14.852841,414.549,-15.329,455.64,0.209033,0.684764,-0.663289,0.217835,0.57879,1.896039,-1.836577,0.414549,-0.015329,0.45564,-2.202384,-2.214236,-0.040827
1337,1774597094582,14.863953,413.783,-15.242,455.753,0.208944,0.684976,-0.663072,0.217913,0.578521,1.896549,-1.835901,0.413783,-0.015242,0.455753,-2.202503,-2.214331,-0.041224
1338,1774597094594,14.875064,413.421,-15.209,455.762,0.208986,0.684697,-0.663366,0.217855,0.578656,1.895835,-1.836771,0.413421,-0.015209,0.455762,-2.20244,-2.214344,-0.041277
1339,1774597094605,14.886175,413.026,-15.163,455.777,0.20899,0.684745,-0.663301,0.217896,0.578654,1.895926,-1.836551,0.413026,-0.015163,0.455777,-2.20241,-2.214336,-0.04128
1340,1774597094616,14.897286,412.231,-15.089,455.756,0.209022,0.68461,-0.663441,0.217865,0.578751,1.895582,-1.836969,0.412231,-0.015089,0.455756,-2.202421,-2.214278,-0.041047
1341,1774597094627,14.908397,411.821,-15.051,455.718,0.209046,0.684449,-0.663602,0.217857,0.57882,1.895144,-1.837422,0.411821,-0.015051,0.455718,-2.2024,-2.214138,-0.040785
1342,1774597094638,14.919509,410.973,-14.97,455.659,0.208953,0.684472,-0.663577,0.217952,0.578533,1.895112,-1.83726,0.410973,-0.01497,0.455659,-2.202358,-2.214076,-0.040373
1343,1774597094649,14.93062,410.532,-14.924,455.66,0.209165,0.684365,-0.663683,0.21776,0.579178,1.89501,-1.837742,0.410532,-0.014924,0.45566,-2.20234,-2.214076,-0.040231
1344,1774597094660,14.941731,410.088,-14.899,455.644,0.209108,0.684429,-0.663605,0.217853,0.578992,1.895093,-1.837436,0.410088,-0.014899,0.455644,-2.202262,-2.214041,-0.040131
1345,1774597094671,14.952842,409.136,-14.871,455.689,0.209235,0.684562,-0.663451,0.217778,0.579368,1.895539,-1.837083,0.409136,-0.014871,0.455689,-2.202286,-2.214031,-0.040203
1346,1774597094682,14.963954,408.616,-14.858,455.755,0.20903,0.684541,-0.663509,0.217868,0.578771,1.895388,-1.837155,0.408616,-0.014858,0.455755,-2.202324,-2.214095,-0.04044
1347,1774597094694,14.975065,407.521,-14.831,455.873,0.209111,0.684544,-0.663498,0.217811,0.579014,1.895455,-1.837179,0.407521,-0.014831,0.455873,-2.202389,-2.214212,-0.040877
1348,1774597094705,14.986176,406.969,-14.821,455.907,0.20907,0.68442,-0.663645,0.217794,0.578905,1.895129,-1.837604,0.406969,-0.014821,0.455907,-2.202356,-2.214256,-0.041021
1349,1774597094716,14.997288,406.446,-14.815,455.861,0.209114,0.684218,-0.663847,0.21777,0.579036,1.894592,-1.838186,0.406446,-0.014815,0.455861,-2.202312,-2.214119,-0.040726
1350,1774597094727,15.008399,405.369,-14.759,455.795,0.209116,0.684289,-0.663741,0.217868,0.579011,1.894692,-1.837797,0.405369,-0.014759,0.455795,-2.202219,-2.213978,-0.040379
1351,1774597094738,15.019511,404.81,-14.741,455.76,0.209146,0.684409,-0.663618,0.217836,0.579102,1.895056,-1.837488,0.40481,-0.014741,0.45576,-2.20213,-2.213956,-0.040143
1352,1774597094749,15.030622,404.202,-14.72,455.827,0.209218,0.684478,-0.663506,0.217895,0.579283,1.895186,-1.83712,0.404202,-0.01472,0.455827,-2.202211,-2.214009,-0.040337
1353,1774597094760,15.041733,402.925,-14.713,455.958,0.209148,0.684576,-0.663447,0.217832,0.579108,1.895521,-1.837019,0.402925,-0.014713,0.455958,-2.202291,-2.214248,-0.040792
1354,1774597094771,15.052844,402.273,-14.711,456.002,0.20896,0.684516,-0.663483,0.218093,0.57851,1.895093,-1.836862,0.402273,-0.014711,0.456002,-2.202318,-2.214217,-0.040879
1355,1774597094782,15.063956,400.995,-14.703,455.946,0.209086,0.684341,-0.663636,0.218054,0.578869,1.894648,-1.837326,0.400995,-0.014703,0.455946,-2.202235,-2.214053,-0.040367
1356,1774597094794,15.075067,400.343,-14.693,455.933,0.209134,0.684183,-0.663797,0.218016,0.579013,1.894248,-1.837807,0.400343,-0.014693,0.455933,-2.202232,-2.214011,-0.040113
1357,1774597094805,15.086178,399.662,-14.68,455.957,0.209222,0.684478,-0.663472,0.217995,0.579264,1.895086,-1.836928,0.399662,-0.01468,0.455957,-2.202209,-2.214062,-0.040113
1358,1774597094816,15.09729,398.257,-14.684,456.12,0.209099,0.684496,-0.663458,0.218096,0.578894,1.895036,-1.836791,0.398257,-0.014684,0.45612,-2.202402,-2.214115,-0.040403
1359,1774597094827,15.108401,397.522,-14.686,456.234,0.209021,0.684734,-0.663206,0.21819,0.578647,1.895601,-1.836003,0.397522,-0.014686,0.456234,-2.202483,-2.214252,-0.040735
1360,1774597094838,15.119512,396.07,-14.72,456.27,0.209147,0.684591,-0.663328,0.218149,0.57901,1.895247,-1.836379,0.39607,-0.01472,0.45627,-2.202598,-2.214057,-0.040591
1361,1774597094849,15.130624,395.366,-14.722,456.232,0.209294,0.684209,-0.663692,0.218099,0.579431,1.894238,-1.837436,0.395366,-0.014722,0.456232,-2.202513,-2.213984,-0.040237
1362,1774597094860,15.141735,394.665,-14.714,456.185,0.209258,0.68382,-0.66411,0.21808,0.579339,1.89318,-1.838612,0.394665,-0.014714,0.456185,-2.202442,-2.213923,-0.03978
1363,1774597094871,15.152846,393.131,-14.68,456.279,0.209296,0.684007,-0.663932,0.217999,0.579468,1.89378,-1.838199,0.393131,-0.01468,0.456279,-2.202325,-2.214081,-0.039766
1364,1774597094882,15.163957,392.297,-14.715,456.428,0.209164,0.684376,-0.663551,0.21813,0.579061,1.894669,-1.837015,0.392297,-0.014715,0.456428,-2.202441,-2.214151,-0.040311
1365,1774597094894,15.175068,390.59,-14.754,456.597,0.208998,0.684824,-0.663072,0.218336,0.578538,1.895703,-1.83549,0.39059,-0.014754,0.456597,-2.202812,-2.214254,-0.040652
1366,1774597094905,15.18618,389.771,-14.774,456.597,0.209345,0.684469,-0.66336,0.218246,0.579529,1.894809,-1.836373,0.389771,-0.014774,0.456597,-2.202815,-2.214086,-0.04052
1367,1774597094916,15.197291,388.971,-14.784,456.541,0.20934,0.684321,-0.66349,0.218318,0.579491,1.894329,-1.836664,0.388971,-0.014784,0.456541,-2.202754,-2.213955,-0.040102
1368,1774597094927,15.208402,387.275,-14.729,456.573,0.209283,0.683926,-0.663961,0.218179,0.579376,1.893373,-1.838104,0.387275,-0.014729,0.456573,-2.202704,-2.21407,-0.039816
1369,1774597094938,15.219514,386.374,-14.698,456.655,0.209038,0.68444,-0.663485,0.218251,0.578678,1.894724,-1.836714,0.386374,-0.014698,0.456655,-2.202694,-2.214192,-0.040043
1370,1774597094949,15.230625,385.395,-14.689,456.787,0.209062,0.684604,-0.663318,0.21822,0.578752,1.89521,-1.836283,0.385395,-0.014689,0.456787,-2.202716,-2.214404,-0.04051
1371,1774597094960,15.241736,383.536,-14.724,456.843,0.209031,0.684252,-0.663611,0.218463,0.578593,1.893991,-1.836857,0.383536,-0.014724,0.456843,-2.202932,-2.214282,-0.040212
1372,1774597094971,15.252847,382.629,-14.738,456.877,0.209252,0.684083,-0.663697,0.21852,0.579186,1.893466,-1.837042,0.382629,-0.014738,0.456877,-2.203039,-2.214168,-0.040129
1373,1774597094982,15.263959,380.757,-14.744,456.914,0.209218,0.683996,-0.663831,0.218418,0.579123,1.893328,-1.837511,0.380757,-0.014744,0.456914,-2.203166,-2.214039,-0.039914
1374,1774597094994,15.27507,379.778,-14.706,456.936,0.209,0.684348,-0.663571,0.218315,0.578552,1.894406,-1.83689,0.379778,-0.014706,0.456936,-2.203002,-2.214158,-0.039804
1375,1774597095005,15.286181,378.778,-14.691,456.964,0.208661,0.68441,-0.663512,0.218622,0.57752,1.894269,-1.836431,0.378778,-0.014691,0.456964,-2.202906,-2.214263,-0.039644
1376,1774597095016,15.297293,376.737,-14.721,457.063,0.208823,0.684434,-0.663442,0.218604,0.577972,1.894354,-1.836253,0.376737,-0.014721,0.457063,-2.202969,-2.214259,-0.039601
1377,1774597095027,15.308404,375.702,-14.732,457.131,0.209139,0.684496,-0.663338,0.218422,0.578904,1.894709,-1.836143,0.375702,-0.014732,0.457131,-2.203112,-2.214242,-0.039756
1378,1774597095038,15.319515,373.562,-14.755,457.202,0.209032,0.684553,-0.663303,0.218455,0.578598,1.894833,-1.836012,0.373562,-0.014755,0.457202,-2.203223,-2.214264,-0.039795
1379,1774597095049,15.330626,372.507,-14.743,457.18,0.208827,0.684455,-0.663404,0.218652,0.577969,1.894365,-1.8361,0.372507,-0.014743,0.45718,-2.203045,-2.214285,-0.039544
1380,1774597095060,15.341737,371.458,-14.725,457.172,0.208825,0.684225,-0.663654,0.218613,0.577976,1.893767,-1.83683,0.371458,-0.014725,0.457172,-2.203096,-2.214243,-0.039237
1381,1774597095071,15.352848,369.277,-14.698,457.238,0.208955,0.684184,-0.663718,0.218425,0.578394,1.89384,-1.83719,0.369277,-0.014698,0.457238,-2.203087,-2.214306,-0.039323
1382,1774597095082,15.363959,368.13,-14.692,457.302,0.208679,0.684659,-0.663215,0.218726,0.577537,1.894855,-1.835506,0.36813,-0.014692,0.457302,-2.203165,-2.214463,-0.039515
1383,1774597095094,15.375071,365.872,-14.737,457.323,0.208933,0.684725,-0.663106,0.218608,0.578278,1.895155,-1.835321,0.365872,-0.014737,0.457323,-2.203226,-2.214408,-0.039506
1384,1774597095105,15.386182,364.794,-14.749,457.302,0.208897,0.684147,-0.663672,0.218733,0.578138,1.893431,-1.836765,0.364794,-0.014749,0.457302,-2.203287,-2.214327,-0.039218
1385,1774597095116,15.397293,363.695,-14.741,457.306,0.208799,0.684246,-0.663632,0.218639,0.577897,1.893798,-1.836746,0.363695,-0.014741,0.457306,-2.203267,-2.214355,-0.039146
1386,1774597095127,15.408405,361.381,-14.728,457.342,0.208688,0.684678,-0.6632,0.218704,0.57757,1.894928,-1.835487,0.361381,-0.014728,0.457342,-2.203301,-2.214566,-0.0392
1387,1774597095138,15.419516,360.179,-14.752,457.574,0.208636,0.684477,-0.663418,0.218721,0.57742,1.894357,-1.836072,0.360179,-0.014752,0.457574,-2.203489,-2.214937,-0.0403
1388,1774597095149,15.430627,359.086,-14.778,457.474,0.208818,0.684366,-0.663442,0.218825,0.577891,1.893943,-1.836037,0.359086,-0.014778,0.457474,-2.203407,-2.21476,-0.039839
1389,1774597095160,15.441738,356.829,-14.799,457.44,0.20852,0.684214,-0.663583,0.219153,0.576968,1.893194,-1.836111,0.356829,-0.014799,0.45744,-2.203501,-2.214736,-0.039536
1390,1774597095171,15.45285,355.657,-14.818,457.434,0.208472,0.684482,-0.663375,0.218995,0.576883,1.894094,-1.835687,0.355657,-0.014818,0.457434,-2.20352,-2.214724,-0.039467
1391,1774597095182,15.463961,353.326,-14.873,457.458,0.208405,0.684429,-0.663431,0.21905,0.576681,1.893893,-1.83579,0.353326,-0.014873,0.457458,-2.203647,-2.214796,-0.039552
1392,1774597095194,15.475073,352.202,-14.906,457.454,0.208483,0.684403,-0.663452,0.218996,0.576912,1.893876,-1.8359,0.352202,-0.014906,0.457454,-2.203685,-2.2147,-0.039586
1393,1774597095205,15.486184,351.056,-14.918,457.466,0.208509,0.684199,-0.663681,0.218914,0.577011,1.893393,-1.836615,0.351056,-0.014918,0.457466,-2.203699,-2.214793,-0.039646
1394,1774597095216,15.497295,348.719,-14.929,457.445,0.208348,0.684336,-0.663579,0.218948,0.576553,1.893739,-1.836299,0.348719,-0.014929,0.457445,-2.203748,-2.214834,-0.039479
1395,1774597095227,15.508407,347.745,-14.891,457.236,0.208408,0.684204,-0.663656,0.219071,0.576683,1.89325,-1.836391,0.347745,-0.014891,0.457236,-2.203641,-2.214623,-0.038398
1396,1774597095238,15.519518,345.356,-14.954,457.384,0.208771,0.684135,-0.663728,0.218722,0.577794,1.893409,-1.83693,0.345356,-0.014954,0.457384,-2.203779,-2.214771,-0.038921
1397,1774597095249,15.530629,344.178,-14.97,457.432,0.208141,0.68454,-0.663272,0.219438,0.575832,1.893811,-1.834974,0.344178,-0.01497,0.457432,-2.203996,-2.214804,-0.039005
1398,1774597095260,15.54174,342.997,-14.97,457.444,0.208318,0.684356,-0.663541,0.21903,0.576445,1.89371,-1.836114,0.342997,-0.01497,0.457444,-2.203979,-2.21484,-0.039055
1399,1774597095271,15.552851,340.759,-14.992,457.36,0.208464,0.683857,-0.66399,0.219088,0.576831,1.892273,-1.837299,0.340759,-0.014992,0.45736,-2.203972,-2.214684,-0.03826
1400,1774597095282,15.563962,339.639,-14.997,457.358,0.20865,0.684057,-0.663843,0.218733,0.577456,1.89318,-1.837237,0.339639,-0.014997,0.457358,-2.203868,-2.214656,-0.038102
1401,1774597095294,15.575074,337.271,-14.995,457.554,0.208259,0.684405,-0.663506,0.219038,0.576281,1.893838,-1.836009,0.337271,-0.014995,0.457554,-2.203956,-2.215211,-0.038792
1402,1774597095305,15.586185,336.104,-15.043,457.573,0.20809,0.684634,-0.663222,0.219343,0.57572,1.894167,-1.834927,0.336104,-0.015043,0.457573,-2.204095,-2.215087,-0.038869
1403,1774597095316,15.597296,335.011,-15.06,457.524,0.20822,0.684137,-0.663687,0.219363,0.576073,1.892773,-1.836193,0.335011,-0.01506,0.457524,-2.204093,-2.214972,-0.038495
1404,1774597095327,15.608408,332.856,-15.067,457.457,0.208385,0.684071,-0.663747,0.219232,0.576571,1.89272,-1.836487,0.332856,-0.015067,0.457457,-2.20397,-2.214839,-0.037902
1405,1774597095338,15.619519,331.705,-15.078,457.536,0.208043,0.684518,-0.663321,0.219453,0.575557,1.893735,-1.835093,0.331705,-0.015078,0.457536,-2.204055,-2.214958,-0.038141
1406,1774597095349,15.63063,330.523,-15.061,457.631,0.207807,0.684569,-0.663235,0.219776,0.574804,1.893554,-1.834542,0.330523,-0.015061,0.457631,-2.20414,-2.215264,-0.038543
1407,1774597095360,15.641741,328.333,-15.138,457.581,0.208186,0.684314,-0.663443,0.219582,0.575912,1.893042,-1.835307,0.328333,-0.015138,0.457581,-2.204251,-2.214977,-0.038246
1408,1774597095371,15.652853,327.296,-15.147,457.499,0.208046,0.683975,-0.663766,0.219793,0.575461,1.891894,-1.835995,0.327296,-0.015147,0.457499,-2.204289,-2.214819,-0.037604
1409,1774597095382,15.663964,325.118,-15.151,457.569,0.207788,0.684392,-0.66336,0.219966,0.574695,1.892873,-1.834705,0.325118,-0.015151,0.457569,-2.204282,-2.214927,-0.037793
1410,1774597095394,15.675075,323.96,-15.163,457.675,0.20779,0.684684,-0.663042,0.220014,0.574686,1.893633,-1.833779,0.32396,-0.015163,0.457675,-2.204479,-2.215191,-0.038307
1411,1774597095405,15.686186,322.841,-15.216,457.739,0.208026,0.68454,-0.663189,0.219798,0.575403,1.89345,-1.834394,0.322841,-0.015216,0.457739,-2.204482,-2.215285,-0.03869
1412,1774597095416,15.697298,320.831,-15.269,457.597,0.208094,0.684046,-0.663615,0.219984,0.575536,1.891899,-1.83539,0.320831,-0.015269,0.457597,-2.204588,-2.214875,-0.037756
1413,1774597095427,15.708409,319.83,-15.271,457.564,0.208124,0.684032,-0.663721,0.219679,0.57571,1.892165,-1.835981,0.31983,-0.015271,0.457564,-2.204502,-2.214788,-0.03754
1414,1774597095438,15.71952,317.741,-15.3,457.674,0.20801,0.684092,-0.663664,0.219775,0.575365,1.892234,-1.835729,0.317741,-0.0153,0.457674,-2.204609,-2.214997,-0.038154
1415,1774597095449,15.730632,316.71,-15.333,457.706,0.207828,0.684588,-0.663135,0.219997,0.574795,1.893384,-1.834051,0.31671,-0.015333,0.457706,-2.204757,-2.215046,-0.038337
1416,1774597095460,15.741743,315.722,-15.404,457.651,0.208198,0.684197,-0.663447,0.219923,0.575843,1.892377,-1.834986,0.315722,-0.015404,0.457651,-2.204885,-2.214803,-0.038154
1417,1774597095471,15.752854,313.894,-15.419,457.473,0.208089,0.683979,-0.663685,0.219988,0.575521,1.891709,-1.835581,0.313894,-0.015419,0.457473,-2.204836,-2.214506,-0.037181
1418,1774597095482,15.763965,312.95,-15.403,457.476,0.207836,0.683973,-0.663734,0.220098,0.574788,1.891581,-1.835609,0.31295,-0.015403,0.457476,-2.204769,-2.214682,-0.037201
1419,1774597095494,15.775077,310.985,-15.457,457.595,0.207665,0.684481,-0.663245,0.220152,0.574298,1.892932,-1.834206,0.310985,-0.015457,0.457595,-2.204871,-2.214942,-0.03796
1420,1774597095505,15.786188,309.999,-15.525,457.63,0.207853,0.684459,-0.66314,0.22036,0.574754,1.892665,-1.833715,0.309999,-0.015525,0.45763,-2.205193,-2.214903,-0.038205
1421,1774597095516,15.797299,309.077,-15.562,457.586,0.20799,0.684535,-0.663075,0.220189,0.575187,1.893046,-1.8337,0.309077,-0.015562,0.457586,-2.205089,-2.214907,-0.038093
1422,1774597095527,15.80841,307.344,-15.581,457.434,0.207823,0.68397,-0.663686,0.220265,0.574702,1.891407,-1.835315,0.307344,-0.015581,0.457434,-2.205125,-2.214699,-0.037275
1423,1774597095538,15.819522,306.487,-15.552,457.4,0.207718,0.683802,-0.663905,0.220224,0.574421,1.890983,-1.835961,0.306487,-0.015552,0.4574,-2.204936,-2.214803,-0.03711
1424,1774597095549,15.830633,305.604,-15.586,457.42,0.207725,0.684134,-0.663568,0.220203,0.574449,1.891922,-1.835049,0.305604,-0.015586,0.45742,-2.204888,-2.214817,-0.037232
1425,1774597095560,15.841744,303.775,-15.656,457.503,0.207572,0.684474,-0.663177,0.220467,0.573946,1.892598,-1.833711,0.303775,-0.015656,0.457503,-2.20516,-2.215056,-0.037727
1426,1774597095571,15.852856,302.908,-15.719,457.485,0.207706,0.684238,-0.663398,0.220407,0.574333,1.892007,-1.834382,0.302908,-0.015719,0.457485,-2.205293,-2.214932,-0.037767
1427,1774597095582,15.863967,301.295,-15.742,457.3,0.207832,0.683892,-0.663764,0.220263,0.574727,1.891193,-1.835532,0.301295,-0.015742,0.4573,-2.205096,-2.214832,-0.036765
1428,1774597095594,15.875078,300.504,-15.746,457.226,0.207678,0.683942,-0.663688,0.220479,0.574235,1.891118,-1.835114,0.300504,-0.015746,0.457226,-2.205064,-2.214802,-0.036509
1429,1774597095605,15.88619,299.736,-15.76,457.21,0.207691,0.683862,-0.663797,0.220387,0.574298,1.890988,-1.835505,0.299736,-0.01576,0.45721,-2.20507,-2.214757,-0.036346
1430,1774597095616,15.897301,298.109,-15.816,457.259,0.207516,0.684119,-0.663515,0.220606,0.573749,1.891478,-1.83451,0.298109,-0.015816,0.457259,-2.205314,-2.214864,-0.036805
1431,1774597095627,15.908412,297.288,-15.851,457.31,0.207736,0.68423,-0.663375,0.220475,0.574395,1.891917,-1.834251,0.297288,-0.015851,0.45731,-2.205325,-2.214967,-0.037179
1432,1774597095638,15.919524,295.75,-15.923,457.267,0.207739,0.684224,-0.663396,0.220427,0.57442,1.891947,-1.834357,0.29575,-0.015923,0.457267,-2.205296,-2.215056,-0.037168
1433,1774597095649,15.930635,295.021,-15.951,457.181,0.207561,0.683997,-0.663623,0.220614,0.573871,1.891135,-1.834803,0.295021,-0.015951,0.457181,-2.205293,-2.214975,-0.036844
1434,1774597095660,15.941746,294.331,-15.975,457.094,0.207645,0.683853,-0.663764,0.220559,0.57412,1.890789,-1.835247,0.294331,-0.015975,0.457094,-2.205155,-2.214887,-0.036446
1435,1774597095671,15.952857,292.931,-15.992,457.032,0.207625,0.683974,-0.663676,0.220467,0.574092,1.891215,-1.835092,0.292931,-0.015992,0.457032,-2.205237,-2.214898,-0.036237
1436,1774597095682,15.963969,292.216,-16.012,457.051,0.207267,0.684044,-0.663632,0.220721,0.573024,1.891155,-1.834722,0.292216,-0.016012,0.457051,-2.205236,-2.215013,-0.036383
1437,1774597095694,15.97508,290.812,-16.082,457.088,0.207492,0.684182,-0.663454,0.220617,0.573679,1.89164,-1.834332,0.290812,-0.016082,0.457088,-2.205308,-2.215132,-0.036803
1438,1774597095705,15.986193,290.125,-16.124,457.089,0.207509,0.684237,-0.663325,0.220817,0.573664,1.891593,-1.833782,0.290125,-0.016124,0.457089,-2.205457,-2.215155,-0.036902
1439,1774597095716,15.997304,289.448,-16.157,457.079,0.20767,0.684203,-0.663405,0.220529,0.574196,1.891789,-1.834283,0.289448,-0.016157,0.457079,-2.205522,-2.21515,-0.036956
1440,1774597095727,16.008415,288.196,-16.19,456.978,0.207539,0.684083,-0.663525,0.220663,0.573794,1.891322,-1.834485,0.288196,-0.01619,0.456978,-2.205456,-2.215115,-0.03662
1441,1774597095738,16.019527,287.599,-16.196,456.906,0.207377,0.683947,-0.663673,0.220794,0.573306,1.890815,-1.834767,0.287599,-0.016196,0.456906,-2.20547,-2.215129,-0.036278
1442,1774597095749,16.030638,287.029,-16.211,456.822,0.207492,0.683783,-0.663847,0.220669,0.573663,1.890487,-1.835369,0.287029,-0.016211,0.456822,-2.205368,-2.215026,-0.035953
1443,1774597095760,16.041749,285.884,-16.265,456.773,0.20745,0.683907,-0.663708,0.220743,0.573525,1.890757,-1.834913,0.285884,-0.016265,0.456773,-2.205344,-2.215064,-0.035784
1444,1774597095771,16.052861,285.319,-16.282,456.773,0.207421,0.683936,-0.663682,0.22076,0.573438,1.890818,-1.834824,0.285319,-0.016282,0.456773,-2.2054,-2.21518,-0.03582
1445,1774597095782,16.063972,284.194,-16.36,456.818,0.207326,0.683888,-0.663724,0.22087,0.573143,1.890575,-1.834834,0.284194,-0.01636,0.456818,-2.205552,-2.215219,-0.036262
1446,1774597095794,16.075083,283.661,-16.39,456.836,0.207299,0.684118,-0.663499,0.220859,0.573073,1.891222,-1.834222,0.283661,-0.01639,0.456836,-2.205669,-2.215318,-0.036402
1447,1774597095805,16.086194,283.155,-16.439,456.828,0.207333,0.68402,-0.663634,0.220726,0.573205,1.891084,-1.834723,0.283155,-0.016439,0.456828,-2.205736,-2.215258,-0.036443
1448,1774597095816,16.097306,282.213,-16.48,456.775,0.207334,0.684026,-0.663626,0.220729,0.573208,1.891098,-1.8347,0.282213,-0.01648,0.456775,-2.205637,-2.21535,-0.036241
1449,1774597095827,16.108417,281.778,-16.508,456.716,0.207265,0.683931,-0.663719,0.22081,0.572992,1.890754,-1.834877,0.281778,-0.016508,0.456716,-2.205659,-2.21532,-0.03596
1450,1774597095838,16.119528,280.916,-16.575,456.639,0.20719,0.683885,-0.663753,0.22092,0.572751,1.890518,-1.834864,0.280916,-0.016575,0.456639,-2.205624,-2.215265,-0.035721
1451,1774597095849,16.130639,280.518,-16.6,456.596,0.207242,0.683922,-0.663688,0.220954,0.572884,1.890585,-1.834653,0.280518,-0.0166,0.456596,-2.205684,-2.215244,-0.035458
1452,1774597095860,16.141751,280.117,-16.631,456.575,0.20724,0.683937,-0.66372,0.220812,0.572924,1.89077,-1.834878,0.280117,-0.016631,0.456575,-2.205709,-2.215276,-0.03547
1453,1774597095871,16.152862,279.395,-16.69,456.495,0.207071,0.683776,-0.663873,0.221008,0.572397,1.89013,-1.835112,0.279395,-0.01669,0.456495,-2.205615,-2.215262,-0.035116
1454,1774597095882,16.163973,279.051,-16.716,456.478,0.20699,0.68398,-0.663675,0.221048,0.572161,1.890654,-1.834525,0.279051,-0.016716,0.456478,-2.205594,-2.215377,-0.035068
1455,1774597095894,16.175085,278.695,-16.751,456.486,0.207075,0.683946,-0.663705,0.220982,0.572415,1.890625,-1.834672,0.278695,-0.016751,0.456486,-2.205606,-2.215474,-0.0352
1456,1774597095905,16.186196,278.036,-16.847,456.474,0.206906,0.683961,-0.663682,0.221166,0.571893,1.890481,-1.834429,0.278036,-0.016847,0.456474,-2.205618,-2.215416,-0.035264
1457,1774597095916,16.197308,277.713,-16.902,456.498,0.206941,0.684215,-0.663408,0.221169,0.571987,1.891181,-1.833669,0.277713,-0.016902,0.456498,-2.20561,-2.215522,-0.035544
1458,1774597095927,16.208419,277.145,-16.96,456.465,0.206925,0.684046,-0.663593,0.221151,0.571949,1.890731,-1.8342,0.277145,-0.01696,0.456465,-2.205567,-2.215616,-0.035375
1459,1774597095938,16.21953,276.859,-16.999,456.47,0.206874,0.684092,-0.663555,0.221169,0.571802,1.890842,-1.834078,0.276859,-0.016999,0.45647,-2.205534,-2.215771,-0.035434
1460,1774597095949,16.230641,276.608,-17.034,456.459,0.206895,0.684214,-0.663468,0.221036,0.571901,1.891311,-1.833964,0.276608,-0.017034,0.456459,-2.205504,-2.215824,-0.035382
1461,1774597095960,16.241753,276.123,-17.122,456.438,0.206835,0.684026,-0.663665,0.221083,0.571722,1.890743,-1.834462,0.276123,-0.017122,0.456438,-2.205462,-2.215839,-0.035374
1462,1774597095971,16.252864,275.879,-17.167,456.452,0.20689,0.68417,-0.663508,0.221054,0.571881,1.891173,-1.834058,0.275879,-0.017167,0.456452,-2.205485,-2.215946,-0.035492
1463,1774597095982,16.263975,275.669,-17.214,456.42,0.206872,0.684046,-0.663664,0.220988,0.571852,1.890894,-1.834552,0.275669,-0.017214,0.45642,-2.205501,-2.215937,-0.035347
1464,1774597095994,16.275086,275.277,-17.292,456.367,0.206773,0.683955,-0.663776,0.221023,0.571569,1.89061,-1.83483,0.275277,-0.017292,0.456367,-2.20537,-2.215992,-0.035157
1465,1774597096005,16.286197,275.085,-17.334,456.355,0.206716,0.68394,-0.663757,0.221182,0.571362,1.890408,-1.834624,0.275085,-0.017334,0.456355,-2.20539,-2.215987,-0.035169
1466,1774597096016,16.297309,274.738,-17.416,456.295,0.20667,0.683953,-0.663789,0.221087,0.571265,1.89054,-1.834804,0.274738,-0.017416,0.456295,-2.205213,-2.216049,-0.034918
1467,1774597096027,16.30842,274.562,-17.484,456.301,0.206626,0.68403,-0.663702,0.221152,0.571123,1.890686,-1.8345,0.274562,-0.017484,0.456301,-2.205195,-2.216087,-0.035029
1468,1774597096038,16.319531,274.214,-17.617,456.289,0.206634,0.684044,-0.663711,0.221074,0.571169,1.890803,-1.834601,0.274214,-0.017617,0.456289,-2.205242,-2.216113,-0.035094
1469,1774597096049,16.330643,274.077,-17.668,456.251,0.206648,0.68398,-0.663762,0.221107,0.571196,1.890593,-1.834708,0.274077,-0.017668,0.456251,-2.205182,-2.216131,-0.034908
1470,1774597096060,16.341754,273.937,-17.727,456.22,0.206581,0.684034,-0.663754,0.221026,0.571037,1.890824,-1.834764,0.273937,-0.017727,0.45622,-2.205151,-2.2161,-0.034856
1471,1774597096071,16.352867,273.673,-17.847,456.181,0.206528,0.683868,-0.663967,0.220951,0.570913,1.890438,-1.835426,0.273673,-0.017847,0.456181,-2.204966,-2.21618,-0.034658
1472,1774597096082,16.363979,273.535,-17.926,456.182,0.206546,0.68401,-0.663794,0.221013,0.570944,1.890771,-1.834888,0.273535,-0.017926,0.456182,-2.205028,-2.216218,-0.034771
1473,1774597096094,16.37509,273.286,-18.092,456.174,0.206607,0.68384,-0.663957,0.22099,0.571119,1.890325,-1.835363,0.273286,-0.018092,0.456174,-2.205092,-2.216152,-0.034729
1474,1774597096105,16.386201,273.17,-18.172,456.148,0.206633,0.683825,-0.663978,0.220955,0.571201,1.890316,-1.835452,0.27317,-0.018172,0.456148,-2.204895,-2.216298,-0.034646
1475,1774597096116,16.397312,273.071,-18.271,456.135,0.206659,0.683804,-0.663998,0.220934,0.57128,1.89028,-1.835528,0.273071,-0.018271,0.456135,-2.20501,-2.216121,-0.034536
1476,1774597096127,16.408423,272.864,-18.467,456.109,0.206546,0.683764,-0.664037,0.221046,0.570934,1.890058,-1.835528,0.272864,-0.018467,0.456109,-2.205042,-2.216077,-0.034498
1477,1774597096138,16.419535,272.755,-18.576,456.107,0.206476,0.683774,-0.664068,0.220986,0.570757,1.890145,-1.835671,0.272755,-0.018576,0.456107,-2.205024,-2.216111,-0.034487
1478,1774597096149,16.430646,272.671,-18.692,456.083,0.206553,0.683806,-0.663999,0.221024,0.570958,1.890194,-1.835444,0.272671,-0.018692,0.456083,-2.205006,-2.216091,-0.034338
1479,1774597096160,16.441757,272.495,-18.965,456.06,0.206615,0.683915,-0.663897,0.220934,0.571157,1.890586,-1.83525,0.272495,-0.018965,0.45606,-2.204965,-2.216075,-0.034258
1480,1774597096171,16.452868,272.393,-19.132,456.068,0.2066,0.683887,-0.663931,0.220929,0.571118,1.890515,-1.835349,0.272393,-0.019132,0.456068,-2.205042,-2.216022,-0.034347
1481,1774597096182,16.46398,272.207,-19.479,456.086,0.206619,0.683819,-0.663993,0.220938,0.571167,1.890316,-1.835512,0.272207,-0.019479,0.456086,-2.205013,-2.216129,-0.034543
1482,1774597096194,16.475091,272.126,-19.669,456.069,0.206578,0.683947,-0.663901,0.220855,0.57108,1.890755,-1.835338,0.272126,-0.019669,0.456069,-2.205053,-2.216115,-0.034443
1483,1774597096205,16.486203,272.057,-19.868,456.066,0.206704,0.683856,-0.663929,0.220937,0.571402,1.890421,-1.835335,0.272057,-0.019868,0.456066,-2.204982,-2.216068,-0.034353
1484,1774597096216,16.497314,271.892,-20.319,456.081,0.206754,0.68384,-0.66397,0.220816,0.571578,1.890498,-1.835566,0.271892,-0.020319,0.456081,-2.205022,-2.216137,-0.034554
1485,1774597096227,16.508425,271.83,-20.544,456.076,0.206822,0.683764,-0.664033,0.220796,0.571773,1.890308,-1.83576,0.27183,-0.020544,0.456076,-2.205062,-2.216124,-0.034495
1486,1774597096238,16.519536,271.699,-21.061,456.074,0.20688,0.683575,-0.664204,0.220814,0.571927,1.889765,-1.836215,0.271699,-0.021061,0.456074,-2.205185,-2.21593,-0.034604
1487,1774597096249,16.530647,271.65,-21.328,456.046,0.206951,0.683762,-0.664001,0.22078,0.572133,1.890319,-1.835686,0.27165,-0.021328,0.456046,-2.205242,-2.215824,-0.034439
1488,1774597096260,16.541758,271.587,-21.613,456.046,0.206917,0.683843,-0.663886,0.220907,0.572,1.890414,-1.835245,0.271587,-0.021613,0.456046,-2.205356,-2.215724,-0.034425
1489,1774597096271,16.55287,271.473,-22.209,456.053,0.206861,0.683812,-0.663938,0.220897,0.57185,1.89034,-1.835399,0.271473,-0.022209,0.456053,-2.205374,-2.215794,-0.034487
1490,1774597096282,16.563981,271.434,-22.536,456.042,0.206862,0.683666,-0.664064,0.22097,0.571831,1.889864,-1.835677,0.271434,-0.022536,0.456042,-2.205453,-2.215712,-0.03442
1491,1774597096294,16.575092,271.356,-23.179,456.018,0.206814,0.68367,-0.664068,0.22099,0.571691,1.889854,-1.835668,0.271356,-0.023179,0.456018,-2.205389,-2.215751,-0.034333
1492,1774597096305,16.586204,271.314,-23.523,456.009,0.20691,0.683664,-0.664035,0.221017,0.571948,1.889811,-1.835551,0.271314,-0.023523,0.456009,-2.20543,-2.215789,-0.034322
1493,1774597096316,16.597315,271.29,-23.882,455.99,0.206753,0.683479,-0.66425,0.221091,0.571493,1.889224,-1.836074,0.27129,-0.023882,0.45599,-2.20542,-2.215722,-0.034208
1494,1774597096327,16.608426,271.226,-24.643,455.992,0.206735,0.683608,-0.664123,0.221092,0.571442,1.88958,-1.835722,0.271226,-0.024643,0.455992,-2.205448,-2.215826,-0.034241
1495,1774597096338,16.619538,271.203,-25.029,455.977,0.206769,0.683518,-0.664203,0.221098,0.571535,1.889324,-1.835937,0.271203,-0.025029,0.455977,-2.205393,-2.215873,-0.034151
1496,1774597096349,16.630649,271.19,-25.433,455.956,0.206724,0.683528,-0.664177,0.221187,0.571384,1.889264,-1.835779,0.27119,-0.025433,0.455956,-2.205333,-2.215889,-0.034056
1497,1774597096360,16.64176,271.163,-26.29,455.919,0.206741,0.683564,-0.664177,0.221061,0.571469,1.889489,-1.8359,0.271163,-0.02629,0.455919,-2.205217,-2.215872,-0.033937
1498,1774597096371,16.652871,271.133,-26.746,455.922,0.206819,0.683484,-0.664205,0.221151,0.571658,1.889178,-1.835892,0.271133,-0.026746,0.455922,-2.205257,-2.215803,-0.033961
1499,1774597096382,16.663983,271.093,-27.69,455.888,0.206708,0.683493,-0.664192,0.221264,0.571315,1.889092,-1.835747,0.271093,-0.02769,0.455888,-2.205304,-2.215764,-0.033934
1500,1774597096394,16.675094,271.073,-28.155,455.895,0.206847,0.683377,-0.664291,0.221198,0.57172,1.888837,-1.836082,0.271073,-0.028155,0.455895,-2.20541,-2.215814,-0.033941
1501,1774597096405,16.686205,271.07,-28.658,455.859,0.206827,0.683384,-0.664309,0.22114,0.571682,1.888914,-1.836188,0.27107,-0.028658,0.455859,-2.205464,-2.215624,-0.03384
1502,1774597096416,16.697316,271.05,-29.656,455.841,0.20684,0.683217,-0.664461,0.221188,0.571704,1.888403,-1.836561,0.27105,-0.029656,0.455841,-2.20559,-2.21561,-0.033689
1503,1774597096427,16.708428,271.034,-30.195,455.822,0.206957,0.683518,-0.664077,0.221301,0.571994,1.889123,-1.835391,0.271034,-0.030195,0.455822,-2.205668,-2.215525,-0.033702
1504,1774597096438,16.719539,271.026,-31.289,455.817,0.206907,0.683289,-0.664292,0.22141,0.571821,1.888381,-1.835879,0.271026,-0.031289,0.455817,-2.205828,-2.215306,-0.033709
1505,1774597096449,16.73065,271.01,-31.83,455.823,0.206764,0.683555,-0.664026,0.221521,0.571392,1.889006,-1.835037,0.27101,-0.03183,0.455823,-2.205839,-2.215396,-0.033868
1506,1774597096460,16.741761,271.039,-32.384,455.787,0.206883,0.683434,-0.664116,0.221513,0.571723,1.888679,-1.835294,0.271039,-0.032384,0.455787,-2.205852,-2.215295,-0.033651
1507,1774597096471,16.752872,271.068,-33.53,455.741,0.206952,0.68343,-0.66415,0.221355,0.571963,1.888826,-1.835542,0.271068,-0.03353,0.455741,-2.205701,-2.215293,-0.033602
1508,1774597096482,16.763983,271.054,-34.137,455.754,0.207027,0.683194,-0.664404,0.221255,0.572201,1.888273,-1.83634,0.271054,-0.034137,0.455754,-2.205818,-2.215272,-0.033616
1509,1774597096494,16.775095,271.085,-35.391,455.727,0.207032,0.683255,-0.664376,0.221143,0.572249,1.888554,-1.836371,0.271085,-0.035391,0.455727,-2.205741,-2.215213,-0.033706
1510,1774597096505,16.786206,271.095,-36.021,455.714,0.207069,0.683292,-0.664328,0.22114,0.572352,1.888659,-1.836242,0.271095,-0.036021,0.455714,-2.205786,-2.215251,-0.0336
1511,1774597096516,16.797317,271.091,-36.663,455.723,0.206717,0.683183,-0.664484,0.221338,0.571317,1.888161,-1.83648,0.271091,-0.036663,0.455723,-2.20577,-2.215285,-0.033721
1512,1774597096527,16.808428,271.112,-37.303,455.711,0.2067,0.682985,-0.664613,0.221577,0.571199,1.887375,-1.836605,0.271112,-0.037303,0.455711,-2.205535,-2.215493,-0.033586
1513,1774597096538,16.81954,271.112,-38.639,455.754,0.206753,0.683175,-0.664367,0.221679,0.571315,1.887797,-1.835827,0.271112,-0.038639,0.455754,-2.205701,-2.215416,-0.033927
1514,1774597096549,16.830651,271.149,-39.321,455.734,0.206651,0.683261,-0.664343,0.221581,0.571063,1.888133,-1.835855,0.271149,-0.039321,0.455734,-2.205721,-2.215319,-0.033682
1515,1774597096560,16.841762,271.179,-40.728,455.761,0.206775,0.683302,-0.664273,0.22155,0.571414,1.888277,-1.835693,0.271179,-0.040728,0.455761,-2.205748,-2.21531,-0.033851
1516,1774597096571,16.852873,271.207,-41.427,455.775,0.206647,0.683314,-0.664295,0.221565,0.571055,1.888296,-1.835738,0.271207,-0.041427,0.455775,-2.205647,-2.215468,-0.033797
1517,1774597096582,16.863985,271.266,-42.896,455.79,0.20656,0.683462,-0.664166,0.221578,0.570811,1.888693,-1.835368,0.271266,-0.042896,0.45579,-2.205586,-2.215578,-0.033815
1518,1774597096594,16.875096,271.301,-43.648,455.79,0.206772,0.683563,-0.664063,0.221377,0.571457,1.889172,-1.835278,0.271301,-0.043648,0.45579,-2.205525,-2.215563,-0.033758
1519,1774597096605,16.886207,271.31,-44.433,455.835,0.206749,0.683442,-0.664154,0.2215,0.571357,1.888713,-1.835411,0.27131,-0.044433,0.455835,-2.205559,-2.215622,-0.034068
1520,1774597096616,16.897319,271.38,-46.033,455.836,0.206865,0.683372,-0.664264,0.221275,0.571746,1.888746,-1.835934,0.27138,-0.046033,0.455836,-2.205597,-2.215512,-0.034016
1521,1774597096627,16.90843,271.39,-46.887,455.869,0.206899,0.683608,-0.663983,0.221361,0.571815,1.889311,-1.835073,0.27139,-0.046887,0.455869,-2.205801,-2.215395,-0.034292
1522,1774597096638,16.919541,271.481,-48.564,455.828,0.206932,0.683199,-0.664372,0.221425,0.571885,1.888117,-1.836087,0.271481,-0.048564,0.455828,-2.205838,-2.215251,-0.034048
1523,1774597096649,16.930653,271.538,-49.401,455.795,0.206884,0.683517,-0.664122,0.221235,0.571811,1.889187,-1.83558,0.271538,-0.049401,0.455795,-2.20575,-2.215256,-0.033888
1524,1774597096660,16.941764,271.554,-50.273,455.815,0.206925,0.683387,-0.66422,0.221307,0.571901,1.888754,-1.83578,0.271554,-0.050273,0.455815,-2.205836,-2.215311,-0.033995
1525,1774597096671,16.952875,271.622,-52.048,455.793,0.20674,0.68346,-0.664219,0.221254,0.571407,1.88901,-1.835831,0.271622,-0.052048,0.455793,-2.205555,-2.215542,-0.033985
1526,1774597096682,16.963987,271.659,-52.952,455.773,0.206717,0.683517,-0.664175,0.221235,0.571348,1.889186,-1.835725,0.271659,-0.052952,0.455773,-2.205386,-2.215732,-0.033861
1527,1774597096694,16.975098,271.736,-54.788,455.748,0.206928,0.683544,-0.66415,0.221027,0.571995,1.889469,-1.835859,0.271736,-0.054788,0.455748,-2.205483,-2.215672,-0.033713
1528,1774597096705,16.986209,271.77,-55.71,455.743,0.206813,0.683497,-0.664169,0.221226,0.571617,1.889139,-1.835718,0.27177,-0.05571,0.455743,-2.205542,-2.215642,-0.033676
1529,1774597096716,16.99732,271.806,-56.647,455.739,0.206856,0.683807,-0.663866,0.221133,0.571764,1.89009,-1.834972,0.271806,-0.056647,0.455739,-2.205493,-2.215635,-0.03363
1530,1774597096727,17.008432,271.858,-58.577,455.736,0.20662,0.683351,-0.664361,0.221279,0.571067,1.888684,-1.836198,0.271858,-0.058577,0.455736,-2.205348,-2.215815,-0.033675
1531,1774597096738,17.019543,271.896,-59.578,455.732,0.20689,0.683622,-0.66405,0.221122,0.571862,1.88959,-1.83549,0.271896,-0.059578,0.455732,-2.205439,-2.21563,-0.033662
1532,1774597096749,17.030654,271.939,-60.566,455.722,0.206829,0.683257,-0.664379,0.221319,0.571634,1.888384,-1.836208,0.271939,-0.060566,0.455722,-2.205422,-2.215601,-0.033589
1533,1774597096760,17.041765,272.008,-62.597,455.725,0.206795,0.683557,-0.664095,0.221276,0.571552,1.889256,-1.835465,0.272008,-0.062597,0.455725,-2.205541,-2.215433,-0.033617
1534,1774597096771,17.052876,272.037,-63.621,455.743,0.2067,0.683544,-0.664108,0.221368,0.571261,1.889129,-1.835411,0.272037,-0.063621,0.455743,-2.205567,-2.21537,-0.033696
1535,1774597096782,17.063988,272.105,-65.685,455.755,0.206728,0.68335,-0.664263,0.221478,0.571305,1.888481,-1.835733,0.272105,-0.065685,0.455755,-2.20559,-2.215345,-0.033825
1536,1774597096794,17.075099,272.146,-66.756,455.741,0.206731,0.68342,-0.664272,0.221229,0.571388,1.888925,-1.835999,0.272146,-0.066756,0.455741,-2.205597,-2.215285,-0.033763
1537,1774597096805,17.08621,272.177,-67.827,455.755,0.206662,0.683786,-0.66399,0.221007,0.571265,1.890158,-1.835437,0.272177,-0.067827,0.455755,-2.205575,-2.215412,-0.033822
1538,1774597096816,17.097322,272.235,-70.031,455.786,0.206815,0.683464,-0.66429,0.220959,0.571704,1.889316,-1.836312,0.272235,-0.070031,0.455786,-2.205364,-2.215604,-0.034055
1539,1774597096827,17.108433,272.276,-71.136,455.798,0.206872,0.683723,-0.66395,0.221127,0.571812,1.889865,-1.835209,0.272276,-0.071136,0.455798,-2.205572,-2.215508,-0.034118
1540,1774597096838,17.119544,272.367,-73.342,455.807,0.206504,0.683985,-0.663696,0.221426,0.570702,1.890288,-1.834216,0.272367,-0.073342,0.455807,-2.2055,-2.215598,-0.034236
1541,1774597096849,17.130655,272.432,-74.453,455.794,0.206256,0.68332,-0.664441,0.221475,0.570002,1.888401,-1.836229,0.272432,-0.074453,0.455794,-2.205489,-2.215596,-0.034165
1542,1774597096860,17.141767,272.5,-75.541,455.796,0.206393,0.683553,-0.664245,0.221217,0.570459,1.889303,-1.835937,0.2725,-0.075541,0.455796,-2.205419,-2.215723,-0.034103
1543,1774597096871,17.152878,272.602,-77.83,455.799,0.206627,0.683529,-0.664251,0.221054,0.571154,1.889399,-1.83611,0.272602,-0.07783,0.455799,-2.20549,-2.215606,-0.03405
1544,1774597096882,17.163989,272.653,-78.976,455.794,0.206818,0.683564,-0.664128,0.221134,0.571658,1.889419,-1.835696,0.272653,-0.078976,0.455794,-2.205575,-2.21549,-0.033952
1545,1774597096894,17.175101,272.737,-81.251,455.827,0.206699,0.683579,-0.66413,0.221194,0.571311,1.889397,-1.835642,0.272737,-0.081251,0.455827,-2.205789,-2.215331,-0.033959
1546,1774597096905,17.186212,272.771,-82.372,455.851,0.206739,0.683608,-0.664106,0.221139,0.571439,1.889535,-1.835628,0.272771,-0.082372,0.455851,-2.205802,-2.215382,-0.03394
1547,1774597096916,17.197324,272.816,-83.485,455.87,0.206626,0.683314,-0.664454,0.221107,0.571137,1.888752,-1.836623,0.272816,-0.083485,0.45587,-2.205724,-2.215528,-0.033893
1548,1774597096927,17.208435,272.886,-85.745,455.903,0.206627,0.683432,-0.664355,0.22104,0.571159,1.889146,-1.836412,0.272886,-0.085745,0.455903,-2.205629,-2.215715,-0.033644
1549,1774597096938,17.219546,272.925,-86.885,455.894,0.206765,0.683344,-0.66444,0.220927,0.571574,1.889016,-1.836757,0.272925,-0.086885,0.455894,-2.205657,-2.215591,-0.033435
1550,1774597096949,17.230658,272.92,-88.03,455.926,0.20692,0.683396,-0.664264,0.221151,0.571936,1.888936,-1.836053,0.27292,-0.08803,0.455926,-2.205912,-2.215463,-0.033531
1551,1774597096960,17.241769,272.943,-90.291,455.991,0.206904,0.683277,-0.664395,0.22114,0.571894,1.888618,-1.836426,0.272943,-0.090291,0.455991,-2.205942,-2.215386,-0.033584
1552,1774597096971,17.25288,272.937,-91.408,456.021,0.20658,0.683585,-0.664163,0.221187,0.570986,1.889422,-1.835739,0.272937,-0.091408,0.456021,-2.205919,-2.215509,-0.033699
1553,1774597096982,17.263992,272.971,-93.669,456.088,0.206769,0.683648,-0.664081,0.221063,0.571544,1.889719,-1.835634,0.272971,-0.093669,0.456088,-2.205789,-2.215538,-0.033851
1554,1774597096994,17.275103,272.981,-94.796,456.096,0.206902,0.683825,-0.663872,0.221018,0.571927,1.890253,-1.835099,0.272981,-0.094796,0.456096,-2.205832,-2.215435,-0.033905
1555,1774597097005,17.286215,273.016,-95.937,456.111,0.206859,0.683487,-0.664197,0.221127,0.571775,1.889212,-1.835893,0.273016,-0.095937,0.456111,-2.20582,-2.215249,-0.033921
1556,1774597097016,17.297326,273.025,-98.192,456.171,0.206926,0.683676,-0.664005,0.22106,0.57198,1.889799,-1.835425,0.273025,-0.098192,0.456171,-2.205874,-2.215225,-0.034183
1557,1774597097027,17.308437,273.078,-99.175,456.209,0.206918,0.683849,-0.663865,0.220948,0.571992,1.890391,-1.835149,0.273078,-0.099175,0.456209,-2.205356,-2.215781,-0.034306
1558,1774597097038,17.319549,273.108,-101.49,456.21,0.206733,0.68389,-0.663886,0.220935,0.571483,1.890517,-1.835217,0.273108,-0.10149,0.45621,-2.20548,-2.215531,-0.034362
1559,1774597097049,17.33066,273.12,-102.607,456.192,0.206781,0.683704,-0.66406,0.22094,0.571616,1.889998,-1.835694,0.27312,-0.102607,0.456192,-2.205313,-2.215636,-0.034268
1560,1774597097060,17.341771,273.142,-103.724,456.181,0.207002,0.68363,-0.664093,0.220862,0.57225,1.889872,-1.835863,0.273142,-0.103724,0.456181,-2.205354,-2.21553,-0.034314
1561,1774597097071,17.352883,273.209,-105.951,456.139,0.206994,0.683838,-0.663808,0.221083,0.572162,1.890225,-1.83486,0.273209,-0.105951,0.456139,-2.205366,-2.215273,-0.034298
1562,1774597097082,17.363994,273.231,-107.042,456.126,0.207106,0.683442,-0.664226,0.220951,0.572511,1.889262,-1.836142,0.273231,-0.107042,0.456126,-2.205289,-2.215235,-0.034371
1563,1774597097094,17.375105,273.282,-109.196,456.128,0.206817,0.68356,-0.664193,0.220951,0.571712,1.88959,-1.836053,0.273282,-0.109196,0.456128,-2.205197,-2.2153,-0.034511
1564,1774597097105,17.386216,273.328,-110.286,456.113,0.207002,0.683822,-0.663929,0.220761,0.572281,1.890502,-1.835507,0.273328,-0.110286,0.456113,-2.205239,-2.215195,-0.034537
1565,1774597097116,17.397328,273.331,-111.39,456.063,0.207173,0.683353,-0.664331,0.220846,0.572728,1.88912,-1.836534,0.273331,-0.11139,0.456063,-2.205323,-2.214943,-0.034472
1566,1774597097127,17.408439,273.35,-113.536,456.145,0.207295,0.683714,-0.663887,0.220951,0.573032,1.890013,-1.835206,0.27335,-0.113536,0.456145,-2.205524,-2.214968,-0.034954
1567,1774597097138,17.41955,273.38,-114.583,456.142,0.207236,0.683882,-0.663774,0.220824,0.572908,1.890607,-1.835016,0.27338,-0.114583,0.456142,-2.20555,-2.214902,-0.035037
1568,1774597097149,17.430661,273.432,-115.606,456.121,0.207294,0.683795,-0.663855,0.220794,0.573077,1.890395,-1.83527,0.273432,-0.115606,0.456121,-2.205495,-2.214832,-0.035056
1569,1774597097160,17.441772,273.522,-117.637,456.085,0.207268,0.683729,-0.664006,0.220567,0.573074,1.89044,-1.835908,0.273522,-0.117637,0.456085,-2.205173,-2.21501,-0.035075
1570,1774597097171,17.452884,273.534,-118.671,456.071,0.207348,0.683531,-0.664172,0.220608,0.573284,1.88985,-1.836328,0.273534,-0.118671,0.456071,-2.205187,-2.214958,-0.035109
1571,1774597097182,17.463995,273.546,-120.72,456.072,0.207318,0.683785,-0.663945,0.220531,0.573224,1.890631,-1.835774,0.273546,-0.12072,0.456072,-2.205283,-2.214841,-0.035192
1572,1774597097194,17.475106,273.542,-121.722,456.069,0.207281,0.683701,-0.663879,0.221027,0.572972,1.889901,-1.835109,0.273542,-0.121722,0.456069,-2.205411,-2.21477,-0.035255
1573,1774597097205,17.486218,273.575,-122.695,456.046,0.207266,0.683638,-0.664027,0.22079,0.573002,1.889964,-1.83575,0.273575,-0.122695,0.456046,-2.205417,-2.214706,-0.035095
1574,1774597097216,17.497329,273.593,-124.62,456.038,0.207328,0.68366,-0.664042,0.220618,0.573226,1.890198,-1.835958,0.273593,-0.12462,0.456038,-2.205274,-2.214776,-0.035238
1575,1774597097227,17.50844,273.616,-125.562,456.024,0.207203,0.683444,-0.664314,0.220588,0.572888,1.88963,-1.836737,0.273616,-0.125562,0.456024,-2.205048,-2.21493,-0.035144
1576,1774597097238,17.519552,273.619,-127.454,456.023,0.207236,0.683614,-0.664122,0.220608,0.572974,1.89008,-1.836187,0.273619,-0.127454,0.456023,-2.205042,-2.214844,-0.035124
1577,1774597097249,17.530663,273.602,-128.393,456.035,0.207204,0.683707,-0.664022,0.22065,0.572873,1.890295,-1.835872,0.273602,-0.128393,0.456035,-2.205184,-2.214841,-0.0352
1578,1774597097260,17.541774,273.584,-129.324,456.073,0.207472,0.683504,-0.664176,0.220564,0.573639,1.889821,-1.836379,0.273584,-0.129324,0.456073,-2.20525,-2.214821,-0.035385
1579,1774597097271,17.552885,273.605,-131.147,456.08,0.207335,0.683694,-0.663997,0.22064,0.573237,1.890271,-1.835812,0.273605,-0.131147,0.45608,-2.205421,-2.214593,-0.035362
1580,1774597097282,17.563997,273.624,-132.024,456.091,0.207502,0.683653,-0.664043,0.220472,0.573749,1.890324,-1.836102,0.273624,-0.132024,0.456091,-2.205321,-2.214587,-0.035453
1581,1774597097294,17.575108,273.619,-133.752,456.127,0.207419,0.683422,-0.66426,0.220612,0.573478,1.889546,-1.836565,0.273619,-0.133752,0.456127,-2.205468,-2.214527,-0.035529
1582,1774597097305,17.586219,273.628,-134.585,456.139,0.207335,0.683557,-0.664173,0.220534,0.57327,1.889997,-1.836401,0.273628,-0.134585,0.456139,-2.205337,-2.214621,-0.035565
1583,1774597097316,17.59733,273.603,-135.42,456.193,0.207357,0.683562,-0.66418,0.22048,0.573346,1.890065,-1.836471,0.273603,-0.13542,0.456193,-2.20541,-2.214715,-0.035799
1584,1774597097327,17.608441,273.605,-137.077,456.207,0.207413,0.683719,-0.664044,0.220352,0.573539,1.890625,-1.836219,0.273605,-0.137077,0.456207,-2.205253,-2.2148,-0.035874
1585,1774597097338,17.619552,273.601,-137.886,456.214,0.207644,0.683667,-0.664089,0.220159,0.574237,1.890674,-1.836533,0.273601,-0.137886,0.456214,-2.205154,-2.214877,-0.035977
1586,1774597097349,17.630664,273.589,-138.694,456.208,0.207608,0.683658,-0.664103,0.220177,0.574133,1.890632,-1.836554,0.273589,-0.138694,0.456208,-2.205249,-2.214774,-0.035899
1587,1774597097360,17.641775,273.606,-140.264,456.191,0.207736,0.68359,-0.66413,0.220189,0.574483,1.890432,-1.836616,0.273606,-0.140264,0.456191,-2.205221,-2.214617,-0.035958
1588,1774597097371,17.652886,273.603,-141.049,456.177,0.207622,0.683496,-0.664244,0.220242,0.57415,1.890118,-1.836881,0.273603,-0.141049,0.456177,-2.205262,-2.214488,-0.035983
1589,1774597097383,17.664006,273.578,-142.552,456.166,0.207598,0.683648,-0.664087,0.220268,0.574078,1.890514,-1.836421,0.273578,-0.142552,0.456166,-2.205269,-2.214394,-0.035998
1590,1774597097394,17.675117,273.585,-143.273,456.166,0.20766,0.683601,-0.664188,0.22005,0.574314,1.890601,-1.836912,0.273585,-0.143273,0.456166,-2.205096,-2.214529,-0.03607
1591,1774597097405,17.686228,273.571,-143.998,456.181,0.207601,0.68359,-0.664141,0.22028,0.574083,1.890343,-1.836559,0.273571,-0.143998,0.456181,-2.205196,-2.214541,-0.036087
1592,1774597097416,17.69734,273.558,-145.416,456.181,0.207506,0.683875,-0.663923,0.220141,0.573861,1.891268,-1.836092,0.273558,-0.145416,0.456181,-2.205138,-2.214572,-0.03626
1593,1774597097427,17.708451,273.558,-146.106,456.174,0.207602,0.683685,-0.664067,0.220208,0.574108,1.890677,-1.836424,0.273558,-0.146106,0.456174,-2.205164,-2.214561,-0.03629
1594,1774597097438,17.719562,273.58,-147.418,456.142,0.20778,0.683732,-0.664027,0.220015,0.574656,1.890998,-1.836501,0.27358,-0.147418,0.456142,-2.204975,-2.214697,-0.036255
1595,1774597097449,17.730674,273.583,-148.067,456.15,0.207718,0.683753,-0.664032,0.219993,0.574492,1.89108,-1.836535,0.273583,-0.148067,0.45615,-2.205014,-2.214623,-0.036417
1596,1774597097460,17.741785,273.592,-148.692,456.129,0.207653,0.683659,-0.664086,0.220184,0.574255,1.890627,-1.836499,0.273592,-0.148692,0.456129,-2.204979,-2.214631,-0.036296
1597,1774597097471,17.752896,273.596,-149.919,456.122,0.207748,0.683979,-0.663788,0.219997,0.574575,1.891701,-1.835857,0.273596,-0.149919,0.456122,-2.205052,-2.214636,-0.036415
1598,1774597097483,17.764007,273.591,-150.506,456.126,0.207877,0.683842,-0.66387,0.220054,0.574915,1.891263,-1.836029,0.273591,-0.150506,0.456126,-2.205082,-2.214661,-0.036538
1599,1774597097494,17.775118,273.607,-151.652,456.109,0.207794,0.68383,-0.663905,0.220066,0.57468,1.89122,-1.836114,0.273607,-0.151652,0.456109,-2.205088,-2.214674,-0.036493
1600,1774597097505,17.786229,273.593,-152.222,456.117,0.207733,0.683851,-0.663857,0.220203,0.57447,1.891141,-1.835848,0.273593,-0.152222,0.456117,-2.205087,-2.21467,-0.036615
1601,1774597097516,17.797341,273.608,-152.763,456.108,0.207727,0.683874,-0.663883,0.220057,0.574499,1.891351,-1.836061,0.273608,-0.152763,0.456108,-2.204913,-2.214806,-0.036684
1602,1774597097527,17.808452,273.62,-153.821,456.1,0.207849,0.683917,-0.663859,0.219881,0.574888,1.891646,-1.836167,0.27362,-0.153821,0.4561,-2.204979,-2.214831,-0.036687
1603,1774597097538,17.819563,273.637,-154.324,456.079,0.207705,0.683951,-0.663847,0.219948,0.574471,1.891672,-1.836067,0.273637,-0.154324,0.456079,-2.204877,-2.214877,-0.036604
1604,1774597097549,17.830674,273.632,-154.831,456.055,0.207748,0.68377,-0.664008,0.219986,0.574578,1.891132,-1.836475,0.273632,-0.154831,0.456055,-2.204908,-2.214794,-0.036575
1605,1774597097560,17.841786,273.658,-155.769,456.042,0.207655,0.683887,-0.663939,0.219916,0.574342,1.891527,-1.836355,0.273658,-0.155769,0.456042,-2.204895,-2.214846,-0.036524
1606,1774597097571,17.852897,273.664,-156.209,456.036,0.207606,0.683767,-0.66405,0.220002,0.57418,1.891108,-1.836576,0.273664,-0.156209,0.456036,-2.204801,-2.214986,-0.036533
1607,1774597097583,17.864008,273.638,-157.045,456.068,0.207561,0.68389,-0.663959,0.219934,0.574076,1.891518,-1.836393,0.273638,-0.157045,0.456068,-2.204915,-2.21509,-0.036619
1608,1774597097594,17.875119,273.662,-157.441,456.06,0.207579,0.683863,-0.663941,0.220058,0.574088,1.891319,-1.836221,0.273662,-0.157441,0.45606,-2.204938,-2.215107,-0.036606
1609,1774597097605,17.886231,273.667,-157.846,456.063,0.207654,0.683715,-0.66407,0.220057,0.574296,1.890909,-1.836579,0.273667,-0.157846,0.456063,-2.205012,-2.215043,-0.036641
1610,1774597097616,17.897342,273.693,-158.589,456.064,0.207612,0.683968,-0.663835,0.220022,0.57419,1.891644,-1.835962,0.273693,-0.158589,0.456064,-2.205088,-2.215031,-0.036703
1611,1774597097627,17.908453,273.726,-158.926,456.033,0.207552,0.683909,-0.663911,0.220026,0.574025,1.891478,-1.83617,0.273726,-0.158926,0.456033,-2.204968,-2.215088,-0.036588
1612,1774597097638,17.919565,273.727,-159.262,456.057,0.207674,0.683886,-0.663879,0.220084,0.574344,1.891355,-1.836023,0.273727,-0.159262,0.456057,-2.20509,-2.215104,-0.03671
1613,1774597097649,17.930676,273.74,-159.588,456.072,0.20758,0.68395,-0.663868,0.220006,0.574107,1.891612,-1.83607,0.27374,-0.159588,0.456072,-2.205118,-2.215183,-0.036782
1614,1774597097660,17.941787,273.805,-160.19,456.046,0.20764,0.683827,-0.663946,0.220095,0.574247,1.891183,-1.836199,0.273805,-0.16019,0.456046,-2.20506,-2.215166,-0.036698
1615,1774597097671,17.952899,273.87,-160.768,456.027,0.207642,0.683933,-0.663846,0.220067,0.574259,1.891502,-1.835951,0.27387,-0.160768,0.456027,-2.205197,-2.215055,-0.036655
1616,1774597097683,17.96401,273.895,-161.029,456.037,0.20765,0.683835,-0.663949,0.220054,0.574286,1.891245,-1.836247,0.273895,-0.161029,0.456037,-2.205182,-2.215064,-0.036644
1617,1774597097694,17.975121,273.964,-161.522,456.027,0.207648,0.683933,-0.663862,0.220014,0.574292,1.891556,-1.836045,0.273964,-0.161522,0.456027,-2.205102,-2.215214,-0.036617
1618,1774597097705,17.986232,274.004,-161.75,456.033,0.207513,0.684004,-0.663833,0.220008,0.573921,1.891758,-1.835971,0.274004,-0.16175,0.456033,-2.205109,-2.215243,-0.036574
1619,1774597097716,17.997343,274.026,-161.984,456.038,0.207525,0.683985,-0.66384,0.220032,0.573949,1.891682,-1.835969,0.274026,-0.161984,0.456038,-2.205224,-2.215198,-0.036604
1620,1774597097727,18.008454,274.084,-162.4,456.047,0.207539,0.68401,-0.663787,0.220103,0.573964,1.891679,-1.835753,0.274084,-0.1624,0.456047,-2.20531,-2.2152,-0.03665
1621,1774597097738,18.019566,274.118,-162.594,456.05,0.207576,0.683935,-0.663836,0.220154,0.57405,1.89142,-1.835838,0.274118,-0.162594,0.45605,-2.205421,-2.215177,-0.036651
1622,1774597097749,18.030677,274.17,-162.788,456.045,0.207593,0.683894,-0.66389,0.220102,0.574115,1.89136,-1.836036,0.27417,-0.162788,0.456045,-2.205349,-2.215206,-0.036594
1623,1774597097760,18.041788,274.281,-163.147,456.02,0.207621,0.683872,-0.663909,0.220087,0.574195,1.891314,-1.836104,0.274281,-0.163147,0.45602,-2.205304,-2.215124,-0.036453
1624,1774597097771,18.052899,274.341,-163.305,456.01,0.20754,0.683952,-0.663823,0.220175,0.573944,1.891447,-1.835781,0.274341,-0.163305,0.45601,-2.20524,-2.215165,-0.036463
1625,1774597097783,18.06401,274.408,-163.63,456.045,0.207577,0.683835,-0.663918,0.220212,0.574037,1.891088,-1.83601,0.274408,-0.16363,0.456045,-2.205336,-2.215233,-0.036576
1626,1774597097794,18.075122,274.463,-163.771,456.055,0.207572,0.683921,-0.663826,0.22023,0.574017,1.891308,-1.835735,0.274463,-0.163771,0.456055,-2.205365,-2.215287,-0.036579
1627,1774597097805,18.086233,274.514,-163.917,456.058,0.207461,0.683931,-0.663803,0.220371,0.573666,1.891194,-1.835536,0.274514,-0.163917,0.456058,-2.205368,-2.215289,-0.036611
1628,1774597097816,18.097344,274.662,-164.197,456.046,0.207537,0.683884,-0.663869,0.220246,0.573916,1.89119,-1.835841,0.274662,-0.164197,0.456046,-2.205381,-2.215269,-0.036503
1629,1774597097827,18.108455,274.753,-164.333,456.009,0.207634,0.683727,-0.663969,0.220342,0.574155,1.890657,-1.836024,0.274753,-0.164333,0.456009,-2.205272,-2.21518,-0.0364
1630,1774597097838,18.119567,274.907,-164.587,456.005,0.207623,0.683732,-0.66395,0.220394,0.574109,1.89062,-1.83592,0.274907,-0.164587,0.456005,-2.205448,-2.21506,-0.036325
1631,1774597097849,18.130678,274.998,-164.708,456.003,0.207629,0.683626,-0.664075,0.220342,0.574141,1.890379,-1.836315,0.274998,-0.164708,0.456003,-2.205477,-2.21498,-0.03625
1632,1774597097860,18.14179,275.091,-164.808,456.007,0.207566,0.683806,-0.663886,0.220412,0.573944,1.890808,-1.835725,0.275091,-0.164808,0.456007,-2.205502,-2.215005,-0.036275
1633,1774597097871,18.152901,275.291,-165.025,456.02,0.20743,0.683848,-0.663854,0.220507,0.57354,1.890829,-1.835545,0.275291,-0.165025,0.45602,-2.205501,-2.215056,-0.036333
1634,1774597097883,18.164012,275.42,-165.127,456.017,0.207458,0.683742,-0.66396,0.22049,0.573623,1.890551,-1.835853,0.27542,-0.165127,0.456017,-2.205484,-2.215034,-0.036267
1635,1774597097894,18.175123,275.71,-165.324,455.973,0.207492,0.683789,-0.663892,0.220515,0.57371,1.890656,-1.835643,0.27571,-0.165324,0.455973,-2.205388,-2.214932,-0.036134
1636,1774597097905,18.186235,275.863,-165.418,455.974,0.207507,0.683778,-0.663881,0.22057,0.573734,1.890571,-1.835559,0.275863,-0.165418,0.455974,-2.205433,-2.214919,-0.036054
1637,1774597097916,18.197346,276.018,-165.51,455.967,0.207499,0.683665,-0.664001,0.220566,0.573713,1.890262,-1.835893,0.276018,-0.16551,0.455967,-2.205458,-2.214837,-0.036021
1638,1774597097927,18.208457,276.343,-165.67,455.995,0.207527,0.683666,-0.664003,0.22053,0.573801,1.890301,-1.835936,0.276343,-0.16567,0.455995,-2.205561,-2.214914,-0.036069
1639,1774597097938,18.219569,276.545,-165.743,455.983,0.207523,0.68362,-0.664043,0.220558,0.573781,1.890146,-1.836017,0.276545,-0.165743,0.455983,-2.205465,-2.214919,-0.035987
1640,1774597097949,18.23068,276.738,-165.82,455.994,0.207384,0.683843,-0.663817,0.220675,0.573362,1.890648,-1.83528,0.276738,-0.16582,0.455994,-2.205591,-2.214886,-0.035979
1641,1774597097960,18.241791,277.177,-165.944,456.026,0.207515,0.683596,-0.664107,0.220445,0.573794,1.890193,-1.836306,0.277177,-0.165944,0.456026,-2.205537,-2.214964,-0.036001
1642,1774597097971,18.252902,277.398,-166.006,456.049,0.207503,0.683755,-0.663882,0.22064,0.573702,1.890439,-1.835494,0.277398,-0.166006,0.456049,-2.205681,-2.214979,-0.036115
1643,1774597097983,18.264013,277.917,-166.116,456.069,0.207609,0.683646,-0.663971,0.220611,0.574004,1.890166,-1.835768,0.277917,-0.166116,0.456069,-2.205602,-2.21503,-0.036095
1644,1774597097994,18.275125,278.197,-166.174,456.023,0.207444,0.683812,-0.663805,0.22075,0.573507,1.890487,-1.835173,0.278197,-0.166174,0.456023,-2.205595,-2.214912,-0.035942
1645,1774597098005,18.286236,278.491,-166.22,456.07,0.207556,0.68368,-0.663922,0.220703,0.57383,1.89017,-1.835543,0.278491,-0.16622,0.45607,-2.205694,-2.21496,-0.036001
1646,1774597098016,18.297347,278.801,-166.273,456.056,0.207499,0.683664,-0.663991,0.220598,0.573705,1.89023,-1.835835,0.278801,-0.166273,0.456056,-2.205589,-2.214986,-0.035997
1647,1774597098027,18.308458,279.465,-166.367,456.055,0.207586,0.683584,-0.664043,0.220608,0.57394,1.889998,-1.835969,0.279465,-0.166367,0.456055,-2.20557,-2.21491,-0.035858
1648,1774597098038,18.31957,280.155,-166.466,456.08,0.207664,0.683588,-0.66401,0.22062,0.574154,1.889997,-1.835868,0.280155,-0.166466,0.45608,-2.20567,-2.214852,-0.035894
1649,1774597098049,18.330681,280.505,-166.489,456.114,0.207631,0.683498,-0.664178,0.220426,0.57412,1.88994,-1.836521,0.280505,-0.166489,0.456114,-2.205628,-2.215053,-0.03603
1650,1774597098060,18.341792,280.903,-166.529,456.11,0.20766,0.683652,-0.663958,0.220584,0.574152,1.890208,-1.835757,0.280903,-0.166529,0.45611,-2.205688,-2.214926,-0.035945
1651,1774597098071,18.352903,281.701,-166.604,456.139,0.207534,0.683751,-0.663956,0.220401,0.57386,1.890667,-1.83593,0.281701,-0.166604,0.456139,-2.205557,-2.215087,-0.035992
1652,1774597098083,18.364014,282.108,-166.652,456.155,0.207522,0.683954,-0.663675,0.22063,0.573759,1.890998,-1.834931,0.282108,-0.166652,0.456155,-2.205739,-2.214951,-0.035928
1653,1774597098094,18.375126,282.989,-166.697,456.155,0.207581,0.683732,-0.663945,0.220448,0.573977,1.890567,-1.835855,0.282989,-0.166697,0.456155,-2.20557,-2.215094,-0.03577
1654,1774597098105,18.386237,283.428,-166.744,456.161,0.207327,0.684013,-0.663718,0.220501,0.573256,1.89129,-1.835176,0.283428,-0.166744,0.456161,-2.205576,-2.215102,-0.035815
1655,1774597098116,18.397348,283.896,-166.771,456.153,0.207377,0.684004,-0.663735,0.220431,0.573416,1.891335,-1.83529,0.283896,-0.166771,0.456153,-2.205458,-2.215113,-0.035721
1656,1774597098127,18.408459,284.85,-166.815,456.165,0.207294,0.683974,-0.663808,0.220381,0.573202,1.891302,-1.835541,0.28485,-0.166815,0.456165,-2.205371,-2.215129,-0.035668
1657,1774597098138,18.419571,285.354,-166.816,456.179,0.207318,0.683951,-0.66381,0.220422,0.573257,1.891198,-1.835507,0.285354,-0.166816,0.456179,-2.205282,-2.215252,-0.035614
1658,1774597098149,18.430682,285.827,-166.825,456.221,0.207172,0.68412,-0.66366,0.220487,0.572834,1.891601,-1.835028,0.285827,-0.166825,0.456221,-2.20529,-2.215371,-0.035704
1659,1774597098160,18.441793,286.851,-166.844,456.296,0.207239,0.68405,-0.66377,0.220314,0.573069,1.891578,-1.835499,0.286851,-0.166844,0.456296,-2.205316,-2.215536,-0.035856
1660,1774597098171,18.452904,287.397,-166.868,456.292,0.207112,0.684104,-0.663712,0.220438,0.572683,1.891604,-1.835221,0.287397,-0.166868,0.456292,-2.205364,-2.215424,-0.035798
1661,1774597098183,18.464015,287.947,-166.879,456.313,0.207179,0.684113,-0.66369,0.220415,0.572874,1.891652,-1.835181,0.287947,-0.166879,0.456313,-2.205369,-2.215484,-0.035791
1662,1774597098194,18.475127,289.09,-166.894,456.338,0.20719,0.68402,-0.663807,0.220339,0.572926,1.891473,-1.835578,0.28909,-0.166894,0.456338,-2.205344,-2.215459,-0.035803
1663,1774597098205,18.486238,289.666,-166.898,456.36,0.207042,0.684338,-0.663471,0.220503,0.572469,1.892186,-1.83449,0.289666,-0.166898,0.45636,-2.205381,-2.215471,-0.035762
1664,1774597098216,18.497349,290.273,-166.886,456.365,0.207135,0.684154,-0.663676,0.220369,0.572766,1.891812,-1.835187,0.290273,-0.166886,0.456365,-2.20532,-2.215491,-0.03579
1665,1774597098227,18.508461,291.509,-166.885,456.377,0.207054,0.684237,-0.663609,0.22039,0.572537,1.892021,-1.834982,0.291509,-0.166885,0.456377,-2.205234,-2.215484,-0.035675
1666,1774597098238,18.519572,292.827,-166.892,456.38,0.207122,0.68415,-0.663703,0.220313,0.572747,1.891857,-1.835316,0.292827,-0.166892,0.45638,-2.205072,-2.215452,-0.035523
1667,1774597098249,18.530683,293.492,-166.88,456.401,0.207194,0.684098,-0.663788,0.220151,0.572997,1.891874,-1.835708,0.293492,-0.16688,0.456401,-2.205054,-2.215515,-0.035547
1668,1774597098260,18.541794,294.14,-166.887,456.464,0.207091,0.684245,-0.66361,0.220327,0.572658,1.892105,-1.835046,0.29414,-0.166887,0.456464,-2.205066,-2.215612,-0.035667
1669,1774597098271,18.552905,295.509,-166.889,456.567,0.207214,0.684219,-0.663638,0.220206,0.573036,1.892157,-1.835241,0.295509,-0.166889,0.456567,-2.205169,-2.215783,-0.035976
1670,1774597098283,18.564017,296.232,-166.884,456.604,0.206982,0.684518,-0.663357,0.220343,0.572352,1.892844,-1.834329,0.296232,-0.166884,0.456604,-2.205181,-2.21588,-0.036095
1671,1774597098294,18.575128,297.76,-166.871,456.549,0.207119,0.684199,-0.663723,0.2201,0.572804,1.892207,-1.835579,0.29776,-0.166871,0.456549,-2.204864,-2.215904,-0.035837
1672,1774597098305,18.586239,298.523,-166.899,456.501,0.207167,0.684202,-0.663733,0.220021,0.572962,1.892292,-1.835681,0.298523,-0.166899,0.456501,-2.204809,-2.215739,-0.035696
1673,1774597098316,18.597351,299.305,-166.897,456.49,0.207256,0.684149,-0.663763,0.220009,0.57321,1.892159,-1.835777,0.299305,-0.166897,0.45649,-2.204668,-2.215728,-0.035609
1674,1774597098327,18.608462,300.895,-166.916,456.501,0.207423,0.684164,-0.663737,0.219885,0.573711,1.892323,-1.835826,0.300895,-0.166916,0.456501,-2.204588,-2.215604,-0.035698
1675,1774597098338,18.619578,301.678,-166.918,456.549,0.20725,0.684351,-0.663546,0.22004,0.573183,1.892687,-1.835147,0.301678,-0.166918,0.456549,-2.204668,-2.215663,-0.035865
1676,1774597098349,18.630689,302.477,-166.918,456.607,0.2072,0.684368,-0.663536,0.220068,0.573038,1.892705,-1.835091,0.302477,-0.166918,0.456607,-2.204749,-2.215725,-0.035965
1677,1774597098360,18.6418,304.089,-166.915,456.749,0.207317,0.684316,-0.663594,0.219943,0.573398,1.892687,-1.835372,0.304089,-0.166915,0.456749,-2.204903,-2.215928,-0.036498
1678,1774597098371,18.652912,304.936,-166.922,456.762,0.207137,0.684535,-0.663348,0.220174,0.57283,1.89306,-1.834469,0.304936,-0.166922,0.456762,-2.204899,-2.215874,-0.036462
1679,1774597098383,18.664023,306.774,-166.924,456.683,0.207413,0.684317,-0.663624,0.219757,0.573721,1.892875,-1.835637,0.306774,-0.166924,0.456683,-2.204546,-2.215699,-0.036149
1680,1774597098394,18.675134,306.774,-166.924,456.683,0.20767,0.684094,-0.663875,0.219452,0.574524,1.892563,-1.836628,0.306774,-0.166924,0.456683,-2.204546,-2.215699,-0.036149
1681,1774597098405,18.686246,308.626,-166.928,456.676,0.207374,0.684356,-0.663605,0.21973,0.573622,1.893011,-1.835611,0.308626,-0.166928,0.456676,-2.204427,-2.215559,-0.036098
1682,1774597098416,18.697357,310.422,-166.911,456.792,0.207389,0.684535,-0.663383,0.219827,0.573635,1.89341,-1.834903,0.310422,-0.166911,0.456792,-2.204654,-2.215726,-0.036383
1683,1774597098427,18.708468,311.319,-166.897,456.85,0.207231,0.684826,-0.663085,0.219972,0.573153,1.894068,-1.833937,0.311319,-0.166897,0.45685,-2.204714,-2.215796,-0.036565
1684,1774597098438,18.719579,313.209,-166.896,456.87,0.207075,0.684962,-0.662937,0.220139,0.572669,1.894277,-1.833367,0.313209,-0.166896,0.45687,-2.204718,-2.215732,-0.036625
1685,1774597098449,18.73069,314.177,-166.905,456.855,0.207497,0.684635,-0.663304,0.219654,0.573985,1.893859,-1.834851,0.314177,-0.166905,0.456855,-2.204632,-2.215648,-0.036658
1686,1774597098460,18.741801,315.195,-166.904,456.832,0.207353,0.684774,-0.663158,0.219798,0.573543,1.894099,-1.834308,0.315195,-0.166904,0.456832,-2.20455,-2.215512,-0.036513
1687,1774597098471,18.752913,317.218,-166.854,456.896,0.20763,0.684288,-0.663703,0.219403,0.574429,1.893149,-1.836198,0.317218,-0.166854,0.456896,-2.204402,-2.215726,-0.036718
1688,1774597098483,18.764024,318.202,-166.845,456.959,0.207475,0.684734,-0.663268,0.219475,0.573977,1.894313,-1.834926,0.318202,-0.166845,0.456959,-2.204404,-2.21585,-0.037059
1689,1774597098494,18.775135,320.256,-166.846,456.977,0.207697,0.684639,-0.663327,0.219385,0.57462,1.894137,-1.835176,0.320256,-0.166846,0.456977,-2.204399,-2.215772,-0.036932
1690,1774597098505,18.786246,321.312,-166.853,457.015,0.207968,0.684146,-0.663776,0.219307,0.575394,1.892853,-1.836494,0.321312,-0.166853,0.457015,-2.204419,-2.215722,-0.037007
1691,1774597098516,18.797358,322.381,-166.859,457.052,0.20761,0.684958,-0.662994,0.219478,0.57435,1.894927,-1.834165,0.322381,-0.166859,0.457052,-2.204389,-2.215674,-0.037184
1692,1774597098527,18.808469,324.538,-166.819,457.139,0.207402,0.6847,-0.663353,0.219392,0.573801,1.8943,-1.835241,0.324538,-0.166819,0.457139,-2.204354,-2.215869,-0.037345
1693,1774597098538,18.81958,325.633,-166.787,457.149,0.207612,0.684441,-0.663627,0.219173,0.574448,1.893804,-1.836212,0.325633,-0.166787,0.457149,-2.20424,-2.215975,-0.03732
1694,1774597098549,18.830691,326.766,-166.797,457.065,0.2077,0.684427,-0.663635,0.219108,0.574712,1.89383,-1.836298,0.326766,-0.166797,0.457065,-2.20402,-2.215775,-0.037004
1695,1774597098560,18.841802,328.99,-166.771,457.063,0.207766,0.684278,-0.663771,0.2191,0.574897,1.893426,-1.836682,0.32899,-0.166771,0.457063,-2.203905,-2.215751,-0.036923
1696,1774597098571,18.852914,330.047,-166.769,457.16,0.207533,0.684927,-0.66311,0.219295,0.574194,1.895025,-1.834664,0.330047,-0.166769,0.45716,-2.204129,-2.215889,-0.037292
1697,1774597098583,18.864025,332.216,-166.737,457.277,0.207605,0.684807,-0.663256,0.219161,0.574434,1.894828,-1.835198,0.332216,-0.166737,0.457277,-2.204465,-2.2161,-0.037726
1698,1774597098594,18.87514,333.386,-166.726,457.218,0.207506,0.684768,-0.663267,0.219344,0.574102,1.894538,-1.835049,0.333386,-0.166726,0.457218,-2.204327,-2.216015,-0.037523
1699,1774597098605,18.886251,334.585,-166.738,457.158,0.207609,0.684627,-0.663417,0.219231,0.574423,1.89426,-1.835576,0.334585,-0.166738,0.457158,-2.204173,-2.215832,-0.037272
1700,1774597098616,18.897362,336.946,-166.737,457.136,0.207958,0.684239,-0.663843,0.218821,0.575513,1.893598,-1.837153,0.336946,-0.166737,0.457136,-2.203993,-2.215723,-0.03732
1701,1774597098627,18.908473,338.068,-166.709,457.213,0.207314,0.685019,-0.663035,0.21944,0.573544,1.895136,-1.834315,0.338068,-0.166709,0.457213,-2.204076,-2.215903,-0.037516
1702,1774597098638,18.919585,340.35,-166.713,457.298,0.207483,0.685228,-0.662816,0.219292,0.574056,1.895861,-1.833853,0.34035,-0.166713,0.457298,-2.204115,-2.216031,-0.038104
1703,1774597098649,18.930696,341.541,-166.743,457.295,0.207663,0.684645,-0.663419,0.219116,0.574608,1.894425,-1.835692,0.341541,-0.166743,0.457295,-2.204159,-2.215951,-0.038097
1704,1774597098660,18.941807,342.76,-166.72,457.272,0.207636,0.68502,-0.663063,0.21905,0.574553,1.895529,-1.83477,0.34276,-0.16672,0.457272,-2.203947,-2.215931,-0.038025
1705,1774597098671,18.952919,345.095,-166.672,457.272,0.207803,0.684466,-0.663649,0.218847,0.575078,1.894199,-1.836591,0.345095,-0.166672,0.457272,-2.203836,-2.21592,-0.038072
1706,1774597098683,18.96403,346.265,-166.644,457.299,0.207872,0.684572,-0.663569,0.218691,0.575315,1.894649,-1.836521,0.346265,-0.166644,0.457299,-2.203721,-2.216028,-0.038139
1707,1774597098694,18.975144,348.579,-166.652,457.415,0.207835,0.684944,-0.663158,0.218811,0.575176,1.895558,-1.835265,0.348579,-0.166652,0.457415,-2.203789,-2.216048,-0.038498
1708,1774597098705,18.986255,349.731,-166.64,457.435,0.207875,0.684643,-0.663487,0.218717,0.575316,1.894819,-1.836268,0.349731,-0.16664,0.457435,-2.203754,-2.21605,-0.038543
1709,1774597098716,18.997366,350.901,-166.632,457.403,0.207465,0.68548,-0.662664,0.218982,0.5741,1.896869,-1.833732,0.350901,-0.166632,0.457403,-2.203519,-2.21598,-0.038457
1710,1774597098727,19.008477,353.273,-166.599,457.339,0.207803,0.68495,-0.663235,0.21859,0.575154,1.895796,-1.835694,0.353273,-0.166599,0.457339,-2.203128,-2.215943,-0.038172
1711,1774597098738,19.019589,354.384,-166.566,457.399,0.207783,0.685031,-0.663138,0.218649,0.575081,1.895961,-1.835367,0.354384,-0.166566,0.457399,-2.20324,-2.21599,-0.038216
1712,1774597098749,19.0307,356.561,-166.549,457.524,0.207478,0.685315,-0.662828,0.218986,0.574136,1.89641,-1.834184,0.356561,-0.166549,0.457524,-2.203342,-2.21616,-0.038827
1713,1774597098760,19.041811,357.655,-166.509,457.575,0.207667,0.685197,-0.662985,0.218703,0.574745,1.896367,-1.834891,0.357655,-0.166509,0.457575,-2.203442,-2.216279,-0.038967
1714,1774597098771,19.052922,358.632,-166.493,457.751,0.207891,0.68486,-0.663332,0.218491,0.57543,1.895648,-1.83606,0.358632,-0.166493,0.457751,-2.203715,-2.216501,-0.039413
1715,1774597098783,19.064034,361.037,-166.471,457.53,0.208314,0.684354,-0.663864,0.21806,0.576731,1.894678,-1.83795,0.361037,-0.166471,0.45753,-2.20323,-2.2161,-0.039028
1716,1774597098794,19.075145,362.146,-166.434,457.506,0.207978,0.68483,-0.663375,0.218372,0.575706,1.895684,-1.836294,0.362146,-0.166434,0.457506,-2.203154,-2.216139,-0.038953
1717,1774597098805,19.086256,363.247,-166.401,457.5,0.20768,0.68494,-0.66328,0.2186,0.574812,1.895759,-1.835808,0.363247,-0.166401,0.4575,-2.203037,-2.216171,-0.039097
1718,1774597098816,19.097368,365.452,-166.366,457.548,0.20776,0.684685,-0.663544,0.218524,0.575055,1.895129,-1.836612,0.365452,-0.166366,0.457548,-2.203128,-2.216351,-0.039402
1719,1774597098827,19.108479,366.552,-166.354,457.521,0.207642,0.685113,-0.663076,0.218713,0.574672,1.896125,-1.835134,0.366552,-0.166354,0.457521,-2.20308,-2.216395,-0.039401
1720,1774597098838,19.11959,368.772,-166.33,457.377,0.207891,0.684774,-0.663421,0.218493,0.575428,1.895407,-1.836302,0.368772,-0.16633,0.457377,-2.202801,-2.216154,-0.039039
1721,1774597098849,19.130701,369.841,-166.328,457.346,0.20763,0.685333,-0.66283,0.218783,0.574616,1.896662,-1.834384,0.369841,-0.166328,0.457346,-2.202777,-2.216061,-0.03899
1722,1774597098860,19.141813,370.942,-166.284,457.312,0.20805,0.684759,-0.663431,0.218357,0.575908,1.895501,-1.836464,0.370942,-0.166284,0.457312,-2.202614,-2.216121,-0.038976
1723,1774597098871,19.152924,373.019,-166.239,457.341,0.207813,0.684977,-0.663239,0.218482,0.575215,1.89598,-1.835809,0.373019,-0.166239,0.457341,-2.20295,-2.216236,-0.039391
1724,1774597098883,19.164035,374.074,-166.195,457.31,0.207966,0.684687,-0.66356,0.218269,0.575703,1.895391,-1.836906,0.374074,-0.166195,0.45731,-2.202936,-2.216345,-0.039404
1725,1774597098894,19.175146,376.224,-166.192,457.135,0.208174,0.684723,-0.663514,0.218099,0.576331,1.895661,-1.836945,0.376224,-0.166192,0.457135,-2.20263,-2.216054,-0.03921
1726,1774597098905,19.186258,377.241,-166.173,457.109,0.208298,0.684662,-0.663628,0.217826,0.576757,1.895765,-1.837525,0.377241,-0.166173,0.457109,-2.202723,-2.216028,-0.039176
1727,1774597098916,19.197369,378.262,-166.132,457.076,0.208138,0.684802,-0.663502,0.21792,0.576286,1.89606,-1.837086,0.378262,-0.166132,0.457076,-2.202598,-2.216128,-0.039111
1728,1774597098927,19.20848,380.192,-166.08,457.101,0.207846,0.68543,-0.662837,0.218251,0.575378,1.897465,-1.83492,0.380192,-0.16608,0.457101,-2.202802,-2.216238,-0.039414
1729,1774597098938,19.219591,381.18,-166.073,457.061,0.208144,0.685001,-0.663259,0.21803,0.57627,1.896499,-1.836306,0.38118,-0.166073,0.457061,-2.202878,-2.216169,-0.039401
1730,1774597098949,19.230703,382.169,-166.075,457.014,0.208198,0.684688,-0.663587,0.217967,0.576437,1.895695,-1.837272,0.382169,-0.166075,0.457014,-2.202897,-2.216092,-0.039331
1731,1774597098960,19.241814,384.119,-166.057,456.912,0.208119,0.68501,-0.663291,0.21793,0.576231,1.896626,-1.83649,0.384119,-0.166057,0.456912,-2.202731,-2.216008,-0.039434
1732,1774597098971,19.252925,385.09,-166.038,456.816,0.208267,0.684746,-0.663591,0.217705,0.576709,1.89612,-1.837539,0.38509,-0.166038,0.456816,-2.202529,-2.215835,-0.039142
1733,1774597098983,19.264036,386.884,-166.007,456.853,0.208132,0.685178,-0.663102,0.217963,0.576257,1.897057,-1.835936,0.386884,-0.166007,0.456853,-2.202687,-2.215918,-0.039218
1734,1774597098994,19.275148,387.768,-165.996,456.89,0.208249,0.685241,-0.663023,0.217893,0.5766,1.897302,-1.835785,0.387768,-0.165996,0.45689,-2.202714,-2.216019,-0.039453
1735,1774597099005,19.286259,388.599,-165.969,456.966,0.208165,0.685219,-0.663082,0.217863,0.576379,1.897271,-1.835976,0.388599,-0.165969,0.456966,-2.202862,-2.216141,-0.039765
1736,1774597099016,19.29737,390.362,-165.942,456.887,0.207981,0.6855,-0.662759,0.21814,0.575784,1.89777,-1.834812,0.390362,-0.165942,0.456887,-2.202754,-2.21603,-0.039732
1737,1774597099027,19.308481,391.259,-165.944,456.794,0.20843,0.684834,-0.663443,0.21772,0.577157,1.89635,-1.837117,0.391259,-0.165944,0.456794,-2.202631,-2.215859,-0.039509
1738,1774597099038,19.319592,393.009,-165.915,456.654,0.208531,0.684902,-0.663371,0.21763,0.577462,1.896628,-1.837004,0.393009,-0.165915,0.456654,-2.202242,-2.215642,-0.039261
1739,1774597099049,19.330704,393.802,-165.912,456.649,0.208323,0.685031,-0.663241,0.217821,0.576828,1.896792,-1.836457,0.393802,-0.165912,0.456649,-2.202328,-2.215609,-0.039337
1740,1774597099060,19.341815,394.524,-165.881,456.745,0.208794,0.684571,-0.66372,0.217354,0.578277,1.895988,-1.838239,0.394524,-0.165881,0.456745,-2.20243,-2.215793,-0.039714
1741,1774597099071,19.352926,396.027,-165.873,456.801,0.208338,0.685251,-0.662949,0.218002,0.576815,1.897219,-1.835474,0.396027,-0.165873,0.456801,-2.20269,-2.215885,-0.040176
1742,1774597099083,19.364038,396.827,-165.864,456.766,0.208715,0.684688,-0.663536,0.217625,0.577974,1.896041,-1.837465,0.396827,-0.165864,0.456766,-2.202614,-2.21582,-0.040158
1743,1774597099094,19.375149,398.401,-165.83,456.65,0.208854,0.684827,-0.66338,0.21753,0.578389,1.896521,-1.837125,0.398401,-0.16583,0.45665,-2.202443,-2.21564,-0.040039
1744,1774597099105,19.38626,399.151,-165.792,456.615,0.208803,0.684891,-0.663324,0.217549,0.57824,1.89668,-1.836951,0.399151,-0.165792,0.456615,-2.202436,-2.215562,-0.039882
1745,1774597099116,19.397371,399.881,-165.771,456.593,0.208672,0.685066,-0.663161,0.217622,0.577856,1.897088,-1.836429,0.399881,-0.165771,0.456593,-2.202317,-2.215508,-0.039908
1746,1774597099127,19.408482,401.282,-165.748,456.594,0.208801,0.684832,-0.663374,0.217584,0.578226,1.896479,-1.837056,0.401282,-0.165748,0.456594,-2.202313,-2.215479,-0.040067
1747,1774597099138,19.419594,401.958,-165.734,456.601,0.209,0.684589,-0.663647,0.217325,0.578854,1.896067,-1.838064,0.401958,-0.165734,0.456601,-2.202345,-2.215475,-0.040174
1748,1774597099149,19.430705,403.279,-165.706,456.637,0.208664,0.685291,-0.66293,0.217622,0.577834,1.897713,-1.835789,0.403279,-0.165706,0.456637,-2.202417,-2.215666,-0.040636
1749,1774597099160,19.441816,403.937,-165.685,456.619,0.208646,0.685229,-0.663021,0.217557,0.577804,1.897607,-1.836106,0.403937,-0.165685,0.456619,-2.202341,-2.215686,-0.040767
1750,1774597099171,19.452928,404.609,-165.67,456.55,0.208661,0.685172,-0.663083,0.217534,0.577852,1.89747,-1.836301,0.404609,-0.16567,0.45655,-2.202225,-2.215605,-0.040677
1751,1774597099183,19.464039,405.951,-165.642,456.417,0.208746,0.685078,-0.663182,0.217445,0.578116,1.897301,-1.83666,0.405951,-0.165642,0.456417,-2.201994,-2.215412,-0.040448
1752,1774597099194,19.47515,406.568,-165.628,456.403,0.208868,0.685074,-0.663184,0.217337,0.578487,1.897398,-1.836771,0.406568,-0.165628,0.456403,-2.202003,-2.215412,-0.040612
1753,1774597099205,19.486261,407.132,-165.62,456.451,0.20868,0.685468,-0.662771,0.217535,0.577904,1.89829,-1.835433,0.407132,-0.16562,0.456451,-2.202084,-2.215488,-0.040927
1754,1774597099216,19.497373,408.219,-165.564,456.545,0.208576,0.685888,-0.662311,0.21771,0.577564,1.899276,-1.833992,0.408219,-0.165564,0.456545,-2.20236,-2.215595,-0.041435
1755,1774597099227,19.508484,408.736,-165.547,456.573,0.208929,0.68544,-0.662792,0.217319,0.578659,1.898429,-1.835702,0.408736,-0.165547,0.456573,-2.202357,-2.215665,-0.041724
1756,1774597099238,19.519595,409.835,-165.502,456.493,0.208769,0.685521,-0.662685,0.217544,0.578148,1.898429,-1.835187,0.409835,-0.165502,0.456493,-2.202324,-2.215516,-0.041641
1757,1774597099249,19.530707,410.381,-165.491,456.435,0.208765,0.685627,-0.662594,0.21749,0.578155,1.898776,-1.834989,0.410381,-0.165491,0.456435,-2.202225,-2.215426,-0.041659
1758,1774597099260,19.541818,410.926,-165.48,456.338,0.209226,0.685096,-0.663173,0.216956,0.579596,1.897842,-1.837111,0.410926,-0.16548,0.456338,-2.202046,-2.215222,-0.041528
1759,1774597099271,19.552929,411.896,-165.398,456.322,0.208874,0.685784,-0.662456,0.217309,0.578512,1.899394,-1.834783,0.411896,-0.165398,0.456322,-2.202037,-2.215316,-0.041608
1760,1774597099283,19.56404,412.327,-165.384,456.352,0.209194,0.685268,-0.662995,0.216986,0.579497,1.898288,-1.836589,0.412327,-0.165384,0.456352,-2.202099,-2.215344,-0.041897
1761,1774597099294,19.575152,412.774,-165.356,456.333,0.20901,0.685458,-0.662793,0.217184,0.578926,1.898615,-1.835836,0.412774,-0.165356,0.456333,-2.201998,-2.21533,-0.041932
1762,1774597099305,19.586263,413.645,-165.308,456.248,0.209078,0.685363,-0.662886,0.21713,0.579132,1.898407,-1.836148,0.413645,-0.165308,0.456248,-2.201829,-2.215146,-0.041872
1763,1774597099316,19.597374,414.061,-165.291,456.179,0.209217,0.68523,-0.663016,0.217023,0.579549,1.898145,-1.83661,0.414061,-0.165291,0.456179,-2.201694,-2.215017,-0.041848
1764,1774597099327,19.608486,414.845,-165.225,456.098,0.209258,0.685212,-0.663048,0.21694,0.579687,1.898179,-1.83678,0.414845,-0.165225,0.456098,-2.201566,-2.2149,-0.041789
1765,1774597099338,19.619597,415.194,-165.187,456.096,0.20934,0.685055,-0.66323,0.216802,0.579957,1.897882,-1.837418,0.415194,-0.165187,0.456096,-2.201529,-2.214928,-0.041944
1766,1774597099349,19.630708,415.793,-165.09,456.197,0.209148,0.685485,-0.66279,0.21697,0.579375,1.898907,-1.836038,0.415793,-0.16509,0.456197,-2.201743,-2.215202,-0.042391
1767,1774597099360,19.64182,416.088,-165.073,456.229,0.209064,0.685717,-0.662574,0.216978,0.579138,1.899541,-1.835431,0.416088,-0.165073,0.456229,-2.201816,-2.215186,-0.042726
1768,1774597099371,19.652931,416.365,-165.015,456.257,0.209083,0.685407,-0.662901,0.21694,0.579203,1.898721,-1.836374,0.416365,-0.165015,0.456257,-2.201828,-2.215345,-0.042872
1769,1774597099383,19.664042,416.948,-164.961,456.196,0.209094,0.685468,-0.662832,0.216951,0.57923,1.898876,-1.836171,0.416948,-0.164961,0.456196,-2.201759,-2.21526,-0.042897
1770,1774597099394,19.675155,417.244,-164.92,456.127,0.209424,0.685478,-0.662844,0.216565,0.580263,1.899294,-1.836579,0.417244,-0.16492,0.456127,-2.201542,-2.215228,-0.042817
1771,1774597099405,19.686266,417.531,-164.886,456.073,0.209371,0.685326,-0.663006,0.2166,0.580107,1.898837,-1.836994,0.417531,-0.164886,0.456073,-2.201439,-2.215182,-0.042779
1772,1774597099416,19.697377,418.016,-164.805,456.018,0.209302,0.685402,-0.662954,0.216584,0.57992,1.899065,-1.836868,0.418016,-0.164805,0.456018,-2.201387,-2.21516,-0.042635
1773,1774597099427,19.708488,418.246,-164.768,456.009,0.209158,0.685407,-0.662976,0.216642,0.579502,1.899019,-1.83687,0.418246,-0.164768,0.456009,-2.201318,-2.215206,-0.042781
1774,1774597099438,19.719599,418.633,-164.691,456.021,0.209319,0.685354,-0.663031,0.216485,0.579997,1.899033,-1.837176,0.418633,-0.164691,0.456021,-2.201356,-2.215262,-0.04303
1775,1774597099449,19.730711,418.848,-164.646,455.986,0.209256,0.685554,-0.662813,0.216579,0.579794,1.899491,-1.836482,0.418848,-0.164646,0.455986,-2.201289,-2.215249,-0.042956
1776,1774597099460,19.741822,419.07,-164.594,455.933,0.20948,0.685316,-0.663029,0.216458,0.580451,1.898952,-1.837197,0.41907,-0.164594,0.455933,-2.201217,-2.215204,-0.042877
1777,1774597099471,19.752933,419.468,-164.52,455.845,0.209463,0.685397,-0.662958,0.216431,0.580411,1.899205,-1.837028,0.419468,-0.16452,0.455845,-2.201078,-2.215016,-0.042875
1778,1774597099483,19.764045,419.635,-164.466,455.845,0.20954,0.685467,-0.662884,0.216365,0.580646,1.899464,-1.836885,0.419635,-0.164466,0.455845,-2.201091,-2.21501,-0.042979
1779,1774597099494,19.775156,419.943,-164.349,455.854,0.20947,0.685319,-0.663034,0.216441,0.580429,1.898979,-1.837227,0.419943,-0.164349,0.455854,-2.201254,-2.215002,-0.043144
1780,1774597099505,19.786267,420.101,-164.298,455.839,0.209433,0.685405,-0.662934,0.216511,0.580305,1.899145,-1.836884,0.420101,-0.164298,0.455839,-2.201285,-2.21493,-0.043109
1781,1774597099516,19.797379,420.234,-164.239,455.848,0.209421,0.685354,-0.662991,0.21651,0.580272,1.899006,-1.83704,0.420234,-0.164239,0.455848,-2.201366,-2.214939,-0.04319
1782,1774597099527,19.80849,420.501,-164.12,455.841,0.209526,0.685383,-0.662949,0.216445,0.580582,1.89915,-1.836989,0.420501,-0.16412,0.455841,-2.201343,-2.214902,-0.043382
1783,1774597099538,19.819601,420.641,-164.046,455.833,0.209502,0.685504,-0.662814,0.216497,0.580501,1.899433,-1.836563,0.420641,-0.164046,0.455833,-2.201387,-2.214869,-0.043395
1784,1774597099549,19.830712,420.886,-163.885,455.825,0.209654,0.685337,-0.662976,0.216383,0.580956,1.899087,-1.837123,0.420886,-0.163885,0.455825,-2.201388,-2.214876,-0.043433
1785,1774597099560,19.841823,421.003,-163.78,455.827,0.209597,0.685502,-0.662813,0.216414,0.580791,1.899513,-1.836643,0.421003,-0.16378,0.455827,-2.20137,-2.214945,-0.043532
1786,1774597099571,19.852935,421.126,-163.695,455.817,0.209677,0.685408,-0.662912,0.216334,0.581036,1.899331,-1.836993,0.421126,-0.163695,0.455817,-2.201405,-2.214902,-0.043481
1787,1774597099583,19.864046,421.326,-163.485,455.828,0.209607,0.685575,-0.662746,0.216378,0.580828,1.899752,-1.836491,0.421326,-0.163485,0.455828,-2.201369,-2.214956,-0.043679
1788,1774597099594,19.875157,421.423,-163.368,455.838,0.209712,0.685427,-0.662913,0.216234,0.581162,1.899484,-1.837095,0.421423,-0.163368,0.455838,-2.201363,-2.21493,-0.043803
1789,1774597099605,19.886269,421.529,-163.253,455.821,0.209821,0.685449,-0.662852,0.216246,0.581462,1.899535,-1.836912,0.421529,-0.163253,0.455821,-2.201386,-2.214902,-0.043805
1790,1774597099616,19.89738,421.72,-162.965,455.811,0.209665,0.685616,-0.662705,0.216317,0.581006,1.899927,-1.836437,0.42172,-0.162965,0.455811,-2.201414,-2.21488,-0.043781
1791,1774597099627,19.908491,421.808,-162.82,455.798,0.209631,0.685695,-0.662617,0.216371,0.580896,1.900092,-1.836139,0.421808,-0.16282,0.455798,-2.201417,-2.21486,-0.043826
1792,1774597099638,19.919602,421.977,-162.457,455.802,0.20968,0.685669,-0.66261,0.216427,0.581015,1.899961,-1.836066,0.421977,-0.162457,0.455802,-2.201393,-2.214898,-0.043935
1793,1774597099649,19.930714,422.049,-162.272,455.813,0.209727,0.685729,-0.66256,0.216343,0.581171,1.900214,-1.836009,0.422049,-0.162272,0.455813,-2.201433,-2.214888,-0.044001
1794,1774597099660,19.941825,422.134,-162.067,455.818,0.209687,0.685656,-0.662648,0.216344,0.581061,1.900009,-1.836253,0.422134,-0.162067,0.455818,-2.201379,-2.214864,-0.044067
1795,1774597099671,19.952936,422.273,-161.633,455.822,0.209833,0.685683,-0.662604,0.216252,0.581494,1.900176,-1.83622,0.422273,-0.161633,0.455822,-2.201466,-2.21488,-0.04417
1796,1774597099683,19.964048,422.349,-161.41,455.832,0.209892,0.685638,-0.662638,0.216236,0.581662,1.900068,-1.836329,0.422349,-0.16141,0.455832,-2.20148,-2.214844,-0.044191
1797,1774597099694,19.975159,422.498,-160.918,455.811,0.209921,0.685567,-0.662701,0.216238,0.58174,1.899869,-1.836502,0.422498,-0.160918,0.455811,-2.20145,-2.214765,-0.044252
1798,1774597099705,19.98627,422.552,-160.648,455.834,0.209941,0.685578,-0.662702,0.21618,0.581814,1.89996,-1.836562,0.422552,-0.160648,0.455834,-2.201459,-2.214853,-0.044166
1799,1774597099716,19.997381,422.616,-160.394,455.826,0.209954,0.685687,-0.662564,0.216244,0.58183,1.900197,-1.836117,0.422616,-0.160394,0.455826,-2.20141,-2.214833,-0.044245
1800,1774597099727,20.008493,422.721,-159.821,455.848,0.209988,0.685715,-0.662523,0.21625,0.581923,1.900268,-1.835996,0.422721,-0.159821,0.455848,-2.201429,-2.214858,-0.04433
1801,1774597099738,20.019604,422.795,-159.518,455.816,0.210008,0.685525,-0.662724,0.216214,0.581989,1.899779,-1.836591,0.422795,-0.159518,0.455816,-2.201505,-2.214718,-0.044201
1802,1774597099749,20.030716,422.899,-158.887,455.809,0.209997,0.685727,-0.662505,0.216257,0.581946,1.900294,-1.83594,0.422899,-0.158887,0.455809,-2.201487,-2.214708,-0.044323
1803,1774597099760,20.041827,422.963,-158.548,455.783,0.209947,0.685685,-0.662584,0.216197,0.581826,1.900237,-1.836219,0.422963,-0.158548,0.455783,-2.201428,-2.214645,-0.044263
1804,1774597099771,20.052938,423.016,-158.185,455.768,0.21004,0.685484,-0.662795,0.216096,0.582115,1.899784,-1.836901,0.423016,-0.158185,0.455768,-2.201432,-2.214651,-0.044203
1805,1774597099783,20.064049,423.114,-157.432,455.738,0.20999,0.685711,-0.662525,0.216252,0.581929,1.900256,-1.836001,0.423114,-0.157432,0.455738,-2.201349,-2.214566,-0.044184
1806,1774597099794,20.075161,423.162,-157.035,455.716,0.209986,0.685616,-0.66263,0.216236,0.581922,1.900007,-1.836309,0.423162,-0.157035,0.455716,-2.201343,-2.214507,-0.044108
1807,1774597099805,20.086272,423.193,-156.633,455.73,0.209981,0.685587,-0.662652,0.216265,0.5819,1.899897,-1.836341,0.423193,-0.156633,0.45573,-2.20141,-2.214473,-0.044246
1808,1774597099816,20.097383,423.279,-155.746,455.71,0.210047,0.685596,-0.662648,0.216186,0.582107,1.900002,-1.836407,0.423279,-0.155746,0.45571,-2.201263,-2.214563,-0.044188
1809,1774597099827,20.108494,423.298,-155.32,455.718,0.209985,0.68558,-0.662632,0.216343,0.581886,1.899802,-1.83621,0.423298,-0.15532,0.455718,-2.201356,-2.214448,-0.044255
1810,1774597099838,20.119606,423.364,-154.375,455.709,0.210034,0.685595,-0.662641,0.216223,0.582059,1.899962,-1.836352,0.423364,-0.154375,0.455709,-2.201203,-2.214508,-0.04427
1811,1774597099849,20.130717,423.405,-153.886,455.702,0.210031,0.68557,-0.662663,0.216235,0.582047,1.899883,-1.836402,0.423405,-0.153886,0.455702,-2.201136,-2.214547,-0.044282
1812,1774597099860,20.141828,423.434,-153.403,455.695,0.210095,0.685626,-0.662595,0.216206,0.582234,1.900064,-1.83624,0.423434,-0.153403,0.455695,-2.201238,-2.214411,-0.044219
1813,1774597099871,20.152939,423.435,-152.418,455.755,0.210102,0.685652,-0.66253,0.216316,0.58222,1.900025,-1.835954,0.423435,-0.152418,0.455755,-2.201454,-2.21432,-0.044471
1814,1774597099883,20.16405,423.442,-151.913,455.777,0.210161,0.685739,-0.662416,0.216333,0.582376,1.900251,-1.83562,0.423442,-0.151913,0.455777,-2.201513,-2.214328,-0.044504
1815,1774597099894,20.175162,423.457,-150.832,455.848,0.21018,0.685689,-0.662469,0.216309,0.582436,1.900137,-1.835791,0.423457,-0.150832,0.455848,-2.201526,-2.21446,-0.044806
1816,1774597099905,20.186273,423.475,-150.291,455.843,0.21015,0.685742,-0.662402,0.216376,0.582332,1.900216,-1.835539,0.423475,-0.150291,0.455843,-2.201547,-2.214431,-0.044846
1817,1774597099916,20.197384,423.466,-149.732,455.89,0.210111,0.685773,-0.662407,0.216299,0.58225,1.900381,-1.83563,0.423466,-0.149732,0.45589,-2.201641,-2.214508,-0.045056
1818,1774597099927,20.208495,423.514,-148.562,455.855,0.21012,0.685819,-0.66234,0.216351,0.582257,1.900455,-1.835393,0.423514,-0.148562,0.455855,-2.201466,-2.214512,-0.044869
1819,1774597099938,20.219607,423.546,-147.964,455.828,0.210124,0.685731,-0.662463,0.21625,0.582299,1.900311,-1.835832,0.423546,-0.147964,0.455828,-2.201421,-2.214521,-0.04486
1820,1774597099949,20.230718,423.559,-146.755,455.817,0.210102,0.685752,-0.662461,0.216212,0.582251,1.900408,-1.835863,0.423559,-0.146755,0.455817,-2.201443,-2.214405,-0.044726
1821,1774597099960,20.241829,423.58,-146.132,455.787,0.210146,0.685625,-0.662558,0.216276,0.582353,1.899991,-1.836069,0.42358,-0.146132,0.455787,-2.201342,-2.214327,-0.044582
1822,1774597099971,20.252942,423.602,-145.511,455.739,0.210436,0.685522,-0.662605,0.216173,0.583189,1.89981,-1.836301,0.423602,-0.145511,0.455739,-2.201406,-2.214178,-0.044579
1823,1774597099983,20.264054,423.62,-144.179,455.689,0.210323,0.68544,-0.662712,0.216213,0.582863,1.899544,-1.836558,0.42362,-0.144179,0.455689,-2.201238,-2.214105,-0.044282
1824,1774597099994,20.275165,423.608,-143.47,455.718,0.210209,0.685465,-0.662696,0.216295,0.582523,1.899531,-1.836433,0.423608,-0.14347,0.455718,-2.201309,-2.214206,-0.044285
1825,1774597100005,20.286276,423.618,-142.771,455.709,0.21016,0.685469,-0.662714,0.216279,0.58239,1.899556,-1.836498,0.423618,-0.142771,0.455709,-2.201284,-2.214156,-0.044348
1826,1774597100016,20.297387,423.621,-141.299,455.715,0.210162,0.685662,-0.66249,0.216349,0.582373,1.900022,-1.835809,0.423621,-0.141299,0.455715,-2.201177,-2.214184,-0.044372
1827,1774597100027,20.308499,423.612,-140.531,455.752,0.210247,0.685593,-0.662551,0.216298,0.582627,1.899881,-1.836029,0.423612,-0.140531,0.455752,-2.201183,-2.214328,-0.044459
1828,1774597100038,20.31961,423.612,-140.531,455.752,0.210193,0.685426,-0.662758,0.216244,0.582494,1.899474,-1.836655,0.423612,-0.140531,0.455752,-2.201183,-2.214328,-0.044459
1829,1774597100049,20.330724,423.615,-138.978,455.795,0.210356,0.685558,-0.662587,0.216194,0.582961,1.899889,-1.836229,0.423615,-0.138978,0.455795,-2.201294,-2.214315,-0.044543
1830,1774597100060,20.341836,423.611,-137.384,455.862,0.210178,0.685731,-0.662421,0.216326,0.582427,1.900236,-1.835642,0.423611,-0.137384,0.455862,-2.201407,-2.214412,-0.044741
1831,1774597100071,20.352947,423.599,-135.754,455.925,0.210213,0.685576,-0.662633,0.216133,0.582583,1.9,-1.836417,0.423599,-0.135754,0.455925,-2.201511,-2.214496,-0.044773
1832,1774597100083,20.364058,423.61,-134.915,455.942,0.210155,0.685704,-0.662489,0.216226,0.582393,1.900262,-1.835926,0.42361,-0.134915,0.455942,-2.201489,-2.214503,-0.044834
1833,1774597100094,20.37517,423.624,-133.217,455.962,0.209902,0.685598,-0.66263,0.216376,0.581645,1.899817,-1.836171,0.423624,-0.133217,0.455962,-2.201377,-2.214625,-0.044609
1834,1774597100105,20.386281,423.619,-132.379,455.97,0.210035,0.685507,-0.662725,0.216243,0.582056,1.899698,-1.836566,0.423619,-0.132379,0.45597,-2.20142,-2.214613,-0.044512
1835,1774597100116,20.397392,423.617,-131.513,455.978,0.210025,0.685471,-0.662775,0.216214,0.582038,1.899629,-1.83673,0.423617,-0.131513,0.455978,-2.201442,-2.214603,-0.044269
1836,1774597100127,20.408504,423.616,-129.792,455.965,0.210078,0.685412,-0.66285,0.216121,0.582213,1.899558,-1.837029,0.423616,-0.129792,0.455965,-2.201485,-2.214427,-0.043951
1837,1774597100138,20.419615,423.604,-128.891,455.996,0.210042,0.685422,-0.662822,0.21621,0.582085,1.899495,-1.836864,0.423604,-0.128891,0.455996,-2.201544,-2.214434,-0.043947
1838,1774597100149,20.430726,423.577,-127.048,456.024,0.210049,0.68545,-0.662782,0.216236,0.582096,1.899547,-1.836729,0.423577,-0.127048,0.456024,-2.201499,-2.214415,-0.043866
1839,1774597100160,20.441838,423.557,-126.081,456.08,0.210085,0.68546,-0.66279,0.216145,0.582225,1.899668,-1.836839,0.423557,-0.126081,0.45608,-2.20162,-2.214488,-0.043873
1840,1774597100171,20.452949,423.558,-125.128,456.08,0.210106,0.685413,-0.662818,0.216187,0.582269,1.899495,-1.836875,0.423558,-0.125128,0.45608,-2.201694,-2.214405,-0.043901
1841,1774597100183,20.46406,423.538,-123.152,456.137,0.209921,0.685371,-0.662818,0.216499,0.58166,1.899064,-1.836574,0.423538,-0.123152,0.456137,-2.201718,-2.214538,-0.043778
1842,1774597100194,20.475171,423.531,-122.172,456.158,0.210096,0.685309,-0.662899,0.216279,0.582214,1.899112,-1.837012,0.423531,-0.122172,0.456158,-2.201735,-2.214582,-0.043725
1843,1774597100205,20.486282,423.534,-121.188,456.14,0.209903,0.685257,-0.66296,0.216443,0.581627,1.898805,-1.837021,0.423534,-0.121188,0.45614,-2.201664,-2.214485,-0.043715
1844,1774597100216,20.497394,423.508,-119.156,456.173,0.209813,0.685228,-0.662983,0.216553,0.581345,1.898614,-1.836977,0.423508,-0.119156,0.456173,-2.201723,-2.214679,-0.043595
1845,1774597100227,20.508505,423.507,-118.133,456.161,0.209913,0.68527,-0.662938,0.216459,0.581651,1.898825,-1.836945,0.423507,-0.118133,0.456161,-2.201711,-2.214583,-0.043441
1846,1774597100238,20.519616,423.532,-116.052,456.088,0.209889,0.684864,-0.663289,0.216692,0.581514,1.897466,-1.837689,0.423532,-0.116052,0.456088,-2.201701,-2.214406,-0.042973
1847,1774597100249,20.530728,423.554,-115.02,456.032,0.210004,0.685044,-0.663157,0.216414,0.581917,1.898245,-1.837596,0.423554,-0.11502,0.456032,-2.201581,-2.214278,-0.042737
1848,1774597100260,20.541839,423.543,-113.951,456.04,0.209832,0.685007,-0.66316,0.21669,0.581356,1.897864,-1.837333,0.423543,-0.113951,0.45604,-2.201686,-2.214305,-0.042635
1849,1774597100271,20.552951,423.535,-111.788,456.043,0.209902,0.685019,-0.663151,0.216614,0.581573,1.897972,-1.837382,0.423535,-0.111788,0.456043,-2.201688,-2.214179,-0.04267
1850,1774597100283,20.564062,423.527,-110.675,456.072,0.20995,0.685081,-0.663119,0.216468,0.581751,1.898291,-1.837438,0.423527,-0.110675,0.456072,-2.201685,-2.214236,-0.042753
1851,1774597100294,20.575173,423.519,-108.409,456.1,0.20997,0.685349,-0.662839,0.216456,0.58181,1.899046,-1.836673,0.423519,-0.108409,0.4561,-2.201724,-2.214284,-0.042846
1852,1774597100305,20.586284,423.52,-107.246,456.114,0.209798,0.685267,-0.662908,0.216673,0.581265,1.898601,-1.836654,0.42352,-0.107246,0.456114,-2.201644,-2.214342,-0.042903
1853,1774597100316,20.597396,423.493,-106.135,456.153,0.209862,0.685167,-0.663048,0.2165,0.581498,1.898498,-1.837209,0.423493,-0.106135,0.456153,-2.201654,-2.214415,-0.043161
1854,1774597100327,20.608507,423.43,-103.869,456.244,0.209509,0.685182,-0.663011,0.216906,0.580393,1.898131,-1.836711,0.42343,-0.103869,0.456244,-2.20182,-2.21457,-0.043317
1855,1774597100338,20.619618,423.425,-102.761,456.243,0.209952,0.685199,-0.662977,0.216525,0.581739,1.898563,-1.836989,0.423425,-0.102761,0.456243,-2.201746,-2.214572,-0.043229
1856,1774597100349,20.63073,423.397,-100.483,456.233,0.209843,0.685023,-0.663068,0.216911,0.581318,1.897685,-1.836865,0.423397,-0.100483,0.456233,-2.201873,-2.21449,-0.043036
1857,1774597100360,20.641841,423.408,-99.33,456.205,0.209752,0.685064,-0.663094,0.216792,0.581103,1.897917,-1.837052,0.423408,-0.09933,0.456205,-2.201792,-2.21438,-0.042892
1858,1774597100371,20.652952,423.409,-98.174,456.196,0.209844,0.684926,-0.663213,0.216773,0.581362,1.897555,-1.837402,0.423409,-0.098174,0.456196,-2.201947,-2.214324,-0.042734
1859,1774597100383,20.664063,423.425,-95.821,456.183,0.210057,0.685023,-0.663125,0.216532,0.582026,1.898065,-1.83739,0.423425,-0.095821,0.456183,-2.201841,-2.214267,-0.042427
1860,1774597100394,20.675175,423.417,-94.641,456.196,0.209851,0.684952,-0.663211,0.216692,0.581407,1.897708,-1.837473,0.423417,-0.094641,0.456196,-2.201845,-2.214401,-0.042202
1861,1774597100405,20.686286,423.409,-93.457,456.22,0.209824,0.684941,-0.663232,0.216688,0.581334,1.897681,-1.837535,0.423409,-0.093457,0.45622,-2.201765,-2.21451,-0.042239
1862,1774597100416,20.697397,423.369,-91.129,456.317,0.20993,0.685122,-0.663016,0.216671,0.581633,1.898201,-1.836955,0.423369,-0.091129,0.456317,-2.201828,-2.214745,-0.042355
1863,1774597100427,20.708508,423.359,-89.986,456.337,0.21024,0.685108,-0.663028,0.216379,0.582582,1.898456,-1.837272,0.423359,-0.089986,0.456337,-2.201831,-2.2147,-0.042389
1864,1774597100438,20.71962,423.326,-87.678,456.408,0.209363,0.685038,-0.663102,0.217226,0.57989,1.897409,-1.836651,0.423326,-0.087678,0.456408,-2.201894,-2.214902,-0.042296
1865,1774597100449,20.730731,423.321,-86.551,456.417,0.21004,0.685221,-0.662902,0.216601,0.581958,1.898546,-1.836706,0.423321,-0.086551,0.456417,-2.201913,-2.214793,-0.042354
1866,1774597100460,20.741842,423.304,-85.391,456.441,0.209862,0.685201,-0.662957,0.216671,0.581444,1.89842,-1.836789,0.423304,-0.085391,0.456441,-2.201856,-2.214846,-0.042351
1867,1774597100471,20.752954,423.285,-83.068,456.442,0.209568,0.685262,-0.662872,0.217022,0.580521,1.898235,-1.836212,0.423285,-0.083068,0.456442,-2.201904,-2.214869,-0.042155
1868,1774597100483,20.764065,423.266,-81.936,456.45,0.20972,0.684967,-0.663107,0.217089,0.580924,1.89735,-1.836799,0.423266,-0.081936,0.45645,-2.20191,-2.21485,-0.042139
1869,1774597100494,20.775176,423.252,-79.619,456.411,0.20978,0.685176,-0.662987,0.216739,0.581195,1.898281,-1.836806,0.423252,-0.079619,0.456411,-2.20171,-2.214917,-0.041962
1870,1774597100505,20.786287,423.24,-78.515,456.391,0.209541,0.685117,-0.663045,0.216977,0.58046,1.89788,-1.836735,0.42324,-0.078515,0.456391,-2.201699,-2.214827,-0.041884
1871,1774597100516,20.797398,423.234,-77.375,456.363,0.209625,0.685349,-0.662836,0.2168,0.580748,1.8987,-1.836329,0.423234,-0.077375,0.456363,-2.201618,-2.21485,-0.041742
1872,1774597100527,20.80851,423.165,-75.159,456.377,0.209345,0.685148,-0.662989,0.21724,0.579837,1.897701,-1.836325,0.423165,-0.075159,0.456377,-2.20154,-2.214916,-0.041866
1873,1774597100538,20.819621,423.121,-74.055,456.404,0.209621,0.685354,-0.662808,0.216875,0.580715,1.898637,-1.836179,0.423121,-0.074055,0.456404,-2.201605,-2.21491,-0.042032
1874,1774597100549,20.830733,423.069,-71.836,456.398,0.209535,0.685415,-0.662748,0.216948,0.580453,1.898734,-1.835942,0.423069,-0.071836,0.456398,-2.201699,-2.214853,-0.042045
1875,1774597100560,20.841844,423.037,-70.722,456.415,0.209388,0.685395,-0.662753,0.217137,0.579989,1.898488,-1.835773,0.423037,-0.070722,0.456415,-2.20167,-2.214991,-0.042161
1876,1774597100571,20.852955,423.043,-69.632,456.369,0.209618,0.685399,-0.662786,0.216804,0.580728,1.898835,-1.836187,0.423043,-0.069632,0.456369,-2.201571,-2.214945,-0.042074
1877,1774597100583,20.864066,422.989,-67.489,456.37,0.20951,0.685292,-0.662896,0.21691,0.580396,1.898431,-1.836389,0.422989,-0.067489,0.45637,-2.201524,-2.215014,-0.042149
1878,1774597100594,20.875178,422.946,-66.449,456.395,0.209458,0.685358,-0.662814,0.217001,0.580223,1.898522,-1.836075,0.422946,-0.066449,0.456395,-2.201663,-2.215053,-0.04221
1879,1774597100605,20.886289,422.917,-65.404,456.417,0.209598,0.68534,-0.662818,0.216911,0.580639,1.898564,-1.836171,0.422917,-0.065404,0.456417,-2.201638,-2.215112,-0.042277
1880,1774597100616,20.8974,422.848,-63.394,456.437,0.209435,0.685413,-0.662715,0.217154,0.580114,1.89852,-1.835649,0.422848,-0.063394,0.456437,-2.201717,-2.21499,-0.04244
1881,1774597100627,20.908511,422.818,-62.391,456.444,0.209361,0.685391,-0.662758,0.217161,0.579907,1.898455,-1.835762,0.422818,-0.062391,0.456444,-2.201745,-2.215023,-0.042483
1882,1774597100638,20.919622,422.777,-60.393,456.433,0.209488,0.685435,-0.662749,0.216929,0.580328,1.898807,-1.835962,0.422777,-0.060393,0.456433,-2.201696,-2.215033,-0.042429
1883,1774597100649,20.930734,422.754,-59.397,456.443,0.209347,0.685238,-0.662935,0.217119,0.57988,1.898072,-1.836293,0.422754,-0.059397,0.456443,-2.201622,-2.215041,-0.042441
1884,1774597100660,20.941845,422.728,-58.421,456.446,0.209416,0.685332,-0.662817,0.217113,0.580074,1.898337,-1.835973,0.422728,-0.058421,0.456446,-2.20156,-2.215142,-0.04248
1885,1774597100671,20.952956,422.673,-56.5,456.469,0.209431,0.685394,-0.662796,0.216968,0.580158,1.898656,-1.836056,0.422673,-0.0565,0.456469,-2.201681,-2.215112,-0.042486
1886,1774597100683,20.964067,422.649,-55.567,456.473,0.209434,0.685418,-0.662757,0.217011,0.580155,1.898678,-1.835905,0.422649,-0.055567,0.456473,-2.201652,-2.21506,-0.042534
1887,1774597100694,20.975179,422.608,-53.714,456.465,0.209524,0.6854,-0.662786,0.216889,0.580442,1.898752,-1.836105,0.422608,-0.053714,0.456465,-2.201601,-2.21504,-0.042511
1888,1774597100705,20.98629,422.579,-52.84,456.467,0.209435,0.685307,-0.66285,0.217075,0.580137,1.898308,-1.8361,0.422579,-0.05284,0.456467,-2.201591,-2.214985,-0.042639
1889,1774597100716,20.997401,422.555,-51.946,456.46,0.209545,0.685253,-0.662881,0.217045,0.580452,1.898187,-1.836215,0.422555,-0.051946,0.45646,-2.201622,-2.214912,-0.042613
1890,1774597100727,21.008512,422.481,-50.29,456.47,0.209245,0.685091,-0.663055,0.217313,0.579537,1.897471,-1.836437,0.422481,-0.05029,0.45647,-2.201976,-2.214715,-0.042534
1891,1774597100738,21.019624,422.469,-49.328,456.48,0.209336,0.685237,-0.662916,0.217189,0.579827,1.897997,-1.836174,0.422469,-0.049328,0.45648,-2.20177,-2.214884,-0.042584
1892,1774597100749,21.030735,422.412,-47.588,456.489,0.209408,0.685366,-0.662811,0.217032,0.580076,1.898514,-1.836035,0.422412,-0.047588,0.456489,-2.201835,-2.214954,-0.04254
1893,1774597100760,21.041846,422.39,-46.741,456.485,0.209431,0.685203,-0.662927,0.217173,0.580095,1.897919,-1.836218,0.42239,-0.046741,0.456485,-2.201913,-2.214823,-0.042523
1894,1774597100771,21.052957,422.359,-45.888,456.496,0.209379,0.685221,-0.662913,0.217208,0.57994,1.897935,-1.836145,0.422359,-0.045888,0.456496,-2.201884,-2.21485,-0.042555
1895,1774597100783,21.064069,422.321,-44.228,456.476,0.209485,0.685187,-0.662942,0.217125,0.580259,1.897924,-1.836306,0.422321,-0.044228,0.456476,-2.202077,-2.214726,-0.042366
1896,1774597100794,21.07518,422.292,-43.425,456.479,0.209537,0.68514,-0.662971,0.217131,0.580404,1.897789,-1.836383,0.422292,-0.043425,0.456479,-2.202058,-2.214765,-0.042426
1897,1774597100805,21.086292,422.258,-42.629,456.488,0.209361,0.685148,-0.662963,0.217302,0.579862,1.897638,-1.836192,0.422258,-0.042629,0.456488,-2.201984,-2.214775,-0.042484
1898,1774597100816,21.097403,422.181,-41.059,456.519,0.209287,0.68527,-0.662839,0.217365,0.579638,1.897914,-1.835789,0.422181,-0.041059,0.456519,-2.202047,-2.214954,-0.042658
1899,1774597100827,21.108514,422.155,-40.276,456.511,0.209343,0.685252,-0.662881,0.217242,0.579832,1.897986,-1.836024,0.422155,-0.040276,0.456511,-2.201927,-2.215048,-0.042641
1900,1774597100838,21.119626,422.11,-38.781,456.504,0.209212,0.685264,-0.66285,0.217426,0.579413,1.897835,-1.835758,0.42211,-0.038781,0.456504,-2.201917,-2.215067,-0.042566
1901,1774597100849,21.130737,422.098,-38.055,456.465,0.209205,0.685289,-0.662839,0.217385,0.579405,1.897945,-1.83577,0.422098,-0.038055,0.456465,-2.201962,-2.215005,-0.042457
1902,1774597100860,21.141848,422.063,-37.373,456.481,0.209162,0.685192,-0.662938,0.217433,0.579272,1.897627,-1.835997,0.422063,-0.037373,0.456481,-2.20198,-2.214977,-0.04259
1903,1774597100871,21.152959,422.003,-36.008,456.475,0.209278,0.685255,-0.66286,0.217359,0.579613,1.897878,-1.835851,0.422003,-0.036008,0.456475,-2.202018,-2.214941,-0.04266
1904,1774597100883,21.16407,421.955,-35.326,456.505,0.20921,0.685325,-0.662795,0.217403,0.579414,1.898026,-1.835629,0.421955,-0.035326,0.456505,-2.202135,-2.215062,-0.042697
1905,1774597100894,21.175182,421.911,-34.007,456.473,0.209318,0.685359,-0.662742,0.217353,0.579728,1.898171,-1.835532,0.421911,-0.034007,0.456473,-2.202147,-2.215,-0.042674
1906,1774597100905,21.186293,421.894,-33.37,456.457,0.209272,0.685362,-0.662769,0.217303,0.579616,1.898231,-1.835655,0.421894,-0.03337,0.456457,-2.202093,-2.214974,-0.042654
1907,1774597100916,21.197404,421.86,-32.742,456.456,0.209216,0.685257,-0.662832,0.2175,0.5794,1.897741,-1.835636,0.42186,-0.032742,0.456456,-2.202173,-2.214925,-0.042715
1908,1774597100927,21.208516,421.8,-31.542,456.431,0.209192,0.685314,-0.662778,0.217508,0.57933,1.89789,-1.835481,0.4218,-0.031542,0.456431,-2.202256,-2.214854,-0.042714
1909,1774597100938,21.219627,421.762,-30.951,456.427,0.209216,0.685264,-0.662799,0.217577,0.579376,1.897684,-1.835471,0.421762,-0.030951,0.456427,-2.20218,-2.214886,-0.042782
1910,1774597100949,21.230738,421.71,-29.827,456.403,0.209403,0.68521,-0.662834,0.217462,0.579928,1.89765,-1.835679,0.42171,-0.029827,0.456403,-2.202246,-2.214771,-0.042737
1911,1774597100960,21.24185,421.68,-29.24,456.392,0.209205,0.685241,-0.662831,0.21756,0.579352,1.897637,-1.835577,0.42168,-0.02924,0.456392,-2.2022,-2.214859,-0.042742
1912,1774597100971,21.252961,421.659,-28.712,456.364,0.20923,0.685166,-0.662911,0.217532,0.579427,1.897456,-1.835824,0.421659,-0.028712,0.456364,-2.202185,-2.214842,-0.042648
1913,1774597100983,21.264072,421.588,-27.679,456.336,0.209344,0.685197,-0.662872,0.217444,0.579771,1.897631,-1.835802,0.421588,-0.027679,0.456336,-2.202195,-2.214852,-0.042533
1914,1774597100994,21.275184,421.572,-27.173,456.297,0.209274,0.685161,-0.662912,0.217504,0.57956,1.89747,-1.835854,0.421572,-0.027173,0.456297,-2.202095,-2.214856,-0.042394
1915,1774597101005,21.286295,421.529,-26.719,456.284,0.209385,0.685166,-0.662864,0.217523,0.579862,1.897467,-1.835704,0.421529,-0.026719,0.456284,-2.202152,-2.214782,-0.042424
1916,1774597101016,21.297406,421.46,-25.804,456.24,0.209306,0.685149,-0.662903,0.217536,0.579638,1.897405,-1.8358,0.42146,-0.025804,0.45624,-2.202187,-2.214737,-0.04231
1917,1774597101027,21.308517,421.433,-25.357,456.198,0.209205,0.685051,-0.663013,0.217605,0.579336,1.897064,-1.836037,0.421433,-0.025357,0.456198,-2.202152,-2.214752,-0.04212
1918,1774597101038,21.319628,421.339,-24.547,456.182,0.20922,0.685062,-0.663016,0.217545,0.579398,1.897157,-1.836103,0.421339,-0.024547,0.456182,-2.202168,-2.214692,-0.042185
1919,1774597101049,21.33074,421.3,-24.138,456.174,0.209232,0.685087,-0.663007,0.217487,0.579449,1.897283,-1.836134,0.4213,-0.024138,0.456174,-2.202126,-2.214728,-0.042119
1920,1774597101060,21.341851,421.247,-23.758,456.167,0.209245,0.685074,-0.663008,0.217509,0.579478,1.897226,-1.836117,0.421247,-0.023758,0.456167,-2.202155,-2.214733,-0.042157
1921,1774597101071,21.352962,421.171,-23.058,456.113,0.209284,0.685096,-0.662982,0.217481,0.579593,1.897316,-1.836073,0.421171,-0.023058,0.456113,-2.202165,-2.214638,-0.0421
1922,1774597101083,21.364074,421.101,-22.714,456.144,0.209355,0.68508,-0.662955,0.217549,0.579769,1.897202,-1.83593,0.421101,-0.022714,0.456144,-2.202253,-2.214677,-0.042229
1923,1774597101094,21.375185,421.028,-22.061,456.084,0.209344,0.685024,-0.663022,0.21753,0.579745,1.897066,-1.836134,0.421028,-0.022061,0.456084,-2.202158,-2.214686,-0.042125
1924,1774597101105,21.386297,420.988,-21.741,456.058,0.209458,0.684953,-0.663105,0.217392,0.580103,1.897008,-1.836498,0.420988,-0.021741,0.456058,-2.202115,-2.21464,-0.042007
1925,1774597101116,21.397408,420.935,-21.469,456.057,0.209319,0.684873,-0.663187,0.217525,0.579677,1.896654,-1.836597,0.420935,-0.021469,0.456057,-2.202145,-2.214567,-0.042078
1926,1774597101127,21.408519,420.868,-20.911,455.995,0.209417,0.684914,-0.663143,0.217437,0.579975,1.896855,-1.83656,0.420868,-0.020911,0.455995,-2.202171,-2.214457,-0.041892
1927,1774597101138,21.41963,420.868,-20.911,455.995,0.209343,0.684963,-0.663077,0.217556,0.579734,1.89687,-1.836262,0.420868,-0.020911,0.455995,-2.202171,-2.214457,-0.041892
1928,1774597101149,21.430742,420.757,-20.402,455.996,0.209335,0.684879,-0.663163,0.217564,0.579709,1.896631,-1.836493,0.420757,-0.020402,0.455996,-2.202153,-2.214469,-0.042021
1929,1774597101160,21.441866,420.65,-19.953,456,0.20939,0.684914,-0.663121,0.217531,0.579873,1.89676,-1.836409,0.42065,-0.019953,0.456,-2.202182,-2.21442,-0.04205
1930,1774597101171,21.452977,420.65,-19.953,456,0.209441,0.684924,-0.663108,0.217486,0.580029,1.896834,-1.836417,0.42065,-0.019953,0.456,-2.202182,-2.21442,-0.04205
1931,1774597101183,21.464089,420.551,-19.52,455.972,0.209412,0.684878,-0.663181,0.217442,0.579962,1.896749,-1.83666,0.420551,-0.01952,0.455972,-2.202136,-2.214399,-0.042026
1932,1774597101194,21.4752,420.461,-19.109,455.918,0.209481,0.684949,-0.663094,0.217417,0.580161,1.896971,-1.836443,0.420461,-0.019109,0.455918,-2.202003,-2.214448,-0.041856
1933,1774597101205,21.486311,420.397,-18.926,455.925,0.209483,0.684964,-0.663056,0.217483,0.580145,1.896947,-1.836273,0.420397,-0.018926,0.455925,-2.201994,-2.214466,-0.041935
1934,1774597101216,21.497422,420.268,-18.583,455.915,0.209478,0.684951,-0.663072,0.217481,0.58013,1.896912,-1.836321,0.420268,-0.018583,0.455915,-2.202044,-2.214411,-0.04198
1935,1774597101227,21.508533,420.191,-18.426,455.916,0.209533,0.68495,-0.663039,0.217529,0.58027,1.896861,-1.836184,0.420191,-0.018426,0.455916,-2.202138,-2.214347,-0.042025
1936,1774597101238,21.519645,420.069,-18.131,455.891,0.209547,0.684876,-0.663135,0.217456,0.580331,1.896729,-1.836519,0.420069,-0.018131,0.455891,-2.202121,-2.214301,-0.041955
1937,1774597101249,21.530756,420.009,-17.982,455.869,0.2096,0.684879,-0.663118,0.217448,0.580479,1.896746,-1.83648,0.420009,-0.017982,0.455869,-2.202113,-2.21429,-0.041835
1938,1774597101260,21.541867,419.925,-17.826,455.883,0.209588,0.6849,-0.663108,0.217422,0.580453,1.896832,-1.836478,0.419925,-0.017826,0.455883,-2.202144,-2.214324,-0.041943
1939,1774597101271,21.552978,419.771,-17.542,455.859,0.209602,0.684915,-0.663105,0.217374,0.580508,1.89692,-1.836515,0.419771,-0.017542,0.455859,-2.202051,-2.214356,-0.041804
1940,1774597101283,21.56409,419.67,-17.438,455.864,0.209671,0.684851,-0.663143,0.217392,0.580694,1.896725,-1.836603,0.41967,-0.017438,0.455864,-2.202139,-2.214288,-0.041899
1941,1774597101294,21.575201,419.495,-17.171,455.849,0.209595,0.684988,-0.663021,0.217405,0.580478,1.897092,-1.836254,0.419495,-0.017171,0.455849,-2.202076,-2.214355,-0.041805
1942,1774597101305,21.586312,419.39,-17.047,455.841,0.209583,0.684939,-0.66307,0.21742,0.580442,1.896941,-1.836374,0.41939,-0.017047,0.455841,-2.202076,-2.214406,-0.041813
1943,1774597101316,21.597424,419.288,-16.954,455.837,0.209552,0.684918,-0.6631,0.217427,0.580352,1.896875,-1.836449,0.419288,-0.016954,0.455837,-2.202078,-2.214381,-0.041826
1944,1774597101327,21.608535,419.038,-16.759,455.842,0.209558,0.684959,-0.663067,0.217391,0.580382,1.897024,-1.836395,0.419038,-0.016759,0.455842,-2.202093,-2.214344,-0.041904
1945,1774597101338,21.619646,418.911,-16.658,455.851,0.209576,0.68493,-0.663105,0.21735,0.580443,1.896985,-1.83654,0.418911,-0.016658,0.455851,-2.202094,-2.214397,-0.041952
1946,1774597101349,21.630757,418.626,-16.469,455.865,0.209584,0.684962,-0.663052,0.217403,0.58045,1.897021,-1.836341,0.418626,-0.016469,0.455865,-2.202085,-2.214413,-0.04201
1947,1774597101360,21.641868,418.464,-16.381,455.866,0.209425,0.684956,-0.663113,0.217391,0.580011,1.897017,-1.836522,0.418464,-0.016381,0.455866,-2.20212,-2.214397,-0.042106
1948,1774597101371,21.65298,418.312,-16.291,455.85,0.209389,0.684961,-0.663115,0.217399,0.579911,1.897023,-1.836521,0.418312,-0.016291,0.45585,-2.202127,-2.2144,-0.042076
1949,1774597101383,21.664091,417.959,-16.122,455.836,0.209364,0.684849,-0.663235,0.21741,0.579837,1.896702,-1.836842,0.417959,-0.016122,0.455836,-2.202166,-2.214327,-0.041989
1950,1774597101394,21.675203,417.771,-16.039,455.823,0.209405,0.684846,-0.663235,0.217383,0.579959,1.896721,-1.836868,0.417771,-0.016039,0.455823,-2.202097,-2.214307,-0.041959
1951,1774597101405,21.686314,417.569,-15.972,455.816,0.20941,0.684857,-0.663212,0.217411,0.579965,1.896723,-1.836777,0.417569,-0.015972,0.455816,-2.202161,-2.214262,-0.041946
1952,1774597101416,21.697426,417.138,-15.81,455.771,0.209425,0.684872,-0.663208,0.217364,0.58002,1.896812,-1.836811,0.417138,-0.01581,0.455771,-2.202098,-2.214294,-0.041682
1953,1774597101427,21.708537,416.906,-15.736,455.759,0.20938,0.684818,-0.663248,0.217456,0.579868,1.896569,-1.836832,0.416906,-0.015736,0.455759,-2.202104,-2.214269,-0.041604
1954,1774597101438,21.719648,416.419,-15.594,455.694,0.209349,0.684905,-0.663195,0.21737,0.579808,1.896898,-1.836769,0.416419,-0.015594,0.455694,-2.202013,-2.21419,-0.041345
1955,1774597101449,21.73076,416.14,-15.546,455.697,0.209412,0.684727,-0.663371,0.217336,0.579994,1.896438,-1.83729,0.41614,-0.015546,0.455697,-2.202018,-2.214218,-0.041323
1956,1774597101460,21.741871,415.863,-15.513,455.694,0.209452,0.684663,-0.663411,0.217376,0.580092,1.896221,-1.837362,0.415863,-0.015513,0.455694,-2.20202,-2.214139,-0.041393
1957,1774597101471,21.752982,415.243,-15.401,455.706,0.209393,0.68476,-0.663325,0.217391,0.579925,1.896473,-1.83711,0.415243,-0.015401,0.455706,-2.202073,-2.214105,-0.041381
1958,1774597101483,21.764094,414.888,-15.358,455.77,0.209395,0.684945,-0.663125,0.217414,0.579921,1.896964,-1.836533,0.414888,-0.015358,0.45577,-2.202103,-2.214191,-0.041669
1959,1774597101494,21.775205,414.166,-15.28,455.841,0.209533,0.68494,-0.663078,0.217443,0.580294,1.896921,-1.836373,0.414166,-0.01528,0.455841,-2.202297,-2.214119,-0.041893
1960,1774597101505,21.786316,413.796,-15.236,455.867,0.209488,0.685086,-0.662944,0.217435,0.580174,1.897331,-1.83601,0.413796,-0.015236,0.455867,-2.202255,-2.214209,-0.042054
1961,1774597101516,21.797427,413.405,-15.171,455.895,0.209585,0.68485,-0.663194,0.217321,0.580475,1.896794,-1.836814,0.413405,-0.015171,0.455895,-2.20225,-2.214332,-0.042057
1962,1774597101527,21.808539,412.611,-15.104,455.88,0.209442,0.684834,-0.663175,0.217564,0.580007,1.896507,-1.836526,0.412611,-0.015104,0.45588,-2.202263,-2.214303,-0.041805
1963,1774597101538,21.81965,412.188,-15.078,455.884,0.209547,0.684767,-0.66325,0.217451,0.58033,1.896432,-1.836842,0.412188,-0.015078,0.455884,-2.202259,-2.214213,-0.04178
1964,1774597101549,21.830761,411.327,-15.004,455.838,0.209472,0.684776,-0.663246,0.217505,0.580106,1.896402,-1.83678,0.411327,-0.015004,0.455838,-2.202155,-2.214142,-0.041458
1965,1774597101560,21.841873,410.877,-14.959,455.831,0.209518,0.684625,-0.663386,0.217507,0.580235,1.895984,-1.837166,0.410877,-0.014959,0.455831,-2.202109,-2.21414,-0.041334
1966,1774597101571,21.852984,410.445,-14.923,455.778,0.209495,0.684459,-0.663586,0.217442,0.580189,1.89559,-1.837783,0.410445,-0.014923,0.455778,-2.202088,-2.214078,-0.040998
1967,1774597101583,21.864095,409.478,-14.88,455.804,0.209477,0.68459,-0.663433,0.217516,0.580119,1.895878,-1.837287,0.409478,-0.01488,0.455804,-2.202015,-2.21407,-0.040894
1968,1774597101594,21.875206,408.95,-14.878,455.862,0.209559,0.684648,-0.663354,0.217496,0.58035,1.896057,-1.837087,0.40895,-0.014878,0.455862,-2.202132,-2.214082,-0.04107
1969,1774597101605,21.886318,408.4,-14.85,455.948,0.209397,0.684795,-0.663223,0.217586,0.579874,1.896376,-1.836636,0.4084,-0.01485,0.455948,-2.202218,-2.214194,-0.041305
1970,1774597101616,21.897429,407.26,-14.801,456.054,0.209426,0.684696,-0.663339,0.217519,0.579974,1.896168,-1.837021,0.40726,-0.014801,0.456054,-2.202209,-2.214364,-0.041561
1971,1774597101627,21.90854,406.701,-14.788,456.057,0.209404,0.6846,-0.663459,0.217474,0.579928,1.895947,-1.837399,0.406701,-0.014788,0.456057,-2.20225,-2.214346,-0.041502
1972,1774597101638,21.919651,405.592,-14.736,455.979,0.2094,0.684591,-0.663465,0.217489,0.579913,1.895906,-1.837401,0.405592,-0.014736,0.455979,-2.202181,-2.214224,-0.041017
1973,1774597101649,21.930763,405.037,-14.719,455.935,0.209434,0.68441,-0.663662,0.217427,0.580027,1.895468,-1.838006,0.405037,-0.014719,0.455935,-2.202052,-2.214135,-0.040767
1974,1774597101660,21.941874,404.455,-14.694,455.925,0.209432,0.684436,-0.663622,0.217466,0.580008,1.895503,-1.837857,0.404455,-0.014694,0.455925,-2.202018,-2.21417,-0.040633
1975,1774597101671,21.952985,403.18,-14.648,456.029,0.209249,0.684766,-0.663314,0.217543,0.579478,1.896339,-1.836931,0.40318,-0.014648,0.456029,-2.202177,-2.214299,-0.040918
1976,1774597101683,21.964097,402.524,-14.642,456.077,0.209336,0.684824,-0.663255,0.217457,0.579747,1.896586,-1.836849,0.402524,-0.014642,0.456077,-2.202242,-2.214307,-0.041041
1977,1774597101694,21.975208,401.201,-14.614,456.099,0.209264,0.684748,-0.663308,0.217604,0.5795,1.896226,-1.836855,0.401201,-0.014614,0.456099,-2.202209,-2.214259,-0.041003
1978,1774597101705,21.986319,400.56,-14.624,456.072,0.209418,0.684236,-0.663811,0.217534,0.579949,1.894878,-1.838315,0.40056,-0.014624,0.456072,-2.202228,-2.214107,-0.040806
1979,1774597101716,21.99743,399.903,-14.597,456.066,0.209452,0.684465,-0.663555,0.217561,0.580034,1.895487,-1.83758,0.399903,-0.014597,0.456066,-2.202162,-2.214111,-0.040672
1980,1774597101727,22.008542,398.548,-14.585,456.176,0.209285,0.684593,-0.663451,0.217636,0.57955,1.895765,-1.837219,0.398548,-0.014585,0.456176,-2.202259,-2.214176,-0.04095
1981,1774597101738,22.019653,397.842,-14.578,456.243,0.209244,0.684858,-0.663158,0.217735,0.579405,1.8964,-1.836313,0.397842,-0.014578,0.456243,-2.202357,-2.214245,-0.041143
1982,1774597101749,22.030764,396.363,-14.589,456.36,0.209281,0.685004,-0.662986,0.217764,0.579499,1.896774,-1.835807,0.396363,-0.014589,0.45636,-2.20246,-2.214265,-0.04151
1983,1774597101760,22.041875,395.639,-14.586,456.343,0.209296,0.684681,-0.663314,0.217767,0.57954,1.895877,-1.836711,0.395639,-0.014586,0.456343,-2.202389,-2.214207,-0.041289
1984,1774597101771,22.052986,394.919,-14.596,456.301,0.20933,0.684457,-0.663524,0.217798,0.579625,1.895226,-1.837263,0.394919,-0.014596,0.456301,-2.202388,-2.214004,-0.040923
1985,1774597101783,22.064097,393.439,-14.575,456.3,0.209395,0.684284,-0.663742,0.217613,0.57986,1.894932,-1.838049,0.393439,-0.014575,0.4563,-2.202286,-2.213961,-0.040622
1986,1774597101794,22.075209,392.624,-14.586,456.399,0.209181,0.684856,-0.663179,0.217737,0.579229,1.896392,-1.836369,0.392624,-0.014586,0.456399,-2.202338,-2.214066,-0.040883
1987,1774597101805,22.08632,391.783,-14.576,456.508,0.209145,0.684973,-0.663031,0.217855,0.579095,1.896597,-1.835844,0.391783,-0.014576,0.456508,-2.20239,-2.214225,-0.041216
1988,1774597101816,22.097431,390.073,-14.615,456.617,0.209247,0.684954,-0.663025,0.217835,0.579383,1.896566,-1.835846,0.390073,-0.014615,0.456617,-2.20255,-2.214219,-0.041437
1989,1774597101827,22.108542,389.256,-14.633,456.591,0.209293,0.684602,-0.663355,0.217893,0.579493,1.895532,-1.836704,0.389256,-0.014633,0.456591,-2.202577,-2.214125,-0.041112
1990,1774597101838,22.119654,387.613,-14.619,456.56,0.209467,0.684349,-0.663632,0.217677,0.58004,1.895049,-1.837681,0.387613,-0.014619,0.45656,-2.202572,-2.213908,-0.040604
1991,1774597101849,22.130765,386.701,-14.586,456.653,0.209217,0.684952,-0.663011,0.217912,0.579275,1.896482,-1.835733,0.386701,-0.014586,0.456653,-2.202569,-2.214116,-0.040897
1992,1774597101860,22.141876,385.764,-14.565,456.761,0.209218,0.684947,-0.663055,0.217792,0.579315,1.896591,-1.835972,0.385764,-0.014565,0.456761,-2.202613,-2.21432,-0.041163
1993,1774597101871,22.152988,383.88,-14.603,456.875,0.20917,0.684954,-0.663014,0.217941,0.579137,1.896459,-1.835714,0.38388,-0.014603,0.456875,-2.202703,-2.214293,-0.041267
1994,1774597101883,22.164099,382.985,-14.63,456.898,0.20934,0.684886,-0.663018,0.21798,0.579596,1.896232,-1.835684,0.382985,-0.01463,0.456898,-2.202757,-2.214232,-0.041142
1995,1774597101894,22.17521,381.164,-14.644,456.898,0.209422,0.684726,-0.663182,0.217906,0.579847,1.895863,-1.836212,0.381164,-0.014644,0.456898,-2.202779,-2.214023,-0.040868
1996,1774597101905,22.186322,380.186,-14.636,456.928,0.209135,0.684716,-0.663232,0.218058,0.579004,1.895683,-1.836204,0.380186,-0.014636,0.456928,-2.202753,-2.214068,-0.040765
1997,1774597101916,22.197433,379.177,-14.615,456.968,0.208971,0.684655,-0.663358,0.218025,0.578561,1.895546,-1.836584,0.379177,-0.014615,0.456968,-2.20278,-2.214219,-0.040712
1998,1774597101927,22.208544,377.156,-14.631,457.019,0.208919,0.684633,-0.663346,0.218182,0.578367,1.895327,-1.836397,0.377156,-0.014631,0.457019,-2.202686,-2.214243,-0.040683
1999,1774597101938,22.219655,376.153,-14.644,457.052,0.209062,0.684684,-0.663227,0.218249,0.578743,1.895401,-1.836002,0.376153,-0.014644,0.457052,-2.202841,-2.214207,-0.040627
2000,1774597101949,22.230767,374.062,-14.689,457.131,0.209111,0.684699,-0.663225,0.218159,0.578906,1.895534,-1.836085,0.374062,-0.014689,0.457131,-2.202944,-2.214226,-0.040908
2001,1774597101960,22.241878,373.01,-14.694,457.113,0.20898,0.684701,-0.663234,0.218247,0.578517,1.895452,-1.836025,0.37301,-0.014694,0.457113,-2.202937,-2.214208,-0.040686
2002,1774597101971,22.252989,371.996,-14.696,457.063,0.209019,0.684484,-0.663451,0.218233,0.578631,1.894866,-1.836638,0.371996,-0.014696,0.457063,-2.202996,-2.214119,-0.040296
2003,1774597101983,22.2641,369.901,-14.708,457.089,0.20904,0.684383,-0.663583,0.218129,0.578721,1.894689,-1.837104,0.369901,-0.014708,0.457089,-2.202837,-2.214082,-0.0403
2004,1774597101994,22.275212,368.792,-14.726,457.18,0.208732,0.684877,-0.663083,0.218392,0.577785,1.895793,-1.835465,0.368792,-0.014726,0.45718,-2.202948,-2.214195,-0.040584
2005,1774597102005,22.286323,367.668,-14.748,457.248,0.208722,0.684779,-0.663148,0.218514,0.577721,1.895399,-1.835527,0.367668,-0.014748,0.457248,-2.20316,-2.214221,-0.040735
2006,1774597102016,22.297434,365.5,-14.81,457.234,0.20881,0.684538,-0.663364,0.218529,0.57796,1.894719,-1.83611,0.3655,-0.01481,0.457234,-2.203178,-2.214065,-0.040471
2007,1774597102027,22.308545,364.442,-14.833,457.232,0.209082,0.684609,-0.663314,0.218195,0.578815,1.89525,-1.836298,0.364442,-0.014833,0.457232,-2.203205,-2.214029,-0.040281
2008,1774597102038,22.319656,363.352,-14.817,457.253,0.209053,0.684578,-0.663416,0.218012,0.578791,1.895347,-1.836756,0.363352,-0.014817,0.457253,-2.203153,-2.21413,-0.040137
2009,1774597102049,22.330768,361.063,-14.834,457.363,0.208704,0.685036,-0.662923,0.218405,0.577706,1.896221,-1.835011,0.361063,-0.014834,0.457363,-2.203215,-2.214241,-0.040321
2010,1774597102060,22.341879,359.915,-14.847,457.426,0.208504,0.68523,-0.662686,0.218708,0.577058,1.896453,-1.834061,0.359915,-0.014847,0.457426,-2.203287,-2.214341,-0.04051
2011,1774597102071,22.35299,357.718,-14.871,457.436,0.208673,0.684743,-0.66318,0.218578,0.577566,1.895234,-1.835552,0.357718,-0.014871,0.457436,-2.203354,-2.214259,-0.040068
2012,1774597102083,22.364101,356.572,-14.879,457.463,0.208794,0.684763,-0.663146,0.218501,0.577925,1.895368,-1.835534,0.356572,-0.014879,0.457463,-2.203327,-2.214253,-0.039998
2013,1774597102094,22.375213,354.223,-14.887,457.554,0.208723,0.68454,-0.663388,0.218532,0.577718,1.894721,-1.836174,0.354223,-0.014887,0.457554,-2.203426,-2.214397,-0.039865
2014,1774597102105,22.386324,353.078,-14.924,457.611,0.208856,0.684713,-0.663153,0.218576,0.578074,1.895154,-1.835479,0.353078,-0.014924,0.457611,-2.203469,-2.214334,-0.039979
2015,1774597102116,22.397435,351.922,-14.957,457.688,0.208637,0.684858,-0.663014,0.218753,0.577414,1.895379,-1.834922,0.351922,-0.014957,0.457688,-2.203648,-2.21425,-0.040176
2016,1774597102127,22.408546,349.6,-14.966,457.744,0.208569,0.684991,-0.662898,0.218751,0.577226,1.895749,-1.834605,0.3496,-0.014966,0.457744,-2.20361,-2.214418,-0.040047
2017,1774597102138,22.419657,348.449,-14.984,457.747,0.208401,0.684548,-0.663353,0.218922,0.576708,1.894351,-1.835697,0.348449,-0.014984,0.457747,-2.203694,-2.214283,-0.039865
2018,1774597102149,22.430769,346.165,-15.02,457.791,0.208313,0.684679,-0.663144,0.21923,0.57637,1.894404,-1.83482,0.346165,-0.01502,0.457791,-2.203751,-2.21428,-0.039655
2019,1774597102160,22.44188,345.009,-15.051,457.853,0.208712,0.684532,-0.663321,0.218771,0.577616,1.894458,-1.835755,0.345009,-0.015051,0.457853,-2.203893,-2.214237,-0.039702
2020,1774597102171,22.452991,343.83,-15.048,457.898,0.208114,0.684807,-0.663026,0.219374,0.575777,1.894614,-1.834353,0.34383,-0.015048,0.457898,-2.204007,-2.214354,-0.039752
2021,1774597102183,22.464102,341.535,-15.07,457.845,0.208232,0.684593,-0.663243,0.219271,0.576135,1.894127,-1.835056,0.341535,-0.01507,0.457845,-2.203884,-2.214246,-0.039312
2022,1774597102194,22.475214,340.416,-15.064,457.807,0.207953,0.684467,-0.663337,0.219648,0.575248,1.893398,-1.834949,0.340416,-0.015064,0.457807,-2.203866,-2.214272,-0.03888
2023,1774597102205,22.486325,339.273,-15.097,457.856,0.208197,0.684388,-0.663423,0.219403,0.575997,1.893425,-1.835423,0.339273,-0.015097,0.457856,-2.20395,-2.214227,-0.039088
2024,1774597102216,22.497436,336.893,-15.119,458.025,0.20807,0.684885,-0.662953,0.219394,0.575648,1.894809,-1.834132,0.336893,-0.015119,0.458025,-2.204071,-2.214628,-0.039724
2025,1774597102227,22.508547,335.747,-15.142,458.008,0.208157,0.685018,-0.662773,0.219436,0.575877,1.895137,-1.833594,0.335747,-0.015142,0.458008,-2.204083,-2.214613,-0.03968
2026,1774597102238,22.519659,333.588,-15.166,457.88,0.208311,0.684279,-0.663493,0.219423,0.576307,1.893103,-1.835599,0.333588,-0.015166,0.45788,-2.204047,-2.214376,-0.038805
2027,1774597102249,22.53077,332.494,-15.207,457.874,0.20833,0.684384,-0.663393,0.219379,0.576374,1.893439,-1.835366,0.332494,-0.015207,0.457874,-2.20402,-2.214296,-0.038737
2028,1774597102260,22.541881,331.34,-15.195,457.949,0.208096,0.684703,-0.663108,0.219465,0.575699,1.894236,-1.834493,0.33134,-0.015195,0.457949,-2.204084,-2.214449,-0.039093
2029,1774597102271,22.552992,329.069,-15.237,457.993,0.20813,0.684869,-0.662878,0.219613,0.575747,1.894545,-1.833714,0.329069,-0.015237,0.457993,-2.204287,-2.214584,-0.039337
2030,1774597102283,22.564104,328.016,-15.25,457.912,0.208166,0.684512,-0.663224,0.219646,0.575838,1.893527,-1.834637,0.328016,-0.01525,0.457912,-2.204267,-2.214504,-0.038953
2031,1774597102294,22.575215,326.006,-15.26,457.726,0.208246,0.684016,-0.663726,0.2196,0.576074,1.892201,-1.83607,0.326006,-0.01526,0.457726,-2.204151,-2.214266,-0.037956
2032,1774597102305,22.586326,324.884,-15.249,457.82,0.207745,0.684736,-0.663074,0.219798,0.574627,1.893993,-1.834077,0.324884,-0.015249,0.45782,-2.204303,-2.214481,-0.03831
2033,1774597102316,22.597437,323.754,-15.276,457.89,0.207997,0.684815,-0.662976,0.219613,0.575381,1.894396,-1.833983,0.323754,-0.015276,0.45789,-2.204444,-2.214634,-0.038708
2034,1774597102327,22.608549,321.604,-15.334,457.839,0.207942,0.684706,-0.663004,0.219918,0.575136,1.893791,-1.833766,0.321604,-0.015334,0.457839,-2.204586,-2.214622,-0.038489
2035,1774597102338,22.61966,320.608,-15.343,457.751,0.207992,0.68418,-0.663509,0.219985,0.575253,1.892268,-1.835097,0.320608,-0.015343,0.457751,-2.204587,-2.214457,-0.038037
2036,1774597102349,22.630771,318.539,-15.314,457.742,0.207851,0.684176,-0.663616,0.219809,0.574917,1.892433,-1.835563,0.318539,-0.015314,0.457742,-2.204605,-2.214612,-0.037874
2037,1774597102360,22.641882,317.465,-15.336,457.803,0.207756,0.684397,-0.66337,0.219952,0.57461,1.8929,-1.834746,0.317465,-0.015336,0.457803,-2.2047,-2.214719,-0.038243
2038,1774597102371,22.652993,316.389,-15.369,457.847,0.207908,0.684651,-0.663066,0.219935,0.575036,1.89362,-1.83392,0.316389,-0.015369,0.457847,-2.204816,-2.21482,-0.038559
2039,1774597102383,22.664105,314.453,-15.415,457.645,0.208126,0.684175,-0.66351,0.219871,0.575658,1.892369,-1.835211,0.314453,-0.015415,0.457645,-2.204863,-2.214431,-0.037521
2040,1774597102394,22.675216,313.508,-15.406,457.575,0.208007,0.684126,-0.663563,0.219974,0.575298,1.892131,-1.835257,0.313508,-0.015406,0.457575,-2.204923,-2.214302,-0.037146
2041,1774597102405,22.686327,312.548,-15.373,457.559,0.207884,0.684154,-0.663604,0.21988,0.574985,1.892301,-1.835463,0.312548,-0.015373,0.457559,-2.204731,-2.214535,-0.036973
2042,1774597102416,22.697439,310.491,-15.422,457.692,0.207668,0.684607,-0.663072,0.220277,0.574268,1.893158,-1.833606,0.310491,-0.015422,0.457692,-2.205049,-2.214777,-0.037853
2043,1774597102427,22.70855,309.49,-15.462,457.704,0.207775,0.684466,-0.663173,0.220313,0.574554,1.89273,-1.83385,0.30949,-0.015462,0.457704,-2.205135,-2.214844,-0.037978
2044,1774597102438,22.719661,307.664,-15.53,457.541,0.207991,0.68376,-0.663842,0.220285,0.575159,1.890806,-1.835728,0.307664,-0.01553,0.457541,-2.205203,-2.214457,-0.037265
2045,1774597102449,22.730777,306.786,-15.494,457.484,0.207599,0.683683,-0.664021,0.220356,0.574054,1.890522,-1.836153,0.306786,-0.015494,0.457484,-2.204962,-2.214666,-0.036964
2046,1774597102460,22.741889,305.898,-15.499,457.459,0.207716,0.683803,-0.663935,0.220134,0.574445,1.891075,-1.83613,0.305898,-0.015499,0.457459,-2.20491,-2.214619,-0.036896
2047,1774597102471,22.753,304.031,-15.564,457.539,0.207636,0.684557,-0.663096,0.220394,0.574144,1.892902,-1.833558,0.304031,-0.015564,0.457539,-2.205139,-2.214791,-0.037448
2048,1774597102483,22.764111,303.13,-15.607,457.542,0.207646,0.684455,-0.663118,0.220634,0.574098,1.89238,-1.833386,0.30313,-0.015607,0.457542,-2.205244,-2.214851,-0.037548
2049,1774597102494,22.775222,301.436,-15.664,457.363,0.207855,0.683928,-0.66369,0.220351,0.574764,1.891205,-1.835244,0.301436,-0.015664,0.457363,-2.205042,-2.214701,-0.036908
2050,1774597102505,22.786334,300.666,-15.655,457.233,0.20762,0.683732,-0.663904,0.220536,0.574057,1.890477,-1.835656,0.300666,-0.015655,0.457233,-2.204981,-2.214634,-0.036231
2051,1774597102516,22.797445,299.878,-15.654,457.18,0.207669,0.683812,-0.663873,0.220335,0.574254,1.8909,-1.835765,0.299878,-0.015654,0.45718,-2.204911,-2.214647,-0.036115
2052,1774597102527,22.808556,298.203,-15.729,457.262,0.207841,0.683933,-0.663713,0.220278,0.574747,1.891292,-1.835378,0.298203,-0.015729,0.457262,-2.205031,-2.214766,-0.036799
2053,1774597102538,22.819667,297.335,-15.776,457.329,0.207816,0.684629,-0.662987,0.220326,0.574663,1.89317,-1.833323,0.297335,-0.015776,0.457329,-2.205158,-2.214937,-0.037345
2054,1774597102549,22.830779,295.754,-15.848,457.281,0.207872,0.684439,-0.663169,0.220316,0.57482,1.892652,-1.833837,0.295754,-0.015848,0.457281,-2.205198,-2.214938,-0.03743
2055,1774597102560,22.84189,295.754,-15.848,457.281,0.207912,0.683939,-0.66368,0.220296,0.574936,1.891289,-1.835267,0.295754,-0.015848,0.457281,-2.205198,-2.214938,-0.03743
2056,1774597102572,22.853001,294.319,-15.887,457.054,0.207844,0.683598,-0.66401,0.22042,0.57471,1.890224,-1.836061,0.294319,-0.015887,0.457054,-2.205018,-2.214804,-0.036479
2057,1774597102583,22.864112,292.866,-15.92,457.022,0.207803,0.684131,-0.663501,0.220339,0.574622,1.891779,-1.834732,0.292866,-0.01592,0.457022,-2.204942,-2.214929,-0.036661
2058,1774597102594,22.875224,292.138,-15.947,457.043,0.207682,0.684185,-0.663446,0.22045,0.574254,1.891818,-1.834473,0.292138,-0.015947,0.457043,-2.20499,-2.215015,-0.036901
2059,1774597102605,22.886335,291.411,-15.966,457.059,0.207589,0.684586,-0.663035,0.220528,0.573973,1.892848,-1.833261,0.291411,-0.015966,0.457059,-2.205042,-2.215158,-0.03715
2060,1774597102616,22.897446,290.02,-16.057,457.073,0.20773,0.684323,-0.663264,0.220526,0.574365,1.892122,-1.833895,0.29002,-0.016057,0.457073,-2.205216,-2.215087,-0.037495
2061,1774597102627,22.908558,289.344,-16.079,457.06,0.207789,0.684413,-0.663194,0.220399,0.574567,1.892499,-1.833826,0.289344,-0.016079,0.45706,-2.205153,-2.215162,-0.037529
2062,1774597102638,22.919669,288.704,-16.105,457.008,0.207683,0.684285,-0.663332,0.220481,0.574248,1.892063,-1.834128,0.288704,-0.016105,0.457008,-2.205273,-2.215073,-0.037333
2063,1774597102649,22.93078,287.483,-16.126,456.87,0.207676,0.683882,-0.663786,0.220373,0.574262,1.891056,-1.835488,0.287483,-0.016126,0.45687,-2.205113,-2.215048,-0.036791
2064,1774597102660,22.941891,286.909,-16.139,456.8,0.207641,0.68389,-0.663742,0.220515,0.57412,1.890937,-1.835226,0.286909,-0.016139,0.4568,-2.205031,-2.21502,-0.036517
2065,1774597102672,22.953003,285.74,-16.174,456.764,0.207809,0.683982,-0.663626,0.220418,0.574617,1.891289,-1.835002,0.28574,-0.016174,0.456764,-2.205035,-2.215114,-0.036469
2066,1774597102683,22.964114,285.16,-16.214,456.78,0.207764,0.683772,-0.663858,0.220413,0.574493,1.890713,-1.835648,0.28516,-0.016214,0.45678,-2.20519,-2.215091,-0.036549
2067,1774597102694,22.975225,284.034,-16.305,456.838,0.207807,0.683973,-0.663627,0.220449,0.5746,1.89123,-1.834973,0.284034,-0.016305,0.456838,-2.205286,-2.215155,-0.037047
2068,1774597102705,22.986336,283.486,-16.363,456.871,0.207799,0.68426,-0.663323,0.220478,0.57457,1.891996,-1.834106,0.283486,-0.016363,0.456871,-2.205394,-2.21522,-0.037311
2069,1774597102716,22.997448,282.983,-16.379,456.849,0.207631,0.684144,-0.663463,0.220575,0.574076,1.891579,-1.834397,0.282983,-0.016379,0.456849,-2.205448,-2.215251,-0.037227
2070,1774597102727,23.008559,282.033,-16.434,456.785,0.207545,0.683878,-0.66376,0.220589,0.573832,1.890828,-1.835205,0.282033,-0.016434,0.456785,-2.205344,-2.215259,-0.03699
2071,1774597102738,23.019671,281.591,-16.45,456.743,0.207589,0.684013,-0.663588,0.220644,0.573938,1.891148,-1.834677,0.281591,-0.01645,0.456743,-2.205396,-2.215258,-0.03672
2072,1774597102749,23.030782,280.731,-16.535,456.66,0.207602,0.683755,-0.663834,0.220691,0.57396,1.890388,-1.835312,0.280731,-0.016535,0.45666,-2.205432,-2.215166,-0.036423
2073,1774597102760,23.041894,280.315,-16.565,456.636,0.207491,0.683865,-0.663735,0.220753,0.573635,1.890629,-1.834979,0.280315,-0.016565,0.456636,-2.205379,-2.215196,-0.036333
2074,1774597102772,23.053005,279.935,-16.591,456.606,0.207297,0.683977,-0.663652,0.220837,0.573071,1.890855,-1.834667,0.279935,-0.016591,0.456606,-2.205419,-2.215237,-0.036169
2075,1774597102783,23.064116,279.23,-16.659,456.511,0.207335,0.683622,-0.664016,0.220808,0.573186,1.889902,-1.835701,0.27923,-0.016659,0.456511,-2.205274,-2.2152,-0.035769
2076,1774597102794,23.075227,278.874,-16.712,456.513,0.207431,0.683788,-0.663793,0.220873,0.573433,1.890296,-1.835022,0.278874,-0.016712,0.456513,-2.205326,-2.215176,-0.035839
2077,1774597102805,23.086338,278.517,-16.741,456.508,0.207277,0.683716,-0.663916,0.22087,0.573008,1.8901,-1.835365,0.278517,-0.016741,0.456508,-2.205368,-2.215276,-0.035869
2078,1774597102816,23.097449,277.83,-16.829,456.543,0.207385,0.683802,-0.663841,0.220732,0.573347,1.890474,-1.835289,0.27783,-0.016829,0.456543,-2.205355,-2.215515,-0.036144
2079,1774597102827,23.108561,277.516,-16.877,456.56,0.207349,0.684002,-0.663654,0.220705,0.573257,1.891056,-1.834801,0.277516,-0.016877,0.45656,-2.205315,-2.215587,-0.03631
2080,1774597102838,23.119672,276.951,-16.962,456.52,0.207238,0.683868,-0.66378,0.220845,0.572908,1.890547,-1.835013,0.276951,-0.016962,0.45652,-2.205236,-2.215671,-0.036206
2081,1774597102849,23.130783,276.692,-16.998,456.509,0.207143,0.683709,-0.663972,0.22085,0.572642,1.890101,-1.835538,0.276692,-0.016998,0.456509,-2.205185,-2.215727,-0.03616
2082,1774597102860,23.141895,276.43,-17.058,456.522,0.207117,0.683923,-0.663762,0.220846,0.572572,1.890696,-1.834961,0.27643,-0.017058,0.456522,-2.205309,-2.215723,-0.036206
2083,1774597102872,23.153006,275.934,-17.151,456.512,0.207125,0.683838,-0.663869,0.220777,0.572616,1.890532,-1.835325,0.275934,-0.017151,0.456512,-2.205218,-2.215852,-0.036266
2084,1774597102883,23.164117,275.703,-17.193,456.512,0.207097,0.684039,-0.663638,0.220879,0.572506,1.890983,-1.834587,0.275703,-0.017193,0.456512,-2.205243,-2.215932,-0.036275
2085,1774597102894,23.175228,275.301,-17.27,456.467,0.20707,0.683832,-0.663854,0.220892,0.572429,1.890399,-1.835172,0.275301,-0.01727,0.456467,-2.205166,-2.215988,-0.03608
2086,1774597102905,23.18634,275.115,-17.314,456.424,0.206941,0.683906,-0.663808,0.220924,0.572062,1.890573,-1.835013,0.275115,-0.017314,0.456424,-2.205183,-2.215926,-0.035897
2087,1774597102916,23.197451,274.902,-17.371,456.438,0.206905,0.683959,-0.663757,0.220948,0.571955,1.890693,-1.834849,0.274902,-0.017371,0.456438,-2.205202,-2.216001,-0.036015
2088,1774597102927,23.208562,274.551,-17.466,456.389,0.206717,0.683861,-0.663885,0.221041,0.571408,1.890331,-1.835113,0.274551,-0.017466,0.456389,-2.205108,-2.216172,-0.035726
2089,1774597102938,23.219674,274.383,-17.53,456.377,0.20678,0.683818,-0.663928,0.220987,0.571597,1.890265,-1.835283,0.274383,-0.01753,0.456377,-2.205147,-2.216132,-0.035645
2090,1774597102949,23.230785,274.077,-17.656,456.349,0.206895,0.683785,-0.663934,0.220962,0.571925,1.8902,-1.835325,0.274077,-0.017656,0.456349,-2.205059,-2.216099,-0.035599
2091,1774597102960,23.241896,273.939,-17.7,456.31,0.206765,0.683781,-0.66401,0.22087,0.571592,1.89028,-1.835623,0.273939,-0.0177,0.45631,-2.205026,-2.216144,-0.035408
2092,1774597102972,23.253008,273.788,-17.757,456.292,0.206815,0.683671,-0.664101,0.220889,0.571725,1.889957,-1.835858,0.273788,-0.017757,0.456292,-2.204983,-2.216207,-0.035375
2093,1774597102983,23.264119,273.53,-17.876,456.262,0.20677,0.683587,-0.66421,0.220861,0.571607,1.889754,-1.836186,0.27353,-0.017876,0.456262,-2.20479,-2.216307,-0.035253
2094,1774597102994,23.27523,273.406,-17.95,456.242,0.206714,0.683636,-0.664205,0.220778,0.571478,1.889972,-1.836252,0.273406,-0.01795,0.456242,-2.204793,-2.216311,-0.035227
2095,1774597103005,23.286341,273.305,-18.022,456.202,0.206828,0.683626,-0.664173,0.220798,0.571789,1.889924,-1.836144,0.273305,-0.018022,0.456202,-2.204794,-2.216229,-0.03498
2096,1774597103016,23.297453,273.07,-18.196,456.185,0.20693,0.68362,-0.664135,0.220839,0.572057,1.889865,-1.835999,0.27307,-0.018196,0.456185,-2.204878,-2.216183,-0.03498
2097,1774597103027,23.308564,272.958,-18.296,456.19,0.206802,0.683678,-0.664138,0.220768,0.571724,1.890097,-1.836077,0.272958,-0.018296,0.45619,-2.204793,-2.216233,-0.035077
2098,1774597103038,23.319675,272.742,-18.498,456.161,0.206783,0.683581,-0.664219,0.220841,0.571652,1.889755,-1.836231,0.272742,-0.018498,0.456161,-2.204799,-2.216239,-0.035005
2099,1774597103049,23.330786,272.742,-18.498,456.161,0.206883,0.683621,-0.664169,0.220773,0.571948,1.889936,-1.836159,0.272742,-0.018498,0.456161,-2.204799,-2.216239,-0.035005
2100,1774597103060,23.341897,272.742,-18.498,456.161,0.206869,0.683577,-0.664194,0.220851,0.571887,1.889735,-1.836151,0.272742,-0.018498,0.456161,-2.204799,-2.216239,-0.035005
2101,1774597103072,23.353008,272.545,-18.742,456.135,0.206875,0.683494,-0.664281,0.22084,0.571906,1.889516,-1.836401,0.272545,-0.018742,0.456135,-2.204892,-2.216121,-0.034973
2102,1774597103083,23.364132,272.267,-19.178,456.119,0.206773,0.683586,-0.664236,0.220782,0.571642,1.889829,-1.836335,0.272267,-0.019178,0.456119,-2.204856,-2.21622,-0.035032
2103,1774597103094,23.375244,272.113,-19.524,456.072,0.206755,0.683518,-0.66431,0.220788,0.571589,1.889635,-1.836533,0.272113,-0.019524,0.456072,-2.204866,-2.2162,-0.034865
2104,1774597103105,23.386355,272.028,-19.732,456.066,0.206816,0.683618,-0.664197,0.220761,0.571767,1.889938,-1.836248,0.272028,-0.019732,0.456066,-2.204879,-2.216162,-0.034915
2105,1774597103116,23.397466,271.955,-19.942,456.047,0.206892,0.683603,-0.664184,0.220779,0.571972,1.889878,-1.836193,0.271955,-0.019942,0.456047,-2.204926,-2.216101,-0.034896
2106,1774597103127,23.408578,271.794,-20.395,456.055,0.20689,0.683591,-0.66419,0.220799,0.571959,1.889826,-1.836191,0.271794,-0.020395,0.456055,-2.204947,-2.216099,-0.035101
2107,1774597103138,23.419689,271.73,-20.617,456.032,0.20691,0.683594,-0.664165,0.220846,0.572001,1.889788,-1.836075,0.27173,-0.020617,0.456032,-2.204951,-2.216077,-0.035066
2108,1774597103149,23.4308,271.681,-20.867,456.024,0.206881,0.683523,-0.664205,0.22097,0.571884,1.889469,-1.836067,0.271681,-0.020867,0.456024,-2.205074,-2.215907,-0.035046
2109,1774597103160,23.441911,271.539,-21.406,456.01,0.206973,0.683529,-0.664189,0.220914,0.572154,1.889541,-1.836076,0.271539,-0.021406,0.45601,-2.205225,-2.215793,-0.03514
2110,1774597103172,23.453022,271.494,-21.68,455.979,0.206979,0.683504,-0.664181,0.221011,0.572142,1.889375,-1.835959,0.271494,-0.02168,0.455979,-2.205291,-2.215723,-0.035034
2111,1774597103183,23.464134,271.41,-22.261,455.947,0.206928,0.683558,-0.664127,0.221055,0.571987,1.889478,-1.835767,0.27141,-0.022261,0.455947,-2.205283,-2.215712,-0.034926
2112,1774597103194,23.475245,271.36,-22.574,455.939,0.20692,0.683476,-0.664205,0.22108,0.571956,1.889228,-1.83596,0.27136,-0.022574,0.455939,-2.205334,-2.215684,-0.03497
2113,1774597103205,23.486357,271.333,-22.889,455.91,0.206994,0.683487,-0.664204,0.220981,0.572193,1.889357,-1.836052,0.271333,-0.022889,0.45591,-2.205377,-2.215617,-0.034851
2114,1774597103216,23.497468,271.256,-23.583,455.887,0.207197,0.683395,-0.664232,0.22099,0.572749,1.889095,-1.836121,0.271256,-0.023583,0.455887,-2.205324,-2.215617,-0.035087
2115,1774597103227,23.508579,271.218,-23.948,455.88,0.207069,0.683439,-0.664241,0.220948,0.572408,1.889256,-1.836187,0.271218,-0.023948,0.45588,-2.205362,-2.215547,-0.035077
2116,1774597103238,23.51969,271.191,-24.717,455.826,0.20708,0.683438,-0.664276,0.220836,0.572474,1.889365,-1.836393,0.271191,-0.024717,0.455826,-2.205165,-2.215555,-0.034967
2117,1774597103249,23.530801,271.174,-25.103,455.83,0.206928,0.683535,-0.664204,0.220893,0.572035,1.889578,-1.836137,0.271174,-0.025103,0.45583,-2.205167,-2.215635,-0.034995
2118,1774597103260,23.541913,271.15,-25.508,455.801,0.206951,0.683431,-0.664272,0.220989,0.57207,1.889194,-1.836235,0.27115,-0.025508,0.455801,-2.205091,-2.215742,-0.034987
2119,1774597103272,23.553024,271.11,-26.379,455.787,0.207064,0.683352,-0.664311,0.221012,0.572376,1.888952,-1.836318,0.27111,-0.026379,0.455787,-2.205088,-2.21576,-0.034937
2120,1774597103283,23.564135,271.11,-26.831,455.756,0.207145,0.683468,-0.66415,0.221061,0.572584,1.889224,-1.835825,0.27111,-0.026831,0.455756,-2.205208,-2.215662,-0.034812
2121,1774597103294,23.575247,271.063,-27.774,455.753,0.207057,0.683148,-0.664504,0.221068,0.572339,1.888332,-1.836799,0.271063,-0.027774,0.455753,-2.205324,-2.21564,-0.034804
2122,1774597103305,23.586358,271.059,-28.258,455.728,0.207103,0.683209,-0.664394,0.221168,0.572437,1.888401,-1.836396,0.271059,-0.028258,0.455728,-2.205371,-2.215577,-0.034759
2123,1774597103316,23.597469,271.05,-28.756,455.718,0.20718,0.683287,-0.664329,0.221049,0.572686,1.888735,-1.836331,0.27105,-0.028756,0.455718,-2.205459,-2.215528,-0.034664
2124,1774597103327,23.608581,271.06,-29.774,455.679,0.207091,0.682844,-0.664827,0.221003,0.572453,1.887557,-1.837755,0.27106,-0.029774,0.455679,-2.205497,-2.215448,-0.03437
2125,1774597103338,23.619692,271.045,-30.308,455.683,0.207228,0.682906,-0.66471,0.221037,0.57282,1.887694,-1.837398,0.271045,-0.030308,0.455683,-2.205636,-2.215371,-0.034409
2126,1774597103349,23.630803,271.06,-31.369,455.663,0.207029,0.68326,-0.664395,0.221074,0.57226,1.888636,-1.836491,0.27106,-0.031369,0.455663,-2.20561,-2.215334,-0.034146
2127,1774597103360,23.641914,271.05,-31.932,455.673,0.206914,0.682889,-0.664725,0.22134,0.571861,1.887345,-1.837144,0.27105,-0.031932,0.455673,-2.205692,-2.215331,-0.03413
2128,1774597103372,23.653026,271.055,-32.479,455.689,0.206881,0.683042,-0.664549,0.221424,0.571744,1.887684,-1.836578,0.271055,-0.032479,0.455689,-2.205765,-2.215322,-0.034207
2129,1774597103383,23.664137,271.074,-33.625,455.673,0.206854,0.68301,-0.664587,0.221432,0.571667,1.887589,-1.836675,0.271074,-0.033625,0.455673,-2.205762,-2.215278,-0.033889
2130,1774597103394,23.675248,271.078,-34.196,455.678,0.206781,0.683063,-0.664571,0.221385,0.571482,1.887782,-1.836676,0.271078,-0.034196,0.455678,-2.205738,-2.215382,-0.033868
2131,1774597103405,23.68636,271.077,-34.812,455.698,0.206789,0.682917,-0.66472,0.221384,0.571503,1.887378,-1.837087,0.271077,-0.034812,0.455698,-2.2057,-2.21542,-0.033958
2132,1774597103416,23.697471,271.089,-36.104,455.713,0.206992,0.683069,-0.664594,0.2211,0.57215,1.888083,-1.837016,0.271089,-0.036104,0.455713,-2.205719,-2.215404,-0.034007
2133,1774597103427,23.708582,271.096,-36.737,455.721,0.206992,0.683121,-0.664582,0.220978,0.572186,1.888348,-1.8371,0.271096,-0.036737,0.455721,-2.205601,-2.215494,-0.03407
2134,1774597103438,23.719693,271.113,-38.079,455.761,0.2071,0.682988,-0.664676,0.221007,0.572477,1.88795,-1.837331,0.271113,-0.038079,0.455761,-2.205715,-2.215414,-0.034253
2135,1774597103449,23.730805,271.128,-38.76,455.768,0.207111,0.683,-0.6646,0.221187,0.572452,1.887806,-1.836947,0.271128,-0.03876,0.455768,-2.205803,-2.215363,-0.034282
2136,1774597103460,23.741916,271.155,-39.477,455.771,0.207195,0.682964,-0.664626,0.221139,0.572701,1.887754,-1.837067,0.271155,-0.039477,0.455771,-2.205791,-2.215239,-0.034263
2137,1774597103472,23.753027,271.174,-40.909,455.799,0.207181,0.683198,-0.664371,0.221197,0.572644,1.888342,-1.836305,0.271174,-0.040909,0.455799,-2.205876,-2.215288,-0.034425
2138,1774597103483,23.764138,271.209,-41.639,455.81,0.207196,0.683143,-0.664476,0.221039,0.572734,1.888347,-1.836748,0.271209,-0.041639,0.45581,-2.205744,-2.215363,-0.034484
2139,1774597103494,23.77525,271.284,-43.133,455.795,0.207093,0.682891,-0.664703,0.221229,0.572391,1.887462,-1.837193,0.271284,-0.043133,0.455795,-2.205594,-2.215461,-0.03433
2140,1774597103505,23.786362,271.307,-43.913,455.805,0.206972,0.683148,-0.664437,0.221347,0.57202,1.888055,-1.836343,0.271307,-0.043913,0.455805,-2.205751,-2.215374,-0.034401
2141,1774597103516,23.797473,271.353,-44.688,455.808,0.20695,0.682925,-0.664672,0.221352,0.571957,1.887433,-1.836986,0.271353,-0.044688,0.455808,-2.205765,-2.215379,-0.034329
2142,1774597103527,23.808584,271.428,-46.326,455.845,0.20696,0.682943,-0.664618,0.22145,0.571955,1.887384,-1.836742,0.271428,-0.046326,0.455845,-2.205842,-2.215338,-0.034511
2143,1774597103538,23.819696,271.469,-47.17,455.849,0.207119,0.683056,-0.664487,0.221346,0.572426,1.887801,-1.836481,0.271469,-0.04717,0.455849,-2.205972,-2.215195,-0.034483
2144,1774597103549,23.830807,271.572,-48.866,455.82,0.207231,0.682892,-0.664668,0.221202,0.572779,1.887493,-1.837121,0.271572,-0.048866,0.45582,-2.206061,-2.214998,-0.034264
2145,1774597103560,23.841918,271.607,-49.719,455.835,0.207038,0.68303,-0.664592,0.221187,0.57225,1.887888,-1.836926,0.271607,-0.049719,0.455835,-2.205953,-2.215096,-0.034424
2146,1774597103572,23.853029,271.655,-50.568,455.842,0.206995,0.683001,-0.664627,0.221211,0.572125,1.887782,-1.836999,0.271655,-0.050568,0.455842,-2.205868,-2.215161,-0.034376
2147,1774597103583,23.864141,271.706,-52.358,455.868,0.206975,0.682942,-0.664699,0.221195,0.572073,1.887636,-1.837213,0.271706,-0.052358,0.455868,-2.205696,-2.215343,-0.034439
2148,1774597103594,23.875252,271.756,-53.272,455.867,0.207029,0.683104,-0.664568,0.221036,0.57227,1.888244,-1.837006,0.271756,-0.053272,0.455867,-2.205594,-2.215362,-0.034412
2149,1774597103605,23.886363,271.791,-54.178,455.862,0.206928,0.682971,-0.664673,0.221228,0.571936,1.887684,-1.837108,0.271791,-0.054178,0.455862,-2.205629,-2.215359,-0.03431
2150,1774597103616,23.897474,271.844,-56.017,455.873,0.206929,0.682791,-0.664851,0.221248,0.571931,1.887167,-1.837582,0.271844,-0.056017,0.455873,-2.205675,-2.215331,-0.034199
2151,1774597103627,23.908586,271.848,-56.956,455.893,0.207053,0.683055,-0.664581,0.221127,0.572312,1.888016,-1.836954,0.271848,-0.056956,0.455893,-2.205413,-2.215565,-0.034305
2152,1774597103638,23.919697,271.876,-58.86,455.917,0.206974,0.683046,-0.664595,0.221189,0.572072,1.887929,-1.836931,0.271876,-0.05886,0.455917,-2.205307,-2.215781,-0.034235
2153,1774597103649,23.930808,271.873,-59.84,455.945,0.206945,0.683019,-0.664624,0.221209,0.571988,1.887836,-1.836992,0.271873,-0.05984,0.455945,-2.205407,-2.215768,-0.034358
2154,1774597103660,23.94192,271.902,-60.837,455.928,0.207067,0.683015,-0.664608,0.221156,0.57234,1.887877,-1.837001,0.271902,-0.060837,0.455928,-2.205376,-2.215644,-0.034236
2155,1774597103672,23.953031,271.908,-62.838,455.938,0.207155,0.682949,-0.664637,0.221193,0.572572,1.887657,-1.837044,0.271908,-0.062838,0.455938,-2.205616,-2.215572,-0.034286
2156,1774597103683,23.964142,271.914,-63.86,455.946,0.207333,0.683141,-0.664464,0.220953,0.573137,1.888427,-1.836799,0.271914,-0.06386,0.455946,-2.205658,-2.2155,-0.034406
2157,1774597103694,23.975254,271.931,-65.904,455.953,0.207088,0.682871,-0.664708,0.221283,0.572359,1.887352,-1.837154,0.271931,-0.065904,0.455953,-2.205633,-2.215559,-0.034486
2158,1774597103705,23.986365,271.965,-66.965,455.925,0.207129,0.68282,-0.664839,0.221008,0.572556,1.887485,-1.837782,0.271965,-0.066965,0.455925,-2.205533,-2.215474,-0.034477
2159,1774597103716,23.997476,271.983,-68.029,455.922,0.206971,0.683344,-0.664304,0.221143,0.57208,1.888801,-1.836171,0.271983,-0.068029,0.455922,-2.205445,-2.21556,-0.034529
2160,1774597103727,24.008588,272.02,-70.238,455.909,0.207082,0.6833,-0.664382,0.220942,0.572446,1.888879,-1.836583,0.27202,-0.070238,0.455909,-2.205308,-2.215692,-0.034711
2161,1774597103738,24.019699,272.02,-71.349,455.911,0.206989,0.683325,-0.664305,0.221181,0.572116,1.888709,-1.836139,0.27202,-0.071349,0.455911,-2.205399,-2.215747,-0.034884
2162,1774597103749,24.03081,272.084,-73.584,455.888,0.207243,0.683228,-0.664412,0.220921,0.572897,1.888702,-1.836687,0.272084,-0.073584,0.455888,-2.205441,-2.215718,-0.035243
2163,1774597103760,24.041921,272.137,-74.697,455.844,0.20726,0.683414,-0.664192,0.220995,0.572923,1.88914,-1.836005,0.272137,-0.074697,0.455844,-2.205354,-2.215801,-0.035142
2164,1774597103772,24.053033,272.191,-75.809,455.814,0.207129,0.683238,-0.664431,0.220941,0.572576,1.888708,-1.836719,0.272191,-0.075809,0.455814,-2.205252,-2.215897,-0.035135
2165,1774597103783,24.064144,272.302,-78.086,455.716,0.207089,0.683176,-0.664471,0.22105,0.572432,1.888427,-1.836725,0.272302,-0.078086,0.455716,-2.205275,-2.215726,-0.034893
2166,1774597103794,24.075255,272.333,-79.263,455.7,0.207168,0.683264,-0.664383,0.220972,0.572676,1.888748,-1.836555,0.272333,-0.079263,0.4557,-2.205467,-2.215564,-0.035029
2167,1774597103805,24.086366,272.383,-80.424,455.663,0.207293,0.683076,-0.664498,0.221085,0.572987,1.888117,-1.836766,0.272383,-0.080424,0.455663,-2.205438,-2.215441,-0.035059
2168,1774597103816,24.097478,272.454,-82.67,455.648,0.2071,0.683464,-0.66414,0.221145,0.572435,1.889129,-1.835718,0.272454,-0.08267,0.455648,-2.205436,-2.215569,-0.035033
2169,1774597103827,24.108589,272.486,-83.818,455.636,0.207247,0.683253,-0.664412,0.220838,0.572934,1.888853,-1.836768,0.272486,-0.083818,0.455636,-2.205354,-2.215605,-0.03509
2170,1774597103838,24.1197,272.56,-86.122,455.619,0.207134,0.683246,-0.664441,0.220885,0.572607,1.888785,-1.8368,0.27256,-0.086122,0.455619,-2.205208,-2.215717,-0.034893
2171,1774597103849,24.130817,272.596,-87.306,455.6,0.207107,0.683213,-0.664412,0.221096,0.572468,1.888485,-1.836515,0.272596,-0.087306,0.4556,-2.205304,-2.215398,-0.034831
2172,1774597103860,24.141928,272.622,-88.455,455.598,0.207162,0.683268,-0.664349,0.221062,0.572632,1.888671,-1.836376,0.272622,-0.088455,0.455598,-2.205406,-2.215245,-0.03471
2173,1774597103872,24.153039,272.641,-90.712,455.665,0.207233,0.683019,-0.664585,0.221059,0.572828,1.887985,-1.837031,0.272641,-0.090712,0.455665,-2.205384,-2.2153,-0.034773
2174,1774597103883,24.164151,272.664,-91.831,455.716,0.207033,0.683286,-0.664368,0.221072,0.572273,1.88871,-1.836419,0.272664,-0.091831,0.455716,-2.205277,-2.215445,-0.034831
2175,1774597103894,24.175262,272.713,-94.097,455.806,0.207387,0.683249,-0.66438,0.220819,0.573326,1.888859,-1.836697,0.272713,-0.094097,0.455806,-2.205352,-2.215252,-0.034871
2176,1774597103905,24.186373,272.75,-95.214,455.845,0.207502,0.683294,-0.664362,0.220624,0.573703,1.88918,-1.836837,0.27275,-0.095214,0.455845,-2.205346,-2.215231,-0.034876
2177,1774597103916,24.197484,272.778,-96.334,455.896,0.207466,0.683089,-0.664464,0.220986,0.573495,1.888252,-1.836768,0.272778,-0.096334,0.455896,-2.205451,-2.215136,-0.034871
2178,1774597103927,24.208595,272.841,-98.547,455.997,0.207404,0.683179,-0.664392,0.220981,0.573325,1.888506,-1.836573,0.272841,-0.098547,0.455997,-2.205545,-2.214987,-0.034858
2179,1774597103938,24.219707,272.871,-99.616,456.075,0.207287,0.68313,-0.664522,0.220852,0.57304,1.888499,-1.837057,0.272871,-0.099616,0.456075,-2.205477,-2.215225,-0.034968
2180,1774597103949,24.230818,272.956,-101.825,456.156,0.207435,0.683409,-0.664251,0.220667,0.573504,1.889454,-1.836488,0.272956,-0.101825,0.456156,-2.205345,-2.215276,-0.035031
2181,1774597103960,24.241929,272.969,-102.939,456.194,0.20736,0.683401,-0.664315,0.220567,0.573329,1.889532,-1.836762,0.272969,-0.102939,0.456194,-2.20523,-2.215435,-0.035064
2182,1774597103972,24.25304,273.017,-104.048,456.2,0.207686,0.68336,-0.664254,0.220574,0.574229,1.889411,-1.836586,0.273017,-0.104048,0.4562,-2.205235,-2.215264,-0.034988
2183,1774597103983,24.264152,273.084,-106.238,456.252,0.207629,0.683246,-0.664316,0.220792,0.574004,1.88888,-1.836547,0.273084,-0.106238,0.456252,-2.205369,-2.21521,-0.035025
2184,1774597103994,24.275263,273.129,-107.331,456.249,0.207683,0.683271,-0.664339,0.220596,0.574213,1.889143,-1.836799,0.273129,-0.107331,0.456249,-2.205213,-2.21517,-0.035055
2185,1774597104005,24.286374,273.184,-108.413,456.244,0.207563,0.683272,-0.664396,0.220532,0.573899,1.889212,-1.837021,0.273184,-0.108413,0.456244,-2.205098,-2.215168,-0.034878
2186,1774597104016,24.297485,273.272,-110.583,456.259,0.207248,0.683134,-0.664472,0.221026,0.572879,1.888337,-1.83675,0.273272,-0.110583,0.456259,-2.204992,-2.215137,-0.034861
2187,1774597104027,24.308596,273.281,-111.659,456.28,0.207301,0.683396,-0.664204,0.220973,0.573041,1.889113,-1.836062,0.273281,-0.111659,0.45628,-2.20512,-2.215091,-0.034865
2188,1774597104038,24.319708,273.306,-113.809,456.359,0.207576,0.683266,-0.664289,0.220863,0.573837,1.888863,-1.836403,0.273306,-0.113809,0.456359,-2.205316,-2.215029,-0.035322
2189,1774597104049,24.330819,273.339,-114.828,456.375,0.207477,0.683186,-0.664356,0.221001,0.57352,1.888506,-1.836452,0.273339,-0.114828,0.456375,-2.205392,-2.215093,-0.035392
2190,1774597104060,24.341931,273.391,-115.846,456.355,0.207444,0.682897,-0.664708,0.220867,0.573471,1.887839,-1.837556,0.273391,-0.115846,0.456355,-2.205266,-2.215084,-0.035344
2191,1774597104072,24.353042,273.518,-117.868,456.299,0.207236,0.683295,-0.66441,0.220729,0.572936,1.889078,-1.836867,0.273518,-0.117868,0.456299,-2.204956,-2.21524,-0.035112
2192,1774597104083,24.364154,273.536,-118.904,456.291,0.207324,0.683058,-0.664643,0.220676,0.573195,1.888476,-1.837564,0.273536,-0.118904,0.456291,-2.204995,-2.215209,-0.035038
2193,1774597104094,24.375265,273.546,-120.989,456.275,0.207487,0.683348,-0.66432,0.220598,0.57367,1.889356,-1.836744,0.273546,-0.120989,0.456275,-2.205028,-2.21511,-0.035172
2194,1774597104105,24.386376,273.539,-121.996,456.274,0.207238,0.683396,-0.664267,0.220842,0.572908,1.889245,-1.836363,0.273539,-0.121996,0.456274,-2.205152,-2.215114,-0.035151
2195,1774597104116,24.397487,273.569,-122.997,456.25,0.207328,0.683345,-0.664333,0.220718,0.573196,1.889227,-1.836665,0.273569,-0.122997,0.45625,-2.20508,-2.215,-0.035115
2196,1774597104127,24.408598,273.603,-124.907,456.206,0.207258,0.6832,-0.664505,0.220716,0.573002,1.888827,-1.837143,0.273603,-0.124907,0.456206,-2.204843,-2.215183,-0.035095
2197,1774597104138,24.41971,273.626,-125.846,456.188,0.207298,0.68329,-0.66455,0.220262,0.573249,1.88953,-1.837708,0.273626,-0.125846,0.456188,-2.204638,-2.215279,-0.034965
2198,1774597104149,24.430821,273.596,-127.715,456.192,0.207382,0.683361,-0.664378,0.220482,0.573414,1.889508,-1.837018,0.273596,-0.127715,0.456192,-2.204639,-2.215337,-0.035176
2199,1774597104160,24.441932,273.573,-128.655,456.207,0.207729,0.683226,-0.664498,0.220212,0.574457,1.889404,-1.837612,0.273573,-0.128655,0.456207,-2.204764,-2.215265,-0.035244
2200,1774597104172,24.453043,273.544,-129.588,456.224,0.207808,0.68359,-0.664101,0.220208,0.574676,1.890413,-1.836518,0.273544,-0.129588,0.456224,-2.2048,-2.215241,-0.035497
2201,1774597104183,24.464154,273.566,-131.376,456.202,0.207713,0.683498,-0.664184,0.220329,0.574378,1.89004,-1.83663,0.273566,-0.131376,0.456202,-2.204819,-2.215128,-0.035463
2202,1774597104194,24.475266,273.58,-132.242,456.193,0.207959,0.68329,-0.664438,0.219978,0.575164,1.889814,-1.837672,0.27358,-0.132242,0.456193,-2.204825,-2.215016,-0.035557
2203,1774597104205,24.486377,273.562,-133.155,456.186,0.207883,0.683138,-0.664564,0.220142,0.574904,1.889228,-1.837863,0.273562,-0.133155,0.456186,-2.20507,-2.214769,-0.035448
2204,1774597104216,24.497489,273.575,-134.844,456.188,0.207667,0.683459,-0.664321,0.220079,0.574327,1.890181,-1.837252,0.273575,-0.134844,0.456188,-2.204897,-2.214812,-0.035592
2205,1774597104227,24.5086,273.571,-135.678,456.206,0.207611,0.683453,-0.664309,0.22019,0.574138,1.890052,-1.83711,0.273571,-0.135678,0.456206,-2.204916,-2.2149,-0.035618
2206,1774597104238,24.519712,273.553,-137.333,456.205,0.207721,0.683502,-0.664289,0.219995,0.574502,1.890382,-1.837246,0.273553,-0.137333,0.456205,-2.204728,-2.215009,-0.035789
2207,1774597104249,24.530823,273.562,-138.13,456.195,0.207487,0.683469,-0.66432,0.220223,0.573785,1.890065,-1.837108,0.273562,-0.13813,0.456195,-2.204729,-2.215022,-0.035706
2208,1774597104260,24.541934,273.551,-138.936,456.197,0.2078,0.683257,-0.664516,0.219993,0.57472,1.889707,-1.837875,0.273551,-0.138936,0.456197,-2.204713,-2.21497,-0.035819
2209,1774597104272,24.553046,273.563,-140.518,456.148,0.207812,0.683149,-0.664622,0.219998,0.574752,1.889404,-1.838163,0.273563,-0.140518,0.456148,-2.204765,-2.214733,-0.035735
2210,1774597104283,24.564157,273.572,-141.269,456.13,0.207895,0.683286,-0.664497,0.219873,0.575019,1.889907,-1.837937,0.273572,-0.141269,0.45613,-2.204706,-2.214687,-0.035721
2211,1774597104294,24.575268,273.547,-142.749,456.133,0.207892,0.683377,-0.664398,0.219892,0.575005,1.89014,-1.837646,0.273547,-0.142749,0.456133,-2.204738,-2.214619,-0.035788
2212,1774597104305,24.586379,273.543,-143.457,456.137,0.207683,0.683312,-0.664527,0.219901,0.574425,1.889951,-1.837996,0.273543,-0.143457,0.456137,-2.204619,-2.214755,-0.035842
2213,1774597104316,24.59749,273.53,-144.182,456.145,0.207716,0.683149,-0.664631,0.220062,0.574467,1.889341,-1.838126,0.27353,-0.144182,0.456145,-2.204789,-2.214683,-0.035971
2214,1774597104327,24.608601,273.534,-145.582,456.125,0.207744,0.683281,-0.664519,0.219963,0.574575,1.889804,-1.837912,0.273534,-0.145582,0.456125,-2.204707,-2.214712,-0.036001
2215,1774597104338,24.619713,273.528,-146.267,456.131,0.207793,0.683263,-0.664503,0.220022,0.574692,1.889695,-1.837812,0.273528,-0.146267,0.456131,-2.204727,-2.214697,-0.036074
2216,1774597104349,24.630824,273.551,-146.942,456.111,0.207887,0.683267,-0.664557,0.219756,0.575033,1.889972,-1.838219,0.273551,-0.146942,0.456111,-2.204637,-2.214652,-0.036165
2217,1774597104360,24.641935,273.547,-148.23,456.103,0.207893,0.683448,-0.664355,0.2198,0.575035,1.890429,-1.837616,0.273547,-0.14823,0.456103,-2.204672,-2.214665,-0.036086
2218,1774597104372,24.653046,273.549,-148.862,456.106,0.20779,0.683413,-0.664367,0.21997,0.574699,1.890161,-1.837486,0.273549,-0.148862,0.456106,-2.204709,-2.214641,-0.036121
2219,1774597104383,24.664158,273.551,-150.103,456.095,0.207787,0.683331,-0.664438,0.220009,0.57468,1.889897,-1.837644,0.273551,-0.150103,0.456095,-2.204798,-2.214581,-0.036128
2220,1774597104394,24.675269,273.554,-150.683,456.094,0.207779,0.683292,-0.66448,0.220016,0.574654,1.88978,-1.837754,0.273554,-0.150683,0.456094,-2.204766,-2.21462,-0.036138
2221,1774597104405,24.68638,273.566,-151.254,456.093,0.207699,0.683512,-0.664308,0.219924,0.574462,1.890483,-1.837368,0.273566,-0.151254,0.456093,-2.204799,-2.214617,-0.036148
2222,1774597104416,24.697491,273.546,-152.373,456.116,0.207743,0.683444,-0.664319,0.220061,0.574542,1.890157,-1.837264,0.273546,-0.152373,0.456116,-2.204802,-2.214766,-0.036245
2223,1774597104427,24.708602,273.578,-152.914,456.081,0.207675,0.683473,-0.664324,0.220021,0.574366,1.890278,-1.837317,0.273578,-0.152914,0.456081,-2.204705,-2.214763,-0.036098
2224,1774597104438,24.719714,273.569,-153.948,456.099,0.207733,0.683517,-0.664308,0.219876,0.574571,1.890545,-1.837414,0.273569,-0.153948,0.456099,-2.20472,-2.214924,-0.036128
2225,1774597104449,24.730825,273.575,-154.447,456.097,0.207713,0.683437,-0.664375,0.219944,0.574493,1.890254,-1.837533,0.273575,-0.154447,0.456097,-2.20471,-2.21496,-0.036141
2226,1774597104460,24.741936,273.573,-154.957,456.082,0.20772,0.683464,-0.664349,0.219929,0.574518,1.890345,-1.837476,0.273573,-0.154957,0.456082,-2.204786,-2.21487,-0.036122
2227,1774597104472,24.753047,273.582,-155.898,456.065,0.20771,0.683557,-0.664284,0.219849,0.574514,1.89068,-1.837373,0.273582,-0.155898,0.456065,-2.204678,-2.214933,-0.036189
2228,1774597104483,24.764158,273.568,-156.327,456.091,0.207666,0.683466,-0.664373,0.219905,0.574376,1.890374,-1.837564,0.273568,-0.156327,0.456091,-2.204711,-2.215043,-0.036212
2229,1774597104494,24.77527,273.586,-157.161,456.076,0.207631,0.683436,-0.664404,0.219937,0.574268,1.890259,-1.83762,0.273586,-0.157161,0.456076,-2.204717,-2.215036,-0.036212
2230,1774597104505,24.786381,273.592,-157.56,456.084,0.207589,0.683517,-0.66433,0.219948,0.574149,1.890472,-1.837404,0.273592,-0.15756,0.456084,-2.204738,-2.215079,-0.036196
2231,1774597104516,24.797492,273.583,-157.94,456.082,0.207661,0.68353,-0.664276,0.220003,0.574333,1.890452,-1.837201,0.273583,-0.15794,0.456082,-2.204817,-2.215046,-0.036239
2232,1774597104527,24.808604,273.594,-158.668,456.111,0.207704,0.683621,-0.664181,0.219965,0.574462,1.890742,-1.836977,0.273594,-0.158668,0.456111,-2.204883,-2.21516,-0.036375
2233,1774597104538,24.819715,273.616,-159.02,456.095,0.207684,0.683563,-0.664225,0.220033,0.574386,1.890513,-1.837031,0.273616,-0.15902,0.456095,-2.204902,-2.215067,-0.036346
2234,1774597104549,24.830826,273.661,-159.659,456.079,0.207663,0.683523,-0.664289,0.219984,0.574343,1.890453,-1.837256,0.273661,-0.159659,0.456079,-2.204803,-2.215114,-0.036255
2235,1774597104560,24.841938,273.68,-159.965,456.082,0.207695,0.683719,-0.664079,0.219977,0.574434,1.891002,-1.836682,0.27368,-0.159965,0.456082,-2.204876,-2.215106,-0.036297
2236,1774597104572,24.853049,273.691,-160.263,456.091,0.207655,0.683636,-0.664169,0.220004,0.574316,1.890743,-1.836904,0.273691,-0.160263,0.456091,-2.20497,-2.215091,-0.036352
2237,1774597104583,24.86416,273.741,-160.818,456.078,0.207726,0.683794,-0.664004,0.219942,0.57453,1.891243,-1.836509,0.273741,-0.160818,0.456078,-2.205009,-2.215095,-0.036277
2238,1774597104594,24.875271,273.773,-161.068,456.078,0.207798,0.683826,-0.663975,0.219863,0.574753,1.891411,-1.836505,0.273773,-0.161068,0.456078,-2.205024,-2.215079,-0.036319
2239,1774597104605,24.886382,273.801,-161.333,456.077,0.207697,0.683726,-0.664085,0.219937,0.574451,1.89106,-1.836737,0.273801,-0.161333,0.456077,-2.204963,-2.215068,-0.036347
2240,1774597104616,24.897494,273.867,-161.791,456.077,0.207611,0.683693,-0.664118,0.22002,0.574189,1.890887,-1.836746,0.273867,-0.161791,0.456077,-2.204879,-2.215137,-0.036352
2241,1774597104627,24.908605,273.898,-162.014,456.08,0.2077,0.683687,-0.664073,0.220089,0.574415,1.890802,-1.836557,0.273898,-0.162014,0.45608,-2.204903,-2.215132,-0.036365
2242,1774597104638,24.919716,273.941,-162.429,456.11,0.207748,0.683749,-0.664003,0.220062,0.574555,1.891001,-1.83639,0.273941,-0.162429,0.45611,-2.20507,-2.215165,-0.036524
2243,1774597104649,24.930828,273.98,-162.627,456.11,0.207703,0.683765,-0.663974,0.220144,0.574406,1.890963,-1.836228,0.27398,-0.162627,0.45611,-2.20515,-2.215084,-0.036503
2244,1774597104660,24.941939,274.015,-162.809,456.109,0.207857,0.683723,-0.664009,0.220024,0.574869,1.890967,-1.836442,0.274015,-0.162809,0.456109,-2.205167,-2.215124,-0.036457
2245,1774597104672,24.95305,274.108,-163.158,456.104,0.207843,0.683782,-0.663951,0.22003,0.574828,1.891122,-1.836275,0.274108,-0.163158,0.456104,-2.20511,-2.215142,-0.036432
2246,1774597104683,24.964162,274.161,-163.328,456.083,0.207697,0.683773,-0.663962,0.220161,0.574385,1.890966,-1.836179,0.274161,-0.163328,0.456083,-2.205163,-2.215029,-0.036343
2247,1774597104694,24.975273,274.268,-163.643,456.095,0.207668,0.683758,-0.663981,0.22018,0.574298,1.890906,-1.836214,0.274268,-0.163643,0.456095,-2.205096,-2.215063,-0.036374
2248,1774597104705,24.986384,274.312,-163.779,456.106,0.20756,0.683831,-0.663891,0.220325,0.573954,1.890965,-1.835823,0.274312,-0.163779,0.456106,-2.205176,-2.215115,-0.036369
2249,1774597104716,24.997496,274.375,-163.923,456.116,0.20759,0.683783,-0.663906,0.220398,0.574017,1.890758,-1.835795,0.274375,-0.163923,0.456116,-2.205157,-2.21515,-0.03641
2250,1774597104727,25.008607,274.518,-164.2,456.097,0.207632,0.683692,-0.663997,0.220368,0.57414,1.890536,-1.836076,0.274518,-0.1642,0.456097,-2.205159,-2.21509,-0.036287
2251,1774597104738,25.019718,274.582,-164.334,456.097,0.207637,0.683648,-0.66404,0.220369,0.574153,1.890414,-1.836194,0.274582,-0.164334,0.456097,-2.205214,-2.215039,-0.036322
2252,1774597104749,25.030829,274.79,-164.578,456.061,0.20767,0.68361,-0.664068,0.220373,0.574244,1.890303,-1.836267,0.27479,-0.164578,0.456061,-2.20516,-2.214896,-0.036093
2253,1774597104760,25.041941,274.865,-164.701,456.075,0.207648,0.683622,-0.664062,0.220376,0.574183,1.890333,-1.836246,0.274865,-0.164701,0.456075,-2.205252,-2.214936,-0.036182
2254,1774597104772,25.053052,274.978,-164.806,456.079,0.207545,0.683678,-0.664007,0.220465,0.573871,1.890399,-1.836009,0.274978,-0.164806,0.456079,-2.205279,-2.214908,-0.03619
2255,1774597104783,25.064163,275.215,-165.019,456.076,0.207512,0.683669,-0.664034,0.220439,0.573789,1.890401,-1.836109,0.275215,-0.165019,0.456076,-2.205195,-2.214979,-0.036152
2256,1774597104794,25.075274,275.334,-165.117,456.099,0.207627,0.683411,-0.664286,0.220373,0.574127,1.889755,-1.83687,0.275334,-0.165117,0.456099,-2.205212,-2.215023,-0.036187
2257,1774597104805,25.086386,275.492,-165.221,456.083,0.207512,0.683526,-0.664193,0.220405,0.573799,1.890041,-1.836582,0.275492,-0.165221,0.456083,-2.205159,-2.214962,-0.036017
2258,1774597104816,25.097497,275.813,-165.411,456.073,0.207545,0.683582,-0.664114,0.22044,0.57388,1.890158,-1.836329,0.275813,-0.165411,0.456073,-2.205157,-2.214928,-0.035918
2259,1774597104827,25.108608,275.999,-165.501,456.055,0.207408,0.683682,-0.66404,0.220481,0.573487,1.890395,-1.836084,0.275999,-0.165501,0.456055,-2.205092,-2.214886,-0.035799
2260,1774597104838,25.11972,276.362,-165.659,456.069,0.207379,0.683786,-0.663923,0.220538,0.57339,1.890626,-1.835705,0.276362,-0.165659,0.456069,-2.205111,-2.214929,-0.035801
2261,1774597104849,25.130831,276.552,-165.733,456.082,0.207518,0.68351,-0.664217,0.220379,0.573822,1.890022,-1.836672,0.276552,-0.165733,0.456082,-2.205143,-2.214961,-0.035771
2262,1774597104869,25.150439,276.959,-165.877,456.123,0.207475,0.683485,-0.664228,0.220463,0.573677,1.889868,-1.836622,0.276959,-0.165877,0.456123,-2.205199,-2.215017,-0.035859
2263,1774597104880,25.16155,277.163,-165.942,456.152,0.207415,0.683567,-0.664126,0.220572,0.57348,1.889986,-1.836234,0.277163,-0.165942,0.456152,-2.205344,-2.215059,-0.035925
2264,1774597104891,25.172661,277.652,-166.07,456.193,0.207395,0.683596,-0.664116,0.220532,0.573436,1.890107,-1.836244,0.277652,-0.16607,0.456193,-2.205374,-2.21514,-0.035919
2265,1774597104902,25.183772,278.181,-166.177,456.232,0.207368,0.683827,-0.663834,0.220687,0.573316,1.890591,-1.835316,0.278181,-0.166177,0.456232,-2.205493,-2.215208,-0.035952
2266,1774597104913,25.194883,278.474,-166.227,456.233,0.207211,0.68405,-0.663622,0.220785,0.57285,1.891108,-1.834633,0.278474,-0.166227,0.456233,-2.205539,-2.215147,-0.035885
2267,1774597104924,25.205995,278.768,-166.28,456.246,0.207351,0.683834,-0.663867,0.220586,0.573298,1.890711,-1.835503,0.278768,-0.16628,0.456246,-2.205535,-2.215196,-0.035909
2268,1774597104936,25.217106,279.431,-166.378,456.246,0.207318,0.684022,-0.663642,0.220709,0.57317,1.891108,-1.834762,0.279431,-0.166378,0.456246,-2.205509,-2.21514,-0.035848
2269,1774597104947,25.228217,279.777,-166.437,456.233,0.207238,0.683913,-0.663787,0.220688,0.572953,1.890827,-1.835183,0.279777,-0.166437,0.456233,-2.205535,-2.215001,-0.035706
2270,1774597104958,25.239329,280.485,-166.518,456.277,0.207337,0.68404,-0.663614,0.22072,0.573218,1.891148,-1.834674,0.280485,-0.166518,0.456277,-2.205605,-2.215047,-0.035753
2271,1774597104969,25.25044,280.857,-166.57,456.267,0.207301,0.683996,-0.663672,0.220714,0.573121,1.891031,-1.834842,0.280857,-0.16657,0.456267,-2.205621,-2.214982,-0.035705
2272,1774597104980,25.261552,281.246,-166.596,456.281,0.207376,0.683782,-0.663866,0.220725,0.573326,1.890428,-1.835366,0.281246,-0.166596,0.456281,-2.20563,-2.215017,-0.035637
2273,1774597104991,25.272663,281.644,-166.639,456.294,0.207285,0.683795,-0.663905,0.220653,0.573096,1.890535,-1.835544,0.281644,-0.166639,0.456294,-2.205732,-2.214959,-0.035571
2274,1774597105002,25.283774,281.644,-166.639,456.294,0.207375,0.68388,-0.663767,0.220722,0.573323,1.890701,-1.835096,0.281644,-0.166639,0.456294,-2.205732,-2.214959,-0.035571
2275,1774597105013,25.294886,283.354,-166.781,456.317,0.207069,0.683853,-0.66388,0.220753,0.572467,1.890596,-1.835378,0.283354,-0.166781,0.456317,-2.20553,-2.21515,-0.035424
2276,1774597105024,25.305997,283.799,-166.821,456.332,0.207254,0.683729,-0.663947,0.220761,0.572978,1.890246,-1.835556,0.283799,-0.166821,0.456332,-2.205601,-2.215039,-0.035523
2277,1774597105036,25.317108,284.286,-166.852,456.323,0.207206,0.68389,-0.663864,0.220556,0.572905,1.890897,-1.835525,0.284286,-0.166852,0.456323,-2.205414,-2.215112,-0.035374
2278,1774597105047,25.328219,285.276,-166.896,456.358,0.207307,0.683867,-0.663891,0.220451,0.573217,1.890937,-1.835703,0.285276,-0.166896,0.456358,-2.205388,-2.21519,-0.035324
2279,1774597105058,25.339331,285.76,-166.909,456.401,0.207172,0.684107,-0.663627,0.220626,0.572791,1.891426,-1.834802,0.28576,-0.166909,0.456401,-2.205477,-2.215286,-0.035457
2280,1774597105069,25.350442,286.262,-166.922,456.461,0.207108,0.684291,-0.663456,0.220629,0.572614,1.891932,-1.834327,0.286262,-0.166922,0.456461,-2.205469,-2.215497,-0.035651
2281,1774597105080,25.361553,287.353,-166.971,456.529,0.20707,0.684294,-0.663471,0.220613,0.572513,1.891955,-1.834383,0.287353,-0.166971,0.456529,-2.205555,-2.215643,-0.035808
2282,1774597105091,25.372665,287.353,-166.971,456.529,0.207025,0.684286,-0.663479,0.220656,0.572377,1.89189,-1.834364,0.287353,-0.166971,0.456529,-2.205555,-2.215643,-0.035808
2283,1774597105102,25.383776,288.539,-167.007,456.516,0.207056,0.684277,-0.663462,0.220709,0.572445,1.891812,-1.834265,0.288539,-0.167007,0.456516,-2.205492,-2.21563,-0.035634
2284,1774597105113,25.394887,289.738,-167.042,456.531,0.207171,0.684034,-0.663725,0.220559,0.57281,1.89129,-1.835139,0.289738,-0.167042,0.456531,-2.20545,-2.215669,-0.035607
2285,1774597105124,25.405998,290.352,-167.054,456.533,0.20718,0.684153,-0.663625,0.220485,0.572855,1.891693,-1.834934,0.290352,-0.167054,0.456533,-2.205499,-2.215611,-0.035591
2286,1774597105136,25.417109,291.652,-167.079,456.529,0.207184,0.684013,-0.66377,0.220481,0.572867,1.89131,-1.835337,0.291652,-0.167079,0.456529,-2.205358,-2.215655,-0.035513
2287,1774597105147,25.428221,292.33,-167.079,456.516,0.207135,0.684086,-0.663723,0.22044,0.572746,1.891553,-1.835247,0.29233,-0.167079,0.456516,-2.20528,-2.215659,-0.035466
2288,1774597105158,25.439332,293.665,-167.097,456.549,0.207203,0.684041,-0.66377,0.220374,0.572954,1.891493,-1.835442,0.293665,-0.167097,0.456549,-2.205304,-2.215688,-0.035577
2289,1774597105169,25.450443,294.237,-167.074,456.705,0.207095,0.684167,-0.663679,0.220357,0.57266,1.89186,-1.835207,0.294237,-0.167074,0.456705,-2.205546,-2.216025,-0.035929
2290,1774597105180,25.461555,294.948,-167.084,456.713,0.206974,0.68434,-0.663486,0.220514,0.572277,1.892182,-1.83452,0.294948,-0.167084,0.456713,-2.205583,-2.216013,-0.035985
2291,1774597105191,25.472666,296.376,-167.09,456.757,0.206979,0.684327,-0.663506,0.220492,0.572298,1.892167,-1.834598,0.296376,-0.16709,0.456757,-2.205675,-2.216142,-0.036157
2292,1774597105202,25.483777,296.376,-167.09,456.757,0.206911,0.684328,-0.663508,0.220548,0.572093,1.892113,-1.834547,0.296376,-0.16709,0.456757,-2.205675,-2.216142,-0.036157
2293,1774597105213,25.494889,298.68,-167.089,456.668,0.206856,0.684293,-0.663577,0.220497,0.571957,1.892068,-1.83479,0.29868,-0.167089,0.456668,-2.205334,-2.216058,-0.035784
2294,1774597105224,25.506,299.479,-167.084,456.635,0.207005,0.683879,-0.664031,0.220273,0.572437,1.891149,-1.836263,0.299479,-0.167084,0.456635,-2.205215,-2.216017,-0.035645
2295,1774597105236,25.517111,300.283,-167.086,456.63,0.206862,0.684251,-0.663644,0.220423,0.571995,1.892027,-1.835045,0.300283,-0.167086,0.45663,-2.205152,-2.216033,-0.035523
2296,1774597105247,25.528222,301.827,-167.085,456.769,0.207056,0.684151,-0.663729,0.220295,0.572569,1.891877,-1.835404,0.301827,-0.167085,0.456769,-2.205401,-2.216304,-0.036001
2297,1774597105258,25.539333,302.625,-167.085,456.806,0.207014,0.68426,-0.663616,0.220336,0.572442,1.892137,-1.835054,0.302625,-0.167085,0.456806,-2.205503,-2.216305,-0.03607
2298,1774597105269,25.550444,303.433,-167.071,456.85,0.206694,0.68461,-0.66326,0.220619,0.571472,1.892824,-1.833795,0.303433,-0.167071,0.45685,-2.205552,-2.216415,-0.036207
2299,1774597105280,25.561556,305.083,-167.077,456.883,0.206835,0.684397,-0.663483,0.220479,0.571905,1.892374,-1.834546,0.305083,-0.167077,0.456883,-2.205705,-2.216395,-0.036356
2300,1774597105291,25.572667,305.974,-167.093,456.82,0.206911,0.684534,-0.663348,0.220389,0.572141,1.892842,-1.834259,0.305974,-0.167093,0.45682,-2.205472,-2.216212,-0.036196
2301,1774597105302,25.583778,307.82,-167.064,456.782,0.207135,0.684294,-0.663607,0.220145,0.572835,1.892422,-1.835212,0.30782,-0.167064,0.456782,-2.205147,-2.216229,-0.035991
2302,1774597105313,25.59489,308.717,-167.054,456.808,0.20692,0.684299,-0.66362,0.22029,0.572197,1.892291,-1.83511,0.308717,-0.167054,0.456808,-2.205236,-2.216221,-0.036089
2303,1774597105325,25.606001,309.624,-167.047,456.858,0.206773,0.684707,-0.663195,0.220441,0.571745,1.893269,-1.833786,0.309624,-0.167047,0.456858,-2.205312,-2.216251,-0.036183
2304,1774597105336,25.617112,311.437,-167.033,456.951,0.207103,0.684505,-0.663411,0.220108,0.572756,1.893045,-1.834706,0.311437,-0.167033,0.456951,-2.205414,-2.216348,-0.036639
2305,1774597105347,25.628223,312.376,-167.032,456.96,0.206917,0.684804,-0.663097,0.220297,0.572184,1.893682,-1.833655,0.312376,-0.167032,0.45696,-2.205465,-2.216274,-0.036676
2306,1774597105358,25.639335,314.373,-167.029,456.929,0.207025,0.684967,-0.662908,0.220261,0.572494,1.894167,-1.833168,0.314373,-0.167029,0.456929,-2.205315,-2.216081,-0.036813
2307,1774597105369,25.650446,315.404,-167.018,456.908,0.207363,0.684321,-0.663608,0.219842,0.573556,1.892801,-1.83551,0.315404,-0.167018,0.456908,-2.205243,-2.215959,-0.036758
2308,1774597105380,25.661557,316.418,-167.002,456.93,0.20725,0.684595,-0.663341,0.2199,0.573227,1.893502,-1.834715,0.316418,-0.167002,0.45693,-2.205175,-2.215953,-0.036963
2309,1774597105391,25.672668,318.435,-166.951,457.018,0.207204,0.684572,-0.663405,0.219823,0.573123,1.893515,-1.834967,0.318435,-0.166951,0.457018,-2.205144,-2.216291,-0.03734
2310,1774597105402,25.68378,319.445,-166.933,457.021,0.207075,0.68497,-0.66299,0.219957,0.572724,1.894481,-1.833689,0.319445,-0.166933,0.457021,-2.205009,-2.216241,-0.037362
2311,1774597105413,25.694891,321.564,-166.95,457.051,0.206995,0.685433,-0.662421,0.2203,0.572401,1.895419,-1.831785,0.321564,-0.16695,0.457051,-2.205075,-2.216056,-0.037512
2312,1774597105425,25.706002,322.633,-166.943,457.084,0.20751,0.684792,-0.663092,0.219793,0.573977,1.894153,-1.834129,0.322633,-0.166943,0.457084,-2.205048,-2.216039,-0.037669
2313,1774597105436,25.717113,323.727,-166.921,457.094,0.207146,0.685189,-0.66277,0.219871,0.572948,1.895172,-1.833164,0.323727,-0.166921,0.457094,-2.205008,-2.215953,-0.037668
2314,1774597105447,25.728224,325.9,-166.866,457.136,0.20748,0.684585,-0.663419,0.219478,0.573991,1.893897,-1.83534,0.3259,-0.166866,0.457136,-2.204938,-2.216136,-0.037679
2315,1774597105458,25.739336,327.029,-166.854,457.066,0.20734,0.684909,-0.663067,0.219663,0.573547,1.894608,-1.834188,0.327029,-0.166854,0.457066,-2.204752,-2.215972,-0.037352
2316,1774597105469,25.750447,328.142,-166.853,457.089,0.207389,0.685184,-0.662779,0.219629,0.573693,1.895401,-1.833423,0.328142,-0.166853,0.457089,-2.204668,-2.215948,-0.037386
2317,1774597105480,25.761558,330.323,-166.869,457.212,0.20763,0.685026,-0.662933,0.219428,0.574421,1.895167,-1.834044,0.330323,-0.166869,0.457212,-2.204836,-2.216017,-0.037938
2318,1774597105491,25.772669,331.385,-166.837,457.318,0.207314,0.685456,-0.662501,0.219688,0.573468,1.896096,-1.832597,0.331385,-0.166837,0.457318,-2.205044,-2.216217,-0.038232
2319,1774597105502,25.78378,333.694,-166.835,457.304,0.207684,0.684766,-0.663217,0.219334,0.5746,1.894539,-1.83492,0.333694,-0.166835,0.457304,-2.205013,-2.216017,-0.038263
2320,1774597105513,25.794892,334.917,-166.824,457.249,0.207811,0.684518,-0.663478,0.219195,0.574994,1.893994,-1.835779,0.334917,-0.166824,0.457249,-2.204795,-2.21585,-0.03802
2321,1774597105525,25.806003,336.116,-166.815,457.227,0.207507,0.68513,-0.662846,0.219485,0.574064,1.895396,-1.833747,0.336116,-0.166815,0.457227,-2.2047,-2.215704,-0.037875
2322,1774597105536,25.817114,338.367,-166.764,457.379,0.207524,0.684949,-0.663011,0.219535,0.574094,1.894847,-1.834155,0.338367,-0.166764,0.457379,-2.204766,-2.215989,-0.038313
2323,1774597105547,25.828225,339.486,-166.75,457.461,0.207467,0.685056,-0.662901,0.219587,0.573922,1.895089,-1.833801,0.339486,-0.16675,0.457461,-2.204889,-2.216105,-0.038608
2324,1774597105558,25.839336,341.855,-166.772,457.476,0.207783,0.685071,-0.66284,0.219426,0.574846,1.895292,-1.833789,0.341855,-0.166772,0.457476,-2.204754,-2.215964,-0.03876
2325,1774597105569,25.850448,343.061,-166.745,457.46,0.208143,0.684663,-0.6633,0.218967,0.57598,1.894623,-1.835507,0.343061,-0.166745,0.45746,-2.204616,-2.21591,-0.038605
2326,1774597105580,25.861559,344.232,-166.708,457.461,0.20789,0.684831,-0.663174,0.219064,0.575251,1.894991,-1.835064,0.344232,-0.166708,0.457461,-2.204422,-2.215962,-0.038587
2327,1774597105591,25.87267,346.571,-166.675,457.507,0.208169,0.684603,-0.66343,0.218736,0.576124,1.89469,-1.836091,0.346571,-0.166675,0.457507,-2.204326,-2.215888,-0.038737
2328,1774597105602,25.883782,347.746,-166.656,457.561,0.207743,0.685373,-0.662597,0.219252,0.574788,1.896304,-1.833285,0.347746,-0.166656,0.457561,-2.204349,-2.215956,-0.038908
2329,1774597105613,25.894893,348.937,-166.665,457.418,0.207961,0.685182,-0.662791,0.219058,0.57545,1.895969,-1.834011,0.348937,-0.166665,0.457418,-2.203946,-2.215545,-0.038518
2330,1774597105625,25.906004,351.278,-166.613,457.496,0.207998,0.685191,-0.662819,0.218911,0.575596,1.896141,-1.834231,0.351278,-0.166613,0.457496,-2.203834,-2.215642,-0.038652
2331,1774597105636,25.917115,352.46,-166.617,457.459,0.208278,0.685103,-0.662952,0.218516,0.576492,1.896295,-1.834983,0.35246,-0.166617,0.457459,-2.203645,-2.215516,-0.038674
2332,1774597105647,25.928227,354.794,-166.552,457.481,0.208151,0.685257,-0.662801,0.218612,0.57611,1.896625,-1.83447,0.354794,-0.166552,0.457481,-2.203515,-2.215539,-0.038663
2333,1774597105658,25.939338,355.858,-166.548,457.567,0.207693,0.685441,-0.66258,0.219141,0.574682,1.896602,-1.833347,0.355858,-0.166548,0.457567,-2.203624,-2.215649,-0.039203
2334,1774597105669,25.950449,356.948,-166.516,457.631,0.207686,0.684953,-0.663125,0.219022,0.5747,1.895371,-1.83497,0.356948,-0.166516,0.457631,-2.20361,-2.215787,-0.039382
2335,1774597105680,25.961561,359.232,-166.499,457.565,0.208184,0.684912,-0.66321,0.21842,0.576262,1.895862,-1.835791,0.359232,-0.166499,0.457565,-2.203444,-2.21559,-0.039438
2336,1774597105691,25.972672,360.389,-166.476,457.482,0.208426,0.684486,-0.663646,0.218201,0.576998,1.894903,-1.837208,0.360389,-0.166476,0.457482,-2.203352,-2.215448,-0.039221
2337,1774597105702,25.983783,362.59,-166.389,457.465,0.208285,0.684966,-0.663185,0.218232,0.576598,1.896199,-1.835903,0.36259,-0.166389,0.457465,-2.203156,-2.215541,-0.039262
2338,1774597105713,25.994894,363.657,-166.365,457.475,0.207981,0.685239,-0.662917,0.218477,0.575681,1.896711,-1.834925,0.363657,-0.166365,0.457475,-2.203198,-2.215492,-0.039332
2339,1774597105725,26.006006,364.73,-166.336,457.523,0.20793,0.684869,-0.663307,0.218503,0.575533,1.895661,-1.835976,0.36473,-0.166336,0.457523,-2.203237,-2.215685,-0.039601
2340,1774597105736,26.017117,366.912,-166.318,457.494,0.208057,0.685074,-0.663045,0.218535,0.575876,1.896194,-1.835222,0.366912,-0.166318,0.457494,-2.20315,-2.215569,-0.039578
2341,1774597105747,26.028228,367.983,-166.321,457.45,0.208233,0.68496,-0.663166,0.218357,0.576416,1.896058,-1.83573,0.367983,-0.166321,0.45745,-2.203048,-2.215449,-0.039559
2342,1774597105758,26.03934,370.129,-166.263,457.392,0.208568,0.684366,-0.663796,0.217985,0.577456,1.894787,-1.837834,0.370129,-0.166263,0.457392,-2.202904,-2.215268,-0.039341
2343,1774597105769,26.050451,371.191,-166.243,457.389,0.20826,0.685192,-0.662957,0.218237,0.576527,1.896822,-1.835268,0.371191,-0.166243,0.457389,-2.202886,-2.215266,-0.039423
2344,1774597105780,26.061562,372.229,-166.22,457.422,0.208045,0.68538,-0.662771,0.218417,0.575877,1.897161,-1.834577,0.372229,-0.16622,0.457422,-2.202962,-2.21531,-0.039646
2345,1774597105791,26.072673,374.302,-166.174,457.432,0.207996,0.68577,-0.66238,0.218427,0.575738,1.898231,-1.833485,0.374302,-0.166174,0.457432,-2.203079,-2.215408,-0.039815
2346,1774597105802,26.083784,375.384,-166.178,457.341,0.208222,0.68517,-0.662978,0.21828,0.57641,1.896716,-1.835284,0.375384,-0.166178,0.457341,-2.202857,-2.215215,-0.039581
2347,1774597105813,26.094896,377.475,-166.168,457.327,0.208429,0.685129,-0.663016,0.218098,0.577037,1.896785,-1.835566,0.377475,-0.166168,0.457327,-2.202833,-2.215223,-0.039714
2348,1774597105825,26.106007,378.512,-166.12,457.297,0.208352,0.685102,-0.663044,0.218172,0.576801,1.896636,-1.835571,0.378512,-0.16612,0.457297,-2.202723,-2.215255,-0.039605
2349,1774597105836,26.117118,379.488,-166.102,457.32,0.208197,0.685337,-0.662819,0.218264,0.576343,1.897195,-1.834859,0.379488,-0.166102,0.45732,-2.202764,-2.215371,-0.039862
2350,1774597105847,26.12823,381.445,-166.086,457.326,0.208357,0.685315,-0.662827,0.218154,0.576822,1.897245,-1.834989,0.381445,-0.166086,0.457326,-2.20294,-2.215429,-0.040189
2351,1774597105858,26.139341,382.433,-166.08,457.264,0.20864,0.684822,-0.663317,0.217942,0.57767,1.896092,-1.836552,0.382433,-0.16608,0.457264,-2.202903,-2.215401,-0.040064
2352,1774597105869,26.150452,383.414,-166.068,457.198,0.208359,0.685192,-0.662933,0.218215,0.576808,1.896843,-1.835222,0.383414,-0.166068,0.457198,-2.202883,-2.21534,-0.040023
2353,1774597105880,26.161564,385.3,-166.058,457.041,0.208165,0.685463,-0.662657,0.218388,0.576219,1.897419,-1.83429,0.3853,-0.166058,0.457041,-2.202632,-2.215023,-0.03976
2354,1774597105891,26.172675,386.206,-166.023,457.021,0.208663,0.684866,-0.66327,0.217923,0.577739,1.896235,-1.836439,0.386206,-0.166023,0.457021,-2.202532,-2.215098,-0.039816
2355,1774597105902,26.183786,387.919,-165.972,457.13,0.208412,0.685717,-0.662357,0.218267,0.57694,1.898242,-1.833577,0.387919,-0.165972,0.45713,-2.202857,-2.215417,-0.040287
2356,1774597105913,26.194898,388.757,-165.955,457.148,0.208316,0.685662,-0.662433,0.218297,0.576664,1.898062,-1.833759,0.388757,-0.165955,0.457148,-2.202966,-2.215467,-0.04048
2357,1774597105925,26.206009,389.613,-165.931,457.124,0.208438,0.685501,-0.662577,0.218252,0.577014,1.89766,-1.834201,0.389613,-0.165931,0.457124,-2.202891,-2.215517,-0.040631
2358,1774597105936,26.21712,391.394,-165.929,456.921,0.208662,0.685026,-0.663069,0.218035,0.577702,1.896563,-1.835774,0.391394,-0.165929,0.456921,-2.202642,-2.215253,-0.040319
2359,1774597105947,26.228231,392.264,-165.938,456.818,0.208743,0.684971,-0.663137,0.217923,0.577961,1.896525,-1.83607,0.392264,-0.165938,0.456818,-2.202501,-2.21509,-0.04011
2360,1774597105958,26.239343,393.875,-165.906,456.797,0.208774,0.684892,-0.663264,0.217757,0.578096,1.896472,-1.836583,0.393875,-0.165906,0.456797,-2.202451,-2.21518,-0.040372
2361,1774597105969,26.250454,394.626,-165.856,456.852,0.208543,0.685027,-0.66314,0.21793,0.577404,1.896673,-1.836073,0.394626,-0.165856,0.456852,-2.20259,-2.215397,-0.040618
2362,1774597105980,26.261565,395.378,-165.822,456.891,0.208511,0.685282,-0.662884,0.217936,0.577315,1.897372,-1.835358,0.395378,-0.165822,0.456891,-2.202675,-2.215587,-0.040888
2363,1774597105991,26.272676,396.961,-165.814,456.81,0.208629,0.685473,-0.662643,0.217958,0.577635,1.897878,-1.834668,0.396961,-0.165814,0.45681,-2.20266,-2.21536,-0.041007
2364,1774597106002,26.283787,397.742,-165.803,456.753,0.20897,0.684888,-0.663272,0.217555,0.578702,1.896664,-1.836802,0.397742,-0.165803,0.456753,-2.202638,-2.215266,-0.040867
2365,1774597106013,26.294899,399.24,-165.763,456.701,0.209033,0.684812,-0.663413,0.217305,0.578953,1.896704,-1.837435,0.39924,-0.165763,0.456701,-2.202457,-2.215246,-0.041046
2366,1774597106025,26.30601,399.968,-165.735,456.673,0.208476,0.685601,-0.66258,0.217894,0.57723,1.898296,-1.834555,0.399968,-0.165735,0.456673,-2.202404,-2.215199,-0.04085
2367,1774597106036,26.317121,400.658,-165.7,456.679,0.208626,0.685413,-0.662778,0.217737,0.577693,1.897935,-1.835258,0.400658,-0.1657,0.456679,-2.202371,-2.215234,-0.040959
2368,1774597106047,26.328232,402.012,-165.696,456.7,0.208821,0.685453,-0.662763,0.217469,0.578317,1.898316,-1.835477,0.402012,-0.165696,0.4567,-2.20236,-2.215281,-0.0412
2369,1774597106058,26.339344,402.66,-165.664,456.744,0.208733,0.685422,-0.662816,0.217491,0.578066,1.898207,-1.835602,0.40266,-0.165664,0.456744,-2.202458,-2.215427,-0.041423
2370,1774597106069,26.350455,403.31,-165.644,456.764,0.208664,0.685713,-0.662526,0.217525,0.577865,1.898978,-1.834767,0.40331,-0.165644,0.456764,-2.202487,-2.215528,-0.041594
2371,1774597106080,26.361566,404.646,-165.611,456.657,0.208596,0.685762,-0.662485,0.217559,0.577665,1.899081,-1.834619,0.404646,-0.165611,0.456657,-2.20224,-2.215456,-0.041457
2372,1774597106091,26.372678,405.285,-165.613,456.614,0.208755,0.685524,-0.662756,0.217334,0.578173,1.898646,-1.835588,0.405285,-0.165613,0.456614,-2.202269,-2.215388,-0.041361
2373,1774597106102,26.383789,406.549,-165.578,456.557,0.209114,0.684948,-0.663333,0.217042,0.579259,1.897346,-1.837471,0.406549,-0.165578,0.456557,-2.202083,-2.215305,-0.041484
2374,1774597106113,26.394901,407.121,-165.574,456.59,0.208936,0.685689,-0.662584,0.21716,0.578729,1.89928,-1.835283,0.407121,-0.165574,0.45659,-2.202156,-2.215346,-0.041739
2375,1774597106125,26.406012,407.668,-165.535,456.627,0.209041,0.685547,-0.662726,0.217073,0.579045,1.898974,-1.83576,0.407668,-0.165535,0.456627,-2.202211,-2.215419,-0.041914
2376,1774597106136,26.417123,408.715,-165.501,456.68,0.208525,0.686187,-0.662071,0.217548,0.577471,1.900267,-1.833483,0.408715,-0.165501,0.45668,-2.202323,-2.215515,-0.042364
2377,1774597106147,26.428234,409.265,-165.459,456.652,0.208764,0.685902,-0.662367,0.217316,0.578205,1.899711,-1.83453,0.409265,-0.165459,0.456652,-2.202248,-2.215528,-0.042324
2378,1774597106158,26.439345,410.351,-165.442,456.525,0.208899,0.685961,-0.662314,0.217162,0.578625,1.90003,-1.834531,0.410351,-0.165442,0.456525,-2.202073,-2.215264,-0.042327
2379,1774597106169,26.450457,410.883,-165.409,456.456,0.208933,0.685734,-0.662541,0.217155,0.578722,1.899409,-1.835167,0.410883,-0.165409,0.456456,-2.201962,-2.215156,-0.042175
2380,1774597106180,26.461568,411.373,-165.385,456.423,0.209279,0.685514,-0.662754,0.216864,0.579771,1.899094,-1.83604,0.411373,-0.165385,0.456423,-2.201849,-2.215187,-0.042285
2381,1774597106191,26.472679,412.268,-165.338,456.448,0.20898,0.68588,-0.662399,0.217084,0.578873,1.899884,-1.834842,0.412268,-0.165338,0.456448,-2.201918,-2.215231,-0.042536
2382,1774597106202,26.483791,412.675,-165.316,456.466,0.20925,0.685428,-0.662876,0.216792,0.579711,1.898928,-1.836448,0.412675,-0.165316,0.456466,-2.20198,-2.215285,-0.042847
2383,1774597106213,26.494902,413.541,-165.268,456.378,0.209005,0.685842,-0.66244,0.217052,0.578952,1.899812,-1.834986,0.413541,-0.165268,0.456378,-2.201843,-2.215053,-0.042726
2384,1774597106225,26.506013,413.971,-165.24,456.289,0.209327,0.685494,-0.662803,0.216734,0.579942,1.899166,-1.836301,0.413971,-0.16524,0.456289,-2.201686,-2.214951,-0.042659
2385,1774597106236,26.517124,414.388,-165.229,456.216,0.209394,0.685596,-0.662708,0.216637,0.580157,1.899548,-1.836133,0.414388,-0.165229,0.456216,-2.201467,-2.214763,-0.04268
2386,1774597106247,26.528236,415.12,-165.145,456.174,0.209213,0.685807,-0.662504,0.216764,0.579618,1.900006,-1.835446,0.41512,-0.165145,0.456174,-2.201405,-2.214799,-0.042791
2387,1774597106258,26.539347,415.424,-165.098,456.234,0.209144,0.685845,-0.662496,0.216738,0.579433,1.900136,-1.835447,0.415424,-0.165098,0.456234,-2.201442,-2.214937,-0.043228
2388,1774597106269,26.550458,415.728,-165.052,456.265,0.209549,0.68593,-0.662427,0.216287,0.580696,1.900826,-1.835696,0.415728,-0.165052,0.456265,-2.201497,-2.215005,-0.043382
2389,1774597106280,26.56157,416.303,-164.986,456.31,0.209673,0.686067,-0.662287,0.21616,0.581079,1.901336,-1.835431,0.416303,-0.164986,0.45631,-2.201588,-2.215076,-0.04395
2390,1774597106291,26.572681,416.583,-164.948,456.32,0.209583,0.685821,-0.662545,0.21624,0.580804,1.900571,-1.836068,0.416583,-0.164948,0.45632,-2.201509,-2.215222,-0.044148
2391,1774597106302,26.583792,417.169,-164.905,456.206,0.209674,0.685753,-0.662666,0.215996,0.58113,1.900629,-1.83664,0.417169,-0.164905,0.456206,-2.201327,-2.214965,-0.04409
2392,1774597106313,26.594904,417.452,-164.868,456.157,0.209625,0.685658,-0.662772,0.216016,0.580988,1.900347,-1.836917,0.417452,-0.164868,0.456157,-2.201223,-2.214944,-0.04405
2393,1774597106325,26.606015,417.718,-164.823,456.106,0.209233,0.685594,-0.662864,0.216319,0.579808,1.899862,-1.836876,0.417718,-0.164823,0.456106,-2.201066,-2.214924,-0.044106
2394,1774597106336,26.617127,418.188,-164.723,456.068,0.209251,0.685476,-0.662957,0.216389,0.579837,1.899467,-1.837066,0.418188,-0.164723,0.456068,-2.200948,-2.214951,-0.044191
2395,1774597106347,26.628238,418.404,-164.689,456.052,0.209379,0.685733,-0.662694,0.216259,0.580232,1.90031,-1.836462,0.418404,-0.164689,0.456052,-2.200883,-2.214921,-0.044346
2396,1774597106358,26.639349,418.81,-164.603,456.025,0.209472,0.685629,-0.662778,0.216239,0.580497,1.90004,-1.836716,0.41881,-0.164603,0.456025,-2.20093,-2.214924,-0.044388
2397,1774597106369,26.650461,419.024,-164.541,455.998,0.209633,0.68566,-0.662743,0.216093,0.580988,1.900273,-1.83676,0.419024,-0.164541,0.455998,-2.200876,-2.214928,-0.044391
2398,1774597106380,26.661572,419.218,-164.508,455.956,0.209802,0.685651,-0.662744,0.215956,0.581498,1.900387,-1.836895,0.419218,-0.164508,0.455956,-2.200904,-2.214826,-0.044373
2399,1774597106391,26.672683,419.587,-164.394,455.915,0.20974,0.685733,-0.662657,0.21602,0.581306,1.900551,-1.836594,0.419587,-0.164394,0.455915,-2.200822,-2.214781,-0.044479
2400,1774597106402,26.683826,419.768,-164.342,455.875,0.209686,0.685754,-0.662653,0.216021,0.581158,1.900606,-1.836581,0.419768,-0.164342,0.455875,-2.200794,-2.214729,-0.044433
2401,1774597106413,26.694938,420.063,-164.239,455.878,0.209657,0.685632,-0.662775,0.216062,0.581064,1.900227,-1.836878,0.420063,-0.164239,0.455878,-2.200867,-2.21476,-0.044551
2402,1774597106425,26.706049,420.197,-164.191,455.878,0.209762,0.685701,-0.662704,0.215958,0.581386,1.900525,-1.836783,0.420197,-0.164191,0.455878,-2.200949,-2.214743,-0.044609
2403,1774597106436,26.71716,420.344,-164.126,455.87,0.209778,0.68569,-0.662713,0.215952,0.581432,1.900498,-1.836814,0.420344,-0.164126,0.45587,-2.200902,-2.214724,-0.044601
2404,1774597106447,26.728271,420.613,-163.988,455.847,0.20978,0.685825,-0.662587,0.215908,0.581451,1.900916,-1.836508,0.420613,-0.163988,0.455847,-2.200928,-2.214759,-0.04466
2405,1774597106458,26.739382,420.729,-163.915,455.859,0.20971,0.685802,-0.662634,0.215902,0.58126,1.90086,-1.836644,0.420729,-0.163915,0.455859,-2.200933,-2.214846,-0.044647
2406,1774597106469,26.750494,420.849,-163.827,455.861,0.209675,0.685788,-0.662649,0.215937,0.581151,1.900785,-1.836651,0.420849,-0.163827,0.455861,-2.200931,-2.21485,-0.044726
2407,1774597106480,26.761605,421.084,-163.663,455.848,0.209687,0.685938,-0.662485,0.21595,0.581182,1.901187,-1.836184,0.421084,-0.163663,0.455848,-2.200886,-2.214894,-0.044804
2408,1774597106491,26.772716,421.193,-163.572,455.843,0.209772,0.685919,-0.662499,0.215885,0.581436,1.901202,-1.836285,0.421193,-0.163572,0.455843,-2.200884,-2.214868,-0.044834
2409,1774597106502,26.783827,421.385,-163.376,455.857,0.209757,0.685845,-0.662578,0.215894,0.581394,1.900986,-1.836496,0.421385,-0.163376,0.455857,-2.200849,-2.214894,-0.044982
2410,1774597106513,26.794939,421.476,-163.263,455.857,0.209723,0.685999,-0.662408,0.215955,0.58128,1.901354,-1.835968,0.421476,-0.163263,0.455857,-2.200843,-2.214944,-0.045003
2411,1774597106525,26.80605,421.584,-163.153,455.837,0.209868,0.685857,-0.6625,0.215985,0.581673,1.90093,-1.836192,0.421584,-0.163153,0.455837,-2.200894,-2.214808,-0.044937
2412,1774597106536,26.817161,421.763,-162.87,455.84,0.209812,0.68596,-0.662404,0.216007,0.58151,1.901192,-1.835906,0.421763,-0.16287,0.45584,-2.200892,-2.214786,-0.044983
2413,1774597106547,26.828272,421.852,-162.71,455.841,0.209789,0.686018,-0.662349,0.216014,0.581445,1.901346,-1.835746,0.421852,-0.16271,0.455841,-2.200884,-2.214808,-0.044983
2414,1774597106558,26.839384,422.024,-162.347,455.841,0.209769,0.685866,-0.662513,0.216012,0.58139,1.900927,-1.836203,0.422024,-0.162347,0.455841,-2.200848,-2.214801,-0.045019
2415,1774597106569,26.850495,422.098,-162.18,455.835,0.209769,0.686013,-0.662336,0.216088,0.581366,1.901256,-1.835638,0.422098,-0.16218,0.455835,-2.200884,-2.214736,-0.045079
2416,1774597106580,26.861606,422.168,-161.965,455.851,0.20978,0.685981,-0.662356,0.216118,0.581388,1.901139,-1.835662,0.422168,-0.161965,0.455851,-2.200862,-2.214823,-0.045128
2417,1774597106591,26.872717,422.299,-161.562,455.861,0.209922,0.685947,-0.662363,0.216066,0.581797,1.901096,-1.835733,0.422299,-0.161562,0.455861,-2.200926,-2.21476,-0.045161
2418,1774597106602,26.883829,422.369,-161.318,455.882,0.209972,0.685994,-0.662306,0.216046,0.58194,1.901246,-1.835593,0.422369,-0.161318,0.455882,-2.200967,-2.214803,-0.045183
2419,1774597106613,26.89494,422.489,-160.856,455.896,0.209872,0.686058,-0.662247,0.21612,0.581642,1.901349,-1.835359,0.422489,-0.160856,0.455896,-2.200967,-2.214729,-0.045226
2420,1774597106625,26.906051,422.555,-160.57,455.902,0.210022,0.685935,-0.662395,0.215908,0.582123,1.901223,-1.835977,0.422555,-0.16057,0.455902,-2.200835,-2.214807,-0.045222
2421,1774597106636,26.917162,422.608,-160.317,455.905,0.209914,0.686215,-0.662098,0.216038,0.581783,1.901866,-1.835026,0.422608,-0.160317,0.455905,-2.200937,-2.214729,-0.045266
2422,1774597106647,26.928274,422.741,-159.728,455.888,0.209993,0.686091,-0.662203,0.21603,0.582006,1.901531,-1.835326,0.422741,-0.159728,0.455888,-2.200847,-2.214689,-0.045145
2423,1774597106658,26.939385,422.786,-159.42,455.904,0.209811,0.686338,-0.661927,0.216267,0.581428,1.901979,-1.834331,0.422786,-0.15942,0.455904,-2.200926,-2.214664,-0.045172
2424,1774597106669,26.950497,422.846,-159.087,455.905,0.209974,0.686147,-0.662128,0.216101,0.581931,1.901614,-1.835048,0.422846,-0.159087,0.455905,-2.200913,-2.214679,-0.04515
2425,1774597106680,26.961608,422.94,-158.414,455.894,0.210005,0.685966,-0.66231,0.216088,0.582022,1.901128,-1.835564,0.42294,-0.158414,0.455894,-2.200949,-2.21461,-0.045102
2426,1774597106691,26.972719,422.997,-158.037,455.878,0.210025,0.685913,-0.662359,0.216087,0.582077,1.900982,-1.835702,0.422997,-0.158037,0.455878,-2.200897,-2.214635,-0.045032
2427,1774597106702,26.98383,423.077,-157.284,455.883,0.20996,0.686052,-0.66222,0.216134,0.581881,1.901319,-1.835271,0.423077,-0.157284,0.455883,-2.200851,-2.214615,-0.04496
2428,1774597106713,26.994942,423.126,-156.902,455.86,0.210069,0.685879,-0.662375,0.216101,0.582194,1.900874,-1.835734,0.423126,-0.156902,0.45586,-2.200866,-2.214521,-0.044846
2429,1774597106725,27.006053,423.159,-156.488,455.868,0.210136,0.685686,-0.662553,0.216103,0.58238,1.900337,-1.836224,0.423159,-0.156488,0.455868,-2.200919,-2.214549,-0.044832
2430,1774597106736,27.017164,423.247,-155.623,455.843,0.210062,0.68592,-0.662352,0.21605,0.58219,1.901039,-1.835717,0.423247,-0.155623,0.455843,-2.20083,-2.214562,-0.044684
2431,1774597106747,27.028276,423.275,-155.184,455.844,0.210129,0.685771,-0.66246,0.216128,0.582352,1.900545,-1.835941,0.423275,-0.155184,0.455844,-2.200783,-2.214568,-0.044656
2432,1774597106758,27.039387,423.304,-154.249,455.887,0.210122,0.685939,-0.662317,0.216039,0.582359,1.901102,-1.835631,0.423304,-0.154249,0.455887,-2.200831,-2.214645,-0.044677
2433,1774597106769,27.050498,423.33,-153.771,455.901,0.210174,0.685886,-0.662334,0.216106,0.582484,1.900886,-1.835613,0.42333,-0.153771,0.455901,-2.200892,-2.214601,-0.04466
2434,1774597106780,27.061609,423.349,-153.288,455.908,0.210176,0.685912,-0.662287,0.216164,0.582472,1.9009,-1.835429,0.423349,-0.153288,0.455908,-2.200977,-2.214554,-0.044589
2435,1774597106791,27.072723,423.373,-152.275,455.95,0.210093,0.68581,-0.662376,0.216295,0.582199,1.900486,-1.835548,0.423373,-0.152275,0.45595,-2.201184,-2.214499,-0.044547
2436,1774597106802,27.083834,423.384,-151.746,455.967,0.210213,0.685871,-0.662342,0.216091,0.582597,1.90086,-1.83565,0.423384,-0.151746,0.455967,-2.201185,-2.2145,-0.044545
2437,1774597106813,27.094946,423.396,-150.664,456.021,0.210006,0.68591,-0.662298,0.216303,0.581958,1.900754,-1.835323,0.423396,-0.150664,0.456021,-2.201397,-2.214557,-0.044493
2438,1774597106825,27.106057,423.389,-150.091,456.068,0.210141,0.685917,-0.662295,0.216159,0.582376,1.900919,-1.835453,0.423389,-0.150091,0.456068,-2.201435,-2.214601,-0.044645
2439,1774597106836,27.117168,423.4,-149.493,456.087,0.210003,0.685845,-0.662372,0.216282,0.581955,1.900598,-1.83555,0.4234,-0.149493,0.456087,-2.201408,-2.214734,-0.044621
2440,1774597106847,27.128279,423.431,-148.29,456.1,0.209999,0.685935,-0.662267,0.216326,0.581929,1.9008,-1.835215,0.423431,-0.14829,0.4561,-2.2014,-2.214727,-0.044587
2441,1774597106858,27.139391,423.459,-147.677,456.073,0.210059,0.685868,-0.662343,0.216245,0.582122,1.900698,-1.835504,0.423459,-0.147677,0.456073,-2.201299,-2.214674,-0.044467
2442,1774597106869,27.150502,423.462,-147.045,456.088,0.210011,0.685794,-0.662449,0.216205,0.582,1.900531,-1.835835,0.423462,-0.147045,0.456088,-2.201361,-2.21466,-0.044519
2443,1774597106880,27.161613,423.515,-145.76,456.048,0.210186,0.68572,-0.662501,0.216105,0.582518,1.90043,-1.83608,0.423515,-0.14576,0.456048,-2.201166,-2.214536,-0.044321
2444,1774597106891,27.172725,423.517,-145.095,456.06,0.210164,0.685745,-0.662439,0.216243,0.582414,1.900358,-1.835771,0.423517,-0.145095,0.45606,-2.201177,-2.214522,-0.044351
2445,1774597106902,27.183836,423.531,-143.744,456.041,0.210138,0.685723,-0.662466,0.21625,0.582338,1.900291,-1.83584,0.423531,-0.143744,0.456041,-2.201271,-2.21448,-0.044116
2446,1774597106913,27.194947,423.556,-143.059,456.02,0.210158,0.685655,-0.662555,0.216175,0.582417,1.900176,-1.83616,0.423556,-0.143059,0.45602,-2.201178,-2.214386,-0.044119
2447,1774597106925,27.206058,423.595,-142.344,455.97,0.210214,0.685702,-0.662527,0.216057,0.58261,1.900427,-1.836197,0.423595,-0.142344,0.45597,-2.201146,-2.214297,-0.044011
2448,1774597106936,27.21717,423.558,-140.869,456.045,0.210115,0.685764,-0.662481,0.2161,0.582321,1.900554,-1.836026,0.423558,-0.140869,0.456045,-2.201253,-2.214363,-0.04426
2449,1774597106947,27.228281,423.571,-140.111,456.051,0.209771,0.685824,-0.662381,0.216547,0.581229,1.900272,-1.835317,0.423571,-0.140111,0.456051,-2.201258,-2.214394,-0.044209
2450,1774597106958,27.239392,423.562,-138.567,456.086,0.20989,0.685772,-0.662468,0.21633,0.581628,1.900347,-1.835768,0.423562,-0.138567,0.456086,-2.201372,-2.214386,-0.044375
2451,1774597106969,27.250503,423.555,-137.755,456.134,0.209995,0.685696,-0.662545,0.216235,0.581946,1.900232,-1.836072,0.423555,-0.137755,0.456134,-2.201465,-2.214485,-0.044436
2452,1774597106980,27.261614,423.555,-136.948,456.149,0.210042,0.685809,-0.662408,0.216252,0.582073,1.900526,-1.835675,0.423555,-0.136948,0.456149,-2.201546,-2.214462,-0.044415
2453,1774597106991,27.272726,423.531,-135.316,456.209,0.209963,0.685711,-0.662523,0.216285,0.581842,1.900222,-1.835965,0.423531,-0.135316,0.456209,-2.201633,-2.214534,-0.044673
2454,1774597107002,27.283837,423.549,-134.448,456.216,0.209924,0.685727,-0.662534,0.216236,0.58175,1.900316,-1.836043,0.423549,-0.134448,0.456216,-2.20174,-2.214586,-0.044476
2455,1774597107013,27.294948,423.555,-132.717,456.221,0.210013,0.6857,-0.662633,0.215936,0.582089,1.900542,-1.836607,0.423555,-0.132717,0.456221,-2.201605,-2.214638,-0.04447
2456,1774597107025,27.306059,423.569,-131.85,456.208,0.209961,0.685696,-0.662609,0.216074,0.581904,1.900391,-1.836406,0.423569,-0.13185,0.456208,-2.201609,-2.214613,-0.044348
2457,1774597107036,27.31717,423.587,-130.97,456.186,0.209963,0.685597,-0.662706,0.216085,0.581904,1.900108,-1.836667,0.423587,-0.13097,0.456186,-2.201599,-2.21452,-0.044166
2458,1774597107047,27.328282,423.602,-129.191,456.19,0.210033,0.685697,-0.662574,0.216106,0.582092,1.900362,-1.83628,0.423602,-0.129191,0.45619,-2.201605,-2.21439,-0.043993
2459,1774597107058,27.339393,423.597,-128.268,456.212,0.209974,0.685589,-0.662672,0.216204,0.581899,1.899966,-1.836455,0.423597,-0.128268,0.456212,-2.201728,-2.214354,-0.043884
2460,1774597107069,27.350504,423.609,-127.342,456.209,0.209939,0.685681,-0.662574,0.216249,0.581787,1.900174,-1.83614,0.423609,-0.127342,0.456209,-2.201624,-2.214331,-0.043912
2461,1774597107080,27.361615,423.609,-125.416,456.267,0.209966,0.685719,-0.662531,0.216234,0.581868,1.900295,-1.836035,0.423609,-0.125416,0.456267,-2.201727,-2.214257,-0.044042
2462,1774597107091,27.372726,423.591,-124.43,456.322,0.209907,0.685703,-0.66257,0.216219,0.581709,1.900267,-1.836158,0.423591,-0.12443,0.456322,-2.201847,-2.214355,-0.044105
2463,1774597107102,27.383838,423.601,-122.434,456.371,0.20998,0.685809,-0.662448,0.216187,0.581921,1.900593,-1.835851,0.423601,-0.122434,0.456371,-2.201842,-2.214382,-0.044078
2464,1774597107113,27.394949,423.583,-121.434,456.416,0.210006,0.685745,-0.662501,0.216203,0.581988,1.9004,-1.835982,0.423583,-0.121434,0.456416,-2.201865,-2.214492,-0.044209
2465,1774597107125,27.40606,423.596,-120.403,456.414,0.209925,0.685716,-0.66257,0.216164,0.581776,1.900356,-1.83621,0.423596,-0.120403,0.456414,-2.201757,-2.214513,-0.044078
2466,1774597107136,27.417172,423.587,-118.378,456.416,0.210051,0.68572,-0.662525,0.216163,0.582126,1.90037,-1.836089,0.423587,-0.118378,0.456416,-2.201839,-2.214358,-0.043981
2467,1774597107147,27.428283,423.574,-117.359,456.41,0.209896,0.685606,-0.662621,0.216383,0.581628,1.899833,-1.836139,0.423574,-0.117359,0.45641,-2.201923,-2.21431,-0.043879
2468,1774597107158,27.439394,423.589,-115.181,456.4,0.209958,0.685621,-0.662609,0.216313,0.581821,1.899944,-1.836176,0.423589,-0.115181,0.4564,-2.201666,-2.214367,-0.043672
2469,1774597107169,27.450506,423.601,-114.101,456.361,0.210236,0.68571,-0.662559,0.215911,0.582714,1.900597,-1.836429,0.423601,-0.114101,0.456361,-2.2015,-2.214353,-0.043461
2470,1774597107180,27.461617,423.579,-113.031,456.375,0.209836,0.68552,-0.662723,0.216401,0.581456,1.899576,-1.836405,0.423579,-0.113031,0.456375,-2.201673,-2.214263,-0.043363
2471,1774597107191,27.472728,423.554,-110.809,456.42,0.209521,0.685443,-0.662819,0.216658,0.580502,1.899103,-1.83642,0.423554,-0.110809,0.45642,-2.201541,-2.214348,-0.04341
2472,1774597107202,27.483839,423.539,-109.681,456.444,0.209528,0.685268,-0.662989,0.216685,0.580515,1.89859,-1.836865,0.423539,-0.109681,0.456444,-2.201636,-2.214342,-0.04343
2473,1774597107213,27.49495,423.471,-107.43,456.564,0.209822,0.685584,-0.662709,0.216256,0.58146,1.899899,-1.836506,0.423471,-0.10743,0.456564,-2.20167,-2.214443,-0.043722
2474,1774597107225,27.506062,423.457,-106.301,456.604,0.209575,0.685631,-0.66267,0.216465,0.580713,1.899818,-1.836197,0.423457,-0.106301,0.456604,-2.201663,-2.214492,-0.043716
2475,1774597107236,27.517173,423.393,-105.172,456.694,0.209741,0.685675,-0.662664,0.216181,0.58126,1.900228,-1.836456,0.423393,-0.105172,0.456694,-2.201794,-2.21466,-0.043877
2476,1774597107247,27.528284,423.325,-102.948,456.789,0.209848,0.685659,-0.662657,0.216154,0.581564,1.900209,-1.836462,0.423325,-0.102948,0.456789,-2.201777,-2.214763,-0.044119
2477,1774597107258,27.539395,423.318,-101.826,456.804,0.209735,0.685925,-0.662398,0.216212,0.581234,1.900888,-1.835689,0.423318,-0.101826,0.456804,-2.201704,-2.214744,-0.044123
2478,1774597107269,27.550506,423.293,-100.705,456.82,0.209699,0.685583,-0.662636,0.216601,0.581013,1.89955,-1.835969,0.423293,-0.100705,0.45682,-2.201739,-2.214671,-0.043999
2479,1774597107280,27.561618,423.283,-98.444,456.82,0.209802,0.685561,-0.66262,0.21662,0.581292,1.899469,-1.835906,0.423283,-0.098444,0.45682,-2.201789,-2.214403,-0.043772
2480,1774597107291,27.572729,423.285,-97.307,456.811,0.209838,0.685608,-0.662601,0.216496,0.581431,1.899724,-1.835975,0.423285,-0.097307,0.456811,-2.201705,-2.214342,-0.043653
2481,1774597107302,27.58384,423.271,-95.005,456.821,0.209663,0.68544,-0.662752,0.216733,0.580875,1.899019,-1.836163,0.423271,-0.095005,0.456821,-2.201741,-2.214353,-0.043461
2482,1774597107313,27.594951,423.275,-93.826,456.826,0.20963,0.68558,-0.662662,0.216596,0.580826,1.899546,-1.836047,0.423275,-0.093826,0.456826,-2.201607,-2.214433,-0.043398
2483,1774597107325,27.606063,423.256,-92.674,456.86,0.209494,0.685441,-0.662796,0.21676,0.580397,1.898995,-1.836259,0.423256,-0.092674,0.45686,-2.201517,-2.21456,-0.043473
2484,1774597107336,27.617174,423.235,-90.361,456.897,0.209443,0.685196,-0.663057,0.216784,0.580247,1.898292,-1.836958,0.423235,-0.090361,0.456897,-2.201548,-2.214654,-0.043552
2485,1774597107347,27.628285,423.207,-89.233,456.935,0.209731,0.685606,-0.662627,0.216524,0.581127,1.899691,-1.836019,0.423207,-0.089233,0.456935,-2.201566,-2.214655,-0.043722
2486,1774597107358,27.639396,423.19,-86.956,456.969,0.209855,0.685679,-0.662525,0.216488,0.581481,1.899928,-1.835771,0.42319,-0.086956,0.456969,-2.201541,-2.214669,-0.043886
2487,1774597107369,27.650508,423.166,-85.829,456.992,0.209679,0.685726,-0.66248,0.216644,0.580947,1.899902,-1.835495,0.423166,-0.085829,0.456992,-2.201777,-2.214459,-0.043955
2488,1774597107380,27.661619,423.158,-84.678,456.991,0.209378,0.685761,-0.662436,0.21696,0.580014,1.899682,-1.835066,0.423158,-0.084678,0.456991,-2.201861,-2.214495,-0.043883
2489,1774597107391,27.67273,423.155,-82.378,456.985,0.209828,0.6857,-0.662524,0.21645,0.581419,1.900024,-1.835805,0.423155,-0.082378,0.456985,-2.201832,-2.21447,-0.043794
2490,1774597107402,27.683841,423.128,-81.243,457.012,0.209506,0.685662,-0.662563,0.21676,0.580431,1.899607,-1.835613,0.423128,-0.081243,0.457012,-2.201946,-2.214535,-0.043768
2491,1774597107413,27.694952,423.13,-78.997,456.965,0.20935,0.6856,-0.662662,0.216804,0.579986,1.899393,-1.835843,0.42313,-0.078997,0.456965,-2.201677,-2.214531,-0.043614
2492,1774597107425,27.706064,423.13,-78.997,456.965,0.209174,0.685325,-0.662931,0.217024,0.57943,1.898408,-1.836374,0.42313,-0.078997,0.456965,-2.201677,-2.214531,-0.043614
2493,1774597107436,27.717175,423.142,-77.868,456.926,0.209529,0.685601,-0.662631,0.216723,0.580506,1.899476,-1.835836,0.423142,-0.077868,0.456926,-2.201638,-2.214591,-0.043226
2494,1774597107447,27.728286,423.086,-75.706,456.946,0.209653,0.685586,-0.662659,0.216566,0.580896,1.899592,-1.836066,0.423086,-0.075706,0.456946,-2.201641,-2.214603,-0.043298
2495,1774597107458,27.739398,423.086,-75.706,456.946,0.209648,0.685646,-0.662552,0.216706,0.580841,1.899619,-1.835635,0.423086,-0.075706,0.456946,-2.201641,-2.214603,-0.043298
2496,1774597107469,27.750509,423.038,-73.529,456.954,0.209508,0.685551,-0.662584,0.217047,0.580347,1.89901,-1.835392,0.423038,-0.073529,0.456954,-2.201725,-2.214638,-0.043186
2497,1774597107480,27.76162,422.983,-70.22,456.949,0.209704,0.685568,-0.662563,0.216867,0.580947,1.899238,-1.835509,0.422983,-0.07022,0.456949,-2.201793,-2.214717,-0.043142
2498,1774597107491,27.772732,422.973,-69.132,456.924,0.209738,0.685597,-0.662522,0.216868,0.58104,1.899319,-1.835393,0.422973,-0.069132,0.456924,-2.201747,-2.21478,-0.0431
2499,1774597107502,27.783843,422.926,-67.016,456.921,0.209677,0.685518,-0.662617,0.216885,0.580866,1.899082,-1.835641,0.422926,-0.067016,0.456921,-2.201781,-2.214845,-0.043012
2500,1774597107513,27.794954,422.904,-65.975,456.922,0.209502,0.685369,-0.662732,0.217171,0.580294,1.898383,-1.835682,0.422904,-0.065975,0.456922,-2.201773,-2.214894,-0.043
2501,1774597107525,27.806066,422.874,-64.979,456.919,0.20958,0.685541,-0.662548,0.217119,0.580524,1.898911,-1.835221,0.422874,-0.064979,0.456919,-2.201961,-2.214795,-0.043024
2502,1774597107536,27.817177,422.811,-62.983,456.934,0.209658,0.685641,-0.662448,0.217034,0.580767,1.899272,-1.835026,0.422811,-0.062983,0.456934,-2.202047,-2.214758,-0.043104
2503,1774597107547,27.828288,422.788,-61.991,456.933,0.209458,0.685411,-0.66266,0.217305,0.58013,1.898363,-1.835349,0.422788,-0.061991,0.456933,-2.202051,-2.214791,-0.043051
2504,1774597107558,27.8394,422.752,-60.002,456.88,0.209304,0.685341,-0.662787,0.217287,0.579709,1.898189,-1.83572,0.422752,-0.060002,0.45688,-2.201997,-2.214713,-0.042958
2505,1774597107569,27.850511,422.734,-59.022,456.868,0.209303,0.685405,-0.66272,0.217288,0.579705,1.898365,-1.835534,0.422734,-0.059022,0.456868,-2.201999,-2.214746,-0.042931
2506,1774597107580,27.861622,422.719,-58.019,456.845,0.209466,0.685313,-0.662799,0.217182,0.58019,1.898216,-1.835855,0.422719,-0.058019,0.456845,-2.201982,-2.214805,-0.042759
2507,1774597107591,27.872733,422.669,-56.096,456.81,0.209469,0.685451,-0.662673,0.217129,0.580215,1.898651,-1.835557,0.422669,-0.056096,0.45681,-2.20205,-2.214772,-0.042649
2508,1774597107602,27.883845,422.629,-55.171,456.817,0.209506,0.685353,-0.662735,0.217213,0.580292,1.898296,-1.835647,0.422629,-0.055171,0.456817,-2.202087,-2.214734,-0.042723
2509,1774597107613,27.894956,422.593,-53.354,456.751,0.209465,0.68528,-0.662823,0.217216,0.580176,1.898089,-1.835889,0.422593,-0.053354,0.456751,-2.202026,-2.214674,-0.042557
2510,1774597107625,27.906067,422.558,-52.449,456.733,0.209515,0.685407,-0.662705,0.217124,0.580344,1.898534,-1.835652,0.422558,-0.052449,0.456733,-2.20201,-2.214791,-0.042458
2511,1774597107636,27.917179,422.549,-51.562,456.683,0.209468,0.685178,-0.662918,0.217241,0.580178,1.897784,-1.836128,0.422549,-0.051562,0.456683,-2.201992,-2.214692,-0.042285
2512,1774597107647,27.92829,422.489,-49.822,456.652,0.20962,0.685176,-0.662947,0.217012,0.58067,1.898008,-1.836432,0.422489,-0.049822,0.456652,-2.202043,-2.21467,-0.042302
2513,1774597107658,27.939401,422.443,-48.962,456.653,0.209238,0.685078,-0.663038,0.217414,0.579486,1.897332,-1.836291,0.422443,-0.048962,0.456653,-2.202104,-2.214734,-0.042302
2514,1774597107669,27.950512,422.419,-48.112,456.636,0.209347,0.685078,-0.663019,0.217365,0.579805,1.897382,-1.836288,0.422419,-0.048112,0.456636,-2.202085,-2.21464,-0.042355
2515,1774597107680,27.961624,422.361,-46.425,456.597,0.20936,0.685136,-0.66296,0.21735,0.579844,1.897557,-1.836138,0.422361,-0.046425,0.456597,-2.202167,-2.21449,-0.04238
2516,1774597107691,27.972735,422.344,-45.604,456.567,0.209397,0.685001,-0.663106,0.217292,0.579965,1.897242,-1.8366,0.422344,-0.045604,0.456567,-2.202154,-2.21445,-0.042295
2517,1774597107702,27.983846,422.281,-43.98,456.546,0.209454,0.684965,-0.663099,0.217376,0.580097,1.897057,-1.836497,0.422281,-0.04398,0.456546,-2.202215,-2.214308,-0.042357
2518,1774597107713,27.994957,422.251,-43.186,456.543,0.209486,0.685089,-0.662977,0.217326,0.580201,1.89745,-1.836209,0.422251,-0.043186,0.456543,-2.202163,-2.214339,-0.042448
2519,1774597107725,28.006069,422.216,-42.398,456.541,0.209572,0.685148,-0.662931,0.217196,0.58048,1.897746,-1.836208,0.422216,-0.042398,0.456541,-2.202143,-2.214404,-0.042513
2520,1774597107736,28.01718,422.154,-40.871,456.533,0.209572,0.685124,-0.662951,0.21721,0.580475,1.897665,-1.836249,0.422154,-0.040871,0.456533,-2.202041,-2.214546,-0.04259
2521,1774597107747,28.028291,422.118,-40.129,456.544,0.209406,0.685205,-0.662928,0.217186,0.580022,1.897913,-1.83621,0.422118,-0.040129,0.456544,-2.202095,-2.214554,-0.042712
2522,1774597107758,28.039402,422.062,-38.676,456.523,0.209584,0.685148,-0.662929,0.217192,0.580513,1.897749,-1.836206,0.422062,-0.038676,0.456523,-2.202063,-2.214556,-0.042801
2523,1774597107769,28.050514,422.037,-37.961,456.522,0.209474,0.685086,-0.662988,0.217312,0.580173,1.897456,-1.836253,0.422037,-0.037961,0.456522,-2.20212,-2.214481,-0.042759
2524,1774597107780,28.061625,422.002,-37.28,456.526,0.209208,0.685108,-0.662978,0.217529,0.579369,1.8973,-1.836014,0.422002,-0.03728,0.456526,-2.202124,-2.21449,-0.04283
2525,1774597107791,28.072736,421.946,-35.915,456.506,0.209196,0.68515,-0.662924,0.217573,0.579321,1.897371,-1.835822,0.421946,-0.035915,0.456506,-2.202195,-2.214486,-0.042802
2526,1774597107802,28.083848,421.909,-35.258,456.527,0.209243,0.685225,-0.662889,0.2174,0.579506,1.897754,-1.835892,0.421909,-0.035258,0.456527,-2.202207,-2.214531,-0.042908
2527,1774597107813,28.094959,421.849,-33.974,456.519,0.209376,0.685114,-0.662963,0.217394,0.579876,1.897452,-1.836103,0.421849,-0.033974,0.456519,-2.202277,-2.21442,-0.042965
2528,1774597107825,28.106071,421.82,-33.359,456.524,0.20929,0.685259,-0.662838,0.2174,0.579636,1.897848,-1.835753,0.42182,-0.033359,0.456524,-2.202359,-2.214401,-0.043045
2529,1774597107836,28.117182,421.778,-32.75,456.533,0.209328,0.685191,-0.662877,0.217462,0.579722,1.897595,-1.835799,0.421778,-0.03275,0.456533,-2.202443,-2.214461,-0.043021
2530,1774597107847,28.128293,421.722,-31.548,456.512,0.20952,0.685181,-0.662834,0.217439,0.58026,1.897592,-1.835702,0.421722,-0.031548,0.456512,-2.202446,-2.214361,-0.043009
2531,1774597107858,28.139404,421.705,-30.97,456.483,0.209376,0.685132,-0.662906,0.217512,0.57984,1.897382,-1.835831,0.421705,-0.03097,0.456483,-2.202415,-2.214356,-0.042915
2532,1774597107869,28.150515,421.648,-29.827,456.461,0.209328,0.685068,-0.662958,0.217602,0.579677,1.897115,-1.835887,0.421648,-0.029827,0.456461,-2.20247,-2.214388,-0.042859
2533,1774597107880,28.161627,421.635,-29.264,456.435,0.209293,0.685115,-0.662952,0.217505,0.579611,1.897343,-1.835967,0.421635,-0.029264,0.456435,-2.202349,-2.21445,-0.042757
2534,1774597107891,28.172738,421.604,-28.729,456.407,0.209323,0.685082,-0.662968,0.217534,0.579684,1.897221,-1.835981,0.421604,-0.028729,0.456407,-2.202386,-2.214433,-0.042649
2535,1774597107902,28.183849,421.542,-27.711,456.392,0.20934,0.685093,-0.662977,0.217455,0.579756,1.897332,-1.836082,0.421542,-0.027711,0.456392,-2.20224,-2.214502,-0.042643
2536,1774597107913,28.19496,421.51,-27.227,456.382,0.209331,0.685076,-0.662992,0.217471,0.579726,1.897271,-1.836108,0.42151,-0.027227,0.456382,-2.202218,-2.214506,-0.042603
2537,1774597107925,28.206072,421.464,-26.757,456.372,0.209303,0.685134,-0.662915,0.217549,0.579626,1.897352,-1.835819,0.421464,-0.026757,0.456372,-2.202236,-2.214577,-0.042535
2538,1774597107936,28.217183,421.415,-25.849,456.313,0.209319,0.685073,-0.663004,0.217454,0.5797,1.897277,-1.83616,0.421415,-0.025849,0.456313,-2.202169,-2.214482,-0.042439
2539,1774597107947,28.228294,421.36,-25.423,456.31,0.209295,0.685074,-0.662995,0.217502,0.579619,1.897232,-1.836088,0.42136,-0.025423,0.45631,-2.202187,-2.214501,-0.042452
2540,1774597107958,28.239405,421.304,-24.62,456.249,0.209115,0.684981,-0.663132,0.21755,0.579103,1.896927,-1.836421,0.421304,-0.02462,0.456249,-2.202134,-2.21447,-0.042192
2541,1774597107969,28.250517,421.259,-24.223,456.239,0.209159,0.685088,-0.662999,0.217576,0.579219,1.897196,-1.836027,0.421259,-0.024223,0.456239,-2.202158,-2.21447,-0.042214
2542,1774597107980,28.261628,421.229,-23.823,456.196,0.209196,0.685114,-0.662963,0.217569,0.579324,1.897276,-1.835933,0.421229,-0.023823,0.456196,-2.202035,-2.214501,-0.04203
2543,1774597107991,28.272739,421.136,-23.129,456.189,0.209155,0.685091,-0.663036,0.217458,0.579244,1.897325,-1.836243,0.421136,-0.023129,0.456189,-2.202023,-2.214546,-0.042108
2544,1774597108002,28.28385,421.08,-22.791,456.2,0.209158,0.685112,-0.662992,0.217524,0.579231,1.897317,-1.836056,0.42108,-0.022791,0.4562,-2.202054,-2.214553,-0.042186
2545,1774597108013,28.294962,421.015,-22.133,456.134,0.209127,0.685035,-0.663069,0.217562,0.579135,1.897063,-1.836233,0.421015,-0.022133,0.456134,-2.202018,-2.21449,-0.042095
2546,1774597108025,28.306073,420.954,-21.835,456.122,0.209139,0.685001,-0.663114,0.217519,0.579182,1.897014,-1.836399,0.420954,-0.021835,0.456122,-2.202002,-2.214552,-0.042036
2547,1774597108036,28.317184,420.907,-21.547,456.11,0.209167,0.684959,-0.66314,0.217545,0.579252,1.896872,-1.836446,0.420907,-0.021547,0.45611,-2.20202,-2.21449,-0.041998
2548,1774597108047,28.328296,420.812,-20.985,456.094,0.209198,0.684929,-0.663193,0.217448,0.579366,1.896886,-1.836687,0.420812,-0.020985,0.456094,-2.201993,-2.21449,-0.041987
2549,1774597108058,28.339407,420.775,-20.717,456.067,0.209119,0.684966,-0.663152,0.217533,0.57912,1.896904,-1.836491,0.420775,-0.020717,0.456067,-2.201901,-2.214528,-0.041889
2550,1774597108069,28.350518,420.671,-20.239,456.064,0.209063,0.684958,-0.663169,0.21756,0.578957,1.896852,-1.836514,0.420671,-0.020239,0.456064,-2.201903,-2.214558,-0.041904
2551,1774597108080,28.361629,420.611,-20.024,456.069,0.209055,0.684961,-0.663175,0.217542,0.57894,1.896878,-1.836546,0.420611,-0.020024,0.456069,-2.201958,-2.214507,-0.041943
2552,1774597108091,28.372741,420.554,-19.809,456.062,0.209137,0.68494,-0.663173,0.217533,0.579172,1.89683,-1.836549,0.420554,-0.019809,0.456062,-2.201997,-2.21449,-0.041796
2553,1774597108102,28.383852,420.452,-19.395,456.041,0.209089,0.68495,-0.663163,0.21758,0.579023,1.896809,-1.836476,0.420452,-0.019395,0.456041,-2.201966,-2.214538,-0.041777
2554,1774597108113,28.394964,420.397,-19.204,456.045,0.209109,0.684991,-0.663139,0.217502,0.579102,1.897002,-1.836486,0.420397,-0.019204,0.456045,-2.201879,-2.21453,-0.041773
2555,1774597108125,28.406075,420.335,-19.023,456.047,0.209042,0.685015,-0.663129,0.217522,0.57891,1.897049,-1.836439,0.420335,-0.019023,0.456047,-2.201832,-2.214589,-0.041785
2556,1774597108136,28.417186,420.219,-18.675,456.037,0.209091,0.684996,-0.663137,0.217512,0.579049,1.897006,-1.836471,0.420219,-0.018675,0.456037,-2.201884,-2.214587,-0.041748
2557,1774597108147,28.428298,420.148,-18.526,456.039,0.209094,0.684956,-0.663162,0.21756,0.579044,1.896847,-1.836492,0.420148,-0.018526,0.456039,-2.201895,-2.214571,-0.041727
2558,1774597108158,28.439409,420.017,-18.189,456.03,0.20914,0.684926,-0.663183,0.217544,0.579174,1.89678,-1.836566,0.420017,-0.018189,0.45603,-2.201877,-2.214629,-0.04163
2559,1774597108169,28.45052,419.948,-18.055,456.019,0.209142,0.684869,-0.663235,0.217563,0.579176,1.896603,-1.836693,0.419948,-0.018055,0.456019,-2.201889,-2.214614,-0.04161
2560,1774597108180,28.461631,419.879,-17.918,456.004,0.209235,0.684907,-0.663186,0.217502,0.579453,1.896769,-1.836617,0.419879,-0.017918,0.456004,-2.201815,-2.214592,-0.041604
2561,1774597108191,28.472742,419.717,-17.659,456.012,0.209195,0.684853,-0.663243,0.217539,0.57933,1.896581,-1.836737,0.419717,-0.017659,0.456012,-2.201865,-2.214586,-0.041508
2562,1774597108202,28.483854,419.638,-17.531,455.999,0.209172,0.68481,-0.663299,0.217523,0.579272,1.896481,-1.836909,0.419638,-0.017531,0.455999,-2.201855,-2.214546,-0.041475
2563,1774597108213,28.494965,419.446,-17.258,455.989,0.209162,0.68486,-0.663254,0.217515,0.579244,1.896626,-1.836791,0.419446,-0.017258,0.455989,-2.201822,-2.214643,-0.041384
2564,1774597108225,28.506076,419.329,-17.171,456.013,0.209081,0.684908,-0.663222,0.217538,0.579014,1.896736,-1.83668,0.419329,-0.017171,0.456013,-2.201936,-2.214573,-0.041485
2565,1774597108236,28.517187,419.224,-17.04,455.998,0.20911,0.684892,-0.663246,0.217485,0.579112,1.896746,-1.8368,0.419224,-0.01704,0.455998,-2.201789,-2.214687,-0.041374
2566,1774597108247,28.528299,418.973,-16.864,456,0.209067,0.684937,-0.663208,0.217506,0.578984,1.896848,-1.836672,0.418973,-0.016864,0.456,-2.201805,-2.214648,-0.041409
2567,1774597108258,28.53941,418.835,-16.77,456.02,0.209101,0.68486,-0.663289,0.217464,0.579091,1.896679,-1.836939,0.418835,-0.01677,0.45602,-2.201828,-2.21467,-0.041442
2568,1774597108269,28.550521,418.515,-16.602,456.033,0.209138,0.684892,-0.663251,0.217448,0.579201,1.896781,-1.836848,0.418515,-0.016602,0.456033,-2.20189,-2.214652,-0.041497
2569,1774597108280,28.561632,418.343,-16.493,456.047,0.209143,0.68492,-0.663209,0.217482,0.579202,1.896825,-1.836698,0.418343,-0.016493,0.456047,-2.201869,-2.214737,-0.041604
2570,1774597108291,28.572743,418.159,-16.417,456.064,0.209113,0.684876,-0.663284,0.217418,0.579141,1.896768,-1.836969,0.418159,-0.016417,0.456064,-2.201836,-2.214704,-0.04169
2571,1774597108302,28.583855,417.785,-16.245,456.004,0.209104,0.684881,-0.663283,0.217416,0.579116,1.896785,-1.836967,0.417785,-0.016245,0.456004,-2.201897,-2.214542,-0.04141
2572,1774597108313,28.594966,417.578,-16.152,456.001,0.209141,0.684711,-0.663469,0.217348,0.579239,1.896382,-1.83755,0.417578,-0.016152,0.456001,-2.201898,-2.214512,-0.041385
2573,1774597108325,28.606078,417.358,-16.094,455.968,0.209094,0.684856,-0.663314,0.217408,0.579089,1.896724,-1.837062,0.417358,-0.016094,0.455968,-2.201925,-2.214373,-0.041242
2574,1774597108336,28.617189,416.873,-15.939,455.96,0.209116,0.684769,-0.663396,0.217411,0.57915,1.89648,-1.837288,0.416873,-0.015939,0.45596,-2.201893,-2.214335,-0.041243
2575,1774597108347,28.6283,416.613,-15.878,455.948,0.209122,0.684685,-0.663469,0.217451,0.579154,1.896205,-1.837449,0.416613,-0.015878,0.455948,-2.201879,-2.214317,-0.041175
2576,1774597108358,28.639411,416.091,-15.741,455.899,0.209087,0.684671,-0.663476,0.217504,0.579041,1.896113,-1.837418,0.416091,-0.015741,0.455899,-2.201797,-2.214193,-0.040854
2577,1774597108369,28.650523,415.825,-15.677,455.884,0.209148,0.684625,-0.663517,0.217466,0.579223,1.896024,-1.837568,0.415825,-0.015677,0.455884,-2.201798,-2.214161,-0.040786
2578,1774597108380,28.661634,415.519,-15.634,455.89,0.209141,0.684694,-0.663426,0.217533,0.579183,1.896148,-1.837251,0.415519,-0.015634,0.45589,-2.201819,-2.214177,-0.040738
2579,1774597108391,28.672745,414.882,-15.55,455.936,0.209107,0.684824,-0.663291,0.217568,0.579078,1.896475,-1.836842,0.414882,-0.01555,0.455936,-2.201986,-2.214183,-0.040863
2580,1774597108402,28.683857,414.533,-15.491,455.99,0.209108,0.684816,-0.663292,0.217591,0.579072,1.896428,-1.836823,0.414533,-0.015491,0.45599,-2.20207,-2.214242,-0.041092
2581,1774597108413,28.694968,413.833,-15.412,456.062,0.209086,0.684867,-0.663232,0.217631,0.579,1.89653,-1.836619,0.413833,-0.015412,0.456062,-2.202211,-2.214223,-0.041313
2582,1774597108425,28.70608,413.472,-15.352,456.104,0.209102,0.684828,-0.663272,0.217618,0.579048,1.896433,-1.836742,0.413472,-0.015352,0.456104,-2.20223,-2.214348,-0.041433
2583,1774597108436,28.717191,413.105,-15.313,456.11,0.20901,0.684859,-0.66325,0.217675,0.578775,1.896462,-1.836626,0.413105,-0.015313,0.45611,-2.202242,-2.214326,-0.041374
2584,1774597108447,28.728302,412.349,-15.235,456.103,0.209214,0.6847,-0.663375,0.217598,0.579363,1.896101,-1.837048,0.412349,-0.015235,0.456103,-2.202195,-2.214345,-0.041172
2585,1774597108458,28.739413,411.95,-15.211,456.083,0.209176,0.684657,-0.663422,0.217627,0.57925,1.895951,-1.837149,0.41195,-0.015211,0.456083,-2.202193,-2.214253,-0.040995
2586,1774597108469,28.750524,411.127,-15.133,456.018,0.209192,0.684751,-0.663318,0.217634,0.579293,1.896204,-1.836852,0.411127,-0.015133,0.456018,-2.202134,-2.214147,-0.040579
2587,1774597108480,28.761636,410.679,-15.103,456.031,0.209202,0.684435,-0.663643,0.217627,0.579321,1.895337,-1.837761,0.410679,-0.015103,0.456031,-2.202159,-2.214166,-0.04055
2588,1774597108491,28.772747,410.236,-15.074,456.007,0.209159,0.684404,-0.663687,0.217632,0.579201,1.895245,-1.837877,0.410236,-0.015074,0.456007,-2.202073,-2.214149,-0.040397
2589,1774597108502,28.783859,409.296,-15.038,456.052,0.209152,0.684456,-0.663643,0.217609,0.57919,1.895414,-1.837777,0.409296,-0.015038,0.456052,-2.202038,-2.214156,-0.04039
2590,1774597108513,28.79497,408.797,-15.032,456.092,0.209099,0.684575,-0.663492,0.217744,0.579001,1.895607,-1.837228,0.408797,-0.015032,0.456092,-2.202121,-2.21413,-0.040504
2591,1774597108525,28.806081,408.255,-15.036,456.165,0.208851,0.684895,-0.663162,0.217981,0.578242,1.896257,-1.836084,0.408255,-0.015036,0.456165,-2.20225,-2.21421,-0.040756
2592,1774597108536,28.817193,407.128,-15.008,456.302,0.208951,0.684787,-0.663257,0.217934,0.578534,1.896004,-1.836393,0.407128,-0.015008,0.456302,-2.202372,-2.214434,-0.041131
2593,1774597108547,28.828304,406.573,-15.005,456.299,0.208917,0.684725,-0.663318,0.217978,0.578426,1.895787,-1.836519,0.406573,-0.015005,0.456299,-2.202368,-2.214315,-0.041059
2594,1774597108558,28.839415,406.036,-14.972,456.258,0.209038,0.684731,-0.663274,0.217979,0.578761,1.895802,-1.836396,0.406036,-0.014972,0.456258,-2.202356,-2.214238,-0.040792
2595,1774597108569,28.850527,404.933,-14.924,456.181,0.208993,0.6845,-0.663557,0.217885,0.578664,1.895257,-1.837271,0.404933,-0.014924,0.456181,-2.202309,-2.214138,-0.040278
2596,1774597108580,28.861638,404.359,-14.902,456.175,0.208998,0.684626,-0.663433,0.217863,0.578686,1.89563,-1.836948,0.404359,-0.014902,0.456175,-2.202276,-2.214096,-0.040151
2597,1774597108591,28.87278,403.094,-14.881,456.321,0.208907,0.684619,-0.663445,0.217934,0.578412,1.895538,-1.836914,0.403094,-0.014881,0.456321,-2.202303,-2.214336,-0.040727
2598,1774597108602,28.883891,402.437,-14.867,456.369,0.208931,0.68458,-0.663492,0.217895,0.578489,1.895469,-1.83708,0.402437,-0.014867,0.456369,-2.202338,-2.214422,-0.040862
2599,1774597108614,28.895003,401.11,-14.858,456.374,0.208947,0.68451,-0.66352,0.218011,0.578498,1.89516,-1.837045,0.40111,-0.014858,0.456374,-2.202476,-2.214224,-0.040641
2600,1774597108625,28.906114,400.442,-14.85,456.352,0.209048,0.684153,-0.66387,0.217969,0.578791,1.894212,-1.838057,0.400442,-0.01485,0.456352,-2.202494,-2.214122,-0.040391
2601,1774597108636,28.917225,399.775,-14.832,456.338,0.209002,0.684327,-0.663674,0.218061,0.578635,1.894603,-1.837424,0.399775,-0.014832,0.456338,-2.20247,-2.21406,-0.040251
2602,1774597108647,28.928336,398.364,-14.796,456.397,0.208895,0.684323,-0.663733,0.217999,0.578359,1.894654,-1.837647,0.398364,-0.014796,0.456397,-2.202612,-2.214111,-0.040252
2603,1774597108658,28.939448,397.625,-14.778,456.461,0.208879,0.684508,-0.663532,0.218045,0.578299,1.895121,-1.837046,0.397625,-0.014778,0.456461,-2.202674,-2.214175,-0.040599
2604,1774597108669,28.950559,396.158,-14.757,456.427,0.208767,0.684736,-0.66326,0.218262,0.577924,1.895533,-1.836083,0.396158,-0.014757,0.456427,-2.202756,-2.214105,-0.040374
2605,1774597108680,28.96167,395.426,-14.726,456.372,0.208766,0.684368,-0.663634,0.218283,0.577913,1.894493,-1.837098,0.395426,-0.014726,0.456372,-2.202653,-2.214041,-0.040046
2606,1774597108691,28.972782,394.697,-14.723,456.296,0.20897,0.683974,-0.663994,0.218229,0.578494,1.893456,-1.838146,0.394697,-0.014723,0.456296,-2.202628,-2.213894,-0.039703
2607,1774597108702,28.983893,393.172,-14.679,456.238,0.208936,0.684108,-0.66387,0.218218,0.578404,1.893838,-1.837814,0.393172,-0.014679,0.456238,-2.202477,-2.213825,-0.039342
2608,1774597108714,28.995004,392.328,-14.64,456.322,0.208819,0.684602,-0.663367,0.218311,0.578053,1.895114,-1.836329,0.392328,-0.01464,0.456322,-2.202532,-2.214017,-0.039741
2609,1774597108725,29.006115,391.455,-14.623,456.394,0.208916,0.684616,-0.663324,0.218304,0.578324,1.895159,-1.836217,0.391455,-0.014623,0.456394,-2.202646,-2.214157,-0.040005
2610,1774597108736,29.017226,389.729,-14.631,456.407,0.209007,0.684391,-0.66354,0.218266,0.578587,1.894573,-1.836854,0.389729,-0.014631,0.456407,-2.202766,-2.214055,-0.040118
2611,1774597108747,29.028338,388.917,-14.632,456.326,0.208983,0.684305,-0.663594,0.218394,0.578482,1.894208,-1.836877,0.388917,-0.014632,0.456326,-2.20262,-2.213971,-0.039744
2612,1774597108758,29.039449,387.22,-14.609,456.264,0.20908,0.684067,-0.663874,0.218195,0.578809,1.893749,-1.837847,0.38722,-0.014609,0.456264,-2.202684,-2.21383,-0.039402
2613,1774597108769,29.05056,386.295,-14.549,456.318,0.20895,0.684267,-0.663693,0.218243,0.578435,1.894254,-1.8373,0.386295,-0.014549,0.456318,-2.202617,-2.214052,-0.039641
2614,1774597108780,29.061672,385.313,-14.537,456.402,0.208822,0.684723,-0.6632,0.218433,0.578023,1.895326,-1.835749,0.385313,-0.014537,0.456402,-2.202697,-2.21416,-0.039906
2615,1774597108791,29.072783,383.439,-14.562,456.426,0.208877,0.684816,-0.663055,0.218533,0.578145,1.895481,-1.83525,0.383439,-0.014562,0.456426,-2.202678,-2.214098,-0.039799
2616,1774597108802,29.083894,382.524,-14.589,456.431,0.20894,0.684687,-0.66314,0.218617,0.578293,1.895042,-1.835403,0.382524,-0.014589,0.456431,-2.202822,-2.213995,-0.03973
2617,1774597108814,29.095005,380.626,-14.603,456.433,0.20892,0.684627,-0.663239,0.218521,0.578268,1.894972,-1.835773,0.380626,-0.014603,0.456433,-2.202758,-2.213886,-0.039488
2618,1774597108825,29.106116,379.621,-14.591,456.479,0.208832,0.684273,-0.66365,0.218469,0.57804,1.894043,-1.836961,0.379621,-0.014591,0.456479,-2.202733,-2.214068,-0.039578
2619,1774597108836,29.117228,378.63,-14.579,456.487,0.208721,0.684261,-0.66367,0.218551,0.577707,1.893929,-1.836934,0.37863,-0.014579,0.456487,-2.202704,-2.214187,-0.039345
2620,1774597108847,29.128339,376.649,-14.626,456.526,0.208702,0.684281,-0.663623,0.218649,0.577624,1.893886,-1.836709,0.376649,-0.014626,0.456526,-2.202756,-2.214012,-0.039204
2621,1774597108858,29.13945,375.633,-14.616,456.599,0.20889,0.684367,-0.663532,0.218479,0.578198,1.894293,-1.836623,0.375633,-0.014616,0.456599,-2.202813,-2.214089,-0.03918
2622,1774597108869,29.150561,373.547,-14.679,456.669,0.208727,0.684559,-0.663318,0.218682,0.577683,1.894622,-1.835834,0.373547,-0.014679,0.456669,-2.202823,-2.214091,-0.039314
2623,1774597108880,29.161673,372.531,-14.706,456.654,0.208866,0.684263,-0.66362,0.218557,0.578107,1.893928,-1.836793,0.372531,-0.014706,0.456654,-2.202759,-2.214041,-0.03906
2624,1774597108891,29.172784,371.518,-14.706,456.642,0.20883,0.684092,-0.663758,0.218712,0.577959,1.893299,-1.837022,0.371518,-0.014706,0.456642,-2.202699,-2.213966,-0.038735
2625,1774597108902,29.183895,369.374,-14.712,456.765,0.20875,0.684238,-0.663653,0.218648,0.577757,1.893766,-1.836795,0.369374,-0.014712,0.456765,-2.202731,-2.214045,-0.038808
2626,1774597108914,29.195007,368.227,-14.763,456.881,0.208552,0.684782,-0.663112,0.218774,0.577171,1.895148,-1.835175,0.368227,-0.014763,0.456881,-2.202908,-2.214066,-0.039152
2627,1774597108925,29.206118,367.096,-14.774,456.954,0.208563,0.684667,-0.663171,0.218945,0.577151,1.894657,-1.83517,0.367096,-0.014774,0.456954,-2.202941,-2.214283,-0.039291
2628,1774597108936,29.217229,364.951,-14.83,456.959,0.208626,0.684349,-0.66346,0.219004,0.577306,1.893718,-1.835915,0.364951,-0.01483,0.456959,-2.20295,-2.21398,-0.038826
2629,1774597108947,29.22834,363.864,-14.828,456.987,0.208614,0.684268,-0.663561,0.218961,0.577286,1.893538,-1.836237,0.363864,-0.014828,0.456987,-2.202974,-2.214077,-0.038664
2630,1774597108958,29.239452,361.571,-14.794,457.099,0.208426,0.684592,-0.663312,0.218884,0.576788,1.894511,-1.835621,0.361571,-0.014794,0.457099,-2.202765,-2.214361,-0.038689
2631,1774597108969,29.250563,360.409,-14.83,457.165,0.208423,0.684482,-0.663407,0.218941,0.576764,1.894149,-1.835829,0.360409,-0.01483,0.457165,-2.202991,-2.214321,-0.038746
2632,1774597108980,29.261674,359.298,-14.837,457.211,0.209051,0.684177,-0.663677,0.218479,0.578643,1.893768,-1.837026,0.359298,-0.014837,0.457211,-2.20295,-2.214359,-0.038849
2633,1774597108991,29.272785,357.044,-14.831,457.245,0.20846,0.684146,-0.66371,0.219038,0.576835,1.893124,-1.836573,0.357044,-0.014831,0.457245,-2.203035,-2.21424,-0.038334
2634,1774597109002,29.283896,355.869,-14.834,457.301,0.208465,0.684349,-0.663539,0.218917,0.576888,1.893804,-1.836218,0.355869,-0.014834,0.457301,-2.202965,-2.2143,-0.038354
2635,1774597109014,29.295008,353.527,-14.85,457.403,0.208328,0.68421,-0.663655,0.219131,0.576444,1.893207,-1.83633,0.353527,-0.01485,0.457403,-2.203115,-2.214336,-0.038217
2636,1774597109025,29.306119,352.378,-14.866,457.476,0.208636,0.684305,-0.663511,0.218977,0.577341,1.893624,-1.836082,0.352378,-0.014866,0.457476,-2.20316,-2.214303,-0.038396
2637,1774597109036,29.31723,351.229,-14.88,457.541,0.208458,0.684196,-0.663646,0.219078,0.576818,1.893221,-1.836359,0.351229,-0.01488,0.457541,-2.203251,-2.214344,-0.038548
2638,1774597109047,29.328342,348.907,-14.848,457.612,0.208264,0.684047,-0.66382,0.2192,0.576244,1.892686,-1.836721,0.348907,-0.014848,0.457612,-2.203145,-2.214495,-0.038364
2639,1774597109058,29.339453,347.767,-14.88,457.612,0.208508,0.684097,-0.663722,0.219112,0.576948,1.892912,-1.836534,0.347767,-0.01488,0.457612,-2.20311,-2.214374,-0.038157
2640,1774597109069,29.350564,345.486,-14.916,457.717,0.208483,0.684,-0.663821,0.219137,0.576869,1.892618,-1.836784,0.345486,-0.014916,0.457717,-2.203296,-2.214454,-0.038226
2641,1774597109080,29.361676,344.346,-14.952,457.77,0.20851,0.684202,-0.663553,0.21929,0.576898,1.893026,-1.835894,0.344346,-0.014952,0.45777,-2.203399,-2.214348,-0.038375
2642,1774597109091,29.372787,343.184,-14.928,457.793,0.208367,0.684116,-0.663734,0.219148,0.576546,1.892929,-1.836533,0.343184,-0.014928,0.457793,-2.203353,-2.21451,-0.03826
2643,1774597109102,29.383898,340.931,-14.983,457.741,0.208572,0.683914,-0.663899,0.219082,0.577132,1.892437,-1.837054,0.340931,-0.014983,0.457741,-2.203241,-2.214385,-0.037631
2644,1774597109114,29.39501,339.834,-14.986,457.742,0.208525,0.683877,-0.663939,0.219122,0.576991,1.892295,-1.837125,0.339834,-0.014986,0.457742,-2.203265,-2.214405,-0.037435
2645,1774597109125,29.406121,338.676,-15.01,457.827,0.208451,0.684244,-0.663585,0.21912,0.576787,1.893311,-1.836148,0.338676,-0.01501,0.457827,-2.203324,-2.214578,-0.03776
2646,1774597109136,29.417232,336.344,-15.05,457.935,0.208131,0.684352,-0.66354,0.219224,0.575868,1.893507,-1.835921,0.336344,-0.01505,0.457935,-2.20358,-2.214762,-0.038048
2647,1774597109147,29.428343,335.244,-15.08,457.89,0.208604,0.683916,-0.663905,0.219029,0.577237,1.892495,-1.837123,0.335244,-0.01508,0.45789,-2.203484,-2.214689,-0.037847
2648,1774597109158,29.439454,333.079,-15.099,457.786,0.208415,0.683784,-0.664055,0.219166,0.576673,1.891992,-1.837404,0.333079,-0.015099,0.457786,-2.20346,-2.214625,-0.037032
2649,1774597109169,29.450566,331.965,-15.128,457.813,0.208181,0.684098,-0.663759,0.219305,0.575982,1.892723,-1.83645,0.331965,-0.015128,0.457813,-2.203483,-2.214625,-0.037122
2650,1774597109180,29.461677,330.774,-15.143,457.913,0.208179,0.684225,-0.66363,0.219301,0.57598,1.893078,-1.836096,0.330774,-0.015143,0.457913,-2.203606,-2.214921,-0.037656
2651,1774597109191,29.472788,328.566,-15.239,457.859,0.208184,0.683993,-0.663808,0.219482,0.575938,1.892253,-1.836413,0.328566,-0.015239,0.457859,-2.203773,-2.214771,-0.037436
2652,1774597109202,29.4839,327.534,-15.236,457.767,0.208155,0.683909,-0.66384,0.219674,0.575798,1.891829,-1.836314,0.327534,-0.015236,0.457767,-2.203767,-2.214754,-0.036839
2653,1774597109214,29.495011,325.405,-15.275,457.744,0.208079,0.68365,-0.664158,0.219592,0.575612,1.891194,-1.837273,0.325405,-0.015275,0.457744,-2.20383,-2.214846,-0.036665
2654,1774597109225,29.506122,324.27,-15.302,457.836,0.207673,0.684139,-0.663704,0.219825,0.574419,1.892315,-1.835791,0.32427,-0.015302,0.457836,-2.203878,-2.215092,-0.037143
2655,1774597109236,29.517234,323.159,-15.351,457.891,0.208045,0.683989,-0.6638,0.219648,0.575501,1.892077,-1.83623,0.323159,-0.015351,0.457891,-2.204053,-2.2152,-0.037508
2656,1774597109247,29.528345,321.135,-15.423,457.734,0.208233,0.683989,-0.66374,0.219653,0.576022,1.892074,-1.836058,0.321135,-0.015423,0.457734,-2.204012,-2.215015,-0.036693
2657,1774597109258,29.539456,320.155,-15.418,457.668,0.207975,0.683706,-0.664076,0.219764,0.575274,1.891178,-1.836879,0.320155,-0.015418,0.457668,-2.204112,-2.21495,-0.036215
2658,1774597109269,29.550568,318.072,-15.451,457.739,0.20777,0.683872,-0.663977,0.219742,0.574711,1.891658,-1.836628,0.318072,-0.015451,0.457739,-2.204169,-2.215183,-0.036594
2659,1774597109280,29.561679,317.002,-15.473,457.814,0.207586,0.68435,-0.663422,0.220101,0.574095,1.892622,-1.834746,0.317002,-0.015473,0.457814,-2.204359,-2.21544,-0.037033
2660,1774597109291,29.57279,315.989,-15.544,457.779,0.207869,0.68382,-0.66391,0.22001,0.574905,1.891246,-1.836183,0.315989,-0.015544,0.457779,-2.204502,-2.215189,-0.036994
2661,1774597109302,29.583901,314.112,-15.581,457.569,0.207687,0.68369,-0.664013,0.220276,0.57432,1.890622,-1.836209,0.314112,-0.015581,0.457569,-2.204428,-2.214994,-0.035768
2662,1774597109314,29.595013,313.192,-15.555,457.533,0.207725,0.683547,-0.66421,0.22009,0.574484,1.890411,-1.836933,0.313192,-0.015555,0.457533,-2.204319,-2.215017,-0.035522
2663,1774597109325,29.606124,312.207,-15.557,457.562,0.20743,0.683893,-0.663908,0.220202,0.573634,1.891257,-1.835991,0.312207,-0.015557,0.457562,-2.20444,-2.215143,-0.035554
2664,1774597109336,29.617235,310.18,-15.639,457.694,0.207591,0.684253,-0.663498,0.22017,0.574089,1.892284,-1.834886,0.31018,-0.015639,0.457694,-2.204703,-2.215434,-0.036356
2665,1774597109347,29.628346,309.202,-15.699,457.696,0.20753,0.684113,-0.66353,0.220564,0.5738,1.891504,-1.834594,0.309202,-0.015699,0.457696,-2.204892,-2.215417,-0.03639
2666,1774597109358,29.639458,307.437,-15.73,457.517,0.207385,0.683441,-0.664292,0.220492,0.57342,1.889719,-1.83677,0.307437,-0.01573,0.457517,-2.204884,-2.21524,-0.03533
2667,1774597109369,29.650569,306.584,-15.718,457.471,0.207318,0.683609,-0.664173,0.220393,0.573265,1.89028,-1.836538,0.306584,-0.015718,0.457471,-2.204838,-2.215328,-0.0351
2668,1774597109380,29.66168,305.701,-15.715,457.468,0.207228,0.683809,-0.664019,0.220317,0.573039,1.890911,-1.836186,0.305701,-0.015715,0.457468,-2.204704,-2.215438,-0.035154
2669,1774597109391,29.672792,303.86,-15.802,457.57,0.207134,0.684034,-0.66374,0.220549,0.572711,1.891302,-1.83519,0.30386,-0.015802,0.45757,-2.205007,-2.215711,-0.035698
2670,1774597109402,29.683903,302.979,-15.873,457.57,0.207336,0.684133,-0.663577,0.220545,0.573269,1.891577,-1.834742,0.302979,-0.015873,0.45757,-2.205118,-2.215645,-0.035822
2671,1774597109414,29.695015,301.365,-15.927,457.376,0.207357,0.683659,-0.664064,0.220529,0.573333,1.890283,-1.836104,0.301365,-0.015927,0.457376,-2.205121,-2.215431,-0.034926
2672,1774597109425,29.706126,300.605,-15.916,457.262,0.207348,0.683441,-0.664316,0.220455,0.573329,1.889754,-1.836871,0.300605,-0.015916,0.457262,-2.204954,-2.215392,-0.034332
2673,1774597109436,29.717237,299.815,-15.918,457.247,0.207293,0.683493,-0.664268,0.220486,0.573169,1.889869,-1.836711,0.299815,-0.015918,0.457247,-2.205103,-2.215545,-0.034256
2674,1774597109447,29.728348,298.193,-16,457.321,0.206919,0.683537,-0.664215,0.220861,0.572022,1.889614,-1.836201,0.298193,-0.016,0.457321,-2.205211,-2.215676,-0.03488
2675,1774597109458,29.73946,297.353,-16.039,457.399,0.206875,0.684019,-0.663688,0.220998,0.571857,1.89081,-1.834609,0.297353,-0.016039,0.457399,-2.20546,-2.215861,-0.035337
2676,1774597109469,29.750571,297.353,-16.039,457.399,0.20734,0.684113,-0.663587,0.220573,0.57327,1.891494,-1.834744,0.297353,-0.016039,0.457399,-2.20546,-2.215861,-0.035337
2677,1774597109480,29.761683,295.83,-16.116,457.338,0.207278,0.683668,-0.66402,0.220706,0.573059,1.890131,-1.835812,0.29583,-0.016116,0.457338,-2.205508,-2.215816,-0.035362
2678,1774597109491,29.772794,294.441,-16.144,457.143,0.207139,0.683278,-0.664445,0.220767,0.572656,1.888992,-1.836927,0.294441,-0.016144,0.457143,-2.205451,-2.215728,-0.03441
2679,1774597109502,29.783905,293.054,-16.174,457.062,0.207283,0.683317,-0.664387,0.220683,0.573081,1.889186,-1.836849,0.293054,-0.016174,0.457062,-2.205416,-2.215729,-0.034246
2680,1774597109514,29.795016,292.342,-16.192,457.067,0.207237,0.683709,-0.663973,0.220758,0.57293,1.890193,-1.835631,0.292342,-0.016192,0.457067,-2.205487,-2.215836,-0.034448
2681,1774597109525,29.806128,291.637,-16.217,457.087,0.207157,0.683693,-0.664028,0.220718,0.572721,1.89019,-1.835821,0.291637,-0.016217,0.457087,-2.205504,-2.215889,-0.034619
2682,1774597109536,29.817239,290.233,-16.292,457.135,0.207192,0.683832,-0.663828,0.220857,0.572777,1.890434,-1.835133,0.290233,-0.016292,0.457135,-2.205726,-2.216051,-0.035045
2683,1774597109547,29.82835,289.585,-16.308,457.095,0.207213,0.683864,-0.663761,0.220939,0.572811,1.890442,-1.834869,0.289585,-0.016308,0.457095,-2.205804,-2.215949,-0.034939
2684,1774597109558,29.839461,288.319,-16.363,456.988,0.207269,0.683593,-0.664009,0.220981,0.572951,1.889651,-1.835513,0.288319,-0.016363,0.456988,-2.205784,-2.215806,-0.034722
2685,1774597109569,29.850573,287.705,-16.367,456.927,0.207168,0.683633,-0.663983,0.22103,0.572657,1.889711,-1.835394,0.287705,-0.016367,0.456927,-2.205795,-2.215844,-0.034474
2686,1774597109580,29.861684,287.132,-16.377,456.851,0.207253,0.683372,-0.664285,0.220849,0.572948,1.889171,-1.836405,0.287132,-0.016377,0.456851,-2.205814,-2.215704,-0.03413
2687,1774597109591,29.872795,285.966,-16.403,456.808,0.207196,0.683379,-0.66428,0.220899,0.572774,1.88914,-1.836342,0.285966,-0.016403,0.456808,-2.2057,-2.215788,-0.034129
2688,1774597109602,29.883907,285.393,-16.44,456.798,0.207178,0.683472,-0.664137,0.221054,0.572678,1.889243,-1.835796,0.285393,-0.01644,0.456798,-2.205823,-2.215732,-0.034141
2689,1774597109614,29.895018,284.263,-16.48,456.834,0.206987,0.683835,-0.663776,0.221194,0.572108,1.890107,-1.834664,0.284263,-0.01648,0.456834,-2.20587,-2.215903,-0.034507
2690,1774597109625,29.90613,283.71,-16.515,456.872,0.207234,0.683651,-0.663884,0.221209,0.572785,1.889581,-1.834948,0.28371,-0.016515,0.456872,-2.206075,-2.215854,-0.034826
2691,1774597109636,29.917241,283.189,-16.54,456.873,0.207131,0.683711,-0.66385,0.221221,0.572497,1.889736,-1.834842,0.283189,-0.01654,0.456873,-2.206112,-2.215897,-0.03491
2692,1774597109647,29.928352,282.684,-16.577,456.85,0.207192,0.6834,-0.664165,0.221182,0.572677,1.888914,-1.83575,0.282684,-0.016577,0.45685,-2.206126,-2.215916,-0.034876
2693,1774597109658,29.939463,281.758,-16.627,456.766,0.207204,0.683653,-0.663911,0.221149,0.572721,1.889648,-1.835081,0.281758,-0.016627,0.456766,-2.206094,-2.215864,-0.034615
2694,1774597109669,29.950574,280.882,-16.656,456.681,0.207047,0.683507,-0.664068,0.221277,0.572248,1.889118,-1.83539,0.280882,-0.016656,0.456681,-2.206055,-2.215883,-0.03428
2695,1774597109680,29.961686,280.457,-16.69,456.657,0.207156,0.68353,-0.664029,0.221223,0.572566,1.889234,-1.835333,0.280457,-0.01669,0.456657,-2.206072,-2.21585,-0.034251
2696,1774597109691,29.972797,280.054,-16.725,456.633,0.207157,0.683184,-0.664398,0.221183,0.57258,1.888318,-1.836393,0.280054,-0.016725,0.456633,-2.206168,-2.215792,-0.034214
2697,1774597109702,29.983908,279.314,-16.78,456.552,0.207034,0.683328,-0.66425,0.221297,0.572208,1.888601,-1.835874,0.279314,-0.01678,0.456552,-2.206163,-2.215685,-0.033949
2698,1774597109714,29.995019,278.951,-16.783,456.54,0.206924,0.683261,-0.664344,0.221324,0.571895,1.888389,-1.836107,0.278951,-0.016783,0.45654,-2.206071,-2.21586,-0.033884
2699,1774597109725,30.006131,278.597,-16.813,456.531,0.206909,0.683607,-0.66399,0.221332,0.57185,1.889338,-1.835122,0.278597,-0.016813,0.456531,-2.206116,-2.215884,-0.033872
2700,1774597109736,30.017242,277.911,-16.903,456.535,0.206961,0.683483,-0.664102,0.22133,0.571996,1.888997,-1.835432,0.277911,-0.016903,0.456535,-2.206148,-2.2159,-0.034078
2701,1774597109747,30.028353,277.585,-16.95,456.54,0.206997,0.683534,-0.664056,0.221277,0.572111,1.889191,-1.835355,0.277585,-0.01695,0.45654,-2.206109,-2.215945,-0.034134
2702,1774597109758,30.039464,276.981,-17.021,456.539,0.207031,0.683453,-0.664131,0.221271,0.572205,1.888972,-1.83557,0.276981,-0.017021,0.456539,-2.206089,-2.216094,-0.034296
2703,1774597109769,30.050576,276.714,-17.056,456.517,0.20712,0.683362,-0.664217,0.221211,0.572469,1.888781,-1.835864,0.276714,-0.017056,0.456517,-2.206028,-2.21614,-0.034201
2704,1774597109780,30.061687,276.435,-17.079,456.526,0.20711,0.683587,-0.664016,0.221125,0.572469,1.88949,-1.835394,0.276435,-0.017079,0.456526,-2.20599,-2.216293,-0.034289
2705,1774597109791,30.072798,275.949,-17.153,456.499,0.20692,0.683469,-0.664178,0.221182,0.571927,1.889105,-1.835787,0.275949,-0.017153,0.456499,-2.20595,-2.216362,-0.034189
2706,1774597109802,30.08391,275.704,-17.209,456.499,0.20688,0.683736,-0.663889,0.221263,0.571791,1.889765,-1.834908,0.275704,-0.017209,0.456499,-2.205982,-2.216346,-0.034347
2707,1774597109814,30.095021,275.267,-17.309,456.467,0.206924,0.683582,-0.66405,0.221216,0.571928,1.889384,-1.835399,0.275267,-0.017309,0.456467,-2.205931,-2.216353,-0.034287
2708,1774597109825,30.106132,275.072,-17.347,456.445,0.206853,0.683623,-0.664019,0.221248,0.57172,1.889464,-1.835283,0.275072,-0.017347,0.456445,-2.205985,-2.216275,-0.034159
2709,1774597109836,30.117244,274.885,-17.383,456.419,0.206797,0.683619,-0.664048,0.221224,0.571574,1.889479,-1.835387,0.274885,-0.017383,0.456419,-2.205868,-2.216397,-0.03405
2710,1774597109847,30.128355,274.492,-17.477,456.399,0.206691,0.683612,-0.664067,0.221289,0.571262,1.889394,-1.835374,0.274492,-0.017477,0.456399,-2.205895,-2.216508,-0.034063
2711,1774597109858,30.139467,274.324,-17.521,456.377,0.206772,0.68374,-0.663955,0.221151,0.571526,1.889888,-1.835201,0.274324,-0.017521,0.456377,-2.205858,-2.216525,-0.03403
2712,1774597109869,30.150578,274.035,-17.638,456.301,0.206756,0.683687,-0.663969,0.221291,0.571441,1.889601,-1.835102,0.274035,-0.017638,0.456301,-2.205765,-2.216457,-0.033699
2713,1774597109880,30.161689,273.869,-17.689,456.31,0.206768,0.683571,-0.664116,0.221196,0.571502,1.889376,-1.835601,0.273869,-0.017689,0.45631,-2.205815,-2.216511,-0.033832
2714,1774597109891,30.1728,273.726,-17.751,456.288,0.206757,0.683621,-0.664062,0.221216,0.571466,1.889491,-1.835431,0.273726,-0.017751,0.456288,-2.205691,-2.216547,-0.033853
2715,1774597109902,30.183912,273.452,-17.87,456.256,0.20662,0.683536,-0.664205,0.221176,0.571098,1.889299,-1.835865,0.273452,-0.01787,0.456256,-2.205647,-2.216611,-0.033736
2716,1774597109914,30.195023,273.324,-17.935,456.23,0.206603,0.68364,-0.664134,0.221084,0.571079,1.889677,-1.835759,0.273324,-0.017935,0.45623,-2.205574,-2.216697,-0.033726
2717,1774597109925,30.206134,273.214,-18.007,456.2,0.206762,0.683584,-0.664115,0.221165,0.571494,1.88944,-1.835629,0.273214,-0.018007,0.4562,-2.205493,-2.216695,-0.033663
2718,1774597109936,30.217245,272.984,-18.157,456.171,0.206501,0.683519,-0.664258,0.221183,0.570767,1.889243,-1.836006,0.272984,-0.018157,0.456171,-2.20546,-2.216716,-0.033542
2719,1774597109947,30.228356,272.869,-18.256,456.162,0.206652,0.683552,-0.664162,0.221224,0.571173,1.889295,-1.835701,0.272869,-0.018256,0.456162,-2.205552,-2.216623,-0.033586
2720,1774597109958,30.239503,272.869,-18.256,456.162,0.206647,0.683502,-0.664224,0.221197,0.571166,1.889183,-1.835898,0.272869,-0.018256,0.456162,-2.205552,-2.216623,-0.033586
2721,1774597109969,30.250614,272.668,-18.44,456.121,0.206669,0.6836,-0.664138,0.221131,0.571249,1.889521,-1.835726,0.272668,-0.01844,0.456121,-2.205533,-2.216634,-0.033561
2722,1774597109980,30.261725,272.467,-18.669,456.104,0.206664,0.683545,-0.664212,0.221087,0.571246,1.88941,-1.835972,0.272467,-0.018669,0.456104,-2.205547,-2.216623,-0.033596
2723,1774597109991,30.272837,272.286,-18.921,456.085,0.206648,0.683515,-0.664227,0.22115,0.571185,1.889265,-1.835953,0.272286,-0.018921,0.456085,-2.205588,-2.216639,-0.033623
2724,1774597110002,30.283948,272.286,-18.921,456.085,0.206614,0.683556,-0.664215,0.221089,0.571109,1.889439,-1.83598,0.272286,-0.018921,0.456085,-2.205588,-2.216639,-0.033623
2725,1774597110014,30.295059,272.201,-19.066,456.074,0.206583,0.683479,-0.664285,0.221145,0.571005,1.889171,-1.836118,0.272201,-0.019066,0.456074,-2.205477,-2.216714,-0.033655
2726,1774597110025,30.30617,272.033,-19.4,456.055,0.206694,0.683538,-0.664215,0.221071,0.571334,1.889409,-1.835995,0.272033,-0.0194,0.456055,-2.205603,-2.216628,-0.033667
2727,1774597110036,30.317282,272.033,-19.4,456.055,0.206662,0.683464,-0.664258,0.221199,0.571209,1.889074,-1.835991,0.272033,-0.0194,0.456055,-2.205603,-2.216628,-0.033667
2728,1774597110047,30.328393,271.888,-19.778,456.026,0.206613,0.683412,-0.664325,0.221205,0.571072,1.888925,-1.83617,0.271888,-0.019778,0.456026,-2.205598,-2.216649,-0.033607
2729,1774597110058,30.339504,271.746,-20.203,455.997,0.206559,0.683481,-0.664285,0.221161,0.570935,1.889162,-1.836103,0.271746,-0.020203,0.455997,-2.205636,-2.216606,-0.033576
2730,1774597110069,30.350615,271.632,-20.639,455.959,0.206595,0.68342,-0.664309,0.221243,0.57101,1.888911,-1.83609,0.271632,-0.020639,0.455959,-2.205643,-2.216609,-0.033393
2731,1774597110080,30.361727,271.515,-21.163,455.934,0.206492,0.683482,-0.664232,0.22138,0.570685,1.888946,-1.835743,0.271515,-0.021163,0.455934,-2.205819,-2.216412,-0.033349
2732,1774597110091,30.372838,271.469,-21.442,455.925,0.206487,0.683508,-0.664206,0.221382,0.57067,1.889016,-1.83567,0.271469,-0.021442,0.455925,-2.205873,-2.216358,-0.033301
2733,1774597110102,30.383949,271.367,-22.011,455.912,0.206511,0.683431,-0.664275,0.22139,0.570733,1.888795,-1.835854,0.271367,-0.022011,0.455912,-2.205961,-2.216312,-0.033261
2734,1774597110114,30.39506,271.314,-22.331,455.922,0.206466,0.683446,-0.664274,0.221387,0.570611,1.888839,-1.835854,0.271314,-0.022331,0.455922,-2.206009,-2.216307,-0.033354
2735,1774597110125,30.406172,271.281,-22.659,455.908,0.206501,0.683406,-0.664289,0.221437,0.570691,1.888677,-1.835846,0.271281,-0.022659,0.455908,-2.206042,-2.216232,-0.033284
2736,1774597110136,30.417283,271.207,-23.334,455.899,0.206602,0.683439,-0.664236,0.221398,0.570982,1.888809,-1.835737,0.271207,-0.023334,0.455899,-2.206061,-2.216114,-0.033376
2737,1774597110147,30.428394,271.173,-23.685,455.899,0.206516,0.683567,-0.664156,0.221324,0.570766,1.889237,-1.835587,0.271173,-0.023685,0.455899,-2.206046,-2.216153,-0.033414
2738,1774597110158,30.439505,271.135,-24.419,455.861,0.206485,0.6833,-0.664441,0.221325,0.570681,1.888496,-1.836374,0.271135,-0.024419,0.455861,-2.205925,-2.21621,-0.033213
2739,1774597110169,30.450617,271.105,-24.813,455.864,0.206529,0.683317,-0.664406,0.221336,0.5708,1.888531,-1.836266,0.271105,-0.024813,0.455864,-2.20591,-2.216168,-0.033273
2740,1774597110180,30.461728,271.08,-25.221,455.865,0.206502,0.683381,-0.664358,0.221307,0.570733,1.888738,-1.836161,0.27108,-0.025221,0.455865,-2.205898,-2.216178,-0.03328
2741,1774597110191,30.472839,271.06,-26.051,455.841,0.206442,0.683376,-0.66433,0.22146,0.570521,1.888571,-1.835937,0.27106,-0.026051,0.455841,-2.205798,-2.216179,-0.033242
2742,1774597110202,30.48395,271.045,-26.495,455.823,0.206606,0.683268,-0.664453,0.221271,0.571032,1.888463,-1.836461,0.271045,-0.026495,0.455823,-2.205755,-2.216132,-0.033214
2743,1774597110214,30.495061,271.002,-27.415,455.831,0.206678,0.683364,-0.664299,0.221372,0.571199,1.888627,-1.835936,0.271002,-0.027415,0.455831,-2.205946,-2.216003,-0.033405
2744,1774597110225,30.506173,270.996,-27.887,455.82,0.206657,0.683446,-0.664198,0.22144,0.57112,1.888787,-1.835591,0.270996,-0.027887,0.45582,-2.205894,-2.215922,-0.033359
2745,1774597110236,30.517284,270.974,-28.364,455.815,0.20652,0.683482,-0.664187,0.221489,0.570729,1.888835,-1.835514,0.270974,-0.028364,0.455815,-2.206001,-2.215894,-0.033449
2746,1774597110247,30.528395,270.952,-29.376,455.803,0.206718,0.683323,-0.664333,0.221358,0.571314,1.888527,-1.836044,0.270952,-0.029376,0.455803,-2.206002,-2.215758,-0.033557
2747,1774597110258,30.539506,270.944,-29.903,455.78,0.206675,0.683281,-0.664361,0.221444,0.571169,1.888325,-1.836037,0.270944,-0.029903,0.45578,-2.206081,-2.215672,-0.033485
2748,1774597110269,30.550618,270.933,-30.974,455.776,0.206704,0.683251,-0.6644,0.221393,0.571266,1.888294,-1.836194,0.270933,-0.030974,0.455776,-2.206157,-2.215505,-0.033631
2749,1774597110280,30.561729,270.942,-31.517,455.769,0.206857,0.683155,-0.664471,0.221334,0.571705,1.888086,-1.836448,0.270942,-0.031517,0.455769,-2.206073,-2.215522,-0.033591
2750,1774597110291,30.57284,270.942,-32.078,455.777,0.206902,0.683588,-0.664058,0.221194,0.571872,1.889423,-1.835441,0.270942,-0.032078,0.455777,-2.206119,-2.215539,-0.033664
2751,1774597110302,30.583952,270.963,-33.26,455.757,0.206834,0.683142,-0.664472,0.22139,0.571626,1.887995,-1.836397,0.270963,-0.03326,0.455757,-2.206065,-2.215344,-0.033732
2752,1774597110314,30.595063,270.96,-33.852,455.769,0.206576,0.683399,-0.66425,0.221506,0.570878,1.888589,-1.835671,0.27096,-0.033852,0.455769,-2.205988,-2.215503,-0.033836
2753,1774597110325,30.606174,270.991,-34.474,455.753,0.206962,0.6837,-0.663898,0.221273,0.572015,1.889654,-1.834924,0.270991,-0.034474,0.455753,-2.205991,-2.215394,-0.033776
2754,1774597110336,30.617285,270.987,-35.768,455.772,0.206831,0.683571,-0.664067,0.221284,0.57165,1.889288,-1.83538,0.270987,-0.035768,0.455772,-2.205967,-2.215444,-0.034041
2755,1774597110347,30.628396,271.005,-36.432,455.775,0.206986,0.683345,-0.664301,0.221133,0.572122,1.888813,-1.836174,0.271005,-0.036432,0.455775,-2.20592,-2.215313,-0.034109
2756,1774597110358,30.639508,271.02,-37.768,455.812,0.206697,0.683164,-0.664517,0.221315,0.571271,1.888132,-1.836594,0.27102,-0.037768,0.455812,-2.205842,-2.21544,-0.03432
2757,1774597110369,30.650619,271.036,-38.466,455.828,0.207008,0.683248,-0.664384,0.221165,0.572174,1.888513,-1.836371,0.271036,-0.038466,0.455828,-2.205895,-2.215304,-0.034418
2758,1774597110380,30.66173,271.031,-39.169,455.861,0.207055,0.683569,-0.664114,0.22094,0.572372,1.889625,-1.835843,0.271031,-0.039169,0.455861,-2.205946,-2.215272,-0.034605
2759,1774597110391,30.672841,271.074,-40.588,455.865,0.207165,0.683133,-0.66449,0.221056,0.572641,1.888303,-1.83677,0.271074,-0.040588,0.455865,-2.205996,-2.215177,-0.034559
2760,1774597110402,30.683953,271.086,-41.318,455.876,0.207026,0.683343,-0.664339,0.220991,0.572277,1.888948,-1.836415,0.271086,-0.041318,0.455876,-2.205918,-2.215227,-0.034601
2761,1774597110414,30.695064,271.104,-42.792,455.91,0.206985,0.683171,-0.66452,0.221015,0.572158,1.888448,-1.836894,0.271104,-0.042792,0.45591,-2.205829,-2.215416,-0.034674
2762,1774597110425,30.706175,271.122,-43.571,455.909,0.207091,0.683447,-0.664226,0.220948,0.572468,1.889279,-1.836144,0.271122,-0.043571,0.455909,-2.205814,-2.215397,-0.034807
2763,1774597110436,30.717287,271.143,-44.353,455.908,0.207045,0.683372,-0.664273,0.221081,0.572301,1.888939,-1.836146,0.271143,-0.044353,0.455908,-2.20581,-2.215305,-0.034744
2764,1774597110447,30.728398,271.167,-45.961,455.935,0.207005,0.683442,-0.664205,0.221106,0.572184,1.889107,-1.835934,0.271167,-0.045961,0.455935,-2.205912,-2.215289,-0.034916
2765,1774597110458,30.739509,271.189,-46.79,455.935,0.207266,0.683212,-0.664427,0.220904,0.572966,1.888674,-1.836744,0.271189,-0.04679,0.455935,-2.206046,-2.215097,-0.034877
2766,1774597110469,30.75062,271.237,-48.48,455.934,0.207124,0.683548,-0.66407,0.221074,0.572522,1.889433,-1.835592,0.271237,-0.04848,0.455934,-2.206145,-2.214943,-0.034949
2767,1774597110480,30.761732,271.284,-49.32,455.92,0.207258,0.683197,-0.664392,0.221067,0.572895,1.888469,-1.836488,0.271284,-0.04932,0.45592,-2.206066,-2.214856,-0.034891
2768,1774597110491,30.772843,271.309,-50.166,455.915,0.206963,0.683625,-0.664061,0.221013,0.572096,1.889707,-1.835625,0.271309,-0.050166,0.455915,-2.206026,-2.214937,-0.034846
2769,1774597110502,30.783954,271.364,-51.936,455.925,0.207229,0.683321,-0.664353,0.220825,0.572889,1.889053,-1.836616,0.271364,-0.051936,0.455925,-2.205715,-2.215088,-0.034961
2770,1774597110514,30.79507,271.385,-52.842,455.936,0.207143,0.683312,-0.664364,0.2209,0.572629,1.888953,-1.836574,0.271385,-0.052842,0.455936,-2.205717,-2.215105,-0.034868
2771,1774597110525,30.806181,271.419,-53.762,455.93,0.207136,0.68338,-0.664292,0.220916,0.572605,1.889125,-1.836359,0.271419,-0.053762,0.45593,-2.205553,-2.215142,-0.034762
2772,1774597110536,30.817292,271.46,-55.629,455.992,0.207024,0.683144,-0.664467,0.221222,0.572202,1.888168,-1.836545,0.27146,-0.055629,0.455992,-2.205681,-2.215013,-0.034758
2773,1774597110547,30.828404,271.486,-56.569,455.991,0.207239,0.683384,-0.664214,0.221041,0.572849,1.889013,-1.836021,0.271486,-0.056569,0.455991,-2.205661,-2.214823,-0.034652
2774,1774597110558,30.839515,271.523,-58.467,456.053,0.207121,0.683056,-0.664563,0.221115,0.572503,1.88803,-1.836915,0.271523,-0.058467,0.456053,-2.205578,-2.214929,-0.03454
2775,1774597110569,30.850626,271.522,-59.451,456.098,0.207047,0.683008,-0.664619,0.221164,0.572284,1.887849,-1.837023,0.271522,-0.059451,0.456098,-2.205553,-2.214948,-0.034643
2776,1774597110580,30.861738,271.523,-60.456,456.152,0.207245,0.683226,-0.664415,0.220921,0.572903,1.888695,-1.836693,0.271523,-0.060456,0.456152,-2.205604,-2.214835,-0.034855
2777,1774597110591,30.872849,271.546,-62.455,456.21,0.207189,0.683018,-0.664556,0.221192,0.572667,1.887849,-1.83682,0.271546,-0.062455,0.45621,-2.205754,-2.21475,-0.034833
2778,1774597110602,30.88396,271.585,-63.474,456.221,0.207357,0.683167,-0.664394,0.22106,0.573171,1.888393,-1.8365,0.271585,-0.063474,0.456221,-2.205723,-2.214627,-0.034848
2779,1774597110614,30.895071,271.651,-65.513,456.252,0.207365,0.683344,-0.664228,0.221001,0.573212,1.888941,-1.8361,0.271651,-0.065513,0.456252,-2.205774,-2.21463,-0.03483
2780,1774597110625,30.906182,271.661,-66.561,456.295,0.207473,0.683084,-0.66456,0.220706,0.5736,1.888516,-1.837304,0.271661,-0.066561,0.456295,-2.205663,-2.21467,-0.035077
2781,1774597110636,30.917294,271.7,-67.624,456.28,0.207027,0.682995,-0.664652,0.221125,0.57224,1.887853,-1.837151,0.2717,-0.067624,0.45628,-2.205697,-2.214638,-0.035
2782,1774597110647,30.928405,271.765,-69.776,456.308,0.207161,0.683104,-0.664545,0.220984,0.572651,1.888294,-1.836992,0.271765,-0.069776,0.456308,-2.205453,-2.214823,-0.035206
2783,1774597110658,30.939516,271.762,-70.879,456.356,0.20711,0.683318,-0.664319,0.221048,0.572492,1.888822,-1.836305,0.271762,-0.070879,0.456356,-2.205584,-2.21492,-0.035478
2784,1774597110669,30.950627,271.844,-73.077,456.357,0.207172,0.683588,-0.664031,0.221021,0.572672,1.889596,-1.835535,0.271844,-0.073077,0.456357,-2.205636,-2.214766,-0.035733
2785,1774597110680,30.961739,271.877,-74.165,456.366,0.207093,0.683191,-0.66443,0.221123,0.572422,1.888397,-1.836541,0.271877,-0.074165,0.456366,-2.205631,-2.214908,-0.035757
2786,1774597110691,30.97285,271.947,-75.257,456.33,0.207264,0.683469,-0.664221,0.220729,0.573015,1.889559,-1.836345,0.271947,-0.075257,0.45633,-2.205412,-2.214912,-0.035693
2787,1774597110702,30.983961,272.086,-77.482,456.267,0.207198,0.683033,-0.66461,0.220972,0.572759,1.88811,-1.837186,0.272086,-0.077482,0.456267,-2.205294,-2.214843,-0.035584
2788,1774597110714,30.995072,272.138,-78.649,456.248,0.207551,0.683169,-0.664464,0.220661,0.57383,1.888796,-1.837081,0.272138,-0.078649,0.456248,-2.205288,-2.214665,-0.035692
2789,1774597110725,31.006183,272.187,-79.798,456.234,0.207406,0.683347,-0.664222,0.220975,0.573333,1.888975,-1.836108,0.272187,-0.079798,0.456234,-2.205431,-2.214474,-0.035597
2790,1774597110736,31.017294,272.29,-82.068,456.266,0.207597,0.683422,-0.664147,0.220787,0.573918,1.889371,-1.836083,0.27229,-0.082068,0.456266,-2.205492,-2.214434,-0.036006
2791,1774597110747,31.028406,272.358,-83.191,456.246,0.207286,0.68325,-0.664433,0.220748,0.573069,1.888934,-1.836913,0.272358,-0.083191,0.456246,-2.20531,-2.214529,-0.035915
2792,1774597110758,31.039517,272.489,-85.511,456.21,0.207509,0.683371,-0.664324,0.220494,0.573762,1.889523,-1.836859,0.272489,-0.085511,0.45621,-2.205134,-2.21448,-0.035904
2793,1774597110769,31.050629,272.549,-86.673,456.186,0.20737,0.683314,-0.664381,0.220629,0.573337,1.889231,-1.836885,0.272549,-0.086673,0.456186,-2.2051,-2.214481,-0.035797
2794,1774597110780,31.06174,272.625,-87.866,456.138,0.20767,0.683334,-0.664237,0.22072,0.574139,1.889194,-1.836398,0.272625,-0.087866,0.456138,-2.205172,-2.214163,-0.035644
2795,1774597110791,31.072851,272.746,-90.176,456.159,0.207497,0.683229,-0.66436,0.220836,0.573625,1.888788,-1.836625,0.272746,-0.090176,0.456159,-2.20525,-2.214158,-0.035691
2796,1774597110802,31.083962,272.787,-91.33,456.17,0.207466,0.683316,-0.664335,0.220672,0.57359,1.889193,-1.836714,0.272787,-0.09133,0.45617,-2.205157,-2.214213,-0.035878
2797,1774597110814,31.095074,272.899,-93.616,456.207,0.207457,0.683385,-0.664273,0.220656,0.57357,1.889398,-1.836559,0.272899,-0.093616,0.456207,-2.205142,-2.214434,-0.035948
2798,1774597110825,31.106185,272.944,-94.772,456.23,0.207571,0.683543,-0.664104,0.220566,0.573913,1.889927,-1.836179,0.272944,-0.094772,0.45623,-2.205236,-2.214383,-0.036064
2799,1774597110836,31.117296,273.008,-95.908,456.251,0.207521,0.683438,-0.664147,0.22081,0.573701,1.889391,-1.836061,0.273008,-0.095908,0.456251,-2.20525,-2.214381,-0.036114
2800,1774597110847,31.128408,273.116,-98.177,456.276,0.207522,0.68331,-0.664275,0.220817,0.5737,1.889031,-1.836409,0.273116,-0.098177,0.456276,-2.205477,-2.214338,-0.036012
2801,1774597110858,31.139519,273.173,-99.31,456.281,0.207668,0.683568,-0.664047,0.220567,0.574181,1.889995,-1.836022,0.273173,-0.09931,0.456281,-2.205509,-2.214274,-0.036006
2802,1774597110869,31.15063,273.204,-100.443,456.309,0.207595,0.683338,-0.664328,0.220505,0.573997,1.88942,-1.836856,0.273204,-0.100443,0.456309,-2.205555,-2.214334,-0.036114
2803,1774597110880,31.161742,273.289,-102.657,456.294,0.207458,0.683347,-0.664347,0.220549,0.573606,1.889401,-1.836866,0.273289,-0.102657,0.456294,-2.205417,-2.214554,-0.035776
2804,1774597110891,31.172853,273.355,-103.776,456.269,0.207554,0.683351,-0.664314,0.220544,0.573873,1.889416,-1.836782,0.273355,-0.103776,0.456269,-2.205332,-2.214474,-0.0355
2805,1774597110902,31.183965,273.378,-106.001,456.278,0.207668,0.683306,-0.664291,0.220647,0.574157,1.889188,-1.836617,0.273378,-0.106001,0.456278,-2.205514,-2.214306,-0.035462
2806,1774597110914,31.195076,273.412,-107.082,456.277,0.207785,0.683253,-0.664374,0.220451,0.57454,1.88924,-1.837036,0.273412,-0.107082,0.456277,-2.20547,-2.21427,-0.03533
2807,1774597110925,31.206187,273.445,-108.156,456.258,0.2076,0.683041,-0.66462,0.220539,0.573999,1.888565,-1.837632,0.273445,-0.108156,0.456258,-2.205334,-2.214326,-0.035141
2808,1774597110936,31.217302,273.429,-110.307,456.318,0.207502,0.683239,-0.664426,0.220602,0.573712,1.88905,-1.837033,0.273429,-0.110307,0.456318,-2.205433,-2.214449,-0.035164
2809,1774597110947,31.228414,273.399,-111.387,456.347,0.207651,0.683384,-0.664239,0.220577,0.574131,1.889475,-1.836542,0.273399,-0.111387,0.456347,-2.205477,-2.214376,-0.035289
2810,1774597110958,31.239525,273.357,-113.536,456.405,0.207675,0.683537,-0.66403,0.220709,0.574155,1.889767,-1.835835,0.273357,-0.113536,0.456405,-2.205509,-2.214566,-0.035387
2811,1774597110969,31.250636,273.354,-114.574,456.43,0.207521,0.683681,-0.663951,0.220648,0.573751,1.890225,-1.835675,0.273354,-0.114574,0.45643,-2.205507,-2.214551,-0.035471
2812,1774597110980,31.261747,273.357,-115.6,456.416,0.207612,0.683356,-0.664247,0.220675,0.573994,1.8893,-1.836468,0.273357,-0.1156,0.456416,-2.205529,-2.214479,-0.035493
2813,1774597110991,31.272859,273.413,-117.59,456.396,0.207509,0.68354,-0.664087,0.220685,0.573705,1.889797,-1.836017,0.273413,-0.11759,0.456396,-2.205191,-2.21466,-0.035213
2814,1774597111002,31.28397,273.402,-118.619,456.393,0.207645,0.683545,-0.664067,0.2206,0.574106,1.889897,-1.836044,0.273402,-0.118619,0.456393,-2.205228,-2.214632,-0.035275
2815,1774597111014,31.295081,273.391,-120.62,456.415,0.207404,0.683153,-0.664485,0.220781,0.573384,1.888634,-1.837024,0.273391,-0.12062,0.456415,-2.20522,-2.214699,-0.035213
2816,1774597111025,31.306193,273.359,-121.685,456.403,0.207425,0.683612,-0.663973,0.220883,0.573413,1.889799,-1.835509,0.273359,-0.121685,0.456403,-2.205528,-2.214331,-0.035229
2817,1774597111036,31.317304,273.359,-122.667,456.406,0.207474,0.683709,-0.663965,0.220563,0.573645,1.890387,-1.835798,0.273359,-0.122667,0.456406,-2.205545,-2.214283,-0.035255
2818,1774597111047,31.328415,273.422,-124.559,456.379,0.207274,0.683787,-0.663928,0.220619,0.573076,1.890548,-1.835641,0.273422,-0.124559,0.456379,-2.205399,-2.214422,-0.035106
2819,1774597111058,31.339527,273.446,-125.503,456.366,0.207455,0.683666,-0.664091,0.220333,0.573662,1.890498,-1.83637,0.273446,-0.125503,0.456366,-2.205209,-2.214481,-0.035057
2820,1774597111069,31.350638,273.476,-126.438,456.342,0.207287,0.683717,-0.664033,0.220505,0.573147,1.890469,-1.836043,0.273476,-0.126438,0.456342,-2.205124,-2.214566,-0.035015
2821,1774597111080,31.361749,273.482,-128.311,456.362,0.207288,0.683812,-0.663887,0.22065,0.573103,1.890587,-1.835498,0.273482,-0.128311,0.456362,-2.205212,-2.214625,-0.034932
2822,1774597111091,31.372861,273.439,-129.285,456.388,0.207406,0.683784,-0.663854,0.220726,0.573408,1.890433,-1.835331,0.273439,-0.129285,0.456388,-2.205395,-2.214593,-0.035297
2823,1774597111102,31.383972,273.474,-131.108,456.385,0.207505,0.683646,-0.664008,0.220597,0.573721,1.89018,-1.835883,0.273474,-0.131108,0.456385,-2.205465,-2.214503,-0.035308
2824,1774597111114,31.395083,273.494,-132.01,456.36,0.207427,0.684023,-0.663679,0.220492,0.573537,1.891328,-1.835076,0.273494,-0.13201,0.45636,-2.205463,-2.214438,-0.03541
2825,1774597111125,31.406194,273.534,-132.881,456.342,0.207496,0.683553,-0.664135,0.220514,0.57372,1.890005,-1.836316,0.273534,-0.132881,0.456342,-2.205461,-2.21434,-0.035305
2826,1774597111136,31.417306,273.548,-134.583,456.321,0.207497,0.683571,-0.664146,0.220419,0.573754,1.890151,-1.836439,0.273548,-0.134583,0.456321,-2.205428,-2.214442,-0.035314
2827,1774597111147,31.428417,273.542,-135.443,456.33,0.207482,0.683722,-0.664042,0.220279,0.573753,1.890708,-1.836287,0.273542,-0.135443,0.45633,-2.205367,-2.214451,-0.035511
2828,1774597111158,31.439528,273.527,-137.089,456.32,0.207412,0.683793,-0.663968,0.22035,0.573538,1.890833,-1.836012,0.273527,-0.137089,0.45632,-2.205262,-2.214694,-0.035514
2829,1774597111169,31.450639,273.536,-137.909,456.296,0.207535,0.684147,-0.663648,0.220101,0.573954,1.892059,-1.835368,0.273536,-0.137909,0.456296,-2.205078,-2.214712,-0.035604
2830,1774597111180,31.46175,273.511,-138.714,456.291,0.207394,0.683788,-0.663939,0.220469,0.573453,1.890699,-1.835818,0.273511,-0.138714,0.456291,-2.205235,-2.214701,-0.035696
2831,1774597111191,31.472862,273.53,-140.28,456.226,0.207554,0.683822,-0.663943,0.220203,0.573975,1.89106,-1.836085,0.27353,-0.14028,0.456226,-2.205076,-2.214514,-0.035584
2832,1774597111202,31.483973,273.522,-141.044,456.212,0.207518,0.683698,-0.664085,0.220193,0.573879,1.890726,-1.83649,0.273522,-0.141044,0.456212,-2.205069,-2.214442,-0.03557
2833,1774597111214,31.495084,273.499,-142.539,456.191,0.207559,0.6839,-0.663895,0.2201,0.57402,1.891379,-1.836054,0.273499,-0.142539,0.456191,-2.205164,-2.214331,-0.035581
2834,1774597111225,31.506196,273.486,-143.258,456.188,0.20747,0.683902,-0.663938,0.220045,0.573791,1.89144,-1.836226,0.273486,-0.143258,0.456188,-2.205007,-2.214454,-0.035612
2835,1774597111236,31.517307,273.469,-143.972,456.193,0.207497,0.683744,-0.664018,0.22027,0.573799,1.890778,-1.836228,0.273469,-0.143972,0.456193,-2.205014,-2.214453,-0.035656
2836,1774597111247,31.528418,273.452,-145.363,456.197,0.207512,0.683919,-0.663886,0.22011,0.573889,1.891423,-1.836019,0.273452,-0.145363,0.456197,-2.20494,-2.214545,-0.03573
2837,1774597111258,31.53953,273.434,-146.062,456.196,0.207581,0.683834,-0.66396,0.220089,0.574086,1.891206,-1.836242,0.273434,-0.146062,0.456196,-2.205006,-2.214469,-0.03574
2838,1774597111269,31.550641,273.424,-147.392,456.179,0.207568,0.683835,-0.663966,0.220077,0.574053,1.891222,-1.836273,0.273424,-0.147392,0.456179,-2.204856,-2.214487,-0.035904
2839,1774597111280,31.561752,273.426,-148.039,456.174,0.207519,0.683666,-0.664126,0.220169,0.573888,1.890662,-1.836625,0.273426,-0.148039,0.456174,-2.204884,-2.214451,-0.035848
2840,1774597111291,31.572863,273.42,-148.659,456.177,0.207475,0.683754,-0.66405,0.220163,0.573769,1.890912,-1.836422,0.27342,-0.148659,0.456177,-2.204899,-2.21446,-0.035896
2841,1774597111302,31.583975,273.406,-149.871,456.178,0.20758,0.683975,-0.66386,0.219952,0.574122,1.891735,-1.836099,0.273406,-0.149871,0.456178,-2.204832,-2.214484,-0.036057
2842,1774597111314,31.595086,273.394,-150.458,456.193,0.207474,0.683994,-0.663821,0.220112,0.573781,1.891626,-1.835838,0.273394,-0.150458,0.456193,-2.204947,-2.214458,-0.036046
2843,1774597111325,31.606198,273.383,-151.045,456.182,0.207553,0.68392,-0.663882,0.220083,0.574009,1.89145,-1.836033,0.273383,-0.151045,0.456182,-2.205041,-2.21436,-0.036075
2844,1774597111336,31.617309,273.375,-152.164,456.183,0.207562,0.684014,-0.663825,0.219956,0.574072,1.891837,-1.835998,0.273375,-0.152164,0.456183,-2.204924,-2.214468,-0.036249
2845,1774597111347,31.62842,273.363,-152.684,456.205,0.207536,0.684079,-0.663786,0.219894,0.574019,1.892081,-1.835951,0.273363,-0.152684,0.456205,-2.204871,-2.214676,-0.036318
2846,1774597111358,31.639532,273.374,-153.753,456.174,0.207527,0.684104,-0.663756,0.219914,0.573989,1.892129,-1.835849,0.273374,-0.153753,0.456174,-2.20474,-2.214688,-0.036404
2847,1774597111369,31.650643,273.372,-154.255,456.183,0.20762,0.684011,-0.663804,0.219972,0.574228,1.891813,-1.835927,0.273372,-0.154255,0.456183,-2.20482,-2.214655,-0.036389
2848,1774597111380,31.661754,273.371,-154.752,456.169,0.207617,0.68393,-0.663886,0.219977,0.574219,1.891586,-1.836148,0.273371,-0.154752,0.456169,-2.204815,-2.214696,-0.036387
2849,1774597111391,31.672866,273.384,-155.697,456.146,0.207592,0.683957,-0.663893,0.219898,0.574173,1.891739,-1.836244,0.273384,-0.155697,0.456146,-2.204715,-2.21474,-0.036352
2850,1774597111402,31.683977,273.395,-156.152,456.135,0.207491,0.684012,-0.663843,0.219973,0.57387,1.891817,-1.836033,0.273395,-0.156152,0.456135,-2.204672,-2.214771,-0.036384
2851,1774597111414,31.695088,273.414,-156.98,456.123,0.207534,0.684003,-0.663873,0.219869,0.574021,1.891895,-1.836217,0.273414,-0.15698,0.456123,-2.204583,-2.214852,-0.036331
2852,1774597111425,31.706202,273.396,-157.398,456.137,0.207539,0.684031,-0.663827,0.219918,0.574021,1.891923,-1.836041,0.273396,-0.157398,0.456137,-2.204683,-2.214872,-0.036455
2853,1774597111436,31.717313,273.422,-157.778,456.126,0.207565,0.683956,-0.66389,0.219935,0.574086,1.891698,-1.836201,0.273422,-0.157778,0.456126,-2.204708,-2.214836,-0.036426
2854,1774597111447,31.728425,273.428,-158.529,456.138,0.207554,0.683979,-0.663842,0.220019,0.574031,1.891677,-1.835985,0.273428,-0.158529,0.456138,-2.204807,-2.214796,-0.036557
2855,1774597111458,31.739536,273.457,-158.871,456.116,0.207474,0.684034,-0.663844,0.219918,0.573841,1.89193,-1.836089,0.273457,-0.158871,0.456116,-2.204684,-2.214851,-0.036485
2856,1774597111469,31.750647,273.497,-159.526,456.113,0.207543,0.683956,-0.663881,0.219981,0.574013,1.891653,-1.83613,0.273497,-0.159526,0.456113,-2.204754,-2.214807,-0.036505
2857,1774597111480,31.761759,273.509,-159.83,456.122,0.207405,0.684057,-0.663847,0.2199,0.573656,1.892014,-1.836114,0.273509,-0.15983,0.456122,-2.204757,-2.214861,-0.036587
2858,1774597111491,31.77287,273.544,-160.128,456.109,0.207527,0.683962,-0.663854,0.220063,0.573943,1.891586,-1.835974,0.273544,-0.160128,0.456109,-2.204723,-2.214849,-0.036609
2859,1774597111502,31.783981,273.593,-160.705,456.085,0.207548,0.684009,-0.663793,0.220078,0.573996,1.891703,-1.835792,0.273593,-0.160705,0.456085,-2.204827,-2.214705,-0.036539
2860,1774597111514,31.795092,273.623,-160.955,456.09,0.207499,0.683995,-0.663801,0.220142,0.573842,1.891601,-1.835754,0.273623,-0.160955,0.45609,-2.204811,-2.214792,-0.036566
2861,1774597111525,31.806204,273.654,-161.204,456.101,0.207526,0.68389,-0.663902,0.22014,0.573918,1.891311,-1.836033,0.273654,-0.161204,0.456101,-2.204821,-2.214853,-0.036595
2862,1774597111536,31.817315,273.736,-161.681,456.064,0.20753,0.684015,-0.663785,0.220101,0.57394,1.891697,-1.835749,0.273736,-0.161681,0.456064,-2.20474,-2.214816,-0.03654
2863,1774597111547,31.828426,273.761,-161.917,456.073,0.207551,0.683997,-0.663765,0.220197,0.573968,1.891551,-1.835599,0.273761,-0.161917,0.456073,-2.204818,-2.214786,-0.036576
2864,1774597111558,31.839537,273.82,-162.331,456.103,0.207621,0.684076,-0.66367,0.220172,0.574171,1.891793,-1.835362,0.27382,-0.162331,0.456103,-2.204898,-2.214864,-0.036702
2865,1774597111569,31.850648,273.871,-162.532,456.085,0.2076,0.684031,-0.663693,0.220264,0.574083,1.891577,-1.835336,0.273871,-0.162532,0.456085,-2.20497,-2.214772,-0.036617
2866,1774597111580,31.86176,273.885,-162.736,456.112,0.20759,0.684017,-0.663716,0.220246,0.574063,1.891556,-1.835416,0.273885,-0.162736,0.456112,-2.205153,-2.214719,-0.036747
2867,1774597111591,31.872871,274.004,-163.076,456.099,0.20759,0.683961,-0.66379,0.220197,0.574078,1.891451,-1.835669,0.274004,-0.163076,0.456099,-2.205061,-2.214831,-0.036697
2868,1774597111602,31.883982,274.062,-163.256,456.091,0.207642,0.683983,-0.663759,0.220171,0.574229,1.891538,-1.83561,0.274062,-0.163256,0.456091,-2.205064,-2.214752,-0.036664
2869,1774597111614,31.895093,274.184,-163.585,456.085,0.207608,0.68393,-0.66381,0.220216,0.574122,1.891346,-1.835705,0.274184,-0.163585,0.456085,-2.20515,-2.214674,-0.036635
2870,1774597111625,31.906205,274.246,-163.746,456.098,0.207617,0.683967,-0.663745,0.220288,0.574124,1.891375,-1.835457,0.274246,-0.163746,0.456098,-2.205169,-2.214695,-0.03674
2871,1774597111636,31.917316,274.305,-163.88,456.12,0.207607,0.684004,-0.663713,0.220282,0.574097,1.891484,-1.835373,0.274305,-0.16388,0.45612,-2.205195,-2.214797,-0.036708
2872,1774597111647,31.928427,274.457,-164.174,456.123,0.207619,0.684029,-0.663686,0.220271,0.574134,1.891565,-1.835309,0.274457,-0.164174,0.456123,-2.205227,-2.214774,-0.036773
2873,1774597111658,31.939538,274.545,-164.322,456.123,0.207669,0.684054,-0.663627,0.220325,0.574258,1.891581,-1.835093,0.274545,-0.164322,0.456123,-2.205292,-2.21473,-0.036749
2874,1774597111669,31.950649,274.755,-164.572,456.099,0.207694,0.683976,-0.663711,0.220292,0.574336,1.891396,-1.835359,0.274755,-0.164572,0.456099,-2.205327,-2.214627,-0.036644
2875,1774597111680,31.961761,274.872,-164.695,456.087,0.207707,0.683968,-0.663721,0.220272,0.574377,1.891395,-1.835406,0.274872,-0.164695,0.456087,-2.205305,-2.214574,-0.036572
2876,1774597111691,31.972872,274.987,-164.819,456.093,0.207772,0.683922,-0.663772,0.220201,0.574579,1.891338,-1.835614,0.274987,-0.164819,0.456093,-2.205358,-2.214547,-0.0366
2877,1774597111702,31.983983,275.231,-165.041,456.112,0.207662,0.683835,-0.663875,0.220266,0.574256,1.891032,-1.835837,0.275231,-0.165041,0.456112,-2.205424,-2.21453,-0.036566
2878,1774597111714,31.995094,275.381,-165.125,456.122,0.207649,0.683896,-0.663832,0.220217,0.574233,1.891252,-1.835766,0.275381,-0.165125,0.456122,-2.205361,-2.214679,-0.036595
2879,1774597111725,32.006206,275.533,-165.232,456.121,0.207631,0.683951,-0.663759,0.220282,0.574165,1.891339,-1.835501,0.275533,-0.165232,0.456121,-2.205302,-2.214642,-0.036553
2880,1774597111736,32.017317,275.864,-165.435,456.117,0.207678,0.683995,-0.663699,0.220284,0.574294,1.891457,-1.835333,0.275864,-0.165435,0.456117,-2.205369,-2.214601,-0.036524
2881,1774597111747,32.028428,276.045,-165.526,456.114,0.207736,0.683875,-0.663822,0.220229,0.574472,1.891179,-1.835727,0.276045,-0.165526,0.456114,-2.205313,-2.214567,-0.036442
2882,1774597111758,32.03954,276.397,-165.702,456.13,0.20752,0.684132,-0.663548,0.220462,0.573803,1.891658,-1.834741,0.276397,-0.165702,0.45613,-2.205407,-2.214556,-0.036482
2883,1774597111769,32.050651,276.6,-165.786,456.138,0.207646,0.683949,-0.663731,0.220357,0.574182,1.891258,-1.835351,0.2766,-0.165786,0.456138,-2.205364,-2.214508,-0.0364
2884,1774597111780,32.061762,276.791,-165.856,456.166,0.20757,0.684057,-0.663631,0.220397,0.573962,1.891515,-1.835035,0.276791,-0.165856,0.456166,-2.205434,-2.214607,-0.036497
2885,1774597111791,32.072873,277.236,-165.984,456.206,0.207727,0.683805,-0.663885,0.220266,0.574435,1.890949,-1.835864,0.277236,-0.165984,0.456206,-2.20549,-2.214636,-0.036496
2886,1774597111802,32.083985,277.455,-166.057,456.221,0.207441,0.684279,-0.663409,0.220497,0.573574,1.89203,-1.834324,0.277455,-0.166057,0.456221,-2.205525,-2.214697,-0.036512
2887,1774597111814,32.095096,277.968,-166.167,456.266,0.207746,0.683773,-0.663886,0.220347,0.574464,1.89078,-1.835788,0.277968,-0.166167,0.456266,-2.205659,-2.214726,-0.036552
2888,1774597111825,32.106207,278.25,-166.222,456.277,0.207643,0.683756,-0.663935,0.220347,0.574178,1.890734,-1.835923,0.27825,-0.166222,0.456277,-2.205605,-2.214749,-0.036471
2889,1774597111836,32.117318,278.535,-166.274,456.294,0.207583,0.683895,-0.663791,0.220407,0.573995,1.891057,-1.835467,0.278535,-0.166274,0.456294,-2.205625,-2.214768,-0.036445
2890,1774597111847,32.12843,279.188,-166.36,456.326,0.207674,0.683748,-0.663952,0.220293,0.574281,1.890765,-1.836024,0.279188,-0.16636,0.456326,-2.205556,-2.214856,-0.036415
2891,1774597111858,32.139541,279.523,-166.422,456.318,0.20757,0.683789,-0.663894,0.220437,0.573949,1.890735,-1.835724,0.279523,-0.166422,0.456318,-2.205583,-2.214775,-0.03634
2892,1774597111869,32.150652,280.215,-166.513,456.351,0.20757,0.683909,-0.663753,0.220489,0.573933,1.891014,-1.835284,0.280215,-0.166513,0.456351,-2.205687,-2.214745,-0.036263
2893,1774597111880,32.161763,280.578,-166.565,456.358,0.207625,0.683832,-0.663846,0.220395,0.574114,1.890896,-1.835631,0.280578,-0.166565,0.456358,-2.205669,-2.214751,-0.036219
2894,1774597111891,32.172875,280.962,-166.603,456.384,0.207487,0.683901,-0.663787,0.220487,0.573704,1.890995,-1.83538,0.280962,-0.166603,0.456384,-2.205663,-2.214798,-0.036218
2895,1774597111902,32.183986,281.784,-166.681,456.388,0.207501,0.684027,-0.663638,0.220533,0.57373,1.891298,-1.834923,0.281784,-0.166681,0.456388,-2.205586,-2.214798,-0.036114
2896,1774597111914,32.195098,282.202,-166.704,456.404,0.207589,0.683786,-0.663891,0.220436,0.574001,1.890728,-1.835717,0.282202,-0.166704,0.456404,-2.205631,-2.214736,-0.036046
2897,1774597111925,32.206209,282.629,-166.755,456.426,0.207515,0.683838,-0.663885,0.220365,0.573817,1.890942,-1.835768,0.282629,-0.166755,0.456426,-2.2057,-2.214778,-0.036006
2898,1774597111936,32.21732,283.562,-166.822,456.428,0.2075,0.683701,-0.664005,0.220442,0.573755,1.890486,-1.836026,0.283562,-0.166822,0.456428,-2.205624,-2.214722,-0.035858
2899,1774597111947,32.228431,284.04,-166.86,456.417,0.207458,0.683785,-0.663956,0.220368,0.573659,1.890793,-1.835961,0.28404,-0.16686,0.456417,-2.205474,-2.214756,-0.035778
2900,1774597111958,32.239542,285.023,-166.901,456.463,0.207486,0.683877,-0.663878,0.220291,0.573759,1.891122,-1.835822,0.285023,-0.166901,0.456463,-2.205348,-2.214922,-0.03581
2901,1774597111969,32.250654,285.532,-166.913,456.472,0.20753,0.683917,-0.663799,0.220364,0.573859,1.891162,-1.835531,0.285532,-0.166913,0.456472,-2.205358,-2.214879,-0.035729
2902,1774597111980,32.261765,286.029,-166.927,456.519,0.207508,0.683972,-0.66376,0.22033,0.573808,1.891348,-1.835457,0.286029,-0.166927,0.456519,-2.20531,-2.215073,-0.035854
2903,1774597111991,32.272876,287.07,-166.967,456.609,0.207564,0.683943,-0.663797,0.220257,0.573986,1.891341,-1.83563,0.28707,-0.166967,0.456609,-2.205436,-2.215288,-0.036097
2904,1774597112002,32.283988,287.646,-166.994,456.602,0.20753,0.68397,-0.663765,0.220301,0.573879,1.891373,-1.835499,0.287646,-0.166994,0.456602,-2.205445,-2.215218,-0.036062
2905,1774597112014,32.295099,288.808,-167.032,456.616,0.20756,0.683916,-0.663858,0.220159,0.574007,1.891365,-1.835894,0.288808,-0.167032,0.456616,-2.205384,-2.215265,-0.036049
2906,1774597112025,32.30621,289.41,-167.058,456.599,0.207578,0.683916,-0.663851,0.220165,0.574053,1.891357,-1.835868,0.28941,-0.167058,0.456599,-2.205373,-2.215199,-0.035978
2907,1774597112036,32.317321,290.023,-167.061,456.59,0.207569,0.684016,-0.663743,0.220187,0.574021,1.891614,-1.835548,0.290023,-0.167061,0.45659,-2.205333,-2.215156,-0.035882
2908,1774597112047,32.328433,291.299,-167.072,456.577,0.207665,0.683905,-0.663857,0.2201,0.574314,1.891392,-1.835948,0.291299,-0.167072,0.456577,-2.205272,-2.215151,-0.035853
2909,1774597112058,32.339544,291.95,-167.085,456.549,0.207636,0.683891,-0.663886,0.220082,0.57424,1.891371,-1.836047,0.29195,-0.167085,0.456549,-2.205144,-2.215127,-0.035767
2910,1774597112069,32.350655,293.288,-167.093,456.566,0.20769,0.683875,-0.663912,0.220005,0.574413,1.891404,-1.836192,0.293288,-0.167093,0.456566,-2.205029,-2.215173,-0.035805
2911,1774597112080,32.361766,293.943,-167.1,456.595,0.207572,0.683979,-0.663832,0.220029,0.574078,1.891669,-1.835949,0.293943,-0.1671,0.456595,-2.205078,-2.215201,-0.035877
2912,1774597112091,32.372877,294.618,-167.108,456.633,0.207449,0.684136,-0.663652,0.220203,0.573684,1.891928,-1.835282,0.294618,-0.167108,0.456633,-2.205174,-2.215221,-0.035957
2913,1774597112102,32.383988,296.04,-167.113,456.714,0.207478,0.684088,-0.663715,0.220135,0.573785,1.891864,-1.835521,0.29604,-0.167113,0.456714,-2.205282,-2.2154,-0.036342
2914,1774597112114,32.3951,296.796,-167.101,456.705,0.20756,0.684,-0.663807,0.220054,0.574037,1.8917,-1.835854,0.296796,-0.167101,0.456705,-2.205146,-2.215424,-0.036288
2915,1774597112125,32.406211,297.582,-167.104,456.678,0.207369,0.684023,-0.663824,0.220111,0.573493,1.891708,-1.835846,0.297582,-0.167104,0.456678,-2.205043,-2.215343,-0.036153
2916,1774597112136,32.417322,299.201,-167.11,456.619,0.207414,0.683922,-0.663951,0.219997,0.573652,1.891543,-1.836308,0.299201,-0.16711,0.456619,-2.204754,-2.215208,-0.035907
2917,1774597112147,32.428434,300.014,-167.111,456.612,0.20748,0.684009,-0.663844,0.219989,0.573835,1.891792,-1.836021,0.300014,-0.167111,0.456612,-2.204645,-2.215125,-0.035881
2918,1774597112158,32.439545,301.614,-167.128,456.704,0.20753,0.684197,-0.663643,0.219965,0.573981,1.892334,-1.835488,0.301614,-0.167128,0.456704,-2.204722,-2.215114,-0.036254
2919,1774597112169,32.450656,302.388,-167.11,456.805,0.207577,0.684317,-0.663528,0.219895,0.574132,1.892736,-1.835236,0.302388,-0.16711,0.456805,-2.204841,-2.215274,-0.036624
2920,1774597112180,32.461767,303.195,-167.095,456.864,0.207411,0.684405,-0.663454,0.219999,0.573642,1.892875,-1.834932,0.303195,-0.167095,0.456864,-2.204935,-2.215321,-0.036725
2921,1774597112191,32.472878,304.867,-167.105,456.916,0.207644,0.684324,-0.663543,0.219761,0.57436,1.892892,-1.835408,0.304867,-0.167105,0.456916,-2.204898,-2.215353,-0.037016
2922,1774597112202,32.48399,305.752,-167.099,456.873,0.207649,0.684231,-0.663627,0.219793,0.574362,1.892602,-1.835611,0.305752,-0.167099,0.456873,-2.204798,-2.215194,-0.036774
2923,1774597112214,32.495101,307.588,-167.089,456.831,0.207879,0.684093,-0.663775,0.219556,0.575072,1.892458,-1.836251,0.307588,-0.167089,0.456831,-2.204493,-2.215074,-0.036684
2924,1774597112225,32.506213,308.51,-167.085,456.832,0.20777,0.684174,-0.663707,0.219616,0.574752,1.89262,-1.836001,0.30851,-0.167085,0.456832,-2.204385,-2.215048,-0.03663
2925,1774597112236,32.517324,309.4,-167.078,456.908,0.207601,0.684491,-0.663381,0.219771,0.574238,1.893342,-1.83495,0.3094,-0.167078,0.456908,-2.20449,-2.215192,-0.036883
2926,1774597112247,32.528435,311.196,-167.087,457.026,0.207657,0.684624,-0.663218,0.219798,0.574383,1.893682,-1.834473,0.311196,-0.167087,0.457026,-2.204688,-2.215278,-0.037242
2927,1774597112258,32.539547,312.128,-167.075,457.054,0.20778,0.68435,-0.663513,0.219642,0.57477,1.893082,-1.835441,0.312128,-0.167075,0.457054,-2.204632,-2.215332,-0.037272
2928,1774597112269,32.550658,314.104,-167.089,457.041,0.207607,0.684598,-0.663246,0.219842,0.574233,1.893567,-1.834508,0.314104,-0.167089,0.457041,-2.204577,-2.215176,-0.037116
2929,1774597112280,32.561769,315.005,-167.052,457.168,0.208011,0.684031,-0.663843,0.219419,0.575479,1.892424,-1.836572,0.315005,-0.167052,0.457168,-2.204705,-2.215371,-0.037384
2930,1774597112291,32.57288,316.081,-167.058,457.104,0.207946,0.684057,-0.663828,0.219447,0.575289,1.892467,-1.836502,0.316081,-0.167058,0.457104,-2.204559,-2.215196,-0.037202
2931,1774597112302,32.583992,318.08,-167.026,457.21,0.207696,0.684341,-0.663609,0.219461,0.574595,1.893238,-1.835883,0.31808,-0.167026,0.45721,-2.204521,-2.215499,-0.037612
2932,1774597112314,32.595103,319.071,-167.025,457.21,0.207578,0.68444,-0.663497,0.219604,0.574225,1.893368,-1.835434,0.319071,-0.167025,0.45721,-2.204562,-2.215465,-0.037507
2933,1774597112325,32.606214,320.105,-167.026,457.192,0.207649,0.684616,-0.663274,0.219661,0.574402,1.893799,-1.834762,0.320105,-0.167026,0.457192,-2.204459,-2.215363,-0.037372
2934,1774597112336,32.617325,322.193,-167.046,457.251,0.207939,0.684254,-0.663632,0.219432,0.575276,1.893028,-1.835973,0.322193,-0.167046,0.457251,-2.204541,-2.215304,-0.037586
2935,1774597112347,32.628437,323.266,-167.034,457.259,0.207608,0.684754,-0.663169,0.219585,0.574312,1.894257,-1.834545,0.323266,-0.167034,0.457259,-2.20444,-2.215344,-0.037705
2936,1774597112358,32.639548,325.448,-166.972,457.289,0.207806,0.684561,-0.663385,0.219347,0.574933,1.893963,-1.835374,0.325448,-0.166972,0.457289,-2.204415,-2.215547,-0.037742
2937,1774597112369,32.650659,326.57,-166.963,457.235,0.207931,0.68422,-0.663756,0.219173,0.575332,1.893191,-1.836569,0.32657,-0.166963,0.457235,-2.204227,-2.215463,-0.037548
2938,1774597112380,32.66177,327.721,-166.962,457.171,0.207916,0.684348,-0.66363,0.219166,0.575292,1.893554,-1.836228,0.327721,-0.166962,0.457171,-2.204088,-2.215268,-0.037232
2939,1774597112391,32.672882,329.946,-166.95,457.271,0.208044,0.684084,-0.663878,0.21912,0.57566,1.892867,-1.836958,0.329946,-0.16695,0.457271,-2.204294,-2.215475,-0.037552
2940,1774597112402,32.683993,331.035,-166.941,457.351,0.207659,0.684491,-0.663466,0.219459,0.574492,1.893655,-1.835489,0.331035,-0.166941,0.457351,-2.204458,-2.215657,-0.037814
2941,1774597112414,32.695104,333.305,-166.929,457.403,0.207341,0.685097,-0.662853,0.219723,0.573531,1.895067,-1.833536,0.333305,-0.166929,0.457403,-2.204513,-2.21566,-0.038128
2942,1774597112425,32.706215,334.526,-166.938,457.334,0.207913,0.684303,-0.663699,0.219102,0.575304,1.893492,-1.83648,0.334526,-0.166938,0.457334,-2.204309,-2.215423,-0.037815
2943,1774597112436,32.717327,335.737,-166.911,457.294,0.207906,0.684395,-0.663631,0.219028,0.575306,1.89382,-1.836364,0.335737,-0.166911,0.457294,-2.204072,-2.215404,-0.037748
2944,1774597112447,32.728438,338.016,-166.879,457.382,0.207786,0.68449,-0.66352,0.21918,0.574929,1.89393,-1.83591,0.338016,-0.166879,0.457382,-2.204085,-2.215469,-0.038031
2945,1774597112458,32.739549,339.113,-166.882,457.467,0.207808,0.684862,-0.663098,0.219273,0.574961,1.894868,-1.834653,0.339113,-0.166882,0.457467,-2.204277,-2.215497,-0.038358
2946,1774597112469,32.75066,341.444,-166.886,457.49,0.208086,0.684586,-0.66337,0.219049,0.575799,1.89433,-1.835621,0.341444,-0.166886,0.45749,-2.204203,-2.215525,-0.038603
2947,1774597112480,32.761772,342.638,-166.88,457.455,0.208183,0.684606,-0.663378,0.218871,0.576121,1.894563,-1.835815,0.342638,-0.16688,0.457455,-2.204057,-2.215412,-0.038486
2948,1774597112491,32.772883,343.806,-166.844,457.444,0.208005,0.684612,-0.663459,0.218773,0.575658,1.894678,-1.836136,0.343806,-0.166844,0.457444,-2.203903,-2.215452,-0.038489
2949,1774597112502,32.783994,346.086,-166.789,457.454,0.208056,0.684523,-0.663553,0.21872,0.575816,1.894484,-1.836447,0.346086,-0.166789,0.457454,-2.203685,-2.215461,-0.038442
2950,1774597112514,32.795105,347.199,-166.78,457.51,0.208185,0.684512,-0.663543,0.21866,0.576192,1.894515,-1.836479,0.347199,-0.16678,0.45751,-2.203789,-2.21553,-0.038681
2951,1774597112525,32.806217,348.305,-166.774,457.587,0.208243,0.684713,-0.663322,0.218647,0.576354,1.895083,-1.83588,0.348305,-0.166774,0.457587,-2.203912,-2.215595,-0.038959
2952,1774597112536,32.817328,350.615,-166.737,457.546,0.207964,0.685068,-0.662988,0.218814,0.575533,1.895898,-1.834794,0.350615,-0.166737,0.457546,-2.20363,-2.215514,-0.038923
2953,1774597112547,32.828439,351.785,-166.723,457.482,0.208208,0.6848,-0.663295,0.21849,0.576305,1.895483,-1.835957,0.351785,-0.166723,0.457482,-2.203351,-2.215401,-0.038903
2954,1774597112558,32.839551,354.11,-166.66,457.424,0.208336,0.684286,-0.66384,0.218323,0.57671,1.894227,-1.837628,0.35411,-0.16666,0.457424,-2.203029,-2.215331,-0.038748
2955,1774597112569,32.850662,355.206,-166.652,457.464,0.208432,0.684553,-0.663554,0.218265,0.576995,1.895025,-1.836892,0.355206,-0.166652,0.457464,-2.203041,-2.215363,-0.039048
2956,1774597112580,32.861773,356.276,-166.626,457.538,0.207965,0.685112,-0.663008,0.218616,0.575595,1.89622,-1.83504,0.356276,-0.166626,0.457538,-2.20322,-2.215485,-0.039375
2957,1774597112591,32.872885,358.506,-166.578,457.534,0.20818,0.684686,-0.663486,0.218296,0.576287,1.89536,-1.836675,0.358506,-0.166578,0.457534,-2.203164,-2.215487,-0.039597
2958,1774597112602,32.883996,359.678,-166.58,457.468,0.208594,0.684445,-0.663723,0.217934,0.577543,1.895058,-1.837684,0.359678,-0.16658,0.457468,-2.203187,-2.215277,-0.039466
2959,1774597112614,32.895107,362.001,-166.508,457.359,0.208472,0.684503,-0.663711,0.217909,0.577214,1.895241,-1.837673,0.362001,-0.166508,0.457359,-2.202909,-2.215176,-0.039295
2960,1774597112625,32.906218,363.11,-166.453,457.371,0.208587,0.684312,-0.663963,0.217627,0.57762,1.894997,-1.838647,0.36311,-0.166453,0.457371,-2.202824,-2.215269,-0.03952
2961,1774597112636,32.91733,364.214,-166.415,457.398,0.208426,0.683839,-0.664482,0.217683,0.577157,1.893632,-1.840029,0.364214,-0.166415,0.457398,-2.202888,-2.215402,-0.039594
2962,1774597112647,32.928441,366.445,-166.398,457.412,0.208365,0.684914,-0.663315,0.217923,0.576915,1.896366,-1.836563,0.366445,-0.166398,0.457412,-2.202946,-2.215443,-0.039871
2963,1774597112658,32.939552,367.573,-166.384,457.341,0.208543,0.68463,-0.663591,0.217802,0.577444,1.895702,-1.837447,0.367573,-0.166384,0.457341,-2.20278,-2.21528,-0.039666
2964,1774597112669,32.950663,369.765,-166.362,457.266,0.208608,0.684599,-0.663602,0.217807,0.577623,1.895612,-1.83747,0.369765,-0.166362,0.457266,-2.202632,-2.215066,-0.039413
2965,1774597112680,32.961775,370.85,-166.328,457.253,0.208489,0.684997,-0.663185,0.21794,0.577252,1.896578,-1.836186,0.37085,-0.166328,0.457253,-2.202598,-2.215129,-0.039487
2966,1774597112691,32.972886,371.926,-166.304,457.282,0.208445,0.684684,-0.66355,0.217855,0.577156,1.895797,-1.837281,0.371926,-0.166304,0.457282,-2.202662,-2.215134,-0.039717
2967,1774597112702,32.983997,374.041,-166.25,457.272,0.20856,0.684666,-0.663592,0.21767,0.57753,1.895935,-1.837578,0.374041,-0.16625,0.457272,-2.202713,-2.215246,-0.039839
2968,1774597112714,32.995108,375.099,-166.247,457.224,0.208443,0.6848,-0.66346,0.217763,0.57718,1.896212,-1.837122,0.375099,-0.166247,0.457224,-2.202514,-2.215188,-0.039834
2969,1774597112725,33.00622,376.187,-166.231,457.175,0.208799,0.68419,-0.664078,0.21746,0.578258,1.894826,-1.839126,0.376187,-0.166231,0.457175,-2.202402,-2.215115,-0.039845
2970,1774597112736,33.017331,377.257,-166.22,457.117,0.208544,0.684611,-0.663654,0.217672,0.577487,1.89578,-1.837745,0.377257,-0.16622,0.457117,-2.202303,-2.215024,-0.039686
2971,1774597112747,33.028442,379.244,-166.168,457.15,0.208543,0.684854,-0.663399,0.217686,0.577479,1.896439,-1.837026,0.379244,-0.166168,0.45715,-2.202328,-2.215084,-0.039887
2972,1774597112758,33.039554,381.175,-166.148,457.174,0.208479,0.684964,-0.663272,0.217785,0.577273,1.896644,-1.836581,0.381175,-0.166148,0.457174,-2.202526,-2.215188,-0.040177
2973,1774597112769,33.050665,382.144,-166.137,457.159,0.208537,0.68475,-0.663508,0.217686,0.577462,1.896151,-1.837329,0.382144,-0.166137,0.457159,-2.202542,-2.215219,-0.040197
2974,1774597112780,33.061776,383.125,-166.117,457.103,0.20855,0.684675,-0.663566,0.217731,0.577485,1.895899,-1.837447,0.383125,-0.166117,0.457103,-2.202421,-2.215211,-0.040041
2975,1774597112791,33.072887,384.994,-166.096,457.004,0.208699,0.684812,-0.66347,0.217451,0.577984,1.896558,-1.837452,0.384994,-0.166096,0.457004,-2.202147,-2.215034,-0.03988
2976,1774597112802,33.083999,385.892,-166.075,456.986,0.208558,0.684941,-0.66332,0.217636,0.577537,1.896731,-1.836856,0.385892,-0.166075,0.456986,-2.202103,-2.214948,-0.039847
2977,1774597112814,33.09511,387.597,-166.047,457.084,0.208659,0.684908,-0.663343,0.217572,0.577835,1.896703,-1.836983,0.387597,-0.166047,0.457084,-2.202326,-2.215106,-0.040235
2978,1774597112825,33.106221,388.43,-165.995,457.162,0.20833,0.685332,-0.662933,0.217805,0.576854,1.897642,-1.835619,0.38843,-0.165995,0.457162,-2.202435,-2.215347,-0.040519
2979,1774597112836,33.117333,389.256,-165.987,457.158,0.208379,0.685266,-0.663004,0.217749,0.577005,1.897516,-1.835873,0.389256,-0.165987,0.457158,-2.202426,-2.2153,-0.040622
2980,1774597112847,33.128444,390.994,-165.962,457.027,0.208569,0.685024,-0.663275,0.217502,0.577607,1.897095,-1.836863,0.390994,-0.165962,0.457027,-2.202226,-2.215116,-0.0404
2981,1774597112858,33.139555,391.866,-165.971,456.931,0.208844,0.684636,-0.66368,0.217224,0.578455,1.896299,-1.838254,0.391866,-0.165971,0.456931,-2.202073,-2.214835,-0.040223
2982,1774597112869,33.150667,393.5,-165.94,456.881,0.208814,0.684572,-0.663738,0.217277,0.578354,1.896069,-1.838365,0.3935,-0.16594,0.456881,-2.201916,-2.21486,-0.040217
2983,1774597112880,33.161778,394.238,-165.903,456.948,0.208685,0.684703,-0.663618,0.217357,0.577973,1.89635,-1.837954,0.394238,-0.165903,0.456948,-2.201963,-2.215091,-0.040538
2984,1774597112891,33.172889,394.978,-165.879,457.005,0.208542,0.685218,-0.663084,0.217501,0.577533,1.897632,-1.836335,0.394978,-0.165879,0.457005,-2.202061,-2.215213,-0.040856
2985,1774597112903,33.184001,396.539,-165.856,456.982,0.208779,0.685039,-0.663242,0.217354,0.578235,1.897285,-1.836914,0.396539,-0.165856,0.456982,-2.20202,-2.215283,-0.041015
2986,1774597112914,33.195112,397.33,-165.864,456.927,0.208885,0.684839,-0.663465,0.217202,0.578575,1.896883,-1.837682,0.39733,-0.165864,0.456927,-2.20192,-2.215194,-0.041002
2987,1774597112925,33.206223,398.113,-165.851,456.872,0.209148,0.684817,-0.663523,0.216841,0.579414,1.897185,-1.838194,0.398113,-0.165851,0.456872,-2.201823,-2.215053,-0.040971
2988,1774597112936,33.217334,399.637,-165.78,456.78,0.208892,0.685035,-0.663311,0.217047,0.578642,1.897582,-1.837405,0.399637,-0.16578,0.45678,-2.201587,-2.215018,-0.040706
2989,1774597112947,33.228446,400.322,-165.753,456.8,0.209141,0.68454,-0.663808,0.216849,0.579393,1.896409,-1.838976,0.400322,-0.165753,0.4568,-2.201598,-2.215073,-0.040846
2990,1774597112958,33.239557,401.687,-165.742,456.825,0.209159,0.684462,-0.663893,0.216819,0.579452,1.896222,-1.83924,0.401687,-0.165742,0.456825,-2.2016,-2.215135,-0.041135
2991,1774597112969,33.250668,402.371,-165.718,456.836,0.208943,0.68484,-0.663513,0.216999,0.578796,1.89709,-1.838012,0.402371,-0.165718,0.456836,-2.201594,-2.215278,-0.041238
2992,1774597112980,33.261779,403.026,-165.683,456.87,0.208674,0.685031,-0.663326,0.217225,0.577984,1.897391,-1.837274,0.403026,-0.165683,0.45687,-2.201642,-2.215508,-0.04144
2993,1774597112991,33.272891,404.358,-165.663,456.778,0.208711,0.685189,-0.663191,0.217102,0.578122,1.897954,-1.837021,0.404358,-0.165663,0.456778,-2.201501,-2.215491,-0.041322
2994,1774597113003,33.284002,405.022,-165.663,456.697,0.208523,0.685452,-0.662899,0.217346,0.577527,1.898436,-1.835973,0.405022,-0.165663,0.456697,-2.201489,-2.215325,-0.041178
2995,1774597113014,33.295113,406.323,-165.644,456.577,0.209039,0.684876,-0.663504,0.216819,0.579118,1.89737,-1.838163,0.406323,-0.165644,0.456577,-2.201251,-2.215157,-0.041132
2996,1774597113025,33.306225,406.906,-165.612,456.583,0.208797,0.685184,-0.663178,0.217075,0.578369,1.897967,-1.83701,0.406906,-0.165612,0.456583,-2.201245,-2.215274,-0.041241
2997,1774597113036,33.317336,407.454,-165.598,456.638,0.209077,0.685069,-0.663313,0.216757,0.579242,1.897968,-1.837693,0.407454,-0.165598,0.456638,-2.201344,-2.215373,-0.041617
2998,1774597113047,33.328447,408.501,-165.568,456.696,0.208638,0.685481,-0.6629,0.217141,0.577909,1.898721,-1.836175,0.408501,-0.165568,0.456696,-2.201552,-2.215431,-0.042021
2999,1774597113058,33.339559,409.007,-165.557,456.703,0.208905,0.68541,-0.662976,0.216876,0.578731,1.898792,-1.836642,0.409007,-0.165557,0.456703,-2.20159,-2.215458,-0.042163
3000,1774597113069,33.35067,410.101,-165.533,456.565,0.209079,0.68513,-0.663257,0.216732,0.579257,1.898162,-1.837562,0.410101,-0.165533,0.456565,-2.20141,-2.215237,-0.042081
3001,1774597113080,33.361781,410.64,-165.501,456.499,0.209417,0.684481,-0.663943,0.216356,0.580308,1.896741,-1.839829,0.41064,-0.165501,0.456499,-2.201285,-2.215198,-0.041975
3002,1774597113091,33.372893,411.171,-165.488,456.408,0.209133,0.684888,-0.663549,0.21655,0.579462,1.897675,-1.838549,0.411171,-0.165488,0.456408,-2.201036,-2.215058,-0.041911
3003,1774597113103,33.384004,412.088,-165.426,456.421,0.209055,0.685135,-0.663257,0.21674,0.579188,1.898167,-1.837553,0.412088,-0.165426,0.456421,-2.20115,-2.215174,-0.04212
3004,1774597113114,33.395115,412.529,-165.395,456.425,0.208882,0.685505,-0.662901,0.216826,0.578682,1.899107,-1.836483,0.412529,-0.165395,0.456425,-2.201148,-2.215105,-0.042244
3005,1774597113125,33.406226,412.957,-165.381,456.396,0.208935,0.685572,-0.662825,0.216798,0.578838,1.899318,-1.8363,0.412957,-0.165381,0.456396,-2.201099,-2.215093,-0.042325
3006,1774597113136,33.417337,413.798,-165.357,456.283,0.209091,0.685299,-0.663105,0.21665,0.579314,1.898713,-1.837222,0.413798,-0.165357,0.456283,-2.201065,-2.214856,-0.042216
3007,1774597113147,33.428449,414.227,-165.324,456.19,0.209069,0.685148,-0.663241,0.216735,0.579226,1.89821,-1.837514,0.414227,-0.165324,0.45619,-2.200856,-2.214727,-0.042081
3008,1774597113158,33.43956,414.96,-165.26,456.151,0.20909,0.685213,-0.663169,0.216727,0.579289,1.898398,-1.837325,0.41496,-0.16526,0.456151,-2.200851,-2.214739,-0.042123
3009,1774597113169,33.450671,415.286,-165.209,456.177,0.209046,0.685377,-0.663029,0.216684,0.57918,1.898893,-1.836976,0.415286,-0.165209,0.456177,-2.200869,-2.214823,-0.042304
3010,1774597113180,33.461782,415.563,-165.162,456.249,0.209103,0.685426,-0.662973,0.216642,0.57935,1.899074,-1.836864,0.415563,-0.165162,0.456249,-2.20107,-2.215023,-0.042726
3011,1774597113191,33.472894,416.131,-165.1,456.323,0.209125,0.685547,-0.662845,0.216631,0.579414,1.899418,-1.836521,0.416131,-0.1651,0.456323,-2.201238,-2.215171,-0.043235
3012,1774597113203,33.484005,416.419,-165.052,456.319,0.209308,0.685377,-0.662983,0.216569,0.579942,1.899011,-1.836961,0.416419,-0.165052,0.456319,-2.201207,-2.215257,-0.043329
3013,1774597113214,33.495116,416.998,-165.023,456.215,0.209332,0.68535,-0.663026,0.2165,0.580028,1.899006,-1.837148,0.416998,-0.165023,0.456215,-2.201185,-2.215054,-0.043193
3014,1774597113225,33.506227,417.276,-164.992,456.174,0.209278,0.685323,-0.663019,0.216661,0.579828,1.898768,-1.836971,0.417276,-0.164992,0.456174,-2.201103,-2.214974,-0.043142
3015,1774597113236,33.517339,417.537,-164.957,456.133,0.209235,0.685355,-0.663013,0.216618,0.579722,1.8989,-1.836998,0.417537,-0.164957,0.456133,-2.200991,-2.214998,-0.043109
3016,1774597113247,33.52845,418.005,-164.893,456.082,0.209383,0.685311,-0.663029,0.216564,0.580149,1.898834,-1.837095,0.418005,-0.164893,0.456082,-2.200886,-2.21493,-0.043191
3017,1774597113258,33.539561,418.215,-164.863,456.08,0.209229,0.685412,-0.662947,0.216644,0.579698,1.899033,-1.83679,0.418215,-0.164863,0.45608,-2.200875,-2.215004,-0.043218
3018,1774597113269,33.550673,418.609,-164.784,456.064,0.209195,0.685497,-0.662817,0.216807,0.579555,1.899102,-1.836271,0.418609,-0.164784,0.456064,-2.200904,-2.214996,-0.043451
3019,1774597113280,33.561784,418.803,-164.754,456.042,0.209364,0.685428,-0.662916,0.216561,0.580099,1.899159,-1.836783,0.418803,-0.164754,0.456042,-2.200878,-2.215053,-0.043403
3020,1774597113291,33.572895,418.989,-164.732,456.021,0.20953,0.685358,-0.662952,0.216509,0.580574,1.899018,-1.836935,0.418989,-0.164732,0.456021,-2.200992,-2.214881,-0.043425
3021,1774597113303,33.584006,419.198,-164.68,455.965,0.209357,0.685423,-0.66293,0.216539,0.580084,1.899168,-1.836843,0.419198,-0.16468,0.455965,-2.200744,-2.214899,-0.043436
3022,1774597113314,33.595117,419.536,-164.59,455.937,0.209339,0.685473,-0.662876,0.216561,0.580028,1.899286,-1.836675,0.419536,-0.16459,0.455937,-2.200813,-2.214845,-0.043497
3023,1774597113325,33.606229,419.686,-164.545,455.935,0.209398,0.685418,-0.662918,0.216555,0.580193,1.899136,-1.836794,0.419686,-0.164545,0.455935,-2.200784,-2.214901,-0.043545
3024,1774597113336,33.61734,419.959,-164.441,455.953,0.209379,0.685472,-0.662879,0.216518,0.580155,1.899326,-1.836723,0.419959,-0.164441,0.455953,-2.200903,-2.2149,-0.043701
3025,1774597113347,33.628451,420.093,-164.385,455.947,0.209357,0.685528,-0.662811,0.21657,0.580075,1.899428,-1.836486,0.420093,-0.164385,0.455947,-2.201036,-2.214826,-0.043708
3026,1774597113358,33.639562,420.352,-164.282,455.931,0.209369,0.685448,-0.662894,0.21656,0.580112,1.899214,-1.836724,0.420352,-0.164282,0.455931,-2.201083,-2.214829,-0.043754
3027,1774597113369,33.650674,420.477,-164.208,455.934,0.209311,0.685501,-0.662839,0.216614,0.579935,1.89931,-1.836519,0.420477,-0.164208,0.455934,-2.20112,-2.21479,-0.043782
3028,1774597113380,33.661785,420.593,-164.136,455.927,0.209313,0.685453,-0.662891,0.216605,0.579943,1.899185,-1.836673,0.420593,-0.164136,0.455927,-2.201182,-2.214751,-0.043806
3029,1774597113391,33.672896,420.808,-163.964,455.947,0.2093,0.685506,-0.662856,0.216558,0.579923,1.899379,-1.83662,0.420808,-0.163964,0.455947,-2.201284,-2.214783,-0.043909
3030,1774597113403,33.684008,420.91,-163.88,455.953,0.209371,0.685587,-0.662762,0.21652,0.580129,1.899642,-1.836396,0.42091,-0.16388,0.455953,-2.201326,-2.214726,-0.044071
3031,1774597113414,33.695119,421.122,-163.637,455.942,0.209427,0.685473,-0.662863,0.216519,0.580286,1.899327,-1.836677,0.421122,-0.163637,0.455942,-2.201235,-2.214853,-0.044066
3032,1774597113425,33.70623,421.206,-163.514,455.966,0.20939,0.685592,-0.662755,0.216509,0.580186,1.899665,-1.836388,0.421206,-0.163514,0.455966,-2.201249,-2.214898,-0.044127
3033,1774597113436,33.717341,421.319,-163.38,455.931,0.209465,0.685424,-0.662928,0.216437,0.580416,1.899274,-1.836937,0.421319,-0.16338,0.455931,-2.201185,-2.214807,-0.044095
3034,1774597113447,33.728453,421.502,-163.068,455.926,0.209501,0.685449,-0.662861,0.216529,0.580487,1.89925,-1.836662,0.421502,-0.163068,0.455926,-2.201201,-2.214773,-0.044101
3035,1774597113458,33.739564,421.585,-162.886,455.928,0.209457,0.685429,-0.662894,0.216532,0.580365,1.899192,-1.836753,0.421585,-0.162886,0.455928,-2.201173,-2.214828,-0.044113
3036,1774597113469,33.750676,421.74,-162.501,455.94,0.209468,0.685467,-0.662845,0.21655,0.58039,1.899279,-1.836598,0.42174,-0.162501,0.45594,-2.201237,-2.214792,-0.044143
3037,1774597113480,33.761787,421.822,-162.289,455.945,0.209424,0.685544,-0.662761,0.21661,0.580249,1.89943,-1.836306,0.421822,-0.162289,0.455945,-2.20125,-2.214807,-0.044183
3038,1774597113491,33.772898,421.885,-162.067,455.966,0.209377,0.685499,-0.662814,0.216634,0.580111,1.899284,-1.836431,0.421885,-0.162067,0.455966,-2.201216,-2.214885,-0.044286
3039,1774597113503,33.784009,422.036,-161.588,455.976,0.209435,0.685569,-0.662734,0.2166,0.580284,1.899512,-1.836242,0.422036,-0.161588,0.455976,-2.201236,-2.214881,-0.04424
3040,1774597113514,33.79512,422.13,-161.338,455.938,0.209517,0.685421,-0.662887,0.216523,0.580534,1.899177,-1.836741,0.42213,-0.161338,0.455938,-2.201142,-2.214782,-0.044135
3041,1774597113525,33.806231,422.184,-161.082,455.984,0.209552,0.685509,-0.662769,0.216574,0.580614,1.89937,-1.836363,0.422184,-0.161082,0.455984,-2.201237,-2.214779,-0.044262
3042,1774597113536,33.817343,422.31,-160.533,455.985,0.209434,0.685707,-0.66259,0.216605,0.580279,1.89989,-1.835838,0.42231,-0.160533,0.455985,-2.201143,-2.214791,-0.044254
3043,1774597113547,33.828454,422.374,-160.249,455.987,0.209516,0.685477,-0.662784,0.216661,0.58049,1.899194,-1.83632,0.422374,-0.160249,0.455987,-2.201105,-2.214836,-0.044258
3044,1774597113558,33.839565,422.501,-159.637,455.954,0.209638,0.685257,-0.663004,0.216564,0.580857,1.898682,-1.837026,0.422501,-0.159637,0.455954,-2.201063,-2.214712,-0.044157
3045,1774597113569,33.850676,422.545,-159.3,455.979,0.209533,0.685587,-0.662667,0.216657,0.580537,1.899502,-1.835999,0.422545,-0.1593,0.455979,-2.20113,-2.214731,-0.044261
3046,1774597113580,33.861788,422.602,-158.945,455.969,0.209512,0.685694,-0.662596,0.216551,0.580511,1.899907,-1.835907,0.422602,-0.158945,0.455969,-2.201008,-2.214763,-0.044156
3047,1774597113591,33.872899,422.664,-158.26,455.997,0.20961,0.685486,-0.662805,0.216476,0.580806,1.899407,-1.83656,0.422664,-0.15826,0.455997,-2.201109,-2.214688,-0.044263
3048,1774597113603,33.88401,422.717,-157.851,455.983,0.209497,0.685582,-0.662712,0.216568,0.580464,1.899578,-1.836213,0.422717,-0.157851,0.455983,-2.201048,-2.214758,-0.04423
3049,1774597113614,33.895121,422.78,-157.068,455.969,0.209583,0.685488,-0.662819,0.216455,0.580739,1.899432,-1.836617,0.42278,-0.157068,0.455969,-2.20107,-2.214647,-0.044164
3050,1774597113625,33.906233,422.817,-156.648,455.958,0.2096,0.685543,-0.662761,0.216441,0.580788,1.899598,-1.836471,0.422817,-0.156648,0.455958,-2.201059,-2.214609,-0.044178
3051,1774597113636,33.917344,422.858,-156.201,455.939,0.209576,0.685523,-0.662795,0.216422,0.58073,1.899562,-1.836585,0.422858,-0.156201,0.455939,-2.200944,-2.214704,-0.044094
3052,1774597113647,33.928455,422.902,-155.269,455.965,0.209659,0.685425,-0.662878,0.2164,0.580964,1.899313,-1.836834,0.422902,-0.155269,0.455965,-2.200895,-2.214789,-0.044056
3053,1774597113658,33.939566,422.926,-154.803,455.961,0.209583,0.685431,-0.66289,0.216417,0.58075,1.899314,-1.836851,0.422926,-0.154803,0.455961,-2.200939,-2.214754,-0.044053
3054,1774597113669,33.950678,422.958,-153.827,455.981,0.209685,0.685578,-0.662728,0.216349,0.581054,1.899787,-1.83647,0.422958,-0.153827,0.455981,-2.200842,-2.214845,-0.044126
3055,1774597113680,33.961789,422.968,-153.322,456,0.209631,0.685518,-0.662773,0.216452,0.580871,1.89952,-1.836495,0.422968,-0.153322,0.456,-2.200946,-2.214794,-0.044146
3056,1774597113691,33.9729,422.973,-152.81,456.02,0.209587,0.685489,-0.662791,0.216532,0.580725,1.899358,-1.836466,0.422973,-0.15281,0.45602,-2.201026,-2.214768,-0.044141
3057,1774597113703,33.984011,423.006,-151.753,456.036,0.209628,0.685597,-0.662678,0.216498,0.580849,1.89969,-1.836185,0.423006,-0.151753,0.456036,-2.201215,-2.214698,-0.04417
3058,1774597113714,33.995122,423.004,-151.204,456.078,0.209608,0.685618,-0.662674,0.216462,0.580806,1.899786,-1.836209,0.423004,-0.151204,0.456078,-2.201199,-2.214819,-0.044291
3059,1774597113725,34.006234,423.018,-150.645,456.087,0.209613,0.685473,-0.662804,0.216517,0.580801,1.89933,-1.836518,0.423018,-0.150645,0.456087,-2.201289,-2.214778,-0.044261
3060,1774597113736,34.017345,423.055,-149.488,456.106,0.20957,0.685554,-0.662739,0.216503,0.580687,1.899567,-1.836351,0.423055,-0.149488,0.456106,-2.201201,-2.214903,-0.044244
3061,1774597113747,34.028456,423.079,-148.921,456.093,0.209663,0.685477,-0.662787,0.216509,0.580943,1.899348,-1.836476,0.423079,-0.148921,0.456093,-2.20125,-2.214792,-0.044211
3062,1774597113758,34.039568,423.13,-147.726,456.053,0.209689,0.685523,-0.662761,0.216418,0.581042,1.899566,-1.836493,0.42313,-0.147726,0.456053,-2.201198,-2.214735,-0.043983
3063,1774597113769,34.050679,423.137,-147.095,456.091,0.209803,0.685519,-0.662748,0.216363,0.581377,1.89961,-1.83651,0.423137,-0.147095,0.456091,-2.201181,-2.214801,-0.044033
3064,1774597113780,34.06179,423.167,-146.489,456.048,0.209798,0.685485,-0.662794,0.216333,0.581372,1.899546,-1.836668,0.423167,-0.146489,0.456048,-2.201102,-2.214717,-0.043928
3065,1774597113791,34.072901,423.202,-145.188,456.037,0.209828,0.685403,-0.662866,0.216343,0.58145,1.89931,-1.836858,0.423202,-0.145188,0.456037,-2.201127,-2.214684,-0.043655
3066,1774597113803,34.084013,423.217,-144.502,456.051,0.209713,0.685448,-0.662841,0.216389,0.581117,1.899388,-1.836743,0.423217,-0.144502,0.456051,-2.201055,-2.214797,-0.043626
3067,1774597113814,34.095124,423.262,-143.124,456.051,0.209692,0.68533,-0.662922,0.216532,0.581015,1.898917,-1.83683,0.423262,-0.143124,0.456051,-2.201085,-2.214795,-0.043366
3068,1774597113825,34.106236,423.272,-142.399,456.069,0.209667,0.685445,-0.662847,0.216426,0.580979,1.899342,-1.836724,0.423272,-0.142399,0.456069,-2.201071,-2.214865,-0.043457
3069,1774597113836,34.117347,423.278,-141.685,456.094,0.209843,0.685381,-0.662898,0.2163,0.581505,1.899291,-1.836988,0.423278,-0.141685,0.456094,-2.201124,-2.214864,-0.043393
3070,1774597113847,34.128458,423.292,-140.174,456.158,0.20995,0.685718,-0.662588,0.216077,0.581871,1.900451,-1.836346,0.423292,-0.140174,0.456158,-2.201135,-2.215043,-0.043482
3071,1774597113858,34.139569,423.299,-139.408,456.19,0.210035,0.685634,-0.66259,0.216254,0.582053,1.900041,-1.836179,0.423299,-0.139408,0.45619,-2.201311,-2.21493,-0.043488
3072,1774597113869,34.150681,423.296,-137.86,456.263,0.20986,0.685565,-0.662644,0.216477,0.581498,1.899624,-1.836112,0.423296,-0.13786,0.456263,-2.201494,-2.214937,-0.043637
3073,1774597113880,34.161792,423.304,-137.054,456.292,0.209773,0.685468,-0.662746,0.216557,0.581233,1.899273,-1.836317,0.423304,-0.137054,0.456292,-2.201526,-2.214918,-0.043671
3074,1774597113891,34.172903,423.298,-136.25,456.332,0.209816,0.685705,-0.662469,0.216613,0.581335,1.899876,-1.835494,0.423298,-0.13625,0.456332,-2.201614,-2.214882,-0.043798
3075,1774597113903,34.184014,423.297,-134.578,456.422,0.209913,0.685732,-0.662426,0.216565,0.581619,1.899998,-1.835421,0.423297,-0.134578,0.456422,-2.201708,-2.214936,-0.0441
3076,1774597113914,34.195126,423.305,-133.705,456.445,0.209865,0.685487,-0.662648,0.216707,0.581443,1.899175,-1.835899,0.423305,-0.133705,0.456445,-2.201632,-2.214994,-0.044083
3077,1774597113925,34.206237,423.328,-132.833,456.447,0.20977,0.685734,-0.662461,0.21659,0.581213,1.899979,-1.835494,0.423328,-0.132833,0.456447,-2.201565,-2.215009,-0.044108
3078,1774597113936,34.217348,423.359,-131.063,456.448,0.209718,0.685641,-0.662568,0.216606,0.581064,1.899704,-1.835776,0.423359,-0.131063,0.456448,-2.201474,-2.214941,-0.043977
3079,1774597113947,34.22846,423.392,-130.181,456.427,0.209593,0.685542,-0.662646,0.216805,0.580656,1.899229,-1.835799,0.423392,-0.130181,0.456427,-2.201485,-2.214812,-0.043728
3080,1774597113958,34.239571,423.402,-128.381,456.468,0.209922,0.685659,-0.662528,0.216474,0.581672,1.899887,-1.835793,0.423402,-0.128381,0.456468,-2.201592,-2.21466,-0.043796
3081,1774597113969,34.250683,423.415,-127.425,456.477,0.209805,0.685432,-0.662721,0.216716,0.581273,1.899015,-1.836093,0.423415,-0.127425,0.456477,-2.201658,-2.214619,-0.043623
3082,1774597113980,34.261794,423.42,-126.472,456.506,0.209957,0.685472,-0.66269,0.216538,0.581748,1.899305,-1.83618,0.42342,-0.126472,0.456506,-2.201767,-2.214574,-0.043754
3083,1774597113991,34.272905,423.433,-124.494,456.55,0.209971,0.685484,-0.662651,0.216606,0.581767,1.89927,-1.836005,0.423433,-0.124494,0.45655,-2.201835,-2.214546,-0.043848
3084,1774597114003,34.284017,423.429,-123.495,456.586,0.209967,0.6853,-0.662843,0.216601,0.581756,1.898766,-1.836544,0.423429,-0.123495,0.456586,-2.201979,-2.214533,-0.043822
3085,1774597114014,34.295212,423.449,-121.453,456.615,0.209886,0.685364,-0.662785,0.216655,0.581516,1.898888,-1.836331,0.423449,-0.121453,0.456615,-2.201823,-2.21465,-0.04389
3086,1774597114025,34.306324,423.465,-120.393,456.612,0.209745,0.685336,-0.662841,0.21671,0.581108,1.898755,-1.836432,0.423465,-0.120393,0.456612,-2.201729,-2.214789,-0.043639
3087,1774597114036,34.317435,423.434,-119.383,456.663,0.209795,0.685542,-0.662641,0.216621,0.581273,1.899415,-1.835964,0.423434,-0.119383,0.456663,-2.201794,-2.214833,-0.043721
3088,1774597114047,34.328546,423.432,-117.292,456.627,0.20978,0.68529,-0.662899,0.216646,0.581223,1.898692,-1.836653,0.423432,-0.117292,0.456627,-2.201835,-2.214657,-0.043427
3089,1774597114058,34.339658,423.426,-116.268,456.607,0.209755,0.685268,-0.662905,0.216719,0.581133,1.898558,-1.8366,0.423426,-0.116268,0.456607,-2.201977,-2.214531,-0.043275
3090,1774597114069,34.350769,423.456,-114.122,456.535,0.209744,0.685063,-0.663078,0.21685,0.581061,1.897857,-1.836952,0.423456,-0.114122,0.456535,-2.201721,-2.214426,-0.042963
3091,1774597114080,34.36188,423.442,-113.031,456.537,0.209751,0.685188,-0.662981,0.216746,0.581112,1.898309,-1.836783,0.423442,-0.113031,0.456537,-2.201842,-2.214389,-0.042838
3092,1774597114092,34.373075,423.422,-111.944,456.565,0.210095,0.685406,-0.662777,0.216344,0.582192,1.899317,-1.836611,0.423422,-0.111944,0.456565,-2.201818,-2.214371,-0.043002
3093,1774597114103,34.384187,423.411,-109.685,456.603,0.210103,0.685413,-0.662792,0.216271,0.582237,1.899409,-1.836722,0.423411,-0.109685,0.456603,-2.201816,-2.214457,-0.043067
3094,1774597114114,34.395298,423.406,-108.561,456.626,0.209749,0.68522,-0.662937,0.216779,0.581099,1.898365,-1.83663,0.423406,-0.108561,0.456626,-2.201753,-2.21456,-0.043165
3095,1774597114125,34.406409,423.333,-106.323,456.76,0.209777,0.685506,-0.662673,0.216656,0.581214,1.899279,-1.836018,0.423333,-0.106323,0.45676,-2.201858,-2.214741,-0.043661
3096,1774597114136,34.417521,423.323,-105.207,456.784,0.209723,0.685436,-0.662812,0.216506,0.581109,1.899236,-1.836549,0.423323,-0.105207,0.456784,-2.201764,-2.214812,-0.043799
3097,1774597114147,34.428632,423.281,-104.111,456.841,0.209629,0.685574,-0.662649,0.216657,0.580803,1.899467,-1.835952,0.423281,-0.104111,0.456841,-2.201882,-2.214862,-0.044024
3098,1774597114158,34.439743,423.266,-101.89,456.838,0.209387,0.685556,-0.662657,0.216925,0.58005,1.899147,-1.835713,0.423266,-0.10189,0.456838,-2.201831,-2.215001,-0.043936
3099,1774597114169,34.450854,423.259,-100.791,456.825,0.209634,0.685594,-0.662628,0.216654,0.580819,1.899526,-1.835895,0.423259,-0.100791,0.456825,-2.201781,-2.214952,-0.043873
3100,1774597114180,34.461966,423.275,-99.652,456.792,0.209533,0.685451,-0.662738,0.216867,0.580472,1.898914,-1.835994,0.423275,-0.099652,0.456792,-2.201718,-2.214885,-0.043692
3101,1774597114192,34.473077,423.3,-97.396,456.72,0.209757,0.685292,-0.662907,0.216637,0.581164,1.898706,-1.836683,0.4233,-0.097396,0.45672,-2.201819,-2.214662,-0.043297
3102,1774597114203,34.484188,423.295,-96.244,456.711,0.209156,0.685069,-0.663144,0.217196,0.579326,1.897528,-1.836797,0.423295,-0.096244,0.456711,-2.201812,-2.214682,-0.043174
3103,1774597114214,34.495299,423.306,-93.964,456.681,0.209592,0.685382,-0.662868,0.216631,0.580707,1.898962,-1.836582,0.423306,-0.093964,0.456681,-2.201668,-2.214777,-0.043002
3104,1774597114225,34.50641,423.295,-92.791,456.711,0.20951,0.685275,-0.662979,0.216707,0.580459,1.898589,-1.836817,0.423295,-0.092791,0.456711,-2.201646,-2.214917,-0.042951
3105,1774597114236,34.517522,423.274,-91.646,456.739,0.209309,0.685249,-0.662997,0.21693,0.579832,1.898293,-1.836649,0.423274,-0.091646,0.456739,-2.201659,-2.215041,-0.042981
3106,1774597114247,34.528633,423.234,-89.396,456.787,0.209426,0.685329,-0.662902,0.216854,0.58018,1.898591,-1.83646,0.423234,-0.089396,0.456787,-2.201761,-2.215047,-0.043062
3107,1774597114258,34.539744,423.225,-88.263,456.805,0.209261,0.685415,-0.662806,0.217034,0.579668,1.898648,-1.836019,0.423225,-0.088263,0.456805,-2.201727,-2.215176,-0.043039
3108,1774597114269,34.550855,423.19,-86.037,456.834,0.209341,0.685232,-0.66297,0.217032,0.57989,1.898143,-1.836476,0.42319,-0.086037,0.456834,-2.201809,-2.215134,-0.043064
3109,1774597114280,34.561966,423.156,-84.924,456.861,0.209174,0.685203,-0.662997,0.217204,0.579374,1.897889,-1.836384,0.423156,-0.084924,0.456861,-2.201914,-2.215161,-0.043033
3110,1774597114292,34.573078,423.145,-83.819,456.847,0.209273,0.685179,-0.663021,0.217113,0.579676,1.897913,-1.836537,0.423145,-0.083819,0.456847,-2.20191,-2.215052,-0.042945
3111,1774597114303,34.584189,423.12,-81.56,456.838,0.209444,0.685221,-0.662938,0.217068,0.580164,1.898076,-1.83635,0.42312,-0.08156,0.456838,-2.201931,-2.215127,-0.042723
3112,1774597114314,34.5953,423.123,-80.422,456.789,0.209716,0.685399,-0.66284,0.216545,0.581077,1.899095,-1.836588,0.423123,-0.080422,0.456789,-2.201766,-2.215065,-0.042541
3113,1774597114325,34.606411,423.104,-78.169,456.746,0.209387,0.685204,-0.663042,0.216857,0.580072,1.898243,-1.836846,0.423104,-0.078169,0.456746,-2.201524,-2.21519,-0.042203
3114,1774597114336,34.617523,423.067,-77.08,456.74,0.20939,0.685318,-0.662962,0.216742,0.580114,1.898673,-1.836735,0.423067,-0.07708,0.45674,-2.201521,-2.215162,-0.04216
3115,1774597114347,34.628634,423.053,-76.004,456.739,0.209243,0.685237,-0.663056,0.216851,0.579673,1.898338,-1.83689,0.423053,-0.076004,0.456739,-2.201437,-2.215187,-0.042162
3116,1774597114358,34.639745,422.976,-73.836,456.759,0.209355,0.685233,-0.662959,0.217052,0.579923,1.898126,-1.836425,0.422976,-0.073836,0.456759,-2.201561,-2.215238,-0.04215
3117,1774597114369,34.650856,422.949,-72.739,456.749,0.209468,0.685203,-0.66303,0.21682,0.580306,1.898277,-1.836847,0.422949,-0.072739,0.456749,-2.20155,-2.215204,-0.042115
3118,1774597114380,34.661968,422.921,-71.653,456.768,0.209476,0.685173,-0.663014,0.216957,0.580288,1.898055,-1.836668,0.422921,-0.071653,0.456768,-2.2016,-2.215154,-0.042262
3119,1774597114392,34.673079,422.896,-69.474,456.737,0.209146,0.685027,-0.663156,0.217303,0.579268,1.897302,-1.836727,0.422896,-0.069474,0.456737,-2.201524,-2.215298,-0.042223
3120,1774597114403,34.68419,422.881,-68.391,456.728,0.209441,0.685341,-0.66292,0.216749,0.580254,1.898728,-1.836612,0.422881,-0.068391,0.456728,-2.201411,-2.215319,-0.042209
3121,1774597114414,34.695301,422.833,-66.295,456.729,0.209222,0.685251,-0.663012,0.216961,0.579583,1.898267,-1.83666,0.422833,-0.066295,0.456729,-2.201354,-2.215324,-0.042302
3122,1774597114425,34.706412,422.808,-65.271,456.73,0.209528,0.685357,-0.66293,0.216583,0.580546,1.898939,-1.836801,0.422808,-0.065271,0.45673,-2.201435,-2.215305,-0.042346
3123,1774597114436,34.717524,422.768,-64.281,456.749,0.209619,0.685405,-0.662825,0.216664,0.580773,1.898991,-1.836431,0.422768,-0.064281,0.456749,-2.201525,-2.215325,-0.042491
3124,1774597114447,34.728635,422.714,-62.299,456.733,0.209488,0.685397,-0.662861,0.216706,0.580396,1.898927,-1.83649,0.422714,-0.062299,0.456733,-2.201781,-2.215032,-0.042537
3125,1774597114458,34.739747,422.697,-61.293,456.721,0.209606,0.685415,-0.662836,0.216611,0.580755,1.899073,-1.836515,0.422697,-0.061293,0.456721,-2.201734,-2.215042,-0.042501
3126,1774597114469,34.750858,422.682,-59.313,456.658,0.209654,0.68528,-0.662952,0.216638,0.580878,1.898671,-1.836809,0.422682,-0.059313,0.456658,-2.201673,-2.214981,-0.042353
3127,1774597114480,34.761969,422.656,-58.322,456.66,0.209476,0.685281,-0.662986,0.216702,0.580364,1.89861,-1.836841,0.422656,-0.058322,0.45666,-2.201623,-2.21507,-0.042393
3128,1774597114492,34.773081,422.611,-57.362,456.675,0.209503,0.6853,-0.662936,0.216767,0.580421,1.898596,-1.83664,0.422611,-0.057362,0.456675,-2.201703,-2.215023,-0.042489
3129,1774597114503,34.784192,422.568,-55.446,456.635,0.20951,0.685521,-0.662675,0.216861,0.580409,1.899115,-1.835823,0.422568,-0.055446,0.456635,-2.201689,-2.214937,-0.042556
3130,1774597114514,34.795303,422.541,-54.529,456.627,0.209579,0.685492,-0.662703,0.216801,0.580619,1.899095,-1.83596,0.422541,-0.054529,0.456627,-2.201702,-2.214876,-0.042651
3131,1774597114525,34.806414,422.506,-52.707,456.555,0.209441,0.685384,-0.662808,0.216952,0.580192,1.898645,-1.836106,0.422506,-0.052707,0.456555,-2.201633,-2.214783,-0.042517
3132,1774597114536,34.817525,422.485,-51.813,456.534,0.2095,0.685287,-0.662923,0.216854,0.580386,1.898473,-1.836518,0.422485,-0.051813,0.456534,-2.201579,-2.214783,-0.042471
3133,1774597114547,34.828637,422.466,-50.919,456.508,0.209492,0.6854,-0.662825,0.216804,0.580377,1.898837,-1.836294,0.422466,-0.050919,0.456508,-2.201579,-2.214732,-0.042429
3134,1774597114558,34.839748,422.389,-49.178,456.509,0.209457,0.685371,-0.662808,0.21698,0.580228,1.898579,-1.836078,0.422389,-0.049178,0.456509,-2.201664,-2.214773,-0.042501
3135,1774597114569,34.850859,422.36,-48.308,456.511,0.209516,0.685364,-0.662825,0.216895,0.580417,1.898645,-1.836205,0.42236,-0.048308,0.456511,-2.201618,-2.214839,-0.04263
3136,1774597114580,34.861971,422.338,-47.456,456.497,0.209544,0.685232,-0.662942,0.216925,0.580486,1.898251,-1.8365,0.422338,-0.047456,0.456497,-2.201705,-2.214718,-0.042643
3137,1774597114592,34.873082,422.277,-45.773,456.486,0.20949,0.685232,-0.662945,0.216969,0.580323,1.898205,-1.836468,0.422277,-0.045773,0.456486,-2.201791,-2.214675,-0.04258
3138,1774597114603,34.884193,422.274,-44.939,456.433,0.209723,0.685329,-0.662832,0.216783,0.581024,1.898661,-1.836335,0.422274,-0.044939,0.456433,-2.201763,-2.214592,-0.042403
3139,1774597114614,34.895305,422.197,-43.326,456.458,0.209514,0.685187,-0.662987,0.216959,0.580391,1.89809,-1.836595,0.422197,-0.043326,0.456458,-2.201848,-2.214662,-0.042573
3140,1774597114625,34.906416,422.161,-42.533,456.45,0.20943,0.685146,-0.663012,0.217092,0.580119,1.897844,-1.836533,0.422161,-0.042533,0.45645,-2.201845,-2.214714,-0.042545
3141,1774597114636,34.917527,422.123,-41.76,456.466,0.209444,0.685265,-0.662957,0.216871,0.580225,1.898397,-1.836595,0.422123,-0.04176,0.456466,-2.201703,-2.214897,-0.042701
3142,1774597114647,34.928638,422.043,-40.226,456.485,0.209241,0.685208,-0.662987,0.217156,0.579576,1.89795,-1.836401,0.422043,-0.040226,0.456485,-2.201783,-2.214959,-0.042815
3143,1774597114658,34.93975,422.029,-39.486,456.457,0.209174,0.685076,-0.663131,0.2172,0.579375,1.89754,-1.836757,0.422029,-0.039486,0.456457,-2.201795,-2.214942,-0.042626
3144,1774597114669,34.950861,421.974,-38.053,456.453,0.209101,0.685065,-0.663139,0.217278,0.579149,1.897432,-1.836704,0.421974,-0.038053,0.456453,-2.20187,-2.21481,-0.042673
3145,1774597114680,34.961972,421.934,-37.353,456.46,0.209135,0.685096,-0.663076,0.217338,0.579225,1.89746,-1.836472,0.421934,-0.037353,0.45646,-2.201838,-2.214863,-0.042757
3146,1774597114692,34.973084,421.903,-36.663,456.46,0.209087,0.685027,-0.66314,0.217408,0.57907,1.897195,-1.836581,0.421903,-0.036663,0.45646,-2.20192,-2.214868,-0.042749
3147,1774597114703,34.984195,421.825,-35.318,456.467,0.209442,0.685199,-0.662929,0.217166,0.580129,1.897917,-1.836232,0.421825,-0.035318,0.456467,-2.201942,-2.214868,-0.042781
3148,1774597114714,34.995306,421.794,-34.668,456.481,0.209341,0.685204,-0.662934,0.217235,0.579828,1.89786,-1.836178,0.421794,-0.034668,0.456481,-2.202006,-2.214804,-0.042863
3149,1774597114725,35.006418,421.73,-33.368,456.484,0.209326,0.685117,-0.663011,0.217287,0.579769,1.897569,-1.83634,0.42173,-0.033368,0.456484,-2.202017,-2.214794,-0.04282
3150,1774597114736,35.017529,421.691,-32.74,456.489,0.209288,0.685069,-0.663043,0.21738,0.579637,1.89734,-1.836338,0.421691,-0.03274,0.456489,-2.202128,-2.214798,-0.042751
3151,1774597114747,35.02864,421.655,-32.121,456.491,0.209317,0.684997,-0.663128,0.217316,0.579737,1.897207,-1.836638,0.421655,-0.032121,0.456491,-2.202162,-2.214781,-0.042753
3152,1774597114758,35.039752,421.607,-30.954,456.464,0.209555,0.685007,-0.663064,0.217253,0.580415,1.897297,-1.836519,0.421607,-0.030954,0.456464,-2.202138,-2.214623,-0.042626
3153,1774597114769,35.050863,421.563,-30.369,456.479,0.209483,0.684997,-0.663112,0.217204,0.580231,1.897319,-1.836702,0.421563,-0.030369,0.456479,-2.20214,-2.214657,-0.042725
3154,1774597114780,35.061974,421.528,-29.809,456.48,0.209447,0.684952,-0.66314,0.217296,0.580103,1.897102,-1.83669,0.421528,-0.029809,0.45648,-2.202039,-2.214689,-0.042677
3155,1774597114792,35.073086,421.466,-28.745,456.469,0.209418,0.68486,-0.663217,0.21738,0.579997,1.896762,-1.836821,0.421466,-0.028745,0.456469,-2.20203,-2.214626,-0.042515
3156,1774597114803,35.084197,421.429,-28.215,456.462,0.209455,0.685,-0.6631,0.217259,0.580136,1.897273,-1.836615,0.421429,-0.028215,0.456462,-2.202019,-2.214669,-0.042528
3157,1774597114814,35.095308,421.365,-27.24,456.455,0.209472,0.684953,-0.663119,0.217332,0.580159,1.897069,-1.836596,0.421365,-0.02724,0.456455,-2.201859,-2.214694,-0.042452
3158,1774597114825,35.106419,421.338,-26.774,456.431,0.209494,0.684961,-0.66312,0.217284,0.580237,1.897138,-1.836646,0.421338,-0.026774,0.456431,-2.201864,-2.214668,-0.042264
3159,1774597114836,35.117531,421.299,-26.301,456.446,0.209422,0.684986,-0.663099,0.217339,0.580021,1.897152,-1.836533,0.421299,-0.026301,0.456446,-2.201824,-2.214657,-0.042271
3160,1774597114847,35.128642,421.211,-25.456,456.441,0.20951,0.684899,-0.663184,0.217267,0.580285,1.896985,-1.83684,0.421211,-0.025456,0.456441,-2.201898,-2.214598,-0.04223
3161,1774597114858,35.139753,421.178,-25.063,456.43,0.209477,0.684956,-0.663159,0.217201,0.580214,1.897207,-1.836833,0.421178,-0.025063,0.45643,-2.201884,-2.214586,-0.042198
3162,1774597114869,35.150864,421.098,-24.292,456.428,0.209476,0.684832,-0.663261,0.217279,0.580189,1.896787,-1.83704,0.421098,-0.024292,0.456428,-2.201776,-2.214584,-0.042174
3163,1774597114880,35.161976,421.062,-23.94,456.403,0.20943,0.684933,-0.663175,0.217268,0.580064,1.897077,-1.836813,0.421062,-0.02394,0.456403,-2.201751,-2.214533,-0.042158
3164,1774597114892,35.173153,421.032,-23.575,456.399,0.209403,0.684842,-0.663289,0.217232,0.58,1.89686,-1.837164,0.421032,-0.023575,0.456399,-2.201707,-2.21454,-0.042068
3165,1774597114903,35.184264,420.954,-22.904,456.38,0.209353,0.685041,-0.663026,0.217456,0.579794,1.897188,-1.836217,0.420954,-0.022904,0.45638,-2.201767,-2.214413,-0.042
3166,1774597114914,35.195375,420.907,-22.571,456.387,0.20943,0.684999,-0.663097,0.217295,0.580056,1.897234,-1.836572,0.420907,-0.022571,0.456387,-2.201712,-2.214439,-0.041991
3167,1774597114925,35.206487,420.804,-21.97,456.389,0.209455,0.684951,-0.66314,0.217293,0.580126,1.8971,-1.836692,0.420804,-0.02197,0.456389,-2.201692,-2.214394,-0.042028
3168,1774597114936,35.217598,420.747,-21.699,456.401,0.2095,0.684931,-0.663123,0.217366,0.580227,1.896973,-1.836574,0.420747,-0.021699,0.456401,-2.201726,-2.214406,-0.042146
3169,1774597114947,35.228709,420.711,-21.423,456.383,0.209527,0.684953,-0.663078,0.217406,0.58029,1.896993,-1.836411,0.420711,-0.021423,0.456383,-2.201776,-2.214295,-0.042076
3170,1774597114958,35.23982,420.609,-20.891,456.372,0.20956,0.684914,-0.663099,0.217434,0.580374,1.896858,-1.836442,0.420609,-0.020891,0.456372,-2.201757,-2.214303,-0.042054
3171,1774597114969,35.250932,420.569,-20.639,456.36,0.209596,0.684987,-0.663065,0.21727,0.580524,1.897225,-1.836507,0.420569,-0.020639,0.45636,-2.201771,-2.214235,-0.041958
3172,1774597114981,35.262043,420.5,-20.386,456.381,0.209608,0.685132,-0.662888,0.217345,0.580532,1.897552,-1.835943,0.4205,-0.020386,0.456381,-2.201721,-2.214349,-0.042106
3173,1774597114992,35.273154,420.396,-19.952,456.37,0.20974,0.685026,-0.662974,0.217288,0.580918,1.897315,-1.836237,0.420396,-0.019952,0.45637,-2.20174,-2.214259,-0.04204
3174,1774597115003,35.284265,420.32,-19.758,456.392,0.209682,0.685154,-0.662844,0.217336,0.580741,1.897621,-1.835831,0.42032,-0.019758,0.456392,-2.20184,-2.214177,-0.042138
3175,1774597115014,35.295377,420.21,-19.368,456.386,0.209691,0.685044,-0.662934,0.217402,0.580746,1.897249,-1.836014,0.42021,-0.019368,0.456386,-2.201746,-2.214215,-0.042166
3176,1774597115025,35.306488,420.151,-19.171,456.39,0.20963,0.684978,-0.663053,0.217305,0.580608,1.897165,-1.836438,0.420151,-0.019171,0.45639,-2.201721,-2.214243,-0.042163
3177,1774597115036,35.3176,420.086,-18.984,456.391,0.209655,0.685085,-0.662925,0.217332,0.580668,1.897435,-1.836058,0.420086,-0.018984,0.456391,-2.201742,-2.214213,-0.042211
3178,1774597115047,35.328711,419.984,-18.644,456.338,0.209682,0.685058,-0.662948,0.217323,0.580744,1.897367,-1.836131,0.419984,-0.018644,0.456338,-2.201756,-2.214087,-0.042021
3179,1774597115058,35.339822,419.901,-18.489,456.359,0.209699,0.684971,-0.663039,0.217302,0.580799,1.897148,-1.836404,0.419901,-0.018489,0.456359,-2.20181,-2.214065,-0.042106
3180,1774597115069,35.350933,419.753,-18.203,456.348,0.2097,0.685112,-0.662885,0.217325,0.580794,1.897516,-1.835955,0.419753,-0.018203,0.456348,-2.201777,-2.214029,-0.042063
3181,1774597115081,35.362045,419.677,-18.053,456.346,0.209672,0.685096,-0.662902,0.217352,0.580709,1.897446,-1.835975,0.419677,-0.018053,0.456346,-2.201773,-2.214026,-0.042109
3182,1774597115092,35.373156,419.593,-17.913,456.354,0.2097,0.685057,-0.662923,0.217384,0.580776,1.897304,-1.836002,0.419593,-0.017913,0.456354,-2.201797,-2.214049,-0.042075
3183,1774597115103,35.384267,419.402,-17.644,456.355,0.209603,0.685191,-0.662788,0.217466,0.580481,1.897593,-1.835549,0.419402,-0.017644,0.456355,-2.201829,-2.214108,-0.04214
3184,1774597115114,35.395379,419.303,-17.529,456.361,0.209649,0.685064,-0.662916,0.217433,0.580619,1.897275,-1.835934,0.419303,-0.017529,0.456361,-2.201876,-2.214129,-0.042178
3185,1774597115125,35.40649,419.095,-17.272,456.354,0.209612,0.685093,-0.662902,0.217422,0.58052,1.897364,-1.835907,0.419095,-0.017272,0.456354,-2.201863,-2.21414,-0.042111
3186,1774597115136,35.417601,418.977,-17.176,456.355,0.209584,0.685074,-0.662928,0.217427,0.580443,1.897308,-1.835975,0.418977,-0.017176,0.456355,-2.201863,-2.214139,-0.042132
3187,1774597115147,35.428712,418.853,-17.074,456.354,0.209621,0.685161,-0.662844,0.217374,0.580561,1.897601,-1.835794,0.418853,-0.017074,0.456354,-2.201852,-2.214126,-0.042146
3188,1774597115158,35.439823,418.58,-16.885,456.365,0.209628,0.68517,-0.662822,0.217407,0.580568,1.897593,-1.835701,0.41858,-0.016885,0.456365,-2.201842,-2.214087,-0.042177
3189,1774597115169,35.450935,418.459,-16.789,456.34,0.20959,0.685142,-0.662861,0.217412,0.580463,1.897512,-1.835802,0.418459,-0.016789,0.45634,-2.201856,-2.21407,-0.042045
3190,1774597115181,35.462046,418.299,-16.689,456.342,0.209588,0.685204,-0.662816,0.217358,0.580475,1.897736,-1.83573,0.418299,-0.016689,0.456342,-2.201781,-2.214101,-0.042096
3191,1774597115192,35.473158,417.957,-16.513,456.325,0.20957,0.685137,-0.662863,0.217442,0.580398,1.897467,-1.835778,0.417957,-0.016513,0.456325,-2.201767,-2.214082,-0.042049
3192,1774597115203,35.484269,417.779,-16.425,456.32,0.209611,0.684979,-0.663016,0.217431,0.580515,1.89704,-1.836215,0.417779,-0.016425,0.45632,-2.201836,-2.214014,-0.042004
3193,1774597115214,35.49538,417.377,-16.271,456.305,0.209625,0.685072,-0.662923,0.217407,0.580561,1.897323,-1.835981,0.417377,-0.016271,0.456305,-2.201828,-2.213974,-0.041966
3194,1774597115225,35.506491,417.183,-16.202,456.27,0.209591,0.685099,-0.66288,0.217488,0.580441,1.897316,-1.835783,0.417183,-0.016202,0.45627,-2.201825,-2.213911,-0.041795
3195,1774597115236,35.517603,416.947,-16.135,456.277,0.209542,0.685072,-0.662924,0.217488,0.580305,1.897241,-1.835903,0.416947,-0.016135,0.456277,-2.201837,-2.213893,-0.041775
3196,1774597115247,35.528714,416.447,-15.992,456.277,0.209636,0.684977,-0.663028,0.217377,0.5806,1.89709,-1.8363,0.416447,-0.015992,0.456277,-2.201841,-2.213996,-0.041699
3197,1774597115258,35.539825,416.214,-15.918,456.238,0.209642,0.68487,-0.663151,0.217335,0.58063,1.896834,-1.836683,0.416214,-0.015918,0.456238,-2.201784,-2.213932,-0.041538
3198,1774597115269,35.550936,415.669,-15.804,456.237,0.209494,0.684798,-0.66324,0.217433,0.580191,1.896536,-1.836832,0.415669,-0.015804,0.456237,-2.201776,-2.213911,-0.04136
3199,1774597115281,35.562047,415.369,-15.774,456.248,0.209363,0.68481,-0.663224,0.217569,0.579786,1.896435,-1.836655,0.415369,-0.015774,0.456248,-2.201934,-2.213853,-0.041316
3200,1774597115292,35.573158,415.056,-15.737,456.28,0.209427,0.684878,-0.663141,0.217548,0.579971,1.896642,-1.836447,0.415056,-0.015737,0.45628,-2.201992,-2.213858,-0.041426
3201,1774597115303,35.58427,414.396,-15.654,456.347,0.209469,0.68492,-0.663083,0.21755,0.580085,1.896756,-1.836285,0.414396,-0.015654,0.456347,-2.202104,-2.213889,-0.041609
3202,1774597115314,35.595381,414.054,-15.603,456.381,0.209374,0.684892,-0.663114,0.217635,0.579796,1.896595,-1.836288,0.414054,-0.015603,0.456381,-2.202172,-2.213984,-0.041761
3203,1774597115325,35.606492,413.324,-15.525,456.456,0.209451,0.685104,-0.662891,0.217573,0.580028,1.897245,-1.835731,0.413324,-0.015525,0.456456,-2.202285,-2.214039,-0.041886
3204,1774597115336,35.617603,412.967,-15.48,456.466,0.209472,0.685015,-0.662977,0.217575,0.580085,1.896995,-1.835966,0.412967,-0.01548,0.456466,-2.202252,-2.214081,-0.0419
3205,1774597115347,35.628715,412.594,-15.439,456.454,0.209479,0.685073,-0.662902,0.217613,0.580093,1.897117,-1.835722,0.412594,-0.015439,0.456454,-2.202184,-2.214111,-0.04179
3206,1774597115358,35.639826,411.806,-15.375,456.438,0.209532,0.685005,-0.662923,0.21771,0.580212,1.896831,-1.835686,0.411806,-0.015375,0.456438,-2.20227,-2.21402,-0.041448
3207,1774597115369,35.650937,411.384,-15.371,456.442,0.209538,0.684832,-0.663096,0.217724,0.580222,1.896338,-1.83615,0.411384,-0.015371,0.456442,-2.202356,-2.213914,-0.041373
3208,1774597115381,35.662049,410.972,-15.332,456.41,0.209608,0.684897,-0.663036,0.217635,0.580442,1.896607,-1.83607,0.410972,-0.015332,0.45641,-2.20234,-2.213835,-0.041197
3209,1774597115392,35.67316,410.115,-15.248,456.352,0.209551,0.684831,-0.663107,0.217678,0.580272,1.896383,-1.836227,0.410115,-0.015248,0.456352,-2.20221,-2.213764,-0.040827
3210,1774597115403,35.684271,409.653,-15.221,456.354,0.209507,0.684658,-0.663281,0.217736,0.580133,1.895844,-1.836651,0.409653,-0.015221,0.456354,-2.20223,-2.213722,-0.040753
3211,1774597115414,35.695383,408.653,-15.199,456.456,0.209415,0.684883,-0.663089,0.217701,0.579888,1.896502,-1.836154,0.408653,-0.015199,0.456456,-2.202296,-2.213786,-0.04101
3212,1774597115425,35.706494,408.123,-15.197,456.521,0.20956,0.684708,-0.663245,0.21764,0.580309,1.896079,-1.836644,0.408123,-0.015197,0.456521,-2.202381,-2.213844,-0.041174
3213,1774597115436,35.717605,407.663,-15.153,456.474,0.209598,0.684847,-0.663081,0.217663,0.580408,1.896442,-1.836167,0.407663,-0.015153,0.456474,-2.20237,-2.213847,-0.04094
3214,1774597115447,35.728716,406.507,-15.136,456.611,0.209464,0.684999,-0.662919,0.217807,0.579991,1.896718,-1.835579,0.406507,-0.015136,0.456611,-2.202523,-2.213973,-0.041381
3215,1774597115458,35.739827,405.97,-15.126,456.567,0.209488,0.684732,-0.663198,0.217772,0.580068,1.896015,-1.836387,0.40597,-0.015126,0.456567,-2.2025,-2.213881,-0.041023
3216,1774597115469,35.750939,404.868,-15.053,456.484,0.209402,0.684829,-0.663083,0.217901,0.579792,1.896153,-1.835944,0.404868,-0.015053,0.456484,-2.202451,-2.213829,-0.040371
3217,1774597115481,35.76205,404.293,-15.024,456.483,0.20933,0.684542,-0.663393,0.217929,0.579585,1.895329,-1.836774,0.404293,-0.015024,0.456483,-2.202457,-2.213801,-0.040274
3218,1774597115492,35.773161,403.681,-14.989,456.537,0.209067,0.684711,-0.663178,0.218305,0.578739,1.895422,-1.835813,0.403681,-0.014989,0.456537,-2.202467,-2.214072,-0.040369
3219,1774597115503,35.784273,402.393,-14.983,456.653,0.209167,0.685076,-0.662808,0.218188,0.579053,1.896549,-1.834902,0.402393,-0.014983,0.456653,-2.202614,-2.214164,-0.040748
3220,1774597115514,35.795384,401.727,-14.974,456.698,0.209101,0.68487,-0.663015,0.218268,0.578845,1.895899,-1.835398,0.401727,-0.014974,0.456698,-2.202746,-2.214237,-0.040743
3221,1774597115525,35.806495,400.412,-14.955,456.645,0.209334,0.685092,-0.662763,0.218114,0.579537,1.896668,-1.83485,0.400412,-0.014955,0.456645,-2.202745,-2.214053,-0.040321
3222,1774597115536,35.817607,399.747,-14.924,456.64,0.209304,0.68491,-0.662951,0.218143,0.579446,1.896134,-1.835343,0.399747,-0.014924,0.45664,-2.20274,-2.214115,-0.040153
3223,1774597115547,35.828718,399.071,-14.9,456.655,0.209257,0.684627,-0.663271,0.218103,0.579329,1.895391,-1.836266,0.399071,-0.0149,0.456655,-2.202757,-2.214125,-0.040112
3224,1774597115558,35.839829,397.612,-14.898,456.772,0.209154,0.684791,-0.663077,0.218279,0.57899,1.895668,-1.835557,0.397612,-0.014898,0.456772,-2.202888,-2.214172,-0.040467
3225,1774597115569,35.85094,396.854,-14.861,456.837,0.208997,0.684878,-0.662983,0.21844,0.578506,1.895747,-1.835143,0.396854,-0.014861,0.456837,-2.20296,-2.214322,-0.040622
3226,1774597115581,35.862052,396.081,-14.87,456.885,0.209131,0.685019,-0.662788,0.218462,0.578868,1.896115,-1.834581,0.396081,-0.01487,0.456885,-2.203067,-2.214239,-0.040737
3227,1774597115592,35.873163,394.581,-14.854,456.803,0.20932,0.684635,-0.663198,0.218242,0.579459,1.895274,-1.835929,0.394581,-0.014854,0.456803,-2.202967,-2.21403,-0.04009
3228,1774597115603,35.884274,393.831,-14.84,456.773,0.209014,0.684424,-0.663427,0.2185,0.578534,1.894431,-1.836312,0.393831,-0.01484,0.456773,-2.203002,-2.213972,-0.039847
3229,1774597115614,35.895386,392.208,-14.788,456.869,0.208893,0.684723,-0.663158,0.218494,0.578202,1.895265,-1.835574,0.392208,-0.014788,0.456869,-2.202839,-2.214197,-0.040076
3230,1774597115625,35.906497,391.346,-14.775,456.955,0.208903,0.685062,-0.662826,0.218429,0.578248,1.896268,-1.834718,0.391346,-0.014775,0.456955,-2.202881,-2.214323,-0.040479
3231,1774597115636,35.917608,390.453,-14.779,457.046,0.208868,0.684687,-0.663187,0.218544,0.578116,1.895113,-1.835605,0.390453,-0.014779,0.457046,-2.203041,-2.214377,-0.040708
3232,1774597115647,35.92872,388.77,-14.785,456.974,0.208953,0.684875,-0.662952,0.218587,0.578338,1.895591,-1.834914,0.38877,-0.014785,0.456974,-2.203151,-2.214169,-0.04021
3233,1774597115658,35.939831,387.972,-14.781,456.9,0.209135,0.684631,-0.663168,0.218521,0.578863,1.894982,-1.835577,0.387972,-0.014781,0.4569,-2.203123,-2.213913,-0.039809
3234,1774597115669,35.950942,386.213,-14.714,456.99,0.208981,0.684874,-0.662982,0.218472,0.57845,1.895705,-1.835108,0.386213,-0.014714,0.45699,-2.203067,-2.214142,-0.04012
3235,1774597115681,35.962054,385.275,-14.677,457.068,0.208768,0.684653,-0.663242,0.218578,0.577828,1.894986,-1.835725,0.385275,-0.014677,0.457068,-2.203135,-2.214369,-0.0404
3236,1774597115692,35.973165,384.339,-14.684,457.124,0.208975,0.685101,-0.662741,0.218498,0.578426,1.896305,-1.834415,0.384339,-0.014684,0.457124,-2.20316,-2.214393,-0.040582
3237,1774597115703,35.984276,382.493,-14.734,457.124,0.209154,0.684824,-0.662965,0.218514,0.578918,1.895525,-1.83502,0.382493,-0.014734,0.457124,-2.203214,-2.21411,-0.040379
3238,1774597115714,35.995387,381.587,-14.744,457.116,0.209224,0.684696,-0.663104,0.218425,0.579137,1.895259,-1.835492,0.381587,-0.014744,0.457116,-2.203277,-2.21398,-0.040292
3239,1774597115725,36.006499,379.645,-14.715,457.159,0.209055,0.684619,-0.66322,0.218479,0.578654,1.89499,-1.835758,0.379645,-0.014715,0.457159,-2.203258,-2.214078,-0.04017
3240,1774597115736,36.01761,378.64,-14.707,457.187,0.20881,0.684832,-0.663032,0.218615,0.577934,1.895443,-1.835109,0.37864,-0.014707,0.457187,-2.20315,-2.214147,-0.040146
3241,1774597115747,36.028721,377.651,-14.715,457.208,0.209012,0.684752,-0.663115,0.218421,0.578551,1.895417,-1.835526,0.377651,-0.014715,0.457208,-2.203117,-2.214136,-0.040149
3242,1774597115758,36.039833,375.64,-14.732,457.29,0.208932,0.684685,-0.663165,0.218556,0.578289,1.895096,-1.835533,0.37564,-0.014732,0.45729,-2.203339,-2.214107,-0.040066
3243,1774597115769,36.050944,374.624,-14.752,457.322,0.209104,0.684773,-0.663072,0.218396,0.578815,1.895501,-1.835433,0.374624,-0.014752,0.457322,-2.203287,-2.214102,-0.040162
3244,1774597115781,36.062055,373.571,-14.767,457.354,0.208999,0.684955,-0.66288,0.21851,0.57849,1.895889,-1.83479,0.373571,-0.014767,0.457354,-2.203304,-2.214169,-0.040235
3245,1774597115792,36.073166,371.484,-14.767,457.338,0.208984,0.684779,-0.663077,0.218477,0.578458,1.895437,-1.835366,0.371484,-0.014767,0.457338,-2.203231,-2.214153,-0.039789
3246,1774597115803,36.084278,370.434,-14.774,457.362,0.209076,0.684575,-0.663298,0.218358,0.57875,1.894992,-1.836093,0.370434,-0.014774,0.457362,-2.203254,-2.214064,-0.039721
3247,1774597115814,36.095389,368.199,-14.763,457.509,0.20897,0.684685,-0.663186,0.218455,0.578426,1.895198,-1.835688,0.368199,-0.014763,0.457509,-2.203295,-2.214342,-0.040069
3248,1774597115825,36.1065,367.056,-14.789,457.581,0.209015,0.684533,-0.663327,0.218462,0.578547,1.894769,-1.836072,0.367056,-0.014789,0.457581,-2.20346,-2.214323,-0.040317
3249,1774597115836,36.117611,365.948,-14.801,457.584,0.208964,0.684639,-0.663171,0.218651,0.578349,1.894874,-1.835456,0.365948,-0.014801,0.457584,-2.203492,-2.21432,-0.040169
3250,1774597115847,36.128723,363.806,-14.783,457.509,0.209288,0.684509,-0.663328,0.218269,0.579362,1.894898,-1.836264,0.363806,-0.014783,0.457509,-2.20335,-2.21418,-0.039503
3251,1774597115858,36.139851,362.662,-14.757,457.575,0.209025,0.684506,-0.663373,0.218397,0.578595,1.894761,-1.836263,0.362662,-0.014757,0.457575,-2.203287,-2.214408,-0.039714
3252,1774597115869,36.150962,361.494,-14.743,457.613,0.208766,0.685,-0.662901,0.218527,0.577838,1.895998,-1.834832,0.361494,-0.014743,0.457613,-2.203333,-2.214507,-0.039813
3253,1774597115881,36.162074,361.494,-14.743,457.613,0.208784,0.684783,-0.663069,0.218681,0.577843,1.895242,-1.835145,0.361494,-0.014743,0.457613,-2.203333,-2.214507,-0.039813
3254,1774597115892,36.173185,359.203,-14.766,457.663,0.208914,0.684636,-0.663172,0.218706,0.578194,1.894811,-1.835406,0.359203,-0.014766,0.457663,-2.203341,-2.214617,-0.039965
3255,1774597115903,36.184297,356.978,-14.778,457.616,0.208744,0.684558,-0.663307,0.218702,0.577724,1.894598,-1.835785,0.356978,-0.014778,0.457616,-2.203429,-2.214424,-0.039538
3256,1774597115914,36.195408,354.631,-14.78,457.623,0.208447,0.684803,-0.66306,0.218966,0.576823,1.895011,-1.834846,0.354631,-0.01478,0.457623,-2.203479,-2.214517,-0.039317
3257,1774597115925,36.206519,354.631,-14.78,457.623,0.208654,0.684578,-0.663266,0.218849,0.577432,1.894507,-1.835528,0.354631,-0.01478,0.457623,-2.203479,-2.214517,-0.039317
3258,1774597115936,36.21763,352.331,-14.834,457.667,0.2086,0.684562,-0.663278,0.218917,0.577261,1.894394,-1.835495,0.352331,-0.014834,0.457667,-2.203593,-2.214445,-0.039518
3259,1774597115947,36.228742,350.025,-14.835,457.719,0.208558,0.684886,-0.662939,0.21897,0.577129,1.895237,-1.834504,0.350025,-0.014835,0.457719,-2.203627,-2.214638,-0.039628
3260,1774597115958,36.239853,347.732,-14.879,457.656,0.208738,0.684451,-0.663399,0.218765,0.577688,1.894239,-1.835977,0.347732,-0.014879,0.457656,-2.203659,-2.214446,-0.039171
3261,1774597115969,36.250964,346.602,-14.89,457.663,0.208431,0.684698,-0.663143,0.21906,0.576751,1.894627,-1.834983,0.346602,-0.01489,0.457663,-2.20372,-2.214503,-0.039097
3262,1774597115981,36.262076,345.448,-14.93,457.716,0.208489,0.68454,-0.663259,0.219146,0.576883,1.894104,-1.83522,0.345448,-0.01493,0.457716,-2.203864,-2.214438,-0.039262
3263,1774597115992,36.273187,343.109,-14.928,457.761,0.208226,0.684787,-0.663076,0.219178,0.576147,1.894756,-1.834683,0.343109,-0.014928,0.457761,-2.203852,-2.21472,-0.039389
3264,1774597116003,36.284299,341.974,-14.967,457.704,0.208416,0.684559,-0.663256,0.219165,0.576675,1.894138,-1.835193,0.341974,-0.014967,0.457704,-2.203839,-2.214568,-0.039083
3265,1774597116014,36.29541,339.738,-15.005,457.641,0.208362,0.684142,-0.663716,0.219127,0.576539,1.893022,-1.836502,0.339738,-0.015005,0.457641,-2.203798,-2.214542,-0.03861
3266,1774597116025,36.306521,338.596,-15.037,457.698,0.208305,0.684476,-0.663361,0.219214,0.576354,1.893858,-1.835435,0.338596,-0.015037,0.457698,-2.203849,-2.214601,-0.038923
3267,1774597116036,36.317633,337.427,-15.031,457.776,0.208341,0.684989,-0.662917,0.218921,0.576543,1.895571,-1.834491,0.337427,-0.015031,0.457776,-2.20382,-2.214924,-0.039271
3268,1774597116047,36.328744,335.178,-15.089,457.726,0.208736,0.684577,-0.663245,0.218835,0.577662,1.894519,-1.835484,0.335178,-0.015089,0.457726,-2.20388,-2.214822,-0.039018
3269,1774597116058,36.339855,334.116,-15.119,457.655,0.208752,0.684211,-0.663615,0.218844,0.577703,1.893498,-1.836499,0.334116,-0.015119,0.457655,-2.203987,-2.214631,-0.038627
3270,1774597116069,36.350966,331.924,-15.145,457.653,0.20848,0.684266,-0.663582,0.219032,0.576894,1.89346,-1.836226,0.331924,-0.015145,0.457653,-2.203931,-2.214654,-0.038514
3271,1774597116081,36.362078,330.761,-15.147,457.737,0.208329,0.684542,-0.663316,0.219117,0.576451,1.894139,-1.835407,0.330761,-0.015147,0.457737,-2.204014,-2.21488,-0.038901
3272,1774597116092,36.373189,329.632,-15.175,457.763,0.208454,0.684503,-0.663323,0.219102,0.576799,1.894046,-1.83544,0.329632,-0.015175,0.457763,-2.204064,-2.214988,-0.039038
3273,1774597116103,36.3843,327.547,-15.228,457.6,0.208608,0.683976,-0.663851,0.219001,0.577256,1.892689,-1.837,0.327547,-0.015228,0.4576,-2.204139,-2.214572,-0.038122
3274,1774597116114,36.395412,326.484,-15.258,457.607,0.208126,0.683809,-0.664001,0.219528,0.575764,1.891698,-1.8369,0.326484,-0.015258,0.457607,-2.204159,-2.214538,-0.038004
3275,1774597116125,36.406523,324.276,-15.256,457.736,0.208256,0.68444,-0.66343,0.219165,0.576232,1.893807,-1.835674,0.324276,-0.015256,0.457736,-2.204223,-2.214939,-0.038571
3276,1774597116136,36.417634,323.155,-15.302,457.774,0.207803,0.684503,-0.663314,0.219746,0.574804,1.8934,-1.834792,0.323155,-0.015302,0.457774,-2.204308,-2.215005,-0.038778
3277,1774597116147,36.428745,322.127,-15.345,457.73,0.208039,0.684507,-0.663249,0.219707,0.575469,1.893452,-1.834648,0.322127,-0.015345,0.45773,-2.204345,-2.214856,-0.038569
3278,1774597116158,36.439857,320.13,-15.389,457.651,0.208237,0.683923,-0.663771,0.219759,0.575998,1.891784,-1.836042,0.32013,-0.015389,0.457651,-2.204488,-2.214622,-0.037933
3279,1774597116169,36.450968,319.127,-15.369,457.629,0.208008,0.68432,-0.66347,0.219651,0.575398,1.892991,-1.835314,0.319127,-0.015369,0.457629,-2.204376,-2.21472,-0.037687
3280,1774597116181,36.462079,318.046,-15.384,457.713,0.207919,0.68452,-0.663263,0.219739,0.575125,1.893454,-1.834656,0.318046,-0.015384,0.457713,-2.20448,-2.214916,-0.038061
3281,1774597116192,36.473191,315.983,-15.474,457.739,0.208196,0.684417,-0.663264,0.219793,0.575875,1.893115,-1.834606,0.315983,-0.015474,0.457739,-2.20469,-2.214822,-0.038312
3282,1774597116203,36.484302,315.012,-15.498,457.662,0.208301,0.684118,-0.663517,0.219861,0.576145,1.89222,-1.835242,0.315012,-0.015498,0.457662,-2.204831,-2.214613,-0.037812
3283,1774597116214,36.495413,313.143,-15.5,457.53,0.20831,0.683824,-0.663855,0.219745,0.576206,1.891525,-1.836288,0.313143,-0.0155,0.45753,-2.204696,-2.214366,-0.037064
3284,1774597116225,36.506524,312.143,-15.493,457.585,0.208297,0.684026,-0.663717,0.219545,0.576231,1.892283,-1.836101,0.312143,-0.015493,0.457585,-2.20472,-2.214637,-0.037294
3285,1774597116236,36.517636,311.131,-15.524,457.645,0.208611,0.684503,-0.663178,0.219389,0.577148,1.893759,-1.834761,0.311131,-0.015524,0.457645,-2.204808,-2.214713,-0.037704
3286,1774597116247,36.528747,309.179,-15.617,457.67,0.208451,0.684403,-0.663171,0.219873,0.576556,1.892997,-1.834272,0.309179,-0.015617,0.45767,-2.205118,-2.214667,-0.037938
3287,1774597116258,36.539858,308.304,-15.635,457.594,0.208117,0.684013,-0.663612,0.220075,0.575571,1.891715,-1.835296,0.308304,-0.015635,0.457594,-2.205069,-2.214537,-0.037602
3288,1774597116269,36.55097,306.584,-15.625,457.486,0.208179,0.683918,-0.663754,0.219885,0.575802,1.891643,-1.835871,0.306584,-0.015625,0.457486,-2.205005,-2.214524,-0.036958
3289,1774597116281,36.562081,305.718,-15.628,457.487,0.2082,0.68401,-0.663651,0.219887,0.575859,1.891895,-1.835586,0.305718,-0.015628,0.457487,-2.204938,-2.214625,-0.037062
3290,1774597116292,36.573192,304.831,-15.664,457.529,0.208114,0.684317,-0.663316,0.220026,0.575577,1.892607,-1.834524,0.304831,-0.015664,0.457529,-2.205006,-2.21465,-0.037345
3291,1774597116303,36.584303,303.069,-15.754,457.563,0.208059,0.684326,-0.663284,0.220145,0.575391,1.892513,-1.83432,0.303069,-0.015754,0.457563,-2.205259,-2.21471,-0.037677
3292,1774597116314,36.595414,302.256,-15.785,457.494,0.20812,0.684,-0.663612,0.220114,0.575569,1.89164,-1.835256,0.302256,-0.015785,0.457494,-2.205198,-2.214649,-0.037412
3293,1774597116325,36.606526,300.72,-15.788,457.274,0.207985,0.683615,-0.664039,0.220145,0.575186,1.890547,-1.836408,0.30072,-0.015788,0.457274,-2.205021,-2.214516,-0.036417
3294,1774597116336,36.617637,299.948,-15.806,457.242,0.207862,0.683763,-0.663877,0.220293,0.574799,1.890808,-1.835815,0.299948,-0.015806,0.457242,-2.20509,-2.214536,-0.03633
3295,1774597116347,36.628748,299.166,-15.816,457.26,0.207751,0.684074,-0.663574,0.220347,0.574478,1.891612,-1.834925,0.299166,-0.015816,0.45726,-2.205118,-2.214575,-0.036543
3296,1774597116358,36.63986,297.518,-15.883,457.362,0.207719,0.684217,-0.663364,0.220561,0.574324,1.891795,-1.834139,0.297518,-0.015883,0.457362,-2.205356,-2.214864,-0.037197
3297,1774597116369,36.650971,296.733,-15.935,457.387,0.208215,0.68413,-0.663481,0.220013,0.57586,1.892103,-1.834993,0.296733,-0.015935,0.457387,-2.205424,-2.214839,-0.037488
3298,1774597116381,36.662082,295.978,-15.954,457.349,0.207983,0.684176,-0.663429,0.220247,0.575147,1.891995,-1.834622,0.295978,-0.015954,0.457349,-2.205326,-2.214903,-0.037423
3299,1774597116392,36.673193,294.53,-15.995,457.165,0.207916,0.684029,-0.663591,0.22028,0.574953,1.891554,-1.835037,0.29453,-0.015995,0.457165,-2.205301,-2.214795,-0.036546
3300,1774597116403,36.684304,293.827,-16.029,457.12,0.207998,0.68412,-0.663463,0.220305,0.575173,1.891783,-1.834659,0.293827,-0.016029,0.45712,-2.205312,-2.214678,-0.036479
3301,1774597116414,36.695415,292.39,-16.039,457.109,0.207814,0.683926,-0.663687,0.220406,0.574632,1.891145,-1.835181,0.29239,-0.016039,0.457109,-2.205341,-2.214879,-0.036464
3302,1774597116425,36.706527,291.691,-16.059,457.12,0.207819,0.684042,-0.663604,0.220288,0.574684,1.891584,-1.835066,0.291691,-0.016059,0.45712,-2.205294,-2.214973,-0.036582
3303,1774597116436,36.717638,290.968,-16.106,457.154,0.208021,0.684099,-0.663482,0.220292,0.575239,1.891737,-1.834725,0.290968,-0.016106,0.457154,-2.205406,-2.215042,-0.036841
3304,1774597116447,36.728749,289.564,-16.212,457.185,0.207969,0.683901,-0.663668,0.220394,0.575065,1.891088,-1.83514,0.289564,-0.016212,0.457185,-2.205635,-2.215052,-0.037197
3305,1774597116458,36.739861,288.901,-16.23,457.192,0.207813,0.684023,-0.663535,0.220562,0.574582,1.891257,-1.834609,0.288901,-0.01623,0.457192,-2.205622,-2.215103,-0.037384
3306,1774597116469,36.750972,287.681,-16.265,457.047,0.207723,0.683934,-0.663653,0.220568,0.574333,1.891005,-1.83493,0.287681,-0.016265,0.457047,-2.205588,-2.214989,-0.036703
3307,1774597116481,36.762083,287.097,-16.27,456.979,0.207808,0.683491,-0.66412,0.220454,0.574601,1.889895,-1.836333,0.287097,-0.01627,0.456979,-2.205481,-2.214988,-0.036389
3308,1774597116492,36.773195,286.538,-16.304,456.922,0.207675,0.683836,-0.663745,0.220641,0.574178,1.89066,-1.835113,0.286538,-0.016304,0.456922,-2.205422,-2.214878,-0.036148
3309,1774597116503,36.784306,285.358,-16.365,456.948,0.207705,0.683878,-0.663692,0.220643,0.57426,1.890774,-1.834966,0.285358,-0.016365,0.456948,-2.205477,-2.215002,-0.03643
3310,1774597116514,36.795417,284.772,-16.399,456.978,0.207723,0.683828,-0.663709,0.22073,0.574282,1.890549,-1.834929,0.284772,-0.016399,0.456978,-2.205571,-2.215079,-0.036651
3311,1774597116525,36.806528,283.661,-16.498,457.044,0.207675,0.684173,-0.663403,0.220626,0.574181,1.891608,-1.834182,0.283661,-0.016498,0.457044,-2.205704,-2.2151,-0.037134
3312,1774597116536,36.817639,283.155,-16.518,457.038,0.207737,0.684045,-0.663482,0.220726,0.574324,1.891153,-1.834305,0.283155,-0.016518,0.457038,-2.205696,-2.215177,-0.037099
3313,1774597116547,36.828751,282.645,-16.552,457.025,0.20773,0.684182,-0.663383,0.220604,0.574341,1.891654,-1.834149,0.282645,-0.016552,0.457025,-2.205643,-2.215207,-0.03707
3314,1774597116558,36.839862,281.71,-16.615,456.982,0.207744,0.683906,-0.663674,0.220569,0.574389,1.890928,-1.834988,0.28171,-0.016615,0.456982,-2.205625,-2.215196,-0.036902
3315,1774597116569,36.850973,281.251,-16.655,456.941,0.207753,0.684038,-0.663529,0.220588,0.574409,1.891273,-1.834569,0.281251,-0.016655,0.456941,-2.205667,-2.215162,-0.036756
3316,1774597116581,36.862085,280.814,-16.697,456.904,0.207699,0.683802,-0.663733,0.22076,0.574208,1.890448,-1.834965,0.280814,-0.016697,0.456904,-2.20576,-2.215097,-0.036561
3317,1774597116592,36.873196,280.004,-16.763,456.829,0.20764,0.683676,-0.663837,0.220892,0.574005,1.889968,-1.835126,0.280004,-0.016763,0.456829,-2.205641,-2.21509,-0.036318
3318,1774597116603,36.884307,279.627,-16.796,456.778,0.20759,0.683885,-0.663669,0.220796,0.573896,1.890642,-1.834753,0.279627,-0.016796,0.456778,-2.205638,-2.215033,-0.036083
3319,1774597116614,36.895418,278.88,-16.855,456.748,0.207495,0.683627,-0.663948,0.220845,0.573619,1.889879,-1.835478,0.27888,-0.016855,0.456748,-2.205573,-2.215213,-0.035962
3320,1774597116625,36.906529,278.523,-16.888,456.743,0.207552,0.683599,-0.663999,0.220725,0.573811,1.889923,-1.835735,0.278523,-0.016888,0.456743,-2.205583,-2.215227,-0.03593
3321,1774597116636,36.917641,278.156,-16.959,456.76,0.20753,0.683985,-0.663619,0.220692,0.573762,1.891023,-1.834716,0.278156,-0.016959,0.45676,-2.205601,-2.215197,-0.036082
3322,1774597116647,36.928752,277.479,-17.067,456.795,0.207611,0.683766,-0.663829,0.220667,0.573992,1.89044,-1.835319,0.277479,-0.017067,0.456795,-2.205624,-2.215367,-0.036414
3323,1774597116658,36.939863,277.157,-17.111,456.796,0.207493,0.684002,-0.663621,0.22067,0.573664,1.891092,-1.834744,0.277157,-0.017111,0.456796,-2.205602,-2.215456,-0.036483
3324,1774597116669,36.950975,276.602,-17.179,456.754,0.207359,0.684157,-0.663488,0.220718,0.573279,1.89147,-1.834327,0.276602,-0.017179,0.456754,-2.205548,-2.215563,-0.036269
3325,1774597116681,36.962086,276.322,-17.222,456.768,0.207457,0.683823,-0.663853,0.22056,0.573599,1.890705,-1.835492,0.276322,-0.017222,0.456768,-2.205454,-2.215687,-0.036376
3326,1774597116692,36.973198,276.067,-17.26,456.763,0.207332,0.683949,-0.663732,0.22065,0.573225,1.890966,-1.83507,0.276067,-0.01726,0.456763,-2.205482,-2.215742,-0.036335
3327,1774597116703,36.984309,275.577,-17.364,456.751,0.207244,0.683871,-0.663799,0.220773,0.572947,1.890628,-1.835136,0.275577,-0.017364,0.456751,-2.205531,-2.215772,-0.036399
3328,1774597116714,36.99542,275.362,-17.409,456.734,0.207322,0.683934,-0.663708,0.220779,0.573161,1.890795,-1.834877,0.275362,-0.017409,0.456734,-2.205472,-2.215794,-0.036333
3329,1774597116725,37.006531,274.948,-17.504,456.704,0.207289,0.68376,-0.663893,0.220793,0.573065,1.890299,-1.835375,0.274948,-0.017504,0.456704,-2.205385,-2.215869,-0.036255
3330,1774597116736,37.017643,274.755,-17.55,456.679,0.207343,0.683815,-0.663837,0.220739,0.573229,1.890507,-1.835274,0.274755,-0.01755,0.456679,-2.205305,-2.215869,-0.03617
3331,1774597116747,37.028754,274.583,-17.581,456.646,0.2073,0.683866,-0.6638,0.220735,0.573111,1.89065,-1.835173,0.274583,-0.017581,0.456646,-2.205201,-2.21595,-0.035996
3332,1774597116758,37.039865,274.212,-17.689,456.645,0.20734,0.68382,-0.663818,0.220785,0.573208,1.890474,-1.835175,0.274212,-0.017689,0.456645,-2.205222,-2.216004,-0.036123
3333,1774597116769,37.050976,274.067,-17.739,456.612,0.207348,0.683861,-0.663795,0.22072,0.573248,1.890651,-1.835176,0.274067,-0.017739,0.456612,-2.205158,-2.215965,-0.035927
3334,1774597116781,37.062087,273.906,-17.793,456.573,0.207286,0.683832,-0.663823,0.220786,0.573057,1.890504,-1.835188,0.273906,-0.017793,0.456573,-2.205169,-2.216002,-0.035779
3335,1774597116792,37.073199,273.634,-17.88,456.528,0.20729,0.683844,-0.663854,0.220652,0.573109,1.890671,-1.835402,0.273634,-0.01788,0.456528,-2.205096,-2.21606,-0.035579
3336,1774597116803,37.08431,273.483,-17.948,456.516,0.207287,0.683835,-0.663851,0.220691,0.573089,1.890607,-1.835358,0.273483,-0.017948,0.456516,-2.205052,-2.216099,-0.03562
3337,1774597116814,37.095423,273.232,-18.067,456.473,0.207235,0.683713,-0.664008,0.220644,0.572959,1.890317,-1.835839,0.273232,-0.018067,0.456473,-2.204992,-2.216092,-0.035467
3338,1774597116825,37.106534,273.112,-18.141,456.451,0.2072,0.683761,-0.663958,0.220679,0.572852,1.890415,-1.835667,0.273112,-0.018141,0.456451,-2.204919,-2.216125,-0.035464
3339,1774597116836,37.117645,272.984,-18.212,456.438,0.207315,0.683831,-0.663854,0.220669,0.573173,1.890618,-1.835386,0.272984,-0.018212,0.456438,-2.2049,-2.216187,-0.03548
3340,1774597116847,37.128757,272.772,-18.374,456.408,0.207312,0.683678,-0.664028,0.22062,0.573181,1.890245,-1.835915,0.272772,-0.018374,0.456408,-2.204915,-2.21615,-0.035429
3341,1774597116858,37.139868,272.645,-18.474,456.409,0.207225,0.683769,-0.663949,0.220657,0.572929,1.89046,-1.835662,0.272645,-0.018474,0.456409,-2.205032,-2.216112,-0.035574
3342,1774597116869,37.150979,272.453,-18.658,456.371,0.207178,0.683731,-0.663995,0.220681,0.572791,1.890331,-1.835768,0.272453,-0.018658,0.456371,-2.205007,-2.216141,-0.035484
3343,1774597116881,37.162091,272.35,-18.769,456.355,0.207124,0.683713,-0.664021,0.220711,0.572633,1.89025,-1.835808,0.27235,-0.018769,0.456355,-2.20504,-2.216148,-0.035482
3344,1774597116892,37.173202,272.244,-18.89,456.357,0.20715,0.683898,-0.663829,0.220687,0.572712,1.890787,-1.835302,0.272244,-0.01889,0.456357,-2.205056,-2.216192,-0.035574
3345,1774597116903,37.184313,272.05,-19.142,456.343,0.20713,0.683779,-0.663966,0.220664,0.572663,1.890481,-1.835701,0.27205,-0.019142,0.456343,-2.204998,-2.216267,-0.035639
3346,1774597116914,37.195424,271.977,-19.287,456.327,0.207083,0.683856,-0.663886,0.220711,0.572518,1.890647,-1.835435,0.271977,-0.019287,0.456327,-2.204987,-2.216256,-0.035565
3347,1774597116925,37.206536,271.8,-19.624,456.306,0.20705,0.683778,-0.663974,0.22072,0.572426,1.890421,-1.83567,0.2718,-0.019624,0.456306,-2.204961,-2.216337,-0.03561
3348,1774597116936,37.217647,271.735,-19.8,456.282,0.207099,0.683739,-0.664002,0.220711,0.572564,1.890322,-1.835756,0.271735,-0.0198,0.456282,-2.204858,-2.216419,-0.03553
3349,1774597116947,37.228759,271.647,-20.008,456.295,0.207008,0.683851,-0.663917,0.220702,0.572314,1.890643,-1.835531,0.271647,-0.020008,0.456295,-2.204951,-2.216407,-0.035651
3350,1774597116958,37.23987,271.576,-20.228,456.287,0.207026,0.683828,-0.663946,0.22067,0.572374,1.890611,-1.83564,0.271576,-0.020228,0.456287,-2.204956,-2.216413,-0.035641
3351,1774597116969,37.250981,271.453,-20.684,456.261,0.206945,0.683838,-0.663963,0.220664,0.572151,1.890643,-1.835694,0.271453,-0.020684,0.456261,-2.204974,-2.216403,-0.035583
3352,1774597116981,37.262092,271.388,-20.944,456.263,0.206955,0.683794,-0.663995,0.220695,0.57217,1.89049,-1.835753,0.271388,-0.020944,0.456263,-2.205057,-2.216325,-0.035596
3353,1774597116992,37.273204,271.271,-21.496,456.257,0.207098,0.683677,-0.66405,0.22076,0.572547,1.890102,-1.835841,0.271271,-0.021496,0.456257,-2.205194,-2.216223,-0.035629
3354,1774597117003,37.284315,271.235,-21.79,456.246,0.207005,0.683792,-0.663966,0.220739,0.572294,1.890442,-1.835631,0.271235,-0.02179,0.456246,-2.205259,-2.216154,-0.035563
3355,1774597117014,37.295426,271.185,-22.1,456.236,0.206959,0.683627,-0.66418,0.220654,0.572194,1.89007,-1.836303,0.271185,-0.0221,0.456236,-2.20522,-2.216087,-0.035569
3356,1774597117025,37.306538,271.114,-22.729,456.239,0.207015,0.683613,-0.66414,0.220764,0.572314,1.889922,-1.836086,0.271114,-0.022729,0.456239,-2.205177,-2.216092,-0.035489
3357,1774597117036,37.317649,271.087,-23.067,456.219,0.206867,0.683743,-0.664057,0.220748,0.571911,1.890298,-1.835871,0.271087,-0.023067,0.456219,-2.205204,-2.216036,-0.035353
3358,1774597117047,37.32876,271.025,-23.78,456.237,0.207034,0.68366,-0.664061,0.220835,0.572347,1.889982,-1.835801,0.271025,-0.02378,0.456237,-2.205213,-2.215989,-0.035437
3359,1774597117058,37.339871,271.008,-24.141,456.222,0.206963,0.683546,-0.664204,0.220825,0.572154,1.889676,-1.836204,0.271008,-0.024141,0.456222,-2.205051,-2.216036,-0.035361
3360,1774597117069,37.350983,270.959,-24.91,456.229,0.206955,0.683795,-0.663998,0.220683,0.572175,1.890505,-1.835773,0.270959,-0.02491,0.456229,-2.20502,-2.216106,-0.035299
3361,1774597117081,37.362094,270.926,-25.312,456.248,0.207017,0.683612,-0.664168,0.22068,0.572347,1.890001,-1.836246,0.270926,-0.025312,0.456248,-2.204952,-2.21617,-0.035434
3362,1774597117092,37.373205,270.926,-25.312,456.248,0.207054,0.683596,-0.664189,0.220632,0.572463,1.890006,-1.83635,0.270926,-0.025312,0.456248,-2.204952,-2.21617,-0.035434
3363,1774597117103,37.384317,270.906,-26.14,456.229,0.206948,0.683614,-0.664181,0.2207,0.572148,1.889989,-1.836262,0.270906,-0.02614,0.456229,-2.204861,-2.216177,-0.03529
3364,1774597117114,37.395428,270.886,-27.019,456.222,0.207026,0.683295,-0.664472,0.220738,0.572352,1.88907,-1.837029,0.270886,-0.027019,0.456222,-2.20496,-2.216083,-0.035124
3365,1774597117125,37.406539,270.886,-27.019,456.222,0.207127,0.68333,-0.664451,0.220598,0.572676,1.889304,-1.837108,0.270886,-0.027019,0.456222,-2.20496,-2.216083,-0.035124
3366,1774597117136,37.417651,270.861,-27.964,456.239,0.207225,0.68337,-0.664341,0.220715,0.572909,1.889299,-1.836689,0.270861,-0.027964,0.456239,-2.205037,-2.21597,-0.035205
3367,1774597117147,37.428762,270.869,-28.948,456.224,0.207018,0.683613,-0.66417,0.220667,0.572354,1.890019,-1.836264,0.270869,-0.028948,0.456224,-2.205148,-2.21578,-0.034999
3368,1774597117158,37.439874,270.883,-29.981,456.206,0.207086,0.683498,-0.664265,0.220675,0.572538,1.889694,-1.836519,0.270883,-0.029981,0.456206,-2.205173,-2.215661,-0.034799
3369,1774597117169,37.450985,270.881,-30.508,456.218,0.207161,0.683374,-0.664342,0.220757,0.572721,1.889268,-1.836652,0.270881,-0.030508,0.456218,-2.205202,-2.215634,-0.034827
3370,1774597117181,37.462096,270.88,-31.055,456.228,0.207019,0.683481,-0.664245,0.220852,0.572301,1.889469,-1.836291,0.27088,-0.031055,0.456228,-2.205271,-2.215621,-0.034845
3371,1774597117192,37.473207,270.883,-32.173,456.257,0.207052,0.683599,-0.664164,0.220699,0.572436,1.889949,-1.836217,0.270883,-0.032173,0.456257,-2.205357,-2.215513,-0.034918
3372,1774597117203,37.484319,270.89,-32.743,456.258,0.207193,0.683666,-0.664072,0.220638,0.572844,1.890193,-1.83602,0.27089,-0.032743,0.456258,-2.205376,-2.215449,-0.034913
3373,1774597117214,37.49543,270.901,-33.911,456.263,0.207043,0.683547,-0.664241,0.220637,0.572431,1.889866,-1.83649,0.270901,-0.033911,0.456263,-2.205298,-2.2156,-0.034881
3374,1774597117225,37.506541,270.922,-34.527,456.271,0.207249,0.683406,-0.664366,0.220506,0.573039,1.889606,-1.836962,0.270922,-0.034527,0.456271,-2.205288,-2.215558,-0.034856
3375,1774597117236,37.517653,270.926,-35.15,456.257,0.207245,0.683438,-0.6644,0.220307,0.573088,1.889893,-1.83725,0.270926,-0.03515,0.456257,-2.205198,-2.215649,-0.034859
3376,1774597117247,37.528764,270.959,-36.454,456.25,0.20718,0.683302,-0.664472,0.220571,0.572831,1.889254,-1.837193,0.270959,-0.036454,0.45625,-2.205258,-2.215589,-0.034727
3377,1774597117258,37.539875,270.958,-37.111,456.253,0.206858,0.683053,-0.664804,0.220647,0.571916,1.88849,-1.838036,0.270958,-0.037111,0.456253,-2.205221,-2.215708,-0.034853
3378,1774597117269,37.550986,270.995,-38.491,456.243,0.206964,0.683129,-0.664691,0.22065,0.572208,1.888698,-1.83772,0.270995,-0.038491,0.456243,-2.205404,-2.215454,-0.034764
3379,1774597117281,37.562097,270.993,-39.18,456.25,0.20697,0.683346,-0.664397,0.220858,0.572163,1.889091,-1.836705,0.270993,-0.03918,0.45625,-2.205403,-2.215555,-0.034837
3380,1774597117292,37.573209,271.024,-39.889,456.237,0.207032,0.68346,-0.664279,0.220803,0.57235,1.889459,-1.836434,0.271024,-0.039889,0.456237,-2.205508,-2.215439,-0.034681
3381,1774597117303,37.58432,271.055,-41.347,456.231,0.207083,0.683333,-0.664471,0.220572,0.572561,1.889339,-1.837188,0.271055,-0.041347,0.456231,-2.205434,-2.21546,-0.034766
3382,1774597117314,37.595431,271.068,-42.077,456.232,0.206995,0.683475,-0.664331,0.220636,0.572298,1.889667,-1.836738,0.271068,-0.042077,0.456232,-2.205438,-2.215538,-0.03487
3383,1774597117325,37.606542,271.104,-42.813,456.221,0.206969,0.683285,-0.664521,0.220677,0.572215,1.8891,-1.837223,0.271104,-0.042813,0.456221,-2.205323,-2.215652,-0.034725
3384,1774597117336,37.617654,271.151,-44.362,456.214,0.207091,0.683402,-0.664349,0.220717,0.57254,1.889385,-1.836709,0.271151,-0.044362,0.456214,-2.205259,-2.215681,-0.034822
3385,1774597117347,37.628765,271.185,-45.159,456.216,0.206892,0.683502,-0.664276,0.220815,0.571959,1.889564,-1.836412,0.271185,-0.045159,0.456216,-2.205359,-2.215589,-0.034804
3386,1774597117358,37.639876,271.227,-46.806,456.214,0.206996,0.683311,-0.664411,0.220899,0.572221,1.888953,-1.836705,0.271227,-0.046806,0.456214,-2.205572,-2.215471,-0.034908
3387,1774597117369,37.650987,271.275,-47.644,456.19,0.206975,0.683452,-0.664291,0.220846,0.572178,1.889394,-1.836423,0.271275,-0.047644,0.45619,-2.205579,-2.215389,-0.034835
3388,1774597117381,37.662099,271.321,-48.491,456.169,0.207081,0.683422,-0.664268,0.220908,0.572454,1.88925,-1.836301,0.271321,-0.048491,0.456169,-2.205683,-2.215217,-0.034738
3389,1774597117392,37.67321,271.396,-50.164,456.144,0.206876,0.683073,-0.664683,0.22093,0.571881,1.888263,-1.837428,0.271396,-0.050164,0.456144,-2.20557,-2.215375,-0.034585
3390,1774597117403,37.684321,271.457,-51.028,456.106,0.206882,0.683456,-0.664338,0.220778,0.571944,1.889474,-1.83662,0.271457,-0.051028,0.456106,-2.205453,-2.215354,-0.034465
3391,1774597117414,37.695433,271.517,-52.838,456.102,0.207037,0.683448,-0.664313,0.220732,0.572385,1.889499,-1.836596,0.271517,-0.052838,0.456102,-2.205324,-2.215523,-0.034468
3392,1774597117425,37.706544,271.54,-53.768,456.094,0.206957,0.683185,-0.66456,0.220881,0.57212,1.888621,-1.837133,0.27154,-0.053768,0.456094,-2.20518,-2.215608,-0.034445
3393,1774597117436,37.717656,271.559,-54.698,456.106,0.206967,0.683549,-0.664209,0.220799,0.572172,1.889709,-1.836244,0.271559,-0.054698,0.456106,-2.205272,-2.215612,-0.034453
3394,1774597117447,37.728767,271.624,-56.585,456.081,0.206908,0.683173,-0.664546,0.221005,0.571946,1.888465,-1.836974,0.271624,-0.056585,0.456081,-2.205422,-2.215446,-0.034238
3395,1774597117458,37.739878,271.635,-57.527,456.084,0.206829,0.683598,-0.664188,0.22084,0.571778,1.889804,-1.836144,0.271635,-0.057527,0.456084,-2.205314,-2.215592,-0.034213
3396,1774597117469,37.750989,271.685,-59.485,456.085,0.2067,0.683418,-0.66441,0.220853,0.571417,1.889293,-1.836746,0.271685,-0.059485,0.456085,-2.205163,-2.215658,-0.03415
3397,1774597117481,37.762101,271.699,-60.479,456.101,0.206739,0.683181,-0.664599,0.220978,0.571487,1.888513,-1.837147,0.271699,-0.060479,0.456101,-2.205196,-2.215655,-0.034137
3398,1774597117492,37.773212,271.717,-61.481,456.13,0.206795,0.683436,-0.664308,0.221012,0.571631,1.889184,-1.836312,0.271717,-0.061481,0.45613,-2.205288,-2.215602,-0.03414
3399,1774597117503,37.784323,271.776,-63.496,456.163,0.206983,0.68335,-0.664379,0.220889,0.572188,1.88907,-1.836625,0.271776,-0.063496,0.456163,-2.205287,-2.215552,-0.034126
3400,1774597117514,37.795435,271.804,-64.511,456.191,0.206849,0.683256,-0.664483,0.220992,0.571788,1.888707,-1.836814,0.271804,-0.064511,0.456191,-2.205323,-2.215524,-0.034174
3401,1774597117525,37.806546,271.877,-66.573,456.234,0.20696,0.683402,-0.664404,0.220673,0.572191,1.88943,-1.836905,0.271877,-0.066573,0.456234,-2.205234,-2.215542,-0.034086
3402,1774597117536,37.817657,271.908,-67.613,456.278,0.206718,0.683309,-0.664471,0.220988,0.571427,1.888856,-1.836783,0.271908,-0.067613,0.456278,-2.205255,-2.21563,-0.034056
3403,1774597117547,37.828769,271.943,-68.674,456.293,0.206736,0.683683,-0.66415,0.220776,0.57154,1.890103,-1.836103,0.271943,-0.068674,0.456293,-2.205171,-2.215664,-0.033968
3404,1774597117558,37.83988,271.978,-70.846,456.389,0.206805,0.683732,-0.664107,0.22069,0.571756,1.890324,-1.836067,0.271978,-0.070846,0.456389,-2.205127,-2.215783,-0.034131
3405,1774597117569,37.850991,271.994,-71.914,456.431,0.206917,0.683446,-0.664309,0.220865,0.572014,1.889359,-1.836455,0.271994,-0.071914,0.456431,-2.205142,-2.215867,-0.034177
3406,1774597117581,37.862102,272.017,-72.987,456.463,0.206794,0.683558,-0.664274,0.220736,0.571712,1.889798,-1.836484,0.272017,-0.072987,0.456463,-2.205183,-2.215921,-0.034181
3407,1774597117592,37.873214,272.094,-75.148,456.547,0.206754,0.683173,-0.664678,0.220751,0.571597,1.888718,-1.837586,0.272094,-0.075148,0.456547,-2.205005,-2.216117,-0.034368
3408,1774597117603,37.884325,272.126,-76.251,456.561,0.206751,0.683421,-0.664378,0.220888,0.571548,1.889267,-1.836625,0.272126,-0.076251,0.456561,-2.205026,-2.216151,-0.034335
3409,1774597117614,37.895436,272.239,-78.498,456.556,0.206878,0.683209,-0.664557,0.220888,0.571899,1.88868,-1.837118,0.272239,-0.078498,0.456556,-2.205018,-2.215924,-0.034138
3410,1774597117625,37.906547,272.282,-79.633,456.557,0.207172,0.683432,-0.664303,0.220686,0.572772,1.889498,-1.836614,0.272282,-0.079633,0.456557,-2.205194,-2.215717,-0.034137
3411,1774597117636,37.917658,272.331,-80.765,456.566,0.207244,0.683217,-0.664506,0.220671,0.572977,1.888921,-1.837189,0.272331,-0.080765,0.456566,-2.205168,-2.215678,-0.034208
3412,1774597117647,37.928769,272.439,-82.989,456.571,0.206968,0.683564,-0.664196,0.22079,0.572177,1.889761,-1.836217,0.272439,-0.082989,0.456571,-2.205181,-2.215739,-0.034151
3413,1774597117658,37.939881,272.508,-84.12,456.553,0.207063,0.683319,-0.664512,0.220509,0.572526,1.889363,-1.837364,0.272508,-0.08412,0.456553,-2.205002,-2.215835,-0.034071
3414,1774597117669,37.950992,272.635,-86.422,456.501,0.206955,0.683291,-0.66453,0.220642,0.572185,1.889154,-1.837283,0.272635,-0.086422,0.456501,-2.204886,-2.215815,-0.033864
3415,1774597117681,37.962103,272.669,-87.607,456.501,0.20711,0.683194,-0.664555,0.220722,0.572592,1.888805,-1.837276,0.272669,-0.087607,0.456501,-2.205134,-2.215576,-0.034003
3416,1774597117692,37.973214,272.721,-88.763,456.464,0.207033,0.683414,-0.664308,0.220857,0.572337,1.889279,-1.836459,0.272721,-0.088763,0.456464,-2.205116,-2.215461,-0.033951
3417,1774597117703,37.984326,272.809,-91.025,456.471,0.207113,0.683275,-0.664499,0.220635,0.572625,1.889117,-1.837205,0.272809,-0.091025,0.456471,-2.204993,-2.215787,-0.034088
3418,1774597117714,37.995437,272.781,-92.189,456.526,0.206985,0.683206,-0.664595,0.220682,0.572256,1.888879,-1.837424,0.272781,-0.092189,0.456526,-2.205068,-2.215882,-0.034438
3419,1774597117725,38.006548,272.88,-94.494,456.479,0.207055,0.683423,-0.664337,0.220721,0.572439,1.889438,-1.836673,0.27288,-0.094494,0.456479,-2.205118,-2.215846,-0.034374
3420,1774597117736,38.01766,272.915,-95.663,456.469,0.207265,0.683444,-0.664332,0.220474,0.573096,1.889745,-1.836898,0.272915,-0.095663,0.456469,-2.205137,-2.215719,-0.034501
3421,1774597117747,38.028771,272.947,-96.802,456.47,0.207349,0.683411,-0.664292,0.22062,0.573283,1.889506,-1.836646,0.272947,-0.096802,0.45647,-2.205239,-2.215726,-0.034473
3422,1774597117758,38.039882,273.001,-99.084,456.451,0.207439,0.683144,-0.664593,0.220453,0.573581,1.888936,-1.837641,0.273001,-0.099084,0.456451,-2.205257,-2.215611,-0.034621
3423,1774597117769,38.050993,273.018,-100.198,456.441,0.207011,0.683161,-0.664623,0.220712,0.572321,1.888722,-1.837473,0.273018,-0.100198,0.456441,-2.205345,-2.21568,-0.034542
3424,1774597117781,38.062104,273.047,-101.315,456.427,0.207174,0.683319,-0.664432,0.220645,0.572789,1.889228,-1.837009,0.273047,-0.101315,0.456427,-2.205208,-2.215742,-0.034541
3425,1774597117792,38.073216,273.053,-103.548,456.381,0.207303,0.683492,-0.664252,0.220531,0.573182,1.889819,-1.836621,0.273053,-0.103548,0.456381,-2.205113,-2.215772,-0.034483
3426,1774597117803,38.084327,273.044,-104.72,456.339,0.207514,0.683289,-0.664392,0.22054,0.573763,1.889249,-1.837001,0.273044,-0.10472,0.456339,-2.205415,-2.215419,-0.034267
3427,1774597117814,38.095438,273.054,-106.907,456.312,0.207494,0.683322,-0.664378,0.220496,0.57372,1.889385,-1.837005,0.273054,-0.106907,0.456312,-2.205445,-2.21526,-0.034312
3428,1774597117825,38.10655,273.068,-107.956,456.304,0.207325,0.683288,-0.664443,0.220566,0.573232,1.889222,-1.837116,0.273068,-0.107956,0.456304,-2.205375,-2.215385,-0.034204
3429,1774597117836,38.117661,273.065,-109.036,456.308,0.207368,0.683199,-0.664542,0.220502,0.57337,1.88904,-1.837453,0.273065,-0.109036,0.456308,-2.205353,-2.215401,-0.034214
3430,1774597117847,38.128772,273.07,-111.192,456.291,0.207439,0.683412,-0.664307,0.220486,0.573571,1.889643,-1.836818,0.27307,-0.111192,0.456291,-2.205479,-2.215205,-0.034175
3431,1774597117858,38.139883,273.056,-112.263,456.31,0.207642,0.683316,-0.664379,0.220374,0.574166,1.889492,-1.837126,0.273056,-0.112263,0.45631,-2.205468,-2.215232,-0.034242
3432,1774597117869,38.150994,273.041,-114.377,456.368,0.207607,0.683456,-0.664184,0.220561,0.574014,1.88969,-1.836406,0.273041,-0.114377,0.456368,-2.205739,-2.21514,-0.034618
3433,1774597117881,38.162106,273.076,-115.408,456.365,0.207646,0.683373,-0.664303,0.220423,0.574162,1.889598,-1.836868,0.273076,-0.115408,0.456365,-2.205723,-2.21503,-0.034609
3434,1774597117892,38.173217,273.124,-116.41,456.346,0.207468,0.683236,-0.66448,0.220482,0.573653,1.889161,-1.8373,0.273124,-0.11641,0.456346,-2.205621,-2.215016,-0.034534
3435,1774597117903,38.184328,273.205,-118.434,456.329,0.207457,0.683353,-0.664439,0.220254,0.573692,1.889713,-1.837407,0.273205,-0.118434,0.456329,-2.205333,-2.215169,-0.03438
3436,1774597117914,38.19544,273.232,-119.471,456.319,0.20744,0.68321,-0.664551,0.220375,0.573607,1.889196,-1.837601,0.273232,-0.119471,0.456319,-2.205278,-2.215072,-0.03427
3437,1774597117925,38.206551,273.216,-121.509,456.371,0.207522,0.683169,-0.664567,0.220377,0.573835,1.889079,-1.837642,0.273216,-0.121509,0.456371,-2.205503,-2.21498,-0.034442
3438,1774597117936,38.217662,273.24,-122.5,456.371,0.207522,0.683401,-0.664318,0.220407,0.573825,1.889691,-1.836925,0.27324,-0.1225,0.456371,-2.205503,-2.214887,-0.034428
3439,1774597117947,38.228773,273.261,-123.448,456.387,0.207382,0.683448,-0.664338,0.220334,0.573459,1.889896,-1.83705,0.273261,-0.123448,0.456387,-2.20543,-2.215008,-0.034356
3440,1774597117958,38.239884,273.313,-125.349,456.38,0.207509,0.683343,-0.664468,0.220149,0.573867,1.889788,-1.83759,0.273313,-0.125349,0.45638,-2.205089,-2.21506,-0.03428
3441,1774597117969,38.250995,273.332,-126.281,456.378,0.207239,0.683379,-0.664421,0.22043,0.573035,1.889609,-1.837189,0.273332,-0.126281,0.456378,-2.205062,-2.215072,-0.034202
3442,1774597117981,38.262107,273.322,-127.215,456.391,0.207244,0.683416,-0.664428,0.220293,0.573091,1.889846,-1.837339,0.273322,-0.127215,0.456391,-2.205069,-2.215063,-0.034215
3443,1774597117992,38.273218,273.294,-129.054,456.455,0.207334,0.683619,-0.664175,0.22034,0.573326,1.890363,-1.836594,0.273294,-0.129054,0.456455,-2.205214,-2.215082,-0.034437
3444,1774597118003,38.284329,273.265,-129.967,456.485,0.207473,0.683503,-0.664246,0.220353,0.573706,1.890029,-1.836777,0.273265,-0.129967,0.456485,-2.205309,-2.21509,-0.034607
3445,1774597118014,38.29544,273.281,-131.759,456.493,0.20744,0.683427,-0.664358,0.220283,0.573636,1.889886,-1.837157,0.273281,-0.131759,0.456493,-2.205458,-2.21487,-0.034675
3446,1774597118025,38.306552,273.299,-132.622,456.499,0.207582,0.683283,-0.664471,0.220256,0.574036,1.889517,-1.837494,0.273299,-0.132622,0.456499,-2.205504,-2.214797,-0.034671
3447,1774597118036,38.317663,273.323,-133.484,456.481,0.207553,0.683494,-0.664309,0.220116,0.574,1.890241,-1.837182,0.273323,-0.133484,0.456481,-2.205419,-2.214727,-0.034766
3448,1774597118047,38.328774,273.328,-135.16,456.51,0.207521,0.683351,-0.664453,0.220157,0.573899,1.889803,-1.837541,0.273328,-0.13516,0.45651,-2.205421,-2.214893,-0.034898
3449,1774597118058,38.339886,273.312,-136.003,456.524,0.207521,0.683603,-0.664205,0.220124,0.573908,1.890533,-1.836887,0.273312,-0.136003,0.456524,-2.205371,-2.214916,-0.03512
3450,1774597118069,38.350997,273.321,-137.658,456.498,0.207357,0.683417,-0.664382,0.220318,0.573395,1.889826,-1.837189,0.273321,-0.137658,0.456498,-2.205056,-2.215212,-0.035145
3451,1774597118081,38.362109,273.309,-138.478,456.496,0.207646,0.683382,-0.664357,0.220233,0.574221,1.889814,-1.837202,0.273309,-0.138478,0.456496,-2.205078,-2.215174,-0.035329
3452,1774597118092,38.37322,273.327,-139.265,456.466,0.207553,0.683313,-0.664402,0.220399,0.573913,1.889458,-1.837165,0.273327,-0.139265,0.456466,-2.205055,-2.215164,-0.035277
3453,1774597118103,38.384331,273.355,-140.849,456.4,0.207959,0.683343,-0.664385,0.219972,0.575165,1.889965,-1.837534,0.273355,-0.140849,0.4564,-2.205119,-2.214832,-0.035239
3454,1774597118114,38.395443,273.343,-141.611,456.373,0.207863,0.683359,-0.664345,0.220133,0.574851,1.889849,-1.837267,0.273343,-0.141611,0.456373,-2.20519,-2.214815,-0.035247
3455,1774597118125,38.406554,273.359,-143.104,456.33,0.207919,0.683496,-0.66421,0.220065,0.575026,1.890297,-1.836959,0.273359,-0.143104,0.45633,-2.205119,-2.214641,-0.035294
3456,1774597118136,38.417665,273.34,-143.799,456.355,0.207815,0.683528,-0.664209,0.220065,0.574738,1.890386,-1.836957,0.27334,-0.143799,0.456355,-2.205142,-2.214923,-0.03546
3457,1774597118147,38.428777,273.338,-144.527,456.348,0.207986,0.68342,-0.664283,0.220015,0.575229,1.890136,-1.837209,0.273338,-0.144527,0.456348,-2.205186,-2.2148,-0.035499
3458,1774597118158,38.439888,273.332,-145.924,456.311,0.207801,0.683646,-0.664072,0.220126,0.574683,1.890651,-1.836517,0.273332,-0.145924,0.456311,-2.205196,-2.21487,-0.035577
3459,1774597118169,38.451,273.343,-146.606,456.291,0.20807,0.68354,-0.66417,0.219906,0.575492,1.890579,-1.837002,0.273343,-0.146606,0.456291,-2.205209,-2.214793,-0.035538
3460,1774597118181,38.462111,273.371,-147.255,456.279,0.207873,0.683643,-0.664105,0.219968,0.574929,1.8908,-1.836761,0.273371,-0.147255,0.456279,-2.205128,-2.214887,-0.035449
3461,1774597118192,38.473222,273.39,-148.579,456.22,0.207931,0.683444,-0.664267,0.220041,0.575066,1.890177,-1.83714,0.27339,-0.148579,0.45622,-2.205168,-2.214643,-0.035507
3462,1774597118203,38.484333,273.392,-149.193,456.217,0.207892,0.683373,-0.66432,0.220138,0.574931,1.889884,-1.837192,0.273392,-0.149193,0.456217,-2.205134,-2.214732,-0.035507
3463,1774597118214,38.495445,273.395,-150.415,456.199,0.207724,0.683385,-0.664275,0.220395,0.574387,1.889661,-1.836819,0.273395,-0.150415,0.456199,-2.205221,-2.214695,-0.035508
3464,1774597118225,38.506556,273.396,-151.011,456.196,0.207878,0.683453,-0.664214,0.220223,0.574866,1.890021,-1.836815,0.273396,-0.151011,0.456196,-2.205335,-2.214617,-0.035569
3465,1774597118236,38.517667,273.396,-151.591,456.202,0.207909,0.683515,-0.664152,0.22019,0.574961,1.890225,-1.836676,0.273396,-0.151591,0.456202,-2.205199,-2.214714,-0.035705
3466,1774597118247,38.528778,273.396,-152.718,456.171,0.207813,0.683595,-0.664107,0.220166,0.574704,1.890469,-1.836576,0.273396,-0.152718,0.456171,-2.205135,-2.214734,-0.035588
3467,1774597118258,38.53989,273.411,-153.256,456.154,0.207845,0.683513,-0.664197,0.22012,0.574806,1.890289,-1.836868,0.273411,-0.153256,0.456154,-2.205086,-2.21473,-0.03553
3468,1774597118270,38.551001,273.389,-154.311,456.163,0.207829,0.683547,-0.664152,0.220165,0.574747,1.890338,-1.8367,0.273389,-0.154311,0.456163,-2.205024,-2.21487,-0.035664
3469,1774597118281,38.562112,273.389,-154.311,456.163,0.207873,0.683529,-0.664164,0.220143,0.574877,1.890308,-1.836757,0.273389,-0.154311,0.456163,-2.205024,-2.21487,-0.035664
3470,1774597118292,38.573223,273.381,-155.312,456.12,0.207849,0.683541,-0.664167,0.220117,0.574818,1.89037,-1.83679,0.273381,-0.155312,0.45612,-2.205075,-2.214766,-0.03544
3471,1774597118303,38.584335,273.363,-156.229,456.103,0.207797,0.683595,-0.66412,0.220144,0.574666,1.890491,-1.836633,0.273363,-0.156229,0.456103,-2.204982,-2.214899,-0.03544
3472,1774597118314,38.595446,273.373,-156.664,456.086,0.207664,0.68358,-0.664179,0.220138,0.5743,1.890457,-1.836801,0.273373,-0.156664,0.456086,-2.204909,-2.214925,-0.0354
3473,1774597118325,38.606557,273.332,-157.482,456.106,0.207756,0.683687,-0.664006,0.220238,0.574524,1.890653,-1.836228,0.273332,-0.157482,0.456106,-2.204949,-2.214983,-0.035532
3474,1774597118336,38.617668,273.321,-157.878,456.113,0.207772,0.68367,-0.664021,0.220233,0.574569,1.89061,-1.836272,0.273321,-0.157878,0.456113,-2.204982,-2.214984,-0.035588
3475,1774597118347,38.628779,273.301,-158.254,456.101,0.207783,0.68358,-0.664113,0.220225,0.574602,1.890369,-1.836536,0.273301,-0.158254,0.456101,-2.20511,-2.214894,-0.035486
3476,1774597118358,38.639891,273.256,-158.956,456.137,0.207698,0.683747,-0.663989,0.220163,0.574386,1.890892,-1.836251,0.273256,-0.158956,0.456137,-2.205199,-2.21503,-0.035614
3477,1774597118370,38.651002,273.265,-159.267,456.125,0.207628,0.683679,-0.664075,0.220179,0.574187,1.890688,-1.836474,0.273265,-0.159267,0.456125,-2.205138,-2.215094,-0.035557
3478,1774597118381,38.662113,273.263,-159.594,456.112,0.207622,0.683613,-0.664136,0.220202,0.574164,1.890484,-1.836621,0.273263,-0.159594,0.456112,-2.205102,-2.21508,-0.035551
3479,1774597118392,38.673224,273.251,-160.197,456.106,0.207618,0.683643,-0.664093,0.220246,0.574139,1.890522,-1.836458,0.273251,-0.160197,0.456106,-2.205237,-2.214941,-0.035485
3480,1774597118403,38.684336,273.244,-160.477,456.102,0.207675,0.683655,-0.664059,0.220256,0.574292,1.890546,-1.836354,0.273244,-0.160477,0.456102,-2.205246,-2.214971,-0.035438
3481,1774597118414,38.695447,273.2,-161.005,456.131,0.20762,0.683673,-0.664064,0.220237,0.574147,1.890615,-1.836387,0.2732,-0.161005,0.456131,-2.205324,-2.215073,-0.035595
3482,1774597118425,38.706558,273.199,-161.245,456.124,0.207625,0.683705,-0.664029,0.220239,0.57416,1.8907,-1.836289,0.273199,-0.161245,0.456124,-2.205266,-2.215115,-0.035531
3483,1774597118436,38.71767,273.195,-161.467,456.117,0.207708,0.683588,-0.664125,0.220235,0.574393,1.89038,-1.836557,0.273195,-0.161467,0.456117,-2.205232,-2.215184,-0.035486
3484,1774597118447,38.728781,273.224,-161.904,456.084,0.207571,0.683477,-0.66422,0.220423,0.573956,1.889886,-1.836638,0.273224,-0.161904,0.456084,-2.205196,-2.215082,-0.03533
3485,1774597118458,38.739893,273.202,-162.105,456.111,0.207597,0.683452,-0.664234,0.220433,0.574025,1.889807,-1.836666,0.273202,-0.162105,0.456111,-2.205273,-2.21508,-0.035415
3486,1774597118470,38.751004,273.186,-162.487,456.106,0.20746,0.683503,-0.664203,0.220495,0.573627,1.889888,-1.836522,0.273186,-0.162487,0.456106,-2.20537,-2.215064,-0.035369
3487,1774597118481,38.762115,273.174,-162.661,456.127,0.207462,0.683473,-0.664231,0.220503,0.57363,1.889796,-1.836591,0.273174,-0.162661,0.456127,-2.205479,-2.215092,-0.035389
3488,1774597118492,38.773227,273.167,-162.835,456.121,0.207461,0.683489,-0.664217,0.220495,0.573631,1.889849,-1.83656,0.273167,-0.162835,0.456121,-2.205434,-2.215097,-0.035361
3489,1774597118503,38.784338,273.192,-162.733,456.132,0.207945,0.68377,-0.66396,0.219941,0.575138,1.891179,-1.836388,0.273192,-0.162733,0.456132,-2.205257,-2.215295,-0.035478
3490,1774597118514,38.795449,273.196,-162.705,456.157,0.206773,0.683591,-0.664293,0.220595,0.571698,1.89003,-1.836674,0.273196,-0.162705,0.456157,-2.205181,-2.215459,-0.0355
3491,1774597118525,38.80656,273.224,-162.616,456.202,0.206916,0.68376,-0.664203,0.220211,0.57221,1.890881,-1.836796,0.273224,-0.162616,0.456202,-2.204913,-2.21594,-0.03567
3492,1774597118536,38.817672,273.196,-162.697,456.169,0.207777,0.683479,-0.664194,0.220302,0.574562,1.890011,-1.836683,0.273196,-0.162697,0.456169,-2.205179,-2.215538,-0.035538
3493,1774597118547,38.828783,273.192,-162.726,456.142,0.207625,0.683528,-0.664202,0.220265,0.574154,1.890186,-1.836741,0.273192,-0.162726,0.456142,-2.205227,-2.215345,-0.035447
3494,1774597118558,38.839894,273.162,-162.686,456.217,0.207392,0.683638,-0.664075,0.220528,0.573428,1.890226,-1.836135,0.273162,-0.162686,0.456217,-2.205311,-2.215622,-0.035687
3495,1774597118570,38.851006,273.175,-162.67,456.195,0.207377,0.683602,-0.66416,0.220397,0.573427,1.890257,-1.836499,0.273175,-0.16267,0.456195,-2.205197,-2.215638,-0.03561
3496,1774597118581,38.862117,273.194,-162.689,456.167,0.207586,0.683582,-0.664081,0.220501,0.573974,1.890098,-1.836179,0.273194,-0.162689,0.456167,-2.205166,-2.215524,-0.035517
3497,1774597118592,38.873228,273.175,-162.689,456.188,0.207436,0.683591,-0.66414,0.220435,0.573579,1.89019,-1.836407,0.273175,-0.162689,0.456188,-2.205286,-2.215514,-0.035606
3498,1774597118603,38.884339,273.156,-162.686,456.216,0.207348,0.683604,-0.664155,0.220432,0.573335,1.890229,-1.836452,0.273156,-0.162686,0.456216,-2.205325,-2.215556,-0.035671
3499,1774597118614,38.895451,273.152,-162.695,456.212,0.207314,0.683649,-0.664114,0.220449,0.573236,1.890335,-1.836321,0.273152,-0.162695,0.456212,-2.205358,-2.215457,-0.035712
3500,1774597118625,38.906562,273.154,-162.7,456.204,0.207626,0.683652,-0.664021,0.220427,0.574106,1.890365,-1.836084,0.273154,-0.1627,0.456204,-2.205481,-2.215341,-0.035673
3501,1774597118636,38.917673,273.164,-162.693,456.191,0.207585,0.683676,-0.66397,0.220542,0.573959,1.890319,-1.835833,0.273164,-0.162693,0.456191,-2.205423,-2.21536,-0.035572
3502,1774597118647,38.928785,273.162,-162.673,456.219,0.207416,0.683712,-0.664006,0.220484,0.573509,1.890475,-1.835987,0.273162,-0.162673,0.456219,-2.205457,-2.215424,-0.035675
3503,1774597118658,38.939896,273.17,-162.684,456.19,0.207655,0.683643,-0.664009,0.220465,0.574175,1.890302,-1.836013,0.27317,-0.162684,0.45619,-2.205401,-2.215338,-0.035608
3504,1774597118670,38.951007,273.162,-162.693,456.191,0.20768,0.68364,-0.663966,0.220578,0.574209,1.890183,-1.835787,0.273162,-0.162693,0.456191,-2.205462,-2.21532,-0.035573
3505,1774597118681,38.962118,273.162,-162.687,456.204,0.207631,0.683686,-0.663933,0.220581,0.574074,1.890306,-1.835691,0.273162,-0.162687,0.456204,-2.205467,-2.215327,-0.035652
3506,1774597118692,38.97323,273.161,-162.679,456.204,0.20759,0.68362,-0.664015,0.220578,0.573962,1.890128,-1.83592,0.273161,-0.162679,0.456204,-2.20544,-2.215352,-0.035651
3507,1774597118703,38.984341,273.159,-162.695,456.188,0.207539,0.683594,-0.664055,0.220586,0.573819,1.890047,-1.836023,0.273159,-0.162695,0.456188,-2.205498,-2.215251,-0.035594
3508,1774597118714,38.995452,273.17,-162.685,456.17,0.207588,0.683603,-0.664039,0.220559,0.573961,1.890099,-1.836005,0.27317,-0.162685,0.45617,-2.205384,-2.215292,-0.035512
3509,1774597118725,39.006563,273.163,-162.68,456.181,0.207599,0.683579,-0.664072,0.220522,0.574003,1.89007,-1.836134,0.273163,-0.16268,0.456181,-2.205411,-2.21532,-0.035556
3510,1774597118736,39.017675,273.174,-162.683,456.168,0.207603,0.683606,-0.664057,0.220482,0.574026,1.890183,-1.83613,0.273174,-0.162683,0.456168,-2.205394,-2.215274,-0.03546
3511,1774597118747,39.028786,273.168,-162.691,456.17,0.207614,0.683596,-0.664061,0.22049,0.574055,1.890148,-1.836134,0.273168,-0.162691,0.45617,-2.2054,-2.215256,-0.035543
3512,1774597118758,39.039897,273.177,-162.689,456.151,0.207507,0.683559,-0.664121,0.220524,0.573747,1.890013,-1.836267,0.273177,-0.162689,0.456151,-2.205327,-2.215205,-0.035445
3513,1774597118770,39.051009,273.165,-162.693,456.165,0.20749,0.683533,-0.664159,0.220507,0.573707,1.889957,-1.836389,0.273165,-0.162693,0.456165,-2.205398,-2.215199,-0.035474
3514,1774597118781,39.06212,273.182,-162.684,456.151,0.207578,0.683491,-0.664185,0.220478,0.573958,1.88987,-1.836487,0.273182,-0.162684,0.456151,-2.205364,-2.215188,-0.035416
3515,1774597118792,39.073231,273.19,-162.689,456.132,0.207449,0.68363,-0.664054,0.220563,0.573577,1.890169,-1.836044,0.27319,-0.162689,0.456132,-2.205308,-2.215182,-0.03532
3516,1774597118803,39.084342,273.183,-162.681,456.151,0.207406,0.683636,-0.664071,0.220533,0.573465,1.890215,-1.83612,0.273183,-0.162681,0.456151,-2.205308,-2.215237,-0.035363
3517,1774597118814,39.095454,273.185,-162.686,456.136,0.207387,0.683678,-0.664026,0.220557,0.573407,1.890307,-1.835971,0.273185,-0.162686,0.456136,-2.205256,-2.215186,-0.035422
3518,1774597118825,39.106565,273.187,-162.686,456.138,0.207413,0.683681,-0.664023,0.22053,0.573486,1.890342,-1.835991,0.273187,-0.162686,0.456138,-2.205259,-2.215215,-0.035376
3519,1774597118836,39.117676,273.183,-162.69,456.143,0.207449,0.68366,-0.664039,0.220511,0.573593,1.890305,-1.836053,0.273183,-0.16269,0.456143,-2.205333,-2.21513,-0.035392
3520,1774597118847,39.128788,273.185,-162.683,456.14,0.207419,0.68366,-0.664046,0.220523,0.573504,1.890292,-1.83606,0.273185,-0.162683,0.45614,-2.205313,-2.215136,-0.035382
3521,1774597118858,39.139899,273.186,-162.694,456.135,0.207392,0.68363,-0.664089,0.220513,0.573433,1.890218,-1.836188,0.273186,-0.162694,0.456135,-2.205287,-2.215163,-0.035381
3522,1774597118870,39.15101,273.194,-162.684,456.129,0.207413,0.683634,-0.664081,0.220502,0.573495,1.890241,-1.836178,0.273194,-0.162684,0.456129,-2.205309,-2.215157,-0.035325
3523,1774597118881,39.162122,273.174,-162.69,456.153,0.207416,0.683615,-0.664085,0.220544,0.573492,1.890147,-1.836149,0.273174,-0.16269,0.456153,-2.205315,-2.215166,-0.03543
3524,1774597118892,39.173233,273.189,-162.69,456.125,0.207451,0.683641,-0.664055,0.220523,0.573594,1.890239,-1.836086,0.273189,-0.16269,0.456125,-2.205322,-2.215117,-0.035304
3525,1774597118903,39.184344,273.184,-162.694,456.137,0.207351,0.683613,-0.664105,0.220551,0.573309,1.890134,-1.836197,0.273184,-0.162694,0.456137,-2.205327,-2.215151,-0.035403
3526,1774597118914,39.195456,273.19,-162.676,456.138,0.207335,0.683636,-0.664091,0.220539,0.573269,1.89021,-1.83617,0.27319,-0.162676,0.456138,-2.205328,-2.215151,-0.035336
3527,1774597118925,39.206567,273.173,-162.689,456.147,0.207352,0.683635,-0.664083,0.22055,0.573313,1.890195,-1.836138,0.273173,-0.162689,0.456147,-2.205353,-2.215152,-0.035425
3528,1774597118936,39.217678,273.181,-162.686,456.138,0.207357,0.683635,-0.664086,0.220538,0.573328,1.890208,-1.836157,0.273181,-0.162686,0.456138,-2.205342,-2.215138,-0.035336
3529,1774597118947,39.22879,273.188,-162.69,456.124,0.207338,0.683645,-0.664082,0.220534,0.573277,1.89024,-1.836151,0.273188,-0.16269,0.456124,-2.205289,-2.215136,-0.035292
3530,1774597118958,39.239901,273.194,-162.681,456.128,0.207314,0.683605,-0.664095,0.220641,0.573179,1.890023,-1.836082,0.273194,-0.162681,0.456128,-2.205282,-2.215129,-0.035282
3531,1774597118970,39.251012,273.179,-162.688,456.142,0.207287,0.683629,-0.664068,0.220675,0.573094,1.890055,-1.835975,0.273179,-0.162688,0.456142,-2.205319,-2.215169,-0.035388
3532,1774597118981,39.262124,273.188,-162.687,456.125,0.2073,0.683563,-0.664125,0.220697,0.573122,1.889849,-1.836109,0.273188,-0.162687,0.456125,-2.20523,-2.215158,-0.035379
3533,1774597118992,39.273235,273.182,-162.691,456.133,0.207322,0.683551,-0.664134,0.220686,0.573186,1.889828,-1.836144,0.273182,-0.162691,0.456133,-2.205317,-2.215166,-0.035361
3534,1774597119003,39.284347,273.187,-162.688,456.136,0.207313,0.683519,-0.664146,0.220758,0.573141,1.889667,-1.836107,0.273187,-0.162688,0.456136,-2.20531,-2.215132,-0.03533
3535,1774597119014,39.295458,273.19,-162.697,456.117,0.207297,0.683502,-0.66418,0.220722,0.573106,1.889657,-1.836237,0.27319,-0.162697,0.456117,-2.205319,-2.21506,-0.035302
3536,1774597119025,39.306569,273.188,-162.691,456.121,0.207322,0.683485,-0.664208,0.220666,0.573193,1.889665,-1.83637,0.273188,-0.162691,0.456121,-2.205273,-2.215122,-0.035338
3537,1774597119036,39.31768,273.184,-162.693,456.133,0.207343,0.683476,-0.664214,0.220657,0.573255,1.889649,-1.836396,0.273184,-0.162693,0.456133,-2.205305,-2.215127,-0.035344
3538,1774597119047,39.328791,273.174,-162.685,456.132,0.207342,0.683442,-0.664243,0.220676,0.573246,1.889537,-1.836456,0.273174,-0.162685,0.456132,-2.205319,-2.215167,-0.035294
3539,1774597119058,39.339903,273.187,-162.684,456.132,0.207355,0.683438,-0.664247,0.220664,0.573284,1.889538,-1.836479,0.273187,-0.162684,0.456132,-2.205254,-2.215182,-0.03537
3540,1774597119070,39.351014,273.2,-162.688,456.11,0.207387,0.683453,-0.664217,0.220677,0.573369,1.889566,-1.836384,0.2732,-0.162688,0.45611,-2.205226,-2.215125,-0.035279
3541,1774597119081,39.362125,273.194,-162.689,456.121,0.207391,0.683453,-0.664215,0.22068,0.57338,1.889564,-1.836377,0.273194,-0.162689,0.456121,-2.205277,-2.215097,-0.035275
3542,1774597119092,39.373237,273.19,-162.699,456.111,0.207455,0.683482,-0.664165,0.22068,0.573558,1.889645,-1.836236,0.27319,-0.162699,0.456111,-2.205307,-2.215021,-0.035285
3543,1774597119103,39.384348,273.197,-162.683,456.126,0.207349,0.683454,-0.66421,0.220734,0.573246,1.889512,-1.836309,0.273197,-0.162683,0.456126,-2.205244,-2.21517,-0.035306
3544,1774597119114,39.395459,273.19,-162.686,456.123,0.207344,0.683457,-0.664198,0.220763,0.573226,1.88949,-1.836249,0.27319,-0.162686,0.456123,-2.205232,-2.215158,-0.035311
3545,1774597119125,39.406571,273.185,-162.691,456.125,0.207375,0.683412,-0.664245,0.220731,0.573321,1.8894,-1.836408,0.273185,-0.162691,0.456125,-2.20532,-2.215089,-0.035349
3546,1774597119136,39.417682,273.172,-162.687,456.146,0.207378,0.683404,-0.664234,0.220784,0.573312,1.889325,-1.836328,0.273172,-0.162687,0.456146,-2.205352,-2.215149,-0.035399
3547,1774597119147,39.428793,273.187,-162.687,456.129,0.207361,0.683363,-0.664291,0.220757,0.573273,1.889238,-1.836511,0.273187,-0.162687,0.456129,-2.205287,-2.215108,-0.035338
3548,1774597119158,39.439904,273.194,-162.686,456.125,0.207365,0.683359,-0.664288,0.220774,0.57328,1.889209,-1.836486,0.273194,-0.162686,0.456125,-2.205291,-2.215111,-0.035297
3549,1774597119170,39.451015,273.199,-162.692,456.113,0.207322,0.683369,-0.664278,0.220815,0.573147,1.889197,-1.836418,0.273199,-0.162692,0.456113,-2.205265,-2.215058,-0.035259
3550,1774597119187,39.468384,273.199,-162.692,456.113,0.207316,0.683384,-0.664274,0.220786,0.573142,1.889266,-1.836436,0.273199,-0.162692,0.456113,-2.205265,-2.215058,-0.035259
3551,1774597119198,39.479495,273.191,-162.688,456.126,0.207309,0.683388,-0.664268,0.220798,0.573118,1.889266,-1.836408,0.273191,-0.162688,0.456126,-2.205287,-2.215136,-0.03536
3552,1774597119209,39.490607,273.203,-162.687,456.107,0.207275,0.683402,-0.664257,0.220819,0.573019,1.889283,-1.836357,0.273203,-0.162687,0.456107,-2.205214,-2.215085,-0.035262
3553,1774597119220,39.501718,273.184,-162.689,456.12,0.207269,0.683398,-0.66426,0.220829,0.572998,1.889264,-1.836355,0.273184,-0.162689,0.45612,-2.205252,-2.215099,-0.03528
3554,1774597119231,39.512829,273.186,-162.691,456.13,0.207248,0.683415,-0.664248,0.220832,0.572939,1.889307,-1.836317,0.273186,-0.162691,0.45613,-2.205323,-2.215119,-0.035329
3555,1774597119242,39.52394,273.189,-162.691,456.124,0.207243,0.683431,-0.664234,0.22083,0.572927,1.889352,-1.836283,0.273189,-0.162691,0.456124,-2.2053,-2.215095,-0.035338
3556,1774597119254,39.535052,273.187,-162.688,456.12,0.207234,0.683414,-0.66424,0.220874,0.572887,1.889262,-1.836256,0.273187,-0.162688,0.45612,-2.20529,-2.215111,-0.035297
3557,1774597119265,39.546163,273.187,-162.688,456.12,0.20718,0.683451,-0.664201,0.220926,0.572722,1.889313,-1.836098,0.273187,-0.162688,0.45612,-2.20529,-2.215111,-0.035297
3558,1774597119276,39.557275,273.189,-162.689,456.12,0.207188,0.683456,-0.664198,0.220914,0.572749,1.889337,-1.8361,0.273189,-0.162689,0.45612,-2.205327,-2.215094,-0.035267
3559,1774597119287,39.568386,273.193,-162.692,456.12,0.207085,0.683478,-0.664195,0.22095,0.572452,1.889364,-1.836058,0.273193,-0.162692,0.45612,-2.205293,-2.215088,-0.035327
3560,1774597119298,39.579497,273.192,-162.685,456.121,0.207082,0.683474,-0.6642,0.220951,0.572444,1.889351,-1.836071,0.273192,-0.162685,0.456121,-2.20524,-2.215114,-0.035306
3561,1774597119309,39.590608,273.181,-162.685,456.137,0.207089,0.683487,-0.66419,0.220934,0.57247,1.889403,-1.83606,0.273181,-0.162685,0.456137,-2.205285,-2.215161,-0.035355
