FrameNumber,TimeStamp_ms,TimeFromStart_s,X_mm,Y_mm,Z_mm,QX,QY,QZ,QW,RX_rad,RY_rad,RZ_rad,TCP_X_m,TCP_Y_m,TCP_Z_m,TCP_RX_rad,TCP_RY_rad,TCP_RZ_rad
1101,1776148690318,12.240746,-578.2649,114.1874,-359.9502,-0.202931,0.749031,-0.576641,0.255454,-0.550967,2.033648,-1.565605,-0.453085,0.057787,0.414775,0.902377,2.324189,0.059545
1102,1776148690329,12.251857,-578.1917,114.1692,-359.8821,-0.202804,0.749133,-0.576592,0.255366,-0.550645,2.034019,-1.56554,-0.453084,0.057803,0.414789,0.902494,2.324133,0.059117
1103,1776148690340,12.262969,-578.2654,114.2392,-360.1387,-0.202963,0.74884,-0.576779,0.255678,-0.550989,2.032896,-1.565797,-0.453071,0.057834,0.414777,0.90271,2.323902,0.058177
1104,1776148690352,12.27408,-578.1859,114.1842,-360.084,-0.20273,0.74907,-0.576739,0.255279,-0.550469,2.033939,-1.56601,-0.453065,0.057876,0.414798,0.902958,2.323886,0.057699
1105,1776148690363,12.285191,-578.2665,114.1512,-360.3727,-0.203053,0.748462,-0.577056,0.256088,-0.551117,2.031441,-1.566219,-0.453072,0.057887,0.414761,0.903074,2.323613,0.057281
1106,1776148690374,12.296303,-578.4207,114.2048,-360.2857,-0.202927,0.748284,-0.57739,0.255954,-0.550813,2.031098,-1.567234,-0.453059,0.057933,0.414749,0.903201,2.323463,0.056303
1107,1776148690385,12.307414,-578.3931,114.1136,-360.5123,-0.203421,0.748426,-0.577005,0.256016,-0.552136,2.031418,-1.566139,-0.453057,0.057957,0.414738,0.90335,2.323305,0.055853
1108,1776148690396,12.318525,-578.3054,114.1468,-360.6283,-0.202971,0.747875,-0.577733,0.256342,-0.550822,2.029582,-1.567851,-0.453038,0.05801,0.414761,0.903604,2.323223,0.054852
1109,1776148690407,12.329636,-578.2639,114.1212,-360.4355,-0.203429,0.748386,-0.577013,0.256108,-0.552133,2.031213,-1.566087,-0.453037,0.058035,0.414757,0.903821,2.32305,0.054485
1110,1776148690418,12.340747,-578.3456,114.0336,-360.4205,-0.203082,0.748013,-0.577637,0.256066,-0.551202,2.030246,-1.567814,-0.453026,0.058067,0.41472,0.9039,2.322879,0.053991
1111,1776148690429,12.351859,-578.4688,114.176,-360.7391,-0.203156,0.747752,-0.577844,0.256303,-0.551335,2.029289,-1.568184,-0.453031,0.058093,0.414695,0.904,2.322673,0.053143
1112,1776148690440,12.36297,-578.4762,114.1991,-360.4998,-0.202974,0.747918,-0.577865,0.255916,-0.550951,2.030143,-1.568552,-0.453012,0.058108,0.414718,0.904093,2.322675,0.052689
1113,1776148690452,12.374081,-578.4672,113.9854,-360.7913,-0.203027,0.747427,-0.578199,0.256553,-0.550915,2.028146,-1.568947,-0.452986,0.058146,0.414745,0.904424,2.322561,0.051796
1114,1776148690463,12.385192,-578.4144,113.9869,-360.5852,-0.203075,0.747333,-0.578271,0.256626,-0.551023,2.027815,-1.569082,-0.452987,0.058183,0.414718,0.904584,2.322409,0.051386
1115,1776148690474,12.396304,-578.487,114.2806,-360.4984,-0.203557,0.746869,-0.578368,0.257375,-0.552119,2.025777,-1.568741,-0.452992,0.058214,0.414683,0.904727,2.322251,0.050941
1116,1776148690485,12.407415,-578.4753,114.0669,-360.5658,-0.203577,0.746567,-0.57863,0.257648,-0.552095,2.024672,-1.569232,-0.452976,0.058265,0.414659,0.904862,2.322082,0.049998
1117,1776148690496,12.418526,-578.5141,114.1474,-360.666,-0.203458,0.746708,-0.578687,0.257203,-0.551898,2.025519,-1.569744,-0.452973,0.058292,0.414643,0.904939,2.322011,0.049576
1118,1776148690507,12.429637,-578.5958,114.0654,-360.7388,-0.203412,0.746351,-0.579007,0.257556,-0.551674,2.024182,-1.570329,-0.452942,0.058362,0.414647,0.905228,2.321946,0.048713
1119,1776148690518,12.440748,-578.6606,114.2333,-360.6839,-0.203533,0.746285,-0.579067,0.257517,-0.552015,2.024044,-1.570521,-0.452939,0.058382,0.414619,0.905305,2.321812,0.048326
1120,1776148690529,12.45186,-578.6572,114.2602,-360.7945,-0.203337,0.746169,-0.579304,0.257475,-0.551495,2.023773,-1.5712,-0.452919,0.05843,0.414636,0.905524,2.321788,0.047915
1121,1776148690540,12.462971,-578.4818,114.0298,-360.9067,-0.203371,0.745947,-0.579528,0.257586,-0.551555,2.023055,-1.571717,-0.452896,0.058477,0.414616,0.905714,2.321648,0.047004
1122,1776148690552,12.474082,-578.6376,114.0429,-360.9927,-0.203394,0.745698,-0.579692,0.25792,-0.551522,2.022035,-1.571892,-0.452885,0.0585,0.41463,0.905844,2.321606,0.046655
1123,1776148690563,12.485193,-578.6472,113.9657,-361.1639,-0.203722,0.745835,-0.57938,0.257964,-0.552399,2.02236,-1.571011,-0.45288,0.058597,0.414564,0.906111,2.321293,0.045741
1124,1776148690574,12.496305,-578.7328,114.0396,-361.2038,-0.203542,0.745569,-0.579723,0.258106,-0.551872,2.021492,-1.571825,-0.452868,0.058617,0.414574,0.906159,2.321296,0.045335
1125,1776148690585,12.507416,-578.7347,114.0556,-361.1102,-0.203677,0.745401,-0.579806,0.258297,-0.552184,2.020836,-1.571897,-0.452866,0.05865,0.414542,0.906288,2.321177,0.044984
1126,1776148690596,12.518527,-578.7868,114.1033,-361.0732,-0.203586,0.745247,-0.580061,0.258243,-0.551951,2.020474,-1.57263,-0.45284,0.058699,0.414549,0.906501,2.321063,0.044199
1127,1776148690607,12.529639,-578.7595,114.0651,-361.1588,-0.203561,0.745086,-0.580216,0.258379,-0.551846,2.019898,-1.572941,-0.45282,0.058735,0.414576,0.906665,2.321097,0.043782
1128,1776148690618,12.54075,-578.7157,113.9384,-361.1848,-0.203543,0.745219,-0.580144,0.258171,-0.551856,2.020474,-1.572915,-0.45283,0.058744,0.414506,0.90663,2.32089,0.043395
1129,1776148690629,12.551861,-578.6586,113.8873,-361.3432,-0.203638,0.745045,-0.580235,0.258394,-0.552051,2.019772,-1.572981,-0.452818,0.058824,0.414493,0.906848,2.320744,0.042637
1130,1776148690640,12.562972,-578.7474,114.0292,-361.3304,-0.203582,0.744804,-0.580476,0.258589,-0.551843,2.018917,-1.573478,-0.452814,0.058832,0.414474,0.906924,2.320686,0.042263
1131,1776148690652,12.574084,-578.8447,113.8613,-361.2521,-0.203572,0.744657,-0.580679,0.258565,-0.551822,2.018542,-1.574048,-0.452802,0.058904,0.414457,0.907121,2.320574,0.04148
1132,1776148690663,12.585195,-578.9138,113.8716,-361.2677,-0.203708,0.744769,-0.580517,0.258499,-0.552209,2.018914,-1.573662,-0.452787,0.058959,0.414454,0.907328,2.320478,0.041021
1133,1776148690674,12.596306,-578.9623,113.7752,-361.3361,-0.203734,0.744592,-0.580667,0.258651,-0.552238,2.018277,-1.573946,-0.452803,0.058992,0.414391,0.90733,2.320241,0.04061
1134,1776148690685,12.607418,-578.9448,113.7051,-361.2779,-0.203857,0.744174,-0.580912,0.259209,-0.552413,2.016565,-1.574157,-0.452785,0.059056,0.414365,0.907544,2.320035,0.039758
1135,1776148690696,12.618529,-578.9265,113.6341,-361.3979,-0.203747,0.744057,-0.58118,0.259029,-0.552166,2.016434,-1.57503,-0.452781,0.059074,0.414361,0.907643,2.320006,0.039385
1136,1776148690707,12.62964,-578.9785,113.6174,-361.3383,-0.203926,0.743708,-0.581334,0.259544,-0.552503,2.014958,-1.57503,-0.452789,0.059145,0.41431,0.907772,2.319757,0.038446
1137,1776148690718,12.640751,-579.1117,113.5939,-361.5094,-0.203847,0.743968,-0.581183,0.259201,-0.552387,2.016016,-1.574898,-0.452777,0.059201,0.414299,0.90795,2.319632,0.03802
1138,1776148690729,12.651863,-578.9756,113.4649,-361.6118,-0.203917,0.743416,-0.581664,0.25965,-0.55245,2.014056,-1.575838,-0.452785,0.059222,0.414271,0.907981,2.319565,0.037604
1139,1776148690740,12.662974,-579.0332,113.5803,-361.5636,-0.203877,0.743309,-0.58183,0.259617,-0.55235,2.0138,-1.576315,-0.452775,0.059289,0.414254,0.908144,2.319491,0.036817
1140,1776148690752,12.674085,-579.0126,113.4264,-361.6977,-0.203908,0.743216,-0.581922,0.259651,-0.552426,2.013513,-1.576536,-0.452768,0.05932,0.41426,0.908207,2.3195,0.036371
1141,1776148690763,12.685196,-578.9393,113.6571,-361.821,-0.203764,0.743067,-0.58212,0.259745,-0.552009,2.013013,-1.576998,-0.452773,0.059341,0.414226,0.90826,2.319372,0.036009
1142,1776148690774,12.696308,-579.0386,113.5608,-361.7333,-0.203908,0.742983,-0.582172,0.259759,-0.552394,2.012769,-1.577126,-0.452748,0.059391,0.41423,0.908462,2.319335,0.035196
1143,1776148690785,12.707419,-579.0612,113.4779,-361.9833,-0.204014,0.742655,-0.582419,0.260058,-0.552598,2.011572,-1.577555,-0.452749,0.059417,0.414214,0.908482,2.319271,0.034788
1144,1776148690796,12.71853,-578.9644,113.5012,-361.9893,-0.204155,0.742675,-0.582395,0.259944,-0.553012,2.011743,-1.577581,-0.452753,0.059472,0.414162,0.908489,2.319167,0.033981
1145,1776148690807,12.729642,-578.9988,113.4846,-362.2688,-0.204089,0.742548,-0.582559,0.259992,-0.552819,2.01135,-1.577988,-0.452737,0.059522,0.41415,0.908628,2.319083,0.03349
1146,1776148690818,12.740753,-579.0895,113.5296,-362.1697,-0.204092,0.742633,-0.582595,0.259663,-0.552921,2.011922,-1.578351,-0.45273,0.059561,0.414164,0.908698,2.319153,0.03307
1147,1776148690829,12.751864,-579.2116,113.5717,-362.0756,-0.204042,0.742377,-0.58276,0.260064,-0.55267,2.010814,-1.578473,-0.452698,0.059628,0.414173,0.908831,2.319089,0.032226
1148,1776148690840,12.762975,-579.1907,113.4051,-362.1238,-0.20405,0.742078,-0.583103,0.260144,-0.552669,2.009921,-1.579337,-0.452686,0.059668,0.414167,0.908924,2.319073,0.031829
1149,1776148690852,12.774087,-579.2159,113.3789,-362.0858,-0.204234,0.741932,-0.58319,0.260222,-0.553147,2.009446,-1.579509,-0.452682,0.059725,0.414127,0.908974,2.318991,0.030985
1150,1776148690863,12.785198,-579.2432,113.3972,-362.1511,-0.204071,0.741839,-0.583311,0.260342,-0.552672,2.009071,-1.579739,-0.452673,0.059772,0.414102,0.909069,2.318897,0.030547
1151,1776148690874,12.796309,-579.2885,113.3747,-362.3134,-0.204221,0.741711,-0.583488,0.260192,-0.55312,2.008879,-1.580342,-0.45267,0.059823,0.414102,0.909071,2.318915,0.030087
1152,1776148690885,12.80742,-579.3586,113.525,-362.3637,-0.204269,0.741483,-0.583616,0.260519,-0.553157,2.007924,-1.580422,-0.452658,0.0599,0.414072,0.90921,2.318798,0.029179
1153,1776148690896,12.818531,-579.4121,113.6231,-362.3827,-0.204422,0.741388,-0.583722,0.260431,-0.553596,2.007756,-1.580779,-0.452655,0.059929,0.414049,0.909156,2.318762,0.028749
1154,1776148690907,12.829643,-579.4429,113.5919,-362.5522,-0.204375,0.741267,-0.583772,0.2607,-0.553394,2.007154,-1.580697,-0.452627,0.06001,0.414061,0.909354,2.318725,0.027887
1155,1776148690918,12.840754,-579.4091,113.5389,-362.4766,-0.204434,0.741058,-0.583942,0.260867,-0.553505,2.006415,-1.581025,-0.452631,0.06007,0.414046,0.90945,2.318655,0.02742
1156,1776148690929,12.851865,-579.3547,113.3765,-362.6201,-0.204443,0.740863,-0.58418,0.260881,-0.553525,2.005873,-1.581655,-0.452622,0.06011,0.414033,0.90952,2.318621,0.026978
1157,1776148690940,12.862977,-579.3407,113.4398,-362.6866,-0.204343,0.740706,-0.584422,0.260861,-0.553261,2.005469,-1.582328,-0.452606,0.060184,0.414015,0.909678,2.318523,0.02609
1158,1776148690952,12.874088,-579.3384,113.317,-362.7235,-0.204304,0.740444,-0.584635,0.261162,-0.553069,2.004447,-1.582659,-0.452597,0.060222,0.414004,0.90982,2.318437,0.025656
1159,1776148690963,12.885199,-579.3221,113.3666,-362.5894,-0.204549,0.740419,-0.584579,0.261166,-0.55373,2.004376,-1.582505,-0.452592,0.060277,0.414023,0.910002,2.318472,0.024765
1160,1776148690974,12.896311,-579.3483,113.2909,-362.7734,-0.204448,0.740181,-0.584864,0.261279,-0.553427,2.003616,-1.583186,-0.452588,0.060339,0.413992,0.910072,2.318362,0.024226
1161,1776148690985,12.907422,-579.5165,113.4845,-362.8001,-0.204632,0.740136,-0.584846,0.261306,-0.553916,2.003466,-1.583114,-0.452581,0.060371,0.414012,0.910153,2.318376,0.023786
1162,1776148690996,12.918533,-579.6134,113.3326,-362.8103,-0.204439,0.739798,-0.585233,0.261545,-0.553325,2.002308,-1.583969,-0.452572,0.060444,0.413977,0.910371,2.318214,0.022921
1163,1776148691007,12.929644,-579.5839,113.3076,-362.8563,-0.204639,0.739621,-0.585365,0.261594,-0.553854,2.001777,-1.584286,-0.452571,0.060469,0.413974,0.910424,2.318227,0.022515
1164,1776148691018,12.940755,-579.6122,113.2496,-362.9341,-0.204513,0.739401,-0.58568,0.26161,-0.553507,2.001166,-1.585125,-0.452566,0.060508,0.413949,0.910486,2.318121,0.02196
1165,1776148691029,12.951867,-579.5181,113.2317,-363.1596,-0.204458,0.739377,-0.585711,0.261653,-0.553347,2.001056,-1.585173,-0.452557,0.06059,0.413923,0.910696,2.317988,0.021045
1166,1776148691040,12.962978,-579.4938,113.1624,-363.0282,-0.204524,0.739086,-0.586003,0.26177,-0.553491,2.000149,-1.585868,-0.452543,0.060637,0.413949,0.910897,2.318007,0.020597
1167,1776148691052,12.974089,-579.5273,113.1199,-363.1668,-0.204713,0.738857,-0.58607,0.262116,-0.553907,1.999175,-1.585771,-0.452502,0.060703,0.413949,0.911044,2.317963,0.019586
1168,1776148691063,12.9852,-579.6019,113.1788,-363.242,-0.204677,0.738711,-0.586296,0.262052,-0.553827,1.998846,-1.586432,-0.452496,0.06073,0.413937,0.911146,2.317893,0.019117
1169,1776148691074,12.996312,-579.7203,113.0961,-363.3228,-0.204794,0.738804,-0.586171,0.261976,-0.554164,1.999176,-1.586157,-0.452505,0.060739,0.413887,0.911135,2.317763,0.018715
1170,1776148691085,13.007423,-579.8244,113.095,-363.35,-0.204669,0.738617,-0.586375,0.262146,-0.553778,1.998495,-1.586569,-0.452481,0.060822,0.413904,0.911377,2.317733,0.017772
1171,1776148691096,13.018534,-579.7134,113.1485,-363.3972,-0.204656,0.738247,-0.586845,0.262145,-0.553744,1.997496,-1.587843,-0.452473,0.060862,0.413897,0.911422,2.317708,0.01728
1172,1776148691107,13.029645,-579.7792,113.1643,-363.5984,-0.204597,0.738188,-0.586907,0.26222,-0.553563,1.997258,-1.587949,-0.452447,0.060956,0.41392,0.911732,2.317665,0.016243
1173,1776148691118,13.040757,-579.7958,113.1895,-363.4911,-0.204795,0.738068,-0.586958,0.262288,-0.554079,1.996865,-1.588033,-0.452445,0.060986,0.413893,0.911779,2.317486,0.015752
1174,1776148691129,13.051868,-579.8475,113.2014,-363.4183,-0.204818,0.73778,-0.587228,0.262477,-0.554088,1.995892,-1.58861,-0.452438,0.061018,0.413889,0.911849,2.317453,0.015257
1175,1776148691140,13.062979,-579.9995,113.2096,-363.5995,-0.204791,0.73751,-0.587418,0.262831,-0.553915,1.9948,-1.588836,-0.452442,0.061093,0.413855,0.911976,2.317235,0.014344
1176,1776148691152,13.07409,-579.8541,113.2005,-363.6444,-0.204802,0.737661,-0.587319,0.262619,-0.554005,1.995426,-1.588739,-0.452421,0.061137,0.413866,0.912082,2.317214,0.013829
1177,1776148691163,13.085201,-579.8455,113.0125,-363.4595,-0.204962,0.737078,-0.587782,0.263095,-0.554302,1.993361,-1.589605,-0.452408,0.061212,0.413821,0.912348,2.316982,0.012803
1178,1776148691174,13.096312,-579.7502,112.8775,-363.6098,-0.204944,0.736691,-0.588107,0.263469,-0.554146,1.991933,-1.590178,-0.452393,0.061245,0.413815,0.912485,2.316909,0.012245
1179,1776148691185,13.107424,-579.9042,112.9321,-363.6584,-0.204953,0.736819,-0.588066,0.263193,-0.554248,1.992562,-1.590292,-0.452395,0.061302,0.41378,0.912588,2.316734,0.011754
1180,1776148691196,13.118535,-579.7443,112.9311,-363.8655,-0.204775,0.737093,-0.587938,0.262851,-0.553865,1.99365,-1.590225,-0.45237,0.061361,0.413779,0.912713,2.316647,0.010625
1181,1776148691207,13.129646,-579.7366,112.8653,-363.8809,-0.204922,0.73681,-0.588228,0.262878,-0.554256,1.992859,-1.590988,-0.452368,0.06141,0.413749,0.912812,2.316499,0.010099
1182,1776148691218,13.140757,-579.7072,112.7183,-363.8729,-0.205104,0.735806,-0.588913,0.264013,-0.554425,1.988988,-1.591915,-0.452348,0.061454,0.413761,0.912941,2.316454,0.009595
1183,1776148691229,13.151869,-580.0133,112.8418,-364.2244,-0.205127,0.735976,-0.588854,0.263653,-0.554589,1.989813,-1.592049,-0.452345,0.061522,0.413692,0.913119,2.316125,0.008611
1184,1776148691240,13.16298,-580.0887,112.877,-364.2165,-0.205124,0.735565,-0.589238,0.263945,-0.554498,1.988404,-1.592849,-0.452321,0.061576,0.413714,0.913332,2.316086,0.008074
1185,1776148691252,13.174091,-580.2127,112.9675,-364.3148,-0.205211,0.735228,-0.589513,0.264204,-0.554659,1.98723,-1.59338,-0.452316,0.061671,0.413697,0.913641,2.31594,0.006965
1186,1776148691263,13.185202,-580.1628,112.874,-364.3032,-0.205352,0.73499,-0.589634,0.264485,-0.554962,1.986302,-1.593478,-0.452311,0.061682,0.413667,0.913708,2.315803,0.006467
1187,1776148691274,13.196313,-580.1187,112.8999,-364.1079,-0.205316,0.735257,-0.589418,0.264253,-0.554931,1.98726,-1.593084,-0.452311,0.061726,0.413633,0.913756,2.315648,0.005936
1188,1776148691285,13.207425,-580.19,112.9077,-364.0057,-0.205474,0.73497,-0.589589,0.264545,-0.555275,1.986188,-1.59331,-0.452303,0.061789,0.413628,0.913955,2.315478,0.004973
1189,1776148691296,13.218536,-580.0861,112.762,-364.1985,-0.205496,0.734764,-0.589765,0.26471,-0.555288,1.985463,-1.59365,-0.452296,0.061831,0.413588,0.914121,2.315277,0.004431
1190,1776148691307,13.229647,-580.2983,112.9267,-364.2794,-0.205269,0.7345,-0.590173,0.264709,-0.554673,1.98475,-1.594753,-0.452286,0.061897,0.413568,0.914368,2.31506,0.003555
1191,1776148691318,13.240758,-580.5453,112.9584,-364.4136,-0.205457,0.734915,-0.589647,0.264583,-0.555218,1.985999,-1.593435,-0.452279,0.061953,0.413568,0.914456,2.314979,0.003013
1192,1776148691329,13.25187,-580.2811,112.7756,-364.4573,-0.205365,0.734793,-0.589892,0.264447,-0.555006,1.985808,-1.594207,-0.452254,0.061976,0.413578,0.914641,2.314924,0.002538
1193,1776148691340,13.262981,-580.193,112.5868,-364.1794,-0.20542,0.7341,-0.590563,0.264831,-0.555047,1.983546,-1.595709,-0.452247,0.062035,0.413529,0.914769,2.314638,0.001558
1194,1776148691352,13.274092,-580.2797,112.562,-364.2276,-0.205525,0.733766,-0.590742,0.265275,-0.555205,1.982193,-1.595829,-0.452242,0.062074,0.413517,0.914916,2.31452,0.001091
1195,1776148691363,13.285203,-580.2025,112.5872,-364.5132,-0.205393,0.734139,-0.590489,0.264907,-0.554953,1.983575,-1.595446,-0.452235,0.062154,0.413481,0.915086,2.314256,0.000155
1196,1776148691374,13.296315,-580.3102,112.6345,-364.6726,-0.205569,0.733662,-0.590847,0.265296,-0.555316,1.981891,-1.596097,-0.452209,0.062208,0.413506,0.915312,2.314236,-0.000395
1197,1776148691385,13.307426,-580.3383,112.7605,-364.8106,-0.205634,0.733267,-0.591163,0.265633,-0.555396,1.980482,-1.596675,-0.452205,0.062244,0.413498,0.915449,2.31416,-0.000838
1198,1776148691396,13.318537,-580.2849,112.5797,-364.8815,-0.205646,0.732934,-0.591437,0.265932,-0.555344,1.979283,-1.59717,-0.452176,0.062333,0.41348,0.915791,2.313943,-0.001809
1199,1776148691407,13.329649,-580.2928,112.6191,-364.979,-0.205565,0.732873,-0.591584,0.265837,-0.555154,1.979212,-1.597645,-0.45218,0.062373,0.413445,0.915843,2.313797,-0.002175
1200,1776148691418,13.34076,-580.2635,112.4752,-365.1374,-0.205615,0.733224,-0.591202,0.26568,-0.555334,1.98032,-1.59674,-0.452165,0.062377,0.413454,0.91591,2.313774,-0.002613
1201,1776148691429,13.351871,-580.4739,112.5268,-364.9786,-0.205762,0.732607,-0.591743,0.266063,-0.555621,1.978267,-1.59789,-0.452152,0.062448,0.413415,0.916187,2.313517,-0.003444
1202,1776148691440,13.362982,-580.4424,112.4884,-365.066,-0.205746,0.732259,-0.592008,0.266445,-0.555471,1.97694,-1.598292,-0.452154,0.062485,0.413379,0.916286,2.313378,-0.00382
1203,1776148691452,13.374094,-580.4808,112.5283,-365.0513,-0.205712,0.733062,-0.591337,0.265748,-0.555576,1.979814,-1.597051,-0.452152,0.062562,0.413342,0.916523,2.313123,-0.004682
1204,1776148691463,13.385205,-580.5634,112.6342,-365.0302,-0.2057,0.732674,-0.591681,0.266064,-0.555453,1.978446,-1.597721,-0.452144,0.06262,0.413319,0.916709,2.312975,-0.0051
1205,1776148691474,13.396316,-580.6323,112.7432,-365.0039,-0.205819,0.732083,-0.59223,0.266379,-0.555685,1.976532,-1.598946,-0.452143,0.062633,0.413309,0.916794,2.312905,-0.005503
1206,1776148691485,13.407427,-580.6526,112.5885,-365.2642,-0.205827,0.731519,-0.592665,0.266953,-0.555543,1.97443,-1.599653,-0.452123,0.062726,0.4133,0.917078,2.312708,-0.006302
1207,1776148691496,13.418539,-580.715,112.5964,-365.0271,-0.205864,0.7313,-0.592858,0.267094,-0.555603,1.973699,-1.600059,-0.452128,0.062754,0.413274,0.917185,2.312578,-0.00667
1208,1776148691507,13.42965,-580.6353,112.6157,-365.2847,-0.205797,0.73134,-0.592762,0.267251,-0.555379,1.973646,-1.599672,-0.45212,0.062836,0.413256,0.917492,2.312346,-0.007442
1209,1776148691518,13.440761,-580.5347,112.3073,-365.4153,-0.205755,0.732102,-0.592191,0.266461,-0.55549,1.9765,-1.598775,-0.452124,0.062897,0.413223,0.91768,2.312196,-0.007786
1210,1776148691529,13.451873,-580.701,112.5183,-365.4327,-0.205904,0.731552,-0.592617,0.266909,-0.555764,1.974565,-1.599557,-0.452114,0.062917,0.413225,0.917721,2.312091,-0.008108
1211,1776148691540,13.462984,-580.7529,112.4367,-365.4709,-0.205985,0.73172,-0.592469,0.266713,-0.556039,1.975217,-1.59932,-0.452122,0.062982,0.413195,0.917933,2.311921,-0.00882
1212,1776148691552,13.474095,-580.8043,112.5253,-365.5124,-0.205969,0.731148,-0.592891,0.267358,-0.555812,1.973021,-1.599933,-0.452114,0.06302,0.413199,0.918103,2.311843,-0.009188
1213,1776148691563,13.485206,-580.763,112.4201,-365.6017,-0.206386,0.730858,-0.592931,0.267739,-0.556829,1.971857,-1.599728,-0.452106,0.063107,0.413155,0.918444,2.311491,-0.00983
1214,1776148691574,13.496317,-580.7835,112.2513,-365.5931,-0.206068,0.730239,-0.593629,0.268128,-0.55586,1.969794,-1.601294,-0.452115,0.063112,0.413122,0.918404,2.311406,-0.010196
1215,1776148691585,13.507429,-580.7039,112.084,-365.632,-0.205847,0.731275,-0.59278,0.267351,-0.555486,1.973371,-1.599639,-0.452107,0.063159,0.413117,0.918609,2.311288,-0.010494
1216,1776148691596,13.51854,-580.7992,112.0821,-365.9911,-0.205718,0.731144,-0.593074,0.267157,-0.555192,1.973212,-1.600589,-0.4521,0.063205,0.413093,0.918785,2.311106,-0.011084
1217,1776148691607,13.529651,-580.8389,112.0779,-365.6982,-0.205892,0.730535,-0.593559,0.267611,-0.555534,1.971112,-1.601526,-0.452095,0.06326,0.413056,0.918941,2.310903,-0.011399
1218,1776148691618,13.540763,-580.8764,112.2856,-365.6677,-0.206098,0.730169,-0.593807,0.267899,-0.556006,1.969837,-1.601963,-0.452083,0.063277,0.413058,0.919007,2.310917,-0.01171
1219,1776148691629,13.551874,-580.9488,112.2933,-365.7235,-0.206053,0.729918,-0.593974,0.268249,-0.555788,1.968807,-1.602126,-0.452067,0.063338,0.413044,0.919213,2.310734,-0.012281
1220,1776148691640,13.562985,-580.83,112.0498,-365.9702,-0.205568,0.730667,-0.59358,0.267453,-0.554703,1.971627,-1.601713,-0.452061,0.063379,0.413035,0.919355,2.310718,-0.012547
1221,1776148691652,13.574096,-580.8311,111.7884,-366.2808,-0.205673,0.730109,-0.593972,0.268024,-0.554827,1.969549,-1.602305,-0.452054,0.063453,0.412997,0.919608,2.31044,-0.013077
1222,1776148691663,13.585208,-580.9177,111.9738,-366.1376,-0.206166,0.730196,-0.593616,0.268197,-0.556107,1.969609,-1.601203,-0.452043,0.063479,0.412983,0.919637,2.310313,-0.01333
1223,1776148691674,13.596319,-580.9487,112.0817,-366.0928,-0.205931,0.729871,-0.594011,0.268388,-0.555418,1.968543,-1.602112,-0.452046,0.063506,0.412982,0.919785,2.310308,-0.013604
1224,1776148691685,13.60743,-580.9116,112.0534,-366.0128,-0.205668,0.729609,-0.594371,0.268505,-0.554676,1.967717,-1.602988,-0.452034,0.063565,0.412965,0.920018,2.3101,-0.014015
1225,1776148691696,13.618542,-580.9692,112.1155,-366.1087,-0.205695,0.730164,-0.593919,0.267974,-0.554899,1.969748,-1.602203,-0.452028,0.06361,0.412952,0.920141,2.309987,-0.014213
1226,1776148691707,13.629653,-580.9958,111.9626,-366.1269,-0.205831,0.729513,-0.594387,0.268604,-0.555086,1.96736,-1.60295,-0.452027,0.063679,0.412895,0.920263,2.309696,-0.014662
1227,1776148691718,13.640764,-581.0765,112.1844,-366.1705,-0.205763,0.729358,-0.594505,0.268816,-0.554844,1.966729,-1.603095,-0.452028,0.063713,0.412896,0.920362,2.309657,-0.014879
1228,1776148691729,13.651875,-581.1088,112.1305,-366.1044,-0.205828,0.729436,-0.594327,0.268947,-0.554983,1.966807,-1.602509,-0.45202,0.063767,0.412879,0.920516,2.309558,-0.015072
1229,1776148691740,13.662987,-581.1979,112.3436,-366.3696,-0.205764,0.729889,-0.593964,0.268571,-0.554915,1.968405,-1.601835,-0.452,0.063854,0.412866,0.920798,2.309344,-0.015456
1230,1776148691752,13.674098,-581.218,112.2719,-366.3934,-0.205892,0.729188,-0.594525,0.269135,-0.555103,1.96595,-1.602888,-0.451997,0.063859,0.412858,0.920777,2.309288,-0.01562
1231,1776148691763,13.685209,-581.1904,112.3029,-366.3123,-0.205886,0.728916,-0.594692,0.269506,-0.554982,1.964845,-1.603035,-0.451983,0.063957,0.412851,0.921087,2.309139,-0.015836
1232,1776148691774,13.69632,-581.1319,112.0456,-366.3149,-0.205748,0.729049,-0.594583,0.269494,-0.554613,1.965215,-1.602751,-0.451992,0.06399,0.412806,0.921166,2.308993,-0.016052
1233,1776148691785,13.707432,-581.2589,112.0419,-366.3969,-0.205576,0.729318,-0.594483,0.269118,-0.554254,1.966318,-1.602788,-0.451995,0.06402,0.4128,0.92131,2.308935,-0.016104
1234,1776148691796,13.718543,-581.4436,111.9996,-366.7286,-0.205699,0.729099,-0.594504,0.269569,-0.554458,1.965276,-1.602478,-0.451988,0.064138,0.412751,0.921571,2.308615,-0.0165
1235,1776148691807,13.729654,-581.4295,112.0225,-366.5708,-0.205635,0.729007,-0.594644,0.269558,-0.554289,1.965038,-1.602864,-0.451978,0.064192,0.41276,0.921723,2.308554,-0.016546
1236,1776148691818,13.740765,-581.4401,111.8754,-366.8667,-0.205613,0.729487,-0.594205,0.269245,-0.554319,1.966647,-1.601935,-0.451971,0.064249,0.412752,0.921863,2.308448,-0.01672
1237,1776148691829,13.751876,-581.5018,111.9222,-366.7941,-0.20578,0.729569,-0.594038,0.269263,-0.554765,1.966849,-1.60147,-0.451973,0.064325,0.412695,0.921934,2.308058,-0.016896
1238,1776148691840,13.762987,-581.7484,111.9918,-366.857,-0.205907,0.729259,-0.594068,0.269938,-0.554915,1.965338,-1.601002,-0.451971,0.064377,0.412688,0.922038,2.307978,-0.017001
1239,1776148691852,13.774099,-581.5691,111.8768,-366.8747,-0.20593,0.729166,-0.594163,0.269964,-0.55497,1.965062,-1.601235,-0.451955,0.064472,0.412632,0.922271,2.307538,-0.017287
1240,1776148691863,13.78521,-581.6588,111.7879,-366.9287,-0.205472,0.729251,-0.594339,0.269695,-0.553812,1.965561,-1.601928,-0.45195,0.064523,0.412615,0.922404,2.307395,-0.017278
1241,1776148691874,13.796321,-581.5938,111.8571,-367.1135,-0.205539,0.729068,-0.59444,0.269916,-0.553929,1.964845,-1.602023,-0.451944,0.064585,0.412614,0.922518,2.30726,-0.017355
1242,1776148691885,13.807432,-581.6619,112.1029,-367.0197,-0.205677,0.729292,-0.594018,0.270133,-0.554241,1.965233,-1.600708,-0.451929,0.06469,0.412568,0.922742,2.306899,-0.017505
1243,1776148691896,13.818544,-581.58,111.626,-367.1552,-0.205809,0.729238,-0.593895,0.270452,-0.554507,1.964766,-1.600116,-0.451927,0.064769,0.412537,0.92285,2.306638,-0.017623
1244,1776148691907,13.829655,-581.6221,111.9509,-367.2165,-0.205743,0.729172,-0.593997,0.270455,-0.554328,1.964586,-1.600389,-0.451916,0.064876,0.412511,0.923044,2.306303,-0.017844
1245,1776148691918,13.840766,-581.5957,111.6626,-367.3429,-0.205754,0.729017,-0.594053,0.270742,-0.554276,1.963881,-1.600305,-0.451906,0.064941,0.412496,0.923208,2.306109,-0.017889
1246,1776148691929,13.851878,-581.6348,111.7277,-367.5296,-0.205686,0.729141,-0.593917,0.270757,-0.554088,1.9642,-1.599928,-0.451914,0.064997,0.412435,0.923342,2.305745,-0.017907
1247,1776148691940,13.862989,-581.7454,111.522,-367.6089,-0.20565,0.728994,-0.594021,0.270952,-0.553937,1.963609,-1.600048,-0.451891,0.065136,0.412422,0.923708,2.305289,-0.018037
1248,1776148691952,13.8741,-581.8456,111.5672,-367.6722,-0.205896,0.728827,-0.593965,0.271339,-0.554491,1.962772,-1.599581,-0.451895,0.065177,0.412369,0.92372,2.304988,-0.018108
1249,1776148691963,13.885211,-581.8517,111.596,-367.706,-0.205723,0.728565,-0.594171,0.27172,-0.553915,1.961688,-1.599828,-0.451874,0.065312,0.412345,0.924098,2.304462,-0.01827
1250,1776148691974,13.896323,-581.8759,111.322,-367.9746,-0.20587,0.728731,-0.593915,0.271724,-0.554311,1.962129,-1.599135,-0.45186,0.065375,0.412328,0.92423,2.30419,-0.018317
1251,1776148691985,13.907434,-581.8754,111.2989,-367.9519,-0.205978,0.728581,-0.593855,0.272177,-0.554474,1.961273,-1.598603,-0.451854,0.065436,0.41229,0.924332,2.303839,-0.018353
1252,1776148691996,13.918545,-581.9915,111.23,-368.0303,-0.206307,0.728602,-0.59357,0.272491,-0.55527,1.961018,-1.597583,-0.451848,0.065571,0.412211,0.924576,2.303161,-0.018435
1253,1776148692007,13.929657,-582.0419,111.2589,-368.0449,-0.206073,0.728504,-0.593713,0.272616,-0.554607,1.960631,-1.597867,-0.451835,0.065624,0.412202,0.924681,2.302898,-0.018471
1254,1776148692018,13.940768,-582.1567,111.4167,-367.9266,-0.205928,0.728516,-0.593726,0.272669,-0.554201,1.960608,-1.597857,-0.451824,0.065658,0.412198,0.924793,2.302673,-0.01846
1255,1776148692029,13.951879,-582.1702,111.3301,-367.9801,-0.205799,0.728599,-0.593714,0.272569,-0.553882,1.960932,-1.597906,-0.451787,0.065798,0.412186,0.925073,2.302122,-0.01858
1256,1776148692040,13.96299,-582.0844,111.2942,-368.1557,-0.206109,0.728688,-0.593302,0.272994,-0.554597,1.960749,-1.596452,-0.451777,0.06585,0.412159,0.925146,2.301796,-0.018602
1257,1776148692052,13.974102,-582.2788,111.364,-368.2749,-0.206146,0.728637,-0.593276,0.27316,-0.55465,1.960446,-1.596248,-0.451772,0.066001,0.412076,0.925462,2.300971,-0.018599
1258,1776148692063,13.985213,-582.3028,111.1675,-368.3923,-0.206141,0.728544,-0.593261,0.273442,-0.554557,1.959915,-1.595978,-0.451762,0.066079,0.41205,0.925601,2.300579,-0.018666
1259,1776148692074,13.996324,-582.5142,111.3163,-368.4881,-0.20615,0.728567,-0.593235,0.273431,-0.554585,1.959986,-1.595919,-0.451759,0.066119,0.412022,0.925595,2.300245,-0.01866
1260,1776148692085,14.007436,-582.4913,111.2097,-368.4683,-0.206261,0.72864,-0.59288,0.273924,-0.554744,1.959692,-1.594564,-0.451751,0.066258,0.411983,0.925842,2.299473,-0.01857
1261,1776148692096,14.018547,-582.5014,111.0967,-368.5444,-0.206492,0.728479,-0.592876,0.274185,-0.555291,1.959001,-1.594342,-0.451726,0.066332,0.411971,0.925994,2.299023,-0.018603
1262,1776148692107,14.029658,-582.5571,111.2211,-368.5727,-0.20622,0.728587,-0.592774,0.274324,-0.554522,1.959153,-1.593955,-0.451734,0.066454,0.411893,0.926148,2.298056,-0.018517
1263,1776148692118,14.040769,-582.5204,111.1262,-368.871,-0.206428,0.728683,-0.592562,0.274372,-0.555065,1.959362,-1.593346,-0.451716,0.066516,0.411911,0.926257,2.297753,-0.018432
1264,1776148692129,14.05188,-582.3917,111.0722,-368.8435,-0.206427,0.728866,-0.592199,0.274669,-0.554979,1.95956,-1.592128,-0.451712,0.066572,0.411855,0.926357,2.297195,-0.018471
1265,1776148692140,14.062992,-582.2957,110.9277,-368.9703,-0.206242,0.728367,-0.592734,0.274976,-0.554395,1.957913,-1.59332,-0.451675,0.066703,0.411842,0.926598,2.296372,-0.018277
1266,1776148692152,14.074103,-582.4359,110.8725,-369.1614,-0.207086,0.72815,-0.592224,0.276014,-0.556373,1.9563,-1.591111,-0.451657,0.066768,0.411821,0.926788,2.295855,-0.018305
1267,1776148692163,14.085214,-582.4261,110.5791,-369.2694,-0.207313,0.728479,-0.591647,0.276214,-0.556924,1.956985,-1.589399,-0.451652,0.066875,0.411743,0.926828,2.294959,-0.018073
1268,1776148692174,14.096325,-582.4857,110.7532,-369.2975,-0.207086,0.728092,-0.591986,0.276678,-0.556186,1.955485,-1.589937,-0.451644,0.066933,0.411724,0.926969,2.294488,-0.018063
1269,1776148692185,14.107437,-582.7792,111.0816,-369.1406,-0.206817,0.727949,-0.592198,0.276801,-0.555427,1.954979,-1.590407,-0.451607,0.067017,0.411763,0.927178,2.294118,-0.017988
1270,1776148692196,14.118548,-582.7204,110.5581,-369.3693,-0.207164,0.728101,-0.591771,0.277056,-0.556288,1.955135,-1.589055,-0.451574,0.067131,0.411745,0.927399,2.2932,-0.017835
1271,1776148692207,14.129659,-582.7822,110.5731,-369.3684,-0.20703,0.728076,-0.591737,0.277293,-0.555861,1.954835,-1.588772,-0.451551,0.067196,0.411732,0.927477,2.292741,-0.017679
1272,1776148692218,14.140771,-582.9467,110.5199,-369.4162,-0.207129,0.727813,-0.591831,0.277708,-0.556009,1.953717,-1.588689,-0.451536,0.067233,0.411711,0.927482,2.292285,-0.017575
1273,1776148692229,14.151882,-582.8491,110.5852,-369.5217,-0.207168,0.728409,-0.591178,0.277508,-0.556171,1.955514,-1.587098,-0.4515,0.06735,0.411706,0.927694,2.291329,-0.017262
1274,1776148692240,14.162993,-582.7021,110.2603,-369.9613,-0.207037,0.728692,-0.590934,0.277382,-0.555854,1.956398,-1.586546,-0.45148,0.067431,0.411717,0.927739,2.290936,-0.017237
1275,1776148692252,14.174104,-582.9337,111.0374,-369.7846,-0.206986,0.728373,-0.591071,0.277965,-0.555554,1.954965,-1.586445,-0.451437,0.067575,0.41172,0.928147,2.2899,-0.016915
1276,1776148692263,14.185215,-582.8864,110.6872,-369.8965,-0.20719,0.72885,-0.590451,0.277881,-0.556125,1.956329,-1.584847,-0.451436,0.067631,0.411701,0.928076,2.28941,-0.016718
1277,1776148692274,14.196327,-582.8577,110.5943,-369.9631,-0.207284,0.728872,-0.590196,0.278294,-0.556261,1.955977,-1.583833,-0.451421,0.067711,0.411682,0.928153,2.288848,-0.016627
1278,1776148692285,14.207438,-583.0146,110.662,-369.9151,-0.20717,0.72905,-0.590126,0.278063,-0.55602,1.956685,-1.583828,-0.451395,0.067817,0.411679,0.928427,2.287841,-0.016383
1279,1776148692296,14.218549,-582.9532,110.6615,-369.9696,-0.207012,0.729134,-0.589875,0.278491,-0.555476,1.956487,-1.582814,-0.451378,0.067876,0.411699,0.928494,2.287371,-0.016202
1280,1776148692307,14.22966,-583.0334,110.9882,-370.1036,-0.207901,0.728534,-0.589655,0.279862,-0.557474,1.953522,-1.581125,-0.451348,0.068012,0.411676,0.928744,2.286258,-0.015983
1281,1776148692318,14.240771,-582.9266,110.6388,-370.3397,-0.208363,0.729001,-0.58859,0.280542,-0.558522,1.954103,-1.577728,-0.451345,0.068047,0.411652,0.928812,2.285606,-0.015747
1282,1776148692329,14.251883,-582.9131,110.5201,-370.3942,-0.207298,0.729069,-0.589571,0.279092,-0.556073,1.955719,-1.581515,-0.45134,0.068117,0.411612,0.928811,2.285023,-0.015683
1283,1776148692340,14.262994,-583.0809,110.5888,-370.3405,-0.207848,0.729447,-0.588484,0.279988,-0.557296,1.955846,-1.577883,-0.451306,0.068216,0.411611,0.929155,2.283974,-0.015316
1284,1776148692352,14.274105,-583.2018,110.6077,-370.3936,-0.208117,0.728811,-0.588831,0.280713,-0.557814,1.953425,-1.578237,-0.451299,0.068274,0.411574,0.929091,2.283377,-0.015156
1285,1776148692363,14.285217,-583.3276,110.5843,-370.5878,-0.207816,0.728808,-0.588814,0.280981,-0.556932,1.95315,-1.577977,-0.451265,0.068338,0.411593,0.92935,2.282934,-0.015028
1286,1776148692374,14.296328,-583.3593,110.5863,-370.5226,-0.208171,0.729033,-0.588396,0.28101,-0.557874,1.953725,-1.576834,-0.451225,0.068483,0.411538,0.929461,2.281824,-0.014746
1287,1776148692385,14.307439,-583.3187,110.6,-370.5786,-0.208036,0.729022,-0.588315,0.281307,-0.557429,1.953402,-1.576382,-0.451214,0.068563,0.411489,0.929619,2.281175,-0.014599
1288,1776148692396,14.31855,-583.3378,110.6845,-370.575,-0.208458,0.729219,-0.58789,0.281374,-0.55854,1.953863,-1.575188,-0.45118,0.068698,0.411428,0.929743,2.280085,-0.014238
1289,1776148692407,14.329661,-583.2219,110.5202,-370.8343,-0.208457,0.72927,-0.587577,0.281896,-0.558392,1.953485,-1.573934,-0.451167,0.068761,0.411407,0.929879,2.279548,-0.01404
1290,1776148692418,14.340773,-583.215,110.3543,-370.7549,-0.208688,0.729174,-0.587441,0.282254,-0.55891,1.952876,-1.573287,-0.451144,0.068848,0.411385,0.92994,2.279056,-0.013931
1291,1776148692429,14.351884,-583.4367,110.4901,-370.9605,-0.208598,0.729062,-0.587458,0.282574,-0.558578,1.952261,-1.573079,-0.451099,0.068971,0.411362,0.930173,2.278077,-0.013613
1292,1776148692440,14.362995,-583.4598,110.3689,-371.1432,-0.208596,0.729251,-0.587266,0.282486,-0.558596,1.952855,-1.572635,-0.451079,0.069024,0.411351,0.930223,2.277654,-0.013435
1293,1776148692452,14.374106,-583.4814,110.3221,-371.1803,-0.208577,0.729199,-0.58704,0.283107,-0.558371,1.952103,-1.571535,-0.451047,0.069134,0.411294,0.93043,2.276632,-0.013033
1294,1776148692463,14.385218,-583.4985,110.2103,-371.3415,-0.208612,0.729292,-0.586938,0.283051,-0.558482,1.952408,-1.571307,-0.451034,0.069208,0.411276,0.930533,2.276134,-0.012875
1295,1776148692474,14.396329,-583.575,110.0981,-371.4304,-0.208555,0.729144,-0.58693,0.283493,-0.558204,1.951575,-1.570935,-0.451011,0.069288,0.411255,0.930749,2.275591,-0.01277
1296,1776148692485,14.40744,-583.7054,110.2644,-371.6142,-0.208686,0.729181,-0.586658,0.283862,-0.558451,1.951313,-1.569915,-0.451006,0.069429,0.411188,0.930894,2.274596,-0.012443
1297,1776148692496,14.418551,-583.7813,110.3503,-371.6928,-0.208761,0.729379,-0.586394,0.283843,-0.558655,1.951862,-1.569225,-0.45099,0.069516,0.411186,0.931071,2.274197,-0.01227
1298,1776148692507,14.429662,-583.8125,110.1839,-371.7639,-0.208825,0.729057,-0.586549,0.284305,-0.558697,1.950544,-1.569273,-0.450956,0.069645,0.411156,0.931249,2.273266,-0.011997
1299,1776148692518,14.440774,-583.8793,110.4158,-371.674,-0.208824,0.729403,-0.586071,0.284402,-0.558668,1.951375,-1.567918,-0.45095,0.069711,0.411131,0.931328,2.27279,-0.011829
1300,1776148692529,14.451885,-583.8331,110.2192,-371.7873,-0.209033,0.729173,-0.586071,0.284838,-0.559105,1.950329,-1.567574,-0.450945,0.069792,0.411106,0.931423,2.272361,-0.011716
1301,1776148692540,14.462996,-583.9011,110.1645,-371.9196,-0.209017,0.72939,-0.585666,0.285125,-0.558981,1.95063,-1.566265,-0.450927,0.069918,0.411045,0.931615,2.271384,-0.011388
1302,1776148692552,14.474107,-583.9387,110.1018,-371.9392,-0.209219,0.729601,-0.585412,0.284962,-0.559566,1.951354,-1.565713,-0.450905,0.069958,0.411045,0.931659,2.271027,-0.011238
1303,1776148692563,14.485218,-583.9788,109.9888,-371.9469,-0.209125,0.729575,-0.585148,0.285637,-0.559124,1.950621,-1.564475,-0.450892,0.070133,0.410987,0.931979,2.270115,-0.011014
1304,1776148692574,14.496329,-583.9351,109.9761,-372.117,-0.209007,0.729469,-0.585319,0.285643,-0.558808,1.950333,-1.564929,-0.45088,0.0702,0.410992,0.932047,2.269813,-0.010907
1305,1776148692585,14.50744,-584.0515,110.0809,-372.3033,-0.209101,0.729594,-0.584963,0.285987,-0.558961,1.950327,-1.563703,-0.450864,0.070273,0.410952,0.932245,2.269264,-0.010764
1306,1776148692596,14.518552,-584.1276,110.0196,-372.4442,-0.20935,0.729455,-0.584844,0.2864,-0.559512,1.949551,-1.563063,-0.450845,0.070423,0.410909,0.932366,2.268484,-0.010588
1307,1776148692607,14.529663,-584.2418,110.1124,-372.5343,-0.2091,0.72955,-0.584885,0.286258,-0.558882,1.949944,-1.563283,-0.450838,0.070477,0.410915,0.932481,2.268176,-0.010407
1308,1776148692618,14.540774,-584.2119,109.8353,-372.7067,-0.209232,0.729367,-0.584888,0.286621,-0.559134,1.949098,-1.563007,-0.450815,0.070551,0.410902,0.932667,2.26776,-0.01032
1309,1776148692629,14.551885,-584.2853,109.8434,-372.806,-0.209551,0.72962,-0.584378,0.286785,-0.55994,1.949613,-1.561515,-0.450795,0.070706,0.410841,0.932717,2.266944,-0.01012
1310,1776148692640,14.562996,-584.2905,109.8365,-372.8169,-0.209369,0.729551,-0.584474,0.286898,-0.559422,1.94932,-1.561682,-0.450792,0.070769,0.410824,0.9328,2.266624,-0.009977
1311,1776148692652,14.574108,-584.3839,109.8081,-372.8943,-0.209458,0.729589,-0.584301,0.287089,-0.559606,1.949234,-1.561068,-0.450763,0.070919,0.410808,0.933081,2.265986,-0.009756
1312,1776148692663,14.585219,-584.451,109.8193,-372.966,-0.209508,0.729558,-0.584117,0.287504,-0.559624,1.948744,-1.560253,-0.450746,0.071003,0.410787,0.933248,2.265591,-0.009667
1313,1776148692674,14.59633,-584.4907,109.7681,-373.0827,-0.209436,0.729527,-0.584153,0.287563,-0.559414,1.948604,-1.560303,-0.450734,0.071063,0.410778,0.933261,2.265298,-0.009515
1314,1776148692685,14.607441,-584.5249,109.756,-373.1263,-0.209619,0.729519,-0.583917,0.28793,-0.559799,1.948222,-1.559385,-0.450721,0.071211,0.410748,0.933577,2.264673,-0.009333
1315,1776148692696,14.618553,-584.5728,109.6001,-373.2831,-0.209534,0.729619,-0.58384,0.287891,-0.559584,1.948529,-1.55921,-0.450712,0.071296,0.410743,0.933736,2.264424,-0.009289
1316,1776148692707,14.629664,-584.6318,109.721,-373.4522,-0.209574,0.729498,-0.583799,0.288254,-0.559589,1.947849,-1.558815,-0.450687,0.071438,0.410706,0.933932,2.263873,-0.009106
1317,1776148692718,14.640775,-584.7254,109.5462,-373.4755,-0.209548,0.72965,-0.583629,0.288232,-0.559525,1.948277,-1.558379,-0.45069,0.071538,0.410681,0.934128,2.263531,-0.00908
1318,1776148692729,14.651887,-584.6651,109.4945,-373.5516,-0.209298,0.729638,-0.58368,0.28834,-0.558826,1.948139,-1.558431,-0.450676,0.071619,0.410667,0.934374,2.263234,-0.009021
1319,1776148692740,14.662998,-584.7238,109.5823,-373.6069,-0.209366,0.729644,-0.58361,0.288418,-0.558987,1.948079,-1.558182,-0.450655,0.071748,0.410655,0.934544,2.262784,-0.008861
1320,1776148692752,14.674109,-584.6473,109.3883,-373.6685,-0.209422,0.729598,-0.58345,0.288818,-0.559023,1.947564,-1.557441,-0.450638,0.071844,0.410635,0.934687,2.262595,-0.00887
1321,1776148692763,14.68522,-584.8755,109.4737,-373.7756,-0.209404,0.729722,-0.58333,0.28876,-0.558992,1.947951,-1.557166,-0.450609,0.071975,0.410602,0.934938,2.26215,-0.008693
1322,1776148692774,14.696332,-584.9157,109.4481,-373.9751,-0.209348,0.72973,-0.583246,0.288949,-0.558791,1.947789,-1.556795,-0.450608,0.072053,0.410558,0.935036,2.261862,-0.008548
1323,1776148692785,14.707443,-585.1731,109.4352,-373.9945,-0.209449,0.729724,-0.583114,0.28916,-0.558999,1.947565,-1.556277,-0.450587,0.072149,0.41055,0.935208,2.261659,-0.008523
1324,1776148692796,14.718554,-585.1078,109.5329,-374.0143,-0.209083,0.729721,-0.583296,0.289064,-0.558051,1.947652,-1.556838,-0.450547,0.072311,0.410524,0.935571,2.261312,-0.00844
1325,1776148692807,14.729665,-585.0774,109.4466,-374.0876,-0.209113,0.72942,-0.58351,0.289369,-0.558045,1.946549,-1.557172,-0.450539,0.072393,0.41049,0.935654,2.261095,-0.008434
1326,1776148692818,14.740776,-584.969,109.2722,-374.2985,-0.209028,0.729677,-0.583188,0.289433,-0.557799,1.947174,-1.556261,-0.450527,0.072469,0.410474,0.93581,2.260976,-0.008269
1327,1776148692829,14.751888,-585.1677,109.3119,-374.5255,-0.209278,0.729798,-0.582842,0.289643,-0.558408,1.947293,-1.555174,-0.450491,0.072641,0.410438,0.936095,2.260583,-0.008197
1328,1776148692840,14.762999,-585.2446,109.2613,-374.5291,-0.208891,0.729733,-0.583197,0.289372,-0.55745,1.947383,-1.556332,-0.450471,0.072708,0.410455,0.936247,2.260545,-0.008089
1329,1776148692852,14.77411,-585.3015,109.4282,-374.6736,-0.208735,0.729544,-0.583315,0.289722,-0.556937,1.946537,-1.556373,-0.450452,0.072887,0.410453,0.936655,2.26032,-0.007938
1330,1776148692863,14.785222,-585.285,109.4524,-374.6558,-0.20897,0.729875,-0.583005,0.289345,-0.557671,1.947787,-1.555841,-0.450435,0.072959,0.410446,0.936788,2.260186,-0.007914
1331,1776148692874,14.796333,-585.3013,109.3505,-374.7725,-0.208644,0.729753,-0.583136,0.289624,-0.556722,1.947188,-1.555972,-0.450431,0.07304,0.410426,0.936955,2.260051,-0.007854
1332,1776148692885,14.807444,-585.2042,109.1949,-375.079,-0.208756,0.72977,-0.582984,0.289805,-0.556971,1.947057,-1.555426,-0.450409,0.07323,0.410395,0.937322,2.259818,-0.007795
1333,1776148692896,14.818556,-585.1731,109.2971,-375.2736,-0.208619,0.729738,-0.582986,0.289978,-0.556556,1.946804,-1.555296,-0.450397,0.073348,0.410363,0.937567,2.25961,-0.007735
1334,1776148692907,14.829667,-585.5569,109.3653,-375.4215,-0.208764,0.729704,-0.58284,0.290255,-0.556866,1.946442,-1.55469,-0.450364,0.073513,0.410333,0.937869,2.259404,-0.007638
1335,1776148692918,14.840778,-585.6902,109.3586,-375.304,-0.208461,0.729823,-0.582948,0.289955,-0.556142,1.947052,-1.555214,-0.450353,0.073598,0.410315,0.938059,2.259286,-0.007656
1336,1776148692929,14.851889,-585.7306,109.1563,-375.2975,-0.208536,0.729935,-0.582798,0.289922,-0.556349,1.947382,-1.55484,-0.450334,0.073693,0.410322,0.938212,2.259208,-0.007637
1337,1776148692941,14.863001,-585.7673,109.1712,-375.5566,-0.208802,0.729594,-0.582714,0.290756,-0.556826,1.945661,-1.553965,-0.450334,0.073839,0.410235,0.938259,2.258925,-0.007518
1338,1776148692952,14.874112,-585.8115,109.2937,-375.669,-0.208459,0.729882,-0.582763,0.29018,-0.556073,1.946989,-1.554545,-0.450327,0.073934,0.41023,0.938385,2.258869,-0.00735
1339,1776148692963,14.885223,-585.903,109.3598,-375.9492,-0.208741,0.72949,-0.582849,0.290792,-0.556653,1.945347,-1.554295,-0.450297,0.074151,0.410217,0.938666,2.258723,-0.007367
1340,1776148692974,14.896334,-585.8687,109.3281,-375.973,-0.208309,0.72982,-0.582793,0.290385,-0.555615,1.946624,-1.554465,-0.450261,0.074249,0.410253,0.93893,2.258832,-0.007281
1341,1776148692985,14.907446,-586.0333,109.319,-376.0322,-0.20865,0.729653,-0.582702,0.290743,-0.556425,1.945829,-1.553942,-0.45025,0.074349,0.410201,0.938927,2.258664,-0.007325
1342,1776148692996,14.918557,-586.064,109.1892,-376.1603,-0.208728,0.730132,-0.582146,0.290598,-0.556673,1.947249,-1.552572,-0.450241,0.074519,0.410152,0.93915,2.258527,-0.007158
1343,1776148693007,14.929668,-586,109.2385,-376.2836,-0.208744,0.730204,-0.582236,0.290222,-0.556821,1.947809,-1.553106,-0.450226,0.074599,0.410148,0.939159,2.258507,-0.007072
1344,1776148693018,14.940779,-586.1191,109.2669,-376.5073,-0.208437,0.729798,-0.582595,0.290743,-0.555857,1.946217,-1.553657,-0.450217,0.07467,0.410122,0.939276,2.258365,-0.006947
1345,1776148693029,14.95189,-586.1453,109.1126,-376.6051,-0.208569,0.729907,-0.582488,0.290591,-0.556252,1.946657,-1.55349,-0.4502,0.074858,0.410099,0.939451,2.258367,-0.006901
1346,1776148693041,14.963002,-586.1799,108.8902,-376.6692,-0.208128,0.729672,-0.582851,0.290768,-0.555027,1.945857,-1.554319,-0.450176,0.074953,0.410056,0.939622,2.258203,-0.006881
1347,1776148693052,14.974113,-586.2704,109.0691,-376.819,-0.208491,0.729592,-0.582723,0.290966,-0.555939,1.945449,-1.553825,-0.450151,0.075138,0.409998,0.939721,2.258052,-0.006748
1348,1776148693063,14.985224,-586.4532,108.9333,-376.8743,-0.208305,0.729745,-0.582483,0.291196,-0.555378,1.945633,-1.553006,-0.450143,0.075241,0.409965,0.939924,2.257952,-0.00663
1349,1776148693074,14.996336,-586.5754,108.9361,-377.0043,-0.208639,0.729713,-0.582437,0.291129,-0.556288,1.945612,-1.552936,-0.450118,0.075308,0.409966,0.939883,2.258006,-0.006622
1350,1776148693085,15.007447,-586.5372,108.7987,-377.0422,-0.208087,0.729936,-0.582701,0.290438,-0.555009,1.946881,-1.554177,-0.450095,0.07548,0.409908,0.940065,2.257925,-0.006524
1351,1776148693096,15.018558,-586.6321,108.9557,-377.0053,-0.208565,0.729827,-0.582277,0.291218,-0.556067,1.94583,-1.552439,-0.450095,0.07557,0.409873,0.940021,2.257848,-0.006427
1352,1776148693107,15.029669,-586.4731,108.5993,-377.2487,-0.208201,0.729671,-0.582676,0.291069,-0.555136,1.945559,-1.55362,-0.450088,0.075707,0.409808,0.940036,2.257823,-0.006247
1353,1776148693118,15.040781,-586.3918,108.7117,-377.3004,-0.208243,0.729956,-0.582361,0.290956,-0.55528,1.94643,-1.552867,-0.450065,0.0758,0.409809,0.940147,2.257814,-0.006197
1354,1776148693129,15.051892,-586.7017,108.5997,-377.4241,-0.208224,0.730165,-0.582388,0.29039,-0.555387,1.947541,-1.55338,-0.45005,0.075893,0.409785,0.940263,2.257802,-0.006151
1355,1776148693141,15.063003,-586.8224,108.6032,-377.499,-0.208407,0.729804,-0.58229,0.291361,-0.555604,1.94563,-1.552362,-0.45003,0.076073,0.409747,0.940335,2.257791,-0.006017
1356,1776148693152,15.074114,-586.7723,108.4142,-377.5742,-0.208085,0.729957,-0.582524,0.290741,-0.55492,1.946641,-1.553468,-0.450027,0.076168,0.409703,0.940328,2.257778,-0.005983
1357,1776148693163,15.085226,-586.9318,108.4528,-377.6879,-0.208191,0.730084,-0.582271,0.29085,-0.555172,1.946876,-1.552711,-0.450007,0.07634,0.40965,0.940408,2.25766,-0.005901
1358,1776148693174,15.096337,-586.9877,108.304,-377.8249,-0.208135,0.730138,-0.582343,0.290611,-0.55509,1.947253,-1.553089,-0.449989,0.076418,0.409639,0.94038,2.257696,-0.005875
1359,1776148693185,15.107448,-587.2113,108.5712,-377.9561,-0.20839,0.729884,-0.582245,0.291263,-0.555588,1.945939,-1.552318,-0.449984,0.076514,0.409605,0.94043,2.257582,-0.005823
1360,1776148693196,15.118559,-587.1329,108.5019,-378.1841,-0.208232,0.730031,-0.582324,0.290849,-0.555282,1.946733,-1.552853,-0.44996,0.076706,0.409572,0.940547,2.257526,-0.005763
1361,1776148693207,15.129671,-587.0989,108.2536,-378.3745,-0.208298,0.729964,-0.582386,0.290846,-0.555458,1.946558,-1.55302,-0.449968,0.076804,0.409499,0.940369,2.257351,-0.005755
1362,1776148693218,15.140782,-587.1804,108.4422,-378.3338,-0.208496,0.730027,-0.582013,0.291291,-0.555863,1.946292,-1.551679,-0.449943,0.076893,0.409515,0.940518,2.257349,-0.005658
1363,1776148693229,15.151893,-587.0706,107.9756,-378.5339,-0.208268,0.730153,-0.582109,0.290947,-0.555351,1.946965,-1.552202,-0.449928,0.077101,0.409433,0.94053,2.257103,-0.00558
1364,1776148693241,15.163004,-587.2786,108.3477,-378.4043,-0.208111,0.730037,-0.582392,0.290786,-0.554977,1.946812,-1.553082,-0.449922,0.07717,0.409413,0.940435,2.257126,-0.005521
1365,1776148693252,15.174116,-587.3812,108.3943,-378.6018,-0.208549,0.730034,-0.581889,0.291485,-0.555948,1.946121,-1.551196,-0.449906,0.077381,0.409344,0.940524,2.256964,-0.005419
1366,1776148693263,15.185227,-587.6547,108.3345,-378.8607,-0.208369,0.730182,-0.582,0.291021,-0.555597,1.94697,-1.551853,-0.449892,0.077471,0.409307,0.940469,2.256919,-0.005398
1367,1776148693274,15.196338,-587.6392,107.9997,-379.0092,-0.208103,0.730032,-0.582354,0.290878,-0.554929,1.94671,-1.552909,-0.449883,0.077583,0.409286,0.940598,2.256809,-0.005312
1368,1776148693285,15.207449,-587.8121,108.2501,-379.0025,-0.208247,0.730085,-0.581978,0.291395,-0.555169,1.946344,-1.551505,-0.449869,0.077774,0.409202,0.940634,2.256628,-0.005161
1369,1776148693296,15.21856,-587.7338,107.858,-379.1556,-0.208583,0.730062,-0.581936,0.291296,-0.556093,1.946381,-1.551469,-0.449861,0.077882,0.409134,0.940535,2.256446,-0.005197
1370,1776148693307,15.229671,-587.7134,107.7175,-379.2594,-0.208459,0.730284,-0.581774,0.291152,-0.555802,1.947113,-1.55115,-0.449836,0.07808,0.409088,0.940685,2.25631,-0.00503
1371,1776148693318,15.240783,-587.7505,107.8718,-379.2585,-0.208411,0.730025,-0.581958,0.291469,-0.555585,1.946113,-1.551393,-0.449827,0.078189,0.409048,0.940621,2.256254,-0.005029
1372,1776148693329,15.251894,-587.7683,107.7226,-379.3532,-0.208687,0.729994,-0.581685,0.291893,-0.556202,1.945617,-1.550336,-0.449805,0.078288,0.409042,0.940686,2.256157,-0.004941
1373,1776148693341,15.263005,-587.7882,107.7635,-379.5919,-0.208211,0.730358,-0.581888,0.290916,-0.555206,1.947542,-1.551638,-0.449778,0.078489,0.408973,0.940601,2.256025,-0.004802
1374,1776148693352,15.274116,-587.8024,107.6292,-379.7387,-0.208486,0.730122,-0.581766,0.291556,-0.55576,1.946287,-1.550813,-0.449754,0.078616,0.408956,0.940647,2.255923,-0.004776
1375,1776148693363,15.285227,-587.9775,107.7622,-379.9102,-0.208807,0.730014,-0.581555,0.292016,-0.556488,1.94555,-1.549893,-0.449723,0.078835,0.408899,0.940547,2.255745,-0.004649
1376,1776148693374,15.296339,-587.8916,107.4431,-380.1889,-0.208429,0.730051,-0.581769,0.291767,-0.555551,1.945891,-1.550659,-0.449701,0.078965,0.40888,0.940573,2.255676,-0.004595
1377,1776148693385,15.30745,-588.0928,107.5668,-380.2155,-0.208419,0.73024,-0.581699,0.291439,-0.555616,1.946716,-1.550726,-0.449691,0.079095,0.408825,0.940542,2.255423,-0.004546
1378,1776148693396,15.318561,-588.4843,107.8945,-380.2132,-0.208765,0.730168,-0.581355,0.292059,-0.556364,1.945918,-1.549329,-0.449658,0.079321,0.408799,0.940591,2.255286,-0.004396
1379,1776148693407,15.329672,-588.4772,107.6772,-380.5868,-0.208743,0.730275,-0.581387,0.291742,-0.556395,1.946514,-1.54966,-0.449656,0.079423,0.408774,0.940507,2.255159,-0.004294
1380,1776148693418,15.340784,-588.5434,107.566,-380.6993,-0.208687,0.730221,-0.581383,0.291928,-0.556192,1.946188,-1.549504,-0.449631,0.079523,0.408727,0.940499,2.255027,-0.004247
1381,1776148693429,15.351895,-588.5257,107.3656,-380.9803,-0.2082,0.730318,-0.581738,0.291324,-0.555065,1.947034,-1.550919,-0.449601,0.079749,0.408694,0.940483,2.254851,-0.004117
1382,1776148693441,15.363006,-588.7596,107.5194,-381.159,-0.209145,0.730022,-0.580956,0.292945,-0.557129,1.944665,-1.547578,-0.44958,0.079876,0.408628,0.940504,2.254513,-0.004095
1383,1776148693452,15.374118,-588.8441,107.3686,-381.3691,-0.208614,0.730307,-0.581158,0.292212,-0.55592,1.94614,-1.548685,-0.449555,0.080142,0.408545,0.940599,2.254174,-0.003988
1384,1776148693463,15.385229,-588.8628,107.4291,-381.5463,-0.208847,0.730395,-0.580897,0.292343,-0.556504,1.946247,-1.547888,-0.44954,0.080275,0.408506,0.940592,2.254027,-0.003939
1385,1776148693474,15.39634,-588.9271,107.1637,-381.674,-0.208834,0.730654,-0.580637,0.292221,-0.556504,1.947057,-1.54729,-0.449515,0.080378,0.40849,0.940623,2.253877,-0.003813
1386,1776148693485,15.407452,-588.8746,107.1842,-381.861,-0.208468,0.730211,-0.581272,0.29233,-0.555497,1.945768,-1.548897,-0.449475,0.080627,0.408468,0.94064,2.253684,-0.003597
1387,1776148693496,15.418563,-588.9805,106.8654,-381.9402,-0.208742,0.730591,-0.580845,0.292032,-0.55631,1.947072,-1.54799,-0.449471,0.080749,0.408408,0.94046,2.253439,-0.003529
1388,1776148693507,15.429674,-589.3132,107.1776,-381.9922,-0.20884,0.730478,-0.580682,0.292569,-0.556423,1.946246,-1.547139,-0.449442,0.081005,0.408339,0.94037,2.253067,-0.003311
1389,1776148693518,15.440785,-589.1553,106.9025,-382.0085,-0.208974,0.730571,-0.580457,0.292688,-0.556745,1.94638,-1.546447,-0.449429,0.08113,0.408325,0.940314,2.252913,-0.003235
1390,1776148693529,15.451896,-589.4737,106.9441,-382.1636,-0.209156,0.730676,-0.580212,0.29278,-0.557207,1.946571,-1.545724,-0.449402,0.081267,0.408307,0.940323,2.252706,-0.003179
1391,1776148693541,15.463008,-589.4389,107.1852,-382.3625,-0.208911,0.730654,-0.580387,0.292666,-0.556583,1.946622,-1.546277,-0.449379,0.08156,0.408251,0.940331,2.252257,-0.00306
1392,1776148693552,15.474119,-589.6637,107.1725,-382.5424,-0.209182,0.730652,-0.58017,0.292907,-0.557239,1.946381,-1.545513,-0.449358,0.081684,0.408219,0.940201,2.252001,-0.002941
1393,1776148693563,15.48523,-589.7115,107.221,-382.7943,-0.209205,0.73054,-0.580138,0.293233,-0.557208,1.945765,-1.545175,-0.449322,0.081969,0.408131,0.940166,2.251451,-0.002756
1394,1776148693574,15.496341,-589.856,106.9228,-382.8774,-0.209125,0.730693,-0.57996,0.29326,-0.556988,1.946146,-1.544679,-0.449314,0.082128,0.408051,0.940211,2.251084,-0.002652
1395,1776148693585,15.507453,-589.8293,106.9475,-383.1131,-0.209773,0.730556,-0.579594,0.293861,-0.558548,1.945196,-1.543242,-0.449303,0.082239,0.408017,0.940106,2.250845,-0.00253
1396,1776148693596,15.518564,-589.8044,106.6193,-383.5202,-0.209212,0.730571,-0.579916,0.293587,-0.557129,1.945504,-1.544309,-0.44928,0.082531,0.407908,0.940091,2.250287,-0.002394
1397,1776148693607,15.529675,-589.8137,106.6212,-383.6791,-0.209609,0.730755,-0.579515,0.29364,-0.558172,1.945941,-1.543201,-0.449258,0.082665,0.407873,0.939976,2.250026,-0.002331
1398,1776148693618,15.540786,-590.0568,106.6069,-383.8648,-0.209779,0.730542,-0.579387,0.294299,-0.55844,1.944733,-1.542352,-0.449253,0.082789,0.40783,0.939955,2.249815,-0.002187
1399,1776148693629,15.551898,-590.0057,106.3744,-384.1441,-0.209713,0.730548,-0.579444,0.29422,-0.558286,1.944825,-1.542566,-0.449221,0.083093,0.407715,0.939916,2.249215,-0.002074
1400,1776148693641,15.563009,-590.2332,106.4654,-384.3188,-0.209777,0.73079,-0.579237,0.293979,-0.558524,1.945706,-1.5422,-0.44922,0.083219,0.40766,0.939793,2.248916,-0.001959
1401,1776148693652,15.574121,-590.2081,106.1873,-384.6597,-0.209799,0.730624,-0.579248,0.294355,-0.558479,1.944897,-1.541938,-0.449179,0.083528,0.407593,0.939778,2.248418,-0.001759
1402,1776148693663,15.585232,-590.418,106.3959,-384.6223,-0.209807,0.730804,-0.579109,0.294175,-0.558549,1.945552,-1.541708,-0.449159,0.08367,0.407562,0.939704,2.248201,-0.001642
1403,1776148693674,15.596343,-590.5128,106.187,-384.8242,-0.210323,0.730832,-0.578613,0.294714,-0.559772,1.945101,-1.539973,-0.44914,0.083807,0.407528,0.939636,2.247983,-0.001527
1404,1776148693685,15.607455,-590.6053,106.0571,-384.979,-0.210083,0.730984,-0.578635,0.294465,-0.559203,1.945749,-1.540221,-0.449107,0.084094,0.407451,0.939549,2.247461,-0.001276
1405,1776148693696,15.618566,-590.6068,105.6192,-385.1603,-0.210213,0.731,-0.578524,0.29455,-0.559527,1.945707,-1.539863,-0.449081,0.08426,0.407423,0.939588,2.2472,-0.001245
1406,1776148693707,15.629677,-590.7029,105.5709,-385.3086,-0.210281,0.73085,-0.578462,0.294996,-0.55958,1.944874,-1.539354,-0.449053,0.084561,0.407317,0.939513,2.246633,-0.001007
1407,1776148693718,15.640788,-590.9687,105.7716,-385.3259,-0.210314,0.730987,-0.578322,0.294908,-0.559693,1.945325,-1.539047,-0.449032,0.08472,0.407285,0.939538,2.246442,-0.000945
1408,1776148693729,15.6519,-591.0377,105.6284,-385.3828,-0.210333,0.730901,-0.578397,0.294959,-0.559729,1.945047,-1.539207,-0.449021,0.084882,0.407206,0.93949,2.246099,-0.000878
1409,1776148693741,15.663011,-591.374,105.8003,-385.4222,-0.210559,0.730762,-0.578172,0.295583,-0.560156,1.94407,-1.538129,-0.448989,0.085182,0.407129,0.939425,2.245669,-0.000652
1410,1776148693752,15.674122,-591.3342,105.5141,-385.5745,-0.210414,0.731217,-0.577947,0.295,-0.559935,1.945848,-1.53798,-0.448961,0.085319,0.407086,0.93942,2.245386,-0.000543
1411,1776148693763,15.685233,-591.5218,105.7869,-385.8952,-0.210749,0.730999,-0.577843,0.295503,-0.560686,1.944779,-1.537316,-0.448925,0.085637,0.406992,0.939261,2.244877,-0.000359
1412,1776148693774,15.696344,-591.5784,105.7987,-386.1158,-0.210899,0.730832,-0.577696,0.296099,-0.560916,1.943754,-1.536468,-0.448901,0.085812,0.406939,0.93925,2.24457,-0.000332
1413,1776148693785,15.707455,-591.6693,105.6512,-386.1584,-0.210833,0.730938,-0.577705,0.295866,-0.560806,1.944262,-1.53667,-0.448888,0.085941,0.406887,0.939135,2.244353,-0.000121
1414,1776148693796,15.718567,-591.7693,105.6941,-386.5478,-0.210494,0.731314,-0.577686,0.295214,-0.560086,1.945897,-1.537122,-0.448855,0.086258,0.406784,0.939028,2.243785,0.000026
1415,1776148693807,15.729678,-591.8896,105.666,-386.8195,-0.210962,0.731184,-0.577379,0.295803,-0.561166,1.944979,-1.53585,-0.448828,0.086421,0.406762,0.939049,2.243592,0.000113
1416,1776148693818,15.740789,-591.9221,105.4037,-387.0846,-0.211108,0.731174,-0.577221,0.296029,-0.561493,1.944732,-1.535259,-0.448807,0.086586,0.406736,0.939062,2.243339,0.000164
1417,1776148693829,15.751901,-591.9966,105.3108,-387.1768,-0.211169,0.730999,-0.577278,0.296308,-0.561577,1.943997,-1.535194,-0.448784,0.086883,0.406626,0.938953,2.242799,0.000312
1418,1776148693841,15.763012,-592.0844,105.2437,-387.4218,-0.21066,0.730978,-0.577649,0.295998,-0.560308,1.944241,-1.53642,-0.44876,0.087034,0.406615,0.938904,2.242647,0.000407
1419,1776148693852,15.774123,-592.2265,105.0059,-387.6188,-0.211377,0.731248,-0.576968,0.29615,-0.562173,1.944812,-1.534491,-0.44873,0.087341,0.406552,0.938896,2.242142,0.000551
1420,1776148693863,15.785234,-592.3338,105.2174,-387.8525,-0.210902,0.730997,-0.577411,0.296243,-0.560885,1.944054,-1.5356,-0.448705,0.08749,0.406543,0.938887,2.242028,0.000579
1421,1776148693874,15.796346,-592.3912,104.9464,-388.0536,-0.21097,0.731037,-0.577296,0.296321,-0.561043,1.944084,-1.535233,-0.448696,0.087652,0.406491,0.938841,2.241746,0.000654
1422,1776148693885,15.807457,-592.4634,104.5454,-388.1233,-0.211022,0.731177,-0.577103,0.296315,-0.561182,1.944461,-1.534725,-0.448656,0.087975,0.406371,0.938762,2.241234,0.000702
1423,1776148693896,15.818568,-592.795,104.9346,-388.5106,-0.21212,0.731133,-0.576342,0.29712,-0.563875,1.943563,-1.532086,-0.448641,0.088148,0.406304,0.938689,2.240911,0.00073
1424,1776148693907,15.82968,-593.0623,105.1102,-388.7831,-0.211436,0.731004,-0.576935,0.296772,-0.562157,1.943559,-1.533927,-0.448609,0.088474,0.406189,0.938615,2.24046,0.000789
1425,1776148693918,15.840791,-593.1166,104.9562,-388.973,-0.211417,0.731012,-0.576874,0.296885,-0.562074,1.943471,-1.533679,-0.448578,0.088638,0.40616,0.938611,2.240268,0.000735
1426,1776148693929,15.851902,-592.9924,104.5482,-389.2137,-0.211564,0.730857,-0.576795,0.297316,-0.562343,1.94264,-1.533139,-0.448554,0.088798,0.406146,0.938638,2.240178,0.000768
1427,1776148693941,15.863013,-593.0519,104.5752,-389.2438,-0.211637,0.730949,-0.576753,0.29712,-0.562591,1.943075,-1.533176,-0.448513,0.089135,0.406051,0.938629,2.239738,0.000794
1428,1776148693952,15.874125,-593.0538,104.5349,-389.4392,-0.211595,0.731117,-0.576701,0.296835,-0.562561,1.943799,-1.533258,-0.448481,0.089301,0.406031,0.938658,2.239594,0.000826
1429,1776148693963,15.885236,-593.1979,104.7156,-389.5365,-0.211864,0.730811,-0.576606,0.29758,-0.563066,1.942263,-1.532435,-0.448446,0.089611,0.405916,0.938615,2.239197,0.000797
1430,1776148693974,15.896347,-593.3955,104.7038,-389.5914,-0.212048,0.730947,-0.576342,0.297627,-0.563542,1.942579,-1.531696,-0.448422,0.08976,0.405893,0.938597,2.2391,0.000817
1431,1776148693985,15.907458,-593.4579,104.6247,-389.9091,-0.211721,0.731033,-0.576587,0.297174,-0.562802,1.943244,-1.532695,-0.448393,0.089944,0.405844,0.938622,2.238946,0.000776
1432,1776148693996,15.91857,-593.7008,104.6928,-390.0674,-0.211724,0.730922,-0.576631,0.297361,-0.562756,1.942768,-1.532668,-0.448334,0.090249,0.405753,0.938669,2.238603,0.000763
1433,1776148694007,15.929681,-593.6494,104.5071,-390.2205,-0.21195,0.730678,-0.576437,0.298175,-0.563128,1.941331,-1.53153,-0.448296,0.090432,0.405755,0.938782,2.238543,0.000713
1434,1776148694018,15.940792,-593.759,104.5244,-390.4819,-0.212192,0.73086,-0.576158,0.298093,-0.563794,1.941895,-1.530853,-0.448279,0.090565,0.405695,0.938766,2.238354,0.000755
1435,1776148694029,15.951903,-593.7784,104.3398,-390.6382,-0.211891,0.730995,-0.576331,0.297644,-0.56312,1.942688,-1.531654,-0.44823,0.090863,0.405609,0.938783,2.237984,0.000755
1436,1776148694041,15.963015,-593.8759,104.3157,-390.8226,-0.212245,0.731107,-0.575962,0.297829,-0.564009,1.942806,-1.530533,-0.448209,0.091001,0.405569,0.938777,2.237804,0.000772
1437,1776148694052,15.974126,-593.979,104.3677,-391.1372,-0.211968,0.73063,-0.576452,0.298248,-0.563155,1.941134,-1.531516,-0.448143,0.091333,0.405516,0.938969,2.237534,0.00064
1438,1776148694063,15.985237,-593.988,103.9866,-391.4658,-0.21179,0.730777,-0.576512,0.297901,-0.562779,1.941861,-1.531938,-0.448121,0.091498,0.405479,0.939045,2.2374,0.000606
1439,1776148694074,15.996348,-594.2322,104.1496,-391.6819,-0.211897,0.730529,-0.576557,0.298345,-0.56294,1.940771,-1.53172,-0.448102,0.091667,0.405424,0.939091,2.237179,0.00044
1440,1776148694085,16.007459,-594.1343,103.9008,-391.8995,-0.211946,0.730661,-0.576365,0.298356,-0.563066,1.941112,-1.531202,-0.448062,0.091956,0.40537,0.93916,2.236857,0.000344
1441,1776148694096,16.018571,-594.6096,104.0922,-392.0923,-0.212319,0.731004,-0.575886,0.298176,-0.564108,1.942196,-1.530066,-0.448051,0.092102,0.405351,0.939183,2.236811,0.000286
1442,1776148694107,16.029682,-594.5947,103.988,-392.3835,-0.212316,0.730793,-0.576001,0.298473,-0.564016,1.94135,-1.530144,-0.44799,0.092411,0.405331,0.939288,2.236656,0.000114
1443,1776148694118,16.040793,-594.8297,103.9975,-392.2097,-0.212217,0.730656,-0.576229,0.298439,-0.563762,1.941018,-1.530777,-0.447971,0.092528,0.405294,0.939276,2.236547,0.00011
1444,1776148694129,16.051904,-594.9191,103.9728,-392.4277,-0.212097,0.730661,-0.576374,0.298233,-0.563502,1.94123,-1.531318,-0.447948,0.092678,0.405268,0.939279,2.236493,0.000096
1445,1776148694141,16.063015,-594.9275,103.7884,-392.6641,-0.212358,0.730543,-0.576274,0.298528,-0.564112,1.940632,-1.530828,-0.447932,0.092959,0.405124,0.939149,2.236098,-0.000024
1446,1776148694152,16.074126,-595.1339,103.8223,-392.877,-0.212097,0.730495,-0.576425,0.298541,-0.563416,1.940491,-1.531219,-0.447909,0.093097,0.405098,0.939204,2.236092,-0.000095
1447,1776148694163,16.085238,-595.0856,103.6844,-393.1313,-0.212137,0.730494,-0.576411,0.298541,-0.563521,1.940489,-1.531183,-0.447871,0.093395,0.405012,0.939204,2.235851,-0.000255
1448,1776148694174,16.096349,-595.2638,103.8804,-393.3415,-0.212252,0.730604,-0.576268,0.298468,-0.563848,1.94085,-1.530856,-0.447853,0.09353,0.404982,0.939203,2.235763,-0.000292
1449,1776148694185,16.10746,-595.2776,103.6844,-393.5446,-0.212102,0.730632,-0.576256,0.298529,-0.563432,1.940866,-1.53078,-0.447828,0.093683,0.404965,0.93934,2.235724,-0.0004
1450,1776148694196,16.118571,-595.3818,103.7596,-393.7059,-0.212407,0.730447,-0.576189,0.298893,-0.564141,1.940023,-1.530322,-0.447807,0.093972,0.404848,0.939401,2.235421,-0.000553
1451,1776148694207,16.129683,-595.4418,103.8163,-393.8581,-0.212599,0.730268,-0.576124,0.299321,-0.56453,1.939133,-1.529823,-0.447789,0.094109,0.404818,0.939427,2.235452,-0.000605
1452,1776148694218,16.140794,-595.5784,103.6424,-394.0413,-0.212653,0.729989,-0.576244,0.299729,-0.564557,1.937999,-1.529832,-0.447775,0.094256,0.404758,0.939464,2.235299,-0.00072
1453,1776148694229,16.151905,-595.5916,103.4251,-394.182,-0.211993,0.730174,-0.576708,0.298852,-0.563052,1.939338,-1.531732,-0.447739,0.094529,0.404714,0.939528,2.235344,-0.000858
1454,1776148694241,16.163017,-595.6146,103.2812,-394.413,-0.211901,0.730217,-0.576753,0.298726,-0.562843,1.939573,-1.53195,-0.447733,0.094677,0.404666,0.93958,2.235264,-0.000996
1455,1776148694252,16.174128,-595.8184,103.0989,-394.5147,-0.212935,0.730293,-0.575725,0.299786,-0.565291,1.938752,-1.528409,-0.447701,0.094936,0.404585,0.939598,2.23516,-0.001122
1456,1776148694263,16.185239,-595.8785,102.9077,-394.5887,-0.212652,0.730521,-0.575791,0.299305,-0.564674,1.93982,-1.528952,-0.447687,0.09505,0.404545,0.939601,2.235093,-0.001074
1457,1776148694274,16.196351,-595.9021,102.8614,-394.7766,-0.212475,0.730232,-0.576122,0.2995,-0.564149,1.938865,-1.529682,-0.447673,0.095188,0.404517,0.939681,2.235025,-0.001136
1458,1776148694285,16.207462,-595.8179,102.203,-394.7792,-0.211646,0.730291,-0.576841,0.298557,-0.562213,1.939933,-1.53231,-0.447628,0.095458,0.404452,0.939773,2.235003,-0.001217
1459,1776148694296,16.218573,-596.1181,102.6882,-395.0628,-0.21239,0.730173,-0.576152,0.299646,-0.563884,1.938566,-1.529649,-0.447616,0.095588,0.404426,0.939788,2.23496,-0.001261
1460,1776148694307,16.229684,-596.0438,102.3601,-395.2258,-0.212496,0.730667,-0.575838,0.298968,-0.564355,1.940535,-1.529335,-0.447578,0.095849,0.404337,0.939814,2.234839,-0.001395
1461,1776148694318,16.240795,-596.5162,102.6501,-395.3265,-0.212197,0.730212,-0.576419,0.299173,-0.563503,1.939127,-1.53072,-0.447555,0.096002,0.404306,0.939931,2.234792,-0.001438
1462,1776148694329,16.251907,-596.5085,102.452,-395.2221,-0.212105,0.730103,-0.576491,0.299364,-0.563207,1.938654,-1.530765,-0.447536,0.096124,0.404284,0.93992,2.234852,-0.001508
1463,1776148694341,16.263018,-596.6062,102.6956,-395.4943,-0.212301,0.73002,-0.576543,0.299329,-0.563735,1.938468,-1.530931,-0.447508,0.096376,0.40421,0.939907,2.234745,-0.001601
1464,1776148694352,16.274129,-596.6895,102.6154,-395.8827,-0.212464,0.730275,-0.576223,0.299207,-0.564203,1.939261,-1.530174,-0.447487,0.096503,0.404169,0.939893,2.234729,-0.001677
1465,1776148694363,16.28524,-596.7031,102.672,-396.027,-0.212166,0.730341,-0.576436,0.298848,-0.563513,1.939784,-1.531013,-0.447443,0.096761,0.404149,0.939992,2.234859,-0.001745
1466,1776148694374,16.296351,-596.7561,102.4089,-396.2006,-0.212172,0.729945,-0.576548,0.299594,-0.563319,1.938013,-1.530742,-0.447433,0.096891,0.404085,0.939947,2.234714,-0.001845
1467,1776148694385,16.307463,-596.9286,102.7438,-396.2211,-0.212297,0.73008,-0.576434,0.299395,-0.563706,1.938565,-1.53059,-0.447426,0.096997,0.404011,0.939839,2.234605,-0.001856
1468,1776148694396,16.318574,-596.9066,102.4249,-396.3216,-0.212294,0.730201,-0.576272,0.299414,-0.563695,1.938865,-1.530146,-0.447395,0.097255,0.403933,0.9399,2.234507,-0.001949
1469,1776148694407,16.329685,-596.9925,102.5509,-396.6288,-0.211984,0.730166,-0.576533,0.299216,-0.562926,1.938965,-1.530991,-0.447366,0.097401,0.403919,0.940004,2.234528,-0.001969
1470,1776148694418,16.340797,-597.0095,102.3966,-396.7202,-0.212218,0.729813,-0.576563,0.299854,-0.563367,1.937411,-1.530582,-0.44736,0.097519,0.403884,0.939994,2.234499,-0.002063
1471,1776148694429,16.351908,-597.3345,102.3683,-397.0081,-0.212159,0.729832,-0.576669,0.299644,-0.56327,1.937663,-1.531025,-0.447326,0.097782,0.403819,0.940171,2.234453,-0.002086
1472,1776148694441,16.363019,-597.3027,102.2202,-397.1119,-0.212267,0.730081,-0.576426,0.29943,-0.563618,1.938531,-1.530542,-0.447324,0.097898,0.403767,0.940122,2.234358,-0.002101
1473,1776148694452,16.37413,-597.4418,102.3069,-397.3435,-0.212327,0.730008,-0.576459,0.299501,-0.563756,1.938269,-1.530578,-0.447316,0.098122,0.403676,0.940077,2.234292,-0.002166
1474,1776148694463,16.385241,-597.4051,102.2242,-397.432,-0.212408,0.729934,-0.576499,0.299546,-0.563959,1.93803,-1.530649,-0.447295,0.098225,0.403657,0.940054,2.234315,-0.002147
1475,1776148694474,16.396353,-597.5547,102.3018,-397.7179,-0.211931,0.729788,-0.576874,0.29952,-0.5627,1.937667,-1.531663,-0.447291,0.098353,0.403609,0.940063,2.234283,-0.002128
1476,1776148694485,16.407464,-597.6104,102.0947,-397.7806,-0.212437,0.729917,-0.576433,0.299695,-0.563995,1.93784,-1.53036,-0.447263,0.098597,0.403563,0.940058,2.234298,-0.002144
1477,1776148694496,16.418575,-597.7075,101.9761,-398.0919,-0.212668,0.729962,-0.576236,0.299798,-0.56458,1.937861,-1.529759,-0.447245,0.098739,0.403515,0.940182,2.234223,-0.002199
1478,1776148694507,16.429687,-597.6293,102.1042,-398.0133,-0.212362,0.730064,-0.576395,0.299462,-0.56386,1.938456,-1.530437,-0.447228,0.09893,0.403447,0.940101,2.234178,-0.002129
1479,1776148694518,16.440798,-597.6503,102.0417,-398.063,-0.212428,0.730154,-0.576238,0.299498,-0.564027,1.93866,-1.529992,-0.447216,0.099041,0.403417,0.94016,2.234151,-0.002067
1480,1776148694529,16.451909,-597.6775,102.1289,-398.144,-0.212616,0.729917,-0.576301,0.299821,-0.564434,1.93772,-1.529913,-0.447218,0.099123,0.403362,0.940068,2.2341,-0.002036
1481,1776148694541,16.463021,-597.859,101.94,-398.4233,-0.212164,0.73043,-0.576271,0.298949,-0.563479,1.939924,-1.530499,-0.447175,0.099365,0.40331,0.940181,2.234054,-0.00205
1482,1776148694552,16.474132,-598.0519,102.0084,-398.5462,-0.212758,0.729568,-0.576434,0.300314,-0.564674,1.936316,-1.529891,-0.447171,0.099488,0.403256,0.940185,2.233989,-0.002076
1483,1776148694563,16.485243,-598.075,102.0292,-398.6851,-0.212475,0.73007,-0.576282,0.299586,-0.564126,1.938351,-1.530041,-0.447138,0.099718,0.403193,0.940194,2.233909,-0.002113
1484,1776148694574,16.496354,-598.0934,101.6838,-399.0177,-0.212679,0.730475,-0.575877,0.299232,-0.564768,1.93977,-1.529237,-0.44714,0.099783,0.403145,0.940127,2.233841,-0.001941
1485,1776148694585,16.507466,-598.3519,101.9468,-399.1505,-0.212589,0.730233,-0.576147,0.299367,-0.56449,1.938998,-1.529849,-0.447121,0.099923,0.403114,0.940154,2.233769,-0.002058
1486,1776148694596,16.518577,-598.415,101.7999,-399.1525,-0.212756,0.730149,-0.576055,0.299629,-0.564861,1.93852,-1.529406,-0.447098,0.100113,0.403076,0.940069,2.233776,-0.001972
1487,1776148694607,16.529688,-598.3931,101.8037,-399.1766,-0.212929,0.730157,-0.575799,0.29998,-0.565221,1.938201,-1.52846,-0.44707,0.100258,0.403034,0.94014,2.233629,-0.002015
1488,1776148694618,16.540799,-598.3624,101.5657,-399.2064,-0.212857,0.730116,-0.576001,0.299743,-0.565096,1.938321,-1.529176,-0.447069,0.10035,0.402981,0.93996,2.233524,-0.002039
1489,1776148694629,16.551911,-598.5126,101.6213,-399.3946,-0.212563,0.729933,-0.576343,0.299737,-0.564317,1.937843,-1.530089,-0.447048,0.100591,0.402898,0.939905,2.23331,-0.002031
1490,1776148694641,16.563022,-598.5117,101.3184,-399.4849,-0.212866,0.730162,-0.575962,0.299699,-0.565132,1.938487,-1.529106,-0.447038,0.100666,0.402871,0.939793,2.233265,-0.001993
1491,1776148694652,16.574133,-598.7509,101.5867,-399.6792,-0.212669,0.730016,-0.576173,0.299791,-0.564583,1.93801,-1.529595,-0.447005,0.100894,0.402842,0.939839,2.233164,-0.001941
1492,1776148694663,16.585245,-598.6993,101.3362,-399.7801,-0.212608,0.730133,-0.576164,0.299565,-0.564484,1.938539,-1.529744,-0.446993,0.100993,0.40282,0.939774,2.233123,-0.00189
1493,1776148694674,16.596356,-598.7836,101.1747,-399.9588,-0.213209,0.730032,-0.575652,0.300367,-0.565855,1.937496,-1.527774,-0.446991,0.101103,0.40274,0.939697,2.232935,-0.0019
1494,1776148694685,16.607467,-598.8596,101.0408,-400.0453,-0.213057,0.730116,-0.575762,0.30006,-0.565538,1.938016,-1.528301,-0.446956,0.101338,0.402667,0.939739,2.232707,-0.00187
1495,1776148694696,16.618579,-598.8151,101.1777,-400.1824,-0.21297,0.730236,-0.575775,0.299805,-0.565377,1.93858,-1.528528,-0.44695,0.101424,0.402619,0.939698,2.232604,-0.001787
1496,1776148694707,16.62969,-599.0302,101.1462,-400.2206,-0.212813,0.730021,-0.576009,0.299988,-0.56491,1.937835,-1.529011,-0.446914,0.10163,0.402563,0.939661,2.23242,-0.001697
1497,1776148694718,16.640801,-599.035,101.301,-400.4515,-0.21298,0.730039,-0.575836,0.300161,-0.565304,1.937713,-1.528419,-0.446898,0.101718,0.402545,0.939633,2.232364,-0.001641
1498,1776148694729,16.651912,-599.1277,101.3756,-400.6726,-0.212775,0.730157,-0.575858,0.299975,-0.564812,1.938207,-1.52862,-0.446893,0.101796,0.402507,0.939541,2.232269,-0.001552
1499,1776148694741,16.663023,-599.1929,101.0579,-400.7676,-0.213477,0.730181,-0.575332,0.300428,-0.566549,1.937832,-1.526879,-0.446871,0.102023,0.402418,0.939538,2.231963,-0.001423
1500,1776148694752,16.674135,-599.496,101.2489,-400.9156,-0.213222,0.730146,-0.57546,0.300449,-0.565866,1.93772,-1.527202,-0.446858,0.102137,0.402402,0.939552,2.2319,-0.001355
1501,1776148694763,16.685246,-599.4979,101.1774,-401.1089,-0.213065,0.730339,-0.575476,0.30006,-0.565559,1.93861,-1.52754,-0.446844,0.102348,0.40234,0.939536,2.231655,-0.00128
1502,1776148694774,16.696357,-599.5385,100.8644,-401.1974,-0.213376,0.730168,-0.57531,0.300572,-0.566241,1.937661,-1.52671,-0.44682,0.102463,0.402316,0.939487,2.231571,-0.001305
1503,1776148694785,16.707469,-599.5822,101.1341,-401.3584,-0.213247,0.730337,-0.57521,0.300447,-0.565932,1.938228,-1.52654,-0.44681,0.102574,0.402296,0.939591,2.231447,-0.00124
1504,1776148694796,16.71858,-599.5363,101.0172,-401.3562,-0.213336,0.730163,-0.575328,0.300579,-0.566132,1.93764,-1.526754,-0.446789,0.102778,0.402226,0.939508,2.231167,-0.001213
1505,1776148694807,16.729691,-599.7699,101.1297,-401.4669,-0.213134,0.730176,-0.575501,0.300359,-0.565657,1.937887,-1.527381,-0.446764,0.102872,0.402242,0.939587,2.231182,-0.001124
1506,1776148694818,16.740802,-599.7336,100.9239,-401.6864,-0.213281,0.730207,-0.575171,0.300811,-0.565921,1.937533,-1.526161,-0.446768,0.102964,0.402169,0.939431,2.230921,-0.001096
1507,1776148694829,16.751913,-599.8421,101.0337,-401.8145,-0.213027,0.730299,-0.575505,0.300127,-0.565438,1.938437,-1.527567,-0.446738,0.103171,0.402136,0.939485,2.230694,-0.000932
1508,1776148694841,16.763025,-599.9548,100.8488,-401.9745,-0.213248,0.730363,-0.575034,0.300719,-0.565858,1.938035,-1.525865,-0.446728,0.10328,0.402116,0.939581,2.230494,-0.000849
1509,1776148694852,16.774136,-600.0255,100.9952,-402.0747,-0.213395,0.730353,-0.574899,0.300896,-0.566199,1.937839,-1.525374,-0.446708,0.103493,0.402074,0.93958,2.23032,-0.000784
1510,1776148694863,16.785247,-600.0317,100.8606,-402.0998,-0.213631,0.730184,-0.574901,0.301135,-0.566757,1.93716,-1.525198,-0.446713,0.103606,0.401997,0.939468,2.230024,-0.000731
1511,1776148694874,16.796358,-600.2816,100.822,-402.3715,-0.213354,0.730363,-0.574918,0.300864,-0.566098,1.937895,-1.525449,-0.446703,0.103707,0.401979,0.939438,2.229942,-0.000681
1512,1776148694885,16.80747,-600.3127,100.6236,-402.5716,-0.213563,0.730275,-0.574833,0.301092,-0.56659,1.937442,-1.525051,-0.446681,0.103898,0.401909,0.939319,2.229637,-0.000629
1513,1776148694896,16.818581,-600.4125,100.72,-402.6306,-0.213279,0.730563,-0.574783,0.30069,-0.56595,1.938595,-1.525222,-0.446669,0.103993,0.40188,0.939334,2.229485,-0.000544
1514,1776148694907,16.829692,-600.3661,100.4917,-402.8494,-0.213446,0.730417,-0.57481,0.300876,-0.566339,1.938027,-1.525153,-0.446642,0.104207,0.401815,0.93927,2.229155,-0.00049
1515,1776148694918,16.840803,-600.5466,100.9002,-402.7888,-0.213894,0.730227,-0.574533,0.301545,-0.567338,1.936878,-1.523911,-0.446634,0.104286,0.401761,0.939185,2.228991,-0.000413
1516,1776148694929,16.851915,-600.5375,100.691,-402.9776,-0.213913,0.73012,-0.574534,0.301789,-0.567321,1.936358,-1.523729,-0.446611,0.104398,0.401729,0.939138,2.228867,-0.000441
1517,1776148694941,16.863026,-600.4293,100.3983,-403.0584,-0.214053,0.730328,-0.574269,0.301691,-0.56772,1.937006,-1.5231,-0.446591,0.104584,0.401639,0.938973,2.228561,-0.000303
1518,1776148694952,16.874137,-600.7112,100.4367,-403.0803,-0.213985,0.73032,-0.57434,0.301623,-0.56756,1.93705,-1.523339,-0.446582,0.104677,0.40158,0.938869,2.228353,-0.000231
1519,1776148694963,16.885249,-600.6663,100.3085,-403.3117,-0.214136,0.730539,-0.574093,0.301457,-0.568005,1.93779,-1.522808,-0.446552,0.104857,0.401528,0.938759,2.228091,-0.000112
1520,1776148694974,16.89636,-600.952,100.5408,-403.1829,-0.214064,0.730562,-0.574044,0.301545,-0.56779,1.937766,-1.522614,-0.446541,0.104961,0.4015,0.938805,2.227896,-0.000001
1521,1776148694985,16.907472,-600.8806,100.2602,-403.4063,-0.214,0.730362,-0.574275,0.301634,-0.567596,1.937151,-1.52316,-0.446533,0.105052,0.40145,0.938679,2.22775,0.000035
1522,1776148694996,16.918583,-600.8776,100.232,-403.4849,-0.213783,0.730405,-0.574278,0.301679,-0.567008,1.937222,-1.523131,-0.446501,0.105261,0.401408,0.938759,2.227463,0.000121
1523,1776148695007,16.929694,-600.9235,100.147,-403.771,-0.213974,0.730406,-0.574155,0.301776,-0.567486,1.937131,-1.522732,-0.446486,0.10538,0.401369,0.938754,2.227254,0.000137
1524,1776148695018,16.940805,-600.9898,100.1165,-404.0252,-0.214119,0.730506,-0.573972,0.301778,-0.567869,1.937394,-1.522247,-0.446486,0.105465,0.401343,0.93879,2.227104,0.000249
1525,1776148695029,16.951916,-601.0164,99.9882,-404.1167,-0.214189,0.730522,-0.573907,0.301815,-0.568045,1.9374,-1.522045,-0.446461,0.10563,0.4013,0.938677,2.226848,0.000343
1526,1776148695041,16.963028,-601.1899,100.1876,-404.2628,-0.214235,0.730471,-0.573887,0.301942,-0.568131,1.937143,-1.521895,-0.44646,0.105745,0.401223,0.93859,2.226568,0.000353
1527,1776148695052,16.974139,-601.321,100.0627,-404.2003,-0.214364,0.73054,-0.573653,0.302128,-0.568421,1.937147,-1.521133,-0.446446,0.105834,0.401202,0.938503,2.226458,0.000386
1528,1776148695063,16.98525,-601.2889,99.9551,-404.3102,-0.214299,0.730431,-0.573845,0.302075,-0.568264,1.936907,-1.521683,-0.446433,0.106015,0.401163,0.93842,2.226235,0.00054
1529,1776148695074,16.996361,-601.2502,99.629,-404.3771,-0.214381,0.730506,-0.573573,0.302352,-0.568403,1.93684,-1.520752,-0.446415,0.10612,0.401146,0.938507,2.226079,0.000575
1530,1776148695085,17.007472,-601.2463,99.8868,-404.5256,-0.214445,0.730482,-0.573588,0.302333,-0.568579,1.936796,-1.520808,-0.446404,0.106316,0.401072,0.938392,2.225741,0.000683
1531,1776148695096,17.018584,-601.3375,99.5906,-404.5733,-0.214382,0.7306,-0.573546,0.302174,-0.568455,1.937261,-1.520817,-0.446386,0.106405,0.401083,0.938376,2.225688,0.000781
1532,1776148695107,17.029695,-601.5232,99.82,-404.6658,-0.214427,0.730634,-0.573445,0.302253,-0.568552,1.937274,-1.520489,-0.446364,0.106577,0.401028,0.938254,2.225469,0.000912
1533,1776148695118,17.040806,-601.5495,99.6278,-404.7886,-0.214733,0.730687,-0.573273,0.302231,-0.569371,1.937437,-1.520049,-0.446351,0.106676,0.401006,0.938224,2.225305,0.000983
1534,1776148695129,17.051918,-601.6913,99.5856,-405.0076,-0.214708,0.730696,-0.573189,0.302389,-0.569259,1.937307,-1.519706,-0.446339,0.106774,0.400957,0.93816,2.225096,0.001003
1535,1776148695141,17.063029,-601.8539,99.6033,-405.3141,-0.214658,0.730568,-0.573283,0.302555,-0.569079,1.936808,-1.519831,-0.446315,0.106981,0.400901,0.938164,2.2248,0.001083
1536,1776148695152,17.07414,-601.8229,99.7389,-405.3322,-0.214778,0.730561,-0.573261,0.302527,-0.569405,1.936818,-1.519795,-0.446298,0.107068,0.400879,0.93807,2.224662,0.001169
1537,1776148695163,17.085251,-601.9054,99.7599,-405.3956,-0.214757,0.730716,-0.573022,0.302622,-0.569322,1.937135,-1.519089,-0.446271,0.107266,0.400852,0.93806,2.224487,0.001266
1538,1776148695174,17.096363,-601.8388,99.4793,-405.5228,-0.215009,0.730529,-0.573042,0.302857,-0.569925,1.936414,-1.518963,-0.446278,0.107337,0.400809,0.937945,2.224359,0.001383
1539,1776148695185,17.107474,-601.9468,99.6797,-405.6505,-0.214761,0.730656,-0.572988,0.302828,-0.569275,1.93678,-1.518842,-0.446265,0.107443,0.40081,0.938062,2.22429,0.001481
1540,1776148695196,17.118585,-601.882,99.3893,-405.7498,-0.214837,0.730597,-0.572946,0.302997,-0.56943,1.936459,-1.518603,-0.446237,0.107646,0.400753,0.938039,2.223974,0.001624
1541,1776148695207,17.129696,-602.05,99.368,-405.8641,-0.21486,0.73076,-0.572853,0.302763,-0.569557,1.937117,-1.518533,-0.446225,0.10773,0.40073,0.937973,2.223945,0.001671
1542,1776148695218,17.140808,-602.0952,99.2628,-405.9581,-0.214738,0.730789,-0.572797,0.302884,-0.5692,1.937079,-1.518293,-0.446207,0.107804,0.40072,0.937964,2.223878,0.001772
1543,1776148695229,17.151919,-602.1176,99.371,-406.2223,-0.214919,0.730889,-0.572726,0.302649,-0.569745,1.937569,-1.518282,-0.446193,0.107978,0.40064,0.937815,2.223666,0.001924
1544,1776148695241,17.16303,-602.3254,99.4309,-406.1901,-0.215004,0.730793,-0.572632,0.302996,-0.569872,1.936981,-1.517773,-0.446183,0.108067,0.400602,0.93782,2.223484,0.002071
1545,1776148695252,17.174141,-602.2888,99.0903,-406.3007,-0.214814,0.730646,-0.572859,0.303059,-0.569351,1.936529,-1.518325,-0.446156,0.108249,0.400543,0.937779,2.223298,0.002171
1546,1776148695263,17.185252,-602.4954,99.2367,-406.2671,-0.215021,0.730896,-0.572535,0.302923,-0.569937,1.937323,-1.51757,-0.446139,0.108333,0.400535,0.937745,2.223248,0.00231
1547,1776148695274,17.196364,-602.3792,98.9141,-406.3986,-0.215222,0.730633,-0.57248,0.303515,-0.570304,1.936058,-1.516977,-0.446127,0.108426,0.400473,0.937671,2.223107,0.002315
1548,1776148695285,17.207475,-602.5621,99.2339,-406.4249,-0.215273,0.730797,-0.572498,0.303052,-0.57057,1.936936,-1.517373,-0.446107,0.108564,0.400429,0.937474,2.222969,0.002477
1549,1776148695296,17.218586,-602.3773,99.0227,-406.8351,-0.215156,0.731048,-0.572258,0.302982,-0.570278,1.937669,-1.516793,-0.446103,0.108638,0.400412,0.937434,2.222887,0.002594
1550,1776148695307,17.229697,-602.675,99.1406,-406.8786,-0.215524,0.730705,-0.572266,0.30353,-0.5711,1.936234,-1.516399,-0.446074,0.108806,0.400373,0.937362,2.222717,0.002646
1551,1776148695318,17.240809,-602.7982,99.0805,-406.9814,-0.215217,0.730974,-0.572203,0.30322,-0.570374,1.937245,-1.516466,-0.446061,0.108902,0.400365,0.937379,2.222647,0.002764
1552,1776148695329,17.25192,-602.731,98.9699,-407.1581,-0.21554,0.730821,-0.572126,0.303505,-0.571148,1.936565,-1.516047,-0.446041,0.108996,0.400351,0.937299,2.222637,0.002763
1553,1776148695341,17.263031,-602.7931,98.9327,-407.0657,-0.215577,0.730895,-0.572145,0.303263,-0.571315,1.936994,-1.516281,-0.44603,0.10912,0.400282,0.93707,2.222455,0.003004
1554,1776148695352,17.274142,-602.8692,99.0863,-407.2389,-0.215459,0.73115,-0.571942,0.303115,-0.571044,1.937813,-1.515854,-0.446002,0.10922,0.400287,0.937137,2.222433,0.003059
1555,1776148695363,17.285253,-602.7036,98.8888,-407.3472,-0.215577,0.730975,-0.572102,0.303152,-0.571346,1.937314,-1.51625,-0.446001,0.109295,0.400205,0.936991,2.222257,0.003098
1556,1776148695374,17.296364,-602.8358,98.8023,-407.4944,-0.21533,0.731105,-0.572139,0.302946,-0.570751,1.937856,-1.516503,-0.445962,0.109461,0.400196,0.936969,2.222211,0.003281
1557,1776148695385,17.307476,-602.8679,98.8217,-407.5924,-0.215678,0.730839,-0.572042,0.303521,-0.57151,1.936598,-1.515813,-0.445964,0.109561,0.400116,0.936862,2.222017,0.003291
1558,1776148695396,17.318587,-603.041,98.944,-407.6693,-0.215702,0.730836,-0.572014,0.303565,-0.571559,1.936546,-1.515705,-0.445924,0.10974,0.400056,0.936734,2.221921,0.003447
1559,1776148695407,17.329698,-603.0125,98.7393,-407.9088,-0.215666,0.731121,-0.571783,0.303337,-0.57153,1.937522,-1.515265,-0.44591,0.109838,0.400035,0.936756,2.221894,0.00349
1560,1776148695418,17.340809,-603.2281,99.0507,-407.9703,-0.215719,0.731083,-0.571856,0.303255,-0.571695,1.9375,-1.515519,-0.445894,0.109931,0.40001,0.9367,2.221853,0.003591
1561,1776148695429,17.351921,-603.1473,98.8094,-408.0854,-0.215609,0.73111,-0.571933,0.303125,-0.571439,1.937696,-1.515822,-0.445859,0.110115,0.399952,0.936619,2.221821,0.00369
1562,1776148695441,17.363032,-603.1294,98.5428,-408.1314,-0.21586,0.731266,-0.571584,0.303226,-0.572075,1.938014,-1.514821,-0.445845,0.110185,0.399944,0.936562,2.221823,0.003779
1563,1776148695452,17.374143,-603.1896,98.6371,-407.9565,-0.215583,0.731223,-0.571906,0.30292,-0.57143,1.938192,-1.515906,-0.445833,0.110343,0.399894,0.936338,2.221831,0.003958
1564,1776148695463,17.385254,-603.1181,98.4992,-408.2771,-0.215821,0.731383,-0.571533,0.303068,-0.572016,1.938475,-1.514806,-0.445825,0.110428,0.399877,0.936296,2.221828,0.004029
1565,1776148695474,17.396365,-603.279,98.8626,-408.2082,-0.215612,0.731286,-0.571841,0.302871,-0.571518,1.938406,-1.515769,-0.445813,0.110492,0.399886,0.936248,2.221928,0.004145
1566,1776148695485,17.407476,-603.3545,98.5565,-408.5788,-0.215522,0.731206,-0.571847,0.303114,-0.571212,1.937963,-1.515604,-0.44577,0.110698,0.399868,0.936304,2.221977,0.004276
1567,1776148695496,17.418588,-603.5517,98.653,-408.5763,-0.216163,0.731322,-0.57132,0.303373,-0.572837,1.93802,-1.51401,-0.44576,0.11077,0.399845,0.936182,2.221963,0.004393
1568,1776148695507,17.429699,-603.4338,98.5156,-408.6341,-0.215518,0.731346,-0.571832,0.30281,-0.571287,1.938625,-1.515793,-0.445737,0.110943,0.399804,0.936129,2.222038,0.004478
1569,1776148695518,17.44081,-603.7002,98.2996,-408.6624,-0.216747,0.731406,-0.5708,0.303734,-0.574281,1.937894,-1.51236,-0.445734,0.111,0.399765,0.935948,2.222006,0.004511
1570,1776148695529,17.451921,-603.5923,98.4052,-408.8325,-0.215852,0.731365,-0.571501,0.303151,-0.572075,1.938347,-1.514657,-0.445715,0.111096,0.399737,0.935944,2.221977,0.004527
1571,1776148695541,17.463032,-603.6656,98.3041,-408.91,-0.215801,0.731296,-0.571765,0.302855,-0.572026,1.938451,-1.515579,-0.445706,0.111242,0.399725,0.935818,2.22219,0.004738
1572,1776148695552,17.474143,-603.6397,98.0319,-409.037,-0.215552,0.731276,-0.571943,0.302745,-0.571395,1.938502,-1.516135,-0.445694,0.111368,0.399682,0.935804,2.222213,0.00474
1573,1776148695563,17.485255,-603.7852,97.7999,-409.0471,-0.215806,0.731473,-0.571538,0.302853,-0.572038,1.938922,-1.51498,-0.4457,0.111491,0.399652,0.935602,2.222406,0.004979
1574,1776148695574,17.496366,-603.8019,97.8986,-409.2164,-0.21552,0.731314,-0.572006,0.302557,-0.571363,1.938784,-1.516443,-0.4457,0.111596,0.399608,0.935601,2.222361,0.005013
1575,1776148695585,17.507477,-603.9584,97.987,-409.2581,-0.216074,0.731418,-0.571431,0.302996,-0.572708,1.938638,-1.514588,-0.445696,0.111667,0.399595,0.935534,2.222416,0.005145
1576,1776148695596,17.518589,-603.9024,97.851,-409.3627,-0.215644,0.731718,-0.571592,0.302274,-0.571774,1.940128,-1.515561,-0.445675,0.111832,0.39955,0.935421,2.222675,0.005297
1577,1776148695607,17.5297,-604.0057,97.9909,-409.4491,-0.215903,0.731685,-0.571474,0.302392,-0.572426,1.939928,-1.515158,-0.445654,0.111919,0.39954,0.935359,2.222755,0.005367
1578,1776148695618,17.540811,-604.0287,97.7436,-409.5649,-0.215788,0.731449,-0.571715,0.302588,-0.572067,1.939112,-1.51565,-0.445664,0.111987,0.399475,0.935214,2.222766,0.005474
1579,1776148695629,17.551923,-604.0125,97.6585,-409.7872,-0.215657,0.731725,-0.571649,0.30214,-0.571846,1.940278,-1.515811,-0.445635,0.112133,0.399458,0.935074,2.223048,0.005653
1580,1776148695641,17.563034,-604.1232,97.9949,-409.8848,-0.215595,0.731928,-0.571644,0.301701,-0.571806,1.941239,-1.51613,-0.445614,0.112234,0.399456,0.935108,2.22313,0.005669
1581,1776148695652,17.574145,-604.1954,98.1173,-409.8351,-0.216162,0.731744,-0.571234,0.302517,-0.573077,1.939963,-1.514427,-0.445591,0.112391,0.399437,0.934982,2.223415,0.005883
1582,1776148695663,17.585256,-604.4148,98.5583,-410.0335,-0.215834,0.731861,-0.571537,0.301895,-0.572386,1.940875,-1.5157,-0.445587,0.112495,0.399405,0.934898,2.223525,0.005971
1583,1776148695674,17.596368,-604.2966,98.2942,-410.3201,-0.215825,0.731719,-0.571738,0.301865,-0.572369,1.940526,-1.516256,-0.445581,0.112585,0.399367,0.934798,2.223594,0.006037
1584,1776148695685,17.607479,-604.4824,98.5103,-410.3115,-0.215882,0.731711,-0.571688,0.301938,-0.572501,1.940434,-1.516068,-0.445563,0.112754,0.399321,0.934634,2.223871,0.00619
1585,1776148695696,17.61859,-604.3818,98.0111,-410.6802,-0.215806,0.731954,-0.571601,0.301569,-0.572404,1.941435,-1.516114,-0.445543,0.11284,0.399316,0.934565,2.224081,0.006269
1586,1776148695707,17.629701,-604.3759,97.9898,-410.7318,-0.215984,0.731835,-0.571638,0.30166,-0.57285,1.941033,-1.516144,-0.445514,0.113011,0.399271,0.934397,2.224334,0.006393
1587,1776148695718,17.640813,-604.6038,98.0308,-410.86,-0.215776,0.73187,-0.571809,0.3014,-0.572373,1.941375,-1.516796,-0.445497,0.113121,0.399262,0.934337,2.224503,0.00641
1588,1776148695729,17.651924,-604.62,97.8866,-410.8461,-0.215455,0.732163,-0.571871,0.300798,-0.571693,1.942736,-1.517414,-0.445487,0.113201,0.399259,0.934299,2.224721,0.006564
1589,1776148695741,17.663035,-604.9075,97.9538,-411.0236,-0.215616,0.732067,-0.57186,0.300939,-0.57208,1.942344,-1.517279,-0.445432,0.113382,0.399264,0.934199,2.225112,0.006666
1590,1776148695752,17.674146,-604.96,98.2101,-410.9066,-0.21579,0.732085,-0.571766,0.300949,-0.572538,1.942382,-1.517022,-0.445437,0.113468,0.399223,0.934082,2.225173,0.006771
1591,1776148695763,17.685258,-604.9667,98.1407,-411.0308,-0.215584,0.732016,-0.5719,0.301009,-0.571975,1.942141,-1.517331,-0.445407,0.113662,0.399191,0.933994,2.225412,0.006942
1592,1776148695774,17.696369,-604.7213,97.8565,-411.177,-0.215692,0.73243,-0.571628,0.300442,-0.572422,1.943788,-1.517036,-0.445395,0.113741,0.399189,0.933897,2.225631,0.007032
1593,1776148695785,17.70748,-604.8348,97.8253,-411.4433,-0.215514,0.732316,-0.571763,0.300591,-0.571907,1.943342,-1.517283,-0.44538,0.113837,0.399172,0.933861,2.225763,0.007101
1594,1776148695796,17.718591,-604.9199,98.21,-411.3937,-0.216055,0.732329,-0.571288,0.301074,-0.573205,1.942909,-1.515658,-0.445353,0.114014,0.399139,0.93367,2.226005,0.00728
1595,1776148695807,17.729702,-605.0515,97.9729,-411.6963,-0.215612,0.732239,-0.571664,0.300896,-0.572082,1.942843,-1.51679,-0.445334,0.114109,0.399139,0.933635,2.226209,0.007385
1596,1776148695818,17.740814,-605.0084,97.5731,-411.8307,-0.215387,0.732402,-0.571803,0.300395,-0.571626,1.943761,-1.517537,-0.445314,0.114249,0.399089,0.933608,2.226235,0.007348
1597,1776148695829,17.751925,-605.2006,97.9125,-411.8963,-0.215343,0.732216,-0.571964,0.300574,-0.571459,1.943092,-1.51783,-0.445284,0.11447,0.399059,0.933599,2.226557,0.007489
1598,1776148695841,17.763036,-605.1542,97.6354,-412.1227,-0.215333,0.73218,-0.571993,0.300613,-0.571422,1.942959,-1.517878,-0.445258,0.11457,0.399045,0.933551,2.226734,0.007506
1599,1776148695852,17.774148,-605.3696,97.7382,-412.1804,-0.21533,0.732699,-0.571738,0.299836,-0.571635,1.945088,-1.517787,-0.445239,0.11474,0.399014,0.933321,2.227064,0.007728
1600,1776148695863,17.785259,-605.3538,97.7835,-412.3989,-0.215409,0.732435,-0.5718,0.300306,-0.571711,1.943933,-1.517597,-0.445228,0.114824,0.398991,0.933267,2.227174,0.007831
1601,1776148695874,17.79637,-605.5314,97.9589,-412.3866,-0.215397,0.732523,-0.571865,0.299975,-0.571774,1.944487,-1.518021,-0.445216,0.114916,0.39896,0.933188,2.227295,0.00791
1602,1776148695885,17.807482,-605.5533,97.7936,-412.5372,-0.215154,0.732755,-0.571799,0.299707,-0.571205,1.945364,-1.518048,-0.445181,0.115138,0.398911,0.933056,2.227494,0.008064
1603,1776148695896,17.818593,-605.6407,97.7056,-412.7481,-0.215092,0.732701,-0.572055,0.299397,-0.571128,1.945521,-1.518961,-0.445168,0.115245,0.39888,0.932969,2.227531,0.008072
1604,1776148695907,17.829704,-605.7155,97.6045,-412.9029,-0.215506,0.732326,-0.571805,0.300492,-0.571916,1.943465,-1.517469,-0.445137,0.115485,0.398826,0.932894,2.227656,0.008197
1605,1776148695918,17.840816,-605.6441,97.5122,-412.8729,-0.215597,0.73285,-0.57155,0.299634,-0.572401,1.945686,-1.517441,-0.445123,0.115563,0.398795,0.932741,2.227785,0.008363
1606,1776148695929,17.851927,-605.6255,97.6692,-412.9127,-0.215493,0.732734,-0.571672,0.299759,-0.57209,1.945256,-1.51767,-0.445097,0.115672,0.39878,0.932657,2.227818,0.008381
1607,1776148695941,17.863038,-605.7046,97.578,-413.1114,-0.215608,0.732603,-0.571732,0.299881,-0.57236,1.944792,-1.517737,-0.445079,0.115835,0.398694,0.932404,2.227905,0.008686
1608,1776148695952,17.874149,-605.7255,97.4932,-413.2738,-0.215433,0.732829,-0.571573,0.299759,-0.57193,1.945509,-1.517408,-0.445054,0.115964,0.398698,0.932435,2.228059,0.008699
1609,1776148695963,17.88526,-605.9611,97.4552,-413.3688,-0.215616,0.732673,-0.571584,0.299986,-0.57235,1.944876,-1.517267,-0.445009,0.11618,0.398621,0.932253,2.228099,0.008949
1610,1776148695974,17.896371,-605.9344,97.2938,-413.59,-0.215687,0.733037,-0.571382,0.29943,-0.572699,1.946382,-1.517149,-0.444979,0.116288,0.398589,0.9322,2.22811,0.00906
1611,1776148695985,17.907482,-605.8641,97.2064,-413.709,-0.215609,0.732872,-0.57156,0.299551,-0.572457,1.945825,-1.51753,-0.444974,0.116401,0.398524,0.932018,2.228094,0.009178
1612,1776148695996,17.918593,-606.0421,97.2701,-413.9103,-0.216053,0.732773,-0.571234,0.300093,-0.573482,1.945038,-1.516256,-0.444922,0.116605,0.398472,0.931833,2.228169,0.009343
1613,1776148696007,17.929705,-606.127,97.2844,-414.1004,-0.215722,0.732861,-0.571411,0.299781,-0.572692,1.945574,-1.516961,-0.444907,0.116701,0.398435,0.931733,2.228137,0.009463
1614,1776148696018,17.940816,-606.1266,97.1573,-414.1771,-0.215773,0.73313,-0.571353,0.299196,-0.572994,1.946856,-1.517249,-0.444891,0.11682,0.398399,0.931656,2.228165,0.009491
1615,1776148696029,17.951927,-606.1371,97.1731,-414.0984,-0.216283,0.733045,-0.570847,0.300001,-0.574118,1.945849,-1.515298,-0.444846,0.11705,0.398355,0.931503,2.228196,0.009658
1616,1776148696041,17.963038,-606.3521,97.0717,-414.4527,-0.215924,0.732877,-0.571317,0.299774,-0.57323,1.945623,-1.516716,-0.444829,0.11717,0.398312,0.931454,2.228156,0.009738
1617,1776148696052,17.974149,-606.396,96.7586,-414.7026,-0.21596,0.73301,-0.571273,0.299508,-0.573401,1.946234,-1.516801,-0.444799,0.117363,0.398235,0.931192,2.228192,0.009973
1618,1776148696063,17.98526,-606.523,96.8686,-414.7671,-0.215598,0.733319,-0.571243,0.29907,-0.572564,1.947478,-1.517053,-0.444774,0.117456,0.398212,0.931115,2.228252,0.010105
1619,1776148696074,17.996372,-606.5404,96.8244,-414.8342,-0.215815,0.733174,-0.571117,0.299508,-0.573015,1.94667,-1.516388,-0.444753,0.117565,0.398194,0.931064,2.2283,0.010228
1620,1776148696085,18.007483,-606.5372,96.7577,-414.9738,-0.21584,0.733214,-0.5711,0.299425,-0.573107,1.946854,-1.516405,-0.444706,0.117805,0.398114,0.931,2.228246,0.010374
1621,1776148696096,18.018594,-606.4717,96.6066,-415.1909,-0.215989,0.733553,-0.570734,0.299184,-0.57357,1.947989,-1.515616,-0.444681,0.117898,0.398087,0.930886,2.228185,0.01055
1622,1776148696107,18.029705,-606.7187,96.7012,-415.3432,-0.215961,0.733833,-0.570583,0.298807,-0.573605,1.9491,-1.515499,-0.444638,0.118128,0.398027,0.930785,2.228178,0.010759
1623,1776148696118,18.040816,-606.882,96.5854,-415.468,-0.215861,0.733588,-0.570854,0.298964,-0.573294,1.948296,-1.5161,-0.444619,0.118222,0.397994,0.930635,2.228129,0.010841
1624,1776148696129,18.051927,-606.9702,96.928,-415.4531,-0.216181,0.733225,-0.570746,0.299827,-0.573897,1.946494,-1.515163,-0.444595,0.118345,0.397973,0.93062,2.228134,0.010963
1625,1776148696141,18.063039,-606.9635,96.4826,-415.7922,-0.216081,0.733639,-0.570583,0.299196,-0.573811,1.948208,-1.515204,-0.444555,0.118574,0.397899,0.930436,2.227979,0.011171
1626,1776148696152,18.07415,-606.991,96.4166,-416.1249,-0.216524,0.733496,-0.570385,0.299603,-0.574871,1.947432,-1.514373,-0.44454,0.118677,0.397854,0.930335,2.227933,0.011263
1627,1776148696163,18.085261,-607.1094,96.4846,-416.1021,-0.216185,0.733388,-0.570652,0.299604,-0.57397,1.947144,-1.515081,-0.444494,0.118907,0.397815,0.930194,2.227912,0.011493
1628,1776148696174,18.096372,-607.2484,96.4406,-416.2282,-0.2162,0.733492,-0.570707,0.299234,-0.574116,1.947779,-1.515506,-0.444473,0.119008,0.397776,0.930089,2.227872,0.011661
1629,1776148696185,18.107484,-607.2696,96.3122,-416.3195,-0.215906,0.733714,-0.570801,0.298722,-0.573482,1.948866,-1.516142,-0.444458,0.119102,0.397756,0.930037,2.227899,0.011762
1630,1776148696196,18.118595,-607.3923,96.3671,-416.2693,-0.216066,0.733615,-0.570632,0.299172,-0.573777,1.948166,-1.515352,-0.44441,0.119318,0.397688,0.929895,2.227804,0.011976
1631,1776148696207,18.129706,-607.5503,96.1074,-416.4877,-0.216618,0.733495,-0.570161,0.299964,-0.575018,1.94708,-1.513504,-0.444401,0.119421,0.397648,0.929747,2.227787,0.012081
1632,1776148696218,18.140817,-607.44,96.0721,-416.7332,-0.216157,0.734052,-0.57021,0.298838,-0.574117,1.949651,-1.514486,-0.444368,0.119549,0.397634,0.92978,2.227707,0.012219
1633,1776148696229,18.151928,-607.4826,95.9971,-416.7391,-0.216537,0.733887,-0.569961,0.299443,-0.574951,1.948625,-1.513367,-0.444324,0.11978,0.397516,0.929602,2.227491,0.012341
1634,1776148696241,18.16304,-607.5716,96.0358,-416.7277,-0.216671,0.733746,-0.569945,0.299721,-0.575228,1.947981,-1.513116,-0.444306,0.119901,0.397486,0.929536,2.227489,0.012452
1635,1776148696252,18.174151,-607.6047,95.8558,-416.7834,-0.21716,0.73407,-0.569381,0.299647,-0.576547,1.948913,-1.511672,-0.444271,0.12008,0.397425,0.929259,2.227385,0.012687
1636,1776148696263,18.185262,-607.6258,95.6483,-417.1195,-0.216002,0.733829,-0.570553,0.298844,-0.573701,1.949053,-1.515392,-0.444255,0.120163,0.397385,0.929123,2.227398,0.012869
1637,1776148696274,18.196373,-607.7885,95.8508,-417.3898,-0.216632,0.733983,-0.569935,0.29919,-0.575277,1.949124,-1.513488,-0.444231,0.120274,0.397385,0.929118,2.227402,0.012962
1638,1776148696285,18.207484,-607.8006,95.7258,-417.5186,-0.216396,0.73359,-0.570352,0.299529,-0.574553,1.947752,-1.51434,-0.444192,0.120505,0.397304,0.928943,2.227263,0.013061
1639,1776148696296,18.218596,-607.8425,95.4828,-417.6695,-0.216552,0.733994,-0.570037,0.299025,-0.575112,1.949315,-1.513885,-0.44416,0.12061,0.397301,0.928924,2.227176,0.013222
1640,1776148696307,18.229707,-608.0643,95.511,-417.7038,-0.216605,0.734041,-0.569857,0.299213,-0.575199,1.949258,-1.513265,-0.444129,0.120799,0.397242,0.928618,2.227088,0.013376
1641,1776148696318,18.240818,-607.9228,95.6472,-417.9171,-0.216886,0.733915,-0.569694,0.299631,-0.575824,1.948517,-1.512515,-0.444115,0.1209,0.397223,0.928554,2.227113,0.013516
1642,1776148696329,18.251929,-607.9617,95.7479,-418.0003,-0.216825,0.734317,-0.569562,0.298939,-0.57586,1.950257,-1.512689,-0.444094,0.120983,0.397225,0.928393,2.227037,0.013637
1643,1776148696341,18.26304,-608.0774,95.716,-418.2464,-0.217131,0.734109,-0.569416,0.299506,-0.576511,1.949153,-1.511873,-0.444049,0.121174,0.397202,0.928208,2.227095,0.013892
1644,1776148696352,18.274152,-608.3074,95.5899,-418.2014,-0.216727,0.734162,-0.569726,0.299078,-0.575562,1.94971,-1.513019,-0.444029,0.121288,0.397171,0.928206,2.227073,0.013987
1645,1776148696363,18.285263,-608.4393,95.4943,-418.4596,-0.21765,0.734093,-0.568978,0.300001,-0.577745,1.948629,-1.510337,-0.444001,0.12148,0.397062,0.92788,2.226815,0.014229
1646,1776148696374,18.296374,-608.2874,95.4093,-418.3802,-0.217179,0.734263,-0.569356,0.299207,-0.576724,1.949853,-1.511939,-0.443977,0.121574,0.397018,0.927745,2.226791,0.014338
1647,1776148696385,18.307486,-608.2375,95.2452,-418.5492,-0.216869,0.733882,-0.569786,0.299548,-0.575802,1.948511,-1.512823,-0.443959,0.121676,0.396991,0.927675,2.226744,0.014442
1648,1776148696396,18.318597,-608.2344,95.3756,-418.657,-0.217144,0.733778,-0.569545,0.300062,-0.576386,1.947734,-1.511796,-0.443901,0.121864,0.39696,0.927499,2.226686,0.014651
1649,1776148696407,18.329708,-608.199,95.1864,-418.8662,-0.216701,0.733854,-0.569852,0.29961,-0.57534,1.948376,-1.512952,-0.443877,0.121967,0.396954,0.92751,2.226653,0.014797
1650,1776148696418,18.340819,-608.3738,95.4808,-419.0511,-0.216918,0.73424,-0.569481,0.299216,-0.576028,1.949782,-1.512262,-0.443861,0.122058,0.396906,0.927307,2.226541,0.014905
1651,1776148696429,18.35193,-608.4643,95.5032,-419.0529,-0.217066,0.734218,-0.569335,0.299442,-0.576356,1.949504,-1.511705,-0.443818,0.122242,0.396867,0.927141,2.226452,0.015159
1652,1776148696441,18.363042,-608.4444,95.5188,-419.4666,-0.21726,0.734462,-0.569088,0.299169,-0.57695,1.950419,-1.511255,-0.4438,0.122327,0.396846,0.927009,2.22643,0.015253
1653,1776148696452,18.374153,-608.5703,95.7479,-419.5436,-0.217203,0.734419,-0.569157,0.299185,-0.576794,1.950289,-1.511428,-0.443751,0.12248,0.396815,0.92674,2.226343,0.015523
1654,1776148696463,18.385264,-608.5084,95.5892,-419.7486,-0.21732,0.734672,-0.56884,0.299083,-0.577133,1.951059,-1.510662,-0.443712,0.122593,0.396801,0.92667,2.226359,0.01558
1655,1776148696474,18.396375,-608.6071,95.3589,-419.8232,-0.217389,0.734599,-0.568861,0.299173,-0.577291,1.950777,-1.510649,-0.443692,0.122678,0.396772,0.926513,2.226292,0.015702
1656,1776148696485,18.407486,-608.6746,95.1759,-419.9889,-0.217361,0.734552,-0.568861,0.299306,-0.577179,1.950524,-1.51055,-0.443631,0.122867,0.396738,0.926311,2.226297,0.015881
1657,1776148696496,18.418597,-608.7217,95.1433,-420.0074,-0.217914,0.734558,-0.568428,0.299714,-0.57853,1.950143,-1.509091,-0.443609,0.122966,0.39672,0.926187,2.226269,0.015961
1658,1776148696507,18.429709,-608.7372,95.2798,-420.0133,-0.217591,0.734498,-0.568723,0.299535,-0.577723,1.950158,-1.51001,-0.443563,0.123141,0.396672,0.925956,2.226199,0.016252
1659,1776148696518,18.44082,-608.6982,95.1186,-420.1826,-0.217448,0.734945,-0.56862,0.298737,-0.577572,1.952122,-1.510338,-0.443524,0.123206,0.396668,0.925833,2.226224,0.01636
1660,1776148696529,18.451931,-608.8839,95.3143,-420.3704,-0.217411,0.734657,-0.568793,0.299143,-0.57736,1.950961,-1.510492,-0.443498,0.123323,0.396635,0.925768,2.226129,0.016471
1661,1776148696541,18.463042,-608.9096,95.1119,-420.5638,-0.217772,0.734673,-0.568499,0.299398,-0.578244,1.950757,-1.50952,-0.443459,0.1235,0.396561,0.925494,2.225988,0.016626
1662,1776148696552,18.474154,-608.9169,95.0844,-420.6663,-0.217663,0.734843,-0.568512,0.299037,-0.578059,1.951558,-1.509824,-0.443439,0.123603,0.396532,0.925392,2.225916,0.016682
1663,1776148696563,18.485265,-608.9415,95.1154,-420.7913,-0.217836,0.734928,-0.56832,0.299066,-0.578509,1.951756,-1.509293,-0.443405,0.12378,0.396502,0.925147,2.225875,0.016866
1664,1776148696574,18.496377,-609.0755,95.2207,-420.8461,-0.217599,0.734866,-0.568526,0.298999,-0.5779,1.951657,-1.50989,-0.443381,0.123865,0.396521,0.925104,2.225908,0.016966
1665,1776148696585,18.507488,-609.1619,95.355,-420.8437,-0.217704,0.735033,-0.568283,0.298974,-0.578185,1.952124,-1.509265,-0.443367,0.123972,0.396484,0.925028,2.225781,0.01709
1666,1776148696596,18.518599,-609.2811,95.1537,-420.9693,-0.217964,0.735018,-0.568101,0.299167,-0.578821,1.951898,-1.508636,-0.443319,0.124133,0.396474,0.924788,2.225805,0.017247
1667,1776148696607,18.529711,-609.3224,95.2835,-421.062,-0.218058,0.735091,-0.567996,0.299121,-0.579082,1.952134,-1.508391,-0.443302,0.124203,0.396428,0.924603,2.225737,0.017374
1668,1776148696618,18.540822,-609.322,95.1526,-421.2397,-0.217998,0.73517,-0.568004,0.298953,-0.578973,1.952509,-1.50854,-0.443278,0.124273,0.396406,0.92443,2.225765,0.01751
1669,1776148696629,18.551933,-609.3478,95.0154,-421.3123,-0.218072,0.735179,-0.567902,0.299073,-0.579134,1.952415,-1.508177,-0.443212,0.124465,0.396372,0.924286,2.225735,0.017646
1670,1776148696641,18.563044,-609.3943,95.0902,-421.5287,-0.217718,0.735292,-0.568102,0.298674,-0.578308,1.953103,-1.509008,-0.443172,0.124575,0.396377,0.924301,2.225786,0.017775
1671,1776148696652,18.574155,-609.3157,95.0402,-421.4925,-0.217956,0.735286,-0.567921,0.298857,-0.578887,1.952911,-1.50839,-0.443127,0.124761,0.396313,0.924137,2.225707,0.017994
1672,1776148696663,18.585267,-609.3641,95.1271,-421.5484,-0.218,0.735201,-0.567923,0.29903,-0.578954,1.952517,-1.508267,-0.443094,0.124858,0.396297,0.924099,2.225706,0.018116
1673,1776148696674,18.596378,-609.403,95.0205,-421.6804,-0.218235,0.735494,-0.56763,0.298694,-0.579678,1.953622,-1.507742,-0.443069,0.124932,0.39628,0.923945,2.225696,0.018171
1674,1776148696685,18.607489,-609.3923,94.9758,-421.8297,-0.218241,0.735299,-0.567633,0.299164,-0.579557,1.952647,-1.507396,-0.443027,0.125093,0.396245,0.923732,2.22568,0.018487
1675,1776148696696,18.618601,-609.5161,94.9877,-421.9503,-0.218459,0.735485,-0.567428,0.298936,-0.580202,1.953362,-1.507023,-0.443022,0.125185,0.396187,0.923599,2.225592,0.01858
1676,1776148696707,18.629712,-609.5463,94.8313,-422.0625,-0.218572,0.735515,-0.56732,0.298986,-0.580488,1.953392,-1.506699,-0.442982,0.125369,0.396136,0.923313,2.225478,0.0187
1677,1776148696718,18.640823,-609.5504,94.7581,-422.2164,-0.218405,0.735471,-0.567583,0.298716,-0.580121,1.953538,-1.5076,-0.442961,0.125468,0.396132,0.923292,2.225488,0.018785
1678,1776148696729,18.651934,-609.4288,94.6906,-422.3904,-0.218272,0.735484,-0.567706,0.298546,-0.579819,1.95374,-1.508055,-0.442939,0.12555,0.396135,0.923173,2.225541,0.01894
1679,1776148696741,18.663046,-609.5127,94.7705,-422.4462,-0.218696,0.735468,-0.567466,0.298733,-0.580891,1.953515,-1.507275,-0.442893,0.125671,0.396121,0.922847,2.225557,0.019066
1680,1776148696752,18.674157,-609.7654,94.761,-422.6653,-0.218658,0.735672,-0.567371,0.298439,-0.580874,1.954343,-1.507246,-0.442887,0.125753,0.396116,0.922729,2.225579,0.019171
1681,1776148696763,18.685268,-609.7162,94.7822,-422.6957,-0.218736,0.735627,-0.567266,0.298691,-0.581007,1.953979,-1.506777,-0.442854,0.125917,0.396087,0.922438,2.225506,0.019318
1682,1776148696774,18.696379,-609.8974,94.8571,-422.8362,-0.218719,0.735678,-0.567338,0.298442,-0.581035,1.954356,-1.507155,-0.442835,0.12598,0.396115,0.922303,2.225639,0.019421
1683,1776148696785,18.70749,-609.9406,94.7412,-423.0615,-0.218822,0.735698,-0.567144,0.298686,-0.581238,1.954172,-1.506455,-0.442802,0.126093,0.396126,0.922351,2.22559,0.019525
1684,1776148696796,18.718602,-610.0082,94.6849,-423.0846,-0.218731,0.735628,-0.567335,0.29856,-0.581033,1.954109,-1.507059,-0.442778,0.126255,0.396087,0.92211,2.225526,0.019683
1685,1776148696807,18.729713,-609.9578,94.7211,-423.0704,-0.218778,0.735642,-0.567323,0.298517,-0.581169,1.954186,-1.507058,-0.442749,0.126319,0.396113,0.922007,2.225647,0.019773
1686,1776148696818,18.740824,-609.934,94.7054,-423.1434,-0.218746,0.735799,-0.567273,0.298248,-0.581162,1.954867,-1.507127,-0.44273,0.126402,0.396089,0.921942,2.225616,0.019817
1687,1776148696829,18.751935,-609.9365,94.788,-423.2508,-0.21863,0.735731,-0.567485,0.298096,-0.580899,1.954835,-1.507805,-0.442673,0.126527,0.396141,0.921847,2.225903,0.020041
1688,1776148696841,18.763047,-609.8386,94.5367,-423.4281,-0.218826,0.735681,-0.567364,0.298308,-0.581359,1.954494,-1.507324,-0.442649,0.126581,0.396138,0.921759,2.225985,0.020121
1689,1776148696852,18.774158,-609.9568,94.7713,-423.4843,-0.218944,0.735819,-0.567254,0.298088,-0.581734,1.955076,-1.507199,-0.442603,0.126757,0.396101,0.921581,2.225968,0.020171
1690,1776148696863,18.785269,-609.9265,94.698,-423.6877,-0.219096,0.735718,-0.567148,0.298427,-0.58204,1.954478,-1.506662,-0.44258,0.126827,0.396092,0.921528,2.22601,0.020228
1691,1776148696874,18.79638,-610.1255,94.741,-423.7702,-0.21897,0.735679,-0.567388,0.29816,-0.581784,1.954633,-1.507501,-0.442562,0.126902,0.396098,0.921429,2.226082,0.020286
1692,1776148696885,18.807491,-610.054,94.8169,-423.7284,-0.218747,0.73574,-0.567481,0.297998,-0.581237,1.954952,-1.507868,-0.442517,0.127044,0.39609,0.921259,2.226135,0.02043
1693,1776148696896,18.818603,-610.3105,94.8329,-423.8577,-0.219082,0.735694,-0.567285,0.298235,-0.58206,1.954601,-1.50717,-0.442489,0.127118,0.396093,0.921183,2.226214,0.020447
1694,1776148696907,18.829714,-610.2686,94.8351,-423.9391,-0.219062,0.735921,-0.567153,0.297944,-0.582092,1.955487,-1.507037,-0.442446,0.127249,0.396099,0.920941,2.226347,0.020584
1695,1776148696918,18.840825,-610.2388,94.8865,-423.998,-0.219124,0.735967,-0.567124,0.297841,-0.582285,1.955709,-1.507037,-0.442422,0.127309,0.396092,0.920834,2.226415,0.020605
1696,1776148696929,18.851936,-610.2729,94.7878,-424.1194,-0.219386,0.735948,-0.566923,0.298075,-0.582915,1.95543,-1.506329,-0.442394,0.127389,0.396061,0.920727,2.226341,0.020596
1697,1776148696941,18.863047,-610.3555,94.8122,-424.2986,-0.218939,0.736038,-0.567266,0.297528,-0.581884,1.956205,-1.507652,-0.442348,0.127508,0.396048,0.920494,2.22651,0.020742
1698,1776148696952,18.874158,-610.3445,94.9089,-424.3824,-0.219068,0.735963,-0.567117,0.297902,-0.582118,1.95564,-1.506974,-0.442319,0.127569,0.396042,0.920394,2.226573,0.020771
1699,1776148696963,18.885269,-610.4068,94.9729,-424.4567,-0.219025,0.735958,-0.56741,0.297388,-0.582155,1.956129,-1.50814,-0.442276,0.127722,0.39602,0.920207,2.226761,0.020769
1700,1776148696974,18.896381,-610.5221,95.0621,-424.5358,-0.219016,0.735856,-0.56747,0.297534,-0.582088,1.955713,-1.508188,-0.442251,0.127825,0.396015,0.920159,2.226799,0.020681
1701,1776148696985,18.907492,-610.4122,95.0176,-424.5883,-0.219304,0.736098,-0.567102,0.297423,-0.582886,1.956467,-1.507293,-0.442218,0.127882,0.396016,0.920094,2.226955,0.020688
1702,1776148696996,18.918603,-610.4759,94.9087,-424.6851,-0.218995,0.735512,-0.567935,0.297511,-0.582037,1.954824,-1.509442,-0.442192,0.12801,0.396004,0.919841,2.227159,0.020709
1703,1776148697007,18.929714,-610.392,94.8111,-424.8095,-0.218798,0.735805,-0.567914,0.296972,-0.58167,1.956128,-1.509793,-0.442173,0.128072,0.396004,0.919759,2.227306,0.020742
1704,1776148697018,18.940826,-610.5162,94.8167,-425.1176,-0.21933,0.735908,-0.567415,0.297278,-0.582997,1.956104,-1.508234,-0.442163,0.128132,0.395981,0.91966,2.227335,0.020756
1705,1776148697029,18.951937,-610.5297,94.8918,-425.2405,-0.218702,0.735954,-0.567915,0.296673,-0.581502,1.956815,-1.510019,-0.442113,0.128262,0.396005,0.919499,2.227673,0.020842
1706,1776148697041,18.963048,-610.6888,94.9854,-425.3998,-0.219394,0.736111,-0.567194,0.29715,-0.583203,1.956767,-1.507745,-0.44209,0.128329,0.395987,0.919414,2.227828,0.020807
1707,1776148697052,18.974159,-610.6816,94.9932,-425.3238,-0.21985,0.73597,-0.567102,0.297337,-0.584361,1.95621,-1.507359,-0.442061,0.128448,0.39595,0.919161,2.228024,0.0208
1708,1776148697063,18.985271,-610.7424,94.9957,-425.4021,-0.219399,0.735851,-0.567489,0.297228,-0.583196,1.955999,-1.508469,-0.442036,0.128524,0.39594,0.91907,2.228135,0.020812
1709,1776148697074,18.996382,-610.6968,94.687,-425.7277,-0.219357,0.736139,-0.567455,0.296609,-0.583263,1.95737,-1.508845,-0.442016,0.128584,0.39594,0.918936,2.228287,0.020839
1710,1776148697085,19.007493,-610.7377,94.8434,-425.6676,-0.219436,0.736132,-0.567386,0.296701,-0.583448,1.957261,-1.508593,-0.441969,0.12874,0.395916,0.918769,2.228498,0.020892
1711,1776148697096,19.018604,-610.8395,94.6331,-425.5864,-0.21942,0.736102,-0.567459,0.296647,-0.583419,1.957234,-1.508828,-0.441949,0.128796,0.395917,0.918695,2.228692,0.020942
1712,1776148697107,19.029716,-610.8248,94.6397,-425.5081,-0.219401,0.736094,-0.567497,0.296608,-0.58338,1.957252,-1.508959,-0.44191,0.128921,0.395908,0.918395,2.229009,0.020989
1713,1776148697118,19.040827,-610.7227,94.7892,-425.6579,-0.21966,0.736338,-0.567237,0.296307,-0.584158,1.958196,-1.508495,-0.441886,0.128989,0.39591,0.918343,2.229195,0.021104
1714,1776148697129,19.051938,-610.6343,94.4241,-425.689,-0.219477,0.736033,-0.567675,0.296363,-0.583654,1.957329,-1.509614,-0.441864,0.129043,0.395909,0.918237,2.229381,0.021101
1715,1776148697141,19.06305,-610.6812,94.4221,-425.7728,-0.219315,0.735971,-0.567848,0.296304,-0.583241,1.957223,-1.51012,-0.441816,0.12917,0.395903,0.918037,2.229722,0.021165
1716,1776148697152,19.074161,-610.6052,93.8251,-426.0284,-0.219341,0.736413,-0.567635,0.295594,-0.583517,1.959094,-1.510089,-0.441798,0.129223,0.39588,0.917901,2.22988,0.021182
1717,1776148697163,19.085272,-610.9327,94.5155,-425.9403,-0.219245,0.736386,-0.567755,0.295504,-0.583287,1.959108,-1.510478,-0.441764,0.129338,0.395851,0.917593,2.230204,0.02121
1718,1776148697174,19.096384,-610.9825,94.4177,-426.2963,-0.219738,0.736241,-0.567494,0.295997,-0.584454,1.958242,-1.509411,-0.441736,0.129404,0.395835,0.917497,2.230315,0.021248
1719,1776148697185,19.107495,-610.9419,94.3659,-426.4104,-0.219646,0.736109,-0.567705,0.29599,-0.584212,1.957898,-1.509977,-0.441716,0.129472,0.39584,0.917344,2.23054,0.02124
1720,1776148697196,19.118606,-610.9302,94.537,-426.3799,-0.219502,0.736278,-0.567838,0.295421,-0.583995,1.958904,-1.510759,-0.441668,0.129624,0.395826,0.917118,2.230857,0.021209
1721,1776148697207,19.129718,-610.8609,94.4411,-426.4947,-0.219613,0.736328,-0.5678,0.295287,-0.584329,1.959167,-1.51076,-0.441649,0.12967,0.395843,0.916968,2.231052,0.021271
1722,1776148697218,19.140829,-610.895,94.5934,-426.4059,-0.219632,0.736217,-0.567916,0.295327,-0.584369,1.958834,-1.511038,-0.441621,0.129741,0.395859,0.916849,2.231329,0.021252
1723,1776148697229,19.15194,-611.0465,94.8225,-426.5305,-0.219617,0.73633,-0.5679,0.295086,-0.584399,1.959369,-1.511179,-0.441594,0.129851,0.395826,0.916466,2.231628,0.021292
1724,1776148697241,19.163051,-611.0326,94.7771,-426.6508,-0.219683,0.736374,-0.567954,0.294823,-0.584652,1.959745,-1.511521,-0.441577,0.129894,0.395843,0.91628,2.231866,0.021333
1725,1776148697252,19.174162,-611.1149,94.8134,-426.8016,-0.219711,0.73614,-0.568173,0.294967,-0.584685,1.958979,-1.511994,-0.441546,0.13002,0.395823,0.915938,2.232211,0.021359
1726,1776148697263,19.185274,-611.1936,95.0092,-426.9108,-0.219824,0.736229,-0.568054,0.294887,-0.585008,1.959296,-1.51174,-0.441528,0.13006,0.39583,0.915716,2.232497,0.021419
1727,1776148697274,19.196385,-611.0477,94.7298,-426.887,-0.219836,0.736351,-0.568056,0.294569,-0.585134,1.959934,-1.511986,-0.44151,0.130122,0.395828,0.915551,2.232694,0.021379
1728,1776148697285,19.207496,-611.1614,94.5104,-426.89,-0.219997,0.736357,-0.567942,0.294657,-0.585536,1.959861,-1.511613,-0.441462,0.130242,0.395849,0.915299,2.233173,0.021398
1729,1776148697296,19.218607,-611.2505,94.6678,-427.1164,-0.219827,0.736269,-0.568232,0.294443,-0.585147,1.959837,-1.512549,-0.441442,0.130317,0.395852,0.915188,2.233362,0.021438
1730,1776148697307,19.229719,-611.3488,94.5279,-427.0345,-0.219712,0.736431,-0.568327,0.29394,-0.584986,1.960761,-1.513183,-0.441406,0.130426,0.395864,0.914918,2.233803,0.021444
1731,1776148697318,19.24083,-611.4638,94.7644,-427.1205,-0.220065,0.736467,-0.568031,0.294157,-0.585863,1.960647,-1.512231,-0.441377,0.130485,0.395883,0.914754,2.234002,0.021467
1732,1776148697329,19.251941,-611.2748,94.6733,-427.3125,-0.219658,0.73653,-0.568408,0.293575,-0.584951,1.961384,-1.513674,-0.441372,0.130544,0.395866,0.914606,2.234218,0.021442
1733,1776148697341,19.263052,-611.2672,94.7308,-427.3223,-0.219478,0.736386,-0.568809,0.293292,-0.584554,1.961279,-1.514958,-0.441323,0.130642,0.395887,0.914277,2.2347,0.021496
1734,1776148697352,19.274163,-611.2529,94.8702,-427.3495,-0.22005,0.736355,-0.568387,0.293761,-0.585941,1.960734,-1.513478,-0.441323,0.130709,0.395846,0.91405,2.234832,0.021534
1735,1776148697363,19.285275,-611.1716,94.8731,-427.5193,-0.219703,0.736527,-0.568657,0.293067,-0.585218,1.961875,-1.514721,-0.441282,0.130815,0.395847,0.913668,2.235267,0.021586
1736,1776148697374,19.296386,-611.2623,94.9842,-427.6464,-0.219776,0.736347,-0.568861,0.29307,-0.585414,1.961391,-1.515263,-0.441265,0.130865,0.395831,0.91338,2.235492,0.021571
1737,1776148697385,19.307497,-611.4355,94.773,-427.7552,-0.220206,0.73639,-0.568436,0.293462,-0.586442,1.961122,-1.513835,-0.441237,0.130912,0.395862,0.913228,2.235775,0.021625
1738,1776148697396,19.318608,-611.4487,94.8327,-427.852,-0.220142,0.73659,-0.568369,0.293138,-0.586367,1.961972,-1.513901,-0.441207,0.131057,0.395837,0.912836,2.236131,0.021653
1739,1776148697407,19.329719,-611.4593,94.7863,-427.9789,-0.220096,0.736769,-0.568404,0.292652,-0.586387,1.962928,-1.514364,-0.44118,0.131128,0.395842,0.912767,2.236339,0.021715
1740,1776148697418,19.340831,-611.4675,94.9186,-427.9527,-0.219999,0.736519,-0.568775,0.292636,-0.586134,1.962277,-1.515363,-0.441153,0.131193,0.395831,0.912566,2.236538,0.021727
1741,1776148697429,19.351942,-611.6223,94.8047,-428.0382,-0.220404,0.736685,-0.568327,0.292782,-0.587171,1.962577,-1.51406,-0.441123,0.131304,0.395807,0.912103,2.236958,0.0218
1742,1776148697441,19.363053,-611.3741,94.6256,-428.0548,-0.220424,0.737008,-0.568226,0.292149,-0.587409,1.96406,-1.514271,-0.441095,0.131379,0.395779,0.911942,2.237119,0.021785
1743,1776148697452,19.374164,-611.4164,94.6934,-427.9304,-0.220361,0.736808,-0.568446,0.292275,-0.587204,1.963402,-1.514761,-0.441063,0.131492,0.395743,0.91156,2.237523,0.021765
1744,1776148697463,19.385276,-611.4521,94.6318,-428.1403,-0.22023,0.736634,-0.568708,0.292302,-0.586848,1.962913,-1.515438,-0.441045,0.131537,0.395764,0.91145,2.237791,0.021924
1745,1776148697474,19.396387,-611.4361,94.5934,-428.2779,-0.220337,0.736542,-0.568818,0.292239,-0.58715,1.962729,-1.515779,-0.441043,0.131573,0.395733,0.911197,2.238042,0.021956
1746,1776148697485,19.407498,-611.4031,94.5288,-428.2895,-0.22002,0.736698,-0.569121,0.291493,-0.586526,1.96388,-1.517155,-0.441006,0.131687,0.395694,0.910865,2.238415,0.02202
1747,1776148697496,19.418609,-611.4828,94.5481,-428.591,-0.220211,0.736976,-0.568928,0.291023,-0.587172,1.965083,-1.516996,-0.440995,0.131754,0.395656,0.910597,2.23858,0.022088
1748,1776148697507,19.429721,-611.5969,94.489,-428.5435,-0.220241,0.736816,-0.569,0.291266,-0.587182,1.964416,-1.517004,-0.440957,0.131851,0.395637,0.910274,2.239149,0.02222
1749,1776148697518,19.440832,-611.6323,94.4376,-428.5949,-0.22066,0.736811,-0.568654,0.291637,-0.58819,1.964037,-1.5158,-0.440937,0.131914,0.395632,0.910099,2.239399,0.022259
1750,1776148697529,19.451943,-611.6574,94.4925,-428.6331,-0.220613,0.737075,-0.568693,0.290926,-0.588275,1.965444,-1.516446,-0.440923,0.131951,0.395587,0.90978,2.239564,0.022326
1751,1776148697541,19.463054,-611.6346,94.4905,-428.7067,-0.220338,0.736591,-0.569307,0.291162,-0.58747,1.963918,-1.517903,-0.440883,0.132075,0.395552,0.909395,2.240056,0.022462
1752,1776148697552,19.474166,-611.7729,94.3673,-428.9286,-0.220597,0.736644,-0.569085,0.291266,-0.588131,1.963957,-1.51723,-0.440862,0.132137,0.395552,0.909228,2.24029,0.022504
1753,1776148697563,19.485277,-611.7584,94.3314,-428.9529,-0.220645,0.73672,-0.569108,0.29099,-0.588341,1.964432,-1.517503,-0.440822,0.132252,0.395516,0.908822,2.240735,0.022675
1754,1776148697574,19.496388,-611.7056,94.4066,-429.0148,-0.220706,0.737117,-0.568854,0.290435,-0.588666,1.966039,-1.517247,-0.440803,0.13232,0.395511,0.908598,2.240981,0.022754
1755,1776148697585,19.507499,-611.7421,94.2714,-429.1026,-0.220663,0.73739,-0.568794,0.289891,-0.588712,1.967304,-1.517502,-0.44078,0.132379,0.395485,0.90835,2.241195,0.022777
1756,1776148697596,19.518611,-611.7411,94.273,-429.179,-0.220641,0.736961,-0.569177,0.290248,-0.58855,1.965806,-1.518251,-0.440739,0.132498,0.395449,0.907903,2.24161,0.022973
1757,1776148697607,19.529722,-611.7947,94.1424,-429.1798,-0.221055,0.737094,-0.568718,0.290494,-0.589579,1.96592,-1.516841,-0.440719,0.132579,0.395422,0.907712,2.241782,0.023026
1758,1776148697618,19.540833,-611.8691,94.1326,-429.2817,-0.220975,0.73708,-0.56889,0.290255,-0.589439,1.966116,-1.51748,-0.440693,0.132641,0.395422,0.907461,2.242049,0.023112
1759,1776148697629,19.551944,-611.9698,93.9429,-429.4853,-0.220494,0.737389,-0.569234,0.289159,-0.588478,1.968025,-1.519233,-0.44065,0.132761,0.39542,0.907023,2.242505,0.023338
1760,1776148697641,19.563056,-611.9247,94.0563,-429.4074,-0.220625,0.737454,-0.569244,0.288873,-0.588913,1.968479,-1.51948,-0.440618,0.132817,0.395423,0.906821,2.242719,0.023421
1761,1776148697652,19.574167,-612.0198,94.4054,-429.3199,-0.220755,0.737347,-0.569277,0.288981,-0.589228,1.968088,-1.519485,-0.440563,0.132962,0.39541,0.906391,2.243149,0.02348
1762,1776148697663,19.585278,-612.1215,94.131,-429.5578,-0.22113,0.737361,-0.569021,0.289163,-0.590174,1.967946,-1.518662,-0.440548,0.133028,0.395389,0.906166,2.243338,0.02361
1763,1776148697674,19.596389,-612.0851,94.0828,-429.6741,-0.220902,0.737424,-0.569211,0.288803,-0.589674,1.96847,-1.519445,-0.440507,0.133113,0.395386,0.906017,2.243539,0.023666
1764,1776148697685,19.6075,-611.9968,94.2467,-429.8276,-0.220961,0.737354,-0.569467,0.288433,-0.589939,1.968648,-1.52041,-0.440455,0.133237,0.395389,0.905461,2.243973,0.023849
1765,1776148697696,19.618612,-611.9402,93.9269,-430.207,-0.221358,0.737531,-0.568885,0.288823,-0.590884,1.968736,-1.51856,-0.440438,0.133328,0.395374,0.90532,2.244137,0.023898
1766,1776148697707,19.629723,-612.1346,94.1871,-430.2592,-0.221162,0.737652,-0.569122,0.288198,-0.590546,1.969676,-1.519667,-0.440387,0.133472,0.39533,0.904837,2.244402,0.024074
1767,1776148697718,19.640834,-612.0321,94.0031,-430.4351,-0.220977,0.737858,-0.569176,0.287704,-0.5902,1.970716,-1.52019,-0.440351,0.13354,0.39534,0.904599,2.244623,0.024239
1768,1776148697729,19.651946,-612.1462,94.1769,-430.4627,-0.2216,0.737346,-0.569192,0.288504,-0.591626,1.968558,-1.519622,-0.440335,0.13361,0.395308,0.904315,2.244752,0.024288
1769,1776148697741,19.663057,-612.251,94.3923,-430.4922,-0.221404,0.737554,-0.569163,0.288181,-0.591197,1.969432,-1.51979,-0.440272,0.133729,0.395349,0.90387,2.245236,0.024549
1770,1776148697752,19.674168,-612.1643,94.4798,-430.5854,-0.22099,0.73776,-0.569537,0.287231,-0.590374,1.970923,-1.521515,-0.440254,0.133793,0.395355,0.903619,2.245497,0.024671
1771,1776148697763,19.685279,-612.1638,94.6317,-430.6913,-0.221427,0.73825,-0.568908,0.286881,-0.591646,1.97258,-1.520104,-0.440199,0.133923,0.395343,0.903129,2.24589,0.024857
1772,1776148697774,19.696391,-611.9807,94.3784,-430.8797,-0.221382,0.738236,-0.569053,0.286665,-0.591588,1.972756,-1.520655,-0.440177,0.133972,0.395323,0.902821,2.246078,0.025013
1773,1776148697785,19.707502,-612.111,94.2815,-431.0253,-0.221578,0.737874,-0.569147,0.287257,-0.591937,1.971202,-1.520454,-0.440154,0.134042,0.395324,0.902591,2.246258,0.025095
1774,1776148697796,19.718613,-612.0237,94.342,-430.9435,-0.221774,0.737831,-0.569145,0.287223,-0.592471,1.97112,-1.520474,-0.440092,0.134206,0.395313,0.902236,2.246553,0.025215
1775,1776148697807,19.729724,-612.1159,94.2499,-431.137,-0.2218,0.738164,-0.568937,0.286758,-0.592679,1.972471,-1.520273,-0.440057,0.13429,0.395336,0.90211,2.246847,0.025283
1776,1776148697818,19.740836,-612.1373,94.2653,-431.1797,-0.221622,0.738159,-0.569258,0.286271,-0.59235,1.972941,-1.521505,-0.440038,0.134342,0.395334,0.901823,2.247039,0.025448
1777,1776148697829,19.751947,-612.3375,94.3566,-431.3426,-0.222046,0.738056,-0.568984,0.286752,-0.593337,1.972188,-1.520405,-0.439992,0.134463,0.395336,0.901339,2.247443,0.025735
1778,1776148697841,19.763058,-612.2576,93.9548,-431.3336,-0.221989,0.73828,-0.568942,0.286301,-0.59332,1.973236,-1.520638,-0.43997,0.13453,0.395346,0.901152,2.247683,0.02582
1779,1776148697852,19.774169,-612.4028,94.1914,-431.5211,-0.222014,0.738156,-0.569055,0.286379,-0.593362,1.972825,-1.52088,-0.439929,0.134654,0.39532,0.900642,2.248027,0.026053
1780,1776148697863,19.785281,-612.5014,94.2543,-431.3968,-0.222239,0.738044,-0.569001,0.286599,-0.5939,1.972308,-1.520567,-0.439893,0.134738,0.395303,0.900446,2.248101,0.026119
1781,1776148697874,19.796392,-612.4586,94.3423,-431.5028,-0.221945,0.738171,-0.569112,0.286282,-0.593207,1.972962,-1.521106,-0.43987,0.134802,0.395304,0.900165,2.248355,0.026251
1782,1776148697885,19.807503,-612.3664,94.2163,-431.6209,-0.221906,0.738467,-0.569089,0.285591,-0.593311,1.974439,-1.521575,-0.439818,0.134966,0.395272,0.899783,2.248572,0.026521
1783,1776148697896,19.818615,-612.5354,94.1575,-431.7472,-0.222013,0.738411,-0.569124,0.285582,-0.5936,1.9743,-1.521674,-0.439797,0.135009,0.395281,0.899469,2.248742,0.026645
1784,1776148697907,19.829726,-612.5909,94.396,-431.8384,-0.222336,0.738307,-0.568939,0.285968,-0.594348,1.973639,-1.520884,-0.439741,0.135135,0.395287,0.899044,2.249068,0.026935
1785,1776148697918,19.840837,-612.4471,94.2372,-431.952,-0.222079,0.73858,-0.569037,0.285267,-0.593871,1.975065,-1.521685,-0.439718,0.135187,0.395294,0.898797,2.2493,0.027145
1786,1776148697929,19.851948,-612.5002,94.4414,-432.07,-0.222276,0.738658,-0.56888,0.285224,-0.594408,1.975318,-1.521298,-0.439683,0.135264,0.395286,0.898638,2.249393,0.027257
1787,1776148697941,19.86306,-612.5112,94.0617,-432.2469,-0.222273,0.738453,-0.569136,0.285247,-0.594394,1.974745,-1.521965,-0.439615,0.135392,0.395308,0.898198,2.249801,0.027518
1788,1776148697952,19.874171,-612.5851,93.9412,-432.3646,-0.222514,0.738595,-0.568849,0.285264,-0.595035,1.975109,-1.521184,-0.439588,0.135474,0.3953,0.89796,2.249943,0.027653
1789,1776148697963,19.885283,-612.7593,94.1767,-432.5003,-0.222685,0.738966,-0.568486,0.284895,-0.595603,1.976466,-1.520495,-0.439523,0.13566,0.395238,0.897467,2.250174,0.027834
1790,1776148697974,19.896394,-612.8134,94.0723,-432.5934,-0.222784,0.739221,-0.568399,0.284327,-0.596037,1.977716,-1.520696,-0.439475,0.135718,0.395248,0.897219,2.250369,0.02807
1791,1776148697985,19.907505,-612.6536,93.6104,-432.6377,-0.222465,0.738963,-0.568889,0.284268,-0.595203,1.977085,-1.522052,-0.439446,0.135817,0.395199,0.896972,2.250457,0.028124
1792,1776148697996,19.918616,-612.6104,93.8179,-432.6864,-0.222484,0.738961,-0.568923,0.28419,-0.595276,1.977157,-1.522205,-0.439386,0.135947,0.395152,0.896443,2.250785,0.028414
1793,1776148698007,19.929728,-612.6302,93.8199,-433.0431,-0.222767,0.73889,-0.568785,0.28443,-0.595962,1.976727,-1.521649,-0.439344,0.13601,0.395168,0.896188,2.251025,0.028537
1794,1776148698018,19.940839,-612.5424,93.8631,-433.2334,-0.222659,0.739018,-0.568847,0.284058,-0.595785,1.97744,-1.522104,-0.439305,0.136107,0.395115,0.895923,2.251091,0.028587
1795,1776148698029,19.95195,-612.6631,93.7828,-433.4275,-0.222882,0.739404,-0.56851,0.283553,-0.596533,1.978976,-1.521588,-0.439239,0.136245,0.395095,0.895401,2.251446,0.028917
1796,1776148698041,19.963061,-612.601,94.0294,-433.0837,-0.222845,0.739291,-0.568556,0.283783,-0.596364,1.978445,-1.521534,-0.439203,0.136327,0.395093,0.895176,2.251659,0.029108
1797,1776148698052,19.974173,-612.6675,93.9208,-433.4871,-0.223042,0.739358,-0.568406,0.283754,-0.596901,1.978652,-1.521156,-0.439135,0.136484,0.395053,0.894717,2.251949,0.02943
1798,1776148698063,19.985284,-612.8679,94.0301,-433.5426,-0.223197,0.739283,-0.568498,0.283644,-0.597349,1.978562,-1.521486,-0.439102,0.13655,0.395034,0.894475,2.252057,0.029624
1799,1776148698074,19.996395,-612.8104,93.915,-433.7215,-0.22302,0.739301,-0.568603,0.283524,-0.596911,1.978731,-1.52186,-0.43907,0.136635,0.395015,0.894271,2.25217,0.029763
1800,1776148698085,20.007506,-612.8506,93.8342,-433.8784,-0.222966,0.739514,-0.568564,0.28309,-0.596895,1.979734,-1.522089,-0.439011,0.136777,0.394964,0.893756,2.252427,0.030108
1801,1776148698096,20.018618,-612.9355,93.829,-433.8358,-0.223196,0.739818,-0.568184,0.282877,-0.597577,1.98076,-1.521235,-0.438978,0.136863,0.394953,0.893533,2.252585,0.030226
1802,1776148698107,20.029729,-612.9058,93.9684,-433.9343,-0.223139,0.739638,-0.568431,0.282899,-0.597418,1.980255,-1.521878,-0.438895,0.137034,0.394927,0.893095,2.252894,0.030569
1803,1776148698118,20.04084,-613.1616,93.9423,-433.8794,-0.223593,0.739794,-0.568011,0.282976,-0.598609,1.980596,-1.520695,-0.438855,0.137112,0.394915,0.892825,2.253032,0.030753
1804,1776148698129,20.051951,-613.0688,93.9577,-434.1892,-0.2235,0.739808,-0.568094,0.282844,-0.5984,1.980767,-1.521018,-0.438832,0.137199,0.394871,0.892515,2.253149,0.030839
1805,1776148698141,20.063063,-613.1095,94.0672,-434.3825,-0.22338,0.739776,-0.56826,0.282688,-0.598126,1.980838,-1.521584,-0.438754,0.137352,0.394882,0.892081,2.253523,0.031185
1806,1776148698152,20.074174,-612.9915,93.9739,-434.5286,-0.223602,0.740084,-0.567974,0.282282,-0.598844,1.982068,-1.521129,-0.438705,0.13741,0.394895,0.891838,2.253707,0.031368
1807,1776148698163,20.085285,-612.9129,93.9871,-434.7172,-0.223531,0.739953,-0.568166,0.282295,-0.598649,1.981704,-1.521633,-0.43862,0.137592,0.394883,0.891392,2.253979,0.031588
1808,1776148698174,20.096397,-612.874,93.8951,-434.9349,-0.223557,0.740123,-0.567997,0.28217,-0.598756,1.982285,-1.521275,-0.43859,0.13768,0.394882,0.891177,2.254136,0.031766
1809,1776148698185,20.107508,-612.969,93.9553,-434.8097,-0.223716,0.740193,-0.567947,0.281959,-0.599247,1.982683,-1.521304,-0.43854,0.137757,0.394867,0.890966,2.254245,0.031909
1810,1776148698196,20.118619,-612.9792,93.9346,-434.9763,-0.223532,0.740004,-0.568338,0.281814,-0.598798,1.982322,-1.522463,-0.438464,0.137889,0.394868,0.89046,2.254534,0.032245
1811,1776148698207,20.129731,-612.9432,93.8645,-434.865,-0.223838,0.740073,-0.568111,0.28185,-0.599607,1.98247,-1.521826,-0.438439,0.137952,0.394858,0.890141,2.254686,0.032397
1812,1776148698218,20.140842,-612.9304,93.9022,-434.9651,-0.22399,0.740085,-0.568022,0.281875,-0.600006,1.982477,-1.52157,-0.438402,0.138029,0.394835,0.88984,2.254801,0.032544
1813,1776148698229,20.151953,-613.1848,93.7755,-435.3293,-0.224106,0.74024,-0.567831,0.28176,-0.600351,1.983009,-1.521146,-0.438295,0.138228,0.394859,0.889604,2.255084,0.032751
1814,1776148698241,20.163064,-613.2035,93.657,-435.3865,-0.223987,0.740368,-0.567884,0.281414,-0.600138,1.983696,-1.521553,-0.438252,0.138297,0.394853,0.889352,2.255224,0.032957
1815,1776148698252,20.174176,-613.2225,93.9252,-435.4176,-0.224094,0.74043,-0.567945,0.281042,-0.600537,1.984235,-1.522003,-0.438161,0.138461,0.394844,0.888915,2.255533,0.033168
1816,1776148698263,20.185287,-613.1268,93.822,-435.7255,-0.22409,0.740281,-0.568064,0.281195,-0.600479,1.983683,-1.522205,-0.438131,0.138546,0.394828,0.888655,2.255673,0.033302
1817,1776148698274,20.196398,-613.1387,93.8919,-435.761,-0.224146,0.740392,-0.567952,0.281085,-0.600664,1.984091,-1.521989,-0.438082,0.138607,0.394851,0.888405,2.25587,0.033547
1818,1776148698285,20.207509,-613.0573,93.8268,-436.0148,-0.224176,0.740823,-0.567748,0.280337,-0.600971,1.985996,-1.522019,-0.438001,0.138761,0.394848,0.887845,2.256173,0.033816
1819,1776148698296,20.218621,-613.1103,93.6796,-436.366,-0.224149,0.74087,-0.567819,0.280091,-0.600973,1.986369,-1.522398,-0.437961,0.13883,0.394841,0.887543,2.256379,0.034021
1820,1776148698307,20.229732,-613.1454,93.6573,-436.2615,-0.224481,0.740836,-0.567607,0.280346,-0.601785,1.986022,-1.521632,-0.437879,0.139027,0.394812,0.887067,2.256546,0.034257
1821,1776148698318,20.240843,-613.1929,93.5692,-436.1438,-0.224492,0.740843,-0.567582,0.280369,-0.601807,1.986018,-1.521548,-0.437838,0.139112,0.394796,0.886834,2.256601,0.034369
1822,1776148698329,20.251954,-613.1668,93.6209,-436.2402,-0.224525,0.740743,-0.567645,0.280478,-0.601862,1.98564,-1.521635,-0.437795,0.139189,0.394824,0.88661,2.256796,0.034622
1823,1776148698341,20.263066,-613.2063,93.7887,-436.3674,-0.224594,0.740731,-0.567667,0.280411,-0.602067,1.985676,-1.521743,-0.437709,0.139354,0.394823,0.886161,2.257085,0.034943
1824,1776148698352,20.274177,-613.2137,93.6296,-436.5208,-0.224485,0.741151,-0.567598,0.279527,-0.602045,1.987689,-1.522239,-0.437651,0.139419,0.39485,0.885926,2.257253,0.035149
1825,1776148698363,20.285288,-613.1312,93.7039,-436.7532,-0.224651,0.741227,-0.567368,0.279658,-0.602451,1.987762,-1.521521,-0.43756,0.139591,0.394838,0.885552,2.257355,0.035444
1826,1776148698374,20.296399,-613.315,93.6161,-436.8369,-0.224915,0.741016,-0.567309,0.280126,-0.603016,1.986725,-1.521002,-0.437509,0.139686,0.39485,0.885386,2.257449,0.035534
1827,1776148698385,20.30751,-613.3206,93.7693,-436.9741,-0.225418,0.741079,-0.566882,0.280416,-0.604277,1.986605,-1.519634,-0.43747,0.139753,0.394853,0.885047,2.257551,0.035749
1828,1776148698396,20.318621,-613.3052,93.9025,-437.0522,-0.225176,0.741308,-0.566993,0.27978,-0.603822,1.987857,-1.520421,-0.437379,0.139913,0.394849,0.884609,2.257719,0.036083
1829,1776148698407,20.329733,-613.1683,93.7867,-437.1838,-0.224743,0.741698,-0.567213,0.278647,-0.603005,1.990042,-1.521884,-0.437325,0.13999,0.394868,0.88437,2.25791,0.036204
1830,1776148698418,20.340844,-613.2128,93.9267,-437.4677,-0.224972,0.741663,-0.567076,0.278834,-0.603562,1.989761,-1.521373,-0.43727,0.140072,0.39488,0.884143,2.257989,0.036367
1831,1776148698429,20.351955,-613.2626,93.8529,-437.6033,-0.225687,0.741394,-0.566723,0.279687,-0.605221,1.988181,-1.51977,-0.437175,0.140247,0.394876,0.883654,2.258134,0.036659
1832,1776148698441,20.363066,-613.2404,93.7264,-437.727,-0.225132,0.741688,-0.567033,0.278725,-0.604027,1.989937,-1.52134,-0.437117,0.140338,0.394877,0.883459,2.258221,0.036831
1833,1776148698452,20.374177,-613.3224,93.8076,-437.8457,-0.225363,0.741869,-0.566851,0.278427,-0.604736,1.990723,-1.521082,-0.437029,0.14049,0.394829,0.882745,2.258279,0.037129
1834,1776148698463,20.385288,-613.2767,93.5304,-438.15,-0.225124,0.74216,-0.56686,0.277828,-0.604278,1.992108,-1.521566,-0.436981,0.140573,0.394838,0.882489,2.258386,0.037315
1835,1776148698474,20.3964,-613.2921,93.6147,-438.2502,-0.225201,0.741982,-0.566942,0.278072,-0.604411,1.991383,-1.5216,-0.436927,0.14064,0.394848,0.882167,2.258438,0.037529
1836,1776148698485,20.407511,-613.4709,93.9307,-438.4233,-0.225597,0.741659,-0.566798,0.278904,-0.605218,1.989679,-1.520572,-0.436811,0.140827,0.394869,0.881759,2.258595,0.03791
1837,1776148698496,20.418622,-613.4314,93.5837,-438.5432,-0.225663,0.741836,-0.566728,0.278522,-0.605513,1.99054,-1.520677,-0.436749,0.140923,0.394888,0.88156,2.258681,0.037997
1838,1776148698507,20.429733,-613.5499,93.5072,-438.6163,-0.225855,0.742193,-0.566408,0.278066,-0.606168,1.991957,-1.52017,-0.43665,0.141121,0.394888,0.881043,2.258708,0.03822
1839,1776148698518,20.440844,-613.5858,93.542,-438.7689,-0.225939,0.742352,-0.566282,0.27783,-0.606465,1.992622,-1.520015,-0.436604,0.141206,0.394871,0.880706,2.258696,0.038357
1840,1776148698529,20.451956,-613.7249,93.7779,-438.8803,-0.226018,0.742207,-0.566336,0.278042,-0.606613,1.99202,-1.519997,-0.436555,0.141285,0.394889,0.880387,2.258756,0.038487
1841,1776148698541,20.463067,-613.5594,93.7181,-438.9797,-0.226351,0.741983,-0.566279,0.278488,-0.60737,1.990967,-1.5195,-0.43646,0.141488,0.39488,0.879904,2.258704,0.038799
1842,1776148698552,20.474178,-613.5652,93.7699,-439.1789,-0.22625,0.742175,-0.5663,0.278013,-0.607243,1.991961,-1.519922,-0.436407,0.141572,0.394898,0.879689,2.258778,0.039007
1843,1776148698563,20.485289,-613.4315,93.7051,-439.2545,-0.225884,0.742368,-0.566471,0.277448,-0.606435,1.993048,-1.520815,-0.436297,0.141768,0.394941,0.879273,2.258915,0.039333
1844,1776148698574,20.496401,-613.2504,93.8672,-439.4957,-0.226016,0.742307,-0.566536,0.277372,-0.606812,1.992961,-1.521047,-0.436241,0.141858,0.394956,0.879015,2.258942,0.039432
1845,1776148698585,20.507512,-613.3287,94.1281,-439.4951,-0.226641,0.742388,-0.566023,0.277689,-0.608393,1.992862,-1.519428,-0.436192,0.141927,0.394977,0.878644,2.259012,0.039543
1846,1776148698596,20.518623,-613.2146,93.8598,-439.6362,-0.226741,0.742482,-0.566096,0.277208,-0.608809,1.993599,-1.519994,-0.43609,0.142098,0.395002,0.878115,2.259143,0.039856
1847,1776148698607,20.529734,-613.2298,93.7567,-439.8592,-0.226486,0.742541,-0.566188,0.277072,-0.608168,1.993893,-1.520344,-0.43605,0.142201,0.394979,0.877819,2.259103,0.039969
1848,1776148698618,20.540845,-613.5031,94.1402,-439.9241,-0.226894,0.74245,-0.565912,0.277546,-0.609116,1.99317,-1.519238,-0.435997,0.142294,0.394989,0.877538,2.259103,0.040112
1849,1776148698629,20.551957,-613.5803,94.1545,-440.0746,-0.227497,0.742603,-0.565295,0.277899,-0.610626,1.993227,-1.517311,-0.435885,0.142492,0.39501,0.877121,2.259154,0.040395
1850,1776148698641,20.563068,-613.4113,93.7246,-440.331,-0.22698,0.742794,-0.565682,0.277024,-0.609507,1.994621,-1.519023,-0.435834,0.142571,0.39502,0.876894,2.259192,0.040549
1851,1776148698652,20.574179,-613.4946,94.1243,-440.3508,-0.227415,0.742768,-0.565467,0.277174,-0.610631,1.994401,-1.518331,-0.43575,0.142714,0.394979,0.876237,2.259153,0.040828
1852,1776148698663,20.58529,-613.4839,94.2413,-440.4436,-0.227208,0.742606,-0.565771,0.277156,-0.610081,1.993984,-1.519161,-0.435704,0.142798,0.394999,0.875993,2.259235,0.040962
1853,1776148698674,20.596402,-613.6319,94.2613,-440.6104,-0.227727,0.742556,-0.565404,0.277614,-0.611331,1.993388,-1.517822,-0.435648,0.142892,0.394998,0.875748,2.259189,0.041082
1854,1776148698685,20.607513,-613.7085,94.3531,-440.797,-0.227985,0.742574,-0.565135,0.277903,-0.611934,1.993143,-1.516878,-0.435554,0.143074,0.394996,0.875218,2.259235,0.041276
1855,1776148698696,20.618624,-613.6772,94.1476,-441.0095,-0.227922,0.742774,-0.565175,0.277337,-0.61194,1.994251,-1.517422,-0.435504,0.143174,0.395001,0.87504,2.2593,0.041422
1856,1776148698707,20.629736,-613.5289,93.8368,-441.0233,-0.228049,0.743013,-0.565014,0.276919,-0.612411,1.995317,-1.517311,-0.435396,0.143332,0.39503,0.874494,2.259402,0.041711
1857,1776148698718,20.640847,-613.6404,94.6763,-440.9651,-0.22795,0.742993,-0.565092,0.276897,-0.612154,1.995283,-1.517538,-0.435354,0.143394,0.395028,0.874164,2.259417,0.041842
1858,1776148698729,20.651958,-613.6099,94.285,-441.1485,-0.228449,0.742889,-0.564788,0.277385,-0.613342,1.994511,-1.516346,-0.435304,0.143486,0.395033,0.873912,2.259436,0.04196
1859,1776148698741,20.663069,-613.7175,94.0378,-441.4048,-0.227929,0.743141,-0.565088,0.276525,-0.612212,1.996058,-1.517811,-0.435203,0.143679,0.395025,0.873504,2.259471,0.042115
1860,1776148698752,20.674181,-613.7278,93.6609,-441.6006,-0.227586,0.743368,-0.565256,0.275852,-0.611499,1.997349,-1.51878,-0.435149,0.143793,0.395032,0.873409,2.25953,0.042186
1861,1776148698763,20.685292,-613.7681,94.0356,-441.558,-0.228046,0.74323,-0.565076,0.276212,-0.612624,1.996614,-1.518021,-0.435061,0.14398,0.395009,0.87286,2.25948,0.042361
1862,1776148698774,20.696403,-613.7091,94.114,-441.7618,-0.228606,0.743075,-0.564737,0.276861,-0.613924,1.995541,-1.516611,-0.43501,0.144058,0.395009,0.872651,2.259455,0.042477
1863,1776148698785,20.707514,-613.572,93.9991,-442.0185,-0.228509,0.742934,-0.564941,0.276901,-0.613653,1.995123,-1.517127,-0.434982,0.144119,0.394988,0.872344,2.259486,0.042569
1864,1776148698796,20.718625,-613.6241,93.6103,-442.1719,-0.228393,0.742845,-0.565177,0.276755,-0.613386,1.99503,-1.517873,-0.434859,0.144312,0.395037,0.871998,2.259605,0.042664
1865,1776148698807,20.729736,-613.6647,93.4905,-442.4389,-0.228502,0.74312,-0.565042,0.276201,-0.613852,1.99633,-1.517938,-0.43481,0.144387,0.395014,0.87172,2.259533,0.042736
1866,1776148698818,20.740848,-613.7358,93.8547,-442.2751,-0.228557,0.743042,-0.565104,0.276239,-0.613987,1.996082,-1.518074,-0.434751,0.144484,0.395033,0.871476,2.259587,0.042759
1867,1776148698829,20.751959,-613.7493,93.8338,-442.3709,-0.228986,0.743038,-0.56478,0.276555,-0.615042,1.995751,-1.516962,-0.434654,0.144648,0.395047,0.870983,2.259595,0.042828
1868,1776148698841,20.76307,-613.6799,93.2344,-442.5057,-0.229091,0.743041,-0.564735,0.276554,-0.615324,1.995759,-1.516842,-0.434601,0.144731,0.395039,0.870727,2.259558,0.042851
1869,1776148698852,20.774181,-613.6949,93.7621,-442.871,-0.228567,0.743269,-0.56514,0.275547,-0.61423,1.997391,-1.518704,-0.434484,0.144869,0.395094,0.870274,2.259689,0.042959
1870,1776148698863,20.785293,-613.774,93.9496,-442.8864,-0.228854,0.743192,-0.564935,0.275934,-0.614879,1.996795,-1.517857,-0.434426,0.144949,0.395117,0.870142,2.259729,0.04305
1871,1776148698874,20.796404,-613.8315,94.413,-443.0018,-0.22944,0.743123,-0.564568,0.276386,-0.616314,1.99615,-1.516523,-0.434358,0.145026,0.395145,0.869959,2.259746,0.043119
1872,1776148698885,20.807515,-613.8887,94.1292,-443.1219,-0.229332,0.743414,-0.564532,0.275766,-0.616217,1.99756,-1.516903,-0.434304,0.145102,0.395157,0.869713,2.259812,0.043129
1873,1776148698896,20.818626,-613.6545,93.9093,-443.2757,-0.229349,0.743335,-0.56466,0.275701,-0.616284,1.997415,-1.517296,-0.434304,0.145102,0.395157,0.869713,2.259812,0.043129
1874,1776148698907,20.829737,-613.5957,93.754,-443.4201,-0.229308,0.743157,-0.564814,0.275901,-0.616111,1.996733,-1.517556,-0.434189,0.145262,0.395181,0.869278,2.259727,0.043171
1875,1776148698918,20.840848,-613.6237,94.1347,-443.6514,-0.229737,0.743264,-0.564338,0.27623,-0.617161,1.996687,-1.516024,-0.434082,0.145433,0.395186,0.868798,2.259657,0.043197
1876,1776148698929,20.85196,-613.61,94.1258,-443.8433,-0.229596,0.743317,-0.564544,0.275782,-0.616922,1.997283,-1.516923,-0.433974,0.145595,0.395212,0.868398,2.259631,0.043336
1877,1776148698941,20.863071,-613.6785,94.1126,-443.9407,-0.229743,0.743506,-0.564394,0.275458,-0.617418,1.998119,-1.516768,-0.433974,0.145595,0.395212,0.868398,2.259631,0.043336
1878,1776148698952,20.874182,-613.6125,94.0831,-444.1218,-0.229737,0.743024,-0.56481,0.275911,-0.61726,1.996365,-1.517537,-0.43386,0.14577,0.395232,0.867939,2.259534,0.04338
1879,1776148698963,20.885293,-613.6677,94.1807,-444.1719,-0.22999,0.743275,-0.564481,0.275696,-0.618007,1.997258,-1.516819,-0.433759,0.145929,0.395234,0.867431,2.259385,0.043481
1880,1776148698974,20.896405,-613.7755,94.2611,-444.3567,-0.230201,0.743612,-0.564136,0.275318,-0.618692,1.998546,-1.516184,-0.433654,0.146043,0.395279,0.866868,2.259436,0.043623
1881,1776148698985,20.907516,-613.6564,94.344,-444.4775,-0.230107,0.743592,-0.56432,0.275072,-0.618517,1.998743,-1.516865,-0.433654,0.146043,0.395279,0.866868,2.259436,0.043623
1882,1776148698996,20.918627,-613.7418,94.5779,-444.8288,-0.230579,0.743188,-0.564234,0.275943,-0.619513,1.996773,-1.515967,-0.433483,0.146301,0.395301,0.866149,2.259285,0.043821
1883,1776148699007,20.929739,-613.56,94.5017,-444.76,-0.230733,0.743412,-0.563933,0.275826,-0.619964,1.997493,-1.515247,-0.433423,0.146382,0.395294,0.865911,2.259245,0.043874
1884,1776148699018,20.94085,-613.6172,94.3381,-444.7488,-0.23088,0.743631,-0.563766,0.275455,-0.620473,1.99846,-1.515083,-0.433358,0.146468,0.395302,0.865708,2.259196,0.043914
1885,1776148699029,20.951961,-613.6901,94.1404,-444.8186,-0.230763,0.743562,-0.563994,0.275273,-0.620217,1.998456,-1.515836,-0.433258,0.14663,0.395254,0.865191,2.25893,0.043977
1886,1776148699041,20.963073,-613.874,94.4376,-444.9412,-0.231535,0.74317,-0.563701,0.276282,-0.621974,1.996382,-1.514273,-0.43321,0.146677,0.395259,0.864812,2.258951,0.044071
1887,1776148699052,20.974184,-613.8841,94.5181,-445.166,-0.231765,0.74308,-0.563578,0.276582,-0.622497,1.995837,-1.513713,-0.43309,0.14684,0.395292,0.864416,2.258861,0.044173
1888,1776148699063,20.985295,-613.7886,94.4084,-445.3506,-0.231369,0.743418,-0.563756,0.275641,-0.62173,1.997696,-1.514914,-0.433034,0.146933,0.395285,0.864178,2.258739,0.04417
1889,1776148699074,20.996406,-613.6337,94.3062,-445.4921,-0.231353,0.743575,-0.563685,0.275374,-0.621771,1.99839,-1.514927,-0.432973,0.147019,0.395294,0.86401,2.258658,0.044256
1890,1776148699085,21.007518,-613.6732,94.2683,-445.6798,-0.231957,0.743462,-0.563258,0.276045,-0.623181,1.997407,-1.513264,-0.432862,0.147174,0.395294,0.863513,2.258546,0.044386
1891,1776148699096,21.018629,-613.6037,94.3161,-445.9156,-0.231969,0.743506,-0.563317,0.275795,-0.623293,1.997779,-1.513615,-0.432806,0.147255,0.395276,0.863228,2.258444,0.044442
1892,1776148699107,21.02974,-613.5427,94.2051,-445.9447,-0.232183,0.743723,-0.563099,0.275475,-0.62397,1.998687,-1.513276,-0.432699,0.14742,0.395265,0.862683,2.258266,0.044511
1893,1776148699118,21.040851,-613.4175,93.9859,-445.9897,-0.231696,0.743837,-0.563399,0.274963,-0.622824,1.999512,-1.514475,-0.43264,0.147486,0.395302,0.862484,2.258315,0.04465
1894,1776148699129,21.051963,-613.5756,94.0606,-446.2481,-0.231946,0.743652,-0.563376,0.275301,-0.623387,1.99867,-1.514154,-0.432578,0.147573,0.395322,0.862195,2.258272,0.044705
1895,1776148699141,21.063074,-613.8069,94.2552,-446.2343,-0.232438,0.74364,-0.563007,0.275673,-0.624593,1.99826,-1.512876,-0.43248,0.147728,0.395287,0.861603,2.257959,0.044848
1896,1776148699152,21.074185,-613.7592,94.1216,-446.4556,-0.232344,0.743818,-0.563019,0.275246,-0.624474,1.999173,-1.513236,-0.432416,0.147816,0.395301,0.861409,2.257885,0.044985
1897,1776148699163,21.085296,-613.5674,94.0035,-446.5652,-0.232316,0.743747,-0.563184,0.275125,-0.624438,1.999104,-1.513772,-0.432306,0.147983,0.395287,0.860798,2.257618,0.045073
1898,1776148699174,21.096407,-613.5993,94.3143,-446.7766,-0.232717,0.743743,-0.562828,0.275527,-0.625388,1.998685,-1.512506,-0.432255,0.148057,0.395292,0.860523,2.257494,0.045175
1899,1776148699185,21.107519,-613.471,94.1821,-447.002,-0.232739,0.743813,-0.562832,0.275309,-0.625516,1.999096,-1.512686,-0.432175,0.148169,0.395312,0.860416,2.257364,0.045198
1900,1776148699196,21.11863,-613.6928,94.4224,-447.0801,-0.233166,0.743672,-0.562753,0.275489,-0.626606,1.998535,-1.512335,-0.432066,0.148317,0.395354,0.859866,2.257246,0.045424
1901,1776148699207,21.129741,-613.7643,94.3598,-447.1309,-0.233543,0.743689,-0.562334,0.275979,-0.627464,1.998083,-1.510834,-0.432018,0.148419,0.395331,0.859574,2.257064,0.045465
1902,1776148699218,21.140852,-613.8286,94.6448,-447.226,-0.233414,0.743824,-0.562432,0.275525,-0.627262,1.998907,-1.511444,-0.431961,0.148479,0.395339,0.859264,2.25696,0.045597
1903,1776148699229,21.151964,-613.8685,94.3409,-447.3631,-0.233603,0.743931,-0.562247,0.275455,-0.627792,1.999264,-1.511001,-0.431846,0.148645,0.39534,0.858739,2.256678,0.045803
1904,1776148699241,21.163075,-613.9391,94.4102,-447.5088,-0.233576,0.743908,-0.56234,0.275349,-0.627754,1.999311,-1.511331,-0.431799,0.148728,0.395348,0.858486,2.256521,0.045956
1905,1776148699252,21.174187,-613.7914,94.2225,-447.6372,-0.233533,0.743838,-0.56247,0.275309,-0.627649,1.999162,-1.511713,-0.431676,0.148888,0.395368,0.857864,2.256268,0.04627
1906,1776148699263,21.185298,-613.8495,94.2378,-447.757,-0.233967,0.744068,-0.562024,0.27523,-0.628842,1.999862,-1.510575,-0.431602,0.148985,0.395385,0.857638,2.25609,0.046359
1907,1776148699274,21.196409,-613.8582,94.3519,-447.8907,-0.234312,0.744081,-0.561714,0.275536,-0.629672,1.999585,-1.509506,-0.43155,0.149071,0.395379,0.857352,2.255907,0.046481
1908,1776148699285,21.207521,-613.7932,94.197,-448.1302,-0.234253,0.744022,-0.561921,0.275319,-0.629584,1.999648,-1.51023,-0.431423,0.149258,0.395351,0.856714,2.255504,0.046629
1909,1776148699296,21.218632,-613.6581,94.1573,-448.3476,-0.234572,0.744324,-0.561393,0.27531,-0.630443,2.000468,-1.508816,-0.431348,0.149348,0.395393,0.856465,2.255447,0.046831
1910,1776148699307,21.229743,-613.6403,94.0694,-448.4873,-0.234755,0.74418,-0.561458,0.275409,-0.630904,1.999982,-1.508917,-0.431226,0.149539,0.395386,0.855849,2.255015,0.047082
1911,1776148699318,21.240854,-613.5866,94.3315,-448.5776,-0.234998,0.744222,-0.561128,0.275762,-0.631442,1.999736,-1.50776,-0.431166,0.149615,0.395427,0.855612,2.254966,0.047279
1912,1776148699329,21.251966,-613.5854,94.2694,-448.7169,-0.234999,0.744257,-0.561296,0.275324,-0.631586,2.000273,-1.508546,-0.431101,0.14971,0.395434,0.855274,2.25479,0.047398
1913,1776148699341,21.263077,-613.4783,94.2009,-448.9518,-0.235257,0.744197,-0.561245,0.27537,-0.632264,2.000065,-1.508374,-0.430975,0.149873,0.395469,0.854633,2.254487,0.047583
1914,1776148699352,21.274188,-613.7299,94.6094,-449.0769,-0.235352,0.744471,-0.560868,0.275317,-0.632538,2.000856,-1.5074,-0.430909,0.149968,0.395481,0.854327,2.254326,0.047816
1915,1776148699363,21.285299,-613.7582,94.8036,-449.1899,-0.235589,0.744568,-0.560661,0.275274,-0.633187,2.001159,-1.506878,-0.43076,0.150155,0.395574,0.853829,2.254108,0.048094
1916,1776148699374,21.29641,-613.8305,94.6088,-449.3257,-0.235925,0.744531,-0.560438,0.27554,-0.634004,2.000792,-1.506075,-0.430699,0.150242,0.395567,0.853474,2.25381,0.048233
1917,1776148699385,21.307521,-613.8658,94.6771,-449.4695,-0.23622,0.744396,-0.560367,0.275796,-0.634717,2.000168,-1.505688,-0.430642,0.150336,0.395558,0.853124,2.253536,0.048358
1918,1776148699396,21.318633,-613.6362,94.4211,-449.5908,-0.23623,0.744571,-0.560248,0.275556,-0.634821,2.000882,-1.505553,-0.4305,0.150509,0.395591,0.852565,2.253162,0.048657
1919,1776148699407,21.329744,-613.6753,94.5976,-449.6293,-0.23629,0.744751,-0.560134,0.27525,-0.635081,2.001676,-1.505479,-0.430429,0.150588,0.395606,0.852206,2.252994,0.04877
1920,1776148699418,21.340855,-613.4347,94.2823,-449.8731,-0.236303,0.744768,-0.560147,0.275168,-0.635142,2.001806,-1.505576,-0.430362,0.150684,0.395601,0.851941,2.252795,0.048942
1921,1776148699429,21.351966,-613.5448,94.4896,-450.068,-0.236911,0.744711,-0.559695,0.275719,-0.636597,2.001092,-1.503942,-0.430217,0.150833,0.39563,0.851301,2.252447,0.049311
1922,1776148699441,21.363077,-613.5741,94.6371,-450.1783,-0.236977,0.744901,-0.559588,0.275363,-0.636888,2.001966,-1.503926,-0.430115,0.150933,0.395659,0.851047,2.252273,0.04941
1923,1776148699452,21.374189,-613.5038,94.5603,-450.3908,-0.237004,0.744852,-0.559708,0.275231,-0.637004,2.001966,-1.504348,-0.429987,0.151095,0.395661,0.850377,2.251883,0.04966
1924,1776148699463,21.3853,-613.4347,94.7169,-450.4286,-0.23726,0.744751,-0.559553,0.275598,-0.637573,2.001323,-1.503652,-0.429921,0.151164,0.395668,0.850001,2.251672,0.049837
1925,1776148699474,21.396411,-613.3455,94.7132,-450.7426,-0.237501,0.744714,-0.559407,0.275787,-0.638159,2.001033,-1.503115,-0.429848,0.151225,0.395689,0.84964,2.251502,0.050044
1926,1776148699485,21.407522,-613.4014,94.7086,-450.8551,-0.237713,0.745059,-0.559044,0.275409,-0.638851,2.002342,-1.502428,-0.429706,0.151399,0.39573,0.849074,2.251114,0.050333
1927,1776148699496,21.418633,-613.3869,94.7635,-450.9868,-0.237928,0.744818,-0.559116,0.275729,-0.639326,2.001369,-1.502378,-0.429649,0.151498,0.395716,0.848687,2.250851,0.05037
1928,1776148699507,21.429745,-613.4095,94.6172,-451.0738,-0.238087,0.744968,-0.558958,0.275506,-0.639826,2.001998,-1.502123,-0.429509,0.151653,0.395751,0.847962,2.250485,0.050673
1929,1776148699518,21.440856,-613.4247,94.7169,-451.2086,-0.238167,0.744942,-0.559035,0.275353,-0.640089,2.002084,-1.502445,-0.429439,0.151734,0.395769,0.847628,2.250309,0.050833
1930,1776148699529,21.451967,-613.5583,94.7423,-451.3397,-0.23856,0.745157,-0.558485,0.275545,-0.641084,2.002467,-1.500823,-0.429366,0.151812,0.395806,0.847298,2.250156,0.050942
1931,1776148699541,21.463079,-613.4453,94.6445,-451.5498,-0.238492,0.745038,-0.558668,0.275555,-0.640898,2.002138,-1.501308,-0.429238,0.151988,0.395815,0.846716,2.249671,0.051235
1932,1776148699552,21.47419,-613.601,94.7173,-451.6134,-0.238916,0.745088,-0.558387,0.275622,-0.642016,2.002203,-1.5005,-0.42916,0.152081,0.39584,0.846477,2.249432,0.051358
1933,1776148699563,21.485301,-613.5011,94.694,-451.8408,-0.239431,0.74506,-0.557978,0.276079,-0.643251,2.001665,-1.499055,-0.42906,0.152222,0.395845,0.845726,2.249028,0.051646
1934,1776148699574,21.496413,-613.4881,94.8476,-451.9841,-0.239243,0.745283,-0.558022,0.275548,-0.64292,2.002804,-1.499577,-0.42899,0.152305,0.395877,0.845451,2.248904,0.051769
1935,1776148699585,21.507524,-613.4745,94.9089,-451.9601,-0.239429,0.745233,-0.557977,0.275616,-0.643398,2.0026,-1.499403,-0.42893,0.152383,0.395895,0.845181,2.24871,0.051946
1936,1776148699596,21.518635,-613.3667,94.7929,-452.2099,-0.239565,0.745154,-0.557953,0.275759,-0.643716,2.002243,-1.499229,-0.428797,0.152546,0.395928,0.844503,2.248361,0.052139
1937,1776148699607,21.529747,-613.4992,94.8641,-452.2607,-0.239882,0.745017,-0.557923,0.275913,-0.644516,2.001719,-1.499033,-0.428729,0.152626,0.395935,0.844158,2.248135,0.052243
1938,1776148699618,21.540858,-613.3224,94.7117,-452.4074,-0.240353,0.745116,-0.557433,0.276227,-0.645679,2.001666,-1.497477,-0.428661,0.152701,0.395958,0.843823,2.248039,0.052384
1939,1776148699629,21.551969,-613.5436,94.9952,-452.5094,-0.240431,0.745182,-0.557457,0.275932,-0.645985,2.002141,-1.497766,-0.428528,0.152869,0.395948,0.843101,2.247558,0.052482
1940,1776148699641,21.56308,-613.3521,94.8563,-452.9042,-0.240467,0.745225,-0.557444,0.275812,-0.646122,2.002378,-1.497821,-0.428447,0.152958,0.39599,0.842805,2.247442,0.052553
1941,1776148699652,21.574192,-613.5193,94.8268,-452.9649,-0.240889,0.745155,-0.55718,0.276165,-0.647139,2.001834,-1.496845,-0.428306,0.153111,0.396029,0.842084,2.247112,0.0527
1942,1776148699663,21.585303,-613.4998,94.9758,-453.1181,-0.241024,0.745338,-0.557032,0.275854,-0.647604,2.00264,-1.496683,-0.428235,0.153188,0.396042,0.841745,2.246978,0.05278
1943,1776148699674,21.596414,-613.3011,94.9778,-453.1078,-0.241276,0.745461,-0.556836,0.275695,-0.648334,2.003132,-1.496278,-0.428182,0.15325,0.396043,0.841329,2.246806,0.05284
1944,1776148699685,21.607525,-613.1987,95.0164,-453.3239,-0.241439,0.745293,-0.556762,0.276156,-0.648619,2.002214,-1.495728,-0.428062,0.153395,0.396043,0.840708,2.246444,0.05306
1945,1776148699696,21.618636,-613.0031,94.8536,-453.5321,-0.241414,0.745627,-0.556624,0.275552,-0.648752,2.003726,-1.495817,-0.427989,0.153475,0.396089,0.840442,2.24635,0.053132
1946,1776148699707,21.629748,-613.3102,95.1008,-453.6653,-0.241734,0.745301,-0.556747,0.275908,-0.649494,2.002485,-1.495876,-0.427861,0.153646,0.396116,0.839793,2.246076,0.053139
1947,1776148699718,21.640859,-613.1556,94.8328,-453.8078,-0.2417,0.745352,-0.556781,0.275729,-0.649463,2.002804,-1.496104,-0.427797,0.153724,0.396136,0.839511,2.245947,0.053242
1948,1776148699729,21.65197,-613.2711,95.0274,-453.7823,-0.24219,0.745446,-0.556438,0.275739,-0.650775,2.003046,-1.495173,-0.427756,0.153793,0.396103,0.839028,2.245696,0.053231
1949,1776148699741,21.663082,-613.1661,95.045,-453.9986,-0.242227,0.745343,-0.556556,0.275746,-0.650872,2.002763,-1.495485,-0.427628,0.153943,0.39618,0.838384,2.245538,0.053251
1950,1776148699752,21.674193,-613.1727,95.2265,-454.1312,-0.242649,0.745403,-0.556228,0.275874,-0.651965,2.002794,-1.494508,-0.427574,0.154018,0.3962,0.838086,2.245429,0.053242
1951,1776148699763,21.685305,-613.1827,94.91,-454.2612,-0.242742,0.745186,-0.556394,0.276044,-0.652157,2.00204,-1.494825,-0.427435,0.154184,0.396237,0.83747,2.24523,0.053142
1952,1776148699774,21.696416,-613.1487,94.8321,-454.4144,-0.243029,0.745135,-0.556353,0.276013,-0.652939,2.001933,-1.494738,-0.427391,0.154253,0.39623,0.837048,2.245128,0.053052
1953,1776148699785,21.707527,-613.074,94.7383,-454.4913,-0.243163,0.745339,-0.55624,0.27557,-0.653445,2.002932,-1.494771,-0.427321,0.15434,0.39623,0.83672,2.245002,0.052993
1954,1776148699796,21.718638,-612.9869,94.8807,-454.7291,-0.243446,0.745203,-0.556291,0.275586,-0.654201,2.00255,-1.494895,-0.427204,0.15446,0.396242,0.83591,2.244867,0.052845
1955,1776148699807,21.729749,-613.1348,94.9817,-454.7578,-0.243647,0.744978,-0.556315,0.275967,-0.654615,2.001558,-1.494671,-0.427138,0.154532,0.396246,0.835544,2.244794,0.052736
1956,1776148699818,21.740861,-613.0938,94.9913,-454.9628,-0.244011,0.744986,-0.55608,0.276097,-0.655549,2.001449,-1.493942,-0.42706,0.154597,0.396277,0.835183,2.244759,0.052674
1957,1776148699829,21.751972,-613.2632,95.2574,-455.1129,-0.244254,0.74498,-0.556049,0.275963,-0.656248,2.001567,-1.493959,-0.426929,0.154738,0.396298,0.834534,2.244644,0.052512
1958,1776148699841,21.763083,-613.3418,95.2896,-455.3339,-0.244527,0.74499,-0.555987,0.275817,-0.657028,2.001742,-1.493904,-0.426868,0.154831,0.396298,0.834235,2.244552,0.052376
1959,1776148699852,21.774194,-613.2682,95.1612,-455.251,-0.244811,0.744978,-0.555821,0.275933,-0.657753,2.001593,-1.493369,-0.426742,0.15496,0.396319,0.833463,2.244525,0.052108
1960,1776148699863,21.785306,-613.1871,95.2363,-455.4279,-0.244728,0.744846,-0.556214,0.275569,-0.657652,2.001609,-1.4947,-0.426681,0.155026,0.396339,0.833105,2.244525,0.051962
1961,1776148699874,21.796417,-613.2677,95.2292,-455.4544,-0.244675,0.744945,-0.556296,0.275185,-0.657637,2.002264,-1.495212,-0.426628,0.155069,0.396349,0.832649,2.244531,0.05179
1962,1776148699885,21.807528,-613.3298,95.4136,-455.5407,-0.245231,0.744888,-0.555968,0.275506,-0.659024,2.001786,-1.494088,-0.426502,0.155219,0.396404,0.831965,2.244546,0.051464
1963,1776148699896,21.81864,-613.157,95.2143,-455.6671,-0.245367,0.744605,-0.556298,0.275485,-0.659396,2.001044,-1.49499,-0.426436,0.155284,0.39643,0.831622,2.24452,0.051247
1964,1776148699907,21.829751,-612.9693,95.3979,-455.7971,-0.24538,0.744707,-0.556381,0.27503,-0.659586,2.001781,-1.495558,-0.426318,0.155405,0.396485,0.830801,2.244627,0.050843
1965,1776148699918,21.840862,-612.8528,95.2811,-455.9231,-0.245917,0.744574,-0.556149,0.275379,-0.660911,2.00107,-1.49467,-0.426252,0.155465,0.396496,0.83039,2.244628,0.050647
1966,1776148699929,21.851974,-612.8191,95.405,-456.2443,-0.245903,0.744518,-0.55646,0.274913,-0.66103,2.001392,-1.495861,-0.426192,0.155545,0.396526,0.83002,2.244703,0.050426
1967,1776148699941,21.863085,-612.8148,95.3807,-456.2303,-0.245886,0.744301,-0.556752,0.274924,-0.660981,2.000798,-1.496636,-0.426055,0.155671,0.396581,0.829221,2.244787,0.049953
1968,1776148699952,21.874196,-613.0239,95.5782,-456.322,-0.246413,0.744056,-0.556728,0.275165,-0.662316,1.999895,-1.496388,-0.426001,0.155747,0.396595,0.828814,2.244835,0.049698
1969,1776148699963,21.885307,-612.9649,95.4126,-456.4357,-0.246676,0.744103,-0.556735,0.274787,-0.663151,2.000403,-1.496696,-0.425872,0.155866,0.396647,0.828031,2.244962,0.049207
1970,1776148699974,21.896419,-612.9991,95.5373,-456.5351,-0.246734,0.744009,-0.556973,0.274507,-0.6634,2.000437,-1.497548,-0.425817,0.155927,0.396657,0.827549,2.245073,0.048946
1971,1776148699985,21.90753,-612.9315,95.5988,-456.7665,-0.247164,0.7438,-0.556926,0.274781,-0.664464,1.999597,-1.497214,-0.425758,0.156004,0.396676,0.827155,2.245112,0.048644
1972,1776148699996,21.918642,-612.9047,95.5643,-457.022,-0.247353,0.743721,-0.557071,0.274532,-0.665056,1.999636,-1.497793,-0.425624,0.156139,0.396714,0.82629,2.245195,0.048011
1973,1776148700007,21.929753,-612.8976,95.6469,-457.015,-0.247451,0.743672,-0.55735,0.27401,-0.665496,2.000033,-1.498939,-0.425571,0.156175,0.396732,0.825764,2.245285,0.04773
1974,1776148700018,21.940864,-612.6916,95.5778,-457.2251,-0.247717,0.743493,-0.557346,0.274263,-0.666125,1.999296,-1.498736,-0.425501,0.156263,0.396767,0.825466,2.245442,0.047364
1975,1776148700029,21.951975,-612.7205,95.562,-457.3508,-0.248387,0.743518,-0.556947,0.2744,-0.66788,1.999223,-1.49756,-0.425386,0.15638,0.39677,0.824497,2.245624,0.046752
1976,1776148700041,21.963086,-612.8006,95.5985,-457.3645,-0.248511,0.743233,-0.557275,0.274395,-0.668216,1.998463,-1.498444,-0.425316,0.156443,0.396795,0.82415,2.245744,0.046384
1977,1776148700052,21.974197,-612.8869,95.519,-457.3524,-0.248585,0.743474,-0.557322,0.273575,-0.668693,1.999945,-1.499196,-0.425207,0.15658,0.396793,0.823251,2.245949,0.045617
1978,1776148700063,21.985308,-612.7792,95.3369,-457.6351,-0.248506,0.743188,-0.557764,0.273523,-0.6685,1.999228,-1.500425,-0.425158,0.156639,0.396794,0.822804,2.246093,0.045351
1979,1776148700074,21.99642,-612.9201,95.6841,-457.5983,-0.249787,0.742782,-0.557202,0.274603,-0.671577,1.99704,-1.498091,-0.425092,0.156713,0.39681,0.822444,2.24622,0.045006
1980,1776148700085,22.007531,-613.0225,96.0564,-457.7675,-0.249714,0.742606,-0.557818,0.273897,-0.67162,1.997281,-1.500283,-0.424962,0.156845,0.396832,0.821525,2.246702,0.044115
1981,1776148700096,22.018642,-612.8949,95.653,-457.9787,-0.249701,0.742752,-0.557957,0.273228,-0.671812,1.998354,-1.501167,-0.424911,0.156907,0.396811,0.821022,2.246825,0.043725
1982,1776148700107,22.029753,-612.7667,95.3813,-458.1457,-0.24915,0.742273,-0.55902,0.272859,-0.670456,1.99744,-1.50431,-0.424806,0.157033,0.396798,0.820109,2.247129,0.042894
1983,1776148700118,22.040865,-612.6096,95.6806,-458.2515,-0.249689,0.741965,-0.559024,0.273196,-0.671792,1.996269,-1.504063,-0.424751,0.157095,0.396785,0.819591,2.247287,0.042467
1984,1776148700129,22.051976,-612.593,95.9934,-458.3474,-0.250257,0.741915,-0.558729,0.273416,-0.673246,1.995911,-1.503102,-0.424688,0.15717,0.396811,0.819133,2.247577,0.042061
1985,1776148700141,22.063087,-612.6453,95.7712,-458.468,-0.250607,0.741836,-0.558719,0.27333,-0.674217,1.995786,-1.503141,-0.424565,0.157271,0.396855,0.818239,2.248156,0.041335
1986,1776148700152,22.074198,-612.6352,95.7222,-458.5139,-0.251085,0.741828,-0.558649,0.273057,-0.675595,1.99604,-1.50316,-0.424512,0.157336,0.396853,0.817719,2.24833,0.040893
1987,1776148700163,22.085309,-612.5618,95.7481,-458.7563,-0.251107,0.741902,-0.558927,0.272265,-0.675927,1.997043,-1.504514,-0.424399,0.157478,0.39683,0.816587,2.248679,0.040003
1988,1776148700174,22.09642,-612.5619,95.8527,-458.9236,-0.251017,0.741893,-0.559336,0.271529,-0.675937,1.997768,-1.506179,-0.424338,0.15756,0.396826,0.81605,2.248898,0.039549
1989,1776148700185,22.107532,-612.6188,95.8791,-459.019,-0.251065,0.741778,-0.559609,0.271237,-0.676168,1.997753,-1.507138,-0.424267,0.15765,0.396833,0.815616,2.24905,0.039078
1990,1776148700196,22.118643,-612.671,96.1285,-458.9959,-0.252354,0.740836,-0.559504,0.272828,-0.679089,1.993603,-1.505637,-0.424121,0.157785,0.396894,0.814561,2.249609,0.038189
1991,1776148700207,22.129754,-612.6791,96.1272,-459.1558,-0.252698,0.740794,-0.559517,0.272599,-0.680094,1.993722,-1.505846,-0.424058,0.157813,0.396911,0.813946,2.249896,0.037841
1992,1776148700218,22.140865,-612.6913,96.007,-459.4108,-0.253114,0.740804,-0.559504,0.27221,-0.68135,1.994146,-1.506109,-0.423992,0.157861,0.396914,0.813374,2.250147,0.037398
1993,1776148700229,22.151976,-612.5272,95.2368,-459.7234,-0.252527,0.741624,-0.559605,0.270307,-0.680427,1.998286,-1.507841,-0.423872,0.157976,0.396912,0.812137,2.250686,0.036542
1994,1776148700241,22.163088,-612.6235,96.0439,-459.5829,-0.253156,0.741213,-0.559734,0.270581,-0.682028,1.996899,-1.507977,-0.423806,0.158065,0.396906,0.811596,2.250868,0.036016
1995,1776148700252,22.174199,-612.4721,95.9903,-459.3991,-0.253138,0.74037,-0.560685,0.270935,-0.681856,1.994269,-1.510269,-0.423683,0.15819,0.396925,0.810395,2.251427,0.03506
1996,1776148700263,22.18531,-612.4019,96.028,-459.5258,-0.253479,0.740342,-0.560799,0.270457,-0.682939,1.99468,-1.510942,-0.423633,0.15823,0.396955,0.809688,2.251737,0.034653
1997,1776148700274,22.196422,-612.4679,96.2149,-459.8847,-0.2537,0.740547,-0.560763,0.269761,-0.683778,1.99594,-1.511382,-0.423571,0.158277,0.396999,0.809106,2.252184,0.034236
1998,1776148700285,22.207533,-612.3468,95.9313,-459.9755,-0.253992,0.740438,-0.560955,0.269389,-0.684693,1.996022,-1.512184,-0.423441,0.158415,0.397053,0.807929,2.252768,0.033322
1999,1776148700296,22.218644,-612.2961,95.9337,-460.1854,-0.253906,0.740449,-0.561323,0.26867,-0.684713,1.996786,-1.513731,-0.423377,0.158466,0.397089,0.807393,2.253128,0.032903
2000,1776148700307,22.229756,-612.2819,95.8209,-460.4208,-0.254051,0.740195,-0.561751,0.26834,-0.685219,1.996435,-1.515139,-0.423245,0.158609,0.397138,0.806141,2.253833,0.031807
2001,1776148700318,22.240867,-612.4294,96.568,-460.0335,-0.255001,0.739854,-0.561545,0.26881,-0.687616,1.995036,-1.514223,-0.423189,0.158677,0.397155,0.805481,2.254122,0.031264
2002,1776148700329,22.251978,-612.1765,96.078,-460.3243,-0.255053,0.739533,-0.562057,0.268573,-0.687839,1.994413,-1.515785,-0.423126,0.158709,0.397197,0.804808,2.254554,0.030824
2003,1776148700341,22.263089,-612.1786,96.2702,-460.5037,-0.255775,0.739295,-0.561982,0.2687,-0.689742,1.993641,-1.515484,-0.423006,0.158812,0.397213,0.803461,2.255213,0.029689
2004,1776148700352,22.274201,-611.9601,95.9682,-460.7659,-0.25538,0.739422,-0.562634,0.267355,-0.689152,1.995353,-1.518286,-0.422923,0.158862,0.397239,0.802812,2.255577,0.02923
2005,1776148700363,22.285312,-612.0119,96.5099,-460.8852,-0.255765,0.73878,-0.563132,0.267715,-0.690062,1.993254,-1.51935,-0.422793,0.158993,0.39727,0.801514,2.256344,0.028263
2006,1776148700374,22.296423,-611.9538,96.1036,-460.9926,-0.256316,0.738632,-0.563121,0.267617,-0.691583,1.992955,-1.519396,-0.422732,0.159052,0.397259,0.800763,2.256621,0.027764
2007,1776148700385,22.307534,-612.0883,96.2644,-461.2689,-0.25679,0.738663,-0.562961,0.267415,-0.692934,1.993245,-1.519121,-0.422653,0.159124,0.397293,0.800187,2.257052,0.027283
2008,1776148700396,22.318646,-612.1178,96.4137,-461.2041,-0.257083,0.738467,-0.563256,0.267054,-0.693852,1.993081,-1.520198,-0.422519,0.159252,0.397317,0.798851,2.257795,0.026235
2009,1776148700407,22.329757,-612.1118,96.3963,-461.4388,-0.257385,0.738172,-0.563602,0.266847,-0.694741,1.992497,-1.521292,-0.422451,0.159329,0.397327,0.798213,2.258181,0.025651
2010,1776148700418,22.340868,-612.0486,96.2684,-461.4294,-0.257665,0.738061,-0.563763,0.266546,-0.695605,1.992501,-1.521959,-0.422384,0.159384,0.397346,0.797515,2.258596,0.025149
2011,1776148700429,22.351979,-611.8706,96.3094,-461.6781,-0.258019,0.738127,-0.563855,0.265825,-0.696815,1.993413,-1.522768,-0.422246,0.159502,0.397373,0.796104,2.259339,0.024175
2012,1776148700441,22.36309,-611.9241,96.362,-461.5939,-0.258208,0.737887,-0.564174,0.26563,-0.697395,1.992965,-1.523783,-0.422169,0.159577,0.397408,0.795444,2.259766,0.02369
2013,1776148700452,22.374202,-611.9724,96.3819,-461.8243,-0.258558,0.737608,-0.564455,0.265468,-0.698399,1.992377,-1.524666,-0.422025,0.159715,0.397453,0.794111,2.260588,0.022532
2014,1776148700463,22.385313,-611.8479,96.6465,-462.0423,-0.258897,0.737524,-0.564679,0.264894,-0.69952,1.992734,-1.525718,-0.421945,0.159784,0.397498,0.793424,2.261088,0.022026
2015,1776148700474,22.396424,-611.8477,96.6711,-462.3087,-0.259003,0.737317,-0.565078,0.264513,-0.699943,1.992564,-1.527095,-0.421895,0.159844,0.397503,0.792596,2.261543,0.021498
2016,1776148700485,22.407535,-611.7843,96.603,-462.4929,-0.259362,0.737012,-0.565438,0.264243,-0.70101,1.992013,-1.528279,-0.421742,0.159985,0.397549,0.791311,2.262422,0.020251
2017,1776148700507,22.429045,-611.9253,96.6307,-462.7405,-0.259963,0.736627,-0.56584,0.263866,-0.70277,1.991358,-1.52966,-0.421536,0.160205,0.397604,0.789162,2.263759,0.018391
2018,1776148700518,22.440156,-611.8065,96.7325,-462.6275,-0.260363,0.736608,-0.565987,0.263208,-0.704087,1.991976,-1.530572,-0.42146,0.160255,0.397652,0.788408,2.264266,0.017866
2019,1776148700529,22.451268,-611.8554,96.8593,-462.7794,-0.260508,0.736203,-0.566545,0.262998,-0.704555,1.991096,-1.532246,-0.421389,0.160317,0.397673,0.787639,2.264781,0.01725
2020,1776148700540,22.462379,-611.6061,96.7747,-462.9585,-0.260795,0.736264,-0.566607,0.262409,-0.705544,1.99186,-1.532877,-0.421256,0.160456,0.397728,0.786135,2.265714,0.016218
2021,1776148700551,22.473491,-611.8271,96.9073,-463.0068,-0.261095,0.736047,-0.566887,0.262113,-0.706464,1.991574,-1.533868,-0.42119,0.160511,0.397767,0.785284,2.266247,0.015727
2022,1776148700562,22.484602,-611.7213,96.8311,-463.1933,-0.26129,0.735893,-0.567202,0.261671,-0.707152,1.991609,-1.535066,-0.421114,0.160585,0.3978,0.784599,2.266772,0.015215
2023,1776148700573,22.495713,-611.6728,96.8195,-463.467,-0.261878,0.735743,-0.567322,0.261245,-0.708897,1.991639,-1.535726,-0.42096,0.160726,0.397839,0.782964,2.26776,0.014095
2024,1776148700584,22.506824,-611.5107,96.884,-463.7577,-0.262229,0.735563,-0.567547,0.26091,-0.709968,1.991493,-1.536599,-0.420887,0.160807,0.397863,0.782157,2.268311,0.013533
2025,1776148700595,22.517936,-611.5082,96.9488,-463.5964,-0.262477,0.735339,-0.567921,0.260478,-0.710798,1.991327,-1.537953,-0.420729,0.160943,0.397908,0.780556,2.269412,0.012377
2026,1776148700607,22.529047,-611.372,96.937,-463.8371,-0.262527,0.735149,-0.568461,0.259785,-0.711187,1.991521,-1.539962,-0.420658,0.161005,0.39794,0.779754,2.270029,0.011829
2027,1776148700618,22.540158,-611.4028,96.9488,-463.8807,-0.262901,0.73494,-0.56868,0.259517,-0.712298,1.99123,-1.540768,-0.420592,0.161085,0.397943,0.778935,2.27056,0.011271
2028,1776148700629,22.551269,-611.5683,97.1678,-464.1356,-0.263201,0.734877,-0.56894,0.258821,-0.713365,1.99177,-1.542022,-0.42043,0.161223,0.39801,0.777361,2.271825,0.010118
2029,1776148700640,22.56238,-611.4999,97.1651,-464.308,-0.263621,0.734576,-0.569185,0.258709,-0.714544,1.991068,-1.542777,-0.42034,0.161313,0.398033,0.776616,2.272394,0.009584
2030,1776148700651,22.573492,-611.2997,97.0625,-464.5896,-0.263997,0.734476,-0.569336,0.258278,-0.715723,1.991238,-1.543527,-0.420189,0.16149,0.398052,0.775131,2.27347,0.0083
2031,1776148700662,22.584603,-611.4733,97.149,-464.6523,-0.26445,0.734167,-0.569715,0.257857,-0.717106,1.990832,-1.544887,-0.420108,0.161555,0.398078,0.774235,2.274089,0.00776
2032,1776148700673,22.595714,-611.4404,97.1364,-465.051,-0.26468,0.733953,-0.570052,0.257486,-0.717865,1.990629,-1.546098,-0.420025,0.161654,0.398101,0.773502,2.274649,0.00714
2033,1776148700684,22.606825,-611.4375,97.3692,-465.0767,-0.264888,0.733797,-0.570339,0.257081,-0.718579,1.99062,-1.547197,-0.419859,0.161792,0.398159,0.771936,2.275845,0.006049
2034,1776148700695,22.617937,-611.2861,97.3136,-464.925,-0.265215,0.733721,-0.570496,0.25661,-0.719641,1.990898,-1.548,-0.419775,0.161887,0.398189,0.771301,2.276457,0.005488
2035,1776148700707,22.629048,-611.2384,97.2181,-465.2656,-0.265183,0.733384,-0.571278,0.255867,-0.719831,1.990744,-1.550712,-0.419616,0.162012,0.398226,0.769577,2.27772,0.004252
2036,1776148700718,22.640159,-611.1313,97.208,-465.256,-0.265675,0.733409,-0.571247,0.255354,-0.721355,1.991337,-1.551039,-0.419526,0.162071,0.398253,0.768768,2.278361,0.003691
2037,1776148700729,22.65127,-611.0556,97.1574,-465.3866,-0.266284,0.733123,-0.571534,0.254897,-0.723179,1.991029,-1.552183,-0.419444,0.162141,0.398291,0.768001,2.279042,0.003069
2038,1776148700740,22.662381,-611.0553,97.197,-465.3407,-0.266515,0.732476,-0.572319,0.254754,-0.723858,1.989417,-1.55443,-0.419282,0.162277,0.398333,0.766376,2.280317,0.001869
2039,1776148700751,22.673493,-610.9829,97.247,-465.813,-0.266933,0.732263,-0.572567,0.254373,-0.725138,1.989229,-1.555407,-0.419195,0.162353,0.398364,0.765645,2.280956,0.001171
2040,1776148700762,22.684604,-610.9751,97.1583,-465.9631,-0.267291,0.732379,-0.572581,0.25363,-0.726389,1.990306,-1.55604,-0.419118,0.162423,0.398383,0.764769,2.281594,0.000579
2041,1776148700773,22.695715,-610.9857,97.2879,-466.1309,-0.267364,0.732021,-0.573215,0.253153,-0.726764,1.989824,-1.558148,-0.418968,0.162604,0.398384,0.763139,2.282779,-0.000772
2042,1776148700784,22.706826,-611.1012,97.3236,-466.245,-0.267599,0.73206,-0.573442,0.252277,-0.727734,1.990828,-1.55947,-0.418894,0.162651,0.398445,0.762325,2.283536,-0.001215
2043,1776148700795,22.717937,-611.0128,97.6033,-466.4013,-0.267666,0.731551,-0.574208,0.251939,-0.728043,1.989791,-1.561826,-0.418738,0.162808,0.398476,0.760789,2.284798,-0.002518
2044,1776148700807,22.729049,-611.0342,97.6133,-466.4763,-0.268395,0.731469,-0.574143,0.25155,-0.730172,1.989968,-1.561962,-0.418673,0.162842,0.398502,0.759841,2.285518,-0.003002
2045,1776148700818,22.74016,-610.9772,97.7001,-466.704,-0.268506,0.731448,-0.574453,0.250782,-0.730763,1.990701,-1.563425,-0.418595,0.162907,0.398543,0.759064,2.286232,-0.003583
2046,1776148700829,22.751271,-610.9891,97.8205,-466.8146,-0.268892,0.731383,-0.5746,0.250222,-0.732024,1.9911,-1.564278,-0.418451,0.163052,0.398559,0.757389,2.287534,-0.004792
2047,1776148700840,22.762383,-611.0823,97.9339,-466.9679,-0.269075,0.730791,-0.575344,0.250046,-0.732589,1.989668,-1.566446,-0.418367,0.163146,0.398551,0.756614,2.288118,-0.00556
2048,1776148700851,22.773494,-611.0496,98.1511,-467.0499,-0.269589,0.73068,-0.575614,0.249195,-0.734311,1.990241,-1.56787,-0.418219,0.16329,0.398617,0.755183,2.289531,-0.006684
2049,1776148700862,22.784605,-610.9037,98.0561,-467.2243,-0.269715,0.730346,-0.576043,0.249045,-0.734713,1.989486,-1.569161,-0.418139,0.163357,0.398639,0.754492,2.290224,-0.007315
2050,1776148700873,22.795716,-610.8392,98.0653,-467.2618,-0.270225,0.729941,-0.576488,0.248649,-0.736254,1.988791,-1.570694,-0.418064,0.163425,0.398665,0.753689,2.290922,-0.007909
2051,1776148700884,22.806828,-610.6581,97.9786,-467.4157,-0.270258,0.730016,-0.576703,0.247894,-0.736631,1.989772,-1.571893,-0.417908,0.163594,0.398695,0.752252,2.29225,-0.00929
2052,1776148700895,22.817939,-610.6575,97.9301,-467.5765,-0.270903,0.729609,-0.57696,0.247788,-0.738429,1.988772,-1.572682,-0.417839,0.163652,0.398702,0.751538,2.292896,-0.009925
2053,1776148700907,22.82905,-610.5498,97.9326,-467.7422,-0.270912,0.729334,-0.577517,0.247292,-0.738644,1.988533,-1.574603,-0.417683,0.16377,0.39877,0.750155,2.294351,-0.011167
2054,1776148700918,22.840162,-610.6144,97.9324,-467.7374,-0.271234,0.729167,-0.577838,0.246679,-0.739757,1.98871,-1.57598,-0.417619,0.163833,0.398795,0.749432,2.295119,-0.011831
2055,1776148700929,22.851273,-610.6682,98.0883,-467.9656,-0.271271,0.728828,-0.578513,0.246059,-0.740096,1.988424,-1.578326,-0.417536,0.163906,0.398813,0.748725,2.295808,-0.012535
2056,1776148700940,22.862384,-610.6563,98.0879,-467.933,-0.271524,0.728626,-0.578791,0.245724,-0.740913,1.988217,-1.57936,-0.417397,0.16401,0.398858,0.7473,2.2973,-0.013835
2057,1776148700951,22.873495,-610.6949,98.1529,-468.1409,-0.27186,0.728449,-0.579049,0.245268,-0.742005,1.988206,-1.580439,-0.417317,0.164094,0.39887,0.746646,2.297978,-0.0146
2058,1776148700962,22.884606,-610.6627,98.07,-468.3448,-0.271834,0.728212,-0.579587,0.24473,-0.742143,1.988113,-1.582348,-0.417242,0.164157,0.398915,0.745982,2.298778,-0.015308
2059,1776148700973,22.895718,-610.4705,98.129,-468.5014,-0.272133,0.727822,-0.580143,0.244239,-0.743148,1.987556,-1.584268,-0.41711,0.164304,0.398926,0.744609,2.300191,-0.016788
2060,1776148700984,22.906829,-610.5417,98.1865,-468.7333,-0.272407,0.727725,-0.580254,0.243958,-0.744006,1.98758,-1.584804,-0.41704,0.164361,0.398937,0.743786,2.300931,-0.017545
2061,1776148700995,22.91794,-610.5212,98.4221,-468.9132,-0.272686,0.727482,-0.580682,0.243353,-0.745001,1.98754,-1.586472,-0.416906,0.164473,0.398967,0.742448,2.302458,-0.018856
2062,1776148701007,22.929052,-610.4815,98.3771,-469.127,-0.272568,0.727187,-0.581368,0.24273,-0.744919,1.987379,-1.588858,-0.41683,0.164554,0.399003,0.74181,2.303283,-0.019614
2063,1776148701018,22.940163,-610.4513,98.3127,-469.3918,-0.272662,0.7267,-0.582184,0.242123,-0.745413,1.986675,-1.591593,-0.416765,0.164599,0.399023,0.74101,2.30408,-0.020342
2064,1776148701029,22.951274,-610.4592,98.5011,-469.131,-0.273233,0.726679,-0.581965,0.242072,-0.746991,1.986669,-1.591036,-0.416628,0.164717,0.399067,0.73965,2.305693,-0.02178
2065,1776148701040,22.962385,-610.3467,98.4287,-469.3628,-0.272938,0.726271,-0.582946,0.241268,-0.746498,1.986384,-1.594383,-0.41658,0.164784,0.399059,0.738759,2.306472,-0.022568
2066,1776148701051,22.973497,-610.2835,98.413,-469.6083,-0.273385,0.726494,-0.582762,0.240531,-0.748007,1.987756,-1.594492,-0.416426,0.164911,0.399115,0.737431,2.308163,-0.024074
2067,1776148701062,22.984608,-610.3342,98.5214,-469.5097,-0.273405,0.726037,-0.583523,0.240043,-0.748251,1.987012,-1.596981,-0.416352,0.16496,0.399157,0.736741,2.309037,-0.024723
2068,1776148701073,22.995719,-610.361,98.6179,-469.5501,-0.273487,0.725659,-0.584065,0.239775,-0.748581,1.986255,-1.598685,-0.416288,0.165013,0.399158,0.735912,2.309819,-0.025474
2069,1776148701084,23.00683,-610.2983,98.3981,-469.6169,-0.273801,0.725579,-0.584322,0.239031,-0.749732,1.986805,-1.60001,-0.416159,0.165132,0.399219,0.734546,2.311552,-0.026917
2070,1776148701095,23.017942,-610.216,98.6764,-469.7757,-0.273843,0.725412,-0.58471,0.238539,-0.750038,1.986858,-1.601484,-0.416101,0.165203,0.39923,0.733956,2.312352,-0.02766
2071,1776148701107,23.029053,-610.1398,98.8114,-469.9739,-0.274327,0.724984,-0.585085,0.238367,-0.75143,1.985862,-1.602652,-0.415969,0.16531,0.399326,0.732716,2.314132,-0.029031
2072,1776148701118,23.040164,-610.1849,98.7791,-470.0875,-0.274267,0.725003,-0.585469,0.237434,-0.751634,1.98688,-1.604485,-0.415918,0.165365,0.399341,0.732027,2.314963,-0.029819
2073,1776148701129,23.051275,-610.1325,98.719,-470.2014,-0.274573,0.724755,-0.585786,0.237053,-0.75262,1.986597,-1.605675,-0.415862,0.165423,0.399348,0.731355,2.315715,-0.030575
2074,1776148701140,23.062386,-610.1166,98.7354,-470.4754,-0.274359,0.724303,-0.586688,0.236453,-0.752268,1.985979,-1.608649,-0.415733,0.16551,0.399431,0.73014,2.317461,-0.032025
2075,1776148701151,23.073497,-609.9811,98.9798,-470.5498,-0.274316,0.72429,-0.586979,0.23582,-0.7524,1.986599,-1.609979,-0.415666,0.165571,0.399455,0.729534,2.318251,-0.032755
2076,1776148701162,23.084608,-610.0319,99.0362,-470.6865,-0.27456,0.723868,-0.587501,0.235531,-0.753184,1.985742,-1.611656,-0.415609,0.165615,0.399487,0.728916,2.319106,-0.033487
2077,1776148701173,23.09572,-609.9919,99.0979,-470.7524,-0.274749,0.723617,-0.587963,0.234929,-0.75394,1.985679,-1.613429,-0.415477,0.165723,0.399544,0.727619,2.32079,-0.034959
2078,1776148701184,23.106831,-609.967,99.1116,-470.7611,-0.275079,0.723637,-0.588091,0.234159,-0.755148,1.986535,-1.614432,-0.415404,0.165791,0.399583,0.727033,2.321655,-0.035718
2079,1776148701195,23.117942,-609.8004,99.1856,-470.8582,-0.274982,0.723362,-0.588725,0.23353,-0.755131,1.986431,-1.616703,-0.415274,0.165906,0.399616,0.725627,2.323334,-0.037236
2080,1776148701207,23.129053,-609.8525,99.1396,-470.8884,-0.275007,0.722888,-0.589414,0.233229,-0.755318,1.985442,-1.618851,-0.415218,0.165947,0.399634,0.724964,2.32416,-0.037959
2081,1776148701218,23.140164,-609.7869,99.1698,-471.0247,-0.275443,0.72283,-0.589458,0.232784,-0.756693,1.985746,-1.619348,-0.415142,0.166018,0.39967,0.724428,2.325017,-0.038685
2082,1776148701229,23.151276,-609.7481,99.2045,-471.0959,-0.275674,0.722651,-0.589851,0.232068,-0.757611,1.985999,-1.621035,-0.415008,0.166113,0.399707,0.723055,2.326743,-0.040225
2083,1776148701240,23.162387,-609.9092,99.3423,-471.202,-0.275586,0.722211,-0.590512,0.231862,-0.757451,1.985003,-1.623027,-0.414955,0.166156,0.399721,0.722371,2.327597,-0.040988
2084,1776148701251,23.173498,-609.7245,99.3438,-471.3652,-0.275594,0.722202,-0.590906,0.230871,-0.757867,1.986013,-1.624956,-0.414807,0.166258,0.399787,0.721131,2.329418,-0.042443
2085,1776148701262,23.184609,-609.813,99.4143,-471.5634,-0.275707,0.721722,-0.591521,0.230663,-0.758259,1.984908,-1.626825,-0.414734,0.166312,0.399823,0.72058,2.33034,-0.043177
2086,1776148701273,23.195721,-609.69,99.4565,-471.5201,-0.275942,0.721634,-0.591779,0.229996,-0.759171,1.985359,-1.628103,-0.414663,0.166365,0.399845,0.72001,2.331216,-0.043857
2087,1776148701284,23.206832,-609.5655,99.4268,-471.603,-0.276119,0.721406,-0.592193,0.229433,-0.759884,1.985318,-1.629722,-0.41453,0.166468,0.39986,0.71861,2.332958,-0.045346
2088,1776148701295,23.217943,-609.475,99.5297,-471.894,-0.276114,0.721292,-0.592613,0.228709,-0.760159,1.985761,-1.631499,-0.414456,0.166529,0.399889,0.718018,2.333837,-0.046081
2089,1776148701307,23.229055,-609.5344,99.6198,-471.9482,-0.275985,0.72073,-0.593473,0.22841,-0.759924,1.984524,-1.634123,-0.414309,0.166615,0.399979,0.716806,2.335741,-0.047324
2090,1776148701318,23.240166,-609.5274,99.7975,-472.3041,-0.276102,0.721003,-0.593451,0.227463,-0.760624,1.986263,-1.634875,-0.414228,0.166683,0.399994,0.716256,2.336593,-0.048006
2091,1776148701329,23.251277,-609.597,99.9621,-472.2443,-0.276365,0.720821,-0.593789,0.226837,-0.761597,1.986416,-1.636347,-0.414146,0.166732,0.400055,0.715726,2.337544,-0.048629
2092,1776148701340,23.262388,-609.3951,99.8641,-472.4969,-0.276376,0.720473,-0.594291,0.226615,-0.761717,1.985688,-1.63792,-0.413988,0.166867,0.400108,0.714611,2.339269,-0.050012
2093,1776148701351,23.2735,-609.3837,99.9052,-472.7429,-0.27641,0.720123,-0.59495,0.225954,-0.762077,1.985415,-1.640309,-0.413911,0.166951,0.400146,0.713993,2.340153,-0.050737
2094,1776148701362,23.284611,-609.2589,99.8606,-472.5332,-0.276587,0.720149,-0.595038,0.225422,-0.762778,1.986045,-1.641009,-0.413825,0.167019,0.400183,0.713419,2.341008,-0.051419
2095,1776148701373,23.295722,-609.2854,99.9169,-472.5925,-0.276541,0.719954,-0.595554,0.224739,-0.762925,1.98622,-1.643023,-0.41366,0.167133,0.400262,0.712286,2.342731,-0.052707
2096,1776148701384,23.306833,-609.1241,100.0891,-472.8396,-0.276419,0.719669,-0.596132,0.224266,-0.76278,1.985928,-1.645028,-0.41358,0.167205,0.400295,0.711744,2.343572,-0.053314
2097,1776148701395,23.317944,-609.1594,100.2042,-473.0577,-0.276784,0.719453,-0.596408,0.223777,-0.763984,1.985843,-1.646214,-0.413426,0.167312,0.40035,0.710586,2.345213,-0.054535
2098,1776148701407,23.329056,-609.0445,100.0314,-473.2388,-0.276834,0.719439,-0.596637,0.223145,-0.764377,1.986469,-1.647395,-0.413334,0.167382,0.400383,0.709994,2.345988,-0.055156
2099,1776148701418,23.340167,-609.0128,100.0195,-473.4633,-0.276909,0.719214,-0.597132,0.222454,-0.764863,1.986572,-1.649363,-0.413256,0.167432,0.400397,0.70931,2.346794,-0.055817
2100,1776148701429,23.351278,-608.8748,100.1229,-473.4745,-0.276977,0.719022,-0.597438,0.222168,-0.765166,1.986341,-1.650459,-0.413074,0.167575,0.400443,0.708169,2.348325,-0.057058
2101,1776148701440,23.36239,-608.8174,100.2315,-473.821,-0.277261,0.718755,-0.597842,0.221591,-0.766182,1.986207,-1.652078,-0.412985,0.167626,0.400479,0.707504,2.349166,-0.057598
2102,1776148701451,23.373501,-608.7816,100.2184,-473.9377,-0.277408,0.718615,-0.598099,0.221168,-0.766759,1.986264,-1.653156,-0.412788,0.167761,0.400553,0.706345,2.350822,-0.058737
2103,1776148701462,23.384612,-608.7512,100.2693,-474.0478,-0.277297,0.718527,-0.598561,0.220342,-0.766788,1.986887,-1.655155,-0.412713,0.167815,0.400563,0.705594,2.351577,-0.059258
2104,1776148701473,23.395723,-608.7912,100.3696,-474.2549,-0.277649,0.718249,-0.598761,0.22026,-0.767796,1.986206,-1.655782,-0.412595,0.167897,0.400614,0.705071,2.352403,-0.059835
2105,1776148701484,23.406835,-608.7271,100.3138,-474.4301,-0.277561,0.718057,-0.599317,0.219482,-0.767868,1.986493,-1.658,-0.412409,0.168036,0.400634,0.703761,2.353836,-0.060919
2106,1776148701495,23.417946,-608.6089,100.3843,-474.5974,-0.277665,0.71783,-0.599744,0.218929,-0.76838,1.986445,-1.659667,-0.412299,0.168102,0.400651,0.703104,2.354578,-0.061478
2107,1776148701507,23.429057,-608.4998,100.4374,-474.8161,-0.277728,0.717422,-0.600303,0.218653,-0.768668,1.985606,-1.661458,-0.412094,0.168243,0.400716,0.701833,2.356077,-0.062532
2108,1776148701518,23.440169,-608.3703,100.5318,-474.9138,-0.278084,0.71738,-0.600327,0.21827,-0.769809,1.985893,-1.66186,-0.412002,0.168285,0.400733,0.701051,2.356771,-0.063
2109,1776148701529,23.45128,-608.3235,100.6462,-474.994,-0.278167,0.717237,-0.600676,0.217677,-0.770279,1.986119,-1.663348,-0.411899,0.168341,0.40076,0.700341,2.357497,-0.063488
2110,1776148701540,23.462391,-608.4078,100.7938,-475.0428,-0.278476,0.717313,-0.600646,0.217111,-0.771366,1.986928,-1.663765,-0.411702,0.168458,0.400812,0.698896,2.358916,-0.064409
2111,1776148701551,23.473502,-608.3509,100.9301,-475.3385,-0.278384,0.717095,-0.601214,0.216376,-0.771413,1.987098,-1.665986,-0.411604,0.168527,0.400834,0.698139,2.359567,-0.064931
2112,1776148701562,23.484614,-608.2459,100.8206,-475.3281,-0.278729,0.717247,-0.601079,0.215805,-0.772602,1.98812,-1.666115,-0.4115,0.168608,0.400852,0.697484,2.360243,-0.065448
2113,1776148701573,23.495725,-608.2404,100.935,-475.4225,-0.279075,0.716583,-0.601678,0.215894,-0.773524,1.986185,-1.667698,-0.411308,0.168746,0.400876,0.695903,2.361481,-0.066348
2114,1776148701584,23.506836,-607.9863,100.8226,-475.7061,-0.278948,0.716566,-0.601995,0.215228,-0.773447,1.98684,-1.669168,-0.411206,0.168796,0.400913,0.695231,2.362132,-0.066723
2115,1776148701595,23.517947,-607.9263,101.0268,-475.8203,-0.279331,0.716476,-0.602103,0.214729,-0.774714,1.987118,-1.669907,-0.410997,0.168958,0.400974,0.693787,2.363407,-0.067584
2116,1776148701607,23.529058,-607.8276,100.9144,-476.1269,-0.279393,0.716446,-0.602372,0.213991,-0.77519,1.987812,-1.671309,-0.410904,0.169031,0.401011,0.693089,2.364059,-0.067968
2117,1776148701618,23.540169,-607.8007,101.0833,-476.0804,-0.279663,0.716095,-0.60274,0.21378,-0.776024,1.987062,-1.672516,-0.410792,0.169119,0.401045,0.692382,2.364683,-0.068385
2118,1776148701629,23.551281,-607.9025,101.2318,-476.3763,-0.280002,0.7163,-0.60246,0.213437,-0.777106,1.987994,-1.672045,-0.410597,0.169236,0.401128,0.690916,2.365939,-0.069048
2119,1776148701640,23.562392,-607.8621,101.2716,-476.6026,-0.279966,0.716026,-0.603048,0.212741,-0.777296,1.987967,-1.674297,-0.410479,0.16931,0.401204,0.690252,2.366655,-0.069441
2120,1776148701651,23.573503,-607.7529,101.2264,-476.812,-0.279989,0.71594,-0.603368,0.212091,-0.777626,1.988416,-1.675764,-0.410256,0.169474,0.4013,0.688846,2.367921,-0.07011
2121,1776148701662,23.584615,-607.6368,101.2245,-476.8851,-0.28042,0.715992,-0.603224,0.211757,-0.778962,1.988914,-1.675662,-0.410131,0.16954,0.401353,0.688153,2.368532,-0.070474
2122,1776148701673,23.595726,-607.6314,101.2194,-477.1429,-0.280506,0.715822,-0.603596,0.211157,-0.779451,1.989076,-1.67723,-0.410024,0.169604,0.401386,0.687321,2.369168,-0.070858
2123,1776148701684,23.606837,-607.4086,101.2641,-477.1978,-0.280619,0.715716,-0.603843,0.21066,-0.779972,1.989307,-1.67836,-0.409786,0.169741,0.401482,0.685795,2.370423,-0.071605
2124,1776148701695,23.617948,-607.3619,101.5116,-477.5522,-0.281058,0.715713,-0.603795,0.210223,-0.781373,1.989762,-1.678619,-0.409674,0.169822,0.40151,0.685069,2.370987,-0.071932
2125,1776148701707,23.62906,-607.1813,101.3362,-477.649,-0.281283,0.715414,-0.60411,0.210036,-0.782075,1.989129,-1.679661,-0.409447,0.169962,0.401563,0.68343,2.372048,-0.072646
2126,1776148701718,23.640171,-607.0828,101.6532,-477.8202,-0.281566,0.715374,-0.604242,0.209409,-0.783124,1.989683,-1.680589,-0.409317,0.170033,0.401605,0.682586,2.372644,-0.072927
2127,1776148701729,23.651282,-606.8958,101.6181,-477.9361,-0.281609,0.715099,-0.604645,0.209127,-0.783363,1.989219,-1.681963,-0.409199,0.170109,0.401661,0.681795,2.373266,-0.073281
2128,1776148701740,23.662393,-607.1073,101.692,-478.0258,-0.282024,0.71531,-0.604435,0.208451,-0.7848,1.990521,-1.681986,-0.408964,0.170245,0.401719,0.680259,2.37427,-0.073831
2129,1776148701751,23.673505,-606.9785,101.6248,-478.173,-0.282121,0.715092,-0.604787,0.208048,-0.785239,1.990343,-1.683327,-0.408839,0.170322,0.401756,0.679471,2.374796,-0.074226
2130,1776148701762,23.684616,-607.173,101.875,-478.1456,-0.282653,0.714732,-0.605059,0.207774,-0.786835,1.989631,-1.684329,-0.408839,0.170322,0.401756,0.679471,2.374796,-0.074226
2131,1776148701773,23.695727,-606.7405,102.1284,-478.4844,-0.282842,0.714864,-0.604969,0.207322,-0.787551,1.99048,-1.684487,-0.408479,0.170538,0.401891,0.677045,2.37637,-0.075135
2132,1776148701784,23.706838,-606.6321,102.2501,-478.6657,-0.2829,0.714627,-0.605427,0.206721,-0.787963,1.990459,-1.686303,-0.408354,0.170594,0.401935,0.676242,2.376865,-0.075513
2133,1776148701795,23.717949,-606.3773,102.3013,-478.8024,-0.283339,0.714736,-0.605228,0.206328,-0.789354,1.991179,-1.6861,-0.408125,0.170707,0.402049,0.674635,2.3779,-0.075975
2134,1776148701807,23.729061,-606.3876,102.2867,-478.9918,-0.283627,0.714319,-0.605645,0.206151,-0.790229,1.990206,-1.687425,-0.408002,0.170776,0.402086,0.67382,2.378355,-0.076318
2135,1776148701818,23.740172,-606.3318,102.3294,-479.3148,-0.283757,0.71446,-0.605656,0.205449,-0.790889,1.991346,-1.688087,-0.407896,0.17082,0.402131,0.672908,2.378854,-0.076524
2136,1776148701829,23.751283,-606.1898,102.4766,-479.3748,-0.284074,0.714283,-0.605842,0.205079,-0.79193,1.991247,-1.68894,-0.407641,0.170988,0.402213,0.671424,2.37974,-0.077147
2137,1776148701840,23.762394,-606.1658,102.5807,-479.5708,-0.284241,0.714297,-0.605907,0.204605,-0.792597,1.991791,-1.689549,-0.40752,0.171061,0.402248,0.670591,2.380144,-0.077491
2138,1776148701851,23.773506,-606.1576,102.5789,-479.7921,-0.284579,0.71408,-0.606063,0.204431,-0.793612,1.991372,-1.69014,-0.407283,0.171206,0.402341,0.669037,2.381022,-0.07804
2139,1776148701862,23.784617,-606.0747,102.7452,-479.8929,-0.284861,0.714011,-0.60617,0.203961,-0.794599,1.991679,-1.690866,-0.407157,0.171275,0.402389,0.668266,2.381488,-0.078285
2140,1776148701873,23.795728,-606.0254,102.7038,-480.1672,-0.285089,0.713759,-0.606449,0.203695,-0.795348,1.991261,-1.691886,-0.407041,0.171337,0.402418,0.667473,2.381852,-0.078583
2141,1776148701884,23.806839,-606.1336,102.8079,-480.2198,-0.285408,0.7136,-0.606555,0.203491,-0.796324,1.991034,-1.692366,-0.406798,0.171499,0.402495,0.665973,2.382652,-0.079241
2142,1776148701895,23.81795,-605.9717,102.9078,-480.4454,-0.285478,0.713666,-0.606674,0.202803,-0.796814,1.991953,-1.693321,-0.406681,0.17156,0.402536,0.66517,2.383028,-0.079538
2143,1776148701907,23.829062,-605.7833,102.922,-480.654,-0.285812,0.713445,-0.606772,0.202819,-0.797739,1.991318,-1.693579,-0.406442,0.171673,0.402628,0.663735,2.383854,-0.080124
2144,1776148701918,23.840173,-605.6867,102.9134,-480.8248,-0.286084,0.713352,-0.606961,0.202193,-0.798766,1.991728,-1.694677,-0.406316,0.171734,0.402676,0.662985,2.384259,-0.080469
2145,1776148701929,23.851285,-605.5488,103.0356,-480.9915,-0.286384,0.713269,-0.607066,0.201746,-0.799795,1.991974,-1.695377,-0.406196,0.171774,0.402727,0.662205,2.384677,-0.080764
2146,1776148701940,23.862396,-605.4944,103.1035,-481.1876,-0.2864,0.713198,-0.607272,0.201356,-0.800006,1.99219,-1.696306,-0.40596,0.171891,0.402787,0.660635,2.3854,-0.081533
2147,1776148701951,23.873507,-605.5242,103.1358,-481.4925,-0.286658,0.713122,-0.607361,0.200991,-0.800885,1.992368,-1.696887,-0.405837,0.171947,0.402831,0.65985,2.385781,-0.081816
2148,1776148701962,23.884619,-605.4678,103.0193,-481.5229,-0.286908,0.712724,-0.607752,0.200865,-0.801638,1.99139,-1.698092,-0.405711,0.172032,0.402865,0.659118,2.38613,-0.082241
2149,1776148701973,23.89573,-605.3356,103.0514,-481.794,-0.2874,0.712649,-0.607641,0.200761,-0.803057,1.991293,-1.697879,-0.40547,0.172178,0.402907,0.657681,2.386758,-0.083032
2150,1776148701984,23.906841,-605.0648,103.0928,-481.733,-0.287576,0.712459,-0.60797,0.200188,-0.803796,1.991374,-1.699321,-0.405365,0.172235,0.402925,0.656914,2.387069,-0.083455
2151,1776148701995,23.917952,-605.0644,103.2122,-481.9436,-0.287923,0.712428,-0.60793,0.199921,-0.804882,1.991573,-1.699452,-0.405155,0.17231,0.403011,0.655275,2.387808,-0.084156
2152,1776148702007,23.929063,-604.819,103.2823,-482.0965,-0.288053,0.712556,-0.607928,0.19928,-0.805521,1.992618,-1.700032,-0.405036,0.172377,0.403072,0.654615,2.388189,-0.084564
2153,1776148702018,23.940175,-604.9423,103.2689,-482.2455,-0.288238,0.71229,-0.608236,0.199023,-0.806151,1.992149,-1.701127,-0.404927,0.17245,0.403078,0.65391,2.388461,-0.085046
2154,1776148702029,23.951286,-604.8848,103.4243,-482.2139,-0.288567,0.712289,-0.608212,0.198624,-0.807244,1.992574,-1.701425,-0.404728,0.172563,0.403122,0.652421,2.389017,-0.085864
2155,1776148702040,23.962397,-604.825,103.5969,-482.3888,-0.288834,0.711962,-0.608494,0.198544,-0.808025,1.991744,-1.702287,-0.40462,0.172612,0.403193,0.651757,2.389465,-0.086245
2156,1776148702051,23.973508,-604.6584,103.5429,-482.5859,-0.288924,0.711878,-0.608712,0.198048,-0.808493,1.992039,-1.703352,-0.40441,0.172733,0.403258,0.650346,2.390095,-0.087195
2157,1776148702062,23.984619,-604.6958,103.64,-482.4055,-0.289489,0.711629,-0.608676,0.19823,-0.809993,1.991147,-1.703083,-0.404321,0.172774,0.403273,0.649618,2.390301,-0.087473
2158,1776148702073,23.995731,-604.5646,103.7484,-482.6141,-0.289485,0.711463,-0.608991,0.197863,-0.810141,1.991075,-1.704301,-0.404217,0.172819,0.403311,0.648972,2.390624,-0.087865
2159,1776148702084,24.006842,-604.4412,103.6329,-483.0444,-0.289886,0.711333,-0.609026,0.197635,-0.811364,1.990956,-1.704607,-0.404006,0.172947,0.403355,0.647743,2.391084,-0.088674
2160,1776148702095,24.017953,-604.4736,103.7011,-483.3134,-0.28984,0.711195,-0.60937,0.197137,-0.811452,1.991104,-1.706028,-0.403905,0.172997,0.403389,0.647085,2.391431,-0.089097
2161,1776148702107,24.029064,-604.2734,103.5747,-483.3926,-0.290465,0.710734,-0.60961,0.197137,-0.813203,1.989813,-1.706702,-0.403685,0.173118,0.403464,0.645794,2.391959,-0.090012
2162,1776148702118,24.040175,-604.3354,103.7883,-483.4955,-0.290487,0.710811,-0.609717,0.196494,-0.813546,1.990719,-1.707592,-0.403583,0.173164,0.403503,0.6452,2.392289,-0.090331
2163,1776148702129,24.051287,-604.1424,103.788,-483.7442,-0.29081,0.710816,-0.609692,0.196077,-0.814633,1.991178,-1.707904,-0.403486,0.173204,0.403543,0.64458,2.392487,-0.09061
2164,1776148702140,24.062398,-604.0853,103.838,-483.6972,-0.291243,0.71071,-0.609593,0.196125,-0.815825,1.99083,-1.707584,-0.403281,0.173278,0.40363,0.643393,2.393134,-0.091384
2165,1776148702151,24.073509,-603.7238,103.4872,-483.7054,-0.291426,0.710367,-0.610029,0.19574,-0.816508,1.990282,-1.709158,-0.403174,0.173342,0.403649,0.642818,2.393282,-0.091818
2166,1776148702162,24.08462,-603.6299,103.413,-483.86,-0.291262,0.710364,-0.610304,0.195137,-0.816312,1.990921,-1.710485,-0.403068,0.173403,0.403695,0.642312,2.393601,-0.092214
2167,1776148702173,24.095732,-603.5486,103.7941,-484.0121,-0.29178,0.710121,-0.610452,0.194786,-0.817919,1.990615,-1.711223,-0.402875,0.173461,0.403761,0.640942,2.394125,-0.093043
2168,1776148702184,24.106843,-603.7042,103.8822,-484.3518,-0.291873,0.710148,-0.610507,0.194373,-0.818362,1.991137,-1.71176,-0.402767,0.173499,0.403803,0.640355,2.39445,-0.093427
2169,1776148702195,24.117954,-603.7372,103.8676,-484.587,-0.292453,0.709521,-0.610836,0.194759,-0.819817,1.988964,-1.712325,-0.40259,0.173587,0.403805,0.639061,2.394804,-0.094388
2170,1776148702207,24.129065,-603.6882,104.2266,-484.3237,-0.292551,0.709578,-0.610895,0.194218,-0.820331,1.989704,-1.71299,-0.402487,0.173624,0.403833,0.638484,2.395073,-0.094795
2171,1776148702218,24.140176,-603.5773,104.0295,-484.5493,-0.292849,0.709421,-0.61096,0.194138,-0.821203,1.989349,-1.713246,-0.402392,0.173664,0.403848,0.637905,2.395261,-0.095185
2172,1776148702229,24.151288,-603.4371,104.3363,-484.6859,-0.292932,0.709436,-0.611096,0.193527,-0.821706,1.990047,-1.714194,-0.402195,0.173735,0.403899,0.636717,2.395771,-0.096087
2173,1776148702240,24.162399,-603.2337,104.3286,-484.7401,-0.29332,0.70925,-0.611175,0.193375,-0.822862,1.989687,-1.714554,-0.402105,0.173769,0.403895,0.63608,2.395913,-0.096496
2174,1776148702251,24.17351,-603.2525,104.3575,-484.9728,-0.293352,0.709027,-0.611563,0.192913,-0.823158,1.98956,-1.716072,-0.4019,0.173836,0.403968,0.63496,2.396483,-0.097416
2175,1776148702262,24.184621,-603.2022,104.1766,-485.1392,-0.293789,0.708912,-0.611481,0.192931,-0.824376,1.989218,-1.715824,-0.40181,0.173851,0.404008,0.63433,2.39674,-0.097801
2176,1776148702273,24.195733,-603.1484,104.4834,-485.0017,-0.293925,0.708651,-0.611801,0.19267,-0.824873,1.988766,-1.716963,-0.401708,0.173897,0.404041,0.633855,2.397003,-0.098291
2177,1776148702284,24.206844,-603.1211,104.5119,-485.1495,-0.294283,0.708507,-0.611884,0.19239,-0.826002,1.988661,-1.717457,-0.401523,0.173976,0.404078,0.632751,2.397394,-0.099223
2178,1776148702295,24.217955,-602.8031,104.5035,-485.3232,-0.294419,0.708054,-0.612388,0.192245,-0.82645,1.987545,-1.719007,-0.401419,0.174004,0.404132,0.632216,2.397716,-0.099722
2179,1776148702307,24.229067,-602.804,104.6627,-485.4395,-0.294601,0.707937,-0.61254,0.191913,-0.827109,1.987575,-1.71974,-0.401231,0.174095,0.404154,0.631098,2.398139,-0.100729
2180,1776148702318,24.240178,-602.6136,104.3673,-485.594,-0.294554,0.707648,-0.613019,0.191522,-0.827154,1.987182,-1.72145,-0.401146,0.17412,0.40418,0.630418,2.398421,-0.101286
2181,1776148702329,24.251289,-602.8051,104.3516,-485.6015,-0.295101,0.707489,-0.613013,0.191283,-0.828796,1.986993,-1.721657,-0.401038,0.174183,0.404218,0.629981,2.398655,-0.101818
2182,1776148702340,24.2624,-602.7986,104.7893,-485.6865,-0.295398,0.70757,-0.612813,0.19117,-0.829679,1.98734,-1.721199,-0.400879,0.174248,0.404235,0.628785,2.399126,-0.102939
2183,1776148702351,24.273512,-602.8166,104.9466,-486.0766,-0.295635,0.707171,-0.613188,0.191076,-0.830387,1.986321,-1.722341,-0.40078,0.174304,0.404277,0.628325,2.399381,-0.103539
2184,1776148702362,24.284623,-602.5049,104.6822,-486.3593,-0.296,0.707053,-0.613211,0.190874,-0.831504,1.986207,-1.722593,-0.4007,0.174332,0.4043,0.627783,2.399594,-0.104035
2185,1776148702373,24.295734,-602.3652,104.9447,-486.2026,-0.296149,0.706626,-0.613707,0.190628,-0.832033,1.985273,-1.724214,-0.400515,0.174442,0.40434,0.626755,2.400069,-0.105299
2186,1776148702384,24.306846,-602.2281,104.9443,-486.4129,-0.29628,0.706458,-0.613935,0.190314,-0.832542,1.985138,-1.725148,-0.40042,0.174478,0.404388,0.626242,2.400408,-0.10582
2187,1776148702395,24.317957,-601.9276,104.4312,-486.3159,-0.296415,0.706312,-0.6142,0.18979,-0.833158,1.98529,-1.726382,-0.400229,0.174565,0.404449,0.625238,2.40107,-0.106975
2188,1776148702407,24.329068,-602.118,104.7643,-486.3773,-0.296721,0.706049,-0.614365,0.189757,-0.834032,1.984585,-1.726878,-0.400139,0.174597,0.404474,0.624676,2.401378,-0.107566
2189,1776148702418,24.340179,-602.084,105.0762,-486.6443,-0.297013,0.705876,-0.614496,0.189518,-0.834963,1.984356,-1.72747,-0.400046,0.174624,0.404487,0.624064,2.401651,-0.108222
2190,1776148702429,24.35129,-601.9572,105.0696,-486.6588,-0.297195,0.705545,-0.614851,0.189314,-0.835567,1.983643,-1.728658,-0.399869,0.174704,0.404538,0.623039,2.402303,-0.109461
2191,1776148702440,24.362402,-601.9148,104.9739,-486.8002,-0.297443,0.705334,-0.615081,0.188964,-0.836421,1.983427,-1.729634,-0.399788,0.174705,0.404575,0.622458,2.402662,-0.109991
2192,1776148702451,24.373513,-601.5333,104.9495,-486.8622,-0.297289,0.705067,-0.615616,0.188461,-0.836216,1.983217,-1.731608,-0.399613,0.17478,0.404642,0.621444,2.403329,-0.11131
2193,1776148702462,24.384624,-601.5164,105.022,-487.0563,-0.297683,0.704519,-0.616033,0.188526,-0.837294,1.981605,-1.73272,-0.399531,0.174805,0.404662,0.620943,2.403627,-0.111998
2194,1776148702473,24.395735,-601.5806,105.1957,-487.2859,-0.297895,0.704344,-0.616197,0.188307,-0.83799,1.98135,-1.733387,-0.399445,0.17485,0.404664,0.620406,2.403859,-0.112698
2195,1776148702484,24.406846,-601.6987,105.0256,-487.3423,-0.298339,0.704189,-0.616263,0.18797,-0.839392,1.981274,-1.73389,-0.399285,0.174923,0.404689,0.619362,2.404469,-0.114163
2196,1776148702495,24.417958,-601.7183,105.2823,-487.6348,-0.298496,0.703912,-0.61653,0.187881,-0.839876,1.980591,-1.734725,-0.399206,0.174946,0.404725,0.618879,2.404833,-0.114819
2197,1776148702507,24.429069,-601.791,105.1559,-487.5367,-0.298368,0.703648,-0.617006,0.18751,-0.839685,1.980245,-1.736415,-0.39903,0.175016,0.404782,0.617913,2.405516,-0.116276
2198,1776148702518,24.44018,-601.6866,105.3364,-487.4044,-0.29864,0.703513,-0.617153,0.187101,-0.840635,1.980304,-1.737211,-0.398929,0.175055,0.404829,0.61748,2.405937,-0.117015
2199,1776148702529,24.451291,-601.4645,105.2303,-487.5355,-0.298969,0.7032,-0.617331,0.187162,-0.841534,1.979358,-1.737657,-0.398855,0.175101,0.404838,0.616992,2.406297,-0.117793
2200,1776148702540,24.462402,-601.3304,105.2392,-487.8851,-0.298915,0.702922,-0.61776,0.186878,-0.841511,1.97888,-1.739132,-0.398688,0.175146,0.404899,0.616004,2.407005,-0.119195
2201,1776148702551,24.473514,-601.1631,105.2449,-488.0129,-0.299355,0.702608,-0.618041,0.186423,-0.84296,1.978487,-1.740351,-0.398619,0.175182,0.40492,0.615392,2.407374,-0.120009
2202,1776148702562,24.484625,-601.1105,105.2791,-488.013,-0.299238,0.701976,-0.618795,0.186492,-0.842597,1.976633,-1.74241,-0.398531,0.175213,0.404939,0.614873,2.407751,-0.120819
2203,1776148702573,24.495736,-601.0989,105.1613,-488.3853,-0.299776,0.701798,-0.618803,0.186271,-0.844214,1.976368,-1.742643,-0.398376,0.175283,0.404974,0.61391,2.408466,-0.122391
2204,1776148702584,24.506847,-601.1069,105.2653,-488.2209,-0.299659,0.701792,-0.619046,0.185671,-0.844159,1.976996,-1.743894,-0.398299,0.175321,0.405001,0.613453,2.408891,-0.123172
2205,1776148702595,24.517958,-601.179,105.2656,-488.5155,-0.300353,0.701366,-0.619114,0.185932,-0.845995,1.975516,-1.743839,-0.398148,0.175369,0.405044,0.612393,2.409637,-0.124795
2206,1776148702607,24.52907,-600.8569,105.4397,-488.2742,-0.300164,0.701382,-0.619462,0.185019,-0.845882,1.976539,-1.745682,-0.398071,0.175393,0.405087,0.611876,2.410114,-0.125457
2207,1776148702618,24.540181,-600.6395,105.5423,-488.3679,-0.300056,0.700659,-0.620366,0.184904,-0.845629,1.974626,-1.748342,-0.397973,0.17542,0.40515,0.6114,2.41056,-0.126269
2208,1776148702629,24.551292,-600.5126,105.4931,-488.412,-0.300485,0.700657,-0.62032,0.184369,-0.847085,1.975194,-1.74872,-0.397824,0.175461,0.405187,0.610369,2.411345,-0.127932
2209,1776148702640,24.562404,-600.4604,105.635,-488.3941,-0.300936,0.700234,-0.62058,0.184362,-0.848361,1.974011,-1.74946,-0.397734,0.175503,0.405199,0.609809,2.411667,-0.128809
2210,1776148702651,24.573515,-600.428,105.6963,-488.6003,-0.301199,0.700027,-0.62075,0.184151,-0.849199,1.973651,-1.750139,-0.397583,0.175545,0.405246,0.608617,2.412484,-0.130496
2211,1776148702662,24.584626,-600.4442,105.6115,-488.6387,-0.300957,0.699454,-0.621629,0.183756,-0.848699,1.97246,-1.752993,-0.397495,0.175569,0.405278,0.608082,2.412893,-0.131348
2212,1776148702673,24.595737,-600.4407,105.5547,-488.7775,-0.301504,0.69929,-0.621588,0.183626,-0.8503,1.972136,-1.753001,-0.397411,0.175617,0.405281,0.607567,2.413277,-0.132277
2213,1776148702684,24.606848,-600.29,105.3617,-488.6398,-0.301677,0.698971,-0.622003,0.183149,-0.85101,1.971749,-1.754626,-0.397243,0.175662,0.405327,0.606463,2.414113,-0.134046
2214,1776148702695,24.61796,-600.0838,105.5898,-488.9177,-0.301677,0.69849,-0.622565,0.183076,-0.851043,1.97047,-1.756282,-0.397158,0.175711,0.405351,0.605958,2.414509,-0.134939
2215,1776148702707,24.629071,-600.0345,105.575,-488.9389,-0.301702,0.698372,-0.622962,0.182129,-0.851552,1.971153,-1.75831,-0.397003,0.175738,0.405407,0.604757,2.41537,-0.136664
2216,1776148702718,24.640182,-600.1824,106.1239,-489.4319,-0.302139,0.697682,-0.623382,0.18261,-0.852563,1.968691,-1.759033,-0.396916,0.175772,0.405436,0.604219,2.415765,-0.137596
2217,1776148702729,24.651293,-600.2283,106.3637,-489.6514,-0.302356,0.697514,-0.623645,0.181995,-0.85346,1.968874,-1.760365,-0.396842,0.17578,0.40546,0.603617,2.416184,-0.138414
2218,1776148702740,24.662405,-600.2766,106.2286,-489.7738,-0.302488,0.697114,-0.624049,0.181925,-0.853866,1.967821,-1.761571,-0.396667,0.175832,0.405502,0.602522,2.416981,-0.140197
2219,1776148702751,24.673516,-600.2386,106.5954,-489.6289,-0.302563,0.696459,-0.62484,0.18159,-0.854234,1.966332,-1.764128,-0.396571,0.175857,0.405542,0.602082,2.417428,-0.141054
2220,1776148702762,24.684627,-600.1475,106.6,-489.7981,-0.302849,0.696103,-0.625113,0.181542,-0.855063,1.965378,-1.764943,-0.396497,0.175872,0.405544,0.601465,2.417773,-0.141924
2221,1776148702773,24.695738,-599.8502,106.5704,-490.0129,-0.303035,0.695854,-0.625416,0.18114,-0.855776,1.965104,-1.766188,-0.396302,0.175921,0.405623,0.600414,2.418661,-0.143743
2222,1776148702784,24.70685,-599.9101,106.5952,-490.2251,-0.303374,0.695479,-0.625661,0.181169,-0.85672,1.964014,-1.76685,-0.396214,0.175963,0.405617,0.599885,2.418954,-0.144701
2223,1776148702795,24.717961,-599.8494,106.6668,-490.465,-0.30356,0.69516,-0.626117,0.180507,-0.857554,1.963822,-1.768775,-0.396023,0.176004,0.405699,0.598745,2.419819,-0.14651
2224,1776148702807,24.729072,-599.3579,106.0813,-490.5609,-0.303598,0.695065,-0.626271,0.180271,-0.857771,1.963807,-1.769438,-0.395951,0.17602,0.405688,0.598061,2.420125,-0.147473
2225,1776148702818,24.740183,-599.4207,106.0556,-490.6952,-0.3036,0.694678,-0.626801,0.179917,-0.857945,1.963094,-1.771277,-0.395852,0.176052,0.405723,0.597574,2.42052,-0.148361
2226,1776148702829,24.751295,-599.3733,106.1234,-490.7605,-0.30398,0.694305,-0.627058,0.17982,-0.859063,1.962142,-1.772097,-0.395662,0.176092,0.405777,0.596585,2.421333,-0.15016
2227,1776148702840,24.762406,-599.4413,106.4868,-490.5405,-0.304108,0.693953,-0.627482,0.179484,-0.859582,1.961507,-1.773622,-0.395574,0.176128,0.405791,0.596037,2.421699,-0.151082
2228,1776148702851,24.773517,-599.3455,106.3749,-490.6012,-0.304644,0.69356,-0.627672,0.179429,-0.861123,1.960455,-1.774212,-0.395397,0.176188,0.405815,0.594818,2.422414,-0.152964
2229,1776148702862,24.784628,-599.1271,106.393,-490.6715,-0.304323,0.693478,-0.628163,0.17857,-0.860618,1.961142,-1.776433,-0.395301,0.176216,0.405842,0.594232,2.422848,-0.153916
2230,1776148702873,24.795739,-599.1575,106.1976,-490.9054,-0.305012,0.693035,-0.628351,0.178454,-0.862622,1.960014,-1.777077,-0.395215,0.176256,0.405868,0.593628,2.423253,-0.154778
2231,1776148702884,24.806851,-598.845,106.1792,-491.0443,-0.304375,0.692813,-0.629144,0.177607,-0.861219,1.960292,-1.780143,-0.395031,0.176336,0.405884,0.592464,2.423992,-0.156708
2232,1776148702895,24.817962,-598.5969,106.2821,-491.2144,-0.304888,0.692722,-0.62915,0.177059,-0.86293,1.96062,-1.780694,-0.394939,0.176361,0.405907,0.591864,2.424347,-0.157604
2233,1776148702907,24.829073,-598.4406,106.6302,-491.2682,-0.305367,0.692376,-0.629292,0.177085,-0.864272,1.959614,-1.78107,-0.394733,0.176417,0.405962,0.590726,2.425184,-0.159481
2234,1776148702918,24.840184,-598.4753,106.6945,-491.3326,-0.305796,0.691218,-0.630211,0.177596,-0.865246,1.955791,-1.783172,-0.394651,0.17645,0.405947,0.590042,2.425421,-0.160457
2235,1776148702929,24.851296,-598.315,106.6912,-491.4744,-0.30614,0.691307,-0.630101,0.177048,-0.866478,1.956629,-1.783395,-0.394554,0.176473,0.405976,0.589429,2.425774,-0.16138
2236,1776148702940,24.862407,-598.2942,106.7335,-491.5662,-0.306294,0.690769,-0.630658,0.176897,-0.866985,1.955269,-1.78512,-0.394358,0.176558,0.405997,0.588229,2.426413,-0.163412
2237,1776148702951,24.873518,-598.3066,106.7398,-491.6807,-0.30644,0.690431,-0.631061,0.176529,-0.867573,1.954704,-1.786619,-0.394279,0.176583,0.406023,0.587628,2.426796,-0.164335
2238,1776148702962,24.88463,-598.3383,106.7542,-491.7873,-0.30665,0.690216,-0.631331,0.176037,-0.868403,1.954621,-1.787866,-0.394192,0.176605,0.406038,0.58701,2.427112,-0.165333
2239,1776148702973,24.895741,-598.3278,106.7302,-491.8288,-0.306929,0.689795,-0.631728,0.175776,-0.869316,1.953709,-1.789246,-0.394014,0.176637,0.406127,0.585846,2.4279,-0.167149
2240,1776148702984,24.906852,-598.1741,106.5677,-491.763,-0.307173,0.689437,-0.632079,0.175492,-0.870142,1.952998,-1.790517,-0.393944,0.176663,0.406129,0.585188,2.428184,-0.168178
2241,1776148702995,24.917964,-597.8793,106.6831,-491.9461,-0.307238,0.6892,-0.632424,0.175069,-0.870527,1.952778,-1.79191,-0.393766,0.176696,0.406204,0.58403,2.428948,-0.170001
2242,1776148703007,24.929075,-597.8262,106.8632,-491.9389,-0.307632,0.68869,-0.632823,0.174938,-0.871708,1.951475,-1.793169,-0.39368,0.176733,0.406206,0.583408,2.429255,-0.170984
2243,1776148703018,24.940186,-597.8525,107.1,-492.2932,-0.308278,0.687964,-0.633231,0.175182,-0.87342,1.949156,-1.794087,-0.393592,0.176744,0.40625,0.582731,2.429639,-0.171993
2244,1776148703029,24.951297,-597.7516,106.7987,-492.4507,-0.308332,0.687951,-0.63334,0.174741,-0.873785,1.94959,-1.794828,-0.393419,0.176798,0.406274,0.581595,2.430242,-0.173876
2245,1776148703040,24.962409,-597.7701,106.6319,-492.4957,-0.308789,0.687519,-0.633584,0.17475,-0.875076,1.948357,-1.795511,-0.39334,0.176809,0.406297,0.580996,2.430524,-0.174761
2246,1776148703051,24.97352,-597.7948,106.8816,-492.5779,-0.308495,0.6871,-0.634354,0.174123,-0.874543,1.947838,-1.79831,-0.393141,0.176863,0.406391,0.579856,2.431224,-0.176521
2247,1776148703062,24.984631,-597.7891,106.9316,-492.6524,-0.30932,0.686939,-0.634147,0.174049,-0.876917,1.947461,-1.797796,-0.393052,0.176861,0.406439,0.57915,2.431583,-0.177387
2248,1776148703073,24.995742,-597.8641,107.0462,-492.7809,-0.309112,0.686181,-0.635133,0.173815,-0.876439,1.94556,-1.800823,-0.392952,0.176892,0.406477,0.578519,2.431949,-0.178356
2249,1776148703084,25.006854,-597.4357,107.0066,-492.9097,-0.309439,0.68622,-0.635122,0.173118,-0.877702,1.946415,-1.80148,-0.392755,0.176939,0.406527,0.577331,2.432496,-0.18014
2250,1776148703095,25.017965,-596.9991,107.0141,-492.8692,-0.309773,0.685748,-0.635464,0.173136,-0.878641,1.945056,-1.802432,-0.392656,0.176992,0.406546,0.576781,2.432738,-0.181073
2251,1776148703107,25.029076,-596.9015,107.0433,-493.0364,-0.309708,0.685442,-0.635943,0.172703,-0.878664,1.944652,-1.80422,-0.392466,0.17702,0.406606,0.575516,2.43334,-0.18272
2252,1776148703118,25.040187,-596.8505,106.9318,-493.2252,-0.30988,0.685483,-0.635979,0.172097,-0.879447,1.945415,-1.804921,-0.392355,0.177039,0.406654,0.574937,2.433658,-0.183521
2253,1776148703129,25.051298,-596.812,106.9309,-493.2837,-0.310283,0.68458,-0.636698,0.172309,-0.880487,1.942626,-1.806751,-0.392248,0.177067,0.406672,0.574349,2.433911,-0.18441
2254,1776148703140,25.06241,-596.8422,107.0843,-493.3186,-0.310257,0.684475,-0.636944,0.171864,-0.880628,1.942801,-1.807892,-0.392062,0.1771,0.406743,0.573106,2.434527,-0.185952
2255,1776148703151,25.073521,-596.9208,107.2591,-493.3714,-0.311096,0.684244,-0.636779,0.171876,-0.883003,1.942134,-1.807411,-0.391956,0.177124,0.406772,0.572535,2.43474,-0.186799
2256,1776148703162,25.084632,-596.6535,107.4085,-493.5291,-0.310927,0.684153,-0.637142,0.171203,-0.88285,1.942592,-1.809108,-0.391853,0.177144,0.406798,0.572037,2.435023,-0.187562
2257,1776148703173,25.095743,-596.5557,107.3666,-493.7526,-0.311214,0.683357,-0.637817,0.171348,-0.883594,1.940177,-1.810881,-0.391658,0.177176,0.406858,0.570923,2.435508,-0.189131
2258,1776148703184,25.106854,-596.3686,107.4063,-493.7836,-0.311372,0.683302,-0.637887,0.171015,-0.884204,1.940378,-1.811413,-0.391563,0.177194,0.4069,0.570382,2.435825,-0.18981
2259,1776148703195,25.117966,-596.3315,107.6118,-493.9829,-0.311613,0.68329,-0.637927,0.170475,-0.885153,1.940918,-1.812062,-0.391358,0.177241,0.406951,0.569198,2.436276,-0.191351
2260,1776148703207,25.129077,-596.3215,107.6742,-493.978,-0.311827,0.682683,-0.638465,0.170502,-0.885745,1.939165,-1.813564,-0.391244,0.177277,0.406983,0.568741,2.436541,-0.192146
2261,1776148703218,25.140188,-596.2613,107.5253,-494.3971,-0.312092,0.682216,-0.638814,0.170576,-0.886463,1.937761,-1.814482,-0.391134,0.177303,0.407018,0.568226,2.436745,-0.192918
2262,1776148703229,25.151299,-596.0507,107.7518,-494.5819,-0.312387,0.682149,-0.638831,0.17024,-0.887466,1.937929,-1.814865,-0.390927,0.177352,0.407064,0.567079,2.437184,-0.194481
2263,1776148703240,25.162411,-595.8007,107.8051,-494.777,-0.312323,0.682071,-0.639092,0.169689,-0.887553,1.938294,-1.816158,-0.390809,0.177394,0.407104,0.566654,2.437389,-0.195277
2264,1776148703251,25.173522,-595.6841,107.8059,-494.5977,-0.31261,0.681538,-0.639479,0.169846,-0.888292,1.936613,-1.817099,-0.390605,0.177429,0.407164,0.565691,2.437755,-0.196724
2265,1776148703262,25.184633,-595.448,107.9778,-494.7765,-0.312484,0.681525,-0.639704,0.169283,-0.888207,1.937175,-1.818302,-0.3905,0.177454,0.407182,0.565159,2.437946,-0.197517
2266,1776148703273,25.195745,-595.3749,107.9628,-494.8376,-0.312969,0.681312,-0.639707,0.169231,-0.889611,1.936624,-1.818363,-0.390394,0.177474,0.407229,0.564714,2.438183,-0.198207
2267,1776148703284,25.206856,-595.317,107.9126,-494.8646,-0.313129,0.681119,-0.639941,0.168828,-0.890266,1.936505,-1.819432,-0.390187,0.177512,0.407282,0.563652,2.438548,-0.199655
2268,1776148703295,25.217967,-595.2217,107.9355,-494.8311,-0.313662,0.680469,-0.640263,0.169237,-0.891577,1.934222,-1.819937,-0.390088,0.177521,0.407299,0.563077,2.43872,-0.200428
2269,1776148703307,25.229079,-595.105,107.7974,-495.1273,-0.313716,0.680369,-0.640427,0.168919,-0.891887,1.934276,-1.820721,-0.389893,0.177573,0.407295,0.562048,2.438973,-0.201951
2270,1776148703318,25.24019,-595.1676,107.9415,-495.2083,-0.314061,0.679954,-0.640763,0.168673,-0.89299,1.933358,-1.821923,-0.389788,0.1776,0.407334,0.561556,2.439138,-0.202649
2271,1776148703329,25.251301,-595.148,107.9114,-495.3886,-0.314287,0.679466,-0.641137,0.168801,-0.893569,1.931833,-1.822858,-0.389698,0.177635,0.407322,0.561007,2.439221,-0.203467
2272,1776148703340,25.262412,-595.2025,108.156,-495.5101,-0.314377,0.679433,-0.641263,0.168285,-0.89408,1.93229,-1.823735,-0.389497,0.177655,0.407381,0.560046,2.439578,-0.204903
2273,1776148703351,25.273524,-595.2012,108.1519,-495.6043,-0.314704,0.679221,-0.641378,0.168088,-0.895108,1.931897,-1.82426,-0.389398,0.177687,0.407414,0.559647,2.439725,-0.205625
2274,1776148703362,25.284635,-595.199,108.1078,-495.7037,-0.314965,0.678821,-0.641668,0.16811,-0.895839,1.930735,-1.825062,-0.389312,0.177695,0.407435,0.559115,2.439882,-0.206361
2275,1776148703373,25.295746,-594.9135,107.928,-495.8392,-0.315188,0.678403,-0.641999,0.168117,-0.89647,1.929537,-1.825997,-0.389127,0.177744,0.407453,0.558099,2.440082,-0.207836
2276,1776148703384,25.306857,-594.7344,108.2461,-495.9123,-0.315378,0.678356,-0.642057,0.167726,-0.897203,1.929821,-1.826556,-0.389044,0.17776,0.407476,0.557682,2.440256,-0.208518
2277,1776148703395,25.317969,-594.5629,108.0803,-495.9321,-0.315563,0.678071,-0.642309,0.167567,-0.897808,1.929179,-1.827431,-0.388852,0.177795,0.407523,0.556787,2.440528,-0.20993
2278,1776148703407,25.32908,-594.5317,108.0621,-496.0659,-0.315788,0.67764,-0.64267,0.167502,-0.898481,1.928021,-1.828524,-0.388764,0.177805,0.407547,0.556332,2.440695,-0.210615
2279,1776148703418,25.340191,-594.5023,108.0041,-496.2316,-0.315928,0.67746,-0.642858,0.167245,-0.899007,1.927781,-1.829319,-0.388674,0.177837,0.407551,0.555821,2.440812,-0.211465
2280,1776148703429,25.351302,-594.3914,108.1926,-496.1582,-0.315922,0.676866,-0.64356,0.166962,-0.899129,1.926391,-1.831601,-0.388496,0.177867,0.407564,0.554986,2.441005,-0.212932
2281,1776148703440,25.362414,-594.4188,108.1749,-496.3357,-0.31627,0.676857,-0.643387,0.16701,-0.900095,1.926314,-1.83106,-0.388406,0.177858,0.407613,0.554583,2.441171,-0.213533
2282,1776148703451,25.373525,-594.2822,108.2459,-496.2521,-0.316573,0.676775,-0.643431,0.166597,-0.901163,1.92652,-1.831603,-0.388245,0.177886,0.407643,0.553727,2.441389,-0.214966
2283,1776148703462,25.384636,-594.2756,108.2615,-496.3456,-0.316716,0.676234,-0.643901,0.166704,-0.901515,1.924868,-1.832833,-0.388143,0.177899,0.407687,0.553321,2.441579,-0.215716
2284,1776148703473,25.395747,-594.1492,108.4235,-496.7574,-0.317084,0.675842,-0.644128,0.166718,-0.902556,1.923737,-1.833464,-0.388065,0.177931,0.407702,0.552933,2.441635,-0.216383
2285,1776148703484,25.406858,-593.9891,108.6341,-496.8873,-0.317315,0.675661,-0.644271,0.166455,-0.903345,1.923501,-1.834138,-0.387893,0.177953,0.407775,0.55217,2.441898,-0.217757
2286,1776148703495,25.41797,-593.8952,108.4539,-496.7691,-0.317347,0.67515,-0.644803,0.166412,-0.903459,1.92209,-1.835694,-0.38782,0.177978,0.407774,0.551706,2.441984,-0.218591
2287,1776148703507,25.429081,-593.9038,108.3988,-496.9932,-0.317794,0.67521,-0.644575,0.166199,-0.904836,1.922487,-1.835262,-0.387683,0.178023,0.407763,0.550843,2.442063,-0.220119
2288,1776148703518,25.440192,-593.7895,108.3677,-496.6995,-0.317951,0.675149,-0.644652,0.165847,-0.90546,1.922686,-1.835838,-0.387601,0.178058,0.407804,0.550439,2.442246,-0.220889
2289,1776148703529,25.451303,-593.6097,108.4658,-496.83,-0.317695,0.674411,-0.645565,0.165791,-0.904757,1.920643,-1.838494,-0.387534,0.178066,0.407822,0.549966,2.442359,-0.22162
2290,1776148703540,25.462414,-593.4978,108.4955,-496.7434,-0.318161,0.674203,-0.645537,0.165848,-0.906058,1.919992,-1.838357,-0.387381,0.178092,0.407886,0.549225,2.44264,-0.223038
2291,1776148703551,25.473526,-593.4083,108.399,-496.8056,-0.318527,0.673797,-0.645723,0.166074,-0.906986,1.918598,-1.838657,-0.387309,0.178102,0.407921,0.548924,2.4428,-0.223711
2292,1776148703562,25.484637,-593.4009,108.5598,-497.0634,-0.318548,0.673951,-0.64579,0.165146,-0.90751,1.920017,-1.839791,-0.387234,0.178105,0.407928,0.548499,2.442859,-0.224463
2293,1776148703573,25.495748,-593.3523,108.3322,-497.0526,-0.318497,0.673312,-0.646451,0.165265,-0.907305,1.918073,-1.841551,-0.387083,0.178146,0.407984,0.547835,2.443089,-0.225932
2294,1776148703584,25.506859,-593.3121,108.7806,-497.4578,-0.31903,0.673256,-0.646219,0.165371,-0.90877,1.9178,-1.840782,-0.387006,0.178155,0.408028,0.547473,2.443234,-0.226578
2295,1776148703595,25.517971,-593.2025,108.7072,-497.3685,-0.318644,0.672678,-0.647079,0.165104,-0.907806,1.916435,-1.843504,-0.386853,0.178175,0.408062,0.546797,2.443472,-0.22793
2296,1776148703607,25.529082,-593.1705,108.6011,-497.4743,-0.31923,0.672716,-0.646768,0.165036,-0.90951,1.916615,-1.84269,-0.386772,0.178178,0.408075,0.546324,2.443539,-0.228651
2297,1776148703618,25.540193,-593.1165,108.5384,-497.4554,-0.319511,0.672573,-0.646842,0.164783,-0.910436,1.916477,-1.843157,-0.38669,0.178196,0.408078,0.545991,2.443618,-0.229441
2298,1776148703629,25.551305,-592.9002,108.445,-497.5147,-0.31972,0.671866,-0.64737,0.165191,-0.910827,1.91403,-1.844245,-0.386542,0.178246,0.408085,0.545233,2.443713,-0.230992
2299,1776148703640,25.562416,-592.7849,108.4392,-497.3475,-0.319924,0.67184,-0.647395,0.164802,-0.911605,1.914366,-1.844713,-0.386461,0.178263,0.408094,0.544703,2.443798,-0.231756
2300,1776148703651,25.573527,-592.5575,108.4386,-497.4843,-0.319772,0.671328,-0.648046,0.164622,-0.911262,1.913099,-1.846752,-0.386311,0.178292,0.408105,0.543954,2.443908,-0.233219
2301,1776148703662,25.584638,-592.5084,108.4403,-497.6313,-0.32011,0.671274,-0.647961,0.164524,-0.912273,1.913049,-1.846609,-0.386234,0.178307,0.408114,0.543571,2.443946,-0.23394
2302,1776148703673,25.595749,-592.5721,108.6429,-497.8276,-0.320315,0.670973,-0.648241,0.164249,-0.912997,1.912482,-1.847687,-0.386166,0.178327,0.408125,0.543197,2.443997,-0.234655
2303,1776148703684,25.60686,-592.491,108.7209,-497.8718,-0.320376,0.670465,-0.64866,0.164549,-0.91302,1.910717,-1.848575,-0.386009,0.178344,0.408146,0.542342,2.444027,-0.236071
2304,1776148703695,25.617972,-592.4777,108.7463,-498.1561,-0.320922,0.670243,-0.648641,0.164462,-0.914621,1.910177,-1.848611,-0.385925,0.17835,0.408159,0.54189,2.444075,-0.236786
2305,1776148703707,25.629083,-592.3159,108.5739,-498.2122,-0.320947,0.669725,-0.649169,0.164443,-0.914701,1.908718,-1.850133,-0.385847,0.178364,0.408153,0.541493,2.444085,-0.237379
2306,1776148703718,25.640194,-592.3322,108.763,-498.4274,-0.321543,0.669797,-0.64881,0.164403,-0.91642,1.908966,-1.849152,-0.385694,0.178397,0.408147,0.540692,2.444054,-0.238803
2307,1776148703729,25.651305,-592.2109,108.7916,-498.3869,-0.321649,0.669556,-0.649094,0.164056,-0.916897,1.908646,-1.850315,-0.385608,0.178414,0.408166,0.540331,2.444092,-0.239499
2308,1776148703740,25.662416,-592.1133,108.6498,-498.5379,-0.321694,0.669276,-0.649363,0.164043,-0.917032,1.907861,-1.851098,-0.385462,0.178423,0.408177,0.539416,2.444138,-0.240758
2309,1776148703751,25.673528,-592.0314,108.739,-498.6187,-0.322143,0.669113,-0.649301,0.164074,-0.918295,1.907362,-1.850888,-0.385385,0.178446,0.408162,0.539021,2.444087,-0.241454
2310,1776148703762,25.684639,-591.9749,108.8826,-498.7064,-0.32232,0.668691,-0.649644,0.164091,-0.918791,1.906143,-1.851848,-0.385302,0.178451,0.408199,0.53858,2.444182,-0.242077
2311,1776148703773,25.69575,-591.9808,108.8844,-498.8666,-0.322423,0.668191,-0.650066,0.164252,-0.919003,1.904547,-1.852888,-0.385138,0.178484,0.408216,0.537823,2.44412,-0.243396
2312,1776148703784,25.706861,-591.9454,108.9694,-499.1288,-0.322757,0.668349,-0.649844,0.16383,-0.920171,1.905442,-1.852685,-0.385051,0.178509,0.408227,0.537511,2.444057,-0.24406
2313,1776148703795,25.717972,-591.7921,108.9771,-498.9368,-0.322728,0.667944,-0.65029,0.163773,-0.920115,1.904347,-1.854014,-0.38489,0.178541,0.408253,0.536665,2.44391,-0.245326
2314,1776148703807,25.729084,-591.7556,108.9176,-499.1177,-0.323283,0.667769,-0.650155,0.163925,-0.921622,1.903688,-1.853475,-0.384811,0.178542,0.408275,0.53619,2.443869,-0.245878
2315,1776148703818,25.740195,-591.5078,108.7749,-499.2407,-0.323604,0.667355,-0.650434,0.163868,-0.922565,1.90257,-1.854329,-0.384727,0.178557,0.40827,0.535699,2.443735,-0.246646
2316,1776148703829,25.751306,-591.4128,109.017,-499.1705,-0.32391,0.667244,-0.650399,0.163858,-0.923444,1.902261,-1.854239,-0.384559,0.178589,0.408321,0.534815,2.443582,-0.247842
2317,1776148703840,25.762417,-591.283,109.0562,-499.4018,-0.323783,0.667108,-0.650666,0.163601,-0.923212,1.902146,-1.855264,-0.384468,0.178586,0.408365,0.534349,2.443561,-0.248347
2318,1776148703851,25.773529,-591.1683,109.2581,-499.2597,-0.324151,0.666835,-0.650772,0.163567,-0.924278,1.901401,-1.855599,-0.384294,0.178621,0.40843,0.533487,2.443491,-0.249539
2319,1776148703862,25.78464,-591.1879,109.2198,-499.306,-0.324893,0.666672,-0.650435,0.164094,-0.926126,1.900385,-1.8541,-0.384204,0.178634,0.408467,0.532993,2.44339,-0.250078
2320,1776148703873,25.795751,-591.2184,109.1576,-499.4745,-0.324992,0.666133,-0.650982,0.163919,-0.926497,1.899031,-1.85584,-0.3841,0.178662,0.408491,0.53257,2.443284,-0.250751
2321,1776148703884,25.806863,-591.1101,109.1879,-499.5938,-0.324839,0.666364,-0.650998,0.163218,-0.92642,1.900427,-1.856603,-0.38391,0.178706,0.408572,0.531697,2.443172,-0.251789
2322,1776148703895,25.817974,-590.9959,109.4676,-499.6486,-0.324834,0.666015,-0.651396,0.163065,-0.926483,1.89959,-1.857896,-0.383811,0.178719,0.408606,0.53136,2.443133,-0.252393
2323,1776148703907,25.829085,-590.9379,109.3225,-499.6221,-0.325369,0.665644,-0.651412,0.16345,-0.927812,1.89813,-1.857544,-0.383619,0.178755,0.408656,0.530414,2.442898,-0.253391
2324,1776148703918,25.840197,-590.7574,109.1485,-499.7383,-0.325541,0.665193,-0.651807,0.163367,-0.928346,1.896931,-1.858757,-0.383506,0.178777,0.408699,0.530018,2.442905,-0.254012
2325,1776148703929,25.851308,-590.8492,109.2411,-499.9708,-0.326264,0.665228,-0.651387,0.163458,-0.93036,1.896935,-1.857466,-0.383414,0.178793,0.40872,0.529483,2.442833,-0.254551
2326,1776148703940,25.862419,-590.7009,109.4818,-500.3466,-0.326394,0.664911,-0.651666,0.16338,-0.930771,1.896111,-1.858341,-0.383201,0.178826,0.408768,0.528631,2.442658,-0.255617
2327,1776148703951,25.87353,-590.5492,109.3451,-500.2858,-0.326517,0.665135,-0.651538,0.162727,-0.931458,1.897437,-1.858647,-0.383104,0.178842,0.408781,0.52814,2.442576,-0.256194
2328,1776148703962,25.884642,-590.3595,109.3319,-500.2038,-0.326546,0.664686,-0.652012,0.162605,-0.931603,1.896284,-1.860125,-0.383,0.178848,0.408814,0.527584,2.442569,-0.256687
2329,1776148703973,25.895753,-590.2266,109.3323,-500.3535,-0.327113,0.664371,-0.652011,0.162756,-0.933143,1.895227,-1.859967,-0.382806,0.178866,0.408848,0.526518,2.442454,-0.257776
2330,1776148703984,25.906864,-590.0803,109.1544,-500.4056,-0.327309,0.664537,-0.651862,0.162286,-0.933944,1.896192,-1.860025,-0.38269,0.178893,0.408871,0.526096,2.442375,-0.258338
2331,1776148703995,25.917975,-589.8875,109.3704,-500.5806,-0.327584,0.664297,-0.651987,0.162207,-0.934772,1.89559,-1.860465,-0.382482,0.178879,0.408931,0.524985,2.44231,-0.259262
2332,1776148704007,25.929087,-589.7537,109.2347,-500.7819,-0.327867,0.663975,-0.652222,0.16201,-0.93568,1.894878,-1.861336,-0.382379,0.17887,0.408959,0.524424,2.442254,-0.259829
2333,1776148704018,25.940198,-589.5894,109.3394,-500.5772,-0.328107,0.663771,-0.652304,0.162029,-0.936354,1.894277,-1.861551,-0.382272,0.178885,0.40896,0.523969,2.442169,-0.26042
2334,1776148704029,25.951309,-589.5242,109.1299,-500.7678,-0.32833,0.663533,-0.652468,0.16189,-0.937064,1.893743,-1.862163,-0.38205,0.178918,0.409017,0.522957,2.442153,-0.261431
2335,1776148704040,25.96242,-589.5378,109.4852,-500.8838,-0.328508,0.662588,-0.653208,0.162415,-0.9373,1.890496,-1.863735,-0.381938,0.178954,0.40905,0.522541,2.442191,-0.262028
2336,1776148704051,25.973532,-589.4767,109.3938,-501.016,-0.329118,0.662601,-0.652922,0.162279,-0.939112,1.890676,-1.863058,-0.381719,0.178987,0.409078,0.521531,2.442094,-0.263193
2337,1776148704062,25.984643,-589.2571,109.5495,-501.136,-0.329394,0.662175,-0.653213,0.162286,-0.939894,1.889452,-1.863881,-0.381604,0.179015,0.409088,0.521094,2.442049,-0.263851
2338,1776148704073,25.995754,-589.0495,109.6077,-501.3894,-0.32962,0.662093,-0.653227,0.162105,-0.940634,1.889407,-1.864107,-0.381516,0.179021,0.40908,0.520483,2.441935,-0.264387
2339,1776148704084,26.006865,-588.8969,109.5559,-501.5068,-0.329665,0.661968,-0.653397,0.161838,-0.940901,1.889331,-1.864867,-0.381297,0.17904,0.409139,0.519527,2.441942,-0.265554
2340,1776148704095,26.017977,-588.8284,109.7346,-501.6387,-0.32984,0.661735,-0.653603,0.161604,-0.941523,1.888911,-1.865696,-0.381191,0.17906,0.409154,0.519056,2.441916,-0.266118
2341,1776148704107,26.029088,-588.6863,109.6546,-501.7551,-0.330137,0.661596,-0.653648,0.161385,-0.942483,1.888741,-1.866052,-0.380973,0.179076,0.409206,0.518,2.442031,-0.267287
2342,1776148704118,26.040199,-588.7476,109.8924,-501.8393,-0.330433,0.66113,-0.653958,0.16143,-0.943306,1.887366,-1.86689,-0.380863,0.179068,0.409234,0.517418,2.442079,-0.267842
2343,1776148704129,26.05131,-588.6119,109.8178,-501.9362,-0.330578,0.660994,-0.654057,0.161291,-0.943793,1.887123,-1.867316,-0.380762,0.179086,0.409233,0.516877,2.442081,-0.268458
2344,1776148704140,26.062421,-588.4904,109.8616,-502.1402,-0.330814,0.660816,-0.654195,0.160977,-0.944631,1.886942,-1.868035,-0.380537,0.179105,0.409274,0.515832,2.442164,-0.26954
2345,1776148704151,26.073533,-588.4141,109.9507,-502.1982,-0.331257,0.660766,-0.654045,0.160883,-0.945943,1.886897,-1.867704,-0.380424,0.179115,0.409307,0.515246,2.442249,-0.270069
2346,1776148704162,26.084644,-588.3561,110.0118,-502.2666,-0.331432,0.660177,-0.65451,0.161047,-0.946358,1.885043,-1.868862,-0.380317,0.179118,0.409324,0.514662,2.442277,-0.270579
2347,1776148704173,26.095755,-588.0082,110.0292,-502.2984,-0.331465,0.659875,-0.654844,0.16086,-0.946551,1.884375,-1.870009,-0.380087,0.179162,0.409379,0.51377,2.442463,-0.271696
2348,1776148704184,26.106866,-587.9548,109.7658,-502.3561,-0.331946,0.659932,-0.654594,0.160649,-0.948035,1.88476,-1.869514,-0.379984,0.179153,0.40941,0.513219,2.442527,-0.272112
2349,1776148704195,26.117977,-587.7021,109.6783,-502.631,-0.332134,0.659355,-0.655109,0.160533,-0.948634,1.883233,-1.871105,-0.379758,0.179177,0.40948,0.512247,2.442815,-0.273166
2350,1776148704207,26.129089,-587.5876,109.5819,-502.6853,-0.33251,0.659367,-0.654954,0.160336,-0.949812,1.883475,-1.870866,-0.379656,0.17919,0.409502,0.51167,2.442931,-0.273662
2351,1776148704218,26.1402,-587.6048,109.8732,-502.6974,-0.332574,0.65932,-0.6551,0.1598,-0.950277,1.883898,-1.871841,-0.379551,0.179225,0.409494,0.511152,2.442983,-0.274293
2352,1776148704229,26.151311,-587.4713,109.8174,-502.6483,-0.332942,0.659415,-0.654865,0.159607,-0.951429,1.88437,-1.871367,-0.37936,0.179225,0.409533,0.509949,2.443235,-0.275295
2353,1776148704240,26.162423,-587.4199,110.1041,-502.7884,-0.333158,0.658289,-0.655825,0.159862,-0.951911,1.880886,-1.873847,-0.379245,0.179229,0.409585,0.509478,2.443478,-0.275856
2354,1776148704251,26.173534,-587.4271,110.1358,-503.0454,-0.333153,0.658586,-0.65571,0.159118,-0.95229,1.882511,-1.874291,-0.379037,0.179241,0.409641,0.508314,2.443787,-0.27687
2355,1776148704262,26.184645,-587.293,110.0791,-503.099,-0.333216,0.657926,-0.656327,0.159171,-0.952443,1.880572,-1.875999,-0.378922,0.179256,0.409678,0.507816,2.443968,-0.277525
2356,1776148704273,26.195756,-587.1462,110.2754,-503.2469,-0.333574,0.658118,-0.656054,0.15875,-0.953688,1.88156,-1.875659,-0.378813,0.179258,0.409736,0.507305,2.444171,-0.277905
2357,1776148704284,26.206868,-587.0692,110.3292,-503.0759,-0.333402,0.657811,-0.656575,0.15823,-0.95347,1.881225,-1.87769,-0.378597,0.179288,0.409809,0.506205,2.444569,-0.279033
2358,1776148704295,26.217979,-586.8304,110.4501,-503.2786,-0.333734,0.657863,-0.656464,0.157776,-0.95466,1.881846,-1.877845,-0.378493,0.179291,0.409829,0.505628,2.444776,-0.279557
2359,1776148704307,26.22909,-586.7125,110.4003,-503.4023,-0.334217,0.65757,-0.656471,0.157946,-0.955953,1.880831,-1.877687,-0.378279,0.179327,0.409857,0.504463,2.445131,-0.280733
2360,1776148704318,26.240202,-586.742,110.0644,-503.4319,-0.334615,0.657285,-0.656599,0.157758,-0.95719,1.880213,-1.87825,-0.37818,0.179325,0.409888,0.503882,2.445393,-0.281286
2361,1776148704329,26.251313,-586.6354,109.6009,-503.5959,-0.334839,0.65701,-0.656781,0.157667,-0.957881,1.879522,-1.878866,-0.378067,0.179336,0.409922,0.503305,2.44567,-0.281832
2362,1776148704340,26.262424,-586.5264,109.4423,-503.7103,-0.334945,0.656975,-0.656901,0.157086,-0.958493,1.880028,-1.879817,-0.377877,0.179351,0.409927,0.5022,2.44605,-0.282945
2363,1776148704351,26.273535,-586.4122,109.9116,-503.7335,-0.335262,0.656702,-0.657044,0.156956,-0.959469,1.879381,-1.880361,-0.37776,0.179363,0.409957,0.501721,2.446339,-0.283488
2364,1776148704362,26.284647,-586.3698,109.9421,-503.8137,-0.33559,0.656267,-0.657364,0.156733,-0.960526,1.878369,-1.881509,-0.377664,0.179351,0.40997,0.501139,2.446551,-0.284002
2365,1776148704373,26.295758,-586.0904,109.9666,-503.8131,-0.335473,0.655903,-0.657851,0.156463,-0.960335,1.87761,-1.883186,-0.377463,0.179358,0.409988,0.499946,2.446981,-0.285151
2366,1776148704384,26.306869,-586.0253,110.2472,-503.8412,-0.335859,0.655731,-0.657874,0.156262,-0.961549,1.877325,-1.88346,-0.377354,0.17936,0.410024,0.499427,2.447326,-0.285669
2367,1776148704395,26.31798,-585.9319,110.0359,-503.9182,-0.336112,0.655393,-0.658145,0.155997,-0.962413,1.876634,-1.884516,-0.377152,0.179397,0.410049,0.498259,2.447839,-0.286903
2368,1776148704407,26.329092,-585.9197,110.094,-504.0647,-0.336259,0.655043,-0.658461,0.155815,-0.962932,1.875822,-1.885611,-0.377059,0.1794,0.410044,0.497725,2.448054,-0.287455
2369,1776148704418,26.340203,-585.8314,109.9976,-504.2336,-0.336709,0.654612,-0.658629,0.155944,-0.964152,1.874454,-1.885956,-0.376963,0.179402,0.410059,0.497129,2.448357,-0.288009
2370,1776148704429,26.351314,-585.7537,110.0651,-504.4388,-0.336667,0.654669,-0.658752,0.155271,-0.964392,1.87532,-1.887017,-0.376779,0.17942,0.410077,0.496124,2.448908,-0.289065
2371,1776148704440,26.362425,-585.703,110.1228,-504.4751,-0.336951,0.654315,-0.658995,0.155119,-0.965289,1.874463,-1.88787,-0.376687,0.179399,0.410109,0.495498,2.44926,-0.289607
2372,1776148704451,26.373536,-585.438,110.4073,-504.4218,-0.336895,0.654216,-0.659271,0.154481,-0.965471,1.874845,-1.889333,-0.376508,0.179379,0.410139,0.494435,2.449895,-0.290688
2373,1776148704462,26.384648,-585.313,110.2891,-504.5134,-0.337366,0.654167,-0.659144,0.154206,-0.966967,1.874992,-1.889256,-0.376427,0.179365,0.410165,0.49387,2.450232,-0.291168
2374,1776148704473,26.395759,-585.1692,110.5858,-504.5361,-0.337738,0.653676,-0.659441,0.154202,-0.968036,1.87359,-1.890114,-0.376332,0.179353,0.410184,0.493266,2.450607,-0.291795
2375,1776148704484,26.40687,-585.0381,110.5289,-504.7231,-0.337613,0.653571,-0.659764,0.15354,-0.968034,1.873978,-1.891736,-0.376161,0.179336,0.410203,0.492057,2.451313,-0.292873
2376,1776148704495,26.417981,-584.7571,110.3475,-504.714,-0.33794,0.653125,-0.660103,0.153258,-0.969126,1.872995,-1.893005,-0.376093,0.179344,0.410198,0.491373,2.451683,-0.293529
2377,1776148704507,26.429092,-584.7338,110.6419,-504.6773,-0.337925,0.652924,-0.660349,0.153087,-0.969173,1.872597,-1.893892,-0.375922,0.179335,0.410218,0.490245,2.452379,-0.294688
2378,1776148704518,26.440204,-584.5962,110.5816,-504.8748,-0.338269,0.652926,-0.660331,0.152396,-0.970535,1.873324,-1.894569,-0.375833,0.179338,0.410252,0.489595,2.452847,-0.295228
2379,1776148704529,26.451315,-584.6199,110.7959,-504.9531,-0.338187,0.652273,-0.66103,0.152346,-0.970326,1.871502,-1.896628,-0.37576,0.179334,0.410263,0.488988,2.453218,-0.29579
2380,1776148704540,26.462426,-584.6711,110.8569,-504.8907,-0.338574,0.652355,-0.66086,0.151876,-0.97169,1.872228,-1.896636,-0.375594,0.179356,0.410316,0.487883,2.454051,-0.296947
2381,1776148704551,26.473537,-584.4566,110.8248,-505.0401,-0.338753,0.652059,-0.661157,0.151452,-0.972434,1.871821,-1.897938,-0.375511,0.179349,0.410349,0.487317,2.454505,-0.297497
2382,1776148704562,26.484649,-584.3058,110.8688,-505.2498,-0.338695,0.651602,-0.661709,0.151136,-0.97244,1.870839,-1.899859,-0.375433,0.179358,0.410365,0.486655,2.454923,-0.298075
2383,1776148704573,26.49576,-584.0529,110.8543,-505.299,-0.338867,0.651583,-0.66176,0.150606,-0.973222,1.87134,-1.900569,-0.375269,0.179356,0.410414,0.485422,2.455832,-0.29927
2384,1776148704584,26.506871,-583.952,110.775,-505.3807,-0.338893,0.651055,-0.662317,0.150383,-0.973418,1.870057,-1.902403,-0.375188,0.179355,0.410439,0.484803,2.456288,-0.299924
2385,1776148704595,26.517982,-583.869,110.7884,-505.5984,-0.339256,0.651012,-0.662291,0.149863,-0.974742,1.870476,-1.902882,-0.37503,0.179353,0.410475,0.483547,2.457177,-0.301085
2386,1776148704607,26.529094,-583.7576,110.6826,-505.6655,-0.339468,0.650746,-0.662531,0.149476,-0.975565,1.870116,-1.903984,-0.374949,0.179364,0.410452,0.482911,2.457479,-0.301809
2387,1776148704618,26.540205,-583.7772,110.786,-505.6413,-0.339466,0.650336,-0.663012,0.149131,-0.975747,1.869299,-1.905733,-0.374866,0.179368,0.410498,0.482281,2.458004,-0.302397
2388,1776148704629,26.551316,-583.8294,110.8865,-505.5311,-0.339838,0.650332,-0.662967,0.148505,-0.977156,1.86994,-1.90627,-0.374692,0.17937,0.410534,0.480981,2.458911,-0.303646
2389,1776148704640,26.562427,-583.8587,111.0674,-505.4792,-0.339815,0.649677,-0.66366,0.14833,-0.977188,1.868239,-1.90845,-0.374619,0.179377,0.410536,0.480244,2.459378,-0.304369
2390,1776148704651,26.573538,-583.7917,111.0594,-505.6261,-0.340187,0.649687,-0.663554,0.147906,-0.978488,1.868711,-1.908599,-0.374455,0.17937,0.410592,0.4789,2.460388,-0.305652
2391,1776148704662,26.58465,-583.7355,111.2355,-505.577,-0.340254,0.649405,-0.663879,0.147531,-0.978886,1.868293,-1.909935,-0.374376,0.179379,0.410598,0.478244,2.460868,-0.306293
2392,1776148704673,26.595761,-583.6593,111.1537,-505.7867,-0.340307,0.649002,-0.66434,0.147107,-0.979271,1.867577,-1.911714,-0.374289,0.179385,0.410613,0.477552,2.461297,-0.306974
2393,1776148704684,26.606872,-583.4904,111.2357,-505.7689,-0.340773,0.648652,-0.664506,0.146821,-0.98077,1.866868,-1.912499,-0.374115,0.179399,0.410652,0.476116,2.462335,-0.308367
2394,1776148704695,26.617983,-583.3318,111.2074,-506.0124,-0.340668,0.648207,-0.665091,0.146384,-0.980707,1.866044,-1.91465,-0.374033,0.179413,0.41065,0.475409,2.46279,-0.309119
2395,1776148704707,26.629095,-583.2361,111.0884,-506.0656,-0.341108,0.648049,-0.665165,0.145718,-0.982341,1.866285,-1.915579,-0.373857,0.179399,0.410693,0.473887,2.463806,-0.310477
2396,1776148704718,26.640206,-583.1708,111.2149,-506.1131,-0.341059,0.647966,-0.665357,0.145323,-0.982418,1.866461,-1.916556,-0.373757,0.179406,0.410734,0.473259,2.464391,-0.311207
2397,1776148704729,26.651317,-582.9733,111.0844,-506.3662,-0.341481,0.647813,-0.665429,0.144686,-0.983985,1.866688,-1.917447,-0.373674,0.179388,0.410722,0.472485,2.46483,-0.311902
2398,1776148704740,26.662428,-582.8559,111.2012,-506.1747,-0.341616,0.647423,-0.665805,0.144377,-0.984546,1.865889,-1.918866,-0.373484,0.179405,0.41073,0.47098,2.465811,-0.313433
2399,1776148704751,26.67354,-582.7917,111.137,-506.258,-0.3418,0.646982,-0.666251,0.143861,-0.985361,1.865157,-1.920706,-0.373411,0.179382,0.410732,0.470074,2.466336,-0.314164
2400,1776148704762,26.684651,-582.6167,111.1342,-506.4668,-0.341758,0.64654,-0.666782,0.143494,-0.985442,1.864265,-1.922632,-0.373313,0.179373,0.410754,0.469316,2.466855,-0.314918
2401,1776148704773,26.695762,-582.499,111.2889,-506.499,-0.342165,0.646375,-0.666818,0.143096,-0.986838,1.864206,-1.923167,-0.373114,0.179366,0.410781,0.467925,2.467865,-0.31648
2402,1776148704784,26.706873,-582.614,111.3292,-506.6123,-0.34235,0.645925,-0.667229,0.142771,-0.98755,1.863248,-1.924703,-0.373029,0.179379,0.410771,0.46714,2.468254,-0.317367
2403,1776148704795,26.717984,-582.3793,111.3895,-506.8625,-0.342682,0.645769,-0.667301,0.142344,-0.988746,1.863246,-1.925373,-0.372824,0.179387,0.410805,0.465729,2.469251,-0.318978
2404,1776148704807,26.729096,-582.2367,111.2864,-506.7759,-0.343004,0.645365,-0.667648,0.141769,-0.989995,1.862682,-1.926998,-0.37274,0.179386,0.410801,0.464866,2.469717,-0.319775
2405,1776148704818,26.740207,-582.0642,111.3643,-506.8716,-0.342885,0.645036,-0.668129,0.14129,-0.989917,1.862236,-1.928905,-0.372649,0.17939,0.410792,0.464074,2.470162,-0.320702
2406,1776148704829,26.751318,-581.93,111.3226,-506.874,-0.343056,0.644603,-0.668588,0.140679,-0.990753,1.861625,-1.930894,-0.372439,0.179417,0.410826,0.462593,2.471158,-0.322416
2407,1776148704840,26.762429,-581.7983,111.3224,-507.0793,-0.343538,0.643931,-0.668943,0.140888,-0.992029,1.859467,-1.931693,-0.37235,0.179424,0.410805,0.461697,2.471568,-0.323326
2408,1776148704851,26.773541,-581.5974,111.4989,-506.9361,-0.343552,0.643608,-0.669376,0.140272,-0.992413,1.859179,-1.933614,-0.372123,0.179431,0.410871,0.460324,2.472608,-0.324966
2409,1776148704862,26.784652,-581.5835,111.3218,-507.1967,-0.34372,0.643338,-0.669673,0.139687,-0.993224,1.85901,-1.935109,-0.37202,0.179437,0.410876,0.459459,2.47313,-0.325863
2410,1776148704873,26.795763,-581.4479,111.6785,-507.1264,-0.343966,0.643264,-0.669787,0.138866,-0.994396,1.859658,-1.936334,-0.371915,0.179426,0.410903,0.458636,2.473654,-0.326695
2411,1776148704884,26.806874,-581.426,111.8183,-507.1758,-0.344253,0.64255,-0.670332,0.138837,-0.99524,1.857623,-1.937941,-0.371687,0.17941,0.410951,0.456997,2.474716,-0.328445
2412,1776148704895,26.817986,-581.2439,111.5463,-507.119,-0.344603,0.642231,-0.670596,0.138168,-0.996629,1.857401,-1.939436,-0.371589,0.179391,0.410973,0.456058,2.475296,-0.329305
2413,1776148704907,26.829097,-581.0349,111.6367,-507.4379,-0.344729,0.641828,-0.670968,0.137919,-0.997132,1.856496,-1.940783,-0.371383,0.179386,0.410965,0.454376,2.476266,-0.3312
2414,1776148704918,26.840208,-580.9224,111.8133,-507.6787,-0.345088,0.641657,-0.671098,0.137179,-0.998589,1.856779,-1.941971,-0.371271,0.179382,0.410995,0.453547,2.476834,-0.332118
2415,1776148704929,26.851319,-580.598,111.645,-507.4607,-0.344886,0.641302,-0.671696,0.136417,-0.998434,1.856549,-1.944539,-0.371145,0.179387,0.411021,0.45282,2.477344,-0.333045
2416,1776148704940,26.86243,-580.4496,111.5312,-507.7342,-0.345619,0.640737,-0.671869,0.136365,-1.000586,1.854967,-1.945098,-0.370918,0.179376,0.411048,0.451026,2.478426,-0.334995
2417,1776148704951,26.873542,-580.3458,111.5628,-507.7166,-0.34569,0.640401,-0.672305,0.135614,-1.001214,1.854782,-1.947185,-0.370806,0.179372,0.41105,0.450168,2.478895,-0.335939
2418,1776148704962,26.884653,-580.4485,111.507,-507.9231,-0.345593,0.64007,-0.672795,0.134992,-1.001286,1.854476,-1.94929,-0.370681,0.17935,0.411071,0.449225,2.479434,-0.336892
2419,1776148704973,26.895764,-580.3245,111.3701,-508.0568,-0.345802,0.639689,-0.67316,0.134441,-1.002205,1.853951,-1.950956,-0.370428,0.179342,0.411124,0.44769,2.480546,-0.3388
2420,1776148704984,26.906876,-580.2189,111.4354,-508.2448,-0.346073,0.639051,-0.673664,0.134255,-1.003097,1.852296,-1.952622,-0.3703,0.179313,0.411154,0.446818,2.481163,-0.339721
2421,1776148704995,26.917987,-579.8889,111.4953,-508.3108,-0.346361,0.638576,-0.674049,0.13384,-1.004167,1.851354,-1.954197,-0.370048,0.179298,0.411183,0.445162,2.482243,-0.341693
2422,1776148705007,26.929098,-579.6443,111.4743,-508.5253,-0.346614,0.63825,-0.674365,0.133147,-1.005293,1.851134,-1.955881,-0.369926,0.179292,0.411184,0.444269,2.482744,-0.34275
2423,1776148705018,26.940209,-579.5876,111.7091,-508.5433,-0.346735,0.638081,-0.674582,0.132539,-1.005993,1.851282,-1.957185,-0.369792,0.179295,0.411189,0.44352,2.483241,-0.34379
2424,1776148705029,26.951321,-579.3063,111.8864,-508.616,-0.346859,0.637621,-0.675059,0.132001,-1.006658,1.850513,-1.959166,-0.36954,0.179243,0.411259,0.441888,2.484363,-0.345656
2425,1776148705040,26.962432,-579.1388,112.1199,-508.4885,-0.347246,0.637127,-0.675387,0.131691,-1.007959,1.849403,-1.960462,-0.369409,0.179243,0.411269,0.441052,2.484892,-0.34675
2426,1776148705051,26.973543,-578.9943,112.0553,-508.6894,-0.347328,0.636663,-0.675892,0.131126,-1.00852,1.848649,-1.962556,-0.369149,0.179194,0.411337,0.439373,2.486019,-0.348744
2427,1776148705062,26.984654,-578.8247,111.8763,-508.69,-0.34761,0.636343,-0.67615,0.130604,-1.009638,1.848267,-1.963886,-0.369014,0.179175,0.411376,0.438508,2.486579,-0.349749
2428,1776148705073,26.995766,-578.7269,111.9091,-508.7422,-0.348073,0.635893,-0.676406,0.130231,-1.011199,1.847353,-1.965047,-0.368885,0.179166,0.411393,0.437679,2.48712,-0.350828
2429,1776148705084,27.006877,-578.3981,111.8361,-508.875,-0.348016,0.635422,-0.676997,0.129614,-1.011386,1.846629,-1.967452,-0.368654,0.179123,0.411392,0.435807,2.488134,-0.35297
2430,1776148705095,27.017988,-578.228,111.8266,-509.0329,-0.34848,0.635049,-0.677199,0.129136,-1.013009,1.846047,-1.968576,-0.368517,0.179117,0.411427,0.434895,2.488738,-0.354055
2431,1776148705107,27.029099,-578.0947,111.8831,-509.1312,-0.348527,0.634431,-0.677827,0.128755,-1.013367,1.84465,-1.970827,-0.368257,0.179087,0.411465,0.433099,2.489856,-0.356226
2432,1776148705118,27.040211,-578.0919,112.0724,-509.3021,-0.348679,0.634023,-0.678278,0.127974,-1.014257,1.844283,-1.973015,-0.368133,0.179078,0.411486,0.432221,2.49044,-0.35722
2433,1776148705129,27.051322,-578.015,112.0791,-509.1269,-0.349038,0.633513,-0.678632,0.127644,-1.015491,1.843144,-1.974415,-0.36801,0.179068,0.411498,0.431282,2.490984,-0.358423
2434,1776148705140,27.062433,-577.6041,112.2739,-509.301,-0.349115,0.633055,-0.67915,0.126945,-1.01612,1.842547,-1.976709,-0.367755,0.179053,0.411541,0.429541,2.49211,-0.360606
2435,1776148705151,27.073544,-577.4008,112.1501,-509.3797,-0.349478,0.632557,-0.679513,0.12649,-1.017441,1.841573,-1.978277,-0.367622,0.179037,0.411573,0.428555,2.492743,-0.361814
2436,1776148705162,27.084656,-577.3922,112.4462,-509.7378,-0.34972,0.632159,-0.679871,0.125881,-1.0185,1.841054,-1.980007,-0.367492,0.179055,0.411565,0.427702,2.493286,-0.363025
2437,1776148705173,27.095767,-577.2405,112.3194,-509.8375,-0.349841,0.63162,-0.680417,0.125303,-1.019188,1.84009,-1.982249,-0.367233,0.179032,0.411603,0.425819,2.494393,-0.365379
2438,1776148705184,27.106878,-577.0814,112.3859,-509.8666,-0.350022,0.63106,-0.680899,0.124996,-1.019892,1.838782,-1.984002,-0.367097,0.179035,0.411619,0.424933,2.494977,-0.366575
2439,1776148705195,27.117989,-576.879,112.4765,-509.921,-0.35016,0.630463,-0.681476,0.124479,-1.020596,1.837582,-1.986269,-0.366815,0.17902,0.411707,0.423246,2.49626,-0.369001
2440,1776148705207,27.1291,-576.709,112.556,-510.0726,-0.350485,0.629969,-0.68184,0.124069,-1.021784,1.836574,-1.987795,-0.366687,0.179014,0.411722,0.422268,2.496813,-0.370261
2441,1776148705218,27.140212,-576.4933,112.6121,-510.0959,-0.350509,0.629519,-0.682383,0.123298,-1.022303,1.836069,-1.990255,-0.366542,0.17901,0.411757,0.421389,2.497471,-0.371513
2442,1776148705229,27.151323,-576.4059,112.6204,-510.2966,-0.350905,0.629189,-0.682585,0.122739,-1.023785,1.835693,-1.991478,-0.366279,0.178968,0.411813,0.419447,2.498685,-0.373978
2443,1776148705240,27.162434,-576.2336,112.7583,-510.4353,-0.351064,0.628333,-0.683327,0.122543,-1.024364,1.8334,-1.993866,-0.366137,0.178981,0.411822,0.418629,2.499258,-0.37529
2444,1776148705251,27.173545,-575.9863,112.6849,-510.4405,-0.351276,0.627686,-0.683927,0.121896,-1.025362,1.832191,-1.996356,-0.365862,0.178952,0.411881,0.416786,2.500566,-0.377912
2445,1776148705262,27.184657,-575.7341,112.5443,-510.5174,-0.351133,0.627321,-0.684493,0.121006,-1.025464,1.832058,-1.999025,-0.365722,0.178954,0.411902,0.415934,2.501202,-0.379266
2446,1776148705273,27.195768,-575.5889,112.8027,-510.6686,-0.351756,0.627089,-0.684463,0.120576,-1.027537,1.83183,-1.999428,-0.365606,0.17893,0.411896,0.41486,2.501796,-0.380594
2447,1776148705284,27.206879,-575.385,112.7298,-510.8037,-0.35174,0.625905,-0.685616,0.120222,-1.0277,1.828741,-2.003204,-0.365335,0.178888,0.411922,0.413098,2.503023,-0.383354
2448,1776148705295,27.21799,-575.2159,112.7038,-511.0863,-0.352161,0.62616,-0.685287,0.119533,-1.029335,1.830208,-2.003033,-0.365198,0.178865,0.411938,0.412271,2.503663,-0.384629
2449,1776148705307,27.229101,-575.0994,112.6712,-510.8928,-0.352392,0.625372,-0.685976,0.119024,-1.030309,1.82844,-2.00563,-0.364915,0.178839,0.411958,0.410617,2.50494,-0.387542
2450,1776148705318,27.240213,-575.0385,112.5311,-511.1758,-0.352607,0.62463,-0.686665,0.118308,-1.031362,1.82702,-2.008471,-0.364793,0.178809,0.411937,0.409575,2.505525,-0.389051
2451,1776148705329,27.251324,-575.0898,112.9434,-511.165,-0.353115,0.624174,-0.686853,0.11811,-1.032966,1.825894,-2.009247,-0.364662,0.178798,0.411936,0.408729,2.506084,-0.390524
2452,1776148705340,27.262435,-574.8471,112.8331,-511.3623,-0.353116,0.623617,-0.687504,0.117262,-1.033471,1.825152,-2.01213,-0.364407,0.17876,0.411953,0.406951,2.507444,-0.393419
2453,1776148705351,27.273547,-574.6146,112.9101,-511.3378,-0.352796,0.622847,-0.688505,0.116438,-1.033022,1.823759,-2.016015,-0.364274,0.178698,0.412006,0.406111,2.5082,-0.394759
2454,1776148705362,27.284658,-574.4442,112.7879,-511.3635,-0.353342,0.622279,-0.688792,0.11612,-1.034812,1.822432,-2.017222,-0.364153,0.178682,0.412019,0.405166,2.508881,-0.396225
2455,1776148705373,27.295769,-574.4193,112.9061,-511.3605,-0.353546,0.621836,-0.689195,0.115481,-1.035789,1.821802,-2.019144,-0.363908,0.178632,0.412073,0.403415,2.510341,-0.399164
2456,1776148705384,27.30688,-574.3768,112.9388,-511.547,-0.353465,0.621098,-0.690032,0.114702,-1.036017,1.820454,-2.022502,-0.363787,0.178624,0.41206,0.402407,2.510997,-0.400792
2457,1776148705395,27.317992,-574.1702,112.9974,-511.6472,-0.353603,0.620373,-0.690703,0.114153,-1.036748,1.818906,-2.02511,-0.363561,0.178573,0.412076,0.400601,2.512359,-0.403736
2458,1776148705407,27.329103,-574.0355,112.7928,-511.6375,-0.353739,0.619633,-0.691407,0.11349,-1.037541,1.81743,-2.027947,-0.363451,0.178558,0.412061,0.399676,2.512977,-0.405224
2459,1776148705418,27.340214,-573.7224,112.8637,-511.5947,-0.35391,0.618762,-0.692194,0.112909,-1.038391,1.815482,-2.030935,-0.363332,0.178531,0.412071,0.398716,2.513679,-0.406746
2460,1776148705429,27.351325,-573.4763,112.9027,-511.6788,-0.354411,0.618422,-0.692302,0.112536,-1.040085,1.814874,-2.031688,-0.363116,0.178451,0.412085,0.396717,2.515025,-0.409765
2461,1776148705440,27.362437,-573.2129,112.8217,-511.6682,-0.354433,0.617757,-0.693019,0.111706,-1.040648,1.813791,-2.034765,-0.362999,0.17842,0.412101,0.395705,2.515782,-0.411266
2462,1776148705451,27.373548,-573.1029,112.9458,-511.8347,-0.354834,0.617125,-0.693443,0.111293,-1.042072,1.812366,-2.036496,-0.362776,0.178341,0.41212,0.393732,2.51713,-0.414234
2463,1776148705462,27.384659,-572.98,112.8127,-511.9332,-0.355018,0.616252,-0.694199,0.110835,-1.042887,1.810281,-2.039253,-0.362663,0.178307,0.412127,0.392839,2.517789,-0.415768
2464,1776148705473,27.39577,-572.8223,113.0043,-511.847,-0.355142,0.615634,-0.694802,0.110086,-1.043704,1.809247,-2.041909,-0.36255,0.178263,0.412156,0.391903,2.518527,-0.417227
2465,1776148705484,27.406881,-572.7023,112.893,-511.9152,-0.35556,0.614913,-0.695285,0.109718,-1.045154,1.807512,-2.043763,-0.362345,0.178193,0.412147,0.389849,2.519817,-0.420322
2466,1776148705495,27.417993,-572.5699,112.8367,-511.9873,-0.35541,0.614471,-0.69591,0.108714,-1.045319,1.807261,-2.046788,-0.362242,0.178154,0.412142,0.388881,2.520529,-0.421861
2467,1776148705507,27.429104,-572.4653,113.012,-512.1188,-0.355761,0.613965,-0.696271,0.108109,-1.046718,1.806405,-2.048567,-0.362038,0.178092,0.412177,0.387041,2.521949,-0.424888
2468,1776148705518,27.440215,-572.2816,112.9383,-512.2213,-0.355729,0.613359,-0.696929,0.107414,-1.047045,1.805349,-2.051327,-0.36193,0.178066,0.412195,0.38613,2.522672,-0.426405
2469,1776148705529,27.451326,-572.041,112.9757,-512.2113,-0.356079,0.612751,-0.697361,0.106915,-1.048379,1.80408,-2.05319,-0.361834,0.178027,0.412201,0.385182,2.523342,-0.427946
2470,1776148705540,27.462437,-571.957,112.9498,-512.3863,-0.355998,0.611949,-0.69821,0.106244,-1.048546,1.802417,-2.056489,-0.361618,0.177964,0.412253,0.383425,2.524834,-0.43102
2471,1776148705551,27.473548,-571.9737,113.1499,-512.3524,-0.356483,0.611318,-0.69859,0.105751,-1.050276,1.801074,-2.058195,-0.361507,0.177941,0.412259,0.382525,2.525544,-0.432593
2472,1776148705562,27.48466,-571.6298,113.0555,-512.4708,-0.356587,0.610405,-0.699394,0.105362,-1.050818,1.798789,-2.061029,-0.361399,0.177919,0.412287,0.381576,2.526282,-0.434065
2473,1776148705573,27.495771,-571.5646,113.2069,-512.4446,-0.356763,0.610069,-0.699717,0.104556,-1.05183,1.798641,-2.062945,-0.361185,0.177884,0.412322,0.379728,2.527814,-0.437199
2474,1776148705584,27.506883,-571.4201,113.0384,-512.5809,-0.356737,0.609286,-0.700492,0.104019,-1.052081,1.79689,-2.065875,-0.361083,0.177862,0.412338,0.378788,2.528524,-0.438715
2475,1776148705595,27.517994,-571.2247,113.0673,-512.6684,-0.357214,0.608385,-0.701074,0.103738,-1.053658,1.794528,-2.067926,-0.360881,0.177822,0.412329,0.37692,2.529871,-0.441822
2476,1776148705607,27.529105,-571.1048,113.1008,-512.5475,-0.357399,0.607996,-0.70142,0.103041,-1.054632,1.794105,-2.069787,-0.360778,0.177797,0.412348,0.375964,2.530613,-0.443306
2477,1776148705618,27.540216,-570.8677,113.2012,-512.6517,-0.357501,0.607227,-0.702121,0.102438,-1.055302,1.792466,-2.072582,-0.360684,0.177752,0.412369,0.374946,2.531326,-0.444799
2478,1776148705629,27.551327,-570.8055,112.9775,-512.7113,-0.357611,0.606887,-0.702466,0.101705,-1.056078,1.792224,-2.074482,-0.360497,0.177682,0.412386,0.373087,2.532753,-0.447768
2479,1776148705640,27.562438,-570.6051,113.1285,-512.7365,-0.357675,0.605862,-0.703388,0.101219,-1.056564,1.789703,-2.077795,-0.360403,0.177659,0.412401,0.372125,2.53347,-0.4493
2480,1776148705651,27.57355,-570.6367,113.042,-512.7519,-0.357855,0.605304,-0.70388,0.100498,-1.05754,1.788804,-2.080119,-0.360223,0.177601,0.412449,0.370143,2.534964,-0.452231
2481,1776148705662,27.584661,-570.5987,112.9692,-512.7843,-0.357905,0.604685,-0.704497,0.099721,-1.058166,1.787784,-2.082885,-0.360139,0.177574,0.412462,0.369144,2.5357,-0.453681
2482,1776148705673,27.595772,-570.6247,113.0156,-512.7159,-0.35818,0.60398,-0.705009,0.099393,-1.05918,1.786041,-2.084795,-0.360056,0.177561,0.412463,0.368234,2.536381,-0.455165
2483,1776148705684,27.606883,-570.3831,112.8559,-512.7182,-0.358342,0.603499,-0.70544,0.098666,-1.06011,1.785376,-2.086955,-0.359874,0.177542,0.412505,0.366495,2.537828,-0.458179
2484,1776148705695,27.617994,-570.3254,112.8896,-512.7481,-0.35826,0.602785,-0.706211,0.097805,-1.060399,1.784159,-2.090286,-0.359802,0.177502,0.412525,0.365472,2.538494,-0.459656
2485,1776148705707,27.629106,-570.2702,112.7377,-512.7571,-0.358488,0.602664,-0.706318,0.096939,-1.061612,1.784703,-2.091659,-0.359638,0.177459,0.412581,0.363619,2.539967,-0.462662
2486,1776148705718,27.640217,-570.0018,113.2332,-513.1176,-0.358633,0.60177,-0.707082,0.096383,-1.062386,1.782635,-2.094603,-0.35957,0.177444,0.412584,0.362643,2.540612,-0.464224
2487,1776148705729,27.651328,-570.0237,113.3508,-513.2049,-0.35926,0.601275,-0.707227,0.096079,-1.064431,1.781485,-2.095404,-0.359484,0.177402,0.412626,0.361691,2.541386,-0.465601
2488,1776148705740,27.662439,-569.8707,113.4839,-513.2432,-0.359188,0.600472,-0.708021,0.095513,-1.06457,1.779695,-2.098452,-0.359327,0.177363,0.412659,0.359842,2.542776,-0.468617
2489,1776148705751,27.673551,-569.7161,113.6247,-513.431,-0.35849,0.599977,-0.708972,0.09419,-1.063324,1.779604,-2.102895,-0.359244,0.177354,0.412658,0.35903,2.543466,-0.470167
2490,1776148705762,27.684662,-569.6328,113.1944,-513.3492,-0.358323,0.599396,-0.709658,0.093356,-1.063347,1.778749,-2.105958,-0.359173,0.17735,0.412676,0.3581,2.544187,-0.471697
2491,1776148705773,27.695773,-569.6127,113.1925,-513.3419,-0.358334,0.598647,-0.71039,0.092541,-1.06389,1.777375,-2.109139,-0.359026,0.177321,0.412709,0.35631,2.545596,-0.474668
2492,1776148705784,27.706885,-569.5993,113.595,-513.2507,-0.359541,0.597417,-0.710672,0.093642,-1.066785,1.772578,-2.108613,-0.358944,0.177307,0.412744,0.355518,2.546321,-0.476131
2493,1776148705795,27.717996,-569.4088,113.4942,-513.2126,-0.359452,0.597285,-0.710996,0.092357,-1.067322,1.773521,-2.111166,-0.358794,0.177261,0.412781,0.353787,2.54768,-0.479018
2494,1776148705807,27.729107,-569.0482,113.0445,-513.2612,-0.358574,0.59674,-0.712073,0.090988,-1.065572,1.773325,-2.116059,-0.3587,0.17723,0.41283,0.352995,2.548517,-0.480441
2495,1776148705818,27.740218,-568.8651,112.9489,-513.3948,-0.358621,0.596284,-0.712534,0.090174,-1.066219,1.772819,-2.118444,-0.358619,0.177215,0.412846,0.352189,2.549203,-0.481914
2496,1776148705829,27.75133,-568.8386,113.1574,-513.5388,-0.358807,0.594888,-0.713597,0.090249,-1.066727,1.768591,-2.121509,-0.358425,0.177154,0.412902,0.350487,2.550702,-0.484697
2497,1776148705840,27.762441,-568.5434,113.3788,-513.8336,-0.359606,0.594093,-0.71386,0.090234,-1.069111,1.766242,-2.122309,-0.358344,0.177128,0.412915,0.3496,2.551388,-0.486097
2498,1776148705851,27.773552,-568.4832,113.1796,-513.6766,-0.359924,0.593903,-0.713938,0.089595,-1.070458,1.766339,-2.123339,-0.358185,0.177074,0.412916,0.347855,2.552732,-0.488817
2499,1776148705862,27.784664,-568.1946,113.5658,-513.7861,-0.359803,0.593396,-0.714514,0.088842,-1.070571,1.765614,-2.125994,-0.358094,0.177057,0.41292,0.34709,2.553421,-0.49019
2500,1776148705873,27.795775,-568.1635,113.3063,-513.8784,-0.360231,0.592622,-0.714962,0.088674,-1.071951,1.763486,-2.127536,-0.358012,0.177029,0.412938,0.346312,2.55417,-0.491479
2501,1776148705884,27.806886,-568.0453,113.1313,-513.8472,-0.359884,0.592449,-0.715434,0.087416,-1.071712,1.764275,-2.130519,-0.35785,0.176969,0.412921,0.344606,2.555468,-0.494126
2502,1776148705895,27.817997,-567.8413,112.8075,-513.9248,-0.360083,0.591647,-0.716011,0.087309,-1.072373,1.761998,-2.13237,-0.35778,0.176925,0.412929,0.343703,2.556168,-0.49535
2503,1776148705907,27.829109,-568.0371,112.9967,-514.0571,-0.360127,0.591305,-0.716377,0.086432,-1.073057,1.76189,-2.134562,-0.357622,0.176878,0.412905,0.342031,2.557488,-0.497907
2504,1776148705918,27.84022,-567.882,113.4004,-514.1276,-0.360181,0.590676,-0.716918,0.086027,-1.073475,1.760435,-2.136684,-0.357546,0.176847,0.412908,0.341156,2.558178,-0.499157
2505,1776148705929,27.851331,-567.7232,112.9835,-514.0222,-0.360122,0.590224,-0.717415,0.085224,-1.073807,1.759923,-2.139177,-0.357461,0.176843,0.412886,0.34044,2.55881,-0.500463
2506,1776148705940,27.862442,-567.7687,113.4708,-514.2889,-0.360358,0.589744,-0.717747,0.08475,-1.074809,1.758983,-2.140767,-0.357313,0.176802,0.412854,0.338832,2.560011,-0.503069
2507,1776148705951,27.873553,-567.601,113.3387,-514.0754,-0.359833,0.589521,-0.718339,0.083504,-1.074036,1.759612,-2.14411,-0.357236,0.176783,0.412844,0.338063,2.560579,-0.504325
2508,1776148705962,27.884665,-567.5947,113.3361,-514.3202,-0.360103,0.589215,-0.718507,0.083068,-1.075116,1.75915,-2.145161,-0.357176,0.17675,0.412824,0.337199,2.561214,-0.505543
2509,1776148705973,27.895776,-567.5436,113.5464,-514.0633,-0.360184,0.588319,-0.719241,0.082711,-1.075585,1.756846,-2.147806,-0.357043,0.176694,0.412826,0.33569,2.562484,-0.507888
2510,1776148705984,27.906887,-567.4249,113.6643,-514.3276,-0.360135,0.587739,-0.719805,0.082142,-1.0758,1.755703,-2.150214,-0.356966,0.176687,0.412829,0.334949,2.563165,-0.509122
2511,1776148705995,27.917998,-567.4158,113.636,-514.2422,-0.360419,0.58716,-0.72017,0.081836,-1.076844,1.754291,-2.151694,-0.356824,0.176622,0.41286,0.333512,2.56447,-0.511347
2512,1776148706007,27.929109,-567.2661,113.6077,-514.2075,-0.36024,0.58665,-0.720736,0.081292,-1.076657,1.753334,-2.154079,-0.356747,0.176599,0.412858,0.332845,2.565083,-0.512619
2513,1776148706018,27.940221,-567.0585,113.7437,-514.3749,-0.360446,0.586245,-0.72101,0.080875,-1.07754,1.752554,-2.155428,-0.356671,0.176579,0.412879,0.332225,2.56568,-0.513723
2514,1776148706029,27.951332,-566.7979,113.4912,-514.3616,-0.360578,0.585705,-0.72144,0.080362,-1.078261,1.751472,-2.15737,-0.356542,0.176529,0.412858,0.330735,2.566814,-0.515963
2515,1776148706040,27.962443,-566.7382,113.4148,-514.4545,-0.360143,0.585276,-0.722111,0.079399,-1.077575,1.751189,-2.160609,-0.356468,0.176511,0.412866,0.330059,2.567479,-0.517092
2516,1776148706051,27.973555,-566.5867,113.3641,-514.4844,-0.360491,0.585033,-0.722177,0.079013,-1.078863,1.750862,-2.161301,-0.356342,0.176469,0.41285,0.328748,2.568564,-0.519291
2517,1776148706062,27.984666,-566.4889,113.3305,-514.5386,-0.360578,0.58477,-0.722407,0.078458,-1.079479,1.750651,-2.162701,-0.35629,0.176426,0.412862,0.327918,2.569201,-0.520234
2518,1776148706073,27.995777,-566.376,113.4678,-514.662,-0.360443,0.584454,-0.722801,0.077799,-1.079497,1.750389,-2.164729,-0.356212,0.176399,0.412884,0.327362,2.56986,-0.521256
2519,1776148706084,28.006889,-566.3666,113.2946,-514.5612,-0.360436,0.583889,-0.723316,0.077296,-1.079798,1.749219,-2.166917,-0.356111,0.176339,0.412867,0.326114,2.570895,-0.523158
2520,1776148706095,28.018,-566.2603,113.5215,-514.7634,-0.360507,0.583322,-0.723778,0.076915,-1.080255,1.747918,-2.168791,-0.356036,0.176329,0.412899,0.325516,2.571572,-0.524138
2521,1776148706107,28.029111,-566.4492,113.559,-514.8978,-0.360668,0.582826,-0.724124,0.07666,-1.0809,1.746695,-2.170157,-0.355921,0.176302,0.412897,0.324374,2.572649,-0.526078
2522,1776148706118,28.040222,-566.4087,113.4974,-514.7927,-0.360555,0.582773,-0.724297,0.075957,-1.081012,1.747266,-2.171584,-0.355877,0.176282,0.412895,0.323765,2.573155,-0.526999
2523,1776148706129,28.051333,-566.4521,113.6309,-514.6281,-0.360462,0.582192,-0.724852,0.075563,-1.080989,1.745934,-2.173755,-0.355806,0.17628,0.412909,0.323275,2.573748,-0.527976
2524,1776148706140,28.062444,-566.2634,113.6166,-514.6882,-0.360971,0.58129,-0.725304,0.075737,-1.082403,1.743047,-2.174886,-0.35571,0.176222,0.41292,0.322105,2.574909,-0.52974
2525,1776148706151,28.073555,-566.033,113.5191,-514.7386,-0.360712,0.580866,-0.725825,0.075231,-1.081952,1.742302,-2.177102,-0.355668,0.176225,0.412915,0.32153,2.575386,-0.530758
2526,1776148706162,28.084667,-565.9072,113.3442,-514.8173,-0.360443,0.580874,-0.726039,0.074393,-1.081684,1.743193,-2.178831,-0.355607,0.176209,0.412924,0.321017,2.575896,-0.531684
2527,1776148706173,28.095778,-565.7395,113.5419,-514.6613,-0.360506,0.580703,-0.726206,0.073781,-1.082268,1.743317,-2.180127,-0.355492,0.176158,0.412958,0.319938,2.576973,-0.533397
2528,1776148706184,28.106889,-565.5819,113.3531,-514.6985,-0.360531,0.580526,-0.726389,0.073256,-1.082681,1.743329,-2.181359,-0.355448,0.176146,0.412972,0.319337,2.577552,-0.534251
2529,1776148706196,28.118,-565.5843,113.6659,-514.6971,-0.360358,0.57981,-0.727074,0.072976,-1.082343,1.741471,-2.183782,-0.355335,0.1761,0.412948,0.318266,2.578625,-0.536042
2530,1776148706207,28.129111,-565.3487,113.6976,-514.862,-0.360553,0.579549,-0.727216,0.072674,-1.083124,1.740999,-2.184599,-0.355294,0.176094,0.412914,0.317716,2.579061,-0.536895
2531,1776148706218,28.140222,-565.1866,113.6587,-514.9412,-0.359809,0.579501,-0.727733,0.071565,-1.081602,1.742007,-2.1876,-0.355235,0.176066,0.412931,0.317231,2.579632,-0.537683
2532,1776148706229,28.151334,-564.9964,113.4838,-514.9711,-0.359943,0.579341,-0.727841,0.071085,-1.082316,1.742025,-2.188553,-0.355143,0.176069,0.412866,0.316228,2.580538,-0.539455
2533,1776148706240,28.162445,-564.9249,113.3701,-514.9745,-0.360315,0.578329,-0.728419,0.071508,-1.083162,1.738544,-2.189738,-0.355092,0.176053,0.412897,0.315798,2.581119,-0.540159
2534,1776148706251,28.173556,-565.0882,113.4655,-515.0999,-0.360376,0.578018,-0.728696,0.070901,-1.083737,1.738238,-2.191363,-0.355011,0.176017,0.412887,0.314794,2.582218,-0.54176
2535,1776148706262,28.184667,-565.1904,113.6379,-515.1729,-0.359841,0.577921,-0.729128,0.069964,-1.082734,1.738921,-2.193889,-0.354975,0.175994,0.412879,0.314273,2.582736,-0.542493
2536,1776148706273,28.195779,-565.287,113.5394,-515.046,-0.3597,0.577927,-0.729243,0.06944,-1.082649,1.739481,-2.194922,-0.354918,0.175992,0.412902,0.313894,2.583372,-0.543173
2537,1776148706284,28.20689,-565.2295,113.4034,-514.9997,-0.35975,0.57765,-0.729484,0.068948,-1.083118,1.739161,-2.196294,-0.354844,0.175951,0.412868,0.312978,2.584439,-0.544616
2538,1776148706296,28.218001,-565.1727,113.906,-514.8938,-0.359928,0.577061,-0.729856,0.069017,-1.083608,1.737317,-2.197323,-0.354818,0.17592,0.412855,0.31252,2.58499,-0.545222
2539,1776148706307,28.229113,-565.064,113.3689,-515.1099,-0.359858,0.57645,-0.730403,0.068701,-1.083604,1.735803,-2.199386,-0.354722,0.175887,0.41284,0.311621,2.58622,-0.546572
2540,1776148706318,28.240224,-565.1998,113.4928,-515.1639,-0.359844,0.576234,-0.730606,0.068422,-1.08374,1.735444,-2.200365,-0.354674,0.175875,0.412864,0.311224,2.586885,-0.547162
2541,1776148706329,28.251335,-564.9198,113.9633,-515.3041,-0.359836,0.575972,-0.730848,0.06809,-1.083933,1.734999,-2.20153,-0.354622,0.175872,0.412838,0.310808,2.587439,-0.54796
2542,1776148706340,28.262446,-564.8331,113.9308,-515.1183,-0.359724,0.575958,-0.730973,0.067458,-1.084008,1.735613,-2.202741,-0.354508,0.175857,0.412873,0.310132,2.588808,-0.549256
2543,1776148706351,28.273557,-564.825,113.8039,-515.0259,-0.359345,0.575682,-0.731434,0.066832,-1.083269,1.735433,-2.204958,-0.354454,0.175829,0.412876,0.309734,2.589436,-0.549864
2544,1776148706362,28.284669,-564.8223,113.4387,-515.0927,-0.359295,0.575622,-0.731563,0.066202,-1.083527,1.735907,-2.206178,-0.354428,0.1758,0.412848,0.309171,2.590003,-0.550524
2545,1776148706373,28.29578,-564.4703,113.7014,-515.04,-0.358845,0.575636,-0.731844,0.065406,-1.082687,1.736778,-2.208082,-0.354332,0.175787,0.412827,0.308483,2.591165,-0.551916
2546,1776148706384,28.306891,-564.358,113.622,-515.0451,-0.358873,0.575522,-0.73197,0.064841,-1.08314,1.737024,-2.20921,-0.354289,0.175761,0.412841,0.308064,2.591825,-0.552485
2547,1776148706396,28.318003,-564.2549,113.5463,-515.0849,-0.359014,0.57474,-0.732492,0.0651,-1.083398,1.734394,-2.210444,-0.354224,0.175712,0.412824,0.307294,2.593071,-0.553684
2548,1776148706407,28.329114,-564.3036,113.6234,-515.0812,-0.358667,0.575074,-0.732486,0.064132,-1.08298,1.73641,-2.211708,-0.354167,0.175678,0.412851,0.306873,2.593788,-0.554252
2549,1776148706418,28.340225,-564.0687,113.3944,-515.1127,-0.358672,0.573936,-0.73336,0.064314,-1.082875,1.732784,-2.214105,-0.35413,0.175677,0.412851,0.306584,2.594456,-0.554808
2550,1776148706429,28.351337,-564.2792,113.6856,-515.3358,-0.358848,0.573834,-0.733384,0.063958,-1.083639,1.732847,-2.214654,-0.354034,0.175626,0.412854,0.305766,2.595761,-0.555991
2551,1776148706440,28.362448,-564.1316,114.0893,-515.5203,-0.358579,0.573754,-0.733638,0.063277,-1.08327,1.733314,-2.216324,-0.353982,0.175626,0.412844,0.305525,2.596361,-0.556698
2552,1776148706451,28.373559,-564.1161,114.0072,-515.5214,-0.35857,0.573521,-0.733863,0.062831,-1.083532,1.733074,-2.217599,-0.353904,0.175576,0.412866,0.304668,2.597672,-0.557895
2553,1776148706462,28.38467,-564.0925,113.3797,-515.5511,-0.358225,0.573366,-0.734211,0.062134,-1.082944,1.733334,-2.219582,-0.353835,0.17556,0.412911,0.3044,2.598435,-0.558447
2554,1776148706473,28.395781,-564.0074,113.6365,-515.5068,-0.358237,0.573027,-0.734495,0.061839,-1.083172,1.732617,-2.220835,-0.353804,0.175546,0.412894,0.303962,2.599044,-0.559115
2555,1776148706484,28.406893,-563.8355,113.9565,-515.2842,-0.358237,0.572556,-0.734874,0.061695,-1.083266,1.731344,-2.222173,-0.353716,0.175494,0.41289,0.303237,2.600295,-0.560261
2556,1776148706496,28.418004,-563.7234,113.9232,-515.4177,-0.357888,0.572804,-0.734923,0.06084,-1.082768,1.732984,-2.223466,-0.353666,0.175488,0.41286,0.302922,2.600879,-0.56098
2557,1776148706507,28.429115,-563.6432,113.8044,-515.4016,-0.357646,0.572738,-0.735153,0.06009,-1.082525,1.73357,-2.225168,-0.353556,0.175489,0.412895,0.302276,2.60236,-0.562204
2558,1776148706518,28.440226,-563.5224,113.5444,-515.4155,-0.357319,0.572423,-0.735594,0.059636,-1.081833,1.733089,-2.227112,-0.353517,0.175448,0.412906,0.301806,2.603088,-0.562758
2559,1776148706529,28.451338,-563.167,113.5186,-515.4591,-0.357288,0.572103,-0.735896,0.059162,-1.082049,1.732617,-2.228665,-0.353469,0.175442,0.412879,0.301484,2.603691,-0.563405
2560,1776148706540,28.462449,-563.2426,113.6384,-515.4702,-0.356936,0.57194,-0.736249,0.058467,-1.081436,1.732849,-2.23067,-0.353388,0.1754,0.41289,0.30076,2.605135,-0.564546
2561,1776148706551,28.47356,-563.1612,113.5418,-515.3078,-0.3569,0.571925,-0.736315,0.057999,-1.081631,1.733295,-2.2315,-0.353341,0.175385,0.412913,0.300451,2.605897,-0.564992
2562,1776148706562,28.484671,-563.3741,113.6267,-515.421,-0.35663,0.571622,-0.736732,0.057363,-1.081229,1.733041,-2.23362,-0.353301,0.175359,0.41291,0.300051,2.606627,-0.565572
2563,1776148706573,28.495782,-563.3379,113.892,-515.7146,-0.356402,0.571219,-0.737194,0.056852,-1.080871,1.732355,-2.235712,-0.353198,0.17532,0.412971,0.299468,2.608244,-0.566563
2564,1776148706584,28.506893,-563.3737,113.722,-515.7276,-0.356319,0.570968,-0.737458,0.056464,-1.080873,1.732,-2.237036,-0.353161,0.175301,0.412975,0.299172,2.609007,-0.567068
2565,1776148706596,28.518004,-563.4277,113.614,-515.7891,-0.356676,0.570117,-0.737925,0.056704,-1.081798,1.729168,-2.23813,-0.353081,0.175281,0.412961,0.298524,2.610471,-0.568169
2566,1776148706607,28.529116,-563.2849,113.4499,-516.0155,-0.356437,0.569985,-0.738192,0.056056,-1.081497,1.729445,-2.239817,-0.353036,0.175261,0.412974,0.298211,2.611287,-0.568611
2567,1776148706618,28.540227,-563.1628,113.3928,-515.9167,-0.355958,0.569897,-0.738548,0.055302,-1.080538,1.729967,-2.24192,-0.352999,0.17524,0.412976,0.297832,2.612062,-0.569171
2568,1776148706629,28.551338,-563.0987,113.2015,-515.9772,-0.355676,0.569837,-0.738781,0.054616,-1.08013,1.730505,-2.243559,-0.35291,0.175199,0.413012,0.297298,2.613725,-0.570112
2569,1776148706640,28.562449,-563.0724,113.826,-516.1766,-0.355501,0.569783,-0.738951,0.054022,-1.079987,1.73096,-2.244883,-0.352879,0.175176,0.413018,0.296867,2.614572,-0.570616
2570,1776148706651,28.573561,-562.7957,113.8404,-515.8678,-0.355306,0.569443,-0.739313,0.053935,-1.079452,1.73002,-2.246103,-0.352787,0.175158,0.413065,0.296279,2.616357,-0.571561
2571,1776148706662,28.584672,-563.0035,113.8795,-516.1306,-0.355446,0.56936,-0.73934,0.053515,-1.080154,1.730207,-2.246754,-0.352741,0.175138,0.413075,0.296022,2.617114,-0.572063
2572,1776148706673,28.595783,-562.5969,113.9701,-515.806,-0.354304,0.569855,-0.739607,0.05211,-1.077602,1.733189,-2.249483,-0.352707,0.175119,0.413091,0.295642,2.617992,-0.572552
2573,1776148706684,28.606894,-562.6755,114.05,-515.9338,-0.354599,0.56966,-0.739634,0.051855,-1.078664,1.732865,-2.249914,-0.352632,0.175085,0.413121,0.295033,2.619644,-0.57352
2574,1776148706696,28.618006,-562.6749,114.3537,-515.8688,-0.354437,0.56891,-0.740293,0.051796,-1.07821,1.730646,-2.251998,-0.352574,0.17508,0.413135,0.294831,2.620476,-0.57401
2575,1776148706707,28.629117,-562.6813,114.1563,-515.9896,-0.353817,0.568502,-0.74095,0.051108,-1.076775,1.730126,-2.254941,-0.352494,0.175039,0.413151,0.294342,2.622165,-0.575017
2576,1776148706718,28.640228,-562.6781,114.2492,-516.0835,-0.353739,0.568745,-0.740841,0.050523,-1.076921,1.731483,-2.255409,-0.352459,0.175046,0.413147,0.294071,2.623014,-0.575584
2577,1776148706729,28.651339,-562.3667,114.2276,-516.0745,-0.353457,0.568435,-0.741247,0.050033,-1.076383,1.731053,-2.257317,-0.352408,0.175015,0.413166,0.293801,2.62392,-0.576026
2578,1776148706740,28.66245,-562.4863,114.2764,-516.2358,-0.352874,0.568412,-0.741599,0.049172,-1.075169,1.731893,-2.259575,-0.352325,0.175,0.413155,0.293281,2.625557,-0.577069
2579,1776148706751,28.673562,-562.4186,114.3047,-516.0015,-0.352951,0.567978,-0.741897,0.049147,-1.075421,1.730596,-2.260515,-0.352278,0.174964,0.413149,0.292982,2.626345,-0.577573
2580,1776148706762,28.684673,-562.4744,114.1327,-515.8255,-0.352876,0.567783,-0.74211,0.048725,-1.075469,1.730446,-2.261745,-0.352239,0.174951,0.413147,0.292681,2.627217,-0.578122
2581,1776148706773,28.695784,-562.2159,114.5702,-516.0042,-0.352498,0.567596,-0.742472,0.04812,-1.074712,1.730514,-2.263684,-0.352151,0.174913,0.413143,0.292143,2.628905,-0.579152
2582,1776148706784,28.706896,-562.1757,114.4985,-516.0405,-0.352468,0.567538,-0.742568,0.047537,-1.075002,1.730951,-2.264782,-0.352104,0.174889,0.413145,0.291842,2.629757,-0.579634
2583,1776148706796,28.718007,-562.0214,114.2614,-516.2308,-0.352076,0.567253,-0.743014,0.046863,-1.07425,1.730793,-2.267073,-0.352018,0.174839,0.413155,0.29117,2.631508,-0.580638
2584,1776148706807,28.729118,-561.9891,114.1072,-516.0396,-0.351849,0.567059,-0.743298,0.046407,-1.073854,1.730685,-2.268572,-0.351972,0.174822,0.413149,0.290882,2.632324,-0.581148
2585,1776148706818,28.740229,-561.7701,114.3957,-516.2677,-0.351857,0.566767,-0.743542,0.046022,-1.074131,1.730198,-2.269848,-0.351919,0.174813,0.413144,0.290659,2.633158,-0.581687
2586,1776148706829,28.751341,-561.6796,114.2599,-516.3318,-0.351327,0.566714,-0.743877,0.045289,-1.072993,1.730812,-2.271888,-0.351824,0.174792,0.413134,0.290111,2.634894,-0.582773
2587,1776148706840,28.762452,-561.7898,114.4621,-516.3702,-0.35149,0.566395,-0.74406,0.04502,-1.073667,1.730121,-2.27282,-0.351774,0.174752,0.413132,0.289706,2.635755,-0.583298
2588,1776148706851,28.773563,-561.7699,114.0898,-516.3107,-0.351309,0.566236,-0.744297,0.044517,-1.073446,1.730166,-2.274243,-0.351696,0.174715,0.413117,0.289083,2.637486,-0.584257
2589,1776148706862,28.784674,-561.5598,114.3241,-516.0996,-0.350347,0.566288,-0.744782,0.043303,-1.071299,1.731611,-2.277414,-0.351639,0.174694,0.413113,0.288778,2.63839,-0.584772
2590,1776148706873,28.795786,-561.545,114.683,-516.4562,-0.350382,0.566195,-0.744863,0.042828,-1.071719,1.73183,-2.278326,-0.351592,0.174664,0.413116,0.28852,2.639319,-0.585262
2591,1776148706884,28.806897,-561.5131,114.5456,-516.4637,-0.350043,0.566136,-0.745107,0.042134,-1.071137,1.732386,-2.28004,-0.35148,0.174596,0.413154,0.287953,2.641228,-0.586107
2592,1776148706896,28.818008,-561.3802,114.1999,-516.5203,-0.349872,0.565506,-0.745676,0.041948,-1.070735,1.730656,-2.282042,-0.35143,0.17458,0.413137,0.287684,2.642097,-0.586566
2593,1776148706907,28.829119,-561.2949,114.0263,-516.5789,-0.349792,0.56551,-0.745744,0.041357,-1.070878,1.731295,-2.283075,-0.351316,0.174535,0.413124,0.287109,2.643895,-0.587439
2594,1776148706918,28.840231,-560.9271,114.3542,-516.3867,-0.349386,0.565215,-0.74618,0.040941,-1.06991,1.730833,-2.284994,-0.351243,0.174532,0.413111,0.286961,2.644787,-0.588011
2595,1776148706929,28.851342,-560.6812,114.2246,-516.3389,-0.349168,0.56508,-0.746424,0.040221,-1.069715,1.731183,-2.286751,-0.351202,0.174492,0.413121,0.286591,2.645735,-0.588432
2596,1776148706940,28.862453,-560.6678,114.2424,-516.4612,-0.348588,0.564976,-0.746809,0.039559,-1.068371,1.731569,-2.28886,-0.351085,0.174443,0.413107,0.286088,2.647516,-0.589375
2597,1776148706951,28.873564,-560.7164,114.2871,-516.6488,-0.348685,0.564942,-0.74682,0.038966,-1.069058,1.732095,-2.289728,-0.351044,0.174403,0.413094,0.285788,2.648357,-0.589794
2598,1776148706962,28.884676,-560.6182,114.4069,-516.454,-0.348214,0.564675,-0.747264,0.038535,-1.067897,1.731735,-2.291695,-0.350995,0.17439,0.413087,0.285486,2.649226,-0.590238
2599,1776148706973,28.895787,-560.5402,114.4927,-516.5016,-0.348429,0.5645,-0.747317,0.038125,-1.068825,1.731635,-2.292436,-0.350886,0.174322,0.413094,0.284954,2.650991,-0.591232
2600,1776148706984,28.906898,-560.3929,114.2727,-516.2643,-0.347752,0.564701,-0.747523,0.037291,-1.067294,1.733141,-2.294245,-0.350837,0.174318,0.413071,0.284731,2.65178,-0.591725
2601,1776148706996,28.918009,-560.2116,114.3569,-516.5668,-0.34771,0.564345,-0.747835,0.036822,-1.067475,1.732546,-2.295864,-0.350735,0.174234,0.413078,0.284054,2.653511,-0.592643
2602,1776148707007,28.92912,-560.2184,114.2544,-516.4003,-0.347212,0.563875,-0.748446,0.036288,-1.066297,1.731674,-2.298495,-0.350668,0.174214,0.413088,0.283834,2.654405,-0.593112
2603,1776148707018,28.940232,-560.2781,114.2558,-516.4948,-0.346872,0.563579,-0.74885,0.035814,-1.065563,1.731269,-2.300407,-0.350621,0.174196,0.413086,0.283581,2.655219,-0.593497
2604,1776148707029,28.951343,-560.1907,114.1889,-516.4216,-0.346613,0.563543,-0.749033,0.035058,-1.065264,1.731965,-2.30204,-0.350483,0.174175,0.413088,0.283119,2.656989,-0.594494
2605,1776148707040,28.962454,-560.2202,114.3049,-516.4338,-0.346351,0.563247,-0.749393,0.034699,-1.064695,1.731438,-2.303659,-0.350409,0.174167,0.413093,0.282943,2.657884,-0.594974
2606,1776148707051,28.973566,-560.1188,114.2858,-516.3864,-0.346242,0.563152,-0.74954,0.034149,-1.064721,1.731734,-2.304893,-0.350286,0.17413,0.413072,0.282408,2.659558,-0.595966
2607,1776148707062,28.984677,-560.0276,114.2125,-516.558,-0.345787,0.562877,-0.749985,0.03351,-1.06374,1.731573,-2.30717,-0.350214,0.174129,0.413059,0.282307,2.66037,-0.596479
2608,1776148707073,28.995788,-559.6258,114.1732,-516.7861,-0.345731,0.562704,-0.750156,0.033186,-1.06378,1.731385,-2.308155,-0.350162,0.174101,0.413047,0.282007,2.661171,-0.596945
2609,1776148707084,29.0069,-559.5747,114.0529,-516.7245,-0.345251,0.562644,-0.750447,0.032607,-1.062683,1.731819,-2.309879,-0.350041,0.174059,0.413052,0.281651,2.662859,-0.597783
2610,1776148707096,29.018011,-559.3859,114.233,-516.6987,-0.344922,0.562429,-0.75078,0.03212,-1.06199,1.731681,-2.311599,-0.349968,0.174027,0.413065,0.281483,2.663746,-0.598266
2611,1776148707107,29.029122,-559.3562,114.1328,-516.6326,-0.344736,0.562146,-0.751092,0.031769,-1.061648,1.731185,-2.313063,-0.349842,0.173981,0.413038,0.28122,2.665277,-0.599232
2612,1776148707118,29.040233,-559.4331,113.9746,-516.5956,-0.344478,0.561958,-0.751377,0.031166,-1.061251,1.731251,-2.314801,-0.349801,0.17396,0.413,0.28095,2.665981,-0.599714
2613,1776148707129,29.051345,-559.4359,114.1878,-516.5817,-0.344534,0.56165,-0.751583,0.031128,-1.061447,1.730343,-2.315491,-0.349758,0.173947,0.412978,0.280756,2.666728,-0.600183
2614,1776148707140,29.062456,-559.3571,114.089,-516.5811,-0.344154,0.561412,-0.751962,0.030463,-1.060713,1.730321,-2.317612,-0.349633,0.17391,0.412935,0.280491,2.668129,-0.601174
2615,1776148707151,29.073567,-559.2612,114.2828,-516.7214,-0.343818,0.561376,-0.752159,0.030051,-1.059948,1.730651,-2.31881,-0.349581,0.173877,0.412922,0.280296,2.668949,-0.60162
2616,1776148707162,29.084678,-559.2486,114.1531,-516.7396,-0.343373,0.561155,-0.752546,0.029572,-1.058889,1.730484,-2.320693,-0.349505,0.17386,0.412938,0.280212,2.669791,-0.602023
2617,1776148707173,29.095789,-559.1097,114.2383,-517.1362,-0.343501,0.561007,-0.752609,0.029297,-1.059466,1.730323,-2.321281,-0.349383,0.173806,0.412906,0.279763,2.671332,-0.602901
2618,1776148707184,29.106901,-559.1457,114.2572,-517.1439,-0.343083,0.560623,-0.753099,0.02894,-1.05841,1.729519,-2.323309,-0.349326,0.173782,0.4129,0.279659,2.672061,-0.603302
2619,1776148707196,29.118012,-559.1332,114.1296,-517.2335,-0.342868,0.56065,-0.753197,0.02843,-1.058081,1.73015,-2.324344,-0.349206,0.173746,0.412859,0.279486,2.673456,-0.604179
2620,1776148707207,29.129123,-559.1002,114.1399,-517.2348,-0.342273,0.56053,-0.753581,0.027773,-1.056676,1.730486,-2.326477,-0.349125,0.173741,0.412872,0.279415,2.674282,-0.604617
2621,1776148707218,29.140234,-558.7523,114.4207,-516.8931,-0.342366,0.560559,-0.753527,0.027487,-1.057151,1.730883,-2.326726,-0.349063,0.173697,0.412882,0.279297,2.675066,-0.604884
2622,1776148707229,29.151345,-558.5655,114.5445,-516.9136,-0.341982,0.56032,-0.753895,0.027067,-1.056239,1.730597,-2.328467,-0.348941,0.173636,0.412854,0.279054,2.676463,-0.605657
2623,1776148707240,29.162457,-558.5567,114.3629,-516.9826,-0.341443,0.560213,-0.754242,0.02641,-1.055005,1.730973,-2.33049,-0.348879,0.173599,0.412861,0.27894,2.677197,-0.605984
2624,1776148707251,29.173568,-558.455,114.2796,-516.888,-0.341246,0.560063,-0.75445,0.026181,-1.054548,1.730754,-2.331465,-0.348744,0.173569,0.412834,0.278808,2.678607,-0.606776
2625,1776148707262,29.184679,-558.242,114.2102,-516.9771,-0.341159,0.55987,-0.754639,0.026002,-1.054396,1.730351,-2.332308,-0.348686,0.173527,0.412833,0.278701,2.679306,-0.607095
2626,1776148707273,29.195791,-557.929,114.1709,-516.86,-0.340611,0.559765,-0.754988,0.025317,-1.053148,1.730762,-2.33438,-0.348621,0.173502,0.412809,0.278575,2.67995,-0.607526
2627,1776148707284,29.206902,-557.8605,114.0546,-516.8855,-0.34079,0.559744,-0.754926,0.025227,-1.053761,1.730794,-2.334318,-0.348489,0.173438,0.412791,0.278415,2.681272,-0.608173
2628,1776148707296,29.218013,-557.83,114.3208,-517.23,-0.340455,0.559363,-0.75537,0.024899,-1.052941,1.729967,-2.33617,-0.348409,0.173417,0.412802,0.278336,2.682006,-0.608646
2629,1776148707307,29.229124,-557.6938,114.5092,-517.4489,-0.339822,0.559089,-0.755882,0.024163,-1.051466,1.729913,-2.338823,-0.348259,0.173378,0.412794,0.278288,2.683374,-0.60938
2630,1776148707318,29.240236,-557.6756,114.4457,-517.4097,-0.33991,0.559216,-0.755743,0.024323,-1.051631,1.730133,-2.338162,-0.348197,0.173345,0.412767,0.278306,2.683951,-0.609707
2631,1776148707329,29.251347,-557.4803,114.3962,-517.2663,-0.339603,0.558982,-0.756075,0.023673,-1.051107,1.73011,-2.340133,-0.348105,0.173334,0.412776,0.278358,2.684642,-0.610116
2632,1776148707340,29.262458,-557.3975,114.2395,-517.2944,-0.338708,0.558864,-0.756575,0.023283,-1.048594,1.730165,-2.342252,-0.347939,0.17327,0.412789,0.278321,2.685978,-0.610711
2633,1776148707351,29.273569,-557.3042,114.434,-517.4037,-0.338754,0.558617,-0.756749,0.022867,-1.049007,1.729851,-2.343399,-0.34786,0.173241,0.412764,0.278244,2.686573,-0.61114
2634,1776148707362,29.284681,-557.2187,114.479,-517.4827,-0.338696,0.558742,-0.756686,0.022778,-1.048885,1.730332,-2.343333,-0.347765,0.173212,0.412761,0.278315,2.687197,-0.611485
2635,1776148707373,29.295792,-557.1637,114.4167,-517.5394,-0.338225,0.558317,-0.757231,0.022093,-1.047873,1.729753,-2.346022,-0.347586,0.173141,0.412746,0.278158,2.68851,-0.612225
2636,1776148707384,29.306903,-556.9294,114.4233,-517.4749,-0.337913,0.558534,-0.757211,0.022036,-1.046946,1.730488,-2.346045,-0.347502,0.173101,0.41275,0.278285,2.689198,-0.612501
2637,1776148707396,29.318015,-556.8553,114.2642,-517.3702,-0.338076,0.558302,-0.757321,0.021622,-1.047722,1.730218,-2.346992,-0.347326,0.173024,0.412737,0.278242,2.690544,-0.613084
2638,1776148707407,29.329126,-556.3992,114.4741,-517.5937,-0.337734,0.558281,-0.757496,0.021379,-1.046819,1.730416,-2.347891,-0.347236,0.172947,0.412747,0.278168,2.691228,-0.613327
2639,1776148707418,29.340237,-556.2681,114.2719,-517.6829,-0.337059,0.558233,-0.757854,0.020633,-1.045213,1.73107,-2.350092,-0.347138,0.172907,0.412752,0.278087,2.692001,-0.613694
2640,1776148707429,29.351348,-556.2421,114.2162,-517.9047,-0.336619,0.558282,-0.758022,0.020284,-1.044079,1.7316,-2.351127,-0.346965,0.172851,0.4127,0.27827,2.693207,-0.614421
2641,1776148707440,29.362459,-556.0648,114.0728,-517.8724,-0.336653,0.558006,-0.75822,0.019884,-1.044445,1.731179,-2.35233,-0.346857,0.172804,0.412718,0.278225,2.693978,-0.614748
2642,1776148707451,29.37357,-556.1184,114.2191,-517.7217,-0.336114,0.557927,-0.758524,0.019642,-1.042928,1.731194,-2.353628,-0.346769,0.172754,0.412717,0.278199,2.694701,-0.615033
2643,1776148707462,29.384682,-555.8661,114.2394,-517.6774,-0.336129,0.557631,-0.758746,0.019192,-1.043271,1.730763,-2.35498,-0.346578,0.172688,0.412689,0.278187,2.696089,-0.615816
2644,1776148707473,29.395793,-555.769,114.1222,-517.5546,-0.335872,0.557551,-0.758922,0.019083,-1.042543,1.730631,-2.355687,-0.346472,0.172639,0.412684,0.278335,2.696819,-0.616149
2645,1776148707484,29.406904,-555.4119,114.2863,-517.8506,-0.335278,0.557396,-0.759314,0.018442,-1.041117,1.730845,-2.35785,-0.346294,0.172542,0.412649,0.27828,2.69814,-0.616815
2646,1776148707496,29.418015,-555.2999,114.2665,-517.9716,-0.335082,0.557322,-0.759458,0.018337,-1.040578,1.73073,-2.358449,-0.346175,0.172509,0.412659,0.278424,2.698906,-0.617203
2647,1776148707507,29.429127,-555.1866,114.1095,-518.2226,-0.334797,0.557374,-0.759559,0.017747,-1.040075,1.731532,-2.359637,-0.345974,0.172374,0.412648,0.278427,2.700339,-0.617878
2648,1776148707518,29.440238,-554.9781,114.3583,-517.9887,-0.334259,0.557,-0.760076,0.017485,-1.038574,1.730652,-2.361629,-0.34586,0.172332,0.41266,0.278467,2.701115,-0.618262
2649,1776148707529,29.451349,-554.7885,114.1601,-517.9847,-0.334009,0.556871,-0.76029,0.017108,-1.038041,1.730659,-2.362851,-0.345758,0.172279,0.412609,0.278513,2.701694,-0.618709
2650,1776148707540,29.46246,-554.6576,114.1814,-518.0333,-0.333589,0.556719,-0.760596,0.01665,-1.037036,1.730683,-2.36448,-0.345543,0.172161,0.412611,0.278576,2.7032,-0.619454
2651,1776148707551,29.473572,-554.5099,114.138,-518.1755,-0.333398,0.556569,-0.760793,0.01647,-1.036559,1.730413,-2.365362,-0.345426,0.1721,0.412606,0.278597,2.703933,-0.619799
2652,1776148707562,29.484683,-554.3861,114.0699,-518.0779,-0.333116,0.556354,-0.76108,0.016164,-1.035881,1.730078,-2.366707,-0.345318,0.172051,0.412582,0.278636,2.704599,-0.620193
2653,1776148707573,29.495794,-554.2775,114.1141,-518.2038,-0.332923,0.556209,-0.76128,0.015694,-1.035586,1.730136,-2.368029,-0.345097,0.171925,0.412559,0.278605,2.70609,-0.620993
2654,1776148707584,29.506905,-553.8586,114.3266,-517.9664,-0.332341,0.556244,-0.761515,0.015369,-1.033987,1.730599,-2.369242,-0.344991,0.171888,0.412538,0.278685,2.706771,-0.621408
2655,1776148707596,29.518017,-553.7546,114.2306,-517.9668,-0.33219,0.556292,-0.761556,0.014872,-1.033838,1.731287,-2.37011,-0.344762,0.171778,0.412536,0.27878,2.708287,-0.622047
2656,1776148707607,29.529128,-553.443,113.9846,-518.0457,-0.33184,0.556139,-0.761828,0.014474,-1.033008,1.731243,-2.371548,-0.344659,0.171705,0.412513,0.278764,2.709001,-0.622425
2657,1776148707618,29.540239,-553.4459,113.9947,-518.1622,-0.331711,0.555928,-0.762043,0.014262,-1.032745,1.730817,-2.372532,-0.344543,0.171644,0.412511,0.278844,2.709767,-0.622772
2658,1776148707629,29.551351,-553.2661,113.9822,-518.0451,-0.331061,0.555842,-0.7624,0.013585,-1.031158,1.731286,-2.374655,-0.344335,0.171516,0.412452,0.278849,2.711145,-0.623552
2659,1776148707640,29.562462,-553.0091,113.7741,-518.1482,-0.33059,0.555525,-0.76284,0.013288,-1.029884,1.730623,-2.37647,-0.344223,0.171462,0.412418,0.278957,2.711822,-0.623941
2660,1776148707651,29.573573,-552.6693,113.8242,-518.0746,-0.330324,0.555504,-0.762977,0.012974,-1.029258,1.730897,-2.377364,-0.343986,0.17136,0.412339,0.279117,2.713167,-0.624938
2661,1776148707662,29.584684,-552.5136,113.7726,-518.1289,-0.330218,0.555008,-0.763384,0.012917,-1.028966,1.729414,-2.37872,-0.343877,0.171291,0.412312,0.279205,2.713872,-0.625285
2662,1776148707673,29.595796,-552.4042,113.7642,-518.0787,-0.329764,0.555021,-0.763578,0.012525,-1.027803,1.729881,-2.379908,-0.343753,0.171231,0.412294,0.279271,2.714601,-0.625738
2663,1776148707684,29.606907,-552.3303,113.4528,-518.2338,-0.329553,0.555071,-0.763637,0.01221,-1.02735,1.730381,-2.380565,-0.343495,0.171138,0.412246,0.279534,2.716056,-0.626562
2664,1776148707696,29.618018,-552.1378,113.4875,-518.2292,-0.329353,0.554736,-0.763969,0.012073,-1.026814,1.729486,-2.381806,-0.343385,0.17107,0.412234,0.27951,2.716752,-0.626868
2665,1776148707707,29.62913,-551.9501,113.3286,-518.2177,-0.328277,0.55481,-0.764395,0.011034,-1.02413,1.730847,-2.384693,-0.34313,0.170946,0.412212,0.2798,2.718376,-0.627667
2666,1776148707718,29.640241,-551.4719,113.5631,-518.6957,-0.328249,0.554934,-0.764321,0.010716,-1.024247,1.731583,-2.38494,-0.34301,0.170895,0.412208,0.279911,2.719182,-0.627969
2667,1776148707729,29.651352,-551.5179,113.7459,-518.6467,-0.327846,0.554689,-0.764674,0.010531,-1.02311,1.731021,-2.38632,-0.342891,0.170813,0.412201,0.279928,2.720003,-0.628258
2668,1776148707740,29.662463,-551.2875,113.8051,-518.5738,-0.327516,0.554774,-0.764761,0.009961,-1.022447,1.731908,-2.38745,-0.342641,0.170645,0.41222,0.280026,2.721753,-0.628766
2669,1776148707751,29.673575,-551.041,114.298,-518.6863,-0.327129,0.55424,-0.765316,0.009781,-1.021355,1.730437,-2.389456,-0.342514,0.170575,0.412218,0.280062,2.722643,-0.629049
2670,1776148707762,29.684686,-550.8851,114.248,-518.686,-0.326293,0.554564,-0.76545,0.008847,-1.019348,1.732471,-2.39128,-0.342377,0.170499,0.412241,0.280261,2.723582,-0.629303
2671,1776148707773,29.695798,-550.8329,114.0938,-518.5306,-0.326231,0.554136,-0.765785,0.008915,-1.019109,1.731059,-2.392225,-0.342121,0.170339,0.412249,0.280519,2.72534,-0.629876
2672,1776148707784,29.706909,-550.7095,113.9099,-518.5235,-0.325886,0.554083,-0.765977,0.008362,-1.018388,1.731497,-2.393661,-0.341989,0.170269,0.412244,0.280612,2.726227,-0.630178
2673,1776148707796,29.71802,-550.1757,113.8802,-518.7637,-0.325344,0.554201,-0.766126,0.007959,-1.016951,1.732307,-2.394735,-0.341736,0.170113,0.412203,0.280935,2.727849,-0.630683
2674,1776148707807,29.729131,-549.8917,113.9233,-518.8401,-0.325032,0.553833,-0.766528,0.007685,-1.016151,1.731455,-2.396406,-0.34159,0.170049,0.412181,0.281091,2.728673,-0.631079
2675,1776148707818,29.740243,-549.551,113.8261,-518.6863,-0.324511,0.553994,-0.766635,0.007289,-1.014778,1.732395,-2.397344,-0.341463,0.169971,0.412145,0.28123,2.729483,-0.631396
2676,1776148707829,29.751354,-549.3278,113.9646,-518.7061,-0.323833,0.554017,-0.766912,0.006592,-1.013103,1.73323,-2.399266,-0.341177,0.169825,0.412147,0.281744,2.731284,-0.63188
2677,1776148707840,29.762465,-549.1984,113.7856,-518.7433,-0.323643,0.553471,-0.767385,0.006705,-1.012437,1.731397,-2.400575,-0.341041,0.169752,0.412096,0.281832,2.732109,-0.632319
2678,1776148707851,29.773577,-549.1368,113.8714,-518.9232,-0.323204,0.55341,-0.767618,0.006225,-1.011371,1.731733,-2.402032,-0.340772,0.169615,0.412048,0.282446,2.733782,-0.632908
2679,1776148707862,29.784688,-548.96,113.9163,-518.8152,-0.322709,0.553307,-0.767902,0.006029,-1.009948,1.731624,-2.403219,-0.340633,0.169536,0.412051,0.282728,2.734709,-0.633077
2680,1776148707873,29.795799,-548.5948,113.843,-518.9001,-0.322297,0.553804,-0.767723,0.005166,-1.009211,1.734128,-2.403974,-0.340505,0.169456,0.412,0.282892,2.735475,-0.633353
2681,1776148707884,29.80691,-548.3568,113.7146,-519.0772,-0.321758,0.55368,-0.768039,0.005117,-1.007552,1.733794,-2.405037,-0.340228,0.169311,0.411987,0.283511,2.737237,-0.633773
2682,1776148707896,29.818021,-548.1539,113.6313,-519.0974,-0.321013,0.553721,-0.768326,0.004263,-1.005765,1.73486,-2.407239,-0.340086,0.169235,0.411979,0.283709,2.738173,-0.634024
2683,1776148707907,29.829133,-547.9038,113.9777,-518.8419,-0.320587,0.55374,-0.768491,0.004215,-1.00446,1.734972,-2.407828,-0.339813,0.169065,0.411983,0.28432,2.74001,-0.634304
2684,1776148707918,29.840244,-547.7687,113.9423,-518.8499,-0.320303,0.553342,-0.768898,0.00378,-1.003847,1.734205,-2.409769,-0.339672,0.169004,0.411989,0.284702,2.74097,-0.634372
2685,1776148707929,29.851355,-547.3005,113.8705,-518.9432,-0.319529,0.553155,-0.769356,0.003449,-1.001631,1.733981,-2.411712,-0.339527,0.168932,0.411984,0.285066,2.74189,-0.634602
2686,1776148707940,29.862467,-547.1639,113.8068,-519.004,-0.318939,0.553977,-0.769013,0.00256,-1.000346,1.737538,-2.411996,-0.339255,0.168781,0.411935,0.285713,2.743594,-0.634898
2687,1776148707951,29.873578,-546.9531,113.7504,-519.1866,-0.319188,0.553209,-0.76946,0.003195,-1.000724,1.734432,-2.412425,-0.339103,0.168718,0.411912,0.286134,2.744471,-0.635036
2688,1776148707962,29.884689,-546.6147,113.6357,-519.3188,-0.318176,0.552854,-0.770136,0.002673,-0.997881,1.733892,-2.415347,-0.338961,0.168641,0.41189,0.286456,2.745343,-0.635177
2689,1776148707973,29.895801,-546.3483,113.8232,-519.1691,-0.317767,0.552989,-0.770209,0.002326,-0.99682,1.734698,-2.416107,-0.338653,0.168513,0.411856,0.287349,2.747077,-0.635515
2690,1776148707984,29.906912,-545.9761,113.7935,-518.9445,-0.317213,0.553822,-0.76984,0.001639,-0.995516,1.738071,-2.416004,-0.338507,0.168457,0.411834,0.287789,2.747977,-0.635651
2691,1776148707996,29.918023,-545.8228,113.6751,-518.8923,-0.316563,0.552842,-0.770812,0.001785,-0.993384,1.734832,-2.418828,-0.338223,0.168311,0.411772,0.288699,2.7496,-0.636058
2692,1776148708007,29.929134,-545.559,113.793,-519.0537,-0.315766,0.553102,-0.770953,0.001013,-0.991369,1.736501,-2.420461,-0.338088,0.168247,0.411747,0.289152,2.750459,-0.636235
2693,1776148708018,29.940246,-545.6442,113.8538,-518.8455,-0.315769,0.553397,-0.77074,0.000831,-0.991495,1.73763,-2.420072,-0.337942,0.168176,0.411738,0.289625,2.751381,-0.63629
2694,1776148708029,29.951357,-545.6767,113.8674,-519.3613,-0.31494,0.553046,-0.771332,0.000429,-0.989144,1.736971,-2.422549,-0.33764,0.168026,0.411763,0.2906,2.753357,-0.636459
2695,1776148708040,29.962468,-545.5389,113.8308,-519.4031,-0.31426,0.552952,-0.771676,0.000093,-0.987219,1.737048,-2.42415,-0.337486,0.167964,0.41175,0.291114,2.754319,-0.636575
2696,1776148708051,29.973579,-545.2986,113.8069,-519.3858,0.313737,-0.553295,0.771643,0.00031,0.985438,-1.737886,2.423711,-0.337229,0.167793,0.4117,0.292018,2.75614,-0.636672
2697,1776148708062,29.984691,-545.2338,113.7034,-519.3358,0.313062,-0.553055,0.772089,0.00062,0.983125,-1.736789,2.424632,-0.337081,0.167715,0.41169,0.292434,2.757122,-0.636839
2698,1776148708073,29.995802,-544.8176,113.5886,-519.5664,0.312464,-0.553077,0.772316,0.001007,0.981007,-1.736428,2.424746,-0.336961,0.167619,0.411677,0.292882,2.758038,-0.636882
2699,1776148708084,30.006913,-544.6141,113.6144,-519.8508,0.312047,-0.553057,0.772498,0.001216,0.979567,-1.736134,2.424997,-0.336678,0.167486,0.411636,0.293948,2.75993,-0.637127
2700,1776148708096,30.018024,-544.2869,113.614,-519.6538,0.311155,-0.553381,0.772624,0.001986,0.976288,-1.736304,2.424205,-0.336546,0.167408,0.411609,0.294385,2.76095,-0.637272
2701,1776148708107,30.029136,-544.1398,113.544,-519.6983,0.310553,-0.553292,0.772929,0.002294,0.974208,-1.735684,2.424688,-0.336291,0.167242,0.411567,0.295274,2.762954,-0.637463
2702,1776148708118,30.040247,-543.5197,113.7936,-519.6398,0.31006,-0.553045,0.773303,0.002703,0.972409,-1.734458,2.42523,-0.336149,0.167155,0.41158,0.295833,2.764074,-0.637499
2703,1776148708129,30.051358,-543.233,113.569,-519.5079,0.30908,-0.553272,0.773529,0.003403,0.968907,-1.734401,2.424864,-0.336026,0.167053,0.411577,0.296259,2.765132,-0.637468
2704,1776148708140,30.062469,-543.1333,113.3291,-519.4272,0.308718,-0.553204,0.773722,0.003517,0.967701,-1.734061,2.425293,-0.335744,0.166868,0.411576,0.297337,2.767296,-0.63762
2705,1776148708151,30.07358,-542.972,113.6005,-519.5424,0.307941,-0.553537,0.77379,0.004189,0.964854,-1.734366,2.424472,-0.33561,0.166786,0.411568,0.297858,2.768358,-0.63774
2706,1776148708162,30.084692,-542.6315,113.7098,-519.6828,0.307829,-0.552968,0.774243,0.003969,0.964639,-1.732824,2.426228,-0.335486,0.16669,0.411561,0.298293,2.769423,-0.637853
2707,1776148708173,30.095803,-542.4382,113.7311,-519.6375,0.30706,-0.55308,0.774464,0.004603,0.961842,-1.73248,2.425948,-0.33523,0.166533,0.411523,0.299353,2.771471,-0.638196
2708,1776148708184,30.106914,-542.2975,113.7064,-519.4814,0.30623,-0.553194,0.774709,0.00498,0.959013,-1.732422,2.426136,-0.3351,0.166449,0.411514,0.299901,2.772546,-0.638292
2709,1776148708196,30.118025,-542.2938,113.615,-519.587,0.306128,-0.553123,0.774801,0.004976,0.958694,-1.732204,2.426427,-0.334858,0.166302,0.411478,0.300967,2.774559,-0.638688
2710,1776148708207,30.129137,-541.8687,113.5903,-519.648,0.304934,-0.552604,0.775636,0.005695,0.954521,-1.729791,2.427938,-0.334734,0.166213,0.411475,0.301572,2.775628,-0.638891
2711,1776148708218,30.140248,-541.7894,113.7794,-519.7503,0.304226,-0.553054,0.77559,0.006252,0.951967,-1.730589,2.426936,-0.334613,0.16614,0.411464,0.302142,2.776652,-0.639193
2712,1776148708229,30.151359,-541.5695,113.5128,-519.6901,0.30363,-0.55313,0.775765,0.00669,0.94984,-1.730346,2.426813,-0.334412,0.165975,0.411405,0.303246,2.778682,-0.639705
2713,1776148708240,30.16247,-541.4654,113.6402,-519.9104,0.30274,-0.553195,0.776061,0.007276,0.946707,-1.72991,2.426837,-0.334301,0.165872,0.411399,0.303694,2.779764,-0.639904
2714,1776148708251,30.173581,-541.4258,113.6906,-520.0243,0.302561,-0.552804,0.77641,0.007223,0.946177,-1.728744,2.428012,-0.334092,0.165738,0.41133,0.304984,2.78179,-0.640544
2715,1776148708262,30.184693,-541.4101,113.6453,-520.1474,0.301126,-0.55311,0.77674,0.008248,0.94108,-1.728581,2.427469,-0.333984,0.165672,0.411343,0.305676,2.782909,-0.640801
2716,1776148708273,30.195804,-541.1492,113.8302,-519.8279,0.300748,-0.55291,0.777029,0.008238,0.939904,-1.727966,2.428389,-0.333882,0.165602,0.411309,0.306356,2.783905,-0.641127
2717,1776148708284,30.206915,-540.9157,113.5662,-519.8012,0.300151,-0.552734,0.777381,0.008591,0.937828,-1.727032,2.428947,-0.333681,0.165437,0.411319,0.30766,2.786156,-0.641578
2718,1776148708296,30.218026,-540.9152,113.7511,-519.894,0.299822,-0.552369,0.777766,0.008691,0.936741,-1.72578,2.429997,-0.333574,0.16535,0.411298,0.308233,2.787236,-0.641872
2719,1776148708307,30.229138,-540.0637,113.5323,-519.5336,0.298717,-0.552499,0.778093,0.009203,0.932987,-1.725631,2.430231,-0.333467,0.165292,0.411267,0.308937,2.788313,-0.642261
2720,1776148708318,30.240249,-539.8442,113.3387,-519.5601,0.297672,-0.552434,0.778532,0.009818,0.929363,-1.724757,2.430661,-0.333262,0.165145,0.411206,0.310281,2.790453,-0.642892
2721,1776148708329,30.25136,-539.4535,113.5734,-519.5118,0.296971,-0.552477,0.778764,0.010247,0.926923,-1.724426,2.430726,-0.333166,0.165057,0.4112,0.310928,2.791575,-0.643119
2722,1776148708340,30.262472,-539.1799,113.5205,-519.5416,0.295777,-0.552785,0.778984,0.011323,0.922571,-1.724218,2.429766,-0.332948,0.164907,0.411176,0.312238,2.793929,-0.643795
2723,1776148708351,30.273583,-539.0909,113.4347,-519.7257,0.295861,-0.552371,0.779252,0.01094,0.923056,-1.723341,2.431188,-0.332847,0.164818,0.41116,0.312826,2.795058,-0.644127
2724,1776148708362,30.284694,-538.9801,113.2002,-519.7383,0.294872,-0.552327,0.779647,0.011646,0.91956,-1.722438,2.43134,-0.332742,0.164738,0.411153,0.313539,2.796233,-0.644451
2725,1776148708373,30.295805,-539.1412,113.3196,-519.946,0.294223,-0.55204,0.780093,0.011855,0.917416,-1.721315,2.432408,-0.332542,0.164568,0.411103,0.314953,2.798408,-0.645196
2726,1776148708384,30.306916,-538.6084,113.3681,-519.8182,0.293263,-0.551925,0.780529,0.01227,0.914183,-1.720506,2.433133,-0.332437,0.164492,0.411086,0.31568,2.799532,-0.645497
2727,1776148708396,30.318028,-538.6103,113.3961,-519.7864,0.292029,-0.552287,0.780721,0.01316,0.909828,-1.720672,2.432369,-0.332232,0.164364,0.411011,0.317222,2.801751,-0.646359
2728,1776148708407,30.329139,-538.1846,113.3979,-519.8757,0.291212,-0.552082,0.781163,0.013654,0.907001,-1.719501,2.432989,-0.332114,0.164273,0.41103,0.317918,2.803089,-0.646591
2729,1776148708418,30.34025,-538.194,113.3844,-519.6783,0.290937,-0.55193,0.781369,0.013829,0.906046,-1.718837,2.433364,-0.332014,0.164171,0.411008,0.318641,2.804264,-0.646898
2730,1776148708429,30.351362,-538.0038,113.0604,-519.4572,0.289666,-0.551902,0.78185,0.014431,0.901746,-1.718102,2.43394,-0.331812,0.16398,0.410974,0.32009,2.806673,-0.647531
2731,1776148708440,30.362473,-537.9585,113.1311,-519.4547,0.288992,-0.552018,0.782009,0.014932,0.899364,-1.71792,2.43367,-0.331704,0.16389,0.410972,0.320728,2.807978,-0.647783
2732,1776148708451,30.373584,-537.9039,113.1496,-519.4053,0.288515,-0.551592,0.782484,0.014978,0.897853,-1.716547,2.435077,-0.331494,0.163716,0.410948,0.322194,2.810374,-0.648481
2733,1776148708462,30.384696,-537.4818,112.9412,-519.193,0.287827,-0.551692,0.782661,0.015285,0.895542,-1.716526,2.43516,-0.331397,0.163626,0.410944,0.322929,2.811621,-0.64884
2734,1776148708473,30.395807,-537.1853,113.5284,-519.4101,0.286798,-0.551431,0.783208,0.015983,0.891947,-1.714963,2.435795,-0.331304,0.163556,0.410916,0.323644,2.812722,-0.649279
2735,1776148708484,30.406918,-537.0471,113.4541,-519.4269,0.286504,-0.551277,0.783424,0.016016,0.891016,-1.714447,2.436414,-0.331118,0.163382,0.410893,0.324972,2.81507,-0.650098
2736,1776148708496,30.418029,-536.7579,113.4949,-519.7527,0.285396,-0.551178,0.783884,0.016649,0.887218,-1.713461,2.43688,-0.331004,0.163312,0.41091,0.325764,2.816365,-0.650559
2737,1776148708507,30.42914,-536.7974,113.6787,-519.6808,0.284691,-0.551081,0.784204,0.016899,0.884886,-1.712891,2.437491,-0.330826,0.163191,0.410924,0.327275,2.818704,-0.651305
2738,1776148708518,30.440251,-536.6624,113.7136,-519.7758,0.28367,-0.550757,0.784789,0.017477,0.881394,-1.711263,2.438426,-0.330733,0.163137,0.41093,0.328071,2.819916,-0.651774
2739,1776148708529,30.451363,-536.7802,113.7777,-519.8391,0.283401,-0.550632,0.784976,0.017342,0.880634,-1.711019,2.439216,-0.330663,0.163075,0.410905,0.328753,2.821026,-0.652242
2740,1776148708540,30.462474,-536.8231,113.8624,-519.8327,0.28252,-0.55046,0.785403,0.017863,0.877609,-1.709926,2.439744,-0.33052,0.162959,0.410893,0.330321,2.82341,-0.65306
2741,1776148708551,30.473585,-536.7184,113.8572,-519.8746,0.281635,-0.550556,0.785642,0.018347,0.874593,-1.709708,2.439748,-0.330434,0.162884,0.410924,0.330974,2.824743,-0.65337
2742,1776148708562,30.484696,-536.1187,113.8822,-519.7089,0.280325,-0.550361,0.786228,0.019137,0.870095,-1.708256,2.440363,-0.330369,0.162832,0.410882,0.331851,2.825808,-0.653882
2743,1776148708573,30.495808,-536.1711,113.9583,-519.6639,0.280033,-0.550406,0.786297,0.019278,0.869113,-1.708248,2.440361,-0.330206,0.162706,0.410907,0.333436,2.828275,-0.654713
2744,1776148708584,30.506919,-535.6084,113.674,-519.7455,0.278617,-0.55027,0.786879,0.019904,0.864382,-1.707156,2.441211,-0.330137,0.162654,0.410882,0.334318,2.829393,-0.655184
2745,1776148708596,30.51803,-535.5179,113.5875,-519.6275,0.278182,-0.55027,0.78703,0.020056,0.86295,-1.706993,2.441445,-0.329991,0.162524,0.410863,0.335972,2.831635,-0.656056
2746,1776148708607,30.529141,-535.2204,113.6712,-519.3491,0.277358,-0.549789,0.78765,0.020315,0.860252,-1.705224,2.442974,-0.329934,0.162442,0.410855,0.336705,2.83276,-0.656549
2747,1776148708618,30.540253,-534.7295,113.3842,-519.4014,0.276795,-0.549654,0.787938,0.020467,0.858427,-1.704645,2.443636,-0.329865,0.162377,0.410856,0.337637,2.833904,-0.657008
2748,1776148708629,30.551364,-534.9467,113.6411,-519.438,0.275844,-0.549193,0.78859,0.020586,0.855413,-1.703087,2.445476,-0.329726,0.162253,0.410837,0.339549,2.836169,-0.657939
2749,1776148708640,30.562475,-534.67,113.7556,-519.4606,0.274893,-0.549553,0.788656,0.021125,0.852177,-1.703632,2.44486,-0.329662,0.162201,0.410834,0.340522,2.837304,-0.658328
2750,1776148708651,30.573586,-534.6605,113.4772,-519.5189,0.274015,-0.549258,0.789162,0.021347,0.849337,-1.70248,2.446086,-0.329535,0.162078,0.410821,0.342547,2.839565,-0.659306
2751,1776148708662,30.584697,-534.593,113.3775,-519.726,0.273329,-0.549475,0.789243,0.02155,0.847103,-1.702937,2.44603,-0.329487,0.162005,0.410805,0.34353,2.840615,-0.659751
2752,1776148708673,30.595809,-534.4059,113.1253,-519.7165,0.271848,-0.549636,0.789623,0.022244,0.842149,-1.7027,2.446147,-0.329424,0.161944,0.410791,0.344621,2.841647,-0.660225
2753,1776148708684,30.60692,-534.3174,113.3072,-519.8611,0.271286,-0.549116,0.790178,0.022217,0.840424,-1.701119,2.447908,-0.329327,0.161838,0.410724,0.34669,2.843678,-0.661116
2754,1776148708696,30.618031,-534.1113,113.1362,-519.7457,0.269359,-0.549122,0.790803,0.023277,0.8339,-1.700011,2.448226,-0.329258,0.161783,0.410719,0.347769,2.844809,-0.661602
2755,1776148708707,30.629142,-534.0121,113.0957,-519.6405,0.268646,-0.548708,0.791325,0.023542,0.831556,-1.69845,2.449438,-0.32914,0.161634,0.410715,0.349781,2.847136,-0.662411
2756,1776148708718,30.640254,-533.483,113.1129,-519.5644,0.267883,-0.548392,0.7918,0.023619,0.829156,-1.69739,2.45079,-0.329072,0.161581,0.41072,0.350954,2.848337,-0.662847
2757,1776148708729,30.651365,-533.6571,113.5228,-519.8674,0.267459,-0.547857,0.792319,0.023459,0.827924,-1.695903,2.452641,-0.329003,0.161521,0.410715,0.352123,2.849493,-0.663289
2758,1776148708740,30.662476,-533.6648,113.0962,-519.6967,0.266824,-0.547742,0.792615,0.02336,0.82601,-1.695653,2.453708,-0.328875,0.161408,0.410718,0.354418,2.85186,-0.66416
2759,1776148708751,30.673587,-533.6375,113.589,-519.7133,0.265444,-0.547644,0.793128,0.023963,0.82143,-1.694711,2.454375,-0.328806,0.161379,0.410696,0.355736,2.852934,-0.66469
2760,1776148708762,30.684698,-533.7278,113.2957,-519.7682,0.264778,-0.547557,0.793407,0.024072,0.819314,-1.694326,2.455071,-0.328762,0.161318,0.410678,0.356891,2.854055,-0.665108
2761,1776148708773,30.695809,-533.3392,113.1266,-519.8317,0.263086,-0.547982,0.793652,0.024843,0.813689,-1.69483,2.454653,-0.328649,0.161197,0.410652,0.359258,2.856315,-0.665933
2762,1776148708784,30.706921,-533.0652,113.2976,-519.917,0.262179,-0.547861,0.794029,0.025058,0.810774,-1.69423,2.455489,-0.328586,0.161165,0.410646,0.360582,2.857424,-0.666374
2763,1776148708796,30.718032,-532.9777,113.392,-519.9682,0.261657,-0.547089,0.79474,0.024837,0.80927,-1.692075,2.458026,-0.328477,0.161065,0.410593,0.363069,2.859517,-0.667465
2764,1776148708807,30.729143,-532.6672,113.1227,-519.5892,0.260193,-0.547574,0.79486,0.025681,0.80432,-1.692686,2.457107,-0.328411,0.161027,0.410611,0.364483,2.860675,-0.667912
2765,1776148708818,30.740254,-532.9487,113.3302,-519.7177,0.260375,-0.546991,0.795225,0.024972,0.805236,-1.691628,2.459318,-0.328342,0.160947,0.41064,0.365685,2.861959,-0.668376
2766,1776148708829,30.751366,-532.9047,113.3268,-519.7407,0.25889,-0.546847,0.795789,0.025591,0.800337,-1.690531,2.460115,-0.328212,0.160851,0.410643,0.368437,2.86428,-0.669277
2767,1776148708840,30.762477,-532.6451,113.4584,-519.7634,0.257776,-0.546858,0.796135,0.025808,0.796786,-1.690339,2.460855,-0.328157,0.160812,0.41063,0.369862,2.865442,-0.669781
2768,1776148708851,30.773588,-532.4083,112.91,-519.6082,0.256742,-0.54658,0.796649,0.026176,0.793407,-1.689093,2.461879,-0.328044,0.16072,0.410598,0.372532,2.867725,-0.670701
2769,1776148708862,30.784699,-532.412,113.1543,-519.6843,0.255479,-0.546821,0.796872,0.026702,0.789247,-1.689285,2.461763,-0.328007,0.160675,0.410577,0.373806,2.868858,-0.6712
2770,1776148708873,30.795811,-532.3262,112.9502,-519.595,0.254505,-0.546548,0.797363,0.026929,0.786128,-1.688203,2.462934,-0.327954,0.160625,0.410574,0.375156,2.870052,-0.671589
2771,1776148708884,30.806922,-532.3403,113.1557,-519.6382,0.252829,-0.546519,0.797887,0.027776,0.780539,-1.687228,2.463255,-0.327874,0.160517,0.410605,0.377725,2.872573,-0.672376
2772,1776148708896,30.818033,-532.0938,113.0357,-519.3525,0.251871,-0.546214,0.798404,0.02762,0.777659,-1.686449,2.465091,-0.327831,0.160486,0.410599,0.379169,2.873765,-0.672809
2773,1776148708907,30.829144,-532.0725,113.1647,-519.6319,0.251,-0.54662,0.798388,0.027975,0.774799,-1.687331,2.464497,-0.32778,0.160411,0.410569,0.381887,2.876052,-0.6738
2774,1776148708918,30.840256,-531.646,113.4967,-519.6264,0.250169,-0.546056,0.799021,0.028343,0.772056,-1.685205,2.465891,-0.327751,0.160367,0.410567,0.383193,2.877294,-0.674253
2775,1776148708929,30.851367,-531.6326,113.5521,-519.6941,0.249265,-0.545927,0.799386,0.028508,0.769188,-1.684634,2.466765,-0.327694,0.16033,0.410583,0.384537,2.878562,-0.674738
2776,1776148708940,30.862478,-531.7421,113.6048,-519.6812,0.248257,-0.545492,0.799993,0.028603,0.766031,-1.683192,2.468491,-0.327612,0.160236,0.410542,0.387215,2.880842,-0.675987
2777,1776148708951,30.873589,-531.6257,113.4139,-519.5392,0.246813,-0.545145,0.800659,0.029078,0.761351,-1.681626,2.46982,-0.327552,0.16022,0.410539,0.388659,2.882055,-0.676561
2778,1776148708962,30.8847,-531.4732,113.5145,-519.4169,0.245806,-0.54563,0.800612,0.029817,0.757898,-1.682352,2.468542,-0.327509,0.160173,0.410515,0.389971,2.883223,-0.677098
2779,1776148708973,30.895812,-531.5687,113.6826,-519.4812,0.245366,-0.544901,0.801251,0.029599,0.756643,-1.680333,2.470847,-0.327413,0.160087,0.410499,0.392533,2.885791,-0.678147
2780,1776148708984,30.906923,-531.5754,113.719,-519.392,0.244329,-0.544819,0.801612,0.02989,0.753312,-1.679777,2.471517,-0.327382,0.160034,0.410471,0.393761,2.887031,-0.678654
2781,1776148708996,30.918034,-531.2122,113.5399,-519.5614,0.242642,-0.544727,0.80215,0.030881,0.747651,-1.678461,2.471656,-0.327286,0.159932,0.410483,0.396293,2.88973,-0.679682
2782,1776148709007,30.929145,-531.2795,113.6009,-519.3469,0.241884,-0.544603,0.802444,0.03138,0.745084,-1.677561,2.471798,-0.327249,0.159868,0.410498,0.39743,2.891109,-0.680183
2783,1776148709018,30.940257,-530.9728,113.154,-519.4791,0.240619,-0.545081,0.80247,0.032119,0.74085,-1.678267,2.470751,-0.327216,0.159799,0.410491,0.398563,2.892465,-0.680679
2784,1776148709029,30.951368,-531.0879,113.1799,-519.4822,0.239967,-0.544319,0.803192,0.031876,0.738953,-1.676171,2.473344,-0.327148,0.159725,0.410406,0.401011,2.894896,-0.681872
2785,1776148709040,30.962479,-531.0042,112.843,-519.7885,0.239172,-0.544169,0.803521,0.032117,0.736395,-1.675461,2.473989,-0.327107,0.159705,0.410375,0.402311,2.896158,-0.68247
2786,1776148709051,30.97359,-530.888,112.5955,-519.6105,0.237878,-0.543899,0.804061,0.032771,0.732116,-1.673953,2.474652,-0.327032,0.159588,0.410318,0.404684,2.898727,-0.683671
2787,1776148709062,30.984702,-530.4381,112.3059,-519.36,0.236815,-0.543816,0.804416,0.033149,0.728672,-1.673307,2.475165,-0.327008,0.15952,0.410281,0.406078,2.899972,-0.684361
2788,1776148709073,30.995813,-530.1074,112.313,-519.6031,0.2352,-0.543254,0.805273,0.033048,0.723749,-1.671682,2.477959,-0.326956,0.159473,0.410248,0.407719,2.901162,-0.685295
2789,1776148709084,31.006924,-530.0517,112.1466,-519.5781,0.234261,-0.543083,0.805657,0.03316,0.72081,-1.671042,2.478969,-0.326877,0.159366,0.410197,0.411313,2.903488,-0.687159
2790,1776148709096,31.018035,-529.993,112.5936,-519.5789,0.233514,-0.541776,0.806784,0.032409,0.718844,-1.667791,2.483588,-0.326841,0.159307,0.410162,0.413261,2.904524,-0.688157
2791,1776148709107,31.029147,-529.8996,112.4441,-519.458,0.231894,-0.541846,0.807174,0.033155,0.713528,-1.667239,2.483643,-0.326751,0.159197,0.410125,0.417325,2.906681,-0.690162
2792,1776148709118,31.040258,-530.0928,112.2653,-519.8158,0.230292,-0.542015,0.807505,0.033486,0.708455,-1.667419,2.484155,-0.326725,0.159163,0.410077,0.419303,2.907705,-0.691257
2793,1776148709129,31.051369,-530.1305,112.1734,-519.7224,0.229518,-0.542105,0.807666,0.033459,0.706087,-1.667723,2.484692,-0.326684,0.159072,0.410053,0.421148,2.908762,-0.692255
2794,1776148709140,31.062481,-529.8961,111.9857,-519.5031,0.228298,-0.541589,0.808356,0.033501,0.702315,-1.666094,2.486747,-0.326628,0.158954,0.409977,0.424865,2.910763,-0.694275
2795,1776148709151,31.073592,-529.5151,111.9174,-519.5644,0.226948,-0.54099,0.809127,0.033748,0.698056,-1.663995,2.488742,-0.326589,0.158903,0.409948,0.42676,2.911781,-0.695241
2796,1776148709162,31.084703,-529.5402,111.8694,-519.57,0.226045,-0.540719,0.809565,0.033632,0.695328,-1.663283,2.490267,-0.326541,0.158838,0.409936,0.428484,2.912874,-0.696243
2797,1776148709173,31.095814,-529.4407,111.6878,-519.4045,0.225116,-0.540205,0.810162,0.033746,0.69242,-1.661583,2.491929,-0.326461,0.158724,0.409877,0.431965,2.914853,-0.698222
2798,1776148709184,31.106925,-529.4481,111.413,-519.3759,0.224421,-0.539675,0.810706,0.033807,0.690256,-1.659891,2.493508,-0.326415,0.158656,0.409845,0.433554,2.915839,-0.699227
2799,1776148709196,31.118037,-529.3156,111.6959,-519.3911,0.223033,-0.539584,0.811131,0.034222,0.685813,-1.659187,2.494176,-0.326309,0.158555,0.409746,0.436754,2.917658,-0.701238
2800,1776148709207,31.129148,-529.0324,111.6821,-519.4159,0.222086,-0.539047,0.811757,0.034014,0.682989,-1.657748,2.496422,-0.326264,0.158498,0.409691,0.438218,2.91849,-0.702287
2801,1776148709218,31.140259,-528.9788,111.6444,-519.3073,0.220628,-0.539183,0.81203,0.034817,0.678168,-1.657344,2.496026,-0.326199,0.158413,0.409674,0.439577,2.919543,-0.703119
2802,1776148709229,31.15137,-528.9166,111.5971,-519.2836,0.219536,-0.540125,0.811669,0.035549,0.674507,-1.65949,2.493788,-0.326068,0.15826,0.409636,0.442103,2.921693,-0.704762
2803,1776148709240,31.162481,-528.5806,111.6012,-519.2294,0.218868,-0.538693,0.812803,0.035474,0.672487,-1.655169,2.497388,-0.325989,0.158188,0.409625,0.443277,2.92279,-0.705528
2804,1776148709251,31.173593,-528.094,111.6241,-519.1393,0.217525,-0.538455,0.813303,0.03588,0.668191,-1.654023,2.4983,-0.325869,0.15801,0.409548,0.445484,2.924751,-0.70701
2805,1776148709262,31.184704,-528.1877,111.2782,-519.2916,0.216992,-0.538016,0.813729,0.036026,0.666494,-1.652527,2.499385,-0.325803,0.15794,0.40951,0.446576,2.92569,-0.707752
2806,1776148709273,31.195815,-528.1953,111.064,-519.2399,0.21669,-0.538,0.813818,0.036096,0.66554,-1.652404,2.499548,-0.325735,0.157871,0.409502,0.447585,2.926711,-0.70846
2807,1776148709284,31.206926,-528.1467,111.3421,-519.197,0.215944,-0.538048,0.813975,0.036303,0.663162,-1.652344,2.499713,-0.325635,0.157716,0.409392,0.449446,2.928333,-0.709823
2808,1776148709296,31.218038,-528.1997,111.2306,-519.1282,0.216219,-0.53684,0.814724,0.035741,0.664238,-1.649203,2.502879,-0.325564,0.157638,0.409345,0.450259,2.929184,-0.710543
2809,1776148709307,31.229149,-527.9219,111.8646,-519.4968,0.215844,-0.536804,0.814839,0.035928,0.663008,-1.648902,2.502944,-0.325428,0.157479,0.409289,0.451792,2.930928,-0.711836
2810,1776148709318,31.24026,-527.5779,111.396,-519.4806,0.214734,-0.536883,0.815048,0.036651,0.659304,-1.64841,2.502472,-0.325367,0.157403,0.409247,0.45254,2.93171,-0.712365
2811,1776148709329,31.251371,-527.4901,111.1832,-519.3295,0.213335,-0.537044,0.815266,0.03759,0.654632,-1.647952,2.501696,-0.325302,0.157318,0.409171,0.453246,2.932358,-0.71302
2812,1776148709340,31.262483,-527.4313,111.0686,-519.1605,0.213257,-0.536693,0.815517,0.037599,0.654388,-1.646867,2.502453,-0.325163,0.157116,0.4091,0.454351,2.933893,-0.713946
2813,1776148709351,31.273594,-527.1381,111.6218,-518.9714,0.213527,-0.536495,0.815592,0.037277,0.655348,-1.646587,2.503177,-0.325103,0.157018,0.409068,0.454828,2.934663,-0.714319
2814,1776148709362,31.284705,-526.9073,111.5914,-518.7789,0.21253,-0.537087,0.815434,0.037905,0.652034,-1.647767,2.501726,-0.324921,0.156825,0.409055,0.455887,2.936312,-0.714992
2815,1776148709373,31.295816,-526.753,111.6727,-518.6969,0.212047,-0.536644,0.815846,0.038,0.650516,-1.646312,2.502845,-0.324845,0.156728,0.409011,0.456298,2.937007,-0.71531
2816,1776148709384,31.306927,-526.5324,111.3942,-518.5354,0.210998,-0.536642,0.816086,0.038722,0.647009,-1.645574,2.502469,-0.32477,0.156631,0.408972,0.456744,2.937639,-0.715633
2817,1776148709396,31.318039,-526.2878,111.3984,-518.6973,0.211331,-0.536658,0.816006,0.038358,0.648176,-1.645991,2.502786,-0.324596,0.156444,0.408896,0.45743,2.938938,-0.716137
2818,1776148709407,31.32915,-526.1969,111.2555,-518.5754,0.21087,-0.536417,0.816271,0.038621,0.646658,-1.644988,2.503193,-0.324521,0.156335,0.408848,0.457773,2.939489,-0.716307
2819,1776148709418,31.340261,-525.9318,111.2756,-518.7764,0.210532,-0.536331,0.816416,0.038616,0.645622,-1.644726,2.503644,-0.324438,0.156249,0.408799,0.458063,2.940013,-0.716554
2820,1776148709429,31.351373,-525.8907,111.1635,-518.7474,0.210026,-0.53647,0.816439,0.038953,0.643938,-1.644813,2.503196,-0.324265,0.156085,0.408683,0.458723,2.940953,-0.716937
2821,1776148709440,31.362484,-525.3826,111.0799,-518.8879,0.209814,-0.536401,0.816536,0.038993,0.643274,-1.644562,2.503433,-0.324185,0.155992,0.408632,0.458976,2.941409,-0.71709
2822,1776148709451,31.373595,-525.4307,111.363,-518.9199,0.209723,-0.53647,0.816505,0.039179,0.642919,-1.644587,2.503052,-0.32402,0.155815,0.408537,0.459442,2.942275,-0.717148
2823,1776148709462,31.384706,-525.2473,111.2825,-519.0594,0.209714,-0.536371,0.816582,0.038983,0.642969,-1.64448,2.50359,-0.32393,0.155708,0.408499,0.45954,2.942735,-0.717168
2824,1776148709473,31.395818,-525.0421,111.0572,-518.7843,0.209244,-0.536331,0.816721,0.03915,0.641464,-1.644188,2.50376,-0.323854,0.155631,0.40844,0.459778,2.943083,-0.717167
2825,1776148709484,31.406929,-524.8511,110.8909,-518.7068,0.208961,-0.536546,0.816651,0.039176,0.640584,-1.644821,2.503506,-0.323696,0.155447,0.408295,0.460095,2.943494,-0.717063
2826,1776148709496,31.41804,-524.7714,110.8428,-518.6252,0.208666,-0.536621,0.816664,0.039443,0.639577,-1.644782,2.503134,-0.323603,0.155345,0.408244,0.460238,2.943824,-0.71695
2827,1776148709507,31.429151,-524.6187,110.83,-518.4778,0.208463,-0.537008,0.81645,0.039698,0.638854,-1.645709,2.502083,-0.323432,0.155156,0.40817,0.460546,2.944441,-0.7165
2828,1776148709518,31.440262,-524.4141,110.6133,-518.4717,0.208197,-0.536953,0.816549,0.039786,0.638003,-1.645453,2.502254,-0.323349,0.155065,0.40811,0.460737,2.94459,-0.716261
2829,1776148709529,31.451374,-524.1942,110.6912,-518.2808,0.20813,-0.537148,0.81644,0.039745,0.637813,-1.646093,2.501982,-0.323261,0.154977,0.408063,0.460919,2.944758,-0.715988
2830,1776148709540,31.462485,-524.0887,110.6008,-517.9935,0.208078,-0.537306,0.81635,0.039737,0.63766,-1.646585,2.501718,-0.323068,0.154756,0.408019,0.461064,2.945244,-0.715171
2831,1776148709551,31.473596,-524.0141,110.5185,-517.8796,0.208055,-0.537473,0.816251,0.039636,0.637627,-1.647197,2.501569,-0.322973,0.154669,0.407987,0.461234,2.945442,-0.714843
2832,1776148709562,31.484707,-523.8494,110.3684,-517.9821,0.208091,-0.537672,0.816109,0.039668,0.637725,-1.647775,2.501086,-0.322883,0.154567,0.407961,0.461344,2.945557,-0.71439
2833,1776148709573,31.495819,-523.6345,110.234,-517.9077,0.2076,-0.537283,0.816483,0.039803,0.636169,-1.646447,2.502026,-0.322684,0.154374,0.407896,0.461605,2.945842,-0.713586
2834,1776148709584,31.50693,-523.1081,109.9605,-517.8665,0.207972,-0.537723,0.816107,0.039628,0.637377,-1.647973,2.501142,-0.322597,0.154263,0.407874,0.46168,2.945975,-0.713054
2835,1776148709596,31.518041,-522.9528,110.1114,-517.9402,0.208083,-0.538421,0.815627,0.039473,0.637776,-1.650267,2.499907,-0.322419,0.154054,0.407786,0.461817,2.946055,-0.71191
2836,1776148709607,31.529153,-522.8307,109.9826,-517.7089,0.208126,-0.538702,0.815427,0.039535,0.637883,-1.651068,2.4992,-0.322336,0.153939,0.407751,0.461775,2.946106,-0.711229
2837,1776148709618,31.540264,-522.7764,110.399,-517.7291,0.207709,-0.538751,0.815495,0.039658,0.636559,-1.651091,2.49922,-0.322228,0.153841,0.407721,0.461856,2.946172,-0.710629
2838,1776148709629,31.551375,-522.5971,110.0899,-517.7453,0.207682,-0.539182,0.815216,0.039666,0.636473,-1.652404,2.498354,-0.322027,0.153628,0.407668,0.462155,2.946193,-0.70916
2839,1776148709640,31.562486,-522.5044,109.9809,-517.4987,0.207582,-0.539322,0.815157,0.039508,0.636229,-1.652995,2.498413,-0.321907,0.153545,0.40764,0.462255,2.946244,-0.708476
2840,1776148709651,31.573598,-522.4107,109.8366,-517.3238,0.207726,-0.539779,0.814834,0.039164,0.636804,-1.654746,2.497952,-0.321705,0.153318,0.407542,0.462556,2.945964,-0.706819
2841,1776148709662,31.584709,-522.0372,110.03,-517.4158,0.207847,-0.540097,0.814594,0.039137,0.637185,-1.655747,2.497258,-0.321596,0.153237,0.407486,0.462677,2.945803,-0.70597
2842,1776148709673,31.59582,-521.9512,109.985,-517.2411,0.2077,-0.540558,0.814327,0.039118,0.636743,-1.657179,2.496467,-0.321492,0.153122,0.407453,0.46271,2.945684,-0.70513
2843,1776148709684,31.606931,-521.9676,109.8796,-517.2742,0.207843,-0.540808,0.814137,0.038845,0.637287,-1.658225,2.496304,-0.321283,0.152929,0.407386,0.462925,2.945395,-0.703232
2844,1776148709696,31.618042,-521.7813,109.6591,-517.2607,0.207887,-0.541267,0.813832,0.038597,0.637519,-1.659885,2.49575,-0.32119,0.15284,0.407345,0.463149,2.945165,-0.702289
2845,1776148709707,31.629154,-521.679,109.5148,-517.1277,0.207999,-0.541715,0.813515,0.038392,0.637944,-1.661468,2.495092,-0.320961,0.152655,0.407295,0.463454,2.944832,-0.700235
2846,1776148709718,31.640265,-521.2684,109.5742,-517.3903,0.207824,-0.542441,0.813076,0.038396,0.637406,-1.66369,2.493741,-0.320861,0.152559,0.407252,0.463627,2.944547,-0.699218
2847,1776148709729,31.651376,-520.631,109.7598,-517.6292,0.207627,-0.542816,0.812888,0.038146,0.636898,-1.665097,2.493545,-0.320753,0.152469,0.40722,0.463881,2.944246,-0.698168
2848,1776148709740,31.662487,-520.4266,110.0003,-517.7795,0.208084,-0.543417,0.81239,0.037706,0.638472,-1.667392,2.492691,-0.32052,0.152293,0.407192,0.464355,2.94372,-0.696074
2849,1776148709751,31.673598,-520.1876,109.8017,-517.6156,0.208,-0.543834,0.812148,0.03736,0.638351,-1.669026,2.492482,-0.32041,0.152195,0.407193,0.464634,2.943493,-0.694904
2850,1776148709762,31.684709,-520.1037,109.6235,-517.4781,0.208025,-0.54414,0.811944,0.037214,0.638485,-1.670115,2.492076,-0.320199,0.152016,0.40712,0.46517,2.942656,-0.692855
2851,1776148709773,31.695821,-520.0435,109.9006,-517.541,0.207908,-0.544478,0.811767,0.036782,0.638295,-1.671595,2.492196,-0.320096,0.151931,0.407101,0.465586,2.942296,-0.691665
2852,1776148709784,31.706932,-519.9925,109.9455,-517.4684,0.208239,-0.545124,0.811262,0.036482,0.639429,-1.673887,2.491107,-0.320001,0.151848,0.40706,0.465911,2.941788,-0.690541
2853,1776148709796,31.718043,-519.5898,109.9369,-517.397,0.208165,-0.545744,0.810848,0.036832,0.639064,-1.675431,2.489299,-0.319792,0.151687,0.407057,0.465757,2.941378,-0.687691
2854,1776148709807,31.729154,-519.3138,109.8703,-517.4803,0.208783,-0.546671,0.810073,0.036627,0.641043,-1.67849,2.487235,-0.319694,0.151601,0.407058,0.465522,2.941162,-0.686112
2855,1776148709818,31.740265,-519.2478,109.911,-517.3788,0.208949,-0.547669,0.809355,0.03666,0.641539,-1.681519,2.484978,-0.31959,0.151544,0.407016,0.465338,2.940858,-0.684523
2856,1776148709829,31.751377,-519.1235,109.7797,-517.1432,0.209282,-0.54801,0.809038,0.036647,0.642568,-1.68258,2.484027,-0.319389,0.151393,0.406984,0.464531,2.940438,-0.681131
2857,1776148709840,31.762488,-519.1436,110.0762,-517.3004,0.209991,-0.549387,0.807916,0.036725,0.644714,-1.686727,2.480463,-0.319268,0.151322,0.406984,0.464165,2.940308,-0.679447
2858,1776148709851,31.773599,-518.9019,109.9825,-517.5727,0.210201,-0.549978,0.807456,0.036827,0.645317,-1.688434,2.478893,-0.319075,0.151155,0.406991,0.463048,2.939988,-0.675466
2859,1776148709862,31.784711,-518.8035,109.8774,-517.5265,0.210324,-0.550367,0.807159,0.036787,0.645712,-1.689671,2.478044,-0.318982,0.151064,0.406957,0.462491,2.939635,-0.673578
2860,1776148709873,31.795822,-518.548,109.7637,-517.3188,0.210669,-0.551084,0.806576,0.036878,0.646734,-1.691777,2.476115,-0.318878,0.150985,0.40694,0.461938,2.939441,-0.671625
2861,1776148709884,31.806933,-518.192,109.794,-517.2591,0.211334,-0.551608,0.806057,0.036593,0.64889,-1.693682,2.474956,-0.318698,0.150804,0.40688,0.460782,2.938742,-0.667838
2862,1776148709896,31.818044,-517.9479,109.6496,-517.5407,0.212166,-0.552543,0.805212,0.036267,0.651576,-1.696895,2.472857,-0.318592,0.15072,0.406849,0.460125,2.938479,-0.665914
2863,1776148709907,31.829163,-517.8232,109.4017,-517.5794,0.21216,-0.552795,0.805051,0.036053,0.651644,-1.697891,2.472687,-0.318373,0.15056,0.406794,0.459196,2.93771,-0.662316
2864,1776148709918,31.840275,-517.7066,109.1693,-517.2252,0.212495,-0.553797,0.804279,0.035919,0.652726,-1.701109,2.470522,-0.318279,0.150475,0.406755,0.458716,2.937266,-0.660502
2865,1776148709929,31.851386,-517.6104,109.0424,-517.1204,0.212971,-0.554381,0.803761,0.035695,0.654278,-1.703139,2.46927,-0.318177,0.150411,0.406711,0.458424,2.936743,-0.658831
2866,1776148709940,31.862497,-517.2214,109.1978,-517.2214,0.213307,-0.555115,0.803173,0.035505,0.655388,-1.705594,2.467752,-0.318019,0.150249,0.406628,0.457518,2.935702,-0.655327
2867,1776148709951,31.873608,-516.9872,109.5724,-517.3989,0.21372,-0.555316,0.802943,0.035087,0.656826,-1.706651,2.46768,-0.317915,0.150167,0.406642,0.457182,2.935259,-0.653556
2868,1776148709962,31.88472,-516.8988,109.4066,-517.2839,0.213967,-0.556521,0.80205,0.034915,0.657653,-1.710536,2.465197,-0.317843,0.150088,0.40661,0.45677,2.934772,-0.651838
2869,1776148709973,31.895831,-516.6786,109.5508,-517.0611,0.214512,-0.557705,0.801089,0.034739,0.6594,-1.71436,2.462512,-0.317695,0.149912,0.40655,0.456118,2.933575,-0.648353
2870,1776148709984,31.906942,-516.7585,109.6336,-517.0762,0.214823,-0.558113,0.800742,0.034251,0.660556,-1.71613,2.462187,-0.317587,0.149855,0.406511,0.455957,2.932917,-0.646776
2871,1776148709996,31.918053,-516.7198,109.6266,-516.9747,0.215018,-0.558436,0.800475,0.033993,0.661259,-1.717399,2.461759,-0.317411,0.149707,0.406484,0.455504,2.931756,-0.64351
2872,1776148710007,31.92917,-516.5613,109.5199,-516.632,0.214888,-0.559556,0.799722,0.034126,0.660806,-1.720702,2.45924,-0.317325,0.149634,0.406458,0.455363,2.931092,-0.641878
2873,1776148710018,31.940281,-516.5556,109.7417,-516.4442,0.21572,-0.560134,0.799128,0.033309,0.663699,-1.723347,2.458653,-0.317243,0.149563,0.406439,0.455271,2.930431,-0.640312
2874,1776148710029,31.951393,-516.3568,109.6816,-516.5443,0.215796,-0.5609,0.798577,0.033136,0.664004,-1.72589,2.45722,-0.317071,0.149399,0.406427,0.455009,2.929188,-0.63716
2875,1776148710040,31.962504,-516.1068,109.5487,-516.5648,0.21641,-0.561607,0.797934,0.032645,0.666095,-1.728586,2.455987,-0.317014,0.149309,0.406388,0.454859,2.928392,-0.635694
2876,1776148710051,31.973615,-516.142,109.8083,-516.4689,0.216266,-0.56218,0.797569,0.032658,0.665647,-1.730339,2.454842,-0.316848,0.149153,0.406404,0.454794,2.927113,-0.632747
2877,1776148710062,31.984726,-515.9587,109.9397,-516.5277,0.2166,-0.562744,0.797101,0.032154,0.666881,-1.732614,2.454165,-0.31676,0.149075,0.406404,0.454818,2.926421,-0.631271
2878,1776148710073,31.995838,-515.9248,109.6985,-516.4695,0.216863,-0.562857,0.796968,0.031711,0.667875,-1.733434,2.454428,-0.316681,0.148979,0.406397,0.454824,2.925663,-0.629807
2879,1776148710084,32.006949,-515.5887,109.8272,-516.2417,0.217424,-0.563456,0.796418,0.031029,0.669885,-1.736012,2.453772,-0.316545,0.148791,0.406381,0.45488,2.92409,-0.626939
2880,1776148710096,32.01806,-515.3249,109.7904,-516.3226,0.218104,-0.564213,0.795709,0.030687,0.672123,-1.738714,2.452104,-0.316493,0.148693,0.40635,0.454791,2.923243,-0.625559
2881,1776148710107,32.029171,-514.9681,109.7836,-516.1982,0.21806,-0.564703,0.795386,0.030362,0.672122,-1.740574,2.451602,-0.316326,0.148478,0.406367,0.454859,2.921808,-0.622675
2882,1776148710118,32.040282,-514.6651,109.4423,-516.4756,0.218458,-0.56528,0.794885,0.029881,0.673549,-1.742869,2.450788,-0.316239,0.148362,0.406378,0.454768,2.921103,-0.62128
2883,1776148710129,32.051394,-514.4764,109.3503,-516.3383,0.218691,-0.56568,0.794557,0.02932,0.674501,-1.74471,2.450628,-0.316169,0.148273,0.406351,0.454919,2.920203,-0.619979
2884,1776148710140,32.062505,-514.1942,109.2473,-516.2993,0.21929,-0.566261,0.793993,0.028905,0.676524,-1.746953,2.449519,-0.316008,0.148055,0.406298,0.454905,2.918504,-0.617398
2885,1776148710151,32.073616,-514.0054,109.2445,-516.1754,0.219181,-0.566687,0.793735,0.028482,0.676364,-1.748724,2.449365,-0.315918,0.147933,0.406281,0.455007,2.917657,-0.616046
2886,1776148710162,32.084727,-513.8408,109.2207,-516.1091,0.219978,-0.567555,0.79292,0.02773,0.67914,-1.752219,2.447994,-0.315741,0.147747,0.406235,0.455182,2.915903,-0.613504
2887,1776148710173,32.095839,-513.7095,108.8337,-515.9532,0.220213,-0.568165,0.792439,0.02712,0.680125,-1.754768,2.447432,-0.315626,0.147631,0.406227,0.455378,2.915078,-0.612197
2888,1776148710184,32.10695,-513.6559,108.6,-515.5899,0.220244,-0.568007,0.792553,0.026855,0.68033,-1.754566,2.448188,-0.315543,0.147533,0.406187,0.455415,2.914199,-0.610989
2889,1776148710196,32.118061,-513.3938,108.7654,-515.6363,0.220876,-0.568687,0.791913,0.026151,0.682581,-1.757436,2.44728,-0.315368,0.147313,0.406098,0.455573,2.912312,-0.608459
2890,1776148710207,32.129172,-513.2917,108.7694,-515.4934,0.221325,-0.569673,0.791093,0.025699,0.684162,-1.760979,2.445434,-0.315292,0.147197,0.406044,0.455599,2.911327,-0.607176
2891,1776148710218,32.140284,-513.4009,108.9079,-515.3812,0.221377,-0.570274,0.790651,0.025496,0.68441,-1.763061,2.444378,-0.315198,0.147097,0.406023,0.455715,2.910468,-0.605882
2892,1776148710229,32.151395,-513.1152,109.1107,-515.3425,0.221848,-0.570646,0.790267,0.024999,0.686078,-1.764755,2.443944,-0.314995,0.14689,0.405983,0.456083,2.908737,-0.603203
2893,1776148710240,32.162506,-512.938,109.1006,-515.3448,0.222426,-0.570795,0.790023,0.024167,0.68822,-1.76613,2.444455,-0.314905,0.146782,0.405938,0.456146,2.907833,-0.60194
2894,1776148710251,32.173617,-512.8088,108.9705,-515.3049,0.222642,-0.571296,0.78961,0.023834,0.689033,-1.768045,2.443684,-0.314722,0.146584,0.405838,0.456383,2.90595,-0.599482
2895,1776148710262,32.184728,-512.5914,108.945,-515.4132,0.222765,-0.57176,0.789255,0.0233,0.689642,-1.770072,2.443397,-0.31462,0.146489,0.405784,0.456601,2.90502,-0.598236
2896,1776148710273,32.19584,-512.5588,108.7946,-515.3823,0.223177,-0.572487,0.788623,0.022918,0.691081,-1.772743,2.442022,-0.314516,0.146401,0.405721,0.456745,2.904061,-0.597072
2897,1776148710284,32.206951,-512.2773,108.5434,-515.4001,0.223709,-0.573125,0.788028,0.022224,0.69303,-1.775487,2.441237,-0.314313,0.146197,0.405659,0.456959,2.902375,-0.594444
2898,1776148710296,32.218062,-512.0604,108.6543,-515.1118,0.223838,-0.573547,0.787694,0.021895,0.693572,-1.777158,2.440702,-0.314224,0.146093,0.405607,0.457111,2.901463,-0.593152
2899,1776148710307,32.229174,-512.0507,108.8952,-515.0379,0.224229,-0.573895,0.787345,0.021297,0.695042,-1.778901,2.440533,-0.314014,0.145923,0.405553,0.457558,2.899798,-0.590499
2900,1776148710318,32.240285,-512.0198,108.8465,-515.0522,0.22453,-0.574674,0.786705,0.020784,0.696199,-1.781886,2.439328,-0.313917,0.145827,0.405534,0.457718,2.899021,-0.589146
2901,1776148710329,32.251396,-512.089,109.1548,-515.036,0.224837,-0.575035,0.786365,0.020331,0.697348,-1.78351,2.438966,-0.313818,0.145747,0.405492,0.457954,2.898157,-0.587861
2902,1776148710340,32.262507,-511.9102,109.1733,-515.1163,0.224907,-0.575599,0.78594,0.020017,0.6977,-1.785609,2.438126,-0.313629,0.145563,0.405446,0.458358,2.896527,-0.585055
2903,1776148710351,32.273618,-511.6889,108.9897,-514.9947,0.224922,-0.576086,0.785585,0.019817,0.697834,-1.787343,2.437327,-0.313525,0.145458,0.405439,0.458503,2.895755,-0.583588
2904,1776148710362,32.28473,-511.4875,109.4286,-514.9085,0.225514,-0.576799,0.784906,0.019219,0.699933,-1.790225,2.436134,-0.313439,0.14533,0.405436,0.458519,2.895082,-0.582134
2905,1776148710373,32.295841,-511.1505,109.2104,-514.9816,0.225847,-0.577711,0.784154,0.018572,0.701252,-1.793783,2.434784,-0.313251,0.14514,0.405397,0.458905,2.893532,-0.579332
2906,1776148710384,32.306952,-511.0735,109.4883,-514.9172,0.2261,-0.578207,0.783727,0.018094,0.702246,-1.79586,2.434187,-0.313167,0.145058,0.405352,0.459073,2.892724,-0.578006
2907,1776148710396,32.318063,-510.7666,109.1014,-514.7611,0.22627,-0.578865,0.783201,0.017702,0.702947,-1.798343,2.433151,-0.313,0.144893,0.405287,0.459539,2.891176,-0.575274
2908,1776148710407,32.329174,-510.4851,108.9689,-514.3807,0.226402,-0.57924,0.782892,0.017424,0.703479,-1.799821,2.432614,-0.312912,0.144795,0.405265,0.459763,2.890455,-0.573848
2909,1776148710418,32.340285,-510.2891,108.8227,-514.5696,0.226748,-0.579798,0.782391,0.016874,0.704796,-1.802177,2.431893,-0.312842,0.144678,0.405239,0.459837,2.889731,-0.57246
2910,1776148710429,32.351397,-510.1976,108.8196,-514.4615,0.226906,-0.580118,0.782115,0.016528,0.705442,-1.803565,2.431563,-0.312667,0.1445,0.405175,0.460229,2.888298,-0.569857
2911,1776148710440,32.362508,-510.0112,108.7634,-514.5316,0.227283,-0.580419,0.781798,0.015776,0.706947,-1.80535,2.431724,-0.312599,0.144406,0.405128,0.460399,2.887556,-0.568528
2912,1776148710451,32.373619,-509.992,108.8175,-514.4086,0.22769,-0.581125,0.781165,0.015243,0.70845,-1.80815,2.43057,-0.312447,0.144236,0.405034,0.460863,2.886049,-0.565904
2913,1776148710462,32.38473,-509.4596,108.3516,-514.4633,0.227887,-0.58159,0.780765,0.015076,0.709136,-1.809787,2.42958,-0.31237,0.14414,0.405003,0.461033,2.885359,-0.56457
2914,1776148710473,32.395842,-509.3918,108.4391,-514.4141,0.227942,-0.582096,0.780376,0.01486,0.709404,-1.811608,2.428698,-0.312315,0.144026,0.404979,0.461151,2.884718,-0.563127
2915,1776148710484,32.406953,-509.3585,108.5721,-514.33,0.228183,-0.58282,0.779774,0.014379,0.710369,-1.814409,2.427557,-0.312158,0.143851,0.404952,0.461532,2.883475,-0.560373
2916,1776148710496,32.418064,-509.216,108.4402,-514.238,0.228435,-0.583165,0.779449,0.013956,0.711342,-1.815967,2.427193,-0.312086,0.14376,0.404918,0.461658,2.882788,-0.55902
2917,1776148710507,32.429176,-509.2241,108.591,-514.0663,0.22872,-0.583738,0.778947,0.013409,0.712475,-1.818373,2.42646,-0.311934,0.14359,0.404871,0.462089,2.881492,-0.556302
2918,1776148710518,32.440287,-509.1922,108.8074,-513.9495,0.22881,-0.584239,0.77855,0.013055,0.712913,-1.82034,2.425766,-0.311864,0.143505,0.404837,0.4623,2.880795,-0.555018
2919,1776148710529,32.451398,-508.7088,108.4025,-514.082,0.228987,-0.584716,0.778144,0.012829,0.713567,-1.822085,2.424845,-0.311779,0.143389,0.404827,0.462465,2.88026,-0.553611
2920,1776148710540,32.462509,-508.7056,108.421,-514.0353,0.229225,-0.585634,0.777389,0.012422,0.714493,-1.825415,2.423113,-0.311642,0.143205,0.404736,0.462963,2.878935,-0.550958
2921,1776148710551,32.47362,-508.6974,108.5403,-513.8538,0.229439,-0.586088,0.77699,0.012059,0.715323,-1.827247,2.422421,-0.311566,0.143102,0.404687,0.46318,2.87828,-0.549615
2922,1776148710562,32.484731,-508.2645,108.1607,-513.7794,0.229461,-0.58637,0.776774,0.011856,0.715483,-1.828358,2.422058,-0.311442,0.142888,0.404603,0.46338,2.877169,-0.546888
2923,1776148710573,32.495843,-507.9496,108.16,-513.9037,0.229891,-0.587315,0.775941,0.011274,0.717085,-1.831979,2.420346,-0.311358,0.142773,0.404565,0.463588,2.876577,-0.545553
2924,1776148710584,32.506954,-507.8519,108.2453,-513.7289,0.229682,-0.587341,0.775984,0.011233,0.716453,-1.832104,2.420544,-0.311282,0.142687,0.404528,0.463734,2.876079,-0.544225
2925,1776148710596,32.518065,-507.6805,108.1598,-513.6448,0.230055,-0.587977,0.775396,0.01094,0.717748,-1.834428,2.419156,-0.311122,0.142449,0.404505,0.463853,2.875206,-0.541356
2926,1776148710607,32.529177,-507.6213,108.2661,-513.5391,0.230239,-0.588717,0.774786,0.010496,0.718522,-1.837251,2.41793,-0.31104,0.142335,0.404459,0.464025,2.874632,-0.540022
2927,1776148710618,32.540288,-507.2847,107.8836,-513.4767,0.230553,-0.589355,0.774213,0.010047,0.719708,-1.839764,2.416826,-0.310962,0.142234,0.404429,0.464213,2.874107,-0.538665
2928,1776148710629,32.551399,-507.1851,107.8607,-513.415,0.230675,-0.589822,0.773824,0.00976,0.720217,-1.841556,2.41605,-0.310806,0.142012,0.404351,0.464351,2.873043,-0.536007
2929,1776148710640,32.56251,-506.7735,107.7855,-513.3799,0.230904,-0.590343,0.773363,0.009438,0.721079,-1.843556,2.4151,-0.310728,0.141876,0.40432,0.464326,2.872567,-0.53469
2930,1776148710651,32.573621,-506.656,107.8215,-513.4133,0.230956,-0.590982,0.772861,0.009224,0.72134,-1.845802,2.41386,-0.310562,0.141664,0.404272,0.464619,2.87158,-0.532125
2931,1776148710662,32.584733,-506.4075,107.636,-513.2039,0.230928,-0.591319,0.772616,0.00893,0.721386,-1.847194,2.41354,-0.310477,0.141556,0.404236,0.464791,2.871043,-0.530862
2932,1776148710673,32.595844,-506.3728,107.6131,-513.1016,0.231317,-0.591605,0.772285,0.008519,0.722788,-1.848568,2.413134,-0.3104,0.14145,0.404207,0.464853,2.870504,-0.529676
2933,1776148710684,32.606955,-506.1156,107.5832,-512.9537,0.231503,-0.59224,0.771745,0.008196,0.723517,-1.850931,2.411941,-0.310248,0.141225,0.404131,0.465104,2.869457,-0.527196
2934,1776148710696,32.618067,-505.994,107.6858,-512.9792,0.231646,-0.592576,0.771447,0.007904,0.724099,-1.852323,2.411453,-0.310171,0.141115,0.40409,0.465248,2.868905,-0.526055
2935,1776148710707,32.629178,-505.9149,107.7354,-512.834,0.231867,-0.593194,0.77091,0.0075,0.724975,-1.854729,2.410388,-0.310038,0.140883,0.403976,0.465467,2.867699,-0.523688
2936,1776148710718,32.640289,-505.9088,107.4475,-512.7659,0.232225,-0.593547,0.770534,0.007158,0.726252,-1.856232,2.409735,-0.309975,0.140766,0.40392,0.465436,2.867164,-0.522631
2937,1776148710729,32.6514,-505.8719,107.5909,-512.6423,0.232374,-0.593981,0.770158,0.006777,0.72689,-1.858038,2.40914,-0.309913,0.140649,0.403855,0.465486,2.866509,-0.521606
2938,1776148710740,32.662512,-505.5956,107.5142,-512.5134,0.232484,-0.594699,0.769572,0.006573,0.72733,-1.860525,2.407617,-0.309785,0.140399,0.403748,0.465611,2.865355,-0.519339
2939,1776148710751,32.673623,-505.1432,107.1604,-512.4053,0.232671,-0.594962,0.769314,0.006417,0.727986,-1.86153,2.407047,-0.30972,0.140258,0.40371,0.465494,2.864838,-0.518204
2940,1776148710762,32.684734,-505.0902,107.1678,-512.2849,0.233339,-0.595479,0.768715,0.005831,0.730348,-1.86384,2.406067,-0.309658,0.140145,0.403646,0.465479,2.864239,-0.517122
2941,1776148710773,32.695846,-505.0154,107.2578,-512.3798,0.233288,-0.595889,0.768415,0.005677,0.730259,-1.865305,2.40536,-0.309519,0.139911,0.403519,0.465601,2.862981,-0.514956
2942,1776148710784,32.706957,-504.9511,107.3399,-512.2168,0.233696,-0.59612,0.768114,0.005238,0.73174,-1.866547,2.405088,-0.30945,0.13979,0.40349,0.465661,2.862401,-0.51387
2943,1776148710796,32.718068,-504.772,107.4262,-512.0634,0.233786,-0.596536,0.767765,0.005091,0.73209,-1.868024,2.404217,-0.309288,0.139539,0.403411,0.465639,2.861387,-0.511716
2944,1776148710807,32.729179,-504.7872,107.3905,-511.5886,0.234384,-0.596826,0.76736,0.004497,0.73424,-1.869636,2.403857,-0.30921,0.139423,0.403373,0.465718,2.860788,-0.51067
2945,1776148710818,32.74029,-504.737,107.3545,-511.7094,0.234413,-0.59741,0.766899,0.004214,0.734462,-1.871801,2.402842,-0.309144,0.139287,0.403321,0.465772,2.86016,-0.509657
2946,1776148710829,32.751402,-504.4648,107.0738,-511.3887,0.234599,-0.597594,0.7667,0.003902,0.73519,-1.872748,2.402695,-0.308994,0.139027,0.403228,0.465756,2.859034,-0.507742
2947,1776148710840,32.762513,-504.2668,107.2235,-511.1688,0.234923,-0.598269,0.766077,0.00343,0.736425,-1.875424,2.40146,-0.30893,0.138877,0.403192,0.465837,2.858396,-0.506628
2948,1776148710851,32.773624,-503.7957,107.0517,-511.4658,0.234939,-0.598738,0.765705,0.003519,0.736433,-1.876788,2.40016,-0.308796,0.138591,0.403134,0.465871,2.857278,-0.504528
2949,1776148710862,32.784735,-503.5855,107.1639,-511.2066,0.235115,-0.598793,0.76561,0.003113,0.737174,-1.877446,2.400478,-0.30871,0.138466,0.403128,0.465953,2.856739,-0.503604
2950,1776148710873,32.795847,-503.4221,107.2898,-511.1574,0.235152,-0.599225,0.76526,0.003128,0.737284,-1.878783,2.399359,-0.308638,0.138326,0.403111,0.465941,2.856223,-0.502563
2951,1776148710884,32.806958,-503.3608,107.3334,-510.9683,0.235479,-0.599899,0.764633,0.00258,0.738568,-1.88155,2.398229,-0.308477,0.138037,0.4031,0.46594,2.855242,-0.500547
2952,1776148710896,32.818069,-503.0981,106.7175,-510.7212,0.235592,-0.599949,0.764559,0.002549,0.738937,-1.881743,2.398044,-0.308392,0.137909,0.403033,0.465935,2.854559,-0.499754
2953,1776148710907,32.82918,-502.7269,106.5507,-510.7159,0.235974,-0.600572,0.763953,0.002199,0.740297,-1.884116,2.396676,-0.308237,0.137643,0.402938,0.465842,2.853342,-0.498004
2954,1776148710918,32.840292,-502.615,106.7136,-510.6206,0.236309,-0.601054,0.763472,0.001718,0.741576,-1.886205,2.395897,-0.308143,0.137501,0.402925,0.465796,2.852891,-0.497022
2955,1776148710929,32.851403,-502.251,106.8265,-510.4078,0.236222,-0.601314,0.763294,0.001803,0.741262,-1.886916,2.39521,-0.308051,0.137359,0.402895,0.4658,2.852334,-0.496103
2956,1776148710940,32.862514,-502.1509,106.9542,-510.2283,0.236778,-0.601811,0.762731,0.001302,0.743244,-1.88908,2.394206,-0.307853,0.137048,0.402815,0.465656,2.85125,-0.494214
2957,1776148710951,32.873625,-502.001,106.9016,-510.2276,0.236768,-0.601931,0.76264,0.000947,0.74338,-1.889882,2.394459,-0.307758,0.136911,0.402758,0.465817,2.850592,-0.493353
2958,1776148710962,32.884736,-501.9027,107.1705,-510.0514,0.236738,-0.602105,0.762512,0.000974,0.743275,-1.890396,2.394017,-0.307592,0.136582,0.402698,0.46565,2.849528,-0.491397
2959,1776148710973,32.895848,-501.5639,106.714,-510.0507,0.237132,-0.602717,0.761906,0.00031,0.744826,-1.893117,2.393126,-0.307501,0.136426,0.40263,0.465778,2.848822,-0.490501
2960,1776148710984,32.906959,-501.4748,106.7463,-509.9186,-0.237478,0.602873,-0.761675,0.000051,-0.746034,1.893921,-2.392794,-0.307405,0.136264,0.40258,0.46583,2.848242,-0.48964
2961,1776148710996,32.91807,-501.2599,106.2038,-509.9932,-0.238063,0.603458,-0.761029,0.000525,-0.747648,1.895185,-2.390043,-0.307253,0.13594,0.402432,0.465737,2.846851,-0.48794
2962,1776148711007,32.929181,-500.9548,106.2181,-509.9236,-0.238386,0.603922,-0.760559,0.000554,-0.748647,1.896608,-2.388526,-0.307179,0.135805,0.40236,0.465774,2.846167,-0.487115
2963,1776148711018,32.940292,-500.5984,106.1638,-509.6353,-0.238346,0.60377,-0.760693,0.000843,-0.748383,1.895781,-2.388505,-0.307083,0.13565,0.402309,0.465736,2.845565,-0.486293
2964,1776148711029,32.951404,-500.2731,106.1941,-509.6239,-0.238647,0.604196,-0.760259,0.001083,-0.749216,1.89683,-2.386778,-0.306934,0.135342,0.402214,0.465711,2.844226,-0.48464
2965,1776148711040,32.962515,-500.1362,106.1535,-509.2813,-0.23897,0.604584,-0.759848,0.001423,-0.750066,1.897638,-2.384974,-0.306859,0.135205,0.402164,0.465643,2.843544,-0.483847
2966,1776148711051,32.973626,-499.7097,105.967,-509.5046,-0.239327,0.604806,-0.759557,0.002135,-0.750848,1.897477,-2.382982,-0.306715,0.134932,0.402061,0.465728,2.842133,-0.482295
2967,1776148711062,32.984737,-499.5563,106.158,-509.3866,-0.239425,0.605369,-0.759078,0.002124,-0.751161,1.899256,-2.381494,-0.306636,0.134787,0.402041,0.465577,2.841539,-0.481468
2968,1776148711073,32.995848,-499.5752,105.9842,-509.2519,-0.240237,0.605612,-0.758625,0.002929,-0.753321,1.899045,-2.378857,-0.306564,0.134651,0.401998,0.465507,2.840844,-0.480747
2969,1776148711084,33.00696,-499.1326,105.8896,-509.0954,-0.240212,0.605867,-0.758428,0.003179,-0.753124,1.899545,-2.377861,-0.306436,0.134403,0.401895,0.465402,2.839361,-0.479335
2970,1776148711096,33.018071,-499.0539,105.8286,-509.2046,-0.240712,0.606191,-0.758008,0.003657,-0.754465,1.899986,-2.375825,-0.30637,0.134268,0.401859,0.465399,2.838649,-0.478614
2971,1776148711107,33.029182,-498.9037,105.8046,-508.7765,-0.240675,0.606443,-0.757819,0.003604,-0.754374,1.900839,-2.37531,-0.306207,0.134,0.401819,0.465317,2.837353,-0.477093
2972,1776148711118,33.040294,-498.7673,105.8576,-509.078,-0.241322,0.607107,-0.757077,0.004415,-0.756012,1.90194,-2.371766,-0.30612,0.133857,0.401778,0.465331,2.836654,-0.476375
2973,1776148711129,33.051405,-498.3885,105.8197,-508.8993,-0.241416,0.607248,-0.756932,0.004718,-0.75616,1.902016,-2.370857,-0.306046,0.133722,0.401749,0.465335,2.835924,-0.47564
2974,1776148711140,33.062516,-498.4995,105.6225,-508.6139,-0.241692,0.607561,-0.756591,0.005063,-0.756859,1.902581,-2.369268,-0.305918,0.133464,0.401665,0.465433,2.83439,-0.474233
2975,1776148711151,33.073627,-498.3878,105.7327,-508.3944,-0.241631,0.607809,-0.75641,0.005158,-0.756623,1.903242,-2.368561,-0.305853,0.133318,0.40166,0.465338,2.833804,-0.47348
2976,1776148711162,33.084739,-498.12,105.4929,-508.0555,-0.242023,0.608187,-0.755977,0.00566,-0.757612,1.90382,-2.366454,-0.305775,0.133184,0.401661,0.465441,2.833148,-0.472804
2977,1776148711173,33.09585,-497.9019,105.1921,-508.1966,-0.242306,0.608324,-0.755773,0.006036,-0.758316,1.903799,-2.365251,-0.305659,0.132877,0.401643,0.465411,2.831892,-0.471197
2978,1776148711184,33.106961,-497.7116,104.9405,-508.0792,-0.242701,0.608782,-0.755273,0.006631,-0.759266,1.904513,-2.362796,-0.305598,0.132729,0.401612,0.465447,2.831178,-0.470428
2979,1776148711196,33.118072,-497.7269,104.9102,-507.7154,-0.242954,0.609125,-0.754913,0.006841,-0.759955,1.905334,-2.361354,-0.305458,0.132486,0.401524,0.465612,2.829765,-0.469234
2980,1776148711207,33.129183,-497.6096,104.751,-507.4769,-0.243171,0.609145,-0.754823,0.007222,-0.760451,1.904936,-2.360506,-0.305388,0.132332,0.401495,0.46554,2.829167,-0.468524
2981,1776148711218,33.140295,-497.3517,105.1942,-507.5283,-0.243223,0.609599,-0.754435,0.007667,-0.760402,1.905821,-2.358628,-0.305322,0.132185,0.401456,0.465625,2.828479,-0.467858
2982,1776148711229,33.151406,-497.1577,104.9498,-507.1129,-0.243908,0.609715,-0.754116,0.008139,-0.762315,1.905613,-2.356926,-0.305178,0.13191,0.401357,0.46568,2.827129,-0.466539
2983,1776148711240,33.162517,-496.7296,104.7816,-507.0788,-0.244078,0.609811,-0.753975,0.008868,-0.762493,1.905036,-2.355403,-0.305116,0.131753,0.401281,0.46574,2.826359,-0.465979
2984,1776148711251,33.173628,-496.5315,104.9477,-507.0763,-0.244337,0.610345,-0.753458,0.00889,-0.763292,1.906679,-2.353754,-0.304968,0.13144,0.401204,0.465772,2.825151,-0.464498
2985,1776148711262,33.18474,-496.2396,104.9045,-506.982,-0.244526,0.610429,-0.753326,0.009129,-0.763769,1.906655,-2.352987,-0.30491,0.131287,0.401154,0.465691,2.824534,-0.463838
2986,1776148711273,33.195851,-496.381,104.9015,-507.0655,-0.244735,0.610596,-0.753116,0.00965,-0.764169,1.906548,-2.351559,-0.30484,0.131141,0.4011,0.465842,2.82386,-0.463228
2987,1776148711284,33.206962,-496.162,104.6898,-506.699,-0.245033,0.611199,-0.752527,0.009898,-0.76498,1.908132,-2.349352,-0.304721,0.130846,0.400969,0.46597,2.822442,-0.461871
2988,1776148711296,33.218073,-496.1011,104.7425,-507.1694,-0.245064,0.611389,-0.752357,0.010325,-0.76487,1.908211,-2.348187,-0.304667,0.130704,0.400886,0.465962,2.821726,-0.461244
2989,1776148711307,33.229184,-495.8882,104.4107,-506.6524,-0.245532,0.611732,-0.751923,0.010521,-0.766237,1.909045,-2.346542,-0.304552,0.130423,0.400784,0.466216,2.820353,-0.460008
2990,1776148711318,33.240296,-495.846,104.5385,-506.5194,-0.245621,0.61189,-0.751757,0.011093,-0.766239,1.90885,-2.345178,-0.304501,0.130278,0.400725,0.466283,2.819645,-0.459376
2991,1776148711329,33.251407,-495.6606,104.3827,-506.5044,-0.246095,0.612323,-0.751243,0.011479,-0.767529,1.909736,-2.343007,-0.304447,0.130133,0.400703,0.466393,2.819035,-0.458626
2992,1776148711340,33.262518,-495.3055,104.4984,-506.3322,-0.24627,0.612401,-0.751115,0.011944,-0.767852,1.909421,-2.341921,-0.304364,0.129867,0.40057,0.466634,2.817584,-0.457408
2993,1776148711351,33.273629,-495.0995,104.4776,-506.0947,-0.246517,0.612926,-0.750603,0.012101,-0.768546,1.910868,-2.340094,-0.304319,0.129732,0.40051,0.466689,2.816852,-0.456771
2994,1776148711362,33.28474,-494.9289,104.3966,-505.9462,-0.246707,0.61315,-0.750349,0.012637,-0.76888,1.910922,-2.338512,-0.304207,0.129487,0.400455,0.466994,2.815623,-0.45546
2995,1776148711373,33.295852,-494.8251,104.2699,-505.7888,-0.246591,0.613418,-0.750162,0.012977,-0.768353,1.911349,-2.33743,-0.304165,0.129365,0.400425,0.467096,2.814995,-0.454725
2996,1776148711384,33.306963,-494.7483,104.1178,-505.6212,-0.247061,0.613784,-0.749702,0.013302,-0.769661,1.912098,-2.33552,-0.304122,0.129258,0.400372,0.467274,2.814274,-0.454095
2997,1776148711396,33.318074,-494.6891,104.1791,-505.7105,-0.247177,0.613904,-0.749556,0.013849,-0.769757,1.911814,-2.334262,-0.304036,0.129015,0.400293,0.467598,2.812951,-0.452726
2998,1776148711407,33.329185,-494.5174,104.2902,-505.451,-0.24733,0.614214,-0.749245,0.014203,-0.770063,1.912354,-2.332774,-0.303998,0.128875,0.400274,0.46766,2.81233,-0.451954
2999,1776148711418,33.340296,-494.2669,104.0489,-505.3582,-0.247548,0.614688,-0.74878,0.014392,-0.77065,1.913603,-2.33105,-0.303955,0.128747,0.400254,0.467765,2.81178,-0.451162
3000,1776148711429,33.351408,-494.2194,104.1748,-505.1871,-0.247396,0.614761,-0.748762,0.014813,-0.769971,1.913324,-2.330378,-0.303871,0.128516,0.400171,0.468131,2.810481,-0.449749
3001,1776148711440,33.362519,-494.1743,104.0162,-505.1343,-0.247755,0.61516,-0.748306,0.015278,-0.770864,1.914007,-2.328279,-0.303818,0.128404,0.400149,0.468305,2.809922,-0.449056
3002,1776148711451,33.37363,-494.1649,104.1162,-504.8042,-0.24799,0.615604,-0.747858,0.015546,-0.771466,1.915066,-2.326492,-0.303738,0.128167,0.400061,0.468567,2.808654,-0.447643
3003,1776148711462,33.384741,-494.0145,103.7882,-504.8112,-0.248168,0.615841,-0.747596,0.015912,-0.771844,1.915363,-2.325143,-0.303679,0.128045,0.400053,0.468809,2.808151,-0.446806
3004,1776148711473,33.395852,-493.6664,103.5141,-504.7628,-0.248215,0.616035,-0.74741,0.0164,-0.771753,1.915381,-2.323854,-0.30363,0.127946,0.400004,0.469002,2.807535,-0.446108
3005,1776148711484,33.406963,-493.6313,103.5789,-504.6049,-0.248274,0.616903,-0.746675,0.016341,-0.771964,1.918152,-2.321654,-0.303548,0.127713,0.399938,0.469419,2.806358,-0.444534
3006,1776148711496,33.418074,-493.3725,103.7028,-504.7899,-0.248444,0.617172,-0.746387,0.016774,-0.772282,1.918466,-2.320128,-0.303488,0.12759,0.399921,0.469714,2.80587,-0.443748
3007,1776148711507,33.429186,-493.2172,103.7888,-504.6087,-0.248493,0.61729,-0.746263,0.017218,-0.772221,1.918299,-2.319099,-0.303396,0.127349,0.39987,0.470122,2.804804,-0.442185
3008,1776148711518,33.440297,-493.1869,103.709,-504.3246,-0.248825,0.617962,-0.745587,0.017581,-0.773078,1.919951,-2.316471,-0.303356,0.127232,0.399864,0.470357,2.804304,-0.441315
3009,1776148711529,33.451408,-493.1847,103.9301,-504.1375,-0.248883,0.618033,-0.7455,0.017986,-0.773059,1.919684,-2.315612,-0.303308,0.127115,0.399845,0.470569,2.803786,-0.440459
3010,1776148711540,33.46252,-492.9255,103.7097,-504.0153,-0.24871,0.618201,-0.745413,0.018173,-0.772433,1.919982,-2.315074,-0.303203,0.126893,0.399817,0.471162,2.802828,-0.438909
3011,1776148711551,33.473631,-492.9299,103.735,-503.7869,-0.248977,0.61874,-0.744866,0.018577,-0.773068,1.921171,-2.312788,-0.30315,0.126783,0.399812,0.471424,2.802385,-0.438052
3012,1776148711562,33.484742,-492.7339,103.5539,-503.8506,-0.249104,0.619119,-0.744503,0.018833,-0.773336,1.92204,-2.311291,-0.303112,0.126666,0.399771,0.471562,2.801855,-0.437263
3013,1776148711573,33.495853,-492.736,103.7145,-503.7125,-0.24914,0.619085,-0.744504,0.019412,-0.77317,1.921238,-2.310456,-0.303022,0.126442,0.399721,0.472031,2.800845,-0.435636
3014,1776148711584,33.506964,-492.7512,103.9872,-503.5578,-0.249084,0.619793,-0.743932,0.019484,-0.772961,1.923348,-2.308577,-0.302988,0.126338,0.399664,0.472311,2.800215,-0.434876
3015,1776148711596,33.518075,-492.2327,103.5986,-503.5997,-0.249414,0.620306,-0.74339,0.019585,-0.773936,1.92482,-2.306752,-0.302905,0.126105,0.39965,0.472738,2.799257,-0.433178
3016,1776148711607,33.529187,-492.2124,103.7883,-503.42,-0.249342,0.620379,-0.743344,0.019959,-0.773531,1.924596,-2.306068,-0.302867,0.125986,0.399631,0.473036,2.798694,-0.432336
3017,1776148711618,33.540298,-492.1986,103.9741,-503.3205,-0.249223,0.620813,-0.743015,0.020217,-0.773038,1.925631,-2.304676,-0.302828,0.125882,0.399603,0.473259,2.798209,-0.431512
3018,1776148711629,33.551409,-491.7274,103.6241,-503.0673,-0.249453,0.621434,-0.742412,0.020436,-0.773646,1.927293,-2.302492,-0.30274,0.125645,0.399566,0.473769,2.797264,-0.429777
3019,1776148711640,33.56252,-491.6671,103.8242,-502.7881,-0.249592,0.621669,-0.742159,0.020774,-0.773914,1.927616,-2.301219,-0.302686,0.125543,0.399553,0.47407,2.796866,-0.428973
3020,1776148711651,33.573631,-491.3072,103.0225,-503.0962,-0.249533,0.621628,-0.742206,0.02102,-0.77361,1.927191,-2.301013,-0.302603,0.125292,0.399495,0.474482,2.795927,-0.427256
3021,1776148711662,33.584743,-491.1914,103.1921,-502.9619,-0.249832,0.622277,-0.741553,0.021332,-0.774387,1.92883,-2.29854,-0.302554,0.125177,0.399462,0.474773,2.795426,-0.42643
3022,1776148711673,33.595854,-491.1099,103.0894,-502.8567,-0.250071,0.622685,-0.741117,0.021768,-0.774918,1.929568,-2.296564,-0.302539,0.125056,0.399418,0.474876,2.794904,-0.425628
3023,1776148711684,33.606965,-490.8749,103.2108,-502.8683,-0.249799,0.622824,-0.741083,0.02207,-0.773929,1.929635,-2.296026,-0.302454,0.124818,0.399386,0.475462,2.794028,-0.423913
3024,1776148711696,33.618077,-490.8956,102.9751,-502.4517,-0.250226,0.623411,-0.740441,0.022211,-0.775184,1.931284,-2.293834,-0.302409,0.124701,0.399374,0.475683,2.793617,-0.423077
3025,1776148711707,33.629188,-490.821,102.9439,-502.4644,-0.249866,0.623362,-0.740597,0.022432,-0.77396,1.930866,-2.294004,-0.302316,0.124456,0.399321,0.476227,2.792703,-0.421449
3026,1776148711718,33.640299,-490.774,103.0215,-502.1886,-0.250347,0.623897,-0.73997,0.022877,-0.775234,1.931987,-2.291425,-0.302276,0.124338,0.399303,0.476429,2.79227,-0.420625
3027,1776148711729,33.65141,-490.6407,103.0092,-501.9248,-0.250203,0.624393,-0.739601,0.022837,-0.77481,1.933573,-2.290339,-0.302242,0.124229,0.399258,0.476674,2.791748,-0.41985
3028,1776148711740,33.662522,-490.3327,102.9701,-502.1328,-0.250075,0.624393,-0.739633,0.023217,-0.774231,1.933115,-2.289895,-0.302135,0.123984,0.399235,0.477149,2.790958,-0.418279
3029,1776148711751,33.673633,-490.1378,102.6397,-501.8354,-0.250524,0.624705,-0.739205,0.023625,-0.775423,1.933588,-2.287987,-0.302109,0.123872,0.399171,0.477403,2.790323,-0.417507
3030,1776148711762,33.684744,-490.076,102.6792,-501.8144,-0.250601,0.625071,-0.73886,0.023918,-0.775518,1.934367,-2.286502,-0.302034,0.123627,0.399071,0.477743,2.789311,-0.416096
3031,1776148711773,33.695856,-490.0504,102.8291,-501.8616,-0.250658,0.625434,-0.738518,0.024392,-0.775467,1.934919,-2.28477,-0.301984,0.123509,0.399053,0.478048,2.788886,-0.415325
3032,1776148711784,33.706967,-489.8972,102.6522,-501.5934,-0.25086,0.625979,-0.737986,0.024442,-0.776069,1.936544,-2.283053,-0.301941,0.123398,0.399025,0.47826,2.788455,-0.414559
3033,1776148711796,33.718078,-489.721,102.6165,-501.9621,-0.250723,0.625789,-0.738168,0.025169,-0.775294,1.935084,-2.282585,-0.301856,0.123181,0.398952,0.478851,2.787431,-0.413061
3034,1776148711807,33.729189,-489.7874,102.6589,-501.5844,-0.250804,0.626411,-0.737612,0.025229,-0.775513,1.936933,-2.280779,-0.301802,0.123073,0.398917,0.479146,2.786942,-0.412338
3035,1776148711818,33.7403,-489.5075,102.6811,-501.2901,-0.250692,0.626665,-0.737423,0.025521,-0.775027,1.937368,-2.279783,-0.301751,0.122983,0.398897,0.479515,2.786481,-0.411611
3036,1776148711829,33.751412,-489.4898,102.478,-501.3548,-0.250769,0.626855,-0.737223,0.025891,-0.775087,1.93751,-2.278638,-0.301672,0.122737,0.398828,0.480047,2.785493,-0.410028
3037,1776148711840,33.762523,-489.3893,102.5784,-501.3232,-0.251142,0.62732,-0.736688,0.02624,-0.776072,1.938526,-2.276491,-0.301631,0.122631,0.398793,0.480378,2.78496,-0.409274
3038,1776148711851,33.773634,-489.2181,102.5087,-501.2006,-0.251191,0.627382,-0.736602,0.026678,-0.776012,1.93819,-2.275607,-0.301559,0.122393,0.398716,0.480913,2.783946,-0.407802
3039,1776148711862,33.784745,-489.089,102.583,-501.1377,-0.25114,0.627954,-0.736125,0.026898,-0.775749,1.939691,-2.273821,-0.301502,0.122274,0.398691,0.481278,2.783485,-0.407039
3040,1776148711873,33.795857,-488.8329,102.3882,-500.6784,-0.251324,0.628283,-0.735763,0.027378,-0.776086,1.94013,-2.272028,-0.301463,0.122154,0.398645,0.4816,2.782962,-0.406289
3041,1776148711884,33.806968,-488.5865,101.9328,-500.667,-0.251034,0.628353,-0.73579,0.027707,-0.77503,1.939951,-2.271645,-0.30137,0.121911,0.398562,0.48213,2.782011,-0.404832
3042,1776148711896,33.818079,-488.4441,102.0798,-500.6269,-0.251221,0.628835,-0.735309,0.027853,-0.775537,1.941263,-2.269954,-0.301339,0.121809,0.3985,0.482461,2.781421,-0.404075
3043,1776148711907,33.829191,-488.4026,102.2799,-500.3954,-0.25112,0.629241,-0.734984,0.028166,-0.775077,1.942138,-2.268511,-0.301235,0.121574,0.398432,0.4832,2.780451,-0.40249
3044,1776148711918,33.840302,-488.3784,102.4321,-500.2913,-0.251123,0.629373,-0.734852,0.028645,-0.774856,1.941967,-2.267429,-0.301181,0.121456,0.398382,0.483482,2.779976,-0.401775
3045,1776148711929,33.851413,-487.7792,102.2577,-500.2825,-0.2514,0.629875,-0.734313,0.028981,-0.775549,1.943112,-2.265296,-0.301137,0.12133,0.398342,0.48385,2.779431,-0.401022
3046,1776148711940,33.862524,-487.9146,102.1239,-500.2839,-0.25118,0.630106,-0.734181,0.029217,-0.774758,1.94354,-2.264556,-0.301021,0.121112,0.398285,0.484768,2.778492,-0.399568
3047,1776148711951,33.873636,-488.0374,102.2962,-500.5598,-0.251373,0.630517,-0.733745,0.029643,-0.775148,1.944295,-2.262616,-0.30099,0.120993,0.398235,0.485055,2.777924,-0.398879
3048,1776148711962,33.884747,-487.8464,102.1874,-500.0284,-0.251339,0.631001,-0.733333,0.029824,-0.774954,1.945569,-2.261091,-0.30093,0.120877,0.398208,0.485509,2.777482,-0.398099
3049,1776148711973,33.895858,-487.6725,102.3702,-500.007,-0.251272,0.631036,-0.733309,0.030226,-0.774556,1.945194,-2.260455,-0.300847,0.120629,0.398123,0.486187,2.776442,-0.396542
3050,1776148711984,33.906969,-487.4941,102.1504,-499.8258,-0.251333,0.631296,-0.733059,0.030355,-0.774682,1.945839,-2.259503,-0.300808,0.120516,0.398082,0.486592,2.775905,-0.395737
3051,1776148711996,33.91808,-487.2692,102.1236,-499.685,-0.251567,0.631544,-0.732744,0.030865,-0.775159,1.945989,-2.257821,-0.300707,0.120257,0.398075,0.487279,2.775121,-0.394025
3052,1776148712007,33.929192,-487.2756,102.1208,-499.6017,-0.251269,0.63192,-0.732504,0.031277,-0.774044,1.946654,-2.256505,-0.300667,0.12014,0.398054,0.487752,2.774656,-0.39319
3053,1776148712018,33.940303,-487.0854,101.9799,-499.3092,-0.251635,0.632316,-0.732027,0.031507,-0.775059,1.947596,-2.254715,-0.300638,0.120031,0.398028,0.488208,2.774139,-0.392406
3054,1776148712029,33.951414,-486.8615,101.7177,-499.1796,-0.25131,0.632575,-0.731898,0.031894,-0.773873,1.947927,-2.25378,-0.300576,0.11977,0.397983,0.488926,2.773212,-0.390717
3055,1776148712040,33.962526,-486.8434,101.8982,-499.0875,-0.251303,0.633041,-0.73149,0.032055,-0.773775,1.949169,-2.252299,-0.300552,0.119651,0.397929,0.489322,2.77262,-0.389917
3056,1776148712051,33.973637,-486.7324,101.8441,-498.8367,-0.251094,0.633477,-0.73117,0.032384,-0.772976,1.950115,-2.250854,-0.300504,0.119403,0.39788,0.490174,2.771741,-0.388199
3057,1776148712062,33.984748,-486.6358,101.9049,-498.6942,-0.251475,0.63385,-0.730691,0.032959,-0.773871,1.950568,-2.248579,-0.300474,0.119275,0.397884,0.490669,2.771296,-0.387265
3058,1776148712073,33.99586,-486.6663,102.1211,-498.5143,-0.251201,0.634108,-0.730546,0.033269,-0.77288,1.95099,-2.247705,-0.30045,0.119166,0.397839,0.49119,2.770781,-0.386387
3059,1776148712084,34.006971,-486.552,102.2823,-498.481,-0.251178,0.634811,-0.729937,0.033408,-0.772743,1.952984,-2.245638,-0.300394,0.118921,0.397782,0.492103,2.769811,-0.384669
3060,1776148712096,34.018082,-486.0162,102.0362,-497.9503,-0.250682,0.635186,-0.729781,0.03341,-0.771218,1.954137,-2.245157,-0.300351,0.118797,0.397754,0.492602,2.769375,-0.383769
3061,1776148712107,34.029193,-486.0365,102.3747,-497.6903,-0.251162,0.635161,-0.729593,0.03438,-0.772233,1.95289,-2.243234,-0.300284,0.118524,0.397731,0.493508,2.768605,-0.381791
3062,1776148712118,34.040305,-485.6303,101.7145,-498.1642,-0.250908,0.635461,-0.729416,0.034436,-0.771425,1.953745,-2.242614,-0.300237,0.11842,0.397691,0.49412,2.768149,-0.380882
3063,1776148712129,34.051416,-485.5906,101.6501,-497.8109,-0.250696,0.635852,-0.729134,0.034756,-0.770621,1.954559,-2.241301,-0.300185,0.118301,0.397679,0.494686,2.767734,-0.379949
3064,1776148712140,34.062527,-485.4453,101.3898,-497.781,-0.250602,0.636441,-0.728646,0.034878,-0.770273,1.956224,-2.239634,-0.300123,0.118054,0.397637,0.495696,2.766886,-0.378001
3065,1776148712151,34.073638,-485.1776,101.5188,-497.6917,-0.25065,0.636596,-0.728483,0.035128,-0.770302,1.956398,-2.238786,-0.300102,0.117946,0.397597,0.496193,2.766388,-0.377023
3066,1776148712162,34.084749,-485.1868,101.6731,-497.6287,-0.250361,0.636966,-0.728234,0.035638,-0.769171,1.956921,-2.237318,-0.300038,0.1177,0.397562,0.497163,2.765599,-0.375009
3067,1776148712173,34.095861,-485.2251,101.8952,-497.4756,-0.250616,0.637569,-0.727603,0.035946,-0.76981,1.958402,-2.234955,-0.300012,0.117581,0.397547,0.497708,2.765163,-0.373998
3068,1776148712184,34.106972,-485.003,101.8889,-497.4145,-0.250196,0.637482,-0.727799,0.036438,-0.768288,1.957541,-2.234881,-0.299996,0.11749,0.39747,0.498323,2.764552,-0.373128
3069,1776148712196,34.118083,-484.8578,101.4468,-497.6042,-0.25013,0.638441,-0.726971,0.036626,-0.767995,1.960258,-2.232081,-0.299913,0.11727,0.397474,0.499479,2.763852,-0.371014
3070,1776148712207,34.129194,-484.9092,101.625,-497.442,-0.250144,0.639065,-0.726401,0.036948,-0.767887,1.961787,-2.229888,-0.299882,0.11719,0.397447,0.500179,2.763399,-0.369978
3071,1776148712218,34.140306,-484.9622,101.9058,-497.2697,-0.249951,0.63936,-0.72619,0.037299,-0.767129,1.962269,-2.228758,-0.299856,0.11708,0.397429,0.500654,2.762931,-0.368898
3072,1776148712229,34.151417,-484.6974,101.6504,-497.4394,-0.249641,0.639528,-0.726126,0.03776,-0.765959,1.962226,-2.22793,-0.299784,0.116883,0.397393,0.501937,2.762071,-0.366781
3073,1776148712240,34.162528,-484.4835,101.7338,-497.2664,-0.249556,0.640197,-0.725548,0.038082,-0.765548,1.963891,-2.225715,-0.299753,0.116794,0.397372,0.502621,2.761574,-0.365729
3074,1776148712251,34.17364,-484.4594,101.3931,-497.0758,-0.249447,0.640644,-0.725171,0.038436,-0.765046,1.964836,-2.224077,-0.29968,0.116571,0.397393,0.503942,2.760808,-0.363405
3075,1776148712262,34.184751,-484.3867,101.5373,-496.7347,-0.249248,0.641257,-0.724686,0.038684,-0.764319,1.966413,-2.222249,-0.299648,0.116468,0.397368,0.504562,2.760363,-0.362311
3076,1776148712273,34.195862,-484.0772,101.2818,-496.7616,-0.249141,0.641594,-0.724403,0.039052,-0.763819,1.967004,-2.220881,-0.299609,0.116357,0.397376,0.505197,2.760026,-0.361077
3077,1776148712284,34.206973,-484.1043,101.4642,-496.5891,-0.24881,0.642151,-0.724014,0.039242,-0.762715,1.968482,-2.219428,-0.29955,0.11615,0.397331,0.506418,2.759221,-0.358847
3078,1776148712296,34.218084,-484.1203,101.7038,-496.4536,-0.248849,0.642369,-0.723769,0.03992,-0.762517,1.968331,-2.217755,-0.299519,0.116066,0.397318,0.507228,2.758772,-0.357669
3079,1776148712307,34.229196,-483.7869,101.7547,-496.0164,-0.248485,0.642932,-0.723396,0.039894,-0.761412,1.970087,-2.216646,-0.299463,0.115847,0.397304,0.508534,2.758079,-0.355129
3080,1776148712318,34.240307,-483.7686,101.9758,-495.8612,-0.248358,0.643411,-0.722985,0.040419,-0.760779,1.970918,-2.214674,-0.299422,0.115731,0.397302,0.509142,2.757761,-0.353903
3081,1776148712329,34.251418,-483.4052,101.4499,-495.932,-0.248329,0.643926,-0.722517,0.040754,-0.760533,1.972094,-2.212786,-0.299401,0.115638,0.397271,0.509859,2.757334,-0.352605
3082,1776148712340,34.262529,-483.4122,101.6989,-495.7514,-0.248126,0.644508,-0.722046,0.041129,-0.759739,1.973421,-2.210835,-0.299353,0.11543,0.397218,0.511231,2.756508,-0.350128
3083,1776148712351,34.273641,-483.2665,100.84,-496.0526,-0.247641,0.644798,-0.721952,0.041175,-0.758231,1.974254,-2.210483,-0.299329,0.115335,0.397194,0.511977,2.7561,-0.348777
3084,1776148712362,34.284752,-483.2531,100.8523,-495.8743,-0.247584,0.645637,-0.721204,0.041481,-0.757914,1.976451,-2.207779,-0.299302,0.115237,0.39717,0.512657,2.755708,-0.34744
3085,1776148712373,34.295863,-482.9466,100.7672,-495.5377,-0.247622,0.646275,-0.720589,0.041999,-0.757789,1.977777,-2.205195,-0.29926,0.115035,0.397126,0.514223,2.754925,-0.344678
3086,1776148712384,34.306974,-482.8778,100.8054,-495.5569,-0.247143,0.646518,-0.72051,0.042427,-0.756125,1.978002,-2.204377,-0.299241,0.114935,0.397075,0.51494,2.754488,-0.34331
3087,1776148712396,34.318086,-482.5551,100.7469,-495.2811,-0.246749,0.647174,-0.720047,0.042587,-0.754846,1.979815,-2.202744,-0.299186,0.114733,0.397045,0.51662,2.753752,-0.34051
3088,1776148712407,34.329197,-482.4895,100.8917,-495.392,-0.246634,0.647574,-0.719693,0.043152,-0.754234,1.980353,-2.200898,-0.299165,0.114621,0.397033,0.517445,2.753429,-0.339047
3089,1776148712418,34.340308,-482.4489,100.6706,-495.2049,-0.246369,0.648271,-0.719134,0.043505,-0.753262,1.982056,-2.198716,-0.299137,0.114526,0.397001,0.518328,2.752997,-0.337618
3090,1776148712429,34.35142,-482.4094,100.6017,-495.1003,-0.246171,0.648769,-0.718729,0.043906,-0.752471,1.983093,-2.196938,-0.299111,0.1143,0.396969,0.519884,2.752248,-0.334715
3091,1776148712440,34.362531,-482.4266,100.8294,-494.9055,-0.245921,0.649411,-0.718221,0.044138,-0.751599,1.984772,-2.195073,-0.299096,0.114186,0.396946,0.520611,2.751874,-0.33321
3092,1776148712451,34.373642,-482.4403,101.0652,-494.7344,-0.245624,0.650143,-0.717641,0.044433,-0.750557,1.986654,-2.192906,-0.299061,0.113997,0.396912,0.52227,2.751113,-0.330284
3093,1776148712462,34.384753,-482.3417,101.1402,-494.6674,-0.24547,0.650934,-0.716952,0.044823,-0.749908,1.988594,-2.19028,-0.299044,0.113898,0.396925,0.523119,2.750835,-0.328719
3094,1776148712473,34.395865,-482.2058,100.9745,-494.6815,-0.245081,0.651334,-0.716708,0.045049,-0.748617,1.989541,-2.189231,-0.299037,0.113797,0.396904,0.523932,2.75041,-0.327192
3095,1776148712484,34.406976,-482.0725,101.1198,-494.486,-0.24492,0.652369,-0.715799,0.045393,-0.747968,1.992284,-2.185996,-0.299015,0.113623,0.396896,0.525596,2.749734,-0.324106
3096,1776148712496,34.418087,-482.0178,100.8981,-494.3787,-0.244492,0.652495,-0.715811,0.045715,-0.746512,1.992276,-2.185601,-0.298994,0.11353,0.396905,0.526493,2.749449,-0.322463
3097,1776148712507,34.429198,-482.0902,101.0923,-494.2622,-0.244111,0.653144,-0.715332,0.045968,-0.745236,1.993952,-2.183801,-0.298958,0.113364,0.396902,0.528251,2.748789,-0.319174
3098,1776148712518,34.440309,-482.1755,101.4634,-494.0932,-0.243829,0.653933,-0.71469,0.046236,-0.744251,1.996034,-2.181484,-0.298949,0.113277,0.396897,0.529065,2.748455,-0.317551
3099,1776148712529,34.45142,-481.9942,101.2869,-494.1243,-0.24349,0.65421,-0.71453,0.04658,-0.743063,1.99646,-2.180538,-0.298938,0.113192,0.396913,0.529857,2.748185,-0.315903
3100,1776148712540,34.462532,-481.7349,101.2972,-494.2147,-0.243276,0.65512,-0.713749,0.046864,-0.742279,1.998891,-2.177779,-0.298918,0.113037,0.396916,0.531646,2.747483,-0.312559
3101,1776148712551,34.473643,-481.7096,101.4463,-493.9854,-0.242653,0.655548,-0.713555,0.047078,-0.740284,1.999935,-2.176903,-0.298915,0.112956,0.396871,0.53245,2.747061,-0.311011
3102,1776148712562,34.484754,-481.571,101.1852,-494.0639,-0.242859,0.656578,-0.712496,0.047682,-0.740639,2.002341,-2.172872,-0.298894,0.112869,0.396857,0.533401,2.746697,-0.309389
3103,1776148712573,34.495866,-481.2255,100.7455,-493.81,-0.242464,0.657298,-0.711955,0.047851,-0.739357,2.004331,-2.170999,-0.298865,0.112681,0.396836,0.534981,2.746109,-0.306038
3104,1776148712584,34.506977,-481.2195,100.9826,-493.684,-0.242043,0.657946,-0.711478,0.048183,-0.737924,2.0059,-2.169103,-0.298833,0.112585,0.396837,0.535914,2.745863,-0.304397
3105,1776148712596,34.518088,-481.2046,101.0913,-493.5392,-0.241534,0.65841,-0.711207,0.048407,-0.736272,2.007041,-2.167982,-0.298792,0.112407,0.396809,0.537661,2.745217,-0.301069
3106,1776148712607,34.529199,-480.889,100.549,-493.518,-0.241382,0.658868,-0.710796,0.048953,-0.735563,2.00777,-2.16601,-0.298777,0.112318,0.396759,0.538477,2.744748,-0.299484
3107,1776148712618,34.54031,-480.8475,100.8295,-493.3568,-0.241012,0.659794,-0.710058,0.049024,-0.734403,2.010504,-2.163666,-0.298759,0.112225,0.396749,0.539303,2.744413,-0.29789
3108,1776148712629,34.551422,-480.7374,100.8955,-493.1685,-0.240965,0.660371,-0.709493,0.049667,-0.733974,2.011473,-2.161098,-0.298711,0.11203,0.39673,0.540913,2.743775,-0.294569
3109,1776148712640,34.562533,-480.7602,101.2044,-493.0396,-0.240631,0.661046,-0.70896,0.049918,-0.732845,2.013223,-2.159145,-0.298672,0.111942,0.396726,0.541826,2.74345,-0.292895
3110,1776148712651,34.573644,-480.593,100.6307,-492.9695,-0.240136,0.661587,-0.708587,0.050425,-0.731113,2.014249,-2.157343,-0.298617,0.111762,0.396693,0.543724,2.742674,-0.289542
3111,1776148712662,34.584755,-480.656,100.9036,-492.7891,-0.239835,0.661966,-0.708319,0.05065,-0.730095,2.015127,-2.156233,-0.298602,0.11167,0.39669,0.544528,2.742301,-0.28783
3112,1776148712673,34.595866,-480.5682,100.9768,-492.6517,-0.239898,0.663058,-0.707245,0.051065,-0.730103,2.017942,-2.152423,-0.298582,0.111581,0.396657,0.545338,2.741873,-0.286166
3113,1776148712684,34.606978,-480.4742,101.0999,-492.4998,-0.23958,0.663812,-0.706625,0.051343,-0.729012,2.019897,-2.150171,-0.298546,0.111421,0.396631,0.547024,2.741098,-0.282843
3114,1776148712696,34.618089,-480.4236,101.2129,-492.1163,-0.239023,0.664292,-0.706353,0.051477,-0.727258,2.021191,-2.149169,-0.298533,0.111347,0.396617,0.547851,2.740708,-0.281191
3115,1776148712707,34.6292,-480.1095,100.6374,-492.4062,-0.238728,0.664622,-0.706111,0.051905,-0.726171,2.02167,-2.147874,-0.298504,0.111185,0.396581,0.549476,2.739907,-0.277939
3116,1776148712718,34.640312,-479.9865,101.0131,-492.2653,-0.238533,0.66553,-0.7053,0.052202,-0.725447,2.024066,-2.145019,-0.298479,0.111099,0.396579,0.55034,2.739582,-0.276262
3117,1776148712729,34.651423,-479.8932,100.5211,-492.5347,-0.238258,0.665969,-0.704952,0.052541,-0.724463,2.024988,-2.143521,-0.298475,0.111017,0.396574,0.55117,2.739186,-0.2746
3118,1776148712740,34.662534,-479.9023,100.6928,-492.4204,-0.237789,0.666658,-0.704441,0.052793,-0.722925,2.026772,-2.141639,-0.298434,0.110857,0.396544,0.552988,2.738404,-0.271284
3119,1776148712751,34.673646,-479.6537,100.4268,-492.3534,-0.237572,0.667165,-0.703991,0.05336,-0.722017,2.027615,-2.139536,-0.298425,0.110781,0.396519,0.553798,2.737973,-0.269684
3120,1776148712762,34.684757,-479.7826,100.7901,-492.2997,-0.237646,0.667731,-0.703383,0.053961,-0.721979,2.028597,-2.136908,-0.298398,0.110602,0.396452,0.555434,2.737108,-0.266529
3121,1776148712773,34.695868,-479.5304,100.4017,-492.2266,-0.237008,0.668152,-0.703193,0.05404,-0.720007,2.029778,-2.136229,-0.298388,0.110517,0.396403,0.556232,2.736641,-0.264989
3122,1776148712784,34.70698,-479.5595,100.6818,-492.1768,-0.236804,0.668929,-0.702487,0.054501,-0.719186,2.03157,-2.133489,-0.298363,0.110436,0.396388,0.557148,2.736271,-0.263435
3123,1776148712796,34.718091,-479.758,100.7655,-492.2132,-0.23669,0.669378,-0.702052,0.055083,-0.718586,2.032217,-2.131415,-0.298342,0.110272,0.396371,0.558867,2.735499,-0.260173
3124,1776148712807,34.729202,-479.8192,101.0993,-492.14,-0.236375,0.67012,-0.70143,0.055325,-0.717526,2.034174,-2.129217,-0.298342,0.110186,0.396347,0.559699,2.735068,-0.258551
3125,1776148712818,34.740313,-479.645,101.2893,-492.0943,-0.235633,0.670559,-0.70124,0.055588,-0.715157,2.035182,-2.128302,-0.29833,0.110098,0.396344,0.560636,2.734662,-0.25695
3126,1776148712829,34.751424,-479.7435,101.696,-491.9237,-0.235484,0.671159,-0.700686,0.055965,-0.714544,2.03654,-2.126132,-0.298333,0.109906,0.396334,0.562262,2.733826,-0.253775
3127,1776148712840,34.762536,-479.2525,101.065,-491.8396,-0.234871,0.67172,-0.700357,0.05593,-0.712697,2.038284,-2.125179,-0.298326,0.109813,0.396365,0.563086,2.733482,-0.252131
3128,1776148712851,34.773647,-479.1273,100.7947,-491.3965,-0.234478,0.672555,-0.699674,0.056098,-0.711434,2.040609,-2.122892,-0.298314,0.109605,0.396373,0.56476,2.732716,-0.248873
3129,1776148712862,34.784758,-479.1754,101.129,-491.2489,-0.234333,0.672941,-0.699312,0.056582,-0.710784,2.041182,-2.121172,-0.298304,0.109506,0.396376,0.565564,2.732307,-0.247317
3130,1776148712873,34.795869,-479.2625,101.4546,-491.1172,-0.234056,0.673457,-0.698887,0.056837,-0.709836,2.042433,-2.119557,-0.298301,0.109419,0.39635,0.566302,2.731859,-0.245867
3131,1776148712884,34.806981,-479.0498,100.7589,-490.6699,-0.233868,0.674584,-0.697837,0.05715,-0.709131,2.045464,-2.11597,-0.298272,0.109233,0.396347,0.567916,2.731091,-0.242719
3132,1776148712896,34.818092,-479.1406,101.1366,-490.4908,-0.233796,0.675387,-0.697035,0.057741,-0.708659,2.047168,-2.112786,-0.298265,0.109121,0.396329,0.568733,2.730634,-0.241116
3133,1776148712907,34.829203,-478.5862,101.1286,-490.3083,-0.233423,0.675837,-0.696693,0.058117,-0.707367,2.048066,-2.11127,-0.298219,0.108946,0.396318,0.570485,2.729876,-0.238015
3134,1776148712918,34.840315,-478.9842,100.9825,-490.2903,-0.233202,0.676261,-0.696326,0.058471,-0.706547,2.048913,-2.109704,-0.2982,0.108861,0.396296,0.571328,2.72942,-0.23649
3135,1776148712929,34.851426,-479.1272,101.3463,-490.1146,-0.23287,0.676735,-0.695946,0.058829,-0.705391,2.049906,-2.108099,-0.298195,0.10876,0.396285,0.572057,2.72902,-0.234977
3136,1776148712940,34.862537,-478.7531,101.0014,-490.2366,-0.232442,0.677123,-0.695689,0.059098,-0.703978,2.05075,-2.106978,-0.298168,0.108578,0.396267,0.573682,2.728224,-0.231905
3137,1776148712951,34.873649,-478.7666,100.9477,-490.0378,-0.232366,0.67804,-0.694788,0.059474,-0.70359,2.053061,-2.103774,-0.298166,0.108483,0.396242,0.574431,2.727779,-0.23032
3138,1776148712962,34.88476,-478.8963,101.3722,-489.8985,-0.232361,0.678763,-0.694052,0.059848,-0.703414,2.054786,-2.101069,-0.298145,0.108304,0.396232,0.575917,2.727029,-0.227361
3139,1776148712973,34.895871,-479.0525,101.7499,-489.7238,-0.231866,0.679091,-0.693862,0.060242,-0.701748,2.055291,-2.099996,-0.298134,0.108206,0.396221,0.576697,2.726591,-0.225816
3140,1776148712984,34.906982,-478.3054,100.9439,-489.6815,-0.231698,0.679959,-0.693042,0.06053,-0.701119,2.057562,-2.097151,-0.298129,0.108122,0.396204,0.577491,2.726114,-0.224335
3141,1776148712996,34.918094,-478.5023,101.1128,-489.8751,-0.231624,0.680369,-0.692607,0.061194,-0.700616,2.057977,-2.094995,-0.298136,0.107948,0.396199,0.579059,2.725207,-0.221331
3142,1776148713007,34.929205,-478.2446,100.6761,-489.5024,-0.231166,0.680973,-0.692168,0.061168,-0.699242,2.059836,-2.093701,-0.298122,0.10786,0.396234,0.57991,2.72486,-0.219784
3143,1776148713018,34.940316,-478.3189,101.0395,-489.4084,-0.230836,0.68154,-0.691687,0.061536,-0.69809,2.061096,-2.091783,-0.298131,0.10778,0.396232,0.580675,2.724371,-0.218415
3144,1776148713029,34.951427,-478.5144,101.5583,-489.1646,-0.230755,0.681924,-0.691289,0.06207,-0.697618,2.061593,-2.089905,-0.29814,0.10758,0.396311,0.582187,2.723605,-0.215346
3145,1776148713040,34.962539,-478.2185,101.2029,-489.1179,-0.230453,0.682533,-0.690766,0.062306,-0.696606,2.063143,-2.088029,-0.298156,0.107479,0.396329,0.582849,2.72313,-0.213871
3146,1776148713051,34.97365,-478.3287,101.5759,-488.9587,-0.230195,0.683068,-0.690291,0.062665,-0.695677,2.064313,-2.086143,-0.298159,0.107278,0.396395,0.584379,2.722306,-0.210979
3147,1776148713062,34.984761,-477.5666,100.8369,-488.8876,-0.229754,0.683815,-0.689687,0.062793,-0.69429,2.066411,-2.084156,-0.298156,0.107195,0.396407,0.585117,2.721888,-0.209778
3148,1776148713073,34.995872,-477.5342,100.9493,-488.755,-0.229529,0.684278,-0.689275,0.063092,-0.693485,2.067439,-2.082537,-0.298159,0.107093,0.396457,0.585854,2.721533,-0.208182
3149,1776148713084,35.006983,-477.1901,100.5641,-488.5249,-0.229576,0.684708,-0.688768,0.063787,-0.693338,2.067874,-2.080135,-0.298163,0.106883,0.396494,0.587286,2.720662,-0.20526
3150,1776148713096,35.018095,-477.256,100.8685,-488.4158,-0.229469,0.685051,-0.688424,0.064197,-0.692844,2.068401,-2.078585,-0.298172,0.106785,0.396511,0.587999,2.720183,-0.203859
3151,1776148713107,35.029206,-477.2697,100.9041,-488.4034,-0.229516,0.685532,-0.68788,0.064727,-0.692765,2.069196,-2.076281,-0.298188,0.106631,0.396556,0.58929,2.719306,-0.201206
3152,1776148713118,35.040317,-477.2985,101.1889,-488.2196,-0.229033,0.6864,-0.687169,0.064789,-0.691281,2.071738,-2.074059,-0.298173,0.106511,0.39661,0.58999,2.718953,-0.199683
3153,1776148713129,35.051428,-477.1915,100.827,-488.2416,-0.228247,0.686998,-0.686872,0.064373,-0.689081,2.07406,-2.073681,-0.298189,0.106434,0.396611,0.590668,2.718449,-0.198363
3154,1776148713140,35.062539,-477.1649,101.0206,-488.346,-0.228344,0.68738,-0.686384,0.065159,-0.689048,2.074234,-2.071228,-0.298186,0.10623,0.39666,0.59204,2.717544,-0.195502
3155,1776148713151,35.07365,-476.9866,101.285,-488.1028,-0.228454,0.687627,-0.686026,0.06592,-0.689068,2.074034,-2.069205,-0.298189,0.106144,0.396689,0.592705,2.71713,-0.194119
3156,1776148713162,35.084762,-476.8552,101.3904,-488.0445,-0.228077,0.688463,-0.685315,0.065898,-0.687939,2.076583,-2.067087,-0.298182,0.106034,0.39673,0.593363,2.716759,-0.192689
3157,1776148713173,35.095873,-476.8346,100.7763,-487.9676,-0.22777,0.689386,-0.684482,0.065971,-0.686984,2.079275,-2.064483,-0.29819,0.10585,0.396743,0.594675,2.715755,-0.189925
3158,1776148713184,35.106984,-476.8069,101.0219,-487.8736,-0.227306,0.689717,-0.684293,0.06607,-0.685544,2.080149,-2.063791,-0.298172,0.10577,0.396762,0.595396,2.715347,-0.188572
3159,1776148713196,35.118095,-476.8324,101.3049,-487.6943,-0.227222,0.689951,-0.684029,0.066651,-0.685051,2.08013,-2.062277,-0.298169,0.105583,0.39673,0.596725,2.714264,-0.185957
3160,1776148713207,35.129207,-476.6659,100.8357,-487.4109,-0.227271,0.690497,-0.683391,0.06737,-0.684902,2.08088,-2.059465,-0.298159,0.105462,0.39675,0.597354,2.713875,-0.184503
3161,1776148713218,35.140318,-476.7916,100.9574,-487.4935,-0.226935,0.691152,-0.682831,0.067458,-0.683854,2.082745,-2.05767,-0.298152,0.105376,0.396754,0.598089,2.713341,-0.183182
3162,1776148713229,35.151429,-476.5375,100.7227,-487.2202,-0.226835,0.69166,-0.682305,0.067921,-0.683363,2.083695,-2.055513,-0.298143,0.105194,0.396725,0.599438,2.7123,-0.180675
3163,1776148713240,35.16254,-476.4963,100.9,-487.0455,-0.226686,0.692111,-0.681855,0.068334,-0.682745,2.084542,-2.053651,-0.298138,0.105102,0.396719,0.600146,2.711785,-0.179355
3164,1776148713251,35.173652,-476.4821,100.9401,-486.7224,-0.22664,0.692619,-0.681319,0.068695,-0.68246,2.085619,-2.051592,-0.298118,0.104887,0.396714,0.601372,2.710801,-0.176741
3165,1776148713262,35.184763,-476.4181,101.2611,-486.5611,-0.226275,0.692976,-0.681055,0.068914,-0.681271,2.086421,-2.050529,-0.298122,0.104774,0.396694,0.601935,2.710234,-0.175495
3166,1776148713273,35.195874,-476.3685,101.2262,-486.4039,-0.225903,0.693596,-0.68053,0.069076,-0.680087,2.088085,-2.048751,-0.298103,0.104669,0.396716,0.602662,2.709791,-0.174122
3167,1776148713284,35.206985,-476.2089,100.7692,-486.4779,-0.225843,0.693961,-0.680137,0.069475,-0.679742,2.088687,-2.047079,-0.298087,0.104456,0.396742,0.604006,2.708817,-0.171597
3168,1776148713296,35.218097,-476.2458,101.1362,-486.287,-0.225434,0.694705,-0.679502,0.069581,-0.678469,2.090791,-2.045038,-0.29808,0.104354,0.396748,0.604694,2.708341,-0.170262
3169,1776148713307,35.229208,-476.0918,101.2582,-486.1163,-0.225859,0.695173,-0.678784,0.070539,-0.679358,2.091004,-2.041707,-0.298073,0.104111,0.396796,0.605983,2.707331,-0.167511
3170,1776148713318,35.240319,-475.8455,101.3282,-486.1271,-0.224625,0.695807,-0.67863,0.069693,-0.67599,2.09397,-2.042278,-0.298072,0.103993,0.396804,0.606617,2.706834,-0.166192
3171,1776148713329,35.25143,-475.5958,101.3842,-486.0574,-0.225265,0.696364,-0.677723,0.07088,-0.677435,2.09416,-2.038102,-0.298069,0.103881,0.3968,0.607256,2.706254,-0.164919
3172,1776148713340,35.262541,-475.3587,101.354,-486.0529,-0.224885,0.696823,-0.677379,0.070868,-0.676296,2.095555,-2.037082,-0.29806,0.103625,0.396776,0.60841,2.705173,-0.162358
3173,1776148713351,35.273653,-474.9488,101.6653,-485.5042,-0.225222,0.697009,-0.676976,0.071806,-0.676931,2.094942,-2.03473,-0.298057,0.1035,0.396752,0.608955,2.704592,-0.161068
3174,1776148713362,35.284764,-474.8524,101.5964,-485.5517,-0.22484,0.697595,-0.676473,0.072056,-0.675681,2.096391,-2.032916,-0.29804,0.103235,0.396693,0.610023,2.703495,-0.158578
3175,1776148713373,35.295877,-474.8474,100.8569,-485.2796,-0.22479,0.69827,-0.675792,0.072066,-0.675526,2.098405,-2.030857,-0.298024,0.103115,0.396662,0.610579,2.702967,-0.157341
3176,1776148713384,35.306988,-474.7979,100.6861,-485.1696,-0.224668,0.698379,-0.675664,0.07259,-0.67495,2.098077,-2.029837,-0.298015,0.102976,0.396607,0.611089,2.702351,-0.156121
3177,1776148713396,35.3181,-474.7926,100.9313,-485.0341,-0.224407,0.698545,-0.67552,0.073133,-0.673946,2.097898,-2.028748,-0.297982,0.102721,0.396547,0.612171,2.70131,-0.153627
3178,1776148713407,35.329211,-474.9873,100.7102,-484.7857,-0.224532,0.699232,-0.67472,0.073583,-0.674142,2.099396,-2.0258,-0.297973,0.102587,0.396486,0.61271,2.700618,-0.15237
3179,1776148713418,35.340322,-474.8683,100.6247,-484.576,-0.224423,0.699294,-0.674651,0.073953,-0.673665,2.099119,-2.025146,-0.297972,0.102462,0.396428,0.613197,2.699922,-0.151233
3180,1776148713429,35.351434,-474.7194,100.7333,-484.5324,-0.224338,0.699656,-0.674227,0.074649,-0.673131,2.099337,-2.023037,-0.297945,0.102208,0.396346,0.614179,2.698693,-0.148856
3181,1776148713440,35.362545,-474.4922,100.5814,-484.3091,-0.224283,0.700564,-0.673299,0.074676,-0.672955,2.102028,-2.02022,-0.297935,0.102083,0.396301,0.61465,2.698034,-0.147668
3182,1776148713451,35.373656,-474.6443,100.6994,-484.1155,-0.224576,0.701081,-0.672599,0.075244,-0.673607,2.102869,-2.017437,-0.297917,0.101836,0.396189,0.615555,2.696628,-0.14541
3183,1776148713462,35.384767,-474.5988,100.4335,-484.394,-0.224209,0.701226,-0.672514,0.075742,-0.672309,2.10268,-2.016587,-0.297895,0.101697,0.396159,0.616084,2.696024,-0.144287
3184,1776148713473,35.395878,-474.6607,100.6745,-483.9482,-0.224179,0.702252,-0.671431,0.075938,-0.672139,2.105513,-2.013103,-0.297883,0.1016,0.396105,0.616703,2.695225,-0.143192
3185,1776148713484,35.40699,-474.2435,100.8359,-484.0253,-0.224513,0.702812,-0.670678,0.076415,-0.672951,2.106593,-2.010276,-0.297874,0.101333,0.396067,0.617519,2.693871,-0.140749
3186,1776148713496,35.418101,-474.0645,100.2701,-483.8919,-0.223823,0.702803,-0.670918,0.076418,-0.670879,2.106562,-2.010992,-0.297865,0.101203,0.396055,0.617884,2.693232,-0.139641
3187,1776148713507,35.429212,-473.9341,100.4524,-483.6346,-0.224157,0.70337,-0.670129,0.077144,-0.671592,2.107353,-2.00776,-0.297852,0.100944,0.396034,0.618763,2.691868,-0.137435
3188,1776148713518,35.440323,-474.0329,100.7522,-483.3965,-0.224357,0.703899,-0.669433,0.077788,-0.671934,2.10813,-2.004907,-0.297854,0.100847,0.396003,0.619182,2.691073,-0.13644
3189,1776148713529,35.451435,-473.5872,100.4962,-483.247,-0.223937,0.703905,-0.669534,0.078067,-0.670565,2.1078,-2.004879,-0.297849,0.10073,0.395995,0.619611,2.690392,-0.135398
3190,1776148713540,35.462546,-473.7399,100.8037,-483.256,-0.223746,0.704432,-0.66902,0.078262,-0.669916,2.109135,-2.003108,-0.297844,0.100499,0.395984,0.62046,2.688993,-0.13319
3191,1776148713551,35.473657,-473.7479,100.7828,-482.8482,-0.223671,0.704993,-0.668451,0.0783,-0.669676,2.110764,-2.001356,-0.297842,0.100371,0.395999,0.620877,2.688334,-0.132117
3192,1776148713562,35.484768,-473.852,101.1774,-482.5809,-0.22367,0.705154,-0.668186,0.079099,-0.669357,2.110248,-1.999619,-0.297841,0.100138,0.396032,0.621776,2.686953,-0.129931
3193,1776148713573,35.495879,-473.4871,100.6586,-482.5587,-0.223884,0.705351,-0.667847,0.079603,-0.669796,2.110207,-1.998004,-0.297847,0.100015,0.396022,0.622166,2.686203,-0.128935
3194,1776148713584,35.50699,-473.2891,100.9967,-482.2206,-0.223898,0.705967,-0.667151,0.079941,-0.669706,2.111626,-1.995524,-0.297843,0.099901,0.396043,0.622664,2.685505,-0.127924
3195,1776148713596,35.518101,-473.0906,100.3972,-482.1797,-0.224003,0.706286,-0.666693,0.080647,-0.669739,2.111696,-1.99332,-0.297845,0.09961,0.396063,0.623355,2.684194,-0.125838
3196,1776148713607,35.529213,-473.2616,100.3747,-481.8724,-0.223676,0.706624,-0.666466,0.08047,-0.668831,2.11293,-1.99285,-0.297844,0.099469,0.396054,0.623793,2.683433,-0.124826
3197,1776148713618,35.540324,-473.0758,99.5403,-482.0153,-0.223522,0.70714,-0.665925,0.080841,-0.668222,2.114006,-1.990795,-0.29784,0.099354,0.396022,0.624192,2.682658,-0.123963
3198,1776148713629,35.551435,-473.0325,99.92,-481.6442,-0.223683,0.707659,-0.665268,0.081257,-0.66854,2.115039,-1.988342,-0.297837,0.099072,0.396041,0.625028,2.681312,-0.121973
3199,1776148713640,35.562547,-472.545,99.5991,-481.2217,-0.223841,0.708071,-0.664699,0.081892,-0.668762,2.115474,-1.985895,-0.297844,0.098932,0.396014,0.625315,2.680531,-0.121084
3200,1776148713651,35.573658,-472.5456,99.8344,-481.0269,-0.223685,0.708124,-0.664654,0.082226,-0.668164,2.115214,-1.985368,-0.297838,0.098657,0.395997,0.626146,2.679108,-0.119187
3201,1776148713662,35.584769,-472.1213,99.6789,-480.8906,-0.223753,0.708513,-0.664173,0.082571,-0.668231,2.115948,-1.983526,-0.297839,0.098544,0.395967,0.626507,2.678326,-0.118433
3202,1776148713673,35.595881,-472.1373,99.9227,-480.7474,-0.224116,0.708211,-0.664227,0.083737,-0.668853,2.113586,-1.982322,-0.297834,0.0984,0.395976,0.626789,2.677688,-0.117563
3203,1776148713684,35.606992,-472.1541,100.0307,-480.8674,-0.224636,0.708866,-0.663297,0.084175,-0.670231,2.114994,-1.979034,-0.297841,0.098112,0.395964,0.627484,2.676224,-0.115717
3204,1776148713696,35.618103,-472.162,100.3594,-480.5845,-0.224361,0.708877,-0.663324,0.084597,-0.669244,2.114502,-1.978623,-0.297841,0.097987,0.395959,0.627897,2.675468,-0.11497
3205,1776148713707,35.629215,-471.8959,99.6748,-480.5643,-0.223882,0.709634,-0.662728,0.08419,-0.667974,2.117269,-1.977318,-0.297858,0.097718,0.395975,0.62849,2.674026,-0.113402
3206,1776148713718,35.640326,-471.8667,99.973,-480.2326,-0.223849,0.710191,-0.662134,0.084256,-0.667851,2.118847,-1.975471,-0.29785,0.097585,0.395986,0.628828,2.673319,-0.112635
3207,1776148713729,35.651438,-471.7267,99.9882,-480.1823,-0.223814,0.709955,-0.662298,0.085048,-0.667435,2.117153,-1.975036,-0.297878,0.097439,0.395971,0.629035,2.672521,-0.111917
3208,1776148713740,35.662549,-471.7248,99.8516,-480.1921,-0.224654,0.709909,-0.661854,0.086664,-0.669301,2.114999,-1.971831,-0.29789,0.097155,0.395974,0.629704,2.671078,-0.110365
3209,1776148713751,35.67366,-471.7942,100.0106,-480.0317,-0.225019,0.710532,-0.661021,0.086964,-0.67027,2.116482,-1.969002,-0.297904,0.097013,0.39597,0.630009,2.670363,-0.109598
3210,1776148713762,35.684771,-471.7083,99.9215,-479.6497,-0.224797,0.710882,-0.660705,0.087077,-0.669566,2.117384,-1.967931,-0.297923,0.096715,0.395949,0.63057,2.668908,-0.108153
3211,1776148713773,35.695882,-471.6938,100.1065,-479.3401,-0.224471,0.710838,-0.660866,0.087054,-0.668603,2.117281,-1.968438,-0.29793,0.09657,0.395937,0.630864,2.668259,-0.107448
3212,1776148713784,35.706994,-471.3015,100.2659,-479.0336,-0.225426,0.710664,-0.66052,0.088618,-0.670829,2.114817,-1.965596,-0.297948,0.096403,0.395935,0.631075,2.667563,-0.106689
3213,1776148713796,35.718105,-471.2804,100.5651,-478.7702,-0.225757,0.710861,-0.660114,0.089221,-0.671578,2.114652,-1.963691,-0.297975,0.096101,0.395906,0.631459,2.666183,-0.10545
3214,1776148713807,35.729216,-471.1042,100.3194,-478.6523,-0.225033,0.711461,-0.659823,0.088417,-0.669738,2.117439,-1.963753,-0.29797,0.095931,0.395912,0.631767,2.665529,-0.104719
3215,1776148713818,35.740327,-471.0128,100.8157,-478.3648,-0.224849,0.712124,-0.659205,0.088159,-0.669294,2.119732,-1.962212,-0.297996,0.095766,0.395884,0.631857,2.664718,-0.104101
3216,1776148713829,35.751439,-470.8022,99.7526,-478.4481,-0.225524,0.711802,-0.659097,0.089819,-0.670648,2.116709,-1.959979,-0.29802,0.095443,0.395903,0.632365,2.663427,-0.102865
3217,1776148713840,35.76255,-470.5308,99.8501,-478.2224,-0.225229,0.712129,-0.658878,0.089578,-0.669866,2.117981,-1.959603,-0.298019,0.095283,0.395901,0.632681,2.66271,-0.102333
3218,1776148713851,35.773661,-470.4661,100.0362,-478,-0.225268,0.712529,-0.658429,0.089601,-0.669973,2.119142,-1.958241,-0.298051,0.094947,0.395883,0.632963,2.661284,-0.101295
3219,1776148713862,35.784772,-470.229,99.969,-477.7858,-0.225278,0.712793,-0.658125,0.089708,-0.669961,2.119794,-1.957214,-0.298059,0.094778,0.395882,0.633244,2.660541,-0.10073
3220,1776148713873,35.795884,-470.2038,100.3752,-477.5315,-0.226125,0.712714,-0.657734,0.091061,-0.671945,2.117874,-1.954499,-0.298064,0.094596,0.395896,0.63333,2.659929,-0.100228
3221,1776148713884,35.806995,-470.3257,100.0823,-477.2596,-0.22563,0.713029,-0.657605,0.090757,-0.670593,2.119191,-1.954463,-0.29808,0.094244,0.395891,0.633755,2.658537,-0.099258
3222,1776148713896,35.818106,-470.2887,99.8331,-477.2948,-0.225752,0.713473,-0.657046,0.091011,-0.670857,2.120192,-1.952512,-0.298076,0.094073,0.395898,0.633983,2.657894,-0.098826
3223,1776148713907,35.829217,-470.2088,100.0163,-476.8645,-0.22602,0.713521,-0.656828,0.091542,-0.671444,2.119674,-1.951256,-0.298114,0.093723,0.39589,0.634294,2.656474,-0.097885
3224,1776148713918,35.840328,-469.8916,99.6022,-476.6064,-0.226126,0.713662,-0.656591,0.091878,-0.671627,2.119675,-1.950168,-0.298135,0.093555,0.395853,0.634415,2.655671,-0.097568
3225,1776148713929,35.85144,-469.6714,100.0769,-476.3448,-0.226125,0.713908,-0.656313,0.091957,-0.67159,2.12031,-1.949251,-0.298145,0.093388,0.395872,0.634523,2.655021,-0.097199
3226,1776148713940,35.862551,-469.6902,99.6636,-476.2144,-0.226838,0.713902,-0.655936,0.092928,-0.673325,2.119086,-1.947024,-0.298183,0.093054,0.395867,0.63472,2.653621,-0.096485
3227,1776148713951,35.873662,-469.4375,99.7869,-476.1011,-0.226915,0.714152,-0.655598,0.093208,-0.673443,2.119478,-1.945702,-0.29822,0.0929,0.39586,0.634855,2.652846,-0.096173
3228,1776148713962,35.884773,-469.3574,99.607,-475.7458,-0.227136,0.714131,-0.655473,0.093705,-0.673903,2.118801,-1.944764,-0.298261,0.092565,0.395898,0.635023,2.651531,-0.095623
3229,1776148713973,35.895885,-469.1488,99.592,-475.9521,-0.227236,0.714467,-0.655055,0.09383,-0.674151,2.11964,-1.943382,-0.29829,0.092405,0.395874,0.635101,2.650763,-0.095376
3230,1776148713984,35.906996,-469.0954,99.5847,-475.6037,-0.227759,0.714516,-0.654718,0.094541,-0.675422,2.118904,-1.941573,-0.29831,0.092238,0.395885,0.635196,2.650093,-0.095142
3231,1776148713996,35.918107,-469.032,99.8254,-475.4413,-0.227659,0.714384,-0.654858,0.094805,-0.67502,2.118186,-1.941689,-0.298371,0.0919,0.395843,0.635384,2.648574,-0.094708
3232,1776148714007,35.929218,-469.0497,100.0014,-475.3018,-0.227818,0.714338,-0.654781,0.095299,-0.675298,2.117438,-1.940899,-0.298379,0.091725,0.395857,0.635539,2.647987,-0.094468
3233,1776148714018,35.940329,-469.0623,99.5868,-474.9226,-0.228526,0.714345,-0.654393,0.096219,-0.677031,2.116319,-1.938704,-0.298398,0.091575,0.395856,0.635754,2.647254,-0.094279
3234,1776148714029,35.951441,-469.1414,99.6834,-474.5921,-0.228543,0.714263,-0.654449,0.096395,-0.677012,2.11586,-1.938674,-0.29846,0.091214,0.395838,0.635876,2.645858,-0.093891
3235,1776148714040,35.962552,-468.9451,99.8933,-474.2491,-0.228541,0.714481,-0.654191,0.096543,-0.676946,2.116321,-1.937742,-0.298484,0.091031,0.395852,0.635997,2.64524,-0.093698
3236,1776148714051,35.973663,-468.8779,100.0502,-474.0118,-0.228612,0.714782,-0.653854,0.096424,-0.677206,2.117362,-1.936879,-0.298534,0.090636,0.395868,0.636137,2.643968,-0.093384
3237,1776148714062,35.984774,-468.6556,99.5472,-473.792,-0.229313,0.714595,-0.653616,0.097753,-0.678754,2.115165,-1.934672,-0.298558,0.09046,0.395861,0.636303,2.643246,-0.093305
3238,1776148714073,35.995886,-468.6404,99.7431,-473.5614,-0.229495,0.714792,-0.653307,0.097949,-0.679216,2.115507,-1.933536,-0.298586,0.090258,0.395862,0.636402,2.642588,-0.093071
3239,1776148714084,36.006997,-468.5913,99.9304,-473.4612,-0.229583,0.7146,-0.653414,0.098432,-0.679284,2.114341,-1.933307,-0.298659,0.089904,0.395817,0.636629,2.641175,-0.093059
3240,1776148714096,36.018108,-468.3533,99.8783,-473.2673,-0.229763,0.714883,-0.653006,0.098664,-0.679726,2.114895,-1.931837,-0.298675,0.089726,0.395817,0.636849,2.64054,-0.093019
3241,1776148714107,36.029219,-468.4052,99.7553,-473.0028,-0.229669,0.714869,-0.653028,0.098836,-0.67938,2.114639,-1.93171,-0.298735,0.089352,0.395814,0.637186,2.639176,-0.092805
3242,1776148714118,36.04033,-468.3645,100.2223,-472.8328,-0.229864,0.714979,-0.652768,0.099311,-0.679767,2.114378,-1.930405,-0.298753,0.089161,0.395823,0.637287,2.638545,-0.092628
3243,1776148714129,36.051442,-468.3176,99.7308,-472.4236,-0.230296,0.714998,-0.652505,0.099897,-0.680813,2.113714,-1.92897,-0.298773,0.088974,0.395821,0.63743,2.637906,-0.092563
3244,1776148714140,36.062553,-467.8385,99.0647,-472.0482,-0.230258,0.715196,-0.652267,0.100116,-0.680614,2.114031,-1.92802,-0.298832,0.088613,0.395803,0.637711,2.636656,-0.092349
3245,1776148714151,36.073664,-467.8304,99.2836,-471.6399,-0.230613,0.715224,-0.652041,0.100573,-0.681481,2.11355,-1.92684,-0.298866,0.088422,0.395791,0.637741,2.636051,-0.092186
3246,1776148714162,36.084775,-467.6599,99.2479,-471.5244,-0.23087,0.715108,-0.652008,0.101024,-0.682062,2.112652,-1.926237,-0.298934,0.088042,0.395792,0.638022,2.634829,-0.092009
3247,1776148714173,36.095887,-467.3732,99.4495,-471.5369,-0.230475,0.715648,-0.651613,0.100642,-0.681048,2.11472,-1.925498,-0.298965,0.087852,0.395789,0.63817,2.634254,-0.091877
3248,1776148714184,36.106998,-467.2859,99.1079,-471.2136,-0.230894,0.715376,-0.651648,0.101391,-0.681986,2.112993,-1.924762,-0.298982,0.08768,0.395796,0.638389,2.633689,-0.091764
3249,1776148714196,36.118109,-467.1575,98.8261,-470.9642,-0.230839,0.715458,-0.651556,0.101529,-0.68177,2.113067,-1.924337,-0.299052,0.087298,0.395784,0.638589,2.632532,-0.091567
3250,1776148714207,36.129221,-467.0886,99.5046,-470.33,-0.230937,0.715478,-0.651453,0.101829,-0.681941,2.112756,-1.923694,-0.299084,0.08711,0.395803,0.638754,2.631977,-0.091459
3251,1776148714218,36.140332,-466.9997,99.4316,-470.2159,-0.231631,0.715198,-0.651287,0.10327,-0.683419,2.110162,-1.921596,-0.29912,0.08691,0.395815,0.638987,2.631332,-0.091331
3252,1776148714229,36.151444,-466.866,99.4639,-469.9384,-0.231881,0.715448,-0.650924,0.103263,-0.684157,2.11091,-1.920531,-0.299191,0.086517,0.395835,0.63927,2.630173,-0.091069
3253,1776148714240,36.162556,-466.5804,98.9525,-469.7704,-0.231683,0.715751,-0.650703,0.102999,-0.683679,2.112128,-1.920174,-0.299229,0.086304,0.395836,0.639328,2.629646,-0.09087
3254,1776148714251,36.173667,-466.5674,99.1762,-469.6066,-0.231848,0.715698,-0.650607,0.103605,-0.683924,2.111226,-1.919215,-0.299311,0.085945,0.3958,0.639673,2.628526,-0.090584
3255,1776148714262,36.184778,-466.7801,99.0116,-469.4998,-0.231917,0.715862,-0.650352,0.103917,-0.684005,2.111328,-1.918117,-0.299365,0.085755,0.395809,0.63985,2.627979,-0.09039
3256,1776148714273,36.195889,-466.5416,99.3694,-469.1836,-0.232114,0.715855,-0.650188,0.104549,-0.684336,2.110533,-1.916927,-0.2994,0.085581,0.39583,0.640194,2.627485,-0.090204
3257,1776148714285,36.207001,-466.4531,99.1298,-468.8765,-0.232684,0.716024,-0.649709,0.105103,-0.685793,2.110353,-1.9149,-0.299487,0.085182,0.395863,0.640619,2.626457,-0.089883
3258,1776148714296,36.218112,-466.1422,99.1841,-468.6586,-0.231511,0.716392,-0.64989,0.104054,-0.682753,2.112725,-1.916602,-0.299524,0.084973,0.395896,0.640936,2.625994,-0.089606
3259,1776148714307,36.229223,-465.9676,99.0581,-468.4742,-0.23189,0.716331,-0.649742,0.10456,-0.68367,2.111921,-1.915602,-0.299607,0.084587,0.395918,0.641487,2.624897,-0.089356
3260,1776148714318,36.240334,-466.0449,99.2609,-468.2223,-0.232417,0.716064,-0.649635,0.105872,-0.684703,2.10953,-1.913829,-0.299662,0.084397,0.395942,0.641824,2.62435,-0.089121
3261,1776148714329,36.251445,-465.8572,99.5789,-468.0041,-0.233204,0.715649,-0.6496,0.10716,-0.68651,2.106735,-1.912299,-0.299703,0.084216,0.395958,0.64215,2.623834,-0.089028
3262,1776148714340,36.262557,-466.1206,99.5341,-467.5748,-0.231756,0.716954,-0.649025,0.105035,-0.683088,2.113178,-1.912961,-0.299818,0.083822,0.395958,0.642651,2.622743,-0.088645
3263,1776148714351,36.273668,-466.0388,99.3446,-467.317,-0.232122,0.716792,-0.648918,0.105991,-0.683786,2.111531,-1.911585,-0.299858,0.083635,0.395984,0.643029,2.622279,-0.088493
3264,1776148714362,36.284779,-465.9614,99.6524,-466.7261,-0.23251,0.716374,-0.649057,0.107115,-0.684483,2.108924,-1.910751,-0.299965,0.083242,0.396006,0.643644,2.621254,-0.088126
3265,1776148714373,36.29589,-465.8836,99.4029,-466.7186,-0.232792,0.71587,-0.649372,0.107952,-0.684981,2.106421,-1.910754,-0.300016,0.083066,0.396012,0.644043,2.620795,-0.088112
3266,1776148714385,36.307001,-465.6465,99.2945,-466.6871,-0.233153,0.715881,-0.649088,0.108805,-0.685706,2.105415,-1.908975,-0.300074,0.082876,0.396037,0.644451,2.620276,-0.087864
3267,1776148714396,36.318112,-465.5204,99.5009,-466.3184,-0.231909,0.717019,-0.648547,0.107186,-0.682686,2.110737,-1.909172,-0.300185,0.082528,0.396052,0.645226,2.619288,-0.087735
3268,1776148714407,36.329224,-465.5628,99.5597,-466.2209,-0.233445,0.715833,-0.6489,0.109614,-0.686243,2.104289,-1.90753,-0.300233,0.082338,0.39608,0.645623,2.618833,-0.087606
3269,1776148714418,36.340335,-465.258,99.171,-465.8138,-0.23136,0.717642,-0.648113,0.106829,-0.681211,2.113007,-1.908287,-0.300295,0.082127,0.396096,0.645828,2.618407,-0.08749
3270,1776148714429,36.351446,-465.3437,99.4386,-465.5231,-0.231361,0.717551,-0.648128,0.107348,-0.68101,2.112104,-1.907759,-0.300379,0.081735,0.396202,0.646603,2.617678,-0.087227
3271,1776148714440,36.362557,-465.317,99.7775,-465.1218,-0.231474,0.717377,-0.648165,0.108041,-0.681069,2.110745,-1.907102,-0.300441,0.081561,0.396222,0.64706,2.617188,-0.087182
3272,1776148714451,36.373669,-465.2486,99.557,-465.0228,-0.232107,0.717242,-0.647923,0.109024,-0.682543,2.109148,-1.905309,-0.300547,0.081212,0.396308,0.647973,2.616301,-0.087073
3273,1776148714462,36.38478,-465.1767,99.7642,-464.6003,-0.233012,0.715977,-0.64866,0.111012,-0.684419,2.103013,-1.905285,-0.300612,0.08103,0.396325,0.648275,2.615791,-0.087034
3274,1776148714473,36.395891,-464.8525,99.6775,-464.6347,-0.232481,0.716102,-0.648748,0.1108,-0.682942,2.10364,-1.905777,-0.300669,0.080834,0.396361,0.648649,2.615346,-0.086981
3275,1776148714485,36.407002,-464.7969,99.8697,-464.5692,-0.232299,0.716459,-0.648425,0.110765,-0.68242,2.104732,-1.904868,-0.300758,0.080483,0.396463,0.649517,2.614495,-0.086852
3276,1776148714496,36.418113,-464.7403,99.9273,-464.2151,-0.232591,0.716296,-0.648394,0.111385,-0.683035,2.103499,-1.904094,-0.300817,0.080301,0.396497,0.649876,2.614017,-0.086825
3277,1776148714507,36.429225,-464.6014,99.6394,-464.0571,-0.232393,0.716348,-0.648391,0.111479,-0.682416,2.103538,-1.903985,-0.300923,0.079934,0.396588,0.650676,2.613131,-0.0868
3278,1776148714518,36.440336,-464.4046,99.9593,-463.549,-0.232573,0.716459,-0.648127,0.111931,-0.682768,2.103313,-1.902711,-0.300978,0.079746,0.39663,0.651007,2.612714,-0.086818
3279,1776148714529,36.451447,-464.4781,99.808,-463.2256,-0.232331,0.716546,-0.648082,0.112135,-0.681975,2.103321,-1.902356,-0.301021,0.07958,0.396677,0.651538,2.612274,-0.086841
3280,1776148714540,36.462558,-464.4301,100.0271,-462.8508,-0.232391,0.716639,-0.647892,0.112514,-0.682004,2.103137,-1.901382,-0.301144,0.079191,0.396743,0.652317,2.611354,-0.086929
3281,1776148714551,36.473669,-464.3752,100.0335,-462.5049,-0.232358,0.716643,-0.647819,0.112978,-0.681725,2.102585,-1.90066,-0.301186,0.079009,0.396788,0.652857,2.610955,-0.08694
3282,1776148714562,36.484781,-464.4649,100.2141,-462.2985,-0.232404,0.716561,-0.647815,0.113417,-0.681687,2.101815,-1.90017,-0.301311,0.078651,0.396859,0.653714,2.610092,-0.086973
3283,1776148714573,36.495892,-464.2088,100.1531,-462.0651,-0.232137,0.716825,-0.647624,0.113396,-0.680911,2.102613,-1.89963,-0.301356,0.078478,0.396902,0.654209,2.60971,-0.087063
3284,1776148714585,36.507003,-464.1009,100.3074,-461.896,-0.232151,0.716872,-0.64748,0.113884,-0.680763,2.10216,-1.898677,-0.301417,0.078289,0.396931,0.654668,2.609272,-0.08708
3285,1776148714596,36.518114,-463.743,100.3977,-461.3693,-0.232146,0.716876,-0.647444,0.114077,-0.68067,2.101939,-1.898359,-0.301538,0.077909,0.396993,0.655625,2.608407,-0.087222
3286,1776148714607,36.529225,-463.7294,100.3901,-461.3611,-0.231726,0.716734,-0.647698,0.114382,-0.679322,2.101154,-1.898769,-0.301606,0.07773,0.397028,0.656057,2.607985,-0.087246
3287,1776148714618,36.540337,-463.6823,100.7714,-460.8732,-0.231766,0.716707,-0.64765,0.114742,-0.679298,2.100638,-1.898236,-0.301673,0.077553,0.397052,0.656537,2.60754,-0.087355
3288,1776148714629,36.551448,-463.9407,100.3878,-460.7473,-0.231634,0.716604,-0.647727,0.115209,-0.678728,2.099775,-1.897953,-0.3018,0.077166,0.397142,0.657439,2.606777,-0.087407
3289,1776148714640,36.562559,-463.9015,100.7103,-460.4736,-0.231801,0.716639,-0.64759,0.115433,-0.679128,2.099606,-1.897306,-0.301866,0.076993,0.397154,0.657884,2.606295,-0.087598
3290,1776148714651,36.57367,-463.785,100.6803,-460.1356,-0.231589,0.716561,-0.647669,0.115898,-0.678328,2.098816,-1.89703,-0.301989,0.076629,0.397242,0.658853,2.6055,-0.087711
3291,1776148714662,36.584781,-463.7058,100.6316,-460.2823,-0.231637,0.716555,-0.647635,0.116031,-0.678416,2.098637,-1.896786,-0.302066,0.076462,0.39728,0.659252,2.6051,-0.08784
3292,1776148714673,36.595893,-463.6548,100.4873,-459.8973,-0.23148,0.7166,-0.647537,0.116609,-0.677733,2.098072,-1.895871,-0.30213,0.076299,0.397331,0.659804,2.604733,-0.087937
3293,1776148714685,36.607004,-463.6001,100.4691,-459.967,-0.23157,0.716582,-0.647502,0.116734,-0.677947,2.097869,-1.895632,-0.302277,0.075929,0.397376,0.660679,2.6039,-0.088063
3294,1776148714696,36.618115,-463.6302,100.5664,-459.4299,-0.23138,0.716505,-0.64753,0.117422,-0.677123,2.096818,-1.894966,-0.302343,0.075773,0.397412,0.661294,2.603512,-0.088225
3295,1776148714707,36.629226,-463.5302,100.5424,-459.2171,-0.231182,0.716601,-0.647519,0.117293,-0.676592,2.097252,-1.895072,-0.302416,0.075617,0.397436,0.661811,2.603047,-0.088376
3296,1776148714718,36.640338,-463.3264,100.6103,-458.8741,-0.231047,0.716569,-0.64751,0.117802,-0.675999,2.096546,-1.894492,-0.302549,0.075284,0.397524,0.662876,2.602377,-0.088668
3297,1776148714729,36.651449,-463.3278,100.6597,-458.8464,-0.231013,0.71647,-0.647548,0.118263,-0.67572,2.095703,-1.894101,-0.302612,0.075102,0.397569,0.663465,2.602004,-0.088666
3298,1776148714740,36.66256,-463.3796,100.9982,-458.4954,-0.231024,0.716454,-0.647494,0.118632,-0.675612,2.095214,-1.893544,-0.302766,0.074747,0.397646,0.66451,2.601264,-0.088936
3299,1776148714751,36.673672,-463.3122,100.9144,-458.1521,-0.230832,0.716558,-0.647418,0.118793,-0.674987,2.095323,-1.893147,-0.302847,0.074575,0.397681,0.665103,2.600852,-0.088939
3300,1776148714762,36.684783,-463.2611,101.123,-457.9573,-0.230527,0.716361,-0.64766,0.119253,-0.673919,2.094194,-1.893354,-0.302981,0.074216,0.397825,0.666342,2.600331,-0.089036
3301,1776148714773,36.695894,-463.252,101.3548,-457.6906,-0.230456,0.716318,-0.647681,0.119536,-0.673599,2.093729,-1.893108,-0.303068,0.074062,0.397865,0.66697,2.599901,-0.089203
3302,1776148714785,36.707005,-463.0606,101.2117,-457.4142,-0.230188,0.716305,-0.647764,0.119675,-0.672763,2.093525,-1.893202,-0.303133,0.073883,0.397927,0.667586,2.599605,-0.08927
3303,1776148714796,36.718117,-463.1103,101.5636,-457.2811,-0.230187,0.716338,-0.647649,0.120104,-0.672595,2.093108,-1.892399,-0.303287,0.073516,0.398046,0.668724,2.599023,-0.089395
3304,1776148714807,36.729228,-463.12,101.4964,-456.7724,-0.230253,0.716446,-0.647429,0.120515,-0.672631,2.09293,-1.891314,-0.30337,0.073372,0.39809,0.669361,2.59869,-0.089566
3305,1776148714818,36.740339,-463.0999,101.781,-456.5111,-0.230066,0.716341,-0.647544,0.120879,-0.671945,2.092187,-1.891254,-0.303445,0.073185,0.398152,0.669961,2.598385,-0.089626
3306,1776148714829,36.75145,-462.9052,101.6328,-456.1896,-0.229872,0.716338,-0.647583,0.121055,-0.671311,2.091969,-1.891179,-0.303591,0.07281,0.398254,0.671214,2.597765,-0.089801
3307,1776148714840,36.762562,-462.8343,101.5219,-456.1128,-0.229597,0.716173,-0.647822,0.121281,-0.67042,2.091214,-1.89163,-0.30368,0.072619,0.398291,0.671746,2.59747,-0.089836
3308,1776148714851,36.773673,-462.797,101.8076,-455.7399,-0.229366,0.716161,-0.647849,0.121639,-0.66961,2.090754,-1.891322,-0.303823,0.072252,0.398395,0.673033,2.596888,-0.090012
3309,1776148714862,36.784784,-462.6387,101.6868,-455.5462,-0.22944,0.716135,-0.64777,0.122076,-0.669656,2.090153,-1.89062,-0.30391,0.072055,0.39844,0.673617,2.596571,-0.090054
3310,1776148714873,36.795895,-462.4709,101.7261,-455.1979,-0.228937,0.716103,-0.647965,0.122176,-0.66815,2.089939,-1.89108,-0.303982,0.071871,0.398479,0.674263,2.596259,-0.090148
3311,1776148714885,36.807007,-462.4315,101.6137,-454.9318,-0.229103,0.716079,-0.647854,0.122591,-0.668478,2.089375,-1.890308,-0.304161,0.071489,0.398561,0.675453,2.595658,-0.090251
3312,1776148714896,36.818118,-462.4072,101.7835,-454.6039,-0.228701,0.716114,-0.647914,0.122818,-0.667218,2.089206,-1.89024,-0.304251,0.071305,0.398628,0.676143,2.595397,-0.090307
3313,1776148714907,36.829229,-462.4582,101.8555,-454.3159,-0.229016,0.716172,-0.647638,0.123347,-0.667934,2.088744,-1.888864,-0.304439,0.070871,0.398737,0.677167,2.594906,-0.090427
3314,1776148714918,36.84034,-462.1933,101.7222,-453.8684,-0.228363,0.716059,-0.647995,0.12334,-0.666033,2.088424,-1.88991,-0.304539,0.070671,0.398768,0.677783,2.594615,-0.090491
3315,1776148714929,36.851451,-462.2478,101.941,-453.6638,-0.228401,0.716315,-0.647673,0.12348,-0.666089,2.089002,-1.88882,-0.304646,0.070459,0.398809,0.678308,2.594358,-0.09054
3316,1776148714940,36.862563,-462.3782,102.1032,-453.4822,-0.228247,0.71594,-0.647977,0.124336,-0.665315,2.086888,-1.888785,-0.304864,0.070065,0.398915,0.679591,2.593789,-0.090664
3317,1776148714951,36.873674,-462.4566,102.0321,-452.9868,-0.228145,0.716152,-0.647825,0.124093,-0.665111,2.087797,-1.888604,-0.304974,0.069862,0.398975,0.680065,2.593539,-0.090727
3318,1776148714962,36.884785,-462.3534,102.1773,-452.6907,-0.227543,0.716011,-0.648096,0.124597,-0.663166,2.086787,-1.88885,-0.305199,0.069447,0.399087,0.68137,2.59298,-0.090786
3319,1776148714973,36.895896,-462.5303,102.4784,-452.4424,-0.22755,0.716049,-0.648041,0.124655,-0.663162,2.086826,-1.888626,-0.305316,0.069232,0.399139,0.681982,2.592687,-0.090777
3320,1776148714985,36.907007,-462.4735,102.4336,-451.945,-0.227239,0.716094,-0.648032,0.125009,-0.662122,2.086537,-1.888219,-0.30542,0.069036,0.399216,0.682699,2.592452,-0.090818
3321,1776148714996,36.918118,-462.5271,102.7003,-451.5097,-0.227071,0.716103,-0.648014,0.125354,-0.661503,2.086153,-1.887796,-0.30567,0.068642,0.39931,0.684101,2.591711,-0.09094
3322,1776148715007,36.92923,-462.3111,102.5107,-451.0632,-0.227043,0.716202,-0.647869,0.125587,-0.661334,2.086164,-1.887123,-0.3058,0.068422,0.399366,0.684709,2.591404,-0.090967
3323,1776148715018,36.940341,-462.3939,102.8403,-450.6749,-0.226739,0.716167,-0.647943,0.12595,-0.660311,2.085632,-1.886948,-0.305923,0.068221,0.399422,0.685376,2.591108,-0.090968
3324,1776148715029,36.951452,-462.2057,102.74,-450.3896,-0.226586,0.71611,-0.648004,0.12624,-0.659758,2.08512,-1.886812,-0.306171,0.067804,0.399566,0.686627,2.590625,-0.090971
3325,1776148715040,36.962563,-462.1389,102.9956,-449.9404,-0.226374,0.716247,-0.647904,0.126357,-0.659096,2.08538,-1.886396,-0.306283,0.067596,0.399639,0.687339,2.590372,-0.090984
3326,1776148715051,36.973675,-462.0287,103.0835,-449.5753,-0.226165,0.71626,-0.647902,0.126662,-0.658373,2.085057,-1.886065,-0.306551,0.067155,0.399758,0.68855,2.589806,-0.090855
3327,1776148715062,36.984786,-462.0585,103.1784,-449.4282,-0.225952,0.716256,-0.647933,0.126907,-0.657663,2.084754,-1.885892,-0.306676,0.066951,0.399804,0.689113,2.589507,-0.090931
3328,1776148715073,36.995897,-462.003,103.3524,-449.1212,-0.226035,0.716137,-0.647929,0.12745,-0.6577,2.083762,-1.885296,-0.306795,0.06675,0.399871,0.689832,2.589262,-0.090952
3329,1776148715085,37.007008,-462.0033,103.5154,-448.8343,-0.225896,0.716015,-0.648081,0.127614,-0.657234,2.083213,-1.885562,-0.307043,0.066309,0.399966,0.690962,2.588703,-0.090934
3330,1776148715096,37.01812,-461.9806,103.383,-448.6221,-0.225586,0.715968,-0.648157,0.128034,-0.656176,2.08258,-1.885334,-0.307148,0.066088,0.400077,0.691715,2.588587,-0.090776
3331,1776148715107,37.029231,-461.8715,103.4142,-448.2884,-0.225471,0.716146,-0.647978,0.128151,-0.655797,2.082956,-1.884687,-0.3074,0.065656,0.400195,0.693145,2.588037,-0.090563
3332,1776148715118,37.040342,-461.8943,103.6885,-447.9059,-0.225103,0.716289,-0.64788,0.128495,-0.654598,2.082966,-1.884032,-0.307528,0.065435,0.400262,0.693842,2.587831,-0.090398
3333,1776148715129,37.051453,-461.7709,103.5288,-447.6431,-0.224777,0.716371,-0.647867,0.128671,-0.653584,2.082996,-1.883807,-0.30764,0.065201,0.400345,0.694576,2.587644,-0.090194
3334,1776148715140,37.062564,-461.95,103.5982,-447.1953,-0.224579,0.716558,-0.647674,0.128947,-0.652907,2.083212,-1.88295,-0.307895,0.06476,0.400465,0.695868,2.587112,-0.08979
3335,1776148715151,37.073676,-461.9756,103.8611,-446.8724,-0.224237,0.716502,-0.647787,0.129284,-0.651789,2.08265,-1.882919,-0.308016,0.064541,0.400542,0.696598,2.586913,-0.089608
3336,1776148715162,37.084787,-461.9259,103.9847,-446.6383,-0.22412,0.716549,-0.647676,0.129783,-0.651265,2.082198,-1.88206,-0.308258,0.06411,0.400686,0.698029,2.586513,-0.08917
3337,1776148715173,37.095898,-462.0233,104.1835,-446.1751,-0.223612,0.716756,-0.64766,0.129597,-0.649855,2.08302,-1.882213,-0.308379,0.063894,0.400764,0.698723,2.586366,-0.088918
3338,1776148715196,37.118033,-461.8948,104.3281,-445.5507,-0.223169,0.71687,-0.647527,0.130391,-0.648275,2.08241,-1.88098,-0.308751,0.063247,0.400976,0.700861,2.585863,-0.088008
3339,1776148715207,37.129144,-461.635,104.0758,-445.3045,-0.222813,0.716974,-0.647465,0.130734,-0.647116,2.082308,-1.880433,-0.308879,0.063033,0.401037,0.701607,2.585644,-0.087671
3340,1776148715218,37.140256,-461.6675,104.4637,-444.9306,-0.222601,0.717054,-0.647358,0.131188,-0.646333,2.082005,-1.879637,-0.309005,0.062831,0.401092,0.702368,2.585421,-0.087353
3341,1776148715229,37.151367,-461.6452,104.6949,-444.4457,-0.22212,0.7173,-0.647285,0.131017,-0.645,2.08292,-1.879607,-0.30923,0.06238,0.401262,0.703821,2.585235,-0.086464
3342,1776148715240,37.162478,-461.3789,104.5392,-444.0185,-0.221584,0.717823,-0.646909,0.13092,-0.64348,2.084553,-1.87862,-0.309344,0.062178,0.401323,0.70467,2.58503,-0.086052
3343,1776148715251,37.17359,-461.3005,104.4965,-443.7341,-0.221447,0.717925,-0.646743,0.131413,-0.642899,2.084265,-1.877612,-0.309577,0.061749,0.401438,0.705994,2.584704,-0.085192
3344,1776148715262,37.184701,-461.306,104.7873,-443.7179,-0.220893,0.718199,-0.646628,0.131413,-0.641291,2.085061,-1.877277,-0.30968,0.061555,0.401527,0.706789,2.584645,-0.084713
3345,1776148715273,37.195812,-461.2464,104.8323,-443.0022,-0.220684,0.718217,-0.64662,0.131701,-0.640582,2.084774,-1.87695,-0.309785,0.061358,0.401604,0.707533,2.58454,-0.08426
3346,1776148715284,37.206923,-461.3935,104.6,-442.7743,-0.2201,0.718669,-0.646332,0.131625,-0.638914,2.086176,-1.876195,-0.309991,0.060925,0.401785,0.709077,2.584487,-0.083101
3347,1776148715296,37.218034,-461.4474,104.9561,-442.3843,-0.219938,0.718808,-0.646155,0.132011,-0.638304,2.086122,-1.875268,-0.310108,0.060737,0.401826,0.709756,2.584292,-0.082647
3348,1776148715307,37.229146,-461.4613,105.0358,-442.2246,-0.219447,0.718942,-0.646196,0.131894,-0.636919,2.086649,-1.875514,-0.310319,0.060322,0.401996,0.711324,2.584257,-0.081391
3349,1776148715318,37.240257,-461.0034,104.9648,-441.9627,-0.219032,0.719324,-0.64585,0.132197,-0.635607,2.0874,-1.874186,-0.31041,0.060133,0.402084,0.712188,2.584239,-0.080802
3350,1776148715329,37.251368,-461.1004,104.9533,-441.6974,-0.218712,0.719235,-0.64597,0.132625,-0.634525,2.086636,-1.874079,-0.310525,0.059933,0.402129,0.712971,2.584096,-0.080162
3351,1776148715340,37.262479,-460.9352,104.9824,-441.2381,-0.21833,0.719447,-0.64578,0.133025,-0.633273,2.086778,-1.873105,-0.310728,0.059582,0.402242,0.714668,2.58387,-0.078973
3352,1776148715351,37.273591,-460.9746,105.2649,-440.8028,-0.217833,0.719904,-0.645438,0.133033,-0.631827,2.088092,-1.872101,-0.310825,0.05939,0.402286,0.715472,2.583772,-0.078307
3353,1776148715362,37.284702,-460.9978,105.2985,-440.6855,-0.217461,0.72007,-0.645387,0.132987,-0.630766,2.088629,-1.872003,-0.311029,0.059012,0.402404,0.716932,2.583568,-0.076891
3354,1776148715373,37.295813,-460.9505,105.6544,-440.3886,-0.216879,0.720236,-0.645385,0.133049,-0.629056,2.089037,-1.871932,-0.311119,0.058834,0.402454,0.717694,2.583516,-0.076234
3355,1776148715384,37.306924,-460.9226,105.7359,-440.1517,-0.216844,0.720642,-0.644863,0.133436,-0.628817,2.089757,-1.870009,-0.311214,0.058641,0.402518,0.718443,2.58342,-0.075463
3356,1776148715396,37.318036,-460.7521,105.955,-440.0278,-0.216426,0.721004,-0.644543,0.133707,-0.627507,2.090485,-1.868794,-0.311405,0.058324,0.402633,0.720032,2.583274,-0.074077
3357,1776148715407,37.329147,-460.8674,105.9664,-439.7274,-0.216227,0.721153,-0.64441,0.133869,-0.626872,2.090725,-1.868238,-0.311489,0.058139,0.402715,0.720785,2.583296,-0.073285
3358,1776148715418,37.340258,-460.6953,106.0505,-439.5115,-0.21558,0.721678,-0.644093,0.133601,-0.625091,2.092566,-1.867602,-0.311582,0.057975,0.402763,0.721448,2.583193,-0.072606
3359,1776148715429,37.351369,-460.7357,105.8659,-439.0425,-0.215274,0.721813,-0.643967,0.133975,-0.624073,2.092515,-1.866842,-0.311759,0.057661,0.402897,0.723114,2.58318,-0.071108
3360,1776148715440,37.36248,-460.7269,106.232,-438.8679,-0.214422,0.722058,-0.64406,0.133576,-0.621744,2.093697,-1.867531,-0.311849,0.0575,0.402926,0.723812,2.583098,-0.070392
3361,1776148715451,37.373592,-460.6573,106.2242,-438.4873,-0.214244,0.722428,-0.643605,0.134048,-0.62106,2.094211,-1.865715,-0.312035,0.057175,0.403026,0.725273,2.583102,-0.068907
3362,1776148715462,37.384703,-460.7346,106.4614,-438.2411,-0.213722,0.722656,-0.643511,0.134107,-0.619527,2.094801,-1.865379,-0.31212,0.057041,0.403077,0.726156,2.583066,-0.068114
3363,1776148715473,37.395814,-460.7346,106.8388,-438.2898,-0.213305,0.72271,-0.643538,0.134351,-0.618234,2.094668,-1.865199,-0.312205,0.056889,0.403122,0.726918,2.583045,-0.067355
3364,1776148715484,37.406925,-460.803,106.5422,-437.8337,-0.212566,0.722958,-0.643555,0.134106,-0.616175,2.095678,-1.865508,-0.312371,0.056606,0.403231,0.728601,2.583059,-0.065769
3365,1776148715496,37.418037,-460.8684,106.7193,-437.5701,-0.212368,0.723033,-0.643495,0.134305,-0.615535,2.095659,-1.865124,-0.312444,0.056453,0.403308,0.72934,2.583167,-0.065053
3366,1776148715507,37.429148,-460.8495,106.7214,-437.4267,-0.212339,0.72356,-0.642792,0.134878,-0.61525,2.096508,-1.862481,-0.312617,0.056177,0.403386,0.730788,2.583093,-0.063454
3367,1776148715518,37.440259,-460.5769,106.7935,-437.2834,-0.211939,0.723619,-0.642775,0.135271,-0.613954,2.096211,-1.86202,-0.31269,0.056055,0.403407,0.731623,2.582956,-0.062825
3368,1776148715529,37.45137,-460.509,106.8856,-436.927,-0.211278,0.724515,-0.642109,0.134667,-0.612248,2.099524,-1.860726,-0.312778,0.055913,0.403467,0.732419,2.582958,-0.061923
3369,1776148715540,37.462482,-460.551,106.8178,-436.7615,-0.210528,0.724729,-0.642129,0.134602,-0.610097,2.100221,-1.860851,-0.312928,0.05566,0.403611,0.73402,2.583062,-0.06031
3370,1776148715551,37.473593,-460.5766,106.962,-436.6681,-0.210123,0.724513,-0.642434,0.134935,-0.608809,2.099202,-1.861385,-0.312996,0.05553,0.40367,0.734812,2.583083,-0.059527
3371,1776148715562,37.484704,-460.7503,107.1681,-436.3387,-0.209807,0.725075,-0.641844,0.135216,-0.607797,2.100496,-1.85938,-0.313146,0.0553,0.403784,0.736478,2.583115,-0.057801
3372,1776148715573,37.495815,-460.6212,107.0071,-436.2744,-0.209222,0.725211,-0.641918,0.135044,-0.60616,2.101093,-1.859774,-0.313217,0.055185,0.403841,0.73727,2.583156,-0.05701
3373,1776148715584,37.506927,-460.4679,106.8163,-435.9374,-0.208812,0.72546,-0.641738,0.135194,-0.604922,2.101638,-1.859096,-0.313286,0.05506,0.40391,0.73801,2.583256,-0.056132
3374,1776148715596,37.518038,-460.394,107.0483,-436.0027,-0.208421,0.725991,-0.641249,0.135271,-0.603764,2.103081,-1.857599,-0.31344,0.054849,0.403992,0.739621,2.583183,-0.05442
3375,1776148715607,37.529149,-460.3805,106.916,-435.7624,-0.208017,0.726067,-0.641234,0.135555,-0.602496,2.102965,-1.857257,-0.313504,0.054713,0.404062,0.740358,2.583233,-0.053589
3376,1776148715618,37.54026,-460.3678,107.1134,-435.5498,-0.207477,0.726412,-0.641042,0.135444,-0.600968,2.104095,-1.856816,-0.31358,0.054598,0.404122,0.741056,2.58328,-0.052723
3377,1776148715629,37.551372,-460.3284,107.2761,-435.2635,-0.206884,0.726705,-0.640927,0.13532,-0.599293,2.105094,-1.856615,-0.313699,0.054367,0.404222,0.742652,2.583281,-0.051036
3378,1776148715640,37.562483,-460.4226,107.4014,-435.199,-0.206177,0.726891,-0.640954,0.135269,-0.597265,2.105693,-1.856748,-0.313761,0.054239,0.404293,0.743472,2.583358,-0.050084
3379,1776148715651,37.573594,-460.4296,107.4078,-434.9359,-0.206231,0.727234,-0.640421,0.135873,-0.597214,2.105966,-1.854568,-0.313892,0.054028,0.404371,0.744896,2.58336,-0.048411
3380,1776148715662,37.584705,-460.5223,107.5548,-434.7878,-0.20532,0.727533,-0.640458,0.135474,-0.594711,2.107309,-1.855095,-0.313952,0.053941,0.40442,0.745753,2.583346,-0.047554
3381,1776148715673,37.595816,-460.4597,107.3691,-434.59,-0.205526,0.727961,-0.639796,0.135991,-0.595135,2.107931,-1.852636,-0.314007,0.05382,0.404505,0.74652,2.583532,-0.046644
3382,1776148715684,37.606928,-460.4453,107.416,-434.3175,-0.204949,0.728252,-0.639679,0.135851,-0.593511,2.108941,-1.852442,-0.314155,0.053613,0.404566,0.747771,2.583542,-0.044989
3383,1776148715696,37.618039,-460.4009,107.7457,-434.2034,-0.204647,0.728554,-0.639355,0.136219,-0.592512,2.109376,-1.851119,-0.314219,0.053514,0.404619,0.748504,2.583584,-0.044165
3384,1776148715707,37.62915,-460.2722,107.6527,-433.9644,-0.204076,0.728705,-0.639393,0.136086,-0.590903,2.109972,-1.85137,-0.314359,0.053321,0.404694,0.749811,2.583538,-0.042574
3385,1776148715718,37.640261,-460.1373,107.96,-433.9415,-0.203787,0.729095,-0.638998,0.136282,-0.590001,2.110868,-1.850021,-0.314419,0.053218,0.404765,0.750504,2.583602,-0.041697
3386,1776148715729,37.651373,-460.1652,107.9834,-433.7144,-0.203427,0.729406,-0.638742,0.136356,-0.588935,2.111679,-1.849203,-0.314481,0.05312,0.404825,0.751195,2.583659,-0.040902
3387,1776148715740,37.662484,-460.1424,108.0756,-433.3918,-0.202962,0.729624,-0.638652,0.136306,-0.587606,2.11237,-1.848994,-0.314608,0.052931,0.404902,0.752458,2.583598,-0.039213
3388,1776148715751,37.673595,-460.144,108.1987,-432.9925,-0.202546,0.729963,-0.638406,0.136262,-0.586415,2.113403,-1.848328,-0.314669,0.052836,0.404963,0.753085,2.583672,-0.038372
3389,1776148715762,37.684706,-460.2031,108.2867,-433.3066,-0.202166,0.730268,-0.638189,0.136207,-0.585333,2.114355,-1.847755,-0.314796,0.052657,0.405064,0.754257,2.583763,-0.036708
3390,1776148715773,37.695818,-460.3645,108.6142,-433.252,-0.201747,0.730382,-0.638142,0.136433,-0.584047,2.114415,-1.847386,-0.314861,0.052582,0.405124,0.754945,2.583789,-0.035865
3391,1776148715784,37.706929,-460.1718,108.6531,-432.9523,-0.201555,0.730809,-0.637663,0.136674,-0.58341,2.115361,-1.845747,-0.31492,0.052522,0.405176,0.755631,2.583797,-0.035077
3392,1776148715796,37.71804,-460.095,108.6326,-432.9314,-0.201025,0.730963,-0.637664,0.136625,-0.581893,2.115866,-1.845801,-0.315028,0.052374,0.405278,0.756975,2.583831,-0.033466
3393,1776148715807,37.729151,-459.9765,108.6289,-432.6145,-0.200713,0.731237,-0.637423,0.136743,-0.58095,2.116519,-1.844981,-0.315083,0.052276,0.405309,0.757485,2.583837,-0.032661
3394,1776148715818,37.740262,-460.0826,108.6731,-432.5126,-0.200409,0.731514,-0.637168,0.136899,-0.580019,2.117132,-1.84408,-0.315129,0.052184,0.405378,0.758088,2.583941,-0.031775
3395,1776148715829,37.751374,-460.1086,108.7181,-432.4562,-0.200098,0.731775,-0.636921,0.137106,-0.579051,2.11764,-1.84315,-0.315243,0.052028,0.405469,0.759371,2.583972,-0.030065
3396,1776148715840,37.762485,-460.3221,108.6573,-432.2698,-0.199455,0.732453,-0.636472,0.136502,-0.577388,2.120327,-1.842479,-0.315297,0.051956,0.405498,0.759954,2.583983,-0.029226
3397,1776148715851,37.773596,-460.2237,108.7979,-432.1985,-0.199049,0.732494,-0.636513,0.136684,-0.576152,2.120228,-1.842407,-0.315388,0.051781,0.405598,0.761119,2.584101,-0.0276
3398,1776148715862,37.784707,-460.0649,108.92,-431.865,-0.198913,0.732709,-0.636275,0.136838,-0.575711,2.120666,-1.841557,-0.315448,0.051705,0.405626,0.761618,2.584084,-0.026882
3399,1776148715873,37.795818,-460.2352,108.7579,-431.9167,-0.198392,0.733094,-0.635994,0.136844,-0.5742,2.121771,-1.840738,-0.315497,0.051619,0.405673,0.762204,2.584107,-0.026078
3400,1776148715884,37.80693,-460.1705,108.5735,-431.6269,-0.198186,0.732946,-0.636128,0.137306,-0.573454,2.120791,-1.840647,-0.315594,0.051455,0.405746,0.76338,2.584047,-0.024597
3401,1776148715896,37.818041,-460.1878,108.8108,-431.5594,-0.198094,0.733032,-0.635984,0.137648,-0.573077,2.120631,-1.839875,-0.315647,0.051383,0.405752,0.763803,2.58397,-0.024056
3402,1776148715907,37.829153,-459.9451,108.7522,-431.3136,-0.197973,0.733311,-0.635666,0.137809,-0.572675,2.121244,-1.838786,-0.31574,0.051222,0.405826,0.764866,2.583901,-0.022541
3403,1776148715918,37.840264,-459.8414,108.9781,-431.2867,-0.197736,0.733691,-0.635293,0.13784,-0.571981,2.122308,-1.837678,-0.315791,0.051141,0.405859,0.765313,2.58386,-0.021822
3404,1776148715929,37.851376,-459.9192,108.9375,-431.3766,-0.197325,0.734126,-0.634951,0.137695,-0.570838,2.123738,-1.836836,-0.315827,0.05106,0.405917,0.765889,2.583906,-0.021086
3405,1776148715940,37.862487,-460.0149,109.1067,-431.2426,-0.196387,0.7346,-0.63484,0.137017,-0.56834,2.125924,-1.837218,-0.315912,0.050905,0.40597,0.766902,2.583794,-0.019564
3406,1776148715951,37.873598,-459.9714,109.3239,-430.9609,-0.196519,0.734684,-0.634585,0.137553,-0.568552,2.125524,-1.835927,-0.31596,0.050815,0.40601,0.767362,2.583793,-0.018803
3407,1776148715962,37.884709,-460.2192,109.3088,-430.8546,-0.196307,0.734679,-0.634553,0.138031,-0.567786,2.124937,-1.835338,-0.316061,0.050638,0.406058,0.768383,2.583656,-0.017286
3408,1776148715973,37.895821,-460.148,109.5386,-430.662,-0.196208,0.734678,-0.63449,0.138471,-0.567356,2.124405,-1.8347,-0.316104,0.050568,0.406094,0.768933,2.583647,-0.016626
3409,1776148715984,37.906932,-460.3789,109.2796,-430.3617,-0.195647,0.735449,-0.633916,0.137795,-0.565952,2.127447,-1.833741,-0.316159,0.050481,0.406117,0.769441,2.583539,-0.015888
3410,1776148715996,37.918043,-460.1839,109.4203,-430.3314,-0.194799,0.736008,-0.633669,0.137148,-0.563705,2.12984,-1.833694,-0.31625,0.050317,0.406197,0.77046,2.583458,-0.01455
3411,1776148716007,37.929154,-460.1213,109.5804,-429.9837,-0.194473,0.736306,-0.633444,0.137054,-0.562789,2.130814,-1.833139,-0.316292,0.050223,0.406236,0.770898,2.583423,-0.013836
3412,1776148716018,37.940266,-460.0947,109.3974,-430.3066,-0.194387,0.736376,-0.633257,0.137661,-0.56235,2.130287,-1.831972,-0.316349,0.050152,0.406254,0.771417,2.583252,-0.013143
3413,1776148716029,37.951377,-460.2289,109.8926,-430.0947,-0.194436,0.736456,-0.633036,0.138177,-0.562326,2.129901,-1.830799,-0.316442,0.050007,0.406325,0.772356,2.583098,-0.011757
3414,1776148716040,37.962488,-460.1409,109.8574,-429.7792,-0.194936,0.736227,-0.632916,0.139239,-0.563437,2.127962,-1.829357,-0.316495,0.049931,0.406382,0.77284,2.583058,-0.011034
3415,1776148716051,37.973599,-459.8101,109.9245,-429.6564,-0.194367,0.736698,-0.632623,0.138876,-0.561905,2.129759,-1.828883,-0.316569,0.049767,0.406483,0.773787,2.582944,-0.009593
3416,1776148716062,37.98471,-460.0079,109.8775,-429.493,-0.193697,0.737234,-0.632299,0.138438,-0.560108,2.131837,-1.8284,-0.316617,0.049693,0.406506,0.774253,2.582871,-0.008882
3417,1776148716073,37.995822,-460.3269,109.5754,-429.3823,-0.193406,0.737439,-0.632158,0.138399,-0.559278,2.132475,-1.828032,-0.316657,0.049621,0.406553,0.77473,2.582811,-0.008191
3418,1776148716084,38.006933,-460.3007,110.1334,-429.1678,-0.192987,0.737661,-0.631964,0.13869,-0.557974,2.132767,-1.827169,-0.316746,0.049455,0.406646,0.775657,2.582698,-0.006779
3419,1776148716096,38.018044,-459.8997,110.2924,-428.7868,-0.192756,0.737751,-0.631899,0.138824,-0.557265,2.132868,-1.826845,-0.316785,0.049375,0.406692,0.776126,2.582616,-0.006025
3420,1776148716107,38.029156,-459.9532,110.2694,-428.4848,-0.192747,0.738034,-0.631521,0.139053,-0.557167,2.13341,-1.825517,-0.316891,0.049226,0.406791,0.777126,2.582387,-0.004688
3421,1776148716118,38.040267,-459.9955,110.3597,-429.0172,-0.192545,0.738305,-0.631217,0.139276,-0.556513,2.133924,-1.824408,-0.316936,0.049154,0.406845,0.777645,2.582275,-0.004034
3422,1776148716129,38.051378,-460.0663,110.7365,-428.8839,-0.192005,0.738212,-0.631477,0.139333,-0.554936,2.133588,-1.825102,-0.316984,0.04908,0.406906,0.778182,2.582223,-0.003322
3423,1776148716140,38.062489,-460.0229,110.5536,-428.6901,-0.192029,0.738346,-0.631219,0.139759,-0.55487,2.133464,-1.823917,-0.317072,0.048912,0.407026,0.779187,2.581986,-0.001943
3424,1776148716151,38.0736,-459.9019,110.744,-428.7788,-0.191482,0.738848,-0.63089,0.139344,-0.55342,2.135412,-1.823392,-0.317119,0.048821,0.407102,0.779686,2.58197,-0.001204
3425,1776148716162,38.084711,-459.5704,110.6744,-428.3901,-0.191174,0.739387,-0.630418,0.13904,-0.552624,2.137337,-1.822341,-0.31721,0.048669,0.407238,0.78053,2.581832,0.000348
3426,1776148716173,38.095823,-459.7455,110.8312,-428.3178,-0.190927,0.739864,-0.62996,0.138921,-0.551948,2.138859,-1.821139,-0.317243,0.048576,0.407308,0.780948,2.581848,0.001142
3427,1776148716184,38.106934,-459.8965,110.7167,-428.102,-0.190631,0.739993,-0.629813,0.139304,-0.550972,2.138768,-1.820322,-0.317292,0.048494,0.407358,0.781375,2.581704,0.001952
3428,1776148716196,38.118045,-460.014,110.6312,-427.9613,-0.190902,0.73977,-0.629813,0.140119,-0.551502,2.137143,-1.819485,-0.3174,0.048325,0.40743,0.78221,2.581402,0.003496
3429,1776148716207,38.129157,-459.7267,110.6947,-427.8743,-0.190254,0.739853,-0.629931,0.140029,-0.549659,2.137493,-1.819918,-0.317447,0.04826,0.407493,0.782773,2.581284,0.004238
3430,1776148716218,38.140268,-459.7568,110.9905,-427.7912,-0.190159,0.74066,-0.629083,0.139705,-0.549485,2.140213,-1.817799,-0.317481,0.048177,0.407551,0.783248,2.581195,0.004963
3431,1776148716229,38.151379,-459.6973,110.8406,-427.8194,-0.18983,0.74085,-0.628913,0.139908,-0.548471,2.140519,-1.817102,-0.317577,0.048031,0.407663,0.784268,2.581056,0.006439
3432,1776148716240,38.162491,-459.9086,111.0337,-428.0961,-0.189381,0.740898,-0.628949,0.140103,-0.547114,2.140421,-1.817005,-0.317637,0.047967,0.40772,0.784748,2.580957,0.00713
3433,1776148716251,38.173602,-459.876,110.9483,-427.4438,-0.189699,0.74124,-0.628361,0.140499,-0.54791,2.140933,-1.814901,-0.317759,0.047826,0.407797,0.785676,2.580591,0.008667
3434,1776148716262,38.184713,-459.9123,111.1873,-427.19,-0.189229,0.74161,-0.628078,0.140446,-0.546568,2.142065,-1.81414,-0.317809,0.047745,0.407844,0.786067,2.580503,0.009434
3435,1776148716273,38.195824,-459.8904,111.2112,-426.7485,-0.188962,0.741679,-0.628039,0.140614,-0.545746,2.142062,-1.813855,-0.317863,0.047667,0.407886,0.786552,2.580312,0.01028
3436,1776148716284,38.206936,-459.896,111.1656,-426.5562,-0.188597,0.741913,-0.627887,0.140548,-0.544713,2.142818,-1.813484,-0.31797,0.047524,0.407945,0.787516,2.580023,0.01188
3437,1776148716296,38.218047,-459.793,111.4652,-426.9154,-0.188574,0.742388,-0.627336,0.14053,-0.544651,2.144211,-1.811911,-0.318011,0.047436,0.40799,0.787971,2.579916,0.012726
3438,1776148716307,38.229158,-459.6665,111.1879,-426.5377,-0.188212,0.742564,-0.627256,0.140446,-0.543631,2.144819,-1.811766,-0.318107,0.047277,0.408071,0.788754,2.57974,0.014379
3439,1776148716318,38.240269,-459.7401,111.277,-426.7941,-0.187841,0.743129,-0.626713,0.140381,-0.542579,2.14653,-1.810263,-0.31816,0.04718,0.40811,0.789079,2.57964,0.015314
3440,1776148716329,38.251381,-459.6868,111.267,-426.5171,-0.187665,0.743539,-0.626271,0.140418,-0.54206,2.147669,-1.808947,-0.318207,0.047111,0.408153,0.789516,2.579536,0.016197
3441,1776148716340,38.262492,-459.7893,111.4432,-426.5233,-0.187562,0.743288,-0.626442,0.141118,-0.54155,2.1461,-1.808729,-0.318332,0.046971,0.408201,0.790323,2.579129,0.018001
3442,1776148716351,38.273603,-459.7545,111.5518,-426.0552,-0.187336,0.743436,-0.626313,0.141208,-0.54087,2.14642,-1.808266,-0.31839,0.046892,0.408232,0.790791,2.57898,0.018859
3443,1776148716362,38.284714,-459.793,111.5646,-425.8118,-0.187122,0.743736,-0.625986,0.141366,-0.540202,2.147094,-1.80716,-0.318494,0.046724,0.408312,0.7916,2.578754,0.020622
3444,1776148716373,38.295825,-459.9188,111.8531,-425.6552,-0.186883,0.744781,-0.624869,0.141116,-0.53959,2.150414,-1.80419,-0.318558,0.046664,0.408352,0.792104,2.578607,0.021462
3445,1776148716384,38.306937,-459.6859,111.4675,-425.5136,-0.186413,0.744382,-0.625409,0.14145,-0.538131,2.148858,-1.805411,-0.318618,0.046567,0.408379,0.792496,2.578414,0.022405
3446,1776148716396,38.318048,-459.8275,111.7551,-425.3162,-0.186758,0.745331,-0.624122,0.141689,-0.539056,2.151306,-1.801452,-0.318733,0.046415,0.408449,0.793431,2.578145,0.02404
3447,1776148716407,38.329159,-460.0538,111.9574,-425.4392,-0.186388,0.745544,-0.623977,0.14169,-0.537986,2.151921,-1.801032,-0.318803,0.0463,0.408461,0.793692,2.578,0.024905
3448,1776148716418,38.34027,-460.2103,112.353,-425.3347,-0.186159,0.745694,-0.623834,0.141831,-0.537283,2.152183,-1.800478,-0.318855,0.046214,0.4085,0.794157,2.577832,0.025747
3449,1776148716429,38.351382,-459.8281,111.6827,-424.9878,-0.185779,0.746148,-0.623449,0.141637,-0.536244,2.153728,-1.799562,-0.318985,0.046023,0.408526,0.794869,2.577337,0.027425
3450,1776148716440,38.362493,-459.8483,111.7412,-424.6437,-0.185163,0.746179,-0.623632,0.141471,-0.534517,2.15402,-1.800259,-0.319028,0.045922,0.408601,0.795277,2.577292,0.028311
3451,1776148716451,38.373604,-459.565,111.7526,-424.4039,-0.184935,0.74651,-0.623294,0.141516,-0.533844,2.154918,-1.799237,-0.319125,0.045745,0.408695,0.795994,2.577069,0.02995
3452,1776148716462,38.384716,-459.626,112.0026,-424.5369,-0.185081,0.746996,-0.622602,0.141807,-0.534177,2.15597,-1.796945,-0.319175,0.045646,0.408732,0.79628,2.576874,0.030849
3453,1776148716473,38.395827,-459.7144,112.1778,-424.614,-0.184279,0.74641,-0.623511,0.141942,-0.531824,2.154115,-1.799432,-0.319216,0.045578,0.408792,0.796768,2.576759,0.031664
3454,1776148716484,38.406938,-459.7103,112.1592,-424.2305,-0.1841,0.746668,-0.623233,0.142038,-0.531278,2.154744,-1.798532,-0.319327,0.0454,0.408877,0.797506,2.576365,0.03333
3455,1776148716496,38.418049,-459.778,111.9776,-423.9612,-0.183688,0.747123,-0.622834,0.14193,-0.53012,2.156185,-1.797492,-0.31938,0.045328,0.408932,0.797932,2.576241,0.034101
3456,1776148716507,38.429161,-459.545,111.9303,-423.7207,-0.1839,0.747643,-0.62214,0.141963,-0.530724,2.157646,-1.795452,-0.319484,0.045144,0.409011,0.798587,2.575888,0.035738
3457,1776148716518,38.440272,-459.6743,112.3046,-423.4513,-0.183933,0.748136,-0.621418,0.142484,-0.530663,2.158438,-1.792845,-0.319548,0.045066,0.409029,0.79897,2.575622,0.036484
3458,1776148716529,38.451383,-459.5795,112.4889,-423.6247,-0.183574,0.748223,-0.621378,0.142661,-0.529573,2.158475,-1.792552,-0.319618,0.044953,0.409075,0.7992,2.575441,0.037385
3459,1776148716540,38.462495,-459.6151,112.6497,-423.5823,-0.183615,0.748423,-0.621121,0.142677,-0.529687,2.159033,-1.791794,-0.319717,0.044764,0.409179,0.800032,2.575117,0.038934
3460,1776148716551,38.473606,-459.7001,112.9191,-423.4064,-0.183187,0.748532,-0.621076,0.142855,-0.528402,2.15913,-1.791484,-0.31979,0.044673,0.409209,0.800372,2.574904,0.039699
3461,1776148716562,38.484717,-459.5792,112.6815,-423.2666,-0.183041,0.748899,-0.620672,0.142873,-0.527975,2.160167,-1.7903,-0.319901,0.044459,0.409302,0.801027,2.574652,0.04125
3462,1776148716573,38.495828,-459.5263,112.571,-423.2239,-0.183098,0.749244,-0.620262,0.14277,-0.528169,2.161288,-1.789223,-0.319974,0.044368,0.409308,0.801248,2.574375,0.041914
3463,1776148716584,38.50694,-459.5677,112.7464,-422.9761,-0.183104,0.74923,-0.620133,0.143396,-0.528,2.160487,-1.788222,-0.320051,0.044281,0.40931,0.801449,2.574112,0.042603
3464,1776148716596,38.518051,-459.4996,112.6999,-422.8609,-0.183075,0.749461,-0.619817,0.143594,-0.527859,2.160913,-1.787112,-0.320189,0.044076,0.409394,0.802034,2.573729,0.044042
3465,1776148716607,38.529162,-459.6273,112.9459,-422.5731,-0.182551,0.749812,-0.619627,0.143247,-0.526448,2.162345,-1.786912,-0.320256,0.043963,0.409432,0.802317,2.57353,0.044794
3466,1776148716618,38.540273,-459.4561,112.7668,-422.3759,-0.182282,0.750091,-0.619378,0.143204,-0.525686,2.163204,-1.786238,-0.320322,0.043864,0.409468,0.802685,2.57331,0.045458
3467,1776148716629,38.551384,-459.6432,113.0758,-422.1845,-0.182419,0.750273,-0.618967,0.143852,-0.525891,2.162941,-1.7844,-0.320485,0.043646,0.409568,0.803272,2.572941,0.046838
3468,1776148716640,38.562496,-459.5565,113.0792,-421.7945,-0.18223,0.75038,-0.618922,0.143727,-0.525382,2.1634,-1.784398,-0.320564,0.043549,0.409597,0.803585,2.572641,0.047489
3469,1776148716651,38.573607,-459.5213,112.8203,-421.7108,-0.182142,0.750694,-0.618544,0.143826,-0.525098,2.164186,-1.783208,-0.32072,0.043334,0.409682,0.80421,2.572182,0.048819
3470,1776148716662,38.584718,-459.6072,112.9457,-421.6822,-0.181939,0.750933,-0.618292,0.143922,-0.524487,2.164759,-1.782385,-0.320798,0.043214,0.409724,0.804445,2.571992,0.049453
3471,1776148716673,38.595829,-459.5839,112.9599,-421.4538,-0.181955,0.751161,-0.617954,0.144162,-0.524463,2.165123,-1.781171,-0.320859,0.043097,0.409811,0.80479,2.571936,0.050133
3472,1776148716684,38.60694,-459.5948,113.1109,-421.058,-0.181701,0.751259,-0.617913,0.144151,-0.523733,2.165419,-1.781063,-0.321021,0.042864,0.40987,0.80525,2.571413,0.051358
3473,1776148716696,38.618052,-459.4766,112.7656,-420.9412,-0.181775,0.751648,-0.617359,0.144399,-0.523874,2.166239,-1.77922,-0.321096,0.042748,0.40992,0.805546,2.571177,0.05195
3474,1776148716707,38.629163,-459.4916,112.8879,-420.6794,-0.181713,0.751759,-0.617195,0.144601,-0.523636,2.166313,-1.778544,-0.321257,0.042521,0.409978,0.805982,2.570658,0.052999
3475,1776148716718,38.640274,-459.4841,113.107,-420.6027,-0.181521,0.751844,-0.617157,0.144562,-0.523092,2.166605,-1.778475,-0.321342,0.042411,0.410001,0.806143,2.570372,0.053563
3476,1776148716729,38.651386,-459.3963,113.0437,-420.2924,-0.181433,0.751953,-0.617039,0.144608,-0.522826,2.166864,-1.778088,-0.321415,0.042287,0.410038,0.806292,2.570149,0.054106
3477,1776148716740,38.662497,-459.4581,113.2378,-420.0912,-0.181437,0.752235,-0.616641,0.144837,-0.52277,2.167397,-1.776714,-0.321566,0.04204,0.410123,0.806723,2.569706,0.05514
3478,1776148716751,38.673608,-459.5175,113.0809,-419.8619,-0.18124,0.752305,-0.616636,0.144741,-0.522231,2.167715,-1.776794,-0.321641,0.041918,0.410173,0.806938,2.569542,0.05563
3479,1776148716762,38.684719,-459.6256,113.2565,-419.5875,-0.181428,0.752611,-0.61615,0.14498,-0.522702,2.168308,-1.775158,-0.321786,0.041679,0.410289,0.807316,2.569167,0.056685
3480,1776148716773,38.695831,-459.5494,113.1982,-419.3438,-0.181235,0.752719,-0.61603,0.14517,-0.52209,2.168389,-1.774623,-0.321862,0.041562,0.410351,0.807522,2.56898,0.057159
3481,1776148716784,38.706942,-459.5757,113.3513,-419.0559,-0.181231,0.752929,-0.615726,0.145379,-0.522018,2.168738,-1.773539,-0.321945,0.041443,0.410382,0.807622,2.56867,0.057641
3482,1776148716796,38.718053,-459.5557,113.531,-418.718,-0.181385,0.75301,-0.615497,0.145735,-0.522357,2.168539,-1.772524,-0.322106,0.041207,0.410511,0.80805,2.568248,0.058583
3483,1776148716807,38.729164,-459.5109,113.719,-418.6989,-0.181097,0.753025,-0.615578,0.145677,-0.521544,2.168652,-1.772815,-0.322187,0.041082,0.410581,0.808228,2.568066,0.058983
3484,1776148716818,38.740276,-459.4381,113.8593,-418.4619,-0.181011,0.753077,-0.61551,0.145802,-0.52126,2.16865,-1.772496,-0.322273,0.04096,0.410635,0.808393,2.567833,0.05934
3485,1776148716829,38.751387,-459.4414,114.1704,-418.2496,-0.181113,0.753249,-0.615261,0.145837,-0.521544,2.169102,-1.771744,-0.322448,0.040677,0.410756,0.808584,2.567476,0.060265
3486,1776148716840,38.762498,-459.3679,114.2779,-417.9279,-0.180938,0.753777,-0.614719,0.14561,-0.521107,2.1709,-1.770407,-0.322546,0.040555,0.410811,0.80876,2.567219,0.060619
3487,1776148716851,38.773609,-459.5082,114.3866,-418.1529,-0.181001,0.753777,-0.614636,0.145882,-0.521207,2.170569,-1.769899,-0.322717,0.040312,0.410935,0.809019,2.566817,0.061291
3488,1776148716862,38.784721,-459.5229,114.1944,-417.693,-0.180676,0.753642,-0.614897,0.145883,-0.520272,2.170178,-1.77065,-0.322812,0.0402,0.411006,0.809212,2.56664,0.061646
3489,1776148716873,38.795832,-459.394,114.7254,-417.2602,-0.180715,0.753871,-0.614533,0.146185,-0.520296,2.170469,-1.769303,-0.322898,0.040078,0.411103,0.809423,2.566495,0.062067
3490,1776148716884,38.806943,-459.2969,114.2804,-417.0012,-0.180989,0.754045,-0.614211,0.146297,-0.521053,2.170836,-1.768265,-0.323078,0.0398,0.411246,0.809597,2.566135,0.062853
3491,1776148716896,38.818054,-459.2455,114.35,-416.784,-0.180867,0.754149,-0.614118,0.146306,-0.520698,2.171124,-1.767987,-0.323167,0.039671,0.411304,0.80974,2.565907,0.063177
3492,1776148716907,38.829165,-459.3028,114.6075,-416.5229,-0.180805,0.75421,-0.614019,0.146485,-0.520467,2.17108,-1.767526,-0.323342,0.039416,0.411425,0.810053,2.565515,0.063841
3493,1776148716918,38.840277,-459.5321,114.9423,-416.3212,-0.180792,0.754385,-0.613752,0.14672,-0.520363,2.171299,-1.766523,-0.323427,0.039283,0.411482,0.810246,2.565293,0.064201
3494,1776148716929,38.851388,-459.6164,114.7237,-416.1716,-0.180597,0.754564,-0.613633,0.146536,-0.519856,2.172037,-1.766363,-0.32352,0.039143,0.411547,0.810363,2.565151,0.064603
3495,1776148716940,38.862499,-459.5222,114.7512,-416.0348,-0.180579,0.754608,-0.613523,0.146792,-0.519729,2.171853,-1.765794,-0.323702,0.038869,0.411666,0.810651,2.564772,0.065347
3496,1776148716951,38.873611,-459.5526,115.0247,-415.9612,-0.180704,0.754724,-0.613295,0.146992,-0.520029,2.171944,-1.76494,-0.323806,0.038749,0.411699,0.810745,2.56451,0.065649
3497,1776148716962,38.884722,-459.3741,114.9202,-415.6663,-0.180721,0.754759,-0.613251,0.146977,-0.520084,2.172062,-1.764828,-0.323974,0.038479,0.411831,0.811032,2.56427,0.066372
3498,1776148716973,38.895833,-459.4214,115.1987,-415.4825,-0.180592,0.754874,-0.61309,0.147216,-0.519642,2.172104,-1.764129,-0.324051,0.038341,0.411907,0.811179,2.56422,0.066753
3499,1776148716984,38.906944,-459.3777,115.2243,-415.1284,-0.180464,0.755185,-0.612782,0.14706,-0.519319,2.173187,-1.763397,-0.32414,0.038202,0.411963,0.81133,2.56408,0.067161
3500,1776148716996,38.918055,-459.4785,115.5226,-414.8836,-0.180399,0.755238,-0.612696,0.147222,-0.519086,2.173143,-1.76299,-0.324311,0.037916,0.41209,0.811649,2.563861,0.067974
3501,1776148717007,38.929167,-459.445,115.317,-414.6292,-0.180328,0.755232,-0.612701,0.147325,-0.518852,2.173,-1.762902,-0.324393,0.037778,0.412147,0.811712,2.56373,0.068302
3502,1776148717018,38.940278,-459.3425,115.4756,-414.5178,-0.180006,0.755199,-0.612829,0.147357,-0.517916,2.172865,-1.763237,-0.324485,0.037655,0.412187,0.81193,2.563535,0.06868
3503,1776148717029,38.951389,-459.3638,115.8008,-414.191,-0.180042,0.755444,-0.61248,0.147506,-0.517976,2.17339,-1.762086,-0.324654,0.037363,0.412291,0.812188,2.563317,0.069455
3504,1776148717040,38.962501,-459.2742,115.6583,-413.887,-0.179794,0.755685,-0.612326,0.147209,-0.517348,2.174447,-1.761938,-0.324732,0.037214,0.412348,0.812361,2.56324,0.069846
3505,1776148717051,38.973612,-459.4109,115.9394,-413.7001,-0.179812,0.755813,-0.612114,0.147411,-0.517342,2.174569,-1.761128,-0.324902,0.036923,0.412455,0.812664,2.563063,0.070671
3506,1776148717062,38.984723,-459.3595,115.757,-413.5756,-0.179842,0.755953,-0.611906,0.147525,-0.517394,2.174832,-1.760418,-0.324997,0.036792,0.412481,0.812806,2.562874,0.071015
3507,1776148717073,38.995835,-459.3074,115.9906,-413.1182,-0.17984,0.756103,-0.611755,0.14738,-0.51743,2.175441,-1.760126,-0.325077,0.036636,0.412531,0.812942,2.562833,0.071417
3508,1776148717084,39.006946,-459.2348,115.7905,-412.9517,-0.179616,0.756348,-0.611551,0.147243,-0.516827,2.176312,-1.759674,-0.325258,0.036368,0.412588,0.813131,2.562584,0.072143
3509,1776148717096,39.018057,-459.1724,116.1621,-412.9832,-0.179537,0.756272,-0.611606,0.147509,-0.516521,2.175768,-1.759569,-0.325336,0.036237,0.412662,0.813322,2.562567,0.072548
3510,1776148717107,39.029168,-459.1985,116.0291,-412.5675,-0.179389,0.756407,-0.611471,0.147554,-0.516083,2.176102,-1.759136,-0.325511,0.035962,0.412741,0.813637,2.562394,0.073438
3511,1776148717118,39.04028,-459.0593,115.9044,-412.2479,-0.179456,0.756719,-0.611084,0.147474,-0.516299,2.177097,-1.758102,-0.325598,0.03585,0.412779,0.813831,2.562312,0.073818
3512,1776148717129,39.051391,-459.1276,116.2156,-411.9935,-0.179201,0.756716,-0.611142,0.14756,-0.51554,2.176982,-1.758184,-0.325674,0.035693,0.412847,0.813962,2.562335,0.074285
3513,1776148717140,39.062502,-459.1208,116.1946,-411.9744,-0.179156,0.756986,-0.610826,0.147537,-0.515419,2.177788,-1.757297,-0.325851,0.035442,0.412964,0.814381,2.562276,0.075058
3514,1776148717151,39.073613,-459.2199,116.43,-411.6843,-0.178954,0.757035,-0.610829,0.147516,-0.514842,2.177956,-1.757328,-0.325933,0.035317,0.413034,0.814585,2.562365,0.075479
3515,1776148717162,39.084724,-459.2056,116.3116,-411.4542,-0.178745,0.75706,-0.610887,0.147403,-0.514274,2.178166,-1.757604,-0.326114,0.035057,0.413097,0.814998,2.562231,0.076286
3516,1776148717173,39.095835,-459.3155,116.5192,-411.3017,-0.178707,0.757219,-0.610636,0.147672,-0.514087,2.178295,-1.75662,-0.326203,0.034941,0.413151,0.815194,2.562215,0.07666
3517,1776148717184,39.106947,-459.305,116.4778,-410.9156,-0.1785,0.757355,-0.610546,0.147598,-0.513514,2.178776,-1.756433,-0.326296,0.034818,0.413184,0.815416,2.562134,0.077162
3518,1776148717196,39.118058,-459.392,116.6134,-410.5645,-0.178222,0.75748,-0.610494,0.147504,-0.512739,2.179252,-1.756377,-0.326455,0.034545,0.413271,0.815803,2.562086,0.078075
3519,1776148717207,39.129169,-459.2162,116.5311,-410.6028,-0.17829,0.757791,-0.610062,0.147614,-0.512904,2.180011,-1.755024,-0.326552,0.034415,0.413296,0.815933,2.562054,0.078544
3520,1776148717218,39.140281,-459.1099,116.6675,-410.3399,-0.17811,0.757633,-0.610285,0.14772,-0.512356,2.179427,-1.755564,-0.326623,0.034266,0.413353,0.816196,2.562117,0.079126
3521,1776148717229,39.151392,-459.1485,116.9441,-410.1689,-0.178008,0.7579,-0.609967,0.147786,-0.512044,2.180115,-1.754582,-0.32678,0.034004,0.413426,0.816585,2.562172,0.080007
3522,1776148717240,39.162503,-458.9908,116.5425,-409.7614,-0.177744,0.75823,-0.609727,0.147404,-0.511393,2.181531,-1.754267,-0.32687,0.033872,0.413462,0.816757,2.562208,0.080512
3523,1776148717251,39.173614,-458.8856,116.7505,-409.6402,-0.177605,0.758236,-0.609724,0.14755,-0.510952,2.181369,-1.754115,-0.327009,0.03361,0.41355,0.817256,2.562323,0.081433
3524,1776148717262,39.184726,-458.975,116.9741,-409.3021,-0.177443,0.758474,-0.609506,0.147425,-0.51052,2.182206,-1.753612,-0.32709,0.033475,0.413575,0.817441,2.562345,0.081993
3525,1776148717273,39.195837,-458.9828,117.2161,-409.1613,-0.177229,0.758511,-0.609507,0.147487,-0.509888,2.182236,-1.753553,-0.327174,0.033359,0.413604,0.817704,2.562368,0.082404
3526,1776148717284,39.206948,-458.9892,116.9161,-409.0916,-0.177049,0.75908,-0.608912,0.14723,-0.509444,2.18419,-1.752094,-0.327334,0.033094,0.41367,0.818114,2.56247,0.083548
3527,1776148717296,39.218059,-459.1294,116.8287,-408.8449,-0.17687,0.759034,-0.608988,0.14737,-0.508889,2.183884,-1.752175,-0.327413,0.032992,0.4137,0.818432,2.56248,0.083971
3528,1776148717307,39.229171,-459.114,116.9352,-408.5501,-0.176431,0.759307,-0.608865,0.146999,-0.50773,2.185123,-1.752185,-0.327575,0.032759,0.413761,0.818963,2.562578,0.085037
3529,1776148717318,39.240282,-459.0681,116.8721,-408.0938,-0.176402,0.759411,-0.608672,0.147294,-0.507563,2.185063,-1.75134,-0.327656,0.032625,0.413786,0.81919,2.562596,0.085637
3530,1776148717329,39.251393,-458.864,116.6607,-408.0693,-0.176504,0.759175,-0.608834,0.147718,-0.507735,2.183865,-1.751391,-0.327731,0.0325,0.413808,0.819436,2.562588,0.086169
3531,1776148717340,39.262504,-459.024,116.9247,-407.9684,-0.17603,0.759938,-0.608179,0.14706,-0.506559,2.186866,-1.75015,-0.327888,0.032289,0.413878,0.819851,2.562695,0.08734
3532,1776148717351,39.273615,-459.0117,116.9863,-407.8992,-0.175901,0.759788,-0.608341,0.147315,-0.506115,2.186122,-1.750367,-0.327968,0.032194,0.413916,0.820182,2.562729,0.08787
3533,1776148717362,39.284727,-459.0367,117.2829,-407.651,-0.175853,0.760071,-0.607981,0.147402,-0.505955,2.18683,-1.749246,-0.328113,0.032002,0.414026,0.820766,2.562895,0.089041
3534,1776148717373,39.295838,-458.9946,117.2049,-407.5107,-0.175498,0.76045,-0.607655,0.147217,-0.504984,2.188147,-1.748488,-0.328189,0.031875,0.414072,0.82103,2.562997,0.089776
3535,1776148717384,39.30695,-459.0982,117.4077,-407.2998,-0.175168,0.760847,-0.607332,0.146888,-0.504128,2.189693,-1.747882,-0.328266,0.031778,0.414116,0.82132,2.563048,0.090412
3536,1776148717396,39.318061,-459.2771,117.2904,-407.1169,-0.174982,0.760964,-0.607195,0.147068,-0.503541,2.189809,-1.74731,-0.328432,0.03159,0.414216,0.821945,2.563172,0.091703
3537,1776148717407,39.329172,-459.2375,117.3728,-407.0075,-0.174674,0.761015,-0.607248,0.146953,-0.502688,2.190095,-1.747577,-0.32852,0.031474,0.414253,0.82216,2.563231,0.092389
3538,1776148717418,39.340284,-459.1378,117.3957,-406.788,-0.174229,0.760917,-0.607521,0.14686,-0.501433,2.189928,-1.748453,-0.328594,0.031375,0.4143,0.822479,2.563291,0.093008
3539,1776148717429,39.351395,-459.1147,117.5398,-406.5524,-0.174391,0.761142,-0.607101,0.147235,-0.501795,2.190116,-1.746878,-0.328742,0.031171,0.414384,0.823043,2.563481,0.094313
3540,1776148717440,39.362506,-458.9696,117.3257,-406.7435,-0.173789,0.76163,-0.606836,0.146515,-0.500263,2.192405,-1.74682,-0.328805,0.031077,0.414412,0.823332,2.563577,0.09495
3541,1776148717451,39.373617,-458.8508,117.4054,-406.5412,-0.17371,0.761826,-0.606605,0.146551,-0.500027,2.192924,-1.746118,-0.32895,0.030865,0.414479,0.823781,2.563726,0.096378
3542,1776148717462,39.384728,-458.8427,117.8556,-406.3831,-0.173547,0.761941,-0.606503,0.146566,-0.499553,2.193238,-1.745809,-0.329009,0.030784,0.414518,0.824098,2.563772,0.097001
3543,1776148717473,39.395839,-458.8473,117.7032,-406.1974,-0.17321,0.762219,-0.606258,0.146534,-0.49859,2.194075,-1.745136,-0.329063,0.030688,0.414562,0.82441,2.563865,0.097681
3544,1776148717484,39.406951,-458.8296,117.6924,-405.9617,-0.17318,0.762412,-0.605984,0.146699,-0.49846,2.194428,-1.744187,-0.329185,0.030528,0.41464,0.825049,2.563952,0.098954
3545,1776148717496,39.418062,-459.0209,117.6339,-405.7036,-0.173047,0.762581,-0.605843,0.146561,-0.498115,2.195084,-1.743914,-0.329251,0.030429,0.414674,0.82522,2.56405,0.099621
3546,1776148717507,39.429173,-459.0799,117.7737,-405.493,-0.172867,0.762778,-0.605637,0.146601,-0.497586,2.195602,-1.743282,-0.329381,0.030255,0.414708,0.825628,2.564099,0.100862
3547,1776148717518,39.440284,-459.1138,117.8901,-405.3454,-0.172486,0.762912,-0.605604,0.146487,-0.496521,2.196128,-1.743299,-0.329454,0.030159,0.414731,0.825829,2.564114,0.101597
3548,1776148717529,39.451395,-459.0359,117.8601,-405.1116,-0.172215,0.763108,-0.605459,0.14638,-0.495769,2.196826,-1.742988,-0.329508,0.030081,0.414767,0.826092,2.564125,0.102198
3549,1776148717540,39.462507,-459.0621,118.006,-404.9635,-0.172155,0.763417,-0.605089,0.146368,-0.495601,2.197729,-1.741934,-0.329627,0.029895,0.414849,0.826596,2.564278,0.103511
3550,1776148717551,39.473618,-458.9258,117.996,-404.6697,-0.172078,0.763454,-0.605043,0.146459,-0.495353,2.197725,-1.741711,-0.329688,0.0298,0.414861,0.82675,2.564269,0.104157
3551,1776148717562,39.484729,-458.6959,118.1074,-404.6978,-0.171557,0.763679,-0.605017,0.146002,-0.493979,2.198935,-1.742085,-0.329794,0.029624,0.414926,0.827142,2.564357,0.105319
3552,1776148717573,39.495841,-458.8345,118.0877,-404.6831,-0.171427,0.763875,-0.604767,0.146169,-0.49356,2.199293,-1.7412,-0.329849,0.029548,0.414971,0.827413,2.564435,0.105888
3553,1776148717584,39.506952,-458.748,117.9298,-404.5521,-0.171056,0.764094,-0.604662,0.145892,-0.492567,2.200263,-1.741169,-0.32991,0.029473,0.414995,0.827654,2.564431,0.106408
3554,1776148717596,39.518063,-458.7249,118.1125,-404.2838,-0.171058,0.764395,-0.604265,0.145955,-0.492558,2.201054,-1.739965,-0.330023,0.029282,0.415039,0.828017,2.564375,0.107629
3555,1776148717607,39.529174,-458.7021,118.193,-404.1498,-0.171053,0.764467,-0.604118,0.146195,-0.492475,2.200963,-1.739307,-0.330079,0.029182,0.415078,0.828173,2.564414,0.108228
3556,1776148717618,39.540285,-458.6724,118.3189,-404.0347,-0.171256,0.764501,-0.603918,0.146603,-0.492947,2.200559,-1.738333,-0.330139,0.029095,0.415097,0.828347,2.564383,0.108816
3557,1776148717629,39.551397,-458.6231,118.1937,-403.9004,-0.171005,0.764668,-0.60382,0.14643,-0.492274,2.201253,-1.738221,-0.33026,0.02891,0.415144,0.828668,2.564333,0.109991
3558,1776148717640,39.562508,-458.6531,118.0756,-403.7561,-0.170746,0.764835,-0.603688,0.146406,-0.491535,2.201764,-1.737862,-0.330324,0.028833,0.415153,0.8288,2.564269,0.110518
3559,1776148717651,39.573619,-458.7132,118.2714,-403.5694,-0.170718,0.765102,-0.603333,0.146507,-0.491424,2.202408,-1.736744,-0.33044,0.02867,0.415196,0.829105,2.564119,0.111525
3560,1776148717662,39.58473,-458.642,118.2127,-403.4572,-0.17046,0.765208,-0.603306,0.146362,-0.490724,2.202894,-1.736806,-0.330485,0.028586,0.415232,0.829307,2.564113,0.112048
3561,1776148717673,39.595841,-458.6738,118.3942,-403.2187,-0.170442,0.765274,-0.603219,0.146394,-0.490663,2.203043,-1.736526,-0.33053,0.028502,0.415265,0.829407,2.564077,0.112534
3562,1776148717684,39.606953,-458.8028,118.4307,-403.1685,-0.170323,0.765735,-0.602676,0.146363,-0.490329,2.204407,-1.734991,-0.330618,0.028344,0.41536,0.829816,2.564148,0.113499
3563,1776148717696,39.618064,-458.9006,118.5252,-402.9498,-0.170277,0.765496,-0.602952,0.146531,-0.490149,2.203511,-1.735623,-0.330668,0.028262,0.415376,0.829943,2.564001,0.113948
3564,1776148717707,39.629175,-458.8566,118.3389,-402.8122,-0.169969,0.765827,-0.602698,0.146203,-0.489354,2.204869,-1.73521,-0.33077,0.028087,0.415422,0.830192,2.563909,0.11481
3565,1776148717718,39.640286,-458.8576,118.5707,-402.7167,-0.170474,0.766014,-0.602197,0.1467,-0.490669,2.204794,-1.733285,-0.330824,0.028009,0.415436,0.830289,2.563779,0.115263
3566,1776148717729,39.651397,-458.7058,118.6825,-402.6783,-0.170122,0.766119,-0.602204,0.14653,-0.489703,2.205306,-1.733471,-0.33088,0.027928,0.415467,0.830366,2.563719,0.115655
3567,1776148717740,39.662508,-458.7066,118.7476,-402.598,-0.169947,0.76632,-0.602014,0.146463,-0.489219,2.205968,-1.732989,-0.330978,0.027747,0.415535,0.830621,2.563565,0.116518
3568,1776148717751,39.67362,-458.6092,118.7044,-402.3326,-0.170018,0.766491,-0.60175,0.146569,-0.489393,2.206331,-1.732124,-0.331033,0.027644,0.415561,0.83067,2.56348,0.116936
3569,1776148717762,39.684731,-458.5273,118.6988,-402.1877,-0.169907,0.76652,-0.601741,0.146584,-0.489069,2.206394,-1.732086,-0.331147,0.02747,0.415637,0.830863,2.563345,0.117656
3570,1776148717773,39.695842,-458.4708,118.66,-401.8892,-0.16969,0.76665,-0.601695,0.146343,-0.488512,2.207067,-1.732187,-0.331193,0.027364,0.415677,0.830867,2.563276,0.118117
3571,1776148717784,39.706953,-458.4907,118.6523,-401.851,-0.169693,0.76668,-0.601597,0.146586,-0.488453,2.206853,-1.731668,-0.331238,0.027278,0.41572,0.831039,2.563198,0.11842
3572,1776148717796,39.718064,-458.6423,118.6801,-401.6398,-0.169769,0.766796,-0.601377,0.146792,-0.488616,2.206932,-1.730837,-0.331348,0.02714,0.415759,0.831242,2.562867,0.11907
3573,1776148717807,39.729176,-458.8191,118.8488,-401.6532,-0.169673,0.76676,-0.601434,0.146856,-0.488323,2.20675,-1.73094,-0.331394,0.027059,0.415802,0.831382,2.562787,0.119338
3574,1776148717818,39.740287,-458.7897,118.8199,-401.4404,-0.169709,0.767035,-0.601037,0.147006,-0.488385,2.207354,-1.729651,-0.331453,0.026985,0.41582,0.831495,2.562598,0.119626
3575,1776148717829,39.751398,-458.8173,118.9372,-401.3179,-0.169628,0.766794,-0.601381,0.14695,-0.488165,2.206731,-1.730695,-0.331545,0.026797,0.415908,0.831626,2.562483,0.120275
3576,1776148717840,39.76251,-458.5688,118.9256,-401.2005,-0.16972,0.767046,-0.601022,0.146998,-0.488418,2.207396,-1.729615,-0.3316,0.026728,0.415927,0.831717,2.56225,0.120479
3577,1776148717851,39.773621,-458.5694,119.0462,-401.0274,-0.169492,0.767069,-0.601021,0.147146,-0.487722,2.207279,-1.729468,-0.3317,0.026549,0.41599,0.831846,2.561957,0.120931
3578,1776148717862,39.784732,-458.6123,118.9187,-400.9998,-0.169596,0.767151,-0.600853,0.147283,-0.487984,2.207347,-1.728853,-0.331763,0.026465,0.416002,0.83194,2.561691,0.121225
3579,1776148717873,39.795844,-458.5941,119.0656,-400.9289,-0.169645,0.767357,-0.600589,0.147229,-0.488139,2.208008,-1.728146,-0.331814,0.026378,0.416015,0.831982,2.561491,0.121361
3580,1776148717884,39.806955,-458.5226,118.9851,-400.7425,-0.16979,0.767351,-0.60046,0.147617,-0.488451,2.20751,-1.727399,-0.331922,0.026183,0.416084,0.832051,2.561184,0.121832
3581,1776148717896,39.818066,-458.4856,119.1581,-400.4586,-0.16961,0.767395,-0.600514,0.147382,-0.487997,2.207926,-1.72778,-0.331981,0.026082,0.416118,0.832042,2.561074,0.122014
3582,1776148717907,39.829177,-458.5252,118.9705,-400.295,-0.169705,0.767479,-0.600338,0.14755,-0.488223,2.207958,-1.727113,-0.332115,0.025895,0.416165,0.83219,2.560681,0.122523
3583,1776148717918,39.840289,-458.5136,119.1194,-400.0579,-0.169657,0.767638,-0.600153,0.147526,-0.488093,2.208449,-1.726604,-0.332186,0.025782,0.41617,0.832092,2.560464,0.12271
3584,1776148717929,39.8514,-458.6251,119.2249,-399.9497,-0.169627,0.767603,-0.600166,0.147691,-0.487961,2.208144,-1.726482,-0.332242,0.02569,0.41621,0.832263,2.560295,0.122934
3585,1776148717940,39.862511,-458.6973,119.4539,-399.7351,-0.169659,0.767665,-0.600018,0.147936,-0.487986,2.208019,-1.725819,-0.332395,0.0255,0.416236,0.832364,2.559798,0.123367
3586,1776148717951,39.873622,-458.5528,119.3173,-399.6309,-0.169491,0.767728,-0.600018,0.1478,-0.487541,2.208369,-1.72595,-0.332447,0.025394,0.416272,0.832495,2.559674,0.123636
3587,1776148717962,39.884734,-458.4654,119.35,-399.4258,-0.169642,0.767875,-0.599733,0.14802,-0.487916,2.20852,-1.724918,-0.332571,0.02518,0.416324,0.832555,2.559305,0.124135
3588,1776148717973,39.895845,-458.4771,119.244,-399.2086,-0.169675,0.767941,-0.599627,0.148068,-0.487996,2.208649,-1.724568,-0.332644,0.025076,0.416321,0.832464,2.559025,0.124301
3589,1776148717984,39.906956,-458.5396,119.4918,-398.9446,-0.169633,0.767855,-0.599706,0.148241,-0.487827,2.208189,-1.724627,-0.33271,0.024985,0.416351,0.832618,2.558778,0.124446
3590,1776148717996,39.918067,-458.5912,119.5547,-398.902,-0.16985,0.76796,-0.599407,0.14866,-0.488339,2.207973,-1.723363,-0.332828,0.02478,0.416406,0.832775,2.558379,0.124806
3591,1776148718007,39.929179,-458.4998,119.7429,-398.7185,-0.169818,0.767798,-0.599613,0.148705,-0.488234,2.20745,-1.723912,-0.332898,0.024665,0.416419,0.832685,2.558173,0.124928
3592,1776148718018,39.94029,-458.5729,119.7554,-398.5677,-0.17006,0.768055,-0.599159,0.148929,-0.488869,2.207913,-1.72239,-0.332961,0.024548,0.416443,0.832716,2.55793,0.125154
3593,1776148718029,39.951401,-458.566,119.8807,-398.3859,-0.169821,0.767963,-0.599349,0.148911,-0.488186,2.207671,-1.722954,-0.333086,0.024342,0.416535,0.832928,2.557584,0.125434
3594,1776148718040,39.962512,-458.6138,119.8857,-398.3056,-0.170059,0.768096,-0.599077,0.14905,-0.488833,2.20788,-1.722039,-0.33316,0.024228,0.416558,0.832878,2.557327,0.125651
3595,1776148718051,39.973624,-458.6805,119.823,-398.0033,-0.170121,0.768049,-0.599051,0.149326,-0.488934,2.207406,-1.721697,-0.333296,0.024011,0.416625,0.832869,2.556898,0.125855
3596,1776148718062,39.984735,-458.7087,119.898,-397.8361,-0.170103,0.768396,-0.598712,0.14892,-0.488994,2.208905,-1.721115,-0.333362,0.02389,0.416663,0.832845,2.556703,0.125981
3597,1776148718073,39.995846,-458.651,120.1389,-397.4324,-0.170026,0.768716,-0.598301,0.149009,-0.488748,2.209714,-1.719847,-0.333428,0.023815,0.416676,0.83293,2.556384,0.125951
3598,1776148718084,40.006957,-458.526,120.0123,-397.2473,-0.170212,0.7682,-0.598765,0.14959,-0.489124,2.207513,-1.720623,-0.333574,0.023576,0.416813,0.833086,2.556109,0.12625
3599,1776148718096,40.018069,-458.5905,120.2389,-396.8401,-0.17002,0.768685,-0.598275,0.149276,-0.488659,2.209296,-1.719516,-0.333667,0.023469,0.416833,0.833059,2.555775,0.126385
3600,1776148718107,40.02918,-458.4417,119.9669,-396.8139,-0.170165,0.768336,-0.598643,0.149432,-0.489032,2.208101,-1.720425,-0.333822,0.023218,0.416938,0.833074,2.555413,0.126588
3601,1776148718118,40.040291,-458.5682,120.331,-396.4909,-0.16992,0.768361,-0.598671,0.149471,-0.488319,2.208123,-1.720466,-0.333885,0.023103,0.416992,0.83313,2.555203,0.126724
3602,1776148718129,40.051402,-458.3839,120.1579,-396.3152,-0.170139,0.768723,-0.598104,0.149627,-0.488906,2.208972,-1.718689,-0.333966,0.022999,0.417041,0.833238,2.554968,0.126714
3603,1776148718140,40.062513,-458.416,120.4413,-396.2146,-0.170414,0.76827,-0.598483,0.150129,-0.489557,2.207052,-1.719293,-0.334119,0.022785,0.417144,0.833455,2.554467,0.126878
3604,1776148718151,40.073625,-458.4059,120.3437,-396.1169,-0.170563,0.768747,-0.597844,0.150063,-0.490003,2.208502,-1.717521,-0.3342,0.022644,0.417187,0.833429,2.55423,0.12711
3605,1776148718162,40.084736,-458.4018,120.501,-395.8665,-0.170655,0.768581,-0.597955,0.15037,-0.490184,2.207645,-1.717545,-0.334359,0.022382,0.417256,0.833445,2.553767,0.127283
3606,1776148718173,40.095847,-458.3248,120.523,-395.6242,-0.170387,0.768704,-0.597973,0.14997,-0.489524,2.208494,-1.71798,-0.334428,0.022268,0.417323,0.833569,2.553612,0.12737
3607,1776148718184,40.106958,-458.2648,120.5533,-395.1767,-0.170336,0.768643,-0.598075,0.149932,-0.489387,2.208366,-1.71831,-0.334509,0.02213,0.417365,0.833562,2.553376,0.127415
3608,1776148718196,40.11807,-458.4474,120.5235,-395.3253,-0.170712,0.768698,-0.597788,0.150368,-0.490349,2.207985,-1.717067,-0.334675,0.021896,0.417442,0.833606,2.552899,0.127553
3609,1776148718207,40.129181,-458.5386,120.5723,-395.3178,-0.170468,0.768665,-0.597874,0.150468,-0.48962,2.207768,-1.71722,-0.334761,0.02176,0.41751,0.833635,2.552747,0.127638
3610,1776148718218,40.140292,-458.5483,120.7009,-394.9634,-0.170693,0.76875,-0.597627,0.150764,-0.490186,2.207646,-1.716225,-0.334845,0.021651,0.417554,0.833712,2.552568,0.127655
3611,1776148718229,40.151403,-458.4419,120.734,-394.6818,-0.170613,0.76883,-0.597599,0.150557,-0.49001,2.208131,-1.716344,-0.335011,0.021378,0.417665,0.833815,2.552095,0.127928
3612,1776148718240,40.162515,-458.5607,120.9671,-394.4301,-0.170482,0.768891,-0.597579,0.150473,-0.489657,2.20841,-1.716367,-0.335109,0.021227,0.417725,0.83379,2.551951,0.128109
3613,1776148718251,40.173626,-458.5323,120.832,-394.2257,-0.170434,0.769077,-0.597374,0.150388,-0.489545,2.20905,-1.715861,-0.335275,0.020982,0.417872,0.833925,2.551638,0.128333
3614,1776148718262,40.184737,-458.5833,120.8757,-394.0905,-0.170805,0.769029,-0.597186,0.150963,-0.490452,2.208202,-1.714769,-0.33537,0.020857,0.417931,0.833976,2.551439,0.128495
3615,1776148718273,40.195848,-458.5091,121.1112,-393.7928,-0.170716,0.769008,-0.597208,0.151085,-0.490163,2.20799,-1.714715,-0.335448,0.020717,0.417982,0.833948,2.551226,0.128656
3616,1776148718284,40.206959,-458.337,121.0806,-393.5764,-0.170761,0.769101,-0.597046,0.151199,-0.49026,2.208118,-1.714141,-0.33562,0.020485,0.418076,0.834139,2.550709,0.12894
3617,1776148718296,40.21807,-458.3374,121.4458,-393.2755,-0.170888,0.768877,-0.597185,0.151641,-0.490506,2.206931,-1.714118,-0.335703,0.020328,0.418128,0.834066,2.550532,0.129158
3618,1776148718307,40.229182,-458.2549,121.4193,-393.0263,-0.170852,0.769316,-0.596681,0.151441,-0.490455,2.208437,-1.712861,-0.335855,0.020085,0.41824,0.834137,2.550103,0.129549
3619,1776148718318,40.240293,-458.556,121.4687,-393.0476,-0.171238,0.769101,-0.596726,0.151921,-0.491432,2.207229,-1.712532,-0.335933,0.019958,0.418285,0.834169,2.549896,0.12969
3620,1776148718329,40.251404,-458.5013,121.4646,-392.7236,-0.171206,0.768831,-0.597018,0.152171,-0.491271,2.206148,-1.713134,-0.336021,0.019835,0.418317,0.83416,2.549649,0.129833
3621,1776148718340,40.262515,-458.4759,121.5513,-392.3347,-0.171197,0.769138,-0.596699,0.151885,-0.491325,2.20738,-1.71249,-0.336192,0.019561,0.418389,0.834035,2.549216,0.130368
3622,1776148718351,40.273627,-458.1919,121.5988,-392.402,-0.171275,0.769237,-0.596472,0.152183,-0.491468,2.207297,-1.711553,-0.336273,0.019446,0.418417,0.83411,2.548948,0.130556
3623,1776148718362,40.284738,-458.206,121.6276,-392.0851,-0.171255,0.769667,-0.595966,0.152016,-0.491456,2.208737,-1.71026,-0.33643,0.019179,0.418504,0.834149,2.548477,0.131028
3624,1776148718373,40.295849,-458.1814,121.5841,-391.8103,-0.171279,0.769406,-0.596201,0.15239,-0.491421,2.207526,-1.710579,-0.336508,0.019041,0.418547,0.834163,2.548297,0.13129
3625,1776148718384,40.30696,-458.3026,121.5244,-391.7987,-0.171582,0.769589,-0.595814,0.152637,-0.492224,2.207747,-1.709232,-0.336579,0.018915,0.418583,0.834234,2.548029,0.131502
3626,1776148718396,40.318072,-458.3282,121.5556,-391.6848,-0.171504,0.769542,-0.595871,0.15274,-0.491972,2.207484,-1.709299,-0.336741,0.018665,0.418623,0.834196,2.547442,0.131998
3627,1776148718407,40.329183,-458.2242,121.5997,-391.3947,-0.171319,0.769717,-0.595753,0.152528,-0.491498,2.208249,-1.709161,-0.336813,0.018526,0.418636,0.834184,2.547163,0.132295
3628,1776148718418,40.340294,-458.1755,121.6517,-391.1644,-0.171361,0.769798,-0.595605,0.152648,-0.491587,2.208334,-1.708621,-0.33687,0.018377,0.41871,0.834231,2.547039,0.132548
3629,1776148718429,40.351405,-458.0513,121.6871,-390.8913,-0.171457,0.770024,-0.595258,0.152752,-0.491835,2.208854,-1.707529,-0.337016,0.01812,0.418789,0.834361,2.546595,0.133052
3630,1776148718440,40.362516,-458.0816,121.8309,-390.8017,-0.171272,0.769987,-0.595359,0.152754,-0.491303,2.208746,-1.707816,-0.33709,0.017979,0.418827,0.834324,2.546392,0.133385
3631,1776148718451,40.373628,-457.9873,121.7237,-390.47,-0.171364,0.770194,-0.595052,0.152803,-0.491553,2.209279,-1.706889,-0.337251,0.01774,0.418853,0.834293,2.545791,0.133934
3632,1776148718462,40.384739,-457.9571,121.6768,-390.1745,-0.171608,0.770107,-0.595045,0.152996,-0.492199,2.208791,-1.706684,-0.337331,0.017607,0.418861,0.834194,2.545522,0.134218
3633,1776148718473,40.39585,-457.9714,121.7711,-389.9661,-0.171832,0.770308,-0.594658,0.153239,-0.492776,2.209067,-1.705343,-0.337415,0.017473,0.418865,0.834147,2.545206,0.134505
3634,1776148718484,40.406961,-457.9544,121.9767,-389.7882,-0.171646,0.770341,-0.594665,0.153252,-0.492238,2.209148,-1.705351,-0.337537,0.017232,0.41896,0.834227,2.544782,0.135032
3635,1776148718496,40.418072,-458.0559,121.8181,-389.695,-0.17156,0.770382,-0.594652,0.153195,-0.492008,2.209334,-1.705368,-0.337619,0.017113,0.418972,0.834189,2.544492,0.13531
3636,1776148718507,40.429184,-458.146,121.9301,-389.4895,-0.171877,0.770676,-0.594166,0.153244,-0.492903,2.210118,-1.703928,-0.337775,0.016857,0.419017,0.834053,2.543899,0.135873
3637,1776148718518,40.440295,-458.0851,121.9975,-389.4622,-0.171752,0.770821,-0.59401,0.153261,-0.492541,2.210512,-1.703466,-0.337837,0.016719,0.419059,0.833971,2.543698,0.136093
3638,1776148718529,40.451406,-458.164,122.0967,-389.2647,-0.172145,0.770918,-0.593681,0.153606,-0.493571,2.210366,-1.702195,-0.337904,0.016616,0.419112,0.833991,2.54346,0.136348
3639,1776148718540,40.462518,-458.0818,122.117,-388.9194,-0.172374,0.770911,-0.593512,0.154033,-0.494112,2.209822,-1.701306,-0.338038,0.016359,0.419187,0.833818,2.542891,0.136871
3640,1776148718551,40.473629,-458.0277,122.0999,-388.7545,-0.172312,0.771023,-0.593436,0.153834,-0.493988,2.210387,-1.701277,-0.338122,0.016227,0.419223,0.833675,2.542609,0.137161
3641,1776148718562,40.48474,-458.0048,122.3359,-388.3832,-0.172637,0.770998,-0.593247,0.154329,-0.494784,2.209704,-1.700264,-0.338261,0.015988,0.419309,0.833637,2.542028,0.137809
3642,1776148718573,40.495851,-457.9652,122.5827,-388.1482,-0.172577,0.771181,-0.593024,0.15434,-0.494609,2.210215,-1.699615,-0.338316,0.015881,0.419358,0.833692,2.541781,0.138058
3643,1776148718584,40.506962,-458.0209,122.3757,-387.9091,-0.172642,0.771274,-0.592892,0.154308,-0.494804,2.210521,-1.699267,-0.338382,0.015744,0.419428,0.833573,2.541574,0.138383
3644,1776148718596,40.518074,-458.06,122.3978,-387.7181,-0.172675,0.771284,-0.59288,0.154266,-0.49491,2.210602,-1.699275,-0.338539,0.015483,0.419474,0.83336,2.54089,0.139043
3645,1776148718607,40.529185,-458.127,122.3478,-387.4808,-0.172747,0.771434,-0.592641,0.15435,-0.495093,2.21093,-1.698509,-0.338607,0.015363,0.419524,0.83331,2.540658,0.139444
3646,1776148718618,40.540296,-458.0003,122.3943,-387.4634,-0.172711,0.771337,-0.592719,0.154577,-0.494927,2.210371,-1.698518,-0.338677,0.015243,0.419564,0.833258,2.540396,0.139798
3647,1776148718629,40.551407,-457.8754,122.5866,-387.059,-0.172865,0.771586,-0.592346,0.154592,-0.495365,2.211068,-1.697434,-0.338814,0.015006,0.419655,0.833115,2.539869,0.140502
3648,1776148718640,40.562519,-457.8149,122.7124,-386.9518,-0.173213,0.771537,-0.592236,0.154866,-0.496286,2.210591,-1.696862,-0.33889,0.014876,0.419689,0.83291,2.539616,0.140781
3649,1776148718651,40.57363,-457.9693,122.6546,-386.9424,-0.17347,0.77241,-0.591045,0.154784,-0.497045,2.213191,-1.693524,-0.33904,0.014624,0.419758,0.832641,2.539025,0.141625
3650,1776148718662,40.584741,-458.0408,122.6762,-386.5407,-0.173323,0.77225,-0.591264,0.15491,-0.496588,2.212578,-1.694033,-0.33911,0.014511,0.419805,0.832563,2.538755,0.141973
3651,1776148718673,40.595853,-457.9825,122.7606,-386.4734,-0.173617,0.772609,-0.590672,0.155045,-0.497393,2.213442,-1.692211,-0.339176,0.014365,0.419855,0.832406,2.538503,0.14253
3652,1776148718684,40.606964,-457.9182,122.5673,-386.1143,-0.173393,0.772595,-0.590859,0.154654,-0.496861,2.21388,-1.693114,-0.339326,0.014107,0.419917,0.832098,2.537874,0.143385
3653,1776148718696,40.618075,-457.6747,122.4151,-385.5508,-0.173632,0.772312,-0.591038,0.155114,-0.497418,2.212504,-1.693195,-0.339403,0.013975,0.419958,0.831903,2.537575,0.143797
3654,1776148718707,40.629186,-457.5787,122.5912,-385.4099,-0.173733,0.772704,-0.590522,0.155014,-0.497735,2.213751,-1.69181,-0.339465,0.013845,0.420008,0.831754,2.537301,0.144262
3655,1776148718718,40.640297,-457.7118,122.5502,-385.3408,-0.173868,0.772944,-0.590179,0.154975,-0.498132,2.214486,-1.690863,-0.339615,0.013586,0.420075,0.831292,2.53667,0.145231
3656,1776148718729,40.651409,-457.6978,122.5852,-385.4163,-0.173786,0.772954,-0.590162,0.155076,-0.49787,2.214391,-1.690721,-0.33969,0.013488,0.420132,0.831234,2.536364,0.145673
3657,1776148718740,40.66252,-457.6734,122.7354,-385.2582,-0.174015,0.773384,-0.589509,0.155165,-0.498499,2.215511,-1.688765,-0.339824,0.013236,0.42023,0.830918,2.535759,0.146675
3658,1776148718751,40.673631,-457.6383,122.9083,-385.0831,-0.174365,0.773585,-0.589117,0.155256,-0.499477,2.215977,-1.687557,-0.339884,0.013107,0.420276,0.830729,2.535456,0.147154
3659,1776148718762,40.684743,-457.6938,123.0784,-384.9006,-0.17429,0.773381,-0.589293,0.155689,-0.499144,2.214858,-1.687655,-0.340041,0.012871,0.420379,0.830388,2.534786,0.14812
3660,1776148718773,40.695854,-457.8108,123.3276,-384.9439,-0.174856,0.773811,-0.58852,0.15584,-0.50072,2.215904,-1.6853,-0.340114,0.012761,0.420432,0.830275,2.534458,0.148596
3661,1776148718784,40.706965,-457.7752,123.2538,-384.3793,-0.174667,0.773862,-0.588582,0.155566,-0.500256,2.216386,-1.685734,-0.340196,0.01265,0.420472,0.830057,2.534072,0.149071
3662,1776148718796,40.718076,-457.5407,123.117,-383.9883,-0.174708,0.773957,-0.58839,0.15577,-0.500317,2.216408,-1.684994,-0.340348,0.012407,0.420581,0.829679,2.533429,0.150194
3663,1776148718807,40.729188,-457.6366,123.2528,-383.7143,-0.175059,0.774364,-0.587753,0.155764,-0.501323,2.21758,-1.683173,-0.340426,0.01228,0.420619,0.829397,2.533057,0.150737
3664,1776148718818,40.740299,-457.5497,123.3001,-383.6458,-0.175408,0.774656,-0.587204,0.155985,-0.502263,2.218145,-1.681396,-0.340496,0.012154,0.420685,0.82924,2.53277,0.151315
3665,1776148718829,40.75141,-457.5549,123.5376,-383.5221,-0.175217,0.774681,-0.587227,0.155989,-0.501714,2.218213,-1.681457,-0.340639,0.011913,0.420765,0.828725,2.531988,0.152502
3666,1776148718840,40.762521,-457.6161,123.7387,-383.5352,-0.175748,0.774826,-0.586768,0.1564,-0.503121,2.218118,-1.679759,-0.340704,0.01181,0.420819,0.828529,2.531623,0.153086
3667,1776148718851,40.773632,-457.5375,123.6131,-383.1998,-0.175477,0.77499,-0.586754,0.155944,-0.502472,2.219151,-1.680145,-0.340839,0.011571,0.420905,0.828043,2.530873,0.15433
3668,1776148718862,40.784743,-457.5449,123.773,-383.0656,-0.175638,0.775326,-0.586251,0.155985,-0.502919,2.220062,-1.678666,-0.3409,0.011459,0.420965,0.827858,2.530514,0.15496
3669,1776148718873,40.795855,-457.5537,123.9322,-382.6975,-0.175835,0.775468,-0.585946,0.156202,-0.503425,2.220202,-1.67759,-0.340972,0.011351,0.420996,0.827619,2.530001,0.155563
3670,1776148718884,40.806966,-457.6639,124.0844,-382.5942,-0.176164,0.775908,-0.585187,0.15649,-0.504286,2.221107,-1.675149,-0.341107,0.01111,0.42109,0.827087,2.529268,0.156857
3671,1776148718896,40.818077,-457.5593,123.9794,-382.4247,-0.176148,0.77609,-0.584995,0.156322,-0.504286,2.221835,-1.674758,-0.341169,0.010985,0.421159,0.826886,2.528954,0.15751
3672,1776148718907,40.829189,-457.5278,123.8652,-382.374,-0.176094,0.776015,-0.585065,0.156494,-0.504084,2.221408,-1.674796,-0.341313,0.010765,0.42123,0.826463,2.528055,0.158864
3673,1776148718918,40.8403,-457.4414,124.2313,-382.0866,-0.176493,0.776552,-0.584201,0.156612,-0.505194,2.222797,-1.672213,-0.341367,0.010661,0.421301,0.82636,2.527726,0.159611
3674,1776148718929,40.851411,-457.3608,124.0048,-382.0481,-0.176677,0.776718,-0.583828,0.156967,-0.50562,2.222836,-1.670818,-0.341424,0.010529,0.421382,0.826127,2.527449,0.160423
3675,1776148718940,40.862522,-457.3299,124.1402,-381.9029,-0.17652,0.77701,-0.5836,0.156546,-0.505288,2.224193,-1.670556,-0.341558,0.010309,0.421453,0.825756,2.526566,0.161971
3676,1776148718951,40.873633,-457.2242,124.2099,-381.6664,-0.17685,0.777098,-0.583251,0.157037,-0.506096,2.223838,-1.669101,-0.341635,0.010194,0.421479,0.825457,2.526111,0.162734
3677,1776148718962,40.884745,-457.2821,124.4084,-381.4889,-0.17678,0.777579,-0.582686,0.156831,-0.505954,2.225468,-1.667676,-0.341761,0.009965,0.421554,0.824958,2.525245,0.164408
3678,1776148718973,40.895856,-457.2288,124.5605,-381.2888,-0.177012,0.777908,-0.582093,0.157147,-0.506528,2.226017,-1.665684,-0.341832,0.009862,0.421605,0.824807,2.52482,0.165317
3679,1776148718984,40.906967,-457.3467,124.6291,-381.1385,-0.177076,0.778288,-0.581562,0.157155,-0.506709,2.227095,-1.664159,-0.341904,0.009762,0.421658,0.82461,2.524427,0.166179
3680,1776148718996,40.918079,-457.3856,124.8062,-380.7045,-0.177089,0.778459,-0.581288,0.157306,-0.506703,2.227398,-1.663234,-0.342021,0.00957,0.421761,0.824356,2.523529,0.168003
3681,1776148719007,40.92919,-457.2676,124.5991,-380.5649,-0.17728,0.778646,-0.580871,0.157708,-0.507137,2.227435,-1.66167,-0.342102,0.009468,0.421771,0.824146,2.52299,0.168963
3682,1776148719018,40.940301,-457.164,124.6267,-380.2341,-0.177362,0.779074,-0.580277,0.157684,-0.507378,2.228691,-1.659994,-0.342173,0.009363,0.421828,0.823944,2.52261,0.169921
3683,1776148719029,40.951412,-457.2164,124.5154,-380.2502,-0.177368,0.779348,-0.579899,0.157719,-0.507385,2.229431,-1.658879,-0.34231,0.009166,0.421895,0.823736,2.52164,0.171796
3684,1776148719040,40.962524,-457.2713,124.5362,-379.89,-0.17762,0.779736,-0.579278,0.157797,-0.508085,2.230442,-1.657032,-0.342375,0.009039,0.421945,0.823489,2.521232,0.172761
3685,1776148719051,40.973635,-457.3685,124.6348,-379.7293,-0.177444,0.78008,-0.578925,0.157591,-0.50764,2.231682,-1.656211,-0.342517,0.008814,0.421999,0.823017,2.52034,0.174731
3686,1776148719062,40.984746,-457.4171,124.8755,-379.5786,-0.177647,0.780174,-0.578622,0.158007,-0.508101,2.231438,-1.654963,-0.342588,0.008716,0.422041,0.822936,2.519897,0.175723
3687,1776148719073,40.995857,-457.3286,124.8173,-379.3581,-0.177725,0.780456,-0.578177,0.158154,-0.508285,2.232062,-1.653555,-0.342651,0.008595,0.42209,0.822698,2.519532,0.176764
3688,1776148719084,41.006969,-457.2762,124.886,-379.2171,-0.177689,0.781077,-0.577394,0.157995,-0.508225,2.234034,-1.65146,-0.342796,0.008376,0.422149,0.822344,2.518675,0.178878
3689,1776148719096,41.01808,-457.1106,124.722,-379.0813,-0.177976,0.781612,-0.576567,0.158041,-0.509033,2.235509,-1.649054,-0.34286,0.00828,0.422174,0.822292,2.518181,0.179962
3690,1776148719107,41.029191,-457.1932,124.754,-378.9355,-0.177863,0.781813,-0.576353,0.157958,-0.508733,2.236184,-1.648517,-0.343015,0.008069,0.422217,0.821906,2.517301,0.18217
3691,1776148719118,41.040302,-457.149,124.8627,-378.7681,-0.178108,0.782169,-0.575656,0.158461,-0.509293,2.236578,-1.646065,-0.343078,0.007953,0.422246,0.821725,2.516897,0.183358
3692,1776148719129,41.051414,-457.2498,124.9355,-378.5602,-0.177897,0.782572,-0.575285,0.158055,-0.508804,2.238235,-1.645374,-0.343147,0.007851,0.422286,0.821597,2.516515,0.184511
3693,1776148719140,41.062525,-457.1897,124.9403,-378.2367,-0.178057,0.782916,-0.574643,0.158507,-0.509134,2.238658,-1.643125,-0.343264,0.007649,0.422361,0.821411,2.515797,0.186838
3694,1776148719151,41.073636,-457.2747,124.6185,-377.9246,-0.178066,0.783339,-0.574062,0.158509,-0.509159,2.239865,-1.641463,-0.343337,0.007554,0.422363,0.821326,2.515324,0.188103
3695,1776148719162,41.084747,-457.2508,124.8389,-377.6374,-0.178104,0.783844,-0.57336,0.158512,-0.509267,2.241305,-1.639453,-0.343473,0.007372,0.422393,0.821161,2.514449,0.190643
3696,1776148719173,41.095858,-457.2649,124.7373,-377.6721,-0.177959,0.784253,-0.572905,0.158297,-0.508914,2.242743,-1.638347,-0.343521,0.007278,0.422421,0.821027,2.514085,0.191859
3697,1776148719184,41.10697,-457.1889,124.7474,-377.5688,-0.177853,0.784623,-0.572497,0.158056,-0.508678,2.244101,-1.637399,-0.343577,0.007196,0.422425,0.820881,2.51367,0.193068
3698,1776148719196,41.118081,-457.3474,124.9201,-377.5772,-0.178002,0.784912,-0.571886,0.158664,-0.50893,2.24417,-1.6351,-0.343709,0.007005,0.422439,0.820664,2.512758,0.1957
3699,1776148719207,41.129192,-457.2191,124.8016,-377.4735,-0.178069,0.785262,-0.571361,0.158747,-0.5091,2.245068,-1.633524,-0.343784,0.006907,0.422428,0.820457,2.512242,0.19696
3700,1776148719218,41.140303,-457.0941,124.9337,-377.2916,-0.178231,0.785731,-0.57062,0.158914,-0.509516,2.2462,-1.631255,-0.34385,0.006827,0.422441,0.820371,2.511776,0.198244
3701,1776148719229,41.151415,-457.1329,125.0254,-377.2635,-0.177738,0.786122,-0.570344,0.158525,-0.508216,2.247802,-1.630816,-0.343955,0.006638,0.422493,0.820248,2.511042,0.201013
3702,1776148719240,41.162526,-457.136,125.0881,-376.966,-0.178131,0.786532,-0.569602,0.158715,-0.509287,2.248737,-1.628524,-0.344006,0.006527,0.422531,0.820181,2.510736,0.202433
3703,1776148719251,41.173637,-457.0979,124.8194,-376.927,-0.177847,0.786814,-0.569219,0.15901,-0.508391,2.249175,-1.627163,-0.344112,0.006386,0.42255,0.820199,2.509874,0.205215
3704,1776148719262,41.184748,-457.0754,124.8806,-376.8777,-0.177599,0.788096,-0.567862,0.157786,-0.508028,2.25437,-1.624385,-0.344151,0.006291,0.422578,0.820113,2.509542,0.206655
3705,1776148719273,41.19586,-457.2112,125.031,-376.5373,-0.177303,0.78823,-0.567643,0.158238,-0.507052,2.254189,-1.623353,-0.344212,0.006238,0.422581,0.82009,2.509084,0.208038
3706,1776148719284,41.206971,-457.154,125.1291,-376.5545,-0.17772,0.788754,-0.566744,0.158378,-0.508208,2.255514,-1.620655,-0.344304,0.006058,0.422621,0.819932,2.508345,0.211021
3707,1776148719296,41.218082,-457.0308,125.2343,-376.0027,-0.177707,0.78902,-0.566267,0.158772,-0.508058,2.255781,-1.618938,-0.344329,0.005978,0.422659,0.819982,2.508034,0.212558
3708,1776148719307,41.229193,-457.089,125.1588,-375.893,-0.177111,0.789659,-0.565755,0.158091,-0.506544,2.258459,-1.618083,-0.344395,0.005822,0.422717,0.82,2.507403,0.215588
3709,1776148719318,41.240304,-456.9188,125.2323,-375.8391,-0.176835,0.790248,-0.565075,0.157887,-0.505812,2.260401,-1.616322,-0.344422,0.005754,0.422755,0.820074,2.507079,0.217123
3710,1776148719329,41.251416,-456.9413,125.2848,-375.7275,-0.176667,0.790653,-0.564613,0.157698,-0.505386,2.261798,-1.615171,-0.344456,0.005675,0.422772,0.820052,2.506738,0.218713
3711,1776148719340,41.262527,-456.8621,125.4009,-375.5481,-0.176439,0.791066,-0.564106,0.157696,-0.504735,2.262981,-1.613723,-0.344534,0.005549,0.422813,0.820059,2.505986,0.221905
3712,1776148719351,41.273638,-456.9912,124.8989,-375.5866,-0.176197,0.791631,-0.563414,0.157606,-0.504068,2.264711,-1.611822,-0.344575,0.005489,0.422836,0.820025,2.50561,0.223497
3713,1776148719362,41.28475,-456.9334,125.6556,-375.3943,-0.176981,0.791586,-0.562908,0.158755,-0.505986,2.263138,-1.60935,-0.344637,0.00535,0.422936,0.820096,2.505032,0.226859
3714,1776148719373,41.295861,-456.9255,125.7504,-375.5361,-0.176573,0.792334,-0.56206,0.158487,-0.504896,2.265612,-1.607164,-0.344663,0.00529,0.422975,0.820088,2.504736,0.228552
3715,1776148719384,41.306972,-456.8575,125.6849,-375.5031,-0.176239,0.792541,-0.561855,0.158546,-0.503925,2.266131,-1.606526,-0.344711,0.005243,0.423011,0.820108,2.504394,0.230243
3716,1776148719396,41.318083,-456.7757,125.2787,-375.3118,-0.175858,0.794405,-0.559711,0.157221,-0.503204,2.273133,-1.601571,-0.344779,0.005155,0.423091,0.820372,2.503795,0.23365
3717,1776148719407,41.329194,-456.8957,125.6577,-375.5297,-0.175484,0.795199,-0.558743,0.157067,-0.502177,2.275599,-1.598939,-0.344811,0.005096,0.423111,0.820466,2.503438,0.235388
3718,1776148719418,41.340306,-456.8468,125.7356,-375.317,-0.175658,0.795605,-0.558031,0.15735,-0.502595,2.276401,-1.59665,-0.344846,0.005046,0.423125,0.820506,2.503125,0.237069
3719,1776148719429,41.351417,-456.7766,125.6819,-375.5795,-0.174918,0.79599,-0.557854,0.156854,-0.500616,2.27813,-1.596584,-0.34491,0.004941,0.423174,0.820748,2.502547,0.2406
3720,1776148719440,41.362528,-456.5368,125.5343,-375.2901,-0.174752,0.796298,-0.557375,0.15718,-0.50005,2.278599,-1.594924,-0.344951,0.004897,0.42319,0.820884,2.502243,0.242348
3721,1776148719451,41.373639,-456.5938,125.642,-374.6637,-0.174372,0.796505,-0.557193,0.157197,-0.498958,2.279169,-1.594389,-0.345004,0.004785,0.423256,0.821226,2.501774,0.246066
3722,1776148719462,41.38475,-456.8018,125.6567,-374.805,-0.174333,0.797493,-0.555767,0.157277,-0.498826,2.281897,-1.590238,-0.345047,0.004755,0.423277,0.821422,2.501525,0.247882
3723,1776148719473,41.395861,-456.8318,125.8945,-374.6778,-0.174538,0.797118,-0.555947,0.158312,-0.499126,2.279513,-1.589838,-0.34508,0.004698,0.423277,0.821545,2.501279,0.249733
3724,1776148719484,41.406973,-456.7212,125.603,-374.5588,-0.17406,0.797718,-0.555341,0.157942,-0.49786,2.281697,-1.588432,-0.345147,0.004583,0.423329,0.821859,2.500868,0.253552
3725,1776148719496,41.418084,-456.8701,125.6619,-374.6132,-0.173175,0.798496,-0.554784,0.156936,-0.495607,2.2852,-1.587723,-0.34519,0.004539,0.423328,0.822036,2.500597,0.255471
3726,1776148719507,41.429195,-457.0409,125.9306,-374.278,-0.173026,0.799286,-0.553606,0.157241,-0.495096,2.287072,-1.584085,-0.345247,0.004447,0.42339,0.822454,2.500332,0.259268
3727,1776148719518,41.440306,-457.0614,126.0538,-374.1825,-0.172537,0.800109,-0.552666,0.156895,-0.493793,2.289869,-1.5817,-0.345285,0.004403,0.423414,0.822624,2.500169,0.261178
3728,1776148719529,41.451418,-457.0511,125.9756,-374.1322,-0.172038,0.800475,-0.55238,0.156586,-0.492448,2.291309,-1.581151,-0.345318,0.004369,0.423421,0.82287,2.499989,0.263156
3729,1776148719540,41.462529,-457.0204,126.3575,-373.9989,-0.171935,0.801066,-0.551498,0.156787,-0.492097,2.292743,-1.578452,-0.345386,0.004299,0.423448,0.823325,2.49965,0.267039
3730,1776148719551,41.47364,-456.7605,126.124,-373.93,-0.171447,0.801692,-0.550757,0.156723,-0.49072,2.294618,-1.576388,-0.345429,0.004277,0.423467,0.823591,2.499486,0.268983
3731,1776148719562,41.484752,-456.8366,126.0012,-373.7945,-0.171071,0.802697,-0.549631,0.155944,-0.489854,2.29849,-1.573845,-0.345477,0.004185,0.423511,0.824052,2.4993,0.273064
3732,1776148719573,41.495863,-456.8225,125.9006,-373.6845,-0.170619,0.80303,-0.549226,0.15615,-0.488506,2.29918,-1.572506,-0.345513,0.004161,0.423516,0.824309,2.499147,0.275119
3733,1776148719584,41.506974,-456.8747,126.078,-373.7383,-0.17034,0.803528,-0.548593,0.156121,-0.487713,2.300642,-1.570719,-0.345556,0.00411,0.423501,0.824424,2.498959,0.277184
3734,1776148719596,41.518085,-457.0347,126.3182,-373.6744,-0.170077,0.804174,-0.547761,0.156,-0.486992,2.302649,-1.568442,-0.345601,0.004067,0.423536,0.825141,2.498783,0.281209
3735,1776148719607,41.529197,-456.8984,126.3445,-373.3296,-0.169032,0.805435,-0.546528,0.154952,-0.484283,2.307603,-1.565822,-0.345651,0.004057,0.423569,0.825527,2.498743,0.283275
3736,1776148719618,41.540308,-456.9774,126.2453,-373.348,-0.16863,0.806503,-0.545215,0.154457,-0.483263,2.3113,-1.562493,-0.345671,0.004006,0.423593,0.825746,2.498688,0.285395
3737,1776148719629,41.551419,-456.85,125.7822,-373.1532,-0.16812,0.806625,-0.545233,0.154314,-0.481842,2.311835,-1.562668,-0.345744,0.003936,0.42362,0.826383,2.498598,0.289586
3738,1776148719640,41.56253,-456.874,126.2578,-372.9133,-0.167468,0.806955,-0.54492,0.154404,-0.479948,2.312662,-1.561694,-0.345777,0.003919,0.423638,0.82684,2.498536,0.291701
3739,1776148719651,41.573641,-456.7278,126.062,-373.0256,-0.167069,0.807841,-0.543831,0.154044,-0.478901,2.315665,-1.558885,-0.345827,0.003827,0.423684,0.827578,2.498587,0.296035
3740,1776148719662,41.584753,-456.741,126.2157,-372.9344,-0.166509,0.807997,-0.543681,0.15436,-0.477213,2.315706,-1.558179,-0.345848,0.003813,0.423725,0.828069,2.498636,0.298157
3741,1776148719673,41.595864,-456.9413,126.2605,-372.9651,-0.166064,0.808803,-0.542728,0.153969,-0.476041,2.318522,-1.555788,-0.345861,0.003771,0.423752,0.828466,2.498681,0.300367
3742,1776148719684,41.606975,-456.9962,126.1267,-373.0432,-0.165582,0.809697,-0.541701,0.153402,-0.474809,2.321818,-1.553336,-0.34591,0.003712,0.423782,0.829273,2.498745,0.304752
3743,1776148719696,41.618086,-456.8269,126.0597,-373.4421,-0.164788,0.810265,-0.541135,0.153261,-0.472568,2.323628,-1.551833,-0.345916,0.00369,0.423825,0.829803,2.498863,0.306983
3744,1776148719707,41.629198,-456.7234,126.3731,-373.0529,-0.164238,0.811071,-0.540225,0.152794,-0.471114,2.326545,-1.549628,-0.345956,0.003599,0.423871,0.830645,2.499025,0.311547
3745,1776148719718,41.640309,-456.7827,126.3636,-372.9878,-0.163696,0.811445,-0.539745,0.153091,-0.469482,2.327231,-1.547993,-0.34597,0.003579,0.423916,0.831167,2.499182,0.3138
3746,1776148719729,41.65142,-456.8129,126.5521,-372.6609,-0.16321,0.812314,-0.538765,0.152449,-0.468256,2.330559,-1.545736,-0.345999,0.003529,0.423895,0.831532,2.499137,0.316057
3747,1776148719740,41.662531,-456.8939,126.3513,-372.7678,-0.162124,0.812618,-0.53868,0.15229,-0.465182,2.331637,-1.545629,-0.346056,0.003458,0.423971,0.832571,2.499379,0.32065
3748,1776148719751,41.673643,-456.8014,126.6666,-372.69,-0.161706,0.813175,-0.537964,0.152291,-0.463981,2.333234,-1.543575,-0.346067,0.003415,0.424006,0.833106,2.499531,0.322855
3749,1776148719762,41.684754,-456.648,126.4531,-372.6075,-0.160862,0.813953,-0.537208,0.151696,-0.461714,2.336242,-1.541915,-0.346099,0.003302,0.424068,0.834063,2.499802,0.327506
3750,1776148719773,41.695865,-456.3337,126.0535,-372.3351,-0.16052,0.814869,-0.535965,0.151539,-0.460771,2.339075,-1.538482,-0.346128,0.003242,0.424068,0.834469,2.499864,0.329869
3751,1776148719784,41.706976,-456.4352,126.1256,-372.277,-0.159803,0.814831,-0.536114,0.151969,-0.458602,2.338406,-1.538543,-0.346147,0.003216,0.424082,0.834983,2.499967,0.332113
3752,1776148719796,41.718087,-456.3878,126.1327,-372.0725,-0.159029,0.815884,-0.535027,0.15096,-0.45664,2.342746,-1.536288,-0.346184,0.003142,0.42414,0.836039,2.500246,0.336676
3753,1776148719807,41.729199,-456.2746,125.9996,-372.1703,-0.158498,0.816837,-0.533836,0.150583,-0.455209,2.345975,-1.533191,-0.346201,0.003086,0.424159,0.836474,2.500387,0.338958
3754,1776148719818,41.74031,-456.3876,126.0147,-372.0118,-0.157471,0.817252,-0.533692,0.149918,-0.45243,2.348041,-1.533346,-0.346219,0.003053,0.424179,0.837005,2.500537,0.341171
3755,1776148719829,41.751421,-456.4156,126.0551,-372.1628,-0.157094,0.817998,-0.5327,0.149769,-0.451384,2.350381,-1.530625,-0.346267,0.002973,0.424179,0.837947,2.500675,0.345627
3756,1776148719840,41.762533,-456.5781,126.378,-371.9296,-0.156887,0.818881,-0.531296,0.150152,-0.450693,2.352413,-1.526262,-0.346282,0.002947,0.424211,0.838494,2.500799,0.347873
3757,1776148719851,41.773644,-456.4863,126.2584,-371.9504,-0.155632,0.819206,-0.531447,0.149147,-0.447337,2.354669,-1.527553,-0.346307,0.002861,0.42426,0.839559,2.501096,0.352341
3758,1776148719862,41.784755,-456.5651,126.2722,-371.7072,-0.154731,0.819945,-0.530825,0.148234,-0.444977,2.357997,-1.526547,-0.346326,0.002818,0.424276,0.840047,2.501284,0.354671
3759,1776148719873,41.795867,-456.4861,126.6434,-371.5111,-0.155141,0.820508,-0.529428,0.149676,-0.445793,2.357715,-1.521302,-0.34636,0.002792,0.424253,0.840508,2.501269,0.356867
3760,1776148719884,41.806978,-456.5385,126.4244,-371.5375,-0.153837,0.820964,-0.529458,0.148413,-0.44236,2.36069,-1.522462,-0.346414,0.002715,0.424267,0.841409,2.501497,0.361352
3761,1776148719896,41.818089,-456.3996,127.01,-371.4868,-0.152997,0.822071,-0.52824,0.147495,-0.440172,2.365088,-1.51974,-0.346434,0.002684,0.424289,0.841997,2.501641,0.363594
3762,1776148719907,41.829201,-456.4847,126.7642,-371.5627,-0.153107,0.822605,-0.527112,0.148432,-0.440255,2.365385,-1.515701,-0.346487,0.002653,0.424329,0.843055,2.501921,0.367735
3763,1776148719918,41.840312,-456.6747,126.5179,-371.4793,-0.152144,0.823109,-0.526809,0.147707,-0.437663,2.367793,-1.515443,-0.346507,0.002605,0.424335,0.843472,2.502037,0.369881
3764,1776148719929,41.851423,-456.5279,126.4443,-371.3034,-0.15125,0.823357,-0.526828,0.147168,-0.435223,2.369223,-1.515956,-0.346546,0.002561,0.424333,0.84388,2.502161,0.371964
3765,1776148719940,41.862534,-456.4271,126.9368,-371.1138,-0.150546,0.824092,-0.526007,0.146715,-0.43331,2.371939,-1.513976,-0.346604,0.002456,0.424383,0.844734,2.5025,0.37619
3766,1776148719951,41.873645,-456.3445,126.8481,-371.2758,-0.150041,0.824803,-0.525148,0.146312,-0.431952,2.374523,-1.511846,-0.346612,0.002423,0.424435,0.845343,2.502684,0.378184
3767,1776148719962,41.884757,-456.3653,126.8008,-371.2565,-0.149579,0.82476,-0.525196,0.146853,-0.430492,2.37368,-1.511526,-0.346701,0.002352,0.424433,0.846098,2.502835,0.382107
3768,1776148719973,41.895868,-456.4554,126.7216,-371.1684,-0.149247,0.825419,-0.524331,0.146578,-0.429604,2.375942,-1.509271,-0.346748,0.002317,0.42443,0.846472,2.502857,0.384092
3769,1776148719984,41.906979,-456.4441,126.8245,-371.0536,-0.148706,0.826073,-0.523597,0.146072,-0.428166,2.378498,-1.507583,-0.346789,0.002263,0.424429,0.846827,2.502958,0.386026
3770,1776148719996,41.91809,-456.4126,126.6752,-370.7328,-0.148268,0.826439,-0.523159,0.146011,-0.426919,2.379634,-1.506375,-0.346871,0.002169,0.424421,0.847436,2.503091,0.389739
3771,1776148720007,41.929201,-456.4249,126.7517,-370.7616,-0.147557,0.827,-0.522647,0.145391,-0.42502,2.382076,-1.505424,-0.346907,0.002122,0.424447,0.847767,2.503292,0.391619
3772,1776148720018,41.940313,-456.5482,126.7286,-370.587,-0.147231,0.827531,-0.521927,0.145284,-0.424107,2.383749,-1.503439,-0.346957,0.002099,0.424427,0.848101,2.503306,0.3934
3773,1776148720029,41.951424,-456.4225,126.6714,-370.5056,-0.14652,0.827891,-0.521661,0.144909,-0.422148,2.385286,-1.50299,-0.347054,0.001972,0.424446,0.848602,2.503636,0.397074
3774,1776148720040,41.962535,-456.5868,126.6794,-370.2409,-0.146562,0.828517,-0.520646,0.144936,-0.422263,2.387057,-1.500043,-0.347118,0.001916,0.424425,0.848748,2.503691,0.398935
3775,1776148720051,41.973646,-456.5343,126.4841,-370.1511,-0.1453,0.829291,-0.520196,0.143391,-0.41899,2.391357,-1.500046,-0.347232,0.001769,0.424419,0.849058,2.503962,0.402509
3776,1776148720062,41.984758,-456.4071,126.8007,-369.9957,-0.145575,0.829447,-0.519725,0.143915,-0.419658,2.391105,-1.498247,-0.347282,0.001693,0.42443,0.849181,2.50413,0.404232
3777,1776148720073,41.995869,-456.338,126.6855,-369.777,-0.145229,0.830009,-0.518938,0.143867,-0.418672,2.392789,-1.496018,-0.347337,0.001644,0.424429,0.849383,2.504245,0.405767
3778,1776148720084,42.00698,-456.3789,126.6404,-369.6913,-0.144914,0.830338,-0.518535,0.143735,-0.417796,2.393915,-1.494967,-0.347449,0.00149,0.424456,0.849683,2.504553,0.409024
3779,1776148720096,42.018091,-456.4384,126.47,-369.4435,-0.144184,0.830632,-0.518565,0.142663,-0.41594,2.396205,-1.495955,-0.347509,0.001431,0.424449,0.849753,2.504681,0.410471
3780,1776148720107,42.029203,-456.4768,126.6379,-369.2661,-0.144032,0.831001,-0.517932,0.142964,-0.415432,2.396864,-1.493877,-0.347642,0.001287,0.424433,0.849947,2.504831,0.413487
3781,1776148720118,42.040314,-456.6915,126.9421,-369.088,-0.144394,0.832264,-0.515776,0.143045,-0.416459,2.400398,-1.487591,-0.347707,0.001242,0.424452,0.850002,2.504918,0.414946
3782,1776148720129,42.051425,-456.7068,126.6553,-368.6322,-0.143727,0.832415,-0.515893,0.142417,-0.41468,2.40168,-1.488452,-0.347744,0.001146,0.424499,0.850221,2.505163,0.416345
3783,1776148720140,42.062536,-456.5061,127.0548,-368.76,-0.143402,0.832957,-0.515236,0.141955,-0.413851,2.403868,-1.486942,-0.347857,0.000999,0.424569,0.85031,2.505525,0.419216
3784,1776148720151,42.073647,-456.4875,126.797,-368.4549,-0.143247,0.832939,-0.515302,0.141975,-0.413397,2.403791,-1.487117,-0.347906,0.000924,0.424585,0.850416,2.505667,0.420525
3785,1776148720162,42.084759,-456.4576,126.3876,-368.112,-0.14256,0.831945,-0.517001,0.142317,-0.411337,2.40046,-1.491735,-0.348035,0.000743,0.424612,0.85033,2.505943,0.423202
3786,1776148720173,42.09587,-456.5751,126.6526,-368.0552,-0.142231,0.832757,-0.515926,0.141798,-0.410506,2.403504,-1.489065,-0.348086,0.000648,0.424659,0.850267,2.506184,0.424509
3787,1776148720184,42.106981,-456.6113,126.6086,-368.2471,-0.142011,0.833258,-0.515274,0.141451,-0.409951,2.405419,-1.487473,-0.348143,0.000563,0.424682,0.850208,2.506363,0.425838
3788,1776148720196,42.118092,-456.5,126.8957,-367.972,-0.14223,0.833858,-0.514259,0.141385,-0.4106,2.407239,-1.484599,-0.348253,0.000398,0.424731,0.850241,2.506699,0.428534
3789,1776148720207,42.129204,-456.5226,126.4469,-368.3297,-0.141865,0.834606,-0.513315,0.140765,-0.409689,2.410242,-1.482392,-0.348303,0.000306,0.424764,0.850165,2.506928,0.429873
3790,1776148720218,42.140315,-456.276,126.5095,-367.8884,-0.141076,0.834665,-0.51361,0.140131,-0.407557,2.411273,-1.483772,-0.348362,0.000229,0.424793,0.850213,2.507054,0.431161
3791,1776148720229,42.151426,-456.2797,126.8239,-367.7978,-0.141348,0.834973,-0.512997,0.140271,-0.408308,2.411972,-1.481885,-0.348486,0.00008,0.424837,0.849956,2.50734,0.433564
3792,1776148720240,42.162537,-456.062,126.6777,-367.6587,-0.140772,0.835217,-0.512952,0.139554,-0.406809,2.413653,-1.482355,-0.348548,0,0.42486,0.849864,2.507457,0.434857
3793,1776148720251,42.173649,-456.1595,126.8216,-367.4999,-0.140629,0.835539,-0.512503,0.139423,-0.406426,2.414759,-1.481166,-0.348666,-0.000163,0.424934,0.849785,2.507763,0.437329
3794,1776148720262,42.18476,-456.0953,126.9267,-367.4789,-0.140434,0.836559,-0.511118,0.138583,-0.406056,2.418854,-1.477864,-0.34871,-0.000253,0.424986,0.849669,2.507992,0.438531
3795,1776148720273,42.195871,-456.2883,127.0998,-367.2715,-0.140405,0.836309,-0.511392,0.139108,-0.405852,2.417415,-1.478218,-0.348781,-0.000336,0.425012,0.849559,2.508094,0.439789
3796,1776148720284,42.206983,-456.3542,127.1171,-367.2585,-0.139788,0.836769,-0.511133,0.137915,-0.404341,2.420372,-1.478464,-0.348911,-0.000479,0.425081,0.849419,2.508371,0.442198
3797,1776148720296,42.218094,-456.4077,127.1015,-366.8192,-0.139851,0.837113,-0.510517,0.138042,-0.404494,2.421194,-1.476577,-0.348971,-0.000564,0.425105,0.849192,2.508497,0.443386
3798,1776148720307,42.229205,-456.4322,127.2426,-366.5306,-0.139531,0.837481,-0.510132,0.137557,-0.403678,2.422921,-1.475867,-0.349099,-0.000752,0.425133,0.848657,2.508768,0.445852
3799,1776148720318,42.240316,-456.4753,127.2104,-366.3446,-0.139327,0.837771,-0.509749,0.137421,-0.403118,2.423947,-1.47487,-0.349171,-0.000813,0.425134,0.848479,2.508824,0.446925
3800,1776148720329,42.251428,-456.4883,127.4313,-366.2001,-0.139096,0.838286,-0.509063,0.137057,-0.402532,2.425933,-1.473188,-0.349222,-0.000898,0.425189,0.848542,2.508986,0.448233
3801,1776148720340,42.262539,-456.4512,127.4748,-366.2162,-0.139218,0.838408,-0.508813,0.13711,-0.402874,2.426217,-1.472422,-0.349356,-0.00108,0.425232,0.848179,2.509258,0.450576
3802,1776148720351,42.27365,-456.2411,127.3166,-365.9259,-0.138746,0.839168,-0.507919,0.136255,-0.401701,2.429586,-1.470544,-0.349415,-0.001163,0.425252,0.848124,2.50932,0.451822
3803,1776148720362,42.284761,-456.1316,127.2505,-365.6953,-0.138783,0.83907,-0.508053,0.136322,-0.401795,2.429212,-1.470877,-0.349543,-0.001387,0.425306,0.847589,2.509656,0.454235
3804,1776148720373,42.295873,-455.9539,127.2529,-365.5123,-0.138601,0.839177,-0.507868,0.136534,-0.401218,2.429231,-1.470166,-0.349603,-0.001472,0.425353,0.847521,2.509824,0.45541
3805,1776148720384,42.306984,-456.0543,127.2833,-365.3189,-0.138325,0.839981,-0.506904,0.135447,-0.400666,2.433054,-1.468277,-0.349669,-0.001564,0.425374,0.847477,2.50989,0.456639
3806,1776148720396,42.318095,-456.1762,127.281,-365.1469,-0.138336,0.839844,-0.507096,0.135567,-0.40067,2.432492,-1.468733,-0.349812,-0.001755,0.425401,0.846949,2.510169,0.459089
3807,1776148720407,42.329207,-456.3513,127.3085,-365.078,-0.138105,0.840407,-0.506366,0.135046,-0.400119,2.434837,-1.467051,-0.349879,-0.001856,0.425433,0.846809,2.510361,0.46034
3808,1776148720418,42.340318,-456.5026,127.3341,-365.1161,-0.138115,0.840906,-0.505601,0.134794,-0.400207,2.43663,-1.465043,-0.349956,-0.001947,0.425447,0.846497,2.510457,0.461585
3809,1776148720429,42.351429,-456.4027,127.3698,-365.0241,-0.137782,0.841188,-0.505291,0.134535,-0.399298,2.437806,-1.464359,-0.350097,-0.002072,0.425493,0.846206,2.510685,0.463983
3810,1776148720440,42.36254,-456.3065,127.4805,-364.5751,-0.137671,0.84144,-0.505032,0.134045,-0.399087,2.439214,-1.464013,-0.35017,-0.002184,0.425493,0.845889,2.510798,0.465251
3811,1776148720451,42.373652,-456.3841,127.5187,-364.3148,-0.137475,0.841618,-0.504841,0.133851,-0.398563,2.439995,-1.46362,-0.350309,-0.002355,0.425536,0.845522,2.511052,0.467859
3812,1776148720462,42.384763,-456.3479,127.6004,-364.2263,-0.137366,0.842086,-0.504155,0.133603,-0.398304,2.441696,-1.461837,-0.350377,-0.002433,0.425557,0.845304,2.511156,0.469151
3813,1776148720473,42.395874,-456.2692,127.7696,-364.0865,-0.137066,0.84245,-0.503718,0.133263,-0.397509,2.443222,-1.460853,-0.350453,-0.002507,0.425553,0.845088,2.511193,0.470461
3814,1776148720484,42.406985,-456.18,127.6151,-363.9388,-0.136904,0.842922,-0.503118,0.132713,-0.397164,2.445353,-1.459566,-0.350579,-0.002692,0.425616,0.844767,2.511535,0.473205
3815,1776148720496,42.418097,-456.0622,127.5364,-363.8842,-0.136551,0.843244,-0.502797,0.132242,-0.396246,2.446942,-1.459025,-0.350638,-0.002784,0.425642,0.844538,2.511687,0.474562
3816,1776148720507,42.429208,-456.0832,127.6345,-363.8889,-0.136296,0.843398,-0.502678,0.131978,-0.395564,2.447753,-1.458899,-0.350761,-0.002962,0.425671,0.844101,2.511903,0.477308
3817,1776148720518,42.440319,-455.9913,127.4466,-363.6127,-0.136055,0.844045,-0.501841,0.131275,-0.395023,2.450607,-1.457048,-0.350813,-0.003075,0.42572,0.843899,2.512178,0.478741
3818,1776148720529,42.45143,-455.9711,127.5935,-363.4682,-0.135763,0.844367,-0.501506,0.130787,-0.394285,2.45222,-1.45648,-0.350866,-0.003172,0.425752,0.843721,2.512367,0.480184
3819,1776148720540,42.462542,-456.0955,127.5152,-363.2831,-0.135769,0.844906,-0.500615,0.130711,-0.394319,2.453893,-1.453955,-0.350988,-0.003359,0.425804,0.843345,2.51263,0.483037
3820,1776148720551,42.473653,-455.9641,127.6551,-363.2119,-0.135447,0.845372,-0.500051,0.13019,-0.3935,2.455971,-1.452747,-0.351058,-0.003439,0.425824,0.843164,2.512767,0.484412
3821,1776148720562,42.484764,-456.1455,127.6721,-363.0558,-0.13526,0.84568,-0.499684,0.129791,-0.393045,2.457424,-1.45201,-0.351195,-0.003634,0.425868,0.842688,2.513138,0.487355
3822,1776148720573,42.495875,-456.3326,127.7397,-362.8305,-0.135051,0.846194,-0.499049,0.1291,-0.392594,2.459885,-1.450734,-0.351261,-0.003745,0.425876,0.842309,2.513294,0.488932
3823,1776148720584,42.506986,-456.3652,127.8406,-362.6185,-0.134882,0.846549,-0.498513,0.129023,-0.392119,2.461023,-1.449239,-0.351308,-0.003852,0.42591,0.84218,2.51349,0.490572
3824,1776148720596,42.518098,-456.1082,127.5862,-362.4584,-0.134504,0.847238,-0.497646,0.128242,-0.391192,2.464118,-1.447361,-0.351442,-0.004046,0.425919,0.8415,2.513735,0.493769
3825,1776148720607,42.529209,-456.0832,127.7575,-362.3278,-0.134249,0.847307,-0.497573,0.128333,-0.390431,2.464194,-1.447073,-0.351506,-0.004147,0.425932,0.84123,2.513878,0.495347
3826,1776148720618,42.54032,-456,127.8724,-361.7928,-0.134218,0.847661,-0.497119,0.127789,-0.390463,2.465985,-1.4462,-0.351559,-0.004251,0.42597,0.840827,2.514126,0.496865
3827,1776148720629,42.551431,-456.1245,128.0169,-361.775,-0.13391,0.847839,-0.496816,0.128104,-0.389498,2.466062,-1.445059,-0.351674,-0.004404,0.42601,0.840527,2.514358,0.499975
3828,1776148720640,42.562543,-456.126,128.0345,-361.504,-0.13396,0.849078,-0.495049,0.126684,-0.389958,2.47166,-1.441084,-0.351737,-0.004506,0.426036,0.840203,2.514527,0.501751
3829,1776148720651,42.573654,-456.1333,128.0925,-361.594,-0.133652,0.848976,-0.495199,0.127099,-0.388968,2.470782,-1.441182,-0.351841,-0.004655,0.426075,0.839779,2.514794,0.504979
3830,1776148720662,42.584765,-456.1168,128.0105,-361.0569,-0.133398,0.848468,-0.496108,0.127214,-0.388205,2.469143,-1.443733,-0.351919,-0.00474,0.426079,0.83953,2.514869,0.506704
3831,1776148720673,42.595876,-456.1408,128.0168,-361.2823,-0.133287,0.849167,-0.495063,0.126738,-0.387987,2.471845,-1.441083,-0.351965,-0.004812,0.426125,0.839335,2.515086,0.508345
3832,1776148720684,42.606988,-456.1478,127.9675,-360.8423,-0.132665,0.850267,-0.493636,0.125578,-0.386432,2.476684,-1.437878,-0.352083,-0.004975,0.42615,0.838784,2.515316,0.511732
3833,1776148720696,42.618099,-456.4148,127.9781,-361.1153,-0.132209,0.850694,-0.49324,0.124719,-0.385292,2.479141,-1.437429,-0.352138,-0.005046,0.426179,0.838546,2.515476,0.513387
3834,1776148720707,42.62921,-456.2729,128.0643,-360.7642,-0.132012,0.850924,-0.492983,0.124377,-0.384793,2.480296,-1.436959,-0.352245,-0.005191,0.42625,0.838113,2.515817,0.51687
3835,1776148720718,42.640321,-456.0794,128.1741,-360.6445,-0.131682,0.852089,-0.491241,0.123639,-0.383992,2.484738,-1.432486,-0.352297,-0.00527,0.426281,0.8379,2.515985,0.518652
3836,1776148720729,42.651432,-456.0009,128.0525,-360.6798,-0.131558,0.852259,-0.491041,0.123395,-0.383685,2.485578,-1.432102,-0.352361,-0.005346,0.42628,0.837519,2.516072,0.520374
3837,1776148720740,42.662544,-455.9969,128.1303,-360.4635,-0.131313,0.852678,-0.490442,0.123143,-0.383024,2.487159,-1.43056,-0.352466,-0.005488,0.426335,0.836994,2.516424,0.523873
3838,1776148720751,42.673655,-455.9761,128.3858,-360.1542,-0.131275,0.853214,-0.489572,0.122936,-0.382958,2.489016,-1.42819,-0.352525,-0.005553,0.426348,0.83671,2.51654,0.525639
3839,1776148720762,42.684766,-455.8687,128.1264,-360.0384,-0.131031,0.853465,-0.489319,0.122455,-0.38235,2.490435,-1.427845,-0.352639,-0.005712,0.426397,0.836025,2.516894,0.529238
3840,1776148720773,42.695877,-455.8698,128.166,-359.9328,-0.130734,0.853818,-0.488856,0.122163,-0.38155,2.491879,-1.426732,-0.352688,-0.005775,0.426441,0.835825,2.517033,0.530994
3841,1776148720784,42.706989,-455.801,128.2151,-359.9092,-0.130544,0.854503,-0.487887,0.121448,-0.381151,2.494898,-1.424488,-0.352747,-0.005852,0.426447,0.835416,2.517133,0.532788
3842,1776148720796,42.7181,-455.7114,128.193,-359.7108,-0.130262,0.854769,-0.487576,0.121126,-0.380397,2.496137,-1.423841,-0.352851,-0.005996,0.426495,0.834803,2.517455,0.536464
3843,1776148720807,42.729211,-455.7337,128.3645,-359.6721,-0.130044,0.855135,-0.487104,0.120673,-0.37986,2.497852,-1.422832,-0.352891,-0.006088,0.426526,0.834422,2.51764,0.53831
3844,1776148720818,42.740322,-455.7575,128.3275,-359.7058,-0.129965,0.855781,-0.48611,0.120189,-0.379732,2.500432,-1.420321,-0.352954,-0.006142,0.426538,0.834074,2.517764,0.540139
3845,1776148720829,42.751433,-455.7501,128.3263,-359.6494,-0.129651,0.856441,-0.485185,0.119561,-0.378952,2.503261,-1.418128,-0.353044,-0.006257,0.426582,0.833449,2.518089,0.543787
3846,1776148720840,42.762545,-455.9617,128.1744,-359.4131,-0.129284,0.856917,-0.484617,0.118852,-0.378033,2.505669,-1.417044,-0.353086,-0.006315,0.42661,0.833201,2.518246,0.545678
3847,1776148720851,42.773656,-455.9519,128.234,-359.2836,-0.129263,0.856916,-0.484579,0.119035,-0.377932,2.505403,-1.416784,-0.353172,-0.006432,0.426629,0.832463,2.518438,0.549315
3848,1776148720862,42.784767,-455.9698,128.1736,-359.1474,-0.128598,0.857491,-0.484065,0.117703,-0.376276,2.508999,-1.416363,-0.353223,-0.0065,0.426616,0.83189,2.518498,0.551217
3849,1776148720873,42.795878,-455.8695,128.173,-358.934,-0.128601,0.857859,-0.48335,0.11795,-0.376229,2.509723,-1.414072,-0.353264,-0.006546,0.426646,0.831568,2.51862,0.553087
3850,1776148720884,42.806989,-455.9456,128.0703,-358.8678,-0.128345,0.858465,-0.482475,0.117404,-0.3756,2.512281,-1.411954,-0.353349,-0.006676,0.426682,0.830834,2.518821,0.557078
3851,1776148720896,42.818101,-455.9834,128.1971,-358.5708,-0.128255,0.859072,-0.481473,0.117173,-0.375386,2.514393,-1.409208,-0.353389,-0.006721,0.426685,0.83046,2.518828,0.559078
3852,1776148720907,42.829212,-455.9957,128.2871,-358.7059,-0.1281,0.859916,-0.480158,0.116546,-0.375067,2.517768,-1.405867,-0.353481,-0.006824,0.426721,0.829659,2.519026,0.562997
3853,1776148720918,42.840323,-455.9499,128.1904,-358.6388,-0.127128,0.860049,-0.480467,0.11535,-0.372478,2.519886,-1.407738,-0.353501,-0.006869,0.426768,0.829384,2.519167,0.564906
3854,1776148720929,42.851434,-455.7943,128.2925,-358.4545,-0.127133,0.860664,-0.479426,0.115091,-0.372546,2.522065,-1.404897,-0.353547,-0.006938,0.426785,0.828874,2.519282,0.566829
3855,1776148720940,42.862546,-455.8167,128.5268,-358.4069,-0.127061,0.861047,-0.478754,0.115098,-0.372333,2.523179,-1.402921,-0.353625,-0.007061,0.426845,0.828008,2.519498,0.57078
3856,1776148720951,42.873657,-455.7574,128.4968,-358.3518,-0.126956,0.86161,-0.477922,0.114458,-0.372164,2.525757,-1.400999,-0.353681,-0.007136,0.426883,0.827574,2.519635,0.572998
3857,1776148720962,42.884768,-455.5606,128.3655,-358.5179,-0.126645,0.86257,-0.476477,0.113593,-0.371436,2.529831,-1.397458,-0.353782,-0.007243,0.426914,0.826598,2.519794,0.577225
3858,1776148720973,42.895879,-455.7423,128.307,-358.0491,-0.126135,0.863196,-0.475761,0.112404,-0.370195,2.5334,-1.396316,-0.353817,-0.007319,0.426946,0.826123,2.519977,0.57929
3859,1776148720984,42.906991,-455.5523,128.3894,-358.0135,-0.125794,0.863663,-0.475182,0.111643,-0.369355,2.535885,-1.395226,-0.353871,-0.007376,0.426949,0.825545,2.520022,0.581418
3860,1776148720996,42.918102,-455.818,128.3251,-357.7903,-0.125483,0.864141,-0.474461,0.111361,-0.368501,2.537699,-1.393338,-0.353963,-0.007459,0.426976,0.824686,2.520209,0.585619
3861,1776148721007,42.929213,-455.9587,128.1199,-357.3872,-0.125272,0.864524,-0.473884,0.11108,-0.367943,2.539237,-1.391869,-0.354002,-0.007519,0.42698,0.824194,2.520316,0.58772
3862,1776148721018,42.940325,-455.6954,128.1783,-357.5342,-0.124921,0.865421,-0.472564,0.110109,-0.367117,2.543298,-1.388769,-0.354037,-0.007558,0.427008,0.823782,2.520452,0.589894
3863,1776148721029,42.951436,-455.3637,128.2073,-357.3333,-0.125456,0.864748,-0.473281,0.111702,-0.36835,2.538983,-1.389597,-0.354139,-0.007647,0.426999,0.82266,2.520563,0.594211
3864,1776148721040,42.962547,-455.735,128.3691,-357.4049,-0.124599,0.865853,-0.472023,0.109401,-0.366322,2.545607,-1.387745,-0.354164,-0.007687,0.427045,0.822229,2.520773,0.596393
3865,1776148721051,42.973659,-455.8203,128.5946,-357.0457,-0.124771,0.866221,-0.471176,0.109944,-0.366711,2.545888,-1.384821,-0.354227,-0.007792,0.427077,0.821189,2.521021,0.600861
3866,1776148721062,42.98477,-455.7924,128.611,-357.0199,-0.124653,0.866754,-0.470363,0.109351,-0.366491,2.548328,-1.382907,-0.35427,-0.007843,0.427076,0.820601,2.521039,0.603176
3867,1776148721073,42.995881,-455.8137,128.5768,-357.016,-0.124475,0.86787,-0.468576,0.108373,-0.366173,2.553053,-1.378432,-0.354299,-0.007892,0.4271,0.820008,2.521183,0.60541
3868,1776148721084,43.006992,-455.8615,128.2688,-357.1739,-0.123087,0.868799,-0.467845,0.105633,-0.362666,2.559844,-1.378466,-0.354372,-0.007992,0.427131,0.818815,2.521433,0.60989
3869,1776148721096,43.018103,-455.6764,128.312,-356.8922,-0.123508,0.869267,-0.46669,0.106402,-0.363743,2.560081,-1.374449,-0.354414,-0.008033,0.427132,0.818205,2.521507,0.612184
3870,1776148721107,43.029215,-455.6783,128.6985,-356.7343,-0.123754,0.869251,-0.466481,0.107161,-0.364309,2.558909,-1.37323,-0.354481,-0.008124,0.427175,0.817096,2.521759,0.616716
3871,1776148721118,43.040326,-455.7602,128.7477,-356.5205,-0.123648,0.870006,-0.465302,0.106278,-0.364182,2.562443,-1.37046,-0.354529,-0.008176,0.427165,0.816403,2.521814,0.618994
3872,1776148721129,43.051437,-455.7413,128.4323,-356.3664,-0.12314,0.870486,-0.464813,0.105067,-0.362941,2.565656,-1.369982,-0.354553,-0.00822,0.427193,0.815895,2.521959,0.621275
3873,1776148721140,43.062549,-455.7267,128.5375,-356.3726,-0.122563,0.870795,-0.464681,0.103759,-0.361514,2.568516,-1.370631,-0.354649,-0.008312,0.427179,0.814543,2.522114,0.625652
3874,1776148721151,43.07366,-455.8516,128.3408,-356.263,-0.122209,0.871213,-0.464021,0.103626,-0.360497,2.569946,-1.36879,-0.354667,-0.008353,0.427242,0.81415,2.522366,0.6279
3875,1776148721162,43.084771,-455.622,128.4926,-356.2538,-0.12211,0.872491,-0.461818,0.102825,-0.360373,2.574913,-1.362927,-0.354741,-0.008428,0.427259,0.812906,2.522639,0.632387
3876,1776148721173,43.095882,-455.6077,128.6319,-356.1617,-0.121945,0.872794,-0.46139,0.10237,-0.359981,2.57649,-1.362024,-0.354771,-0.008469,0.427269,0.812306,2.522729,0.634652
3877,1776148721184,43.106994,-455.5939,128.572,-356.3145,-0.121986,0.873428,-0.460277,0.101923,-0.360197,2.579031,-1.359091,-0.354803,-0.00853,0.427274,0.81161,2.522877,0.636843
3878,1776148721196,43.118105,-455.5344,128.4707,-356.2633,-0.121548,0.874027,-0.459401,0.101264,-0.359041,2.581788,-1.357025,-0.354872,-0.008582,0.427278,0.810462,2.523094,0.641291
3879,1776148721207,43.129216,-455.3667,128.5907,-356.2271,-0.121193,0.874631,-0.458486,0.100621,-0.358125,2.58454,-1.354828,-0.354886,-0.008632,0.427326,0.809877,2.52333,0.643577
3880,1776148721218,43.140327,-455.5655,128.9019,-356.0509,-0.121003,0.874845,-0.458219,0.100204,-0.357651,2.5858,-1.354368,-0.354914,-0.008671,0.427362,0.809333,2.523514,0.645812
3881,1776148721229,43.151439,-455.6353,129.2989,-355.7753,-0.12098,0.875539,-0.457035,0.099571,-0.357714,2.588806,-1.351369,-0.354969,-0.008762,0.427405,0.808076,2.523932,0.650254
3882,1776148721240,43.16255,-455.6243,128.7908,-355.7834,-0.120387,0.875443,-0.457567,0.09869,-0.356145,2.589851,-1.353635,-0.355002,-0.008811,0.427447,0.807562,2.524165,0.652557
3883,1776148721251,43.173661,-455.7298,128.5944,-355.54,-0.120061,0.875393,-0.457774,0.098566,-0.355205,2.589891,-1.354346,-0.355079,-0.008891,0.42747,0.806309,2.52446,0.656906
3884,1776148721262,43.184772,-455.6305,128.6404,-355.5201,-0.119829,0.876269,-0.456342,0.097698,-0.354698,2.593797,-1.350793,-0.355112,-0.008924,0.427497,0.805688,2.524677,0.658976
3885,1776148721273,43.195883,-455.7495,128.9734,-355.367,-0.119828,0.876993,-0.455109,0.096962,-0.354848,2.597054,-1.347721,-0.355157,-0.008976,0.427537,0.804949,2.524888,0.66124
3886,1776148721284,43.206995,-455.55,129.2254,-355.4806,-0.119423,0.877407,-0.454615,0.096018,-0.353844,2.599714,-1.347002,-0.355225,-0.009073,0.427615,0.80364,2.525388,0.665538
3887,1776148721296,43.218106,-455.1707,128.4923,-355.1855,-0.119238,0.877774,-0.454051,0.09557,-0.353388,2.601481,-1.345684,-0.355253,-0.009102,0.42768,0.803055,2.525661,0.667619
3888,1776148721307,43.229217,-455.3879,129.093,-355.0445,-0.118788,0.879578,-0.45114,0.093304,-0.352521,2.610285,-1.338829,-0.355356,-0.009188,0.427713,0.801601,2.526012,0.671903
3889,1776148721318,43.240328,-455.4528,129.1551,-355.7794,-0.118226,0.880169,-0.450402,0.091999,-0.351122,2.614039,-1.337662,-0.355398,-0.009219,0.427754,0.801017,2.526231,0.673961
3890,1776148721329,43.25144,-455.326,128.7769,-355.1428,-0.117919,0.880274,-0.450373,0.091525,-0.350309,2.615079,-1.337947,-0.35545,-0.00926,0.427773,0.800281,2.526463,0.675935
3891,1776148721340,43.262551,-455.1034,129.3221,-354.6752,-0.118106,0.880389,-0.450055,0.091747,-0.350818,2.615079,-1.336829,-0.355536,-0.009407,0.427829,0.798936,2.527041,0.679879
3892,1776148721351,43.273662,-455.3176,128.6505,-354.7744,-0.118001,0.880795,-0.449352,0.091422,-0.350573,2.616786,-1.334996,-0.355582,-0.009466,0.427853,0.798355,2.527313,0.681805
3893,1776148721362,43.284773,-455.1899,128.8447,-354.3863,-0.118036,0.881049,-0.448829,0.091502,-0.350661,2.617415,-1.333379,-0.355681,-0.00957,0.427847,0.797107,2.527831,0.685414
3894,1776148721373,43.295884,-455.143,128.8288,-354.383,-0.117962,0.88141,-0.448224,0.09109,-0.350525,2.619121,-1.331903,-0.355724,-0.009604,0.427853,0.796518,2.528061,0.687223
3895,1776148721384,43.306996,-455.2979,128.7826,-354.2682,-0.117445,0.881926,-0.447603,0.089807,-0.349252,2.62263,-1.33106,-0.355774,-0.009648,0.427842,0.795895,2.528315,0.689002
3896,1776148721396,43.318107,-455.4177,128.7838,-354.1653,-0.117054,0.88221,-0.447274,0.089161,-0.348221,2.624472,-1.330587,-0.355869,-0.009793,0.427897,0.794551,2.529132,0.692828
3897,1776148721407,43.329218,-455.5168,128.6054,-354.1134,-0.116895,0.882842,-0.446191,0.088541,-0.347877,2.627308,-1.327849,-0.355913,-0.009867,0.42793,0.793955,2.529548,0.694795
3898,1776148721418,43.340329,-455.3953,128.749,-354.0872,-0.11658,0.883149,-0.445829,0.087714,-0.347107,2.6295,-1.327418,-0.355963,-0.00992,0.427926,0.793306,2.529903,0.696587
3899,1776148721429,43.351441,-455.4531,128.8328,-353.9771,-0.116515,0.883555,-0.445142,0.087202,-0.347017,2.631501,-1.325773,-0.356063,-0.01005,0.427945,0.791969,2.530718,0.700284
3900,1776148721440,43.362552,-455.4318,129.0706,-353.7991,-0.116293,0.885124,-0.442377,0.085633,-0.346678,2.638616,-1.318756,-0.356095,-0.010152,0.427971,0.791344,2.531179,0.702267
3901,1776148721451,43.373663,-455.4727,129.2446,-353.7353,-0.115894,0.884831,-0.44318,0.08506,-0.345603,2.638632,-1.321596,-0.356207,-0.01025,0.428004,0.790223,2.53196,0.705709
3902,1776148721462,43.384774,-455.2786,129.0083,-353.5011,-0.115559,0.884856,-0.443276,0.084754,-0.344668,2.639181,-1.32212,-0.356252,-0.010296,0.428013,0.789725,2.532288,0.707395
3903,1776148721473,43.395885,-455.2964,129.2811,-353.2317,-0.115665,0.884406,-0.443995,0.085533,-0.344826,2.636629,-1.323657,-0.35631,-0.010346,0.428006,0.789194,2.532661,0.709069
3904,1776148721484,43.406996,-455.3156,129.0759,-352.8838,-0.115617,0.885087,-0.442789,0.084807,-0.344831,2.639789,-1.320626,-0.356402,-0.010475,0.428045,0.788088,2.533498,0.712354
3905,1776148721496,43.418107,-455.4574,128.9551,-353.1485,-0.115159,0.88576,-0.441835,0.083368,-0.343755,2.644041,-1.318901,-0.356462,-0.010548,0.428049,0.787526,2.53394,0.713938
3906,1776148721507,43.429219,-455.6336,129.1163,-353.2703,-0.114821,0.886285,-0.441145,0.081895,-0.343046,2.647914,-1.317988,-0.356582,-0.010636,0.428055,0.786483,2.534764,0.716949
3907,1776148721518,43.44033,-455.379,128.9716,-352.9966,-0.114473,0.886715,-0.440512,0.081126,-0.34216,2.650404,-1.316695,-0.356636,-0.010713,0.428052,0.785831,2.53518,0.718518
3908,1776148721529,43.451441,-455.3828,128.9934,-352.3113,-0.114122,0.886695,-0.440637,0.081163,-0.341104,2.650286,-1.317042,-0.356686,-0.010764,0.428079,0.785433,2.53565,0.720066
3909,1776148721540,43.462553,-455.2083,128.8979,-352.4077,-0.113788,0.886983,-0.4403,0.080308,-0.34028,2.652489,-1.316701,-0.356791,-0.010927,0.428139,0.784465,2.536774,0.723119
3910,1776148721551,43.473664,-455.2824,129.003,-352.2243,-0.113431,0.887078,-0.440305,0.079738,-0.339327,2.653669,-1.317159,-0.356861,-0.011002,0.428139,0.784011,2.537218,0.724617
3911,1776148721562,43.484775,-455.3144,128.9237,-352.297,-0.113368,0.88725,-0.440091,0.079089,-0.339268,2.655206,-1.317025,-0.356971,-0.011155,0.428192,0.783173,2.538322,0.727574
3912,1776148721573,43.495887,-455.2897,129.0187,-352.1234,-0.112989,0.887409,-0.439974,0.078495,-0.338252,2.656617,-1.317142,-0.357031,-0.011237,0.428213,0.782644,2.538893,0.729013
3913,1776148721584,43.506998,-455.3043,128.8385,-352.1926,-0.112949,0.88779,-0.439264,0.078218,-0.338188,2.658196,-1.315232,-0.357109,-0.011298,0.428229,0.782177,2.539404,0.730406
3914,1776148721596,43.518109,-455.2121,129.2748,-352.1375,-0.112667,0.888092,-0.438887,0.077313,-0.337524,2.660527,-1.314808,-0.357242,-0.011436,0.428276,0.781206,2.540481,0.733205
3915,1776148721607,43.52922,-455.3313,129.3269,-352.2194,-0.112051,0.88883,-0.437758,0.076119,-0.335917,2.664628,-1.312358,-0.357311,-0.011503,0.428304,0.780815,2.540969,0.734736
3916,1776148721618,43.540332,-455.2888,129.5872,-351.7061,-0.111603,0.889142,-0.437382,0.075291,-0.334739,2.666876,-1.311876,-0.357376,-0.011588,0.428365,0.780416,2.541634,0.736134
3917,1776148721629,43.551443,-455.5554,129.4491,-351.1675,-0.111504,0.88918,-0.437286,0.075544,-0.334392,2.666589,-1.311391,-0.35751,-0.011719,0.428445,0.779796,2.54273,0.739023
3918,1776148721640,43.562554,-455.6314,129.3073,-351.1745,-0.111,0.889525,-0.436962,0.074083,-0.333172,2.669945,-1.311558,-0.357596,-0.011786,0.428464,0.779403,2.543312,0.740375
3919,1776148721651,43.573665,-455.5201,129.4588,-351.1042,-0.110645,0.889739,-0.436648,0.073896,-0.332142,2.670884,-1.310762,-0.357742,-0.011928,0.428506,0.77867,2.544541,0.743059
3920,1776148721662,43.584777,-455.4296,129.5632,-351.0045,-0.110245,0.890102,-0.436218,0.072655,-0.331186,2.673948,-1.31044,-0.357797,-0.012009,0.428562,0.778397,2.545263,0.744515
3921,1776148721673,43.595888,-455.4933,129.6019,-351.0548,-0.109774,0.890278,-0.436028,0.072347,-0.329831,2.67497,-1.31011,-0.35786,-0.012079,0.4286,0.778141,2.545917,0.74596
3922,1776148721684,43.606999,-455.5265,129.5986,-351.2124,-0.109338,0.890745,-0.435409,0.070974,-0.328791,2.678567,-1.309322,-0.357998,-0.012227,0.428667,0.777492,2.547401,0.748561
3923,1776148721696,43.61811,-455.4959,129.7116,-350.7058,-0.108955,0.890887,-0.435335,0.070229,-0.327786,2.680188,-1.309681,-0.35807,-0.012299,0.428684,0.777181,2.548054,0.749887
3924,1776148721707,43.629222,-455.3864,129.7261,-350.6605,-0.108682,0.890806,-0.435636,0.069824,-0.327044,2.68059,-1.310904,-0.358209,-0.012464,0.428722,0.776454,2.54947,0.752622
3925,1776148721718,43.640333,-455.5163,129.9217,-350.5241,-0.108608,0.891068,-0.435119,0.069815,-0.326824,2.681393,-1.309355,-0.358278,-0.012533,0.428744,0.776094,2.550164,0.753844
3926,1776148721729,43.651444,-455.471,129.7603,-350.5137,-0.108163,0.891687,-0.434106,0.0689,-0.32566,2.684725,-1.307024,-0.358351,-0.012604,0.428749,0.775821,2.550832,0.755124
3927,1776148721740,43.662555,-455.345,129.7963,-350.1209,-0.107608,0.891692,-0.434342,0.068207,-0.324126,2.685854,-1.308276,-0.358508,-0.012767,0.428759,0.77521,2.552192,0.757699
3928,1776148721751,43.673666,-455.3113,129.8161,-349.9884,-0.10715,0.891644,-0.434681,0.067394,-0.322904,2.687016,-1.309935,-0.358566,-0.012858,0.428796,0.77494,2.552984,0.758996
3929,1776148721762,43.684778,-455.2601,129.7414,-349.8412,-0.106847,0.892295,-0.433502,0.066851,-0.322093,2.689856,-1.306806,-0.358707,-0.013053,0.428847,0.774373,2.554517,0.761572
3930,1776148721773,43.695889,-455.3671,129.9643,-349.6013,-0.106215,0.892446,-0.43351,0.065785,-0.320394,2.69203,-1.307667,-0.358778,-0.013148,0.428887,0.774123,2.555357,0.762827
3931,1776148721785,43.707,-455.3609,129.7264,-349.4508,-0.105965,0.892716,-0.433113,0.065135,-0.319763,2.693894,-1.306978,-0.358835,-0.013249,0.428929,0.773987,2.556176,0.764163
3932,1776148721796,43.718112,-455.2383,129.8829,-349.0859,-0.105391,0.892951,-0.432891,0.064318,-0.318189,2.695924,-1.30695,-0.359002,-0.013414,0.428958,0.773454,2.557764,0.766605
3933,1776148721807,43.729223,-455.1953,129.8031,-349.0286,-0.104784,0.893053,-0.432944,0.063538,-0.316505,2.697495,-1.307722,-0.359073,-0.013499,0.428998,0.773342,2.558641,0.767842
3934,1776148721818,43.740334,-455.2324,129.9633,-348.8222,-0.104431,0.893323,-0.432576,0.062826,-0.315571,2.699466,-1.307169,-0.359157,-0.01359,0.42901,0.773056,2.559438,0.769031
3935,1776148721829,43.751445,-455.468,129.9119,-348.5352,-0.10428,0.893499,-0.43228,0.062612,-0.315157,2.700346,-1.306442,-0.359298,-0.013778,0.429065,0.772652,2.561199,0.771499
3936,1776148721840,43.762556,-455.4917,129.9524,-348.7544,-0.103514,0.893593,-0.432472,0.061193,-0.313108,2.70294,-1.308142,-0.359375,-0.013861,0.4291,0.772472,2.5621,0.772645
3937,1776148721851,43.773667,-455.3616,130.2834,-348.4328,-0.103325,0.893812,-0.432073,0.061132,-0.312548,2.7037,-1.306982,-0.359535,-0.014047,0.429146,0.772037,2.563873,0.774974
3938,1776148721862,43.784778,-455.3947,130.4402,-348.1467,-0.102584,0.894061,-0.431915,0.059846,-0.310548,2.706551,-1.307516,-0.359614,-0.014131,0.429159,0.771809,2.564721,0.776076
3939,1776148721873,43.79589,-455.2364,130.2377,-347.985,-0.102216,0.894275,-0.431661,0.059105,-0.309571,2.708408,-1.307333,-0.359694,-0.014231,0.429168,0.771576,2.565533,0.777268
3940,1776148721885,43.807001,-455.2424,130.3385,-347.6435,-0.101735,0.894551,-0.431305,0.05835,-0.308257,2.710478,-1.30685,-0.359849,-0.014431,0.429204,0.771073,2.567328,0.779591
3941,1776148721896,43.818112,-455.3755,130.2587,-347.5648,-0.101456,0.894207,-0.432083,0.058354,-0.30741,2.70943,-1.309204,-0.359915,-0.014528,0.429252,0.771008,2.568251,0.7808
3942,1776148721907,43.829223,-455.3291,130.0137,-347.6017,-0.101018,0.894461,-0.431736,0.057784,-0.306188,2.711134,-1.308603,-0.360063,-0.01471,0.429302,0.77062,2.570079,0.782976
3943,1776148721918,43.840334,-455.3683,130.3394,-347.3455,-0.100561,0.894761,-0.431361,0.056734,-0.304996,2.713763,-1.308295,-0.360142,-0.014803,0.429339,0.770508,2.570985,0.784207
3944,1776148721929,43.851445,-455.3207,130.5015,-347.1396,-0.100038,0.894957,-0.431224,0.055601,-0.303617,2.716219,-1.308776,-0.360217,-0.014904,0.429359,0.770269,2.571945,0.785289
3945,1776148721940,43.862557,-455.3783,130.3339,-346.922,-0.09976,0.89495,-0.431318,0.055475,-0.302798,2.716405,-1.309162,-0.360381,-0.01508,0.429378,0.769868,2.573718,0.787365
3946,1776148721951,43.873668,-455.1935,130.6617,-346.8514,-0.099279,0.895118,-0.431162,0.054831,-0.301454,2.717975,-1.3092,-0.360461,-0.015175,0.429394,0.76967,2.57468,0.788427
3947,1776148721962,43.884779,-455.1615,130.6825,-346.6116,-0.098313,0.89497,-0.431893,0.05321,-0.298817,2.720198,-1.312708,-0.360606,-0.015386,0.429472,0.769387,2.576737,0.790515
3948,1776148721973,43.89589,-455.1771,130.7902,-346.6105,-0.097741,0.895239,-0.431575,0.052318,-0.297239,2.722487,-1.312453,-0.360686,-0.015475,0.429514,0.769359,2.577731,0.791652
3949,1776148721985,43.907001,-455.2566,131.1647,-346.8258,-0.097493,0.895403,-0.43132,0.052071,-0.296529,2.723394,-1.311873,-0.360742,-0.015555,0.429551,0.769344,2.578712,0.792659
3950,1776148721996,43.918112,-455.2131,131.0576,-346.2991,-0.096894,0.89553,-0.431268,0.051427,-0.294822,2.724847,-1.312228,-0.360895,-0.015734,0.429621,0.769134,2.580698,0.794749
3951,1776148722007,43.929224,-455.2231,130.6555,-346.2117,-0.096379,0.895634,-0.431299,0.050316,-0.293454,2.727004,-1.313209,-0.360972,-0.015821,0.429668,0.769062,2.581687,0.795766
3952,1776148722018,43.940335,-455.273,130.579,-345.9101,-0.096276,0.895961,-0.430666,0.05011,-0.293177,2.728342,-1.311445,-0.361074,-0.015907,0.429656,0.768866,2.582596,0.79673
3953,1776148722029,43.951446,-455.262,130.5751,-345.7968,-0.095672,0.896055,-0.430746,0.048894,-0.291553,2.730648,-1.31266,-0.361236,-0.016118,0.429718,0.768399,2.584606,0.798787
3954,1776148722040,43.962557,-455.2819,130.4818,-345.2802,-0.095284,0.896253,-0.430474,0.048407,-0.290455,2.732062,-1.312222,-0.361321,-0.016218,0.429764,0.76825,2.585682,0.799788
3955,1776148722051,43.973669,-455.2588,130.7964,-344.9737,-0.094838,0.896366,-0.430414,0.047716,-0.289217,2.733556,-1.31259,-0.361502,-0.016394,0.4298,0.767923,2.587657,0.801691
3956,1776148722062,43.98478,-455.2784,130.7928,-344.9098,-0.09434,0.896462,-0.430429,0.046775,-0.287864,2.735417,-1.313388,-0.361583,-0.016514,0.429845,0.767686,2.588767,0.802722
3957,1776148722073,43.995891,-455.2769,130.925,-344.8577,-0.093853,0.896407,-0.430739,0.045941,-0.286525,2.736642,-1.315004,-0.361667,-0.016595,0.42988,0.767628,2.589809,0.803681
3958,1776148722085,44.007002,-455.2718,130.7959,-344.7942,-0.093309,0.896533,-0.430668,0.045243,-0.284985,2.738194,-1.315347,-0.361817,-0.016805,0.429953,0.767343,2.591993,0.805655
3959,1776148722096,44.018114,-455.2772,131.0307,-344.5963,-0.092687,0.896597,-0.43076,0.044379,-0.283234,2.739835,-1.316322,-0.361905,-0.016895,0.429974,0.767205,2.593037,0.80659
3960,1776148722107,44.029225,-455.185,130.9045,-344.675,-0.092224,0.896691,-0.430791,0.043125,-0.282036,2.742224,-1.317427,-0.362049,-0.017101,0.430059,0.766988,2.595247,0.808537
3961,1776148722118,44.040336,-455.275,130.9996,-344.1604,-0.091739,0.896798,-0.430727,0.042567,-0.280649,2.74349,-1.317681,-0.362136,-0.0172,0.430069,0.766755,2.596276,0.80945
3962,1776148722129,44.051447,-455.3042,130.8774,-344.2058,-0.091262,0.89705,-0.430405,0.041527,-0.279368,2.746009,-1.317538,-0.362214,-0.017296,0.430098,0.766566,2.597366,0.810338
3963,1776148722140,44.062559,-455.1454,130.8898,-343.9394,-0.090711,0.897025,-0.430616,0.041088,-0.277755,2.74667,-1.318537,-0.362377,-0.017461,0.430162,0.766331,2.599493,0.812218
3964,1776148722151,44.07367,-455.163,130.7731,-343.8543,-0.090461,0.897157,-0.430473,0.040246,-0.277133,2.748493,-1.31878,-0.362476,-0.017552,0.430172,0.765977,2.600548,0.813071
3965,1776148722162,44.084781,-455.1914,130.6506,-343.8266,-0.090031,0.897124,-0.430664,0.039884,-0.275877,2.749005,-1.31966,-0.362643,-0.017721,0.430258,0.765681,2.602756,0.814872
3966,1776148722173,44.095892,-455.3518,130.8213,-343.3798,-0.089225,0.89726,-0.430717,0.038046,-0.273716,2.752526,-1.32131,-0.36273,-0.017811,0.430299,0.765592,2.603858,0.815906
3967,1776148722185,44.107003,-455.2566,130.8379,-343.3605,-0.088914,0.897497,-0.430309,0.03777,-0.272809,2.753722,-1.320285,-0.362822,-0.017902,0.430339,0.765337,2.604979,0.81676
3968,1776148722196,44.118115,-455.429,131.3629,-342.9166,-0.088683,0.897598,-0.430196,0.037219,-0.27219,2.754965,-1.320384,-0.362914,-0.017982,0.43036,0.765138,2.606048,0.817634
3969,1776148722207,44.129226,-455.4441,131.2785,-342.9689,-0.088056,0.897718,-0.430159,0.03623,-0.270433,2.75701,-1.321075,-0.36308,-0.018185,0.430436,0.764669,2.608242,0.819531
3970,1776148722218,44.140337,-455.4191,131.5165,-342.8549,-0.087501,0.897782,-0.430208,0.035393,-0.268865,2.758629,-1.321906,-0.363177,-0.018264,0.430448,0.764448,2.609268,0.820403
3971,1776148722229,44.151448,-455.4974,131.2691,-342.696,-0.086785,0.897661,-0.430695,0.034273,-0.266851,2.760165,-1.324317,-0.363345,-0.01845,0.430522,0.764116,2.611535,0.822304
3972,1776148722240,44.16256,-455.3535,131.5745,-342.4426,-0.086347,0.897634,-0.430872,0.033873,-0.265567,2.760761,-1.32519,-0.363427,-0.018556,0.430567,0.764,2.612752,0.823222
3973,1776148722251,44.173671,-455.2137,131.6768,-341.9651,-0.085831,0.897884,-0.430513,0.033106,-0.264108,2.762839,-1.324713,-0.363593,-0.01878,0.430659,0.763692,2.615161,0.82527
3974,1776148722262,44.184782,-455.3053,131.6933,-341.904,-0.08543,0.898044,-0.430315,0.032365,-0.262992,2.764596,-1.324708,-0.363684,-0.018875,0.430692,0.763595,2.616297,0.826297
3975,1776148722273,44.195894,-455.4225,131.9619,-341.6917,-0.084923,0.898102,-0.430335,0.031819,-0.261521,2.765709,-1.325217,-0.363779,-0.018963,0.430727,0.763436,2.617454,0.827205
3976,1776148722285,44.207005,-455.4317,132.1777,-341.7631,-0.08441,0.89814,-0.430435,0.030746,-0.260112,2.767661,-1.326406,-0.363967,-0.01914,0.430777,0.763106,2.619694,0.829001
3977,1776148722296,44.218116,-455.5954,132.1614,-341.3223,-0.08409,0.898108,-0.430606,0.030163,-0.25922,2.768561,-1.327411,-0.36406,-0.019223,0.430807,0.762973,2.620812,0.829911
3978,1776148722307,44.229227,-455.5431,132.0957,-341.1151,-0.083687,0.898402,-0.430107,0.029628,-0.258065,2.770387,-1.326314,-0.364258,-0.019422,0.430847,0.762575,2.62311,0.831657
3979,1776148722318,44.240339,-455.5357,132.4563,-341.158,-0.082909,0.898203,-0.430746,0.028557,-0.255833,2.771612,-1.329165,-0.364334,-0.019509,0.430899,0.762426,2.624266,0.832558
3980,1776148722329,44.25145,-455.447,132.287,-340.777,-0.082252,0.898115,-0.431126,0.027461,-0.253981,2.773226,-1.331242,-0.36443,-0.019609,0.430911,0.762209,2.625412,0.833444
3981,1776148722340,44.262561,-455.436,132.2927,-340.9008,-0.08187,0.898317,-0.430835,0.026542,-0.252945,2.775432,-1.331105,-0.364593,-0.019772,0.43098,0.76193,2.62772,0.83523
3982,1776148722351,44.273673,-455.378,132.1821,-340.4341,-0.081417,0.89851,-0.430546,0.026109,-0.251611,2.776775,-1.330568,-0.364669,-0.01987,0.431027,0.761811,2.628944,0.836239
3983,1776148722362,44.284784,-455.4137,132.2372,-340.5543,-0.080822,0.898506,-0.430693,0.025655,-0.249846,2.777548,-1.331398,-0.364824,-0.020046,0.431111,0.761725,2.63135,0.83821
3984,1776148722373,44.295895,-455.3927,132.3115,-340.2001,-0.080291,0.898715,-0.430414,0.024679,-0.248353,2.779878,-1.331345,-0.364903,-0.020145,0.431153,0.761593,2.63257,0.839163
3985,1776148722385,44.307006,-455.6309,132.1893,-340.1293,-0.079495,0.898784,-0.430497,0.023271,-0.246107,2.782531,-1.332768,-0.364992,-0.02024,0.431182,0.761452,2.63371,0.840173
3986,1776148722396,44.318118,-455.6018,132.3228,-339.8333,-0.079181,0.898939,-0.430253,0.022845,-0.2452,2.783749,-1.332367,-0.365179,-0.020387,0.431234,0.761227,2.635997,0.84194
3987,1776148722407,44.329229,-455.6213,132.4915,-339.6381,-0.078676,0.898885,-0.430497,0.022104,-0.24375,2.784869,-1.333738,-0.365253,-0.020464,0.431294,0.761126,2.637164,0.842876
3988,1776148722418,44.34034,-455.67,132.4874,-339.6561,-0.077917,0.898853,-0.430759,0.020962,-0.24157,2.786756,-1.335503,-0.365343,-0.020538,0.431315,0.760991,2.638335,0.843721
3989,1776148722429,44.351452,-455.5457,132.5784,-339.4349,-0.077286,0.898939,-0.430742,0.019923,-0.23977,2.788833,-1.336315,-0.365527,-0.020694,0.431376,0.76082,2.640619,0.845533
3990,1776148722440,44.362563,-455.5616,132.5661,-339.4597,-0.076841,0.898988,-0.43076,0.018998,-0.238528,2.7906,-1.337147,-0.365605,-0.02079,0.431419,0.760741,2.641759,0.846432
3991,1776148722451,44.373674,-455.6129,132.6399,-338.9881,-0.076431,0.899096,-0.43062,0.018723,-0.237294,2.791414,-1.336941,-0.365792,-0.02096,0.431448,0.760317,2.643893,0.848128
3992,1776148722462,44.384785,-455.6469,132.6953,-338.9447,-0.076028,0.899257,-0.430377,0.018242,-0.236114,2.792754,-1.336587,-0.365879,-0.021041,0.431477,0.760245,2.64499,0.84902
3993,1776148722473,44.395896,-455.667,132.5428,-338.6485,-0.075296,0.899142,-0.430809,0.016676,-0.234069,2.795136,-1.339243,-0.365962,-0.021139,0.431513,0.760079,2.646131,0.849848
3994,1776148722485,44.407008,-455.7363,132.7901,-338.3281,-0.07463,0.899369,-0.430481,0.015886,-0.232114,2.797227,-1.338887,-0.366127,-0.021303,0.431569,0.759965,2.648356,0.851529
3995,1776148722496,44.418119,-455.8116,132.8761,-338.2598,-0.074583,0.899222,-0.430793,0.015958,-0.231957,2.796644,-1.339797,-0.366193,-0.021396,0.431632,0.759978,2.649592,0.85242
3996,1776148722507,44.429231,-455.6148,132.9512,-337.8676,-0.073963,0.899389,-0.430573,0.015333,-0.230119,2.798263,-1.339638,-0.366351,-0.021589,0.431713,0.759945,2.65196,0.854195
3997,1776148722518,44.440342,-455.5494,133.1205,-337.8473,-0.073455,0.899239,-0.431005,0.014422,-0.228671,2.799396,-1.341748,-0.366435,-0.021658,0.431735,0.759816,2.653084,0.854838
3998,1776148722529,44.451453,-455.5379,133.1152,-337.8662,-0.072889,0.899343,-0.430918,0.01339,-0.227056,2.801535,-1.342349,-0.366535,-0.021729,0.431751,0.759759,2.654143,0.855553
3999,1776148722540,44.462565,-455.689,133.2139,-338.0545,-0.07249,0.899371,-0.43094,0.012939,-0.225879,2.802419,-1.342798,-0.366704,-0.02188,0.431815,0.759661,2.656343,0.857058
4000,1776148722551,44.473676,-455.7479,133.3255,-337.7749,-0.072114,0.899391,-0.430967,0.012805,-0.224726,2.802714,-1.342995,-0.3668,-0.021948,0.43183,0.759553,2.657436,0.857588
4001,1776148722562,44.484787,-455.7353,133.3093,-337.4313,-0.071595,0.899253,-0.431374,0.011617,-0.223273,2.804383,-1.345269,-0.366989,-0.022117,0.431867,0.759298,2.659644,0.858803
4002,1776148722573,44.495898,-455.8046,133.3898,-337.3815,-0.071126,0.89924,-0.431501,0.010711,-0.221938,2.805944,-1.346435,-0.367071,-0.022233,0.431913,0.759187,2.660848,0.859511
4003,1776148722585,44.507009,-455.7949,133.3428,-336.998,-0.070634,0.899318,-0.431429,0.010372,-0.22045,2.806784,-1.346498,-0.367169,-0.022307,0.431927,0.759027,2.661897,0.860105
4004,1776148722596,44.51812,-455.8014,133.4027,-337.0021,-0.070107,0.899478,-0.431206,0.009321,-0.218951,2.809145,-1.346692,-0.36735,-0.022459,0.432003,0.758885,2.66411,0.861336
4005,1776148722607,44.529232,-455.7479,133.3173,-336.5828,-0.069347,0.899288,-0.431744,0.008306,-0.216716,2.810355,-1.349238,-0.367446,-0.02254,0.432025,0.758775,2.665168,0.861916
4006,1776148722618,44.540343,-455.8884,133.3145,-336.4922,-0.069137,0.899536,-0.431267,0.008016,-0.216098,2.811644,-1.347994,-0.367531,-0.022645,0.432071,0.758638,2.666324,0.86257
4007,1776148722629,44.551454,-455.947,133.4641,-336.2348,-0.068658,0.899441,-0.431554,0.007287,-0.2147,2.812643,-1.349514,-0.367718,-0.02282,0.432145,0.758641,2.66855,0.863811
4008,1776148722640,44.562565,-456.0478,133.5493,-336.0789,-0.068132,0.899442,-0.431648,0.006457,-0.213167,2.814124,-1.350516,-0.367819,-0.022937,0.432159,0.758408,2.669583,0.864435
4009,1776148722651,44.573676,-456.1437,133.6265,-336.0778,-0.067695,0.899595,-0.431401,0.006205,-0.211836,2.815052,-1.349959,-0.368019,-0.023098,0.432221,0.758386,2.671702,0.865613
4010,1776148722662,44.584788,-456.1647,133.3568,-335.8672,-0.067201,0.899279,-0.432152,0.005085,-0.210438,2.816059,-1.353268,-0.368117,-0.023208,0.43226,0.758288,2.672772,0.866282
4011,1776148722673,44.595899,-456.0884,133.4106,-335.5762,-0.066982,0.899432,-0.431872,0.00476,-0.209794,2.817117,-1.35267,-0.368224,-0.02329,0.432265,0.758223,2.673739,0.866799
4012,1776148722685,44.60701,-456.0478,133.4372,-335.2466,-0.066564,0.899477,-0.431849,0.004095,-0.208572,2.818448,-1.353168,-0.368438,-0.023483,0.432283,0.757969,2.675737,0.867889
4013,1776148722696,44.618121,-456.1411,133.3223,-335.3024,-0.066119,0.899409,-0.432066,0.003422,-0.207268,2.819437,-1.354425,-0.368528,-0.023578,0.43234,0.757947,2.676819,0.868418
4014,1776148722707,44.629232,-455.916,133.6264,-334.9773,-0.065639,0.899513,-0.431924,0.003051,-0.205811,2.820428,-1.354299,-0.368742,-0.023762,0.4324,0.757839,2.678785,0.869447
4015,1776148722718,44.640343,-455.9991,133.5225,-334.964,-0.06517,0.899273,-0.432502,0.002084,-0.204465,2.821405,-1.356944,-0.368838,-0.023868,0.432436,0.757821,2.679806,0.869976
4016,1776148722729,44.651454,-455.9568,133.4727,-334.4452,-0.064726,0.899312,-0.432489,0.001461,-0.203155,2.822646,-1.357441,-0.368945,-0.023977,0.432468,0.757737,2.680835,0.870347
4017,1776148722740,44.662565,-456.0847,133.5487,-334.373,-0.06437,0.899289,-0.43259,0.0011,-0.202083,2.823224,-1.358072,-0.369147,-0.024193,0.432535,0.757687,2.682744,0.871323
4018,1776148722751,44.673677,-456.1967,133.5809,-334.1872,-0.063816,0.899038,-0.433195,0.000491,-0.200422,2.823528,-1.360498,-0.369235,-0.024296,0.432574,0.757726,2.683708,0.871718
4019,1776148722762,44.684788,-456.2243,133.7854,-333.9228,-0.063504,0.899107,-0.433098,0.000302,-0.199467,2.824085,-1.360358,-0.369444,-0.024478,0.432643,0.757835,2.685504,0.872578
4020,1776148722773,44.695899,-456.2905,133.661,-333.7558,0.0632,-0.89905,0.433261,0.000463,0.198489,-2.823617,1.360729,-0.36955,-0.0246,0.432669,0.757806,2.686422,0.872972
4021,1776148722785,44.707011,-456.3984,133.786,-333.5423,0.062867,-0.899135,0.433134,0.000639,0.197422,-2.823566,1.360176,-0.369662,-0.024717,0.432703,0.757782,2.687293,0.873514
4022,1776148722796,44.718122,-456.5737,133.695,-333.3968,0.062512,-0.898892,0.433687,0.001163,0.196242,-2.821864,1.361458,-0.369899,-0.024899,0.432747,0.757895,2.688963,0.874188
4023,1776148722807,44.729233,-456.4749,134.0595,-333.1205,0.062091,-0.89896,0.433605,0.001289,0.194906,-2.821852,1.361094,-0.370007,-0.025013,0.432793,0.757999,2.689844,0.874664
4024,1776148722818,44.740344,-456.573,133.8932,-333.0168,0.061686,-0.899341,0.432872,0.001728,0.193578,-2.822259,1.358413,-0.370113,-0.025094,0.432846,0.75818,2.69076,0.874926
4025,1776148722829,44.751456,-456.5434,134.0559,-332.8204,0.061061,-0.898958,0.433748,0.002915,0.191474,-2.818932,1.360135,-0.370331,-0.025313,0.432943,0.758503,2.692536,0.875734
4026,1776148722840,44.762567,-456.6641,134.0245,-332.876,0.060735,-0.899256,0.433175,0.00298,0.190442,-2.819749,1.358283,-0.370437,-0.025428,0.43299,0.75863,2.693424,0.876217
4027,1776148722851,44.773678,-456.6897,134.0759,-332.7487,0.060322,-0.898929,0.433909,0.003397,0.189099,-2.817977,1.360226,-0.370678,-0.025606,0.43304,0.758869,2.695043,0.876848
4028,1776148722862,44.784789,-456.6386,134.4057,-332.1755,0.059673,-0.898814,0.43423,0.00406,0.186987,-2.816433,1.360657,-0.370787,-0.02571,0.433085,0.759179,2.695872,0.877376
4029,1776148722873,44.795901,-456.7149,134.3989,-332.1107,0.059447,-0.899116,0.433629,0.004655,0.186206,-2.816318,1.358264,-0.370893,-0.025819,0.433127,0.759294,2.696709,0.877806
4030,1776148722885,44.807012,-456.8027,134.5206,-332.1383,0.058729,-0.898877,0.434214,0.005476,0.183861,-2.814101,1.359389,-0.371118,-0.026042,0.433213,0.759539,2.698387,0.878504
4031,1776148722896,44.818123,-456.7245,134.7489,-332.3065,0.058249,-0.898762,0.434513,0.005679,0.182335,-2.813383,1.360148,-0.371216,-0.026149,0.433258,0.759735,2.699236,0.8788
4032,1776148722907,44.829235,-456.5047,134.8305,-331.3443,0.057872,-0.898942,0.434191,0.005777,0.181143,-2.813769,1.359057,-0.371443,-0.026354,0.433343,0.760253,2.700784,0.879542
4033,1776148722918,44.840346,-456.6459,134.8444,-331.2817,0.057501,-0.898629,0.434882,0.006109,0.179944,-2.8122,1.360934,-0.371555,-0.026464,0.433369,0.760342,2.701565,0.879726
4034,1776148722929,44.851457,-456.7775,134.8464,-330.8299,0.057197,-0.898685,0.434802,0.006373,0.178966,-2.811906,1.360456,-0.371672,-0.026584,0.433401,0.760511,2.702277,0.880152
4035,1776148722940,44.862568,-456.9244,135.0894,-330.8215,0.056661,-0.898713,0.434807,0.006914,0.177226,-2.811029,1.360005,-0.3719,-0.026795,0.433497,0.760901,2.703793,0.880674
4036,1776148722951,44.873679,-456.9356,135.1563,-330.1628,0.056179,-0.898673,0.434943,0.007451,0.175658,-2.809949,1.35997,-0.372015,-0.026918,0.433536,0.761113,2.704502,0.881069
4037,1776148722962,44.884791,-456.9847,135.206,-329.9873,0.05565,-0.898837,0.434666,0.00777,0.17397,-2.809897,1.35883,-0.37222,-0.027135,0.433695,0.761783,2.70606,0.881725
4038,1776148722973,44.895902,-456.8693,135.3022,-329.9355,0.055361,-0.89871,0.434958,0.008134,0.173026,-2.808855,1.359431,-0.372333,-0.027269,0.433742,0.761977,2.706788,0.88207
4039,1776148722985,44.907013,-456.7242,135.487,-329.7576,0.054993,-0.898488,0.435462,0.008323,0.171857,-2.807822,1.360841,-0.372451,-0.027363,0.433791,0.762265,2.707487,0.882285
4040,1776148722996,44.918124,-456.7935,135.3074,-329.5981,0.054779,-0.898542,0.435371,0.008593,0.171158,-2.807513,1.360326,-0.372666,-0.027613,0.433892,0.762693,2.709008,0.882788
4041,1776148723007,44.929235,-456.5662,135.3995,-329.4601,0.054242,-0.898716,0.435068,0.00911,0.169426,-2.807142,1.358935,-0.372785,-0.027712,0.433923,0.763014,2.709639,0.883132
4042,1776148723018,44.940347,-456.7574,135.3313,-329.3022,0.053666,-0.89837,0.435838,0.009824,0.16755,-2.804797,1.360728,-0.372887,-0.027837,0.43399,0.763288,2.710404,0.88348
4043,1776148723029,44.951458,-456.8367,135.4181,-329.0934,0.053269,-0.898626,0.435354,0.010019,0.166291,-2.805251,1.35905,-0.373097,-0.028032,0.434092,0.763796,2.711872,0.883971
4044,1776148723040,44.962569,-456.8223,135.5142,-328.7796,0.052843,-0.898478,0.435701,0.01052,0.164907,-2.803902,1.359702,-0.373213,-0.028142,0.434129,0.764041,2.712615,0.884218
4045,1776148723051,44.97368,-456.9141,135.3823,-328.4404,0.052354,-0.898295,0.436119,0.011147,0.163319,-2.802226,1.360471,-0.373425,-0.028351,0.434213,0.764548,2.714131,0.884754
4046,1776148723062,44.984791,-456.8611,135.5106,-328.3152,0.052086,-0.89826,0.436225,0.011142,0.162482,-2.802122,1.360806,-0.373538,-0.028438,0.434225,0.764773,2.714832,0.884863
4047,1776148723073,44.995902,-457.1489,135.3508,-328.2244,0.051752,-0.898111,0.436561,0.011531,0.161401,-2.800973,1.36152,-0.373643,-0.028557,0.434259,0.764936,2.715568,0.885202
4048,1776148723085,45.007014,-457.2109,135.6112,-327.9798,0.051431,-0.898232,0.436345,0.011752,0.160378,-2.80096,1.360655,-0.373857,-0.028743,0.434317,0.765338,2.717109,0.885629
4049,1776148723096,45.018125,-457.3346,135.6523,-327.8122,0.051106,-0.898099,0.436636,0.012455,0.159294,-2.799307,1.36096,-0.373968,-0.028853,0.43432,0.765398,2.717823,0.885774
4050,1776148723107,45.029236,-457.2444,135.6354,-327.6873,0.050601,-0.897951,0.436986,0.012922,0.157674,-2.798022,1.361653,-0.374169,-0.029025,0.434383,0.765738,2.71938,0.886176
4051,1776148723118,45.040347,-457.4482,135.45,-327.5614,0.050366,-0.897893,0.437125,0.013171,0.156916,-2.797403,1.361871,-0.374287,-0.02911,0.434384,0.765911,2.720084,0.886385
4052,1776148723129,45.051458,-457.3474,135.7875,-327.2005,0.050233,-0.897882,0.437148,0.013666,0.156454,-2.796498,1.361519,-0.374388,-0.029176,0.434424,0.766092,2.720882,0.886546
4053,1776148723140,45.06257,-457.3551,135.7199,-327.085,0.04967,-0.897839,0.437278,0.014377,0.154629,-2.795116,1.361316,-0.374604,-0.029361,0.434426,0.766131,2.722356,0.886887
4054,1776148723151,45.073681,-457.3563,135.6838,-326.8928,0.049496,-0.897733,0.437508,0.014587,0.154068,-2.794417,1.361851,-0.374709,-0.029439,0.434461,0.766243,2.723141,0.887108
4055,1776148723162,45.084792,-457.3537,135.8908,-326.7325,0.049312,-0.897366,0.438279,0.01462,0.153494,-2.793217,1.364224,-0.374921,-0.029587,0.434511,0.766375,2.724689,0.887324
4056,1776148723173,45.095904,-457.4344,135.905,-326.649,0.048939,-0.897412,0.438212,0.01504,0.152292,-2.792625,1.363657,-0.375021,-0.029691,0.434537,0.766449,2.725543,0.887544
4057,1776148723185,45.107015,-457.3379,136.048,-326.5722,0.048816,-0.897469,0.438101,0.015301,0.151884,-2.792344,1.363087,-0.375135,-0.029777,0.434547,0.766378,2.726305,0.887643
4058,1776148723196,45.118126,-457.532,135.9788,-326.1884,0.048426,-0.897258,0.438547,0.016101,0.150594,-2.790288,1.36379,-0.375341,-0.029971,0.434626,0.766424,2.728059,0.887955
4059,1776148723207,45.129237,-457.6276,136.0596,-325.8802,0.048061,-0.897116,0.438864,0.016492,0.149423,-2.789159,1.364442,-0.375439,-0.030045,0.43467,0.766448,2.72891,0.888065
4060,1776148723218,45.140348,-457.5873,136.0091,-325.6585,0.047846,-0.897015,0.43907,0.017122,0.148696,-2.787745,1.364542,-0.375541,-0.030141,0.434697,0.766388,2.729781,0.88814
4061,1776148723229,45.151459,-457.6923,136.1843,-325.4344,0.047718,-0.896972,0.439162,0.017354,0.148277,-2.787206,1.364629,-0.375755,-0.030317,0.434753,0.766191,2.731491,0.888268
4062,1776148723240,45.162571,-457.512,136.1959,-325.3148,0.047424,-0.896904,0.439309,0.017933,0.147308,-2.785985,1.364591,-0.375855,-0.03042,0.434799,0.766082,2.732413,0.888377
4063,1776148723251,45.173682,-457.5547,136.3552,-325.3071,0.047219,-0.896784,0.439562,0.018264,0.146641,-2.785036,1.365095,-0.376059,-0.030579,0.434882,0.765897,2.734157,0.888509
4064,1776148723262,45.184793,-457.373,136.372,-325.0168,0.047004,-0.896546,0.440054,0.018645,0.145939,-2.783633,1.366299,-0.376167,-0.030675,0.434919,0.765705,2.735062,0.888529
4065,1776148723273,45.195904,-457.4888,136.5449,-325.0526,0.046869,-0.896398,0.440347,0.019228,0.145469,-2.782156,1.366707,-0.376265,-0.030749,0.434986,0.76564,2.736003,0.888638
4066,1776148723285,45.207015,-457.593,136.7647,-324.6685,0.046292,-0.896478,0.440192,0.020364,0.143575,-2.780432,1.365258,-0.376478,-0.030913,0.435078,0.765368,2.737934,0.888704
4067,1776148723296,45.218126,-457.7519,136.671,-324.5527,0.046165,-0.896391,0.440376,0.020517,0.143168,-2.779895,1.365698,-0.376583,-0.030993,0.435131,0.765173,2.738915,0.888691
4068,1776148723307,45.229238,-457.9006,136.6361,-324.5547,0.045721,-0.896223,0.440729,0.021269,0.141724,-2.778068,1.366152,-0.376809,-0.031146,0.435195,0.765002,2.740784,0.888783
4069,1776148723318,45.240349,-457.8544,136.6582,-324.2368,0.045685,-0.896155,0.440838,0.021913,0.141556,-2.776744,1.36594,-0.376921,-0.031231,0.435231,0.764746,2.741801,0.888816
4070,1776148723329,45.25146,-457.9582,136.9138,-323.9846,0.045205,-0.8962,0.440777,0.022302,0.140035,-2.77621,1.365418,-0.377017,-0.031341,0.43528,0.764639,2.742846,0.88892
4071,1776148723340,45.262571,-458.0747,136.8913,-324.0571,0.044917,-0.895928,0.441307,0.02332,0.139053,-2.773605,1.366195,-0.377226,-0.031473,0.435378,0.76446,2.744909,0.888966
4072,1776148723351,45.273683,-458.2723,136.8817,-323.6981,0.044834,-0.895767,0.441636,0.02344,0.138786,-2.772899,1.367111,-0.377332,-0.031543,0.435405,0.764283,2.745895,0.88899
4073,1776148723362,45.284794,-458.1931,137.0076,-323.5876,0.044514,-0.895605,0.441959,0.024139,0.137737,-2.771192,1.367514,-0.377546,-0.031698,0.435457,0.763741,2.747896,0.888977
4074,1776148723373,45.295905,-458.0804,137.0979,-323.437,0.044476,-0.895544,0.442076,0.024313,0.137602,-2.770702,1.367729,-0.37764,-0.031787,0.435512,0.763534,2.749004,0.889057
4075,1776148723385,45.307017,-458.2283,137.0135,-323.4288,0.044074,-0.895414,0.44232,0.025374,0.13627,-2.768473,1.367581,-0.377744,-0.03187,0.435533,0.76318,2.750041,0.889051
4076,1776148723396,45.318128,-458.3604,137.0348,-323.3852,0.043619,-0.895264,0.442628,0.02608,0.134804,-2.766794,1.367933,-0.37796,-0.031975,0.43557,0.762629,2.752025,0.889042
4077,1776148723407,45.329239,-458.5338,136.9876,-323.211,0.043547,-0.895255,0.442637,0.026376,0.134555,-2.766256,1.367708,-0.37805,-0.032032,0.43562,0.762455,2.75311,0.889062
4078,1776148723418,45.34035,-458.3546,137.0462,-322.9991,0.043154,-0.894931,0.443254,0.027611,0.133238,-2.763135,1.368566,-0.378159,-0.032114,0.435637,0.762145,2.754199,0.889089
4079,1776148723429,45.351461,-458.3942,137.2545,-322.6597,0.043058,-0.894634,0.443848,0.02783,0.132926,-2.761845,1.370212,-0.37835,-0.032269,0.435725,0.761542,2.756446,0.889131
4080,1776148723440,45.362573,-458.4332,137.2871,-322.5692,0.042883,-0.894653,0.443807,0.028139,0.132358,-2.761374,1.369823,-0.378454,-0.032339,0.435745,0.761185,2.757543,0.889205
4081,1776148723451,45.373684,-458.4583,137.4709,-322.3935,0.042457,-0.894481,0.444134,0.029082,0.130969,-2.759229,1.370033,-0.378652,-0.032448,0.435803,0.760704,2.759765,0.889239
4082,1776148723462,45.384795,-458.4411,137.3347,-322.1841,0.04243,-0.894429,0.444213,0.029531,0.130847,-2.758299,1.369892,-0.378752,-0.03251,0.435839,0.760422,2.760911,0.889268
4083,1776148723473,45.395906,-458.6071,137.3501,-322.2488,0.042367,-0.894468,0.444117,0.029881,0.130625,-2.757821,1.3693,-0.378844,-0.032586,0.43587,0.760081,2.762066,0.889292
4084,1776148723485,45.407018,-458.6329,137.642,-321.932,0.042008,-0.894114,0.444791,0.030925,0.129436,-2.75495,1.370493,-0.379034,-0.032716,0.435924,0.759317,2.764296,0.88928
4085,1776148723496,45.418129,-458.791,137.5367,-321.9047,0.041881,-0.894056,0.444902,0.031191,0.129022,-2.754316,1.370609,-0.379139,-0.03276,0.435955,0.758985,2.765413,0.889219
4086,1776148723507,45.42924,-458.6787,137.6648,-321.6183,0.04178,-0.893912,0.445177,0.031512,0.128687,-2.753329,1.371184,-0.379321,-0.032886,0.436013,0.758218,2.767664,0.889093
4087,1776148723518,45.440352,-458.7578,137.5971,-321.4872,0.041369,-0.893665,0.445634,0.032594,0.127336,-2.750725,1.371672,-0.379406,-0.032962,0.436077,0.757951,2.76889,0.889125
4088,1776148723529,45.451463,-458.7837,137.8365,-321.4522,0.041179,-0.893299,0.446336,0.033249,0.1267,-2.748488,1.373278,-0.379507,-0.03303,0.436088,0.757582,2.76996,0.889101
4089,1776148723540,45.462574,-458.9178,137.6085,-321.3752,0.040797,-0.893306,0.446298,0.034017,0.125465,-2.747208,1.372512,-0.379694,-0.033133,0.436162,0.756989,2.772271,0.888912
4090,1776148723551,45.473685,-459.0349,137.5298,-321.3169,0.040699,-0.893127,0.446632,0.034452,0.12513,-2.745921,1.373171,-0.379803,-0.033177,0.436172,0.756669,2.773326,0.888843
4091,1776148723562,45.484797,-459.1059,137.4875,-321.0553,0.040493,-0.893014,0.446835,0.035002,0.124453,-2.744641,1.373327,-0.38,-0.033303,0.436226,0.755989,2.775677,0.888588
4092,1776148723573,45.495908,-459.0773,137.7634,-321.0666,0.040213,-0.892803,0.447202,0.035995,0.123516,-2.742315,1.373616,-0.380096,-0.033391,0.436258,0.755573,2.776875,0.888561
4093,1776148723585,45.507019,-459.3401,137.6551,-320.9066,0.040007,-0.892722,0.447348,0.036422,0.122853,-2.741344,1.373701,-0.380192,-0.033447,0.436283,0.755309,2.778001,0.888441
4094,1776148723596,45.51813,-459.3619,137.7979,-320.8139,0.039835,-0.892555,0.447669,0.036762,0.122297,-2.740257,1.374399,-0.380395,-0.033556,0.436341,0.754652,2.780359,0.888165
4095,1776148723607,45.529242,-459.4019,138.123,-320.4911,0.039672,-0.892375,0.448004,0.037233,0.121763,-2.73891,1.375029,-0.380486,-0.033603,0.436373,0.754458,2.781529,0.888095
4096,1776148723618,45.540353,-459.4515,137.8414,-320.3629,0.039679,-0.892248,0.448219,0.037673,0.121751,-2.73778,1.37532,-0.380593,-0.033642,0.436379,0.7541,2.782642,0.887804
4097,1776148723629,45.551464,-459.2556,138.0715,-320.2677,0.039298,-0.891854,0.448956,0.038596,0.120512,-2.73502,1.376799,-0.380799,-0.03376,0.436438,0.753408,2.785018,0.887553
4098,1776148723640,45.562575,-459.3541,138.1388,-320.3881,0.039177,-0.891859,0.448939,0.038817,0.120126,-2.734663,1.37656,-0.380895,-0.033815,0.436473,0.753123,2.78618,0.887403
4099,1776148723651,45.573686,-459.4496,138.4099,-320.1504,0.03892,-0.891667,0.449306,0.039232,0.119307,-2.733377,1.377334,-0.381085,-0.033924,0.436526,0.752374,2.788663,0.886867
4100,1776148723662,45.584798,-459.6496,138.0691,-319.7128,0.039321,-0.891399,0.449683,0.040586,0.120436,-2.730284,1.377345,-0.381187,-0.033978,0.436567,0.751739,2.79012,0.886299
4101,1776148723673,45.595909,-459.8419,137.9671,-319.6377,0.039845,-0.890608,0.451146,0.041187,0.121999,-2.726859,1.381317,-0.381289,-0.03405,0.436601,0.750712,2.79169,0.885437
4102,1776148723685,45.60702,-459.7441,138.1146,-319.3191,0.039993,-0.89025,0.451707,0.04262,0.122344,-2.723369,1.38182,-0.381505,-0.034174,0.436627,0.748201,2.794865,0.883364
4103,1776148723696,45.618131,-459.9228,138.082,-319.3431,0.04033,-0.889714,0.452685,0.04312,0.123337,-2.720895,1.384387,-0.381607,-0.034203,0.436643,0.746914,2.796502,0.882156
4104,1776148723707,45.629243,-459.7316,138.5694,-319.5043,0.040904,-0.889035,0.453909,0.043707,0.125046,-2.717844,1.387633,-0.38181,-0.034309,0.436729,0.744002,2.799994,0.879659
4105,1776148723718,45.640354,-459.7954,138.6122,-319.4874,0.041117,-0.888847,0.454144,0.044876,0.125609,-2.715328,1.387361,-0.381916,-0.034355,0.436772,0.742515,2.801769,0.87823
4106,1776148723729,45.651465,-459.973,138.7697,-319.3137,0.041377,-0.888508,0.454662,0.046098,0.126308,-2.712266,1.387904,-0.382008,-0.034427,0.436839,0.741052,2.803583,0.87689
4107,1776148723740,45.662576,-460.1665,138.7467,-319.0201,0.042129,-0.888073,0.455422,0.046278,0.12859,-2.710643,1.390072,-0.382211,-0.034552,0.436911,0.737917,2.807092,0.873972
4108,1776148723751,45.673688,-460.0722,138.7228,-318.9246,0.042433,-0.88767,0.456053,0.047513,0.12942,-2.707371,1.390951,-0.382316,-0.034612,0.436954,0.736426,2.808769,0.872579
4109,1776148723762,45.684799,-460.1185,138.8911,-318.4971,0.042696,-0.887187,0.456883,0.048315,0.130158,-2.704577,1.392801,-0.382546,-0.034704,0.437009,0.733435,2.811993,0.869743
4110,1776148723773,45.69591,-460.1419,138.7161,-318.2869,0.043178,-0.886574,0.457927,0.049244,0.131552,-2.701179,1.395195,-0.382661,-0.034776,0.437032,0.731821,2.813624,0.868292
4111,1776148723785,45.707021,-460.3413,138.5569,-318.1204,0.043654,-0.886277,0.458377,0.049988,0.132942,-2.69905,1.395933,-0.382776,-0.034819,0.437068,0.73045,2.815159,0.866849
4112,1776148723796,45.718133,-460.3456,138.8312,-318.124,0.044084,-0.885868,0.459083,0.05037,0.134221,-2.697181,1.397757,-0.383002,-0.034962,0.437102,0.727604,2.818165,0.864228
4113,1776148723807,45.729244,-460.5341,138.8983,-318.1659,0.044152,-0.88539,0.459885,0.051395,0.134345,-2.694044,1.399329,-0.383116,-0.03502,0.437112,0.726319,2.819554,0.862954
4114,1776148723818,45.740355,-460.6091,138.8344,-317.9037,0.044651,-0.885168,0.460223,0.051752,0.135834,-2.692787,1.400054,-0.383215,-0.035093,0.437146,0.725043,2.821022,0.86164
4115,1776148723829,45.751469,-460.4274,138.8296,-317.7629,0.044812,-0.884805,0.460796,0.05271,0.136245,-2.690118,1.400982,-0.383426,-0.035227,0.437198,0.722693,2.823757,0.85933
4116,1776148723840,45.762581,-460.4865,139.0918,-317.567,0.045429,-0.884569,0.461202,0.052598,0.13813,-2.689583,1.402309,-0.383532,-0.035289,0.437223,0.72155,2.825046,0.858172
4117,1776148723851,45.773692,-460.7123,139.1467,-317.3557,0.04529,-0.884389,0.461434,0.053696,0.137614,-2.687246,1.402082,-0.383758,-0.035436,0.437266,0.719368,2.827575,0.855955
4118,1776148723862,45.784803,-460.8155,139.3272,-317.1203,0.045414,-0.883829,0.46239,0.054593,0.137916,-2.684083,1.404223,-0.383858,-0.035512,0.437298,0.718423,2.828786,0.854954
4119,1776148723873,45.795914,-460.9312,139.5408,-316.8083,0.045545,-0.883506,0.462921,0.055209,0.138264,-2.682101,1.40531,-0.38396,-0.035578,0.437338,0.717563,2.829938,0.854017
4120,1776148723885,45.807026,-460.7986,139.5894,-316.6963,0.045611,-0.883433,0.463004,0.05561,0.138428,-2.68123,1.405223,-0.384165,-0.0357,0.437425,0.715979,2.832228,0.852116
4121,1776148723896,45.818137,-460.7944,139.7412,-316.5243,0.045768,-0.882896,0.46392,0.056372,0.138843,-2.678366,1.407354,-0.384267,-0.035796,0.437457,0.715073,2.833314,0.851244
4122,1776148723907,45.829248,-461.006,139.649,-316.5246,0.046249,-0.882393,0.464866,0.056063,0.140328,-2.677341,1.410486,-0.384466,-0.035936,0.437552,0.713496,2.835342,0.849519
4123,1776148723918,45.84036,-461.123,139.6275,-316.4748,0.046438,-0.882465,0.464667,0.05642,0.14087,-2.676979,1.409579,-0.384573,-0.035999,0.437596,0.712751,2.836311,0.84867
4124,1776148723929,45.851471,-460.9384,139.8399,-316.1083,0.046432,-0.882145,0.465189,0.057126,0.140793,-2.674866,1.410559,-0.384678,-0.036064,0.437645,0.712107,2.837243,0.847921
4125,1776148723940,45.862582,-461.0231,139.9284,-316.0954,0.046627,-0.882147,0.465134,0.05739,0.141361,-2.674445,1.410168,-0.384894,-0.036204,0.437727,0.710674,2.839041,0.846268
4126,1776148723951,45.873693,-461.1024,139.9203,-316.0282,0.046648,-0.881696,0.465882,0.05823,0.141353,-2.671721,1.411718,-0.38499,-0.03629,0.437788,0.710102,2.839933,0.845554
4127,1776148723962,45.884804,-461.2547,139.9777,-315.8411,0.046702,-0.881587,0.466055,0.058448,0.141498,-2.67104,1.412058,-0.385211,-0.036448,0.437858,0.708788,2.841521,0.843983
4128,1776148723973,45.895916,-461.4447,139.9998,-315.6602,0.047105,-0.881254,0.46665,0.058391,0.142725,-2.670125,1.413909,-0.385324,-0.03649,0.437915,0.708303,2.842268,0.843265
4129,1776148723985,45.907027,-461.5007,140.1085,-315.6365,0.047037,-0.881121,0.466856,0.058822,0.142481,-2.669025,1.414164,-0.385449,-0.036563,0.437929,0.707686,2.842919,0.842467
4130,1776148723996,45.918138,-461.5899,140.2017,-315.3668,0.047222,-0.880704,0.467571,0.059229,0.143006,-2.667107,1.415982,-0.38568,-0.036699,0.438019,0.706595,2.844281,0.840938
4131,1776148724007,45.929249,-461.604,140.1572,-315.1555,0.047544,-0.880707,0.46753,0.059251,0.14398,-2.667082,1.415841,-0.385791,-0.036772,0.438055,0.706115,2.844836,0.840235
4132,1776148724018,45.940361,-461.8512,140.2423,-314.7875,0.047395,-0.880328,0.468184,0.059839,0.143478,-2.664988,1.417319,-0.385893,-0.036865,0.438107,0.705506,2.845587,0.839527
4133,1776148724029,45.951472,-461.8006,140.3643,-314.7013,0.047885,-0.880405,0.468059,0.059291,0.14501,-2.666102,1.417409,-0.386139,-0.036984,0.438178,0.704589,2.846636,0.838034
4134,1776148724040,45.962583,-461.9739,140.3041,-314.5373,0.048031,-0.879992,0.468743,0.059896,0.145397,-2.663881,1.418961,-0.38624,-0.037082,0.438235,0.704102,2.847237,0.837396
4135,1776148724051,45.973695,-461.909,140.4253,-314.3196,0.047853,-0.879728,0.469142,0.060785,0.144782,-2.661654,1.419407,-0.386495,-0.037208,0.438292,0.702923,2.848156,0.836021
4136,1776148724062,45.984806,-461.9806,140.3495,-314.1195,0.048048,-0.879618,0.469333,0.060742,0.145374,-2.661392,1.420024,-0.38661,-0.037268,0.438346,0.702501,2.848698,0.835337
4137,1776148724073,45.995917,-462.2178,140.1599,-314.0772,0.04819,-0.879412,0.469691,0.060846,0.145796,-2.660601,1.421018,-0.386732,-0.037337,0.438363,0.702017,2.849081,0.834692
4138,1776148724085,46.007028,-461.8607,140.4932,-313.9319,0.048509,-0.879223,0.470004,0.06091,0.146756,-2.659926,1.421911,-0.38697,-0.037468,0.438427,0.700901,2.849917,0.833367
4139,1776148724096,46.018139,-462.1695,140.3929,-313.6996,0.048557,-0.879083,0.470253,0.060974,0.146896,-2.6594,1.422609,-0.387072,-0.037516,0.438485,0.700696,2.850306,0.832782
4140,1776148724107,46.02925,-462.2104,140.2296,-313.6832,0.049123,-0.879075,0.470198,0.061059,0.148599,-2.65924,1.42237,-0.387328,-0.037664,0.438512,0.699428,2.850887,0.831419
4141,1776148724118,46.040362,-462.2188,140.6695,-313.455,0.049324,-0.87891,0.470474,0.061142,0.149201,-2.658607,1.423134,-0.387435,-0.03773,0.438558,0.699043,2.851205,0.830816
4142,1776148724129,46.051473,-462.4094,140.5324,-313.275,0.049613,-0.87874,0.470722,0.061448,0.150046,-2.657603,1.42362,-0.387564,-0.037782,0.438577,0.698418,2.851439,0.830116
4143,1776148724140,46.062584,-462.4592,140.529,-312.8176,0.049665,-0.878642,0.470888,0.061532,0.150196,-2.657173,1.424052,-0.387819,-0.03791,0.438616,0.697392,2.851913,0.828878
4144,1776148724151,46.073695,-462.588,140.5698,-312.6033,0.050107,-0.878762,0.470605,0.061624,0.151523,-2.657389,1.423114,-0.387941,-0.037986,0.438649,0.696689,2.852152,0.828213
4145,1776148724162,46.084806,-462.6941,140.9875,-312.4951,0.050106,-0.878515,0.471046,0.061781,0.151508,-2.656391,1.424315,-0.388175,-0.038132,0.43873,0.695646,2.85263,0.826998
4146,1776148724173,46.095918,-462.7715,141.0227,-312.5161,0.050835,-0.878353,0.471297,0.061576,0.153731,-2.656227,1.42525,-0.388292,-0.038178,0.43876,0.695089,2.852812,0.826303
4147,1776148724185,46.107029,-462.9622,141.1216,-312.3589,0.050837,-0.878279,0.471424,0.061649,0.153729,-2.655888,1.425571,-0.388421,-0.038237,0.438767,0.694619,2.852899,0.825721
4148,1776148724196,46.11814,-462.9124,141.2645,-312.2918,0.051383,-0.878073,0.4717,0.062026,0.155344,-2.654662,1.426082,-0.388662,-0.038352,0.438809,0.693244,2.853125,0.824234
4149,1776148724207,46.129251,-463.0021,141.4153,-312.1353,0.051319,-0.87795,0.471938,0.062011,0.155154,-2.654314,1.426815,-0.388767,-0.038431,0.438847,0.692814,2.853256,0.823642
4150,1776148724218,46.140363,-463.0724,141.2561,-311.9801,0.051604,-0.877659,0.472494,0.061661,0.156047,-2.653993,1.428796,-0.388874,-0.038512,0.438881,0.692581,2.853204,0.823356
4151,1776148724229,46.151474,-463.1923,141.3094,-311.8128,0.05156,-0.878182,0.471625,0.060895,0.155986,-2.6568,1.426828,-0.389111,-0.038625,0.438929,0.692755,2.85261,0.823207
4152,1776148724240,46.162585,-463.2542,141.1532,-311.6725,0.051518,-0.878204,0.471616,0.060674,0.15588,-2.657221,1.42699,-0.389219,-0.038663,0.438956,0.693094,2.852196,0.823293
4153,1776148724251,46.173696,-463.2984,141.0375,-311.4033,0.051609,-0.878544,0.471088,0.059786,0.156239,-2.659671,1.426153,-0.389439,-0.038786,0.438998,0.693899,2.851116,0.82374
4154,1776148724262,46.184807,-463.1258,140.9952,-311.1248,0.051279,-0.878409,0.47134,0.060051,0.155216,-2.658841,1.426691,-0.389547,-0.038863,0.439023,0.694328,2.850517,0.824004
4155,1776148724273,46.195918,-463.2789,141.1957,-310.8807,0.051159,-0.878654,0.470947,0.05966,0.154888,-2.660206,1.425838,-0.389656,-0.038901,0.439057,0.69501,2.849889,0.824307
4156,1776148724285,46.20703,-463.6182,141.1218,-310.9751,0.050791,-0.878875,0.470574,0.059659,0.153775,-2.660878,1.424708,-0.389871,-0.039002,0.439119,0.696379,2.848553,0.824965
4157,1776148724296,46.218141,-463.9462,141.2576,-310.7101,0.050716,-0.879077,0.4703,0.058907,0.153617,-2.662697,1.424525,-0.38998,-0.039053,0.439148,0.697069,2.847856,0.825243
4158,1776148724307,46.229252,-463.9713,141.1272,-310.6859,0.050488,-0.879436,0.469633,0.059069,0.152913,-2.663523,1.422364,-0.390221,-0.039132,0.439195,0.69841,2.84635,0.825784
4159,1776148724318,46.240363,-464.166,141.5166,-310.624,0.050622,-0.879705,0.469239,0.058071,0.153411,-2.665945,1.422027,-0.390337,-0.039185,0.439195,0.69899,2.845557,0.826065
4160,1776148724329,46.251475,-464.182,141.5511,-310.5446,0.050656,-0.879575,0.469484,0.058019,0.153517,-2.665637,1.422815,-0.390447,-0.039234,0.439214,0.699533,2.844767,0.826322
4161,1776148724340,46.262586,-464.1016,141.7115,-310.2827,0.050536,-0.879642,0.469425,0.057591,0.153193,-2.666528,1.423004,-0.390647,-0.03936,0.4393,0.700515,2.84338,0.826795
4162,1776148724351,46.273697,-464.1104,141.5124,-310.3236,0.050917,-0.879886,0.469034,0.056711,0.15443,-2.668686,1.422575,-0.390738,-0.039409,0.439347,0.700982,2.842674,0.826978
4163,1776148724362,46.284808,-464.27,141.4676,-310.255,0.050897,-0.87982,0.469179,0.056551,0.154385,-2.668743,1.423154,-0.390955,-0.039505,0.439373,0.701703,2.841075,0.827176
4164,1776148724373,46.295919,-464.3282,141.612,-309.8893,0.050966,-0.879931,0.46899,0.056331,0.154616,-2.669435,1.42277,-0.391063,-0.039554,0.439373,0.701961,2.840285,0.827178
4165,1776148724385,46.307031,-464.3418,141.4978,-309.7418,0.051253,-0.880047,0.468837,0.055528,0.155561,-2.671085,1.422996,-0.391162,-0.039608,0.439395,0.702273,2.8395,0.827269
4166,1776148724396,46.318142,-464.2884,141.6403,-309.5152,0.051133,-0.880246,0.468472,0.055564,0.155195,-2.671631,1.421857,-0.391338,-0.039709,0.439465,0.702859,2.838017,0.827344
4167,1776148724407,46.329253,-464.3659,141.8584,-309.3505,0.051867,-0.880423,0.46822,0.05418,0.157553,-2.674409,1.422283,-0.391414,-0.039781,0.439513,0.70306,2.837256,0.827374
4168,1776148724418,46.340365,-464.3252,142.1713,-309.3879,0.051799,-0.880396,0.468234,0.054551,0.157311,-2.673727,1.422008,-0.391587,-0.039893,0.439591,0.703342,2.835641,0.82737
4169,1776148724429,46.351476,-464.3954,142.2645,-309.1301,0.05221,-0.880654,0.467836,0.053418,0.158668,-2.676345,1.421773,-0.391681,-0.039951,0.439617,0.703449,2.834736,0.827345
4170,1776148724440,46.362587,-464.7046,142.0295,-308.9815,0.052386,-0.880493,0.468098,0.0536,0.159186,-2.675561,1.422414,-0.39177,-0.04,0.439655,0.703518,2.833882,0.827254
4171,1776148724451,46.373699,-464.7462,142.186,-308.7545,0.053111,-0.880873,0.467474,0.052059,0.161541,-2.679221,1.421847,-0.391987,-0.040089,0.439669,0.703429,2.831939,0.827018
4172,1776148724462,46.38481,-465.0058,142.2872,-308.7909,0.053221,-0.881,0.467216,0.052109,0.161869,-2.679527,1.42102,-0.392068,-0.040133,0.439721,0.703487,2.831075,0.826999
4173,1776148724473,46.395921,-464.8977,142.2299,-308.9791,0.053254,-0.881046,0.467122,0.052148,0.161965,-2.679601,1.420698,-0.392151,-0.040213,0.439759,0.703425,2.830201,0.826912
4174,1776148724485,46.407033,-464.9582,142.293,-308.654,0.053799,-0.881333,0.466598,0.051422,0.163696,-2.681658,1.419731,-0.392306,-0.040321,0.439841,0.70343,2.828373,0.826611
4175,1776148724496,46.418144,-464.923,142.2366,-308.4169,0.053915,-0.881085,0.467042,0.051523,0.16404,-2.680737,1.420996,-0.392397,-0.040377,0.439875,0.703426,2.827445,0.826469
4176,1776148724507,46.429255,-465.0093,142.3467,-308.322,0.054418,-0.881436,0.466424,0.050575,0.165665,-2.683352,1.419931,-0.392562,-0.040459,0.43996,0.703368,2.825419,0.826153
4177,1776148724518,46.440366,-465.1982,142.2361,-308.1748,0.055,-0.88177,0.465814,0.049753,0.167519,-2.685708,1.418783,-0.392644,-0.040477,0.439978,0.703263,2.824336,0.826032
4178,1776148724529,46.451478,-465.3423,142.1631,-308.0085,0.055591,-0.881596,0.466142,0.049083,0.16939,-2.686276,1.420363,-0.392722,-0.040507,0.440022,0.703167,2.823351,0.825785
4179,1776148724540,46.462589,-465.3542,142.0388,-307.9192,0.056197,-0.882104,0.465208,0.048125,0.171337,-2.689392,1.418345,-0.392857,-0.040556,0.4401,0.703035,2.821223,0.825541
4180,1776148724551,46.4737,-465.3416,142.1499,-307.7403,0.056199,-0.882146,0.465111,0.048284,0.171324,-2.68926,1.417912,-0.392936,-0.040592,0.440112,0.702907,2.820132,0.825405
4181,1776148724562,46.484812,-465.5475,141.7223,-307.6206,0.056644,-0.882048,0.465303,0.047704,0.172744,-2.689913,1.418996,-0.393042,-0.040675,0.440231,0.702875,2.81818,0.825207
4182,1776148724573,46.495923,-465.5095,141.9942,-307.6371,0.056847,-0.882167,0.465068,0.047565,0.173376,-2.690502,1.4184,-0.393098,-0.040719,0.440263,0.702683,2.817104,0.825069
4183,1776148724585,46.507034,-465.4749,142.0661,-307.4383,0.057925,-0.882404,0.464653,0.045882,0.176845,-2.69399,1.418591,-0.393152,-0.040747,0.440312,0.702528,2.816024,0.824872
4184,1776148724596,46.518145,-465.5552,142.2874,-307.4966,0.05813,-0.88209,0.465215,0.045959,0.177462,-2.692905,1.42024,-0.393267,-0.04084,0.440385,0.702206,2.813785,0.824655
4185,1776148724607,46.529257,-465.7002,142.2092,-307.4667,0.058093,-0.882596,0.464238,0.046175,0.177326,-2.694095,1.417071,-0.393326,-0.040882,0.440408,0.702071,2.812589,0.824521
4186,1776148724618,46.540368,-465.2968,142.3719,-307.1952,0.058807,-0.882447,0.464519,0.0453,0.179603,-2.695078,1.418685,-0.393393,-0.040926,0.440431,0.701822,2.811327,0.824362
4187,1776148724629,46.551479,-465.437,142.5334,-307.0743,0.059442,-0.88252,0.464391,0.044346,0.181647,-2.696873,1.419122,-0.393519,-0.040982,0.4405,0.701588,2.808665,0.824159
4188,1776148724640,46.56259,-465.2858,142.8405,-307.047,0.059832,-0.882853,0.463761,0.043789,0.182901,-2.698809,1.417679,-0.393556,-0.041047,0.440558,0.701449,2.807443,0.82412
4189,1776148724651,46.573702,-465.4467,142.4222,-306.8982,0.060821,-0.883218,0.463104,0.041963,0.186134,-2.702946,1.417254,-0.393634,-0.041113,0.440653,0.701327,2.804921,0.823957
4190,1776148724662,46.584813,-465.5824,142.5121,-306.7498,0.061396,-0.883658,0.462265,0.041109,0.187991,-2.705707,1.415429,-0.393677,-0.041136,0.440686,0.701273,2.803613,0.823884
4191,1776148724673,46.595924,-465.9819,142.2187,-307.0258,0.061603,-0.883355,0.462787,0.041448,0.188586,-2.704217,1.41673,-0.393698,-0.041154,0.440739,0.701265,2.802359,0.823798
4192,1776148724685,46.607035,-465.9577,142.3657,-307.3732,0.061864,-0.883398,0.462667,0.041476,0.189381,-2.704302,1.41634,-0.393796,-0.041181,0.44076,0.700983,2.79973,0.823747
4193,1776148724696,46.618146,-466.0252,142.2803,-307.2074,0.061832,-0.883407,0.462625,0.041803,0.189246,-2.703789,1.415927,-0.393831,-0.041204,0.440788,0.700819,2.79848,0.823774
4194,1776148724707,46.629258,-465.7767,142.4361,-307.3065,0.06305,-0.88393,0.46163,0.039875,0.193202,-2.70859,1.414553,-0.393903,-0.041253,0.44082,0.700529,2.795979,0.823895
4195,1776148724718,46.640369,-465.783,142.476,-307.2158,0.0628,-0.884107,0.46126,0.040621,0.192348,-2.707893,1.412771,-0.393937,-0.041287,0.44083,0.700439,2.794738,0.823967
4196,1776148724729,46.65148,-466.0305,142.6882,-306.6874,0.063979,-0.884971,0.459643,0.038226,0.196245,-2.714528,1.409891,-0.39397,-0.041308,0.440851,0.700304,2.793488,0.823963
4197,1776148724740,46.662591,-466.0842,142.3272,-306.6491,0.063952,-0.88489,0.459701,0.039428,0.19602,-2.712278,1.409029,-0.394081,-0.041378,0.440794,0.699742,2.790799,0.823932
4198,1776148724751,46.673703,-465.7672,142.4382,-306.5984,0.064874,-0.884489,0.460488,0.037701,0.199056,-2.713926,1.412939,-0.394115,-0.041383,0.440787,0.6996,2.789467,0.823851
4199,1776148724762,46.684814,-465.8649,142.7276,-306.4643,0.065822,-0.885648,0.458268,0.035843,0.202196,-2.720592,1.407738,-0.394195,-0.041424,0.440759,0.699281,2.786842,0.823873
4200,1776148724773,46.695925,-465.9662,142.9004,-306.3545,0.065786,-0.885334,0.458838,0.036382,0.202019,-2.718724,1.409021,-0.394241,-0.041454,0.440738,0.699065,2.785491,0.823829
4201,1776148724785,46.707036,-465.7448,142.7798,-306.1613,0.066194,-0.885746,0.458025,0.035856,0.203339,-2.72087,1.406978,-0.394263,-0.04149,0.440745,0.698943,2.78417,0.823906
4202,1776148724796,46.718148,-465.6321,143.1949,-306.1845,0.066998,-0.886028,0.45745,0.034727,0.205951,-2.723629,1.406192,-0.394316,-0.041556,0.440756,0.698685,2.781529,0.823947
4203,1776148724807,46.729259,-465.7443,143.2423,-306.0132,0.06762,-0.88605,0.457381,0.03384,0.207976,-2.72519,1.406748,-0.394348,-0.041584,0.440763,0.698493,2.780182,0.824077
4204,1776148724818,46.74037,-466.0694,142.9271,-306.086,0.06827,-0.886072,0.457293,0.033157,0.210064,-2.726406,1.407071,-0.394406,-0.041618,0.440775,0.698214,2.777515,0.823999
4205,1776148724829,46.751481,-465.9775,143.0041,-306.0843,0.068579,-0.886078,0.457278,0.032555,0.211094,-2.727439,1.407548,-0.394419,-0.041651,0.440812,0.698129,2.776277,0.824023
4206,1776148724840,46.762593,-466.0981,143.0837,-306.1377,0.069314,-0.886066,0.457259,0.031557,0.213488,-2.729086,1.40836,-0.394464,-0.041661,0.4408,0.697951,2.774827,0.823982
4207,1776148724851,46.773704,-466.3018,143.4019,-306.128,0.070246,-0.886551,0.456263,0.030265,0.216531,-2.732764,1.406416,-0.39451,-0.041719,0.440819,0.697582,2.77204,0.823805
4208,1776148724862,46.784815,-466.4674,143.3983,-306.0868,0.0694,-0.886711,0.455963,0.03202,0.213691,-2.730291,1.403964,-0.39452,-0.041757,0.440848,0.697335,2.770774,0.823794
4209,1776148724873,46.795926,-466.7228,143.2877,-306.0854,0.06964,-0.886368,0.456574,0.032284,0.214395,-2.728788,1.405616,-0.394532,-0.041791,0.440881,0.697267,2.769492,0.823699
4210,1776148724885,46.807037,-466.8408,142.9531,-306.2471,0.070511,-0.886696,0.455891,0.031019,0.217248,-2.731933,1.404613,-0.394579,-0.041843,0.440888,0.697029,2.766828,0.823581
4211,1776148724896,46.818149,-466.3114,143.6525,-306.1088,0.071105,-0.887174,0.454933,0.030052,0.219207,-2.735043,1.402501,-0.39458,-0.041868,0.440908,0.696928,2.765534,0.823544
4212,1776148724907,46.82926,-466.0609,143.5275,-306.1789,0.071579,-0.887278,0.454688,0.029563,0.220735,-2.736193,1.402169,-0.394593,-0.041914,0.440964,0.69668,2.763045,0.823352
4213,1776148724918,46.840371,-466.4233,143.1198,-305.8726,0.072454,-0.887187,0.454812,0.028193,0.223623,-2.738238,1.403745,-0.394613,-0.041927,0.440969,0.696489,2.761711,0.823264
4214,1776148724929,46.851482,-466.0235,143.9121,-305.6901,0.073493,-0.887473,0.45419,0.026495,0.227069,-2.742009,1.403302,-0.394642,-0.04195,0.440962,0.696255,2.760438,0.823273
4215,1776148724940,46.862593,-466.563,142.7004,-305.4585,0.073817,-0.887756,0.453591,0.026385,0.228087,-2.743069,1.401547,-0.394683,-0.041991,0.440964,0.695964,2.757863,0.823254
4216,1776148724951,46.873705,-466.5543,142.4823,-305.295,0.074431,-0.887961,0.453151,0.025275,0.230142,-2.745598,1.401153,-0.394699,-0.042009,0.440985,0.695824,2.756634,0.823276
4217,1776148724962,46.884816,-466.7183,141.8974,-305.304,0.07457,-0.887971,0.453084,0.025742,0.230506,-2.744831,1.40054,-0.394772,-0.042041,0.440964,0.695322,2.754025,0.823137
4218,1776148724973,46.895927,-466.767,141.9158,-305.26,0.074992,-0.887699,0.453563,0.025461,0.231849,-2.744469,1.402265,-0.394798,-0.042077,0.440958,0.695006,2.752787,0.823118
4219,1776148724985,46.907039,-466.6175,142.3659,-305.2388,0.07499,-0.888311,0.452339,0.025888,0.231782,-2.745633,1.398111,-0.394837,-0.042088,0.440951,0.694709,2.751462,0.823095
4220,1776148724996,46.91815,-466.8272,142.7083,-305.2758,0.076585,-0.887764,0.453324,0.02254,0.237208,-2.749666,1.404078,-0.394882,-0.042107,0.440993,0.694363,2.749126,0.823184
4221,1776148725007,46.929261,-466.8806,142.8138,-305.1404,0.077237,-0.888079,0.452647,0.021478,0.239384,-2.752466,1.402909,-0.39492,-0.042114,0.440995,0.694165,2.747905,0.823163
4222,1776148725018,46.940372,-466.9933,142.8047,-305.5193,0.076482,-0.889591,0.449661,0.024165,0.236646,-2.752537,1.391325,-0.394943,-0.042135,0.44101,0.693883,2.746727,0.823127
4223,1776148725029,46.951484,-466.9345,142.739,-306.1343,0.076715,-0.889279,0.450237,0.024161,0.237369,-2.751581,1.39311,-0.394985,-0.042176,0.441076,0.693649,2.744452,0.823008
4224,1776148725040,46.962595,-466.8358,142.9485,-305.4754,0.077467,-0.889134,0.450482,0.022477,0.239948,-2.754019,1.395332,-0.395018,-0.042176,0.441086,0.693517,2.743233,0.82287
4225,1776148725051,46.973706,-466.9011,143.1083,-305.353,0.078552,-0.889505,0.449648,0.020654,0.243587,-2.758304,1.394334,-0.395066,-0.042213,0.441151,0.693297,2.740931,0.822785
4226,1776148725062,46.984817,-466.9991,142.9011,-305.106,0.078528,-0.889605,0.449424,0.02133,0.243409,-2.757449,1.39305,-0.3951,-0.042231,0.441159,0.693006,2.73974,0.82264
4227,1776148725073,46.995928,-467.035,143.1322,-304.9075,0.079348,-0.889711,0.449132,0.019951,0.246163,-2.760156,1.393346,-0.395133,-0.042239,0.441185,0.692779,2.738586,0.822568
4228,1776148725085,47.007039,-466.8032,143.3256,-304.7409,0.079892,-0.88957,0.449332,0.019587,0.247906,-2.760344,1.394283,-0.395191,-0.042267,0.441231,0.692341,2.736197,0.822444
4229,1776148725096,47.018151,-466.72,143.2053,-304.815,0.080339,-0.889818,0.448785,0.019014,0.249382,-2.762106,1.393083,-0.395212,-0.042273,0.441253,0.69216,2.735029,0.82241
4230,1776148725107,47.029262,-466.7491,143.065,-304.787,0.080712,-0.889682,0.448997,0.018793,0.250574,-2.762064,1.393935,-0.395255,-0.042325,0.441299,0.691577,2.732785,0.822395
4231,1776148725118,47.040374,-466.9292,143.0297,-304.9036,0.081878,-0.889667,0.448892,0.016873,0.2545,-2.76534,1.395286,-0.395288,-0.04232,0.441299,0.691277,2.731578,0.822355
4232,1776148725129,47.051485,-467.0863,142.9774,-305.0262,0.082144,-0.889658,0.448876,0.016467,0.255393,-2.766017,1.395589,-0.395306,-0.042314,0.441313,0.691106,2.730413,0.822315
4233,1776148725140,47.062596,-466.912,143.162,-304.4228,0.0825,-0.889483,0.449153,0.016574,0.256483,-2.765288,1.39636,-0.395327,-0.042337,0.441354,0.690789,2.728217,0.822222
4234,1776148725151,47.073707,-467.0084,142.8662,-304.6423,0.083051,-0.889895,0.448259,0.015919,0.258301,-2.767704,1.394152,-0.395363,-0.042345,0.441335,0.690418,2.727004,0.822178
4235,1776148725162,47.084819,-467.0256,143.0042,-304.4139,0.083637,-0.890206,0.447553,0.015354,0.260215,-2.769653,1.392449,-0.395415,-0.042363,0.441331,0.689817,2.724739,0.822027
4236,1776148725173,47.09593,-467.1118,142.8601,-304.6482,0.083628,-0.890927,0.446081,0.016328,0.260029,-2.770205,1.387023,-0.395445,-0.042376,0.441325,0.689475,2.723612,0.822003
4237,1776148725185,47.107041,-467.2313,142.8004,-304.6441,0.084117,-0.890886,0.446086,0.01593,0.261613,-2.770768,1.387382,-0.395455,-0.04237,0.441343,0.689281,2.722487,0.821991
4238,1776148725196,47.118153,-467.1255,142.8875,-304.6422,0.084592,-0.890566,0.44666,0.015193,0.263212,-2.771054,1.38981,-0.395527,-0.042407,0.441301,0.688614,2.720106,0.821813
4239,1776148725207,47.129264,-467.1176,142.9214,-304.5638,0.085258,-0.890668,0.446369,0.014044,0.265478,-2.773371,1.389908,-0.395552,-0.042397,0.441298,0.688458,2.718895,0.821622
4240,1776148725218,47.140375,-467.4579,143.0807,-304.7935,0.086354,-0.890765,0.446015,0.012278,0.269188,-2.776757,1.39035,-0.395598,-0.04242,0.44131,0.687962,2.716513,0.821197
4241,1776148725229,47.151486,-467.7652,142.8317,-304.9648,0.086301,-0.890958,0.445617,0.013067,0.268891,-2.775979,1.388419,-0.395635,-0.042431,0.441303,0.687644,2.715356,0.820943
4242,1776148725240,47.162598,-467.0155,142.9613,-304.0636,0.087744,-0.890676,0.445971,0.010418,0.273841,-2.779731,1.391841,-0.395664,-0.042424,0.441299,0.687404,2.714139,0.820739
4243,1776148725251,47.173709,-467.5248,142.739,-304.7478,0.087161,-0.891748,0.443869,0.012989,0.271583,-2.778577,1.383042,-0.39569,-0.042431,0.441338,0.686915,2.711945,0.820345
4244,1776148725262,47.18482,-467.5555,142.7678,-304.6656,0.087565,-0.891147,0.445008,0.01251,0.272923,-2.777541,1.387009,-0.39571,-0.04246,0.441338,0.686597,2.710856,0.820214
4245,1776148725273,47.195932,-467.4078,142.9351,-304.1442,0.088843,-0.891018,0.445074,0.010158,0.277319,-2.781258,1.38927,-0.395718,-0.04247,0.441353,0.686381,2.709763,0.820066
4246,1776148725285,47.207043,-467.3506,142.8492,-303.8581,0.08935,-0.890786,0.445455,0.009313,0.27905,-2.782014,1.391202,-0.395749,-0.042498,0.441391,0.685766,2.707632,0.819762
4247,1776148725296,47.218154,-467.1048,142.8742,-303.6722,0.090302,-0.89071,0.445441,0.008039,0.282248,-2.784016,1.392276,-0.395776,-0.0425,0.441413,0.685487,2.70653,0.819581
4248,1776148725307,47.229266,-467.3264,142.7343,-304.4485,0.089673,-0.891545,0.44385,0.010181,0.279905,-2.782862,1.385428,-0.39584,-0.042509,0.441411,0.684827,2.704238,0.819195
4249,1776148725318,47.240377,-467.4651,142.9657,-304.4093,0.090164,-0.891814,0.443221,0.009699,0.281523,-2.784547,1.383887,-0.395853,-0.042518,0.441453,0.684569,2.703259,0.818973
4250,1776148725329,47.251488,-467.4074,143.1238,-304.0069,0.091849,-0.891306,0.443947,0.006941,0.287284,-2.787814,1.38857,-0.395892,-0.042523,0.441443,0.684232,2.702071,0.818796
4251,1776148725340,47.262599,-467.4188,143.1406,-303.8546,0.091583,-0.891566,0.443449,0.008655,0.286143,-2.785609,1.385511,-0.395938,-0.042517,0.441474,0.683634,2.699864,0.818383
4252,1776148725351,47.27371,-467.7032,142.8454,-304.2422,0.091858,-0.892342,0.441836,0.008293,0.287067,-2.788671,1.380787,-0.395964,-0.042543,0.441469,0.683178,2.698811,0.81822
4253,1776148725362,47.284821,-467.8046,142.6515,-304.3976,0.092358,-0.89219,0.442041,0.008135,0.288658,-2.788474,1.381566,-0.39602,-0.042527,0.441474,0.682543,2.696632,0.817665
4254,1776148725373,47.295932,-467.5588,143.1966,-304.0997,0.093513,-0.892176,0.441859,0.00619,0.292628,-2.791861,1.382697,-0.396031,-0.042544,0.441493,0.682291,2.695597,0.817525
4255,1776148725385,47.307044,-467.7945,142.8818,-304.094,0.0944,-0.892169,0.441697,0.005148,0.295597,-2.793684,1.383103,-0.396063,-0.042536,0.441493,0.681905,2.694508,0.817164
4256,1776148725396,47.318155,-467.8159,143.1204,-304.0996,0.094666,-0.892363,0.441252,0.004874,0.296483,-2.794776,1.381948,-0.396118,-0.042565,0.441521,0.68119,2.692442,0.816708
4257,1776148725407,47.329266,-467.9128,143.1137,-304.0979,0.095777,-0.892158,0.44144,0.003527,0.300218,-2.79652,1.383718,-0.396141,-0.042565,0.441535,0.680907,2.691421,0.816329
4258,1776148725418,47.340378,-468.095,143.0837,-304.2212,0.095995,-0.892411,0.440883,0.003135,0.300978,-2.798011,1.382316,-0.396177,-0.042561,0.441543,0.680641,2.690394,0.816024
4259,1776148725429,47.351489,-468.0734,143.0693,-304.0895,0.096486,-0.892422,0.440755,0.003047,0.302532,-2.798201,1.381992,-0.396234,-0.042576,0.441581,0.68007,2.688334,0.815369
4260,1776148725440,47.3626,-468.1248,142.9412,-304.105,0.096788,-0.892252,0.441033,0.003044,0.30348,-2.797672,1.382867,-0.396253,-0.042594,0.441633,0.679875,2.687406,0.815094
4261,1776148725451,47.373711,-468.3944,142.6574,-304.0569,0.097283,-0.892489,0.440445,0.002658,0.305107,-2.799103,1.381362,-0.396313,-0.042586,0.441664,0.679356,2.685291,0.814296
4262,1776148725462,47.384822,-468.228,143.0809,-303.762,0.097877,-0.892374,0.440552,0.001799,0.307139,-2.800268,1.38245,-0.396334,-0.042616,0.441694,0.679161,2.684417,0.814054
4263,1776148725473,47.395934,-468.1407,143.0694,-303.8151,0.098282,-0.892369,0.440472,0.001687,0.308429,-2.800453,1.382299,-0.396383,-0.042618,0.441698,0.678727,2.683264,0.813651
4264,1776148725485,47.407045,-468.0621,143.3283,-303.716,0.099441,-0.892728,0.439487,0.000412,0.312321,-2.803851,1.380325,-0.39646,-0.042645,0.441715,0.678059,2.681153,0.812887
4265,1776148725496,47.418156,-468.122,143.4593,-303.6503,-0.09991,0.892551,-0.439739,0.000203,-0.313837,2.803671,-1.381301,-0.396497,-0.042675,0.441714,0.677788,2.680088,0.812525
4266,1776148725507,47.429267,-468.0852,143.3229,-303.5131,-0.100621,0.892704,-0.439264,0.001252,-0.315859,2.802281,-1.37889,-0.396563,-0.042719,0.441755,0.677205,2.678089,0.811747
4267,1776148725518,47.440379,-468.0504,143.3636,-303.487,-0.100776,0.89308,-0.438466,0.000893,-0.316419,2.804099,-1.376699,-0.3966,-0.042734,0.441779,0.676974,2.677105,0.811391
4268,1776148725529,47.45149,-468.0955,143.4081,-303.7694,-0.101149,0.892528,-0.439501,0.001014,-0.317563,2.802151,-1.379843,-0.396632,-0.042771,0.44181,0.676627,2.676124,0.811064
4269,1776148725540,47.462601,-468.2525,143.1523,-303.4643,-0.101931,0.892535,-0.439303,0.002303,-0.319758,2.799876,-1.378091,-0.396705,-0.042828,0.441865,0.676066,2.674116,0.8104
4270,1776148725551,47.473712,-468.3187,143.3001,-303.3419,-0.102244,0.892476,-0.439351,0.002001,-0.320801,2.800229,-1.378506,-0.396748,-0.042852,0.441869,0.67573,2.673079,0.809983
4271,1776148725562,47.484824,-468.3431,143.1,-303.2661,-0.103139,0.893031,-0.438006,0.002933,-0.323416,2.800314,-1.373473,-0.396843,-0.04286,0.441884,0.675086,2.670924,0.809116
4272,1776148725573,47.495935,-468.4703,143.2342,-303.3401,-0.103652,0.892681,-0.438592,0.003793,-0.324848,2.797688,-1.374562,-0.396895,-0.042904,0.441865,0.674556,2.669817,0.808729
4273,1776148725585,47.507046,-468.364,143.2416,-303.0758,-0.104233,0.892835,-0.43814,0.003938,-0.326638,2.797913,-1.373016,-0.39694,-0.042892,0.441872,0.674353,2.668744,0.808198
4274,1776148725596,47.518158,-468.3857,143.3818,-303.0312,-0.104954,0.893071,-0.437476,0.004916,-0.328696,2.796918,-1.370086,-0.397037,-0.042914,0.441873,0.673737,2.666609,0.807368
4275,1776148725607,47.529269,-468.5486,143.432,-302.9226,-0.105135,0.892519,-0.438562,0.004585,-0.329332,2.795774,-1.373775,-0.39708,-0.042939,0.441881,0.673356,2.665654,0.806751
4276,1776148725618,47.54038,-468.2755,143.7309,-302.7792,-0.106227,0.892974,-0.437349,0.006248,-0.3324,2.794257,-1.368534,-0.39717,-0.042972,0.441916,0.672772,2.663693,0.805927
4277,1776148725629,47.551491,-468.6585,143.6599,-302.9098,-0.10681,0.892998,-0.43715,0.006815,-0.334105,2.793329,-1.36742,-0.397213,-0.042992,0.441922,0.672432,2.662671,0.80535
4278,1776148725640,47.562604,-468.7472,143.3423,-303.0775,-0.106917,0.892671,-0.4378,0.006197,-0.334572,2.793399,-1.36999,-0.397248,-0.043012,0.441959,0.672165,2.661732,0.804899
4279,1776148725651,47.573715,-468.772,143.4225,-302.8418,-0.107576,0.892823,-0.437314,0.007151,-0.336431,2.792188,-1.367642,-0.397319,-0.043081,0.442008,0.671545,2.659664,0.803922
4280,1776148725662,47.584826,-468.5985,143.3745,-302.876,-0.108337,0.892875,-0.437006,0.00792,-0.338645,2.790996,-1.366015,-0.397359,-0.043097,0.442032,0.671362,2.658633,0.803364
4281,1776148725673,47.595937,-468.7164,143.3701,-302.8691,-0.108542,0.892829,-0.437052,0.007826,-0.339305,2.791015,-1.366239,-0.397401,-0.043122,0.442048,0.671082,2.657576,0.802804
4282,1776148725685,47.607049,-468.7241,143.258,-302.6949,-0.109381,0.892725,-0.437035,0.008803,-0.341717,2.78897,-1.365346,-0.397486,-0.043182,0.442068,0.670512,2.655457,0.801665
4283,1776148725696,47.61816,-468.7131,143.3434,-302.3883,-0.110244,0.892984,-0.436263,0.010014,-0.344152,2.787646,-1.361892,-0.397533,-0.0432,0.442079,0.670203,2.654358,0.801135
4284,1776148725707,47.629271,-468.9124,143.2048,-302.4555,-0.11143,0.893121,-0.435644,0.011517,-0.347524,2.785434,-1.358671,-0.397617,-0.04325,0.442072,0.669497,2.652212,0.799934
4285,1776148725718,47.640382,-469.0913,143.1083,-302.3755,-0.111704,0.89254,-0.436779,0.010888,-0.348515,2.784726,-1.362751,-0.397668,-0.043271,0.442052,0.669054,2.651082,0.799254
4286,1776148725729,47.651493,-469.1006,143.1982,-302.3464,-0.112256,0.892926,-0.435828,0.011663,-0.350067,2.78457,-1.35912,-0.3977,-0.043295,0.442069,0.668899,2.650125,0.79869
4287,1776148725740,47.662605,-469.473,143.0918,-302.3273,-0.112607,0.892905,-0.435763,0.01229,-0.351024,2.783407,-1.35838,-0.397784,-0.043351,0.442075,0.668457,2.648017,0.797602
4288,1776148725751,47.673716,-469.3818,143.1007,-302.5632,-0.113118,0.892623,-0.436212,0.012156,-0.352646,2.782762,-1.359895,-0.397828,-0.04337,0.442079,0.668181,2.646931,0.796978
4289,1776148725762,47.684827,-469.2773,143.4295,-302.2119,-0.113766,0.892746,-0.435763,0.013116,-0.354453,2.781464,-1.357676,-0.397919,-0.043409,0.442094,0.667719,2.644783,0.795732
4290,1776148725773,47.695939,-469.2017,143.4024,-302.1586,-0.114727,0.892969,-0.435018,0.014296,-0.357181,2.780094,-1.354349,-0.397958,-0.04345,0.4421,0.667316,2.643684,0.795117
4291,1776148725785,47.70705,-469.4308,143.1827,-301.9555,-0.114961,0.892437,-0.436056,0.014006,-0.357976,2.778946,-1.357827,-0.397997,-0.043472,0.442123,0.667105,2.642676,0.794487
4292,1776148725796,47.718161,-469.419,143.3469,-301.9391,-0.115689,0.892586,-0.435525,0.014986,-0.36002,2.777699,-1.355339,-0.398096,-0.043525,0.442106,0.666462,2.640396,0.793176
4293,1776148725807,47.729272,-469.2719,143.26,-301.9797,-0.116783,0.892605,-0.435144,0.016372,-0.36311,2.775346,-1.352977,-0.398153,-0.043545,0.442103,0.666116,2.639223,0.792497
4294,1776148725818,47.740383,-469.2591,143.4412,-301.9154,-0.116873,0.892555,-0.435232,0.016102,-0.363452,2.775659,-1.35348,-0.398231,-0.043575,0.442152,0.665718,2.637084,0.791209
4295,1776148725829,47.751495,-469.3945,143.3603,-301.8013,-0.117843,0.892197,-0.435652,0.017479,-0.366151,2.772151,-1.353618,-0.398265,-0.04359,0.442174,0.665538,2.63599,0.790447
4296,1776148725840,47.762606,-469.4641,143.2505,-301.6346,-0.118662,0.892517,-0.434719,0.018758,-0.368399,2.770927,-1.349637,-0.398311,-0.043614,0.442186,0.665347,2.634916,0.789841
4297,1776148725851,47.773717,-469.4109,143.516,-301.5076,-0.119404,0.89269,-0.434128,0.019516,-0.370528,2.770149,-1.347164,-0.398391,-0.043667,0.442212,0.664752,2.632694,0.788474
4298,1776148725862,47.784828,-469.6003,143.4698,-301.6236,-0.119238,0.892523,-0.434552,0.018695,-0.370202,2.771054,-1.349173,-0.398447,-0.043674,0.442215,0.664519,2.63153,0.787755
4299,1776148725873,47.79594,-469.4482,143.7118,-301.5351,-0.119899,0.892445,-0.434492,0.019568,-0.372051,2.7693,-1.348251,-0.398483,-0.043687,0.44224,0.664356,2.630451,0.78706
4300,1776148725885,47.807051,-469.5699,143.6718,-301.6497,-0.120478,0.892071,-0.43509,0.019786,-0.373798,2.767761,-1.349922,-0.398575,-0.043763,0.442258,0.663861,2.62821,0.785765
4301,1776148725896,47.818162,-469.6186,143.7743,-301.6068,-0.121146,0.892153,-0.434699,0.02055,-0.375692,2.766697,-1.348066,-0.398625,-0.043775,0.442261,0.663723,2.627031,0.785063
4302,1776148725907,47.829273,-469.871,143.4707,-301.4934,-0.122242,0.892229,-0.434172,0.021912,-0.378768,2.764578,-1.345285,-0.398726,-0.043833,0.442254,0.663171,2.624679,0.783653
4303,1776148725918,47.840384,-469.9608,143.503,-301.3977,-0.122287,0.892037,-0.434586,0.021228,-0.379071,2.765166,-1.347143,-0.39878,-0.043837,0.442258,0.662956,2.62346,0.782885
4304,1776148725929,47.851496,-469.887,143.5614,-301.179,-0.123032,0.892147,-0.434074,0.022738,-0.381021,2.762901,-1.34429,-0.39882,-0.043859,0.442274,0.662839,2.622307,0.782276
4305,1776148725940,47.862607,-469.6742,143.7481,-301.2634,-0.123264,0.891906,-0.434519,0.022439,-0.381809,2.76267,-1.34592,-0.398914,-0.043881,0.442289,0.662407,2.619893,0.780882
4306,1776148725951,47.873718,-469.8745,143.5268,-301.3349,-0.124145,0.891955,-0.434116,0.023422,-0.384302,2.761129,-1.343845,-0.398965,-0.04388,0.44229,0.662236,2.618675,0.780159
4307,1776148725962,47.884829,-469.9189,143.3214,-301.1841,-0.124807,0.891613,-0.434561,0.024619,-0.386064,2.758014,-1.344222,-0.399049,-0.043907,0.442332,0.661872,2.616344,0.778948
4308,1776148725973,47.89594,-470.0177,143.2028,-301.2363,-0.125541,0.891769,-0.433983,0.025434,-0.388139,2.757098,-1.341755,-0.399079,-0.043917,0.442389,0.66179,2.615259,0.778291
4309,1776148725985,47.907052,-470.174,143.269,-300.8609,-0.126503,0.89178,-0.433632,0.02623,-0.390917,2.755771,-1.340006,-0.399132,-0.043922,0.442382,0.661635,2.613956,0.77765
4310,1776148725996,47.918163,-470.2812,143.4345,-300.6923,-0.127167,0.89193,-0.433061,0.027333,-0.392701,2.754347,-1.337324,-0.399232,-0.043951,0.442412,0.661055,2.611545,0.776305
4311,1776148726007,47.929274,-470.4734,143.5007,-300.6381,-0.127743,0.891675,-0.433379,0.027937,-0.394332,2.752525,-1.337806,-0.399285,-0.043951,0.442422,0.660926,2.610289,0.775634
4312,1776148726018,47.940385,-470.5464,143.6894,-300.709,-0.128202,0.891494,-0.433606,0.028079,-0.395715,2.751725,-1.338389,-0.399386,-0.043982,0.442429,0.660486,2.6077,0.774335
4313,1776148726029,47.951496,-470.4883,143.8928,-300.6064,-0.128821,0.891763,-0.4328,0.029108,-0.397371,2.750801,-1.335048,-0.39943,-0.044013,0.442439,0.660316,2.606476,0.773752
4314,1776148726040,47.962608,-470.4965,143.78,-300.5986,-0.129266,0.891657,-0.432886,0.029133,-0.398737,2.750429,-1.335292,-0.399479,-0.044026,0.442446,0.660076,2.605222,0.773156
4315,1776148726051,47.973719,-470.5842,143.7823,-300.5667,-0.130195,0.891898,-0.432012,0.030535,-0.401255,2.748786,-1.331439,-0.399586,-0.044072,0.442445,0.659767,2.602806,0.772069
4316,1776148726062,47.98483,-470.5745,143.6516,-300.7215,-0.130441,0.891537,-0.432643,0.031093,-0.401873,2.746724,-1.332922,-0.399617,-0.044097,0.442486,0.659694,2.601693,0.771515
4317,1776148726073,47.995942,-470.6649,143.5674,-300.6553,-0.13115,0.891696,-0.432038,0.031962,-0.403841,2.745737,-1.330346,-0.399676,-0.044091,0.442495,0.65959,2.600461,0.770932
4318,1776148726085,48.007053,-470.5403,143.3871,-300.6231,-0.131629,0.891681,-0.431898,0.032306,-0.40523,2.745107,-1.329631,-0.399779,-0.04413,0.442503,0.659326,2.598103,0.769759
4319,1776148726096,48.018164,-470.6494,143.432,-300.3447,-0.132198,0.891722,-0.431577,0.033125,-0.406775,2.743845,-1.327969,-0.399814,-0.044159,0.442539,0.659201,2.597013,0.769228
4320,1776148726107,48.029275,-470.7476,143.5965,-300.1512,-0.132791,0.891592,-0.431615,0.03375,-0.408443,2.742388,-1.327574,-0.399923,-0.044197,0.442541,0.658796,2.594632,0.768089
4321,1776148726118,48.040387,-470.8459,143.7962,-299.8378,-0.133401,0.891428,-0.431699,0.03459,-0.410105,2.740462,-1.327144,-0.399969,-0.04421,0.44256,0.658752,2.59352,0.767531
4322,1776148726129,48.051498,-470.9219,143.9526,-300.0588,-0.134194,0.891583,-0.431075,0.035303,-0.412364,2.739734,-1.324645,-0.400038,-0.044231,0.442525,0.658383,2.592231,0.766886
4323,1776148726140,48.062609,-470.9365,143.8202,-299.7153,-0.13485,0.891725,-0.430475,0.036522,-0.414067,2.738113,-1.32181,-0.400128,-0.044271,0.442583,0.658161,2.590106,0.765812
4324,1776148726151,48.073721,-471.1277,143.6215,-299.8959,-0.1347,0.891192,-0.4317,0.03562,-0.413836,2.737998,-1.326306,-0.400186,-0.04429,0.442585,0.658001,2.588962,0.765236
4325,1776148726162,48.084832,-471.156,143.9064,-299.6029,-0.136229,0.891568,-0.430223,0.038148,-0.417884,2.734895,-1.319715,-0.400296,-0.044342,0.442626,0.657757,2.586881,0.764157
4326,1776148726173,48.095943,-471.1989,143.5586,-299.7892,-0.136245,0.891181,-0.431055,0.037759,-0.418034,2.734361,-1.322582,-0.400337,-0.044358,0.442687,0.657728,2.585891,0.763641
4327,1776148726185,48.107054,-471.0613,143.6035,-299.7062,-0.136547,0.891037,-0.431227,0.038111,-0.418869,2.733326,-1.322822,-0.400383,-0.044367,0.442726,0.657675,2.584868,0.763107
4328,1776148726196,48.118166,-471.2426,143.5844,-299.5863,-0.137282,0.891206,-0.430537,0.039297,-0.420815,2.731853,-1.319745,-0.400485,-0.044401,0.442784,0.657451,2.582792,0.76203
4329,1776148726207,48.129277,-471.2882,143.3776,-299.6721,-0.137527,0.891113,-0.430665,0.039143,-0.421608,2.731826,-1.320261,-0.400544,-0.044376,0.442822,0.657437,2.581703,0.761422
4330,1776148726218,48.140388,-471.3176,143.3925,-299.55,-0.137891,0.890732,-0.431304,0.039489,-0.422635,2.73008,-1.32194,-0.4006,-0.044397,0.442842,0.65733,2.580658,0.760867
4331,1776148726229,48.151499,-471.4596,143.9818,-299.5924,-0.138588,0.890891,-0.430679,0.040278,-0.424566,2.729246,-1.319386,-0.400704,-0.044423,0.442902,0.65695,2.578625,0.759659
4332,1776148726240,48.16261,-471.6505,143.9096,-299.814,-0.139022,0.891224,-0.429773,0.041088,-0.425681,2.728909,-1.315957,-0.400751,-0.044442,0.442926,0.656851,2.577648,0.759098
4333,1776148726251,48.173722,-471.7907,143.7169,-299.7093,-0.139208,0.890857,-0.430498,0.040833,-0.426318,2.728211,-1.318382,-0.400867,-0.044476,0.442959,0.656712,2.575769,0.758021
4334,1776148726262,48.184833,-471.7448,143.6934,-299.7228,-0.139921,0.891013,-0.429863,0.041672,-0.428281,2.727287,-1.31576,-0.400908,-0.044517,0.442988,0.656621,2.574923,0.757537
4335,1776148726273,48.195944,-471.7341,143.6446,-299.3403,-0.140624,0.890872,-0.429785,0.043084,-0.430063,2.724499,-1.314384,-0.400978,-0.044513,0.442983,0.656553,2.57397,0.756958
4336,1776148726285,48.207055,-471.7411,143.5972,-299.4427,-0.141031,0.89083,-0.429695,0.043526,-0.431189,2.723632,-1.313754,-0.4011,-0.044545,0.443005,0.656289,2.572259,0.755758
4337,1776148726296,48.218166,-471.8038,143.6537,-299.3776,-0.14154,0.890822,-0.429508,0.043888,-0.43265,2.723006,-1.312891,-0.401166,-0.044541,0.443021,0.656302,2.571434,0.755102
4338,1776148726307,48.229278,-471.9395,143.9242,-299.1403,-0.141846,0.890591,-0.429839,0.044328,-0.433468,2.721569,-1.313551,-0.4013,-0.04457,0.443027,0.656131,2.569815,0.753972
4339,1776148726318,48.240389,-471.9496,144.0627,-299.096,-0.142245,0.89052,-0.429812,0.044757,-0.434573,2.720636,-1.313123,-0.401355,-0.044566,0.443067,0.656129,2.569112,0.753285
4340,1776148726329,48.2515,-471.9442,144.2073,-299.0458,-0.142619,0.890543,-0.429583,0.045301,-0.435571,2.719801,-1.311986,-0.401416,-0.044593,0.443092,0.656031,2.568416,0.752795
4341,1776148726340,48.262611,-472.1462,144.164,-299.0462,-0.143015,0.89051,-0.429497,0.0455,-0.436729,2.719373,-1.311565,-0.401547,-0.044617,0.443138,0.655964,2.567026,0.751548
4342,1776148726351,48.273723,-472.129,144.3132,-299.0016,-0.143329,0.890147,-0.430139,0.045557,-0.437672,2.718169,-1.313481,-0.401629,-0.044632,0.44313,0.655756,2.566294,0.750859
4343,1776148726362,48.284834,-472.4524,144.2216,-298.983,-0.143907,0.890338,-0.429471,0.046299,-0.439238,2.717521,-1.310845,-0.401773,-0.044666,0.443142,0.655443,2.564893,0.749521
4344,1776148726373,48.295945,-472.6053,144.4919,-298.8718,-0.144166,0.889959,-0.430167,0.046328,-0.44002,2.716314,-1.312946,-0.401838,-0.044686,0.443159,0.655384,2.564243,0.748923
4345,1776148726385,48.307056,-472.5921,143.9667,-298.6332,-0.14479,0.890066,-0.429585,0.047699,-0.441556,2.714371,-1.310075,-0.401911,-0.044709,0.443188,0.65526,2.56368,0.748283
4346,1776148726396,48.318168,-472.6441,143.9841,-298.5653,-0.145004,0.890013,-0.429649,0.047453,-0.442275,2.714618,-1.310468,-0.40207,-0.044744,0.443215,0.65503,2.562543,0.74694
4347,1776148726407,48.329279,-472.6702,144.4279,-298.4691,-0.145188,0.889732,-0.430192,0.04725,-0.44289,2.714094,-1.312286,-0.402138,-0.044753,0.44325,0.655007,2.562007,0.746298
4348,1776148726418,48.34039,-472.862,144.0974,-298.2784,-0.145603,0.88979,-0.429825,0.04822,-0.443893,2.712668,-1.31039,-0.402307,-0.044775,0.443302,0.654769,2.561093,0.744872
4349,1776148726429,48.351502,-472.8362,144.4097,-298.1792,-0.146085,0.889475,-0.430244,0.04883,-0.445197,2.710699,-1.311182,-0.402394,-0.044772,0.443321,0.654753,2.560628,0.744113
4350,1776148726440,48.362613,-472.873,144.3923,-298.0734,-0.146148,0.889333,-0.43052,0.048781,-0.445402,2.710349,-1.312062,-0.402481,-0.044791,0.443349,0.654701,2.560203,0.743433
4351,1776148726451,48.373724,-472.9785,144.243,-298.1698,-0.146364,0.889197,-0.430727,0.048793,-0.44606,2.709914,-1.312684,-0.402634,-0.044814,0.443442,0.654682,2.559529,0.742048
4352,1776148726462,48.384835,-473.1191,144.4558,-298.1281,-0.14678,0.889192,-0.430536,0.049313,-0.447186,2.709042,-1.311685,-0.40273,-0.044809,0.443454,0.654571,2.559106,0.741224
4353,1776148726473,48.395946,-473.2993,144.2964,-298.2152,-0.147031,0.888719,-0.431371,0.049804,-0.447816,2.706791,-1.313836,-0.402804,-0.044834,0.443523,0.654617,2.558901,0.740521
4354,1776148726485,48.407058,-473.4198,144.317,-297.9443,-0.147549,0.88863,-0.431303,0.050437,-0.449221,2.70548,-1.313124,-0.403008,-0.044833,0.443531,0.654452,2.558137,0.738949
4355,1776148726496,48.418169,-473.673,144.2867,-298.0642,-0.147966,0.888611,-0.431155,0.050816,-0.450386,2.704798,-1.312371,-0.40312,-0.044843,0.44352,0.654315,2.557773,0.738133
4356,1776148726507,48.42928,-473.7713,144.5412,-297.6267,-0.148246,0.888422,-0.431409,0.051138,-0.45115,2.703694,-1.312887,-0.40332,-0.044864,0.44355,0.654115,2.557216,0.736637
4357,1776148726518,48.440391,-473.9826,144.4956,-297.5254,-0.148375,0.888307,-0.431608,0.051097,-0.451555,2.703411,-1.313524,-0.403409,-0.044888,0.443571,0.654028,2.557009,0.735888
4358,1776148726529,48.451503,-474.08,144.4765,-297.4885,-0.148553,0.888164,-0.431836,0.051131,-0.452087,2.70292,-1.314194,-0.403524,-0.044893,0.443566,0.65396,2.556708,0.735115
4359,1776148726540,48.462614,-474.1471,144.4819,-297.3426,-0.149016,0.88792,-0.432136,0.05149,-0.453396,2.701587,-1.314818,-0.403736,-0.044931,0.443598,0.653652,2.556379,0.733566
4360,1776148726551,48.473725,-474.299,144.4057,-297.3689,-0.149249,0.887783,-0.432327,0.051575,-0.454081,2.70103,-1.315331,-0.403844,-0.044929,0.44361,0.653599,2.55618,0.732692
4361,1776148726562,48.484836,-474.4322,144.502,-297.3806,-0.149463,0.887643,-0.43249,0.051983,-0.454622,2.699938,-1.315502,-0.404069,-0.044945,0.44362,0.653351,2.555891,0.731158
4362,1776148726573,48.495948,-474.4331,144.5826,-297.3577,-0.149654,0.887363,-0.433003,0.051957,-0.455207,2.699127,-1.317082,-0.40419,-0.04493,0.443628,0.653276,2.555745,0.730272
4363,1776148726585,48.507059,-474.5108,144.6293,-297.1357,-0.149853,0.887186,-0.433284,0.052058,-0.455785,2.698424,-1.317856,-0.404299,-0.044953,0.443643,0.653159,2.555688,0.729505
4364,1776148726596,48.51817,-474.7256,144.6096,-297.0804,-0.150253,0.887002,-0.433475,0.052439,-0.456898,2.697242,-1.318134,-0.404525,-0.044982,0.443691,0.652939,2.555666,0.727812
4365,1776148726607,48.529282,-474.8391,144.5725,-296.9546,-0.150557,0.88697,-0.433434,0.052465,-0.457814,2.697099,-1.317986,-0.40465,-0.044993,0.443693,0.652819,2.555596,0.727017
4366,1776148726618,48.540393,-475.0797,144.5901,-297.0117,-0.150704,0.886677,-0.433967,0.052582,-0.458228,2.696017,-1.319515,-0.404782,-0.044988,0.443686,0.652697,2.555527,0.726154
4367,1776148726629,48.551504,-475.2722,144.6778,-296.8998,-0.150973,0.886342,-0.434522,0.052874,-0.458965,2.694521,-1.320967,-0.405009,-0.045001,0.443761,0.652675,2.555697,0.724493
4368,1776148726640,48.562616,-475.4142,144.776,-296.7135,-0.151064,0.886222,-0.434728,0.052931,-0.459226,2.694065,-1.321549,-0.405157,-0.044989,0.44373,0.652609,2.555646,0.723616
4369,1776148726651,48.573729,-475.4514,144.7538,-296.4566,-0.151356,0.885975,-0.435127,0.05296,-0.460105,2.693265,-1.322737,-0.405412,-0.045008,0.443771,0.652531,2.555891,0.721884
4370,1776148726662,48.58484,-475.5771,144.7809,-296.3017,-0.151548,0.885771,-0.435468,0.053012,-0.460675,2.692562,-1.323732,-0.405541,-0.045022,0.443791,0.652422,2.556023,0.72107
4371,1776148726673,48.595952,-475.8389,144.7943,-296.1741,-0.151789,0.885536,-0.435835,0.05324,-0.461342,2.691474,-1.324664,-0.40567,-0.045046,0.443801,0.65222,2.556153,0.720242
4372,1776148726685,48.607063,-476.0382,144.7989,-296.1617,-0.15195,0.885357,-0.436146,0.053209,-0.46184,2.690981,-1.325635,-0.405932,-0.045042,0.443827,0.652131,2.556425,0.718447
4373,1776148726696,48.618174,-476.2176,144.8868,-295.9194,-0.152155,0.885134,-0.436499,0.05344,-0.462399,2.689925,-1.326521,-0.406067,-0.045019,0.443843,0.652132,2.55656,0.717577
4374,1776148726707,48.629286,-476.4051,144.8412,-295.8582,-0.152428,0.885001,-0.436672,0.053452,-0.463225,2.689501,-1.327038,-0.406343,-0.045009,0.443852,0.651992,2.556861,0.715818
4375,1776148726718,48.640397,-476.4295,144.864,-295.9489,-0.152529,0.884631,-0.437404,0.053288,-0.463579,2.688647,-1.329396,-0.406476,-0.045021,0.443891,0.651937,2.557138,0.714961
4376,1776148726729,48.651508,-476.6045,144.963,-295.7845,-0.152719,0.88442,-0.437749,0.053429,-0.464116,2.687773,-1.33033,-0.406607,-0.045021,0.443919,0.651922,2.557386,0.714061
4377,1776148726740,48.662619,-476.6311,145.028,-295.7975,-0.15294,0.884202,-0.438103,0.05349,-0.46477,2.687013,-1.331357,-0.406896,-0.045031,0.443929,0.651673,2.557825,0.712202
4378,1776148726751,48.67373,-476.9159,145.0492,-295.6346,-0.153028,0.884038,-0.438402,0.053501,-0.465034,2.686497,-1.332258,-0.407024,-0.045011,0.443982,0.651734,2.558156,0.711271
4379,1776148726762,48.684842,-477.0756,145.0259,-295.5452,-0.153348,0.883834,-0.438688,0.05361,-0.465977,2.685699,-1.333038,-0.407318,-0.045018,0.44399,0.651485,2.55867,0.709468
4380,1776148726773,48.695953,-477.2244,145.1014,-295.2798,-0.153345,0.883577,-0.439221,0.053503,-0.465998,2.685092,-1.334742,-0.407477,-0.045003,0.44399,0.651458,2.558902,0.708584
4381,1776148726785,48.707064,-477.3776,145.0807,-295.2796,-0.153463,0.883526,-0.439297,0.05338,-0.466393,2.685136,-1.335074,-0.407616,-0.04501,0.444003,0.651307,2.55921,0.707713
4382,1776148726796,48.718175,-477.4743,145.244,-295.2647,-0.153679,0.883196,-0.439884,0.053385,-0.467048,2.684125,-1.336856,-0.407919,-0.04499,0.444005,0.65111,2.559727,0.705871
4383,1776148726807,48.729287,-477.8012,145.2364,-295.1038,-0.153726,0.882937,-0.440384,0.053406,-0.467182,2.683305,-1.338355,-0.408045,-0.045015,0.444061,0.651109,2.560211,0.705028
4384,1776148726818,48.740398,-478.0918,145.4296,-295.0187,-0.153783,0.882755,-0.440727,0.053432,-0.467349,2.682708,-1.339377,-0.40834,-0.045016,0.444075,0.650989,2.560862,0.703239
4385,1776148726829,48.751509,-478.1727,145.1845,-295.0612,-0.153994,0.882475,-0.441217,0.053404,-0.467998,2.681902,-1.34089,-0.408488,-0.045003,0.444102,0.650978,2.561227,0.70236
4386,1776148726840,48.762621,-478.3334,145.089,-294.9574,-0.154177,0.882284,-0.441529,0.053441,-0.468545,2.681264,-1.341808,-0.408627,-0.045014,0.444107,0.650875,2.561561,0.701434
4387,1776148726851,48.773732,-478.4771,145.0808,-294.9916,-0.154283,0.882045,-0.441968,0.053459,-0.46886,2.680506,-1.343127,-0.408964,-0.044968,0.444061,0.650785,2.562069,0.699583
4388,1776148726862,48.784843,-478.6957,145.152,-294.835,-0.154306,0.88179,-0.442478,0.053384,-0.468951,2.679854,-1.344739,-0.409124,-0.044963,0.444061,0.650741,2.562435,0.698681
4389,1776148726873,48.795955,-478.9249,145.0682,-294.6327,-0.154572,0.881532,-0.44288,0.053538,-0.469715,2.678821,-1.345834,-0.409268,-0.04496,0.444071,0.650567,2.562751,0.697682
4390,1776148726885,48.807066,-479.1848,145.2012,-294.468,-0.154718,0.881215,-0.443454,0.053575,-0.470151,2.677797,-1.347548,-0.409566,-0.044946,0.444127,0.650604,2.563613,0.695972
4391,1776148726896,48.818177,-479.3032,145.1266,-294.2391,-0.154715,0.881075,-0.443757,0.053387,-0.470194,2.677676,-1.348622,-0.409703,-0.04495,0.444174,0.650606,2.564094,0.695116
4392,1776148726907,48.829288,-479.4189,145.1897,-293.9927,-0.154895,0.880876,-0.444097,0.053314,-0.470763,2.67719,-1.349717,-0.410025,-0.044935,0.444184,0.650468,2.564868,0.693386
4393,1776148726918,48.8404,-479.6475,145.3153,-293.7512,-0.154843,0.880685,-0.44452,0.053101,-0.470666,2.676955,-1.351177,-0.410182,-0.044932,0.444193,0.650454,2.565286,0.692545
4394,1776148726929,48.851511,-479.8536,145.3031,-293.6837,-0.155159,0.880635,-0.44448,0.053333,-0.471558,2.676429,-1.350866,-0.410328,-0.044937,0.444213,0.650318,2.565718,0.69174
4395,1776148726940,48.862622,-480.0135,145.4481,-293.6434,-0.155027,0.880281,-0.445252,0.053137,-0.471215,2.675668,-1.35337,-0.410646,-0.044909,0.444235,0.650352,2.566576,0.690138
4396,1776148726951,48.873733,-480.1706,145.3704,-293.6443,-0.154877,0.880043,-0.445797,0.052935,-0.470817,2.675273,-1.355195,-0.410794,-0.044875,0.444263,0.650495,2.56705,0.689296
4397,1776148726962,48.884844,-480.3125,145.4792,-293.4873,-0.155055,0.879737,-0.446337,0.052947,-0.471354,2.674324,-1.356826,-0.411111,-0.044869,0.444282,0.650473,2.567996,0.687645
4398,1776148726973,48.895956,-480.4451,145.4765,-293.4418,-0.155139,0.879443,-0.446889,0.052948,-0.471607,2.673427,-1.358501,-0.411265,-0.044868,0.444291,0.650471,2.568482,0.686832
4399,1776148726985,48.907067,-480.5877,145.4655,-293.3152,-0.155122,0.87927,-0.447244,0.052869,-0.471579,2.67303,-1.359646,-0.411416,-0.044873,0.444307,0.650562,2.568967,0.686099
4400,1776148726996,48.918178,-480.9254,145.3714,-293.4426,-0.155195,0.879101,-0.447572,0.052684,-0.471856,2.672817,-1.360797,-0.411745,-0.044865,0.444289,0.650606,2.569868,0.684478
4401,1776148727007,48.929289,-481.249,145.3575,-293.3705,-0.155251,0.878925,-0.447895,0.052712,-0.472017,2.672235,-1.361757,-0.411903,-0.044856,0.444308,0.650598,2.570394,0.68367
4402,1776148727018,48.9404,-481.405,145.5492,-293.2986,-0.155216,0.878807,-0.448152,0.052596,-0.471945,2.672066,-1.362634,-0.412052,-0.044851,0.44432,0.650656,2.570913,0.682853
4403,1776148727029,48.951512,-481.6135,145.5271,-293.1241,-0.155096,0.878555,-0.44871,0.052409,-0.471631,2.671602,-1.364485,-0.412377,-0.044798,0.444351,0.650935,2.571963,0.681089
4404,1776148727040,48.962623,-481.7346,145.4929,-292.8416,-0.155043,0.878325,-0.449194,0.05227,-0.471511,2.671128,-1.366071,-0.412544,-0.044767,0.444351,0.65096,2.572479,0.68026
4405,1776148727051,48.973734,-481.9097,145.5229,-292.7943,-0.155194,0.878003,-0.449776,0.052227,-0.471983,2.670218,-1.367878,-0.412857,-0.044769,0.444369,0.651049,2.573551,0.678596
4406,1776148727062,48.984845,-482.1676,145.5176,-292.6276,-0.15512,0.87781,-0.450191,0.052104,-0.471793,2.669832,-1.369243,-0.413013,-0.044751,0.444394,0.651187,2.574127,0.677776
4407,1776148727073,48.995957,-482.3417,145.7346,-292.5405,-0.155083,0.877471,-0.450881,0.051958,-0.471723,2.669037,-1.371463,-0.413173,-0.044747,0.444389,0.651149,2.574608,0.676913
4408,1776148727085,49.007068,-482.5961,145.6642,-292.4301,-0.155024,0.877318,-0.451185,0.052078,-0.471509,2.668378,-1.372286,-0.413489,-0.044661,0.444428,0.651482,2.575685,0.675168
4409,1776148727096,49.018179,-482.7332,145.6921,-292.4093,-0.154957,0.877096,-0.451658,0.051925,-0.471347,2.667951,-1.373852,-0.413653,-0.044661,0.444447,0.65156,2.576262,0.674358
4410,1776148727107,49.029291,-482.9271,145.68,-292.17,-0.155031,0.876845,-0.452122,0.051903,-0.471579,2.667222,-1.375283,-0.413956,-0.044632,0.444484,0.651785,2.577365,0.672773
4411,1776148727118,49.040402,-483.0428,145.7655,-292.0204,-0.154894,0.876597,-0.452687,0.051589,-0.471251,2.666975,-1.377263,-0.414124,-0.0446,0.444494,0.651884,2.577927,0.671904
4412,1776148727129,49.051513,-483.3095,145.8867,-291.8784,-0.154939,0.876445,-0.452974,0.0515,-0.471414,2.666658,-1.378211,-0.414282,-0.04461,0.444497,0.651842,2.578457,0.671158
4413,1776148727140,49.062625,-483.5296,145.876,-291.8576,-0.154878,0.876178,-0.453508,0.051532,-0.47122,2.665794,-1.379809,-0.414589,-0.044573,0.44455,0.652112,2.579603,0.669483
4414,1776148727151,49.073736,-483.7145,145.7973,-291.7706,-0.154972,0.875901,-0.454003,0.051599,-0.471487,2.664844,-1.381258,-0.414761,-0.044543,0.444542,0.652199,2.580086,0.668636
4415,1776148727162,49.084847,-483.9603,145.8423,-291.8041,-0.15498,0.875643,-0.454496,0.051617,-0.471505,2.664029,-1.382745,-0.415096,-0.044496,0.44455,0.652347,2.581168,0.666962
4416,1776148727173,49.095958,-484.1448,145.8565,-291.6557,-0.154952,0.875433,-0.454938,0.051376,-0.471489,2.663778,-1.38429,-0.415262,-0.044466,0.444559,0.652459,2.58167,0.666151
4417,1776148727185,49.107069,-484.2997,145.9159,-291.484,-0.154971,0.875149,-0.455486,0.051281,-0.471575,2.66307,-1.38604,-0.415414,-0.044465,0.444576,0.652466,2.582256,0.665356
4418,1776148727196,49.118181,-484.6169,145.8666,-291.3723,-0.155065,0.875078,-0.455601,0.051196,-0.471887,2.662991,-1.38646,-0.415737,-0.044425,0.444578,0.652509,2.58331,0.663727
4419,1776148727207,49.129292,-484.7904,145.8237,-291.4017,-0.154951,0.874825,-0.456127,0.051182,-0.471543,2.662244,-1.388074,-0.415894,-0.044422,0.44456,0.652576,2.583785,0.663044
4420,1776148727218,49.140403,-485.0066,145.9167,-291.1992,-0.15501,0.874635,-0.456519,0.05075,-0.471845,2.662364,-1.389631,-0.416201,-0.044363,0.444591,0.652713,2.584892,0.661409
4421,1776148727229,49.151515,-485.0475,145.686,-291.2449,-0.154783,0.874344,-0.457163,0.050667,-0.471179,2.661613,-1.39166,-0.416356,-0.044336,0.444597,0.652801,2.585432,0.660685
4422,1776148727240,49.162626,-485.2032,145.7768,-291.196,-0.154702,0.873985,-0.457877,0.050657,-0.470936,2.660535,-1.393842,-0.416517,-0.044303,0.444586,0.652942,2.585911,0.659915
4423,1776148727251,49.173737,-485.3894,145.8384,-291.0831,-0.154754,0.874078,-0.457719,0.050318,-0.471192,2.661368,-1.39365,-0.416833,-0.044256,0.444586,0.653107,2.586917,0.658296
4424,1776148727262,49.184848,-485.6113,145.9751,-290.9855,-0.154609,0.873753,-0.458407,0.050145,-0.470799,2.660658,-1.395892,-0.416983,-0.044246,0.444602,0.653235,2.587479,0.657514
4425,1776148727273,49.19596,-485.8128,146.0615,-290.9083,-0.154666,0.873578,-0.458718,0.050172,-0.470966,2.660083,-1.396815,-0.417133,-0.044236,0.444608,0.65332,2.58799,0.656761
4426,1776148727285,49.207071,-485.9399,146.0396,-290.7055,-0.154662,0.873369,-0.459121,0.050146,-0.470959,2.659487,-1.398063,-0.417452,-0.04417,0.444622,0.653537,2.589015,0.655127
4427,1776148727296,49.218182,-486.2887,145.9461,-290.4952,-0.154866,0.872972,-0.459767,0.050513,-0.471476,2.657683,-1.399718,-0.417617,-0.044139,0.444612,0.653585,2.589472,0.654255
4428,1776148727307,49.229293,-486.4997,146.0617,-290.4722,-0.154818,0.872876,-0.459978,0.050391,-0.471366,2.657589,-1.400465,-0.417944,-0.044075,0.444596,0.653666,2.590377,0.652574
4429,1776148727318,49.240404,-486.7122,146.0866,-290.1647,-0.154643,0.872651,-0.460511,0.049959,-0.470956,2.657603,-1.402455,-0.418102,-0.044054,0.444591,0.653731,2.590819,0.651746
4430,1776148727329,49.251516,-486.9246,146.0798,-290.1204,-0.154524,0.872477,-0.460894,0.049826,-0.470631,2.657288,-1.403735,-0.418246,-0.044029,0.444618,0.653888,2.591346,0.650956
4431,1776148727340,49.262627,-487.0898,146.1831,-290.1376,-0.154551,0.872121,-0.461561,0.049803,-0.470719,2.656241,-1.405789,-0.418554,-0.043984,0.444624,0.65403,2.592231,0.649339
4432,1776148727351,49.273738,-487.2455,146.1177,-290.1786,-0.15463,0.871896,-0.461948,0.049916,-0.470928,2.655371,-1.40687,-0.418682,-0.043977,0.444662,0.654101,2.592762,0.648527
4433,1776148727362,49.28485,-487.419,146.0423,-290.1936,-0.154688,0.871593,-0.462522,0.049702,-0.471166,2.654797,-1.408801,-0.418978,-0.043921,0.444652,0.654227,2.593577,0.646811
4434,1776148727373,49.295961,-487.5967,146.0721,-290.2018,-0.154703,0.871545,-0.462606,0.049723,-0.471206,2.654615,-1.409038,-0.419123,-0.043878,0.444658,0.654321,2.593956,0.646081
4435,1776148727385,49.307072,-487.7934,146.0927,-290.0572,-0.154747,0.871223,-0.463169,0.049987,-0.471264,2.653209,-1.410526,-0.419255,-0.043855,0.444665,0.654394,2.594342,0.645277
4436,1776148727396,49.318183,-487.9943,146.0785,-289.893,-0.15484,0.870905,-0.463722,0.050116,-0.471509,2.652032,-1.4121,-0.419534,-0.04377,0.444656,0.654561,2.595073,0.643618
4437,1776148727407,49.329294,-488.1974,146.0209,-289.8149,-0.154864,0.870749,-0.463999,0.050183,-0.471563,2.65145,-1.412886,-0.419681,-0.04375,0.444643,0.654583,2.595403,0.642772
4438,1776148727418,49.340406,-488.4141,146.1005,-289.745,-0.154872,0.87055,-0.464402,0.049878,-0.471677,2.651336,-1.414375,-0.419935,-0.043715,0.444638,0.654651,2.596112,0.641239
4439,1776148727429,49.351517,-488.5789,146.0619,-289.6852,-0.154947,0.870408,-0.464656,0.049772,-0.471934,2.651073,-1.415241,-0.420069,-0.043699,0.444644,0.654647,2.596472,0.640451
4440,1776148727440,49.362628,-488.7061,146.0767,-289.6849,-0.155148,0.870219,-0.464912,0.050049,-0.472467,2.650052,-1.415781,-0.420207,-0.04367,0.444627,0.654646,2.596743,0.639605
4441,1776148727451,49.373739,-488.8141,146.0751,-289.6485,-0.155261,0.870006,-0.465251,0.050248,-0.472754,2.649081,-1.416644,-0.420482,-0.043599,0.44459,0.654866,2.597156,0.638081
4442,1776148727462,49.38485,-488.9644,146.0827,-289.5423,-0.155268,0.86978,-0.465676,0.050204,-0.472788,2.648465,-1.417974,-0.420606,-0.043591,0.444573,0.65482,2.597414,0.637323
4443,1776148727473,49.395962,-489.0869,146.1107,-289.359,-0.155368,0.869652,-0.465904,0.049994,-0.473153,2.648413,-1.418849,-0.420726,-0.043561,0.444585,0.654841,2.597676,0.63652
4444,1776148727485,49.407073,-489.2758,146.1545,-289.3161,-0.15532,0.869544,-0.466123,0.049992,-0.473007,2.648086,-1.41952,-0.420987,-0.043509,0.444572,0.654923,2.598064,0.634959
4445,1776148727496,49.418184,-489.4278,146.1144,-289.3488,-0.155599,0.869123,-0.466777,0.050341,-0.473755,2.646243,-1.421209,-0.421123,-0.043489,0.444539,0.654844,2.598209,0.634138
4446,1776148727507,49.429296,-489.5449,146.1135,-289.3876,-0.155702,0.868999,-0.466966,0.050394,-0.474056,2.645782,-1.421739,-0.421361,-0.043448,0.444529,0.654895,2.598536,0.632613
4447,1776148727518,49.440407,-489.7581,146.2043,-289.3218,-0.155694,0.868839,-0.467264,0.050433,-0.474019,2.64523,-1.422612,-0.421481,-0.04344,0.444529,0.654874,2.598749,0.631839
4448,1776148727529,49.451518,-489.907,146.2081,-289.2367,-0.15587,0.868734,-0.467376,0.050655,-0.47449,2.644555,-1.42276,-0.421589,-0.043418,0.444569,0.654901,2.599031,0.631091
4449,1776148727540,49.462629,-489.997,146.1475,-289.0806,-0.155659,0.868577,-0.467758,0.050472,-0.473902,2.644369,-1.424084,-0.421828,-0.043361,0.444554,0.655153,2.599257,0.629572
4450,1776148727551,49.47374,-490.1718,146.1865,-288.9707,-0.156209,0.868424,-0.467805,0.050959,-0.475436,2.643122,-1.423804,-0.421955,-0.043353,0.44453,0.655036,2.599289,0.628833
4451,1776148727562,49.484852,-490.3602,146.09,-288.9883,-0.156216,0.868192,-0.468223,0.051051,-0.475429,2.642269,-1.424995,-0.422191,-0.043255,0.444524,0.655268,2.599441,0.627271
4452,1776148727573,49.495963,-490.5276,146.101,-288.9539,-0.155919,0.867987,-0.468707,0.051014,-0.474536,2.641704,-1.426502,-0.422294,-0.043234,0.444532,0.655484,2.599559,0.62654
4453,1776148727585,49.507074,-490.6485,146.1317,-288.888,-0.156404,0.86781,-0.468868,0.051051,-0.476001,2.641106,-1.426959,-0.422422,-0.043197,0.4445,0.655485,2.599518,0.625782
4454,1776148727596,49.518185,-490.8514,146.1745,-288.6784,-0.156238,0.867756,-0.469028,0.051014,-0.475508,2.641,-1.427478,-0.422629,-0.043158,0.444528,0.655628,2.599676,0.624223
4455,1776148727607,49.529297,-490.9861,145.999,-288.585,-0.156673,0.867329,-0.469629,0.051403,-0.476718,2.639078,-1.428969,-0.42274,-0.043135,0.444537,0.655632,2.59975,0.623493
4456,1776148727618,49.540408,-491.1402,146.194,-288.5335,-0.156778,0.867188,-0.469821,0.051714,-0.476947,2.63815,-1.429283,-0.422962,-0.043083,0.44452,0.655774,2.599729,0.621964
4457,1776148727629,49.551519,-491.4333,145.9318,-288.7946,-0.157035,0.866978,-0.470123,0.051705,-0.477732,2.637527,-1.430211,-0.423076,-0.043055,0.444518,0.655703,2.59974,0.621216
4458,1776148727640,49.56263,-491.6703,146.039,-288.7769,-0.156927,0.866799,-0.47045,0.052058,-0.4773,2.636416,-1.430897,-0.423165,-0.043035,0.444547,0.655888,2.599797,0.620527
4459,1776148727651,49.573741,-491.716,145.8704,-288.6233,-0.157211,0.866595,-0.470723,0.052127,-0.478144,2.635686,-1.43167,-0.423397,-0.042971,0.44452,0.656043,2.599714,0.619107
4460,1776148727662,49.584853,-491.8149,145.8627,-288.5403,-0.157496,0.866472,-0.470828,0.052367,-0.478944,2.634928,-1.43178,-0.423502,-0.042958,0.444519,0.655982,2.599683,0.618345
4461,1776148727673,49.595964,-491.9728,145.9586,-288.5388,-0.157467,0.866365,-0.471007,0.052621,-0.478782,2.634193,-1.432104,-0.42362,-0.042917,0.444498,0.656067,2.599571,0.617581
4462,1776148727685,49.607075,-492.1064,145.9716,-288.4933,-0.157785,0.866174,-0.471252,0.052612,-0.47975,2.633629,-1.432858,-0.423835,-0.04286,0.444496,0.65625,2.59945,0.616076
4463,1776148727696,49.618187,-492.2051,145.9195,-288.3839,-0.157712,0.866098,-0.47139,0.052856,-0.479456,2.633007,-1.433063,-0.423948,-0.04284,0.444483,0.656365,2.599325,0.615392
4464,1776148727707,49.629298,-492.3335,145.9334,-288.3706,-0.15808,0.865883,-0.471627,0.053161,-0.480486,2.631866,-1.43352,-0.424153,-0.042796,0.444491,0.656451,2.599133,0.613868
4465,1776148727718,49.640409,-492.5504,145.9407,-288.2557,-0.158247,0.8657,-0.471899,0.053224,-0.480976,2.63121,-1.434292,-0.424261,-0.042772,0.444474,0.656454,2.598964,0.613144
4466,1776148727729,49.65152,-492.8466,145.9552,-288.2331,-0.158304,0.865526,-0.472169,0.053497,-0.481069,2.630245,-1.434873,-0.424369,-0.042749,0.444478,0.656527,2.598849,0.612443
4467,1776148727740,49.662632,-493.0754,145.9993,-288.1743,-0.158447,0.8654,-0.472331,0.053669,-0.481454,2.629591,-1.435217,-0.424584,-0.042692,0.44447,0.656695,2.598613,0.610925
4468,1776148727751,49.673743,-493.0754,146.0521,-288.161,-0.158835,0.86534,-0.472279,0.053949,-0.482552,2.628962,-1.434814,-0.424682,-0.042659,0.444465,0.656761,2.598468,0.610064
4469,1776148727762,49.684854,-493.1287,146.0046,-288.1567,-0.158846,0.865186,-0.472555,0.053966,-0.48258,2.628466,-1.435639,-0.424896,-0.042588,0.444458,0.656924,2.598186,0.608519
4470,1776148727773,49.695965,-493.188,146.0477,-288.1083,-0.159128,0.864805,-0.473096,0.054509,-0.483277,2.626444,-1.436809,-0.424984,-0.042589,0.444485,0.657021,2.598141,0.607781
4471,1776148727785,49.707077,-493.4849,146.0515,-288.1658,-0.159461,0.864668,-0.473185,0.054925,-0.484166,2.625366,-1.436719,-0.425097,-0.042547,0.444475,0.657097,2.597906,0.607033
4472,1776148727796,49.718188,-493.6042,145.937,-288.04,-0.159577,0.864504,-0.473428,0.055079,-0.484473,2.624624,-1.437322,-0.425317,-0.042486,0.444459,0.65719,2.597516,0.605387
4473,1776148727807,49.729299,-493.8206,146.1025,-287.9073,-0.159845,0.864197,-0.473851,0.055483,-0.485168,2.62305,-1.438255,-0.425426,-0.042438,0.44444,0.657233,2.597277,0.604525
4474,1776148727818,49.74041,-493.9591,146.0953,-287.8193,-0.160017,0.864027,-0.474082,0.055663,-0.485638,2.622247,-1.438799,-0.425613,-0.042382,0.444482,0.657386,2.597027,0.602902
4475,1776148727829,49.751522,-494.1921,146.1468,-287.6685,-0.1601,0.863852,-0.474355,0.055811,-0.485845,2.621481,-1.439499,-0.42572,-0.042369,0.444479,0.657332,2.596835,0.602069
4476,1776148727840,49.762633,-494.3852,146.1872,-287.6679,-0.160307,0.863491,-0.474933,0.055898,-0.486448,2.620247,-1.441175,-0.425813,-0.042338,0.444501,0.657432,2.596734,0.601223
4477,1776148727851,49.773744,-494.5283,146.1554,-287.7088,-0.160657,0.86363,-0.474496,0.056436,-0.487353,2.619819,-1.439382,-0.426035,-0.042266,0.444507,0.657497,2.596377,0.599606
4478,1776148727862,49.784855,-494.5666,146.0043,-287.7327,-0.160885,0.863362,-0.47487,0.056756,-0.48795,2.618497,-1.440239,-0.426152,-0.042244,0.444491,0.657501,2.59615,0.598827
4479,1776148727873,49.795966,-494.7065,145.9468,-287.6385,-0.161132,0.863082,-0.475281,0.056876,-0.488662,2.617458,-1.441378,-0.426257,-0.042198,0.444507,0.657579,2.596,0.59794
4480,1776148727885,49.807078,-494.7334,145.9321,-287.6258,-0.161208,0.863082,-0.475241,0.056993,-0.48886,2.617273,-1.441155,-0.426459,-0.042143,0.444513,0.657563,2.595683,0.596168
4481,1776148727896,49.818189,-494.804,145.9997,-287.5388,-0.161446,0.862834,-0.475591,0.057149,-0.489535,2.616275,-1.44208,-0.426571,-0.042103,0.444509,0.657647,2.595496,0.595323
4482,1776148727907,49.8293,-495.1369,145.9762,-287.6341,-0.161551,0.862509,-0.476089,0.057611,-0.489717,2.61456,-1.443188,-0.426777,-0.042028,0.444521,0.657753,2.59523,0.593579
4483,1776148727918,49.840411,-495.4507,146.1388,-287.6422,-0.161764,0.862306,-0.476368,0.057754,-0.490321,2.613717,-1.443908,-0.426881,-0.041966,0.444534,0.657917,2.595089,0.592679
4484,1776148727929,49.851523,-495.6341,145.9885,-287.5865,-0.162094,0.862095,-0.4766,0.058048,-0.491233,2.612615,-1.444357,-0.426992,-0.041927,0.444533,0.657956,2.594951,0.591781
4485,1776148727940,49.862634,-495.7731,145.9317,-287.4806,-0.162293,0.861992,-0.476698,0.058228,-0.491784,2.612019,-1.444495,-0.427226,-0.04185,0.444503,0.658039,2.594607,0.590097
4486,1776148727951,49.873745,-495.7581,146.0216,-287.486,-0.162515,0.861847,-0.476853,0.058483,-0.492378,2.611176,-1.444744,-0.427332,-0.041798,0.444493,0.658091,2.59443,0.589195
4487,1776148727962,49.884857,-495.8831,146.0878,-287.6107,-0.162495,0.861649,-0.477199,0.058634,-0.492275,2.610339,-1.445659,-0.42754,-0.041746,0.444492,0.658099,2.594278,0.587547
4488,1776148727973,49.895968,-496.1291,146.2057,-287.4842,-0.162753,0.861377,-0.477595,0.058689,-0.493038,2.609428,-1.446813,-0.427636,-0.041703,0.44452,0.658176,2.594254,0.586674
4489,1776148727985,49.907079,-496.2533,146.2148,-287.2712,-0.162754,0.861201,-0.477898,0.058802,-0.493008,2.608718,-1.447629,-0.427749,-0.041685,0.444495,0.65811,2.594115,0.585858
4490,1776148727996,49.91819,-496.3811,146.2519,-287.1592,-0.163157,0.860833,-0.47838,0.059149,-0.494125,2.607057,-1.448786,-0.427964,-0.041602,0.444481,0.658148,2.593907,0.584251
4491,1776148728007,49.929302,-496.698,146.2168,-287.2122,-0.163284,0.860738,-0.478455,0.05958,-0.494381,2.606093,-1.448637,-0.428069,-0.041573,0.44447,0.658219,2.593768,0.583406
4492,1776148728018,49.940413,-496.9122,146.0833,-287.2283,-0.163624,0.860492,-0.47876,0.059747,-0.49536,2.605085,-1.449417,-0.428282,-0.041493,0.444477,0.658396,2.593717,0.581654
4493,1776148728029,49.951524,-497.1047,146.0701,-287.215,-0.16377,0.860331,-0.478962,0.060045,-0.495715,2.60413,-1.449766,-0.428378,-0.041444,0.444495,0.658478,2.593688,0.580757
4494,1776148728040,49.962635,-497.1768,146.0221,-287.2542,-0.16393,0.860119,-0.479293,0.059996,-0.496214,2.603565,-1.450812,-0.428504,-0.041385,0.444452,0.65851,2.593522,0.579836
4495,1776148728051,49.973746,-497.2416,146.1134,-287.1464,-0.164116,0.859958,-0.47947,0.060392,-0.496657,2.602455,-1.451001,-0.428727,-0.041298,0.444433,0.658646,2.593369,0.578059
4496,1776148728062,49.984858,-497.3954,145.9999,-287.1112,-0.164042,0.859791,-0.479793,0.0604,-0.496431,2.601938,-1.45197,-0.428824,-0.041269,0.444443,0.658817,2.59337,0.577281
4497,1776148728073,49.995969,-497.6136,145.9819,-286.988,-0.164291,0.859509,-0.480221,0.06034,-0.497204,2.601178,-1.453317,-0.428933,-0.041226,0.444443,0.658897,2.593359,0.576294
4498,1776148728085,50.00708,-497.8401,146.0094,-286.8351,-0.164785,0.858978,-0.480874,0.06134,-0.498397,2.598006,-1.454417,-0.429147,-0.041115,0.444431,0.659118,2.593252,0.574445
4499,1776148728096,50.018191,-497.9129,145.9301,-287.0046,-0.164792,0.858733,-0.481326,0.061208,-0.498458,2.597471,-1.455901,-0.429258,-0.041074,0.444413,0.659099,2.593181,0.573568
4500,1776148728107,50.029303,-497.9588,145.9424,-287.0983,-0.164871,0.858812,-0.481107,0.061613,-0.498575,2.597077,-1.454884,-0.429476,-0.040995,0.444391,0.659318,2.593076,0.571844
4501,1776148728118,50.040414,-498.0688,145.8761,-287.0929,-0.165222,0.858545,-0.481461,0.061633,-0.499629,2.596237,-1.455937,-0.429577,-0.04096,0.444391,0.659316,2.593065,0.570905
4502,1776148728129,50.051525,-498.3094,145.9713,-287.2281,-0.165058,0.85828,-0.481968,0.061788,-0.499088,2.595195,-1.457334,-0.429693,-0.040914,0.444356,0.659444,2.592907,0.570028
4503,1776148728140,50.062636,-498.5238,146.1158,-287.1576,-0.165439,0.857975,-0.482344,0.062072,-0.500154,2.593831,-1.458221,-0.42989,-0.04083,0.444357,0.659654,2.592829,0.568272
4504,1776148728151,50.073747,-498.9103,146.1526,-287.043,-0.165341,0.857752,-0.482738,0.062352,-0.499775,2.592717,-1.459166,-0.429992,-0.040778,0.444377,0.65989,2.59284,0.567405
4505,1776148728162,50.084858,-499.0045,146.2492,-286.8744,-0.165449,0.857478,-0.483171,0.062481,-0.500063,2.591688,-1.460364,-0.430204,-0.040691,0.444356,0.660199,2.592762,0.565712
4506,1776148728173,50.09597,-499.0389,146.0827,-286.8811,-0.165611,0.85733,-0.483371,0.062543,-0.500533,2.591144,-1.460912,-0.430298,-0.040654,0.444384,0.660335,2.592822,0.564871
4507,1776148728185,50.107081,-499.2006,145.9868,-286.933,-0.165629,0.857035,-0.483837,0.062924,-0.500474,2.58966,-1.461985,-0.430416,-0.040606,0.444351,0.660405,2.592696,0.563947
4508,1776148728196,50.118192,-499.343,145.9985,-286.8729,-0.165941,0.856856,-0.484003,0.063268,-0.501311,2.588584,-1.462184,-0.430641,-0.040497,0.444315,0.660646,2.59253,0.562219
4509,1776148728207,50.129303,-499.6141,146.0729,-286.8523,-0.16579,0.856638,-0.484405,0.063533,-0.500777,2.587512,-1.463167,-0.430743,-0.040452,0.44434,0.660993,2.592556,0.561409
4510,1776148728218,50.140414,-499.7943,146.009,-286.7242,-0.166146,0.856609,-0.484323,0.063624,-0.501824,2.587283,-1.462839,-0.430971,-0.04036,0.444288,0.661141,2.592371,0.559818
4511,1776148728229,50.151526,-499.9337,146.1301,-286.7649,-0.166034,0.856334,-0.48485,0.06361,-0.501489,2.586473,-1.464443,-0.431063,-0.040333,0.444299,0.661276,2.592323,0.559092
4512,1776148728240,50.162637,-500.2241,145.9951,-286.7788,-0.166109,0.85619,-0.485052,0.063798,-0.501659,2.585748,-1.464887,-0.431169,-0.040271,0.444299,0.661349,2.592287,0.55818
4513,1776148728251,50.173748,-500.2679,146.1406,-286.7578,-0.166365,0.855873,-0.485487,0.064084,-0.502346,2.584345,-1.465949,-0.431381,-0.040174,0.444289,0.661671,2.592102,0.556561
4514,1776148728262,50.184859,-500.2783,146.0132,-286.7078,-0.166541,0.855725,-0.485643,0.064422,-0.502774,2.583374,-1.466122,-0.431481,-0.040149,0.444273,0.661796,2.592003,0.55582
4515,1776148728273,50.195971,-500.4848,146.1098,-286.7343,-0.166732,0.855358,-0.486213,0.064507,-0.503326,2.582133,-1.467768,-0.431575,-0.040084,0.444282,0.662037,2.591915,0.554988
4516,1776148728285,50.207082,-500.666,146.0717,-286.7643,-0.166732,0.855365,-0.486166,0.064754,-0.503252,2.581773,-1.46741,-0.431769,-0.039979,0.444273,0.662391,2.591686,0.553433
4517,1776148728296,50.218193,-500.8794,146.0489,-286.7739,-0.166945,0.854958,-0.486772,0.065027,-0.503813,2.580122,-1.468997,-0.431878,-0.039909,0.444245,0.662498,2.591473,0.552602
4518,1776148728307,50.229304,-501.0792,145.9207,-286.7438,-0.167051,0.855032,-0.486568,0.065315,-0.504044,2.579898,-1.468128,-0.43208,-0.039801,0.444223,0.662898,2.59118,0.550994
4519,1776148728318,50.240416,-501.1624,145.7825,-286.7278,-0.167199,0.854812,-0.486875,0.065526,-0.504427,2.578909,-1.468867,-0.432196,-0.039743,0.444187,0.663098,2.590964,0.55024
4520,1776148728329,50.251527,-501.3303,145.9398,-286.6824,-0.167334,0.854469,-0.487365,0.066015,-0.504687,2.577117,-1.469914,-0.432286,-0.039689,0.444204,0.663328,2.590816,0.549463
4521,1776148728340,50.262638,-501.5506,145.7938,-286.775,-0.167359,0.854478,-0.487318,0.066175,-0.504715,2.576897,-1.469632,-0.432475,-0.039569,0.444222,0.663891,2.590563,0.547987
4522,1776148728351,50.27375,-501.75,145.9097,-286.5845,-0.167533,0.854345,-0.487463,0.066392,-0.505172,2.576161,-1.469878,-0.432571,-0.039517,0.444217,0.664113,2.590363,0.547196
4523,1776148728362,50.284861,-501.8401,145.8651,-286.731,-0.167653,0.85409,-0.487844,0.066564,-0.505482,2.575127,-1.470876,-0.432776,-0.039404,0.444186,0.664497,2.589903,0.545693
4524,1776148728373,50.295972,-501.9142,145.9131,-286.6138,-0.167988,0.853884,-0.488027,0.067023,-0.506352,2.573798,-1.471022,-0.432863,-0.039377,0.444192,0.664618,2.589717,0.544985
4525,1776148728385,50.307083,-502.0976,145.88,-286.71,-0.168095,0.853699,-0.48825,0.067476,-0.50654,2.572543,-1.471297,-0.432977,-0.039322,0.444157,0.664745,2.589415,0.544242
4526,1776148728396,50.318195,-502.4195,145.7864,-286.7628,-0.168132,0.853567,-0.488442,0.067677,-0.506588,2.571834,-1.471696,-0.433164,-0.039226,0.444116,0.665143,2.588806,0.542769
4527,1776148728407,50.329306,-502.6426,145.8715,-286.8058,-0.168237,0.853239,-0.488942,0.067937,-0.506826,2.570446,-1.472975,-0.433244,-0.039201,0.444134,0.665386,2.588588,0.542093
4528,1776148728418,50.340417,-502.6963,145.6948,-286.7437,-0.168646,0.853376,-0.488463,0.068641,-0.507845,2.569775,-1.470911,-0.433443,-0.039096,0.44407,0.665807,2.587812,0.540781
4529,1776148728429,50.351528,-502.8615,145.8227,-286.6604,-0.16863,0.853336,-0.488528,0.068709,-0.507776,2.569551,-1.471048,-0.43353,-0.039035,0.444075,0.66612,2.5875,0.540084
4530,1776148728440,50.362639,-502.8418,145.7265,-286.6581,-0.168986,0.852916,-0.489,0.069696,-0.508548,2.566769,-1.4716,-0.433619,-0.038991,0.444043,0.666388,2.587098,0.539429
4531,1776148728451,50.373751,-503.1152,145.686,-286.5228,-0.169179,0.852896,-0.488896,0.0702,-0.508975,2.565936,-1.470844,-0.433809,-0.038886,0.443997,0.666924,2.586195,0.538153
4532,1776148728462,50.384862,-503.1889,145.8169,-286.5526,-0.169023,0.853043,-0.488715,0.070047,-0.508552,2.566612,-1.470433,-0.4339,-0.038834,0.443973,0.667183,2.585726,0.537512
4533,1776148728473,50.395973,-503.311,145.8155,-286.5575,-0.169247,0.852508,-0.489447,0.07091,-0.508962,2.563682,-1.471876,-0.433987,-0.038798,0.443965,0.667461,2.585288,0.536885
4534,1776148728485,50.407085,-503.5374,146.0112,-286.4948,-0.169194,0.852408,-0.489617,0.071065,-0.508758,2.563143,-1.472251,-0.434148,-0.038683,0.44396,0.668173,2.584357,0.535663
4535,1776148728496,50.418196,-503.7166,145.9682,-286.6173,-0.169316,0.852615,-0.489203,0.071133,-0.509104,2.563663,-1.470948,-0.434218,-0.038646,0.443975,0.668486,2.583887,0.535036
4536,1776148728507,50.429307,-503.7439,145.7542,-286.5046,-0.169406,0.852306,-0.489644,0.071593,-0.509235,2.56203,-1.471868,-0.434363,-0.038554,0.443967,0.669156,2.582831,0.533902
4537,1776148728518,50.440419,-503.9975,145.6558,-286.4578,-0.169805,0.852193,-0.489538,0.072699,-0.510096,2.560001,-1.470579,-0.43443,-0.03849,0.443956,0.669568,2.582229,0.533348
4538,1776148728529,50.45153,-504.0312,145.7658,-286.3443,-0.169643,0.852239,-0.489545,0.072493,-0.509672,2.560453,-1.470783,-0.434509,-0.038462,0.443952,0.669857,2.581653,0.53279
4539,1776148728540,50.462641,-504.2437,145.6621,-286.3921,-0.169909,0.851939,-0.489835,0.073437,-0.510186,2.558112,-1.470824,-0.434669,-0.038353,0.443903,0.670515,2.580318,0.531674
4540,1776148728551,50.473752,-504.2813,145.5746,-286.4966,-0.170049,0.851876,-0.489813,0.07398,-0.510439,2.557096,-1.470284,-0.434743,-0.038267,0.443895,0.671037,2.579652,0.531102
4541,1776148728562,50.484864,-504.4352,145.6903,-286.5482,-0.170305,0.851693,-0.489931,0.074723,-0.510983,2.555414,-1.469987,-0.434887,-0.038154,0.443862,0.671765,2.578294,0.529948
4542,1776148728573,50.495975,-504.7003,145.4104,-286.7195,-0.170558,0.851673,-0.489792,0.075275,-0.511574,2.554517,-1.469088,-0.434968,-0.038108,0.443832,0.672119,2.577563,0.52947
4543,1776148728585,50.507086,-504.8444,145.5092,-286.8214,-0.170527,0.851523,-0.490057,0.075325,-0.511466,2.55399,-1.469837,-0.435034,-0.038069,0.44384,0.672471,2.576882,0.528923
4544,1776148728596,50.518197,-505.0952,145.4211,-286.8907,-0.170873,0.851749,-0.489421,0.076106,-0.512264,2.553483,-1.46725,-0.435184,-0.037959,0.443813,0.673229,2.57535,0.52789
4545,1776148728607,50.529308,-505.1717,145.4861,-286.8034,-0.171092,0.85146,-0.489792,0.076468,-0.512812,2.552067,-1.468044,-0.435252,-0.037906,0.443821,0.673566,2.574646,0.527335
4546,1776148728618,50.540419,-505.2726,145.342,-286.6977,-0.171245,0.851099,-0.490173,0.077689,-0.512898,2.549135,-1.468123,-0.435381,-0.037832,0.443831,0.674277,2.573126,0.526339
4547,1776148728629,50.551531,-505.3819,145.341,-286.647,-0.171589,0.851421,-0.489486,0.077736,-0.513912,2.55003,-1.466024,-0.435459,-0.037763,0.443824,0.674759,2.572326,0.525774
4548,1776148728640,50.562642,-505.6151,145.4583,-286.6523,-0.171638,0.850916,-0.490167,0.078864,-0.513715,2.546809,-1.46708,-0.435532,-0.037725,0.443816,0.675123,2.571441,0.525263
4549,1776148728651,50.573753,-505.6625,145.3268,-286.5816,-0.171949,0.851096,-0.489681,0.079259,-0.514527,2.546753,-1.465282,-0.435677,-0.037636,0.443822,0.675904,2.569773,0.524153
4550,1776148728662,50.584865,-505.6761,145.4252,-286.6548,-0.172128,0.851088,-0.489601,0.079454,-0.515003,2.546432,-1.464874,-0.435752,-0.037576,0.443814,0.676282,2.568847,0.523555
4551,1776148728673,50.595976,-505.8206,145.322,-286.6446,-0.172339,0.850847,-0.489744,0.080686,-0.515259,2.543855,-1.464233,-0.435824,-0.037529,0.443812,0.676647,2.567939,0.52299
4552,1776148728685,50.607087,-505.9275,145.4499,-286.5807,-0.172468,0.851214,-0.489054,0.080724,-0.515631,2.544895,-1.462137,-0.435954,-0.037444,0.443835,0.677513,2.566171,0.521968
4553,1776148728696,50.618198,-506.1877,145.3715,-286.6049,-0.172503,0.850793,-0.489701,0.081159,-0.515605,2.542982,-1.463695,-0.436024,-0.037411,0.443836,0.677858,2.565253,0.521407
4554,1776148728707,50.62931,-506.2081,145.5138,-286.5185,-0.172717,0.850512,-0.489947,0.082165,-0.515936,2.54063,-1.463559,-0.436159,-0.03734,0.443809,0.678592,2.563308,0.520418
4555,1776148728718,50.640421,-506.3056,145.333,-286.4919,-0.172904,0.850764,-0.48936,0.082652,-0.516348,2.540652,-1.461385,-0.4362,-0.037304,0.443843,0.679035,2.562474,0.519961
4556,1776148728729,50.651532,-506.3241,145.3981,-286.6183,-0.173453,0.850927,-0.488753,0.08342,-0.517749,2.539984,-1.458909,-0.436255,-0.037273,0.44385,0.679517,2.561567,0.519407
4557,1776148728740,50.662643,-506.5714,145.3775,-286.5706,-0.17361,0.850093,-0.489902,0.084839,-0.517786,2.535372,-1.461113,-0.436366,-0.037178,0.443865,0.680299,2.559817,0.518354
4558,1776148728751,50.673754,-506.57,145.3089,-286.7281,-0.174025,0.850362,-0.489178,0.085473,-0.518828,2.535224,-1.458409,-0.436439,-0.037137,0.443834,0.680609,2.558843,0.517807
4559,1776148728762,50.684866,-506.5776,145.2123,-286.6956,-0.174141,0.850319,-0.489134,0.085913,-0.51904,2.53444,-1.4579,-0.436553,-0.037058,0.44381,0.681412,2.55698,0.516848
4560,1776148728773,50.695977,-506.781,145.0979,-286.7145,-0.174304,0.850182,-0.48921,0.086503,-0.519345,2.533149,-1.457619,-0.436609,-0.037007,0.443796,0.68181,2.556012,0.516262
4561,1776148728785,50.707088,-506.9608,145.183,-286.6667,-0.174705,0.850438,-0.488536,0.086982,-0.520394,2.533199,-1.455202,-0.436662,-0.036964,0.443793,0.682174,2.5551,0.515797
4562,1776148728796,50.718199,-506.9869,145.1163,-286.6363,-0.174337,0.850111,-0.489212,0.087114,-0.519257,2.532027,-1.457102,-0.436761,-0.036863,0.443783,0.683054,2.553328,0.514769
4563,1776148728807,50.729311,-507.0821,144.8687,-286.8206,-0.174918,0.850173,-0.488685,0.088296,-0.520624,2.530452,-1.454521,-0.436817,-0.036803,0.44375,0.683443,2.552365,0.514228
4564,1776148728818,50.740422,-507.3498,144.712,-287.0532,-0.174886,0.849879,-0.489159,0.088566,-0.520448,2.529174,-1.4557,-0.436922,-0.036724,0.443699,0.684219,2.550465,0.51332
4565,1776148728829,50.751533,-507.596,145.0027,-286.8535,-0.175516,0.849709,-0.488961,0.090031,-0.521873,2.526492,-1.453859,-0.436983,-0.03664,0.443662,0.684659,2.549417,0.512788
4566,1776148728840,50.762644,-507.4704,144.8475,-286.787,-0.175503,0.849778,-0.488893,0.089775,-0.521913,2.527078,-1.453873,-0.437037,-0.036618,0.44363,0.684944,2.548508,0.512255
4567,1776148728851,50.773756,-507.5288,144.7986,-286.683,-0.175967,0.849611,-0.488717,0.091395,-0.522794,2.524177,-1.45197,-0.437143,-0.036522,0.443583,0.685572,2.546565,0.511252
4568,1776148728862,50.784867,-507.6158,144.7036,-287.1316,-0.175904,0.849388,-0.489159,0.091222,-0.522661,2.523772,-1.453431,-0.437184,-0.036484,0.443594,0.685927,2.545767,0.51071
4569,1776148728873,50.795978,-507.6194,144.6379,-287.1886,-0.176123,0.849311,-0.489061,0.092035,-0.523062,2.522342,-1.452446,-0.437251,-0.036399,0.44355,0.686307,2.54471,0.510123
4570,1776148728885,50.807089,-507.7002,144.8469,-287.16,-0.176564,0.849145,-0.489036,0.092853,-0.52412,2.520639,-1.451676,-0.437357,-0.036324,0.44353,0.68697,2.543075,0.509132
4571,1776148728896,50.818201,-507.9246,144.5081,-287.1813,-0.177198,0.849114,-0.488599,0.094218,-0.525582,2.518532,-1.449221,-0.437403,-0.036278,0.443528,0.687291,2.542292,0.508618
4572,1776148728907,50.829312,-508.0683,144.8027,-287.0799,-0.177318,0.848991,-0.488675,0.094709,-0.525786,2.517442,-1.449029,-0.437534,-0.036192,0.443446,0.687914,2.540414,0.507568
4573,1776148728918,50.840423,-508.0516,144.739,-286.9316,-0.177327,0.848838,-0.488924,0.094777,-0.525792,2.51689,-1.44971,-0.437571,-0.036162,0.443465,0.688326,2.53972,0.507135
4574,1776148728929,50.851535,-508.294,144.6409,-286.7722,-0.177719,0.848668,-0.488879,0.095791,-0.526642,2.514896,-1.448715,-0.437644,-0.036129,0.443418,0.688521,2.538841,0.506621
4575,1776148728940,50.862646,-508.3033,144.5194,-286.8562,-0.177876,0.848713,-0.488778,0.09562,-0.52716,2.515278,-1.44856,-0.43776,-0.036059,0.443376,0.688959,2.537178,0.505558
4576,1776148728951,50.873757,-508.4745,144.3689,-286.8752,-0.178347,0.84857,-0.48865,0.096658,-0.528234,2.513331,-1.447304,-0.437813,-0.036046,0.443358,0.689202,2.536382,0.50507
4577,1776148728962,50.884868,-508.5212,144.361,-287.0636,-0.178364,0.848398,-0.488856,0.097088,-0.528153,2.512192,-1.447552,-0.437941,-0.035962,0.443301,0.689636,2.534733,0.503995
4578,1776148728973,50.89598,-508.7599,144.341,-287.2215,-0.178548,0.848613,-0.488362,0.097366,-0.528613,2.512419,-1.445853,-0.438015,-0.035905,0.443265,0.689948,2.533914,0.503453
4579,1776148728985,50.907091,-508.8188,144.2578,-287.0991,-0.178943,0.848392,-0.488468,0.098027,-0.529578,2.510795,-1.44561,-0.438074,-0.035846,0.443251,0.690278,2.533114,0.502891
4580,1776148728996,50.918202,-509.0234,144.3601,-287.0974,-0.179213,0.848478,-0.488074,0.098748,-0.530153,2.509997,-1.443836,-0.438201,-0.035775,0.443225,0.690764,2.531593,0.501872
4581,1776148729007,50.929313,-509.1658,144.4772,-287.0214,-0.179331,0.848151,-0.488514,0.099171,-0.530371,2.50841,-1.444781,-0.438257,-0.035727,0.443216,0.691059,2.530824,0.50126
4582,1776148729018,50.940424,-509.2459,144.4454,-286.8996,-0.179562,0.847895,-0.488744,0.099803,-0.530859,2.506729,-1.444931,-0.438386,-0.035646,0.443185,0.691579,2.529338,0.500152
4583,1776148729029,50.951536,-509.4218,144.366,-286.8102,-0.179881,0.847866,-0.488551,0.100422,-0.531612,2.50574,-1.443838,-0.438441,-0.035592,0.443176,0.691904,2.528611,0.499645
4584,1776148729040,50.962647,-509.4825,144.3269,-286.9784,-0.180114,0.84792,-0.488282,0.100854,-0.532165,2.50527,-1.442679,-0.438501,-0.035556,0.443166,0.69214,2.527926,0.499111
4585,1776148729051,50.973758,-509.6633,144.4422,-287.0406,-0.180268,0.84759,-0.488689,0.101379,-0.532459,2.503531,-1.443442,-0.438626,-0.035444,0.443145,0.692648,2.526514,0.497938
4586,1776148729062,50.984869,-509.7767,144.2705,-287.1018,-0.180509,0.847802,-0.488248,0.101302,-0.533195,2.504269,-1.442205,-0.438677,-0.03542,0.443138,0.692824,2.525903,0.497464
4587,1776148729073,50.995981,-509.8264,144.3814,-287.079,-0.180688,0.847478,-0.488564,0.102169,-0.533453,2.502049,-1.442412,-0.438748,-0.035368,0.443116,0.693033,2.525178,0.496994
4588,1776148729085,51.007092,-510.0012,144.3843,-287.0276,-0.180778,0.847364,-0.488612,0.102725,-0.533546,2.500903,-1.442086,-0.438856,-0.035253,0.44313,0.69361,2.524008,0.495903
4589,1776148729096,51.018203,-510.1631,144.3306,-287.0677,-0.181098,0.847289,-0.488505,0.103287,-0.534316,2.499868,-1.441299,-0.438919,-0.035192,0.443124,0.693848,2.523364,0.495263
4590,1776148729107,51.029314,-510.2318,144.4426,-287.0569,-0.180975,0.847131,-0.488845,0.103183,-0.533987,2.499553,-1.442391,-0.439042,-0.035087,0.443108,0.694312,2.522225,0.494149
4591,1776148729118,51.040425,-510.3479,144.4155,-286.9376,-0.181319,0.846959,-0.488885,0.103808,-0.534806,2.498136,-1.441985,-0.439108,-0.035009,0.443082,0.694636,2.52157,0.493553
4592,1776148729129,51.051537,-510.4708,144.2184,-287.1351,-0.181563,0.84672,-0.489003,0.104768,-0.535229,2.496041,-1.44153,-0.439168,-0.03497,0.443062,0.694871,2.520979,0.49305
4593,1776148729140,51.062648,-510.6111,144.1402,-287.226,-0.181671,0.846586,-0.489201,0.104745,-0.535553,2.495678,-1.442131,-0.439311,-0.034859,0.443015,0.695341,2.519845,0.491943
4594,1776148729151,51.073759,-510.8042,144.0434,-287.394,-0.181866,0.846549,-0.489148,0.104949,-0.536064,2.495274,-1.441806,-0.439376,-0.0348,0.442995,0.695558,2.51926,0.491376
4595,1776148729162,51.084871,-510.7238,144.0498,-287.34,-0.182337,0.846293,-0.489222,0.105844,-0.537176,2.493229,-1.441275,-0.439503,-0.034662,0.442993,0.695932,2.518272,0.490129
4596,1776148729173,51.095982,-510.8193,144.0036,-287.416,-0.182342,0.846127,-0.489375,0.10646,-0.536999,2.491848,-1.441211,-0.439546,-0.034614,0.443019,0.696247,2.517856,0.489598
4597,1776148729185,51.107093,-510.9373,144.1729,-287.3687,-0.182469,0.845924,-0.489629,0.10668,-0.537303,2.490934,-1.441778,-0.439628,-0.034549,0.44299,0.696361,2.517317,0.489044
4598,1776148729196,51.118204,-511.1352,144.1013,-287.3461,-0.182673,0.845873,-0.48957,0.107011,-0.537802,2.490304,-1.441325,-0.439775,-0.034408,0.442965,0.696829,2.516326,0.487803
4599,1776148729207,51.129316,-511.3248,143.8987,-287.3645,-0.183,0.845711,-0.489564,0.107752,-0.538532,2.488762,-1.440691,-0.439836,-0.034364,0.442979,0.697096,2.51591,0.4872
4600,1776148729218,51.140427,-511.6132,144.0432,-287.3416,-0.183181,0.84561,-0.489558,0.108268,-0.538905,2.48772,-1.440242,-0.439995,-0.034242,0.442935,0.697591,2.514955,0.486038
4601,1776148729229,51.151538,-511.7322,143.7641,-287.4269,-0.183078,0.845472,-0.489883,0.108047,-0.53867,2.487632,-1.441383,-0.440091,-0.034154,0.442896,0.697784,2.514462,0.485372
4602,1776148729240,51.162649,-511.9496,143.9418,-287.3938,-0.183193,0.84516,-0.490238,0.108681,-0.538812,2.485803,-1.441897,-0.440159,-0.034103,0.442905,0.69804,2.514081,0.484818
4603,1776148729251,51.17376,-512.1348,143.9944,-287.3701,-0.183406,0.844994,-0.490332,0.109193,-0.539277,2.484579,-1.441749,-0.440316,-0.033976,0.442865,0.69852,2.513267,0.483686
4604,1776148729262,51.184872,-512.2709,143.8898,-287.4219,-0.183637,0.844779,-0.490465,0.109866,-0.539746,2.482981,-1.441578,-0.440391,-0.03389,0.442859,0.698796,2.512871,0.48295
4605,1776148729273,51.195983,-512.3846,143.8826,-287.5028,-0.183594,0.84524,-0.489833,0.109208,-0.539828,2.485281,-1.44027,-0.440474,-0.033814,0.442834,0.698987,2.512459,0.482403
4606,1776148729285,51.207094,-512.4414,143.8242,-287.3634,-0.183995,0.84447,-0.490742,0.110402,-0.540633,2.481305,-1.441947,-0.440652,-0.033662,0.442765,0.699347,2.511675,0.481056
4607,1776148729296,51.218205,-512.6297,143.7788,-287.5618,-0.183934,0.844588,-0.490588,0.110282,-0.540491,2.481825,-1.441595,-0.440738,-0.033598,0.442742,0.699553,2.511329,0.480488
4608,1776148729307,51.229317,-512.8452,143.4884,-287.6116,-0.184219,0.844564,-0.490485,0.110447,-0.541276,2.481519,-1.441156,-0.44092,-0.033458,0.442653,0.699804,2.510488,0.479223
4609,1776148729318,51.240428,-513.0831,143.4676,-287.7541,-0.184249,0.8443,-0.490823,0.110918,-0.541218,2.480068,-1.441754,-0.441006,-0.033361,0.442621,0.700061,2.510098,0.4785
4610,1776148729329,51.251539,-513.23,143.5191,-287.8527,-0.184438,0.844092,-0.491049,0.11119,-0.541688,2.479067,-1.442194,-0.44108,-0.033299,0.442623,0.700274,2.50991,0.477871
4611,1776148729350,51.272943,-513.5168,143.3804,-287.8236,-0.184682,0.843757,-0.491381,0.111858,-0.542197,2.477128,-1.442612,-0.441344,-0.033078,0.442544,0.700957,2.509076,0.475896
4612,1776148729362,51.284055,-513.7128,143.527,-287.7428,-0.18486,0.843564,-0.491674,0.11173,-0.542757,2.476744,-1.44358,-0.441437,-0.033002,0.442496,0.701052,2.508774,0.475236
4613,1776148729373,51.295166,-513.9116,143.4726,-287.7396,-0.184998,0.843342,-0.491818,0.112539,-0.54291,2.47494,-1.443329,-0.441605,-0.032868,0.44245,0.701493,2.508334,0.473877
4614,1776148729384,51.306277,-514.0711,143.256,-287.751,-0.185436,0.843241,-0.491826,0.112541,-0.544195,2.474638,-1.443351,-0.441707,-0.032778,0.44238,0.701566,2.508014,0.473134
4615,1776148729395,51.317388,-514.2865,143.3412,-287.7066,-0.185244,0.843003,-0.492244,0.11281,-0.543548,2.473559,-1.444354,-0.441891,-0.032645,0.442285,0.701944,2.507469,0.471785
4616,1776148729406,51.3285,-514.4342,143.2151,-287.7185,-0.185302,0.842765,-0.492589,0.112992,-0.543662,2.4726,-1.445213,-0.441973,-0.032576,0.442263,0.702055,2.507303,0.471059
4617,1776148729417,51.339611,-514.5981,143.2302,-287.5567,-0.185523,0.842488,-0.49294,0.113162,-0.544256,2.471546,-1.446101,-0.44206,-0.032495,0.442231,0.702385,2.507049,0.470342
4618,1776148729428,51.350722,-514.7247,143.1267,-287.7725,-0.185815,0.842347,-0.492861,0.114073,-0.544827,2.469836,-1.445111,-0.442251,-0.032357,0.442133,0.702595,2.506602,0.468848
4619,1776148729439,51.361833,-514.8572,143.1567,-287.6419,-0.185788,0.842097,-0.493378,0.113725,-0.544855,2.469597,-1.446918,-0.442331,-0.032271,0.442118,0.702958,2.506457,0.468112
4620,1776148729450,51.372944,-515.0599,143.0672,-287.7527,-0.186005,0.841995,-0.493355,0.11423,-0.545335,2.46858,-1.446429,-0.442511,-0.032107,0.442049,0.703281,2.50612,0.466614
4621,1776148729462,51.384056,-515.4429,142.9772,-287.7692,-0.186047,0.841757,-0.493659,0.114598,-0.54534,2.46736,-1.447013,-0.442601,-0.032032,0.442018,0.703527,2.505964,0.465896
4622,1776148729473,51.395167,-515.4442,143.0725,-287.8511,-0.186317,0.84139,-0.494106,0.114924,-0.54603,2.465824,-1.448054,-0.442672,-0.03193,0.442008,0.703673,2.505827,0.465134
4623,1776148729484,51.406278,-515.8059,142.9113,-288.0738,-0.186137,0.841134,-0.49456,0.115141,-0.545435,2.464764,-1.449203,-0.442848,-0.031767,0.441915,0.70414,2.505472,0.463681
4624,1776148729495,51.41739,-515.6904,142.8104,-287.955,-0.186338,0.841075,-0.494597,0.115083,-0.546041,2.464674,-1.44936,-0.442923,-0.031686,0.441889,0.704339,2.505322,0.46299
4625,1776148729506,51.428501,-515.8826,142.8062,-288.081,-0.186346,0.840718,-0.495068,0.115656,-0.545885,2.462817,-1.450262,-0.443081,-0.03155,0.441821,0.704814,2.505059,0.461487
4626,1776148729517,51.439612,-515.8885,142.8831,-288.0857,-0.186698,0.840814,-0.494719,0.11588,-0.546847,2.462781,-1.449054,-0.443173,-0.03146,0.441765,0.705002,2.504887,0.460682
4627,1776148729528,51.450724,-516.0929,142.7108,-288.0325,-0.186469,0.84023,-0.495695,0.11632,-0.546036,2.460448,-1.451544,-0.443244,-0.031388,0.441742,0.705289,2.504823,0.459898
4628,1776148729539,51.461835,-516.316,142.7143,-288.0935,-0.186814,0.84016,-0.49563,0.116548,-0.546978,2.45992,-1.451163,-0.443398,-0.031231,0.441685,0.705805,2.504676,0.458293
4629,1776148729550,51.472946,-516.605,142.6812,-287.9893,-0.186868,0.83991,-0.495961,0.116857,-0.547036,2.45875,-1.451874,-0.443473,-0.031178,0.441659,0.706098,2.504656,0.457544
4630,1776148729562,51.484057,-516.7505,142.7344,-288.105,-0.186966,0.839506,-0.496517,0.117234,-0.547206,2.457039,-1.453189,-0.443561,-0.031108,0.441608,0.706332,2.504564,0.456711
4631,1776148729573,51.495168,-516.8643,142.5569,-288.1364,-0.186844,0.839492,-0.496575,0.117286,-0.546832,2.456924,-1.453314,-0.443714,-0.030978,0.441556,0.706877,2.504512,0.455115
4632,1776148729584,51.506279,-516.9379,142.4707,-288.3452,-0.187072,0.839118,-0.497051,0.117581,-0.547407,2.455414,-1.454461,-0.443791,-0.03089,0.44151,0.707137,2.504431,0.454211
4633,1776148729595,51.517391,-517.0511,142.3345,-288.338,-0.187085,0.838762,-0.497485,0.118261,-0.547231,2.453414,-1.455165,-0.443966,-0.030726,0.441414,0.707744,2.50426,0.452577
4634,1776148729606,51.528502,-517.1359,142.3241,-288.3602,-0.187161,0.83855,-0.497881,0.117977,-0.547542,2.453195,-1.456561,-0.444033,-0.03065,0.441396,0.707946,2.504251,0.451594
4635,1776148729617,51.539613,-517.3891,142.2957,-288.3883,-0.187039,0.838311,-0.49816,0.118696,-0.546962,2.451483,-1.456775,-0.444112,-0.030602,0.441353,0.708308,2.504173,0.450776
4636,1776148729628,51.550725,-517.6543,142.5836,-288.3713,-0.187237,0.83791,-0.498741,0.118774,-0.547516,2.4502,-1.45841,-0.444251,-0.03042,0.441307,0.709098,2.504192,0.448806
4637,1776148729639,51.561836,-517.7794,142.2917,-288.4972,-0.187279,0.838026,-0.498492,0.118934,-0.547587,2.450315,-1.457549,-0.444329,-0.030337,0.441277,0.709494,2.504141,0.447892
4638,1776148729650,51.572947,-518.0235,142.3886,-288.5102,-0.187311,0.837646,-0.4991,0.119005,-0.54766,2.449106,-1.459267,-0.444475,-0.030194,0.441208,0.710161,2.504127,0.446001
4639,1776148729662,51.584059,-518.1555,142.246,-288.5016,-0.187437,0.837281,-0.499514,0.119643,-0.547827,2.447143,-1.459941,-0.44456,-0.030113,0.441154,0.710472,2.504042,0.445013
4640,1776148729673,51.59517,-518.2599,142.3455,-288.4283,-0.187352,0.837476,-0.499265,0.119449,-0.547639,2.447984,-1.459378,-0.444635,-0.030029,0.441109,0.710832,2.504008,0.44407
4641,1776148729684,51.606281,-518.4092,142.2962,-288.4589,-0.187654,0.836661,-0.500271,0.120469,-0.548201,2.444175,-1.461463,-0.44477,-0.029878,0.441049,0.71164,2.503963,0.441985
4642,1776148729695,51.617392,-518.5318,142.2177,-288.2654,-0.18738,0.836181,-0.501129,0.120667,-0.547339,2.442494,-1.463802,-0.444832,-0.029832,0.441013,0.712027,2.504004,0.440975
4643,1776148729706,51.628503,-518.6419,142.0356,-288.6849,-0.187496,0.835852,-0.501644,0.120628,-0.547692,2.441588,-1.465341,-0.44497,-0.029697,0.440947,0.712699,2.50397,0.438849
4644,1776148729717,51.639615,-518.7237,142.1062,-288.6076,-0.187393,0.83582,-0.501709,0.120734,-0.547356,2.441349,-1.465441,-0.445019,-0.029638,0.440952,0.713161,2.504109,0.437872
4645,1776148729728,51.650726,-518.9075,142.1013,-288.6354,-0.187453,0.835626,-0.501931,0.121062,-0.547429,2.440322,-1.465816,-0.445096,-0.029573,0.440894,0.713417,2.504032,0.436759
4646,1776148729739,51.661837,-518.9446,142.0808,-288.6759,-0.187288,0.834897,-0.503183,0.121153,-0.546917,2.438067,-1.469394,-0.445205,-0.029459,0.440868,0.714256,2.504166,0.434609
4647,1776148729750,51.672948,-519.1274,141.8248,-288.6278,-0.187435,0.834791,-0.503147,0.121802,-0.547145,2.436852,-1.468744,-0.445278,-0.029417,0.440807,0.714655,2.504143,0.433632
4648,1776148729762,51.684059,-519.2443,141.8253,-288.7389,-0.187815,0.834446,-0.503454,0.122306,-0.548096,2.435144,-1.469217,-0.445338,-0.029384,0.440775,0.715024,2.50423,0.432505
4649,1776148729773,51.69517,-519.4597,141.7483,-288.8991,-0.187383,0.834745,-0.503342,0.121389,-0.547121,2.437294,-1.469661,-0.445467,-0.02929,0.440678,0.715779,2.504206,0.430322
4650,1776148729784,51.706281,-519.4539,141.7061,-288.8632,-0.187467,0.834412,-0.503739,0.121901,-0.547207,2.435608,-1.470389,-0.445532,-0.029206,0.440611,0.716338,2.504084,0.429104
4651,1776148729795,51.717393,-519.6079,141.558,-288.9978,-0.187253,0.833711,-0.504923,0.122128,-0.546512,2.433247,-1.473654,-0.445633,-0.029087,0.440555,0.717301,2.504207,0.426848
4652,1776148729806,51.728504,-519.8133,141.642,-289.0093,-0.187429,0.833046,-0.505683,0.123248,-0.546677,2.429749,-1.474928,-0.445689,-0.029037,0.440527,0.717826,2.504277,0.425707
4653,1776148729817,51.739615,-519.8375,141.5259,-288.8544,-0.187665,0.832964,-0.505709,0.123339,-0.547334,2.429383,-1.474927,-0.445752,-0.028996,0.440469,0.718245,2.504283,0.424514
4654,1776148729828,51.750726,-519.9295,141.4514,-288.7963,-0.187317,0.832502,-0.506681,0.122994,-0.546427,2.428515,-1.478055,-0.44584,-0.028898,0.440447,0.719229,2.504617,0.422093
4655,1776148729839,51.761837,-519.9253,141.3087,-288.7457,-0.187664,0.832495,-0.506428,0.123552,-0.547264,2.427722,-1.476845,-0.445908,-0.028836,0.44038,0.719643,2.504585,0.420882
4656,1776148729850,51.772948,-520.1749,141.3884,-288.9348,-0.187638,0.831982,-0.507136,0.124141,-0.547007,2.425409,-1.478414,-0.446011,-0.028752,0.440313,0.720522,2.504771,0.418437
4657,1776148729862,51.78406,-520.292,141.2178,-288.948,-0.187366,0.831659,-0.507855,0.123779,-0.546327,2.424968,-1.480814,-0.44606,-0.028721,0.440281,0.720925,2.504877,0.4172
4658,1776148729873,51.795171,-520.323,141.3575,-288.8591,-0.187566,0.831466,-0.508007,0.124146,-0.546795,2.423899,-1.480948,-0.446107,-0.028695,0.440268,0.721369,2.504994,0.416025
4659,1776148729884,51.806282,-520.3198,141.2995,-288.8393,-0.187445,0.830674,-0.509202,0.124733,-0.546259,2.42078,-1.483933,-0.446205,-0.028591,0.440205,0.722334,2.505144,0.41347
4660,1776148729895,51.817393,-520.5174,141.3538,-289.0982,-0.187582,0.830758,-0.509,0.124793,-0.546639,2.420941,-1.483295,-0.446255,-0.028541,0.44016,0.722741,2.5052,0.412117
4661,1776148729906,51.828505,-520.691,141.178,-289.3242,-0.186959,0.8301,-0.510414,0.124331,-0.544968,2.419659,-1.487808,-0.446327,-0.028424,0.440144,0.723886,2.505433,0.409532
4662,1776148729917,51.839616,-520.7146,141.42,-289.2675,-0.187092,0.829629,-0.510947,0.125083,-0.54512,2.417251,-1.488723,-0.446364,-0.028398,0.440122,0.724297,2.505567,0.408211
4663,1776148729928,51.850727,-520.8391,141.3231,-289.261,-0.186948,0.829265,-0.511487,0.125504,-0.54457,2.415612,-1.489937,-0.446388,-0.028356,0.440127,0.724913,2.505739,0.406928
4664,1776148729939,51.861839,-520.8089,141.2673,-289.2429,-0.187319,0.828996,-0.511729,0.125745,-0.545575,2.414494,-1.490437,-0.446468,-0.02831,0.440065,0.725659,2.505934,0.404292
4665,1776148729950,51.87295,-520.7834,141.2569,-289.2465,-0.187449,0.828766,-0.511967,0.126095,-0.545846,2.413343,-1.490832,-0.446507,-0.028277,0.440035,0.726059,2.505967,0.402946
4666,1776148729962,51.884061,-520.9854,141.0117,-289.2217,-0.187433,0.828185,-0.512802,0.12654,-0.545663,2.411041,-1.492886,-0.446525,-0.028231,0.440024,0.726585,2.506123,0.401569
4667,1776148729973,51.895172,-520.9997,141.0951,-289.2391,-0.187133,0.827934,-0.513344,0.126432,-0.544821,2.410458,-1.494557,-0.446593,-0.028146,0.439987,0.727531,2.506337,0.398876
4668,1776148729984,51.906283,-521.1107,141.046,-289.3274,-0.18736,0.827636,-0.513666,0.126738,-0.545388,2.409169,-1.495234,-0.446614,-0.02812,0.439968,0.727978,2.506404,0.397558
4669,1776148729995,51.917395,-521.0328,141.0303,-289.183,-0.186968,0.827221,-0.514468,0.126768,-0.544238,2.407923,-1.497544,-0.44667,-0.028075,0.439928,0.72889,2.506652,0.394854
4670,1776148730006,51.928506,-520.8853,140.673,-289.5256,-0.1873,0.826691,-0.515048,0.12738,-0.545013,2.40554,-1.498709,-0.446701,-0.028038,0.439899,0.729324,2.506716,0.393506
4671,1776148730017,51.939617,-521.0427,140.8269,-289.4752,-0.187129,0.826404,-0.515538,0.127517,-0.544473,2.404518,-1.500016,-0.44673,-0.028027,0.439895,0.729799,2.506849,0.392237
4672,1776148730028,51.950728,-521.1904,140.7851,-289.5718,-0.18709,0.826031,-0.51614,0.127551,-0.544351,2.403385,-1.501741,-0.446793,-0.027979,0.439825,0.730724,2.50695,0.389587
4673,1776148730039,51.96184,-521.26,140.8329,-289.5681,-0.187404,0.825437,-0.516728,0.128551,-0.544954,2.400291,-1.502596,-0.446832,-0.027957,0.439778,0.731202,2.506946,0.3883
4674,1776148730050,51.972951,-521.5513,140.8858,-289.5672,-0.187089,0.825097,-0.517417,0.128426,-0.544076,2.399473,-1.504705,-0.446877,-0.027896,0.439771,0.732266,2.507165,0.385681
4675,1776148730062,51.984062,-521.6451,141.0472,-289.628,-0.187329,0.824708,-0.517801,0.129027,-0.544587,2.397521,-1.505307,-0.446913,-0.027869,0.439737,0.732713,2.507152,0.384359
4676,1776148730073,51.995173,-521.5849,141.1071,-289.6275,-0.186982,0.824339,-0.518548,0.128885,-0.543622,2.396644,-1.507601,-0.446918,-0.027855,0.439766,0.733248,2.507377,0.382997
4677,1776148730084,52.006285,-521.5268,140.9566,-289.562,-0.187251,0.824211,-0.518577,0.129195,-0.544309,2.395849,-1.507421,-0.446971,-0.027796,0.439747,0.734247,2.507603,0.380366
4678,1776148730095,52.017396,-521.5776,140.7675,-289.6298,-0.187067,0.823612,-0.519474,0.129681,-0.543623,2.393447,-1.50961,-0.446992,-0.027767,0.439709,0.734747,2.507588,0.378991
4679,1776148730106,52.028507,-521.526,140.848,-289.443,-0.187031,0.823435,-0.519766,0.129683,-0.54352,2.39293,-1.510459,-0.447059,-0.027685,0.439606,0.735735,2.507517,0.376197
4680,1776148730117,52.039618,-521.5625,140.7927,-289.454,-0.187253,0.822463,-0.520925,0.130875,-0.543794,2.388489,-1.5128,-0.447079,-0.027685,0.439578,0.736172,2.507569,0.374877
4681,1776148730128,52.05073,-521.8071,140.8513,-289.3291,-0.187136,0.822611,-0.520846,0.130426,-0.543595,2.389527,-1.512957,-0.447097,-0.027652,0.439553,0.736627,2.5076,0.373536
4682,1776148730139,52.061841,-521.7451,140.875,-289.3067,-0.187252,0.821726,-0.521961,0.131374,-0.543637,2.385674,-1.515382,-0.447148,-0.027578,0.439519,0.737761,2.507615,0.37083
4683,1776148730150,52.072952,-521.9145,140.6265,-289.5791,-0.187211,0.821709,-0.522038,0.131241,-0.543559,2.385802,-1.515718,-0.447159,-0.027571,0.439508,0.738238,2.507638,0.369505
4684,1776148730162,52.084063,-521.9724,140.7267,-289.6331,-0.187222,0.821127,-0.522815,0.131771,-0.543429,2.383397,-1.517518,-0.447196,-0.027539,0.439462,0.738648,2.507555,0.368186
4685,1776148730173,52.095175,-522.0601,140.6028,-289.4953,-0.187209,0.820809,-0.523291,0.131878,-0.543359,2.382329,-1.518808,-0.44722,-0.027537,0.439459,0.739618,2.507662,0.36575
4686,1776148730184,52.106286,-522.1375,140.4646,-289.6654,-0.187296,0.820439,-0.523713,0.132382,-0.543456,2.380575,-1.519598,-0.447246,-0.027518,0.439448,0.7401,2.507619,0.364508
4687,1776148730195,52.117397,-521.9982,140.7073,-289.6054,-0.1871,0.819967,-0.524491,0.132505,-0.542848,2.379039,-1.521751,-0.447287,-0.027476,0.439438,0.741049,2.507654,0.362085
4688,1776148730206,52.128509,-522.0899,140.3956,-289.8021,-0.187484,0.819597,-0.524698,0.133426,-0.543679,2.376725,-1.521556,-0.447312,-0.02744,0.439408,0.741533,2.507489,0.360851
4689,1776148730217,52.13962,-521.9509,140.4785,-289.539,-0.187404,0.819475,-0.524909,0.133463,-0.543435,2.37632,-1.522135,-0.447333,-0.027425,0.439413,0.742104,2.507505,0.359664
4690,1776148730228,52.150731,-522.0511,140.5166,-289.5403,-0.187021,0.819053,-0.525694,0.133496,-0.542315,2.375054,-1.524383,-0.447389,-0.027379,0.439377,0.743153,2.507321,0.357228
4691,1776148730239,52.161843,-522.2211,140.7169,-289.5723,-0.1878,0.819057,-0.5252,0.134321,-0.54432,2.373957,-1.522241,-0.44742,-0.027391,0.43934,0.743486,2.507082,0.356072
4692,1776148730250,52.172954,-522.3696,140.4705,-289.7643,-0.187541,0.818626,-0.526014,0.134125,-0.543631,2.37297,-1.524769,-0.44746,-0.027377,0.439325,0.744447,2.506974,0.353624
4693,1776148730262,52.184065,-522.2837,140.1388,-289.7267,-0.186824,0.817877,-0.527414,0.134198,-0.541529,2.370701,-1.528764,-0.447489,-0.027333,0.439309,0.745082,2.506829,0.352364
4694,1776148730273,52.195176,-522.6169,140.5776,-289.7719,-0.187804,0.817653,-0.526968,0.135936,-0.543834,2.367722,-1.525972,-0.447504,-0.027344,0.439331,0.745491,2.506879,0.351197
4695,1776148730284,52.206288,-522.541,140.4563,-289.8172,-0.187711,0.817272,-0.527573,0.136005,-0.543544,2.366529,-1.527663,-0.447565,-0.027291,0.439306,0.746524,2.506649,0.348694
4696,1776148730295,52.217399,-522.5286,140.5426,-289.6794,-0.187418,0.81709,-0.528016,0.135786,-0.542764,2.366293,-1.529134,-0.44759,-0.027276,0.439293,0.747033,2.506537,0.347457
4697,1776148730306,52.22851,-522.5322,140.3217,-289.7062,-0.187306,0.816389,-0.528955,0.136503,-0.542218,2.363305,-1.531232,-0.447643,-0.027271,0.43929,0.748123,2.50632,0.34515
4698,1776148730317,52.239621,-522.6291,140.6805,-289.7631,-0.187415,0.815887,-0.529513,0.137188,-0.542325,2.360939,-1.532256,-0.447669,-0.027257,0.439264,0.748702,2.506108,0.343901
4699,1776148730328,52.250733,-522.7891,140.805,-289.7202,-0.187255,0.815365,-0.5303,0.137469,-0.541774,2.359053,-1.534292,-0.447698,-0.027232,0.439243,0.749271,2.505949,0.342685
4700,1776148730339,52.261844,-522.8203,140.7807,-289.9079,-0.187182,0.814987,-0.530832,0.137755,-0.541477,2.357581,-1.535581,-0.447738,-0.027191,0.439215,0.75023,2.50554,0.340321
4701,1776148730350,52.272955,-522.7595,140.8247,-290.1679,-0.187479,0.815064,-0.530468,0.138301,-0.542168,2.357076,-1.534055,-0.447768,-0.027154,0.439206,0.750744,2.505289,0.339224
4702,1776148730362,52.284066,-522.8766,140.5642,-290.0997,-0.187201,0.815334,-0.530352,0.137529,-0.541601,2.358884,-1.534387,-0.447786,-0.02714,0.439183,0.751233,2.505088,0.338134
4703,1776148730373,52.295178,-522.8438,140.6842,-290.0782,-0.187289,0.815111,-0.53055,0.13796,-0.541724,2.357667,-1.534589,-0.447832,-0.027106,0.439136,0.752198,2.504493,0.335935
4704,1776148730384,52.306289,-522.7477,140.5414,-289.9323,-0.187278,0.814508,-0.531337,0.138509,-0.541523,2.355192,-1.536389,-0.447845,-0.027071,0.439139,0.752694,2.50429,0.334796
4705,1776148730395,52.3174,-522.9271,140.4733,-289.9431,-0.187438,0.813925,-0.531934,0.139428,-0.541707,2.352286,-1.537318,-0.44788,-0.027041,0.439144,0.753792,2.503732,0.332608
4706,1776148730406,52.328512,-523.043,140.4516,-290.0521,-0.187517,0.813539,-0.532318,0.140106,-0.541727,2.350274,-1.537841,-0.447911,-0.027016,0.439128,0.754318,2.503408,0.331456
4707,1776148730417,52.339623,-523.2015,140.5048,-290.0566,-0.187702,0.813432,-0.532279,0.140628,-0.542101,2.349274,-1.537275,-0.447928,-0.026988,0.439144,0.754846,2.503144,0.330418
4708,1776148730428,52.350734,-523.2621,140.37,-290.1119,-0.187672,0.812827,-0.533067,0.141177,-0.541848,2.346803,-1.539075,-0.447989,-0.026938,0.439102,0.755789,2.502372,0.328259
4709,1776148730439,52.361845,-523.1904,140.3329,-289.9876,-0.18776,0.813062,-0.532695,0.14111,-0.542124,2.347569,-1.538061,-0.448016,-0.026887,0.439084,0.756327,2.50192,0.327081
4710,1776148730450,52.372956,-523.3834,140.3445,-290.0101,-0.188194,0.812632,-0.53298,0.141928,-0.543125,2.345248,-1.538176,-0.448074,-0.026828,0.439054,0.757299,2.501094,0.324921
4711,1776148730462,52.384068,-523.3918,140.2426,-290.0718,-0.188508,0.812507,-0.532824,0.142814,-0.54376,2.343719,-1.536958,-0.448091,-0.026793,0.439069,0.757765,2.500725,0.323869
4712,1776148730473,52.395179,-523.5533,140.2572,-289.9995,-0.188426,0.811893,-0.533664,0.143276,-0.543382,2.341341,-1.538981,-0.448134,-0.026785,0.439028,0.758087,2.500244,0.322858
4713,1776148730484,52.40629,-523.6272,140.1816,-290.0737,-0.188649,0.811701,-0.533715,0.14388,-0.543843,2.339993,-1.538606,-0.448194,-0.026732,0.439005,0.758959,2.499281,0.320815
4714,1776148730495,52.417401,-523.6718,140.221,-290.0178,-0.188405,0.811322,-0.53435,0.143981,-0.543108,2.338768,-1.54035,-0.448226,-0.026696,0.438997,0.759439,2.498773,0.319759
4715,1776148730506,52.428512,-523.6057,140.2083,-290.1797,-0.188284,0.81104,-0.534731,0.144312,-0.542658,2.33752,-1.541161,-0.448273,-0.026652,0.438984,0.760401,2.497748,0.317919
4716,1776148730517,52.439623,-523.7484,140.026,-290.2939,-0.188563,0.810868,-0.534734,0.144903,-0.543283,2.33625,-1.54066,-0.448279,-0.026625,0.439001,0.760903,2.497269,0.3169
4717,1776148730528,52.450735,-523.7473,140.0949,-290.0927,-0.18862,0.810387,-0.53527,0.145543,-0.543251,2.334024,-1.541649,-0.448318,-0.026589,0.438994,0.761349,2.496737,0.315915
4718,1776148730539,52.461846,-523.8039,139.9273,-290.1291,-0.188809,0.81027,-0.535201,0.146198,-0.543598,2.332833,-1.540885,-0.448372,-0.026513,0.438963,0.762281,2.495564,0.313892
4719,1776148730550,52.472957,-523.9162,140.158,-290.0942,-0.188919,0.810092,-0.535345,0.146516,-0.543815,2.331905,-1.541025,-0.4484,-0.026489,0.438955,0.762725,2.495023,0.313069
4720,1776148730562,52.484068,-524.02,140.0241,-290.2013,-0.189078,0.809642,-0.535816,0.147074,-0.544103,2.329879,-1.541901,-0.448425,-0.026458,0.438939,0.763092,2.494434,0.312086
4721,1776148730573,52.495179,-524.1532,140.1002,-290.32,-0.18914,0.809464,-0.535926,0.147573,-0.54413,2.328717,-1.541787,-0.448473,-0.026387,0.438907,0.763926,2.493177,0.3101
4722,1776148730584,52.506291,-524.137,140.2329,-290.4366,-0.189155,0.809197,-0.536281,0.147731,-0.544125,2.327743,-1.54267,-0.448493,-0.026342,0.438928,0.764465,2.492628,0.309237
4723,1776148730595,52.517402,-524.2684,140.0428,-290.5177,-0.189236,0.808772,-0.536617,0.148726,-0.544055,2.325227,-1.542777,-0.448549,-0.026245,0.438898,0.765347,2.491303,0.307308
4724,1776148730606,52.528513,-524.3072,139.9337,-290.5848,-0.189508,0.808753,-0.53654,0.148761,-0.544826,2.325126,-1.542527,-0.448564,-0.026203,0.438885,0.765755,2.49063,0.306357
4725,1776148730617,52.539624,-524.4283,139.9719,-290.5108,-0.189637,0.808289,-0.536914,0.149767,-0.544889,2.322485,-1.542732,-0.448602,-0.026148,0.438865,0.766217,2.489988,0.305435
4726,1776148730628,52.550736,-524.421,139.9822,-290.5049,-0.190132,0.808144,-0.536657,0.15084,-0.545985,2.320677,-1.54107,-0.448651,-0.02604,0.438844,0.767116,2.488675,0.303622
4727,1776148730639,52.561847,-524.4919,139.9159,-290.5516,-0.190127,0.807906,-0.536992,0.15093,-0.545943,2.319877,-1.541956,-0.448673,-0.026,0.438834,0.76752,2.487983,0.302768
4728,1776148730650,52.572958,-524.573,140.0132,-290.5452,-0.190538,0.807646,-0.53698,0.151842,-0.546847,2.31795,-1.541136,-0.448733,-0.025898,0.438807,0.768292,2.486599,0.301034
4729,1776148730662,52.584069,-524.6177,139.8649,-290.6543,-0.190554,0.807581,-0.537002,0.152088,-0.546816,2.317446,-1.540989,-0.448778,-0.025843,0.438772,0.76862,2.485847,0.300108
4730,1776148730673,52.595181,-524.4932,139.828,-290.7045,-0.190823,0.807331,-0.537183,0.152442,-0.547481,2.316271,-1.541203,-0.448811,-0.025783,0.438743,0.768974,2.485096,0.299248
4731,1776148730684,52.606292,-524.5704,139.7576,-290.6762,-0.191048,0.806931,-0.537415,0.153454,-0.547815,2.313818,-1.541,-0.448864,-0.025711,0.438715,0.769666,2.483703,0.297676
4732,1776148730695,52.617403,-524.7437,139.7805,-290.8774,-0.191146,0.806511,-0.537833,0.154076,-0.547907,2.311812,-1.541663,-0.448902,-0.02565,0.438698,0.770071,2.482957,0.296891
4733,1776148730706,52.628514,-524.8737,139.6786,-290.8512,-0.191363,0.806444,-0.537738,0.154491,-0.548402,2.311085,-1.541034,-0.448967,-0.025583,0.438634,0.770775,2.481458,0.295426
4734,1776148730717,52.639626,-525.1177,139.6723,-291.0497,-0.19165,0.806198,-0.537733,0.155432,-0.548939,2.309172,-1.540213,-0.449012,-0.025509,0.438591,0.771139,2.480693,0.294614
4735,1776148730728,52.650737,-525.2904,139.6445,-291.0172,-0.191872,0.806319,-0.537461,0.155471,-0.549562,2.309467,-1.539402,-0.449046,-0.02547,0.438551,0.771417,2.479892,0.293939
4736,1776148730739,52.661848,-525.4508,139.5732,-291.1385,-0.192068,0.805781,-0.537947,0.156332,-0.549861,2.306823,-1.540058,-0.449098,-0.025355,0.438521,0.772134,2.478425,0.292463
4737,1776148730750,52.67296,-525.4599,139.4393,-291.0909,-0.191996,0.805781,-0.537916,0.156526,-0.549594,2.306575,-1.539802,-0.449149,-0.025256,0.438461,0.772439,2.477538,0.291682
4738,1776148730762,52.684071,-525.6063,139.4727,-291.1358,-0.192406,0.805572,-0.537865,0.157277,-0.550538,2.305013,-1.539013,-0.449179,-0.025184,0.438448,0.772824,2.476799,0.290902
4739,1776148730773,52.695182,-525.608,139.3895,-290.9286,-0.192525,0.80494,-0.538397,0.158535,-0.550496,2.301599,-1.539461,-0.449267,-0.025054,0.438366,0.773387,2.475238,0.289432
4740,1776148730784,52.706293,-525.709,139.1736,-291.1737,-0.192845,0.805105,-0.53803,0.15856,-0.551401,2.302035,-1.538389,-0.449304,-0.024987,0.43832,0.773679,2.474418,0.288763
4741,1776148730795,52.717404,-525.7819,139.1867,-291.4253,-0.192988,0.804796,-0.538307,0.159009,-0.551673,2.300582,-1.538799,-0.449384,-0.024834,0.438245,0.774376,2.472853,0.287206
4742,1776148730806,52.728516,-525.9536,139.1492,-291.3567,-0.192576,0.804649,-0.538574,0.159354,-0.550389,2.299719,-1.539267,-0.449423,-0.02474,0.438229,0.774801,2.472165,0.286455
4743,1776148730817,52.739627,-526.1612,139.3771,-291.531,-0.193105,0.804505,-0.538503,0.159676,-0.551805,2.298899,-1.53879,-0.44944,-0.02469,0.438233,0.775115,2.471478,0.285771
4744,1776148730828,52.750738,-526.3138,138.9989,-291.6456,-0.193344,0.804208,-0.538508,0.160863,-0.552124,2.296538,-1.537793,-0.449519,-0.024534,0.438165,0.775834,2.469979,0.284381
4745,1776148730839,52.761849,-526.4869,138.985,-291.3704,-0.19343,0.803865,-0.538915,0.16111,-0.552293,2.295246,-1.538743,-0.449562,-0.024459,0.438122,0.776191,2.469212,0.283703
4746,1776148730850,52.772961,-526.4915,138.698,-291.4296,-0.193917,0.803648,-0.53872,0.162257,-0.553331,2.293169,-1.537212,-0.449637,-0.024322,0.438019,0.776754,2.467635,0.282285
4747,1776148730862,52.784072,-526.4404,138.7759,-291.4285,-0.194,0.803504,-0.538775,0.162688,-0.553438,2.292212,-1.537,-0.449668,-0.024241,0.438005,0.777185,2.466968,0.281573
4748,1776148730873,52.795183,-526.6573,138.8996,-291.5302,-0.194228,0.803096,-0.539055,0.163498,-0.55384,2.290023,-1.537112,-0.449694,-0.024177,0.437979,0.777483,2.466228,0.280902
4749,1776148730884,52.806294,-526.8802,138.6493,-291.7234,-0.194284,0.803228,-0.538856,0.163441,-0.554017,2.290472,-1.536591,-0.449765,-0.024036,0.437927,0.778121,2.464855,0.279573
4750,1776148730895,52.817406,-527.0588,138.7282,-291.9726,-0.194459,0.802945,-0.539036,0.164031,-0.554335,2.288916,-1.536603,-0.449804,-0.023955,0.437885,0.778419,2.464121,0.27885
4751,1776148730906,52.828517,-527.0988,138.6709,-292.0361,-0.195119,0.802951,-0.53864,0.164516,-0.556067,2.288321,-1.535065,-0.449894,-0.02381,0.437787,0.778909,2.462612,0.277517
4752,1776148730917,52.839628,-527.317,138.6064,-291.8608,-0.195058,0.802582,-0.539037,0.165089,-0.555717,2.286546,-1.535709,-0.449935,-0.023742,0.437752,0.779099,2.461958,0.276806
4753,1776148730928,52.85074,-527.3229,138.5249,-291.9778,-0.195002,0.802278,-0.539305,0.165754,-0.555356,2.284841,-1.53591,-0.449983,-0.02368,0.437699,0.779305,2.461215,0.276156
4754,1776148730939,52.861851,-527.486,138.5634,-291.9754,-0.195816,0.802301,-0.538779,0.166396,-0.557475,2.284097,-1.533869,-0.450059,-0.02353,0.437632,0.779804,2.45988,0.274803
4755,1776148730950,52.872962,-527.6293,138.4284,-291.8809,-0.195782,0.801757,-0.539399,0.167043,-0.557181,2.281737,-1.535086,-0.450099,-0.023478,0.437582,0.780007,2.459149,0.274236
4756,1776148730962,52.884073,-527.7803,138.5323,-292.0518,-0.195663,0.801257,-0.540085,0.167368,-0.556741,2.279904,-1.536762,-0.450141,-0.023379,0.437555,0.780255,2.458554,0.273496
4757,1776148730973,52.895185,-527.8389,138.3352,-292.1693,-0.196077,0.801358,-0.539693,0.167663,-0.557827,2.279822,-1.535399,-0.450243,-0.023244,0.437447,0.780654,2.457147,0.272265
4758,1776148730984,52.906296,-528.0188,138.5142,-292.3601,-0.196479,0.801326,-0.53944,0.168161,-0.55882,2.279104,-1.534257,-0.450287,-0.023158,0.437419,0.780968,2.456538,0.2716
4759,1776148730995,52.917407,-528.0917,138.5007,-292.4202,-0.196617,0.801232,-0.539332,0.168791,-0.559017,2.278048,-1.533418,-0.45038,-0.023008,0.437342,0.78145,2.455272,0.270388
4760,1776148731006,52.928519,-528.3492,138.4154,-292.525,-0.196714,0.800908,-0.539657,0.169175,-0.559175,2.276646,-1.534019,-0.450426,-0.022935,0.437316,0.781592,2.454681,0.269823
4761,1776148731017,52.93963,-528.4018,138.2332,-292.5438,-0.196811,0.800798,-0.539721,0.16938,-0.559387,2.276075,-1.534028,-0.450469,-0.022871,0.437289,0.781809,2.454086,0.269266
4762,1776148731028,52.950741,-528.4382,138.2033,-292.4091,-0.196928,0.800599,-0.539909,0.169587,-0.559658,2.275251,-1.534386,-0.450565,-0.022717,0.437191,0.782138,2.452802,0.26818
4763,1776148731039,52.961852,-528.5814,138.0352,-292.4876,-0.197198,0.800319,-0.540012,0.170261,-0.560216,2.273614,-1.534111,-0.450602,-0.022643,0.437167,0.78232,2.4523,0.267522
4764,1776148731050,52.972963,-528.7161,138.0147,-292.403,-0.197304,0.800068,-0.54021,0.170691,-0.560384,2.272363,-1.53431,-0.450707,-0.022485,0.437067,0.782566,2.451112,0.266383
4765,1776148731062,52.984074,-528.7896,137.8015,-292.4491,-0.197535,0.799949,-0.540231,0.170918,-0.560971,2.27174,-1.534179,-0.450755,-0.022406,0.43703,0.782742,2.450595,0.265809
4766,1776148731073,52.995186,-528.8534,137.6585,-292.5025,-0.19768,0.799836,-0.54032,0.170997,-0.561359,2.271321,-1.534364,-0.450795,-0.022341,0.437001,0.782786,2.450127,0.265267
4767,1776148731084,53.006297,-529.0778,137.5105,-292.7052,-0.197804,0.799666,-0.540388,0.171431,-0.561578,2.270297,-1.534193,-0.450898,-0.02218,0.436894,0.783014,2.448988,0.264223
4768,1776148731095,53.017408,-529.1313,137.5497,-292.7039,-0.198116,0.799545,-0.540387,0.171642,-0.562399,2.269691,-1.534011,-0.450927,-0.022122,0.43687,0.782994,2.448525,0.26367
4769,1776148731106,53.028519,-529.1256,137.8184,-292.7625,-0.198497,0.799518,-0.540124,0.172155,-0.56332,2.268974,-1.532833,-0.451001,-0.02196,0.436802,0.78322,2.447591,0.26261
4770,1776148731117,53.03963,-529.2043,137.503,-293.0858,-0.198621,0.799272,-0.540392,0.172309,-0.563624,2.268086,-1.533465,-0.451024,-0.021914,0.436808,0.783201,2.447277,0.262096
4771,1776148731128,53.050742,-529.2992,137.4476,-293.0551,-0.19872,0.798839,-0.540756,0.173057,-0.563675,2.265929,-1.533869,-0.451077,-0.021831,0.436744,0.78327,2.446761,0.261558
4772,1776148731139,53.061853,-529.468,137.5334,-293.2195,-0.199044,0.798786,-0.540631,0.173325,-0.564509,2.265443,-1.533287,-0.451161,-0.021646,0.436656,0.783431,2.445797,0.260504
4773,1776148731150,53.072964,-529.5198,137.433,-293.2215,-0.19906,0.798513,-0.540933,0.173621,-0.564465,2.264302,-1.533894,-0.45119,-0.021574,0.436634,0.783509,2.445413,0.259999
4774,1776148731162,53.084075,-529.7113,137.4836,-293.0909,-0.199231,0.798387,-0.540965,0.173902,-0.564862,2.263596,-1.533749,-0.451238,-0.021472,0.43659,0.783621,2.445002,0.259436
4775,1776148731173,53.095187,-530.0298,137.4045,-293.1594,-0.199251,0.798043,-0.541362,0.174226,-0.564819,2.262217,-1.534602,-0.451298,-0.02133,0.436535,0.783838,2.444292,0.258486
4776,1776148731184,53.106298,-530.0699,137.3654,-293.1103,-0.199521,0.798239,-0.540975,0.174218,-0.565586,2.262786,-1.533513,-0.45134,-0.021232,0.436479,0.784039,2.443832,0.257973
4777,1776148731195,53.117409,-530.2673,137.5087,-293.2715,-0.19975,0.798222,-0.540867,0.174367,-0.56619,2.262552,-1.533082,-0.451413,-0.021063,0.436426,0.784326,2.443218,0.256958
4778,1776148731206,53.128521,-530.1441,137.2497,-293.4242,-0.199794,0.797571,-0.541516,0.175282,-0.566032,2.259574,-1.534153,-0.451449,-0.020979,0.436395,0.784484,2.442835,0.256475
4779,1776148731217,53.139632,-530.2537,137.0486,-293.6279,-0.199749,0.797853,-0.541277,0.174784,-0.566056,2.26099,-1.533893,-0.451494,-0.020884,0.436344,0.784645,2.442396,0.255999
4780,1776148731228,53.150744,-530.4105,136.7994,-293.7243,-0.199792,0.797489,-0.541758,0.174905,-0.566141,2.259809,-1.535155,-0.451578,-0.020715,0.436235,0.784896,2.441571,0.255039
4781,1776148731239,53.161855,-530.54,136.9216,-293.7803,-0.200163,0.797127,-0.541813,0.175962,-0.566864,2.257474,-1.534422,-0.451618,-0.020617,0.436187,0.785048,2.441222,0.254496
4782,1776148731250,53.172966,-530.6727,136.9072,-293.703,-0.200301,0.797315,-0.541368,0.17632,-0.567145,2.257565,-1.532863,-0.451698,-0.020467,0.436095,0.785408,2.440507,0.253599
4783,1776148731262,53.184077,-530.5363,136.3509,-293.6758,-0.200387,0.797028,-0.541811,0.17616,-0.567437,2.25695,-1.534251,-0.45174,-0.020387,0.436037,0.785512,2.440151,0.253064
4784,1776148731273,53.195189,-530.7728,136.377,-293.8278,-0.200547,0.797106,-0.541565,0.176381,-0.567822,2.256899,-1.533367,-0.451787,-0.02028,0.43598,0.785707,2.439775,0.252553
4785,1776148731284,53.2063,-530.9735,136.367,-293.923,-0.200245,0.796819,-0.542184,0.176119,-0.567047,2.256409,-1.535342,-0.451869,-0.020087,0.435895,0.786034,2.43914,0.251615
4786,1776148731295,53.217411,-531.216,136.5244,-293.9582,-0.200696,0.795996,-0.542688,0.177766,-0.567814,2.25205,-1.535386,-0.451932,-0.019999,0.435818,0.786104,2.438756,0.251082
4787,1776148731306,53.228523,-531.31,136.2862,-293.9929,-0.201063,0.796362,-0.541965,0.177921,-0.568802,2.252894,-1.533209,-0.452026,-0.019808,0.435694,0.786427,2.438075,0.25016
4788,1776148731317,53.239634,-531.6666,136.4138,-294.2352,-0.200897,0.796532,-0.541874,0.177623,-0.568428,2.253742,-1.533203,-0.452072,-0.019714,0.435666,0.786749,2.43779,0.249726
4789,1776148731328,53.250745,-531.7424,136.2999,-294.2534,-0.201079,0.796085,-0.542349,0.177971,-0.568834,2.25205,-1.534254,-0.452103,-0.019636,0.43562,0.786878,2.437513,0.249212
4790,1776148731339,53.261856,-531.6062,136.2879,-294.1711,-0.201182,0.795959,-0.54236,0.178383,-0.568996,2.251187,-1.533939,-0.452188,-0.019441,0.43553,0.787193,2.437002,0.248293
4791,1776148731350,53.272967,-531.8686,135.9622,-294.3467,-0.200607,0.795891,-0.542934,0.17759,-0.567616,2.251968,-1.536229,-0.452219,-0.019339,0.43551,0.787407,2.436805,0.247835
4792,1776148731362,53.284079,-532.0388,136.2238,-294.4676,-0.201327,0.795341,-0.542869,0.179427,-0.569083,2.248156,-1.534505,-0.452269,-0.019261,0.435427,0.787521,2.436394,0.247445
4793,1776148731373,53.29519,-532.1187,136.5822,-294.2999,-0.201417,0.795417,-0.542785,0.179244,-0.569393,2.248595,-1.534421,-0.452359,-0.019079,0.435336,0.787883,2.435815,0.246505
4794,1776148731384,53.306301,-532.088,136.089,-294.7402,-0.201038,0.795337,-0.543221,0.178699,-0.568491,2.249038,-1.53611,-0.452386,-0.018983,0.435312,0.788009,2.435604,0.246032
4795,1776148731395,53.317412,-532.0783,136.1295,-294.8003,-0.201181,0.795011,-0.543459,0.179265,-0.568721,2.247422,-1.536309,-0.452451,-0.018836,0.435252,0.788329,2.435133,0.245087
4796,1776148731406,53.328523,-532.4103,136.1512,-294.7903,-0.20124,0.794749,-0.543647,0.17979,-0.568725,2.246039,-1.536399,-0.452498,-0.018739,0.435201,0.788568,2.434893,0.244588
4797,1776148731417,53.339634,-532.5657,135.8315,-294.7839,-0.201755,0.794948,-0.543135,0.179882,-0.57015,2.246487,-1.534877,-0.452513,-0.018678,0.435184,0.788678,2.434673,0.244112
4798,1776148731428,53.350746,-532.6225,135.7501,-294.8203,-0.201512,0.794496,-0.543776,0.180214,-0.569361,2.244803,-1.536409,-0.452604,-0.018511,0.43508,0.788923,2.434165,0.243197
4799,1776148731439,53.361857,-532.7027,135.6215,-294.9821,-0.201671,0.794606,-0.543521,0.180317,-0.569779,2.24499,-1.535602,-0.452636,-0.018397,0.43506,0.789176,2.433955,0.242618
4800,1776148731450,53.372969,-532.7986,135.6835,-294.9349,-0.201819,0.793991,-0.544111,0.181083,-0.569958,2.242314,-1.536627,-0.452715,-0.018236,0.434959,0.789516,2.43345,0.241625
4801,1776148731462,53.38408,-533.1003,135.5047,-295.0556,-0.20188,0.793964,-0.544159,0.180986,-0.57016,2.242358,-1.536844,-0.452746,-0.018142,0.434909,0.789633,2.433182,0.241077
4802,1776148731473,53.395191,-533.2537,135.6104,-294.945,-0.20192,0.794002,-0.544131,0.180861,-0.570314,2.242617,-1.536869,-0.452767,-0.018055,0.434912,0.789915,2.43308,0.240619
4803,1776148731484,53.406302,-533.3952,135.5305,-295.2494,-0.201863,0.793851,-0.544294,0.181098,-0.570078,2.241902,-1.537131,-0.452844,-0.017884,0.434804,0.79022,2.432604,0.239632
4804,1776148731495,53.417413,-533.4281,135.3864,-295.2923,-0.202119,0.793646,-0.544368,0.18149,-0.570679,2.240843,-1.537011,-0.452861,-0.017804,0.434789,0.790455,2.43243,0.239183
4805,1776148731506,53.428525,-533.3777,135.3685,-295.3972,-0.202273,0.793549,-0.544374,0.181723,-0.57104,2.240285,-1.536833,-0.452933,-0.017619,0.434708,0.790792,2.432003,0.238185
4806,1776148731517,53.439636,-533.43,135.5356,-295.4364,-0.20219,0.79301,-0.544981,0.182347,-0.570612,2.238003,-1.538024,-0.452979,-0.017512,0.434664,0.790996,2.431806,0.237667
4807,1776148731528,53.450747,-533.6121,135.181,-295.678,-0.202058,0.793181,-0.54496,0.181809,-0.570406,2.239143,-1.538418,-0.453014,-0.017429,0.434619,0.791192,2.431555,0.237235
4808,1776148731539,53.461858,-533.7639,135.1481,-295.8383,-0.202149,0.793177,-0.544951,0.181754,-0.570682,2.239198,-1.538437,-0.453087,-0.017279,0.43456,0.79147,2.431287,0.236329
4809,1776148731550,53.47297,-533.8892,135.185,-295.8351,-0.202431,0.792472,-0.54543,0.183074,-0.571066,2.235601,-1.538683,-0.453133,-0.017175,0.434504,0.791642,2.431066,0.23574
4810,1776148731562,53.484081,-533.936,134.7654,-295.9841,-0.202519,0.792902,-0.544958,0.18252,-0.571487,2.237487,-1.537816,-0.453167,-0.017094,0.434459,0.791813,2.430847,0.235312
4811,1776148731573,53.495192,-534.0204,134.7708,-295.9425,-0.202495,0.792936,-0.545019,0.182218,-0.571514,2.237951,-1.53824,-0.453247,-0.016931,0.434392,0.792116,2.430556,0.234397
4812,1776148731584,53.506303,-534.1848,135.1919,-295.8622,-0.202511,0.792212,-0.54584,0.182888,-0.571351,2.235093,-1.539997,-0.453282,-0.016848,0.434365,0.792237,2.430437,0.233922
4813,1776148731595,53.517414,-534.3566,135.0819,-295.8067,-0.20263,0.792435,-0.545418,0.18305,-0.571637,2.235526,-1.538669,-0.453342,-0.016688,0.434322,0.792543,2.430193,0.233083
4814,1776148731606,53.528525,-534.4282,135.1754,-296.0309,-0.202615,0.791946,-0.546067,0.183249,-0.57153,2.233903,-1.540332,-0.453364,-0.016586,0.434312,0.792736,2.430123,0.232582
4815,1776148731617,53.539636,-534.5247,135.0755,-295.8852,-0.202645,0.791852,-0.546358,0.182753,-0.57177,2.23424,-1.541571,-0.453402,-0.016497,0.434271,0.792862,2.429938,0.232109
4816,1776148731628,53.550747,-534.6183,135.0245,-296.0055,-0.202922,0.791543,-0.546385,0.183701,-0.572257,2.232218,-1.540852,-0.453477,-0.016322,0.434203,0.793173,2.429666,0.231256
4817,1776148731639,53.561859,-534.7832,134.8773,-296.549,-0.202897,0.791991,-0.54597,0.183029,-0.572396,2.234299,-1.540245,-0.453511,-0.016241,0.43414,0.793228,2.429479,0.230788
4818,1776148731650,53.57297,-534.8275,135.0496,-296.4549,-0.202865,0.791139,-0.546931,0.18388,-0.57204,2.23086,-1.542243,-0.453573,-0.016046,0.434096,0.793595,2.429245,0.22989
4819,1776148731662,53.584081,-535.0331,135.0072,-296.6404,-0.202986,0.791062,-0.546911,0.184137,-0.572303,2.230332,-1.541971,-0.453616,-0.015972,0.434049,0.793641,2.429026,0.229428
4820,1776148731673,53.595193,-535.3137,134.833,-296.6163,-0.202993,0.791479,-0.5465,0.183553,-0.572504,2.232218,-1.541301,-0.453641,-0.015853,0.434037,0.793788,2.428925,0.228929
4821,1776148731684,53.606304,-535.3802,134.8448,-296.553,-0.202903,0.791342,-0.546754,0.183488,-0.572269,2.23191,-1.542072,-0.453736,-0.015684,0.433937,0.794072,2.428525,0.228167
4822,1776148731695,53.617415,-535.4146,134.5628,-296.7392,-0.202965,0.790588,-0.547568,0.184244,-0.572208,2.228866,-1.543731,-0.453776,-0.015604,0.433907,0.794111,2.428403,0.227718
4823,1776148731706,53.628526,-535.5426,134.4762,-296.9445,-0.203298,0.79101,-0.546837,0.184236,-0.573151,2.230064,-1.541678,-0.453864,-0.015427,0.433829,0.794398,2.42806,0.226985
4824,1776148731717,53.639637,-535.5673,134.053,-297.1075,-0.202864,0.790757,-0.547615,0.183486,-0.572161,2.230263,-1.544501,-0.453886,-0.015322,0.433811,0.794517,2.427946,0.226477
4825,1776148731728,53.650749,-535.7424,134.3854,-297.2549,-0.203029,0.790285,-0.547795,0.184795,-0.57222,2.227345,-1.543909,-0.453916,-0.015246,0.433799,0.794594,2.4279,0.226142
4826,1776148731739,53.66186,-535.6875,134.5066,-297.0847,-0.203477,0.790191,-0.547599,0.185285,-0.573329,2.226486,-1.542947,-0.45399,-0.015038,0.433726,0.794777,2.427565,0.225301
4827,1776148731750,53.672971,-535.8752,134.3119,-297.2066,-0.203278,0.79039,-0.547375,0.185318,-0.572756,2.227008,-1.542287,-0.454022,-0.014928,0.433697,0.795009,2.427406,0.224915
4828,1776148731762,53.684083,-536.114,134.1727,-297.4343,-0.203423,0.790214,-0.547647,0.185108,-0.57323,2.226765,-1.543229,-0.45406,-0.014808,0.433663,0.795225,2.427273,0.224575
4829,1776148731773,53.695194,-536.2136,133.962,-297.4084,-0.203309,0.790025,-0.547774,0.18566,-0.572738,2.225565,-1.543126,-0.454145,-0.014579,0.433576,0.795494,2.426895,0.223803
4830,1776148731784,53.706305,-536.4041,134.1376,-297.7128,-0.203456,0.789877,-0.547896,0.185768,-0.573118,2.225019,-1.543377,-0.45416,-0.014469,0.433572,0.795686,2.42677,0.223406
4831,1776148731795,53.717416,-536.5401,133.9568,-297.8463,-0.203571,0.789835,-0.54786,0.185929,-0.573391,2.224705,-1.543142,-0.454238,-0.014245,0.433504,0.795973,2.426511,0.222711
4832,1776148731806,53.728528,-536.6619,133.9251,-297.9789,-0.203391,0.789576,-0.548177,0.18629,-0.572772,2.223541,-1.543732,-0.45427,-0.014134,0.433476,0.796092,2.426369,0.222386
4833,1776148731817,53.739639,-536.8417,133.986,-297.9908,-0.203358,0.789466,-0.548309,0.186405,-0.572644,2.223093,-1.544007,-0.45431,-0.014014,0.433418,0.796192,2.426193,0.222018
4834,1776148731828,53.75075,-536.965,134.3264,-297.9379,-0.203551,0.789303,-0.548425,0.186542,-0.573146,2.222468,-1.54422,-0.454374,-0.013801,0.433339,0.796475,2.425863,0.221319
4835,1776148731839,53.761861,-537.0895,133.9955,-298.1811,-0.203491,0.789167,-0.548563,0.186775,-0.572904,2.221804,-1.544414,-0.454403,-0.013672,0.43328,0.796591,2.425645,0.220901
4836,1776148731850,53.772973,-537.1542,134.0886,-298.23,-0.203613,0.789416,-0.548262,0.186476,-0.573341,2.222866,-1.543816,-0.454454,-0.013439,0.433232,0.796959,2.425395,0.220256
4837,1776148731862,53.784084,-537.4908,134.1548,-298.3759,-0.2036,0.789125,-0.548468,0.187115,-0.573106,2.221276,-1.543859,-0.454488,-0.01332,0.433186,0.797182,2.425123,0.219941
4838,1776148731873,53.795195,-537.6433,134.1932,-298.2916,-0.203843,0.789092,-0.548339,0.187368,-0.573712,2.220878,-1.543285,-0.454524,-0.013201,0.433149,0.797335,2.424906,0.21971
4839,1776148731884,53.806307,-537.6742,134.0628,-298.6048,-0.203608,0.788846,-0.548773,0.187385,-0.573044,2.220167,-1.544494,-0.4546,-0.012978,0.433104,0.797534,2.424583,0.219113
4840,1776148731895,53.817418,-537.7753,133.9737,-298.5891,-0.203386,0.78892,-0.548823,0.18717,-0.572485,2.220633,-1.544813,-0.454623,-0.012861,0.433093,0.797729,2.424453,0.218865
4841,1776148731906,53.82853,-538.0504,133.9424,-298.7409,-0.203745,0.78851,-0.548917,0.188231,-0.573167,2.218202,-1.54419,-0.454691,-0.012609,0.433045,0.798098,2.424036,0.218293
4842,1776148731917,53.839641,-537.9624,133.4861,-298.7473,-0.202982,0.789174,-0.548789,0.186638,-0.571515,2.221988,-1.545163,-0.454732,-0.012479,0.433009,0.798205,2.423879,0.218077
4843,1776148731928,53.850752,-538.1135,133.6229,-299.0253,-0.203809,0.788483,-0.548915,0.188278,-0.573332,2.218071,-1.544145,-0.454762,-0.012367,0.43297,0.798331,2.423661,0.21775
4844,1776148731939,53.861863,-538.2169,133.4929,-299.3414,-0.203024,0.788858,-0.549011,0.187274,-0.571434,2.220334,-1.545257,-0.45482,-0.012145,0.432908,0.798646,2.423338,0.21735
4845,1776148731950,53.872975,-538.4663,133.4035,-299.4786,-0.203712,0.788591,-0.548856,0.188105,-0.573112,2.218581,-1.544125,-0.45484,-0.012026,0.432868,0.798687,2.423165,0.217028
4846,1776148731962,53.884086,-538.6257,133.5198,-299.4899,-0.203811,0.788307,-0.549042,0.188644,-0.573224,2.217135,-1.544197,-0.45487,-0.011911,0.43285,0.799003,2.423051,0.216864
4847,1776148731973,53.895197,-538.7701,133.4792,-299.6935,-0.203502,0.788281,-0.549336,0.188227,-0.572484,2.217564,-1.545372,-0.454933,-0.011694,0.432788,0.799201,2.422802,0.216387
4848,1776148731984,53.906309,-538.9508,133.6018,-299.5464,-0.203222,0.788349,-0.549347,0.188217,-0.5717,2.217766,-1.545411,-0.45495,-0.011584,0.432748,0.799364,2.42257,0.216212
4849,1776148731995,53.91742,-539.0345,133.1528,-300.004,-0.203363,0.788377,-0.549273,0.188162,-0.572115,2.21791,-1.545249,-0.455015,-0.011335,0.432705,0.799637,2.422391,0.215704
4850,1776148732006,53.928531,-539.1148,133.2219,-299.9321,-0.203254,0.788334,-0.549241,0.188551,-0.571686,2.217323,-1.544834,-0.455039,-0.011201,0.432661,0.799948,2.422161,0.215576
4851,1776148732017,53.939642,-539.3256,133.1203,-300.1265,-0.203597,0.788242,-0.549231,0.188596,-0.572636,2.21701,-1.544768,-0.45507,-0.011063,0.432624,0.80004,2.422005,0.215335
4852,1776148732028,53.950753,-539.3509,133.0336,-300.1183,-0.203628,0.788223,-0.549017,0.189266,-0.572517,2.216152,-1.543604,-0.455136,-0.010785,0.43252,0.800461,2.421592,0.214859
4853,1776148732039,53.961865,-539.4587,132.9772,-300.2223,-0.20371,0.788229,-0.548954,0.189333,-0.572725,2.21609,-1.543371,-0.455175,-0.010683,0.432456,0.800395,2.421427,0.214698
4854,1776148732050,53.972976,-539.5113,132.9853,-300.2702,-0.203574,0.787696,-0.549572,0.189903,-0.572167,2.213908,-1.544634,-0.455232,-0.010431,0.432426,0.80084,2.42122,0.214394
4855,1776148732062,53.984087,-539.6819,133.1278,-300.6018,-0.203779,0.787842,-0.549301,0.189863,-0.572757,2.214365,-1.543905,-0.455259,-0.010311,0.432389,0.800976,2.421068,0.214213
4856,1776148732073,53.995198,-539.9153,132.9595,-300.6943,-0.203798,0.787902,-0.549218,0.189832,-0.572818,2.214572,-1.543698,-0.455284,-0.01018,0.432372,0.801229,2.420916,0.214046
4857,1776148732084,54.006309,-540.0724,132.9645,-300.9061,-0.20347,0.787817,-0.549347,0.190165,-0.571794,2.213933,-1.543782,-0.455369,-0.009923,0.432275,0.801464,2.420508,0.213743
4858,1776148732095,54.017421,-540.301,132.8718,-301.0702,-0.203588,0.787604,-0.549617,0.190141,-0.572133,2.213363,-1.544559,-0.455404,-0.009796,0.432248,0.801531,2.420425,0.21352
4859,1776148732106,54.028532,-540.4329,132.7689,-300.9996,-0.203586,0.787655,-0.549416,0.190509,-0.572014,2.213067,-1.543689,-0.455475,-0.009514,0.43217,0.801906,2.420047,0.213089
4860,1776148732117,54.039643,-540.6939,132.6541,-301.2097,-0.203874,0.787705,-0.54924,0.190503,-0.572826,2.213215,-1.543199,-0.455508,-0.009359,0.432121,0.801959,2.41985,0.21283
4861,1776148732128,54.050754,-540.8146,132.8174,-301.1934,-0.203905,0.787734,-0.549132,0.190663,-0.572863,2.213104,-1.54276,-0.455543,-0.009255,0.43207,0.802058,2.419675,0.212744
4862,1776148732139,54.061866,-540.7983,132.6278,-301.2224,-0.203726,0.787533,-0.549396,0.190924,-0.572279,2.212225,-1.543286,-0.455603,-0.008977,0.432003,0.802289,2.419411,0.212367
4863,1776148732150,54.072977,-540.8521,132.5659,-301.3443,-0.203744,0.787429,-0.549596,0.190756,-0.572379,2.212135,-1.543988,-0.455636,-0.008879,0.43196,0.802256,2.419312,0.212239
4864,1776148732162,54.084088,-541.0892,132.4838,-301.5474,-0.203602,0.787439,-0.549501,0.191144,-0.571863,2.211699,-1.543396,-0.455671,-0.008732,0.431911,0.802435,2.419092,0.212066
4865,1776148732173,54.095199,-541.2797,132.4712,-301.8276,-0.203826,0.787325,-0.549595,0.191103,-0.572505,2.211427,-1.543694,-0.455725,-0.008437,0.431855,0.802661,2.418837,0.211679
4866,1776148732184,54.106311,-541.3527,132.4433,-301.8649,-0.203822,0.787304,-0.549544,0.191338,-0.572421,2.211088,-1.543357,-0.455757,-0.008293,0.431804,0.802854,2.418626,0.211525
4867,1776148732195,54.117422,-541.5945,132.3401,-302.2311,-0.203848,0.787391,-0.549361,0.191477,-0.57245,2.211167,-1.542727,-0.455808,-0.008036,0.43175,0.803001,2.418413,0.211334
4868,1776148732206,54.128534,-541.6745,132.3154,-302.3116,-0.203849,0.787165,-0.549701,0.191429,-0.572468,2.210589,-1.543722,-0.455843,-0.007884,0.431708,0.803087,2.41828,0.211108
4869,1776148732217,54.139645,-541.933,132.3233,-302.493,-0.203678,0.787115,-0.549737,0.191715,-0.5719,2.210106,-1.543584,-0.455865,-0.007752,0.431688,0.803189,2.418185,0.21091
4870,1776148732228,54.150756,-541.9748,132.2906,-302.6417,-0.203928,0.787228,-0.549479,0.191724,-0.572599,2.210414,-1.542853,-0.455921,-0.00746,0.431621,0.803447,2.417908,0.210645
4871,1776148732239,54.161868,-542.1506,132.1583,-302.7296,-0.203835,0.787062,-0.549666,0.191968,-0.57226,2.209657,-1.543172,-0.455951,-0.007324,0.431611,0.803662,2.417814,0.210564
4872,1776148732250,54.172979,-542.1663,132.0438,-302.9027,-0.203796,0.787065,-0.549662,0.192008,-0.572141,2.209617,-1.543128,-0.455992,-0.007033,0.431556,0.803935,2.417607,0.2102
4873,1776148732262,54.18409,-542.3618,132.0626,-303.0588,-0.203967,0.787226,-0.549445,0.191791,-0.572686,2.210328,-1.542699,-0.456013,-0.006896,0.43153,0.804029,2.417496,0.210206
4874,1776148732273,54.195201,-542.4439,131.9731,-303.0323,-0.203867,0.787008,-0.549667,0.192151,-0.572296,2.209287,-1.543023,-0.456042,-0.006762,0.431488,0.804159,2.417356,0.210025
4875,1776148732284,54.206312,-542.6658,132.0127,-303.1422,-0.20394,0.787245,-0.54935,0.192009,-0.572544,2.210122,-1.542252,-0.456091,-0.0065,0.43142,0.804267,2.41714,0.209869
4876,1776148732295,54.217424,-542.8102,132.0359,-303.3191,-0.2042,0.787182,-0.549268,0.192226,-0.573206,2.209686,-1.541841,-0.456106,-0.006356,0.431395,0.80443,2.417022,0.209697
4877,1776148732306,54.228535,-542.9113,131.9887,-303.3744,-0.203984,0.786737,-0.549739,0.19293,-0.572382,2.207596,-1.542577,-0.456158,-0.006085,0.431333,0.804657,2.416804,0.209632
4878,1776148732317,54.239646,-543.1987,131.9817,-303.4707,-0.204142,0.78639,-0.550098,0.193157,-0.572755,2.206352,-1.543394,-0.456182,-0.005932,0.431311,0.804771,2.416713,0.209415
4879,1776148732328,54.250757,-543.2164,131.8787,-303.5775,-0.203825,0.787032,-0.549559,0.19241,-0.572098,2.209044,-1.542505,-0.456206,-0.00581,0.431265,0.80488,2.416575,0.209517
4880,1776148732339,54.261868,-543.3716,131.6116,-304.0119,-0.203808,0.786578,-0.550058,0.192857,-0.571912,2.207237,-1.543532,-0.456242,-0.005529,0.431225,0.805141,2.416396,0.209345
4881,1776148732350,54.27298,-543.4113,131.5852,-304.1344,-0.204075,0.787008,-0.549427,0.192622,-0.572731,2.208722,-1.541956,-0.456259,-0.005376,0.431218,0.80533,2.41634,0.209285
4882,1776148732362,54.284091,-543.583,131.4611,-304.4519,-0.203728,0.786955,-0.549656,0.192549,-0.571781,2.208662,-1.54266,-0.456269,-0.00523,0.431201,0.805554,2.416278,0.209188
4883,1776148732373,54.295202,-543.8463,131.491,-304.4238,-0.203637,0.786487,-0.550195,0.193015,-0.571383,2.206794,-1.543785,-0.456319,-0.004947,0.431118,0.805776,2.41597,0.209155
4884,1776148732384,54.306313,-544.1355,131.66,-304.5885,-0.203793,0.786995,-0.549529,0.192682,-0.571923,2.208615,-1.542192,-0.456329,-0.004801,0.431107,0.805907,2.415933,0.209125
4885,1776148732395,54.317424,-544.1426,131.5393,-304.4915,-0.203442,0.786587,-0.550129,0.193004,-0.570839,2.207088,-1.543608,-0.456378,-0.00454,0.431044,0.806103,2.415735,0.209165
4886,1776148732406,54.328536,-544.1315,131.4513,-304.7441,-0.203645,0.786924,-0.549631,0.192833,-0.571461,2.208237,-1.542354,-0.456396,-0.004392,0.431034,0.806204,2.415642,0.209191
4887,1776148732417,54.339647,-544.2874,131.3383,-304.9668,-0.203878,0.787027,-0.549312,0.193077,-0.572039,2.208236,-1.541256,-0.456412,-0.004256,0.431003,0.806361,2.415524,0.209217
4888,1776148732428,54.350758,-544.5373,131.4221,-305.1688,-0.203685,0.786858,-0.549512,0.193403,-0.571398,2.207371,-1.541545,-0.45645,-0.003971,0.430938,0.806545,2.41527,0.20931
4889,1776148732439,54.36187,-544.6644,131.3349,-305.284,-0.203529,0.786862,-0.549577,0.193364,-0.570972,2.20743,-1.541759,-0.456474,-0.003777,0.430896,0.806694,2.415092,0.209283
4890,1776148732450,54.372981,-544.7886,131.2099,-305.3927,-0.203617,0.787021,-0.549306,0.193394,-0.571209,2.207841,-1.540974,-0.456521,-0.003481,0.430791,0.806761,2.414783,0.209363
4891,1776148732462,54.384092,-544.8683,131.3643,-305.7272,-0.203587,0.786955,-0.549387,0.193462,-0.571104,2.207576,-1.541146,-0.456536,-0.003338,0.430769,0.806882,2.41466,0.209449
4892,1776148732473,54.395203,-545.0584,131.119,-306.0036,-0.203955,0.787082,-0.548981,0.193711,-0.57206,2.207635,-1.539799,-0.456544,-0.003193,0.430741,0.806919,2.414547,0.209516
4893,1776148732484,54.406315,-545.2399,131.1503,-306.1987,-0.203355,0.787055,-0.54934,0.193435,-0.570461,2.207887,-1.541036,-0.456561,-0.002888,0.430684,0.807113,2.414391,0.20972
4894,1776148732495,54.417426,-545.217,130.7354,-306.3503,-0.203629,0.787102,-0.549118,0.193585,-0.571183,2.20784,-1.54029,-0.456597,-0.002729,0.430605,0.807068,2.414136,0.20987
4895,1776148732506,54.428537,-545.415,130.879,-306.4008,-0.203564,0.787138,-0.548976,0.193909,-0.570901,2.207556,-1.539622,-0.456638,-0.002425,0.430504,0.807142,2.413719,0.210059
4896,1776148732517,54.439649,-545.6691,130.7132,-306.4436,-0.203571,0.787399,-0.548724,0.193555,-0.571031,2.20871,-1.539208,-0.456651,-0.00227,0.43048,0.807252,2.413644,0.210156
4897,1776148732528,54.45076,-545.8321,130.6783,-306.5687,-0.203602,0.787265,-0.54876,0.193966,-0.570991,2.207843,-1.538968,-0.45667,-0.002135,0.430444,0.807259,2.413463,0.210374
4898,1776148732539,54.461871,-545.9445,130.4988,-306.6351,-0.203282,0.787386,-0.548786,0.193735,-0.570165,2.20846,-1.539233,-0.456713,-0.001813,0.430351,0.807443,2.413071,0.210605
4899,1776148732550,54.472982,-546.2376,130.5277,-306.7049,-0.203377,0.787498,-0.548544,0.193866,-0.570391,2.208616,-1.538447,-0.456736,-0.001652,0.430301,0.807523,2.412876,0.210773
4900,1776148732562,54.484094,-546.3818,130.773,-307.2512,-0.203715,0.787435,-0.548263,0.194561,-0.571125,2.20761,-1.537082,-0.456746,-0.001493,0.430278,0.80767,2.412738,0.210881
4901,1776148732573,54.495205,-546.4601,130.568,-307.4202,-0.203483,0.787616,-0.548238,0.194142,-0.570604,2.208617,-1.537359,-0.45677,-0.001162,0.430199,0.807772,2.412424,0.211177
4902,1776148732584,54.506316,-546.4083,130.6192,-307.6424,-0.203514,0.787695,-0.548167,0.193988,-0.570738,2.209024,-1.537286,-0.456786,-0.001002,0.430152,0.807753,2.412194,0.21136
4903,1776148732595,54.517427,-546.5228,130.4731,-307.7504,-0.203632,0.787653,-0.547961,0.194615,-0.570874,2.20816,-1.536191,-0.456817,-0.000674,0.430072,0.807844,2.41183,0.211767
4904,1776148732606,54.528539,-546.6934,130.4824,-307.8625,-0.203546,0.787999,-0.547656,0.194162,-0.570775,2.209668,-1.53571,-0.456835,-0.000511,0.430023,0.807843,2.411641,0.21203
4905,1776148732617,54.53965,-546.996,130.4865,-308.1195,-0.203533,0.78803,-0.547549,0.194354,-0.570679,2.209525,-1.535252,-0.456853,-0.000356,0.429968,0.807833,2.411396,0.212227
4906,1776148732628,54.550761,-547.2063,130.5358,-308.1433,-0.203591,0.787991,-0.547472,0.194668,-0.570745,2.209044,-1.534774,-0.456886,-0.000027,0.42985,0.807891,2.410879,0.212642
4907,1776148732639,54.561872,-547.408,130.4438,-308.1895,-0.203581,0.787917,-0.547502,0.194895,-0.570647,2.208564,-1.534671,-0.4569,0.000133,0.42982,0.807879,2.410682,0.21288
4908,1776148732650,54.572984,-547.5702,130.4759,-308.5177,-0.203614,0.788118,-0.547286,0.194653,-0.570813,2.209417,-1.534265,-0.456931,0.000488,0.429716,0.808057,2.410081,0.213392
4909,1776148732662,54.584095,-547.7303,130.4168,-308.7104,-0.203961,0.78804,-0.546969,0.195495,-0.571527,2.208195,-1.532681,-0.456941,0.000638,0.429688,0.807982,2.40984,0.213658
4910,1776148732673,54.595206,-547.8616,130.5496,-308.892,-0.204014,0.788129,-0.546801,0.195554,-0.571657,2.208374,-1.532161,-0.456964,0.000813,0.429622,0.807959,2.409539,0.213965
4911,1776148732684,54.606317,-547.8496,130.0386,-309.265,-0.203748,0.788312,-0.546751,0.195231,-0.571011,2.209271,-1.532289,-0.45699,0.001165,0.429527,0.80797,2.40896,0.214454
4912,1776148732695,54.617428,-548.0046,130.0654,-309.3374,-0.204156,0.788528,-0.54623,0.195388,-0.572105,2.209692,-1.530699,-0.457005,0.001321,0.429474,0.807879,2.408696,0.214764
4913,1776148732706,54.62854,-548.244,129.8772,-309.6515,-0.204079,0.788564,-0.546198,0.195415,-0.571881,2.209759,-1.530587,-0.457035,0.001636,0.429361,0.807659,2.408127,0.215304
4914,1776148732717,54.639651,-548.423,130.0894,-309.7439,-0.203989,0.788567,-0.546284,0.195253,-0.571679,2.209962,-1.530963,-0.457033,0.001813,0.429332,0.807647,2.407905,0.2156
4915,1776148732728,54.650762,-548.5864,129.7226,-310.0536,-0.204049,0.78865,-0.546085,0.195417,-0.571797,2.209997,-1.530268,-0.45704,0.001998,0.429266,0.807596,2.407596,0.215885
4916,1776148732739,54.661873,-548.6656,129.5066,-309.9536,-0.204035,0.788818,-0.545847,0.195414,-0.571759,2.210472,-1.529606,-0.457047,0.002355,0.429199,0.807556,2.407166,0.216527
4917,1776148732750,54.672984,-548.7878,129.675,-310.1679,-0.204309,0.788878,-0.54547,0.195941,-0.572363,2.210011,-1.528114,-0.457074,0.002547,0.429109,0.807504,2.406742,0.216866
4918,1776148732762,54.684096,-548.9155,129.6587,-310.6102,-0.203895,0.789403,-0.545327,0.194648,-0.571604,2.213026,-1.528777,-0.457059,0.00269,0.429089,0.80741,2.406624,0.217205
4919,1776148732773,54.695207,-548.9877,129.3236,-310.7472,-0.204398,0.789559,-0.544713,0.195207,-0.572839,2.212795,-1.526597,-0.457071,0.003032,0.428986,0.807272,2.406063,0.217919
4920,1776148732784,54.706318,-549.1241,129.3591,-310.9301,-0.20418,0.789019,-0.545235,0.19616,-0.571935,2.210148,-1.527274,-0.457069,0.003207,0.428928,0.807155,2.405817,0.218256
4921,1776148732795,54.717429,-549.2583,129.0999,-311.1663,-0.204517,0.789363,-0.544665,0.196008,-0.572925,2.211291,-1.525804,-0.457072,0.003571,0.428813,0.807014,2.405261,0.218892
4922,1776148732806,54.728541,-549.5048,128.9789,-311.308,-0.204417,0.789293,-0.544734,0.196205,-0.572585,2.21086,-1.525834,-0.457068,0.003753,0.428757,0.806969,2.404981,0.219229
4923,1776148732817,54.739652,-549.5223,128.7153,-311.5046,-0.204617,0.789417,-0.544425,0.196352,-0.573101,2.211032,-1.524849,-0.457081,0.003913,0.428678,0.806801,2.404627,0.219685
4924,1776148732828,54.750763,-549.6387,128.9466,-311.7171,-0.204748,0.79006,-0.543641,0.195802,-0.573638,2.213488,-1.523104,-0.457089,0.00431,0.428544,0.80665,2.404074,0.220328
4925,1776148732839,54.761875,-549.7872,129.0249,-311.9391,-0.204963,0.790179,-0.543281,0.196094,-0.574148,2.213475,-1.521856,-0.457092,0.004482,0.42849,0.806496,2.40376,0.220768
4926,1776148732850,54.772986,-550.0964,128.9457,-312.094,-0.20495,0.790025,-0.543376,0.196466,-0.573996,2.2126,-1.521818,-0.457078,0.004831,0.42839,0.806252,2.403328,0.221469
4927,1776148732862,54.784097,-550.2386,128.6423,-312.1077,-0.204879,0.790048,-0.543364,0.196481,-0.573793,2.212647,-1.521772,-0.457069,0.005025,0.428348,0.806131,2.403122,0.221816
4928,1776148732873,54.795209,-550.3168,128.683,-312.4408,-0.204952,0.790187,-0.543182,0.19635,-0.57404,2.213191,-1.521369,-0.457062,0.005213,0.428295,0.806019,2.402815,0.222219
4929,1776148732884,54.80632,-550.3987,128.8478,-312.6888,-0.204938,0.790301,-0.542981,0.196461,-0.573965,2.21338,-1.520715,-0.457042,0.00556,0.428207,0.805661,2.402471,0.222969
4930,1776148732895,54.817431,-550.5281,128.6489,-312.9482,-0.205155,0.790329,-0.542793,0.196639,-0.574519,2.213246,-1.520043,-0.457031,0.005765,0.428166,0.805534,2.402277,0.223233
4931,1776148732906,54.828543,-550.7229,128.4297,-313.2184,-0.205208,0.790458,-0.542645,0.196477,-0.574715,2.213799,-1.519761,-0.456998,0.006137,0.428094,0.805198,2.401868,0.223944
4932,1776148732917,54.839654,-550.7712,128.4308,-313.4556,-0.205469,0.790675,-0.542128,0.196758,-0.575362,2.214072,-1.518084,-0.456997,0.006329,0.428032,0.80503,2.401672,0.224323
4933,1776148732928,54.850765,-550.952,128.3203,-313.6971,-0.205511,0.790701,-0.542131,0.196598,-0.575529,2.214336,-1.518222,-0.457004,0.006539,0.427952,0.804837,2.401394,0.224649
4934,1776148732939,54.861876,-551.0052,128.2663,-313.9465,-0.205582,0.791193,-0.541579,0.196067,-0.575891,2.216347,-1.517112,-0.456973,0.00691,0.427891,0.80451,2.401153,0.225302
4935,1776148732950,54.872988,-551.3876,128.2777,-314.2255,-0.205595,0.791118,-0.541621,0.196239,-0.575875,2.215932,-1.517089,-0.456958,0.007098,0.427831,0.804298,2.400931,0.225667
4936,1776148732962,54.884099,-551.4066,128.3096,-314.2991,-0.205689,0.790893,-0.541732,0.196741,-0.575981,2.214705,-1.516988,-0.456952,0.007307,0.42778,0.804208,2.4007,0.225929
4937,1776148732973,54.895211,-551.478,128.1142,-314.5495,-0.205548,0.791168,-0.541547,0.19629,-0.575725,2.216012,-1.516839,-0.456919,0.007698,0.427688,0.803957,2.400361,0.226691
4938,1776148732984,54.906322,-551.713,128.1236,-314.8058,-0.205749,0.791325,-0.541272,0.196206,-0.576316,2.216551,-1.516136,-0.456913,0.007865,0.427623,0.803595,2.400161,0.227077
4939,1776148732995,54.917433,-552,127.8623,-315.1616,-0.205929,0.791389,-0.541121,0.196177,-0.576828,2.216765,-1.515736,-0.456898,0.008258,0.427532,0.803252,2.399887,0.227736
4940,1776148733006,54.928544,-552.1978,127.9843,-315.2506,-0.206223,0.791615,-0.540631,0.196308,-0.577613,2.217241,-1.514258,-0.456889,0.008449,0.427474,0.803039,2.399737,0.228092
4941,1776148733017,54.939655,-552.3491,127.8498,-315.4126,-0.206335,0.791756,-0.540391,0.19628,-0.577935,2.21767,-1.51361,-0.456869,0.008648,0.427443,0.802804,2.399629,0.228357
4942,1776148733028,54.950767,-552.3635,127.8367,-315.713,-0.206264,0.791712,-0.540448,0.196377,-0.577706,2.21743,-1.51369,-0.45686,0.009021,0.427306,0.802345,2.399264,0.229084
4943,1776148733039,54.961878,-552.3277,127.5648,-315.86,-0.206505,0.791784,-0.54018,0.196568,-0.578322,2.217405,-1.512784,-0.456842,0.009195,0.427269,0.802047,2.399154,0.229402
4944,1776148733050,54.972989,-552.3688,127.5325,-316.0401,-0.206639,0.791899,-0.539984,0.196505,-0.578716,2.217802,-1.512285,-0.456824,0.009582,0.427152,0.80155,2.398843,0.230078
4945,1776148733062,54.9841,-552.5581,127.4659,-316.3242,-0.206692,0.792283,-0.539588,0.195988,-0.579025,2.219496,-1.511597,-0.456803,0.009712,0.427126,0.801189,2.398818,0.230487
4946,1776148733073,54.995212,-552.8077,127.3818,-316.552,-0.206818,0.792373,-0.539412,0.195977,-0.579382,2.21976,-1.511113,-0.456791,0.0099,0.427103,0.800968,2.398757,0.230747
4947,1776148733084,55.006323,-553.1704,127.4897,-316.8313,-0.206988,0.79229,-0.539371,0.196244,-0.579774,2.219208,-1.510782,-0.456784,0.010271,0.426981,0.800495,2.398405,0.23144
4948,1776148733095,55.017435,-553.3345,127.4346,-316.7039,-0.207089,0.79225,-0.539354,0.196345,-0.580025,2.218977,-1.510651,-0.456763,0.01046,0.426969,0.800367,2.39845,0.231727
4949,1776148733106,55.028546,-553.3155,127.1821,-316.9931,-0.207401,0.792331,-0.53908,0.196439,-0.580871,2.219093,-1.509809,-0.456755,0.010808,0.426838,0.799781,2.398055,0.232287
4950,1776148733117,55.039657,-553.3712,127.0903,-317.1962,-0.207594,0.792402,-0.538867,0.196536,-0.581381,2.219173,-1.509132,-0.456751,0.010976,0.426787,0.799498,2.397969,0.232528
4951,1776148733128,55.050768,-553.3734,127.0657,-317.4566,-0.207411,0.792713,-0.538657,0.196053,-0.581018,2.220621,-1.508937,-0.456734,0.011145,0.426765,0.799345,2.39797,0.232736
4952,1776148733139,55.061879,-553.4399,127.0275,-317.4111,-0.207601,0.7924,-0.53888,0.196501,-0.58141,2.219211,-1.509196,-0.456726,0.011469,0.426648,0.798821,2.397639,0.233267
4953,1776148733150,55.072991,-553.6136,127.1745,-317.6966,-0.207767,0.7927,-0.538491,0.196181,-0.581977,2.220433,-1.508366,-0.456719,0.01163,0.426598,0.798532,2.397506,0.23352
4954,1776148733162,55.084102,-553.5732,126.905,-318.1144,-0.207906,0.79293,-0.538175,0.195972,-0.582431,2.221327,-1.507652,-0.456713,0.011802,0.426536,0.798278,2.397374,0.233724
4955,1776148733173,55.095213,-553.9023,126.7293,-318.3839,-0.208059,0.792869,-0.538136,0.196165,-0.5828,2.220925,-1.507386,-0.456688,0.012149,0.426467,0.797878,2.397141,0.23412
4956,1776148733184,55.106325,-554.1335,126.7342,-318.5862,-0.208067,0.792762,-0.538258,0.19625,-0.582796,2.220526,-1.50766,-0.456705,0.012324,0.426394,0.797593,2.396979,0.234366
4957,1776148733195,55.117436,-554.1541,126.593,-318.7914,-0.20833,0.793132,-0.537661,0.196117,-0.583574,2.221719,-1.506095,-0.456685,0.012653,0.426298,0.797043,2.396711,0.234835
4958,1776148733206,55.128547,-554.435,126.8384,-318.9224,-0.208376,0.793338,-0.537409,0.195927,-0.583761,2.222523,-1.505542,-0.45667,0.012802,0.426275,0.796843,2.396686,0.23515
4959,1776148733217,55.139659,-554.4234,126.3039,-319.0515,-0.208573,0.793211,-0.537393,0.196272,-0.584205,2.221756,-1.50522,-0.456668,0.012953,0.426223,0.796545,2.396579,0.235433
4960,1776148733228,55.15077,-554.5867,126.5884,-319.101,-0.208405,0.79327,-0.537513,0.19588,-0.583859,2.22239,-1.505872,-0.456626,0.013295,0.426167,0.796198,2.396435,0.235681
4961,1776148733239,55.161881,-554.7506,126.397,-319.3875,-0.208629,0.793233,-0.537335,0.196283,-0.584359,2.221803,-1.505047,-0.456614,0.013459,0.426109,0.795956,2.396262,0.2359
4962,1776148733250,55.172993,-554.6758,126.3457,-319.5219,-0.208715,0.793114,-0.537444,0.196371,-0.584573,2.221365,-1.505281,-0.456604,0.013778,0.425986,0.795418,2.395913,0.236276
4963,1776148733262,55.184104,-554.9684,126.2561,-319.8371,-0.208697,0.793297,-0.537295,0.196059,-0.584621,2.222251,-1.505115,-0.456592,0.013939,0.425959,0.795211,2.395891,0.236469
4964,1776148733273,55.195215,-555.1276,126.3011,-320.2123,-0.209037,0.793549,-0.536877,0.195824,-0.585646,2.223238,-1.504136,-0.456567,0.014094,0.425931,0.794928,2.39584,0.236673
4965,1776148733284,55.206326,-555.1945,126.1625,-320.2943,-0.20932,0.793632,-0.536635,0.195848,-0.586431,2.223442,-1.503438,-0.456546,0.014406,0.42584,0.794341,2.395588,0.237056
4966,1776148733295,55.217438,-555.2267,126.239,-320.598,-0.209267,0.793623,-0.536691,0.195788,-0.586303,2.223488,-1.503645,-0.45652,0.014571,0.425827,0.79412,2.395618,0.237196
4967,1776148733306,55.228549,-555.377,126.15,-320.7184,-0.209435,0.793578,-0.536616,0.195998,-0.586707,2.223111,-1.503263,-0.456497,0.014889,0.425717,0.793648,2.395293,0.237612
4968,1776148733317,55.23966,-555.4548,126.2134,-320.9569,-0.209308,0.793599,-0.536744,0.195698,-0.586446,2.223528,-1.503864,-0.456471,0.015036,0.425707,0.793479,2.395274,0.237821
4969,1776148733328,55.250771,-555.6677,126.105,-321.1606,-0.209645,0.793707,-0.536431,0.195757,-0.587371,2.223761,-1.502941,-0.456456,0.015195,0.425668,0.793245,2.395174,0.237987
4970,1776148733339,55.261882,-555.6845,126.3192,-321.1142,-0.20993,0.79382,-0.536087,0.195933,-0.588113,2.223869,-1.501835,-0.456426,0.015496,0.425608,0.792744,2.394918,0.238269
4971,1776148733350,55.272994,-555.7661,126.097,-321.3524,-0.209916,0.793815,-0.536126,0.195864,-0.588097,2.223936,-1.501999,-0.456413,0.015637,0.425593,0.792503,2.39492,0.238471
4972,1776148733362,55.284105,-555.8109,125.8316,-321.5105,-0.209843,0.793874,-0.536216,0.195456,-0.588021,2.22459,-1.502583,-0.456396,0.015819,0.425545,0.792304,2.394707,0.2386
4973,1776148733373,55.295216,-555.8975,125.9395,-321.6581,-0.209984,0.79399,-0.535896,0.195709,-0.588337,2.224612,-1.501482,-0.456354,0.016111,0.425529,0.791903,2.394601,0.23897
4974,1776148733384,55.306328,-556.1057,125.8931,-321.8328,-0.210306,0.79391,-0.5357,0.196222,-0.589075,2.223773,-1.500517,-0.456339,0.016275,0.425504,0.791742,2.394506,0.239092
4975,1776148733395,55.317439,-556.0842,126.0061,-321.9687,-0.210525,0.793893,-0.53567,0.196138,-0.589715,2.223828,-1.500502,-0.456306,0.016572,0.425467,0.791207,2.394315,0.239405
4976,1776148733406,55.32855,-556.128,125.778,-322.1721,-0.210671,0.794003,-0.535498,0.196008,-0.590165,2.224291,-1.500125,-0.456292,0.016716,0.425441,0.790942,2.394193,0.239516
4977,1776148733417,55.339662,-556.1809,125.6452,-322.3726,-0.210546,0.794139,-0.535494,0.195603,-0.589945,2.225157,-1.500439,-0.456271,0.016854,0.425416,0.790692,2.394111,0.239721
4978,1776148733428,55.350773,-556.5671,125.5434,-322.764,-0.210497,0.793822,-0.535816,0.196057,-0.589662,2.223725,-1.500976,-0.456244,0.017216,0.425354,0.790344,2.393777,0.23998
4979,1776148733439,55.361884,-556.7097,125.6733,-322.7583,-0.210967,0.793883,-0.535331,0.196629,-0.590798,2.223209,-1.499156,-0.456224,0.017372,0.425342,0.790197,2.393608,0.240081
4980,1776148733450,55.372995,-556.732,125.3873,-322.9427,-0.211187,0.794143,-0.534941,0.196405,-0.591485,2.224206,-1.498243,-0.456196,0.017622,0.425286,0.789625,2.3934,0.240453
4981,1776148733462,55.384106,-556.7785,125.343,-323.1999,-0.211287,0.794344,-0.534722,0.196081,-0.591869,2.225158,-1.49789,-0.456184,0.017774,0.425247,0.789403,2.393198,0.240615
4982,1776148733473,55.395218,-556.844,125.3269,-323.3499,-0.210969,0.794453,-0.534906,0.195478,-0.59117,2.226187,-1.498894,-0.45617,0.017931,0.425208,0.789199,2.393056,0.24071
4983,1776148733484,55.406329,-556.9384,125.2688,-323.6099,-0.211269,0.79447,-0.534709,0.195624,-0.591963,2.226059,-1.498223,-0.456137,0.018238,0.425153,0.788754,2.392676,0.241002
4984,1776148733495,55.41744,-557.0574,125.3948,-323.5203,-0.211399,0.79449,-0.53448,0.196031,-0.592199,2.225626,-1.497252,-0.45613,0.018383,0.425122,0.78851,2.392545,0.241137
4985,1776148733506,55.428551,-557.0184,125.6799,-323.6709,-0.211905,0.794237,-0.534415,0.196683,-0.593408,2.224138,-1.496547,-0.456099,0.018678,0.425043,0.78801,2.392132,0.241448
4986,1776148733517,55.439663,-557.2643,125.2493,-324.0919,-0.211754,0.794775,-0.534086,0.195563,-0.593343,2.226986,-1.496527,-0.45609,0.018802,0.424994,0.787676,2.391987,0.241673
4987,1776148733528,55.450774,-557.3997,124.9608,-324.4075,-0.211705,0.794386,-0.534629,0.195714,-0.593157,2.225715,-1.497928,-0.456069,0.018952,0.424966,0.78743,2.391793,0.241806
4988,1776148733539,55.461885,-557.5114,125.0427,-324.6153,-0.212058,0.79442,-0.53429,0.196119,-0.594016,2.225325,-1.496651,-0.456042,0.019291,0.424857,0.786917,2.391345,0.241911
4989,1776148733550,55.472997,-557.6138,125.0867,-324.6573,-0.21264,0.794462,-0.533736,0.196827,-0.595419,2.224594,-1.49453,-0.45603,0.019452,0.424806,0.786656,2.391074,0.242057
4990,1776148733562,55.484108,-557.6734,125.016,-324.8267,-0.212685,0.794918,-0.533365,0.195942,-0.59583,2.226931,-1.494202,-0.456014,0.019611,0.424752,0.786388,2.390823,0.242158
4991,1776148733573,55.495219,-557.9003,124.7707,-325.1003,-0.212661,0.794612,-0.533677,0.196356,-0.595629,2.225579,-1.494743,-0.455975,0.019941,0.424658,0.785905,2.390318,0.242422
4992,1776148733584,55.50633,-558.0491,124.532,-325.3298,-0.212842,0.794831,-0.533443,0.19591,-0.596278,2.226726,-1.494447,-0.455948,0.020063,0.424622,0.785486,2.39018,0.242621
4993,1776148733595,55.517441,-558.1227,124.6332,-325.2753,-0.213183,0.794609,-0.533445,0.196432,-0.597066,2.22548,-1.494031,-0.455909,0.020358,0.424532,0.784869,2.389739,0.242813
4994,1776148733606,55.528552,-558.236,124.6708,-325.3026,-0.213396,0.794508,-0.533378,0.196794,-0.597547,2.224762,-1.493553,-0.455889,0.020519,0.424496,0.784532,2.389527,0.242892
4995,1776148733617,55.539664,-558.3369,124.5526,-325.804,-0.213331,0.794755,-0.533214,0.196312,-0.597519,2.226031,-1.493481,-0.455868,0.020696,0.424436,0.784276,2.389207,0.242935
4996,1776148733628,55.550775,-558.6008,124.7094,-326.1001,-0.213563,0.794968,-0.532927,0.195975,-0.598278,2.227031,-1.492948,-0.455836,0.021036,0.424341,0.783714,2.388675,0.243239
4997,1776148733639,55.561886,-558.4305,124.3971,-325.9352,-0.213788,0.794922,-0.532817,0.196215,-0.59883,2.226617,-1.492446,-0.455814,0.021176,0.424323,0.783328,2.388501,0.243378
4998,1776148733650,55.572998,-558.5707,124.4476,-326.3557,-0.214196,0.795113,-0.532336,0.196301,-0.599947,2.227049,-1.49103,-0.455791,0.021329,0.424295,0.783014,2.388282,0.243492
4999,1776148733662,55.584109,-558.6508,124.5526,-326.5776,-0.214333,0.795155,-0.532253,0.196205,-0.600361,2.22728,-1.490875,-0.455753,0.021647,0.424234,0.782357,2.387737,0.243727
5000,1776148733673,55.59522,-558.5985,124.393,-326.7316,-0.214305,0.79517,-0.532299,0.196051,-0.600332,2.227507,-1.491128,-0.455729,0.02181,0.424201,0.7821,2.387474,0.243857
5001,1776148733684,55.606332,-558.8312,124.4641,-326.8425,-0.214695,0.794722,-0.532426,0.197095,-0.601087,2.225,-1.490644,-0.455685,0.022122,0.424128,0.781536,2.386912,0.244158
5002,1776148733695,55.617443,-558.8873,124.3823,-327.1422,-0.215054,0.794771,-0.532127,0.197311,-0.602023,2.22488,-1.489635,-0.455655,0.022281,0.424104,0.781145,2.386703,0.244311
5003,1776148733706,55.628554,-559.1336,124.4507,-327.3973,-0.215481,0.794983,-0.531623,0.19735,-0.603204,2.225428,-1.488194,-0.45562,0.022636,0.42398,0.780444,2.386075,0.244435
5004,1776148733717,55.639665,-559.2284,124.0268,-327.4073,-0.215545,0.795145,-0.531498,0.196966,-0.603509,2.22634,-1.48815,-0.455596,0.02279,0.423931,0.780041,2.385778,0.244558
5005,1776148733728,55.650776,-559.269,123.922,-327.6187,-0.215731,0.795362,-0.531301,0.196414,-0.604209,2.227611,-1.488042,-0.455569,0.022947,0.423887,0.779647,2.385518,0.244745
5006,1776148733739,55.661887,-559.4812,123.9913,-327.9968,-0.215822,0.795181,-0.531417,0.196734,-0.60436,2.226719,-1.488109,-0.455511,0.023257,0.423808,0.778898,2.385002,0.244994
5007,1776148733750,55.672999,-559.5275,123.8328,-328.104,-0.216133,0.79507,-0.5314,0.196886,-0.605182,2.226226,-1.487941,-0.455498,0.023422,0.42374,0.77842,2.384717,0.245118
5008,1776148733762,55.68411,-559.6022,123.7355,-328.348,-0.216397,0.795152,-0.53117,0.196888,-0.60592,2.226452,-1.487294,-0.455465,0.023606,0.423702,0.778063,2.384507,0.245188
5009,1776148733773,55.695221,-559.8043,123.585,-328.6921,-0.216461,0.795075,-0.531234,0.196954,-0.606077,2.226159,-1.487421,-0.455444,0.023963,0.423572,0.777293,2.383912,0.24537
5010,1776148733784,55.706332,-559.9448,123.7018,-329.0511,-0.216911,0.795075,-0.530897,0.19737,-0.607201,2.225659,-1.486143,-0.455422,0.024163,0.423529,0.777008,2.38365,0.245488
5011,1776148733795,55.717443,-560.0737,123.7779,-329.2088,-0.217101,0.795255,-0.530634,0.19714,-0.607807,2.226441,-1.485591,-0.455378,0.024501,0.423466,0.77625,2.383248,0.245681
5012,1776148733806,55.728555,-560.0498,123.4857,-329.4921,-0.217337,0.795472,-0.530319,0.196853,-0.608562,2.227392,-1.484939,-0.455345,0.024695,0.423449,0.775923,2.383065,0.245699
5013,1776148733817,55.739666,-560.2424,123.3201,-329.5836,-0.217405,0.795058,-0.53089,0.196911,-0.608733,2.226162,-1.486493,-0.455326,0.024878,0.42338,0.775445,2.382789,0.245753
5014,1776148733828,55.750777,-560.3978,123.5908,-329.8564,-0.217683,0.794938,-0.530787,0.197363,-0.609364,2.225286,-1.485842,-0.455287,0.025257,0.423284,0.774546,2.382308,0.245923
5015,1776148733839,55.761888,-560.5317,123.2936,-330.056,-0.217973,0.794869,-0.530662,0.19766,-0.61008,2.224736,-1.485254,-0.455269,0.025488,0.423245,0.774236,2.38208,0.245959
5016,1776148733850,55.772999,-560.6061,123.3693,-330.3555,-0.218159,0.794914,-0.530628,0.197364,-0.610697,2.225216,-1.485397,-0.455219,0.025898,0.423165,0.773392,2.381652,0.246007
5017,1776148733862,55.784111,-560.8138,123.4254,-330.6632,-0.218488,0.795078,-0.530208,0.197468,-0.611583,2.225552,-1.484138,-0.455192,0.026109,0.423126,0.773005,2.381437,0.246045
5018,1776148733873,55.795222,-561.0114,123.3602,-330.9888,-0.21895,0.795284,-0.529699,0.197493,-0.612867,2.226098,-1.482693,-0.45516,0.026322,0.423086,0.772648,2.381206,0.246157
5019,1776148733884,55.806333,-561.1473,123.05,-331.1844,-0.219092,0.795649,-0.529403,0.196656,-0.613542,2.228124,-1.482533,-0.455108,0.026752,0.422986,0.771792,2.380771,0.246189
5020,1776148733895,55.817444,-561.2205,122.7323,-331.4579,-0.219492,0.795475,-0.529391,0.196947,-0.614566,2.227287,-1.482266,-0.455077,0.026973,0.422918,0.7713,2.380508,0.246168
5021,1776148733906,55.828556,-561.1899,122.6809,-331.615,-0.219833,0.79558,-0.528986,0.197233,-0.615425,2.227237,-1.480904,-0.455043,0.027204,0.422873,0.770904,2.380259,0.246103
5022,1776148733917,55.839667,-561.4766,122.6098,-331.9147,-0.220073,0.795402,-0.529152,0.197238,-0.616095,2.226733,-1.481364,-0.454981,0.027667,0.422765,0.769983,2.379811,0.24611
5023,1776148733928,55.850778,-561.6407,122.7195,-332.1045,-0.220247,0.795178,-0.529396,0.197291,-0.616564,2.226042,-1.482006,-0.454957,0.027895,0.422704,0.769557,2.379581,0.246059
5024,1776148733939,55.861889,-561.8669,122.6202,-332.5558,-0.220713,0.795201,-0.529101,0.197469,-0.617812,2.225894,-1.481038,-0.454896,0.028364,0.422606,0.768639,2.379196,0.245995
5025,1776148733951,55.873,-562.0428,122.5358,-332.9779,-0.220997,0.795081,-0.529208,0.197346,-0.618647,2.225706,-1.481437,-0.454877,0.028591,0.422536,0.768144,2.378945,0.245951
5026,1776148733962,55.884112,-562.1226,122.3977,-333.3179,-0.221351,0.795131,-0.528986,0.197342,-0.61964,2.225852,-1.480817,-0.45485,0.028808,0.422481,0.767638,2.378764,0.245985
5027,1776148733973,55.895223,-562.373,122.4365,-333.6422,-0.221644,0.795203,-0.528781,0.197273,-0.620482,2.226136,-1.480298,-0.454803,0.029298,0.422363,0.766738,2.378293,0.245913
5028,1776148733984,55.906334,-562.4203,122.399,-333.9967,-0.221915,0.79515,-0.528746,0.197275,-0.621242,2.225985,-1.4802,-0.454781,0.029536,0.422308,0.766257,2.378138,0.245889
5029,1776148733995,55.917445,-562.7819,122.1793,-334.2518,-0.222168,0.794946,-0.528955,0.197254,-0.621955,2.225439,-1.480802,-0.45472,0.030033,0.422202,0.765291,2.377845,0.245705
5030,1776148734006,55.928557,-562.8718,122.1305,-334.5669,-0.222493,0.794947,-0.528822,0.19724,-0.62287,2.225457,-1.480439,-0.454695,0.030273,0.422136,0.764785,2.377632,0.245697
5031,1776148734017,55.939668,-563.1035,122.107,-334.8096,-0.222981,0.795016,-0.528469,0.197356,-0.624199,2.225513,-1.47936,-0.454666,0.030501,0.42207,0.764262,2.377403,0.245684
5032,1776148734028,55.950779,-563.2644,122.0417,-335.3056,-0.223025,0.795164,-0.52842,0.196842,-0.624493,2.226541,-1.479632,-0.454607,0.030975,0.421965,0.763298,2.377058,0.245712
5033,1776148734039,55.96189,-563.4561,121.8555,-335.4556,-0.22344,0.795098,-0.528257,0.197077,-0.625576,2.226075,-1.478988,-0.454581,0.031222,0.421903,0.762761,2.376931,0.2457
5034,1776148734051,55.973002,-563.561,121.6825,-335.6755,-0.223755,0.795105,-0.52811,0.197084,-0.626457,2.226087,-1.478569,-0.454517,0.031718,0.421804,0.761818,2.376581,0.245715
5035,1776148734062,55.984113,-563.6049,121.5349,-335.859,-0.224088,0.795034,-0.528107,0.197001,-0.627415,2.225987,-1.478627,-0.454487,0.031968,0.421751,0.761326,2.376358,0.245686
5036,1776148734073,55.995224,-563.8186,121.3386,-336.1104,-0.22461,0.795083,-0.527652,0.197427,-0.628734,2.225613,-1.477014,-0.454475,0.032227,0.421649,0.760803,2.37603,0.245672
5037,1776148734084,56.006335,-563.8434,121.2068,-336.3214,-0.224584,0.794714,-0.528257,0.197323,-0.628697,2.224707,-1.478791,-0.454418,0.032706,0.421531,0.759841,2.375635,0.245742
5038,1776148734095,56.017446,-564.2705,121.1729,-336.7216,-0.224791,0.794653,-0.528229,0.197408,-0.629247,2.224433,-1.478647,-0.4544,0.032952,0.421436,0.759351,2.375275,0.245758
5039,1776148734106,56.028558,-564.444,121.2108,-336.9801,-0.225259,0.794905,-0.527688,0.197306,-0.630592,2.225261,-1.477214,-0.454346,0.033476,0.421313,0.758452,2.374835,0.245685
5040,1776148734117,56.039669,-564.6058,120.9764,-337.374,-0.225749,0.794813,-0.527432,0.197804,-0.631793,2.224406,-1.476099,-0.454318,0.033721,0.421232,0.758026,2.374485,0.24569
5041,1776148734128,56.05078,-564.698,120.9254,-337.8291,-0.225755,0.794881,-0.527483,0.197386,-0.631953,2.225097,-1.476574,-0.454289,0.033994,0.421168,0.757581,2.374224,0.245674
5042,1776148734139,56.061892,-564.8904,120.6936,-337.9808,-0.226101,0.794914,-0.527269,0.197428,-0.632908,2.22514,-1.475942,-0.454241,0.034505,0.421035,0.756615,2.3737,0.245741
5043,1776148734151,56.073003,-565.2051,120.9228,-338.32,-0.226441,0.794876,-0.527177,0.197437,-0.633854,2.225023,-1.475678,-0.454197,0.034748,0.421005,0.756178,2.373531,0.245743
5044,1776148734162,56.084114,-565.3275,120.7487,-338.6225,-0.226643,0.79481,-0.527175,0.197478,-0.634406,2.22479,-1.475639,-0.454165,0.035009,0.420954,0.755801,2.373265,0.245673
5045,1776148734173,56.095225,-565.371,120.6048,-339.1554,-0.227073,0.795089,-0.526594,0.197408,-0.635635,2.225654,-1.474069,-0.454116,0.035534,0.420819,0.754964,2.372716,0.245731
5046,1776148734184,56.106336,-565.5802,120.4331,-339.4447,-0.227345,0.794887,-0.526752,0.197488,-0.636367,2.224993,-1.474449,-0.454082,0.035793,0.420776,0.754516,2.37245,0.245689
5047,1776148734195,56.117448,-565.6746,120.3695,-339.7364,-0.22734,0.794921,-0.526722,0.197436,-0.636373,2.225152,-1.474405,-0.454038,0.036304,0.420636,0.753732,2.371864,0.245696
5048,1776148734206,56.128559,-566.0633,120.4638,-340.0303,-0.228154,0.794921,-0.526172,0.197964,-0.638468,2.224519,-1.472448,-0.454012,0.036569,0.420581,0.753347,2.371551,0.245701
5049,1776148734217,56.13967,-566.3698,120.4261,-340.287,-0.228289,0.794938,-0.526128,0.197858,-0.638883,2.224691,-1.472408,-0.45399,0.036842,0.420502,0.75295,2.371235,0.245634
5050,1776148734228,56.150781,-566.4471,120.342,-340.6725,-0.228577,0.795036,-0.525836,0.197904,-0.639673,2.224913,-1.471556,-0.453933,0.037361,0.420386,0.752175,2.370655,0.245601
5051,1776148734239,56.161893,-566.7379,120.1269,-340.9978,-0.228654,0.795014,-0.525884,0.197779,-0.639933,2.225,-1.471787,-0.453904,0.037634,0.420326,0.75183,2.370368,0.245575
5052,1776148734251,56.173004,-566.7409,120.0793,-341.2211,-0.228507,0.794761,-0.526325,0.197793,-0.639515,2.224274,-1.473012,-0.453841,0.03816,0.420202,0.751178,2.369785,0.245582
5053,1776148734262,56.184115,-566.9686,119.8869,-341.7588,-0.22887,0.794705,-0.526167,0.198017,-0.640455,2.223851,-1.47239,-0.453826,0.038427,0.420107,0.750721,2.369373,0.245531
5054,1776148734273,56.195226,-567.0864,119.9969,-342.0729,-0.228935,0.795033,-0.525824,0.197535,-0.640804,2.225347,-1.471813,-0.453779,0.0387,0.420067,0.750562,2.369089,0.245506
5055,1776148734284,56.206338,-567.2474,120.1051,-342.5063,-0.22966,0.794949,-0.525334,0.198335,-0.642555,2.224155,-1.469808,-0.453725,0.039244,0.419955,0.750033,2.368491,0.245444
5056,1776148734295,56.217449,-567.4684,120.082,-342.6375,-0.229733,0.795094,-0.525169,0.198107,-0.64284,2.224831,-1.469526,-0.453697,0.039519,0.419899,0.749741,2.368231,0.245376
5057,1776148734306,56.22856,-567.6022,119.8489,-343.007,-0.23014,0.795125,-0.52484,0.198382,-0.643882,2.224589,-1.46839,-0.453648,0.040045,0.41977,0.749233,2.367572,0.245345
5058,1776148734317,56.239672,-567.7728,119.7171,-343.1583,-0.230249,0.794708,-0.52518,0.199025,-0.643965,2.222653,-1.468833,-0.45363,0.040313,0.419692,0.749025,2.367129,0.245369
5059,1776148734328,56.250783,-567.9941,119.6452,-343.7444,-0.230405,0.794715,-0.525035,0.199201,-0.644339,2.222463,-1.468288,-0.453615,0.040574,0.419623,0.748797,2.366787,0.245332
5060,1776148734339,56.261894,-568.0292,119.4226,-344.1407,-0.230477,0.79476,-0.52507,0.198842,-0.644665,2.223019,-1.46867,-0.453575,0.041106,0.419509,0.748369,2.366187,0.245156
5061,1776148734351,56.273005,-568.3281,119.4233,-344.3203,-0.230556,0.79493,-0.524885,0.19856,-0.644984,2.223832,-1.468376,-0.453543,0.041356,0.419468,0.748176,2.365904,0.245165
5062,1776148734362,56.284117,-568.5729,119.1521,-344.803,-0.230685,0.794757,-0.525016,0.198757,-0.645278,2.22311,-1.468586,-0.453526,0.04162,0.419387,0.747971,2.365522,0.245101
5063,1776148734373,56.295228,-568.5667,119.2941,-345.0426,-0.231177,0.794616,-0.524769,0.199401,-0.64643,2.221947,-1.467386,-0.453489,0.042112,0.419218,0.74744,2.364831,0.244929
5064,1776148734384,56.306339,-568.8016,119.0532,-345.3303,-0.231206,0.794404,-0.524943,0.199751,-0.64639,2.220938,-1.467598,-0.453464,0.042374,0.419168,0.747364,2.364519,0.24484
5065,1776148734395,56.31745,-569.0231,118.935,-345.6351,-0.231346,0.794522,-0.524742,0.199649,-0.646816,2.22139,-1.467116,-0.453412,0.042866,0.419023,0.746982,2.363777,0.244597
5066,1776148734406,56.328561,-569.2522,118.9112,-345.9875,-0.231126,0.794875,-0.524625,0.198805,-0.646493,2.223383,-1.467455,-0.453365,0.043121,0.419021,0.747043,2.363598,0.244545
5067,1776148734417,56.339672,-569.3486,118.6083,-345.9965,-0.231601,0.79498,-0.524129,0.199141,-0.647705,2.223277,-1.465802,-0.453348,0.043358,0.418943,0.746862,2.363213,0.244465
5068,1776148734428,56.350784,-569.3845,118.5201,-346.14,-0.231613,0.794742,-0.524413,0.199328,-0.647675,2.222386,-1.466449,-0.453302,0.043834,0.418835,0.746683,2.362567,0.244309
5069,1776148734439,56.361895,-569.6235,118.5795,-346.4774,-0.23214,0.794311,-0.524402,0.200458,-0.648754,2.219836,-1.46553,-0.453256,0.044087,0.418806,0.746544,2.36226,0.244192
5070,1776148734451,56.373006,-569.6986,118.5682,-346.7693,-0.23233,0.794262,-0.5243,0.200702,-0.649201,2.219406,-1.465051,-0.453185,0.044553,0.418767,0.746403,2.361708,0.243992
5071,1776148734462,56.384118,-569.8312,118.5934,-347.0504,-0.232073,0.794212,-0.524496,0.200681,-0.64849,2.219293,-1.465617,-0.453172,0.044776,0.418714,0.746276,2.361471,0.24385
5072,1776148734473,56.395229,-569.8776,118.2601,-347.449,-0.232435,0.794501,-0.524037,0.200321,-0.649627,2.220528,-1.464617,-0.453138,0.045001,0.418666,0.746142,2.361107,0.243739
5073,1776148734484,56.40634,-570.1185,118.2487,-347.6332,-0.232477,0.794187,-0.524301,0.200824,-0.649569,2.219054,-1.464958,-0.453086,0.045457,0.418586,0.746009,2.360574,0.243532
5074,1776148734495,56.417452,-570.2601,118.2218,-347.7782,-0.233266,0.794147,-0.523594,0.201909,-0.651395,2.21765,-1.462132,-0.453086,0.045682,0.418536,0.745891,2.360294,0.243443
5075,1776148734506,56.428563,-570.7043,118.3558,-348.4451,-0.233049,0.794091,-0.524063,0.20116,-0.651048,2.218386,-1.46403,-0.453044,0.046121,0.418446,0.745823,2.35974,0.243187
5076,1776148734517,56.439674,-570.7213,118.2068,-348.609,-0.232706,0.794009,-0.524515,0.200704,-0.65025,2.218697,-1.465652,-0.453027,0.046311,0.418393,0.745704,2.35947,0.243035
5077,1776148734528,56.450785,-570.8674,118.2964,-348.9799,-0.233092,0.794368,-0.523682,0.201012,-0.65122,2.219334,-1.463081,-0.452996,0.046529,0.418369,0.745801,2.359267,0.242905
5078,1776148734539,56.461896,-570.9344,118.0899,-349.3458,-0.232993,0.793967,-0.524224,0.201296,-0.650844,2.217876,-1.464373,-0.452935,0.046948,0.418302,0.745758,2.35888,0.242585
5079,1776148734551,56.473008,-571.1569,118.0553,-349.5417,-0.232925,0.793974,-0.524265,0.20124,-0.650674,2.217962,-1.464531,-0.452933,0.047166,0.418223,0.745741,2.358563,0.242447
5080,1776148734562,56.484119,-571.101,117.9861,-349.8405,-0.233105,0.794039,-0.524097,0.20121,-0.651189,2.218181,-1.464087,-0.452901,0.047359,0.418184,0.745703,2.358258,0.242222
5081,1776148734573,56.49523,-571.4783,118.0695,-349.9258,-0.233277,0.793738,-0.524202,0.201927,-0.651417,2.216486,-1.463815,-0.452864,0.047742,0.418088,0.745676,2.357735,0.24181
5082,1776148734584,56.506342,-571.6198,118.4265,-350.0972,-0.233564,0.793578,-0.523977,0.202807,-0.65191,2.214994,-1.462496,-0.452839,0.047962,0.418057,0.745808,2.357575,0.241499
5083,1776148734595,56.517453,-571.7007,118.0883,-350.1635,-0.233778,0.79382,-0.523684,0.202366,-0.652665,2.216193,-1.462026,-0.452805,0.048316,0.417993,0.745725,2.357306,0.241181
5084,1776148734606,56.528564,-571.7928,117.9106,-350.5592,-0.233528,0.793811,-0.523977,0.201935,-0.652115,2.216681,-1.463181,-0.452776,0.048529,0.417969,0.745819,2.357159,0.24102
5085,1776148734617,56.539675,-571.9765,117.5513,-350.632,-0.233211,0.793598,-0.524428,0.201966,-0.651221,2.216048,-1.464418,-0.452776,0.048718,0.41791,0.745776,2.356974,0.240788
5086,1776148734628,56.550787,-572.0674,117.3743,-351.021,-0.233302,0.793395,-0.524515,0.202431,-0.651313,2.214931,-1.464295,-0.452733,0.049111,0.417853,0.745989,2.356686,0.240437
5087,1776148734639,56.561898,-572.2239,117.3825,-351.3058,-0.233347,0.793644,-0.524219,0.202172,-0.651528,2.215932,-1.46367,-0.452711,0.049283,0.417829,0.746088,2.356534,0.240289
5088,1776148734651,56.573009,-572.392,117.7247,-351.4195,-0.233417,0.793448,-0.524416,0.202351,-0.65166,2.215171,-1.46408,-0.45268,0.049653,0.417764,0.746261,2.356289,0.239724
5089,1776148734662,56.58412,-572.475,117.6293,-351.6839,-0.233543,0.793205,-0.524513,0.202905,-0.651818,2.213836,-1.463916,-0.452665,0.04984,0.417706,0.74638,2.356055,0.239406
5090,1776148734673,56.595232,-572.5898,117.4196,-351.7987,-0.233773,0.793367,-0.524243,0.202701,-0.652532,2.214532,-1.463324,-0.452651,0.049976,0.417664,0.746352,2.355921,0.239126
5091,1776148734684,56.606343,-572.6885,117.5827,-352.0225,-0.233376,0.793292,-0.524608,0.202512,-0.651489,2.214546,-1.46449,-0.452607,0.050295,0.41762,0.746653,2.355812,0.238586
5092,1776148734695,56.617454,-572.8151,117.3994,-352.4914,-0.233373,0.792925,-0.524988,0.202963,-0.651324,2.212988,-1.465197,-0.452587,0.050493,0.417587,0.746896,2.355632,0.238338
5093,1776148734706,56.628565,-573.086,117.3906,-352.5798,-0.233288,0.792685,-0.525207,0.203433,-0.650922,2.21176,-1.46544,-0.452541,0.050806,0.417554,0.747198,2.355524,0.237808
5094,1776148734717,56.639676,-573.1551,117.3977,-352.8721,-0.233634,0.792666,-0.524956,0.203761,-0.651773,2.211318,-1.464481,-0.452524,0.050957,0.417509,0.747321,2.355365,0.237516
5095,1776148734728,56.650788,-572.9734,117.0927,-353.0426,-0.232935,0.79268,-0.525643,0.20273,-0.650182,2.212578,-1.467209,-0.452502,0.051133,0.417482,0.747564,2.35534,0.237182
5096,1776148734739,56.661899,-573.1465,117.1294,-353.1392,-0.233228,0.792449,-0.52551,0.203639,-0.650685,2.210858,-1.466123,-0.452476,0.051381,0.417424,0.747752,2.355285,0.236803
5097,1776148734751,56.67301,-573.4495,116.7985,-353.1528,-0.233533,0.792591,-0.525077,0.203854,-0.651459,2.210999,-1.464746,-0.452466,0.051522,0.4174,0.747867,2.355248,0.23655
5098,1776148734762,56.684121,-573.5485,116.8864,-353.3151,-0.233366,0.792248,-0.525625,0.203963,-0.650956,2.209916,-1.466191,-0.452444,0.051677,0.417377,0.748069,2.355228,0.236226
5099,1776148734773,56.695232,-573.3855,116.8602,-353.5672,-0.233417,0.792499,-0.525355,0.203628,-0.651215,2.211009,-1.465701,-0.45241,0.051955,0.417351,0.748385,2.355257,0.235627
5100,1776148734784,56.706344,-573.521,116.7854,-353.7259,-0.233493,0.792201,-0.525514,0.204288,-0.651196,2.209399,-1.465625,-0.452408,0.05209,0.417298,0.748464,2.355189,0.235264
5101,1776148734795,56.717455,-573.7411,116.902,-353.8016,-0.233176,0.792071,-0.525988,0.203935,-0.650437,2.209452,-1.467225,-0.452385,0.052359,0.417244,0.748825,2.3552,0.234697
5102,1776148734806,56.728566,-573.8004,116.7387,-353.8024,-0.233018,0.791919,-0.526323,0.203839,-0.650029,2.209143,-1.468235,-0.452379,0.052481,0.417227,0.748963,2.35533,0.234329
5103,1776148734817,56.739677,-573.8601,116.979,-354.2606,-0.23299,0.791772,-0.526431,0.204164,-0.649837,2.208348,-1.46828,-0.452378,0.052591,0.417179,0.749085,2.355292,0.234199
5104,1776148734828,56.750789,-573.9506,116.9272,-354.3033,-0.233302,0.792159,-0.525652,0.204317,-0.650653,2.209245,-1.465986,-0.452355,0.052858,0.417149,0.749579,2.355516,0.233554
5105,1776148734839,56.7619,-573.9727,116.79,-354.6694,-0.232628,0.791764,-0.526611,0.204144,-0.648835,2.208349,-1.468798,-0.45235,0.052991,0.417119,0.749875,2.355571,0.233185
5106,1776148734851,56.773012,-574.0717,116.8697,-354.7974,-0.232763,0.79208,-0.52628,0.203619,-0.649393,2.209851,-1.468287,-0.452326,0.053234,0.417058,0.750312,2.35575,0.232518
5107,1776148734862,56.784123,-574.0445,116.7621,-354.8754,-0.232843,0.791631,-0.526702,0.204182,-0.649421,2.207933,-1.46902,-0.452299,0.053345,0.417023,0.750592,2.355808,0.232124
5108,1776148734873,56.795234,-574.3145,116.8684,-354.9777,-0.232627,0.791204,-0.527231,0.204714,-0.648633,2.206115,-1.470079,-0.452297,0.05347,0.416977,0.750745,2.355865,0.231743
5109,1776148734884,56.806345,-574.2454,116.7431,-355.1766,-0.232662,0.791489,-0.526942,0.204317,-0.64887,2.207378,-1.469585,-0.452271,0.053678,0.416919,0.751215,2.356054,0.230997
5110,1776148734895,56.817456,-574.3681,116.5252,-355.2966,-0.232473,0.791307,-0.527285,0.204355,-0.648328,2.206825,-1.470512,-0.452275,0.053798,0.416849,0.751447,2.356023,0.230633
5111,1776148734906,56.828568,-574.4879,116.3178,-355.4888,-0.232102,0.791299,-0.527613,0.203957,-0.647432,2.207274,-1.47174,-0.452262,0.053997,0.4168,0.751885,2.356268,0.229932
5112,1776148734917,56.839679,-574.5143,116.3407,-355.6319,-0.232448,0.790926,-0.527666,0.204873,-0.64808,2.205153,-1.471166,-0.452239,0.054099,0.416781,0.752276,2.356388,0.229646
5113,1776148734928,56.85079,-574.6988,116.2847,-355.601,-0.232478,0.790802,-0.527684,0.205273,-0.648023,2.204334,-1.470902,-0.452236,0.054209,0.416754,0.752529,2.356511,0.229207
5114,1776148734939,56.861901,-574.7346,116.3029,-355.7522,-0.231935,0.790932,-0.527945,0.204712,-0.646706,2.205359,-1.472071,-0.452243,0.05442,0.416663,0.753075,2.356724,0.228475
5115,1776148734951,56.873012,-574.9626,116.0365,-355.7859,-0.231963,0.791063,-0.527974,0.204099,-0.646995,2.206448,-1.472634,-0.452242,0.054549,0.416605,0.753349,2.35679,0.228012
5116,1776148734962,56.884123,-575.027,116.4015,-355.8999,-0.231619,0.790694,-0.528542,0.204447,-0.645917,2.205008,-1.473945,-0.452228,0.054727,0.416591,0.75404,2.357241,0.22733
5117,1776148734973,56.895235,-575.2764,116.4541,-355.9559,-0.231891,0.790416,-0.52858,0.205117,-0.646443,2.203441,-1.473521,-0.452237,0.05482,0.416561,0.754254,2.357386,0.226879
5118,1776148734984,56.906346,-575.2649,116.0743,-356.3355,-0.231336,0.790468,-0.528953,0.20458,-0.645079,2.204221,-1.474984,-0.452228,0.054912,0.416528,0.754538,2.357571,0.226527
5119,1776148734995,56.917457,-575.1663,116.2435,-356.2745,-0.230985,0.790175,-0.529601,0.204431,-0.644153,2.20358,-1.47691,-0.452229,0.055095,0.41648,0.755205,2.357926,0.225809
5120,1776148735006,56.928568,-575.2313,116.4525,-356.2933,-0.230937,0.789921,-0.529845,0.204833,-0.64388,2.202399,-1.477275,-0.45223,0.055175,0.416454,0.755501,2.358095,0.225436
5121,1776148735017,56.93968,-575.3641,116.2613,-356.4401,-0.231212,0.789904,-0.529489,0.20551,-0.644413,2.201552,-1.475747,-0.45223,0.055266,0.416412,0.755837,2.358184,0.225096
5122,1776148735028,56.950791,-575.4103,116.0206,-356.5558,-0.230408,0.790056,-0.530106,0.204235,-0.64261,2.203477,-1.478473,-0.452224,0.055444,0.416372,0.75659,2.358515,0.224331
5123,1776148735039,56.961902,-575.4329,116.0942,-356.5257,-0.230434,0.789899,-0.53017,0.204643,-0.642545,2.202561,-1.478331,-0.452217,0.055544,0.416357,0.757006,2.358714,0.223907
5124,1776148735051,56.973013,-575.5815,116.3317,-356.4419,-0.230979,0.789626,-0.529909,0.205758,-0.643679,2.200486,-1.47672,-0.452224,0.055713,0.416304,0.757643,2.359063,0.223151
5125,1776148735062,56.984125,-575.6782,116.2858,-356.726,-0.230709,0.789642,-0.530064,0.205597,-0.642983,2.200721,-1.47728,-0.452221,0.055796,0.416277,0.758027,2.359213,0.222761
5126,1776148735073,56.995236,-575.66,115.7967,-357.0172,-0.230161,0.789609,-0.530615,0.204918,-0.641687,2.201428,-1.479352,-0.452225,0.055876,0.416265,0.758415,2.359415,0.222443
5127,1776148735084,57.006347,-575.7768,116.1728,-357.021,-0.230296,0.788935,-0.531074,0.206169,-0.641635,2.198077,-1.479643,-0.452216,0.056011,0.416222,0.759053,2.35978,0.221666
5128,1776148735095,57.017458,-575.8896,116.1447,-357.5636,-0.230165,0.789149,-0.53104,0.205586,-0.641469,2.199358,-1.480007,-0.452214,0.056115,0.416194,0.759436,2.359905,0.221208
5129,1776148735106,57.028569,-575.8278,115.9304,-357.3034,-0.229587,0.789232,-0.531471,0.204797,-0.640129,2.200519,-1.481834,-0.452201,0.056272,0.416153,0.760213,2.360317,0.220487
5130,1776148735117,57.03968,-576.0583,116.3938,-357.314,-0.229204,0.788608,-0.532292,0.205493,-0.638823,2.197962,-1.483572,-0.452209,0.056352,0.416114,0.760546,2.360474,0.220064
5131,1776148735128,57.050792,-576.1871,116.4914,-357.3654,-0.229424,0.788758,-0.531994,0.205447,-0.639453,2.198431,-1.482777,-0.452206,0.05644,0.416077,0.760914,2.360667,0.219715
5132,1776148735139,57.061903,-576.137,116.0945,-357.3007,-0.229417,0.788804,-0.531936,0.205429,-0.639438,2.198581,-1.48263,-0.452201,0.056615,0.41602,0.761673,2.361055,0.21889
5133,1776148735151,57.073014,-576.2189,116.0058,-357.7467,-0.229067,0.788465,-0.532549,0.20553,-0.63843,2.197519,-1.484257,-0.452202,0.05668,0.41601,0.76208,2.361296,0.218561
5134,1776148735162,57.084125,-576.1286,115.8404,-357.801,-0.228656,0.78845,-0.532924,0.205073,-0.637438,2.198014,-1.485668,-0.452206,0.056763,0.415974,0.762449,2.361501,0.21816
5135,1776148735173,57.095237,-576.2748,116.153,-358.0059,-0.228797,0.787908,-0.533241,0.206173,-0.637457,2.19521,-1.485678,-0.452194,0.056873,0.41597,0.76323,2.362013,0.217388
5136,1776148735184,57.106348,-576.3596,115.9912,-357.919,-0.228745,0.788,-0.533056,0.206357,-0.63725,2.195251,-1.485015,-0.452207,0.056969,0.415942,0.763732,2.362189,0.216937
5137,1776148735195,57.117459,-576.3832,115.7414,-357.9531,-0.228061,0.787721,-0.533944,0.205885,-0.635503,2.195027,-1.487864,-0.452208,0.057089,0.415911,0.764554,2.362619,0.216086
5138,1776148735206,57.12857,-576.4551,115.8208,-357.9025,-0.227957,0.787758,-0.533886,0.206005,-0.635174,2.194992,-1.487608,-0.452235,0.057154,0.415885,0.764951,2.36284,0.215692
5139,1776148735217,57.139681,-576.4547,115.605,-358.0877,-0.227326,0.787792,-0.534271,0.205573,-0.633562,2.195593,-1.489025,-0.452223,0.05723,0.415881,0.765462,2.363029,0.215329
5140,1776148735228,57.150793,-576.6352,115.5958,-358.1647,-0.227312,0.787826,-0.534358,0.205235,-0.633637,2.196084,-1.489534,-0.452238,0.057369,0.415811,0.766224,2.363374,0.214431
5141,1776148735239,57.161904,-576.6313,115.966,-358.0399,-0.227137,0.78766,-0.53444,0.205849,-0.632942,2.194901,-1.489275,-0.452233,0.057428,0.415826,0.766796,2.363618,0.214004
5142,1776148735251,57.173015,-576.6376,115.927,-358.1671,-0.227342,0.787432,-0.534542,0.206231,-0.633383,2.193818,-1.489256,-0.452237,0.057568,0.415777,0.767655,2.364034,0.213021
5143,1776148735262,57.184127,-576.8181,115.6693,-358.3982,-0.22656,0.787386,-0.535196,0.20557,-0.631429,2.194463,-1.491606,-0.452235,0.057609,0.41577,0.768187,2.364223,0.212681
5144,1776148735273,57.195239,-576.7842,115.759,-358.5679,-0.226301,0.787183,-0.535638,0.205482,-0.630737,2.194003,-1.492906,-0.452251,0.057673,0.415732,0.76857,2.364406,0.21213
5145,1776148735284,57.20635,-576.7709,115.7667,-358.7491,-0.226245,0.78675,-0.535938,0.206417,-0.630265,2.191699,-1.492997,-0.452253,0.057824,0.415718,0.769766,2.364864,0.211202
5146,1776148735295,57.217461,-576.721,115.5236,-359.0303,-0.225781,0.786757,-0.536311,0.205926,-0.629139,2.192295,-1.494429,-0.452237,0.057861,0.415729,0.770272,2.365182,0.210838
5147,1776148735306,57.228572,-576.8234,115.493,-359.0309,-0.225447,0.78649,-0.536872,0.205854,-0.62823,2.191634,-1.496048,-0.452233,0.057988,0.415688,0.771413,2.365589,0.209909
5148,1776148735317,57.239683,-576.7216,115.5509,-359.2107,-0.225313,0.78647,-0.5368,0.206263,-0.627721,2.191101,-1.495521,-0.452243,0.058067,0.415676,0.772003,2.365824,0.20945
5149,1776148735328,57.250794,-576.8259,115.2774,-359.1805,-0.225043,0.786543,-0.536917,0.205976,-0.627065,2.191638,-1.496077,-0.452236,0.058125,0.415655,0.772633,2.366076,0.208946
5150,1776148735339,57.261906,-576.8956,115.3223,-358.9956,-0.22441,0.786184,-0.537756,0.205849,-0.625343,2.190787,-1.498516,-0.452235,0.058271,0.415615,0.773863,2.366535,0.207865
5151,1776148735351,57.273017,-576.9803,115.103,-358.9769,-0.224098,0.785918,-0.538118,0.206255,-0.624337,2.189572,-1.4992,-0.452237,0.058348,0.415566,0.774527,2.366668,0.207316
5152,1776148735362,57.284128,-577.3173,115.3233,-359.0442,-0.224348,0.785618,-0.538229,0.206837,-0.624841,2.188055,-1.499041,-0.452239,0.058409,0.415533,0.775138,2.366882,0.206762
5153,1776148735373,57.295239,-577.4312,115.2967,-359.2565,-0.224021,0.785465,-0.538545,0.206951,-0.623892,2.187495,-1.499829,-0.452261,0.058542,0.415464,0.776344,2.367235,0.205669
5154,1776148735384,57.30635,-577.4543,115.3205,-359.3724,-0.223645,0.785769,-0.538495,0.206331,-0.62305,2.189067,-1.500189,-0.452265,0.05859,0.415453,0.776976,2.367436,0.20512
5155,1776148735395,57.317461,-577.4042,115.2579,-359.3059,-0.223497,0.785317,-0.538942,0.207043,-0.622402,2.186977,-1.500864,-0.452276,0.058705,0.415453,0.7783,2.367946,0.203958
5156,1776148735406,57.328573,-577.1959,115.2093,-359.3751,-0.222846,0.785119,-0.539717,0.20648,-0.620774,2.187082,-1.503472,-0.452275,0.058773,0.415433,0.778989,2.368151,0.203291
5157,1776148735417,57.339684,-577.3179,115.4832,-359.3886,-0.222665,0.784597,-0.540382,0.20692,-0.620125,2.185114,-1.504972,-0.452288,0.058805,0.415392,0.779486,2.368325,0.202695
5158,1776148735428,57.350795,-577.4042,115.2751,-359.6497,-0.222552,0.78455,-0.540421,0.207117,-0.619744,2.184753,-1.504921,-0.452293,0.058902,0.415381,0.780806,2.36884,0.201446
5159,1776148735439,57.361907,-577.2887,115.2752,-359.6508,-0.222357,0.784612,-0.540464,0.206976,-0.619249,2.185091,-1.505156,-0.45231,0.058932,0.415344,0.781349,2.369084,0.200804
5160,1776148735451,57.373018,-577.5704,115.4346,-359.5771,-0.222237,0.783883,-0.541298,0.207688,-0.61868,2.182232,-1.506905,-0.452328,0.059016,0.415297,0.782586,2.369523,0.199412
5161,1776148735462,57.38413,-577.5612,115.1513,-359.6184,-0.221967,0.783636,-0.54176,0.207704,-0.617921,2.181525,-1.508179,-0.45233,0.059053,0.415292,0.783287,2.369798,0.198737
5162,1776148735473,57.395241,-577.8352,115.2115,-359.6605,-0.221409,0.783551,-0.542228,0.2074,-0.616471,2.18164,-1.509727,-0.452345,0.059067,0.415262,0.783819,2.370011,0.198103
5163,1776148735484,57.406352,-577.7708,114.8559,-359.6931,-0.221459,0.783422,-0.542141,0.20806,-0.616391,2.180516,-1.508952,-0.452357,0.059144,0.415239,0.785067,2.370496,0.196707
5164,1776148735495,57.417464,-577.7705,114.927,-359.6789,-0.221065,0.783365,-0.542586,0.207533,-0.615469,2.180969,-1.510615,-0.452365,0.059168,0.41524,0.785731,2.370786,0.19603
5165,1776148735506,57.428575,-577.7767,114.8244,-359.6798,-0.220887,0.78296,-0.543095,0.20792,-0.614844,2.17939,-1.511721,-0.452387,0.059228,0.415232,0.787024,2.371309,0.194577
5166,1776148735517,57.439686,-577.8785,114.9069,-359.8222,-0.220574,0.782681,-0.543582,0.208031,-0.613937,2.178484,-1.512986,-0.452402,0.059258,0.415221,0.787643,2.371553,0.193847
5167,1776148735528,57.450797,-577.8626,114.9307,-359.9673,-0.22046,0.782539,-0.543777,0.208174,-0.613572,2.177925,-1.513413,-0.452416,0.059295,0.415215,0.78838,2.371793,0.193094
5168,1776148735539,57.461909,-577.8188,114.9917,-359.9728,-0.219927,0.782131,-0.544596,0.208133,-0.612104,2.176835,-1.515725,-0.452428,0.059343,0.415215,0.789711,2.372296,0.191622
5169,1776148735551,57.47302,-577.912,115.2222,-359.9678,-0.219782,0.781933,-0.544953,0.208093,-0.611713,2.176333,-1.516751,-0.452438,0.059374,0.415222,0.790348,2.372554,0.190823
5170,1776148735562,57.484131,-577.8668,115.1617,-359.9878,-0.219409,0.781872,-0.545219,0.208018,-0.6107,2.17625,-1.517553,-0.45246,0.059391,0.415205,0.790982,2.372801,0.190168
5171,1776148735573,57.495243,-577.9024,115.1581,-359.921,-0.219337,0.781373,-0.545815,0.208406,-0.610373,2.17441,-1.518897,-0.452479,0.059433,0.415195,0.792213,2.37331,0.188559
5172,1776148735584,57.506354,-577.8741,115.1306,-359.8825,-0.219137,0.781448,-0.545793,0.208395,-0.609819,2.17463,-1.518846,-0.452498,0.059446,0.415169,0.792789,2.373484,0.187816
5173,1776148735595,57.517465,-577.9767,115.1907,-359.9401,-0.218809,0.781099,-0.546447,0.208333,-0.608927,2.173734,-1.520715,-0.452542,0.059464,0.415128,0.793927,2.37387,0.186385
5174,1776148735606,57.528577,-578.0773,115.0534,-359.9896,-0.218561,0.780937,-0.54669,0.208563,-0.608161,2.173014,-1.521206,-0.452555,0.05951,0.415114,0.794643,2.374045,0.185616
5175,1776148735617,57.539688,-578.177,115.1719,-360.187,-0.218209,0.780497,-0.547436,0.208622,-0.607162,2.171723,-1.523234,-0.452565,0.059506,0.415109,0.795195,2.374305,0.184844
5176,1776148735628,57.5508,-578.2128,115.1431,-360.0694,-0.217963,0.780197,-0.547859,0.208889,-0.606394,2.170579,-1.524193,-0.452563,0.059562,0.415099,0.796508,2.374706,0.183201
5177,1776148735639,57.561911,-578.2137,115.068,-360.1134,-0.217964,0.780009,-0.547948,0.209358,-0.606243,2.169513,-1.524061,-0.452578,0.059568,0.415076,0.797079,2.374868,0.182463
5178,1776148735651,57.573022,-578.1884,115.0222,-360.1341,-0.217657,0.779867,-0.548288,0.209316,-0.605403,2.169165,-1.52504,-0.452599,0.059608,0.415064,0.79837,2.375243,0.180828
5179,1776148735662,57.584133,-578.2463,115.0426,-360.1131,-0.21715,0.779387,-0.549183,0.209286,-0.604003,2.167865,-1.527553,-0.452597,0.05961,0.41507,0.798941,2.375474,0.179999
5180,1776148735673,57.595244,-578.317,114.9891,-360.0796,-0.216939,0.779233,-0.549407,0.20949,-0.603351,2.167201,-1.528008,-0.452601,0.059621,0.415087,0.799578,2.375738,0.179225
5181,1776148735684,57.606355,-578.2709,114.9263,-360.1038,-0.216759,0.779025,-0.549721,0.209626,-0.602807,2.166467,-1.528772,-0.452622,0.05966,0.415063,0.800797,2.376043,0.177576
5182,1776148735695,57.617467,-578.3145,115.0427,-360.2175,-0.216336,0.77883,-0.550213,0.209496,-0.601673,2.166073,-1.530246,-0.452621,0.059666,0.415065,0.801389,2.376206,0.176817
5183,1776148735706,57.628578,-578.3265,115.005,-360.4026,-0.216257,0.778514,-0.550491,0.210021,-0.601283,2.16459,-1.53059,-0.452645,0.059705,0.415027,0.802651,2.376388,0.175254
5184,1776148735717,57.639689,-578.2755,114.982,-360.3689,-0.215937,0.778109,-0.551088,0.210283,-0.600311,2.163162,-1.532038,-0.452651,0.059737,0.415004,0.803366,2.376454,0.174442
5185,1776148735728,57.6508,-578.4062,114.885,-360.2022,-0.215833,0.777923,-0.551256,0.210642,-0.599906,2.16223,-1.532212,-0.452661,0.059739,0.415005,0.80394,2.376625,0.173662
5186,1776148735739,57.661911,-578.3256,115.0186,-360.1635,-0.215417,0.777856,-0.55158,0.210463,-0.598808,2.162252,-1.533259,-0.452652,0.059776,0.415026,0.805266,2.376891,0.172085
5187,1776148735751,57.673023,-578.3701,115.0993,-360.0469,-0.215337,0.777616,-0.551835,0.210765,-0.598489,2.161235,-1.53372,-0.452658,0.059774,0.414997,0.805855,2.37695,0.171383
5188,1776148735762,57.684134,-578.4405,114.8826,-360.2198,-0.214945,0.777176,-0.552537,0.210948,-0.597342,2.159803,-1.53552,-0.452653,0.059772,0.41499,0.806466,2.377017,0.170637
5189,1776148735773,57.695245,-578.3823,115.0318,-360.315,-0.214912,0.777036,-0.552647,0.211211,-0.597166,2.15911,-1.535613,-0.452668,0.059763,0.414978,0.807612,2.377214,0.169248
5190,1776148735784,57.706356,-578.4139,114.8676,-360.3647,-0.214724,0.776827,-0.552928,0.211434,-0.596573,2.158273,-1.536213,-0.452683,0.059792,0.414936,0.808232,2.377143,0.168523
5191,1776148735795,57.717468,-578.377,114.861,-360.3798,-0.214268,0.776612,-0.553441,0.211342,-0.595335,2.157783,-1.537712,-0.452667,0.059815,0.414936,0.809522,2.377292,0.167144
5192,1776148735806,57.728579,-578.4328,114.9271,-360.4763,-0.214288,0.776398,-0.553563,0.211792,-0.595247,2.156671,-1.537683,-0.452666,0.059814,0.414914,0.810153,2.377312,0.166422
5193,1776148735817,57.73969,-578.3723,114.8642,-360.3258,-0.214033,0.776245,-0.553858,0.211838,-0.594525,2.156193,-1.538465,-0.452676,0.059829,0.414896,0.810754,2.377369,0.16571
5194,1776148735828,57.750801,-578.3439,114.7162,-360.4873,-0.21407,0.776044,-0.55396,0.212268,-0.594492,2.155144,-1.538395,-0.452676,0.059831,0.414871,0.811962,2.377363,0.164408
5195,1776148735839,57.761913,-578.2758,114.7549,-360.4399,-0.213373,0.775683,-0.554745,0.212241,-0.592565,2.154171,-1.540598,-0.452683,0.05985,0.414862,0.812598,2.377358,0.163697
5196,1776148735851,57.773024,-578.3641,114.6209,-360.4714,-0.213317,0.775714,-0.554681,0.212353,-0.592373,2.154127,-1.540327,-0.452686,0.059866,0.414849,0.813887,2.377336,0.162387
5197,1776148735862,57.784135,-578.3718,114.8544,-360.2557,-0.213131,0.775448,-0.554975,0.212741,-0.591734,2.152946,-1.540828,-0.452699,0.059854,0.414824,0.81451,2.377283,0.16179
5198,1776148735873,57.795246,-578.48,114.6612,-360.3416,-0.213136,0.775253,-0.555097,0.213127,-0.591627,2.151963,-1.540849,-0.452708,0.059868,0.414824,0.815144,2.37725,0.161105
5199,1776148735884,57.806358,-578.4521,114.7564,-360.281,-0.212584,0.774878,-0.555809,0.213187,-0.590077,2.150853,-1.542776,-0.452717,0.059881,0.414798,0.816427,2.377114,0.159801
