FrameNumber,TimeStamp_ms,TimeFromStart_s,X_mm,Y_mm,Z_mm,QX,QY,QZ,QW,RX_rad,RY_rad,RZ_rad,TCP_X_m,TCP_Y_m,TCP_Z_m,TCP_RX_rad,TCP_RY_rad,TCP_RZ_rad
0,1770132330699,0.000000,77.2944,495.6716,-632.1008,0.622190,-0.371108,0.398029,0.562790,1.464832,-0.873707,0.937086,0.332430,0.117578,0.505318,-2.210760,2.155370,-0.134696
1,1770132330710,0.011112,77.3225,495.7161,-632.1864,0.622166,-0.371119,0.398020,0.562814,1.464762,-0.873724,0.937055,0.332430,0.117578,0.505318,-2.210760,2.155370,-0.134696
2,1770132330721,0.022223,77.3404,495.7563,-632.1860,0.622156,-0.371128,0.398023,0.562818,1.464735,-0.873743,0.937061,0.332452,0.117578,0.505302,-2.210752,2.155441,-0.134685
3,1770132330732,0.033334,77.3781,495.7151,-632.1748,0.622200,-0.371086,0.398020,0.562798,1.464852,-0.873652,0.937062,0.332435,0.117580,0.505314,-2.210778,2.155363,-0.134711
4,1770132330743,0.044445,77.3060,495.7372,-632.2059,0.622197,-0.371074,0.398024,0.562808,1.464837,-0.873619,0.937068,0.332443,0.117575,0.505315,-2.210797,2.155382,-0.134727
5,1770132330754,0.055556,77.2472,495.7966,-632.1172,0.622210,-0.371056,0.398035,0.562797,1.464875,-0.873581,0.937098,0.332449,0.117584,0.505295,-2.210834,2.155418,-0.134675
6,1770132330765,0.066668,77.1474,495.8283,-632.1286,0.622127,-0.371076,0.398090,0.562837,1.464656,-0.873613,0.937211,0.332429,0.117582,0.505330,-2.210747,2.155415,-0.134788
7,1770132330776,0.077779,77.2095,495.7203,-632.2126,0.622157,-0.371077,0.398066,0.562819,1.464737,-0.873621,0.937163,0.332434,0.117580,0.505316,-2.210746,2.155409,-0.134696
8,1770132330787,0.088890,77.2372,495.6977,-632.2123,0.622145,-0.371076,0.398094,0.562814,1.464712,-0.873623,0.937230,0.332437,0.117583,0.505311,-2.210795,2.155381,-0.134725
9,1770132330799,0.100001,77.2691,495.7794,-632.1248,0.622165,-0.371077,0.398055,0.562819,1.464756,-0.873623,0.937135,0.332434,0.117588,0.505305,-2.210845,2.155354,-0.134727
10,1770132330810,0.111112,77.3142,495.6057,-631.9780,0.622159,-0.371108,0.398028,0.562824,1.464740,-0.873693,0.937070,0.332439,0.117581,0.505309,-2.210823,2.155381,-0.134674
11,1770132330821,0.122224,77.3005,495.5877,-631.9623,0.622150,-0.371099,0.398014,0.562850,1.464701,-0.873662,0.937026,0.332448,0.117584,0.505300,-2.210818,2.155400,-0.134633
12,1770132330832,0.133335,77.2925,495.5918,-631.9291,0.622156,-0.371087,0.398027,0.562843,1.464719,-0.873637,0.937060,0.332440,0.117588,0.505307,-2.210806,2.155393,-0.134725
13,1770132330843,0.144446,77.3802,495.5790,-631.9132,0.622144,-0.371110,0.398007,0.562855,1.464683,-0.873686,0.937010,0.332444,0.117576,0.505309,-2.210782,2.155421,-0.134726
14,1770132330854,0.155557,77.3802,495.5771,-631.8817,0.622140,-0.371123,0.398008,0.562849,1.464679,-0.873719,0.937014,0.332441,0.117579,0.505312,-2.210809,2.155394,-0.134700
15,1770132330865,0.166669,77.4977,495.7103,-632.1982,0.622111,-0.371122,0.397993,0.562893,1.464582,-0.873702,0.936961,0.332441,0.117573,0.505305,-2.210798,2.155382,-0.134701
16,1770132330876,0.177780,77.5121,495.7240,-632.2080,0.622110,-0.371130,0.397992,0.562890,1.464582,-0.873721,0.936959,0.332457,0.117582,0.505289,-2.210843,2.155425,-0.134610
17,1770132330887,0.188891,77.5074,495.7477,-632.3013,0.622103,-0.371146,0.397981,0.562894,1.464564,-0.873757,0.936934,0.332438,0.117569,0.505310,-2.210740,2.155455,-0.134686
18,1770132330899,0.200002,77.4234,495.7219,-632.2980,0.622142,-0.371161,0.397992,0.562833,1.464694,-0.873816,0.936983,0.332436,0.117584,0.505313,-2.210771,2.155382,-0.134696
19,1770132330910,0.211113,77.4315,495.7299,-632.3083,0.622150,-0.371158,0.397982,0.562834,1.464711,-0.873807,0.936957,0.332435,0.117585,0.505318,-2.210800,2.155330,-0.134669
20,1770132330921,0.222225,77.4502,495.6067,-632.2762,0.622073,-0.371198,0.398021,0.562865,1.464512,-0.873889,0.937038,0.332437,0.117577,0.505317,-2.210771,2.155383,-0.134724
21,1770132330932,0.233336,77.3037,495.7033,-632.2121,0.622106,-0.371197,0.398001,0.562842,1.464603,-0.873896,0.937001,0.332444,0.117575,0.505308,-2.210790,2.155427,-0.134688
22,1770132330943,0.244447,77.2888,495.7181,-632.2091,0.622120,-0.371190,0.398009,0.562827,1.464645,-0.873884,0.937025,0.332434,0.117570,0.505318,-2.210741,2.155378,-0.134711
23,1770132330954,0.255558,77.2893,495.6639,-632.0607,0.622114,-0.371206,0.398017,0.562817,1.464637,-0.873926,0.937048,0.332445,0.117578,0.505306,-2.210768,2.155459,-0.134726
24,1770132330965,0.266670,77.2750,495.6728,-632.0402,0.622103,-0.371209,0.398020,0.562825,1.464606,-0.873932,0.937051,0.332441,0.117577,0.505310,-2.210778,2.155389,-0.134712
25,1770132330976,0.277781,77.2554,495.5930,-632.1078,0.622104,-0.371242,0.397994,0.562820,1.464613,-0.874011,0.936992,0.332444,0.117576,0.505308,-2.210825,2.155356,-0.134675
26,1770132330987,0.288892,77.3671,495.6446,-632.2076,0.622050,-0.371282,0.398008,0.562844,1.464471,-0.874096,0.937016,0.332444,0.117582,0.505306,-2.210806,2.155419,-0.134727
27,1770132330999,0.300004,77.3724,495.6574,-632.2122,0.622035,-0.371281,0.398009,0.562860,1.464424,-0.874088,0.937012,0.332445,0.117576,0.505303,-2.210776,2.155440,-0.134714
28,1770132331010,0.311115,77.3791,495.6708,-632.2141,0.622040,-0.371278,0.398015,0.562852,1.464442,-0.874084,0.937030,0.332441,0.117587,0.505302,-2.210847,2.155379,-0.134674
29,1770132331021,0.322226,77.3600,495.7280,-632.2311,0.622033,-0.371264,0.398017,0.562868,1.464414,-0.874045,0.937027,0.332446,0.117571,0.505308,-2.210751,2.155467,-0.134687
30,1770132331032,0.333344,77.3628,495.7448,-632.2398,0.622033,-0.371259,0.398006,0.562879,1.464408,-0.874029,0.936998,0.332447,0.117579,0.505307,-2.210796,2.155433,-0.134674
31,1770132331043,0.344455,77.4254,495.7873,-632.3118,0.622007,-0.371248,0.397999,0.562920,1.464321,-0.873987,0.936965,0.332442,0.117580,0.505301,-2.210834,2.155393,-0.134703
32,1770132331054,0.355567,77.4423,495.8109,-632.3294,0.621999,-0.371257,0.398015,0.562912,1.464307,-0.874013,0.937005,0.332437,0.117577,0.505314,-2.210758,2.155396,-0.134724
33,1770132331065,0.366678,77.5529,495.6185,-632.2763,0.622010,-0.371240,0.397994,0.562925,1.464327,-0.873968,0.936952,0.332433,0.117580,0.505318,-2.210762,2.155402,-0.134764
34,1770132331076,0.377789,77.5785,495.6236,-632.2819,0.622005,-0.371244,0.398017,0.562913,1.464321,-0.873980,0.937010,0.332440,0.117574,0.505313,-2.210761,2.155454,-0.134740
35,1770132331087,0.388900,77.4418,495.5583,-632.2123,0.622003,-0.371238,0.398012,0.562922,1.464311,-0.873963,0.936994,0.332448,0.117582,0.505304,-2.210830,2.155387,-0.134661
36,1770132331099,0.400012,77.3428,495.5519,-632.1659,0.622014,-0.371224,0.398020,0.562913,1.464343,-0.873934,0.937018,0.332447,0.117579,0.505304,-2.210822,2.155406,-0.134675
37,1770132331110,0.411123,77.3101,495.6531,-632.1978,0.622022,-0.371245,0.397980,0.562919,1.464358,-0.873981,0.936920,0.332441,0.117588,0.505308,-2.210787,2.155426,-0.134710
38,1770132331121,0.422234,77.3302,495.6108,-632.1913,0.622022,-0.371195,0.398016,0.562927,1.464352,-0.873861,0.937002,0.332441,0.117572,0.505304,-2.210780,2.155415,-0.134661
39,1770132331132,0.433346,77.3485,495.7065,-632.2283,0.622034,-0.371184,0.398003,0.562929,1.464381,-0.873835,0.936971,0.332442,0.117579,0.505307,-2.210815,2.155375,-0.134714
40,1770132331143,0.444457,77.3321,495.6502,-632.0347,0.621993,-0.371195,0.398030,0.562949,1.464270,-0.873852,0.937027,0.332442,0.117576,0.505303,-2.210766,2.155428,-0.134659
41,1770132331154,0.455568,77.1799,495.6588,-632.0447,0.622031,-0.371156,0.398010,0.562947,1.464361,-0.873761,0.936980,0.332434,0.117582,0.505321,-2.210786,2.155375,-0.134791
42,1770132331165,0.466679,77.1627,495.6647,-632.0299,0.622031,-0.371175,0.398009,0.562935,1.464369,-0.873810,0.936983,0.332434,0.117574,0.505312,-2.210735,2.155448,-0.134644
43,1770132331176,0.477791,77.2430,495.6306,-632.0813,0.622021,-0.371175,0.397989,0.562960,1.464330,-0.873800,0.936924,0.332420,0.117585,0.505332,-2.210783,2.155318,-0.134774
44,1770132331187,0.488902,77.2353,495.6252,-632.0840,0.622011,-0.371172,0.398000,0.562965,1.464305,-0.873792,0.936951,0.332444,0.117582,0.505308,-2.210780,2.155445,-0.134725
45,1770132331199,0.500013,77.2253,495.6252,-632.0823,0.622010,-0.371180,0.398002,0.562960,1.464305,-0.873814,0.936955,0.332430,0.117583,0.505315,-2.210775,2.155388,-0.134737
46,1770132331210,0.511124,77.2341,495.4770,-632.1676,0.621910,-0.371183,0.398048,0.563036,1.464023,-0.873791,0.937035,0.332439,0.117573,0.505319,-2.210759,2.155396,-0.134725
47,1770132331221,0.522236,77.2705,495.6185,-632.1466,0.621899,-0.371235,0.398031,0.563026,1.464002,-0.873919,0.936997,0.332445,0.117587,0.505294,-2.210841,2.155424,-0.134635
48,1770132331232,0.533347,77.2838,495.5676,-632.2170,0.621882,-0.371258,0.398074,0.562999,1.463979,-0.873982,0.937110,0.332443,0.117588,0.505306,-2.210859,2.155391,-0.134676
49,1770132331243,0.544458,77.3249,495.5281,-632.2278,0.621959,-0.371205,0.398069,0.562951,1.464190,-0.873875,0.937117,0.332448,0.117581,0.505297,-2.210817,2.155425,-0.134635
50,1770132331254,0.555570,77.3297,495.5192,-632.2427,0.621967,-0.371208,0.398058,0.562949,1.464210,-0.873884,0.937091,0.332439,0.117583,0.505315,-2.210828,2.155361,-0.134713
51,1770132331265,0.566681,77.3581,495.8795,-632.1271,0.621928,-0.371252,0.398059,0.562963,1.464109,-0.873981,0.937088,0.332438,0.117584,0.505310,-2.210755,2.155446,-0.134723
52,1770132331276,0.577792,77.3749,495.5915,-632.1042,0.621964,-0.371251,0.398024,0.562949,1.464202,-0.873983,0.937012,0.332437,0.117580,0.505317,-2.210798,2.155331,-0.134725
53,1770132331287,0.588904,77.3799,495.6030,-632.1007,0.621967,-0.371243,0.398028,0.562947,1.464212,-0.873966,0.937023,0.332430,0.117581,0.505323,-2.210771,2.155382,-0.134723
54,1770132331299,0.600015,77.3954,495.8079,-632.1536,0.621927,-0.371207,0.398009,0.563029,1.464065,-0.873852,0.936944,0.332443,0.117586,0.505308,-2.210819,2.155406,-0.134726
55,1770132331310,0.611126,77.4113,495.8415,-632.1571,0.621932,-0.371213,0.398025,0.563007,1.464092,-0.873874,0.936991,0.332434,0.117582,0.505310,-2.210761,2.155478,-0.134711
56,1770132331321,0.622238,77.4421,495.7749,-632.4078,0.621914,-0.371181,0.398040,0.563039,1.464029,-0.873787,0.937014,0.332454,0.117591,0.505291,-2.210886,2.155415,-0.134598
57,1770132331332,0.633349,77.4608,495.7950,-632.4358,0.621916,-0.371191,0.398016,0.563047,1.464028,-0.873806,0.936954,0.332429,0.117587,0.505319,-2.210801,2.155387,-0.134711
58,1770132331343,0.644460,77.3937,495.6994,-632.4364,0.621936,-0.371213,0.398021,0.563006,1.464103,-0.873874,0.936983,0.332441,0.117590,0.505304,-2.210884,2.155390,-0.134677
59,1770132331354,0.655571,77.3669,495.7130,-632.3282,0.621976,-0.371191,0.398012,0.562983,1.464210,-0.873830,0.936971,0.332448,0.117583,0.505307,-2.210829,2.155437,-0.134635
60,1770132331365,0.666682,77.2947,495.6565,-632.1324,0.621948,-0.371268,0.397970,0.562993,1.464137,-0.874009,0.936867,0.332459,0.117590,0.505290,-2.210898,2.155479,-0.134574
61,1770132331376,0.677794,77.2812,495.6720,-632.1173,0.621950,-0.371250,0.397975,0.562999,1.464140,-0.873964,0.936877,0.332451,0.117587,0.505306,-2.210861,2.155468,-0.134571
62,1770132331387,0.688905,77.3267,495.6369,-632.0931,0.621887,-0.371296,0.397984,0.563032,1.463971,-0.874059,0.936886,0.332464,0.117578,0.505292,-2.210890,2.155468,-0.134523
63,1770132331399,0.700016,77.2988,495.6713,-632.1036,0.621859,-0.371258,0.398026,0.563058,1.463887,-0.873961,0.936973,0.332462,0.117579,0.505304,-2.210869,2.155475,-0.134561
64,1770132331410,0.711127,77.2122,495.5930,-632.1900,0.621875,-0.371267,0.398036,0.563027,1.463945,-0.873994,0.937010,0.332466,0.117578,0.505299,-2.210871,2.155501,-0.134508
65,1770132331421,0.722238,77.2924,495.5541,-632.1266,0.621902,-0.371324,0.397931,0.563034,1.464006,-0.874125,0.936759,0.332470,0.117569,0.505291,-2.210850,2.155579,-0.134377
66,1770132331432,0.733349,77.2224,495.5380,-632.0756,0.621895,-0.371380,0.397933,0.563004,1.464005,-0.874268,0.936777,0.332467,0.117566,0.505306,-2.210670,2.155712,-0.134367
67,1770132331443,0.744461,77.2178,495.5658,-632.0298,0.621976,-0.371384,0.397817,0.562994,1.464203,-0.874281,0.936508,0.332462,0.117564,0.505305,-2.210681,2.155692,-0.134275
68,1770132331454,0.755572,77.2585,495.7174,-632.0555,0.621893,-0.371443,0.397802,0.563056,1.463971,-0.874398,0.936448,0.332455,0.117568,0.505314,-2.210691,2.155698,-0.134181
69,1770132331465,0.766683,77.2184,495.7794,-632.0293,0.621979,-0.371340,0.397876,0.562977,1.464221,-0.874182,0.936654,0.332448,0.117558,0.505322,-2.210644,2.155675,-0.134153
70,1770132331476,0.777794,77.2758,495.7574,-632.1599,0.621924,-0.371424,0.397832,0.563014,1.464068,-0.874367,0.936536,0.332425,0.117542,0.505350,-2.210603,2.155577,-0.134098
71,1770132331487,0.788906,77.2776,495.7599,-632.2468,0.621800,-0.371493,0.397764,0.563153,1.463692,-0.874479,0.936320,0.332451,0.117550,0.505330,-2.210662,2.155708,-0.133902
72,1770132331499,0.800017,77.3149,495.7604,-632.2118,0.621902,-0.371537,0.397787,0.562996,1.464028,-0.874641,0.936436,0.332448,0.117530,0.505328,-2.210586,2.155726,-0.133690
73,1770132331510,0.811128,77.1703,495.9319,-632.2418,0.621818,-0.371610,0.397801,0.563030,1.463810,-0.874801,0.936456,0.332453,0.117517,0.505339,-2.210537,2.155799,-0.133518
74,1770132331521,0.822240,77.0142,495.8802,-632.2092,0.621843,-0.371640,0.397800,0.562984,1.463895,-0.874887,0.936471,0.332440,0.117513,0.505355,-2.210465,2.155859,-0.133528
75,1770132331532,0.833351,77.2547,495.8593,-632.0726,0.621936,-0.371739,0.397664,0.562910,1.464161,-0.875148,0.936181,0.332438,0.117493,0.505355,-2.210421,2.155901,-0.133131
76,1770132331543,0.844462,77.1672,495.8539,-632.0133,0.621983,-0.371678,0.397814,0.562794,1.464342,-0.875046,0.936579,0.332412,0.117482,0.505395,-2.210261,2.155894,-0.133120
77,1770132331554,0.855574,77.4668,495.9594,-632.1465,0.621983,-0.371712,0.397817,0.562769,1.464359,-0.875136,0.936595,0.332422,0.117475,0.505388,-2.210297,2.155913,-0.132739
78,1770132331565,0.866685,77.5296,495.8140,-632.0362,0.621951,-0.371790,0.397770,0.562787,1.464271,-0.875313,0.936479,0.332404,0.117440,0.505416,-2.210173,2.155954,-0.132379
79,1770132331576,0.877797,77.5840,495.8558,-632.0303,0.621884,-0.371761,0.397925,0.562770,1.464124,-0.875249,0.936848,0.332381,0.117443,0.505442,-2.210084,2.156020,-0.132320
80,1770132331587,0.888908,77.4245,495.8562,-631.9798,0.621952,-0.372061,0.397536,0.562772,1.464282,-0.875956,0.935932,0.332362,0.117404,0.505469,-2.210011,2.156033,-0.131938
81,1770132331599,0.900019,77.4565,495.8910,-631.9687,0.621856,-0.372130,0.397535,0.562832,1.464021,-0.876097,0.935906,0.332351,0.117411,0.505491,-2.209878,2.156182,-0.131835
82,1770132331610,0.911130,77.4407,496.0402,-631.9647,0.622091,-0.372427,0.397223,0.562597,1.464718,-0.876883,0.935264,0.332345,0.117382,0.505504,-2.209811,2.156233,-0.131559
83,1770132331621,0.922242,77.3760,495.8389,-631.8217,0.621728,-0.372126,0.397578,0.562947,1.463647,-0.876044,0.935962,0.332319,0.117349,0.505545,-2.209621,2.156339,-0.131168
84,1770132331632,0.933353,77.3563,495.9460,-631.8187,0.621983,-0.372446,0.397229,0.562700,1.464400,-0.876889,0.935238,0.332322,0.117329,0.505551,-2.209522,2.156351,-0.130780
85,1770132331643,0.944464,77.2480,496.0070,-631.6849,0.622047,-0.372613,0.397188,0.562547,1.464645,-0.877339,0.935203,0.332296,0.117289,0.505590,-2.209382,2.156424,-0.130327
86,1770132331654,0.955575,77.2324,496.0588,-631.6054,0.621903,-0.372553,0.397327,0.562648,1.464244,-0.877161,0.935489,0.332269,0.117271,0.505617,-2.209230,2.156577,-0.130096
87,1770132331665,0.966687,77.1413,496.0837,-631.6910,0.621993,-0.372735,0.397017,0.562646,1.464457,-0.877590,0.934760,0.332250,0.117257,0.505649,-2.209184,2.156492,-0.129854
88,1770132331676,0.977798,77.0717,496.1673,-631.7969,0.621890,-0.372895,0.397045,0.562635,1.464222,-0.877970,0.934831,0.332206,0.117221,0.505698,-2.209001,2.156649,-0.129279
89,1770132331687,0.988909,77.0729,496.2198,-631.7189,0.621927,-0.373081,0.396850,0.562608,1.464324,-0.878419,0.934381,0.332166,0.117204,0.505751,-2.208838,2.156605,-0.129083
90,1770132331699,1.000020,77.0792,496.2924,-631.8462,0.621919,-0.372918,0.396933,0.562667,1.464270,-0.878012,0.934553,0.332131,0.117233,0.505777,-2.208814,2.156627,-0.129500
91,1770132331710,1.011132,77.1065,495.9593,-631.9142,0.621877,-0.372777,0.397162,0.562644,1.464185,-0.877689,0.935103,0.332154,0.117223,0.505754,-2.208850,2.156767,-0.129429
92,1770132331721,1.022243,77.1554,495.9046,-631.9471,0.621756,-0.372694,0.397140,0.562850,1.463773,-0.877417,0.934970,0.332180,0.117224,0.505724,-2.208951,2.156784,-0.129262
93,1770132331732,1.033354,76.9267,496.0574,-631.8721,0.621772,-0.372911,0.396984,0.562797,1.463845,-0.877948,0.934623,0.332170,0.117222,0.505732,-2.208943,2.156720,-0.129235
94,1770132331743,1.044465,76.8479,496.0819,-631.8602,0.621838,-0.373011,0.396900,0.562718,1.464047,-0.878212,0.934456,0.332170,0.117218,0.505733,-2.208924,2.156728,-0.129248
95,1770132331754,1.055576,76.9581,495.8818,-631.8290,0.621853,-0.372800,0.396976,0.562787,1.464042,-0.877690,0.934610,0.332160,0.117217,0.505742,-2.208912,2.156690,-0.129273
96,1770132331765,1.066688,76.9394,495.8227,-631.8733,0.621943,-0.373030,0.396813,0.562650,1.464338,-0.878283,0.934277,0.332168,0.117206,0.505741,-2.208925,2.156666,-0.129037
97,1770132331776,1.077799,77.0407,495.9830,-631.8798,0.621921,-0.373102,0.396758,0.562666,1.464276,-0.878446,0.934142,0.332176,0.117208,0.505729,-2.208950,2.156716,-0.128986
98,1770132331787,1.088910,77.0599,496.0972,-631.9235,0.621973,-0.373005,0.396809,0.562637,1.464416,-0.878228,0.934274,0.332159,0.117186,0.505757,-2.208849,2.156658,-0.128849
99,1770132331799,1.100022,77.0375,496.1265,-631.9540,0.621884,-0.372985,0.396869,0.562706,1.464164,-0.878155,0.934389,0.332160,0.117181,0.505760,-2.208860,2.156690,-0.128731
100,1770132331810,1.111133,77.0616,496.0679,-631.9795,0.621952,-0.372975,0.396862,0.562642,1.464363,-0.878157,0.934396,0.332136,0.117188,0.505785,-2.208927,2.156598,-0.128678
101,1770132331821,1.122244,77.1111,495.9985,-631.9676,0.621933,-0.373001,0.396830,0.562668,1.464303,-0.878207,0.934311,0.332129,0.117151,0.505801,-2.208768,2.156607,-0.128411
102,1770132331832,1.133355,77.0642,495.9161,-631.9041,0.621759,-0.373081,0.396824,0.562812,1.463804,-0.878343,0.934240,0.332138,0.117147,0.505798,-2.208825,2.156708,-0.128179
103,1770132331843,1.144466,77.1837,496.0259,-631.6599,0.622078,-0.373414,0.396431,0.562515,1.464737,-0.879236,0.933433,0.332127,0.117102,0.505816,-2.208647,2.156693,-0.127829
104,1770132331854,1.155578,77.1765,496.0397,-631.5101,0.621860,-0.373409,0.396507,0.562707,1.464106,-0.879153,0.933537,0.332111,0.117100,0.505842,-2.208651,2.156637,-0.127654
105,1770132331865,1.166689,77.0868,496.0587,-631.3055,0.621938,-0.373503,0.396514,0.562553,1.464384,-0.879433,0.933611,0.332088,0.117089,0.505853,-2.208533,2.156668,-0.127489
106,1770132331876,1.177800,76.9094,496.2598,-631.4864,0.621874,-0.373526,0.396402,0.562687,1.464152,-0.879437,0.933296,0.332068,0.117058,0.505896,-2.208349,2.156753,-0.127138
107,1770132331887,1.188911,76.8766,496.3582,-631.5099,0.621863,-0.373534,0.396509,0.562618,1.464169,-0.879482,0.933575,0.332071,0.117050,0.505907,-2.208242,2.156930,-0.126989
108,1770132331899,1.200023,76.8741,496.2182,-631.5270,0.621898,-0.373671,0.396396,0.562569,1.464280,-0.879821,0.933329,0.332037,0.117026,0.505944,-2.208168,2.156884,-0.126509
109,1770132331910,1.211134,77.0494,496.3659,-631.5707,0.621787,-0.373599,0.396574,0.562613,1.463992,-0.879637,0.933731,0.332021,0.117019,0.505968,-2.208056,2.156953,-0.126449
110,1770132331921,1.222245,76.8553,496.1718,-631.3973,0.621985,-0.373827,0.396307,0.562432,1.464569,-0.880239,0.933172,0.332014,0.116995,0.505991,-2.207892,2.157062,-0.126152
111,1770132331932,1.233356,76.8574,496.2137,-631.3772,0.621964,-0.373924,0.396264,0.562421,1.464526,-0.880471,0.933076,0.331988,0.116962,0.506036,-2.207774,2.157159,-0.125701
112,1770132331943,1.244468,76.8261,496.2116,-631.3658,0.621935,-0.374079,0.396045,0.562504,1.464407,-0.880806,0.932526,0.331983,0.116937,0.506038,-2.207662,2.157268,-0.125355
113,1770132331954,1.255579,76.8139,496.2264,-631.3497,0.621973,-0.374178,0.396034,0.562403,1.464560,-0.881078,0.932541,0.331979,0.116930,0.506061,-2.207636,2.157314,-0.125209
114,1770132331965,1.266690,76.9754,496.2392,-631.3066,0.621904,-0.374449,0.395912,0.562385,1.464409,-0.881722,0.932261,0.331961,0.116893,0.506095,-2.207443,2.157434,-0.124605
115,1770132331976,1.277801,77.0910,496.3546,-631.1913,0.621856,-0.374281,0.395953,0.562522,1.464210,-0.881274,0.932303,0.331908,0.116882,0.506160,-2.207324,2.157362,-0.124545
116,1770132331987,1.288913,77.0969,496.4039,-631.1571,0.621758,-0.374325,0.396074,0.562515,1.463984,-0.881381,0.932592,0.331884,0.116841,0.506193,-2.207138,2.157565,-0.123851
117,1770132331999,1.300024,76.9845,496.3051,-631.0564,0.621898,-0.374639,0.395812,0.562337,1.464423,-0.882186,0.932043,0.331865,0.116807,0.506225,-2.206994,2.157509,-0.123555
118,1770132332010,1.311135,76.8774,496.6134,-631.3762,0.621858,-0.374642,0.395826,0.562368,1.464309,-0.882183,0.932065,0.331838,0.116804,0.506262,-2.206980,2.157485,-0.123340
119,1770132332021,1.322247,76.8821,496.7670,-631.3091,0.621847,-0.374805,0.395693,0.562365,1.464286,-0.882566,0.931753,0.331797,0.116740,0.506328,-2.206704,2.157597,-0.122711
120,1770132332032,1.333358,76.8890,496.9059,-631.1944,0.621976,-0.374908,0.395629,0.562199,1.464693,-0.882871,0.931667,0.331788,0.116725,0.506347,-2.206631,2.157691,-0.122311
121,1770132332043,1.344469,76.8369,497.0043,-631.2293,0.621777,-0.375199,0.395578,0.562261,1.464184,-0.883534,0.931523,0.331742,0.116676,0.506419,-2.206425,2.157716,-0.121668
122,1770132332054,1.355581,76.6880,496.7473,-631.0624,0.621740,-0.375395,0.395462,0.562253,1.464102,-0.883999,0.931254,0.331700,0.116646,0.506462,-2.206224,2.157783,-0.121248
123,1770132332065,1.366692,76.5852,496.8484,-630.9730,0.621857,-0.375420,0.395495,0.562084,1.464482,-0.884119,0.931396,0.331673,0.116624,0.506500,-2.206073,2.157830,-0.120976
124,1770132332076,1.377803,76.6342,496.7587,-630.9960,0.621850,-0.375573,0.395451,0.562020,1.464504,-0.884504,0.931317,0.331614,0.116573,0.506584,-2.205805,2.157895,-0.120277
125,1770132332087,1.388914,76.6138,496.7897,-630.9446,0.621851,-0.375730,0.395302,0.562018,1.464509,-0.884873,0.930968,0.331604,0.116535,0.506612,-2.205667,2.158025,-0.119840
126,1770132332099,1.400026,76.6590,496.9300,-630.9593,0.621699,-0.376052,0.395207,0.562038,1.464139,-0.885626,0.930736,0.331561,0.116476,0.506681,-2.205410,2.158175,-0.118971
127,1770132332110,1.411137,76.5976,496.9875,-630.8383,0.621722,-0.376100,0.395045,0.562095,1.464158,-0.885717,0.930332,0.331533,0.116452,0.506721,-2.205338,2.158136,-0.118558
128,1770132332121,1.422248,76.6708,497.0833,-630.6736,0.621728,-0.376381,0.395041,0.561902,1.464291,-0.886450,0.930399,0.331515,0.116414,0.506749,-2.205129,2.158326,-0.118075
129,1770132332132,1.433359,76.6672,497.2346,-630.6241,0.621724,-0.376367,0.394921,0.562001,1.464219,-0.886380,0.930077,0.331433,0.116355,0.506856,-2.204829,2.158330,-0.117321
130,1770132332143,1.444470,76.7166,497.2254,-630.6097,0.621699,-0.376731,0.394852,0.561833,1.464265,-0.887301,0.929979,0.331427,0.116329,0.506874,-2.204635,2.158505,-0.116757
131,1770132332154,1.455582,76.6846,497.3308,-630.5219,0.621765,-0.376764,0.394720,0.561830,1.464420,-0.887380,0.929671,0.331392,0.116286,0.506921,-2.204537,2.158520,-0.116347
132,1770132332165,1.466693,76.6393,497.4331,-630.5102,0.621794,-0.377059,0.394513,0.561745,1.464543,-0.888106,0.929217,0.331353,0.116215,0.506987,-2.204082,2.158754,-0.115363
133,1770132332176,1.477804,76.6020,497.5313,-630.4244,0.621666,-0.377123,0.394537,0.561827,1.464191,-0.888226,0.929240,0.331307,0.116181,0.507037,-2.203933,2.158820,-0.114895
134,1770132332187,1.488915,76.5544,497.5799,-630.4445,0.621735,-0.377342,0.394455,0.561662,1.464455,-0.888804,0.929112,0.331247,0.116113,0.507122,-2.203548,2.159045,-0.113848
135,1770132332199,1.500026,76.5271,497.6830,-630.3978,0.621750,-0.377753,0.394212,0.561540,1.464563,-0.889816,0.928587,0.331211,0.116078,0.507172,-2.203289,2.159210,-0.113361
136,1770132332210,1.511138,76.3666,497.7183,-630.5652,0.621692,-0.378020,0.394053,0.561535,1.464432,-0.890449,0.928215,0.331181,0.116038,0.507220,-2.203169,2.159251,-0.112843
137,1770132332221,1.522249,76.1616,497.7652,-630.5287,0.621757,-0.378282,0.393883,0.561406,1.464664,-0.891113,0.927864,0.331122,0.115982,0.507302,-2.202862,2.159383,-0.112090
138,1770132332232,1.533360,76.2587,497.6258,-630.5397,0.621792,-0.377854,0.394139,0.561476,1.464704,-0.890080,0.928441,0.331104,0.116024,0.507321,-2.202883,2.159243,-0.112703
139,1770132332243,1.544472,76.4748,497.3730,-630.5160,0.621425,-0.378317,0.393806,0.561804,1.463638,-0.891047,0.927527,0.331192,0.116025,0.507205,-2.203142,2.159440,-0.112248
140,1770132332254,1.555583,76.4931,497.3340,-630.5161,0.621457,-0.378187,0.393978,0.561737,1.463753,-0.890765,0.927959,0.331194,0.116016,0.507197,-2.203157,2.159479,-0.112173
141,1770132332265,1.566695,76.0179,497.3658,-630.3878,0.621505,-0.378509,0.393642,0.561702,1.463888,-0.891538,0.927182,0.331219,0.116007,0.507184,-2.203140,2.159512,-0.112135
142,1770132332276,1.577806,75.8866,497.4263,-630.3497,0.621776,-0.378455,0.393789,0.561335,1.464752,-0.891547,0.927672,0.331187,0.116004,0.507214,-2.203040,2.159490,-0.112155
143,1770132332287,1.588917,76.1457,496.6986,-630.0247,0.621359,-0.378036,0.393987,0.561940,1.463398,-0.890334,0.927901,0.331144,0.116024,0.507247,-2.203093,2.159365,-0.112296
144,1770132332299,1.600029,76.1348,496.5701,-629.9814,0.621509,-0.378108,0.394042,0.561687,1.463907,-0.890599,0.928129,0.331166,0.116013,0.507238,-2.203041,2.159412,-0.112177
145,1770132332310,1.611140,76.1032,497.1452,-630.5440,0.621704,-0.378220,0.394115,0.561344,1.464576,-0.890991,0.928435,0.331157,0.115999,0.507242,-2.203066,2.159407,-0.112062
146,1770132332321,1.622251,75.9547,496.9406,-630.3226,0.621544,-0.378098,0.394178,0.561560,1.464066,-0.890623,0.928500,0.331177,0.115991,0.507234,-2.203064,2.159479,-0.111919
147,1770132332332,1.633362,75.9472,497.0678,-630.2372,0.621557,-0.378199,0.394025,0.561584,1.464083,-0.890851,0.928130,0.331167,0.115986,0.507244,-2.202979,2.159470,-0.111861
148,1770132332343,1.644474,75.9722,496.9548,-630.1389,0.621506,-0.378278,0.393926,0.561657,1.463917,-0.891010,0.927868,0.331167,0.115968,0.507236,-2.202997,2.159529,-0.111561
149,1770132332354,1.655585,76.2435,497.1320,-630.4692,0.621658,-0.378263,0.393944,0.561486,1.464383,-0.891040,0.927976,0.331164,0.115974,0.507264,-2.203015,2.159470,-0.111626
150,1770132332365,1.666696,76.2200,497.0966,-630.5103,0.621708,-0.378529,0.393812,0.561344,1.464586,-0.891719,0.927720,0.331169,0.115943,0.507253,-2.202904,2.159497,-0.111187
151,1770132332376,1.677807,76.1752,497.0604,-630.5284,0.621575,-0.378428,0.393894,0.561502,1.464176,-0.891421,0.927853,0.331168,0.115940,0.507250,-2.202931,2.159624,-0.110980
152,1770132332387,1.688918,76.4480,497.7056,-630.4929,0.621712,-0.378410,0.393848,0.561395,1.464565,-0.891418,0.927786,0.331129,0.115907,0.507303,-2.202617,2.159586,-0.110856
153,1770132332399,1.700029,76.3264,497.8784,-630.4868,0.621500,-0.378620,0.393757,0.561551,1.463969,-0.891856,0.927512,0.331148,0.115903,0.507296,-2.202724,2.159712,-0.110548
154,1770132332410,1.711141,76.3741,497.8029,-630.3377,0.621703,-0.378634,0.393755,0.561319,1.464591,-0.891976,0.927596,0.331114,0.115896,0.507318,-2.202640,2.159594,-0.110447
155,1770132332421,1.722252,76.3602,497.7458,-630.2424,0.621398,-0.378871,0.393619,0.561592,1.463703,-0.892431,0.927171,0.331099,0.115877,0.507352,-2.202430,2.159846,-0.110148
156,1770132332432,1.733363,76.5479,497.8339,-630.2077,0.621722,-0.378949,0.393547,0.561231,1.464689,-0.892750,0.927140,0.331079,0.115846,0.507383,-2.202283,2.159764,-0.109931
157,1770132332443,1.744475,76.5515,497.8369,-630.1104,0.621215,-0.378881,0.393647,0.561768,1.463166,-0.892389,0.927167,0.331063,0.115830,0.507412,-2.202172,2.159955,-0.109570
158,1770132332454,1.755586,76.5729,497.9110,-630.1041,0.621676,-0.378961,0.393563,0.561262,1.464563,-0.892767,0.927167,0.331037,0.115815,0.507439,-2.202062,2.159993,-0.109340
159,1770132332465,1.766697,76.5058,498.0930,-629.9974,0.621797,-0.378887,0.393769,0.561035,1.464986,-0.892678,0.927739,0.331030,0.115794,0.507456,-2.202067,2.159989,-0.109119
160,1770132332476,1.777808,76.5162,497.9477,-630.0698,0.621504,-0.379064,0.393695,0.561291,1.464139,-0.892998,0.927466,0.331013,0.115761,0.507502,-2.201809,2.160206,-0.108527
161,1770132332487,1.788920,76.4537,497.9765,-630.1492,0.621492,-0.379220,0.393453,0.561369,1.464062,-0.893337,0.926865,0.330985,0.115748,0.507524,-2.201776,2.160164,-0.108325
162,1770132332499,1.800031,76.6604,498.1533,-630.1941,0.621460,-0.379372,0.393526,0.561251,1.464059,-0.893740,0.927083,0.330967,0.115692,0.507565,-2.201482,2.160391,-0.107590
163,1770132332510,1.811142,76.6307,498.0639,-630.2772,0.621618,-0.379395,0.393529,0.561058,1.464549,-0.893865,0.927166,0.330951,0.115689,0.507589,-2.201493,2.160341,-0.107377
164,1770132332521,1.822254,76.5727,498.2135,-630.0259,0.621561,-0.379569,0.393455,0.561055,1.464418,-0.894276,0.926993,0.330910,0.115663,0.507640,-2.201269,2.160420,-0.107168
165,1770132332532,1.833365,76.6141,498.3240,-630.0073,0.621601,-0.379559,0.393480,0.561000,1.464545,-0.894275,0.927073,0.330857,0.115622,0.507702,-2.201032,2.160446,-0.106627
166,1770132332543,1.844476,76.4712,498.3193,-630.1089,0.621543,-0.379729,0.393385,0.561016,1.464398,-0.894669,0.926843,0.330838,0.115601,0.507731,-2.200924,2.160510,-0.106319
167,1770132332554,1.855587,76.4138,498.1184,-630.0740,0.621618,-0.379918,0.393096,0.561008,1.464580,-0.895116,0.926165,0.330804,0.115575,0.507777,-2.200742,2.160524,-0.106059
168,1770132332565,1.866699,76.3099,498.1047,-629.9591,0.621475,-0.380130,0.393216,0.560937,1.464288,-0.895643,0.926476,0.330776,0.115518,0.507829,-2.200523,2.160724,-0.105329
169,1770132332576,1.877810,76.2689,498.1871,-629.8557,0.621599,-0.380181,0.393007,0.560913,1.464594,-0.895773,0.925992,0.330760,0.115496,0.507861,-2.200455,2.160691,-0.104928
170,1770132332587,1.888921,76.0202,498.1437,-629.8260,0.621524,-0.380472,0.392950,0.560839,1.464465,-0.896485,0.925886,0.330720,0.115443,0.507916,-2.200174,2.160931,-0.104140
171,1770132332599,1.900032,76.0484,498.1544,-629.7451,0.621722,-0.380422,0.392862,0.560715,1.465006,-0.896416,0.925727,0.330690,0.115427,0.507957,-2.200145,2.160889,-0.103808
172,1770132332610,1.911144,76.0011,498.3089,-629.6690,0.621637,-0.380651,0.392798,0.560698,1.464816,-0.896960,0.925585,0.330661,0.115393,0.507996,-2.199944,2.161040,-0.103431
173,1770132332621,1.922255,76.0353,498.2830,-629.6526,0.621538,-0.380848,0.392667,0.560766,1.464541,-0.897399,0.925248,0.330615,0.115345,0.508063,-2.199737,2.161143,-0.102603
174,1770132332632,1.933366,75.9423,498.3904,-629.6931,0.621605,-0.380968,0.392534,0.560703,1.464739,-0.897707,0.924959,0.330584,0.115305,0.508111,-2.199513,2.161192,-0.102305
175,1770132332643,1.944477,75.8888,498.4044,-629.5560,0.621499,-0.381201,0.392445,0.560725,1.464475,-0.898246,0.924741,0.330519,0.115256,0.508187,-2.199293,2.161334,-0.101450
176,1770132332654,1.955588,75.9233,498.4425,-629.4906,0.621584,-0.381345,0.392331,0.560612,1.464745,-0.898629,0.924517,0.330507,0.115215,0.508209,-2.199146,2.161376,-0.100932
177,1770132332665,1.966700,76.0284,498.5067,-629.2892,0.621587,-0.381565,0.392304,0.560478,1.464834,-0.899197,0.924505,0.330476,0.115179,0.508251,-2.198978,2.161399,-0.100476
178,1770132332676,1.977811,75.9767,498.5372,-629.2819,0.621611,-0.381723,0.392119,0.560473,1.464894,-0.899573,0.924071,0.330435,0.115108,0.508312,-2.198748,2.161549,-0.099427
179,1770132332687,1.988922,75.9417,498.6001,-629.2156,0.621504,-0.381969,0.392047,0.560475,1.464640,-0.900150,0.923901,0.330400,0.115075,0.508370,-2.198468,2.161671,-0.099031
180,1770132332699,2.000033,75.7613,498.6659,-629.2307,0.621508,-0.382041,0.391910,0.560517,1.464625,-0.900304,0.923562,0.330340,0.115019,0.508453,-2.198204,2.161790,-0.098041
181,1770132332710,2.011144,75.7666,498.6907,-629.1259,0.621524,-0.382328,0.391768,0.560403,1.464732,-0.901025,0.923272,0.330313,0.114985,0.508492,-2.198037,2.161921,-0.097573
182,1770132332721,2.022256,75.7698,498.7281,-629.0847,0.621492,-0.382579,0.391620,0.560370,1.464678,-0.901629,0.922935,0.330265,0.114951,0.508545,-2.197847,2.161868,-0.097113
183,1770132332732,2.033367,75.7085,498.7575,-628.9974,0.621535,-0.382810,0.391349,0.560355,1.464787,-0.902177,0.922303,0.330217,0.114892,0.508611,-2.197610,2.161987,-0.096047
184,1770132332743,2.044478,75.6558,498.8364,-628.9381,0.621474,-0.383047,0.391299,0.560295,1.464681,-0.902758,0.922208,0.330184,0.114868,0.508656,-2.197365,2.162171,-0.095571
185,1770132332754,2.055590,75.6920,498.8390,-628.8583,0.621492,-0.383125,0.391209,0.560285,1.464730,-0.902947,0.922000,0.330149,0.114814,0.508714,-2.197182,2.162227,-0.095001
186,1770132332765,2.066701,75.6891,498.9077,-628.7944,0.621460,-0.383524,0.391064,0.560149,1.464737,-0.903938,0.921710,0.330075,0.114742,0.508815,-2.196764,2.162371,-0.093938
187,1770132332776,2.077812,75.6440,498.9942,-628.7177,0.621481,-0.383709,0.390927,0.560093,1.464822,-0.904396,0.921409,0.330053,0.114710,0.508846,-2.196688,2.162405,-0.093302
188,1770132332787,2.088923,75.6446,499.0891,-628.7240,0.621461,-0.383859,0.390815,0.560091,1.464774,-0.904751,0.921146,0.329968,0.114622,0.508968,-2.196193,2.162604,-0.092265
189,1770132332799,2.100035,75.5837,499.1651,-628.6501,0.621290,-0.384286,0.390641,0.560109,1.464362,-0.905749,0.920730,0.329939,0.114569,0.509002,-2.195939,2.162798,-0.091571
190,1770132332810,2.111146,75.4402,499.2314,-628.5356,0.621446,-0.384409,0.390504,0.559948,1.464828,-0.906101,0.920468,0.329910,0.114542,0.509042,-2.195813,2.162807,-0.090902
191,1770132332821,2.122257,75.3291,499.3492,-628.4778,0.621404,-0.384746,0.390402,0.559835,1.464798,-0.906940,0.920271,0.329840,0.114447,0.509149,-2.195250,2.163168,-0.089640
192,1770132332832,2.133368,75.3295,499.4655,-628.3887,0.621359,-0.385051,0.390261,0.559772,1.464732,-0.907683,0.919964,0.329799,0.114412,0.509194,-2.195000,2.163291,-0.089032
193,1770132332843,2.144480,75.2969,499.5623,-628.3149,0.621385,-0.385358,0.390037,0.559688,1.464845,-0.908438,0.919468,0.329717,0.114322,0.509317,-2.194473,2.163453,-0.087834
194,1770132332854,2.155591,75.3648,499.6205,-628.4354,0.621335,-0.385614,0.389954,0.559626,1.464764,-0.909066,0.919296,0.329681,0.114266,0.509366,-2.194179,2.163604,-0.087096
195,1770132332865,2.166702,75.2945,499.7308,-628.4006,0.621327,-0.385877,0.389828,0.559541,1.464799,-0.909717,0.919033,0.329631,0.114226,0.509428,-2.193942,2.163713,-0.086491
196,1770132332876,2.177813,75.3620,499.6309,-628.2715,0.621302,-0.386240,0.389517,0.559535,1.464743,-0.910575,0.918302,0.329560,0.114134,0.509529,-2.193550,2.163904,-0.085077
197,1770132332887,2.188924,75.3376,499.6940,-628.2098,0.621243,-0.386521,0.389438,0.559461,1.464650,-0.911267,0.918144,0.329527,0.114070,0.509578,-2.193228,2.164134,-0.084290
198,1770132332899,2.200035,75.4608,499.7516,-628.1556,0.621267,-0.386811,0.389225,0.559382,1.464755,-0.911981,0.917672,0.329425,0.113980,0.509713,-2.192744,2.164340,-0.083001
199,1770132332910,2.211146,75.3129,500.0225,-627.8819,0.621251,-0.387136,0.388987,0.559342,1.464741,-0.912761,0.917126,0.329374,0.113930,0.509786,-2.192504,2.164393,-0.082358
200,1770132332921,2.222257,75.1979,500.0934,-627.7512,0.621362,-0.387424,0.388879,0.559094,1.465156,-0.913536,0.916967,0.329334,0.113873,0.509845,-2.192205,2.164461,-0.081633
201,1770132332932,2.233369,75.1504,500.1856,-627.6628,0.621282,-0.387733,0.388712,0.559084,1.464973,-0.914268,0.916578,0.329242,0.113770,0.509963,-2.191703,2.164669,-0.080134
202,1770132332943,2.244480,75.0175,500.1979,-627.5846,0.621285,-0.388003,0.388557,0.559001,1.465032,-0.914938,0.916243,0.329192,0.113726,0.510029,-2.191399,2.164814,-0.079406
203,1770132332954,2.255591,74.9499,500.3603,-627.5242,0.621249,-0.388262,0.388477,0.558917,1.464998,-0.915580,0.916087,0.329130,0.113673,0.510102,-2.191131,2.164944,-0.078737
204,1770132332965,2.266702,74.8661,500.4568,-627.4240,0.621155,-0.388656,0.388249,0.558906,1.464783,-0.916514,0.915553,0.329043,0.113555,0.510230,-2.190555,2.165265,-0.077200
205,1770132332976,2.277813,74.9247,500.4591,-627.4774,0.621172,-0.388897,0.388115,0.558813,1.464880,-0.917118,0.915274,0.328996,0.113519,0.510290,-2.190332,2.165388,-0.076435
206,1770132332987,2.288925,74.8395,500.5990,-627.3950,0.621122,-0.389267,0.387938,0.558733,1.464814,-0.918022,0.914887,0.328912,0.113399,0.510407,-2.189740,2.165717,-0.074804
207,1770132332999,2.300036,74.7240,500.7547,-627.2156,0.621168,-0.389612,0.387735,0.558583,1.465012,-0.918892,0.914467,0.328836,0.113348,0.510499,-2.189364,2.165760,-0.074150
208,1770132333010,2.311147,74.6711,500.8525,-627.0264,0.621208,-0.389917,0.387578,0.558433,1.465201,-0.919671,0.914154,0.328783,0.113289,0.510573,-2.189034,2.165931,-0.073398
209,1770132333021,2.322258,74.5780,500.8348,-626.8903,0.620979,-0.390346,0.387383,0.558524,1.464605,-0.920647,0.913659,0.328687,0.113173,0.510712,-2.188426,2.166326,-0.071714
210,1770132333032,2.333369,74.5865,500.9530,-626.7461,0.620958,-0.390627,0.387144,0.558517,1.464559,-0.921312,0.913098,0.328629,0.113120,0.510787,-2.188160,2.166374,-0.070843
211,1770132333043,2.344481,74.5298,501.0522,-626.6218,0.620971,-0.391031,0.386903,0.558387,1.464670,-0.922316,0.912578,0.328568,0.112999,0.510865,-2.187602,2.166820,-0.068978
212,1770132333054,2.355592,74.7256,501.1287,-626.7942,0.620861,-0.391390,0.386744,0.558368,1.464421,-0.923171,0.912210,0.328491,0.112938,0.510965,-2.187223,2.166940,-0.068276
213,1770132333065,2.366703,74.5812,501.2852,-626.7735,0.620791,-0.391684,0.386578,0.558355,1.464264,-0.923868,0.911824,0.328459,0.112867,0.511025,-2.186953,2.167119,-0.067307
214,1770132333076,2.377814,74.5214,501.4261,-626.6837,0.620786,-0.392052,0.386392,0.558230,1.464331,-0.924784,0.911435,0.328318,0.112751,0.511202,-2.186281,2.167316,-0.065705
215,1770132333087,2.388926,74.4910,501.5247,-626.5998,0.620750,-0.392469,0.386123,0.558164,1.464286,-0.925794,0.910826,0.328224,0.112693,0.511310,-2.185916,2.167398,-0.064949
216,1770132333099,2.400037,74.2956,501.4471,-626.3663,0.620666,-0.392858,0.385969,0.558091,1.464132,-0.926740,0.910490,0.328171,0.112560,0.511393,-2.185357,2.167815,-0.062835
217,1770132333110,2.411148,74.3807,501.4712,-626.1319,0.620634,-0.393338,0.385696,0.557975,1.464129,-0.927919,0.909890,0.328112,0.112511,0.511469,-2.185109,2.167992,-0.061886
218,1770132333121,2.422259,74.3333,501.5788,-626.0297,0.620619,-0.393729,0.385465,0.557877,1.464154,-0.928879,0.909382,0.328066,0.112443,0.511537,-2.184769,2.168153,-0.060978
219,1770132333132,2.433370,74.3171,501.6031,-625.9832,0.620691,-0.394058,0.385249,0.557714,1.464424,-0.929718,0.908936,0.327957,0.112320,0.511684,-2.184141,2.168396,-0.059078
220,1770132333143,2.444482,74.2143,501.8494,-625.8314,0.620533,-0.394446,0.385047,0.557755,1.464026,-0.930617,0.908442,0.327908,0.112261,0.511747,-2.183888,2.168568,-0.058092
221,1770132333154,2.455593,74.1938,502.0285,-625.8743,0.620492,-0.394845,0.384739,0.557731,1.463943,-0.931569,0.907727,0.327845,0.112202,0.511834,-2.183491,2.168750,-0.057110
222,1770132333165,2.466704,74.2179,502.2153,-625.7836,0.620482,-0.395224,0.384549,0.557604,1.463998,-0.932512,0.907326,0.327746,0.112064,0.511966,-2.182832,2.169176,-0.055083
223,1770132333176,2.477816,74.0451,502.2181,-625.5790,0.620448,-0.395694,0.384323,0.557465,1.464003,-0.933675,0.906844,0.327688,0.111994,0.512038,-2.182495,2.169368,-0.054110
224,1770132333187,2.488927,73.8903,502.3338,-625.4832,0.620348,-0.396118,0.384064,0.557452,1.463776,-0.934683,0.906240,0.327578,0.111856,0.512194,-2.181800,2.169705,-0.052131
225,1770132333199,2.500038,73.7960,502.4196,-625.3055,0.620371,-0.396510,0.383917,0.557250,1.463955,-0.935686,0.905969,0.327525,0.111782,0.512258,-2.181437,2.169843,-0.051037
226,1770132333210,2.511150,73.6827,502.4885,-625.2479,0.620385,-0.396945,0.383625,0.557126,1.464063,-0.936762,0.905328,0.327438,0.111708,0.512363,-2.180998,2.169956,-0.050120
227,1770132333221,2.522261,73.5918,502.5760,-625.1468,0.620300,-0.397444,0.383326,0.557070,1.463897,-0.937962,0.904644,0.327297,0.111564,0.512539,-2.180217,2.170283,-0.048083
228,1770132333232,2.533372,73.7181,502.7453,-625.0389,0.620260,-0.397821,0.383172,0.556952,1.463876,-0.938899,0.904324,0.327225,0.111483,0.512626,-2.179740,2.170544,-0.047130
229,1770132333243,2.544483,73.6553,502.8744,-624.9292,0.620286,-0.398212,0.383001,0.556760,1.464057,-0.939898,0.903995,0.327098,0.111354,0.512790,-2.178990,2.170908,-0.045119
230,1770132333254,2.555595,73.6778,502.9876,-624.8632,0.620177,-0.398706,0.382696,0.556739,1.463812,-0.941070,0.903282,0.327041,0.111265,0.512874,-2.178561,2.171087,-0.044078
231,1770132333265,2.566706,73.5152,503.0663,-624.8995,0.620137,-0.399098,0.382514,0.556628,1.463786,-0.942040,0.902895,0.326972,0.111205,0.512951,-2.178269,2.171223,-0.043010
232,1770132333276,2.577817,73.3804,503.1071,-624.6245,0.620057,-0.399436,0.382406,0.556548,1.463647,-0.942869,0.902671,0.326834,0.111073,0.513117,-2.177473,2.171594,-0.041063
233,1770132333287,2.588928,73.3274,503.2456,-624.4969,0.619965,-0.399924,0.382140,0.556484,1.463468,-0.944046,0.902067,0.326776,0.111009,0.513186,-2.177152,2.171755,-0.040075
234,1770132333299,2.600039,73.3607,503.3916,-624.2586,0.619986,-0.400316,0.381888,0.556352,1.463600,-0.945025,0.901522,0.326652,0.110869,0.513346,-2.176409,2.172106,-0.038228
235,1770132333310,2.611151,73.2973,503.5750,-624.1820,0.620060,-0.400690,0.381721,0.556113,1.463922,-0.946002,0.901219,0.326585,0.110809,0.513430,-2.176045,2.172222,-0.037328
236,1770132333321,2.622262,73.3006,503.6144,-624.0130,0.619874,-0.401190,0.381389,0.556189,1.463435,-0.947154,0.900406,0.326520,0.110729,0.513511,-2.175632,2.172392,-0.036352
237,1770132333332,2.633373,73.2541,503.7615,-623.9031,0.619883,-0.401606,0.381163,0.556033,1.463553,-0.948197,0.899931,0.326415,0.110603,0.513641,-2.175049,2.172701,-0.034354
238,1770132333343,2.644484,73.1553,504.0153,-623.9984,0.619894,-0.401972,0.380929,0.555917,1.463650,-0.949109,0.899422,0.326350,0.110540,0.513723,-2.174625,2.172889,-0.033518
239,1770132333354,2.655596,73.1169,503.9635,-623.8827,0.619816,-0.402313,0.380757,0.555875,1.463493,-0.949930,0.899033,0.326287,0.110463,0.513805,-2.174182,2.173084,-0.032671
240,1770132333365,2.666707,72.8656,504.1368,-623.8790,0.619907,-0.402713,0.380471,0.555680,1.463827,-0.950953,0.898433,0.326156,0.110338,0.513953,-2.173516,2.173278,-0.030824
241,1770132333376,2.677818,72.7981,504.0171,-623.6423,0.619752,-0.403056,0.380301,0.555720,1.463437,-0.951748,0.898014,0.326116,0.110278,0.514007,-2.173258,2.173457,-0.029881
242,1770132333387,2.688929,72.7910,504.2451,-623.5641,0.619785,-0.403382,0.380108,0.555579,1.463601,-0.952573,0.897613,0.325991,0.110158,0.514163,-2.172573,2.173796,-0.028260
243,1770132333399,2.700041,72.7261,504.3303,-623.4948,0.619702,-0.403850,0.379806,0.555538,1.463431,-0.953696,0.896914,0.325955,0.110095,0.514203,-2.172305,2.173938,-0.027236
244,1770132333410,2.711152,72.7373,504.2197,-623.4661,0.619644,-0.404122,0.379611,0.555539,1.463293,-0.954336,0.896453,0.325887,0.110049,0.514283,-2.172050,2.173986,-0.026472
245,1770132333421,2.722263,72.6304,504.4944,-623.3681,0.619628,-0.404397,0.379521,0.555418,1.463329,-0.955034,0.896287,0.325788,0.109937,0.514411,-2.171403,2.174314,-0.024744
246,1770132333432,2.733375,72.5998,504.4144,-623.1340,0.619555,-0.404753,0.379346,0.555358,1.463196,-0.955900,0.895897,0.325734,0.109884,0.514460,-2.171107,2.174453,-0.023928
247,1770132333443,2.744486,72.5894,504.6790,-622.9948,0.619503,-0.405127,0.379166,0.555267,1.463129,-0.956820,0.895506,0.325625,0.109772,0.514598,-2.170528,2.174695,-0.022298
248,1770132333454,2.755597,72.5499,504.7734,-622.9015,0.619433,-0.405407,0.379075,0.555203,1.463002,-0.957506,0.895315,0.325594,0.109715,0.514653,-2.170235,2.174974,-0.021539
249,1770132333465,2.766708,72.5974,504.6844,-622.6541,0.619357,-0.405877,0.378722,0.555185,1.462834,-0.958625,0.894489,0.325542,0.109656,0.514716,-2.169947,2.175070,-0.020660
250,1770132333476,2.777819,72.5630,504.7716,-622.5542,0.619535,-0.406077,0.378664,0.554880,1.463443,-0.959220,0.894467,0.325452,0.109551,0.514833,-2.169377,2.175348,-0.019083
251,1770132333487,2.788931,72.4892,504.8997,-622.4312,0.619404,-0.406334,0.378523,0.554935,1.463099,-0.959804,0.894111,0.325408,0.109491,0.514891,-2.169106,2.175436,-0.018323
252,1770132333499,2.800042,72.5815,505.1365,-622.4023,0.619491,-0.406576,0.378325,0.554795,1.463390,-0.960434,0.893696,0.325303,0.109396,0.515000,-2.168583,2.175713,-0.016746
253,1770132333510,2.811153,72.5441,505.2397,-622.3275,0.619385,-0.406937,0.378114,0.554792,1.463143,-0.961288,0.893200,0.325263,0.109348,0.515052,-2.168298,2.175923,-0.015997
254,1770132333521,2.822265,72.3017,505.0640,-622.3459,0.619190,-0.407352,0.377849,0.554886,1.462624,-0.962230,0.892538,0.325222,0.109308,0.515097,-2.168124,2.176007,-0.015266
255,1770132333532,2.833376,72.2392,505.1142,-622.2253,0.619266,-0.407575,0.377704,0.554735,1.462897,-0.962818,0.892253,0.325122,0.109208,0.515217,-2.167528,2.176233,-0.013871
256,1770132333543,2.844487,72.1761,505.1926,-622.1337,0.619289,-0.407851,0.377584,0.554590,1.463040,-0.963527,0.892024,0.325067,0.109154,0.515290,-2.167223,2.176339,-0.013226
257,1770132333554,2.855598,72.0761,505.3323,-622.1055,0.619177,-0.408145,0.377417,0.554612,1.462762,-0.964213,0.891622,0.325002,0.109108,0.515353,-2.166949,2.176425,-0.012569
258,1770132333565,2.866709,72.1141,505.4430,-621.9667,0.619263,-0.408396,0.377316,0.554399,1.463098,-0.964894,0.891462,0.324913,0.109002,0.515464,-2.166358,2.176739,-0.011232
259,1770132333576,2.877821,72.0451,505.4997,-621.8779,0.619221,-0.408697,0.377170,0.554324,1.463045,-0.965635,0.891146,0.324862,0.108963,0.515511,-2.166102,2.176844,-0.010587
260,1770132333587,2.888932,71.9526,505.4889,-621.7656,0.619215,-0.409011,0.377084,0.554158,1.463133,-0.966445,0.891004,0.324773,0.108874,0.515604,-2.165575,2.177093,-0.009220
261,1770132333599,2.900043,71.8405,505.3656,-621.6535,0.619169,-0.409242,0.377014,0.554086,1.463068,-0.967020,0.890866,0.324724,0.108818,0.515679,-2.165258,2.177186,-0.008630
262,1770132333610,2.911154,71.7446,505.4344,-621.5620,0.619084,-0.409631,0.376723,0.554092,1.462862,-0.967936,0.890178,0.324678,0.108774,0.515732,-2.165007,2.177297,-0.007947
263,1770132333621,2.922265,71.6448,505.4889,-621.4739,0.619125,-0.409803,0.376678,0.553950,1.463047,-0.968401,0.890124,0.324582,0.108692,0.515842,-2.164481,2.177492,-0.006817
264,1770132333632,2.933377,71.6710,505.8068,-621.4374,0.619110,-0.410123,0.376412,0.553910,1.463038,-0.969174,0.889511,0.324548,0.108639,0.515889,-2.164230,2.177576,-0.006219
265,1770132333643,2.944488,71.6813,505.9346,-621.3639,0.619149,-0.410352,0.376271,0.553792,1.463202,-0.969764,0.889222,0.324460,0.108552,0.515989,-2.163788,2.177782,-0.005045
266,1770132333654,2.955599,71.8456,506.0235,-621.3900,0.619089,-0.410645,0.376112,0.553751,1.463087,-0.970472,0.888860,0.324425,0.108517,0.516021,-2.163560,2.177810,-0.004374
267,1770132333665,2.966711,71.8449,506.1385,-621.3319,0.618972,-0.410889,0.375955,0.553807,1.462774,-0.971026,0.888470,0.324388,0.108472,0.516069,-2.163349,2.177912,-0.003842
268,1770132333676,2.977822,71.7335,506.0655,-621.3552,0.618950,-0.411126,0.375749,0.553795,1.462730,-0.971591,0.887986,0.324317,0.108394,0.516143,-2.162934,2.178176,-0.002654
269,1770132333687,2.988933,71.7126,506.1134,-621.3085,0.618936,-0.411338,0.375617,0.553743,1.462729,-0.972114,0.887694,0.324301,0.108356,0.516162,-2.162797,2.178278,-0.001967
270,1770132333699,3.000044,71.5828,506.2847,-621.1641,0.618882,-0.411542,0.375569,0.553684,1.462637,-0.972620,0.887603,0.324232,0.108274,0.516243,-2.162422,2.178424,-0.000863
271,1770132333710,3.011156,71.5845,506.3909,-621.0980,0.618876,-0.411736,0.375476,0.553610,1.462670,-0.973110,0.887410,0.324184,0.108247,0.516301,-2.162151,2.178540,-0.000424
272,1770132333721,3.022267,71.5535,506.4627,-621.1855,0.618963,-0.411811,0.375368,0.553530,1.462923,-0.973320,0.887185,0.324142,0.108199,0.516353,-2.161975,2.178569,0.000038
273,1770132333732,3.033378,71.5365,506.5342,-621.1619,0.618891,-0.412119,0.375253,0.553459,1.462799,-0.974075,0.886941,0.324056,0.108133,0.516447,-2.161536,2.178753,0.000966
274,1770132333743,3.044489,71.4626,506.6050,-621.1975,0.618905,-0.412241,0.375119,0.553443,1.462841,-0.974371,0.886629,0.324044,0.108090,0.516471,-2.161439,2.178787,0.001515
275,1770132333754,3.055601,71.4671,506.4038,-621.0595,0.618818,-0.412560,0.375013,0.553375,1.462679,-0.975153,0.886405,0.323987,0.108064,0.516531,-2.161112,2.178924,0.001972
276,1770132333765,3.066712,71.4257,506.4424,-621.0349,0.618884,-0.412666,0.374857,0.553328,1.462862,-0.975423,0.886052,0.323935,0.107993,0.516586,-2.160824,2.179002,0.002966
277,1770132333776,3.077823,71.4030,506.4665,-621.0206,0.618807,-0.412937,0.374847,0.553219,1.462748,-0.976108,0.886071,0.323882,0.107966,0.516639,-2.160552,2.179115,0.003271
278,1770132333787,3.088934,71.5124,506.5717,-620.8561,0.618912,-0.412998,0.374643,0.553194,1.463012,-0.976262,0.885598,0.323835,0.107899,0.516699,-2.160273,2.179259,0.004345
279,1770132333799,3.100045,71.4907,506.5807,-620.8385,0.618720,-0.413362,0.374495,0.553238,1.462530,-0.977104,0.885231,0.323827,0.107874,0.516700,-2.160129,2.179462,0.004850
280,1770132333810,3.111157,71.2996,506.7002,-620.6724,0.618791,-0.413475,0.374360,0.553164,1.462744,-0.977403,0.884939,0.323811,0.107847,0.516720,-2.160107,2.179444,0.005348
281,1770132333821,3.122268,71.2825,506.7249,-620.6490,0.618773,-0.413613,0.374362,0.553080,1.462753,-0.977762,0.884975,0.323740,0.107787,0.516807,-2.159616,2.179677,0.006043
282,1770132333832,3.133379,71.2356,506.7768,-620.6178,0.618779,-0.413756,0.374255,0.553039,1.462793,-0.978119,0.884737,0.323711,0.107762,0.516838,-2.159450,2.179720,0.006486
283,1770132333843,3.144490,71.2947,506.8676,-620.5906,0.618598,-0.414001,0.374178,0.553110,1.462319,-0.978669,0.884529,0.323675,0.107707,0.516887,-2.159136,2.179931,0.007260
284,1770132333854,3.155602,71.2592,506.9366,-620.5640,0.618666,-0.414135,0.374133,0.552964,1.462571,-0.979044,0.884478,0.323650,0.107672,0.516921,-2.158899,2.180056,0.007612
285,1770132333865,3.166713,71.2454,507.0378,-620.4980,0.618650,-0.414327,0.373959,0.552956,1.462538,-0.979503,0.884069,0.323627,0.107665,0.516936,-2.158809,2.180154,0.008014
286,1770132333876,3.177824,71.1988,507.0857,-620.4745,0.618615,-0.414437,0.373913,0.552944,1.462464,-0.979768,0.883964,0.323562,0.107598,0.517012,-2.158480,2.180182,0.008655
287,1770132333887,3.188935,71.1391,506.9180,-620.3183,0.618576,-0.414621,0.373782,0.552938,1.462374,-0.980206,0.883658,0.323546,0.107577,0.517030,-2.158334,2.180301,0.009043
288,1770132333899,3.200046,71.0895,506.9401,-620.3398,0.618616,-0.414744,0.373600,0.552924,1.462478,-0.980502,0.883233,0.323518,0.107532,0.517051,-2.158130,2.180472,0.009867
289,1770132333910,3.211158,71.0831,506.9489,-620.3151,0.618498,-0.414905,0.373600,0.552936,1.462191,-0.980877,0.883229,0.323507,0.107502,0.517072,-2.158024,2.180523,0.010195
290,1770132333921,3.222269,71.1082,506.9016,-620.2374,0.618495,-0.415018,0.373484,0.552932,1.462188,-0.981146,0.882956,0.323495,0.107479,0.517090,-2.157976,2.180504,0.010590
291,1770132333932,3.233381,71.0759,506.9287,-620.2015,0.618451,-0.415215,0.373453,0.552855,1.462131,-0.981644,0.882910,0.323468,0.107446,0.517121,-2.157725,2.180675,0.011289
292,1770132333943,3.244492,70.9694,507.0193,-620.2075,0.618459,-0.415248,0.373344,0.552895,1.462125,-0.981705,0.882638,0.323425,0.107414,0.517161,-2.157553,2.180707,0.011478
293,1770132333954,3.255603,70.8184,507.0382,-620.1523,0.618535,-0.415376,0.373273,0.552760,1.462389,-0.982064,0.882521,0.323401,0.107394,0.517195,-2.157458,2.180661,0.011744
294,1770132333965,3.266714,70.7823,507.0953,-620.0998,0.618513,-0.415410,0.373221,0.552795,1.462314,-0.982130,0.882386,0.323353,0.107361,0.517242,-2.157212,2.180723,0.012124
295,1770132333976,3.277826,70.9002,507.1380,-620.2772,0.618503,-0.415600,0.373042,0.552785,1.462296,-0.982582,0.881965,0.323335,0.107348,0.517257,-2.157221,2.180683,0.012452
296,1770132333987,3.288937,70.8238,507.1588,-620.1564,0.618435,-0.415736,0.372935,0.552831,1.462107,-0.982886,0.881695,0.323320,0.107308,0.517285,-2.157010,2.180844,0.013024
297,1770132333999,3.300048,70.7758,507.2741,-620.2023,0.618448,-0.415743,0.372882,0.552846,1.462130,-0.982895,0.881565,0.323294,0.107293,0.517309,-2.156949,2.180860,0.013158
298,1770132334010,3.311159,70.8136,507.2216,-620.2325,0.618409,-0.415901,0.372786,0.552837,1.462042,-0.983272,0.881340,0.323294,0.107282,0.517311,-2.156934,2.180903,0.013446
299,1770132334021,3.322271,70.9084,507.2793,-619.9904,0.618399,-0.415944,0.372835,0.552782,1.462052,-0.983397,0.881477,0.323259,0.107257,0.517347,-2.156720,2.181029,0.013799
300,1770132334032,3.333382,70.9695,507.3086,-619.9964,0.618426,-0.416069,0.372605,0.552813,1.462096,-0.983680,0.880922,0.323242,0.107241,0.517366,-2.156663,2.180969,0.014012
301,1770132334043,3.344493,70.9466,507.3309,-620.0063,0.618324,-0.416031,0.372711,0.552884,1.461812,-0.983562,0.881145,0.323229,0.107223,0.517382,-2.156658,2.181025,0.014377
302,1770132334054,3.355605,70.8509,507.2780,-619.9297,0.618409,-0.416101,0.372688,0.552751,1.462096,-0.983781,0.881142,0.323243,0.107196,0.517371,-2.156544,2.181122,0.014694
303,1770132334065,3.366716,70.7951,507.2731,-619.9010,0.618240,-0.416006,0.372784,0.552947,1.461576,-0.983475,0.881296,0.323220,0.107192,0.517397,-2.156410,2.181140,0.014784
304,1770132334076,3.377827,70.6924,507.4042,-619.9296,0.618443,-0.416284,0.372549,0.552670,1.462225,-0.984248,0.880842,0.323222,0.107166,0.517400,-2.156372,2.181242,0.015161
305,1770132334087,3.388938,70.6407,507.4619,-619.9341,0.618389,-0.416430,0.372439,0.552694,1.462083,-0.984584,0.880573,0.323204,0.107163,0.517416,-2.156316,2.181262,0.015178
306,1770132334099,3.400049,70.9451,507.1851,-619.8917,0.618364,-0.416376,0.372620,0.552641,1.462057,-0.984478,0.881020,0.323211,0.107138,0.517412,-2.156208,2.181341,0.015588
307,1770132334110,3.411160,70.9391,507.2038,-619.8876,0.618320,-0.416459,0.372603,0.552639,1.461955,-0.984675,0.880981,0.323208,0.107140,0.517408,-2.156261,2.181374,0.015651
308,1770132334121,3.422272,70.9798,507.3923,-619.8514,0.618395,-0.416280,0.372625,0.552676,1.462108,-0.984236,0.881019,0.323191,0.107147,0.517432,-2.156275,2.181334,0.015627
309,1770132334132,3.433383,70.9865,507.4302,-619.8327,0.618355,-0.416432,0.372541,0.552662,1.462022,-0.984601,0.880826,0.323182,0.107138,0.517442,-2.156201,2.181366,0.015869
310,1770132334143,3.444494,70.9979,507.4073,-619.9556,0.618355,-0.416567,0.372524,0.552572,1.462078,-0.984958,0.880819,0.323187,0.107117,0.517439,-2.156086,2.181541,0.015907
311,1770132334154,3.455605,71.0048,507.4300,-619.9790,0.618323,-0.416563,0.372474,0.552644,1.461959,-0.984918,0.880674,0.323190,0.107124,0.517425,-2.156122,2.181556,0.016040
312,1770132334165,3.466717,70.9558,507.4739,-619.9554,0.618371,-0.416635,0.372409,0.552579,1.462112,-0.985117,0.880545,0.323154,0.107114,0.517468,-2.156038,2.181435,0.015978
313,1770132334176,3.477828,70.9778,507.5452,-619.8857,0.618284,-0.416701,0.372478,0.552581,1.461905,-0.985270,0.880707,0.323163,0.107109,0.517459,-2.155998,2.181500,0.016032
314,1770132334187,3.488939,70.8475,507.4987,-619.8232,0.618338,-0.416698,0.372414,0.552566,1.462042,-0.985269,0.880561,0.323148,0.107113,0.517473,-2.155969,2.181495,0.015997
315,1770132334199,3.500050,70.9189,507.4768,-619.7139,0.618281,-0.416786,0.372438,0.552546,1.461920,-0.985487,0.880627,0.323141,0.107118,0.517479,-2.156000,2.181475,0.015984
316,1770132334210,3.511162,70.9293,507.4839,-619.6981,0.618267,-0.416760,0.372459,0.552568,1.461872,-0.985415,0.880668,0.323138,0.107111,0.517478,-2.155983,2.181456,0.015995
317,1770132334221,3.522273,70.9209,507.3282,-619.6182,0.618270,-0.416777,0.372414,0.552582,1.461872,-0.985450,0.880556,0.323127,0.107124,0.517487,-2.155996,2.181443,0.015974
318,1770132334232,3.533384,70.9187,507.2939,-619.6483,0.618290,-0.416822,0.372334,0.552580,1.461919,-0.985557,0.880367,0.323152,0.107114,0.517461,-2.156037,2.181462,0.016085
319,1770132334243,3.544495,70.8771,507.2466,-619.6047,0.618286,-0.416796,0.372356,0.552589,1.461905,-0.985491,0.880415,0.323138,0.107111,0.517479,-2.155920,2.181495,0.015974
320,1770132334254,3.555606,70.8789,507.4173,-619.7128,0.618326,-0.416762,0.372330,0.552587,1.462000,-0.985412,0.880356,0.323137,0.107107,0.517488,-2.155920,2.181495,0.015972
321,1770132334265,3.566717,70.9016,507.4047,-619.7106,0.618322,-0.416781,0.372316,0.552587,1.461992,-0.985458,0.880321,0.323137,0.107120,0.517473,-2.155932,2.181510,0.016056
322,1770132334276,3.577829,70.7808,507.3494,-619.7949,0.618397,-0.416818,0.372296,0.552489,1.462228,-0.985587,0.880310,0.323135,0.107101,0.517478,-2.155844,2.181468,0.016176
323,1770132334287,3.588940,70.7240,507.3601,-619.8555,0.618320,-0.416737,0.372408,0.552560,1.462003,-0.985366,0.880551,0.323144,0.107102,0.517473,-2.155745,2.181605,0.016142
324,1770132334299,3.600051,70.7880,507.4050,-619.8976,0.618392,-0.416765,0.372290,0.552538,1.462187,-0.985440,0.880279,0.323130,0.107132,0.517476,-2.155767,2.181576,0.016220
325,1770132334310,3.611162,70.7811,507.4279,-619.9161,0.618390,-0.416791,0.372270,0.552534,1.462184,-0.985504,0.880234,0.323132,0.107127,0.517482,-2.155750,2.181557,0.016207
326,1770132334321,3.622274,70.8815,507.5302,-620.0353,0.618374,-0.416814,0.372289,0.552522,1.462154,-0.985562,0.880281,0.323130,0.107140,0.517477,-2.155731,2.181590,0.016200
327,1770132334332,3.633385,70.9035,507.5886,-620.0407,0.618369,-0.416800,0.372350,0.552497,1.462158,-0.985540,0.880435,0.323124,0.107149,0.517476,-2.155693,2.181631,0.016259
328,1770132334343,3.644496,70.8255,507.4196,-619.9205,0.618412,-0.416732,0.372320,0.552521,1.462244,-0.985369,0.880356,0.323125,0.107157,0.517477,-2.155687,2.181650,0.016196
329,1770132334354,3.655607,70.7847,507.4365,-619.8947,0.618404,-0.416759,0.372291,0.552529,1.462220,-0.985429,0.880285,0.323134,0.107164,0.517469,-2.155705,2.181644,0.016237
330,1770132334365,3.666719,70.7558,507.5041,-619.8539,0.618401,-0.416771,0.372264,0.552541,1.462207,-0.985453,0.880216,0.323140,0.107156,0.517461,-2.155551,2.181803,0.016324
331,1770132334376,3.677830,70.8711,507.4542,-619.8329,0.618437,-0.416813,0.372239,0.552487,1.462325,-0.985574,0.880177,0.323122,0.107180,0.517475,-2.155645,2.181686,0.016276
332,1770132334387,3.688941,70.8650,507.4395,-619.9082,0.618402,-0.416806,0.372290,0.552497,1.462235,-0.985555,0.880294,0.323133,0.107183,0.517457,-2.155649,2.181719,0.016342
333,1770132334399,3.700052,70.8236,507.5263,-619.9289,0.618370,-0.416840,0.372276,0.552516,1.462148,-0.985626,0.880253,0.323114,0.107186,0.517479,-2.155615,2.181681,0.016267
334,1770132334410,3.711164,70.8141,507.4923,-619.9045,0.618377,-0.416802,0.372304,0.552518,1.462164,-0.985537,0.880319,0.323115,0.107185,0.517480,-2.155630,2.181642,0.016266
335,1770132334421,3.722275,70.8601,507.4928,-619.8204,0.618361,-0.416827,0.372288,0.552527,1.462120,-0.985591,0.880279,0.323128,0.107189,0.517462,-2.155613,2.181708,0.016321
336,1770132334432,3.733386,70.8579,507.5123,-619.8361,0.618373,-0.416855,0.372299,0.552486,1.462173,-0.985674,0.880321,0.323122,0.107200,0.517461,-2.155639,2.181709,0.016351
337,1770132334443,3.744497,70.9377,507.4060,-619.9415,0.618352,-0.416805,0.372319,0.552533,1.462096,-0.985537,0.880350,0.323098,0.107206,0.517477,-2.155507,2.181699,0.016312
338,1770132334454,3.755609,70.8869,507.5033,-619.9531,0.618375,-0.416795,0.372376,0.552478,1.462183,-0.985536,0.880504,0.323108,0.107214,0.517468,-2.155525,2.181719,0.016353
339,1770132334465,3.766720,70.8154,507.4546,-620.0128,0.618391,-0.416831,0.372323,0.552467,1.462229,-0.985626,0.880384,0.323096,0.107205,0.517478,-2.155466,2.181681,0.016328
340,1770132334476,3.777831,70.6612,507.3846,-619.8635,0.618410,-0.416803,0.372318,0.552470,1.462272,-0.985559,0.880372,0.323084,0.107223,0.517479,-2.155478,2.181610,0.016295
341,1770132334487,3.788943,70.6576,507.4377,-619.8189,0.618449,-0.416829,0.372310,0.552413,1.462399,-0.985644,0.880373,0.323077,0.107237,0.517480,-2.155480,2.181586,0.016301
342,1770132334499,3.800054,70.7831,507.4086,-619.9908,0.618377,-0.416900,0.372344,0.552417,1.462225,-0.985811,0.880452,0.323079,0.107232,0.517460,-2.155355,2.181668,0.016415
343,1770132334510,3.811165,70.7517,507.3950,-620.0782,0.618392,-0.416885,0.372331,0.552420,1.462259,-0.985773,0.880421,0.323088,0.107225,0.517444,-2.155366,2.181681,0.016438
344,1770132334521,3.822277,70.7300,507.4092,-620.1052,0.618389,-0.416865,0.372375,0.552409,1.462260,-0.985729,0.880528,0.323087,0.107239,0.517436,-2.155417,2.181656,0.016494
345,1770132334532,3.833388,70.7331,507.4968,-620.1134,0.618373,-0.416900,0.372318,0.552439,1.462203,-0.985801,0.880381,0.323098,0.107230,0.517420,-2.155419,2.181715,0.016582
346,1770132334543,3.844499,70.6463,507.5228,-620.0290,0.618393,-0.416914,0.372305,0.552415,1.462265,-0.985845,0.880360,0.323069,0.107229,0.517455,-2.155340,2.181624,0.016404
347,1770132334554,3.855610,70.6803,507.4319,-619.9739,0.618365,-0.416893,0.372309,0.552459,1.462170,-0.985776,0.880354,0.323077,0.107248,0.517431,-2.155383,2.181643,0.016421
348,1770132334565,3.866722,70.6734,507.4488,-619.9811,0.618349,-0.416870,0.372328,0.552482,1.462120,-0.985711,0.880389,0.323079,0.107250,0.517421,-2.155414,2.181625,0.016539
349,1770132334576,3.877833,70.7306,507.4080,-619.8543,0.618354,-0.416875,0.372392,0.552429,1.462164,-0.985746,0.880562,0.323077,0.107245,0.517427,-2.155365,2.181627,0.016568
350,1770132334587,3.888944,70.7873,507.3138,-619.8512,0.618364,-0.416864,0.372408,0.552415,1.462196,-0.985726,0.880605,0.323066,0.107245,0.517425,-2.155392,2.181574,0.016539
351,1770132334599,3.900055,70.8088,507.3339,-620.0183,0.618339,-0.416854,0.372383,0.552468,1.462104,-0.985678,0.880525,0.323072,0.107240,0.517412,-2.155411,2.181570,0.016709
352,1770132334610,3.911167,70.8223,507.3295,-620.0492,0.618333,-0.416857,0.372359,0.552489,1.462078,-0.985677,0.880460,0.323081,0.107240,0.517390,-2.155433,2.181596,0.016759
353,1770132334621,3.922278,70.7809,507.4017,-620.0609,0.618335,-0.416842,0.372470,0.552423,1.462123,-0.985671,0.880746,0.323083,0.107241,0.517380,-2.155433,2.181597,0.016813
354,1770132334632,3.933389,70.6437,507.4883,-620.0341,0.618383,-0.416847,0.372469,0.552366,1.462273,-0.985705,0.880767,0.323062,0.107237,0.517412,-2.155358,2.181538,0.016673
355,1770132334643,3.944500,70.5991,507.4921,-620.0906,0.618386,-0.416837,0.372468,0.552370,1.462277,-0.985681,0.880762,0.323079,0.107233,0.517387,-2.155375,2.181558,0.016710
356,1770132334654,3.955611,70.6627,507.3487,-620.0667,0.618381,-0.416864,0.372461,0.552360,1.462271,-0.985749,0.880750,0.323069,0.107233,0.517400,-2.155334,2.181538,0.016646
357,1770132334665,3.966723,70.7715,507.3303,-620.0094,0.618409,-0.416889,0.372408,0.552347,1.462344,-0.985812,0.880629,0.323069,0.107235,0.517403,-2.155301,2.181584,0.016636
358,1770132334676,3.977834,70.7734,507.3413,-620.0320,0.618418,-0.416858,0.372397,0.552368,1.462352,-0.985731,0.880595,0.323082,0.107245,0.517378,-2.155395,2.181552,0.016726
359,1770132334687,3.988945,70.9760,507.2778,-620.0230,0.618457,-0.416852,0.372417,0.552315,1.462479,-0.985739,0.880661,0.323075,0.107241,0.517391,-2.155370,2.181552,0.016700
360,1770132334699,4.000056,71.0091,507.2818,-620.0244,0.618429,-0.416889,0.372397,0.552331,1.462402,-0.985819,0.880610,0.323077,0.107230,0.517394,-2.155299,2.181611,0.016687
361,1770132334710,4.011167,70.8807,507.2480,-619.8311,0.618441,-0.416917,0.372422,0.552280,1.462461,-0.985907,0.880687,0.323080,0.107241,0.517385,-2.155348,2.181612,0.016741
362,1770132334721,4.022279,70.8496,507.2342,-619.8172,0.618450,-0.416889,0.372392,0.552312,1.462463,-0.985827,0.880604,0.323071,0.107243,0.517391,-2.155342,2.181604,0.016702
363,1770132334732,4.033390,70.7563,507.4302,-619.9160,0.618419,-0.416917,0.372448,0.552287,1.462405,-0.985903,0.880747,0.323082,0.107248,0.517385,-2.155276,2.181722,0.016734
364,1770132334743,4.044501,70.7302,507.4557,-619.9274,0.618406,-0.416939,0.372445,0.552287,1.462374,-0.985956,0.880738,0.323077,0.107251,0.517386,-2.155273,2.181665,0.016750
365,1770132334754,4.055612,70.7616,507.4881,-620.0124,0.618454,-0.416941,0.372309,0.552324,1.462467,-0.985945,0.880403,0.323068,0.107249,0.517400,-2.155211,2.181704,0.016701
366,1770132334765,4.066723,70.8357,507.6023,-619.9952,0.618419,-0.416947,0.372305,0.552361,1.462360,-0.985945,0.880380,0.323065,0.107247,0.517399,-2.155216,2.181711,0.016740
367,1770132334776,4.077834,70.8246,507.4583,-619.9532,0.618519,-0.416932,0.372285,0.552273,1.462651,-0.985946,0.880366,0.323071,0.107253,0.517395,-2.155241,2.181711,0.016740
368,1770132334787,4.088946,70.7508,507.5793,-619.9010,0.618467,-0.416907,0.372304,0.552338,1.462488,-0.985860,0.880386,0.323063,0.107267,0.517394,-2.155310,2.181678,0.016728
369,1770132334799,4.100057,70.6878,507.5855,-619.9229,0.618475,-0.416923,0.372261,0.552345,1.462502,-0.985894,0.880282,0.323054,0.107270,0.517404,-2.155264,2.181653,0.016680
370,1770132334810,4.111168,70.7157,507.7213,-619.9261,0.618498,-0.416897,0.372233,0.552359,1.462547,-0.985826,0.880211,0.323060,0.107273,0.517397,-2.155330,2.181646,0.016742
371,1770132334821,4.122280,70.6387,507.5129,-619.9224,0.618526,-0.416874,0.372266,0.552323,1.462637,-0.985786,0.880301,0.323068,0.107278,0.517393,-2.155357,2.181620,0.016742
372,1770132334832,4.133391,70.7694,507.7004,-619.9426,0.618498,-0.416929,0.372261,0.552316,1.462573,-0.985919,0.880292,0.323075,0.107279,0.517383,-2.155353,2.181672,0.016768
373,1770132334843,4.144502,70.8395,507.5385,-620.0937,0.618478,-0.416965,0.372252,0.552317,1.462527,-0.986005,0.880272,0.323090,0.107271,0.517367,-2.155303,2.181701,0.016901
374,1770132334854,4.155613,70.8213,507.6290,-619.9445,0.618513,-0.416952,0.372202,0.552321,1.462608,-0.985973,0.880151,0.323062,0.107273,0.517394,-2.155240,2.181654,0.016736
375,1770132334865,4.166724,70.7864,507.4825,-620.0295,0.618500,-0.416973,0.372226,0.552304,1.462587,-0.986029,0.880215,0.323058,0.107270,0.517406,-2.155261,2.181596,0.016747
376,1770132334876,4.177836,70.7463,507.4976,-619.8970,0.618513,-0.417010,0.372223,0.552264,1.462641,-0.986134,0.880221,0.323053,0.107270,0.517409,-2.155227,2.181667,0.016710
377,1770132334887,4.188947,70.7065,507.4167,-619.9474,0.618498,-0.416925,0.372304,0.552290,1.462590,-0.985922,0.880404,0.323062,0.107272,0.517398,-2.155246,2.181661,0.016775
378,1770132334899,4.200058,70.7386,507.3475,-620.0171,0.618591,-0.416867,0.372283,0.552244,1.462838,-0.985802,0.880370,0.323055,0.107273,0.517423,-2.155252,2.181558,0.016723
379,1770132334910,4.211169,70.7046,507.4398,-620.0803,0.618572,-0.416888,0.372326,0.552219,1.462810,-0.985864,0.880482,0.323062,0.107259,0.517427,-2.155207,2.181592,0.016814
380,1770132334921,4.222280,70.7144,507.5161,-620.1201,0.618706,-0.416841,0.372391,0.552061,1.463225,-0.985818,0.880695,0.323052,0.107256,0.517436,-2.155154,2.181586,0.016804
381,1770132334932,4.233392,70.7527,507.4371,-620.0844,0.618524,-0.416934,0.372345,0.552225,1.462693,-0.985970,0.880526,0.323058,0.107252,0.517449,-2.155173,2.181553,0.016788
382,1770132334943,4.244503,70.6624,507.6095,-620.0461,0.618473,-0.416956,0.372307,0.552292,1.462529,-0.985994,0.880411,0.323053,0.107260,0.517456,-2.155204,2.181532,0.016722
383,1770132334954,4.255614,70.6244,507.6723,-620.0628,0.618489,-0.417006,0.372262,0.552267,1.462582,-0.986124,0.880312,0.323066,0.107263,0.517449,-2.155248,2.181611,0.016878
384,1770132334965,4.266725,70.7833,507.4968,-619.9835,0.618523,-0.416957,0.372306,0.552236,1.462683,-0.986019,0.880429,0.323053,0.107240,0.517489,-2.155149,2.181526,0.016732
385,1770132334976,4.277836,70.7710,507.5009,-619.9885,0.618508,-0.416928,0.372305,0.552276,1.462622,-0.985934,0.880411,0.323065,0.107232,0.517487,-2.155120,2.181606,0.016863
386,1770132334987,4.288947,70.6116,507.5768,-619.8953,0.618569,-0.416938,0.372293,0.552207,1.462810,-0.985987,0.880408,0.323059,0.107231,0.517496,-2.155136,2.181651,0.016874
387,1770132334999,4.300058,70.5797,507.6252,-619.8669,0.618571,-0.416929,0.372339,0.552181,1.462829,-0.985977,0.880528,0.323064,0.107220,0.517515,-2.155119,2.181604,0.016804
388,1770132335010,4.311170,70.6770,507.4239,-619.8498,0.618536,-0.416966,0.372315,0.552209,1.462730,-0.986053,0.880460,0.323055,0.107205,0.517542,-2.155085,2.181649,0.016788
389,1770132335021,4.322281,70.7729,507.6368,-619.8207,0.618472,-0.416947,0.372281,0.552317,1.462514,-0.985963,0.880341,0.323055,0.107211,0.517559,-2.155174,2.181583,0.016784
390,1770132335032,4.333392,70.7847,507.6461,-619.7998,0.618501,-0.416985,0.372296,0.552247,1.462623,-0.986080,0.880401,0.323070,0.107205,0.517554,-2.155186,2.181571,0.016886
391,1770132335043,4.344503,70.8620,507.6634,-619.8175,0.618476,-0.416951,0.372298,0.552298,1.462534,-0.985980,0.880388,0.323073,0.107189,0.517579,-2.155134,2.181621,0.016830
392,1770132335054,4.355615,70.8400,507.5896,-619.7162,0.618520,-0.416968,0.372330,0.552215,1.462688,-0.986055,0.880493,0.323068,0.107194,0.517581,-2.155096,2.181661,0.016809
393,1770132335065,4.366726,70.8180,507.6552,-619.6772,0.618499,-0.416948,0.372315,0.552264,1.462608,-0.985986,0.880441,0.323060,0.107190,0.517614,-2.155076,2.181582,0.016703
394,1770132335076,4.377837,70.6884,507.7892,-619.7111,0.618530,-0.416921,0.372393,0.552196,1.462724,-0.985952,0.880651,0.323047,0.107179,0.517633,-2.155024,2.181525,0.016717
395,1770132335087,4.388948,70.6068,507.7976,-619.8357,0.618520,-0.416988,0.372373,0.552171,1.462715,-0.986120,0.880611,0.323054,0.107178,0.517630,-2.155058,2.181563,0.016740
396,1770132335099,4.400060,70.6894,507.6659,-619.6808,0.618532,-0.417033,0.372213,0.552231,1.462707,-0.986201,0.880211,0.323079,0.107159,0.517616,-2.155030,2.181698,0.016772
397,1770132335110,4.411171,70.6700,507.7012,-619.6663,0.618545,-0.417024,0.372242,0.552204,1.462754,-0.986192,0.880290,0.323070,0.107156,0.517627,-2.155035,2.181620,0.016745
398,1770132335121,4.422282,70.7409,507.4939,-619.7314,0.618514,-0.417029,0.372338,0.552170,1.462702,-0.986219,0.880529,0.323085,0.107156,0.517612,-2.155084,2.181621,0.016873
399,1770132335132,4.433393,70.7548,507.4724,-619.7141,0.618516,-0.417062,0.372318,0.552156,1.462717,-0.986301,0.880486,0.323077,0.107150,0.517623,-2.155059,2.181619,0.016740
400,1770132335143,4.444505,70.7997,507.4619,-619.7211,0.618483,-0.417067,0.372283,0.552213,1.462603,-0.986290,0.880383,0.323085,0.107145,0.517613,-2.155048,2.181691,0.016831
401,1770132335154,4.455616,70.7906,507.4760,-619.7318,0.618509,-0.417068,0.372254,0.552202,1.462671,-0.986297,0.880320,0.323069,0.107144,0.517633,-2.154996,2.181658,0.016743
402,1770132335165,4.466727,70.9491,507.6268,-619.8005,0.618487,-0.417090,0.372275,0.552197,1.462621,-0.986351,0.880369,0.323055,0.107135,0.517643,-2.154996,2.181632,0.016739
403,1770132335176,4.477839,70.9628,507.6595,-619.7949,0.618529,-0.417083,0.372294,0.552143,1.462754,-0.986356,0.880434,0.323058,0.107139,0.517639,-2.155038,2.181650,0.016724
404,1770132335187,4.488950,70.7858,507.6926,-619.9034,0.618403,-0.417148,0.372329,0.552211,1.462416,-0.986482,0.880493,0.323056,0.107122,0.517656,-2.155022,2.181689,0.016772
405,1770132335199,4.500061,70.7110,507.5358,-619.9346,0.618472,-0.417077,0.372374,0.552156,1.462612,-0.986338,0.880620,0.323065,0.107125,0.517649,-2.155068,2.181714,0.016794
406,1770132335210,4.511172,70.6335,507.5954,-619.9576,0.618473,-0.417047,0.372449,0.552127,1.462633,-0.986279,0.880807,0.323074,0.107116,0.517644,-2.155026,2.181722,0.016861
407,1770132335221,4.522283,70.5852,507.6343,-619.9811,0.618493,-0.417043,0.372417,0.552129,1.462679,-0.986267,0.880732,0.323055,0.107122,0.517683,-2.154981,2.181670,0.016709
408,1770132335232,4.533394,70.7172,507.6753,-619.8260,0.618528,-0.417059,0.372350,0.552124,1.462763,-0.986307,0.880575,0.323062,0.107118,0.517673,-2.155005,2.181669,0.016732
409,1770132335243,4.544506,70.8230,507.5424,-619.7994,0.618525,-0.417058,0.372304,0.552159,1.462735,-0.986290,0.880454,0.323047,0.107119,0.517696,-2.154965,2.181624,0.016696
410,1770132335254,4.555617,70.8307,507.5054,-619.8012,0.618475,-0.417069,0.372290,0.552216,1.462581,-0.986293,0.880398,0.323060,0.107118,0.517685,-2.154985,2.181702,0.016746
411,1770132335265,4.566728,70.9235,507.6243,-619.7560,0.618453,-0.417072,0.372277,0.552247,1.462512,-0.986287,0.880356,0.323067,0.107115,0.517676,-2.154972,2.181715,0.016745
412,1770132335276,4.577839,70.7995,507.5175,-619.6633,0.618536,-0.417004,0.372322,0.552175,1.462752,-0.986156,0.880489,0.323053,0.107112,0.517690,-2.154962,2.181676,0.016745
413,1770132335287,4.588950,70.8127,507.4702,-619.6577,0.618590,-0.416962,0.372385,0.552104,1.462924,-0.986086,0.880666,0.323048,0.107125,0.517700,-2.154990,2.181624,0.016696
414,1770132335299,4.600061,70.8247,507.4295,-619.6375,0.618553,-0.417021,0.372347,0.552127,1.462821,-0.986216,0.880566,0.323077,0.107127,0.517663,-2.155065,2.181682,0.016809
415,1770132335310,4.611173,70.7175,507.6540,-619.7806,0.618529,-0.417026,0.372331,0.552160,1.462745,-0.986214,0.880517,0.323055,0.107111,0.517688,-2.154934,2.181645,0.016761
416,1770132335321,4.622284,70.6803,507.6248,-619.9518,0.618504,-0.416998,0.372431,0.552142,1.462696,-0.986157,0.880760,0.323048,0.107120,0.517694,-2.154936,2.181620,0.016712
417,1770132335332,4.633395,70.6456,507.6060,-619.9827,0.618489,-0.416988,0.372429,0.552168,1.462645,-0.986122,0.880745,0.323059,0.107116,0.517676,-2.155003,2.181612,0.016772
418,1770132335343,4.644507,70.6188,507.5595,-619.8582,0.618473,-0.417074,0.372348,0.552175,1.462602,-0.986322,0.880551,0.323058,0.107112,0.517671,-2.154942,2.181627,0.016802
419,1770132335354,4.655618,70.6053,507.5338,-619.8684,0.618424,-0.417110,0.372331,0.552214,1.462464,-0.986391,0.880498,0.323046,0.107124,0.517662,-2.154972,2.181632,0.016764
420,1770132335365,4.666729,70.7735,507.5706,-619.7797,0.618454,-0.417131,0.372303,0.552184,1.462552,-0.986452,0.880441,0.323036,0.107119,0.517671,-2.154903,2.181582,0.016716
421,1770132335376,4.677840,70.7558,507.5453,-619.7764,0.618545,-0.417110,0.372260,0.552127,1.462802,-0.986428,0.880362,0.323042,0.107131,0.517650,-2.155040,2.181409,0.016884
422,1770132335387,4.688951,70.8440,507.6697,-619.8523,0.618558,-0.417020,0.372332,0.552131,1.462831,-0.986214,0.880530,0.323028,0.107120,0.517636,-2.154912,2.181429,0.016824
423,1770132335399,4.700063,70.8601,507.6058,-619.8587,0.618500,-0.417052,0.372291,0.552201,1.462649,-0.986260,0.880407,0.323026,0.107133,0.517641,-2.154962,2.181403,0.016826
424,1770132335410,4.711174,70.9265,507.5487,-619.7802,0.618554,-0.417055,0.372295,0.552135,1.462819,-0.986293,0.880440,0.323020,0.107132,0.517621,-2.154909,2.181397,0.016790
425,1770132335421,4.722285,70.9474,507.5511,-619.8010,0.618473,-0.417046,0.372313,0.552220,1.462576,-0.986236,0.880451,0.323013,0.107130,0.517608,-2.154904,2.181365,0.016777
426,1770132335432,4.733396,70.8067,507.3702,-619.9169,0.618528,-0.416969,0.372307,0.552221,1.462703,-0.986055,0.880437,0.323022,0.107137,0.517593,-2.154924,2.181358,0.016738
427,1770132335443,4.744508,70.8278,507.3354,-619.9631,0.618451,-0.417086,0.372225,0.552273,1.462491,-0.986310,0.880225,0.323022,0.107164,0.517564,-2.155001,2.181308,0.016850
428,1770132335454,4.755619,70.6692,507.2513,-619.8056,0.618537,-0.417041,0.372241,0.552201,1.462737,-0.986233,0.880288,0.323013,0.107168,0.517568,-2.154984,2.181288,0.016734
429,1770132335465,4.766730,70.6522,507.4634,-619.7620,0.618569,-0.417067,0.372175,0.552190,1.462821,-0.986300,0.880136,0.323026,0.107164,0.517552,-2.154995,2.181300,0.016757
430,1770132335476,4.777842,70.6674,507.3742,-619.7961,0.618499,-0.417125,0.372183,0.552218,1.462638,-0.986425,0.880145,0.323038,0.107167,0.517529,-2.155029,2.181340,0.016861
431,1770132335487,4.788953,70.6440,507.4480,-619.7883,0.618488,-0.417123,0.372203,0.552219,1.462610,-0.986420,0.880193,0.323034,0.107179,0.517531,-2.155045,2.181301,0.016839
432,1770132335499,4.800064,70.5872,507.4355,-619.9554,0.618480,-0.417095,0.372177,0.552267,1.462563,-0.986334,0.880112,0.323044,0.107172,0.517523,-2.155018,2.181328,0.016891
433,1770132335510,4.811175,70.7847,507.5020,-619.9635,0.618481,-0.417103,0.372199,0.552245,1.462577,-0.986361,0.880173,0.323049,0.107184,0.517515,-2.155053,2.181367,0.016892
434,1770132335521,4.822287,70.8124,507.4998,-619.9728,0.618460,-0.417116,0.372239,0.552232,1.462536,-0.986397,0.880272,0.323047,0.107171,0.517530,-2.154974,2.181360,0.016827
435,1770132335532,4.833398,70.7647,507.6191,-620.1077,0.618425,-0.417150,0.372228,0.552253,1.462441,-0.986469,0.880239,0.323060,0.107169,0.517508,-2.154921,2.181441,0.016962
436,1770132335543,4.844510,70.7700,507.6424,-620.1742,0.618399,-0.417179,0.372212,0.552270,1.462370,-0.986531,0.880195,0.323062,0.107180,0.517500,-2.154953,2.181423,0.017004
437,1770132335554,4.855621,70.7129,507.6647,-620.2558,0.618350,-0.417203,0.372236,0.552291,1.462239,-0.986579,0.880244,0.323060,0.107194,0.517504,-2.155002,2.181339,0.016994
438,1770132335565,4.866732,70.6810,507.7288,-620.3249,0.618347,-0.417173,0.372277,0.552289,1.462235,-0.986509,0.880340,0.323066,0.107197,0.517492,-2.155021,2.181334,0.017087
439,1770132335576,4.877849,70.8601,507.9646,-620.1706,0.618389,-0.417168,0.372227,0.552280,1.462338,-0.986500,0.880227,0.323054,0.107186,0.517496,-2.154936,2.181321,0.017036
440,1770132335587,4.888961,70.9050,507.4983,-619.9572,0.618473,-0.417167,0.372200,0.552205,1.462585,-0.986529,0.880189,0.323044,0.107192,0.517484,-2.154905,2.181259,0.017042
441,1770132335599,4.900072,70.7215,507.4017,-619.9832,0.618442,-0.417229,0.372129,0.552241,1.462487,-0.986660,0.880008,0.323047,0.107173,0.517476,-2.154879,2.181260,0.017143
442,1770132335610,4.911183,70.7227,507.2382,-619.8938,0.618400,-0.417192,0.372107,0.552330,1.462335,-0.986536,0.879924,0.323054,0.107165,0.517463,-2.154857,2.181318,0.017181
443,1770132335621,4.922295,70.7789,507.1657,-619.9202,0.618440,-0.417117,0.372181,0.552292,1.462452,-0.986376,0.880113,0.323053,0.107179,0.517440,-2.154868,2.181359,0.017265
444,1770132335632,4.933406,70.7661,507.2470,-619.9836,0.618369,-0.417162,0.372144,0.552362,1.462242,-0.986453,0.880000,0.323049,0.107182,0.517451,-2.154927,2.181286,0.017196
445,1770132335643,4.944517,70.7048,507.3093,-619.9387,0.618464,-0.417106,0.372152,0.552294,1.462509,-0.986347,0.880043,0.323042,0.107186,0.517436,-2.154923,2.181256,0.017292
446,1770132335654,4.955628,70.7122,507.1459,-619.8529,0.618519,-0.417092,0.372151,0.552244,1.462668,-0.986335,0.880060,0.323047,0.107186,0.517413,-2.154986,2.181301,0.017406
447,1770132335665,4.966739,70.7897,507.1460,-619.8797,0.618478,-0.417108,0.372139,0.552285,1.462546,-0.986357,0.880015,0.323044,0.107180,0.517412,-2.154987,2.181277,0.017483
448,1770132335676,4.977850,70.9561,507.3770,-619.9113,0.618443,-0.417111,0.372124,0.552332,1.462435,-0.986344,0.879962,0.323040,0.107188,0.517418,-2.154995,2.181258,0.017473
449,1770132335687,4.988962,71.0268,507.3896,-619.9618,0.618422,-0.417108,0.372121,0.552360,1.462367,-0.986325,0.879945,0.323045,0.107199,0.517414,-2.154988,2.181303,0.017465
450,1770132335699,5.000073,70.9560,507.5877,-619.8320,0.618397,-0.417092,0.372130,0.552394,1.462287,-0.986273,0.879954,0.323030,0.107211,0.517414,-2.155024,2.181208,0.017534
451,1770132335710,5.011185,70.9519,507.6151,-619.8137,0.618431,-0.417146,0.372106,0.552332,1.462406,-0.986426,0.879920,0.323038,0.107210,0.517415,-2.154965,2.181305,0.017524
452,1770132335721,5.022296,70.8160,507.4922,-619.6171,0.618380,-0.417206,0.372115,0.552337,1.462283,-0.986566,0.879941,0.323027,0.107213,0.517432,-2.154865,2.181358,0.017427
453,1770132335732,5.033407,70.7616,507.5839,-619.6072,0.618498,-0.417104,0.372109,0.552286,1.462593,-0.986347,0.879945,0.323022,0.107243,0.517448,-2.154962,2.181191,0.017434
454,1770132335747,5.048752,70.6697,507.6191,-619.6345,0.618463,-0.417115,0.372075,0.552340,1.462476,-0.986350,0.879844,0.323022,0.107245,0.517448,-2.154904,2.181263,0.017425
455,1770132335758,5.059863,70.6766,507.4672,-619.8568,0.618456,-0.417057,0.372122,0.552359,1.462450,-0.986206,0.879949,0.323021,0.107252,0.517451,-2.154941,2.181250,0.017398
456,1770132335769,5.070974,70.6342,507.5761,-619.8967,0.618486,-0.417054,0.372042,0.552381,1.462506,-0.986190,0.879752,0.323020,0.107261,0.517453,-2.154992,2.181223,0.017399
457,1770132335781,5.082086,70.6524,507.5148,-619.9606,0.618516,-0.417044,0.372128,0.552297,1.462630,-0.986201,0.879985,0.323018,0.107253,0.517471,-2.154914,2.181217,0.017388
458,1770132335792,5.093197,70.7450,507.4700,-620.0805,0.618528,-0.417075,0.372062,0.552306,1.462653,-0.986269,0.879827,0.323000,0.107274,0.517480,-2.154970,2.181115,0.017367
459,1770132335803,5.104308,70.8341,507.3922,-620.0544,0.618531,-0.417044,0.372147,0.552269,1.462682,-0.986211,0.880040,0.323032,0.107274,0.517460,-2.154971,2.181199,0.017405
460,1770132335814,5.115420,70.7228,507.5307,-619.9874,0.618537,-0.417099,0.372138,0.552227,1.462722,-0.986359,0.880034,0.323033,0.107284,0.517450,-2.155019,2.181199,0.017484
461,1770132335825,5.126531,70.7665,507.4832,-619.9340,0.618601,-0.417073,0.372164,0.552157,1.462915,-0.986326,0.880124,0.323023,0.107273,0.517470,-2.154911,2.181187,0.017409
462,1770132335836,5.137642,70.7059,507.4633,-619.9029,0.618543,-0.417094,0.372163,0.552206,1.462750,-0.986357,0.880102,0.323024,0.107280,0.517467,-2.154916,2.181219,0.017398
463,1770132335847,5.148754,70.7330,507.4417,-619.8962,0.618522,-0.417080,0.372149,0.552250,1.462673,-0.986304,0.880051,0.323017,0.107283,0.517485,-2.154864,2.181188,0.017338
464,1770132335858,5.159865,70.7573,507.5417,-619.8979,0.618529,-0.417072,0.372139,0.552255,1.462686,-0.986285,0.880027,0.323030,0.107274,0.517476,-2.154816,2.181271,0.017323
465,1770132335869,5.170976,70.6936,507.4297,-619.9131,0.618509,-0.417133,0.372135,0.552234,1.462650,-0.986438,0.880024,0.323041,0.107288,0.517469,-2.154880,2.181234,0.017377
466,1770132335881,5.182087,70.6937,507.4326,-619.9253,0.618486,-0.417140,0.372107,0.552273,1.462573,-0.986438,0.879946,0.323043,0.107283,0.517462,-2.154885,2.181240,0.017415
467,1770132335892,5.193198,70.6489,507.5027,-619.8944,0.618527,-0.417160,0.372087,0.552226,1.462698,-0.986504,0.879915,0.323061,0.107277,0.517450,-2.154869,2.181305,0.017439
468,1770132335903,5.204310,70.7483,507.5238,-619.8665,0.618531,-0.417211,0.372069,0.552195,1.462726,-0.986638,0.879883,0.323059,0.107278,0.517452,-2.154889,2.181273,0.017478
469,1770132335914,5.215421,70.7554,507.5638,-619.8578,0.618535,-0.417195,0.372110,0.552175,1.462748,-0.986608,0.879989,0.323043,0.107274,0.517480,-2.154849,2.181225,0.017307
470,1770132335925,5.226532,70.8313,507.5223,-619.8854,0.618455,-0.417251,0.372074,0.552247,1.462516,-0.986710,0.879876,0.323058,0.107273,0.517482,-2.154845,2.181193,0.017295
471,1770132335936,5.237643,70.8537,507.5971,-619.8966,0.618454,-0.417258,0.372089,0.552232,1.462521,-0.986734,0.879918,0.323078,0.107263,0.517455,-2.154840,2.181272,0.017421
472,1770132335947,5.248755,70.8347,507.6373,-619.9028,0.618477,-0.417231,0.372092,0.552225,1.462581,-0.986673,0.879928,0.323075,0.107262,0.517454,-2.154832,2.181290,0.017382
473,1770132335958,5.259867,70.7987,507.6773,-619.7255,0.618481,-0.417225,0.372115,0.552210,1.462599,-0.986664,0.879987,0.323075,0.107262,0.517454,-2.154832,2.181290,0.017382
474,1770132335969,5.270978,70.8261,507.7087,-619.6876,0.618462,-0.417265,0.372126,0.552193,1.462565,-0.986766,0.880019,0.323073,0.107250,0.517467,-2.154785,2.181264,0.017302
475,1770132335981,5.282089,70.9570,507.6580,-619.7379,0.618374,-0.417329,0.372150,0.552227,1.462336,-0.986903,0.880063,0.323069,0.107241,0.517475,-2.154732,2.181231,0.017236
476,1770132335992,5.293200,70.7714,507.6348,-619.7917,0.618457,-0.417202,0.372178,0.552211,1.462542,-0.986610,0.880135,0.323084,0.107245,0.517451,-2.154809,2.181264,0.017351
477,1770132336003,5.304312,70.7073,507.5753,-619.8179,0.618453,-0.417128,0.372228,0.552238,1.462515,-0.986423,0.880245,0.323078,0.107239,0.517463,-2.154743,2.181244,0.017235
478,1770132336014,5.315423,70.7374,507.6269,-619.7794,0.618540,-0.417108,0.372215,0.552164,1.462768,-0.986406,0.880242,0.323078,0.107240,0.517456,-2.154739,2.181211,0.017169
479,1770132336025,5.326534,70.7371,507.6458,-619.7704,0.618510,-0.417136,0.372193,0.552192,1.462678,-0.986460,0.880178,0.323070,0.107240,0.517465,-2.154748,2.181165,0.017129
480,1770132336036,5.337645,70.9067,507.5836,-619.9158,0.618567,-0.417083,0.372159,0.552190,1.462816,-0.986337,0.880099,0.323074,0.107232,0.517456,-2.154778,2.181144,0.017137
481,1770132336047,5.348757,70.9197,507.6023,-619.9316,0.618624,-0.417019,0.372196,0.552150,1.462976,-0.986201,0.880201,0.323065,0.107234,0.517465,-2.154734,2.181093,0.017063
482,1770132336058,5.359868,70.7871,507.5344,-619.9642,0.618585,-0.417001,0.372231,0.552184,1.462860,-0.986146,0.880271,0.323079,0.107242,0.517455,-2.154781,2.181118,0.017087
483,1770132336069,5.370979,70.8931,507.4807,-619.8984,0.618592,-0.416976,0.372243,0.552186,1.462878,-0.986086,0.880298,0.323067,0.107229,0.517471,-2.154730,2.181061,0.017049
484,1770132336081,5.382091,70.8549,507.4579,-619.9216,0.618558,-0.416995,0.372185,0.552251,1.462756,-0.986103,0.880137,0.323079,0.107243,0.517451,-2.154802,2.181060,0.017100
485,1770132336092,5.393202,70.9209,507.5271,-619.9738,0.618548,-0.417022,0.372233,0.552208,1.462760,-0.986184,0.880266,0.323116,0.107235,0.517417,-2.154811,2.181210,0.017213
486,1770132336103,5.404313,70.8543,507.4243,-619.9260,0.618507,-0.417078,0.372164,0.552258,1.462632,-0.986297,0.880084,0.323120,0.107236,0.517409,-2.154868,2.181165,0.017276
487,1770132336114,5.415424,70.7539,507.4275,-619.8981,0.618628,-0.417000,0.372160,0.552184,1.462964,-0.986143,0.880102,0.323117,0.107243,0.517419,-2.154860,2.181099,0.017200
488,1770132336125,5.426536,70.7460,507.3773,-619.7262,0.618576,-0.417043,0.372142,0.552222,1.462816,-0.986230,0.880047,0.323141,0.107226,0.517403,-2.154810,2.181209,0.017235
489,1770132336136,5.437647,70.7585,507.4403,-619.6406,0.618608,-0.417041,0.372100,0.552217,1.462895,-0.986227,0.879949,0.323147,0.107245,0.517393,-2.154904,2.181178,0.017303
490,1770132336147,5.448758,70.7106,507.4558,-619.6093,0.618558,-0.417078,0.372089,0.552252,1.462756,-0.986299,0.879911,0.323150,0.107239,0.517394,-2.154899,2.181170,0.017261
491,1770132336158,5.459869,70.7795,507.5944,-619.6563,0.618606,-0.417052,0.372098,0.552211,1.462895,-0.986256,0.879946,0.323155,0.107244,0.517391,-2.154869,2.181165,0.017279
492,1770132336169,5.470981,70.8431,507.6068,-619.5963,0.618607,-0.417045,0.372074,0.552231,1.462885,-0.986230,0.879883,0.323172,0.107241,0.517386,-2.154888,2.181158,0.017288
493,1770132336181,5.482092,70.8382,507.7057,-619.8511,0.618595,-0.417041,0.372115,0.552221,1.462861,-0.986223,0.879984,0.323175,0.107231,0.517375,-2.154830,2.181206,0.017382
494,1770132336192,5.493203,70.9384,507.5228,-619.8037,0.618654,-0.416970,0.372123,0.552203,1.463014,-0.986064,0.880009,0.323183,0.107233,0.517377,-2.154858,2.181237,0.017340
495,1770132336203,5.504314,70.9792,507.5853,-619.8160,0.618652,-0.416972,0.372100,0.552219,1.462999,-0.986063,0.879948,0.323177,0.107236,0.517379,-2.154845,2.181249,0.017288
496,1770132336214,5.515426,71.0839,507.5300,-619.9557,0.618666,-0.417005,0.372150,0.552144,1.463079,-0.986173,0.880094,0.323176,0.107234,0.517383,-2.154860,2.181210,0.017287
497,1770132336225,5.526537,71.0210,507.5433,-619.9541,0.618652,-0.416992,0.372114,0.552194,1.463014,-0.986121,0.879991,0.323173,0.107249,0.517386,-2.154892,2.181190,0.017251
498,1770132336236,5.537648,70.9075,507.5465,-619.9667,0.618672,-0.417007,0.372127,0.552152,1.463087,-0.986173,0.880036,0.323158,0.107251,0.517389,-2.154863,2.181185,0.017242
499,1770132336247,5.548759,70.7737,507.6017,-619.8441,0.618707,-0.417019,0.372106,0.552118,1.463190,-0.986216,0.880000,0.323165,0.107243,0.517384,-2.154905,2.181177,0.017275
500,1770132336258,5.559871,70.7582,507.6108,-619.8163,0.618667,-0.417091,0.372056,0.552142,1.463082,-0.986375,0.879872,0.323154,0.107232,0.517397,-2.154769,2.181216,0.017175
501,1770132336269,5.570982,70.7098,507.6585,-619.8071,0.618736,-0.417033,0.372098,0.552081,1.463282,-0.986263,0.879995,0.323148,0.107235,0.517398,-2.154780,2.181146,0.017190
502,1770132336281,5.582093,70.8183,507.5632,-619.8371,0.618744,-0.417025,0.372108,0.552070,1.463308,-0.986250,0.880024,0.323149,0.107234,0.517394,-2.154730,2.181171,0.017113
503,1770132336292,5.593205,70.9061,507.4100,-619.7772,0.618820,-0.416982,0.372070,0.552043,1.463505,-0.986159,0.879942,0.323157,0.107243,0.517382,-2.154790,2.181184,0.017165
504,1770132336303,5.604316,70.9230,507.3019,-619.8883,0.618700,-0.417060,0.372066,0.552121,1.463173,-0.986312,0.879904,0.323154,0.107239,0.517375,-2.154723,2.181192,0.017182
505,1770132336314,5.615427,71.0047,507.4382,-619.9604,0.618696,-0.417099,0.372054,0.552105,1.463172,-0.986411,0.879882,0.323148,0.107234,0.517378,-2.154732,2.181230,0.017179
506,1770132336325,5.626538,71.0213,507.4474,-619.9676,0.618714,-0.417116,0.372053,0.552073,1.463235,-0.986463,0.879891,0.323158,0.107221,0.517375,-2.154622,2.181247,0.017315
507,1770132336336,5.637649,71.1519,507.3447,-619.9522,0.618752,-0.417056,0.372040,0.552084,1.463317,-0.986318,0.879857,0.323145,0.107215,0.517386,-2.154608,2.181177,0.017329
508,1770132336347,5.648761,71.1876,507.2958,-619.9311,0.618723,-0.417028,0.372112,0.552089,1.463247,-0.986248,0.880026,0.323138,0.107221,0.517369,-2.154546,2.181216,0.017257
509,1770132336358,5.659872,71.2134,507.3243,-619.9421,0.618676,-0.417072,0.372043,0.552155,1.463096,-0.986326,0.879838,0.323144,0.107222,0.517354,-2.154563,2.181237,0.017348
510,1770132336369,5.670983,71.1826,507.2261,-619.9152,0.618772,-0.417064,0.372065,0.552038,1.463394,-0.986356,0.879932,0.323132,0.107222,0.517368,-2.154546,2.181133,0.017298
511,1770132336381,5.682095,70.9232,507.1478,-619.7170,0.618816,-0.417069,0.372048,0.551997,1.463524,-0.986385,0.879909,0.323143,0.107218,0.517336,-2.154576,2.181224,0.017425
512,1770132336392,5.693206,70.9765,507.2292,-619.8457,0.618770,-0.417106,0.372004,0.552050,1.463382,-0.986449,0.879784,0.323143,0.107218,0.517336,-2.154576,2.181224,0.017425
513,1770132336403,5.704317,70.8962,507.3205,-619.8033,0.618827,-0.417137,0.371986,0.551976,1.463562,-0.986553,0.879768,0.323156,0.107219,0.517318,-2.154540,2.181215,0.017509
514,1770132336414,5.715428,70.8444,507.5043,-619.9318,0.618763,-0.417122,0.372127,0.551963,1.463419,-0.986523,0.880108,0.323140,0.107219,0.517334,-2.154470,2.181190,0.017463
515,1770132336425,5.726540,70.8135,507.3862,-620.0791,0.618773,-0.417164,0.372036,0.551981,1.463432,-0.986615,0.879885,0.323130,0.107230,0.517347,-2.154416,2.181209,0.017379
516,1770132336436,5.737651,70.7833,507.3280,-620.1372,0.618719,-0.417160,0.372017,0.552058,1.463256,-0.986573,0.879811,0.323129,0.107229,0.517323,-2.154383,2.181256,0.017474
517,1770132336447,5.748762,70.8858,507.4029,-619.8550,0.618760,-0.417115,0.372070,0.552011,1.463383,-0.986487,0.879954,0.323135,0.107236,0.517312,-2.154472,2.181275,0.017535
518,1770132336458,5.759873,70.8788,507.3918,-619.8571,0.618752,-0.417147,0.372068,0.551996,1.463374,-0.986568,0.879957,0.323135,0.107236,0.517320,-2.154412,2.181289,0.017488
519,1770132336469,5.770984,70.8462,507.4036,-619.8598,0.618784,-0.417132,0.372057,0.551979,1.463460,-0.986541,0.879936,0.323135,0.107231,0.517309,-2.154398,2.181301,0.017512
520,1770132336481,5.782095,70.8029,507.5202,-619.8701,0.618763,-0.417120,0.372077,0.551998,1.463398,-0.986504,0.879975,0.323149,0.107219,0.517299,-2.154378,2.181335,0.017601
521,1770132336492,5.793207,70.7982,507.6070,-619.7770,0.618761,-0.417174,0.372034,0.551989,1.463399,-0.986637,0.879877,0.323138,0.107241,0.517302,-2.154451,2.181250,0.017539
522,1770132336503,5.804318,70.8820,507.4079,-619.6762,0.618735,-0.417222,0.372013,0.551997,1.463332,-0.986745,0.879824,0.323144,0.107230,0.517302,-2.154402,2.181335,0.017578
523,1770132336514,5.815429,70.8500,507.2990,-619.7433,0.618710,-0.417223,0.372058,0.551993,1.463275,-0.986751,0.879934,0.323153,0.107228,0.517280,-2.154380,2.181394,0.017644
524,1770132336525,5.826541,70.8139,507.2480,-619.7562,0.618621,-0.417269,0.372050,0.552063,1.463021,-0.986830,0.879889,0.323169,0.107230,0.517251,-2.154387,2.181487,0.017802
525,1770132336536,5.837652,71.0027,507.4090,-619.8870,0.618697,-0.417315,0.372085,0.551921,1.463288,-0.986997,0.880023,0.323170,0.107229,0.517249,-2.154373,2.181525,0.017776
526,1770132336547,5.848763,70.9475,507.3727,-619.7885,0.618798,-0.417318,0.372044,0.551832,1.463582,-0.987043,0.879959,0.323170,0.107214,0.517253,-2.154294,2.181521,0.017816
527,1770132336558,5.859874,71.0177,507.3083,-619.9099,0.618731,-0.417346,0.372014,0.551907,1.463377,-0.987076,0.879860,0.323163,0.107220,0.517255,-2.154320,2.181496,0.017844
528,1770132336569,5.870986,71.0497,507.2988,-619.9250,0.618686,-0.417367,0.372041,0.551922,1.463263,-0.987121,0.879918,0.323161,0.107213,0.517254,-2.154289,2.181409,0.017978
529,1770132336581,5.882097,70.9329,507.4676,-619.8966,0.618751,-0.417426,0.371980,0.551845,1.463464,-0.987293,0.879804,0.323178,0.107215,0.517218,-2.154310,2.181570,0.018069
530,1770132336592,5.893208,70.9452,507.4822,-619.9686,0.618718,-0.417339,0.372042,0.551907,1.463347,-0.987060,0.879928,0.323168,0.107221,0.517233,-2.154264,2.181545,0.018022
531,1770132336603,5.904319,70.8993,507.4917,-619.9725,0.618767,-0.417299,0.372054,0.551875,1.463482,-0.986980,0.879967,0.323172,0.107206,0.517234,-2.154154,2.181643,0.018010
532,1770132336614,5.915431,70.8904,507.5482,-619.9968,0.618771,-0.417318,0.372044,0.551862,1.463501,-0.987029,0.879949,0.323177,0.107212,0.517224,-2.154203,2.181643,0.018088
533,1770132336625,5.926542,70.9882,507.3342,-619.9559,0.618767,-0.417313,0.372058,0.551861,1.463491,-0.987018,0.879982,0.323182,0.107213,0.517218,-2.154230,2.181592,0.018114
534,1770132336636,5.937653,70.9473,507.4200,-619.9531,0.618749,-0.417379,0.371942,0.551909,1.463419,-0.987155,0.879689,0.323157,0.107222,0.517244,-2.154168,2.181632,0.018070
535,1770132336647,5.948764,70.9229,507.4093,-619.8129,0.618785,-0.417361,0.371939,0.551884,1.463521,-0.987121,0.879691,0.323171,0.107233,0.517227,-2.154248,2.181612,0.018080
536,1770132336658,5.959876,70.9141,507.4251,-619.7870,0.618752,-0.417400,0.371954,0.551882,1.463443,-0.987215,0.879728,0.323189,0.107220,0.517221,-2.154189,2.181684,0.018119
537,1770132336669,5.970987,70.8634,507.4133,-619.8043,0.618751,-0.417355,0.371987,0.551895,1.463433,-0.987103,0.879802,0.323206,0.107214,0.517208,-2.154252,2.181728,0.018203
538,1770132336681,5.982098,70.8603,507.3721,-619.7744,0.618747,-0.417374,0.371946,0.551912,1.463413,-0.987140,0.879699,0.323176,0.107229,0.517229,-2.154239,2.181657,0.018119
539,1770132336692,5.993209,70.8692,507.3026,-619.8526,0.618727,-0.417347,0.371965,0.551943,1.463347,-0.987063,0.879732,0.323188,0.107216,0.517218,-2.154198,2.181723,0.018169
540,1770132336703,6.004320,70.8793,507.2081,-619.8235,0.618702,-0.417329,0.371973,0.551979,1.463266,-0.987007,0.879737,0.323221,0.107218,0.517195,-2.154305,2.181761,0.018293
541,1770132336714,6.015431,70.8441,507.1512,-619.8547,0.618645,-0.417359,0.372003,0.551999,1.463119,-0.987070,0.879800,0.323205,0.107208,0.517212,-2.154222,2.181723,0.018269
542,1770132336725,6.026543,70.8212,507.2309,-619.9226,0.618606,-0.417351,0.372052,0.552016,1.463014,-0.987044,0.879910,0.323220,0.107206,0.517209,-2.154204,2.181814,0.018321
543,1770132336736,6.037654,70.8883,507.2383,-619.8950,0.618593,-0.417372,0.372082,0.551995,1.462997,-0.987102,0.879989,0.323231,0.107203,0.517212,-2.154193,2.181802,0.018348
544,1770132336747,6.048765,71.0192,507.1354,-619.8579,0.618610,-0.417414,0.372070,0.551952,1.463063,-0.987219,0.879977,0.323242,0.107180,0.517219,-2.154165,2.181828,0.018420
545,1770132336758,6.059877,71.1305,507.1728,-619.8113,0.618561,-0.417404,0.372061,0.552021,1.462905,-0.987166,0.879930,0.323258,0.107164,0.517207,-2.154155,2.181875,0.018532
546,1770132336769,6.070988,71.1342,507.3285,-619.7997,0.618472,-0.417441,0.372163,0.552024,1.462693,-0.987251,0.880170,0.323258,0.107157,0.517216,-2.154116,2.181912,0.018452
547,1770132336781,6.082099,71.1076,507.2825,-619.7949,0.618513,-0.417374,0.372189,0.552011,1.462797,-0.987100,0.880235,0.323273,0.107124,0.517232,-2.154002,2.181978,0.018501
548,1770132336792,6.093210,71.2457,507.2702,-619.6486,0.618308,-0.417492,0.372261,0.552103,1.462257,-0.987340,0.880373,0.323305,0.107104,0.517205,-2.154022,2.182113,0.018609
549,1770132336803,6.104321,71.0950,507.2373,-619.6212,0.618347,-0.417465,0.372232,0.552099,1.462352,-0.987279,0.880305,0.323340,0.107071,0.517198,-2.153969,2.182248,0.018664
550,1770132336814,6.115433,71.1079,507.2728,-619.5580,0.618397,-0.417388,0.372285,0.552066,1.462489,-0.987111,0.880443,0.323337,0.107072,0.517216,-2.154057,2.182096,0.018565
551,1770132336825,6.126544,71.1088,507.2838,-619.5253,0.618339,-0.417457,0.372283,0.552080,1.462344,-0.987267,0.880432,0.323354,0.107043,0.517195,-2.154013,2.182188,0.018715
552,1770132336836,6.137655,71.1350,507.2803,-619.5999,0.618324,-0.417619,0.372162,0.552055,1.462325,-0.987661,0.880155,0.323362,0.107016,0.517231,-2.153878,2.182285,0.018674
553,1770132336847,6.148766,71.2159,507.4031,-619.6391,0.618385,-0.417581,0.372320,0.551909,1.462558,-0.987633,0.880583,0.323372,0.106983,0.517229,-2.153761,2.182400,0.018641
554,1770132336858,6.159878,71.2459,507.3935,-619.6394,0.618292,-0.417549,0.372243,0.552090,1.462228,-0.987481,0.880335,0.323409,0.106934,0.517215,-2.153697,2.182494,0.018638
555,1770132336869,6.170989,71.3090,507.5669,-619.8124,0.618319,-0.417733,0.372284,0.551892,1.462413,-0.987999,0.880504,0.323418,0.106903,0.517218,-2.153599,2.182579,0.018698
556,1770132336881,6.182100,71.1914,507.4582,-619.6039,0.618243,-0.417638,0.372349,0.552006,1.462163,-0.987726,0.880617,0.323442,0.106873,0.517215,-2.153570,2.182627,0.018634
557,1770132336892,6.193211,71.2938,507.3636,-619.5681,0.618206,-0.417553,0.372374,0.552095,1.462020,-0.987488,0.880642,0.323470,0.106819,0.517201,-2.153438,2.182838,0.018633
558,1770132336903,6.204322,71.3232,507.3733,-619.5602,0.618211,-0.417610,0.372402,0.552027,1.462073,-0.987652,0.880735,0.323503,0.106806,0.517179,-2.153431,2.182941,0.018706
559,1770132336914,6.215434,71.3907,507.3265,-619.3688,0.618173,-0.417713,0.372488,0.551933,1.462042,-0.987934,0.880973,0.323525,0.106768,0.517165,-2.153366,2.183063,0.018734
560,1770132336925,6.226545,71.4801,507.3265,-619.4537,0.618198,-0.417580,0.372472,0.552017,1.462050,-0.987584,0.880902,0.323573,0.106698,0.517146,-2.153250,2.183207,0.018699
561,1770132336936,6.237656,71.4739,507.4409,-619.5531,0.617963,-0.417685,0.372607,0.552110,1.461437,-0.987795,0.881188,0.323600,0.106658,0.517133,-2.153200,2.183372,0.018710
562,1770132336947,6.248768,71.5329,507.3967,-619.5445,0.617968,-0.417811,0.372542,0.552053,1.461483,-0.988116,0.881055,0.323630,0.106626,0.517116,-2.153057,2.183515,0.018733
563,1770132336958,6.259879,71.5945,507.4038,-619.5232,0.617976,-0.417897,0.372553,0.551972,1.461551,-0.988352,0.881112,0.323684,0.106560,0.517094,-2.152889,2.183795,0.018635
564,1770132336969,6.270990,71.5180,507.1862,-619.4467,0.617934,-0.417737,0.372704,0.552038,1.461411,-0.987948,0.881444,0.323719,0.106539,0.517070,-2.152937,2.183875,0.018608
565,1770132336981,6.282101,71.5628,507.1708,-619.4366,0.617860,-0.417808,0.372733,0.552047,1.461233,-0.988112,0.881509,0.323808,0.106457,0.517011,-2.152803,2.184195,0.018739
566,1770132336992,6.293212,71.5917,507.3727,-619.3878,0.617820,-0.417910,0.372810,0.551963,1.461189,-0.988387,0.881722,0.323846,0.106409,0.516993,-2.152629,2.184413,0.018677
567,1770132337003,6.304324,71.6155,507.4118,-619.3408,0.617835,-0.417924,0.372829,0.551923,1.461249,-0.988436,0.881783,0.323906,0.106314,0.516969,-2.152525,2.184598,0.018510
568,1770132337014,6.315435,71.6450,507.4183,-619.3421,0.617769,-0.418019,0.372814,0.551935,1.461085,-0.988656,0.881743,0.323942,0.106289,0.516948,-2.152435,2.184770,0.018437
569,1770132337025,6.326546,71.8170,507.1412,-619.1552,0.617687,-0.418036,0.373027,0.551870,1.460930,-0.988723,0.882271,0.323982,0.106232,0.516925,-2.152264,2.185019,0.018358
570,1770132337036,6.337657,71.8868,507.0948,-619.1041,0.617611,-0.418106,0.372897,0.551989,1.460680,-0.988840,0.881920,0.324071,0.106133,0.516872,-2.152150,2.185277,0.018336
571,1770132337047,6.348768,72.1633,506.9355,-619.1242,0.617593,-0.418184,0.373024,0.551864,1.460714,-0.989077,0.882266,0.324114,0.106082,0.516844,-2.151927,2.185520,0.018223
572,1770132337058,6.359880,72.4186,506.7806,-619.0585,0.617431,-0.418347,0.373040,0.551911,1.460301,-0.989443,0.882285,0.324242,0.105970,0.516769,-2.151749,2.186012,0.018278
573,1770132337069,6.370991,72.6596,506.6892,-619.1392,0.617486,-0.418325,0.373048,0.551861,1.460462,-0.989413,0.882322,0.324278,0.105931,0.516741,-2.151693,2.186085,0.018158
574,1770132337081,6.382102,72.8213,506.5948,-619.1435,0.617242,-0.418322,0.373257,0.551995,1.459802,-0.989349,0.882767,0.324322,0.105883,0.516721,-2.151561,2.186320,0.018026
575,1770132337092,6.393213,72.8325,506.5634,-618.9706,0.617294,-0.418385,0.373364,0.551816,1.460036,-0.989572,0.883088,0.324421,0.105767,0.516676,-2.151247,2.186766,0.017944
576,1770132337103,6.404325,72.8059,506.3245,-618.9359,0.617311,-0.418273,0.373587,0.551731,1.460128,-0.989343,0.883648,0.324478,0.105715,0.516638,-2.151210,2.186914,0.017816
577,1770132337114,6.415436,72.9579,506.3351,-618.9001,0.617164,-0.418571,0.373444,0.551767,1.459758,-0.990034,0.883296,0.324550,0.105655,0.516591,-2.151091,2.187197,0.017957
578,1770132337125,6.426547,73.0501,506.2664,-618.7551,0.617108,-0.418605,0.373648,0.551666,1.459688,-0.990154,0.883815,0.324657,0.105517,0.516529,-2.150693,2.187716,0.017913
579,1770132337136,6.437659,73.1394,506.4666,-618.8123,0.617046,-0.418710,0.373639,0.551662,1.459544,-0.990404,0.883797,0.324700,0.105469,0.516514,-2.150582,2.187975,0.017752
580,1770132337147,6.448770,73.1485,506.4781,-618.7373,0.616891,-0.418732,0.373817,0.551697,1.459156,-0.990442,0.884203,0.324844,0.105335,0.516418,-2.150288,2.188476,0.017927
581,1770132337158,6.459881,73.1097,506.3615,-618.6053,0.616884,-0.418777,0.373907,0.551611,1.459191,-0.990586,0.884448,0.324894,0.105280,0.516390,-2.150140,2.188749,0.017793
582,1770132337169,6.470992,73.1677,506.2313,-618.4805,0.616761,-0.419012,0.373882,0.551587,1.458915,-0.991151,0.884398,0.324959,0.105205,0.516354,-2.149965,2.189049,0.017812
583,1770132337181,6.482103,73.3677,506.0934,-618.3214,0.616722,-0.418964,0.374105,0.551515,1.458867,-0.991068,0.884953,0.325082,0.105057,0.516278,-2.149597,2.189545,0.017748
584,1770132337192,6.493215,73.4720,505.9925,-618.2420,0.616516,-0.419092,0.374206,0.551580,1.458342,-0.991343,0.885167,0.325133,0.105000,0.516239,-2.149429,2.189936,0.017748
585,1770132337203,6.504326,73.7952,505.9965,-618.0920,0.616414,-0.419228,0.374253,0.551558,1.458113,-0.991675,0.885288,0.325254,0.104853,0.516180,-2.149093,2.190498,0.017761
586,1770132337214,6.515437,73.7806,506.1001,-618.1075,0.616368,-0.419292,0.374327,0.551511,1.458033,-0.991846,0.885479,0.325322,0.104780,0.516144,-2.148977,2.190723,0.017578
587,1770132337225,6.526548,73.9936,506.1352,-618.0056,0.616335,-0.419431,0.374438,0.551366,1.458045,-0.992234,0.885796,0.325386,0.104702,0.516108,-2.148803,2.191082,0.017637
588,1770132337236,6.537660,74.0733,505.9993,-617.9658,0.616211,-0.419529,0.374561,0.551347,1.457763,-0.992474,0.886094,0.325493,0.104536,0.516070,-2.148299,2.191699,0.017375
589,1770132337247,6.548771,74.1651,506.0139,-617.8334,0.616067,-0.419642,0.374595,0.551399,1.457390,-0.992720,0.886155,0.325570,0.104467,0.516019,-2.148214,2.191991,0.017430
590,1770132337258,6.559882,74.2769,505.9995,-617.7412,0.615911,-0.419691,0.374750,0.551431,1.457001,-0.992822,0.886510,0.325702,0.104290,0.515957,-2.147733,2.192634,0.017217
591,1770132337269,6.570994,74.4978,505.9547,-617.6594,0.615938,-0.419821,0.374855,0.551230,1.457189,-0.993214,0.886835,0.325782,0.104202,0.515915,-2.147515,2.192998,0.017260
592,1770132337281,6.582105,74.7293,506.0238,-617.5922,0.615811,-0.419835,0.374990,0.551270,1.456863,-0.993230,0.887139,0.325872,0.104089,0.515861,-2.147366,2.193303,0.017356
593,1770132337292,6.593216,74.8515,506.0338,-617.3993,0.615485,-0.419830,0.375409,0.551352,1.456043,-0.993184,0.888100,0.326001,0.103871,0.515820,-2.146703,2.194181,0.017072
594,1770132337303,6.604327,75.0666,505.8658,-617.3466,0.615418,-0.419965,0.375468,0.551283,1.455927,-0.993534,0.888264,0.326084,0.103748,0.515775,-2.146447,2.194531,0.017053
595,1770132337314,6.615442,75.1242,505.7852,-617.3218,0.615232,-0.420069,0.375803,0.551184,1.455548,-0.993820,0.889094,0.326155,0.103631,0.515746,-2.146048,2.195047,0.016831
596,1770132337325,6.626553,75.2720,505.8392,-617.3154,0.615312,-0.420293,0.375679,0.551009,1.455843,-0.994425,0.888866,0.326328,0.103393,0.515678,-2.145534,2.195825,0.016955
597,1770132337336,6.637664,75.4427,505.6437,-616.9166,0.615103,-0.420359,0.376033,0.550950,1.455386,-0.994606,0.889726,0.326409,0.103274,0.515635,-2.145239,2.196238,0.016886
598,1770132337347,6.648776,75.6385,505.7430,-617.0081,0.615036,-0.420586,0.375990,0.550881,1.455271,-0.995171,0.889650,0.326569,0.103015,0.515572,-2.144605,2.197128,0.016743
599,1770132337358,6.659887,75.7878,505.7596,-616.8422,0.614869,-0.420742,0.376267,0.550759,1.454949,-0.995591,0.890352,0.326652,0.102876,0.515539,-2.144177,2.197696,0.016649
600,1770132337369,6.670998,76.0524,505.5426,-616.6155,0.614575,-0.420657,0.376705,0.550853,1.454195,-0.995351,0.891352,0.326729,0.102747,0.515512,-2.143806,2.198160,0.016451
601,1770132337381,6.682109,75.9582,505.4822,-616.4957,0.614572,-0.420827,0.376741,0.550701,1.454283,-0.995817,0.891495,0.326920,0.102441,0.515420,-2.143105,2.199172,0.016493
602,1770132337392,6.693221,76.2581,505.4784,-616.2717,0.614574,-0.420883,0.377171,0.550363,1.454495,-0.996092,0.892640,0.326988,0.102284,0.515407,-2.142641,2.199640,0.016222
603,1770132337403,6.704332,76.3330,505.6236,-616.1467,0.614281,-0.421209,0.377197,0.550422,1.453765,-0.996839,0.892678,0.327187,0.101939,0.515325,-2.141724,2.200876,0.016120
604,1770132337414,6.715443,76.8795,505.3920,-615.8281,0.614111,-0.421108,0.377764,0.550300,1.453438,-0.996652,0.894068,0.327280,0.101759,0.515297,-2.141229,2.201478,0.015935
605,1770132337425,6.726554,76.9330,505.3896,-615.6376,0.613960,-0.421402,0.377703,0.550286,1.453089,-0.997352,0.893928,0.327385,0.101574,0.515255,-2.140831,2.201997,0.015861
606,1770132337436,6.737666,77.1577,505.3976,-615.5389,0.613911,-0.421588,0.378104,0.549923,1.453197,-0.997945,0.895015,0.327565,0.101199,0.515198,-2.139712,2.203308,0.015522
607,1770132337447,6.748777,77.1872,505.3064,-615.2646,0.613577,-0.421799,0.378215,0.550057,1.452323,-0.998388,0.895225,0.327663,0.101018,0.515169,-2.139299,2.203864,0.015319
608,1770132337458,6.759889,77.4837,505.3066,-615.0787,0.613413,-0.421946,0.378643,0.549833,1.452071,-0.998832,0.896324,0.327845,0.100620,0.515115,-2.138046,2.205245,0.014887
609,1770132337469,6.771000,77.9237,505.2518,-615.0758,0.613300,-0.421899,0.379111,0.549672,1.451904,-0.998789,0.897494,0.327944,0.100414,0.515086,-2.137500,2.205953,0.014604
610,1770132337481,6.782111,78.0256,505.1025,-614.9080,0.612936,-0.422381,0.379245,0.549616,1.451077,-0.999953,0.897832,0.328031,0.100210,0.515061,-2.136819,2.206680,0.014409
611,1770132337492,6.793222,78.2704,505.0331,-614.7499,0.612749,-0.422338,0.379610,0.549605,1.450640,-0.999856,0.898699,0.328274,0.099788,0.514941,-2.135747,2.208184,0.014170
612,1770132337503,6.804334,78.5044,504.9758,-614.5347,0.612570,-0.422645,0.380006,0.549295,1.450406,-1.000714,0.899755,0.328391,0.099563,0.514907,-2.135053,2.208979,0.014009
613,1770132337514,6.815445,78.7124,504.9013,-614.1006,0.612411,-0.422658,0.380355,0.549220,1.450076,-1.000777,0.900611,0.328500,0.099355,0.514859,-2.134452,2.209766,0.013756
614,1770132337525,6.826556,79.0368,505.1228,-613.7100,0.612198,-0.422970,0.380775,0.548927,1.449752,-1.001639,0.901718,0.328705,0.098908,0.514797,-2.133151,2.211232,0.013390
615,1770132337536,6.837667,79.2262,505.1956,-613.4174,0.611935,-0.423255,0.380920,0.548900,1.449146,-1.002326,0.902071,0.328791,0.098701,0.514790,-2.132514,2.212005,0.013006
616,1770132337547,6.848779,79.4873,504.9286,-613.2048,0.611776,-0.423385,0.381415,0.548633,1.448932,-1.002748,0.903344,0.329025,0.098222,0.514702,-2.131010,2.213797,0.012628
617,1770132337558,6.859890,79.7656,504.8560,-612.9366,0.611361,-0.423752,0.381693,0.548619,1.447959,-1.003623,0.904009,0.329149,0.097988,0.514646,-2.130374,2.214662,0.012529
618,1770132337570,6.871001,79.9606,504.8044,-612.5927,0.611159,-0.423876,0.382131,0.548444,1.447587,-1.003990,0.905112,0.329261,0.097749,0.514613,-2.129578,2.215506,0.012264
619,1770132337581,6.882112,80.4223,504.9065,-612.2927,0.610938,-0.424138,0.382487,0.548239,1.447189,-1.004699,0.906034,0.329498,0.097232,0.514530,-2.127973,2.217437,0.011960
620,1770132337592,6.893224,80.7612,504.8103,-612.0701,0.610685,-0.424381,0.382864,0.548069,1.446694,-1.005346,0.906992,0.329584,0.096983,0.514513,-2.127203,2.218311,0.011651
621,1770132337603,6.904335,80.9998,504.7232,-611.8757,0.610503,-0.424563,0.383227,0.547878,1.446380,-1.005858,0.907926,0.329822,0.096470,0.514437,-2.125672,2.220130,0.011225
622,1770132337614,6.915446,81.3695,504.6664,-611.5536,0.610133,-0.425019,0.383586,0.547685,1.445621,-1.007020,0.908852,0.329922,0.096190,0.514415,-2.124780,2.221120,0.011045
623,1770132337625,6.926557,81.5673,504.5449,-611.2188,0.609892,-0.425311,0.383899,0.547507,1.445160,-1.007788,0.909660,0.330042,0.095915,0.514361,-2.123965,2.222117,0.010982
624,1770132337636,6.937668,81.8600,504.5469,-610.9299,0.609587,-0.425571,0.384347,0.547330,1.444546,-1.008481,0.910791,0.330280,0.095335,0.514303,-2.122260,2.224072,0.010491
625,1770132337647,6.948780,82.1433,504.5227,-610.5976,0.609393,-0.425728,0.384818,0.547094,1.444229,-1.008952,0.911999,0.330409,0.095062,0.514248,-2.121477,2.225105,0.010402
626,1770132337658,6.959891,82.2430,504.6753,-610.1335,0.609194,-0.426053,0.385228,0.546773,1.443955,-1.009862,0.913094,0.330632,0.094474,0.514203,-2.119719,2.227142,0.009872
627,1770132337670,6.971002,82.5527,504.6000,-609.7745,0.608825,-0.426260,0.385724,0.546673,1.443142,-1.010394,0.914310,0.330752,0.094158,0.514171,-2.118830,2.228109,0.009720
628,1770132337681,6.982113,82.9417,504.5721,-609.4489,0.608447,-0.426613,0.386249,0.546448,1.442383,-1.011327,0.915640,0.330872,0.093840,0.514160,-2.117865,2.229184,0.009505
629,1770132337692,6.993225,83.2539,504.5744,-609.0800,0.608187,-0.426951,0.386636,0.546199,1.441918,-1.012236,0.916655,0.331123,0.093221,0.514095,-2.115979,2.231302,0.009175
630,1770132337703,7.004336,83.5564,504.4917,-608.8278,0.607849,-0.427273,0.387210,0.545917,1.441290,-1.013119,0.918126,0.331264,0.092885,0.514053,-2.114958,2.232511,0.009078
631,1770132337714,7.015447,83.7923,504.3339,-608.3748,0.607573,-0.427516,0.387585,0.545769,1.440726,-1.013759,0.919072,0.331395,0.092573,0.514020,-2.114020,2.233593,0.008985
632,1770132337725,7.026558,84.1150,504.2731,-607.8517,0.607264,-0.427931,0.388086,0.545431,1.440199,-1.014889,0.920393,0.331636,0.091897,0.513979,-2.111931,2.235756,0.008512
633,1770132337736,7.037669,84.4551,504.2338,-607.4496,0.606903,-0.428411,0.388331,0.545282,1.439433,-1.016092,0.921031,0.331778,0.091568,0.513930,-2.110949,2.236957,0.008511
634,1770132337747,7.048781,84.8109,503.9653,-607.0718,0.606561,-0.428612,0.389050,0.544991,1.438800,-1.016695,0.922850,0.332055,0.090886,0.513861,-2.108866,2.239215,0.008158
635,1770132337758,7.059892,85.1068,504.0932,-606.5493,0.606117,-0.429127,0.389397,0.544832,1.437845,-1.017985,0.923736,0.332186,0.090537,0.513840,-2.107722,2.240453,0.008026
636,1770132337770,7.071004,85.6320,504.0480,-606.3071,0.606038,-0.429327,0.389930,0.544382,1.437930,-1.018654,0.925176,0.332322,0.090203,0.513788,-2.106695,2.241601,0.007946
637,1770132337781,7.082115,85.9282,503.8736,-605.9421,0.605518,-0.429767,0.390414,0.544267,1.436767,-1.019746,0.926370,0.332590,0.089497,0.513725,-2.104504,2.243905,0.007592
638,1770132337792,7.093226,86.2476,503.9574,-605.6298,0.605379,-0.430150,0.390811,0.543834,1.436701,-1.020843,0.927482,0.332704,0.089126,0.513701,-2.103273,2.245043,0.007441
639,1770132337803,7.104337,86.4969,503.7379,-605.1151,0.604986,-0.430396,0.391446,0.543618,1.435901,-1.021520,0.929075,0.332969,0.088438,0.513639,-2.101199,2.247288,0.007155
640,1770132337814,7.115449,86.7959,503.6938,-604.7781,0.604629,-0.430907,0.391870,0.543305,1.435245,-1.022870,0.930204,0.333089,0.088087,0.513613,-2.099972,2.248541,0.006854
641,1770132337825,7.126560,87.2314,503.7552,-604.3377,0.604293,-0.431289,0.392330,0.543044,1.434604,-1.023889,0.931401,0.333239,0.087704,0.513568,-2.098888,2.249766,0.006774
642,1770132337836,7.137671,87.5445,503.7179,-603.9720,0.603956,-0.431830,0.392707,0.542717,1.434003,-1.025317,0.932425,0.333517,0.086974,0.513496,-2.096548,2.252292,0.006347
643,1770132337847,7.148783,88.0717,503.5752,-603.3464,0.603720,-0.432339,0.393156,0.542249,1.433730,-1.026730,0.933676,0.333660,0.086581,0.513461,-2.095279,2.253527,0.006193
644,1770132337858,7.159894,88.4459,503.3833,-602.7852,0.603138,-0.432609,0.393884,0.542153,1.432407,-1.027412,0.935443,0.333955,0.085822,0.513373,-2.093048,2.256018,0.005897
645,1770132337870,7.171005,88.8578,503.3903,-602.3309,0.603000,-0.433153,0.394169,0.541665,1.432373,-1.028917,0.936313,0.334088,0.085404,0.513348,-2.091673,2.257301,0.005767
646,1770132337881,7.182116,89.2217,503.3067,-601.8821,0.602478,-0.433346,0.394883,0.541571,1.431190,-1.029418,0.938047,0.334258,0.085026,0.513290,-2.090601,2.258625,0.005641
647,1770132337892,7.193228,89.7778,503.2210,-601.4156,0.602265,-0.433556,0.395602,0.541115,1.430962,-1.030116,0.939938,0.334555,0.084234,0.513207,-2.088045,2.261274,0.005299
648,1770132337903,7.204339,90.1075,503.2393,-600.9536,0.601836,-0.434107,0.395949,0.540896,1.430076,-1.031521,0.940851,0.334716,0.083858,0.513147,-2.086996,2.262571,0.005253
649,1770132337914,7.215450,90.5119,503.1521,-600.3903,0.601508,-0.434583,0.396502,0.540474,1.429554,-1.032838,0.942333,0.334853,0.083458,0.513105,-2.085693,2.263769,0.005138
650,1770132337925,7.226562,90.7960,502.9486,-600.0071,0.601068,-0.434754,0.397189,0.540321,1.428602,-1.033311,0.944028,0.335142,0.082651,0.513043,-2.083149,2.266432,0.004728
651,1770132337936,7.237673,91.1469,502.9050,-599.5651,0.600669,-0.435215,0.397647,0.540057,1.427813,-1.034523,0.945221,0.335290,0.082243,0.512995,-2.081922,2.267775,0.004493
652,1770132337947,7.248784,91.4641,502.8166,-599.0494,0.600462,-0.435787,0.398038,0.539538,1.427637,-1.036110,0.946360,0.335552,0.081447,0.512941,-2.079324,2.270320,0.003978
653,1770132337958,7.259895,91.9365,502.8770,-598.6508,0.600013,-0.436052,0.398580,0.539423,1.426638,-1.036792,0.947696,0.335729,0.081034,0.512873,-2.078077,2.271782,0.003841
654,1770132337970,7.271006,92.3267,502.7463,-598.1564,0.599720,-0.436555,0.399158,0.538914,1.426252,-1.038214,0.949275,0.335860,0.080628,0.512829,-2.076734,2.273046,0.003636
655,1770132337981,7.282118,92.4473,502.9110,-597.5342,0.599223,-0.436708,0.400006,0.538715,1.425190,-1.038664,0.951372,0.336136,0.079807,0.512754,-2.074160,2.275590,0.003127
656,1770132337992,7.293229,92.9013,502.9087,-597.2219,0.598905,-0.437296,0.400338,0.538344,1.424659,-1.040228,0.952314,0.336283,0.079393,0.512702,-2.072817,2.276941,0.002924
657,1770132338003,7.304340,93.2636,502.7394,-596.5938,0.598552,-0.437696,0.400866,0.538018,1.424016,-1.041324,0.953702,0.336577,0.078562,0.512593,-2.070083,2.279670,0.002556
658,1770132338014,7.315452,93.7173,502.6132,-596.2940,0.598192,-0.437984,0.401529,0.537691,1.423357,-1.042154,0.955411,0.336728,0.078153,0.512540,-2.068869,2.281002,0.002284
659,1770132338025,7.326563,94.0006,502.5345,-595.7552,0.597839,-0.438611,0.401917,0.537282,1.422767,-1.043827,0.956502,0.336884,0.077736,0.512482,-2.067488,2.282394,0.002122
660,1770132338036,7.337674,94.4457,502.4364,-595.1502,0.597323,-0.438902,0.402639,0.537078,1.421661,-1.044611,0.958304,0.337181,0.076892,0.512372,-2.064737,2.285221,0.001678
661,1770132338047,7.348786,94.8691,502.5967,-594.8015,0.597038,-0.439379,0.403175,0.536602,1.421272,-1.045958,0.959774,0.337326,0.076434,0.512334,-2.063251,2.286517,0.001529
662,1770132338058,7.359897,95.2832,502.4936,-594.2862,0.596567,-0.439775,0.403773,0.536352,1.420301,-1.047013,0.961301,0.337629,0.075589,0.512212,-2.060527,2.289320,0.001152
663,1770132338070,7.371008,95.8653,502.4346,-593.9363,0.596195,-0.440358,0.404127,0.536021,1.419616,-1.048549,0.962278,0.337799,0.075160,0.512148,-2.059160,2.290758,0.000936
664,1770132338081,7.382119,96.2084,502.3901,-593.4199,0.595808,-0.440786,0.404725,0.535648,1.418921,-1.049734,0.963854,0.337951,0.074726,0.512093,-2.057762,2.292131,0.000717
665,1770132338092,7.393230,96.6231,502.1377,-592.7748,0.595223,-0.441183,0.405457,0.535418,1.417666,-1.050784,0.965694,0.338305,0.073855,0.511932,-2.055165,2.295006,0.000495
666,1770132338103,7.404341,97.0323,502.1476,-592.2560,0.595059,-0.441813,0.405885,0.534756,1.417676,-1.052580,0.966985,0.338452,0.073391,0.511886,-2.053544,2.296486,0.000277
667,1770132338114,7.415453,97.4408,502.1659,-591.6618,0.594511,-0.442191,0.406530,0.534562,1.416489,-1.053568,0.968604,0.338608,0.072954,0.511834,-2.052148,2.297978,0.000023
668,1770132338125,7.426564,97.8926,502.1068,-591.4819,0.594155,-0.442667,0.407075,0.534150,1.415889,-1.054889,0.970071,0.338920,0.072046,0.511720,-2.049337,2.300797,-0.000381
669,1770132338136,7.437675,98.2570,502.1846,-590.8115,0.593768,-0.443202,0.407607,0.533731,1.415219,-1.056352,0.971513,0.339069,0.071592,0.511676,-2.047880,2.302188,-0.000575
670,1770132338147,7.448787,98.6692,502.0836,-590.2979,0.593220,-0.443568,0.408263,0.533534,1.414033,-1.057313,0.973158,0.339401,0.070683,0.511543,-2.045147,2.305074,-0.000935
671,1770132338158,7.459898,99.2058,502.0825,-589.6810,0.592786,-0.444052,0.408874,0.533146,1.413232,-1.058644,0.974778,0.339560,0.070214,0.511477,-2.043614,2.306665,-0.001095
672,1770132338170,7.471009,99.6296,501.9232,-589.0866,0.592395,-0.444498,0.409431,0.532781,1.412521,-1.059871,0.976257,0.339709,0.069761,0.511431,-2.042334,2.307980,-0.001321
673,1770132338181,7.482120,100.1402,501.8717,-588.5629,0.591906,-0.445005,0.410038,0.532436,1.411562,-1.061236,0.977848,0.340034,0.068822,0.511310,-2.039382,2.311069,-0.001567
674,1770132338192,7.493232,100.5847,501.8050,-587.9669,0.591497,-0.445514,0.410544,0.532073,1.410805,-1.062616,0.979207,0.340185,0.068351,0.511255,-2.037927,2.312466,-0.001711
675,1770132338203,7.504343,100.9202,501.6276,-587.3966,0.590957,-0.446015,0.411246,0.531711,1.409737,-1.063975,0.981033,0.340509,0.067399,0.511130,-2.034970,2.315583,-0.001943
676,1770132338214,7.515454,101.4037,501.6100,-586.8165,0.590538,-0.446513,0.411880,0.531269,1.409002,-1.065364,0.982730,0.340681,0.066902,0.511058,-2.033417,2.317209,-0.002067
677,1770132338225,7.526566,101.6989,501.6360,-586.2438,0.590135,-0.447090,0.412384,0.530839,1.408301,-1.066938,0.984116,0.340833,0.066399,0.511014,-2.031973,2.318621,-0.002205
678,1770132338236,7.537677,102.0985,501.6135,-585.6922,0.589639,-0.447523,0.413142,0.530436,1.407360,-1.068156,0.986093,0.341147,0.065389,0.510909,-2.028713,2.321891,-0.002562
679,1770132338247,7.548788,102.6134,501.3779,-585.0811,0.589299,-0.447959,0.413713,0.530001,1.406810,-1.069394,0.987641,0.341298,0.064871,0.510850,-2.027187,2.323348,-0.002754
680,1770132338258,7.559899,103.0350,501.3183,-584.5944,0.588463,-0.448584,0.414388,0.529874,1.404891,-1.070945,0.989306,0.341637,0.063850,0.510718,-2.024036,2.326551,-0.003034
681,1770132338270,7.571010,103.5706,501.1581,-583.9769,0.588186,-0.449026,0.414944,0.529372,1.404531,-1.072229,0.990845,0.341797,0.063320,0.510657,-2.022439,2.328158,-0.003246
682,1770132338281,7.582121,104.0342,501.0377,-583.3849,0.587689,-0.449639,0.415604,0.528886,1.403635,-1.073917,0.992628,0.341956,0.062796,0.510601,-2.020664,2.329808,-0.003399
683,1770132338292,7.593233,104.4749,500.8983,-582.7643,0.587147,-0.450037,0.416233,0.528654,1.402480,-1.074976,0.994230,0.342281,0.061791,0.510457,-2.017660,2.332843,-0.003735
684,1770132338303,7.604344,104.9328,500.7623,-582.1895,0.586661,-0.450675,0.416846,0.528167,1.401612,-1.076723,0.995902,0.342434,0.061252,0.510389,-2.015907,2.334553,-0.003807
685,1770132338314,7.615455,105.3512,500.8713,-581.4157,0.586163,-0.451111,0.417477,0.527850,1.400613,-1.077911,0.997546,0.342636,0.060760,0.510282,-2.014507,2.336198,-0.003893
686,1770132338325,7.626566,105.7767,500.7848,-580.8085,0.585610,-0.451723,0.418134,0.527420,1.399549,-1.079574,0.999299,0.342943,0.059711,0.510147,-2.011217,2.339382,-0.004308
687,1770132338336,7.637679,106.2083,500.6099,-580.2741,0.585203,-0.452252,0.418684,0.526981,1.398841,-1.081041,1.000801,0.343124,0.059194,0.510040,-2.009697,2.341001,-0.004363
688,1770132338347,7.648790,106.5979,500.5142,-579.7154,0.584593,-0.452640,0.419464,0.526705,1.397548,-1.082097,1.002785,0.343446,0.058159,0.509902,-2.006485,2.344164,-0.004809
689,1770132338358,7.659901,107.0182,500.5124,-578.9348,0.584294,-0.453446,0.419847,0.526038,1.397232,-1.084334,1.003988,0.343606,0.057621,0.509834,-2.004788,2.345830,-0.004881
690,1770132338370,7.671013,107.6249,500.3535,-578.3198,0.583807,-0.453658,0.420646,0.525757,1.396236,-1.084971,1.006019,0.343756,0.057101,0.509779,-2.003194,2.347352,-0.005248
691,1770132338381,7.682124,108.2547,500.2385,-577.7783,0.583157,-0.454365,0.421304,0.525341,1.394931,-1.086855,1.007772,0.344102,0.056014,0.509617,-1.999761,2.350721,-0.005428
692,1770132338392,7.693235,108.7312,500.1385,-577.1114,0.582723,-0.454831,0.421867,0.524967,1.394117,-1.088146,1.009282,0.344269,0.055445,0.509538,-1.998134,2.352326,-0.005496
693,1770132338403,7.704346,109.0784,500.1298,-576.4680,0.582092,-0.455426,0.422734,0.524453,1.392915,-1.089809,1.011580,0.344612,0.054350,0.509379,-1.994684,2.355703,-0.005859
694,1770132338414,7.715458,109.5001,500.0793,-575.8401,0.581762,-0.455955,0.423231,0.523960,1.392418,-1.091307,1.012984,0.344773,0.053789,0.509299,-1.993047,2.357325,-0.005988
695,1770132338425,7.726569,109.9318,499.9831,-575.2631,0.581128,-0.456456,0.423995,0.523609,1.391112,-1.092671,1.014965,0.344927,0.053237,0.509243,-1.991202,2.359042,-0.006217
696,1770132338436,7.737680,110.3543,499.8995,-574.6766,0.580608,-0.457000,0.424602,0.523220,1.390098,-1.094155,1.016586,0.345268,0.052121,0.509080,-1.987875,2.362371,-0.006542
697,1770132338447,7.748792,110.7954,499.7902,-574.0504,0.580056,-0.457582,0.425352,0.522714,1.389080,-1.095786,1.018605,0.345419,0.051566,0.509008,-1.986058,2.364065,-0.006731
698,1770132338458,7.759903,111.3674,499.5676,-573.2905,0.579498,-0.458150,0.425932,0.522362,1.387954,-1.097313,1.020148,0.345764,0.050434,0.508811,-1.982717,2.367503,-0.006848
699,1770132338470,7.771014,112.0523,499.4630,-572.4628,0.579005,-0.458928,0.426517,0.521749,1.387139,-1.099466,1.021819,0.345934,0.049854,0.508730,-1.980842,2.369307,-0.006860
700,1770132338481,7.782125,112.5513,499.3733,-571.7507,0.578400,-0.459284,0.427306,0.521461,1.385861,-1.100455,1.023834,0.346084,0.049298,0.508664,-1.979134,2.370991,-0.007098
701,1770132338492,7.793236,112.9673,499.1628,-570.9124,0.577864,-0.459966,0.427959,0.520919,1.384898,-1.102347,1.025639,0.346378,0.048167,0.508529,-1.975564,2.374438,-0.007427
702,1770132338503,7.804348,113.4198,499.1441,-570.1760,0.577456,-0.460583,0.428435,0.520434,1.384209,-1.104056,1.026994,0.346497,0.047613,0.508493,-1.973813,2.375977,-0.007731
703,1770132338514,7.815459,113.8673,499.0179,-569.4669,0.576887,-0.461143,0.429123,0.520001,1.383105,-1.105605,1.028836,0.346649,0.047053,0.508414,-1.972128,2.377635,-0.007850
704,1770132338525,7.826570,114.3417,498.8886,-568.7253,0.576413,-0.461615,0.429770,0.519575,1.382222,-1.106938,1.030576,0.346963,0.045896,0.508254,-1.968558,2.381088,-0.008034
705,1770132338536,7.837681,114.6789,498.7416,-568.0199,0.575704,-0.462162,0.430645,0.519150,1.380774,-1.108453,1.032862,0.347097,0.045321,0.508188,-1.966763,2.382878,-0.008170
706,1770132338547,7.848792,115.0926,498.6705,-567.2847,0.575152,-0.462842,0.431242,0.518660,1.379741,-1.110319,1.034514,0.347378,0.044140,0.508068,-1.963004,2.386388,-0.008584
707,1770132338558,7.859903,115.5716,498.6781,-566.6779,0.574637,-0.463384,0.431851,0.518239,1.378756,-1.111822,1.036162,0.347510,0.043549,0.508019,-1.961134,2.388111,-0.008747
708,1770132338570,7.871014,116.0694,498.5630,-565.9855,0.574032,-0.463970,0.432597,0.517764,1.377585,-1.113454,1.038165,0.347658,0.042950,0.507945,-1.959201,2.389936,-0.008836
709,1770132338581,7.882126,116.5334,498.4343,-565.2736,0.573551,-0.464526,0.433150,0.517336,1.376686,-1.114995,1.039685,0.347937,0.041776,0.507824,-1.955620,2.393322,-0.009101
710,1770132338592,7.893237,117.1167,498.3544,-564.5422,0.572907,-0.465099,0.433942,0.516870,1.375417,-1.116596,1.041795,0.348087,0.041170,0.507752,-1.953643,2.395184,-0.009146
711,1770132338603,7.904348,117.5900,498.2703,-563.7969,0.572320,-0.465690,0.434593,0.516442,1.374261,-1.118220,1.043551,0.348378,0.039964,0.507610,-1.949957,2.398678,-0.009301
712,1770132338614,7.915459,117.9808,498.2126,-563.1024,0.571795,-0.466345,0.435215,0.515908,1.373317,-1.120052,1.045286,0.348511,0.039360,0.507554,-1.947975,2.400441,-0.009421
713,1770132338625,7.926571,118.3994,498.1419,-562.3762,0.571149,-0.466851,0.436047,0.515463,1.372031,-1.121482,1.047485,0.348637,0.038743,0.507509,-1.945880,2.402242,-0.009586
714,1770132338636,7.937682,118.8530,498.2751,-561.6801,0.570770,-0.467550,0.436420,0.514934,1.371431,-1.123417,1.048618,0.348890,0.037552,0.507392,-1.942121,2.405706,-0.009832
715,1770132338647,7.948793,119.3113,498.2471,-560.9651,0.570142,-0.468167,0.437198,0.514409,1.370234,-1.125155,1.050727,0.349017,0.036954,0.507339,-1.940095,2.407534,-0.010035
716,1770132338658,7.959904,119.8190,498.2686,-560.2347,0.569561,-0.468869,0.437800,0.513902,1.369137,-1.127089,1.052403,0.349276,0.035751,0.507215,-1.936268,2.411036,-0.010132
717,1770132338670,7.971016,120.2816,498.3448,-559.4501,0.569002,-0.469279,0.438612,0.513452,1.368061,-1.128296,1.054563,0.349383,0.035170,0.507173,-1.934422,2.412645,-0.010373
718,1770132338681,7.982127,120.7098,497.9827,-558.6973,0.568416,-0.470025,0.439279,0.512850,1.367006,-1.130382,1.056441,0.349514,0.034537,0.507109,-1.932359,2.414521,-0.010393
719,1770132338692,7.993238,121.1557,498.0459,-557.8277,0.567852,-0.470533,0.440099,0.512305,1.365972,-1.131871,1.058662,0.349709,0.033334,0.507038,-1.928253,2.418052,-0.010882
720,1770132338703,8.004349,121.6084,498.0130,-557.0602,0.567285,-0.471347,0.440558,0.511789,1.364915,-1.134083,1.060003,0.349832,0.032713,0.506960,-1.926369,2.419740,-0.010777
721,1770132338714,8.015460,122.0269,497.9924,-556.3062,0.566621,-0.471558,0.441673,0.511370,1.363564,-1.134796,1.062878,0.349953,0.032103,0.506901,-1.924462,2.421455,-0.010946
722,1770132338725,8.026571,122.4520,497.9999,-555.4690,0.566168,-0.472307,0.442145,0.510773,1.362825,-1.136893,1.064289,0.350161,0.030825,0.506800,-1.920334,2.424931,-0.011137
723,1770132338736,8.037682,122.8578,498.1140,-554.7221,0.565602,-0.472931,0.442847,0.510214,1.361792,-1.138671,1.066237,0.350268,0.030190,0.506751,-1.918280,2.426761,-0.011358
724,1770132338747,8.048794,123.1912,497.6580,-553.8745,0.564984,-0.473385,0.443717,0.509720,1.360596,-1.140007,1.068560,0.350444,0.028895,0.506683,-1.914109,2.430211,-0.011704
725,1770132338758,8.059905,123.6390,497.6456,-553.0445,0.564365,-0.474011,0.444436,0.509198,1.359413,-1.141774,1.070533,0.350528,0.028256,0.506654,-1.912042,2.431992,-0.012000
726,1770132338770,8.071016,124.2306,497.3823,-552.1907,0.563948,-0.474737,0.444973,0.508514,1.358811,-1.143861,1.072146,0.350614,0.027596,0.506620,-1.909850,2.433761,-0.012161
727,1770132338781,8.082127,124.5745,497.7118,-551.3009,0.563225,-0.475282,0.445722,0.508150,1.357284,-1.145355,1.074120,0.350800,0.026304,0.506539,-1.905749,2.437281,-0.012460
728,1770132338792,8.093238,125.0178,497.6191,-550.5362,0.562924,-0.476215,0.446058,0.507314,1.357051,-1.148020,1.075320,0.350894,0.025644,0.506484,-1.903592,2.439070,-0.012508
729,1770132338803,8.104350,125.2328,497.4383,-549.7279,0.562181,-0.476484,0.447078,0.506989,1.355451,-1.148829,1.077930,0.351057,0.024327,0.506428,-1.899389,2.442639,-0.012770
730,1770132338814,8.115461,125.5794,497.4483,-548.8760,0.561697,-0.477127,0.447829,0.506256,1.354715,-1.150747,1.080085,0.351096,0.023682,0.506426,-1.897138,2.444329,-0.013060
731,1770132338825,8.126572,126.1128,497.2174,-548.1496,0.560896,-0.477588,0.448654,0.505980,1.352945,-1.151997,1.082204,0.351183,0.023010,0.506393,-1.894995,2.446199,-0.013216
732,1770132338836,8.137683,126.4585,497.1528,-547.3813,0.560514,-0.478255,0.449462,0.505055,1.352568,-1.154068,1.084589,0.351301,0.021668,0.506348,-1.890465,2.449858,-0.013568
733,1770132338847,8.148803,126.8401,496.9514,-546.5659,0.559713,-0.479126,0.449942,0.504691,1.350847,-1.156353,1.085919,0.351369,0.021021,0.506331,-1.888342,2.451755,-0.013819
734,1770132338858,8.159914,127.2061,496.8984,-545.7113,0.559380,-0.479638,0.450797,0.503810,1.350560,-1.158032,1.088398,0.351492,0.019675,0.506276,-1.883814,2.455357,-0.014137
735,1770132338870,8.171025,127.6637,497.0602,-544.9097,0.558599,-0.480092,0.451720,0.503416,1.348907,-1.159327,1.090815,0.351539,0.019014,0.506272,-1.881567,2.457307,-0.014350
736,1770132338881,8.182136,128.0730,497.0411,-544.0870,0.558182,-0.480687,0.452467,0.502640,1.348355,-1.161157,1.092987,0.351583,0.018343,0.506251,-1.879236,2.459016,-0.014551
737,1770132338892,8.193248,128.3326,497.0610,-543.4621,0.557357,-0.481391,0.453140,0.502276,1.346575,-1.163042,1.094787,0.351667,0.017000,0.506249,-1.874799,2.462617,-0.014993
738,1770132338903,8.204359,128.6673,496.9836,-542.4984,0.556786,-0.482123,0.453832,0.501580,1.345605,-1.165164,1.096793,0.351689,0.016346,0.506254,-1.872493,2.464359,-0.015276
739,1770132338914,8.215470,129.1979,496.9030,-541.4145,0.556073,-0.482708,0.454720,0.501004,1.344218,-1.166871,1.099213,0.351759,0.015649,0.506217,-1.870108,2.466346,-0.015269
740,1770132338925,8.226581,129.6113,496.8780,-540.5575,0.555602,-0.483417,0.455412,0.500214,1.343542,-1.168986,1.101265,0.351834,0.014314,0.506202,-1.865711,2.469816,-0.015586
741,1770132338936,8.237692,129.9840,496.8370,-539.7071,0.554795,-0.484154,0.456087,0.499782,1.341844,-1.170990,1.103105,0.351875,0.013641,0.506194,-1.863412,2.471732,-0.015751
742,1770132338947,8.248803,130.1296,496.6587,-538.7066,0.554301,-0.484986,0.456566,0.499085,1.341057,-1.173358,1.104599,0.351915,0.012258,0.506204,-1.858686,2.475287,-0.016116
743,1770132338958,8.259915,130.3592,496.7495,-537.6842,0.553766,-0.485609,0.457396,0.498313,1.340214,-1.175260,1.106981,0.351951,0.011560,0.506199,-1.856229,2.477203,-0.016363
744,1770132338970,8.271026,130.8567,496.8329,-537.0162,0.553202,-0.486283,0.458234,0.497511,1.339317,-1.177305,1.109397,0.352002,0.010866,0.506172,-1.853884,2.479152,-0.016420
745,1770132338981,8.282137,131.1153,496.7474,-536.0839,0.552613,-0.486908,0.458881,0.496959,1.338214,-1.179101,1.111230,0.352047,0.009464,0.506164,-1.849171,2.482693,-0.016814
746,1770132338992,8.293249,131.4895,496.8367,-535.2250,0.551771,-0.487540,0.459720,0.496499,1.336442,-1.180870,1.113486,0.352081,0.008786,0.506154,-1.846856,2.484588,-0.016992
747,1770132339003,8.304360,131.8001,496.7917,-534.3127,0.551479,-0.488296,0.460344,0.495502,1.336317,-1.183215,1.115484,0.352133,0.007375,0.506141,-1.842100,2.488234,-0.017234
748,1770132339014,8.315471,132.1599,496.9160,-533.0731,0.550516,-0.488865,0.461386,0.495043,1.334251,-1.184832,1.118233,0.352138,0.006666,0.506147,-1.839519,2.490201,-0.017509
749,1770132339025,8.326582,132.4772,496.7731,-532.1448,0.549856,-0.489665,0.462018,0.494395,1.333030,-1.187109,1.120082,0.352160,0.005944,0.506135,-1.837087,2.492030,-0.017609
750,1770132339036,8.337693,132.7881,496.9343,-531.0827,0.549147,-0.489956,0.463067,0.493913,1.331592,-1.188064,1.122862,0.352199,0.004525,0.506118,-1.832266,2.495809,-0.018005
751,1770132339047,8.348804,133.1102,496.7039,-530.1967,0.548558,-0.490499,0.464006,0.493146,1.330612,-1.189779,1.125517,0.352191,0.003814,0.506139,-1.829723,2.497573,-0.018298
752,1770132339058,8.359916,133.5277,496.8658,-529.4070,0.548031,-0.491355,0.464497,0.492418,1.329757,-1.192236,1.127068,0.352193,0.003113,0.506144,-1.827263,2.499425,-0.018430
753,1770132339070,8.371027,133.7804,496.9194,-528.6255,0.547780,-0.492259,0.465075,0.491247,1.329829,-1.195044,1.129049,0.352203,0.001685,0.506137,-1.822262,2.503174,-0.018857
754,1770132339081,8.382138,134.1396,497.4614,-527.7212,0.546860,-0.493001,0.465812,0.490829,1.327840,-1.197064,1.131045,0.352206,0.000959,0.506134,-1.819694,2.505134,-0.018956
755,1770132339092,8.393250,134.4103,497.5779,-526.7764,0.546218,-0.493673,0.466642,0.490080,1.326716,-1.199090,1.133432,0.352204,-0.000477,0.506123,-1.814573,2.508941,-0.019301
756,1770132339103,8.404361,134.6719,497.7046,-525.8539,0.545430,-0.494396,0.467421,0.489486,1.325149,-1.201157,1.135622,0.352188,-0.001201,0.506134,-1.811979,2.510797,-0.019460
757,1770132339114,8.415472,134.9418,497.0702,-524.6760,0.544817,-0.494956,0.468249,0.488812,1.324049,-1.202875,1.137969,0.352194,-0.001916,0.506131,-1.809417,2.512766,-0.019631
758,1770132339125,8.426583,135.3095,497.0998,-523.8650,0.544401,-0.495509,0.469155,0.487845,1.323600,-1.204729,1.140656,0.352153,-0.003324,0.506161,-1.804264,2.516426,-0.020236
759,1770132339136,8.437694,135.6258,497.0776,-522.9348,0.543613,-0.496340,0.469822,0.487237,1.322038,-1.207074,1.142583,0.352147,-0.004061,0.506156,-1.801709,2.518309,-0.020278
760,1770132339147,8.448805,135.9435,497.0373,-521.9407,0.542735,-0.496659,0.470983,0.486769,1.320175,-1.208097,1.145642,0.352134,-0.005491,0.506139,-1.796756,2.522035,-0.020719
761,1770132339158,8.459917,136.8676,497.1616,-520.7675,0.542044,-0.497596,0.471596,0.485987,1.318948,-1.210793,1.147527,0.352128,-0.006241,0.506133,-1.794082,2.524041,-0.020803
762,1770132339170,8.471028,137.1426,497.1725,-519.8287,0.541483,-0.498237,0.472426,0.485149,1.318069,-1.212799,1.149971,0.352117,-0.006971,0.506125,-1.791523,2.525918,-0.020896
763,1770132339181,8.482139,137.4428,497.1663,-518.9440,0.540842,-0.498972,0.473200,0.484354,1.316969,-1.215014,1.152258,0.352080,-0.008427,0.506133,-1.786322,2.529645,-0.021239
764,1770132339192,8.493251,137.6846,497.2001,-517.7119,0.540222,-0.499572,0.474006,0.483638,1.315874,-1.216859,1.154585,0.352053,-0.009163,0.506142,-1.783796,2.531439,-0.021385
765,1770132339203,8.504362,137.7817,496.9572,-516.9117,0.539265,-0.500130,0.475056,0.483100,1.313854,-1.218507,1.157416,0.352025,-0.010658,0.506124,-1.778506,2.535372,-0.021633
766,1770132339214,8.515473,138.2560,496.9005,-515.8033,0.538617,-0.500966,0.475703,0.482320,1.312726,-1.220962,1.159390,0.351994,-0.011436,0.506135,-1.775666,2.537363,-0.021833
767,1770132339225,8.526584,138.5611,496.9242,-514.8735,0.537966,-0.501593,0.476553,0.481554,1.311582,-1.222905,1.161855,0.351967,-0.012187,0.506144,-1.773044,2.539246,-0.022010
768,1770132339236,8.537696,138.8917,496.9895,-513.8386,0.537314,-0.502307,0.477328,0.480769,1.310448,-1.225069,1.164147,0.351906,-0.013684,0.506151,-1.767754,2.543012,-0.022369
769,1770132339247,8.548807,139.2181,496.8978,-512.7882,0.536611,-0.503038,0.478052,0.480071,1.309136,-1.227231,1.166274,0.351891,-0.014442,0.506136,-1.765012,2.544985,-0.022416
770,1770132339258,8.559918,139.4812,496.9404,-511.9632,0.535915,-0.503763,0.478822,0.479320,1.307871,-1.229406,1.168539,0.351832,-0.015945,0.506137,-1.759656,2.548891,-0.022787
771,1770132339270,8.571029,139.8256,496.9222,-510.8848,0.535238,-0.504619,0.479501,0.478497,1.306694,-1.231942,1.170622,0.351808,-0.016716,0.506122,-1.756996,2.550719,-0.022845
772,1770132339281,8.582140,140.1921,496.9293,-509.9158,0.534487,-0.505241,0.480405,0.477772,1.305279,-1.233857,1.173204,0.351792,-0.017481,0.506100,-1.754309,2.552640,-0.023018
773,1770132339292,8.593252,140.2988,497.0562,-508.9119,0.533740,-0.505971,0.481168,0.477065,1.303863,-1.236026,1.175436,0.351686,-0.018981,0.506137,-1.748803,2.556451,-0.023487
774,1770132339303,8.604363,140.5784,497.1622,-507.9346,0.533048,-0.506506,0.482128,0.476303,1.302611,-1.237749,1.178178,0.351644,-0.019759,0.506127,-1.746049,2.558305,-0.023683
775,1770132339314,8.615474,140.8039,497.2010,-506.8510,0.532235,-0.507286,0.482857,0.475643,1.301004,-1.240017,1.180304,0.351600,-0.020546,0.506123,-1.743368,2.560170,-0.023763
776,1770132339325,8.626586,141.1558,497.1715,-505.6323,0.531401,-0.507876,0.483937,0.474847,1.299424,-1.241898,1.183360,0.351516,-0.022114,0.506109,-1.737647,2.564268,-0.024024
777,1770132339336,8.637697,141.5362,496.9913,-504.6814,0.530765,-0.508685,0.484575,0.474042,1.298330,-1.244319,1.185343,0.351448,-0.022909,0.506136,-1.734905,2.566073,-0.024300
778,1770132339347,8.648808,141.8696,497.0212,-503.5009,0.530173,-0.509551,0.485187,0.473147,1.297398,-1.246933,1.187311,0.351328,-0.024491,0.506153,-1.729270,2.569897,-0.024492
779,1770132339358,8.659919,142.0497,497.1060,-502.4369,0.529478,-0.510313,0.485869,0.472404,1.296123,-1.249210,1.189372,0.351259,-0.025273,0.506162,-1.726484,2.571772,-0.024602
780,1770132339370,8.671030,142.2638,497.0092,-501.3074,0.528669,-0.510853,0.486909,0.471655,1.294573,-1.250948,1.192315,0.351202,-0.026042,0.506173,-1.723832,2.573614,-0.024796
781,1770132339381,8.682142,142.4866,496.9647,-500.1954,0.527874,-0.511714,0.487637,0.470860,1.293083,-1.253497,1.194518,0.351073,-0.027628,0.506180,-1.718147,2.577465,-0.024965
782,1770132339392,8.693253,142.8390,496.9510,-499.0637,0.527149,-0.512415,0.488445,0.470070,1.291761,-1.255656,1.196917,0.350996,-0.028418,0.506196,-1.715357,2.579368,-0.025163
783,1770132339403,8.704364,143.0661,496.9293,-498.2290,0.526366,-0.513036,0.489334,0.469345,1.290258,-1.257582,1.199483,0.350850,-0.029998,0.506210,-1.709590,2.583263,-0.025434
784,1770132339414,8.715475,143.2972,496.8691,-497.1057,0.525527,-0.513651,0.490230,0.468677,1.288584,-1.259465,1.202036,0.350775,-0.030787,0.506222,-1.706797,2.585197,-0.025716
785,1770132339425,8.726587,143.5836,496.8185,-496.0927,0.524884,-0.514461,0.491041,0.467660,1.287589,-1.262020,1.204570,0.350691,-0.031586,0.506235,-1.703835,2.587071,-0.025954
786,1770132339436,8.737698,144.1241,496.7984,-495.0485,0.524165,-0.515492,0.491618,0.466723,1.286362,-1.265078,1.206488,0.350539,-0.033201,0.506237,-1.697834,2.591187,-0.026358
787,1770132339447,8.748809,144.1596,497.0083,-493.8275,0.523485,-0.516141,0.492549,0.465788,1.285227,-1.267197,1.209275,0.350465,-0.034002,0.506230,-1.694875,2.593136,-0.026586
788,1770132339458,8.759920,144.5161,496.9777,-492.6031,0.522591,-0.516998,0.493222,0.465129,1.283409,-1.269673,1.211284,0.350312,-0.035608,0.506225,-1.689080,2.597024,-0.026987
789,1770132339470,8.771032,144.7903,496.9845,-491.4873,0.521748,-0.517329,0.494466,0.464385,1.281765,-1.270910,1.214742,0.350220,-0.036400,0.506221,-1.686127,2.598948,-0.027298
790,1770132339481,8.782143,145.0814,496.9801,-490.3827,0.521023,-0.518178,0.495196,0.463474,1.280504,-1.273511,1.217030,0.350110,-0.037211,0.506251,-1.683058,2.600859,-0.027604
791,1770132339492,8.793254,145.2501,496.9990,-489.4874,0.520138,-0.518705,0.496350,0.462643,1.278804,-1.275279,1.220319,0.349963,-0.038802,0.506196,-1.677224,2.604865,-0.027952
792,1770132339503,8.804365,145.5987,496.9804,-488.4508,0.519368,-0.519569,0.496987,0.461853,1.277361,-1.277854,1.222316,0.349901,-0.039620,0.506153,-1.674237,2.606881,-0.027957
793,1770132339514,8.815476,145.9022,497.1224,-487.3822,0.518625,-0.520231,0.497860,0.461003,1.276017,-1.279969,1.224928,0.349785,-0.040402,0.506175,-1.671316,2.608678,-0.028399
794,1770132339525,8.826588,145.9748,496.9165,-486.3791,0.517833,-0.520893,0.498764,0.460168,1.274544,-1.282077,1.227608,0.349600,-0.041988,0.506131,-1.665471,2.612559,-0.028799
795,1770132339536,8.837710,146.3641,497.1375,-485.2077,0.516946,-0.521708,0.499601,0.459333,1.272837,-1.284561,1.230130,0.349486,-0.042792,0.506142,-1.662410,2.614524,-0.029093
796,1770132339547,8.848821,146.5379,497.1545,-483.6937,0.516235,-0.522501,0.500386,0.458375,1.271632,-1.287066,1.232591,0.349287,-0.044393,0.506092,-1.656456,2.618480,-0.029429
797,1770132339558,8.859932,146.7534,497.2159,-482.5038,0.515378,-0.523240,0.501303,0.457495,1.270019,-1.289393,1.235335,0.349161,-0.045232,0.506078,-1.653278,2.620395,-0.029609
798,1770132339570,8.871044,146.8531,497.2283,-481.4020,0.514470,-0.523889,0.502101,0.456899,1.268120,-1.291337,1.237632,0.349050,-0.046031,0.506065,-1.650410,2.622321,-0.029911
799,1770132339581,8.882155,147.0250,496.7201,-480.3651,0.513561,-0.524595,0.503182,0.455921,1.266435,-1.293644,1.240840,0.348808,-0.047665,0.506035,-1.644308,2.626247,-0.030424
800,1770132339592,8.893266,147.3894,496.7099,-479.3428,0.513021,-0.525437,0.503801,0.454875,1.265696,-1.296329,1.242949,0.348700,-0.048457,0.506011,-1.641270,2.628253,-0.030677
801,1770132339603,8.904377,147.5390,496.8940,-478.2153,0.512322,-0.526120,0.504650,0.453930,1.264509,-1.298565,1.245572,0.348463,-0.050064,0.505955,-1.635252,2.632105,-0.031104
802,1770132339614,8.915489,147.9023,497.0101,-477.1551,0.511527,-0.526796,0.505461,0.453139,1.262996,-1.300696,1.248017,0.348344,-0.050851,0.505956,-1.632322,2.634040,-0.031371
803,1770132339625,8.926600,148.1220,496.8450,-476.0939,0.510723,-0.527543,0.506287,0.452255,1.261510,-1.303057,1.250553,0.348241,-0.051668,0.505907,-1.629300,2.636039,-0.031447
804,1770132339636,8.937711,148.3880,497.0764,-475.0052,0.509792,-0.528287,0.507075,0.451553,1.259609,-1.305306,1.252894,0.347983,-0.053288,0.505897,-1.623307,2.639867,-0.031925
805,1770132339647,8.948822,148.4618,496.9434,-473.5738,0.508913,-0.529064,0.507873,0.450737,1.257899,-1.307705,1.255328,0.347847,-0.054124,0.505895,-1.620112,2.641902,-0.032153
806,1770132339658,8.959933,148.6072,496.9016,-472.2703,0.508071,-0.529685,0.508830,0.449878,1.256302,-1.309747,1.258180,0.347550,-0.055796,0.505933,-1.613823,2.645774,-0.032760
807,1770132339670,8.971045,148.9697,496.9530,-471.2789,0.507177,-0.530302,0.509810,0.449049,1.254561,-1.311763,1.261074,0.347436,-0.056638,0.505912,-1.610673,2.647816,-0.032854
808,1770132339681,8.982156,149.0762,496.7141,-470.2602,0.506302,-0.531105,0.510672,0.448107,1.252926,-1.314306,1.263741,0.347285,-0.057464,0.505934,-1.607484,2.649788,-0.033092
809,1770132339692,8.993267,149.2632,496.7654,-469.1160,0.505423,-0.531653,0.511728,0.447245,1.251237,-1.316172,1.266847,0.347012,-0.059103,0.505927,-1.601246,2.653754,-0.033560
810,1770132339703,9.004378,149.2397,496.8550,-468.1465,0.504644,-0.532612,0.512330,0.446292,1.249847,-1.319115,1.268882,0.346880,-0.059925,0.505927,-1.598105,2.655702,-0.033614
811,1770132339714,9.015489,149.4147,496.8967,-467.0436,0.503617,-0.533288,0.513254,0.445584,1.247700,-1.321210,1.271577,0.346750,-0.060732,0.505928,-1.595032,2.657693,-0.033831
812,1770132339725,9.026601,149.6604,496.8345,-465.7168,0.502972,-0.534088,0.513909,0.444598,1.246658,-1.323781,1.273765,0.346466,-0.062369,0.505947,-1.588890,2.661496,-0.034158
813,1770132339736,9.037712,149.9496,496.8382,-464.5134,0.502077,-0.534663,0.514924,0.443742,1.244921,-1.325720,1.276776,0.346333,-0.063215,0.505926,-1.585779,2.663500,-0.034231
814,1770132339747,9.048823,150.1159,496.9063,-463.2790,0.501277,-0.535412,0.515727,0.442811,1.243461,-1.328134,1.279304,0.346033,-0.064876,0.505960,-1.579398,2.667410,-0.034679
815,1770132339758,9.059934,150.3317,496.8235,-461.7762,0.500355,-0.536274,0.516447,0.441970,1.241644,-1.330780,1.281579,0.345888,-0.065710,0.505950,-1.576170,2.669471,-0.034812
816,1770132339770,9.071046,150.4237,496.7760,-460.8549,0.499596,-0.537128,0.517160,0.440958,1.240330,-1.333509,1.283935,0.345744,-0.066549,0.505937,-1.573041,2.671444,-0.034929
817,1770132339781,9.082157,150.6119,496.7719,-459.5780,0.498728,-0.537699,0.518114,0.440124,1.238642,-1.335431,1.286789,0.345424,-0.068221,0.505956,-1.566745,2.675281,-0.035486
818,1770132339792,9.093268,150.8305,496.7942,-458.3723,0.497816,-0.538460,0.519000,0.439180,1.236907,-1.337892,1.289541,0.345258,-0.069067,0.505969,-1.563457,2.677237,-0.035632
819,1770132339803,9.104380,150.9858,496.7646,-457.2862,0.496744,-0.539077,0.519963,0.438498,1.234623,-1.339840,1.292332,0.344922,-0.070721,0.506009,-1.557015,2.681081,-0.036182
820,1770132339814,9.115491,151.0816,496.7359,-456.0820,0.495828,-0.539699,0.520906,0.437649,1.232821,-1.341903,1.295175,0.344753,-0.071550,0.506006,-1.553825,2.683024,-0.036376
821,1770132339825,9.126602,151.3256,496.6949,-454.8574,0.494990,-0.540251,0.521917,0.436711,1.231262,-1.343848,1.298241,0.344576,-0.072367,0.506039,-1.550693,2.684799,-0.036640
822,1770132339836,9.137713,151.4217,496.6906,-453.6519,0.494193,-0.541102,0.522637,0.435698,1.229846,-1.346583,1.300630,0.344225,-0.074043,0.506042,-1.544154,2.688743,-0.037084
823,1770132339847,9.148825,151.7039,496.6947,-452.7164,0.493366,-0.541894,0.523363,0.434778,1.228300,-1.349117,1.302983,0.344033,-0.074873,0.506055,-1.540932,2.690629,-0.037257
824,1770132339858,9.159936,151.8576,496.7032,-451.5558,0.492413,-0.542532,0.524261,0.433981,1.226372,-1.351195,1.305691,0.343655,-0.076546,0.506078,-1.534501,2.694420,-0.037877
825,1770132339870,9.171047,152.0277,496.7872,-450.3009,0.491434,-0.543399,0.525074,0.433021,1.224469,-1.353947,1.308287,0.343468,-0.077376,0.506085,-1.531235,2.696304,-0.038077
826,1770132339881,9.182158,152.0031,496.8555,-449.2845,0.490587,-0.543898,0.526107,0.432100,1.222871,-1.355756,1.311411,0.343289,-0.078213,0.506070,-1.527953,2.698353,-0.038278
827,1770132339892,9.193270,152.1125,496.8990,-448.1346,0.489800,-0.544746,0.526812,0.431065,1.221483,-1.358512,1.313786,0.342891,-0.079890,0.506090,-1.521322,2.702134,-0.038756
828,1770132339903,9.204381,152.2210,496.9451,-447.0363,0.489010,-0.545460,0.527619,0.430071,1.220067,-1.360909,1.316395,0.342689,-0.080700,0.506099,-1.518111,2.704001,-0.039096
829,1770132339914,9.215492,152.5073,496.3857,-445.7519,0.488009,-0.546343,0.528273,0.429283,1.218007,-1.363602,1.318502,0.342499,-0.081532,0.506102,-1.514884,2.705880,-0.039310
830,1770132339925,9.226603,152.6613,496.4948,-444.5859,0.487226,-0.546960,0.529123,0.428340,1.216575,-1.365727,1.321191,0.342127,-0.083197,0.506097,-1.508526,2.709662,-0.039752
831,1770132339936,9.237715,152.8342,496.4509,-443.3937,0.486381,-0.547673,0.530059,0.427230,1.215082,-1.368201,1.324199,0.341907,-0.084022,0.506113,-1.505187,2.711530,-0.040026
832,1770132339947,9.248826,153.0401,496.6680,-441.8503,0.485325,-0.548257,0.530976,0.426543,1.212824,-1.370089,1.326905,0.341511,-0.085691,0.506132,-1.498777,2.715298,-0.040501
833,1770132339958,9.259937,153.1917,496.5799,-440.6490,0.484582,-0.549042,0.531734,0.425432,1.211583,-1.372750,1.329474,0.341299,-0.086539,0.506123,-1.495441,2.717131,-0.040676
834,1770132339970,9.271049,153.3529,496.6179,-439.4576,0.483628,-0.549749,0.532520,0.424621,1.209645,-1.375028,1.331933,0.341090,-0.087381,0.506135,-1.492093,2.718983,-0.040883
835,1770132339981,9.282160,153.3194,496.6294,-438.3307,0.482777,-0.550482,0.533353,0.423592,1.208087,-1.377509,1.334646,0.340668,-0.089047,0.506125,-1.485538,2.722758,-0.041282
836,1770132339992,9.293271,153.2981,496.4690,-437.0649,0.481816,-0.551072,0.534167,0.422893,1.206069,-1.379427,1.337111,0.340443,-0.089882,0.506143,-1.482269,2.724564,-0.041462
837,1770132340003,9.304382,153.3295,496.6191,-435.8001,0.480991,-0.551886,0.534898,0.421845,1.204581,-1.382129,1.339585,0.340012,-0.091518,0.506144,-1.475835,2.728251,-0.041951
838,1770132340014,9.315493,153.4534,496.7482,-434.6349,0.480262,-0.552665,0.535556,0.420821,1.203319,-1.384729,1.341861,0.339796,-0.092363,0.506133,-1.472500,2.730053,-0.042041
839,1770132340025,9.326605,153.4460,496.7539,-433.5086,0.479421,-0.553466,0.536192,0.419917,1.201710,-1.387311,1.344011,0.339568,-0.093153,0.506147,-1.469292,2.731853,-0.042250
840,1770132340036,9.337716,153.7209,496.7827,-432.4348,0.478474,-0.554003,0.537067,0.419168,1.199749,-1.389135,1.346669,0.339122,-0.094780,0.506134,-1.462745,2.735490,-0.042719
841,1770132340047,9.348827,153.6992,496.6847,-431.0570,0.477544,-0.554656,0.537863,0.418345,1.197869,-1.391297,1.349175,0.338891,-0.095608,0.506133,-1.459463,2.737313,-0.042865
842,1770132340058,9.359939,153.8096,496.7595,-429.8704,0.476518,-0.555211,0.538793,0.417580,1.195718,-1.393181,1.351983,0.338438,-0.097261,0.506118,-1.452936,2.741036,-0.043307
843,1770132340070,9.371050,153.8473,496.8239,-428.8644,0.475686,-0.556036,0.539459,0.416571,1.194184,-1.395896,1.354281,0.338189,-0.098127,0.506122,-1.449460,2.743010,-0.043610
844,1770132340081,9.382161,153.8900,496.8468,-427.6865,0.474887,-0.556670,0.540287,0.415561,1.192732,-1.398137,1.356991,0.337950,-0.098947,0.506130,-1.446145,2.744895,-0.043824
845,1770132340092,9.393272,154.0675,496.8488,-426.4172,0.473761,-0.557269,0.541168,0.414896,1.190268,-1.400072,1.359619,0.337460,-0.100560,0.506144,-1.439673,2.748480,-0.044467
846,1770132340103,9.404383,153.9452,496.8026,-425.1684,0.473092,-0.558100,0.541891,0.413598,1.189298,-1.402996,1.362250,0.337189,-0.101359,0.506167,-1.436359,2.750158,-0.044770
847,1770132340114,9.415494,154.0965,496.8472,-424.2930,0.472148,-0.558778,0.542655,0.412757,1.187384,-1.405247,1.364700,0.336955,-0.102165,0.506160,-1.433044,2.752002,-0.044919
848,1770132340125,9.426606,154.0479,496.7989,-422.9595,0.471437,-0.559440,0.543425,0.411659,1.186197,-1.407623,1.367329,0.336458,-0.103729,0.506165,-1.426557,2.755480,-0.045470
849,1770132340136,9.437717,154.0117,496.8434,-421.9136,0.470553,-0.560082,0.544187,0.410791,1.184446,-1.409804,1.369794,0.336195,-0.104512,0.506187,-1.423320,2.757189,-0.045818
850,1770132340147,9.448828,153.9936,496.7781,-420.6767,0.469788,-0.560634,0.544977,0.409865,1.183028,-1.411796,1.372368,0.335662,-0.106079,0.506203,-1.416944,2.760554,-0.046571
851,1770132340158,9.459939,154.0175,496.7865,-419.5239,0.468822,-0.561326,0.545808,0.408916,1.181113,-1.414159,1.375065,0.335417,-0.106892,0.506194,-1.413600,2.762387,-0.046830
852,1770132340170,9.471051,154.1794,496.7316,-418.2918,0.468038,-0.562021,0.546570,0.407840,1.179723,-1.416615,1.377671,0.335167,-0.107689,0.506177,-1.410361,2.764178,-0.047124
853,1770132340181,9.482162,154.2243,496.8759,-417.1273,0.467150,-0.562580,0.547502,0.406837,1.178033,-1.418684,1.380660,0.334635,-0.109281,0.506161,-1.403807,2.767655,-0.047614
854,1770132340192,9.493273,154.3191,496.8425,-415.9541,0.466261,-0.563254,0.548263,0.405898,1.176303,-1.420999,1.383181,0.334367,-0.110087,0.506168,-1.400456,2.769429,-0.047946
855,1770132340203,9.504384,154.3832,496.8589,-414.7842,0.465401,-0.563720,0.549249,0.404905,1.174673,-1.422829,1.386305,0.333832,-0.111664,0.506170,-1.394006,2.772822,-0.048605
856,1770132340214,9.515495,154.0728,496.4330,-413.6013,0.464405,-0.564547,0.549824,0.404113,1.172590,-1.425442,1.388266,0.333542,-0.112478,0.506188,-1.390656,2.774517,-0.048873
857,1770132340225,9.526607,153.8425,496.8259,-412.5286,0.463504,-0.565339,0.550424,0.403223,1.170798,-1.428031,1.390354,0.333289,-0.113273,0.506167,-1.387367,2.776211,-0.049159
858,1770132340236,9.537718,153.9908,496.6157,-411.3814,0.462785,-0.565918,0.551231,0.402133,1.169573,-1.430215,1.393099,0.332749,-0.114853,0.506154,-1.380928,2.779633,-0.049635
859,1770132340247,9.548829,154.0374,496.5481,-410.1538,0.461747,-0.566505,0.552054,0.401370,1.167364,-1.432208,1.395671,0.332480,-0.115647,0.506159,-1.377772,2.781302,-0.049948
860,1770132340258,9.559940,153.9258,496.4942,-408.8579,0.460846,-0.567434,0.552578,0.400372,1.165625,-1.435221,1.397644,0.331934,-0.117254,0.506133,-1.371118,2.784753,-0.050276
861,1770132340270,9.571051,154.1113,496.5428,-407.7660,0.460033,-0.567861,0.553574,0.399324,1.164136,-1.437002,1.400846,0.331643,-0.118032,0.506158,-1.367930,2.786357,-0.050600
862,1770132340281,9.582163,154.1834,496.6724,-406.7736,0.459025,-0.568493,0.554475,0.398334,1.162121,-1.439262,1.403774,0.331383,-0.118834,0.506132,-1.364698,2.788133,-0.050717
863,1770132340292,9.593274,154.3030,496.5340,-405.4133,0.457836,-0.569010,0.555452,0.397601,1.159507,-1.441064,1.406726,0.330812,-0.120443,0.506119,-1.357982,2.791588,-0.051137
864,1770132340303,9.604385,154.2007,496.6506,-404.2631,0.456943,-0.569674,0.556169,0.396675,1.157744,-1.443368,1.409152,0.330539,-0.121239,0.506107,-1.354790,2.793234,-0.051269
865,1770132340314,9.615496,154.1083,496.5613,-402.9009,0.456129,-0.570464,0.556788,0.395607,1.156258,-1.446088,1.411422,0.330252,-0.122046,0.506101,-1.351492,2.794867,-0.051443
866,1770132340325,9.626608,154.1008,496.6223,-401.9467,0.455349,-0.571211,0.557327,0.394667,1.154788,-1.448618,1.413409,0.329679,-0.123628,0.506101,-1.344865,2.798300,-0.051859
867,1770132340336,9.637719,154.1008,496.6027,-400.7082,0.454499,-0.571608,0.558390,0.393568,1.153221,-1.450370,1.416830,0.329388,-0.124412,0.506106,-1.341604,2.799883,-0.052122
868,1770132340347,9.648830,154.0673,496.6210,-399.5678,0.453508,-0.572325,0.559020,0.392775,1.151134,-1.452725,1.418955,0.328820,-0.125983,0.506102,-1.335096,2.803267,-0.052647
869,1770132340358,9.659941,154.2146,496.7087,-398.0594,0.452488,-0.573237,0.559571,0.391834,1.149050,-1.455682,1.420979,0.328532,-0.126776,0.506078,-1.331836,2.804902,-0.052726
870,1770132340370,9.671053,154.1615,496.5927,-396.8371,0.451561,-0.573740,0.560517,0.390813,1.147245,-1.457656,1.424061,0.328231,-0.127591,0.506081,-1.328322,2.806606,-0.052935
871,1770132340381,9.682164,154.2749,496.3554,-395.5241,0.450591,-0.574398,0.561291,0.389856,1.145292,-1.459978,1.426664,0.327648,-0.129147,0.506081,-1.321758,2.809914,-0.053513
872,1770132340392,9.693275,154.2985,496.4430,-394.2258,0.449603,-0.574815,0.562244,0.389008,1.143236,-1.461619,1.429655,0.327347,-0.129925,0.506063,-1.318444,2.811567,-0.053764
873,1770132340403,9.704386,154.2811,496.3233,-393.3241,0.448804,-0.575791,0.562620,0.387941,1.141775,-1.464835,1.431325,0.326765,-0.131493,0.506024,-1.311964,2.814791,-0.054144
874,1770132340414,9.715497,154.3356,496.2954,-392.1122,0.447889,-0.576112,0.563709,0.386941,1.139980,-1.466339,1.434769,0.326471,-0.132273,0.506006,-1.308665,2.816484,-0.054351
875,1770132340425,9.726609,154.1643,496.3511,-391.1193,0.447017,-0.576838,0.564342,0.385943,1.138295,-1.468873,1.437054,0.326174,-0.133050,0.505990,-1.305337,2.818108,-0.054440
876,1770132340436,9.737720,153.7396,496.4180,-390.0086,0.445987,-0.577463,0.565111,0.385074,1.136135,-1.471066,1.439598,0.325553,-0.134588,0.505996,-1.298770,2.821188,-0.054900
877,1770132340447,9.748831,153.8807,496.4528,-388.8675,0.444974,-0.577675,0.566155,0.384394,1.133916,-1.472076,1.442719,0.325235,-0.135332,0.506000,-1.295636,2.822744,-0.055269
878,1770132340458,9.759943,153.9086,496.3862,-387.5475,0.444131,-0.578537,0.566627,0.383375,1.132312,-1.474979,1.444613,0.324568,-0.136869,0.506043,-1.288883,2.825820,-0.055870
879,1770132340470,9.771054,153.8834,496.3957,-386.3120,0.443160,-0.578929,0.567620,0.382437,1.130334,-1.476630,1.447784,0.324251,-0.137634,0.506042,-1.285555,2.827494,-0.056117
880,1770132340481,9.782165,153.7600,496.2256,-385.2356,0.442276,-0.579777,0.568168,0.381361,1.128651,-1.479541,1.449916,0.323926,-0.138415,0.506025,-1.282153,2.829091,-0.056164
881,1770132340492,9.793277,153.7591,496.2040,-384.1201,0.441268,-0.580187,0.569074,0.380553,1.126507,-1.481150,1.452780,0.323268,-0.139950,0.506031,-1.275518,2.832306,-0.056656
882,1770132340503,9.804388,153.6943,496.1938,-382.9316,0.440439,-0.580737,0.569792,0.379598,1.124897,-1.483223,1.455267,0.322945,-0.140694,0.506020,-1.272415,2.833800,-0.056782
883,1770132340514,9.815499,153.6242,496.2495,-381.7862,0.439488,-0.581254,0.570637,0.378638,1.122977,-1.485216,1.458087,0.322605,-0.141429,0.506040,-1.269115,2.835209,-0.057182
884,1770132340525,9.826610,153.3436,496.2292,-380.7997,0.438493,-0.581848,0.571372,0.377771,1.120893,-1.487340,1.460563,0.321948,-0.142898,0.506046,-1.262594,2.838413,-0.057651
885,1770132340536,9.837722,153.4408,496.1859,-379.5995,0.437683,-0.582386,0.572139,0.376720,1.119376,-1.489454,1.463250,0.321587,-0.143637,0.506066,-1.259255,2.839827,-0.057929
886,1770132340547,9.848833,153.3639,496.1458,-378.4627,0.436621,-0.583021,0.572847,0.375894,1.117096,-1.491661,1.465630,0.320923,-0.145119,0.506065,-1.252914,2.842841,-0.058225
887,1770132340558,9.859944,153.1267,496.1572,-377.4113,0.435915,-0.583462,0.573676,0.374761,1.115889,-1.493589,1.468540,0.320571,-0.145872,0.506073,-1.249597,2.844309,-0.058451
888,1770132340570,9.871055,152.9195,496.1909,-376.2346,0.435015,-0.584102,0.574300,0.373854,1.114062,-1.495869,1.470766,0.320218,-0.146630,0.506093,-1.246217,2.845871,-0.058681
889,1770132340581,9.882167,152.7650,495.9337,-375.1413,0.434037,-0.584691,0.575150,0.372762,1.112132,-1.498153,1.473705,0.319512,-0.148122,0.506100,-1.239500,2.848953,-0.059073
890,1770132340592,9.893278,152.6659,495.8025,-374.0374,0.433113,-0.585425,0.575700,0.371835,1.110251,-1.500691,1.475762,0.319161,-0.148898,0.506095,-1.236095,2.850453,-0.059180
891,1770132340603,9.904389,152.5450,495.7473,-372.9085,0.432023,-0.585949,0.576525,0.370997,1.107898,-1.502632,1.478463,0.318440,-0.150397,0.506105,-1.229391,2.853521,-0.059523
892,1770132340614,9.915501,152.5324,496.0428,-371.6959,0.431139,-0.586598,0.577178,0.369983,1.106163,-1.505021,1.480852,0.318095,-0.151131,0.506114,-1.226026,2.855123,-0.059735
893,1770132340625,9.926612,152.4208,496.0963,-370.5139,0.430112,-0.587139,0.578013,0.369016,1.104034,-1.507101,1.483674,0.317720,-0.151890,0.506125,-1.222613,2.856560,-0.059854
894,1770132340636,9.937723,152.3107,496.1290,-369.3411,0.429168,-0.587824,0.578585,0.368128,1.102075,-1.509493,1.485769,0.317035,-0.153373,0.506128,-1.216027,2.859679,-0.060116
895,1770132340647,9.948834,152.1714,496.2124,-368.1428,0.428240,-0.588432,0.579311,0.367093,1.100235,-1.511798,1.488366,0.316669,-0.154133,0.506126,-1.212639,2.861126,-0.060216
896,1770132340658,9.959946,152.0621,496.2698,-366.9886,0.427358,-0.588912,0.580094,0.366112,1.098481,-1.513738,1.491073,0.315922,-0.155603,0.506161,-1.205988,2.863986,-0.060664
897,1770132340670,9.971057,151.9667,496.4019,-365.7616,0.426437,-0.589647,0.580601,0.365200,1.096590,-1.516284,1.493023,0.315586,-0.156356,0.506135,-1.202896,2.865428,-0.060710
898,1770132340681,9.982168,151.8340,496.4600,-364.5307,0.425502,-0.590138,0.581403,0.364220,1.094695,-1.518258,1.495783,0.315220,-0.157078,0.506149,-1.199560,2.866908,-0.060976
899,1770132340692,9.993279,151.5838,496.5511,-363.4467,0.424294,-0.590829,0.582218,0.363206,1.092114,-1.520769,1.498605,0.314479,-0.158605,0.506134,-1.192804,2.869910,-0.061244
900,1770132340703,10.004391,151.4453,496.5829,-362.2193,0.423409,-0.591528,0.582745,0.362254,1.090333,-1.523260,1.500642,0.314082,-0.159372,0.506149,-1.189332,2.871403,-0.061537
901,1770132340714,10.015502,151.2516,496.5377,-360.9639,0.422488,-0.592219,0.583471,0.361030,1.088595,-1.525930,1.503390,0.313334,-0.160907,0.506132,-1.182632,2.874348,-0.061741
902,1770132340725,10.026613,151.0727,496.6117,-359.7490,0.421379,-0.592569,0.584392,0.360261,1.086137,-1.527391,1.506315,0.312963,-0.161663,0.506127,-1.179305,2.875909,-0.061938
903,1770132340736,10.037724,150.7030,496.6208,-358.6713,0.420736,-0.593357,0.584847,0.358976,1.085146,-1.530363,1.508414,0.312561,-0.162412,0.506128,-1.175943,2.877271,-0.062168
904,1770132340747,10.048836,150.8316,496.4244,-357.4014,0.419702,-0.593832,0.585596,0.358177,1.082892,-1.532174,1.510924,0.311786,-0.163922,0.506124,-1.169122,2.880331,-0.062449
905,1770132340758,10.059947,150.6786,496.2737,-356.4488,0.418943,-0.594348,0.586300,0.357059,1.081513,-1.534325,1.513548,0.311409,-0.164653,0.506111,-1.165855,2.881686,-0.062664
906,1770132340770,10.071058,150.5215,496.2518,-355.3069,0.417784,-0.594901,0.587116,0.356152,1.078989,-1.536419,1.516315,0.311018,-0.165390,0.506106,-1.162460,2.883127,-0.062800
907,1770132340781,10.082169,150.3690,496.1944,-354.1718,0.416833,-0.595253,0.587958,0.355289,1.076978,-1.537964,1.519116,0.310219,-0.166859,0.506113,-1.155510,2.886055,-0.063409
908,1770132340792,10.093280,150.1239,496.2745,-352.9062,0.415881,-0.595867,0.588614,0.354289,1.075034,-1.540289,1.521540,0.309833,-0.167621,0.506092,-1.152073,2.887544,-0.063449
909,1770132340803,10.104392,149.9698,496.2866,-351.7221,0.414951,-0.596263,0.589473,0.353281,1.073150,-1.542060,1.524498,0.309020,-0.169074,0.506103,-1.145187,2.890439,-0.064133
910,1770132340814,10.115503,149.7188,496.2323,-350.8043,0.413885,-0.596839,0.590137,0.352450,1.070818,-1.544166,1.526825,0.308619,-0.169821,0.506087,-1.141707,2.891922,-0.064246
911,1770132340825,10.126614,149.5263,496.2617,-349.6814,0.412964,-0.597528,0.590616,0.351559,1.068893,-1.546610,1.528720,0.308210,-0.170554,0.506081,-1.138232,2.893310,-0.064509
912,1770132340836,10.137725,149.0965,496.1096,-348.6835,0.411887,-0.598193,0.591186,0.350732,1.066531,-1.548946,1.530803,0.307393,-0.172010,0.506086,-1.131326,2.896155,-0.064891
913,1770132340847,10.148836,148.7894,496.1344,-347.3858,0.411058,-0.598564,0.591903,0.349862,1.064829,-1.550556,1.533299,0.306987,-0.172714,0.506084,-1.128014,2.897560,-0.065214
914,1770132340858,10.159948,148.5129,496.1073,-346.2793,0.409903,-0.599211,0.592585,0.348954,1.062302,-1.552909,1.535738,0.306186,-0.174129,0.506059,-1.121321,2.900346,-0.065503
915,1770132340870,10.171059,148.3913,496.0724,-345.1219,0.409195,-0.599512,0.593422,0.347843,1.061035,-1.554522,1.538730,0.305779,-0.174846,0.506068,-1.117795,2.901817,-0.065835
916,1770132340881,10.182170,148.3198,495.9400,-343.8686,0.408208,-0.600391,0.593844,0.346765,1.059026,-1.557611,1.540625,0.305361,-0.175566,0.506066,-1.114450,2.903132,-0.066025
917,1770132340892,10.193281,148.2416,495.7094,-342.9612,0.406992,-0.600830,0.594674,0.346013,1.056252,-1.559314,1.543337,0.304539,-0.177007,0.506045,-1.107597,2.906028,-0.066425
918,1770132340903,10.204393,147.9455,495.7219,-341.4666,0.406106,-0.601423,0.595300,0.344945,1.054496,-1.561656,1.545758,0.304115,-0.177722,0.506045,-1.104206,2.907329,-0.066580
919,1770132340914,10.215504,147.7847,495.8086,-340.3788,0.405189,-0.601872,0.596112,0.343834,1.052680,-1.563662,1.548698,0.303685,-0.178454,0.506048,-1.100680,2.908749,-0.066777
920,1770132340925,10.226615,147.3334,495.7609,-339.2698,0.403906,-0.602394,0.596897,0.343069,1.049735,-1.565597,1.551311,0.302833,-0.179890,0.506056,-1.093746,2.911536,-0.067196
921,1770132340936,10.237727,147.0664,495.7787,-338.1335,0.403069,-0.602982,0.597516,0.341941,1.048131,-1.567979,1.553766,0.302408,-0.180609,0.506046,-1.090379,2.912849,-0.067416
922,1770132340947,10.248838,147.0409,495.7473,-336.9309,0.402002,-0.603484,0.598261,0.341006,1.045831,-1.569997,1.556408,0.301531,-0.182035,0.506063,-1.083502,2.915634,-0.067923
923,1770132340958,10.259949,146.8322,495.8513,-335.9780,0.401093,-0.603872,0.599137,0.339849,1.044050,-1.571887,1.559561,0.301088,-0.182730,0.506083,-1.080099,2.916903,-0.068197
924,1770132340970,10.271061,146.7791,495.6918,-334.9032,0.400109,-0.604600,0.599704,0.338714,1.042062,-1.574647,1.561894,0.300668,-0.183451,0.506072,-1.076659,2.918240,-0.068260
925,1770132340981,10.282172,146.4416,495.8979,-333.5056,0.398973,-0.605148,0.600417,0.337809,1.039560,-1.576766,1.564439,0.299799,-0.184865,0.506071,-1.069752,2.921003,-0.068702
926,1770132340992,10.293283,146.2054,496.1727,-332.4187,0.398000,-0.605834,0.601008,0.336676,1.037594,-1.579423,1.566840,0.299351,-0.185570,0.506081,-1.066321,2.922305,-0.068836
927,1770132341003,10.304394,145.9492,496.2845,-331.2366,0.397131,-0.606291,0.601693,0.335655,1.035841,-1.581398,1.569402,0.298438,-0.187001,0.506095,-1.059544,2.924815,-0.069247
928,1770132341014,10.315506,145.7610,496.2780,-329.9314,0.395912,-0.606824,0.602509,0.334667,1.033158,-1.583547,1.572287,0.297999,-0.187737,0.506076,-1.056023,2.926266,-0.069213
929,1770132341025,10.326617,145.5187,496.4317,-328.7246,0.395136,-0.607270,0.603172,0.333578,1.031681,-1.585550,1.574851,0.297534,-0.188432,0.506113,-1.052632,2.927517,-0.069521
930,1770132341036,10.337728,145.0392,496.3825,-327.5741,0.394022,-0.607853,0.603851,0.332604,1.029259,-1.587826,1.577371,0.296617,-0.189870,0.506128,-1.045732,2.930078,-0.069830
931,1770132341047,10.348839,144.7860,496.4695,-326.3878,0.392912,-0.608309,0.604615,0.331693,1.026816,-1.589723,1.580069,0.296158,-0.190566,0.506144,-1.042287,2.931465,-0.070007
932,1770132341058,10.359950,144.4446,495.9657,-325.4179,0.391912,-0.608950,0.605173,0.330682,1.024707,-1.592181,1.582304,0.295241,-0.191988,0.506184,-1.035541,2.934026,-0.070324
933,1770132341070,10.371062,144.0925,496.0247,-324.2530,0.390905,-0.609461,0.605904,0.329591,1.022618,-1.594366,1.585060,0.294729,-0.192760,0.506195,-1.031718,2.935398,-0.070367
934,1770132341081,10.382173,143.8264,496.1156,-323.2122,0.390110,-0.609899,0.606525,0.328582,1.021039,-1.596297,1.587465,0.294271,-0.193445,0.506224,-1.028446,2.936596,-0.070605
935,1770132341092,10.393284,143.3706,496.2617,-322.0049,0.388957,-0.610507,0.607218,0.327536,1.018543,-1.598706,1.590094,0.293327,-0.194853,0.506274,-1.021481,2.939213,-0.071064
936,1770132341103,10.404396,143.4525,496.3809,-320.7922,0.388021,-0.610936,0.607904,0.326572,1.016571,-1.600583,1.592640,0.292836,-0.195546,0.506315,-1.017987,2.940456,-0.071329
937,1770132341114,10.415507,143.0809,496.3125,-319.7102,0.386962,-0.611527,0.608569,0.325482,1.014337,-1.602986,1.595233,0.291867,-0.196989,0.506349,-1.010919,2.943056,-0.071695
938,1770132341125,10.426618,142.7374,496.3863,-318.5553,0.385815,-0.611955,0.609353,0.324571,1.011782,-1.604824,1.598000,0.291396,-0.197704,0.506360,-1.007493,2.944394,-0.071772
939,1770132341136,10.437729,142.3494,496.2453,-317.2230,0.384899,-0.612568,0.609861,0.323548,1.009884,-1.607235,1.600132,0.290884,-0.198411,0.506404,-1.004067,2.945605,-0.072070
940,1770132341147,10.448841,142.0110,496.3521,-316.0999,0.383873,-0.613121,0.610487,0.322538,1.007691,-1.609483,1.602568,0.289902,-0.199809,0.506470,-0.997058,2.948158,-0.072498
941,1770132341158,10.459952,141.7813,496.2575,-315.0061,0.382815,-0.613572,0.611190,0.321603,1.005375,-1.611406,1.605150,0.289426,-0.200515,0.506496,-0.993681,2.949407,-0.072626
942,1770132341170,10.471063,141.2346,496.4753,-313.7821,0.381753,-0.614144,0.611802,0.320610,1.003074,-1.613693,1.607540,0.288928,-0.201212,0.506528,-0.990064,2.950700,-0.072770
943,1770132341181,10.482174,141.1955,496.5272,-312.7151,0.380738,-0.614509,0.612540,0.319709,1.000851,-1.615367,1.610192,0.287952,-0.202569,0.506607,-0.983319,2.953104,-0.073345
944,1770132341192,10.493286,140.7621,496.6836,-311.3711,0.379787,-0.614890,0.613333,0.318583,0.998904,-1.617266,1.613169,0.287456,-0.203272,0.506634,-0.979733,2.954373,-0.073491
945,1770132341203,10.504397,140.5476,496.6431,-310.4905,0.378878,-0.615286,0.614058,0.317503,0.997042,-1.619166,1.615933,0.286461,-0.204672,0.506686,-0.972768,2.956892,-0.073920
946,1770132341214,10.515508,140.2559,496.6491,-309.2054,0.377858,-0.615990,0.614563,0.316374,0.994910,-1.621921,1.618161,0.285950,-0.205384,0.506713,-0.969145,2.958103,-0.074136
947,1770132341225,10.526620,139.8458,496.4742,-308.0565,0.376741,-0.616405,0.615251,0.315559,0.992370,-1.623665,1.620624,0.285432,-0.206081,0.506747,-0.965669,2.959226,-0.074339
948,1770132341236,10.537731,139.6586,496.4446,-306.8083,0.375799,-0.616874,0.615952,0.314396,0.990455,-1.625832,1.623400,0.284433,-0.207486,0.506789,-0.958549,2.961688,-0.074723
949,1770132341247,10.548842,139.3580,496.4551,-305.6418,0.374637,-0.617385,0.616611,0.313485,0.987838,-1.627912,1.625870,0.283952,-0.208180,0.506801,-0.955055,2.962946,-0.074873
950,1770132341258,10.559953,138.7466,496.2063,-304.3949,0.373680,-0.617995,0.617138,0.312388,0.985846,-1.630401,1.628141,0.282965,-0.209549,0.506826,-0.947999,2.965305,-0.075246
951,1770132341270,10.571065,138.6966,496.0237,-303.1865,0.372715,-0.618419,0.617785,0.311422,0.983770,-1.632298,1.630626,0.282465,-0.210251,0.506827,-0.944395,2.966524,-0.075263
952,1770132341281,10.582176,138.2488,495.9307,-302.0678,0.371564,-0.618847,0.618572,0.310385,0.981235,-1.634266,1.633539,0.281989,-0.210937,0.506814,-0.940943,2.967665,-0.075267
953,1770132341292,10.593287,137.8130,496.3992,-301.1470,0.370672,-0.619504,0.619003,0.309278,0.979417,-1.636897,1.635574,0.281018,-0.212296,0.506807,-0.933982,2.970028,-0.075393
954,1770132341303,10.604399,137.3421,496.3876,-300.0730,0.369595,-0.620078,0.619562,0.308294,0.977046,-1.639213,1.637850,0.280538,-0.212971,0.506808,-0.930468,2.971225,-0.075519
955,1770132341314,10.615510,136.9785,496.3740,-298.9353,0.368594,-0.620511,0.620271,0.307196,0.974931,-1.641250,1.640615,0.280049,-0.213649,0.506802,-0.927028,2.972409,-0.075756
956,1770132341325,10.626621,136.8632,496.0022,-297.8939,0.367477,-0.621005,0.620926,0.306210,0.972451,-1.643362,1.643151,0.279056,-0.214981,0.506815,-0.920002,2.974753,-0.076118
957,1770132341336,10.637732,136.4149,496.1522,-296.7137,0.366593,-0.621508,0.621452,0.305179,0.970609,-1.645535,1.645386,0.278570,-0.215643,0.506808,-0.916554,2.975916,-0.076283
958,1770132341347,10.648844,136.1170,496.3808,-295.5511,0.365595,-0.621896,0.622087,0.304291,0.968394,-1.647287,1.647793,0.277607,-0.216965,0.506766,-0.909758,2.978259,-0.076516
959,1770132341358,10.659955,135.7076,496.2538,-294.4695,0.364476,-0.622371,0.622749,0.303306,0.965901,-1.649353,1.650355,0.277113,-0.217633,0.506733,-0.906213,2.979427,-0.076557
960,1770132341370,10.671066,135.3456,496.1830,-293.4169,0.363483,-0.622949,0.623250,0.302281,0.963762,-1.651727,1.652523,0.276623,-0.218284,0.506715,-0.902822,2.980522,-0.076630
961,1770132341381,10.682177,135.0097,496.1234,-292.3338,0.362344,-0.623444,0.623828,0.301435,0.961144,-1.653733,1.654753,0.275650,-0.219583,0.506669,-0.895935,2.982897,-0.076911
962,1770132341392,10.693288,134.5969,495.8053,-291.4232,0.361432,-0.623772,0.624577,0.300298,0.959270,-1.655541,1.657678,0.275148,-0.220202,0.506671,-0.892554,2.983887,-0.077256
963,1770132341403,10.704400,134.2149,495.7428,-290.3979,0.360449,-0.624289,0.625105,0.299306,0.957135,-1.657732,1.659899,0.274146,-0.221463,0.506656,-0.885742,2.985975,-0.077598
964,1770132341414,10.715511,133.8916,495.9127,-289.4809,0.359558,-0.624662,0.625775,0.298197,0.955297,-1.659641,1.662597,0.273616,-0.222075,0.506667,-0.882304,2.986972,-0.077885
965,1770132341425,10.726622,133.2369,495.9684,-288.2531,0.358312,-0.625308,0.626304,0.297230,0.952444,-1.662159,1.664807,0.273118,-0.222728,0.506637,-0.878897,2.988087,-0.077821
966,1770132341436,10.737733,132.7744,495.9602,-287.1958,0.357358,-0.625730,0.626915,0.296201,0.950397,-1.664135,1.667288,0.272072,-0.223943,0.506671,-0.872064,2.990173,-0.078416
967,1770132341447,10.748845,132.6336,495.9901,-286.1022,0.356429,-0.626217,0.627488,0.295078,0.948459,-1.666366,1.669748,0.271534,-0.224580,0.506673,-0.868461,2.991278,-0.078598
968,1770132341458,10.759956,132.2464,495.9360,-285.0621,0.355351,-0.626579,0.628123,0.294255,0.945980,-1.668016,1.672126,0.270492,-0.225798,0.506689,-0.861657,2.993335,-0.078936
969,1770132341470,10.771067,132.0431,495.9222,-284.0844,0.354360,-0.627241,0.628544,0.293137,0.943871,-1.670714,1.674184,0.269961,-0.226425,0.506683,-0.858320,2.994351,-0.079007
970,1770132341481,10.782179,131.6614,495.9221,-283.0567,0.353412,-0.627604,0.629199,0.292099,0.941834,-1.672550,1.676800,0.269449,-0.227025,0.506677,-0.854961,2.995362,-0.079207
971,1770132341492,10.793290,130.9580,495.7245,-282.0819,0.352113,-0.628133,0.629798,0.291239,0.938777,-1.674682,1.679120,0.268371,-0.228254,0.506716,-0.847958,2.997478,-0.079520
972,1770132341503,10.804401,130.6580,495.7816,-281.0011,0.351070,-0.628606,0.630324,0.290339,0.936420,-1.676698,1.681281,0.267855,-0.228849,0.506723,-0.844668,2.998534,-0.079739
973,1770132341514,10.815512,130.2851,495.7174,-279.9648,0.350055,-0.629042,0.630914,0.289337,0.934181,-1.678706,1.683700,0.266786,-0.230052,0.506752,-0.837970,3.000490,-0.079975
974,1770132341525,10.826623,129.7758,496.0177,-278.7525,0.349040,-0.629566,0.631424,0.288308,0.931955,-1.680971,1.685935,0.266231,-0.230675,0.506751,-0.834400,3.001507,-0.080084
975,1770132341536,10.837735,129.3138,496.1566,-277.6576,0.347989,-0.630100,0.631916,0.287333,0.929604,-1.683223,1.688076,0.265694,-0.231296,0.506753,-0.830865,3.002589,-0.080187
976,1770132341547,10.848846,128.8467,496.1864,-276.5310,0.346981,-0.630611,0.632420,0.286320,0.927383,-1.685448,1.690281,0.264601,-0.232511,0.506785,-0.823928,3.004674,-0.080405
977,1770132341558,10.859957,128.4983,496.1476,-275.5145,0.346018,-0.630978,0.633061,0.285259,0.925303,-1.687328,1.692898,0.264067,-0.233100,0.506794,-0.820505,3.005668,-0.080586
978,1770132341570,10.871068,128.1434,496.1946,-274.4354,0.345077,-0.631469,0.633521,0.284287,0.923239,-1.689470,1.694960,0.263529,-0.233696,0.506800,-0.817151,3.006634,-0.080670
979,1770132341581,10.882180,127.6602,496.1966,-273.3589,0.344098,-0.631896,0.634066,0.283310,0.921073,-1.691445,1.697253,0.262460,-0.234884,0.506802,-0.810437,3.008619,-0.080845
980,1770132341592,10.893291,127.1911,496.2199,-272.4313,0.343142,-0.632338,0.634615,0.282252,0.919006,-1.693532,1.699631,0.261912,-0.235469,0.506819,-0.807071,3.009535,-0.081067
981,1770132341603,10.904402,126.6807,496.2082,-271.4636,0.342257,-0.632802,0.635111,0.281169,0.917136,-1.695702,1.701889,0.260860,-0.236627,0.506825,-0.800352,3.011510,-0.081162
982,1770132341614,10.915513,126.1788,496.2032,-270.4315,0.341142,-0.633289,0.635633,0.280247,0.914574,-1.697796,1.704081,0.260312,-0.237211,0.506836,-0.796987,3.012435,-0.081217
983,1770132341625,10.926625,125.7830,496.0949,-269.4857,0.340093,-0.633710,0.636158,0.279377,0.912164,-1.699672,1.706239,0.259760,-0.237792,0.506846,-0.793658,3.013349,-0.081392
984,1770132341636,10.937736,125.3463,496.0856,-268.4457,0.339019,-0.634092,0.636783,0.278389,0.909737,-1.701549,1.708770,0.258677,-0.238944,0.506873,-0.786943,3.015264,-0.081634
985,1770132341647,10.948847,124.8376,496.1081,-267.2955,0.337962,-0.634671,0.637200,0.277400,0.907356,-1.703954,1.710745,0.258128,-0.239533,0.506870,-0.783508,3.016221,-0.081799
986,1770132341658,10.959958,124.4723,495.9927,-266.2305,0.336981,-0.635002,0.637795,0.276467,0.905149,-1.705651,1.713151,0.256995,-0.240738,0.506876,-0.776632,3.018191,-0.082023
987,1770132341670,10.971069,124.1850,495.9602,-265.2969,0.336031,-0.635421,0.638317,0.275456,0.903059,-1.707649,1.715432,0.256449,-0.241324,0.506874,-0.773212,3.019134,-0.082109
988,1770132341681,10.982180,123.7178,495.9880,-264.3007,0.335034,-0.635774,0.638896,0.274511,0.900814,-1.709418,1.717812,0.255892,-0.241897,0.506876,-0.769899,3.019956,-0.082334
989,1770132341692,10.993292,123.4179,495.9620,-263.3528,0.334111,-0.636288,0.639271,0.273569,0.898761,-1.711619,1.719643,0.254764,-0.243060,0.506883,-0.763163,3.021792,-0.082548
990,1770132341703,11.004403,122.4823,496.0760,-262.4398,0.333182,-0.636771,0.639784,0.272376,0.896804,-1.713957,1.722068,0.254210,-0.243630,0.506894,-0.759699,3.022714,-0.082644
991,1770132341714,11.015514,122.0156,496.0727,-261.4349,0.332187,-0.637091,0.640405,0.271382,0.894580,-1.715685,1.724612,0.253640,-0.244165,0.506925,-0.756233,3.023629,-0.083089
992,1770132341725,11.026625,121.5459,496.0533,-260.4376,0.331102,-0.637445,0.640951,0.270588,0.892018,-1.717333,1.726777,0.252544,-0.245297,0.506907,-0.749728,3.025482,-0.083212
993,1770132341736,11.037737,121.1384,496.0936,-259.4001,0.330023,-0.637642,0.641716,0.269625,0.889546,-1.718706,1.729687,0.251992,-0.245846,0.506915,-0.746371,3.026368,-0.083545
994,1770132341747,11.048848,120.7573,496.1343,-258.4319,0.329080,-0.638280,0.641961,0.268685,0.887431,-1.721249,1.731176,0.250872,-0.246981,0.506892,-0.739507,3.028167,-0.083607
995,1770132341758,11.059959,120.2205,495.9830,-257.4073,0.328105,-0.638726,0.642490,0.267550,0.885313,-1.723450,1.733606,0.250309,-0.247537,0.506907,-0.736046,3.029110,-0.083918
996,1770132341770,11.071071,119.7534,495.9919,-256.4233,0.327122,-0.639264,0.642873,0.266546,0.883114,-1.725786,1.735528,0.249749,-0.248091,0.506912,-0.732691,3.029926,-0.083995
997,1770132341781,11.082182,119.2499,495.6357,-255.4313,0.325931,-0.639555,0.643566,0.265636,0.880306,-1.727373,1.738207,0.248640,-0.249191,0.506903,-0.726008,3.031683,-0.084285
998,1770132341792,11.093293,118.7825,495.6752,-254.6253,0.325027,-0.639940,0.644067,0.264598,0.878331,-1.729331,1.740482,0.248104,-0.249731,0.506901,-0.722715,3.032525,-0.084342
999,1770132341803,11.104404,118.4619,495.6285,-253.6995,0.324153,-0.640300,0.644597,0.263505,0.876459,-1.731272,1.742890,0.247006,-0.250799,0.506902,-0.716021,3.034233,-0.084751
1000,1770132341814,11.115515,118.0541,495.6850,-252.7036,0.323199,-0.640813,0.644970,0.262515,0.874323,-1.733538,1.744784,0.246468,-0.251344,0.506884,-0.712748,3.035178,-0.084800
1001,1770132341825,11.126627,117.5228,495.8247,-251.6245,0.322371,-0.641300,0.645370,0.261361,0.872598,-1.735880,1.746896,0.245927,-0.251889,0.506865,-0.709366,3.036053,-0.084846
1002,1770132341836,11.137738,117.1307,495.8733,-250.6999,0.321371,-0.641707,0.645800,0.260529,0.870263,-1.737724,1.748806,0.244851,-0.252941,0.506856,-0.702799,3.037748,-0.085134
1003,1770132341847,11.148849,116.5664,495.8951,-249.7451,0.320210,-0.641888,0.646524,0.259715,0.867482,-1.738940,1.751497,0.244321,-0.253441,0.506856,-0.699604,3.038613,-0.085277
1004,1770132341858,11.159961,116.0849,495.9036,-248.8922,0.319232,-0.642324,0.646991,0.258678,0.865292,-1.741048,1.753696,0.243220,-0.254499,0.506850,-0.692922,3.040316,-0.085625
1005,1770132341870,11.171072,115.6222,495.8073,-247.9619,0.318283,-0.642744,0.647463,0.257620,0.863190,-1.743132,1.755930,0.242679,-0.255029,0.506845,-0.689663,3.041146,-0.085713
1006,1770132341881,11.182183,115.1803,495.8405,-246.9790,0.317228,-0.643112,0.647991,0.256675,0.860746,-1.744977,1.758215,0.242132,-0.255561,0.506838,-0.686363,3.041967,-0.085814
1007,1770132341892,11.193294,114.4500,495.8774,-245.8275,0.316303,-0.643566,0.648421,0.255589,0.858716,-1.747187,1.760365,0.241033,-0.256650,0.506823,-0.679792,3.043565,-0.085739
1008,1770132341903,11.204405,113.9686,495.9326,-244.8847,0.315235,-0.644044,0.648777,0.254799,0.856164,-1.749196,1.762049,0.240477,-0.257165,0.506831,-0.676539,3.044340,-0.085832
1009,1770132341914,11.215517,113.7509,496.0564,-244.0301,0.314334,-0.644566,0.649104,0.253757,0.854176,-1.751552,1.763885,0.239380,-0.258213,0.506845,-0.669983,3.045923,-0.085970
1010,1770132341925,11.226628,113.1694,495.9359,-243.0269,0.313362,-0.644884,0.649653,0.252747,0.851979,-1.753329,1.766295,0.238807,-0.258742,0.506846,-0.666686,3.046666,-0.086034
1011,1770132341936,11.237739,112.7836,495.7497,-241.9905,0.312332,-0.645182,0.650197,0.251859,0.849567,-1.754943,1.768584,0.238249,-0.259258,0.506861,-0.663328,3.047494,-0.086083
1012,1770132341947,11.248851,112.1736,495.4797,-241.0779,0.311307,-0.645537,0.650712,0.250888,0.847202,-1.756789,1.770874,0.237124,-0.260294,0.506893,-0.656848,3.048985,-0.086287
1013,1770132341958,11.259962,111.7060,495.5797,-240.1672,0.310498,-0.646008,0.651030,0.249848,0.845457,-1.759017,1.772692,0.236548,-0.260818,0.506906,-0.653445,3.049777,-0.086401
1014,1770132341970,11.271073,111.0581,495.4569,-239.1281,0.309455,-0.646396,0.651543,0.248801,0.843072,-1.761027,1.775049,0.235969,-0.261352,0.506910,-0.650072,3.050524,-0.086427
1015,1770132341981,11.282184,110.5466,495.4135,-238.1453,0.308626,-0.646698,0.652053,0.247708,0.841290,-1.762846,1.777444,0.234814,-0.262392,0.506949,-0.643339,3.052095,-0.086684
1016,1770132341992,11.293296,110.0592,495.5239,-237.4301,0.307554,-0.647210,0.652419,0.246739,0.838789,-1.765127,1.779333,0.234218,-0.262924,0.506962,-0.639911,3.052855,-0.086792
1017,1770132342003,11.304407,109.5986,495.3570,-236.4213,0.306590,-0.647673,0.652771,0.245789,0.836570,-1.767261,1.781172,0.233092,-0.263937,0.506988,-0.633376,3.054380,-0.086997
1018,1770132342014,11.315518,109.0833,495.2134,-235.7337,0.305618,-0.648058,0.653190,0.244870,0.834316,-1.769153,1.783165,0.232518,-0.264429,0.507007,-0.630104,3.055060,-0.087149
1019,1770132342025,11.326629,108.7154,495.1503,-234.7794,0.304681,-0.648342,0.653694,0.243939,0.832161,-1.770785,1.785404,0.231969,-0.264935,0.506994,-0.626880,3.055803,-0.087135
1020,1770132342036,11.337741,108.0710,495.1458,-233.8400,0.303743,-0.648694,0.654207,0.242795,0.830093,-1.772799,1.787865,0.230838,-0.265919,0.506998,-0.620362,3.057222,-0.087311
1021,1770132342047,11.348852,107.5148,495.4135,-232.8756,0.302751,-0.648974,0.654734,0.241864,0.827781,-1.774424,1.790173,0.230278,-0.266422,0.506988,-0.617168,3.057917,-0.087343
1022,1770132342058,11.359963,106.9902,495.4690,-231.9296,0.301756,-0.649423,0.655068,0.240997,0.825434,-1.776452,1.791893,0.229160,-0.267403,0.506980,-0.610670,3.059351,-0.087417
1023,1770132342070,11.371074,106.5239,495.4968,-231.0551,0.301007,-0.649789,0.655475,0.239837,0.823880,-1.778527,1.794090,0.228600,-0.267903,0.506966,-0.607479,3.060075,-0.087349
1024,1770132342081,11.382186,105.9839,495.3382,-230.2319,0.299732,-0.650058,0.656063,0.239095,0.820710,-1.779951,1.796393,0.228037,-0.268386,0.506964,-0.604208,3.060776,-0.087497
1025,1770132342092,11.393297,105.4437,495.2661,-229.3075,0.298827,-0.650451,0.656473,0.238034,0.818682,-1.782012,1.798511,0.226885,-0.269353,0.506968,-0.597498,3.062189,-0.087708
1026,1770132342103,11.404408,105.0791,495.1445,-228.4327,0.297882,-0.650760,0.656989,0.236948,0.816555,-1.783868,1.800943,0.226314,-0.269860,0.506949,-0.594298,3.062861,-0.087742
1027,1770132342114,11.415519,104.4072,495.2065,-227.5637,0.296801,-0.650936,0.657650,0.235985,0.814004,-1.785248,1.803663,0.225730,-0.270350,0.506928,-0.590952,3.063570,-0.087853
1028,1770132342125,11.426631,103.8229,495.1371,-226.4043,0.295735,-0.651443,0.657953,0.235076,0.811464,-1.787489,1.805352,0.224577,-0.271296,0.506940,-0.584453,3.064893,-0.088121
1029,1770132342136,11.437742,103.1772,495.2610,-225.5045,0.294857,-0.651868,0.658258,0.234147,0.809449,-1.789523,1.807065,0.224000,-0.271776,0.506925,-0.581157,3.065566,-0.088322
1030,1770132342147,11.448853,102.5624,494.9182,-224.5422,0.293837,-0.652151,0.658783,0.233160,0.807065,-1.791227,1.809441,0.222835,-0.272741,0.506902,-0.574525,3.066903,-0.088361
1031,1770132342158,11.459965,102.1020,495.0558,-223.5188,0.293073,-0.652530,0.659169,0.231970,0.805468,-1.793383,1.811629,0.222236,-0.273205,0.506908,-0.571131,3.067556,-0.088668
1032,1770132342170,11.471076,101.5905,494.9666,-222.5835,0.292081,-0.652970,0.659504,0.231028,0.803138,-1.795480,1.813446,0.221663,-0.273701,0.506877,-0.567858,3.068258,-0.088560
1033,1770132342181,11.482187,101.1364,494.9372,-221.6892,0.291146,-0.653069,0.660140,0.230108,0.800953,-1.796618,1.816072,0.220509,-0.274615,0.506870,-0.561385,3.069524,-0.088919
1034,1770132342192,11.493298,100.6250,494.8958,-220.8087,0.290220,-0.653753,0.660159,0.229282,0.798752,-1.799280,1.816911,0.219942,-0.275052,0.506869,-0.558287,3.070143,-0.089068
1035,1770132342203,11.504409,99.7999,495.0573,-220.0975,0.289168,-0.654005,0.660716,0.228286,0.796273,-1.800915,1.819395,0.218746,-0.275989,0.506878,-0.551584,3.071392,-0.089454
1036,1770132342214,11.515521,99.2392,495.0667,-219.1642,0.288225,-0.654150,0.661336,0.227262,0.794104,-1.802285,1.822083,0.218161,-0.276439,0.506873,-0.548299,3.072028,-0.089654
1037,1770132342225,11.526632,98.7669,495.0399,-218.4113,0.287159,-0.654589,0.661687,0.226325,0.791559,-1.804384,1.823949,0.217573,-0.276910,0.506869,-0.545015,3.072665,-0.089743
1038,1770132342236,11.537743,98.2562,495.0132,-217.4926,0.286257,-0.654816,0.662181,0.225365,0.789471,-1.805921,1.826232,0.216420,-0.277842,0.506821,-0.538597,3.073943,-0.089895
1039,1770132342247,11.548854,97.8283,494.8677,-216.7523,0.285251,-0.655336,0.662446,0.224349,0.787116,-1.808324,1.827941,0.215829,-0.278305,0.506806,-0.535379,3.074524,-0.089880
1040,1770132342258,11.559966,97.2676,494.9005,-215.8931,0.284463,-0.655568,0.662941,0.223207,0.785415,-1.810052,1.830409,0.214647,-0.279219,0.506785,-0.528861,3.075766,-0.090175
1041,1770132342270,11.571077,96.4383,494.8666,-214.9134,0.283405,-0.655869,0.663385,0.222348,0.782850,-1.811704,1.832466,0.214075,-0.279655,0.506801,-0.525701,3.076358,-0.090356
1042,1770132342281,11.582188,95.8656,494.9354,-213.8996,0.282515,-0.656262,0.663715,0.221334,0.780808,-1.813760,1.834358,0.213463,-0.280114,0.506799,-0.522353,3.076962,-0.090421
1043,1770132342292,11.593299,95.3318,494.9194,-212.9698,0.281563,-0.656548,0.664141,0.220418,0.778554,-1.815429,1.836425,0.212295,-0.281021,0.506778,-0.515980,3.078183,-0.090497
1044,1770132342303,11.604411,94.7243,494.8139,-212.1260,0.280631,-0.656939,0.664524,0.219285,0.776441,-1.817599,1.838586,0.211719,-0.281479,0.506758,-0.512764,3.078785,-0.090491
1045,1770132342314,11.615522,94.1676,494.7747,-211.2607,0.279561,-0.657276,0.664878,0.218565,0.773776,-1.819225,1.840267,0.211719,-0.281479,0.506758,-0.512764,3.078785,-0.090491
1046,1770132342325,11.626634,93.5468,494.7331,-210.4664,0.278644,-0.657505,0.665388,0.217493,0.771675,-1.820891,1.842723,0.210527,-0.282388,0.506736,-0.506271,3.079963,-0.090609
1047,1770132342336,11.637745,92.9527,494.6587,-209.5270,0.277575,-0.657899,0.665744,0.216578,0.769087,-1.822868,1.844603,0.209313,-0.283312,0.506732,-0.499648,3.081165,-0.090713
1048,1770132342347,11.648856,92.3923,494.8545,-208.7381,0.276678,-0.658272,0.666108,0.215469,0.767054,-1.824975,1.846699,0.208122,-0.284190,0.506728,-0.493170,3.082324,-0.090910
1049,1770132342358,11.659967,91.9536,494.7346,-208.0323,0.275603,-0.658637,0.666470,0.214614,0.764421,-1.826813,1.848538,0.207508,-0.284631,0.506738,-0.489876,3.082922,-0.090966
1050,1770132342370,11.671078,91.2504,495.0314,-207.1101,0.274555,-0.658851,0.666966,0.213757,0.761860,-1.828239,1.850757,0.206920,-0.285077,0.506726,-0.486670,3.083471,-0.090953
1051,1770132342381,11.682190,90.6926,494.6166,-206.3324,0.273689,-0.659043,0.667495,0.212621,0.759916,-1.829877,1.853345,0.205747,-0.285920,0.506738,-0.480351,3.084571,-0.091187
1052,1770132342392,11.693301,90.2557,494.3604,-205.7473,0.272871,-0.659273,0.667914,0.211639,0.758041,-1.831472,1.855476,0.205153,-0.286340,0.506759,-0.477180,3.085090,-0.091475
1053,1770132342403,11.704412,89.6146,494.2806,-205.0051,0.271809,-0.659853,0.668092,0.210636,0.755493,-1.834062,1.856962,0.203991,-0.287225,0.506698,-0.470861,3.086205,-0.091258
1054,1770132342414,11.715523,88.9796,494.5151,-203.9934,0.270836,-0.660275,0.668340,0.209779,0.753134,-1.836072,1.858499,0.203411,-0.287625,0.506709,-0.467815,3.086688,-0.091394
1055,1770132342425,11.726634,88.2485,494.7145,-203.2133,0.270026,-0.660580,0.668709,0.208684,0.751318,-1.837993,1.860611,0.202841,-0.288062,0.506678,-0.464682,3.087227,-0.091367
1056,1770132342436,11.737745,87.6932,494.5973,-202.3807,0.269197,-0.660758,0.669135,0.207823,0.749355,-1.839333,1.862653,0.201660,-0.288880,0.506678,-0.458427,3.088261,-0.091596
1057,1770132342447,11.748857,87.0996,494.6543,-201.5343,0.268167,-0.661005,0.669591,0.206898,0.746858,-1.840932,1.864842,0.201053,-0.289290,0.506682,-0.455233,3.088766,-0.091754
1058,1770132342458,11.759968,86.5164,494.4439,-200.5947,0.267187,-0.661314,0.669967,0.205959,0.744502,-1.842715,1.866826,0.199850,-0.290110,0.506676,-0.448810,3.089815,-0.092003
1059,1770132342470,11.771079,85.9613,494.4236,-199.7091,0.266435,-0.661471,0.670457,0.204831,0.742854,-1.844265,1.869320,0.199263,-0.290497,0.506685,-0.445728,3.090318,-0.092147
1060,1770132342481,11.782191,85.4332,494.3456,-198.9627,0.265409,-0.661909,0.670679,0.204019,0.740316,-1.846289,1.870751,0.198668,-0.290916,0.506666,-0.442517,3.090850,-0.092198
1061,1770132342492,11.793302,84.8138,494.4843,-198.1384,0.264486,-0.662230,0.670989,0.203158,0.738080,-1.848035,1.872478,0.197501,-0.291709,0.506658,-0.436328,3.091819,-0.092383
1062,1770132342503,11.804413,84.3560,494.2574,-197.4333,0.263414,-0.662443,0.671474,0.202250,0.735448,-1.849529,1.874744,0.196891,-0.292078,0.506678,-0.433151,3.092320,-0.092564
1063,1770132342514,11.815524,83.9220,494.1738,-196.8754,0.262691,-0.662658,0.671866,0.201182,0.733848,-1.851189,1.876912,0.195700,-0.292851,0.506675,-0.426884,3.093281,-0.092863
1064,1770132342525,11.826636,83.2314,494.0920,-195.9896,0.261687,-0.663002,0.672237,0.200115,0.731463,-1.853210,1.879026,0.195104,-0.293259,0.506654,-0.423581,3.093843,-0.092899
1065,1770132342536,11.837747,82.6992,494.0611,-195.2109,0.260672,-0.663361,0.672524,0.199284,0.728951,-1.855041,1.880666,0.194517,-0.293666,0.506626,-0.420468,3.094257,-0.092892
1066,1770132342547,11.848858,82.1771,493.9545,-194.4722,0.259873,-0.663684,0.672803,0.198308,0.727097,-1.856921,1.882432,0.193363,-0.294435,0.506587,-0.414202,3.095231,-0.093024
1067,1770132342558,11.859969,81.4339,493.9078,-193.7712,0.258631,-0.663947,0.673237,0.197577,0.723907,-1.858385,1.884388,0.192757,-0.294817,0.506576,-0.410981,3.095705,-0.092971
1068,1770132342570,11.871080,80.6382,494.2154,-193.0161,0.257640,-0.664159,0.673686,0.196628,0.721502,-1.859929,1.886608,0.192191,-0.295209,0.506556,-0.407990,3.096204,-0.093029
1069,1770132342581,11.882192,80.0961,493.8329,-192.2801,0.256968,-0.664483,0.674003,0.195320,0.720126,-1.862148,1.888826,0.191004,-0.295927,0.506570,-0.401767,3.097080,-0.093335
1070,1770132342592,11.893303,79.5361,493.6916,-191.4273,0.255971,-0.664775,0.674376,0.194347,0.717709,-1.863943,1.890862,0.190433,-0.296318,0.506549,-0.398492,3.097569,-0.093376
1071,1770132342603,11.904415,78.8316,493.7316,-190.7048,0.254909,-0.665100,0.674635,0.193727,0.714970,-1.865479,1.892223,0.189266,-0.297050,0.506540,-0.392474,3.098429,-0.093541
1072,1770132342614,11.915526,78.2639,493.6227,-190.1209,0.254088,-0.665447,0.674857,0.192840,0.713009,-1.867346,1.893753,0.188686,-0.297405,0.506529,-0.389400,3.098882,-0.093492
1073,1770132342625,11.926637,77.6557,493.6346,-189.3888,0.253153,-0.665539,0.675429,0.191749,0.710805,-1.868704,1.896475,0.188112,-0.297763,0.506534,-0.386325,3.099308,-0.093759
1074,1770132342636,11.937748,76.8868,493.6674,-188.6038,0.252443,-0.666026,0.675500,0.190739,0.709199,-1.871094,1.897708,0.186944,-0.298460,0.506540,-0.380265,3.100132,-0.093955
1075,1770132342647,11.948860,76.3800,493.1312,-187.8347,0.251288,-0.665977,0.676238,0.189820,0.706305,-1.871885,1.900727,0.186350,-0.298826,0.506540,-0.377169,3.100540,-0.094242
1076,1770132342658,11.959971,75.5523,493.4255,-186.9560,0.250577,-0.666348,0.676387,0.188922,0.704648,-1.873841,1.902072,0.185187,-0.299539,0.506508,-0.371094,3.101425,-0.094301
1077,1770132342670,11.971082,74.8920,493.1552,-186.0743,0.249440,-0.666636,0.676724,0.188203,0.701725,-1.875379,1.903761,0.184601,-0.299902,0.506477,-0.368107,3.101803,-0.094322
1078,1770132342681,11.982193,74.5118,493.2424,-185.2660,0.248597,-0.667017,0.676915,0.187283,0.699703,-1.877387,1.905246,0.184025,-0.300261,0.506459,-0.365106,3.102234,-0.094295
1079,1770132342692,11.993304,74.0638,493.0608,-184.5763,0.247950,-0.667138,0.677362,0.186088,0.698333,-1.878945,1.907743,0.182863,-0.300939,0.506451,-0.359096,3.103026,-0.094568
1080,1770132342703,12.004415,73.4502,493.3380,-184.0298,0.246834,-0.667284,0.677860,0.185232,0.695514,-1.880231,1.910032,0.182263,-0.301310,0.506441,-0.355865,3.103413,-0.094770
1081,1770132342714,12.015527,72.7988,493.2997,-183.2652,0.245984,-0.667576,0.678128,0.184329,0.693460,-1.881977,1.911724,0.181093,-0.302015,0.506397,-0.349856,3.104224,-0.094826
1082,1770132342725,12.026638,72.2640,493.2382,-182.6206,0.244662,-0.668008,0.678338,0.183750,0.689948,-1.883788,1.912918,0.180502,-0.302327,0.506421,-0.346790,3.104568,-0.095046
1083,1770132342736,12.037749,71.5640,492.9199,-181.8977,0.243994,-0.668294,0.678568,0.182745,0.688441,-1.885625,1.914616,0.179920,-0.302681,0.506397,-0.343825,3.105000,-0.095006
1084,1770132342747,12.048860,70.7426,493.0801,-181.3770,0.243269,-0.668468,0.678931,0.181724,0.686777,-1.887165,1.916705,0.178737,-0.303349,0.506399,-0.337841,3.105673,-0.095323
1085,1770132342758,12.059972,70.4286,492.6561,-180.5992,0.242369,-0.668696,0.679271,0.180815,0.684575,-1.888743,1.918615,0.178147,-0.303706,0.506392,-0.334813,3.106028,-0.095417
1086,1770132342770,12.071083,69.8169,493.0521,-179.7783,0.241042,-0.668871,0.679738,0.180185,0.681060,-1.889886,1.920593,0.177566,-0.304046,0.506369,-0.331842,3.106386,-0.095381
1087,1770132342781,12.082194,69.1092,492.5443,-178.9328,0.240165,-0.669372,0.679784,0.179320,0.678904,-1.892197,1.921627,0.176392,-0.304722,0.506370,-0.325937,3.107133,-0.095513
1088,1770132342792,12.093305,68.3973,492.8404,-177.9203,0.239461,-0.669376,0.680281,0.178359,0.677269,-1.893201,1.924042,0.175799,-0.305044,0.506361,-0.322944,3.107458,-0.095624
1089,1770132342803,12.104417,67.6949,493.0278,-177.5097,0.238664,-0.669737,0.680456,0.177403,0.675366,-1.895211,1.925545,0.174676,-0.305692,0.506328,-0.317205,3.108196,-0.095564
1090,1770132342814,12.115528,67.1691,492.9582,-176.9556,0.237891,-0.669821,0.680911,0.176376,0.673559,-1.896512,1.927913,0.174095,-0.306028,0.506319,-0.314268,3.108515,-0.095716
1091,1770132342825,12.126639,66.5479,492.9895,-176.4075,0.236648,-0.670195,0.681147,0.175712,0.670284,-1.898263,1.929283,0.173531,-0.306341,0.506309,-0.311410,3.108918,-0.095638
1092,1770132342836,12.137750,65.7802,493.1642,-175.6303,0.235872,-0.670341,0.681554,0.174619,0.668485,-1.899810,1.931591,0.172324,-0.306993,0.506311,-0.305347,3.109580,-0.095906
1093,1770132342847,12.148861,65.1612,492.8157,-175.0094,0.235118,-0.670792,0.681617,0.173655,0.666701,-1.902096,1.932789,0.171740,-0.307328,0.506299,-0.302373,3.109937,-0.095838
1094,1770132342858,12.159972,64.5756,492.7931,-174.3664,0.234323,-0.670851,0.682073,0.172707,0.664790,-1.903251,1.935089,0.170564,-0.307958,0.506289,-0.296478,3.110615,-0.095944
1095,1770132342870,12.171084,63.8287,492.8147,-173.6816,0.233473,-0.671142,0.682263,0.171974,0.662646,-1.904844,1.936408,0.170009,-0.308265,0.506287,-0.293690,3.110959,-0.095973
1096,1770132342881,12.182195,63.1946,492.8542,-173.0597,0.232721,-0.671405,0.682495,0.171049,0.660846,-1.906558,1.938048,0.169420,-0.308575,0.506266,-0.290825,3.111276,-0.095846
1097,1770132342892,12.193306,62.5623,492.7084,-172.2194,0.231842,-0.671596,0.682825,0.170172,0.658670,-1.908019,1.939920,0.168281,-0.309181,0.506267,-0.285192,3.111957,-0.096056
1098,1770132342903,12.204417,61.9156,492.7381,-171.5294,0.231019,-0.671885,0.683053,0.169233,0.656670,-1.909825,1.941572,0.167691,-0.309495,0.506266,-0.282211,3.112229,-0.096031
1099,1770132342914,12.215528,61.2735,492.6037,-170.8740,0.230049,-0.672056,0.683395,0.168494,0.654178,-1.911090,1.943332,0.166535,-0.310081,0.506300,-0.276481,3.112876,-0.096271
1100,1770132342925,12.226640,60.6578,492.6319,-170.2223,0.229290,-0.672444,0.683480,0.167634,0.652328,-1.913097,1.944494,0.165964,-0.310366,0.506318,-0.273632,3.113154,-0.096347
1101,1770132342936,12.237751,60.1402,492.6313,-169.6199,0.228326,-0.672491,0.683952,0.166833,0.649873,-1.914078,1.946697,0.165400,-0.310657,0.506324,-0.270876,3.113448,-0.096408
1102,1770132342947,12.248862,59.6112,492.5259,-169.0999,0.227750,-0.672858,0.684036,0.165790,0.648606,-1.916224,1.948058,0.164263,-0.311214,0.506357,-0.265196,3.114022,-0.096599
1103,1770132342958,12.259974,59.0338,492.5128,-168.4259,0.226928,-0.673013,0.684369,0.164915,0.646578,-1.917590,1.949947,0.163712,-0.311527,0.506344,-0.262461,3.114319,-0.096644
1104,1770132342970,12.271085,58.4402,492.5116,-167.7992,0.225800,-0.673085,0.684852,0.164162,0.643631,-1.918594,1.952133,0.163137,-0.311822,0.506345,-0.259556,3.114642,-0.096537
1105,1770132342981,12.282196,57.6801,492.0733,-167.3143,0.224651,-0.673331,0.685112,0.163641,0.640539,-1.919847,1.953437,0.161999,-0.312421,0.506341,-0.253930,3.115189,-0.096635
1106,1770132342992,12.293307,57.0096,492.1709,-166.6740,0.224003,-0.673506,0.685375,0.162704,0.639024,-1.921342,1.955200,0.161446,-0.312676,0.506363,-0.251152,3.115445,-0.096765
1107,1770132343003,12.304418,56.4455,492.1767,-166.1248,0.223343,-0.673622,0.685698,0.161771,0.637469,-1.922664,1.957131,0.160363,-0.313198,0.506384,-0.245805,3.115961,-0.097144
1108,1770132343014,12.315530,55.9546,492.1509,-165.6079,0.222680,-0.673952,0.685802,0.160867,0.635896,-1.924570,1.958408,0.159828,-0.313495,0.506361,-0.243159,3.116216,-0.097090
1109,1770132343025,12.326641,55.2282,492.2121,-165.0159,0.221413,-0.674113,0.686153,0.160447,0.632424,-1.925475,1.959864,0.159277,-0.313737,0.506376,-0.240364,3.116493,-0.097318
1110,1770132343036,12.337752,54.6490,492.0779,-164.2654,0.220668,-0.674501,0.686231,0.159499,0.630628,-1.927597,1.961120,0.158174,-0.314283,0.506363,-0.234941,3.117019,-0.097456
1111,1770132343047,12.348863,54.1124,492.0284,-163.6156,0.219978,-0.674436,0.686747,0.158510,0.628999,-1.928467,1.963670,0.157600,-0.314529,0.506369,-0.232162,3.117243,-0.097662
1112,1770132343058,12.359975,53.2706,492.0275,-162.8630,0.219263,-0.674742,0.686893,0.157559,0.627286,-1.930363,1.965126,0.156514,-0.315063,0.506328,-0.226848,3.117757,-0.097668
1113,1770132343070,12.371086,52.7395,491.9119,-162.1520,0.218516,-0.674772,0.687314,0.156628,0.625473,-1.931447,1.967347,0.155955,-0.315338,0.506310,-0.224145,3.117996,-0.097842
1114,1770132343081,12.382197,52.1777,491.8603,-161.5458,0.217471,-0.674972,0.687573,0.156086,0.622670,-1.932601,1.968681,0.155434,-0.315569,0.506316,-0.221684,3.118222,-0.097883
1115,1770132343092,12.393328,51.4441,491.7930,-161.0711,0.216589,-0.675222,0.687753,0.155437,0.620367,-1.934016,1.969907,0.154344,-0.316063,0.506311,-0.216367,3.118657,-0.098183
1116,1770132343103,12.404439,50.8647,491.7147,-160.4401,0.216027,-0.675523,0.687845,0.154501,0.619082,-1.935886,1.971196,0.153809,-0.316343,0.506286,-0.213831,3.118932,-0.098099
1117,1770132343114,12.415550,50.0426,491.7568,-159.8234,0.215281,-0.675586,0.688212,0.153630,0.617242,-1.937006,1.973205,0.152706,-0.316858,0.506260,-0.208590,3.119392,-0.098202
1118,1770132343125,12.426661,49.4255,491.7418,-159.1655,0.214461,-0.675657,0.688583,0.152797,0.615178,-1.938109,1.975187,0.152168,-0.317122,0.506243,-0.205865,3.119622,-0.098256
1119,1770132343136,12.437773,48.9166,491.6143,-158.9894,0.213345,-0.676041,0.688655,0.152341,0.612131,-1.939703,1.975895,0.151632,-0.317347,0.506257,-0.203346,3.119839,-0.098298
1120,1770132343147,12.448884,48.3069,491.6513,-158.4937,0.212566,-0.676052,0.689060,0.151549,0.610165,-1.940591,1.977931,0.150578,-0.317838,0.506239,-0.198233,3.120275,-0.098452
1121,1770132343158,12.459995,47.7505,491.6092,-157.9568,0.211836,-0.676428,0.689083,0.150780,0.608332,-1.942506,1.978848,0.150064,-0.318088,0.506213,-0.195657,3.120497,-0.098338
1122,1770132343170,12.471107,47.1175,491.4572,-157.4562,0.211248,-0.676432,0.689466,0.149839,0.606961,-1.943538,1.980986,0.149544,-0.318330,0.506204,-0.193155,3.120691,-0.098374
1123,1770132343181,12.482218,46.5087,491.4035,-156.8543,0.210023,-0.676816,0.689546,0.149459,0.603570,-1.945053,1.981637,0.148497,-0.318787,0.506238,-0.188096,3.121073,-0.098655
1124,1770132343192,12.493329,46.0596,491.5808,-156.2433,0.209325,-0.676642,0.690120,0.148571,0.601864,-1.945520,1.984271,0.147993,-0.319012,0.506216,-0.185575,3.121292,-0.098561
1125,1770132343203,12.504440,45.5593,491.2956,-155.7257,0.208622,-0.676968,0.690183,0.147777,0.600110,-1.947322,1.985337,0.146974,-0.319467,0.506228,-0.180683,3.121675,-0.098655
1126,1770132343214,12.515551,45.1989,491.2421,-155.1601,0.208200,-0.677067,0.690420,0.146811,0.599218,-1.948659,1.987092,0.146479,-0.319691,0.506239,-0.178218,3.121885,-0.098730
1127,1770132343225,12.526663,44.5544,491.4621,-154.7635,0.207295,-0.677437,0.690447,0.146260,0.596797,-1.950326,1.987781,0.145984,-0.319915,0.506237,-0.175807,3.122043,-0.098612
1128,1770132343236,12.537774,43.8064,491.7294,-154.1457,0.206287,-0.677565,0.690716,0.145818,0.594044,-1.951180,1.989049,0.145017,-0.320316,0.506287,-0.171100,3.122377,-0.098943
1129,1770132343247,12.548885,43.3006,491.6600,-153.5584,0.205640,-0.677651,0.690993,0.145017,0.592447,-1.952304,1.990743,0.144547,-0.320519,0.506283,-0.168859,3.122571,-0.098945
1130,1770132343258,12.559996,42.7274,491.6278,-153.1432,0.204898,-0.678133,0.690893,0.144292,0.590549,-1.954487,1.991262,0.143570,-0.320937,0.506295,-0.164077,3.122932,-0.098980
1131,1770132343270,12.571108,42.3024,491.7580,-152.3981,0.204384,-0.678055,0.691314,0.143364,0.589375,-1.955281,1.993516,0.143083,-0.321159,0.506311,-0.161684,3.123076,-0.099049
1132,1770132343281,12.582219,41.7887,491.8265,-151.8776,0.203459,-0.678249,0.691524,0.142747,0.586909,-1.956519,1.994814,0.142592,-0.321377,0.506302,-0.159348,3.123228,-0.098952
1133,1770132343292,12.593330,41.1913,491.7889,-151.3206,0.202638,-0.678467,0.691654,0.142253,0.584704,-1.957691,1.995741,0.141649,-0.321798,0.506317,-0.154676,3.123585,-0.099061
1134,1770132343303,12.604441,40.8370,491.6299,-151.0695,0.201963,-0.678366,0.692120,0.141424,0.583029,-1.958314,1.998017,0.141178,-0.321977,0.506335,-0.152433,3.123720,-0.099224
1135,1770132343314,12.615552,40.1765,491.3073,-150.7139,0.201470,-0.678265,0.692542,0.140542,0.581895,-1.958994,2.000228,0.140258,-0.322401,0.506312,-0.148003,3.124029,-0.099163
1136,1770132343325,12.626664,39.6735,491.3203,-150.3041,0.200844,-0.678943,0.692193,0.139880,0.580303,-1.961684,1.999967,0.139807,-0.322605,0.506318,-0.145779,3.124174,-0.099234
1137,1770132343336,12.637775,39.0369,491.2433,-149.5607,0.199966,-0.679095,0.692398,0.139386,0.577926,-1.962669,2.001115,0.139349,-0.322794,0.506319,-0.143572,3.124285,-0.099225
1138,1770132343347,12.648886,38.2039,491.1549,-149.3679,0.199427,-0.678963,0.692815,0.138728,0.576583,-1.963014,2.003065,0.138465,-0.323195,0.506300,-0.139273,3.124603,-0.099258
1139,1770132343358,12.659998,37.6242,491.3100,-148.8745,0.198751,-0.678976,0.693133,0.138047,0.574849,-1.963806,2.004753,0.138025,-0.323356,0.506309,-0.137179,3.124731,-0.099386
1140,1770132343370,12.671109,37.4681,491.4481,-148.5908,0.198306,-0.679187,0.693201,0.137305,0.573802,-1.965239,2.005789,0.137598,-0.323575,0.506288,-0.135028,3.124902,-0.099213
1141,1770132343381,12.682220,37.0201,491.0574,-148.4800,0.197676,-0.679583,0.693126,0.136628,0.572199,-1.967138,2.006340,0.136754,-0.323940,0.506275,-0.130989,3.125129,-0.099276
1142,1770132343392,12.693331,36.7628,491.2004,-147.7610,0.196857,-0.679278,0.693747,0.136181,0.569970,-1.966750,2.008643,0.136342,-0.324086,0.506284,-0.128913,3.125255,-0.099475
1143,1770132343403,12.704442,36.3810,491.5152,-147.1474,0.196318,-0.679273,0.694025,0.135564,0.568608,-1.967422,2.010149,0.135564,-0.324415,0.506284,-0.125098,3.125468,-0.099571
1144,1770132343414,12.715554,35.6026,491.2458,-147.0520,0.195785,-0.679887,0.693680,0.135020,0.567238,-1.969806,2.009769,0.135171,-0.324570,0.506293,-0.123171,3.125620,-0.099568
1145,1770132343425,12.726666,35.4226,490.9134,-146.5664,0.195188,-0.680105,0.693744,0.134456,0.565690,-1.971068,2.010595,0.134787,-0.324764,0.506259,-0.121356,3.125728,-0.099393
1146,1770132343436,12.737777,34.7889,490.8134,-146.2503,0.194761,-0.679983,0.694121,0.133746,0.564679,-1.971504,2.012496,0.134012,-0.325076,0.506265,-0.117578,3.125940,-0.099528
1147,1770132343447,12.748888,34.3424,490.8003,-145.7451,0.194083,-0.679811,0.694559,0.133325,0.562848,-1.971478,2.014247,0.133628,-0.325210,0.506267,-0.115799,3.126006,-0.099557
1148,1770132343458,12.760000,33.9820,491.0228,-145.0880,0.193441,-0.680303,0.694345,0.132865,0.561133,-1.973419,2.014150,0.132899,-0.325524,0.506234,-0.112357,3.126235,-0.099453
1149,1770132343470,12.771111,33.5248,490.8718,-144.9733,0.193322,-0.680009,0.694835,0.131984,0.561067,-1.973549,2.016577,0.132549,-0.325663,0.506234,-0.110711,3.126337,-0.099522
1150,1770132343481,12.782222,33.3855,490.5442,-144.3466,0.192687,-0.680048,0.695038,0.131636,0.559333,-1.974054,2.017567,0.132197,-0.325826,0.506218,-0.108932,3.126453,-0.099401
1151,1770132343492,12.793333,32.8059,490.4532,-144.3268,0.191886,-0.680724,0.694630,0.131470,0.557062,-1.976200,2.016572,0.131525,-0.326097,0.506207,-0.105771,3.126625,-0.099461
1152,1770132343503,12.804445,32.1164,490.3808,-144.3071,0.191251,-0.680864,0.694734,0.131120,0.555329,-1.977000,2.017273,0.131201,-0.326203,0.506221,-0.104255,3.126720,-0.099455
1153,1770132343514,12.815556,31.9747,490.3963,-143.8161,0.191070,-0.680439,0.695331,0.130422,0.555023,-1.976550,2.019808,0.130584,-0.326486,0.506180,-0.101390,3.126914,-0.099218
1154,1770132343525,12.826667,31.4773,490.3773,-143.7356,0.190568,-0.680577,0.695392,0.130109,0.553663,-1.977302,2.020345,0.130299,-0.326583,0.506189,-0.100006,3.127022,-0.099456
1155,1770132343536,12.837778,31.4299,490.3077,-143.3151,0.189855,-0.681338,0.694874,0.129937,0.551645,-1.979706,2.019037,0.130003,-0.326705,0.506185,-0.098601,3.127083,-0.099238
1156,1770132343547,12.848890,31.1084,490.4463,-142.7937,0.189686,-0.681267,0.695097,0.129364,0.551334,-1.980144,2.020342,0.129466,-0.326899,0.506199,-0.096037,3.127209,-0.099348
1157,1770132343559,12.860001,30.8515,490.3705,-142.5236,0.189382,-0.680960,0.695566,0.128901,0.550595,-1.979774,2.022238,0.129201,-0.327003,0.506193,-0.094784,3.127275,-0.099545
1158,1770132343570,12.871113,30.5686,490.3051,-142.2814,0.188843,-0.681580,0.695131,0.128762,0.549072,-1.981732,2.021133,0.128962,-0.327118,0.506162,-0.093621,3.127381,-0.099122
1159,1770132343581,12.882224,30.3701,490.3359,-142.2318,0.188542,-0.681709,0.695141,0.128464,0.548288,-1.982444,2.021505,0.128492,-0.327316,0.506146,-0.091356,3.127497,-0.099042
1160,1770132343592,12.893335,30.1469,490.3566,-142.0996,0.188317,-0.681154,0.695830,0.128009,0.547776,-1.981343,2.024031,0.128276,-0.327388,0.506130,-0.090326,3.127544,-0.099124
1161,1770132343603,12.904446,29.9165,490.3699,-142.0395,0.188154,-0.681275,0.695819,0.127668,0.547409,-1.982077,2.024390,0.127864,-0.327530,0.506146,-0.088398,3.127610,-0.099209
1162,1770132343614,12.915557,29.7676,490.4294,-141.7829,0.187752,-0.681533,0.695708,0.127488,0.546296,-1.983031,2.024275,0.127691,-0.327612,0.506142,-0.087481,3.127679,-0.099158
1163,1770132343625,12.926669,29.6067,490.4406,-141.6024,0.187431,-0.681717,0.695646,0.127312,0.545416,-1.983766,2.024297,0.127493,-0.327681,0.506118,-0.086562,3.127718,-0.099033
1164,1770132343636,12.937780,29.0135,490.8871,-141.9469,0.187006,-0.681681,0.695817,0.127195,0.544216,-1.983793,2.024930,0.127176,-0.327828,0.506102,-0.085083,3.127854,-0.098993
1165,1770132343647,12.948891,29.0545,490.5703,-141.4040,0.187042,-0.681453,0.696092,0.126859,0.544424,-1.983508,2.026119,0.127021,-0.327877,0.506092,-0.084372,3.127849,-0.099032
1166,1770132343659,12.960002,28.7663,490.7437,-141.4232,0.186782,-0.682109,0.695538,0.126753,0.543700,-1.985538,2.024629,0.126745,-0.327973,0.506084,-0.083117,3.127938,-0.098970
1167,1770132343670,12.971114,28.4275,490.8065,-141.1732,0.186634,-0.682078,0.695647,0.126542,0.543335,-1.985687,2.025189,0.126614,-0.328044,0.506094,-0.082536,3.127982,-0.098920
1168,1770132343681,12.982225,28.2438,490.9079,-141.0324,0.186344,-0.681794,0.696029,0.126398,0.542536,-1.985023,2.026467,0.126489,-0.328076,0.506089,-0.081957,3.127993,-0.098999
1169,1770132343692,12.993336,28.1621,490.6864,-140.8755,0.186171,-0.681674,0.696211,0.126296,0.542063,-1.984789,2.027116,0.126264,-0.328167,0.506096,-0.080945,3.128091,-0.098993
1170,1770132343703,13.004447,28.0132,490.7056,-140.8306,0.186050,-0.681762,0.696180,0.126173,0.541748,-1.985185,2.027166,0.126152,-0.328207,0.506073,-0.080495,3.128105,-0.098941
1171,1770132343714,13.015559,28.1903,490.5255,-140.6347,0.185943,-0.682026,0.695987,0.125967,0.541501,-1.986186,2.026844,0.125956,-0.328264,0.506097,-0.079691,3.128151,-0.099083
1172,1770132343725,13.026670,28.1262,490.5403,-140.6387,0.186048,-0.682060,0.695983,0.125651,0.541904,-1.986642,2.027196,0.125873,-0.328325,0.506078,-0.079353,3.128164,-0.098935
1173,1770132343736,13.037781,28.0291,490.5741,-140.6687,0.185845,-0.681858,0.696231,0.125670,0.541307,-1.986033,2.027896,0.125804,-0.328328,0.506081,-0.079017,3.128158,-0.099106
1174,1770132343747,13.048892,27.9358,490.6992,-140.5342,0.185629,-0.682191,0.695939,0.125800,0.540636,-1.986857,2.026897,0.125632,-0.328373,0.506104,-0.078456,3.128174,-0.099231
1175,1770132343759,13.060004,27.6430,490.7851,-140.3857,0.185495,-0.682331,0.695862,0.125668,0.540288,-1.987412,2.026826,0.125554,-0.328410,0.506085,-0.078100,3.128201,-0.099028
1176,1770132343770,13.071115,27.6360,490.4021,-140.3536,0.185523,-0.682027,0.696203,0.125389,0.540455,-1.986843,2.028138,0.125467,-0.328464,0.506071,-0.077632,3.128241,-0.099105
1177,1770132343781,13.082226,27.6988,490.2847,-140.0688,0.185447,-0.682137,0.696138,0.125263,0.540272,-1.987305,2.028096,0.125336,-0.328520,0.506034,-0.077069,3.128300,-0.098962
1178,1770132343792,13.093338,27.7067,490.2613,-139.9921,0.185278,-0.682393,0.695917,0.125350,0.539754,-1.987952,2.027351,0.125284,-0.328530,0.506045,-0.076900,3.128279,-0.098852
1179,1770132343803,13.104449,27.5435,489.9805,-140.2045,0.185225,-0.682386,0.695945,0.125308,0.539611,-1.987980,2.027484,0.125176,-0.328582,0.506016,-0.076470,3.128277,-0.098837
1180,1770132343814,13.115560,27.5123,489.8660,-140.1803,0.185084,-0.682146,0.696219,0.125299,0.539204,-1.987291,2.028290,0.125132,-0.328547,0.506025,-0.076246,3.128300,-0.099045
1181,1770132343825,13.126671,27.2449,490.3306,-140.0126,0.185078,-0.681942,0.696450,0.125134,0.539238,-1.986885,2.029154,0.125095,-0.328601,0.505994,-0.076133,3.128282,-0.098821
1182,1770132343836,13.137782,27.1816,490.2514,-139.9455,0.185163,-0.682374,0.696032,0.124979,0.539532,-1.988320,2.028116,0.125020,-0.328601,0.505998,-0.075776,3.128308,-0.098861
1183,1770132343847,13.148894,27.2874,490.3022,-139.8265,0.185186,-0.681968,0.696434,0.124922,0.539616,-1.987200,2.029354,0.124997,-0.328619,0.505981,-0.075626,3.128350,-0.098863
1184,1770132343859,13.160005,27.3880,490.1650,-139.8626,0.185084,-0.681990,0.696432,0.124964,0.539308,-1.987218,2.029299,0.124936,-0.328625,0.505999,-0.075365,3.128285,-0.098934
1185,1770132343870,13.171117,27.3595,490.1413,-139.8929,0.184914,-0.682054,0.696402,0.125040,0.538787,-1.987316,2.029122,0.124918,-0.328608,0.505995,-0.075290,3.128311,-0.098974
1186,1770132343881,13.182228,27.3712,490.1743,-140.0367,0.184933,-0.682183,0.696280,0.124980,0.538863,-1.987762,2.028838,0.124890,-0.328618,0.506011,-0.075123,3.128275,-0.099083
1187,1770132343892,13.193339,27.3109,490.1246,-140.1667,0.185110,-0.682085,0.696385,0.124672,0.539472,-1.987824,2.029498,0.124842,-0.328630,0.506002,-0.075030,3.128212,-0.099044
1188,1770132343903,13.204450,27.2248,490.4213,-139.9018,0.185128,-0.681979,0.696462,0.124793,0.539487,-1.987379,2.029583,0.124838,-0.328654,0.505997,-0.074917,3.128238,-0.099063
1189,1770132343914,13.215562,27.3839,490.1556,-139.8031,0.185018,-0.682277,0.696185,0.124870,0.539144,-1.988161,2.028688,0.124816,-0.328645,0.506010,-0.074880,3.128223,-0.099195
1190,1770132343925,13.226673,27.3551,490.2558,-139.7412,0.184892,-0.682341,0.696153,0.124885,0.538771,-1.988330,2.028577,0.124792,-0.328658,0.506002,-0.074731,3.128161,-0.099077
1191,1770132343936,13.237784,27.1180,490.3711,-139.9918,0.185114,-0.681861,0.696615,0.124609,0.539504,-1.987242,2.030242,0.124782,-0.328665,0.506007,-0.074713,3.128168,-0.099229
1192,1770132343947,13.248896,27.2447,490.3260,-139.8601,0.185083,-0.682002,0.696490,0.124578,0.539422,-1.987691,2.029913,0.124749,-0.328682,0.506007,-0.074527,3.128120,-0.099355
1193,1770132343959,13.260007,27.0410,490.1910,-140.1936,0.184961,-0.682429,0.696082,0.124700,0.539031,-1.988795,2.028584,0.124738,-0.328718,0.505986,-0.074563,3.128102,-0.099017
1194,1770132343970,13.271118,27.0125,490.1783,-140.2244,0.184957,-0.682239,0.696276,0.124664,0.539028,-1.988281,2.029191,0.124739,-0.328692,0.506009,-0.074490,3.128093,-0.099446
1195,1770132343981,13.282230,27.0499,490.4331,-140.0146,0.185062,-0.681719,0.696789,0.124486,0.539389,-1.986969,2.030891,0.124710,-0.328728,0.505970,-0.074453,3.128021,-0.099293
1196,1770132343992,13.293341,27.0530,490.5423,-139.8446,0.184945,-0.681949,0.696587,0.124531,0.539034,-1.987588,2.030250,0.124700,-0.328733,0.505987,-0.074378,3.128034,-0.099331
1197,1770132344003,13.304452,27.0416,490.5845,-139.7738,0.184759,-0.682352,0.696223,0.124634,0.538463,-1.988648,2.029071,0.124670,-0.328758,0.505968,-0.074304,3.128016,-0.099313
1198,1770132344014,13.315563,27.0422,490.3414,-139.8547,0.184918,-0.682069,0.696469,0.124572,0.538945,-1.987890,2.029860,0.124665,-0.328776,0.505954,-0.074268,3.127963,-0.099439
1199,1770132344025,13.326674,27.0758,490.1770,-139.7378,0.184958,-0.681997,0.696558,0.124415,0.539109,-1.987858,2.030300,0.124646,-0.328772,0.505964,-0.074156,3.127941,-0.099455
1200,1770132344036,13.337786,27.0851,490.1611,-139.7190,0.184895,-0.682340,0.696208,0.124582,0.538874,-1.988670,2.029088,0.124631,-0.328792,0.505952,-0.074137,3.127908,-0.099436
1201,1770132344047,13.348897,27.1340,490.3616,-139.5382,0.184998,-0.682055,0.696487,0.124430,0.539221,-1.988013,2.030077,0.124626,-0.328817,0.505913,-0.074063,3.127922,-0.099455
1202,1770132344059,13.360008,27.0870,490.1820,-139.7341,0.184965,-0.682003,0.696548,0.124422,0.539127,-1.987869,2.030264,0.124623,-0.328823,0.505911,-0.074138,3.127895,-0.099493
1203,1770132344070,13.371120,27.0616,490.3036,-139.6869,0.184892,-0.682069,0.696506,0.124407,0.538917,-1.988078,2.030159,0.124604,-0.328803,0.505935,-0.074027,3.127878,-0.099679
1204,1770132344081,13.382231,26.9275,490.3089,-139.3314,0.184961,-0.681943,0.696644,0.124219,0.539178,-1.987925,2.030777,0.124587,-0.328834,0.505907,-0.073914,3.127861,-0.099600
1205,1770132344092,13.393342,27.2175,490.3671,-139.0834,0.185020,-0.681771,0.696798,0.124208,0.539352,-1.987437,2.031242,0.124567,-0.328837,0.505902,-0.073897,3.127764,-0.099670
1206,1770132344103,13.404453,27.2437,490.4691,-138.9830,0.184805,-0.681634,0.696966,0.124345,0.538685,-1.986880,2.031570,0.124554,-0.328845,0.505889,-0.073765,3.127815,-0.099692
1207,1770132344114,13.415565,26.9595,490.1655,-139.3549,0.184765,-0.682074,0.696518,0.124501,0.538519,-1.987986,2.030085,0.124551,-0.328849,0.505865,-0.073766,3.127788,-0.099764
1208,1770132344125,13.426676,27.0332,490.1793,-139.4344,0.184842,-0.682192,0.696402,0.124385,0.538779,-1.988463,2.029883,0.124548,-0.328841,0.505860,-0.073766,3.127759,-0.099856
1209,1770132344136,13.437787,27.0247,490.0226,-139.4963,0.184986,-0.681971,0.696599,0.124279,0.539232,-1.987938,2.030580,0.124540,-0.328853,0.505836,-0.073768,3.127755,-0.099970
1210,1770132344147,13.448899,26.9248,490.4538,-139.5124,0.185011,-0.681826,0.696746,0.124218,0.539324,-1.987585,2.031077,0.124548,-0.328834,0.505825,-0.073787,3.127782,-0.100141
1211,1770132344159,13.460010,26.8928,490.5537,-139.4770,0.184853,-0.681895,0.696707,0.124292,0.538839,-1.987701,2.030878,0.124551,-0.328866,0.505772,-0.073747,3.127806,-0.099897
1212,1770132344170,13.471121,26.8205,490.0196,-139.7325,0.184796,-0.682072,0.696549,0.124292,0.538674,-1.988217,2.030418,0.124555,-0.328847,0.505777,-0.073785,3.127781,-0.099878
1213,1770132344181,13.482233,26.7389,489.8595,-139.7048,0.184857,-0.682144,0.696468,0.124255,0.538865,-1.988470,2.030226,0.124551,-0.328851,0.505741,-0.073766,3.127781,-0.099896
1214,1770132344192,13.493344,26.6759,490.0385,-139.7309,0.184937,-0.682206,0.696399,0.124188,0.539116,-1.988726,2.030101,0.124545,-0.328890,0.505700,-0.073729,3.127788,-0.099784
1215,1770132344203,13.504455,26.7300,489.9707,-139.7672,0.184914,-0.682136,0.696460,0.124262,0.539026,-1.988439,2.030193,0.124544,-0.328901,0.505674,-0.073767,3.127742,-0.099724
1216,1770132344214,13.515566,26.7097,489.9377,-139.8368,0.184915,-0.682050,0.696534,0.124316,0.539014,-1.988128,2.030347,0.124548,-0.328925,0.505621,-0.073746,3.127778,-0.099501
1217,1770132344225,13.526678,26.8800,489.8086,-139.6301,0.184852,-0.682050,0.696540,0.124379,0.538809,-1.988054,2.030291,0.124548,-0.328935,0.505597,-0.073727,3.127780,-0.099463
1218,1770132344236,13.537789,26.8248,489.6548,-139.7366,0.184822,-0.682155,0.696442,0.124398,0.538718,-1.988339,2.029984,0.124540,-0.328980,0.505549,-0.073727,3.127804,-0.099260
1219,1770132344247,13.548900,26.9424,489.5105,-139.5432,0.184931,-0.682152,0.696447,0.124222,0.539090,-1.988530,2.030203,0.124525,-0.329007,0.505520,-0.073595,3.127777,-0.099143
1220,1770132344259,13.560011,26.9809,489.4517,-139.5416,0.184859,-0.682341,0.696267,0.124301,0.538855,-1.988992,2.029585,0.124524,-0.329079,0.505439,-0.073556,3.127822,-0.098752
1221,1770132344270,13.571123,26.9321,489.5447,-139.4690,0.184954,-0.682418,0.696166,0.124303,0.539132,-1.989213,2.029288,0.124510,-0.329086,0.505433,-0.073538,3.127776,-0.098730
1222,1770132344281,13.582234,26.9176,489.5296,-139.4495,0.184925,-0.682524,0.696076,0.124266,0.539057,-1.989566,2.029069,0.124508,-0.329131,0.505390,-0.073575,3.127785,-0.098563
1223,1770132344292,13.593345,26.9896,489.4860,-139.2293,0.184940,-0.682586,0.696016,0.124237,0.539111,-1.989780,2.028929,0.124493,-0.329198,0.505323,-0.073442,3.127782,-0.098204
1224,1770132344303,13.604456,27.0156,489.4279,-139.1501,0.184926,-0.682658,0.695948,0.124249,0.539067,-1.989975,2.028715,0.124497,-0.329232,0.505283,-0.073517,3.127742,-0.098015
1225,1770132344314,13.615568,26.8957,489.2795,-139.1560,0.184988,-0.682681,0.695937,0.124091,0.539295,-1.990221,2.028867,0.124485,-0.329322,0.505185,-0.073440,3.127771,-0.097491
1226,1770132344325,13.626679,27.1174,489.0903,-139.2749,0.184823,-0.682808,0.695852,0.124113,0.538809,-1.990567,2.028592,0.124488,-0.329384,0.505113,-0.073382,3.127812,-0.097174
1227,1770132344336,13.637790,27.1958,488.9107,-139.3670,0.184789,-0.682871,0.695770,0.124278,0.538657,-1.990563,2.028162,0.124492,-0.329417,0.505079,-0.073419,3.127805,-0.097041
1228,1770132344347,13.648901,27.1335,488.9404,-139.2833,0.184728,-0.682925,0.695731,0.124288,0.538478,-1.990709,2.028039,0.124489,-0.329516,0.504974,-0.073455,3.127830,-0.096557
1229,1770132344359,13.660013,27.1690,488.8591,-139.2444,0.184722,-0.682956,0.695706,0.124263,0.538467,-1.990829,2.027996,0.124491,-0.329566,0.504926,-0.073436,3.127804,-0.096347
1230,1770132344370,13.671124,27.0675,488.7236,-138.7585,0.184686,-0.683116,0.695572,0.124194,0.538384,-1.991372,2.027683,0.124475,-0.329639,0.504857,-0.073359,3.127827,-0.095973
1231,1770132344381,13.682235,27.0562,488.6136,-138.6622,0.184649,-0.683227,0.695467,0.124229,0.538265,-1.991655,2.027335,0.124481,-0.329761,0.504729,-0.073357,3.127855,-0.095393
1232,1770132344392,13.693346,27.0748,488.6349,-138.5930,0.184617,-0.683328,0.695374,0.124236,0.538169,-1.991943,2.027057,0.124470,-0.329827,0.504672,-0.073356,3.127846,-0.095131
1233,1770132344403,13.704458,27.2202,488.4542,-138.7132,0.184648,-0.683385,0.695319,0.124185,0.538276,-1.992167,2.026957,0.124462,-0.329956,0.504542,-0.073466,3.127852,-0.094535
1234,1770132344414,13.715569,27.1729,488.2714,-138.6230,0.184696,-0.683440,0.695240,0.124251,0.538396,-1.992252,2.026650,0.124462,-0.330043,0.504447,-0.073502,3.127839,-0.094047
1235,1770132344425,13.726680,27.2920,488.1622,-138.5135,0.184670,-0.683565,0.695115,0.124305,0.538302,-1.992554,2.026222,0.124458,-0.330108,0.504388,-0.073539,3.127827,-0.093804
1236,1770132344436,13.737791,27.3194,488.0532,-138.4075,0.184585,-0.683708,0.694987,0.124359,0.538037,-1.992912,2.025788,0.124439,-0.330277,0.504224,-0.073387,3.127835,-0.093015
1237,1770132344447,13.748902,27.4081,487.8608,-138.2817,0.184625,-0.683822,0.694872,0.124319,0.538168,-1.993286,2.025497,0.124441,-0.330374,0.504118,-0.073479,3.127834,-0.092510
1238,1770132344459,13.760013,27.4589,487.8900,-138.1730,0.184620,-0.683896,0.694781,0.124420,0.538123,-1.993390,2.025117,0.124435,-0.330544,0.503954,-0.073475,3.127885,-0.091745
1239,1770132344470,13.771125,27.5013,487.7262,-138.0629,0.184628,-0.684026,0.694664,0.124354,0.538165,-1.993842,2.024850,0.124427,-0.330643,0.503868,-0.073455,3.127894,-0.091353
1240,1770132344481,13.782236,27.4037,487.6214,-137.8447,0.184625,-0.684148,0.694534,0.124412,0.538138,-1.994132,2.024405,0.124434,-0.330748,0.503765,-0.073472,3.127929,-0.090885
1241,1770132344492,13.793347,27.4773,487.4698,-137.7159,0.184529,-0.684321,0.694379,0.124467,0.537843,-1.994573,2.023890,0.124449,-0.330937,0.503562,-0.073488,3.127940,-0.090132
1242,1770132344503,13.804458,27.5307,487.2520,-137.5361,0.184521,-0.684453,0.694259,0.124420,0.537834,-1.995014,2.023594,0.124456,-0.331069,0.503442,-0.073430,3.128004,-0.089553
1243,1770132344514,13.815569,27.5887,487.0336,-137.3984,0.184414,-0.684673,0.694053,0.124525,0.537488,-1.995533,2.022871,0.124460,-0.331333,0.503180,-0.073387,3.128017,-0.088295
1244,1770132344525,13.826681,27.6266,486.8935,-137.2939,0.184476,-0.684802,0.693921,0.124450,0.537693,-1.995997,2.022575,0.124445,-0.331460,0.503060,-0.073310,3.127998,-0.087730
1245,1770132344536,13.837792,27.7539,486.6487,-137.1818,0.184498,-0.684949,0.693761,0.124500,0.537741,-1.996368,2.022052,0.124461,-0.331612,0.502901,-0.073363,3.128031,-0.087000
1246,1770132344547,13.848903,27.8286,486.3864,-137.0195,0.184457,-0.685109,0.693609,0.124530,0.537614,-1.996800,2.021573,0.124473,-0.331882,0.502631,-0.073453,3.127996,-0.085888
1247,1770132344559,13.860015,27.9260,486.1538,-136.8493,0.184454,-0.685353,0.693368,0.124535,0.537603,-1.997505,2.020864,0.124477,-0.332025,0.502494,-0.073413,3.128062,-0.085275
1248,1770132344570,13.871126,27.9114,485.9373,-136.6123,0.184390,-0.685607,0.693122,0.124599,0.537395,-1.998172,2.020075,0.124484,-0.332189,0.502345,-0.073429,3.128083,-0.084561
1249,1770132344581,13.882237,27.9901,485.6590,-136.4186,0.184403,-0.685796,0.692935,0.124583,0.537440,-1.998742,2.019547,0.124478,-0.332523,0.502029,-0.073405,3.128127,-0.083138
1250,1770132344592,13.893348,27.9360,485.4598,-136.0636,0.184420,-0.686084,0.692635,0.124645,0.537470,-1.999509,2.018601,0.124475,-0.332704,0.501851,-0.073364,3.128131,-0.082293
1251,1770132344603,13.904459,28.0225,485.1474,-135.8426,0.184408,-0.686338,0.692376,0.124698,0.537419,-2.000190,2.017785,0.124499,-0.333060,0.501502,-0.073470,3.128176,-0.080701
1252,1770132344614,13.915571,28.2539,485.0180,-135.5737,0.184346,-0.686695,0.692016,0.124824,0.537200,-2.001086,2.016591,0.124511,-0.333260,0.501293,-0.073447,3.128229,-0.079764
1253,1770132344625,13.926682,28.3396,484.5960,-135.2836,0.184327,-0.687078,0.691637,0.124843,0.537137,-2.002181,2.015466,0.124530,-0.333446,0.501096,-0.073462,3.128247,-0.078768
1254,1770132344636,13.937793,28.4504,484.2516,-135.0237,0.184284,-0.687359,0.691350,0.124946,0.536981,-2.002882,2.014512,0.124525,-0.333898,0.500660,-0.073435,3.128300,-0.076821
1255,1770132344647,13.948905,28.6669,483.9793,-134.7874,0.184157,-0.687700,0.691042,0.124965,0.536606,-2.003852,2.013592,0.124539,-0.334108,0.500442,-0.073355,3.128334,-0.075767
1256,1770132344659,13.960016,28.8119,483.6573,-134.5168,0.184131,-0.687977,0.690769,0.124986,0.536523,-2.004637,2.012773,0.124546,-0.334555,0.499979,-0.073384,3.128385,-0.073745
1257,1770132344670,13.971127,28.9611,483.2330,-134.2526,0.184083,-0.688341,0.690405,0.125067,0.536358,-2.005605,2.011619,0.124560,-0.334772,0.499755,-0.073361,3.128415,-0.072748
1258,1770132344681,13.982238,29.1168,483.0143,-133.8539,0.183978,-0.688739,0.690026,0.125119,0.536036,-2.006706,2.010454,0.124562,-0.335023,0.499494,-0.073392,3.128445,-0.071457
1259,1770132344692,13.993349,29.1206,482.8246,-133.5531,0.183982,-0.689014,0.689744,0.125156,0.536037,-2.007463,2.009590,0.124586,-0.335521,0.498979,-0.073439,3.128522,-0.069265
1260,1770132344703,14.004461,29.2658,482.6136,-133.3807,0.183929,-0.689392,0.689370,0.125214,0.535865,-2.008499,2.008433,0.124590,-0.335781,0.498703,-0.073471,3.128525,-0.068010
1261,1770132344714,14.015572,29.3385,481.9946,-132.8846,0.183840,-0.689905,0.688865,0.125297,0.535580,-2.009898,2.006869,0.124600,-0.336345,0.498137,-0.073403,3.128607,-0.065421
1262,1770132344725,14.026683,29.4574,481.4563,-132.5012,0.183804,-0.690369,0.688412,0.125281,0.535481,-2.011268,2.005567,0.124610,-0.336627,0.497858,-0.073417,3.128682,-0.064150
1263,1770132344736,14.037794,29.5405,481.0800,-132.0921,0.183791,-0.690795,0.687972,0.125367,0.535417,-2.012412,2.004187,0.124624,-0.336947,0.497525,-0.073446,3.128658,-0.062570
1264,1770132344747,14.048905,29.7118,480.5703,-131.7385,0.183699,-0.691294,0.687496,0.125368,0.535147,-2.013864,2.002797,0.124634,-0.337551,0.496915,-0.073471,3.128718,-0.059760
1265,1770132344759,14.060017,29.9390,480.0369,-131.3073,0.183506,-0.691792,0.687019,0.125517,0.534542,-2.015144,2.001240,0.124646,-0.337857,0.496617,-0.073540,3.128767,-0.058431
1266,1770132344770,14.071128,30.1387,479.7412,-130.9121,0.183450,-0.692148,0.686676,0.125512,0.534380,-2.016185,2.000246,0.124649,-0.338191,0.496272,-0.073457,3.128816,-0.056857
1267,1770132344781,14.082239,30.3052,479.1994,-130.6868,0.183303,-0.692600,0.686255,0.125536,0.533943,-2.017475,1.998993,0.124654,-0.338864,0.495596,-0.073406,3.128919,-0.053766
1268,1770132344792,14.093351,30.5035,478.6053,-130.2752,0.183162,-0.693106,0.685753,0.125694,0.533484,-2.018768,1.997349,0.124663,-0.339203,0.495247,-0.073435,3.128938,-0.052190
1269,1770132344803,14.104462,30.6879,478.0214,-129.9148,0.183265,-0.693689,0.685134,0.125700,0.533782,-2.020458,1.995541,0.124684,-0.339926,0.494513,-0.073458,3.129017,-0.048874
1270,1770132344814,14.115573,30.8738,477.5987,-129.4838,0.183072,-0.694222,0.684634,0.125767,0.533200,-2.021933,1.994007,0.124688,-0.340290,0.494152,-0.073376,3.129087,-0.047263
1271,1770132344825,14.126684,31.0325,477.0249,-128.9338,0.182923,-0.694718,0.684157,0.125839,0.532743,-2.023296,1.992537,0.124688,-0.340290,0.494152,-0.073376,3.129087,-0.047263
1272,1770132344836,14.137795,31.2095,476.4298,-128.4701,0.182822,-0.695300,0.683597,0.125813,0.532457,-2.025019,1.990936,0.124729,-0.341423,0.493002,-0.073294,3.129213,-0.042029
1273,1770132344847,14.148906,31.4590,476.0101,-127.8875,0.182673,-0.695892,0.683008,0.125953,0.531981,-2.026583,1.989062,0.124729,-0.341813,0.492600,-0.073209,3.129212,-0.040225
1274,1770132344859,14.160018,31.6161,475.3687,-127.3810,0.182477,-0.696532,0.682398,0.126011,0.531393,-2.028378,1.987220,0.124766,-0.342627,0.491742,-0.073266,3.129354,-0.036368
1275,1770132344870,14.171129,31.9421,474.6979,-126.8933,0.182404,-0.697180,0.681740,0.126094,0.531155,-2.030170,1.985208,0.124761,-0.343061,0.491297,-0.073237,3.129392,-0.034308
1276,1770132344881,14.182240,32.0525,474.2221,-126.4114,0.182285,-0.697709,0.681217,0.126166,0.530786,-2.031627,1.983604,0.124762,-0.343490,0.490857,-0.073245,3.129378,-0.032338
1277,1770132344892,14.193351,32.3165,473.7270,-125.8674,0.182277,-0.698414,0.680492,0.126191,0.530756,-2.033651,1.981466,0.124784,-0.344323,0.490003,-0.073243,3.129415,-0.028437
1278,1770132344903,14.204463,32.6420,473.1017,-125.3181,0.182053,-0.699001,0.679928,0.126304,0.530070,-2.035227,1.979696,0.124778,-0.344759,0.489558,-0.073102,3.129486,-0.026450
1279,1770132344914,14.215574,32.8594,472.4427,-124.6205,0.182054,-0.699710,0.679175,0.126427,0.530037,-2.037151,1.977363,0.124809,-0.345639,0.488648,-0.073119,3.129569,-0.022327
1280,1770132344925,14.226685,33.0692,471.7274,-124.0836,0.181919,-0.700340,0.678538,0.126554,0.529604,-2.038837,1.975367,0.124810,-0.346108,0.488165,-0.073126,3.129611,-0.020173
1281,1770132344936,14.237796,33.1448,471.1052,-123.4488,0.181900,-0.701106,0.677744,0.126597,0.529537,-2.041017,1.973007,0.124826,-0.346586,0.487652,-0.073206,3.129593,-0.017865
1282,1770132344947,14.248907,33.3531,470.1836,-122.6708,0.181789,-0.701898,0.676937,0.126684,0.529187,-2.043222,1.970559,0.124835,-0.347555,0.486652,-0.072995,3.129680,-0.013343
1283,1770132344959,14.260019,33.7452,469.4896,-122.0795,0.181576,-0.702612,0.676234,0.126782,0.528538,-2.045185,1.968405,0.124867,-0.348034,0.486149,-0.073040,3.129752,-0.011114
1284,1770132344970,14.271130,33.9774,468.6082,-121.5007,0.181485,-0.703311,0.675492,0.126998,0.528207,-2.046967,1.966001,0.124874,-0.348552,0.485611,-0.073140,3.129776,-0.008719
1285,1770132344981,14.282241,34.2141,467.7786,-120.9592,0.181303,-0.703936,0.674888,0.127002,0.527676,-2.048785,1.964241,0.124885,-0.349542,0.484561,-0.073001,3.129789,-0.004102
1286,1770132344992,14.293353,34.4034,467.2208,-120.4283,0.181185,-0.704721,0.674069,0.127167,0.527285,-2.050875,1.961673,0.124911,-0.350038,0.484027,-0.072951,3.129836,-0.001736
1287,1770132345003,14.304464,34.5334,466.3813,-120.0196,0.181026,-0.705429,0.673358,0.127235,0.526801,-2.052856,1.959527,0.124940,-0.351040,0.482944,-0.072982,3.129908,0.003061
1288,1770132345014,14.315575,34.7368,465.5566,-119.2239,0.180946,-0.706297,0.672432,0.127431,0.526509,-2.055155,1.956613,0.124953,-0.351546,0.482386,-0.072932,3.129949,0.005480
1289,1770132345025,14.326686,35.0096,464.6641,-118.5730,0.180861,-0.707000,0.671707,0.127474,0.526250,-2.057149,1.954457,0.124972,-0.352063,0.481828,-0.072917,3.129928,0.007884
1290,1770132345036,14.337797,35.4373,463.9043,-117.8521,0.180814,-0.707778,0.670893,0.127514,0.526100,-2.059366,1.952042,0.125016,-0.353114,0.480692,-0.072905,3.129919,0.012877
1291,1770132345047,14.348908,35.7112,463.0143,-117.2057,0.180581,-0.708581,0.670083,0.127642,0.525385,-2.061551,1.949546,0.125034,-0.353650,0.480098,-0.072947,3.129940,0.015444
1292,1770132345059,14.360020,36.0741,462.1656,-116.5824,0.180433,-0.709336,0.669305,0.127743,0.524922,-2.063630,1.947169,0.125075,-0.354712,0.478931,-0.072957,3.130001,0.020526
1293,1770132345070,14.371131,36.4202,461.3069,-116.0944,0.180312,-0.710109,0.668495,0.127861,0.524536,-2.065738,1.944681,0.125090,-0.355260,0.478334,-0.072940,3.129994,0.023134
1294,1770132345081,14.382242,36.6609,460.4325,-115.4323,0.180189,-0.710953,0.667605,0.127988,0.524139,-2.068046,1.941954,0.125117,-0.355788,0.477743,-0.072889,3.130021,0.025686
1295,1770132345092,14.393354,36.9531,459.5168,-114.7938,0.180037,-0.711726,0.666804,0.128085,0.523669,-2.070179,1.939514,0.125154,-0.356889,0.476521,-0.072969,3.130005,0.030974
1296,1770132345103,14.404465,37.1081,458.6900,-113.9683,0.179970,-0.712578,0.665892,0.128187,0.523443,-2.072538,1.936750,0.125175,-0.357445,0.475905,-0.072938,3.130074,0.033637
1297,1770132345114,14.415576,37.5497,457.8163,-113.2785,0.179750,-0.713451,0.664983,0.128361,0.522753,-2.074871,1.933915,0.125212,-0.358571,0.474639,-0.072993,3.129973,0.039154
1298,1770132345125,14.426688,37.7656,457.2425,-112.3138,0.179716,-0.714385,0.663969,0.128461,0.522623,-2.077468,1.930857,0.125225,-0.359140,0.474000,-0.073030,3.129925,0.041949
1299,1770132345136,14.437799,38.0592,456.3846,-111.6421,0.179470,-0.715152,0.663182,0.128602,0.521867,-2.079532,1.928414,0.125237,-0.359704,0.473369,-0.072977,3.129936,0.044687
1300,1770132345147,14.448910,38.3467,455.4884,-111.0686,0.179348,-0.715942,0.662338,0.128727,0.521474,-2.081682,1.925823,0.125287,-0.360822,0.472095,-0.073112,3.129921,0.050253
1301,1770132345159,14.460022,38.5518,454.5956,-110.4494,0.179135,-0.716774,0.661470,0.128855,0.520817,-2.083949,1.923160,0.125301,-0.361364,0.471484,-0.073132,3.129887,0.052861
1302,1770132345170,14.471133,38.6891,453.7088,-109.6766,0.179129,-0.717635,0.660531,0.128886,0.520790,-2.086416,1.920395,0.125311,-0.361922,0.470848,-0.073131,3.129839,0.055562
1303,1770132345181,14.482244,39.1710,452.8398,-109.0072,0.178852,-0.718576,0.659533,0.129139,0.519912,-2.088853,1.917216,0.125356,-0.363060,0.469545,-0.073154,3.129831,0.061300
1304,1770132345192,14.493355,39.3337,451.8661,-108.3385,0.178660,-0.719396,0.658664,0.129275,0.519311,-2.091074,1.914545,0.125377,-0.363627,0.468897,-0.073136,3.129801,0.064021
1305,1770132345203,14.504466,39.5801,450.7843,-107.5082,0.178534,-0.720310,0.657670,0.129423,0.518903,-2.093554,1.911493,0.125398,-0.364193,0.468230,-0.073284,3.129749,0.066888
1306,1770132345214,14.515577,40.0337,450.0227,-106.7803,0.178416,-0.721178,0.656733,0.129504,0.518536,-2.095982,1.908683,0.125420,-0.365334,0.466906,-0.073207,3.129650,0.072573
1307,1770132345225,14.526689,40.5092,448.9738,-106.1495,0.178256,-0.722029,0.655806,0.129688,0.518015,-2.098234,1.905788,0.125445,-0.365882,0.466267,-0.073265,3.129607,0.075217
1308,1770132345236,14.537800,40.9496,447.9712,-105.4101,0.178126,-0.722942,0.654827,0.129724,0.517627,-2.100844,1.902905,0.125468,-0.367025,0.464932,-0.073109,3.129462,0.080867
1309,1770132345247,14.548911,41.2601,446.9318,-104.7263,0.177923,-0.723837,0.653861,0.129884,0.516992,-2.103255,1.899925,0.125496,-0.367601,0.464245,-0.073202,3.129420,0.083772
1310,1770132345259,14.560022,41.4022,445.8576,-103.9711,0.177797,-0.724781,0.652843,0.129913,0.516616,-2.105963,1.896936,0.125533,-0.368795,0.462807,-0.073178,3.129308,0.089869
1311,1770132345270,14.571134,41.7102,444.8467,-103.2937,0.177656,-0.725653,0.651896,0.129993,0.516183,-2.108400,1.894100,0.125535,-0.369382,0.462119,-0.073043,3.129228,0.092797
1312,1770132345281,14.582245,41.9537,444.1410,-102.5973,0.177489,-0.726603,0.650872,0.130046,0.515683,-2.111098,1.891066,0.125567,-0.369968,0.461408,-0.073116,3.129175,0.095873
1313,1770132345292,14.593356,42.3132,443.2824,-101.9617,0.177383,-0.727393,0.650006,0.130105,0.515356,-2.113323,1.888487,0.125632,-0.371087,0.460045,-0.073060,3.129088,0.101562
1314,1770132345303,14.604467,42.6679,442.3128,-101.3303,0.177180,-0.728221,0.649097,0.130287,0.514714,-2.115510,1.885650,0.125633,-0.371638,0.459384,-0.072979,3.128973,0.104338
1315,1770132345314,14.615578,42.9503,441.5021,-100.5104,0.177140,-0.729210,0.647995,0.130296,0.514595,-2.118373,1.882439,0.125694,-0.372773,0.458001,-0.073026,3.128792,0.110175
1316,1770132345325,14.626690,43.2384,440.4845,-99.7263,0.177031,-0.730070,0.647044,0.130353,0.514263,-2.120802,1.879618,0.125728,-0.373328,0.457310,-0.073009,3.128754,0.113028
1317,1770132345336,14.637801,43.4246,439.4158,-99.0766,0.176804,-0.731184,0.645831,0.130432,0.513580,-2.123943,1.876007,0.125748,-0.373926,0.456573,-0.072967,3.128680,0.116236
1318,1770132345347,14.648912,43.6750,438.4938,-98.4604,0.176765,-0.732000,0.644876,0.130636,0.513407,-2.126065,1.873018,0.125796,-0.375071,0.455145,-0.072975,3.128473,0.122202
1319,1770132345359,14.660023,44.0635,437.7209,-97.7732,0.176600,-0.732980,0.643796,0.130689,0.512914,-2.128848,1.869826,0.125826,-0.375624,0.454471,-0.072971,3.128386,0.125110
1320,1770132345370,14.671135,44.2529,436.7112,-96.9817,0.176574,-0.733692,0.642974,0.130779,0.512811,-2.130808,1.867341,0.125845,-0.376200,0.453764,-0.072969,3.128304,0.128073
1321,1770132345381,14.682246,44.5797,435.6102,-96.0530,0.176448,-0.734578,0.641972,0.130893,0.512412,-2.133243,1.864313,0.125885,-0.377356,0.452331,-0.072965,3.128153,0.134074
1322,1770132345392,14.693357,44.8267,434.5030,-95.3973,0.176255,-0.735478,0.640993,0.130895,0.511850,-2.135855,1.861467,0.125891,-0.377934,0.451599,-0.072950,3.127953,0.137093
1323,1770132345403,14.704469,45.0755,433.4627,-94.7240,0.176070,-0.736551,0.639800,0.130948,0.511298,-2.138906,1.857947,0.125937,-0.379112,0.450116,-0.072845,3.127747,0.143416
1324,1770132345414,14.715580,45.3313,432.5149,-94.1290,0.175921,-0.737321,0.638903,0.131201,0.510791,-2.140833,1.855073,0.125950,-0.379686,0.449380,-0.072865,3.127681,0.146339
1325,1770132345425,14.726691,45.7176,431.4195,-93.4791,0.175709,-0.738397,0.637686,0.131350,0.510133,-2.143778,1.851385,0.125982,-0.380254,0.448659,-0.073007,3.127536,0.149375
1326,1770132345436,14.737802,45.9945,430.3735,-92.8274,0.175584,-0.739144,0.636827,0.131479,0.509734,-2.145790,1.848757,0.126011,-0.381348,0.447270,-0.072861,3.127256,0.155041
1327,1770132345447,14.748913,46.2968,429.3311,-92.1953,0.175537,-0.739927,0.635927,0.131501,0.509591,-2.148034,1.846119,0.126026,-0.381912,0.446543,-0.072835,3.127121,0.158022
1328,1770132345459,14.760025,46.7286,428.2471,-91.3615,0.175398,-0.740883,0.634817,0.131663,0.509140,-2.150612,1.842729,0.126085,-0.383019,0.445115,-0.072852,3.126946,0.163837
1329,1770132345470,14.771136,47.0212,427.3046,-90.7385,0.175022,-0.741918,0.633654,0.131942,0.507968,-2.153275,1.839059,0.126097,-0.383594,0.444343,-0.072732,3.126811,0.167046
1330,1770132345481,14.782250,47.2856,426.3616,-89.8752,0.174845,-0.742811,0.632626,0.132085,0.507413,-2.155693,1.835928,0.126116,-0.384153,0.443614,-0.072780,3.126659,0.170062
1331,1770132345492,14.793361,47.5796,425.4858,-89.2054,0.174687,-0.743581,0.631751,0.132142,0.506939,-2.157859,1.833330,0.126147,-0.385234,0.442179,-0.072653,3.126361,0.175820
1332,1770132345503,14.804472,47.8723,424.5475,-88.5857,0.174570,-0.744364,0.630841,0.132238,0.506572,-2.160013,1.830588,0.126180,-0.385769,0.441460,-0.072726,3.126254,0.178745
1333,1770132345514,14.815584,48.2060,423.4113,-87.9256,0.174286,-0.745265,0.629831,0.132354,0.505714,-2.162485,1.827538,0.126228,-0.386862,0.439996,-0.072767,3.125948,0.184706
1334,1770132345525,14.826695,48.4938,422.3716,-87.2710,0.174140,-0.746178,0.628761,0.132485,0.505253,-2.164975,1.824298,0.126231,-0.387417,0.439236,-0.072668,3.125806,0.187744
1335,1770132345536,14.837806,48.7676,421.3750,-86.6101,0.174033,-0.747117,0.627659,0.132561,0.504919,-2.167606,1.821024,0.126259,-0.387972,0.438472,-0.072728,3.125596,0.190889
1336,1770132345547,14.848917,48.9587,420.4896,-85.7625,0.173843,-0.748062,0.626571,0.132634,0.504347,-2.170257,1.817789,0.126290,-0.389030,0.437032,-0.072697,3.125296,0.196681
1337,1770132345559,14.860028,49.1704,419.6368,-85.1576,0.173631,-0.748790,0.625732,0.132761,0.503698,-2.172212,1.815225,0.126296,-0.389557,0.436311,-0.072649,3.125109,0.199642
1338,1770132345570,14.871140,49.2817,418.6844,-84.4518,0.173430,-0.749622,0.624750,0.132950,0.503061,-2.174393,1.812184,0.126324,-0.390053,0.435632,-0.072664,3.124969,0.202380
1339,1770132345581,14.882251,49.6201,417.7612,-83.8434,0.173316,-0.750366,0.623853,0.133118,0.502681,-2.176344,1.809408,0.126364,-0.391080,0.434225,-0.072687,3.124634,0.207964
1340,1770132345592,14.893362,49.8440,416.8196,-83.1994,0.173167,-0.751306,0.622750,0.133174,0.502234,-2.179001,1.806153,0.126401,-0.391598,0.433479,-0.072790,3.124455,0.211017
1341,1770132345603,14.904473,50.0549,415.8869,-82.5641,0.172971,-0.752111,0.621803,0.133308,0.501626,-2.181170,1.803270,0.126439,-0.392604,0.432066,-0.072748,3.124176,0.216640
1342,1770132345614,14.915585,50.5462,414.4363,-82.1764,0.172838,-0.752919,0.620845,0.133385,0.501219,-2.183419,1.800411,0.126470,-0.393111,0.431344,-0.072750,3.123951,0.219621
1343,1770132345625,14.926696,50.8475,413.5368,-81.3159,0.172700,-0.753685,0.619914,0.133568,0.500768,-2.185413,1.797525,0.126488,-0.393607,0.430640,-0.072761,3.123771,0.222486
1344,1770132345636,14.937807,51.1209,412.6008,-80.7200,0.172512,-0.754432,0.619023,0.133723,0.500178,-2.187388,1.794786,0.126533,-0.394567,0.429274,-0.072790,3.123447,0.227901
1345,1770132345647,14.948918,51.5910,411.0954,-80.3728,0.172333,-0.755270,0.618025,0.133845,0.499625,-2.189666,1.791767,0.126552,-0.395063,0.428575,-0.072765,3.123274,0.230749
1346,1770132345659,14.960029,51.7417,410.1349,-79.7118,0.172158,-0.756086,0.617057,0.133923,0.499096,-2.191936,1.788883,0.126582,-0.396031,0.427177,-0.072752,3.122917,0.236238
1347,1770132345670,14.971140,51.7829,409.0480,-79.2212,0.171977,-0.757013,0.615946,0.134037,0.498538,-2.194481,1.785545,0.126605,-0.396530,0.426446,-0.072847,3.122669,0.239305
1348,1770132345681,14.982252,51.9744,408.1775,-78.5859,0.171887,-0.757645,0.615164,0.134175,0.498240,-2.196140,1.783140,0.126611,-0.397005,0.425756,-0.072735,3.122521,0.241986
1349,1770132345692,14.993363,52.2057,407.2365,-78.0831,0.171713,-0.758522,0.614109,0.134276,0.497706,-2.198557,1.779979,0.126652,-0.397938,0.424387,-0.072793,3.122130,0.247489
1350,1770132345703,15.004474,52.4558,406.6260,-77.5709,0.171556,-0.759088,0.613386,0.134582,0.497163,-2.199816,1.777577,0.126665,-0.398399,0.423709,-0.072808,3.121957,0.250167
1351,1770132345714,15.015585,52.8741,405.5730,-77.0941,0.171466,-0.759716,0.612616,0.134658,0.496884,-2.201543,1.775268,0.126692,-0.399274,0.422458,-0.072845,3.121647,0.255036
1352,1770132345725,15.026697,53.1016,404.6421,-76.5385,0.171209,-0.760451,0.611769,0.134688,0.496128,-2.203636,1.772783,0.126711,-0.399718,0.421803,-0.072857,3.121454,0.257601
1353,1770132345736,15.037808,53.4659,403.8277,-75.8123,0.171109,-0.761315,0.610701,0.134782,0.495814,-2.206020,1.769596,0.126716,-0.400163,0.421135,-0.072925,3.121245,0.260217
1354,1770132345747,15.048919,53.6525,403.0246,-75.2277,0.171027,-0.762196,0.609636,0.134729,0.495591,-2.208639,1.766562,0.126706,-0.401070,0.419856,-0.072785,3.120876,0.265345
1355,1770132345759,15.060030,53.8470,402.1623,-74.5682,0.170976,-0.762815,0.608857,0.134809,0.495421,-2.210335,1.764224,0.126730,-0.401500,0.419202,-0.072903,3.120635,0.267885
1356,1770132345770,15.071141,54.0640,401.1162,-74.1364,0.170719,-0.763544,0.607987,0.134935,0.494641,-2.212289,1.761577,0.126740,-0.401929,0.418572,-0.072908,3.120393,0.270465
1357,1770132345781,15.082252,54.1524,400.4373,-73.5735,0.170680,-0.764062,0.607344,0.134949,0.494524,-2.213773,1.759701,0.126759,-0.402753,0.417379,-0.072800,3.120097,0.274981
1358,1770132345792,15.093364,54.2591,399.4267,-73.2129,0.170404,-0.764799,0.606461,0.135094,0.493682,-2.215725,1.757000,0.126781,-0.403161,0.416771,-0.072855,3.119928,0.277433
1359,1770132345803,15.104475,54.6303,398.5100,-72.7302,0.170346,-0.765352,0.605765,0.135155,0.493498,-2.217252,1.754923,0.126804,-0.403993,0.415531,-0.072771,3.119549,0.282150
1360,1770132345814,15.115587,54.8174,397.5122,-72.2818,0.170171,-0.766155,0.604757,0.135341,0.492938,-2.219346,1.751819,0.126823,-0.404402,0.414904,-0.072766,3.119353,0.284639
1361,1770132345825,15.126698,55.0550,396.6788,-71.8448,0.169992,-0.766833,0.603953,0.135319,0.492427,-2.221335,1.749509,0.126837,-0.404803,0.414282,-0.072718,3.119133,0.286979
1362,1770132345836,15.137809,55.1876,395.8137,-71.3549,0.169960,-0.767405,0.603246,0.135269,0.492349,-2.223056,1.747513,0.126868,-0.405612,0.413054,-0.072658,3.118768,0.291791
1363,1770132345847,15.148920,55.3268,395.0740,-70.9717,0.169745,-0.768112,0.602384,0.135368,0.491697,-2.224979,1.744918,0.126879,-0.405985,0.412485,-0.072690,3.118570,0.293979
1364,1770132345859,15.160032,55.4284,394.4285,-70.3071,0.169743,-0.768564,0.601812,0.135349,0.491697,-2.226312,1.743279,0.126903,-0.406718,0.411360,-0.072679,3.118176,0.298223
1365,1770132345870,15.171143,55.7493,393.6832,-69.9471,0.169606,-0.769174,0.601028,0.135536,0.491248,-2.227844,1.740823,0.126934,-0.407077,0.410793,-0.072721,3.118029,0.300396
1366,1770132345881,15.182254,55.9087,392.7491,-69.2805,0.169488,-0.769945,0.600082,0.135502,0.490916,-2.230119,1.738117,0.126946,-0.407440,0.410215,-0.072765,3.117787,0.302749
1367,1770132345892,15.193365,56.0977,392.0077,-68.9974,0.169337,-0.770479,0.599409,0.135635,0.490443,-2.231498,1.736038,0.126962,-0.408138,0.409139,-0.072734,3.117387,0.306767
1368,1770132345903,15.204476,56.3557,391.2119,-68.5349,0.169224,-0.771061,0.598698,0.135605,0.490122,-2.233223,1.734009,0.126983,-0.408483,0.408576,-0.072711,3.117195,0.309015
1369,1770132345914,15.215588,56.5392,390.7204,-68.1365,0.169156,-0.771536,0.598089,0.135676,0.489907,-2.234508,1.732175,0.127004,-0.409136,0.407536,-0.072635,3.116848,0.313057
1370,1770132345925,15.226699,56.7959,390.0145,-67.8021,0.168981,-0.772051,0.597454,0.135762,0.489376,-2.235893,1.730251,0.126998,-0.409470,0.407011,-0.072594,3.116648,0.315072
1371,1770132345936,15.237810,56.9350,389.2586,-67.3506,0.168980,-0.772681,0.596649,0.135717,0.489385,-2.237774,1.727965,0.127017,-0.409789,0.406495,-0.072619,3.116417,0.317108
1372,1770132345947,15.248921,57.1295,388.4809,-67.0642,0.168968,-0.773157,0.596034,0.135728,0.489349,-2.239136,1.726170,0.127039,-0.410407,0.405487,-0.072719,3.116008,0.320916
1373,1770132345959,15.260032,57.2504,387.8219,-66.7432,0.168855,-0.773735,0.595313,0.135737,0.489018,-2.240800,1.724076,0.127056,-0.410710,0.405007,-0.072716,3.115824,0.322786
1374,1770132345970,15.271144,57.3605,387.4098,-66.2416,0.168771,-0.774185,0.594727,0.135846,0.488744,-2.241965,1.722271,0.127059,-0.410996,0.404554,-0.072734,3.115650,0.324559
1375,1770132345981,15.282255,57.5315,386.7053,-66.0270,0.168687,-0.774607,0.594179,0.135943,0.488473,-2.243063,1.720590,0.127076,-0.411552,0.403636,-0.072619,3.115312,0.327945
1376,1770132345992,15.293367,57.7213,386.2120,-65.5565,0.168689,-0.775050,0.593611,0.135901,0.488491,-2.244399,1.718985,0.127092,-0.411846,0.403167,-0.072617,3.115132,0.329721
1377,1770132346003,15.304478,57.8416,385.6134,-65.2564,0.168539,-0.775640,0.592857,0.136012,0.488027,-2.245967,1.716694,0.127113,-0.412397,0.402260,-0.072665,3.114753,0.333212
1378,1770132346014,15.315589,57.8588,384.9400,-65.1478,0.168427,-0.776062,0.592311,0.136116,0.487675,-2.247058,1.715015,0.127108,-0.412667,0.401813,-0.072644,3.114570,0.334890
1379,1770132346025,15.326700,58.0872,384.3962,-64.5963,0.168365,-0.776445,0.591826,0.136119,0.487493,-2.248164,1.713606,0.127110,-0.412902,0.401423,-0.072605,3.114406,0.336309
1380,1770132346036,15.337811,58.2055,383.8102,-64.2375,0.168346,-0.776885,0.591244,0.136163,0.487425,-2.249381,1.711879,0.127141,-0.413384,0.400617,-0.072598,3.114060,0.339373
1381,1770132346047,15.348922,58.3960,383.3370,-63.8486,0.168208,-0.777314,0.590700,0.136242,0.487005,-2.250523,1.710227,0.127141,-0.413626,0.400200,-0.072580,3.113893,0.340997
1382,1770132346059,15.360034,58.4752,382.7361,-63.6728,0.168127,-0.777668,0.590234,0.136341,0.486745,-2.251421,1.708783,0.127147,-0.414073,0.399448,-0.072561,3.113576,0.343833
1383,1770132346070,15.371145,58.5734,382.3482,-63.3875,0.168056,-0.778070,0.589732,0.136313,0.486546,-2.252620,1.707355,0.127169,-0.414285,0.399083,-0.072589,3.113379,0.345233
1384,1770132346081,15.382256,58.6165,381.7611,-63.1292,0.167921,-0.778488,0.589208,0.136355,0.486144,-2.253778,1.705797,0.127150,-0.414497,0.398739,-0.072513,3.113216,0.346499
1385,1770132346092,15.393367,58.7078,381.2956,-62.8858,0.167791,-0.778782,0.588849,0.136388,0.485758,-2.254587,1.704726,0.127179,-0.414895,0.398050,-0.072496,3.112923,0.349170
1386,1770132346103,15.404479,58.8988,380.7926,-62.8090,0.167794,-0.779134,0.588391,0.136353,0.485776,-2.255651,1.703435,0.127190,-0.415084,0.397733,-0.072514,3.112777,0.350326
1387,1770132346114,15.415590,58.9910,380.3932,-62.6394,0.167668,-0.779400,0.588048,0.136465,0.485379,-2.256277,1.702333,0.127205,-0.415446,0.397123,-0.072467,3.112530,0.352680
1388,1770132346125,15.426701,59.1458,380.0884,-62.4999,0.167599,-0.779855,0.587482,0.136388,0.485202,-2.257692,1.700769,0.127190,-0.415627,0.396822,-0.072376,3.112391,0.353838
1389,1770132346136,15.437812,59.1703,379.5137,-62.1277,0.167589,-0.780174,0.587073,0.136341,0.485186,-2.258676,1.699630,0.127200,-0.415800,0.396522,-0.072395,3.112246,0.354956
1390,1770132346147,15.448923,59.3085,379.1595,-61.9918,0.167537,-0.780483,0.586682,0.136315,0.485044,-2.259604,1.698526,0.127206,-0.416131,0.395957,-0.072390,3.111937,0.357247
1391,1770132346159,15.460035,59.3920,378.8522,-61.8751,0.167474,-0.780727,0.586367,0.136352,0.484851,-2.260264,1.697577,0.127215,-0.416277,0.395704,-0.072348,3.111869,0.358108
1392,1770132346170,15.471146,59.3680,378.3891,-61.5971,0.167407,-0.780932,0.586126,0.136299,0.484671,-2.260923,1.696928,0.127227,-0.416415,0.395460,-0.072339,3.111780,0.359045
1393,1770132346181,15.482257,59.4088,378.0743,-61.4528,0.167364,-0.781187,0.585792,0.136323,0.484540,-2.261631,1.695941,0.127226,-0.416690,0.394999,-0.072360,3.111522,0.360848
1394,1770132346192,15.493368,59.5061,377.7837,-61.3984,0.167334,-0.781467,0.585421,0.136346,0.484447,-2.262414,1.694844,0.127231,-0.416830,0.394772,-0.072412,3.111364,0.361796
1395,1770132346203,15.504480,59.6036,377.6088,-61.2229,0.167299,-0.781591,0.585269,0.136335,0.484346,-2.262785,1.694414,0.127242,-0.417056,0.394396,-0.072417,3.111224,0.363197
1396,1770132346214,15.515591,59.5732,377.2886,-61.1181,0.167217,-0.781901,0.584850,0.136455,0.484079,-2.263529,1.693087,0.127263,-0.417170,0.394208,-0.072483,3.111147,0.363980
1397,1770132346225,15.526702,59.7410,376.9530,-60.8777,0.167239,-0.782026,0.584696,0.136374,0.484163,-2.263995,1.692716,0.127256,-0.417275,0.394058,-0.072427,3.111033,0.364536
1398,1770132346236,15.537813,59.6924,376.8911,-60.7317,0.167232,-0.782260,0.584392,0.136343,0.484150,-2.264713,1.691866,0.127264,-0.417493,0.393691,-0.072445,3.110863,0.365954
1399,1770132346247,15.548925,59.7382,376.7470,-60.6285,0.167124,-0.782472,0.584120,0.136422,0.483817,-2.265227,1.691003,0.127272,-0.417589,0.393546,-0.072418,3.110798,0.366535
1400,1770132346259,15.560036,59.9456,376.5972,-60.4277,0.167147,-0.782492,0.584076,0.136470,0.483870,-2.265221,1.690832,0.127280,-0.417766,0.393277,-0.072406,3.110689,0.367506
1401,1770132346270,15.571147,59.8831,376.4046,-60.4564,0.167154,-0.782698,0.583808,0.136427,0.483902,-2.265874,1.690095,0.127286,-0.417844,0.393128,-0.072450,3.110599,0.368137
1402,1770132346281,15.582258,59.9147,376.2504,-60.4003,0.167082,-0.782834,0.583612,0.136572,0.483653,-2.266082,1.689390,0.127285,-0.417919,0.393014,-0.072408,3.110552,0.368605
1403,1770132346292,15.593369,59.8480,375.9883,-60.3135,0.167165,-0.782954,0.583436,0.136532,0.483905,-2.266481,1.688919,0.127301,-0.418062,0.392772,-0.072501,3.110414,0.369478
1404,1770132346303,15.604480,59.8677,376.0688,-60.3611,0.167139,-0.783019,0.583328,0.136657,0.483797,-2.266507,1.688487,0.127291,-0.418130,0.392651,-0.072443,3.110298,0.369921
1405,1770132346314,15.615592,59.8961,375.8912,-60.4679,0.167085,-0.783114,0.583204,0.136705,0.483628,-2.266722,1.688082,0.127298,-0.418181,0.392556,-0.072477,3.110261,0.370276
1406,1770132346325,15.626703,60.0365,375.9636,-60.4975,0.167136,-0.783151,0.583132,0.136739,0.483765,-2.266784,1.687842,0.127307,-0.418263,0.392422,-0.072472,3.110215,0.370762
1407,1770132346336,15.637814,60.0101,375.8414,-60.4751,0.167169,-0.783227,0.583025,0.136722,0.483867,-2.267025,1.687548,0.127302,-0.418314,0.392319,-0.072481,3.110150,0.371114
1408,1770132346347,15.648926,60.0101,375.6996,-60.4208,0.167151,-0.783291,0.582926,0.136797,0.483792,-2.267116,1.687190,0.127331,-0.418376,0.392188,-0.072599,3.110067,0.371616
1409,1770132346359,15.660037,59.8459,375.6568,-60.3623,0.167164,-0.783348,0.582848,0.136785,0.483833,-2.267298,1.686977,0.127334,-0.418411,0.392127,-0.072625,3.110002,0.371892
1410,1770132346370,15.671148,59.9561,375.6200,-60.3947,0.167055,-0.783409,0.582805,0.136753,0.483528,-2.267514,1.686882,0.127311,-0.418449,0.392081,-0.072533,3.109998,0.372005
1411,1770132346381,15.682260,59.9507,375.5761,-60.4692,0.167007,-0.783459,0.582736,0.136823,0.483370,-2.267568,1.686615,0.127313,-0.418506,0.391963,-0.072499,3.109906,0.372488
1412,1770132346392,15.693371,60.2642,375.1217,-59.9366,0.166964,-0.783579,0.582576,0.136866,0.483232,-2.267862,1.686110,0.127337,-0.418510,0.391934,-0.072559,3.109926,0.372584
1413,1770132346403,15.704482,60.2650,374.8498,-59.7530,0.166999,-0.783649,0.582473,0.136860,0.483335,-2.268073,1.685818,0.127359,-0.418572,0.391810,-0.072690,3.109812,0.373214
1414,1770132346414,15.715593,60.2164,374.7806,-59.5862,0.166871,-0.783686,0.582434,0.136970,0.482937,-2.268037,1.685603,0.127349,-0.418601,0.391765,-0.072693,3.109729,0.373392
1415,1770132346425,15.726704,60.1698,374.7552,-59.5607,0.166882,-0.783734,0.582386,0.136885,0.482992,-2.268288,1.685544,0.127343,-0.418612,0.391723,-0.072662,3.109664,0.373577
1416,1770132346436,15.737816,60.1172,374.6566,-59.7236,0.166709,-0.783748,0.582410,0.136917,0.482482,-2.268286,1.685581,0.127328,-0.418644,0.391689,-0.072546,3.109642,0.373708
1417,1770132346447,15.748927,60.1844,374.6133,-59.7822,0.166714,-0.783776,0.582374,0.136905,0.482499,-2.268380,1.685490,0.127340,-0.418655,0.391666,-0.072659,3.109636,0.373819
1418,1770132346459,15.760038,60.2865,374.6121,-59.8969,0.166750,-0.783824,0.582278,0.136991,0.482579,-2.268412,1.685129,0.127341,-0.418694,0.391607,-0.072701,3.109554,0.374131
1419,1770132346470,15.771149,60.2518,374.6764,-59.8833,0.166777,-0.783788,0.582350,0.136856,0.482695,-2.268479,1.685468,0.127358,-0.418702,0.391581,-0.072784,3.109502,0.374296
1420,1770132346481,15.782261,60.2308,374.6421,-59.9586,0.166807,-0.783780,0.582328,0.136961,0.482752,-2.268321,1.685304,0.127360,-0.418712,0.391560,-0.072786,3.109509,0.374352
1421,1770132346492,15.793372,60.2455,374.7096,-59.7967,0.166743,-0.783871,0.582201,0.137058,0.482540,-2.268461,1.684844,0.127373,-0.418734,0.391515,-0.072871,3.109463,0.374555
1422,1770132346503,15.804483,60.2362,374.7147,-59.8301,0.166798,-0.783849,0.582221,0.137032,0.482707,-2.268431,1.684926,0.127367,-0.418740,0.391513,-0.072990,3.109398,0.374584
1423,1770132346514,15.815595,60.2425,374.6785,-59.8249,0.166761,-0.783922,0.582122,0.137081,0.482587,-2.268579,1.684594,0.127374,-0.418755,0.391471,-0.072981,3.109351,0.374751
1424,1770132346525,15.826706,60.3289,374.5419,-59.7800,0.166748,-0.783888,0.582153,0.137160,0.482527,-2.268378,1.684609,0.127397,-0.418762,0.391448,-0.073178,3.109306,0.374895
1425,1770132346536,15.837817,60.2481,374.4657,-59.8015,0.166716,-0.783904,0.582130,0.137202,0.482422,-2.268372,1.684501,0.127402,-0.418770,0.391427,-0.073177,3.109295,0.375026
1426,1770132346547,15.848928,60.2016,374.4552,-59.8364,0.166693,-0.783945,0.582089,0.137168,0.482367,-2.268535,1.684415,0.127422,-0.418797,0.391395,-0.073199,3.109308,0.375199
1427,1770132346559,15.860039,60.2449,374.3887,-59.7947,0.166708,-0.783977,0.582051,0.137132,0.482420,-2.268673,1.684338,0.127432,-0.418793,0.391386,-0.073236,3.109306,0.375236
1428,1770132346570,15.871150,60.2925,374.3436,-59.8002,0.166681,-0.783945,0.582094,0.137166,0.482333,-2.268537,1.684430,0.127433,-0.418811,0.391351,-0.073227,3.109262,0.375346
1429,1770132346581,15.882262,60.3274,374.3741,-59.8761,0.166625,-0.784038,0.581963,0.137253,0.482148,-2.268695,1.683971,0.127474,-0.418816,0.391315,-0.073437,3.109277,0.375536
1430,1770132346592,15.893373,60.3393,374.3152,-59.8755,0.166622,-0.784041,0.581953,0.137284,0.482129,-2.268664,1.683912,0.127465,-0.418820,0.391310,-0.073347,3.109214,0.375532
1431,1770132346603,15.904484,60.5457,374.3445,-59.8312,0.166649,-0.784057,0.581927,0.137271,0.482210,-2.268727,1.683848,0.127493,-0.418820,0.391307,-0.073482,3.109233,0.375590
1432,1770132346614,15.915595,60.5719,374.3148,-59.8736,0.166653,-0.784078,0.581888,0.137317,0.482209,-2.268727,1.683690,0.127514,-0.418804,0.391319,-0.073541,3.109252,0.375575
1433,1770132346625,15.926707,60.5372,374.4929,-59.7802,0.166716,-0.784136,0.581787,0.137331,0.482390,-2.268879,1.683387,0.127554,-0.418801,0.391311,-0.073724,3.109237,0.375648
1434,1770132346636,15.937818,60.5620,374.4887,-59.8267,0.166774,-0.784163,0.581761,0.137216,0.482588,-2.269104,1.683420,0.127591,-0.418797,0.391289,-0.073811,3.109219,0.375726
1435,1770132346647,15.948929,60.5448,374.2994,-59.8269,0.166744,-0.784195,0.581699,0.137339,0.482466,-2.269038,1.683124,0.127595,-0.418799,0.391271,-0.073844,3.109194,0.375835
1436,1770132346659,15.960040,60.6128,374.2983,-59.8019,0.166752,-0.784278,0.581590,0.137312,0.482498,-2.269315,1.682834,0.127648,-0.418783,0.391235,-0.074108,3.109123,0.375999
1437,1770132346670,15.971151,60.5716,374.2834,-59.7414,0.166770,-0.784273,0.581567,0.137421,0.482521,-2.269157,1.682663,0.127663,-0.418778,0.391243,-0.074082,3.109103,0.375981
1438,1770132346681,15.982263,60.5133,374.3205,-59.7693,0.167015,-0.784283,0.581520,0.137261,0.483273,-2.269393,1.682680,0.127688,-0.418780,0.391210,-0.074200,3.109048,0.376091
1439,1770132346692,15.993374,60.4808,374.2478,-59.7910,0.166857,-0.784291,0.581532,0.137354,0.482790,-2.269298,1.682628,0.127740,-0.418761,0.391223,-0.074390,3.109076,0.376038
1440,1770132346703,16.004486,60.4903,374.2515,-59.8074,0.166913,-0.784244,0.581565,0.137417,0.482934,-2.269081,1.682662,0.127769,-0.418752,0.391211,-0.074491,3.109112,0.376081
1441,1770132346714,16.015597,60.6085,374.1563,-59.9565,0.166972,-0.784279,0.581565,0.137144,0.483180,-2.269531,1.682921,0.127845,-0.418738,0.391185,-0.074723,3.109082,0.376233
1442,1770132346725,16.026708,60.7830,374.3521,-59.9337,0.166908,-0.784240,0.581574,0.137406,0.482922,-2.269083,1.682699,0.127848,-0.418727,0.391192,-0.074703,3.109081,0.376179
1443,1770132346736,16.037819,60.7955,374.2401,-60.0396,0.166899,-0.784201,0.581591,0.137575,0.482852,-2.268752,1.682586,0.127902,-0.418712,0.391188,-0.074802,3.109122,0.376205
1444,1770132346747,16.048930,60.7301,374.1877,-60.0350,0.166977,-0.784127,0.581672,0.137554,0.483084,-2.268567,1.682842,0.127977,-0.418690,0.391154,-0.075034,3.109090,0.376376
1445,1770132346759,16.060042,61.0030,374.1291,-60.1655,0.167153,-0.784145,0.581605,0.137520,0.483601,-2.268663,1.682680,0.128037,-0.418671,0.391147,-0.075266,3.109134,0.376381
1446,1770132346770,16.071153,60.9567,374.1312,-60.2056,0.167054,-0.784091,0.581658,0.137726,0.483260,-2.268242,1.682636,0.128075,-0.418671,0.391129,-0.075420,3.109153,0.376478
1447,1770132346781,16.082264,60.9725,374.0966,-60.1675,0.167117,-0.784088,0.581635,0.137762,0.483433,-2.268188,1.682536,0.128166,-0.418634,0.391124,-0.075728,3.109136,0.376517
1448,1770132346792,16.093376,61.0848,374.0627,-60.1332,0.167205,-0.784129,0.581564,0.137727,0.483696,-2.268349,1.682363,0.128230,-0.418613,0.391110,-0.075987,3.109137,0.376501
1449,1770132346803,16.104487,60.9213,374.0381,-60.1382,0.167328,-0.784110,0.581535,0.137805,0.484030,-2.268197,1.682207,0.128340,-0.418583,0.391095,-0.076360,3.109158,0.376545
1450,1770132346814,16.115598,61.1087,374.1238,-60.1583,0.167289,-0.784069,0.581571,0.137934,0.483883,-2.267912,1.682188,0.128406,-0.418571,0.391063,-0.076611,3.109119,0.376714
1451,1770132346825,16.126710,61.2376,373.9402,-60.3205,0.167353,-0.784168,0.581435,0.137868,0.484086,-2.268282,1.681856,0.128458,-0.418552,0.391047,-0.076724,3.109138,0.376814
1452,1770132346836,16.137821,61.5121,374.0742,-60.3327,0.167470,-0.784150,0.581407,0.137940,0.484404,-2.268140,1.681710,0.128605,-0.418520,0.391034,-0.077230,3.109097,0.376874
1453,1770132346847,16.148932,61.6202,374.0362,-60.4215,0.167498,-0.784099,0.581439,0.138065,0.484449,-2.267833,1.681682,0.128669,-0.418497,0.391025,-0.077415,3.109108,0.376841
1454,1770132346859,16.160043,61.6788,374.1060,-60.4035,0.167616,-0.784133,0.581348,0.138113,0.484778,-2.267867,1.681374,0.128838,-0.418448,0.390997,-0.078064,3.109124,0.376866
1455,1770132346870,16.171154,61.7522,374.1032,-60.5205,0.167640,-0.784183,0.581239,0.138257,0.484809,-2.267828,1.680922,0.128918,-0.418418,0.390998,-0.078325,3.109139,0.376910
1456,1770132346881,16.182266,61.8347,374.2280,-60.6505,0.167797,-0.784160,0.581220,0.138276,0.485257,-2.267738,1.680850,0.129028,-0.418395,0.390971,-0.078715,3.109149,0.377046
1457,1770132346892,16.193377,61.8897,374.2232,-60.7766,0.167966,-0.784095,0.581248,0.138323,0.485733,-2.267489,1.680885,0.129203,-0.418334,0.390956,-0.079405,3.109101,0.377029
1458,1770132346903,16.204488,61.8502,374.1475,-60.8577,0.168087,-0.784147,0.581131,0.138369,0.486070,-2.267582,1.680504,0.129296,-0.418308,0.390947,-0.079717,3.109095,0.377071
1459,1770132346914,16.215599,62.0092,374.0877,-60.8526,0.168141,-0.784129,0.581107,0.138510,0.486188,-2.267350,1.680301,0.129510,-0.418243,0.390943,-0.080461,3.109130,0.377083
1460,1770132346925,16.226711,62.1278,374.0529,-60.9907,0.168273,-0.784077,0.581109,0.138634,0.486536,-2.267041,1.680189,0.129610,-0.418210,0.390942,-0.080834,3.109143,0.377143
1461,1770132346936,16.237822,62.4564,374.1626,-61.0196,0.168368,-0.784100,0.581028,0.138733,0.486784,-2.266979,1.679859,0.129717,-0.418181,0.390929,-0.081201,3.109140,0.377186
1462,1770132346947,16.248933,62.6040,374.1765,-61.1437,0.168513,-0.784026,0.581050,0.138877,0.487164,-2.266583,1.679788,0.129975,-0.418094,0.390939,-0.082129,3.109173,0.377161
1463,1770132346959,16.260044,62.6825,374.1707,-61.2912,0.168653,-0.784066,0.580934,0.138967,0.487543,-2.266584,1.679369,0.130091,-0.418067,0.390932,-0.082512,3.109162,0.377205
1464,1770132346970,16.271155,62.7586,374.1039,-61.3584,0.168730,-0.784034,0.580899,0.139199,0.487702,-2.266194,1.679047,0.130235,-0.418023,0.390921,-0.083031,3.109173,0.377267
1465,1770132346981,16.282267,62.8513,374.1398,-61.4688,0.168878,-0.783967,0.580930,0.139270,0.488110,-2.265910,1.679069,0.130491,-0.417946,0.390923,-0.083845,3.109206,0.377246
1466,1770132346992,16.293378,62.9543,374.1609,-61.5436,0.169025,-0.783942,0.580890,0.139398,0.488499,-2.265675,1.678832,0.130622,-0.417898,0.390933,-0.084352,3.109241,0.377235
1467,1770132347003,16.304489,63.1549,374.1449,-61.6807,0.169162,-0.783935,0.580832,0.139514,0.488863,-2.265505,1.678554,0.130906,-0.417812,0.390927,-0.085410,3.109189,0.377373
1468,1770132347014,16.315600,63.4778,374.1356,-61.7596,0.169306,-0.783960,0.580702,0.139739,0.489219,-2.265291,1.677967,0.131078,-0.417763,0.390914,-0.085963,3.109196,0.377496
1469,1770132347025,16.326711,63.7192,374.1471,-61.9484,0.169479,-0.783884,0.580685,0.140029,0.489637,-2.264699,1.677643,0.131246,-0.417714,0.390914,-0.086592,3.109201,0.377521
1470,1770132347036,16.337823,63.8891,374.2422,-62.1837,0.169637,-0.783796,0.580720,0.140183,0.490052,-2.264249,1.677600,0.131614,-0.417595,0.390925,-0.087923,3.109296,0.377524
1471,1770132347047,16.348934,64.0470,374.0476,-62.3697,0.169705,-0.783721,0.580723,0.140507,0.490160,-2.263621,1.677301,0.131786,-0.417538,0.390915,-0.088496,3.109306,0.377590
1472,1770132347059,16.360045,64.2195,374.0775,-62.5238,0.169872,-0.783698,0.580655,0.140717,0.490584,-2.263286,1.676907,0.132169,-0.417424,0.390894,-0.089750,3.109325,0.377725
1473,1770132347070,16.371156,64.5158,374.0757,-62.6729,0.170128,-0.783639,0.580595,0.140983,0.491248,-2.262777,1.676481,0.132386,-0.417343,0.390931,-0.090549,3.109354,0.377623
1474,1770132347081,16.382267,64.7134,374.0222,-62.9405,0.170335,-0.783609,0.580505,0.141269,0.491768,-2.262326,1.675954,0.132586,-0.417276,0.390925,-0.091323,3.109344,0.377703
1475,1770132347092,16.393378,64.9640,373.9762,-63.1405,0.170504,-0.783572,0.580417,0.141630,0.492157,-2.261761,1.675359,0.133063,-0.417123,0.390945,-0.092923,3.109431,0.377676
1476,1770132347103,16.404490,65.2813,373.9743,-63.3764,0.170768,-0.783472,0.580395,0.141957,0.492826,-2.261055,1.674986,0.133320,-0.417038,0.390951,-0.093899,3.109492,0.377727
1477,1770132347114,16.415601,65.6859,373.9774,-63.5676,0.171014,-0.783447,0.580287,0.142239,0.493458,-2.260625,1.674410,0.133802,-0.416891,0.390940,-0.095684,3.109537,0.377918
1478,1770132347125,16.426712,65.9952,374.0984,-63.7539,0.171250,-0.783423,0.580154,0.142629,0.494032,-2.260061,1.673658,0.134052,-0.416820,0.390919,-0.096578,3.109571,0.378063
1479,1770132347136,16.437823,66.3149,374.0959,-64.0051,0.171496,-0.783318,0.580153,0.142918,0.494661,-2.259389,1.673383,0.134343,-0.416718,0.390943,-0.097610,3.109651,0.377950
1480,1770132347147,16.448935,66.6826,374.1382,-64.3175,0.171843,-0.783208,0.580097,0.143326,0.495547,-2.258557,1.672840,0.134936,-0.416538,0.390950,-0.099699,3.109753,0.377983
1481,1770132347159,16.460046,66.9915,374.1353,-64.5251,0.172123,-0.783104,0.580053,0.143735,0.496242,-2.257738,1.672330,0.135243,-0.416437,0.390969,-0.100889,3.109785,0.377901
1482,1770132347170,16.471157,67.4411,374.2168,-64.7717,0.172575,-0.783137,0.579812,0.143986,0.497475,-2.257515,1.671398,0.135547,-0.416343,0.390960,-0.102009,3.109836,0.377935
1483,1770132347181,16.482269,67.8175,374.2822,-65.1024,0.172827,-0.783036,0.579754,0.144466,0.498067,-2.256614,1.670781,0.136187,-0.416159,0.390930,-0.104398,3.109926,0.378097
1484,1770132347192,16.493380,68.1373,374.2679,-65.4894,0.173160,-0.782998,0.579611,0.144849,0.498917,-2.256021,1.670009,0.136515,-0.416057,0.390933,-0.105590,3.109970,0.378131
1485,1770132347203,16.504491,68.5396,374.2372,-65.8191,0.173563,-0.782848,0.579556,0.145394,0.499928,-2.254899,1.669339,0.137210,-0.415834,0.390931,-0.108255,3.110046,0.378198
1486,1770132347214,16.515603,69.0609,374.2043,-66.0384,0.173922,-0.782718,0.579502,0.145883,0.500824,-2.253904,1.668727,0.137577,-0.415701,0.390973,-0.109630,3.110162,0.377975
1487,1770132347225,16.526714,69.4502,374.2626,-66.2215,0.174319,-0.782569,0.579447,0.146425,0.501815,-2.252791,1.668063,0.137959,-0.415572,0.390993,-0.111067,3.110220,0.377880
1488,1770132347236,16.537825,69.9679,374.1413,-66.6119,0.174663,-0.782480,0.579308,0.147038,0.502633,-2.251761,1.667090,0.138751,-0.415318,0.390955,-0.113998,3.110327,0.378087
1489,1770132347247,16.548936,70.4498,374.1230,-66.9914,0.175092,-0.782374,0.579195,0.147538,0.503727,-2.250826,1.666298,0.139151,-0.415197,0.390943,-0.115420,3.110400,0.378184
1490,1770132347259,16.560048,70.7995,374.0923,-67.5168,0.175577,-0.782273,0.579076,0.147963,0.505001,-2.249999,1.665559,0.139981,-0.414916,0.390945,-0.118436,3.110492,0.378186
1491,1770132347270,16.571159,71.2592,374.0655,-68.0237,0.176020,-0.782143,0.578976,0.148517,0.506117,-2.248928,1.664754,0.140399,-0.414762,0.390965,-0.120085,3.110567,0.378073
1492,1770132347281,16.582270,71.8435,373.9836,-68.3694,0.176435,-0.782083,0.578768,0.149144,0.507133,-2.247970,1.663573,0.140831,-0.414611,0.390966,-0.121701,3.110595,0.378091
1493,1770132347292,16.593381,72.3143,374.0370,-68.7250,0.176940,-0.781995,0.578614,0.149606,0.508454,-2.247135,1.662702,0.141733,-0.414312,0.390946,-0.125068,3.110658,0.378224
1494,1770132347303,16.604493,72.8496,374.1392,-69.1128,0.177379,-0.781906,0.578468,0.150113,0.509570,-2.246245,1.661812,0.142187,-0.414150,0.390964,-0.126756,3.110678,0.378113
1495,1770132347314,16.615604,73.3902,374.1175,-69.5704,0.177870,-0.781780,0.578343,0.150673,0.510821,-2.245179,1.660933,0.143133,-0.413814,0.390977,-0.130326,3.110809,0.378099
1496,1770132347325,16.626715,74.1130,374.1826,-70.0282,0.178348,-0.781616,0.578226,0.151403,0.511985,-2.243794,1.659920,0.143625,-0.413662,0.390936,-0.132109,3.110896,0.378312
1497,1770132347336,16.637826,74.7581,374.1680,-70.5369,0.178882,-0.781532,0.578039,0.151924,0.513370,-2.242900,1.658900,0.144123,-0.413475,0.390955,-0.133968,3.110928,0.378221
1498,1770132347347,16.648937,75.3686,374.3591,-71.0287,0.179363,-0.781325,0.577976,0.152655,0.514539,-2.241393,1.658044,0.145165,-0.413105,0.390965,-0.137833,3.111049,0.378212
1499,1770132347359,16.660049,76.0223,374.3782,-71.5687,0.179959,-0.781117,0.577895,0.153327,0.516056,-2.239955,1.657191,0.145721,-0.412908,0.390952,-0.139934,3.111139,0.378238
1500,1770132347370,16.671160,76.4085,374.4757,-71.9740,0.180510,-0.780995,0.577682,0.154098,0.517414,-2.238647,1.655868,0.146262,-0.412699,0.390990,-0.141962,3.111249,0.378038
1501,1770132347381,16.682271,77.0204,374.4637,-72.5005,0.181020,-0.780867,0.577494,0.154850,0.518658,-2.237342,1.654638,0.147401,-0.412290,0.390955,-0.146165,3.111364,0.378278
1502,1770132347392,16.693382,77.6378,374.5050,-73.0554,0.181571,-0.780639,0.577426,0.155609,0.520017,-2.235743,1.653745,0.147943,-0.412093,0.390969,-0.148119,3.111402,0.378191
1503,1770132347403,16.704493,78.4077,374.6277,-73.6310,0.182260,-0.780409,0.577335,0.156294,0.521794,-2.234234,1.652853,0.149117,-0.411659,0.390961,-0.152580,3.111421,0.378162
1504,1770132347414,16.715604,79.1457,374.5490,-74.2782,0.182733,-0.780232,0.577190,0.157159,0.522894,-2.232652,1.651644,0.149715,-0.411425,0.390973,-0.154828,3.111429,0.378186
1505,1770132347425,16.726716,79.8645,374.5784,-74.9565,0.183432,-0.780028,0.577050,0.157868,0.524689,-2.231192,1.650591,0.150323,-0.411202,0.390976,-0.157124,3.111473,0.378154
1506,1770132347436,16.737827,80.5733,374.5634,-75.4815,0.184128,-0.779871,0.576890,0.158416,0.526520,-2.230065,1.649634,0.151572,-0.410723,0.390994,-0.161650,3.111408,0.378095
1507,1770132347447,16.748938,81.3025,374.4866,-76.0287,0.184747,-0.779642,0.576739,0.159373,0.528009,-2.228224,1.648327,0.152199,-0.410494,0.390983,-0.164063,3.111390,0.378155
1508,1770132347459,16.760049,81.9706,374.6575,-76.5927,0.185352,-0.779461,0.576551,0.160229,0.529485,-2.226653,1.647009,0.153527,-0.409994,0.390985,-0.168963,3.111241,0.378115
1509,1770132347470,16.771160,82.7174,374.6878,-77.2417,0.186303,-0.779328,0.576277,0.160760,0.532046,-2.225617,1.645740,0.154178,-0.409738,0.390993,-0.171415,3.111098,0.378118
1510,1770132347481,16.782272,83.4780,374.7639,-77.9204,0.187030,-0.779140,0.576067,0.161577,0.533882,-2.224074,1.644398,0.154853,-0.409481,0.390984,-0.174034,3.111004,0.378197
1511,1770132347492,16.793383,84.3813,374.8933,-78.7552,0.187768,-0.778911,0.575911,0.162381,0.535749,-2.222431,1.643220,0.156239,-0.408972,0.390969,-0.179108,3.110801,0.378216
1512,1770132347503,16.804494,85.0626,374.8956,-79.4483,0.188622,-0.778733,0.575641,0.163202,0.537943,-2.220914,1.641706,0.156935,-0.408699,0.390984,-0.181847,3.110663,0.378183
1513,1770132347514,16.815605,85.8900,374.9716,-80.1588,0.189279,-0.778505,0.575476,0.164106,0.539545,-2.219157,1.640413,0.158370,-0.408143,0.391010,-0.187098,3.110422,0.378037
1514,1770132347525,16.826716,86.6900,375.0132,-80.9245,0.190220,-0.778316,0.575175,0.164968,0.541971,-2.217561,1.638775,0.159089,-0.407886,0.390970,-0.189843,3.110236,0.378232
1515,1770132347536,16.837828,87.7007,375.1587,-81.4430,0.190969,-0.778141,0.574933,0.165769,0.543865,-2.216083,1.637363,0.159831,-0.407584,0.391009,-0.192684,3.110072,0.378016
1516,1770132347547,16.848939,88.4334,374.8564,-82.1055,0.191757,-0.777857,0.574799,0.166658,0.545840,-2.214187,1.636178,0.161317,-0.407021,0.390988,-0.198252,3.109657,0.378075
1517,1770132347559,16.860050,89.1134,374.8722,-82.9023,0.192486,-0.777563,0.574627,0.167778,0.547577,-2.211985,1.634679,0.162057,-0.406727,0.390980,-0.200988,3.109388,0.378125
1518,1770132347570,16.871161,89.9153,374.9330,-83.5800,0.193341,-0.777343,0.574411,0.168553,0.549774,-2.210415,1.633367,0.162835,-0.406428,0.390981,-0.203880,3.109133,0.378103
1519,1770132347581,16.882273,91.0640,374.9192,-84.4381,0.194447,-0.777065,0.574159,0.169414,0.552658,-2.208580,1.631879,0.164387,-0.405810,0.390972,-0.209844,3.108581,0.377846
1520,1770132347592,16.893384,91.9857,374.6644,-85.2059,0.195417,-0.776942,0.573803,0.170069,0.555216,-2.207435,1.630278,0.165193,-0.405472,0.390991,-0.212699,3.108347,0.377777
1521,1770132347603,16.904495,92.9101,374.5316,-86.0115,0.196295,-0.776577,0.573640,0.171269,0.557342,-2.204944,1.628741,0.166821,-0.404819,0.390962,-0.218982,3.107650,0.377696
1522,1770132347614,16.915606,93.8203,374.4309,-86.8274,0.197311,-0.776335,0.573428,0.171909,0.560031,-2.203481,1.627569,0.167644,-0.404482,0.390948,-0.221933,3.107348,0.377609
1523,1770132347625,16.926718,94.6555,374.5080,-87.3360,0.198516,-0.776158,0.573026,0.172660,0.563217,-2.202071,1.625758,0.168468,-0.404136,0.390972,-0.225174,3.106981,0.377440
1524,1770132347636,16.937829,95.4974,374.5027,-88.1849,0.199260,-0.775843,0.572855,0.173784,0.564980,-2.199821,1.624269,0.170125,-0.403446,0.390962,-0.231320,3.106285,0.377265
1525,1770132347647,16.948940,96.4766,374.6890,-89.0615,0.200281,-0.775542,0.572593,0.174814,0.567554,-2.197726,1.622611,0.170980,-0.403096,0.390928,-0.234579,3.105922,0.377288
1526,1770132347659,16.960051,97.6603,374.7281,-89.8828,0.201374,-0.775205,0.572419,0.175623,0.570399,-2.195798,1.621398,0.172707,-0.402359,0.390953,-0.241095,3.105058,0.377085
1527,1770132347670,16.971162,98.8820,374.5545,-91.0055,0.202452,-0.774874,0.572144,0.176735,0.573104,-2.193526,1.619635,0.173565,-0.401979,0.390948,-0.244389,3.104615,0.376964
1528,1770132347681,16.982273,99.6432,374.6680,-91.9478,0.203258,-0.774779,0.571656,0.177800,0.575050,-2.191982,1.617312,0.174463,-0.401601,0.390937,-0.247608,3.104260,0.377003
1529,1770132347692,16.993385,100.7245,375.0413,-92.8642,0.204717,-0.774350,0.571496,0.178511,0.578954,-2.189916,1.616231,0.176234,-0.400825,0.390938,-0.254438,3.103294,0.376733
1530,1770132347703,17.004496,101.7513,374.9875,-93.6673,0.205726,-0.773961,0.571314,0.179614,0.581457,-2.187500,1.614743,0.177151,-0.400437,0.390911,-0.257914,3.102832,0.376754
1531,1770132347714,17.015607,102.6873,374.7901,-94.8164,0.206820,-0.773860,0.570784,0.180474,0.584277,-2.186190,1.612491,0.179014,-0.399609,0.390901,-0.264931,3.101878,0.376540
1532,1770132347725,17.026719,103.7989,374.9677,-95.7504,0.208257,-0.773441,0.570531,0.181418,0.588033,-2.183881,1.610945,0.179947,-0.399179,0.390929,-0.268581,3.101354,0.376375
1533,1770132347736,17.037830,104.8432,375.0597,-96.6809,0.209406,-0.773220,0.570161,0.182201,0.591024,-2.182325,1.609214,0.180908,-0.398762,0.390906,-0.272191,3.100835,0.376407
1534,1770132347747,17.048941,105.7731,375.0533,-97.7081,0.210499,-0.772663,0.570094,0.183509,0.593688,-2.179201,1.607879,0.182758,-0.397932,0.390889,-0.279254,3.099759,0.376298
1535,1770132347759,17.060053,106.9237,374.9818,-98.7789,0.211667,-0.772439,0.569716,0.184281,0.596732,-2.177655,1.606140,0.183708,-0.397489,0.390888,-0.282892,3.099203,0.376221
1536,1770132347770,17.071164,107.8932,375.2744,-99.9203,0.213018,-0.772180,0.569254,0.185234,0.600228,-2.175798,1.604008,0.184625,-0.397066,0.390888,-0.286436,3.098630,0.376084
1537,1770132347781,17.082275,108.8906,375.6441,-101.0240,0.214050,-0.771896,0.568832,0.186522,0.602714,-2.173476,1.601696,0.186565,-0.396163,0.390887,-0.293806,3.097449,0.375925
1538,1770132347792,17.093386,109.9551,375.2271,-102.0164,0.215294,-0.771527,0.568576,0.187392,0.605930,-2.171414,1.600221,0.187529,-0.395729,0.390885,-0.297405,3.096885,0.375767
1539,1770132347803,17.104497,111.0213,375.3571,-103.0639,0.216426,-0.771215,0.568137,0.188702,0.608684,-2.168996,1.597850,0.189501,-0.394792,0.390897,-0.304937,3.095722,0.375486
1540,1770132347814,17.115609,112.2392,375.4007,-103.9194,0.217897,-0.770797,0.567920,0.189366,0.612602,-2.167041,1.596667,0.190507,-0.394300,0.390909,-0.308625,3.095148,0.375302
1541,1770132347825,17.126720,113.2540,375.4448,-104.9618,0.219025,-0.770453,0.567534,0.190618,0.615355,-2.164607,1.594500,0.191479,-0.393845,0.390881,-0.312445,3.094427,0.375372
1542,1770132347836,17.137831,114.3558,375.6095,-105.9282,0.220443,-0.770038,0.567294,0.191375,0.619087,-2.162555,1.593173,0.193471,-0.392874,0.390865,-0.319948,3.093175,0.375192
1543,1770132347847,17.148943,115.5022,375.3313,-107.2534,0.221648,-0.769731,0.566853,0.192522,0.622084,-2.160353,1.590950,0.194501,-0.392359,0.390881,-0.323900,3.092518,0.374956
1544,1770132347859,17.160054,116.5872,375.2965,-108.4979,0.223013,-0.769577,0.566175,0.193550,0.625567,-2.158724,1.588165,0.196557,-0.391338,0.390859,-0.331687,3.091192,0.374775
1545,1770132347870,17.171165,117.7588,375.2220,-109.7305,0.224137,-0.768984,0.566137,0.194720,0.628324,-2.155697,1.587055,0.197572,-0.390813,0.390860,-0.335535,3.090563,0.374583
1546,1770132347881,17.182277,118.7041,375.3282,-110.8395,0.225367,-0.768571,0.565778,0.195971,0.631347,-2.153087,1.584979,0.198629,-0.390292,0.390840,-0.339565,3.089912,0.374523
1547,1770132347892,17.193388,120.0257,375.2797,-112.0158,0.226632,-0.768213,0.565386,0.197042,0.634525,-2.150846,1.582969,0.200686,-0.389218,0.390839,-0.347481,3.088491,0.374138
1548,1770132347903,17.204500,121.1963,375.4457,-113.1285,0.227936,-0.767821,0.564999,0.198175,0.637787,-2.148437,1.580922,0.201731,-0.388673,0.390841,-0.351491,3.087761,0.373940
1549,1770132347914,17.215611,122.1327,375.4420,-114.4504,0.229538,-0.767440,0.564520,0.199163,0.641928,-2.146232,1.578742,0.203854,-0.387548,0.390858,-0.359722,3.086361,0.373471
1550,1770132347925,17.226722,123.3509,375.7410,-115.5852,0.230865,-0.766975,0.564233,0.200232,0.645268,-2.143699,1.577034,0.204901,-0.387001,0.390801,-0.363739,3.085604,0.373541
1551,1770132347936,17.237833,124.5008,375.5887,-116.8633,0.232289,-0.766615,0.563766,0.201274,0.648886,-2.141497,1.574848,0.205964,-0.386434,0.390810,-0.367837,3.084848,0.373337
1552,1770132347947,17.248945,125.7324,375.2356,-118.3190,0.233570,-0.766135,0.563486,0.202400,0.652071,-2.138862,1.573117,0.208090,-0.385290,0.390817,-0.376083,3.083356,0.372908
1553,1770132347959,17.260056,126.9011,375.6135,-119.4167,0.234924,-0.765700,0.563104,0.203541,0.655451,-2.136342,1.571090,0.209139,-0.384730,0.390820,-0.380187,3.082548,0.372711
1554,1770132347970,17.271167,127.8467,375.7588,-120.6582,0.236174,-0.765185,0.562807,0.204846,0.658477,-2.133417,1.569164,0.210192,-0.384139,0.390846,-0.384336,3.081757,0.372475
1555,1770132347981,17.282278,128.9184,375.6820,-121.9277,0.237511,-0.764749,0.562381,0.206096,0.661762,-2.130773,1.566929,0.212340,-0.382961,0.390878,-0.392734,3.080125,0.371963
1556,1770132347992,17.293389,130.1259,375.8830,-123.3761,0.238880,-0.764230,0.562052,0.207332,0.665137,-2.127924,1.564979,0.213443,-0.382356,0.390849,-0.397141,3.079308,0.371899
1557,1770132348003,17.304501,131.1866,375.8615,-124.6423,0.240249,-0.763844,0.561553,0.208520,0.668526,-2.125502,1.562599,0.215603,-0.381153,0.390855,-0.405649,3.077608,0.371607
1558,1770132348014,17.315612,132.2558,375.8459,-125.8072,0.241558,-0.763281,0.561299,0.209751,0.671726,-2.122542,1.560866,0.216693,-0.380541,0.390860,-0.409920,3.076775,0.371427
1559,1770132348025,17.326723,133.4162,375.9865,-127.1668,0.243143,-0.762859,0.560815,0.210745,0.675776,-2.120245,1.558696,0.217755,-0.379925,0.390881,-0.414143,3.075900,0.371138
1560,1770132348036,17.337834,134.5262,375.9298,-128.5819,0.244571,-0.762354,0.560432,0.211936,0.679315,-2.117500,1.556645,0.219909,-0.378678,0.390890,-0.422702,3.074154,0.370771
1561,1770132348047,17.348945,135.6926,376.1613,-129.8516,0.246198,-0.761892,0.559911,0.213088,0.683415,-2.114919,1.554243,0.220986,-0.378040,0.390895,-0.427092,3.073256,0.370541
1562,1770132348059,17.360057,136.6268,376.0248,-131.0978,0.247429,-0.761370,0.559534,0.214516,0.686311,-2.111866,1.552020,0.223187,-0.376739,0.390905,-0.435823,3.071502,0.370192
1563,1770132348070,17.371168,137.9307,376.0524,-132.4405,0.248884,-0.760907,0.559076,0.215663,0.689928,-2.109298,1.549806,0.224258,-0.376094,0.390908,-0.440154,3.070547,0.370051
1564,1770132348081,17.382279,138.8395,376.1547,-133.7893,0.250412,-0.760386,0.558689,0.216734,0.693770,-2.106657,1.547854,0.225347,-0.375424,0.390929,-0.444397,3.069622,0.369811
1565,1770132348092,17.393390,140.1904,376.3196,-135.3000,0.252087,-0.759940,0.558125,0.217807,0.698013,-2.104226,1.545411,0.227516,-0.374090,0.390969,-0.453192,3.067723,0.369206
1566,1770132348103,17.404501,141.3588,376.5000,-136.7407,0.253451,-0.759389,0.557747,0.219110,0.701304,-2.101250,1.543301,0.228604,-0.373412,0.390992,-0.457516,3.066794,0.368966
1567,1770132348114,17.415613,142.5206,376.3388,-138.0494,0.254700,-0.758782,0.557402,0.220638,0.704192,-2.097874,1.541101,0.230823,-0.372039,0.391000,-0.466388,3.064903,0.368439
1568,1770132348125,17.426724,143.6232,376.4091,-139.3762,0.256173,-0.758365,0.556788,0.221913,0.707787,-2.095309,1.538367,0.231935,-0.371337,0.391029,-0.470899,3.063939,0.368112
1569,1770132348136,17.437835,144.7843,376.4296,-140.8135,0.257884,-0.757889,0.556277,0.222839,0.712168,-2.092970,1.536203,0.233052,-0.370644,0.391022,-0.475352,3.062889,0.367972
1570,1770132348147,17.448946,145.9996,376.4843,-142.3495,0.259567,-0.757427,0.555741,0.223788,0.716455,-2.090648,1.533956,0.235293,-0.369254,0.391006,-0.484353,3.060864,0.367605
1571,1770132348159,17.460058,147.1542,376.4214,-143.8028,0.260925,-0.756799,0.555393,0.225194,0.719672,-2.087368,1.531859,0.236373,-0.368576,0.391009,-0.488736,3.059810,0.367372
1572,1770132348170,17.471169,148.3840,376.4833,-145.3132,0.262551,-0.756338,0.554853,0.226183,0.723778,-2.085011,1.529574,0.237480,-0.367859,0.391041,-0.493231,3.058732,0.367019
1573,1770132348181,17.482280,149.4327,376.7251,-146.7000,0.263815,-0.755688,0.554475,0.227805,0.726643,-2.081443,1.527228,0.239656,-0.366465,0.391068,-0.501975,3.056655,0.366473
1574,1770132348192,17.493391,150.4432,376.6334,-147.9296,0.265520,-0.755107,0.554044,0.228798,0.730959,-2.078759,1.525245,0.240761,-0.365748,0.391089,-0.506426,3.055612,0.366141
1575,1770132348203,17.504502,151.6296,376.8619,-149.4400,0.267186,-0.754664,0.553462,0.229728,0.735185,-2.076523,1.522899,0.242950,-0.364317,0.391092,-0.515259,3.053402,0.365668
1576,1770132348214,17.515613,152.7492,376.8423,-150.9675,0.268593,-0.754072,0.552971,0.231207,0.738485,-2.073287,1.520368,0.244067,-0.363575,0.391109,-0.519888,3.052361,0.365347
1577,1770132348225,17.526725,153.7297,376.8062,-152.5240,0.270259,-0.753501,0.552506,0.232235,0.742665,-2.070602,1.518272,0.245174,-0.362856,0.391087,-0.524315,3.051212,0.365210
1578,1770132348236,17.537836,154.7928,376.8925,-154.0313,0.271746,-0.752926,0.551985,0.233601,0.746218,-2.067542,1.515755,0.247406,-0.361348,0.391120,-0.533522,3.048990,0.364649
1579,1770132348247,17.548947,156.0610,376.7823,-155.5730,0.273185,-0.752362,0.551494,0.234894,0.749661,-2.064595,1.513384,0.248533,-0.360593,0.391106,-0.538128,3.047944,0.364472
1580,1770132348259,17.560059,157.1438,376.8989,-157.0324,0.274867,-0.751859,0.550948,0.235825,0.753910,-2.062211,1.511149,0.250740,-0.359065,0.391150,-0.547269,3.045716,0.363792
1581,1770132348270,17.571170,158.2669,376.9053,-158.4770,0.276307,-0.751223,0.550464,0.237293,0.757280,-2.058888,1.508666,0.251861,-0.358296,0.391120,-0.551845,3.044595,0.363672
1582,1770132348281,17.582281,159.3286,376.7209,-159.8688,0.277633,-0.750637,0.550031,0.238599,0.760394,-2.055883,1.506453,0.252954,-0.357531,0.391144,-0.556370,3.043450,0.363298
1583,1770132348292,17.593392,160.4249,376.7596,-161.3995,0.279369,-0.750055,0.549500,0.239625,0.764742,-2.053190,1.504194,0.255161,-0.355967,0.391130,-0.565478,3.041143,0.362799
1584,1770132348303,17.604503,161.5419,376.9537,-163.1273,0.280809,-0.749505,0.548949,0.240923,0.768164,-2.050298,1.501669,0.256270,-0.355181,0.391132,-0.570152,3.039982,0.362497
1585,1770132348314,17.615615,162.5937,376.8964,-164.7665,0.282289,-0.748859,0.548497,0.242227,0.771687,-2.047144,1.499417,0.258453,-0.353608,0.391111,-0.579243,3.037549,0.361937
1586,1770132348325,17.626726,163.7754,376.9626,-166.2589,0.283909,-0.748317,0.547917,0.243322,0.775676,-2.044496,1.496978,0.259538,-0.352820,0.391101,-0.583772,3.036370,0.361706
1587,1770132348336,17.637837,164.7797,376.9488,-167.7601,0.285590,-0.747762,0.547350,0.244332,0.779860,-2.041910,1.494644,0.260609,-0.352012,0.391134,-0.588266,3.035161,0.361190
1588,1770132348347,17.648949,165.9466,377.0934,-169.3270,0.286916,-0.747081,0.546952,0.245750,0.782904,-2.038548,1.492461,0.262797,-0.350397,0.391110,-0.597436,3.032713,0.360661
1589,1770132348359,17.660060,167.0026,376.9038,-170.9611,0.288487,-0.746426,0.546406,0.247113,0.786636,-2.035323,1.489917,0.263897,-0.349566,0.391110,-0.602180,3.031408,0.360323
1590,1770132348370,17.671171,168.0891,377.1356,-172.5713,0.290023,-0.745894,0.545771,0.248322,0.790329,-2.032600,1.487254,0.265101,-0.348666,0.391093,-0.607184,3.030188,0.360022
1591,1770132348381,17.682282,169.1746,377.1909,-174.2318,0.291789,-0.745140,0.545391,0.249349,0.794718,-2.029466,1.485430,0.267322,-0.346958,0.391104,-0.616603,3.027634,0.359285
1592,1770132348392,17.693393,170.1986,377.2072,-175.8973,0.293218,-0.744591,0.544684,0.250853,0.797988,-2.026397,1.482350,0.268416,-0.346111,0.391105,-0.621305,3.026306,0.358907
1593,1770132348403,17.704505,170.9992,377.2078,-177.3980,0.294846,-0.743933,0.544250,0.251839,0.802011,-2.023574,1.480416,0.270574,-0.344427,0.391099,-0.630468,3.023737,0.358223
1594,1770132348414,17.715616,172.1472,376.8982,-179.2023,0.296208,-0.743376,0.543622,0.253234,0.805137,-2.020606,1.477645,0.271619,-0.343595,0.391107,-0.634991,3.022429,0.357808
1595,1770132348425,17.726727,173.0632,376.8359,-180.8511,0.297800,-0.742720,0.543075,0.254465,0.808951,-2.017540,1.475222,0.272710,-0.342733,0.391096,-0.639580,3.021163,0.357507
1596,1770132348436,17.737838,174.2229,377.1610,-182.3168,0.299391,-0.741937,0.542651,0.255782,0.812722,-2.014049,1.473071,0.274891,-0.340989,0.391104,-0.648944,3.018511,0.356662
1597,1770132348447,17.748949,175.2263,376.9306,-183.8020,0.300904,-0.741246,0.542075,0.257228,0.816222,-2.010676,1.470412,0.275968,-0.340110,0.391095,-0.653668,3.017112,0.356252
1598,1770132348459,17.760061,176.3139,377.2401,-185.5757,0.302701,-0.740612,0.541473,0.258209,0.820681,-2.007945,1.468040,0.278144,-0.338334,0.391095,-0.663070,3.014402,0.355482
1599,1770132348470,17.771172,177.0271,377.4053,-187.3475,0.304238,-0.739854,0.541094,0.259369,0.824359,-2.004695,1.466140,0.279227,-0.337440,0.391090,-0.667770,3.012992,0.355104
1600,1770132348481,17.782283,177.9493,377.4484,-189.0592,0.305917,-0.739188,0.540543,0.260442,0.828450,-2.001787,1.463838,0.280281,-0.336561,0.391096,-0.672332,3.011666,0.354672
1601,1770132348492,17.793394,179.2189,377.1936,-190.8938,0.307457,-0.738492,0.540024,0.261674,0.832095,-1.998641,1.461511,0.282411,-0.334777,0.391093,-0.681580,3.008869,0.353791
1602,1770132348503,17.804505,180.1137,377.3264,-192.5562,0.308932,-0.737713,0.539531,0.263149,0.835456,-1.995023,1.459074,0.283468,-0.333873,0.391088,-0.686233,3.007473,0.353393
1603,1770132348514,17.815617,181.3304,377.6261,-194.2954,0.310777,-0.737040,0.538896,0.264161,0.840010,-1.992173,1.456601,0.285593,-0.332074,0.391042,-0.695541,3.004558,0.352764
1604,1770132348525,17.826728,182.4554,377.7003,-195.9157,0.312326,-0.736413,0.538259,0.265380,0.843671,-1.989237,1.453972,0.286665,-0.331127,0.391065,-0.700308,3.003073,0.352209
1605,1770132348536,17.837839,183.5702,377.6693,-197.4952,0.314053,-0.735714,0.537584,0.266645,0.847788,-1.986067,1.451212,0.287756,-0.330166,0.391084,-0.705168,3.001591,0.351759
1606,1770132348547,17.848950,184.5925,377.6728,-199.2605,0.315632,-0.734864,0.537226,0.267843,0.851531,-1.982560,1.449359,0.289879,-0.328299,0.391072,-0.714636,2.998629,0.350938
1607,1770132348559,17.860061,185.4357,378.1426,-200.6939,0.317523,-0.734268,0.536556,0.268583,0.856309,-1.980204,1.447005,0.290939,-0.327351,0.391063,-0.719341,2.997153,0.350553
1608,1770132348570,17.871173,186.3879,378.1267,-202.3091,0.318828,-0.733502,0.536006,0.270226,0.859108,-1.976483,1.444313,0.291981,-0.326415,0.391065,-0.723997,2.995681,0.350109
1609,1770132348581,17.882284,187.1924,378.0825,-204.0438,0.320300,-0.732790,0.535467,0.271482,0.862524,-1.973302,1.441938,0.294053,-0.324543,0.391042,-0.733276,2.992738,0.349427
1610,1770132348592,17.893395,187.9389,377.4809,-206.0647,0.321835,-0.731880,0.535072,0.272898,0.866032,-1.969432,1.439837,0.295085,-0.323573,0.391079,-0.737981,2.991217,0.348848
1611,1770132348603,17.904506,188.8168,377.7990,-207.8609,0.323400,-0.731050,0.534554,0.274281,0.869633,-1.965820,1.437435,0.297180,-0.321645,0.391081,-0.747336,2.988237,0.348044
1612,1770132348614,17.915618,189.5776,377.7366,-209.7642,0.325075,-0.730459,0.533802,0.275340,0.873668,-1.963174,1.434641,0.298205,-0.320699,0.391062,-0.751972,2.986734,0.347778
1613,1770132348625,17.926729,190.3470,377.7570,-211.5257,0.326364,-0.729549,0.533455,0.276894,0.876441,-1.959185,1.432578,0.299236,-0.319735,0.391045,-0.756642,2.985250,0.347432
1614,1770132348636,17.937840,191.2190,377.8510,-213.1717,0.328115,-0.728859,0.532856,0.277796,0.880740,-1.956437,1.430317,0.301274,-0.317797,0.391075,-0.765909,2.982137,0.346427
1615,1770132348647,17.948951,192.2771,378.1831,-214.8486,0.329759,-0.728135,0.532205,0.278992,0.884617,-1.953310,1.427705,0.302314,-0.316808,0.391064,-0.770553,2.980662,0.345984
1616,1770132348659,17.960063,193.0424,378.4720,-216.4524,0.331283,-0.727279,0.531739,0.280304,0.888118,-1.949721,1.425507,0.304396,-0.314808,0.391071,-0.780013,2.977595,0.345096
1617,1770132348670,17.971174,193.9058,377.9648,-218.4788,0.332655,-0.726527,0.531104,0.281831,0.891107,-1.946202,1.422709,0.305426,-0.313812,0.391054,-0.784765,2.975989,0.344640
1618,1770132348681,17.982285,195.0182,377.9246,-220.2169,0.334137,-0.725916,0.530322,0.283121,0.894496,-1.943301,1.419689,0.306463,-0.312809,0.391037,-0.789481,2.974445,0.344246
1619,1770132348692,17.993396,196.0195,377.9920,-221.7951,0.335830,-0.725031,0.529877,0.284216,0.898531,-1.939861,1.417716,0.308476,-0.310845,0.391005,-0.798740,2.971258,0.343415
1620,1770132348703,18.004507,196.8208,378.0381,-223.6846,0.337439,-0.724307,0.529252,0.285319,0.902335,-1.936846,1.415257,0.309482,-0.309844,0.391001,-0.803399,2.969642,0.342895
1621,1770132348714,18.015619,197.8679,378.0623,-225.2887,0.339097,-0.723468,0.528798,0.286323,0.906312,-1.933624,1.413327,0.311456,-0.307860,0.390995,-0.812588,2.966436,0.341923
1622,1770132348725,18.026730,198.5827,378.1844,-227.1110,0.340661,-0.722676,0.528148,0.287662,0.909877,-1.930207,1.410639,0.312449,-0.306856,0.390989,-0.817248,2.964779,0.341471
1623,1770132348736,18.037841,199.6575,378.1844,-228.8430,0.342207,-0.721813,0.527618,0.288965,0.913408,-1.926640,1.408300,0.313460,-0.305823,0.390990,-0.822021,2.963148,0.340984
1624,1770132348747,18.048953,200.4220,378.3294,-230.8063,0.343754,-0.721073,0.526897,0.290289,0.916927,-1.923385,1.405441,0.315449,-0.303778,0.390996,-0.831360,2.959974,0.339922
1625,1770132348759,18.060064,201.3785,378.2529,-232.6922,0.345212,-0.720179,0.526444,0.291594,0.920215,-1.919745,1.403316,0.316428,-0.302745,0.390997,-0.835990,2.958269,0.339381
1626,1770132348770,18.071175,201.9339,378.3025,-234.3419,0.346933,-0.719441,0.525770,0.292588,0.924341,-1.916824,1.400820,0.317423,-0.301714,0.390987,-0.840728,2.956587,0.338874
1627,1770132348781,18.082286,202.7100,378.2084,-236.2206,0.348612,-0.718677,0.525152,0.293581,0.928352,-1.913835,1.398479,0.319373,-0.299663,0.390993,-0.849901,2.953329,0.337821
1628,1770132348792,18.093398,203.4697,378.4544,-237.8842,0.350115,-0.717754,0.524672,0.294904,0.931739,-1.910114,1.396275,0.320330,-0.298661,0.390955,-0.854417,2.951615,0.337473
1629,1770132348803,18.104509,204.2289,378.3160,-239.8066,0.351483,-0.716931,0.524073,0.296339,0.934707,-1.906554,1.393683,0.322274,-0.296599,0.390949,-0.863680,2.948368,0.336433
1630,1770132348814,18.115620,204.9572,378.4151,-241.4805,0.353047,-0.716117,0.523472,0.297509,0.938320,-1.903277,1.391269,0.323208,-0.295571,0.390961,-0.868125,2.946654,0.335781
1631,1770132348825,18.126732,205.6541,378.5375,-243.3156,0.354616,-0.715319,0.522804,0.298733,0.941915,-1.899996,1.388647,0.324185,-0.294509,0.390965,-0.872810,2.944950,0.335181
1632,1770132348836,18.137843,206.4747,378.5475,-245.3284,0.356224,-0.714333,0.522431,0.299832,0.945667,-1.896337,1.386896,0.326101,-0.292413,0.390949,-0.881979,2.941548,0.334085
1633,1770132348847,18.148954,207.2445,378.6379,-246.9588,0.357819,-0.713583,0.521756,0.300891,0.949400,-1.893349,1.384374,0.327027,-0.291392,0.390925,-0.886416,2.939835,0.333594
1634,1770132348859,18.160065,208.0920,378.6620,-248.8437,0.359071,-0.712600,0.521391,0.302359,0.952025,-1.889357,1.382395,0.328892,-0.289318,0.390899,-0.895461,2.936435,0.332638
1635,1770132348870,18.171176,208.8290,378.7477,-250.6841,0.360751,-0.711874,0.520595,0.303441,0.955964,-1.886417,1.379540,0.329824,-0.288257,0.390902,-0.900036,2.934725,0.332001
1636,1770132348881,18.182288,209.8362,378.8138,-252.2370,0.362346,-0.711002,0.520023,0.304562,0.959657,-1.883059,1.377258,0.330750,-0.287208,0.390890,-0.904531,2.932994,0.331476
1637,1770132348892,18.193399,210.6832,379.0115,-253.9746,0.363939,-0.710188,0.519353,0.305704,0.963330,-1.879836,1.374705,0.332586,-0.285074,0.390906,-0.913660,2.929500,0.330317
1638,1770132348903,18.204510,211.4090,379.1104,-255.7661,0.365484,-0.709352,0.518690,0.306923,0.966835,-1.876489,1.372118,0.333494,-0.284008,0.390895,-0.918191,2.927716,0.329840
1639,1770132348914,18.215621,212.1690,378.8763,-257.5768,0.366912,-0.708428,0.518238,0.308115,0.970040,-1.872938,1.370114,0.335285,-0.281892,0.390876,-0.927138,2.924136,0.328804
1640,1770132348925,18.226733,212.6542,378.8510,-259.4980,0.368363,-0.707463,0.517719,0.309470,0.973223,-1.869132,1.367825,0.336168,-0.280831,0.390868,-0.931559,2.922391,0.328226
1641,1770132348936,18.237844,213.2890,378.9248,-261.3607,0.370028,-0.706570,0.517146,0.310482,0.977131,-1.865839,1.365626,0.337054,-0.279751,0.390875,-0.936064,2.920611,0.327651
1642,1770132348947,18.248955,213.8718,378.7190,-263.2926,0.371658,-0.705806,0.516388,0.311533,0.980926,-1.862851,1.362916,0.338851,-0.277562,0.390847,-0.945183,2.916968,0.326678
1643,1770132348959,18.260066,214.4914,378.6731,-265.2155,0.373065,-0.704886,0.515750,0.312986,0.983933,-1.859090,1.360256,0.339748,-0.276466,0.390846,-0.949789,2.915171,0.326058
1644,1770132348970,18.271178,215.0596,378.8243,-267.2150,0.374730,-0.704085,0.515025,0.313992,0.987835,-1.856055,1.357669,0.340646,-0.275355,0.390831,-0.954359,2.913321,0.325548
1645,1770132348981,18.282289,215.7745,378.7258,-269.0611,0.376208,-0.703104,0.514473,0.315327,0.991079,-1.852248,1.355321,0.342410,-0.273148,0.390817,-0.963449,2.909730,0.324412
1646,1770132348992,18.293401,216.3380,378.6560,-270.8982,0.377532,-0.702168,0.513967,0.316650,0.993919,-1.848580,1.353107,0.343267,-0.272070,0.390818,-0.967859,2.907974,0.323772
1647,1770132349003,18.304512,217.2419,378.8163,-272.6315,0.379285,-0.701428,0.513188,0.317459,0.998135,-1.845895,1.350518,0.344987,-0.269892,0.390799,-0.976749,2.904288,0.322634
1648,1770132349014,18.315623,218.0508,378.8456,-274.4174,0.380707,-0.700518,0.512546,0.318799,1.001217,-1.842286,1.347940,0.345845,-0.268787,0.390813,-0.981236,2.902382,0.321954
1649,1770132349025,18.326734,218.6511,378.5760,-276.3350,0.382176,-0.699517,0.512034,0.320062,1.004456,-1.838510,1.345758,0.346705,-0.267678,0.390804,-0.985700,2.900535,0.321406
1650,1770132349036,18.337846,219.3073,378.5327,-278.2116,0.383886,-0.698725,0.511258,0.320984,1.008494,-1.835598,1.343111,0.348437,-0.265447,0.390778,-0.994725,2.896825,0.320280
1651,1770132349047,18.348957,219.8959,378.7453,-279.9637,0.385251,-0.697696,0.510783,0.322339,1.011408,-1.831676,1.340971,0.349281,-0.264310,0.390819,-0.999217,2.894974,0.319464
1652,1770132349059,18.360068,220.5638,378.6787,-281.8178,0.386765,-0.696799,0.510161,0.323451,1.014830,-1.828325,1.338607,0.350982,-0.262089,0.390782,-1.008102,2.891308,0.318399
1653,1770132349070,18.371180,221.1225,378.6010,-283.6357,0.388237,-0.695963,0.509483,0.324554,1.018141,-1.825144,1.336107,0.351816,-0.260999,0.390754,-1.012502,2.889406,0.317903
1654,1770132349081,18.382291,221.7430,378.8301,-285.3434,0.389703,-0.694985,0.508972,0.325692,1.021416,-1.821566,1.334024,0.352637,-0.259885,0.390761,-1.016830,2.887585,0.317277
1655,1770132349092,18.393402,222.2671,378.7173,-287.1938,0.391061,-0.693988,0.508378,0.327115,1.024264,-1.817686,1.331539,0.354290,-0.257663,0.390748,-1.025640,2.883850,0.316119
1656,1770132349103,18.404513,222.8473,378.7317,-289.2481,0.392573,-0.693132,0.507676,0.328208,1.027673,-1.814474,1.328991,0.355105,-0.256549,0.390758,-1.029965,2.881973,0.315497
1657,1770132349114,18.415625,223.1759,378.9555,-291.0817,0.393954,-0.692088,0.507219,0.329459,1.030660,-1.810637,1.326984,0.356748,-0.254284,0.390751,-1.038829,2.878080,0.314308
1658,1770132349125,18.426736,223.6106,378.9261,-293.0012,0.395366,-0.691157,0.506545,0.330757,1.033698,-1.807056,1.324381,0.357568,-0.253155,0.390722,-1.043248,2.876225,0.313894
1659,1770132349136,18.437847,224.2872,379.1033,-294.9373,0.396917,-0.690360,0.505744,0.331788,1.037232,-1.804067,1.321623,0.358372,-0.252020,0.390719,-1.047677,2.874308,0.313295
1660,1770132349147,18.448958,224.7958,379.1161,-296.7260,0.398253,-0.689339,0.505306,0.332976,1.040123,-1.800355,1.319714,0.359949,-0.249773,0.390719,-1.056362,2.870436,0.312039
1661,1770132349159,18.460070,225.2908,379.0753,-298.6628,0.399753,-0.688561,0.504429,0.334117,1.043461,-1.797325,1.316693,0.360738,-0.248645,0.390727,-1.060684,2.868502,0.311446
1662,1770132349170,18.471181,225.7796,379.1425,-300.2950,0.401217,-0.687545,0.503929,0.335206,1.046728,-1.793723,1.314691,0.361540,-0.247505,0.390716,-1.065115,2.866548,0.310875
1663,1770132349181,18.482292,226.3187,379.1972,-302.2247,0.402658,-0.686559,0.503226,0.336552,1.049800,-1.789981,1.311998,0.363117,-0.245196,0.390712,-1.073931,2.862604,0.309667
1664,1770132349192,18.493403,226.8670,379.1982,-304.1457,0.404110,-0.685501,0.502748,0.337680,1.053009,-1.786244,1.310036,0.363901,-0.244031,0.390732,-1.078430,2.860633,0.308970
1665,1770132349203,18.504514,227.3141,379.2365,-306.0323,0.405734,-0.684593,0.502033,0.338639,1.056750,-1.783048,1.307564,0.365439,-0.241714,0.390771,-1.087166,2.856632,0.307523
1666,1770132349214,18.515626,227.7518,379.4342,-307.7982,0.407036,-0.683580,0.501477,0.339942,1.059471,-1.779287,1.305292,0.366181,-0.240577,0.390777,-1.091459,2.854637,0.306785
1667,1770132349225,18.526737,228.1428,379.4887,-309.6060,0.408550,-0.682663,0.500822,0.340934,1.062902,-1.776045,1.302961,0.366942,-0.239430,0.390778,-1.095767,2.852670,0.306228
1668,1770132349236,18.537848,228.5842,379.4413,-311.4918,0.409863,-0.681744,0.500131,0.342208,1.065660,-1.772562,1.300362,0.368435,-0.237134,0.390800,-1.104387,2.848640,0.304842
1669,1770132349247,18.548959,229.2868,379.5681,-313.4694,0.411364,-0.680702,0.499582,0.343282,1.069006,-1.768933,1.298259,0.369186,-0.235984,0.390778,-1.108761,2.846591,0.304261
1670,1770132349259,18.560071,229.7665,379.4239,-315.2158,0.412855,-0.679730,0.498905,0.344400,1.072304,-1.765456,1.295800,0.370705,-0.233649,0.390759,-1.117405,2.842647,0.303102
1671,1770132349270,18.571182,230.1832,379.4513,-317.1345,0.414303,-0.678801,0.498161,0.345568,1.075457,-1.762049,1.293139,0.371460,-0.232490,0.390742,-1.121708,2.840666,0.302563
1672,1770132349281,18.582293,230.6846,379.4322,-319.0443,0.415795,-0.677739,0.497562,0.346723,1.078728,-1.758312,1.290863,0.372194,-0.231311,0.390761,-1.126047,2.838645,0.301897
1673,1770132349292,18.593404,231.0560,379.4396,-320.9128,0.417179,-0.676748,0.496934,0.347896,1.081707,-1.754747,1.288506,0.373665,-0.228979,0.390784,-1.134628,2.834622,0.300625
1674,1770132349303,18.604515,231.3238,379.6297,-322.5739,0.418586,-0.675888,0.496169,0.348967,1.084798,-1.751613,1.285859,0.374373,-0.227813,0.390804,-1.138836,2.832577,0.299953
1675,1770132349314,18.615627,231.9272,379.6705,-324.5754,0.420133,-0.674929,0.495492,0.349924,1.088305,-1.748323,1.283513,0.375806,-0.225495,0.390801,-1.147269,2.828515,0.298789
1676,1770132349325,18.626738,232.2577,379.6584,-326.4318,0.421551,-0.673978,0.494751,0.351098,1.091362,-1.744875,1.280869,0.376538,-0.224319,0.390786,-1.151573,2.826483,0.298237
1677,1770132349336,18.637849,232.5965,379.6883,-328.3728,0.422909,-0.672864,0.494173,0.352415,1.094184,-1.740888,1.278566,0.377252,-0.223102,0.390804,-1.155938,2.824420,0.297558
1678,1770132349347,18.648960,232.9593,379.7616,-330.2894,0.424279,-0.671969,0.493420,0.353527,1.097144,-1.737646,1.275934,0.378690,-0.220702,0.390817,-1.164615,2.820260,0.296366
1679,1770132349359,18.660072,233.5753,380.1322,-331.8189,0.425838,-0.670979,0.492705,0.354530,1.100646,-1.734250,1.273473,0.378690,-0.220702,0.390817,-1.164615,2.820260,0.296366
1680,1770132349370,18.671183,233.9427,380.1082,-333.5933,0.427088,-0.669828,0.492315,0.355742,1.103235,-1.730271,1.271726,0.380073,-0.218356,0.390823,-1.172995,2.816171,0.295061
1681,1770132349381,18.682319,234.2622,380.0460,-335.4879,0.428323,-0.668814,0.491732,0.356969,1.105774,-1.726637,1.269475,0.381408,-0.216050,0.390835,-1.181180,2.812096,0.293762
1682,1770132349392,18.693430,234.5725,380.0877,-337.3322,0.429830,-0.667931,0.490948,0.357889,1.109176,-1.723598,1.266891,0.382070,-0.214895,0.390817,-1.185264,2.810058,0.293189
1683,1770132349403,18.704541,234.9314,380.2385,-339.5011,0.431216,-0.666907,0.490274,0.359054,1.112134,-1.719996,1.264450,0.383391,-0.212517,0.390855,-1.193608,2.805809,0.291718
1684,1770132349414,18.715652,235.3385,380.1864,-341.2828,0.432602,-0.665952,0.489465,0.360261,1.115065,-1.716544,1.261634,0.384070,-0.211301,0.390854,-1.197881,2.803668,0.291013
1685,1770132349425,18.726764,235.6505,380.2223,-343.1655,0.434178,-0.664848,0.488876,0.361202,1.118623,-1.712929,1.259549,0.384753,-0.210059,0.390838,-1.202263,2.801515,0.290381
1686,1770132349436,18.737875,235.9467,380.3073,-345.1471,0.435554,-0.663863,0.488097,0.362408,1.121524,-1.709406,1.256820,0.386053,-0.207634,0.390846,-1.210694,2.797225,0.288893
1687,1770132349447,18.748986,236.1791,380.3636,-346.7944,0.436728,-0.662676,0.487755,0.363626,1.123894,-1.705359,1.255210,0.386679,-0.206463,0.390837,-1.214717,2.795164,0.288250
1688,1770132349459,18.760098,236.4191,380.3219,-348.6667,0.438118,-0.661719,0.487039,0.364657,1.126917,-1.702059,1.252751,0.387910,-0.204091,0.390836,-1.222837,2.790900,0.286748
1689,1770132349470,18.771209,236.6571,380.3600,-350.5103,0.439592,-0.660820,0.486287,0.365513,1.130250,-1.699055,1.250308,0.388515,-0.202914,0.390838,-1.226798,2.788807,0.285980
1690,1770132349481,18.782320,236.9675,380.6549,-352.3651,0.440838,-0.659677,0.485743,0.366799,1.132759,-1.695080,1.248144,0.389128,-0.201725,0.390818,-1.230776,2.786812,0.285326
1691,1770132349492,18.793432,237.1478,380.7892,-354.1928,0.442358,-0.658675,0.484997,0.367756,1.136147,-1.691734,1.245661,0.390362,-0.199271,0.390821,-1.239158,2.782417,0.283843
1692,1770132349503,18.804543,237.3616,380.3925,-356.0751,0.443819,-0.657515,0.484510,0.368713,1.139381,-1.687987,1.243845,0.390984,-0.198046,0.390794,-1.243299,2.780346,0.283224
1693,1770132349514,18.815654,237.7634,380.4706,-357.8550,0.445238,-0.656522,0.483785,0.369723,1.142476,-1.684630,1.241389,0.390984,-0.198046,0.390794,-1.243299,2.780346,0.283224
1694,1770132349525,18.826820,237.8871,380.2760,-359.8259,0.446431,-0.655488,0.483083,0.371034,1.144825,-1.680930,1.238816,0.392190,-0.195617,0.390776,-1.251395,2.776087,0.281840
1695,1770132349536,18.837932,238.1669,380.0046,-361.5875,0.447857,-0.654179,0.482763,0.372041,1.147936,-1.676774,1.237404,0.393368,-0.193223,0.390768,-1.259425,2.771884,0.280385
1696,1770132349548,18.849082,238.5115,380.4017,-363.4787,0.449147,-0.653214,0.482058,0.373095,1.150666,-1.673464,1.234980,0.393368,-0.193223,0.390768,-1.259425,2.771884,0.280385
1697,1770132349559,18.860194,238.7408,380.2546,-365.4422,0.450419,-0.652120,0.481436,0.374276,1.153280,-1.669728,1.232699,0.394531,-0.190834,0.390770,-1.267356,2.767643,0.278931
1698,1770132349570,18.871305,238.8765,380.3177,-367.3711,0.451829,-0.651115,0.480738,0.375222,1.156374,-1.666409,1.230361,0.395694,-0.188409,0.390774,-1.275443,2.763307,0.277480
1699,1770132349581,18.882416,238.9727,380.3114,-369.2927,0.453207,-0.650082,0.479983,0.376315,1.159301,-1.662907,1.227793,0.396859,-0.185992,0.390749,-1.283592,2.758982,0.276091
1700,1770132349592,18.893566,239.1219,380.3954,-371.0519,0.454486,-0.648902,0.479493,0.377432,1.161959,-1.659014,1.225894,0.396859,-0.185992,0.390749,-1.283592,2.758982,0.276091
1701,1770132349603,18.904677,239.2182,380.5535,-372.8957,0.455859,-0.647961,0.478667,0.378440,1.164915,-1.655820,1.223201,0.397979,-0.183575,0.390767,-1.291646,2.754635,0.274529
1702,1770132349614,18.915789,239.5376,380.5688,-374.7134,0.457181,-0.646762,0.478186,0.379504,1.167707,-1.651926,1.221357,0.398533,-0.182378,0.390751,-1.295574,2.752525,0.273832
1703,1770132349625,18.926900,239.6184,380.6757,-376.4573,0.458706,-0.645875,0.477339,0.380239,1.171196,-1.649089,1.218773,0.399642,-0.179981,0.390736,-1.303551,2.748223,0.272428
1704,1770132349637,18.938011,239.9061,380.6223,-378.5030,0.459706,-0.644781,0.476773,0.381596,1.173001,-1.645245,1.216550,0.400745,-0.177603,0.390702,-1.311436,2.743882,0.271139
1705,1770132349648,18.949122,240.0088,380.6273,-380.1573,0.461045,-0.643365,0.476473,0.382744,1.175782,-1.640744,1.215127,0.401290,-0.176384,0.390692,-1.315463,2.741674,0.270393
1706,1770132349659,18.960234,239.8880,380.7903,-381.9774,0.462530,-0.642551,0.475494,0.383536,1.179130,-1.638057,1.212179,0.402365,-0.173947,0.390688,-1.323490,2.737211,0.268924
1707,1770132349670,18.971345,240.2362,380.8339,-383.7938,0.463775,-0.641336,0.474996,0.384682,1.181668,-1.634079,1.210258,0.402889,-0.172717,0.390716,-1.327374,2.735053,0.268057
1708,1770132349681,18.982456,240.4704,381.2081,-385.4003,0.465132,-0.640278,0.474209,0.385774,1.184517,-1.630549,1.207633,0.403395,-0.171525,0.390721,-1.331384,2.732752,0.267368
1709,1770132349692,18.993567,240.6744,381.0443,-387.3839,0.466306,-0.639301,0.473647,0.386668,1.187009,-1.627377,1.205694,0.404428,-0.169130,0.390697,-1.339246,2.728498,0.265954
1710,1770132349703,19.004679,240.7509,381.0341,-389.2363,0.467842,-0.638374,0.472701,0.387501,1.190454,-1.624382,1.202817,0.404923,-0.167957,0.390680,-1.343060,2.726308,0.265351
1711,1770132349714,19.015790,240.8447,380.9717,-391.0652,0.468997,-0.637172,0.472200,0.388691,1.192728,-1.620420,1.200873,0.405918,-0.165539,0.390676,-1.350881,2.721851,0.263887
1712,1770132349725,19.026901,240.9151,381.0276,-392.7405,0.470349,-0.636115,0.471550,0.389578,1.195667,-1.617061,1.198720,0.406418,-0.164300,0.390702,-1.354801,2.719648,0.263039
1713,1770132349737,19.038013,241.1447,380.8671,-394.5907,0.471607,-0.634899,0.470966,0.390745,1.198211,-1.613088,1.196583,0.406911,-0.163089,0.390686,-1.358773,2.717373,0.262445
1714,1770132349748,19.049124,241.2211,380.7949,-396.5179,0.472926,-0.633773,0.470346,0.391723,1.201014,-1.609490,1.194461,0.407897,-0.160630,0.390671,-1.366706,2.712898,0.261025
1715,1770132349759,19.060235,241.3239,380.8358,-398.2737,0.474079,-0.632718,0.469643,0.392876,1.203293,-1.605946,1.192034,0.408374,-0.159436,0.390666,-1.370583,2.710660,0.260363
1716,1770132349770,19.071346,241.5538,380.7130,-399.9599,0.475448,-0.631626,0.469056,0.393681,1.206313,-1.602570,1.190096,0.408846,-0.158257,0.390650,-1.374379,2.708463,0.259873
1717,1770132349781,19.082457,241.6083,380.5418,-401.7450,0.476276,-0.631734,0.466715,0.395286,1.207510,-1.601645,1.183270,0.409753,-0.155948,0.390613,-1.382253,2.703729,0.260654
1718,1770132349792,19.093569,241.6617,380.7561,-403.4586,0.477969,-0.630100,0.466511,0.396090,1.211349,-1.596903,1.182309,0.410197,-0.154749,0.390619,-1.386478,2.701100,0.261507
1719,1770132349803,19.104680,241.7970,380.8005,-405.2568,0.479212,-0.629681,0.464708,0.397372,1.213772,-1.594889,1.177036,0.411108,-0.152319,0.390654,-1.394982,2.695703,0.263980
1720,1770132349814,19.115791,241.9165,380.8148,-407.0026,0.480609,-0.629090,0.463104,0.398492,1.216676,-1.592562,1.172361,0.411558,-0.151093,0.390659,-1.399340,2.692897,0.265633
1721,1770132349825,19.126902,241.9099,380.9796,-408.8258,0.481656,-0.628790,0.461134,0.399983,1.218482,-1.590698,1.166565,0.411995,-0.149882,0.390658,-1.403545,2.690067,0.267222
1722,1770132349837,19.138014,241.8944,380.8231,-410.6270,0.482988,-0.628322,0.459578,0.400902,1.221328,-1.588833,1.162133,0.412892,-0.147507,0.390611,-1.411984,2.684608,0.271328
1723,1770132349848,19.149125,241.8453,381.0952,-412.2089,0.484191,-0.627623,0.458179,0.402145,1.223665,-1.586151,1.157925,0.413326,-0.146322,0.390606,-1.416160,2.681848,0.273391
1724,1770132349859,19.160236,241.7076,381.1356,-414.0703,0.485392,-0.627164,0.456370,0.403469,1.225947,-1.584016,1.152646,0.414138,-0.143933,0.390678,-1.424375,2.676195,0.277102
1725,1770132349870,19.171348,241.5824,381.0905,-415.9023,0.486577,-0.626802,0.454687,0.404501,1.228352,-1.582347,1.147846,0.414547,-0.142753,0.390674,-1.428514,2.673396,0.279209
1726,1770132349881,19.182459,241.3907,381.0511,-417.9003,0.487987,-0.626516,0.452673,0.405505,1.231339,-1.580887,1.142229,0.414957,-0.141541,0.390686,-1.432675,2.670572,0.281181
1727,1770132349892,19.193570,241.2390,381.0809,-419.7421,0.489171,-0.625907,0.451149,0.406716,1.233632,-1.578465,1.137745,0.415746,-0.139141,0.390731,-1.440813,2.665009,0.284748
1728,1770132349903,19.204681,241.1141,380.9780,-421.3389,0.490217,-0.625476,0.449354,0.408104,1.235478,-1.576365,1.132491,0.416157,-0.137915,0.390735,-1.444986,2.662260,0.286564
1729,1770132349914,19.215793,240.9680,380.9915,-423.1005,0.491551,-0.624667,0.448118,0.409095,1.238271,-1.573606,1.128859,0.416923,-0.135488,0.390809,-1.453086,2.656683,0.289779
1730,1770132349925,19.226904,241.1153,381.1140,-425.2160,0.492807,-0.624278,0.446294,0.410172,1.240818,-1.571843,1.123705,0.417317,-0.134281,0.390780,-1.457187,2.653944,0.291496
1731,1770132349937,19.238015,241.0294,381.0450,-426.9572,0.493977,-0.624084,0.444248,0.411277,1.243130,-1.570554,1.117984,0.417688,-0.133099,0.390785,-1.461107,2.651187,0.293076
1732,1770132349948,19.249126,241.1318,380.9023,-428.6625,0.495290,-0.623446,0.442939,0.412077,1.245974,-1.568370,1.114277,0.418436,-0.130727,0.390758,-1.468907,2.645806,0.296105
1733,1770132349959,19.260237,241.0440,380.8603,-430.4258,0.496250,-0.622829,0.441388,0.413517,1.247561,-1.565776,1.109639,0.418814,-0.129542,0.390746,-1.472862,2.643072,0.297468
1734,1770132349970,19.271349,241.0325,381.0823,-432.2089,0.497577,-0.622116,0.440019,0.414455,1.250355,-1.563309,1.105718,0.419554,-0.127137,0.390693,-1.480621,2.637757,0.300261
1735,1770132349981,19.282460,241.1033,381.0442,-434.0234,0.498795,-0.621470,0.438605,0.415457,1.252838,-1.560966,1.101659,0.419938,-0.125933,0.390672,-1.484623,2.635042,0.301495
1736,1770132349992,19.293571,240.8326,380.9023,-435.7696,0.499720,-0.620699,0.437294,0.416877,1.254341,-1.558010,1.097648,0.420296,-0.124742,0.390657,-1.488420,2.632479,0.302571
1737,1770132350003,19.304682,240.6473,381.0421,-437.5743,0.500859,-0.619964,0.436069,0.417887,1.256618,-1.555442,1.094063,0.421014,-0.122346,0.390596,-1.496067,2.627338,0.304691
1738,1770132350014,19.315794,240.6002,380.9768,-439.1792,0.501985,-0.619633,0.434378,0.418786,1.258922,-1.553971,1.089373,0.421352,-0.121172,0.390613,-1.499722,2.624733,0.305530
1739,1770132350025,19.326905,240.5819,380.8994,-440.9335,0.503132,-0.618744,0.433377,0.419761,1.261236,-1.551046,1.086375,0.421689,-0.119975,0.390597,-1.503456,2.622216,0.306316
1740,1770132350037,19.338016,240.5510,380.9644,-442.6369,0.504262,-0.617958,0.432111,0.420867,1.263426,-1.548291,1.082651,0.422365,-0.117580,0.390598,-1.510939,2.617024,0.307708
1741,1770132350048,19.349127,240.2779,381.1328,-444.3024,0.505466,-0.617149,0.430815,0.421936,1.265821,-1.545506,1.078877,0.422693,-0.116354,0.390606,-1.514647,2.614492,0.308314
1742,1770132350059,19.360238,240.1852,381.1913,-446.1262,0.506563,-0.616121,0.429909,0.423045,1.267925,-1.542149,1.076061,0.423349,-0.113912,0.390622,-1.522236,2.609182,0.309322
1743,1770132350070,19.371349,239.9634,381.2085,-447.9026,0.507689,-0.615479,0.428504,0.424055,1.270157,-1.539828,1.072048,0.423663,-0.112691,0.390652,-1.525913,2.606603,0.309781
1744,1770132350081,19.382461,239.8408,381.4409,-449.9003,0.508855,-0.614449,0.427566,0.425097,1.272466,-1.536519,1.069191,0.423980,-0.111492,0.390676,-1.529471,2.604107,0.310247
1745,1770132350092,19.393572,239.5808,381.6484,-451.3987,0.509870,-0.613797,0.426240,0.426152,1.274390,-1.534148,1.065360,0.424572,-0.109109,0.390737,-1.536777,2.598864,0.310817
1746,1770132350103,19.404683,239.3787,381.5002,-453.0063,0.511169,-0.612826,0.425320,0.426912,1.277192,-1.531191,1.062692,0.424858,-0.107928,0.390753,-1.540336,2.596288,0.311046
1747,1770132350114,19.415794,239.4810,381.3573,-454.6141,0.512010,-0.612146,0.424062,0.428129,1.278584,-1.528642,1.058961,0.425467,-0.105547,0.390768,-1.547535,2.591309,0.311694
1748,1770132350125,19.426906,239.2718,381.1284,-456.4866,0.513230,-0.610998,0.423298,0.429063,1.281084,-1.525126,1.056602,0.425772,-0.104348,0.390772,-1.551157,2.588800,0.312073
1749,1770132350137,19.438017,239.2337,381.3443,-458.0457,0.514429,-0.610045,0.422325,0.429942,1.283561,-1.522136,1.053751,0.426053,-0.103164,0.390807,-1.554751,2.586217,0.312173
1750,1770132350148,19.449128,239.0512,381.3163,-459.7259,0.515653,-0.609261,0.421128,0.430760,1.286136,-1.519614,1.050374,0.426629,-0.100786,0.390849,-1.561758,2.581177,0.312560
1751,1770132350159,19.460239,238.9442,381.5237,-461.5396,0.516728,-0.608383,0.420086,0.431730,1.288248,-1.516752,1.047311,0.426895,-0.099609,0.390900,-1.565288,2.578580,0.312589
1752,1770132350170,19.471350,238.7442,381.5317,-463.1305,0.517735,-0.607439,0.419265,0.432649,1.290220,-1.513767,1.044827,0.427188,-0.098443,0.390890,-1.568735,2.576146,0.312869
1753,1770132350181,19.482461,238.5849,381.4355,-464.8920,0.518928,-0.606557,0.418177,0.433510,1.292685,-1.510975,1.041709,0.427731,-0.096148,0.390897,-1.575556,2.571149,0.313211
1754,1770132350192,19.493573,238.3516,381.4262,-466.5926,0.519948,-0.605865,0.417042,0.434348,1.294732,-1.508676,1.038486,0.428003,-0.094999,0.390912,-1.578932,2.568707,0.313347
1755,1770132350203,19.504684,238.0675,381.5658,-468.2059,0.521177,-0.604892,0.416133,0.435102,1.297348,-1.505738,1.035866,0.428521,-0.092664,0.390947,-1.585812,2.563729,0.313360
1756,1770132350214,19.515795,237.9379,381.6571,-469.6216,0.522153,-0.603990,0.415183,0.436091,1.299195,-1.502817,1.033037,0.428789,-0.091479,0.390954,-1.589295,2.561200,0.313413
1757,1770132350225,19.526906,237.6755,381.7620,-471.4302,0.523273,-0.603033,0.414204,0.437003,1.301443,-1.499814,1.030175,0.429047,-0.090302,0.390976,-1.592656,2.558765,0.313400
1758,1770132350237,19.538018,237.4458,381.7057,-473.1105,0.524391,-0.602055,0.413331,0.437837,1.303731,-1.496816,1.027614,0.429563,-0.087945,0.390995,-1.599553,2.553676,0.313393
1759,1770132350248,19.549129,237.2020,381.8227,-474.9470,0.525414,-0.601270,0.412162,0.438791,1.305707,-1.494217,1.024265,0.429813,-0.086767,0.390997,-1.602933,2.551216,0.313414
1760,1770132350259,19.560240,236.9389,381.7619,-476.5765,0.526446,-0.600230,0.411464,0.439631,1.307775,-1.491066,1.022142,0.430284,-0.084452,0.391038,-1.609515,2.546190,0.313206
1761,1770132350270,19.571351,236.8325,381.7062,-478.1478,0.527502,-0.599389,0.410447,0.440465,1.309902,-1.488414,1.019229,0.430518,-0.083295,0.391048,-1.612845,2.543679,0.313060
1762,1770132350281,19.582463,236.5927,381.7710,-479.7246,0.528446,-0.598516,0.409554,0.441350,1.311721,-1.485651,1.016606,0.430751,-0.082163,0.391047,-1.616073,2.541259,0.312966
1763,1770132350292,19.593574,236.4589,381.7933,-481.2952,0.529651,-0.597665,0.408444,0.442086,1.314275,-1.483044,1.013512,0.431213,-0.079859,0.391068,-1.622600,2.536302,0.312681
1764,1770132350303,19.604685,236.2081,381.8495,-482.9844,0.530613,-0.596706,0.407612,0.442995,1.316122,-1.480057,1.011034,0.431448,-0.078678,0.391082,-1.625898,2.533849,0.312561
1765,1770132350314,19.615797,235.9210,381.8151,-484.6287,0.531760,-0.595801,0.406546,0.443817,1.318476,-1.477263,1.008014,0.431903,-0.076353,0.391100,-1.632531,2.528835,0.312305
1766,1770132350325,19.626908,235.4453,381.8964,-486.1690,0.532754,-0.594861,0.405742,0.444621,1.320462,-1.474396,1.005655,0.432116,-0.075195,0.391111,-1.635676,2.526397,0.312133
1767,1770132350337,19.638019,235.1088,381.9395,-487.7746,0.533860,-0.593877,0.404765,0.445499,1.322678,-1.471376,1.002835,0.432331,-0.074041,0.391124,-1.639004,2.523916,0.311946
1768,1770132350348,19.649130,234.7924,381.8133,-489.4926,0.534745,-0.592805,0.404234,0.446346,1.324366,-1.468158,1.001136,0.432738,-0.071750,0.391125,-1.645394,2.518983,0.311633
1769,1770132350359,19.660241,234.4751,381.7478,-491.0507,0.535891,-0.591975,0.403116,0.447084,1.326761,-1.465615,0.998036,0.432933,-0.070636,0.391134,-1.648540,2.516530,0.311348
1770,1770132350370,19.671352,234.4518,382.0159,-492.4525,0.536868,-0.591123,0.402258,0.447811,1.328744,-1.463025,0.995587,0.433311,-0.068395,0.391116,-1.654709,2.511728,0.311050
1771,1770132350381,19.682463,234.3020,381.9005,-493.9743,0.537894,-0.590111,0.401351,0.448727,1.330735,-1.459918,0.992931,0.433495,-0.067258,0.391111,-1.657908,2.509253,0.310878
1772,1770132350392,19.693575,234.1586,381.7325,-495.7002,0.538828,-0.589178,0.400450,0.449637,1.332500,-1.457012,0.990297,0.433676,-0.066102,0.391087,-1.661086,2.506808,0.310708
1773,1770132350403,19.704686,233.9643,381.7728,-497.3388,0.539985,-0.588162,0.399659,0.450283,1.334972,-1.454079,0.988052,0.434027,-0.063780,0.391082,-1.667437,2.501830,0.310292
1774,1770132350414,19.715797,233.4945,381.7937,-498.9024,0.540952,-0.587224,0.398773,0.451131,1.336854,-1.451205,0.985487,0.434197,-0.062640,0.391083,-1.670613,2.499306,0.310053
1775,1770132350425,19.726908,233.1658,381.6854,-500.5165,0.541833,-0.586287,0.397952,0.452017,1.338498,-1.448312,0.983067,0.434368,-0.061449,0.391080,-1.673785,2.496840,0.309839
1776,1770132350437,19.738020,232.8937,381.8114,-502.1323,0.542867,-0.585311,0.397068,0.452817,1.340570,-1.445381,0.980530,0.434686,-0.059194,0.391037,-1.679900,2.492090,0.309515
1777,1770132350448,19.749131,232.6270,381.7593,-503.7162,0.543948,-0.584313,0.396291,0.453489,1.342835,-1.442482,0.978316,0.434824,-0.058070,0.391055,-1.682887,2.489646,0.309164
1778,1770132350459,19.760242,232.3056,381.6903,-505.2773,0.545096,-0.583492,0.395241,0.454085,1.345306,-1.440069,0.975462,0.435108,-0.055830,0.391038,-1.688822,2.484949,0.308675
1779,1770132350470,19.771353,231.8755,381.5098,-506.9431,0.545842,-0.582508,0.394567,0.455037,1.346573,-1.437027,0.973383,0.435240,-0.054715,0.391043,-1.691768,2.482559,0.308394
1780,1770132350481,19.782464,231.4038,381.7254,-508.3953,0.547010,-0.581623,0.393573,0.455626,1.349097,-1.434466,0.970676,0.435380,-0.053584,0.391023,-1.694739,2.480227,0.308207
1781,1770132350492,19.793576,230.8375,381.7952,-510.0529,0.547976,-0.580434,0.392959,0.456511,1.350945,-1.430964,0.968777,0.435627,-0.051306,0.391021,-1.700788,2.475262,0.307635
1782,1770132350503,19.804687,230.6263,382.0407,-511.3697,0.548835,-0.579634,0.392108,0.457227,1.352628,-1.428535,0.966367,0.435752,-0.050113,0.391010,-1.703940,2.472769,0.307405
1783,1770132350514,19.815798,230.2987,381.9459,-512.9396,0.549811,-0.578732,0.391224,0.457953,1.354595,-1.425849,0.963875,0.435992,-0.047813,0.391017,-1.710037,2.467877,0.306820
1784,1770132350525,19.826910,230.0178,382.0592,-514.3625,0.550737,-0.577723,0.390406,0.458813,1.356352,-1.422813,0.961490,0.436114,-0.046704,0.390981,-1.712981,2.465484,0.306653
1785,1770132350537,19.838021,229.6085,382.0343,-515.8515,0.551741,-0.576846,0.389567,0.459422,1.358456,-1.420268,0.959162,0.436227,-0.045584,0.390978,-1.715883,2.463140,0.306421
1786,1770132350548,19.849132,229.3193,382.0716,-517.2348,0.552512,-0.576053,0.388681,0.460240,1.359856,-1.417796,0.956632,0.436460,-0.043404,0.390909,-1.721766,2.458399,0.306122
1787,1770132350559,19.860244,229.0941,382.0341,-518.5767,0.553669,-0.575142,0.387805,0.460727,1.362407,-1.415245,0.954268,0.436574,-0.042302,0.390875,-1.724666,2.456159,0.305904
1788,1770132350570,19.871355,228.6768,382.2133,-520.1689,0.554473,-0.574178,0.387008,0.461632,1.363834,-1.412302,0.951921,0.436680,-0.041221,0.390873,-1.727650,2.453692,0.305673
1789,1770132350581,19.882466,228.2885,382.1955,-521.6312,0.555376,-0.573123,0.386340,0.462417,1.365576,-1.409214,0.949944,0.436875,-0.039048,0.390846,-1.733395,2.449009,0.305234
1790,1770132350592,19.893577,227.8661,382.5095,-523.0004,0.556250,-0.572243,0.385378,0.463258,1.367212,-1.406520,0.947224,0.436980,-0.037974,0.390825,-1.736305,2.446624,0.304996
1791,1770132350603,19.904688,227.2873,382.3771,-524.6810,0.557145,-0.571413,0.384509,0.463929,1.369003,-1.404060,0.944805,0.437176,-0.035799,0.390747,-1.742138,2.441923,0.304737
1792,1770132350614,19.915800,226.8159,382.4111,-526.1518,0.558047,-0.570341,0.383857,0.464703,1.370745,-1.400944,0.942877,0.437265,-0.034700,0.390729,-1.745066,2.439557,0.304455
1793,1770132350625,19.926911,226.6992,382.1315,-527.5291,0.559010,-0.569445,0.382977,0.465370,1.372704,-1.398327,0.940436,0.437353,-0.033610,0.390700,-1.747918,2.437188,0.304246
1794,1770132350637,19.938022,226.5494,382.4275,-528.6711,0.560112,-0.568575,0.382135,0.465800,1.375146,-1.395923,0.938189,0.437509,-0.031482,0.390673,-1.753512,2.432483,0.303667
1795,1770132350648,19.949133,226.1767,382.0944,-530.2566,0.560861,-0.567706,0.381344,0.466607,1.376489,-1.393289,0.935911,0.437579,-0.030424,0.390656,-1.756335,2.430108,0.303435
1796,1770132350659,19.960245,225.7819,382.0487,-531.6810,0.561649,-0.566861,0.380549,0.467335,1.377976,-1.390764,0.933656,0.437738,-0.028288,0.390575,-1.761902,2.425507,0.303054
1797,1770132350670,19.971356,225.2712,382.0908,-533.1220,0.562657,-0.565845,0.379684,0.468057,1.380006,-1.387824,0.931236,0.437801,-0.027232,0.390558,-1.764732,2.423091,0.302728
1798,1770132350681,19.982467,224.7664,381.8346,-534.7509,0.563658,-0.564826,0.379024,0.468617,1.382118,-1.384982,0.929385,0.437865,-0.026172,0.390541,-1.767422,2.420741,0.302504
1799,1770132350692,19.993578,224.5272,381.7596,-536.1443,0.564291,-0.563792,0.378342,0.469650,1.383035,-1.381811,0.927288,0.437996,-0.024022,0.390488,-1.773053,2.416069,0.301916
1800,1770132350703,20.004689,224.1843,381.6174,-537.6781,0.565060,-0.562880,0.377711,0.470328,1.384501,-1.379161,0.925462,0.438065,-0.022949,0.390446,-1.775846,2.413728,0.301754
1801,1770132350714,20.015801,223.7521,381.4651,-539.1108,0.566115,-0.561961,0.376808,0.470881,1.386746,-1.376571,0.923023,0.438197,-0.020829,0.390388,-1.781316,2.409162,0.301257
1802,1770132350725,20.026912,223.3224,381.7098,-540.3679,0.567004,-0.561026,0.376134,0.471466,1.388563,-1.373923,0.921133,0.438232,-0.019770,0.390386,-1.784024,2.406735,0.300967
1803,1770132350737,20.038023,222.8842,381.7799,-541.7217,0.567912,-0.560201,0.375312,0.472008,1.390452,-1.371572,0.918897,0.438292,-0.018736,0.390373,-1.786648,2.404542,0.300699
1804,1770132350748,20.049134,222.5148,381.5523,-543.2883,0.568741,-0.559147,0.374639,0.472794,1.391996,-1.368515,0.916930,0.438383,-0.016628,0.390343,-1.792065,2.399901,0.300171
1805,1770132350767,20.068415,221.6218,381.7686,-545.6068,0.570198,-0.557585,0.373243,0.473987,1.394825,-1.363969,0.913032,0.438469,-0.014555,0.390280,-1.797387,2.395390,0.299839
1806,1770132350778,20.079527,221.1059,381.7182,-547.0313,0.571024,-0.556666,0.372461,0.474686,1.396413,-1.361301,0.910835,0.438517,-0.012476,0.390293,-1.802674,2.390766,0.299207
1807,1770132350789,20.090638,220.7066,381.7190,-548.4861,0.571914,-0.555647,0.371757,0.475362,1.398170,-1.358401,0.908841,0.438550,-0.011440,0.390275,-1.805320,2.388466,0.299001
1808,1770132350800,20.101749,220.2236,381.7370,-549.8927,0.572808,-0.554775,0.370886,0.475983,1.399970,-1.355897,0.906464,0.438578,-0.010417,0.390259,-1.807940,2.386194,0.298794
1809,1770132350811,20.112860,219.9374,381.6446,-551.2012,0.573493,-0.553768,0.370256,0.476820,1.401125,-1.352936,0.904590,0.438617,-0.008374,0.390281,-1.813181,2.381630,0.298251
1810,1770132350822,20.123972,219.4921,381.6427,-552.5849,0.574424,-0.552918,0.369374,0.477369,1.403059,-1.350530,0.902215,0.438638,-0.007353,0.390283,-1.815825,2.379377,0.297948
1811,1770132350834,20.135083,219.1169,381.5233,-554.0472,0.575074,-0.552075,0.368570,0.478184,1.404141,-1.347984,0.899926,0.438665,-0.006353,0.390256,-1.818440,2.377123,0.297821
1812,1770132350845,20.146194,218.6736,381.5018,-555.4553,0.576063,-0.551138,0.367834,0.478641,1.406272,-1.345425,0.897948,0.438690,-0.004341,0.390278,-1.823684,2.372580,0.297295
1813,1770132350856,20.157306,218.1227,381.6017,-556.6733,0.576956,-0.550329,0.366996,0.479140,1.408141,-1.343153,0.895704,0.438701,-0.003347,0.390283,-1.826129,2.370386,0.297135
1814,1770132350867,20.168417,217.6396,381.7638,-557.8772,0.577765,-0.549359,0.366222,0.479868,1.409663,-1.340357,0.893528,0.438717,-0.001350,0.390283,-1.831341,2.365818,0.296531
1815,1770132350878,20.179528,217.0998,381.7122,-559.2498,0.578354,-0.548563,0.365570,0.480566,1.410666,-1.338003,0.891664,0.438722,-0.000334,0.390288,-1.833857,2.363582,0.296292
1816,1770132350889,20.190639,216.5909,381.7339,-560.5653,0.579354,-0.547626,0.364621,0.481151,1.412740,-1.335371,0.889120,0.438735,0.000649,0.390276,-1.836498,2.361387,0.296061
1817,1770132350900,20.201751,216.3419,381.7188,-561.8311,0.579906,-0.546649,0.364160,0.481946,1.413590,-1.332521,0.887683,0.438723,0.002638,0.390310,-1.841563,2.356843,0.295519
1818,1770132350911,20.212862,215.8556,381.7482,-563.1544,0.580907,-0.545878,0.363162,0.482367,1.415767,-1.330394,0.885086,0.438736,0.003632,0.390289,-1.844110,2.354655,0.295390
1819,1770132350922,20.223973,215.3660,381.5815,-564.3370,0.581624,-0.544952,0.362455,0.483082,1.417068,-1.327720,0.883084,0.438725,0.005599,0.390289,-1.849176,2.350196,0.294902
1820,1770132350934,20.235084,215.0007,382.2005,-565.3278,0.582402,-0.544136,0.361613,0.483694,1.418580,-1.325375,0.880797,0.438708,0.006588,0.390298,-1.851666,2.347902,0.294652
1821,1770132350945,20.246196,214.6971,381.7365,-566.8066,0.583149,-0.543077,0.360985,0.484453,1.419927,-1.322354,0.878972,0.438700,0.007565,0.390296,-1.854116,2.345761,0.294357
1822,1770132350956,20.257307,214.4523,381.6030,-568.2696,0.583952,-0.542237,0.360237,0.484983,1.421549,-1.320000,0.876946,0.438662,0.009536,0.390314,-1.859114,2.341275,0.293878
1823,1770132350967,20.268419,214.0146,381.5842,-569.5331,0.584790,-0.541253,0.359504,0.485616,1.423192,-1.317237,0.874919,0.438628,0.010532,0.390331,-1.861645,2.339045,0.293478
1824,1770132350978,20.279530,213.3786,381.6233,-570.8809,0.585510,-0.540327,0.358923,0.486209,1.424574,-1.314640,0.873276,0.438578,0.012481,0.390304,-1.866513,2.334673,0.293080
1825,1770132350989,20.290641,212.9046,381.6124,-572.1935,0.586509,-0.539704,0.357717,0.486586,1.426767,-1.312909,0.870198,0.438546,0.013458,0.390300,-1.869020,2.332388,0.292851
1826,1770132351000,20.301752,212.2458,381.7284,-573.3324,0.587124,-0.538712,0.357222,0.487307,1.427810,-1.310080,0.868718,0.438509,0.014435,0.390289,-1.871417,2.330235,0.292693
1827,1770132351011,20.312863,211.7155,381.7394,-574.5771,0.588013,-0.537811,0.356282,0.487917,1.429589,-1.307537,0.866201,0.438418,0.016414,0.390306,-1.876380,2.325711,0.292223
1828,1770132351022,20.323974,211.2525,381.6327,-575.8844,0.588483,-0.536762,0.355880,0.488798,1.430180,-1.304482,0.864887,0.438379,0.017396,0.390299,-1.878809,2.323586,0.291959
1829,1770132351034,20.335086,210.7367,381.6231,-577.1192,0.589389,-0.536040,0.354863,0.489239,1.432102,-1.302475,0.862250,0.438328,0.018380,0.390317,-1.881242,2.321303,0.291652
1830,1770132351045,20.346197,210.2701,381.5702,-578.3020,0.590046,-0.535004,0.354291,0.489994,1.433225,-1.299528,0.860576,0.438244,0.020299,0.390315,-1.886076,2.316976,0.291163
1831,1770132351056,20.357308,209.6537,381.4366,-579.6226,0.590914,-0.534218,0.353473,0.490396,1.435081,-1.297391,0.858436,0.438203,0.021212,0.390305,-1.888377,2.314791,0.291136
1832,1770132351067,20.368419,209.1131,381.4323,-580.8011,0.591483,-0.533316,0.352762,0.491204,1.435954,-1.294741,0.856405,0.438105,0.023076,0.390339,-1.893090,2.310502,0.290555
1833,1770132351078,20.379530,208.5217,381.4906,-581.8743,0.592406,-0.532612,0.351772,0.491565,1.437966,-1.292825,0.853867,0.438054,0.023997,0.390364,-1.895397,2.308234,0.290370
1834,1770132351089,20.390642,208.1685,381.7215,-583.0554,0.593122,-0.531641,0.351262,0.492117,1.439356,-1.290156,0.852424,0.438010,0.024921,0.390371,-1.897618,2.306252,0.290081
1835,1770132351100,20.401753,207.6994,381.5075,-584.3244,0.593934,-0.530916,0.350188,0.492685,1.440968,-1.288079,0.849607,0.437908,0.026778,0.390432,-1.902354,2.301707,0.289556
1836,1770132351111,20.412864,207.2273,381.4318,-585.5336,0.594647,-0.529906,0.349660,0.493288,1.442316,-1.285288,0.848101,0.437865,0.027714,0.390450,-1.904627,2.299613,0.289250
1837,1770132351122,20.423975,206.8613,381.7074,-586.8184,0.595585,-0.529091,0.348745,0.493679,1.444344,-1.283091,0.845736,0.437767,0.029584,0.390515,-1.909406,2.295071,0.288717
1838,1770132351134,20.435087,206.3993,381.6128,-587.9943,0.596058,-0.528124,0.348223,0.494510,1.444967,-1.280281,0.844164,0.437728,0.030512,0.390512,-1.911627,2.292991,0.288544
1839,1770132351145,20.446198,205.8782,381.7276,-589.3094,0.596790,-0.527161,0.347456,0.495196,1.446307,-1.277562,0.842051,0.437688,0.031421,0.390515,-1.913914,2.290743,0.288407
1840,1770132351156,20.457309,205.3949,381.7161,-590.5189,0.597545,-0.526343,0.346730,0.495663,1.447842,-1.275321,0.840120,0.437587,0.033267,0.390579,-1.918524,2.286390,0.287830
1841,1770132351167,20.468421,204.7946,381.9345,-591.5927,0.598305,-0.525381,0.345912,0.496337,1.449256,-1.272614,0.837892,0.437541,0.034181,0.390583,-1.920856,2.284184,0.287717
1842,1770132351178,20.479532,204.2996,381.9255,-592.7569,0.599079,-0.524664,0.345004,0.496794,1.450840,-1.270623,0.835526,0.437433,0.036017,0.390605,-1.925510,2.279763,0.287213
1843,1770132351189,20.490643,203.9227,382.1738,-593.9642,0.599745,-0.523806,0.344407,0.497309,1.452128,-1.268261,0.833893,0.437377,0.036911,0.390609,-1.927700,2.277737,0.286998
1844,1770132351200,20.501755,203.4425,382.1241,-595.0992,0.600223,-0.522832,0.343787,0.498186,1.452728,-1.265417,0.832072,0.437317,0.037779,0.390603,-1.929878,2.275745,0.286708
1845,1770132351211,20.512866,202.8566,382.0573,-596.1544,0.601012,-0.521794,0.343294,0.498663,1.454336,-1.262643,0.830706,0.437175,0.039564,0.390620,-1.934302,2.271473,0.286206
1846,1770132351222,20.523977,202.3193,382.0735,-597.2540,0.601727,-0.521105,0.342260,0.499232,1.455704,-1.260663,0.827999,0.437111,0.040463,0.390603,-1.936577,2.269299,0.286007
1847,1770132351234,20.535088,201.9423,382.0661,-598.5338,0.602401,-0.520307,0.341692,0.499640,1.457075,-1.258509,0.826478,0.437027,0.041362,0.390610,-1.938756,2.267072,0.285767
1848,1770132351245,20.546199,201.3876,381.8409,-599.6336,0.603032,-0.519471,0.340874,0.500308,1.458176,-1.256120,0.824258,0.436890,0.043138,0.390563,-1.943226,2.262982,0.285351
1849,1770132351256,20.557311,200.8756,381.7606,-600.7847,0.603726,-0.518894,0.339995,0.500667,1.459627,-1.254528,0.822004,0.436799,0.043996,0.390556,-1.945234,2.260873,0.285187
1850,1770132351267,20.568422,200.3408,381.7096,-601.8918,0.604343,-0.518038,0.339222,0.501333,1.460693,-1.252096,0.819897,0.436633,0.045757,0.390517,-1.949693,2.256697,0.284683
1851,1770132351278,20.579533,199.8054,381.4764,-603.0015,0.605102,-0.517248,0.338494,0.501724,1.462280,-1.249973,0.818000,0.436532,0.046609,0.390526,-1.951733,2.254526,0.284409
1852,1770132351289,20.590644,199.2826,381.7478,-604.0112,0.605834,-0.516381,0.337882,0.502147,1.463778,-1.247649,0.816370,0.436435,0.047505,0.390519,-1.953838,2.252545,0.284061
1853,1770132351300,20.601755,198.8292,381.7185,-605.0659,0.606601,-0.515569,0.337098,0.502583,1.465353,-1.245449,0.814321,0.436242,0.049210,0.390485,-1.958063,2.248325,0.283692
1854,1770132351311,20.612867,198.1587,381.7803,-606.0018,0.607092,-0.514650,0.336610,0.503258,1.466109,-1.242864,0.812903,0.436144,0.050074,0.390466,-1.960050,2.246376,0.283388
1855,1770132351322,20.623978,197.5887,381.7450,-607.0408,0.607800,-0.513919,0.335734,0.503736,1.467513,-1.240840,0.810619,0.435936,0.051767,0.390436,-1.964224,2.242162,0.282920
1856,1770132351334,20.635089,197.0167,381.7047,-608.1307,0.608228,-0.513024,0.335293,0.504424,1.468108,-1.238309,0.809312,0.435833,0.052630,0.390413,-1.966303,2.240185,0.282715
1857,1770132351345,20.646201,196.6043,381.7189,-609.2247,0.608910,-0.512216,0.334519,0.504937,1.469425,-1.236083,0.807264,0.435738,0.053468,0.390383,-1.968380,2.238152,0.282530
1858,1770132351356,20.657312,196.0214,381.6830,-610.5358,0.609441,-0.511375,0.333891,0.505563,1.470307,-1.233719,0.805529,0.435513,0.055161,0.390386,-1.972389,2.234050,0.281921
1859,1770132351367,20.668423,195.4924,381.7195,-611.6318,0.610208,-0.510635,0.333200,0.505842,1.471981,-1.231784,0.803763,0.435411,0.056016,0.390364,-1.974492,2.231972,0.281783
1860,1770132351378,20.679534,194.9364,381.6118,-612.6956,0.610807,-0.509794,0.332592,0.506368,1.473087,-1.229474,0.802114,0.435185,0.057661,0.390363,-1.978429,2.227947,0.281239
1861,1770132351389,20.690646,194.3720,381.5520,-613.7705,0.611346,-0.509110,0.331776,0.506940,1.474021,-1.227520,0.799949,0.435080,0.058483,0.390345,-1.980350,2.226029,0.281032
1862,1770132351400,20.701757,193.9127,381.5694,-614.7065,0.612155,-0.508366,0.331079,0.507166,1.475826,-1.225605,0.798190,0.434980,0.059271,0.390334,-1.982239,2.224055,0.280867
1863,1770132351411,20.712868,193.5551,381.5492,-615.5045,0.612654,-0.507484,0.330547,0.507793,1.476629,-1.223146,0.796690,0.434765,0.060913,0.390329,-1.986228,2.220152,0.280399
1864,1770132351422,20.723980,193.1245,381.7829,-616.7044,0.613190,-0.506676,0.329859,0.508400,1.477531,-1.220877,0.794823,0.434651,0.061731,0.390316,-1.988220,2.218155,0.280169
1865,1770132351434,20.735091,192.6240,381.7884,-617.6485,0.613873,-0.505972,0.329199,0.508706,1.478980,-1.219019,0.793126,0.434546,0.062487,0.390316,-1.990076,2.216174,0.280016
1866,1770132351445,20.746202,192.0943,381.6899,-618.5850,0.614313,-0.505199,0.328630,0.509310,1.479653,-1.216838,0.791547,0.434332,0.064057,0.390312,-1.993888,2.212434,0.279549
1867,1770132351456,20.757313,191.6345,381.6852,-619.5916,0.615084,-0.504503,0.327873,0.509557,1.481351,-1.215031,0.789640,0.434233,0.064813,0.390320,-1.995708,2.210534,0.279444
1868,1770132351467,20.768424,191.0941,381.7247,-620.5468,0.615507,-0.503692,0.327323,0.510202,1.481955,-1.212739,0.788095,0.434011,0.066359,0.390354,-1.999466,2.206787,0.278970
1869,1770132351478,20.779536,190.5585,381.7736,-621.5233,0.616224,-0.502913,0.326595,0.510570,1.483446,-1.210671,0.786218,0.433891,0.067142,0.390385,-2.001414,2.204830,0.278730
1870,1770132351489,20.790647,190.0069,381.8184,-622.4733,0.616779,-0.502108,0.326042,0.511046,1.484477,-1.208484,0.784724,0.433778,0.067892,0.390414,-2.003201,2.202931,0.278524
1871,1770132351500,20.801758,189.4239,381.4374,-623.4291,0.617297,-0.501386,0.325418,0.511527,1.485413,-1.206495,0.783059,0.433553,0.069430,0.390446,-2.006908,2.199168,0.278157
1872,1770132351511,20.812870,188.8685,381.5530,-624.0067,0.617942,-0.500792,0.324709,0.511781,1.486801,-1.204931,0.781266,0.433429,0.070181,0.390482,-2.008760,2.197348,0.277889
1873,1770132351522,20.823981,188.3787,381.4765,-624.8470,0.618400,-0.500065,0.324171,0.512279,1.487582,-1.202925,0.779804,0.433201,0.071663,0.390508,-2.012220,2.193772,0.277561
1874,1770132351534,20.835092,187.9827,381.8271,-626.1226,0.618967,-0.499416,0.323406,0.512711,1.488669,-1.201139,0.777820,0.433100,0.072375,0.390499,-2.013971,2.192013,0.277528
1875,1770132351545,20.846203,187.4028,381.9863,-626.9888,0.619431,-0.498740,0.322849,0.513160,1.489495,-1.199278,0.776329,0.432977,0.073108,0.390532,-2.015661,2.190253,0.277307
1876,1770132351556,20.857315,186.9158,381.9736,-628.0246,0.619987,-0.497967,0.322273,0.513600,1.490548,-1.197194,0.774797,0.432732,0.074554,0.390607,-2.019210,2.186586,0.276872
1877,1770132351567,20.868426,186.4167,382.0083,-628.9092,0.620576,-0.497332,0.321612,0.513919,1.491759,-1.195501,0.773102,0.432616,0.075248,0.390625,-2.020841,2.184832,0.276751
1878,1770132351578,20.879537,186.0786,381.7884,-629.6801,0.620921,-0.496579,0.321127,0.514533,1.492192,-1.193374,0.771731,0.432394,0.076605,0.390669,-2.024123,2.181560,0.276332
1879,1770132351589,20.890648,185.6216,381.8708,-630.2873,0.621429,-0.495959,0.320521,0.514895,1.493181,-1.191699,0.770154,0.432295,0.077263,0.390664,-2.025728,2.179929,0.276239
1880,1770132351600,20.901760,185.2509,381.8649,-631.4132,0.621928,-0.495199,0.320046,0.515320,1.494105,-1.189654,0.768871,0.432190,0.077925,0.390678,-2.027379,2.178154,0.276135
1881,1770132351611,20.912871,184.7748,381.7201,-632.2518,0.622373,-0.494360,0.319643,0.515838,1.494840,-1.187373,0.767731,0.431949,0.079280,0.390755,-2.030536,2.174809,0.275740
1882,1770132351622,20.923982,184.2489,381.9270,-633.1008,0.622843,-0.493743,0.318999,0.516261,1.495694,-1.185675,0.766044,0.431841,0.079940,0.390769,-2.032181,2.173140,0.275605
1883,1770132351634,20.935093,183.8719,381.9330,-633.9409,0.623436,-0.493234,0.318237,0.516501,1.496964,-1.184329,0.764136,0.431726,0.080603,0.390793,-2.033813,2.171450,0.275459
1884,1770132351645,20.946205,183.3786,382.2349,-634.6473,0.623896,-0.492699,0.317740,0.516761,1.497901,-1.182911,0.762857,0.431504,0.081906,0.390826,-2.036859,2.168366,0.275149
1885,1770132351656,20.957316,183.0075,382.2053,-635.3050,0.624302,-0.492051,0.317156,0.517248,1.498559,-1.181107,0.761295,0.431376,0.082547,0.390873,-2.038403,2.166652,0.274829
1886,1770132351667,20.968427,182.5662,382.2070,-636.0400,0.624817,-0.491386,0.316754,0.517504,1.499631,-1.179380,0.760245,0.431152,0.083774,0.390885,-2.041370,2.163494,0.274620
1887,1770132351678,20.979538,182.3339,382.4316,-636.8625,0.625159,-0.490803,0.316154,0.518011,1.500124,-1.177724,0.758639,0.431046,0.084380,0.390890,-2.042727,2.162101,0.274542
1888,1770132351689,20.990649,181.9229,382.4582,-637.6412,0.625686,-0.490105,0.315647,0.518345,1.501172,-1.175879,0.757313,0.430908,0.084999,0.390903,-2.044289,2.160416,0.274380
1889,1770132351700,21.001760,181.1567,382.5016,-638.4166,0.625966,-0.489597,0.315124,0.518804,1.501547,-1.174430,0.755910,0.430673,0.086223,0.390925,-2.047143,2.157559,0.274066
1890,1770132351711,21.012872,180.6942,382.5592,-639.1530,0.626539,-0.488988,0.314582,0.519017,1.502782,-1.172860,0.754539,0.430566,0.086830,0.390911,-2.048616,2.156007,0.274001
1891,1770132351722,21.023983,180.2266,382.5996,-639.9149,0.626801,-0.488374,0.314137,0.519547,1.503067,-1.171121,0.753301,0.430320,0.088016,0.390950,-2.051299,2.153116,0.273578
1892,1770132351734,21.035094,179.9266,382.6460,-640.5476,0.627230,-0.487875,0.313663,0.519785,1.503943,-1.169805,0.752086,0.430197,0.088595,0.390961,-2.052662,2.151641,0.273432
1893,1770132351745,21.046205,179.6033,382.4434,-641.4385,0.627701,-0.487359,0.313133,0.520020,1.504920,-1.168449,0.750739,0.430070,0.089193,0.390972,-2.054032,2.150195,0.273248
1894,1770132351756,21.057316,179.1385,382.2510,-641.9951,0.628168,-0.486798,0.312766,0.520203,1.505921,-1.167011,0.749801,0.429828,0.090342,0.390982,-2.056584,2.147404,0.273016
1895,1770132351767,21.068428,178.6112,382.1391,-642.6945,0.628552,-0.486136,0.312358,0.520602,1.506584,-1.165224,0.748695,0.429723,0.090903,0.390961,-2.057931,2.145949,0.272915
1896,1770132351778,21.079539,178.2703,382.1484,-643.3424,0.628872,-0.485682,0.311802,0.520973,1.507109,-1.163950,0.747242,0.429477,0.092063,0.390961,-2.060523,2.143239,0.272509
1897,1770132351789,21.090650,177.9451,382.1614,-644.1057,0.629194,-0.485171,0.311264,0.521382,1.507616,-1.162520,0.745820,0.429346,0.092618,0.390952,-2.061865,2.141746,0.272367
1898,1770132351800,21.101761,177.6180,382.4344,-644.9260,0.629481,-0.484648,0.310902,0.521737,1.508074,-1.161090,0.744840,0.429220,0.093174,0.390957,-2.063118,2.140420,0.272214
1899,1770132351811,21.112873,177.2397,382.4227,-645.4525,0.630010,-0.483970,0.310427,0.522011,1.509163,-1.159329,0.743615,0.428956,0.094268,0.390959,-2.065648,2.137546,0.271901
1900,1770132351822,21.123984,176.8394,382.4251,-646.0646,0.630364,-0.483499,0.309952,0.522303,1.509820,-1.158056,0.742384,0.428835,0.094801,0.390933,-2.066899,2.136250,0.271735
1901,1770132351834,21.135095,176.3095,382.3230,-646.6971,0.630748,-0.482973,0.309523,0.522580,1.510559,-1.156658,0.741267,0.428727,0.095322,0.390899,-2.068105,2.135002,0.271685
1902,1770132351845,21.146206,175.9016,382.3444,-647.2303,0.631038,-0.482440,0.309091,0.522977,1.510998,-1.155185,0.740108,0.428465,0.096375,0.390876,-2.070618,2.132200,0.271351
1903,1770132351856,21.157318,175.4372,382.2818,-647.8210,0.631458,-0.481930,0.308671,0.523190,1.511864,-1.153858,0.739033,0.428337,0.096872,0.390861,-2.071843,2.130879,0.271191
1904,1770132351867,21.168429,175.1644,382.5203,-648.4805,0.631816,-0.481408,0.308136,0.523553,1.512485,-1.152429,0.737636,0.428081,0.097893,0.390853,-2.074168,2.128218,0.270904
1905,1770132351878,21.179540,174.8618,382.4634,-649.1061,0.632100,-0.480884,0.307804,0.523887,1.512949,-1.151008,0.736736,0.427955,0.098389,0.390831,-2.075320,2.126981,0.270794
1906,1770132351889,21.190652,174.5120,382.4415,-649.7937,0.632432,-0.480328,0.307406,0.524230,1.513521,-1.149508,0.735675,0.427836,0.098881,0.390808,-2.076511,2.125710,0.270663
1907,1770132351900,21.201763,174.2662,382.4164,-650.2874,0.632739,-0.479943,0.306821,0.524554,1.514044,-1.148428,0.734173,0.427599,0.099846,0.390785,-2.078752,2.123246,0.270420
1908,1770132351911,21.212874,173.6650,382.2433,-650.8426,0.633146,-0.479518,0.306449,0.524670,1.514942,-1.147353,0.733247,0.427488,0.100319,0.390751,-2.079859,2.122067,0.270470
1909,1770132351922,21.223985,173.1974,382.2716,-651.2266,0.633505,-0.479051,0.305960,0.524948,1.515620,-1.146100,0.731990,0.427249,0.101260,0.390745,-2.082053,2.119503,0.270126
1910,1770132351934,21.235096,172.8595,382.1628,-651.8351,0.633781,-0.478540,0.305627,0.525274,1.516068,-1.144716,0.731091,0.427151,0.101732,0.390710,-2.083182,2.118337,0.270057
1911,1770132351945,21.246208,172.4529,382.0140,-652.4931,0.634105,-0.478001,0.305407,0.525502,1.516695,-1.143316,0.730493,0.427040,0.102175,0.390683,-2.084264,2.117168,0.269962
1912,1770132351956,21.257319,172.1751,381.9711,-653.1743,0.634367,-0.477691,0.304785,0.525830,1.517107,-1.142411,0.728902,0.426836,0.103058,0.390642,-2.086291,2.114916,0.269828
1913,1770132351967,21.268430,171.9514,381.8660,-653.4284,0.634682,-0.477302,0.304379,0.526038,1.517725,-1.141380,0.727866,0.426746,0.103481,0.390614,-2.087311,2.113785,0.269740
1914,1770132351978,21.279541,171.6082,381.9764,-653.8823,0.635013,-0.476775,0.304166,0.526239,1.518386,-1.140023,0.727293,0.426546,0.104333,0.390569,-2.089352,2.111552,0.269546
1915,1770132351989,21.290653,171.2873,381.9658,-654.2603,0.635320,-0.476313,0.303747,0.526528,1.518933,-1.138777,0.726203,0.426429,0.104762,0.390581,-2.090334,2.110412,0.269354
1916,1770132352000,21.301764,170.8940,381.9661,-654.6620,0.635640,-0.475878,0.303456,0.526703,1.519584,-1.137651,0.725453,0.426341,0.105182,0.390578,-2.091332,2.109304,0.269217
1917,1770132352011,21.312875,170.5788,381.8439,-655.3065,0.635874,-0.475491,0.303149,0.526948,1.519982,-1.136605,0.724642,0.426165,0.105981,0.390512,-2.093216,2.107245,0.269191
1918,1770132352022,21.323986,170.2856,381.8217,-655.9788,0.636142,-0.475063,0.302743,0.527244,1.520430,-1.135438,0.723581,0.426076,0.106375,0.390503,-2.094125,2.106176,0.269115
1919,1770132352034,21.335098,170.0628,381.7883,-656.4514,0.636409,-0.474675,0.302318,0.527514,1.520893,-1.134381,0.722480,0.425991,0.106753,0.390476,-2.095040,2.105228,0.268989
1920,1770132352045,21.346209,169.7604,381.7478,-656.9128,0.636604,-0.474284,0.302000,0.527814,1.521163,-1.133299,0.721627,0.425822,0.107516,0.390426,-2.096843,2.103223,0.268836
1921,1770132352056,21.357320,169.5395,381.7421,-657.4116,0.636891,-0.473939,0.301714,0.527941,1.521766,-1.132414,0.720905,0.425729,0.107887,0.390397,-2.097754,2.102290,0.268837
1922,1770132352067,21.368431,169.1788,381.6360,-657.8519,0.637177,-0.473463,0.301356,0.528227,1.522263,-1.131138,0.719962,0.425543,0.108612,0.390367,-2.099393,2.100436,0.268594
1923,1770132352078,21.379542,168.9720,381.8271,-658.1924,0.637375,-0.473184,0.301159,0.528350,1.522655,-1.130413,0.719453,0.425458,0.108959,0.390341,-2.100160,2.099542,0.268560
1924,1770132352089,21.390654,168.7058,381.6176,-658.5718,0.637628,-0.472810,0.300846,0.528557,1.523126,-1.129418,0.718642,0.425381,0.109309,0.390305,-2.101068,2.098581,0.268558
1925,1770132352100,21.401765,168.3615,381.9459,-659.0556,0.637728,-0.472489,0.300519,0.528909,1.523135,-1.128480,0.717753,0.425206,0.109968,0.390277,-2.102507,2.096901,0.268457
1926,1770132352111,21.412876,168.1359,381.8593,-659.4886,0.637964,-0.472218,0.300243,0.529024,1.523624,-1.127779,0.717057,0.425099,0.110325,0.390285,-2.103289,2.096009,0.268313
1927,1770132352122,21.423987,167.8665,381.9970,-659.8024,0.638180,-0.471732,0.300039,0.529313,1.523951,-1.126478,0.716482,0.424913,0.110969,0.390281,-2.104706,2.094309,0.268063
1928,1770132352134,21.435099,167.6121,381.9119,-660.1406,0.638331,-0.471549,0.299809,0.529425,1.524237,-1.125987,0.715897,0.424850,0.111293,0.390268,-2.105385,2.093618,0.268027
1929,1770132352145,21.446210,167.3350,381.8722,-660.3869,0.638602,-0.471235,0.299589,0.529502,1.524835,-1.125201,0.715349,0.424759,0.111597,0.390270,-2.106102,2.092835,0.267960
1930,1770132352156,21.457321,167.0846,381.9510,-660.7170,0.638776,-0.470918,0.299323,0.529724,1.525104,-1.124337,0.714647,0.424589,0.112190,0.390288,-2.107373,2.091283,0.267801
1931,1770132352167,21.468432,166.7753,381.6109,-660.9925,0.639112,-0.470568,0.299163,0.529720,1.525910,-1.123502,0.714265,0.424524,0.112475,0.390280,-2.108031,2.090541,0.267743
1932,1770132352178,21.479544,166.5138,381.6553,-661.3757,0.639170,-0.470338,0.298796,0.530062,1.525825,-1.122789,0.713285,0.424360,0.113011,0.390325,-2.109311,2.088968,0.267467
1933,1770132352189,21.490655,166.5631,381.3207,-661.7782,0.639407,-0.470042,0.298528,0.530189,1.526308,-1.122023,0.712607,0.424283,0.113270,0.390346,-2.109797,2.088320,0.267404
1934,1770132352200,21.501766,166.4537,381.7794,-662.2856,0.639613,-0.469713,0.298593,0.530196,1.526794,-1.121234,0.712759,0.424223,0.113521,0.390330,-2.110482,2.087578,0.267434
1935,1770132352211,21.512878,166.1922,381.6140,-662.4841,0.639575,-0.469583,0.298194,0.530581,1.526453,-1.120737,0.711690,0.424085,0.113985,0.390362,-2.111468,2.086476,0.267271
1936,1770132352222,21.523989,166.0413,381.6764,-662.7629,0.639811,-0.469251,0.298178,0.530599,1.527005,-1.119937,0.711647,0.424032,0.114195,0.390359,-2.112002,2.085934,0.267245
1937,1770132352234,21.535100,165.7964,381.9272,-663.0076,0.640004,-0.469101,0.297853,0.530682,1.527409,-1.119539,0.710845,0.423959,0.114400,0.390407,-2.112455,2.085301,0.267111
1938,1770132352245,21.546212,165.7781,382.1549,-663.2240,0.640189,-0.468797,0.297833,0.530739,1.527815,-1.118786,0.710781,0.423853,0.114808,0.390432,-2.113441,2.084218,0.266999
1939,1770132352256,21.557323,165.4705,381.7619,-663.3052,0.640191,-0.468714,0.297535,0.530977,1.527665,-1.118474,0.709997,0.423797,0.114977,0.390460,-2.113842,2.083741,0.266978
1940,1770132352267,21.568434,165.4811,381.9103,-663.3416,0.640333,-0.468690,0.297290,0.530964,1.528012,-1.118425,0.709415,0.423719,0.115317,0.390452,-2.114629,2.082896,0.267067
1941,1770132352278,21.579546,165.3678,381.9392,-663.5659,0.640367,-0.468401,0.297321,0.531160,1.527963,-1.117640,0.709431,0.423693,0.115449,0.390485,-2.114934,2.082504,0.267086
1942,1770132352289,21.590657,165.1474,382.1332,-663.7752,0.640565,-0.468356,0.297213,0.531022,1.528527,-1.117599,0.709213,0.423649,0.115592,0.390500,-2.115236,2.082201,0.266984
1943,1770132352300,21.601768,164.9262,381.9637,-663.8533,0.640660,-0.468175,0.297059,0.531152,1.528669,-1.117106,0.708807,0.423567,0.115877,0.390552,-2.115795,2.081469,0.266890
1944,1770132352311,21.612879,164.8074,381.9579,-664.0225,0.640735,-0.467946,0.297015,0.531288,1.528759,-1.116494,0.708663,0.423536,0.116020,0.390559,-2.116178,2.081092,0.266905
1945,1770132352322,21.623991,164.6877,382.0801,-664.2252,0.640807,-0.467905,0.296878,0.531315,1.528912,-1.116383,0.708326,0.423473,0.116256,0.390593,-2.116697,2.080398,0.266783
1946,1770132352334,21.635102,164.6779,381.9834,-664.2500,0.640897,-0.467817,0.296776,0.531340,1.529112,-1.116161,0.708075,0.423430,0.116363,0.390618,-2.116872,2.080169,0.266702
1947,1770132352345,21.646213,164.5654,381.9341,-664.4630,0.640922,-0.467655,0.296680,0.531506,1.529063,-1.115695,0.707796,0.423404,0.116456,0.390611,-2.117135,2.079873,0.266728
1948,1770132352356,21.657325,164.5412,382.0074,-664.6936,0.640908,-0.467532,0.296603,0.531674,1.528919,-1.115322,0.707561,0.423348,0.116646,0.390643,-2.117549,2.079344,0.266667
1949,1770132352367,21.668436,164.4455,381.9655,-664.8673,0.640980,-0.467417,0.296484,0.531755,1.529037,-1.115008,0.707254,0.423312,0.116747,0.390646,-2.117792,2.079103,0.266675
1950,1770132352378,21.679547,164.4464,381.9348,-664.8481,0.641067,-0.467367,0.296385,0.531749,1.529251,-1.114893,0.707018,0.423273,0.116919,0.390647,-2.118236,2.078710,0.266663
1951,1770132352389,21.690658,164.4346,381.8633,-664.9473,0.641085,-0.467370,0.296343,0.531748,1.529293,-1.114900,0.706920,0.423254,0.116993,0.390654,-2.118366,2.078592,0.266732
1952,1770132352400,21.701769,164.3909,381.8263,-664.9356,0.641113,-0.467290,0.296308,0.531805,1.529322,-1.114682,0.706819,0.423232,0.117044,0.390670,-2.118517,2.078366,0.266630
1953,1770132352411,21.712881,164.2656,381.9939,-664.9404,0.641197,-0.467307,0.296222,0.531736,1.529569,-1.114755,0.706633,0.423191,0.117139,0.390702,-2.118653,2.078027,0.266521
1954,1770132352422,21.723992,164.1381,381.8599,-665.0353,0.641264,-0.467187,0.296208,0.531769,1.529705,-1.114452,0.706592,0.423167,0.117193,0.390714,-2.118743,2.077872,0.266481
1955,1770132352434,21.735103,164.0615,381.7462,-665.1658,0.641232,-0.467190,0.296061,0.531886,1.529553,-1.114405,0.706205,0.423149,0.117251,0.390725,-2.118852,2.077771,0.266440
1956,1770132352445,21.746214,164.1667,382.0884,-665.1475,0.641259,-0.467177,0.296019,0.531888,1.529616,-1.114373,0.706104,0.423128,0.117370,0.390703,-2.119162,2.077520,0.266591
1957,1770132352456,21.757325,164.1431,382.0816,-665.2079,0.641337,-0.467142,0.295980,0.531847,1.529830,-1.114310,0.706022,0.423122,0.117421,0.390697,-2.119243,2.077447,0.266602
1958,1770132352467,21.768436,163.9973,382.1390,-665.2462,0.641361,-0.467037,0.296012,0.531892,1.529858,-1.114037,0.706086,0.423101,0.117492,0.390717,-2.119388,2.077198,0.266603
1959,1770132352478,21.779548,163.9602,382.0952,-665.3356,0.641372,-0.467070,0.295950,0.531885,1.529888,-1.114119,0.705942,0.423096,0.117516,0.390712,-2.119479,2.077119,0.266644
1960,1770132352489,21.790659,164.0822,382.1563,-665.2442,0.641385,-0.467078,0.295952,0.531861,1.529936,-1.114149,0.705952,0.423087,0.117547,0.390719,-2.119507,2.077007,0.266636
1961,1770132352500,21.801770,164.0359,382.1626,-665.2921,0.641402,-0.466923,0.295979,0.531961,1.529910,-1.113733,0.705987,0.423065,0.117599,0.390758,-2.119608,2.076879,0.266476
1962,1770132352511,21.812881,163.9633,382.3391,-665.5318,0.641416,-0.466926,0.295934,0.531967,1.529938,-1.113737,0.705877,0.423054,0.117641,0.390771,-2.119711,2.076724,0.266503
1963,1770132352522,21.823993,163.9016,382.3558,-665.4106,0.641547,-0.466916,0.295922,0.531825,1.530344,-1.113781,0.705893,0.423049,0.117686,0.390789,-2.119856,2.076533,0.266485
1964,1770132352534,21.835104,163.8483,382.3328,-665.2775,0.641542,-0.466779,0.295935,0.531943,1.530257,-1.113398,0.705887,0.423032,0.117703,0.390812,-2.119818,2.076555,0.266413
1965,1770132352545,21.846215,163.9348,382.2350,-665.3372,0.641494,-0.466818,0.295802,0.532042,1.530076,-1.113443,0.705539,0.423032,0.117710,0.390793,-2.119898,2.076466,0.266459
1966,1770132352556,21.857326,163.9222,382.1467,-665.3925,0.641510,-0.466826,0.295814,0.532008,1.530137,-1.113478,0.705579,0.423017,0.117746,0.390819,-2.119959,2.076444,0.266396
1967,1770132352567,21.868438,164.0058,382.2330,-665.4330,0.641537,-0.466854,0.295776,0.531972,1.530225,-1.113562,0.705498,0.423021,0.117739,0.390807,-2.119994,2.076410,0.266426
1968,1770132352578,21.879549,163.9857,382.1940,-665.4744,0.641556,-0.466772,0.295744,0.532039,1.530226,-1.113335,0.705403,0.422999,0.117780,0.390822,-2.120082,2.076382,0.266466
1969,1770132352589,21.890660,163.9459,382.3388,-665.4901,0.641560,-0.466732,0.295814,0.532030,1.530243,-1.113245,0.705572,0.422982,0.117785,0.390860,-2.120078,2.076322,0.266291
1970,1770132352600,21.901772,163.9810,382.1734,-665.3729,0.641543,-0.466659,0.295846,0.532097,1.530156,-1.113039,0.705628,0.422981,0.117781,0.390865,-2.120087,2.076334,0.266286
1971,1770132352611,21.912883,163.8213,382.2469,-665.4463,0.641558,-0.466679,0.295767,0.532105,1.530188,-1.113083,0.705438,0.422973,0.117792,0.390867,-2.120117,2.076379,0.266342
1972,1770132352622,21.923994,163.8825,382.2699,-665.4566,0.641485,-0.466760,0.295642,0.532193,1.529956,-1.113232,0.705112,0.422973,0.117792,0.390867,-2.120117,2.076379,0.266342
1973,1770132352634,21.935106,163.7894,382.5080,-665.6189,0.641582,-0.466514,0.295822,0.532191,1.530189,-1.112648,0.705542,0.422942,0.117795,0.390914,-2.120157,2.076378,0.266173
1974,1770132352645,21.946217,163.7822,382.4564,-665.6208,0.641510,-0.466524,0.295881,0.532236,1.529988,-1.112649,0.705670,0.422912,0.117823,0.390941,-2.120236,2.076443,0.266143
1975,1770132352656,21.957328,163.7537,382.4452,-665.5929,0.641525,-0.466579,0.295800,0.532215,1.530037,-1.112792,0.705484,0.422891,0.117804,0.390986,-2.120211,2.076391,0.265980
1976,1770132352667,21.968439,163.6778,382.4883,-665.5210,0.641623,-0.466443,0.295902,0.532159,1.530307,-1.112493,0.705743,0.422867,0.117827,0.391002,-2.120335,2.076486,0.265953
1977,1770132352678,21.979550,163.6901,382.6505,-665.4597,0.641554,-0.466488,0.295847,0.532233,1.530095,-1.112565,0.705589,0.422846,0.117847,0.391041,-2.120441,2.076440,0.265888
1978,1770132352689,21.990661,163.7158,382.5182,-665.4561,0.641416,-0.466451,0.295778,0.532471,1.529609,-1.112364,0.705354,0.422826,0.117847,0.391063,-2.120522,2.076525,0.265747
1979,1770132352700,22.001773,163.6868,382.7646,-665.3884,0.641359,-0.466591,0.295801,0.532403,1.529519,-1.112730,0.705429,0.422786,0.117860,0.391125,-2.120631,2.076622,0.265653
1980,1770132352711,22.012884,163.8474,382.7500,-665.4246,0.641395,-0.466493,0.295916,0.532382,1.529618,-1.112505,0.705710,0.422749,0.117879,0.391173,-2.120676,2.076676,0.265442
1981,1770132352722,22.023995,163.6687,382.6595,-665.5662,0.641315,-0.466519,0.295922,0.532453,1.529381,-1.112535,0.705702,0.422700,0.117889,0.391249,-2.120851,2.076779,0.265373
1982,1770132352734,22.035107,163.7213,382.9465,-665.4393,0.641472,-0.466293,0.296156,0.532332,1.529834,-1.112053,0.706298,0.422657,0.117906,0.391321,-2.120901,2.076777,0.265134
1983,1770132352745,22.046218,163.6465,382.9881,-665.4774,0.641481,-0.466305,0.296108,0.532336,1.529854,-1.112081,0.706182,0.422634,0.117903,0.391348,-2.120962,2.076952,0.265202
1984,1770132352756,22.057329,163.3125,383.0459,-665.3365,0.641361,-0.466091,0.296324,0.532549,1.529428,-1.111469,0.706631,0.422546,0.117940,0.391469,-2.121169,2.076987,0.264803
1985,1770132352767,22.068441,163.2114,383.0991,-665.3661,0.641222,-0.466208,0.296277,0.532639,1.529037,-1.111704,0.706493,0.422508,0.117969,0.391533,-2.121350,2.077023,0.264642
1986,1770132352778,22.079552,163.1141,383.0913,-665.3629,0.641260,-0.466156,0.296332,0.532608,1.529149,-1.111595,0.706632,0.422423,0.117983,0.391679,-2.121501,2.077192,0.264273
1987,1770132352789,22.090663,163.0338,383.2463,-665.4446,0.641289,-0.465978,0.296405,0.532688,1.529166,-1.111134,0.706783,0.422372,0.117989,0.391754,-2.121652,2.077215,0.264064
1988,1770132352800,22.101774,162.9303,383.3791,-665.2794,0.641318,-0.465893,0.296540,0.532653,1.529256,-1.110947,0.707116,0.422323,0.118010,0.391849,-2.121795,2.077193,0.263827
1989,1770132352811,22.112886,162.9372,383.5528,-665.1182,0.641169,-0.465895,0.296527,0.532838,1.528782,-1.110864,0.707028,0.422220,0.118017,0.392039,-2.121952,2.077443,0.263364
1990,1770132352822,22.123997,163.0888,383.7992,-665.3636,0.641183,-0.465806,0.296631,0.532841,1.528813,-1.110651,0.707277,0.422173,0.118034,0.392126,-2.122220,2.077532,0.263169
1991,1770132352834,22.135108,163.0556,383.9972,-665.2607,0.641078,-0.465713,0.296671,0.533026,1.528441,-1.110340,0.707316,0.422113,0.118042,0.392225,-2.122369,2.077546,0.262898
1992,1770132352845,22.146220,163.0270,384.1101,-665.3224,0.641021,-0.465664,0.296754,0.533091,1.528262,-1.110193,0.707494,0.421990,0.118039,0.392444,-2.122671,2.077757,0.262420
1993,1770132352856,22.157331,162.9798,384.2372,-665.3392,0.641010,-0.465621,0.296882,0.533072,1.528249,-1.110100,0.707803,0.421933,0.118054,0.392545,-2.122820,2.077897,0.262257
1994,1770132352867,22.168442,162.7808,384.3502,-665.2247,0.640831,-0.465532,0.296936,0.533333,1.527653,-1.109764,0.707855,0.421797,0.118061,0.392783,-2.123203,2.078059,0.261709
1995,1770132352878,22.179554,162.6599,384.4867,-665.1517,0.640823,-0.465413,0.297187,0.533307,1.527651,-1.109492,0.708460,0.421730,0.118065,0.392892,-2.123342,2.078267,0.261501
1996,1770132352889,22.190665,162.5927,384.5909,-665.1421,0.640753,-0.465358,0.297225,0.533418,1.527412,-1.109308,0.708518,0.421663,0.118051,0.393012,-2.123515,2.078427,0.261226
1997,1770132352900,22.201776,162.4426,384.7697,-665.2061,0.640605,-0.465280,0.297451,0.533539,1.526978,-1.109066,0.709018,0.421530,0.118030,0.393257,-2.123794,2.078890,0.260727
1998,1770132352911,22.212888,162.2905,385.0170,-665.1365,0.640595,-0.465120,0.297488,0.533669,1.526870,-1.108622,0.709069,0.421449,0.118054,0.393375,-2.124077,2.079019,0.260487
1999,1770132352922,22.223999,162.1947,385.1447,-665.0610,0.640481,-0.465192,0.297646,0.533655,1.526608,-1.108800,0.709448,0.421285,0.118072,0.393653,-2.124489,2.079406,0.259866
2000,1770132352934,22.235110,162.0520,385.3251,-665.0350,0.640402,-0.465007,0.297718,0.533871,1.526279,-1.108258,0.709555,0.421199,0.118049,0.393805,-2.124647,2.079567,0.259522
2001,1770132352945,22.246221,161.7867,385.6177,-664.9442,0.640333,-0.464876,0.297897,0.533968,1.526050,-1.107899,0.709953,0.421103,0.118063,0.393970,-2.124855,2.079782,0.259159
2002,1770132352956,22.257332,161.7497,385.9028,-664.7768,0.640258,-0.464822,0.297916,0.534094,1.525790,-1.107712,0.709960,0.420930,0.118069,0.394309,-2.125368,2.080144,0.258439
2003,1770132352967,22.268444,161.5992,386.2015,-664.6763,0.640154,-0.464634,0.298224,0.534210,1.525468,-1.107209,0.710659,0.420831,0.118059,0.394491,-2.125485,2.080438,0.258034
2004,1770132352978,22.279555,161.5093,386.5548,-664.6572,0.640017,-0.464372,0.298438,0.534483,1.524963,-1.106455,0.711086,0.420643,0.118065,0.394852,-2.126041,2.080884,0.257128
2005,1770132352989,22.290666,161.3434,386.8434,-664.6423,0.639867,-0.464404,0.298616,0.534535,1.524571,-1.106508,0.711493,0.420544,0.118058,0.395040,-2.126196,2.081234,0.256771
2006,1770132353000,22.301778,161.2871,387.0050,-664.4530,0.639854,-0.464151,0.298847,0.534642,1.524470,-1.105852,0.712013,0.420428,0.118076,0.395262,-2.126492,2.081416,0.256177
2007,1770132353011,22.312889,161.0695,387.3762,-664.4717,0.639745,-0.464014,0.299099,0.534750,1.524141,-1.105476,0.712579,0.420196,0.118069,0.395692,-2.127023,2.081920,0.255283
2008,1770132353023,22.324000,160.8595,387.6118,-664.4187,0.639660,-0.463789,0.299216,0.534981,1.523787,-1.104831,0.712788,0.420071,0.118092,0.395929,-2.127450,2.082041,0.254661
2009,1770132353034,22.335112,160.6299,387.9625,-664.4570,0.639457,-0.463676,0.299479,0.535175,1.523177,-1.104470,0.713354,0.419947,0.118098,0.396157,-2.127743,2.082388,0.254267
2010,1770132353045,22.346223,160.5302,388.3673,-664.3759,0.639380,-0.463485,0.299629,0.535348,1.522883,-1.103934,0.713660,0.419686,0.118099,0.396622,-2.128445,2.082900,0.253278
2011,1770132353056,22.357334,160.2527,388.7829,-664.1329,0.639226,-0.463063,0.299969,0.535707,1.522283,-1.102760,0.714359,0.419545,0.118104,0.396872,-2.128830,2.083206,0.252729
2012,1770132353067,22.368445,159.9785,389.0960,-664.1005,0.639092,-0.462837,0.300203,0.535931,1.521817,-1.102117,0.714849,0.419237,0.118102,0.397420,-2.129415,2.083870,0.251485
2013,1770132353078,22.379556,159.8110,389.3935,-664.0565,0.639008,-0.462714,0.300396,0.536029,1.521554,-1.101777,0.715278,0.419064,0.118107,0.397721,-2.129796,2.084113,0.250731
2014,1770132353089,22.390668,159.5945,389.8431,-663.9186,0.638848,-0.462430,0.300702,0.536293,1.521002,-1.100976,0.715927,0.418913,0.118095,0.397979,-2.130135,2.084476,0.250193
2015,1770132353100,22.401779,159.4848,390.2935,-663.8343,0.638752,-0.462155,0.300957,0.536502,1.520638,-1.100224,0.716470,0.418561,0.118082,0.398568,-2.130820,2.085187,0.248763
2016,1770132353111,22.412893,159.2868,390.7757,-663.7553,0.638514,-0.462011,0.301263,0.536738,1.519918,-1.099770,0.717127,0.418390,0.118062,0.398863,-2.131141,2.085680,0.248106
2017,1770132353123,22.424004,159.0298,391.1982,-663.7731,0.638363,-0.461738,0.301613,0.536956,1.519418,-1.099018,0.717892,0.418029,0.118036,0.399459,-2.131943,2.086420,0.246598
2018,1770132353134,22.435115,158.7567,391.5224,-663.7471,0.638193,-0.461389,0.301974,0.537254,1.518821,-1.098048,0.718660,0.417855,0.118030,0.399755,-2.132403,2.086799,0.245891
2019,1770132353145,22.446227,158.5296,392.1008,-663.5643,0.637993,-0.461154,0.302376,0.537466,1.518208,-1.097390,0.719554,0.417652,0.118016,0.400101,-2.132725,2.087215,0.245074
2020,1770132353156,22.457338,158.3197,392.5494,-663.4109,0.637793,-0.460923,0.302699,0.537720,1.517568,-1.096723,0.720244,0.417263,0.117995,0.400738,-2.133628,2.088053,0.243570
2021,1770132353167,22.468449,158.0085,392.9143,-663.2494,0.637612,-0.460609,0.303012,0.538028,1.516938,-1.095832,0.720892,0.417060,0.117986,0.401073,-2.134018,2.088614,0.242795
2022,1770132353178,22.479560,157.8327,393.2553,-663.0073,0.637377,-0.460301,0.303378,0.538364,1.516162,-1.094941,0.721661,0.416650,0.117981,0.401745,-2.135023,2.089447,0.241160
2023,1770132353189,22.490671,157.6285,393.6883,-663.0313,0.637225,-0.460026,0.303682,0.538607,1.515643,-1.094173,0.722310,0.416459,0.117953,0.402072,-2.135470,2.090028,0.240391
2024,1770132353200,22.501783,157.3163,394.2274,-662.9006,0.637014,-0.459800,0.304048,0.538844,1.514989,-1.093526,0.723106,0.416245,0.117961,0.402443,-2.136038,2.090432,0.239514
2025,1770132353211,22.512894,156.9635,394.5491,-662.8073,0.636756,-0.459304,0.304622,0.539247,1.514114,-1.092160,0.724347,0.415811,0.117946,0.403181,-2.137048,2.091419,0.237730
2026,1770132353223,22.524005,156.6538,395.0982,-662.7331,0.636511,-0.459050,0.304954,0.539565,1.513328,-1.091408,0.725039,0.415605,0.117931,0.403516,-2.137628,2.091991,0.236940
2027,1770132353234,22.535116,156.2083,395.5170,-662.5297,0.636211,-0.458716,0.305262,0.540029,1.512316,-1.090399,0.725627,0.415374,0.117930,0.403906,-2.138173,2.092468,0.235982
2028,1770132353245,22.546228,156.1415,396.1988,-662.2836,0.635978,-0.458380,0.305617,0.540388,1.511531,-1.089433,0.726361,0.414907,0.117901,0.404696,-2.139308,2.093541,0.234086
2029,1770132353256,22.557339,155.6583,396.7124,-662.1876,0.635715,-0.458105,0.306018,0.540703,1.510703,-1.088634,0.727217,0.414673,0.117900,0.405093,-2.139869,2.094062,0.233114
2030,1770132353267,22.568450,155.3234,397.2321,-662.0463,0.635467,-0.457734,0.306415,0.541083,1.509871,-1.087577,0.728041,0.414166,0.117888,0.405940,-2.141085,2.095054,0.231142
2031,1770132353278,22.579562,155.0919,397.6968,-661.7913,0.635276,-0.457329,0.306872,0.541390,1.509220,-1.086473,0.729034,0.413897,0.117892,0.406366,-2.141662,2.095560,0.230120
2032,1770132353289,22.590673,154.7421,398.3154,-661.5579,0.635128,-0.456819,0.307460,0.541661,1.508695,-1.085136,0.730346,0.413651,0.117905,0.406776,-2.142373,2.096219,0.229009
2033,1770132353300,22.601784,154.2734,398.9060,-661.4433,0.634776,-0.456665,0.307721,0.542056,1.507605,-1.084589,0.730844,0.413119,0.117896,0.407648,-2.143620,2.097314,0.226919
2034,1770132353311,22.612895,153.8233,399.7947,-661.3046,0.634377,-0.456306,0.308140,0.542588,1.506316,-1.083490,0.731673,0.412854,0.117886,0.408090,-2.144194,2.098031,0.225825
2035,1770132353323,22.624006,153.4638,400.3317,-661.1871,0.634160,-0.455861,0.308687,0.542904,1.505599,-1.082287,0.732873,0.412291,0.117856,0.409024,-2.145340,2.099098,0.223595
2036,1770132353334,22.635117,152.9546,401.1813,-661.1140,0.634046,-0.455305,0.309244,0.543186,1.505148,-1.080839,0.734108,0.411994,0.117846,0.409517,-2.145908,2.099675,0.222321
2037,1770132353345,22.646229,152.6066,401.9216,-660.9547,0.633730,-0.454853,0.309695,0.543677,1.504086,-1.079541,0.735026,0.411697,0.117860,0.410001,-2.146586,2.100199,0.221140
2038,1770132353356,22.657340,152.2402,402.6228,-660.8084,0.633574,-0.454512,0.310115,0.543904,1.503570,-1.078627,0.735950,0.411096,0.117851,0.410968,-2.147893,2.101306,0.218812
2039,1770132353367,22.668451,151.7742,403.1610,-660.8701,0.633058,-0.453994,0.310683,0.544614,1.501892,-1.077073,0.737077,0.410800,0.117846,0.411449,-2.148559,2.102007,0.217594
2040,1770132353378,22.679562,151.4404,403.8349,-660.5377,0.632821,-0.453730,0.311032,0.544910,1.501142,-1.076313,0.737812,0.410206,0.117804,0.412430,-2.149800,2.103460,0.215088
2041,1770132353389,22.690673,151.0159,404.7538,-660.3152,0.632625,-0.453241,0.311574,0.545234,1.500470,-1.075005,0.738996,0.409867,0.117816,0.412956,-2.150530,2.103991,0.213679
2042,1770132353400,22.701785,150.5939,405.3662,-660.2257,0.632283,-0.452797,0.312095,0.545701,1.499363,-1.073740,0.740087,0.409536,0.117821,0.413480,-2.151225,2.104603,0.212374
2043,1770132353411,22.712896,150.1250,406.3187,-659.7783,0.631883,-0.452614,0.312205,0.546254,1.498062,-1.073052,0.740173,0.408879,0.117803,0.414527,-2.152688,2.105809,0.210731
2044,1770132353423,22.724007,149.6251,406.6624,-659.7852,0.631400,-0.452322,0.312601,0.546827,1.496553,-1.072101,0.740931,0.408568,0.117769,0.415026,-2.153416,2.106435,0.211344
2045,1770132353434,22.735118,149.0903,407.6054,-659.6462,0.631514,-0.452417,0.312548,0.546647,1.496938,-1.072408,0.740864,0.407914,0.117786,0.416072,-2.155226,2.107186,0.214488
2046,1770132353445,22.746229,148.4055,408.3229,-659.6073,0.630105,-0.453431,0.310705,0.548480,1.492440,-1.073977,0.735923,0.407535,0.117829,0.416679,-2.156115,2.107343,0.216385
2047,1770132353456,22.757340,147.3401,409.4677,-659.3613,0.629277,-0.454042,0.309719,0.549482,1.489847,-1.074969,0.733277,0.407168,0.117841,0.417249,-2.156996,2.107517,0.218696
2048,1770132353467,22.768452,146.6647,410.3373,-659.1572,0.629333,-0.454722,0.308880,0.549328,1.490077,-1.076649,0.731339,0.406467,0.117848,0.418336,-2.158731,2.107931,0.224098
2049,1770132353478,22.779563,146.1354,409.7935,-659.2703,0.628797,-0.455414,0.308096,0.549810,1.488504,-1.078067,0.729332,0.406137,0.117832,0.418850,-2.159619,2.108339,0.227062
2050,1770132353489,22.790674,145.2103,409.4043,-659.0892,0.627222,-0.456342,0.306841,0.551538,1.483691,-1.079476,0.725830,0.405793,0.117813,0.419387,-2.160513,2.108722,0.229960
2051,1770132353500,22.801786,144.3167,409.8699,-658.9387,0.626991,-0.456797,0.306185,0.551789,1.482987,-1.080437,0.724203,0.405070,0.117779,0.420521,-2.162192,2.109340,0.235539
2052,1770132353511,22.812897,144.2147,411.0038,-658.6093,0.626833,-0.457307,0.305276,0.552048,1.482452,-1.081525,0.721975,0.404647,0.117798,0.421144,-2.163120,2.109437,0.237989
2053,1770132353523,22.824008,144.0644,413.2450,-657.5698,0.626851,-0.457732,0.304720,0.551983,1.482535,-1.082560,0.720678,0.403845,0.117820,0.422345,-2.164919,2.109923,0.242669
2054,1770132353534,22.835119,144.0913,413.4611,-658.1996,0.625901,-0.458331,0.303942,0.552993,1.479657,-1.083515,0.718532,0.403447,0.117823,0.422941,-2.165793,2.110317,0.244690
2055,1770132353545,22.846231,143.7017,414.7209,-657.8010,0.625201,-0.458968,0.303172,0.553677,1.477577,-1.084708,0.716505,0.403056,0.117843,0.423513,-2.166725,2.110750,0.246713
2056,1770132353556,22.857342,143.1619,415.5506,-657.5825,0.624999,-0.459203,0.302937,0.553841,1.476996,-1.085187,0.715899,0.402247,0.117789,0.424731,-2.168362,2.111635,0.249921
2057,1770132353567,22.868453,142.4624,416.3933,-657.3575,0.623914,-0.459916,0.301901,0.555036,1.473689,-1.086325,0.713093,0.401834,0.117788,0.425352,-2.169236,2.112218,0.251293
2058,1770132353578,22.879565,141.8220,417.8579,-657.1455,0.623954,-0.459659,0.302185,0.555049,1.473775,-1.085713,0.713759,0.400963,0.117776,0.426643,-2.170937,2.113274,0.253246
2059,1770132353589,22.890677,141.1312,418.1868,-657.0045,0.622945,-0.459879,0.301759,0.556231,1.470659,-1.085692,0.712398,0.400513,0.117790,0.427320,-2.171827,2.113713,0.253858
2060,1770132353600,22.901788,140.6335,418.8516,-656.7961,0.621808,-0.459991,0.301304,0.557656,1.467096,-1.085303,0.710897,0.400072,0.117783,0.427947,-2.172692,2.114316,0.254489
2061,1770132353611,22.912899,140.2483,420.5929,-656.4919,0.622064,-0.459484,0.302024,0.557397,1.467860,-1.084226,0.712674,0.399192,0.117776,0.429188,-2.174425,2.115523,0.255158
2062,1770132353623,22.924011,139.8979,421.0176,-656.5596,0.621093,-0.459797,0.301593,0.558455,1.464916,-1.084481,0.711339,0.398770,0.117753,0.429778,-2.175261,2.116303,0.255357
2063,1770132353634,22.935122,139.2595,422.2141,-656.2179,0.620507,-0.459749,0.301724,0.559074,1.463153,-1.084085,0.711464,0.397902,0.117780,0.430913,-2.177186,2.117872,0.255392
2064,1770132353645,22.946233,138.9010,422.3795,-655.9906,0.620082,-0.459068,0.302426,0.559727,1.461748,-1.082183,0.712923,0.397445,0.117779,0.431535,-2.178022,2.118618,0.255004
2065,1770132353656,22.957344,138.3427,423.2966,-655.7137,0.619682,-0.459088,0.302429,0.560151,1.460545,-1.082038,0.712804,0.396995,0.117771,0.432153,-2.178897,2.119392,0.254478
2066,1770132353667,22.968456,137.8434,424.0578,-655.6218,0.619412,-0.458346,0.303158,0.560664,1.459594,-1.080055,0.714367,0.396035,0.117799,0.433435,-2.180688,2.120967,0.252782
2067,1770132353678,22.979567,137.3951,424.4402,-655.5975,0.618835,-0.458090,0.303531,0.561307,1.457842,-1.079160,0.715054,0.395561,0.117809,0.434099,-2.181583,2.121801,0.251794
2068,1770132353689,22.990678,136.9420,425.2737,-655.9243,0.618742,-0.457261,0.304526,0.561547,1.457474,-1.077098,0.717325,0.395071,0.117820,0.434755,-2.182503,2.122594,0.250491
2069,1770132353700,23.001789,136.1282,426.1053,-655.6088,0.618374,-0.456961,0.304918,0.561984,1.456341,-1.076194,0.718115,0.394124,0.117828,0.436015,-2.184358,2.124336,0.247943
2070,1770132353711,23.012901,135.7554,426.6305,-655.4772,0.617466,-0.456383,0.305563,0.563100,1.453522,-1.074331,0.719300,0.393655,0.117842,0.436645,-2.185360,2.125268,0.246428
2071,1770132353723,23.024012,134.5745,427.3951,-655.1938,0.616976,-0.455975,0.305971,0.563746,1.451974,-1.073079,0.720063,0.392691,0.117851,0.437923,-2.187202,2.127197,0.242980
2072,1770132353734,23.035123,133.4618,428.7759,-654.5385,0.617200,-0.455067,0.307300,0.563512,1.452643,-1.071046,0.723262,0.392205,0.117846,0.438566,-2.188104,2.128133,0.241084
2073,1770132353745,23.046234,132.8191,429.5222,-654.3314,0.616676,-0.454109,0.308402,0.564255,1.450960,-1.068460,0.725631,0.391694,0.117852,0.439258,-2.189023,2.129054,0.238941
2074,1770132353756,23.057346,131.7568,431.2383,-653.8798,0.616348,-0.453591,0.309059,0.564671,1.449933,-1.067054,0.727048,0.390682,0.117843,0.440630,-2.190735,2.130946,0.234408
2075,1770132353767,23.068457,131.2308,432.0071,-653.3529,0.616181,-0.452803,0.310057,0.564938,1.449379,-1.065082,0.729314,0.390189,0.117815,0.441298,-2.191540,2.131976,0.232156
2076,1770132353778,23.079568,130.4460,433.3030,-653.0421,0.615568,-0.452073,0.310917,0.565717,1.447465,-1.063019,0.731100,0.389175,0.117786,0.442649,-2.193245,2.133956,0.227259
2077,1770132353789,23.090679,129.5711,434.1763,-652.5154,0.615403,-0.451138,0.312110,0.565987,1.446913,-1.060700,0.733822,0.388673,0.117783,0.443322,-2.194161,2.134841,0.224809
2078,1770132353800,23.101791,129.1214,435.0407,-652.3829,0.614846,-0.450347,0.313044,0.566706,1.445169,-1.058522,0.735795,0.388199,0.117762,0.443952,-2.195107,2.135926,0.222375
2079,1770132353811,23.112902,128.5518,435.8292,-652.1590,0.614325,-0.449490,0.314090,0.567372,1.443541,-1.056212,0.738050,0.387216,0.117762,0.445231,-2.197004,2.138106,0.217353
2080,1770132353823,23.124013,127.9726,436.7581,-651.9982,0.613946,-0.449002,0.314787,0.567782,1.442404,-1.054885,0.739561,0.386722,0.117727,0.445881,-2.197796,2.139265,0.214663
2081,1770132353834,23.135124,127.4441,437.6029,-651.8076,0.613437,-0.448119,0.315972,0.568372,1.440852,-1.052549,0.742161,0.386219,0.117709,0.446540,-2.198691,2.140326,0.212011
2082,1770132353845,23.146236,127.1665,438.4021,-651.6968,0.612994,-0.447243,0.317062,0.568932,1.439474,-1.050247,0.744547,0.385212,0.117668,0.447848,-2.200358,2.142504,0.206434
2083,1770132353856,23.157347,126.5902,439.5740,-651.3430,0.612674,-0.446276,0.318265,0.569364,1.438463,-1.047786,0.747237,0.384707,0.117644,0.448495,-2.201231,2.143637,0.203649
2084,1770132353867,23.168458,125.7301,440.1068,-651.1508,0.612354,-0.445383,0.319349,0.569801,1.437448,-1.045498,0.749645,0.383696,0.117616,0.449762,-2.203039,2.145676,0.198011
2085,1770132353878,23.179570,124.8329,440.9447,-650.6375,0.611845,-0.444338,0.320572,0.570476,1.435850,-1.042752,0.752302,0.383190,0.117619,0.450410,-2.203973,2.146642,0.195003
2086,1770132353889,23.190681,124.2321,441.8554,-650.3621,0.611770,-0.443130,0.322155,0.570604,1.435596,-1.039861,0.755977,0.382696,0.117615,0.451028,-2.204869,2.147759,0.192008
2087,1770132353900,23.201792,123.2845,442.7418,-649.9696,0.611188,-0.442575,0.322868,0.571256,1.433839,-1.038275,0.757444,0.381707,0.117593,0.452275,-2.206676,2.149875,0.185972
2088,1770132353911,23.212903,122.6938,443.3731,-649.7724,0.610882,-0.441462,0.324290,0.571638,1.432893,-1.035500,0.760660,0.381226,0.117577,0.452863,-2.207584,2.151039,0.182997
2089,1770132353923,23.224015,121.9714,444.3067,-649.3149,0.610416,-0.440446,0.325550,0.572204,1.431462,-1.032872,0.763436,0.380218,0.117562,0.454134,-2.209202,2.153168,0.176786
2090,1770132353934,23.235126,121.3431,445.4254,-648.9967,0.609983,-0.439340,0.326831,0.572785,1.430100,-1.030030,0.766253,0.379732,0.117579,0.454743,-2.210110,2.154323,0.173660
2091,1770132353945,23.246237,120.6654,446.1427,-648.8974,0.609977,-0.438804,0.327627,0.572747,1.430109,-1.028790,0.768132,0.379216,0.117568,0.455398,-2.210909,2.155251,0.170413
2092,1770132353956,23.257349,119.9216,447.1653,-648.4891,0.609472,-0.437729,0.328949,0.573350,1.428565,-1.026011,0.771038,0.378224,0.117573,0.456628,-2.212600,2.157432,0.164025
2093,1770132353967,23.268460,119.2505,447.8369,-648.2309,0.609111,-0.436681,0.330274,0.573770,1.427470,-1.023375,0.774006,0.377726,0.117589,0.457236,-2.213486,2.158432,0.160765
2094,1770132353978,23.279571,118.5696,448.9005,-647.9875,0.608739,-0.435597,0.331571,0.574241,1.426318,-1.020633,0.776894,0.376736,0.117559,0.458485,-2.215107,2.160440,0.154208
2095,1770132353989,23.290682,117.6877,449.5857,-647.4938,0.608388,-0.434555,0.332884,0.574643,1.425256,-1.018021,0.779840,0.376245,0.117547,0.459084,-2.215896,2.161429,0.150971
2096,1770132354000,23.301794,117.1184,450.4919,-647.2769,0.608163,-0.433664,0.333877,0.574978,1.424531,-1.015793,0.782056,0.375748,0.117558,0.459667,-2.216837,2.162342,0.147770
2097,1770132354011,23.312905,116.5015,451.4523,-646.8523,0.607913,-0.432856,0.334750,0.575343,1.423730,-1.013747,0.783982,0.374779,0.117550,0.460849,-2.218569,2.164232,0.141353
2098,1770132354023,23.324016,115.9580,452.4168,-646.5243,0.607592,-0.431905,0.335914,0.575719,1.422754,-1.011361,0.786585,0.374272,0.117538,0.461466,-2.219404,2.165064,0.138060
2099,1770132354034,23.335127,115.2466,453.1653,-646.4621,0.607324,-0.430637,0.337400,0.576082,1.421913,-1.008240,0.789946,0.373768,0.117527,0.462071,-2.220195,2.166007,0.134673
2100,1770132354045,23.346239,114.7167,453.7964,-645.7444,0.606735,-0.429617,0.338598,0.576762,1.420130,-1.005567,0.792526,0.372784,0.117524,0.463258,-2.221836,2.167950,0.128087
2101,1770132354056,23.357350,114.1444,454.4274,-645.6182,0.606249,-0.428401,0.339960,0.577376,1.418630,-1.002463,0.795510,0.372286,0.117511,0.463857,-2.222614,2.168865,0.124739
2102,1770132354067,23.368461,113.4617,455.6385,-645.4468,0.605814,-0.427298,0.341290,0.577865,1.417324,-0.999679,0.798461,0.371312,0.117488,0.464990,-2.224229,2.170866,0.118331
2103,1770132354078,23.379573,112.8375,456.5446,-644.9791,0.605624,-0.426515,0.342179,0.578116,1.416733,-0.997744,0.800457,0.370815,0.117503,0.465566,-2.225053,2.171709,0.115066
2104,1770132354089,23.390684,112.2065,457.3193,-644.8199,0.605295,-0.425396,0.343366,0.578581,1.415688,-0.994934,0.803078,0.370342,0.117477,0.466107,-2.225838,2.172663,0.112019
2105,1770132354100,23.401795,111.6691,458.1053,-644.4387,0.604914,-0.424379,0.344561,0.579016,1.414542,-0.992374,0.805727,0.369421,0.117481,0.467148,-2.227602,2.174558,0.105834
2106,1770132354111,23.412907,111.0550,459.4095,-644.5204,0.604642,-0.423524,0.345502,0.579365,1.413702,-0.990233,0.807812,0.369046,0.117463,0.467578,-2.228567,2.175633,0.103017
2107,1770132354123,23.424018,110.3514,460.0591,-644.0024,0.604218,-0.422401,0.346767,0.579871,1.412413,-0.987400,0.810599,0.368034,0.117436,0.468714,-2.230098,2.177288,0.096478
2108,1770132354134,23.435129,109.5747,461.1784,-643.6500,0.603941,-0.421129,0.348199,0.580227,1.411557,-0.984280,0.813824,0.367580,0.117431,0.469219,-2.230861,2.178231,0.093368
2109,1770132354145,23.446240,108.9212,462.1046,-643.3268,0.603842,-0.420201,0.349190,0.580408,1.411218,-0.982038,0.816080,0.367043,0.117437,0.469823,-2.231567,2.178842,0.089970
2110,1770132354156,23.457351,108.3152,462.9389,-642.9728,0.603640,-0.419074,0.350418,0.580692,1.410580,-0.979289,0.818854,0.366063,0.117446,0.470919,-2.232931,2.180224,0.083426
2111,1770132354167,23.468462,107.6540,462.2372,-643.2220,0.603346,-0.418207,0.351552,0.580937,1.409751,-0.977162,0.821420,0.365578,0.117439,0.471454,-2.233522,2.180927,0.080242
2112,1770132354178,23.479574,107.0102,462.9748,-642.8712,0.603194,-0.417223,0.352601,0.581167,1.409261,-0.974770,0.823792,0.364621,0.117431,0.472519,-2.234676,2.182153,0.073782
2113,1770132354189,23.490685,106.0144,464.1352,-643.0480,0.602887,-0.416331,0.353630,0.581500,1.408347,-0.972553,0.826081,0.364146,0.117430,0.473042,-2.235149,2.182773,0.070561
2114,1770132354200,23.501796,105.3084,464.9454,-642.6942,0.602935,-0.415396,0.354647,0.581499,1.408462,-0.970369,0.828458,0.363675,0.117417,0.473555,-2.235491,2.183246,0.067435
2115,1770132354211,23.512907,105.2534,465.2951,-642.0204,0.602998,-0.414496,0.355447,0.581587,1.408557,-0.968231,0.830296,0.362749,0.117405,0.474579,-2.236237,2.184003,0.061160
2116,1770132354223,23.524018,104.6939,465.9804,-641.7449,0.602827,-0.413544,0.356505,0.581795,1.408036,-0.965923,0.832695,0.362288,0.117393,0.475080,-2.236578,2.184302,0.058036
2117,1770132354234,23.535129,104.0307,466.4595,-641.6954,0.602798,-0.412513,0.357578,0.581899,1.407907,-0.963474,0.835167,0.361345,0.117381,0.476101,-2.237009,2.184932,0.051808
2118,1770132354245,23.546241,103.4120,467.2015,-641.3766,0.602962,-0.411681,0.358449,0.581782,1.408359,-0.961576,0.837241,0.360886,0.117362,0.476591,-2.237144,2.185176,0.048796
2119,1770132354256,23.557352,102.6523,467.9735,-641.4874,0.602935,-0.410573,0.359624,0.581868,1.408245,-0.958954,0.839957,0.360401,0.117382,0.477118,-2.237298,2.185306,0.045600
2120,1770132354267,23.568463,102.0393,468.6909,-641.2921,0.603127,-0.409582,0.360680,0.581714,1.408783,-0.956701,0.842476,0.359435,0.117374,0.478186,-2.237300,2.185435,0.039163
2121,1770132354278,23.579574,101.5033,469.4350,-641.1767,0.603244,-0.408597,0.361812,0.581582,1.409135,-0.954453,0.845166,0.358969,0.117364,0.478701,-2.237220,2.185508,0.035997
2122,1770132354289,23.590685,100.9501,470.1035,-640.9020,0.603405,-0.407696,0.362788,0.581440,1.409593,-0.952404,0.847496,0.358508,0.117353,0.479206,-2.237182,2.185549,0.032951
2123,1770132354300,23.601796,100.3770,470.8720,-640.6202,0.603680,-0.406765,0.363744,0.581208,1.410373,-0.950321,0.849812,0.357592,0.117325,0.480197,-2.236981,2.185495,0.026795
2124,1770132354311,23.612907,99.6213,471.5440,-640.2401,0.604146,-0.406023,0.364449,0.580801,1.411698,-0.948749,0.851603,0.357099,0.117333,0.480719,-2.236883,2.185225,0.023649
2125,1770132354323,23.624019,99.0403,472.3592,-640.0589,0.604553,-0.405062,0.365465,0.580410,1.412879,-0.946655,0.854115,0.356142,0.117340,0.481752,-2.236591,2.184840,0.017316
2126,1770132354334,23.635130,98.4051,473.0871,-639.9523,0.604762,-0.404209,0.366341,0.580235,1.413471,-0.944731,0.856225,0.355670,0.117331,0.482256,-2.236346,2.184597,0.014227
2127,1770132354345,23.646241,97.7359,473.7017,-639.7556,0.605086,-0.403225,0.367370,0.579931,1.414406,-0.942550,0.858739,0.355221,0.117333,0.482732,-2.236177,2.184357,0.011202
2128,1770132354356,23.657353,97.1581,474.3633,-639.4857,0.605299,-0.402428,0.368171,0.579755,1.415008,-0.940755,0.860673,0.354309,0.117315,0.483690,-2.235628,2.183863,0.005250
2129,1770132354367,23.668464,96.5819,474.8455,-639.3228,0.605693,-0.401485,0.369125,0.579390,1.416145,-0.938694,0.863034,0.353871,0.117311,0.484137,-2.235363,2.183645,0.002280
2130,1770132354378,23.679575,95.9724,475.5602,-639.0466,0.606146,-0.400528,0.370040,0.578995,1.417434,-0.936610,0.865317,0.352961,0.117288,0.485096,-2.234710,2.182916,-0.003598
2131,1770132354389,23.690687,95.2932,475.9303,-638.5869,0.606597,-0.399601,0.370936,0.578590,1.418729,-0.934600,0.867557,0.352510,0.117279,0.485579,-2.234354,2.182566,-0.006615
2132,1770132354400,23.701798,94.6208,476.6567,-638.3358,0.607104,-0.398673,0.371811,0.578136,1.420183,-0.932604,0.869768,0.352038,0.117288,0.486076,-2.234000,2.182063,-0.009735
2133,1770132354411,23.712909,94.0574,477.5588,-638.0140,0.607514,-0.397820,0.372646,0.577756,1.421366,-0.930757,0.871858,0.351111,0.117269,0.487057,-2.233098,2.181194,-0.015800
2134,1770132354423,23.724021,93.4536,478.1777,-637.6904,0.607947,-0.396894,0.373556,0.577349,1.422619,-0.928747,0.874137,0.350642,0.117269,0.487543,-2.232616,2.180709,-0.018848
2135,1770132354434,23.735132,93.1335,478.6104,-637.8446,0.608360,-0.395993,0.374316,0.577041,1.423768,-0.926757,0.876027,0.349759,0.117263,0.488475,-2.231795,2.179732,-0.024738
2136,1770132354445,23.746243,92.6381,479.5480,-637.7395,0.608781,-0.394920,0.375428,0.576609,1.425010,-0.924413,0.878787,0.349308,0.117251,0.488964,-2.231319,2.179158,-0.027839
2137,1770132354456,23.757354,91.9518,479.9977,-637.6016,0.609268,-0.394122,0.376130,0.576182,1.426404,-0.922709,0.880587,0.348877,0.117252,0.489413,-2.230904,2.178622,-0.030701
2138,1770132354467,23.768465,91.3206,480.7158,-637.3105,0.609663,-0.393225,0.377085,0.575753,1.427583,-0.920773,0.882981,0.347973,0.117234,0.490369,-2.229823,2.177601,-0.036710
2139,1770132354478,23.779577,90.7207,481.3922,-637.0437,0.610185,-0.392322,0.377944,0.575253,1.429103,-0.918851,0.885176,0.347533,0.117255,0.490807,-2.229435,2.176969,-0.039582
2140,1770132354489,23.790688,89.9811,482.1727,-636.7495,0.610724,-0.391465,0.378651,0.574800,1.430635,-0.917017,0.886999,0.347078,0.117259,0.491266,-2.228886,2.176340,-0.042487
2141,1770132354500,23.801799,89.5681,482.8676,-636.3820,0.611179,-0.390639,0.379453,0.574349,1.431972,-0.915254,0.889046,0.346190,0.117271,0.492153,-2.227900,2.175149,-0.048155
2142,1770132354511,23.812911,89.1563,483.2098,-636.2667,0.611578,-0.389782,0.380274,0.573963,1.433137,-0.913393,0.891112,0.345751,0.117264,0.492609,-2.227401,2.174525,-0.050996
2143,1770132354523,23.824022,88.5974,483.6142,-636.1266,0.612175,-0.388811,0.381192,0.573377,1.434885,-0.911338,0.893481,0.344907,0.117247,0.493468,-2.226325,2.173444,-0.056504
2144,1770132354534,23.835133,88.0255,484.3568,-635.9475,0.612545,-0.388164,0.381848,0.572983,1.435987,-0.909973,0.895167,0.344475,0.117236,0.493906,-2.225739,2.172821,-0.059273
2145,1770132354545,23.846244,87.6889,484.6068,-635.9622,0.613056,-0.387196,0.382872,0.572408,1.437532,-0.907921,0.897782,0.344063,0.117246,0.494313,-2.225352,2.172213,-0.061943
2146,1770132354556,23.857356,87.1198,485.1599,-635.7571,0.613514,-0.386402,0.383517,0.572022,1.438838,-0.906206,0.899439,0.343255,0.117274,0.495110,-2.224484,2.171043,-0.067115
2147,1770132354567,23.868467,86.6627,485.5923,-635.5292,0.613935,-0.385559,0.384239,0.571654,1.440046,-0.904368,0.901271,0.342849,0.117272,0.495525,-2.223992,2.170443,-0.069727
2148,1770132354578,23.879578,86.1255,486.1440,-635.2899,0.614342,-0.384946,0.384832,0.571231,1.441256,-0.903089,0.902821,0.342071,0.117283,0.496285,-2.223077,2.169260,-0.074617
2149,1770132354589,23.890689,85.5678,486.6098,-635.1942,0.614793,-0.384164,0.385568,0.570776,1.442587,-0.901424,0.904719,0.341699,0.117281,0.496642,-2.222644,2.168748,-0.076993
2150,1770132354600,23.901800,84.9732,487.1006,-634.9629,0.615199,-0.383416,0.386316,0.570336,1.443804,-0.899835,0.906641,0.341301,0.117274,0.497043,-2.222034,2.168276,-0.079558
2151,1770132354611,23.912911,84.4967,487.5792,-634.7502,0.615632,-0.382743,0.386882,0.569937,1.445061,-0.898405,0.908121,0.340548,0.117281,0.497779,-2.221158,2.167095,-0.084288
2152,1770132354623,23.924022,83.9214,487.9056,-634.6328,0.616096,-0.381905,0.387647,0.569477,1.446429,-0.896612,0.910093,0.340187,0.117301,0.498129,-2.220804,2.166510,-0.086568
2153,1770132354634,23.935134,83.4959,488.3089,-634.4125,0.616537,-0.381196,0.388249,0.569065,1.447713,-0.895101,0.911662,0.339483,0.117306,0.498803,-2.219925,2.165485,-0.090926
2154,1770132354645,23.946245,83.1623,489.0446,-634.3409,0.616838,-0.380615,0.388747,0.568787,1.448589,-0.893840,0.912937,0.339161,0.117313,0.499115,-2.219577,2.164986,-0.093009
2155,1770132354656,23.957356,82.7631,489.5026,-634.1414,0.617246,-0.379933,0.389428,0.568335,1.449820,-0.892408,0.914710,0.338809,0.117307,0.499453,-2.219056,2.164476,-0.095150
2156,1770132354667,23.968467,82.4410,490.0272,-634.0716,0.617532,-0.379356,0.389910,0.568080,1.450647,-0.891147,0.915940,0.338161,0.117313,0.500074,-2.218214,2.163491,-0.099162
2157,1770132354678,23.979579,82.0971,490.3971,-633.9074,0.617825,-0.378746,0.390473,0.567780,1.451517,-0.889826,0.917378,0.337856,0.117329,0.500359,-2.217854,2.163006,-0.101028
2158,1770132354689,23.990690,81.7738,490.8863,-633.7559,0.618182,-0.378200,0.390960,0.567420,1.452576,-0.888676,0.918660,0.337569,0.117361,0.500629,-2.217577,2.162554,-0.102898
2159,1770132354700,24.001801,81.4766,491.3379,-633.6154,0.618488,-0.377583,0.391512,0.567117,1.453478,-0.887340,0.920074,0.336997,0.117364,0.501174,-2.216821,2.161652,-0.106449
2160,1770132354711,24.012913,81.2423,491.6847,-633.4589,0.618801,-0.377058,0.391966,0.566812,1.454400,-0.886218,0.921258,0.336747,0.117355,0.501399,-2.216451,2.161254,-0.107988
2161,1770132354723,24.024024,80.7796,492.0706,-633.3842,0.619057,-0.376639,0.392371,0.566530,1.455175,-0.885340,0.922318,0.336235,0.117371,0.501882,-2.215843,2.160417,-0.111214
2162,1770132354734,24.035135,80.4338,491.9016,-633.2646,0.619320,-0.376111,0.392810,0.566290,1.455937,-0.884186,0.923443,0.336015,0.117352,0.502091,-2.215459,2.160110,-0.112651
2163,1770132354745,24.046246,79.9791,492.2520,-633.2493,0.619582,-0.375727,0.393153,0.566019,1.456719,-0.883384,0.924355,0.335792,0.117347,0.502294,-2.215114,2.159763,-0.114031
2164,1770132354756,24.057358,79.7483,492.4955,-633.1318,0.619807,-0.375294,0.393540,0.565792,1.457386,-0.882449,0.925352,0.335362,0.117348,0.502696,-2.214528,2.159063,-0.116664
2165,1770132354767,24.068469,79.5066,492.7309,-633.0021,0.620007,-0.374993,0.393866,0.565545,1.458009,-0.881834,0.926215,0.335166,0.117344,0.502863,-2.214223,2.158829,-0.117837
2166,1770132354778,24.079580,79.1655,492.9985,-632.8100,0.620240,-0.374577,0.394228,0.565314,1.458696,-0.880939,0.927156,0.334786,0.117360,0.503200,-2.213690,2.158247,-0.120032
2167,1770132354789,24.090691,78.9130,493.2190,-632.7817,0.620464,-0.374254,0.394414,0.565151,1.459325,-0.880240,0.927658,0.334619,0.117364,0.503344,-2.213519,2.158015,-0.121117
2168,1770132354800,24.101803,78.8559,493.3297,-632.6625,0.620616,-0.373899,0.394972,0.564830,1.459877,-0.879523,0.929094,0.334430,0.117370,0.503503,-2.213230,2.157767,-0.122155
2169,1770132354811,24.112914,78.7020,493.7423,-632.7257,0.620776,-0.373555,0.395062,0.564819,1.460261,-0.878718,0.929309,0.334161,0.117372,0.503731,-2.212932,2.157327,-0.123853
2170,1770132354823,24.124025,78.6535,493.8415,-632.7219,0.620866,-0.373390,0.395283,0.564674,1.460560,-0.878385,0.929887,0.334017,0.117393,0.503858,-2.212751,2.157100,-0.124656
2171,1770132354834,24.135136,78.4801,494.0982,-632.7033,0.621023,-0.373228,0.395422,0.564511,1.461029,-0.878063,0.930278,0.333902,0.117380,0.503957,-2.212541,2.156973,-0.125426
2172,1770132354845,24.146248,78.2310,494.2710,-632.7210,0.621150,-0.372924,0.395666,0.564402,1.461395,-0.877387,0.930894,0.333669,0.117394,0.504168,-2.212231,2.156617,-0.126816
2173,1770132354856,24.157359,78.0790,494.3293,-632.5854,0.621398,-0.372821,0.395817,0.564091,1.462169,-0.877261,0.931370,0.333550,0.117390,0.504276,-2.211968,2.156434,-0.127513
2174,1770132354867,24.168470,77.8627,494.1429,-632.4955,0.621543,-0.372643,0.396101,0.563849,1.462659,-0.876930,0.932133,0.333358,0.117393,0.504437,-2.211691,2.156205,-0.128671
2175,1770132354878,24.179581,77.7782,494.2406,-632.3645,0.621618,-0.372467,0.396302,0.563741,1.462901,-0.876556,0.932648,0.333260,0.117399,0.504529,-2.211475,2.156064,-0.129222
2176,1770132354889,24.190693,77.6203,494.2907,-632.3120,0.621708,-0.372329,0.396412,0.563656,1.463166,-0.876262,0.932940,0.333180,0.117400,0.504597,-2.211340,2.155978,-0.129769
2177,1770132354900,24.201804,77.5332,494.5437,-632.4011,0.621886,-0.372303,0.396455,0.563446,1.463713,-0.876278,0.933125,0.333036,0.117380,0.504739,-2.210960,2.155870,-0.130636
2178,1770132354911,24.212915,77.4846,494.6097,-632.3723,0.621745,-0.372051,0.396742,0.563567,1.463307,-0.875640,0.933752,0.332993,0.117387,0.504780,-2.210916,2.155864,-0.130884
2179,1770132354923,24.224026,77.4674,494.6839,-632.5177,0.621883,-0.372068,0.396728,0.563412,1.463728,-0.875738,0.933780,0.332896,0.117387,0.504862,-2.210797,2.155720,-0.131523
2180,1770132354934,24.235137,77.5114,494.6867,-632.3137,0.621831,-0.371913,0.396993,0.563385,1.463623,-0.875382,0.934414,0.332875,0.117390,0.504894,-2.210768,2.155835,-0.131762
2181,1770132354945,24.246249,77.5122,494.7433,-632.2299,0.621932,-0.372044,0.396868,0.563276,1.463928,-0.875731,0.934163,0.332852,0.117394,0.504916,-2.210743,2.155791,-0.131905
2182,1770132354956,24.257360,77.4960,494.7622,-632.2188,0.621806,-0.371896,0.397035,0.563396,1.463556,-0.875338,0.934508,0.332805,0.117383,0.504964,-2.210666,2.155813,-0.132343
2183,1770132354967,24.268471,77.5068,494.8177,-632.1523,0.622050,-0.371951,0.396982,0.563127,1.464295,-0.875567,0.934488,0.332779,0.117376,0.504990,-2.210580,2.155810,-0.132458
2184,1770132354978,24.279582,77.5043,494.8111,-632.3431,0.621938,-0.371950,0.397006,0.563234,1.463966,-0.875525,0.934505,0.332749,0.117390,0.505011,-2.210647,2.155748,-0.132497
2185,1770132354989,24.290693,77.5952,494.8941,-632.4019,0.621978,-0.371877,0.397160,0.563130,1.464124,-0.875391,0.934907,0.332730,0.117373,0.505049,-2.210599,2.155713,-0.132792
2186,1770132355000,24.301805,77.5204,494.8719,-632.2982,0.621904,-0.371878,0.397221,0.563167,1.463928,-0.875381,0.935036,0.332718,0.117380,0.505047,-2.210655,2.155692,-0.132806
2187,1770132355011,24.312916,77.4589,494.8107,-632.2502,0.622042,-0.371877,0.397232,0.563008,1.464350,-0.875437,0.935124,0.332669,0.117373,0.505100,-2.210536,2.155632,-0.133010
2188,1770132355023,24.324027,77.3755,494.8737,-632.2852,0.622107,-0.371766,0.397281,0.562975,1.464524,-0.875186,0.935252,0.332649,0.117378,0.505122,-2.210464,2.155647,-0.133163
2189,1770132355034,24.335138,77.3160,494.9377,-632.1724,0.621973,-0.371836,0.397354,0.563025,1.464177,-0.875334,0.935405,0.332646,0.117387,0.505122,-2.210537,2.155617,-0.133193
2190,1770132355045,24.346249,77.2641,495.0563,-632.3162,0.621963,-0.371795,0.397301,0.563101,1.464106,-0.875210,0.935250,0.332630,0.117391,0.505133,-2.210507,2.155619,-0.133295
2191,1770132355056,24.357360,77.2759,495.0783,-632.2837,0.621913,-0.371739,0.397431,0.563101,1.463989,-0.875078,0.935557,0.332613,0.117380,0.505159,-2.210427,2.155622,-0.133399
2192,1770132355067,24.368472,77.2958,495.1255,-632.2507,0.621909,-0.371707,0.397500,0.563078,1.463994,-0.875011,0.935728,0.332616,0.117378,0.505159,-2.210459,2.155684,-0.133484
2193,1770132355078,24.379583,77.2573,495.0647,-632.3688,0.622043,-0.371635,0.397463,0.563005,1.464353,-0.874867,0.935670,0.332615,0.117394,0.505168,-2.210490,2.155720,-0.133537
2194,1770132355089,24.390694,77.2477,495.1177,-632.3427,0.622120,-0.371739,0.397387,0.562904,1.464598,-0.875148,0.935529,0.332585,0.117388,0.505209,-2.210420,2.155602,-0.133703
2195,1770132355100,24.401805,77.2009,495.1626,-632.5111,0.622110,-0.371623,0.397356,0.563014,1.464506,-0.874835,0.935413,0.332582,0.117384,0.505209,-2.210410,2.155672,-0.133719
2196,1770132355111,24.412917,77.2436,495.1852,-632.5208,0.622016,-0.371541,0.397426,0.563122,1.464219,-0.874605,0.935536,0.332562,0.117401,0.505232,-2.210412,2.155575,-0.133831
2197,1770132355123,24.424028,77.2017,495.2039,-632.4536,0.621950,-0.371586,0.397502,0.563112,1.464069,-0.874712,0.935719,0.332578,0.117409,0.505225,-2.210481,2.155623,-0.133916
2198,1770132355134,24.435139,77.2398,495.2524,-632.4379,0.621994,-0.371669,0.397399,0.563081,1.464192,-0.874919,0.935489,0.332573,0.117406,0.505231,-2.210431,2.155650,-0.133887
2199,1770132355145,24.446251,77.2824,495.2310,-632.4328,0.621980,-0.371602,0.397502,0.563068,1.464166,-0.874766,0.935736,0.332571,0.117409,0.505236,-2.210431,2.155681,-0.133981
2200,1770132355156,24.457362,77.3460,495.2658,-632.4820,0.621961,-0.371629,0.397556,0.563034,1.464143,-0.874843,0.935876,0.332571,0.117406,0.505245,-2.210425,2.155650,-0.134020
2201,1770132355167,24.468473,77.3922,495.3215,-632.4653,0.621957,-0.371641,0.397558,0.563027,1.464138,-0.874874,0.935885,0.332554,0.117423,0.505264,-2.210437,2.155615,-0.134136
2202,1770132355178,24.479584,77.3436,495.1596,-632.3918,0.621960,-0.371605,0.397564,0.563043,1.464136,-0.874784,0.935892,0.332563,0.117423,0.505264,-2.210438,2.155698,-0.134178
2203,1770132355189,24.490695,77.2005,495.0699,-632.3886,0.622002,-0.371567,0.397593,0.563001,1.464261,-0.874710,0.935977,0.332550,0.117426,0.505280,-2.210397,2.155661,-0.134252
2204,1770132355200,24.501807,77.2314,495.0738,-632.3486,0.622013,-0.371530,0.397616,0.562998,1.464288,-0.874622,0.936033,0.332556,0.117420,0.505270,-2.210404,2.155693,-0.134243
2205,1770132355211,24.512918,77.2695,495.0852,-632.3096,0.621988,-0.371528,0.397633,0.563015,1.464220,-0.874611,0.936066,0.332544,0.117424,0.505289,-2.210383,2.155623,-0.134331
2206,1770132355223,24.524029,77.2309,495.1366,-632.2271,0.622008,-0.371551,0.397652,0.562964,1.464296,-0.874686,0.936131,0.332562,0.117431,0.505261,-2.210420,2.155686,-0.134280
2207,1770132355234,24.535140,77.3066,495.1912,-632.3590,0.621988,-0.371544,0.397695,0.562961,1.464251,-0.874670,0.936233,0.332559,0.117435,0.505269,-2.210472,2.155632,-0.134282
2208,1770132355245,24.546252,77.3373,495.2227,-632.3319,0.622012,-0.371539,0.397709,0.562928,1.464329,-0.874670,0.936278,0.332532,0.117438,0.505291,-2.210399,2.155647,-0.134462
2209,1770132355256,24.557363,77.2222,495.2888,-632.3848,0.622050,-0.371426,0.397811,0.562889,1.464441,-0.874419,0.936533,0.332553,0.117441,0.505262,-2.210446,2.155613,-0.134424
2210,1770132355267,24.568474,77.2516,495.2723,-632.2298,0.622004,-0.371436,0.397799,0.562941,1.464301,-0.874423,0.936485,0.332531,0.117434,0.505286,-2.210406,2.155577,-0.134529
2211,1770132355278,24.579585,77.2948,495.3183,-632.1885,0.622019,-0.371416,0.397813,0.562927,1.464345,-0.874381,0.936524,0.332525,0.117446,0.505295,-2.210433,2.155530,-0.134620
2212,1770132355289,24.590697,77.3350,495.3710,-632.1522,0.622008,-0.371400,0.397804,0.562956,1.464303,-0.874332,0.936492,0.332518,0.117451,0.505295,-2.210480,2.155471,-0.134581
2213,1770132355300,24.601808,77.2834,495.3266,-632.2780,0.621994,-0.371314,0.397919,0.562947,1.464275,-0.874133,0.936765,0.332516,0.117455,0.505297,-2.210516,2.155488,-0.134729
2214,1770132355311,24.612919,77.3044,495.3020,-632.3502,0.622046,-0.371314,0.397931,0.562882,1.464437,-0.874158,0.936819,0.332531,0.117458,0.505284,-2.210566,2.155512,-0.134706
2215,1770132355323,24.624030,77.3590,495.3629,-632.3231,0.622029,-0.371336,0.397907,0.562903,1.464385,-0.874202,0.936755,0.332527,0.117460,0.505300,-2.210551,2.155499,-0.134758
2216,1770132355334,24.635142,77.3951,495.3110,-632.3924,0.622099,-0.371276,0.397950,0.562835,1.464591,-0.874085,0.936882,0.332527,0.117460,0.505300,-2.210551,2.155499,-0.134758
2217,1770132355345,24.646253,77.4618,495.3300,-632.3879,0.622103,-0.371261,0.397956,0.562836,1.464600,-0.874049,0.936897,0.332520,0.117459,0.505320,-2.210584,2.155403,-0.134825
2218,1770132355356,24.657364,77.3695,495.3683,-632.3713,0.622089,-0.371195,0.398038,0.562837,1.464566,-0.873894,0.937089,0.332520,0.117459,0.505320,-2.210584,2.155403,-0.134825
2219,1770132355367,24.668475,77.4290,495.3979,-632.3507,0.622161,-0.371175,0.398036,0.562771,1.464776,-0.873871,0.937111,0.332509,0.117460,0.505338,-2.210579,2.155294,-0.134888
2220,1770132355378,24.679587,77.1994,495.2912,-632.3293,0.622130,-0.371179,0.398080,0.562773,1.464702,-0.873880,0.937213,0.332522,0.117455,0.505340,-2.210470,2.155369,-0.134896
2221,1770132355389,24.690698,77.3303,495.2545,-632.4573,0.622149,-0.371167,0.398108,0.562739,1.464767,-0.873863,0.937293,0.332517,0.117446,0.505372,-2.210426,2.155301,-0.134988
2222,1770132355400,24.701809,77.2954,495.2394,-632.3918,0.622115,-0.371134,0.398096,0.562807,1.464646,-0.873760,0.937237,0.332517,0.117446,0.505372,-2.210426,2.155301,-0.134988
2223,1770132355411,24.712921,77.3480,495.2199,-632.4457,0.622127,-0.371123,0.398093,0.562804,1.464675,-0.873736,0.937233,0.332511,0.117449,0.505381,-2.210357,2.155341,-0.135063
2224,1770132355423,24.724032,77.4398,495.2333,-632.4577,0.622074,-0.371155,0.398108,0.562830,1.464535,-0.873801,0.937257,0.332510,0.117454,0.505379,-2.210414,2.155320,-0.135052
2225,1770132355434,24.735143,77.4937,495.2528,-632.4069,0.622081,-0.371187,0.398083,0.562820,1.464557,-0.873882,0.937201,0.332515,0.117450,0.505376,-2.210408,2.155314,-0.135065
2226,1770132355445,24.746254,77.2011,495.3169,-632.3741,0.622164,-0.371158,0.398114,0.562725,1.464812,-0.873848,0.937312,0.332515,0.117450,0.505376,-2.210408,2.155314,-0.135065
2227,1770132355456,24.757365,77.2130,495.2942,-632.3639,0.622213,-0.371094,0.398111,0.562715,1.464932,-0.873701,0.937308,0.332510,0.117448,0.505379,-2.210361,2.155347,-0.135103
2228,1770132355467,24.768477,77.1598,495.3316,-632.2928,0.622213,-0.371078,0.398143,0.562703,1.464940,-0.873668,0.937389,0.332510,0.117443,0.505398,-2.210327,2.155343,-0.135195
2229,1770132355478,24.779588,77.1553,495.2849,-632.2786,0.622268,-0.371060,0.398093,0.562689,1.465077,-0.873630,0.937277,0.332510,0.117443,0.505398,-2.210327,2.155343,-0.135195
2230,1770132355489,24.790699,77.1725,495.3673,-632.2565,0.622190,-0.371173,0.398090,0.562704,1.464885,-0.873890,0.937263,0.332510,0.117440,0.505422,-2.210299,2.155319,-0.135274
2231,1770132355500,24.801818,77.1865,495.4205,-632.2319,0.622157,-0.371126,0.398134,0.562740,1.464785,-0.873768,0.937352,0.332511,0.117446,0.505437,-2.210280,2.155331,-0.135378
2232,1770132355511,24.812929,77.2334,495.3895,-632.1564,0.622209,-0.371140,0.398117,0.562685,1.464940,-0.873821,0.937334,0.332501,0.117450,0.505451,-2.210253,2.155306,-0.135428
2233,1770132355523,24.824040,77.2901,495.3613,-632.1285,0.622261,-0.371140,0.398118,0.562626,1.465100,-0.873842,0.937361,0.332508,0.117470,0.505449,-2.210317,2.155295,-0.135494
2234,1770132355534,24.835151,77.4531,495.6616,-632.0809,0.622255,-0.371127,0.398120,0.562640,1.465079,-0.873806,0.937361,0.332528,0.117462,0.505440,-2.210335,2.155308,-0.135392
2235,1770132355545,24.846262,77.3953,495.4101,-632.2719,0.622265,-0.371075,0.398155,0.562639,1.465102,-0.873683,0.937443,0.332506,0.117455,0.505465,-2.210275,2.155279,-0.135508
2236,1770132355556,24.857374,77.4675,495.4153,-632.2596,0.622261,-0.371057,0.398158,0.562653,1.465084,-0.873636,0.937445,0.332511,0.117460,0.505454,-2.210300,2.155304,-0.135481
2237,1770132355567,24.868485,77.2586,495.3672,-632.3756,0.622259,-0.370946,0.398234,0.562674,1.465067,-0.873367,0.937614,0.332528,0.117452,0.505444,-2.210314,2.155342,-0.135433
2238,1770132355578,24.879596,77.2488,495.4265,-632.3922,0.622258,-0.370907,0.398287,0.562664,1.465069,-0.873280,0.937744,0.332515,0.117470,0.505463,-2.210343,2.155269,-0.135495
2239,1770132355589,24.890707,77.2935,495.4835,-632.3721,0.622235,-0.370895,0.398302,0.562687,1.465001,-0.873243,0.937769,0.332512,0.117461,0.505465,-2.210349,2.155270,-0.135418
2240,1770132355600,24.901819,77.2740,495.3514,-632.2753,0.622298,-0.370841,0.398368,0.562606,1.465200,-0.873144,0.937957,0.332518,0.117450,0.505462,-2.210300,2.155299,-0.135391
2241,1770132355611,24.912930,77.3104,495.3640,-632.2518,0.622251,-0.370866,0.398354,0.562650,1.465063,-0.873188,0.937907,0.332538,0.117448,0.505446,-2.210286,2.155413,-0.135314
2242,1770132355623,24.924041,77.2022,495.3530,-632.3950,0.622254,-0.370840,0.398394,0.562637,1.465077,-0.873130,0.938005,0.332520,0.117455,0.505462,-2.210348,2.155321,-0.135395
2243,1770132355634,24.935152,77.1519,495.4078,-632.3572,0.622239,-0.370825,0.398408,0.562654,1.465030,-0.873090,0.938032,0.332524,0.117456,0.505458,-2.210347,2.155347,-0.135395
2244,1770132355645,24.946264,77.0819,495.3902,-632.3097,0.622203,-0.370889,0.398420,0.562642,1.464955,-0.873244,0.938066,0.332526,0.117453,0.505462,-2.210330,2.155354,-0.135354
2245,1770132355656,24.957375,77.1906,495.3911,-632.2719,0.622200,-0.370894,0.398349,0.562694,1.464914,-0.873237,0.937877,0.332533,0.117451,0.505450,-2.210326,2.155348,-0.135315
2246,1770132355667,24.968486,77.1160,495.4107,-632.2427,0.622224,-0.370945,0.398346,0.562635,1.465007,-0.873378,0.937895,0.332538,0.117441,0.505447,-2.210342,2.155387,-0.135240
2247,1770132355678,24.979598,77.1176,495.3561,-632.3347,0.622224,-0.370920,0.398318,0.562671,1.464986,-0.873306,0.937815,0.332531,0.117451,0.505460,-2.210326,2.155374,-0.135289
2248,1770132355689,24.990709,77.2178,495.3281,-632.4075,0.622221,-0.370905,0.398332,0.562675,1.464976,-0.873269,0.937845,0.332539,0.117447,0.505451,-2.210399,2.155340,-0.135255
2249,1770132355700,25.001820,77.2554,495.3816,-632.4052,0.622229,-0.370937,0.398261,0.562695,1.464982,-0.873337,0.937671,0.332540,0.117449,0.505448,-2.210431,2.155314,-0.135148
2250,1770132355711,25.012932,77.3464,495.3601,-632.5034,0.622230,-0.370927,0.398295,0.562676,1.464997,-0.873321,0.937759,0.332556,0.117440,0.505441,-2.210473,2.155301,-0.135101
2251,1770132355723,25.024043,77.3736,495.3958,-632.5029,0.622222,-0.370936,0.398253,0.562709,1.464956,-0.873330,0.937647,0.332537,0.117439,0.505468,-2.210498,2.155223,-0.135155
2252,1770132355734,25.035154,77.3313,495.5010,-632.4407,0.622183,-0.370939,0.398259,0.562745,1.464843,-0.873325,0.937646,0.332541,0.117446,0.505458,-2.210525,2.155197,-0.135127
2253,1770132355745,25.046265,77.2923,495.3998,-632.3110,0.622160,-0.370946,0.398261,0.562764,1.464779,-0.873334,0.937644,0.332535,0.117432,0.505481,-2.210488,2.155161,-0.135181
2254,1770132355756,25.057376,77.3293,495.3983,-632.2301,0.622216,-0.370950,0.398235,0.562718,1.464938,-0.873361,0.937600,0.332552,0.117440,0.505478,-2.210537,2.155235,-0.135105
2255,1770132355767,25.068487,77.2271,495.4343,-632.2662,0.622197,-0.370941,0.398220,0.562756,1.464870,-0.873325,0.937549,0.332560,0.117437,0.505470,-2.210573,2.155215,-0.135041
2256,1770132355778,25.079599,77.2259,495.4648,-632.2388,0.622146,-0.370961,0.398221,0.562800,1.464723,-0.873355,0.937534,0.332562,0.117435,0.505467,-2.210529,2.155248,-0.135026
2257,1770132355789,25.090710,77.2288,495.4459,-632.2714,0.622149,-0.370954,0.398115,0.562875,1.464683,-0.873312,0.937255,0.332559,0.117436,0.505479,-2.210571,2.155215,-0.135095
2258,1770132355800,25.101821,77.3509,495.3866,-632.2129,0.622116,-0.370952,0.398060,0.562951,1.464560,-0.873280,0.937096,0.332568,0.117429,0.505471,-2.210660,2.155194,-0.134983
2259,1770132355811,25.112932,77.4338,495.4603,-632.1288,0.622096,-0.370964,0.398101,0.562937,1.464520,-0.873312,0.937198,0.332579,0.117418,0.505469,-2.210658,2.155240,-0.134894
2260,1770132355823,25.124043,77.5454,495.3940,-632.3505,0.622125,-0.370999,0.398064,0.562908,1.464607,-0.873405,0.937123,0.332570,0.117414,0.505473,-2.210678,2.155233,-0.134883
2261,1770132355834,25.135154,77.5678,495.4183,-632.3576,0.622167,-0.370971,0.398055,0.562887,1.464719,-0.873347,0.937110,0.332557,0.117418,0.505490,-2.210771,2.155147,-0.134953
2262,1770132355845,25.146266,77.2483,495.3170,-632.2549,0.622130,-0.370933,0.398129,0.562901,1.464622,-0.873253,0.937279,0.332552,0.117419,0.505491,-2.210820,2.155114,-0.134888
2263,1770132355856,25.157377,77.2494,495.3304,-632.2488,0.622149,-0.370941,0.398131,0.562873,1.464684,-0.873283,0.937293,0.332559,0.117406,0.505494,-2.210777,2.155149,-0.134877
2264,1770132355867,25.168488,77.2007,495.4813,-632.3114,0.622046,-0.371083,0.398070,0.562936,1.464403,-0.873594,0.937124,0.332583,0.117404,0.505467,-2.210868,2.155204,-0.134633
2265,1770132355878,25.179599,77.2432,495.4776,-632.3869,0.622080,-0.371052,0.398012,0.562960,1.464470,-0.873511,0.936979,0.332572,0.117400,0.505484,-2.210785,2.155232,-0.134761
2266,1770132355889,25.190711,77.1880,495.5388,-632.4074,0.622059,-0.371068,0.397988,0.562989,1.464401,-0.873539,0.936912,0.332570,0.117409,0.505479,-2.210846,2.155184,-0.134695
2267,1770132355900,25.201822,77.2324,495.5567,-632.3985,0.622101,-0.371031,0.398035,0.562934,1.464534,-0.873471,0.937044,0.332583,0.117399,0.505476,-2.210788,2.155283,-0.134683
2268,1770132355911,25.212933,77.2898,495.4934,-632.4243,0.622128,-0.371048,0.397862,0.563015,1.464549,-0.873483,0.936605,0.332580,0.117400,0.505477,-2.210822,2.155212,-0.134671
2269,1770132355923,25.224045,77.2844,495.4683,-632.3962,0.622132,-0.371073,0.397840,0.563010,1.464561,-0.873543,0.936555,0.332588,0.117401,0.505470,-2.210838,2.155224,-0.134591
2270,1770132355934,25.235156,77.3109,495.4963,-632.3685,0.622127,-0.371080,0.397857,0.562998,1.464557,-0.873563,0.936600,0.332580,0.117411,0.505467,-2.210861,2.155197,-0.134617
2271,1770132355945,25.246267,77.3623,495.5195,-632.2975,0.622131,-0.371066,0.397883,0.562984,1.464575,-0.873536,0.936667,0.332575,0.117401,0.505476,-2.210805,2.155244,-0.134602
2272,1770132355956,25.257378,77.2314,495.4345,-632.2717,0.622185,-0.371076,0.397773,0.562996,1.464695,-0.873555,0.936403,0.332586,0.117394,0.505462,-2.210802,2.155264,-0.134538
2273,1770132355967,25.268490,77.2790,495.4138,-632.2841,0.622208,-0.371073,0.397693,0.563030,1.464728,-0.873535,0.936200,0.332577,0.117388,0.505462,-2.210817,2.155226,-0.134540
2274,1770132355978,25.279601,77.1727,495.3362,-632.3094,0.622180,-0.371012,0.397733,0.563072,1.464635,-0.873375,0.936280,0.332567,0.117403,0.505458,-2.210891,2.155171,-0.134566
2275,1770132355989,25.290712,77.2032,495.3724,-632.3008,0.622177,-0.371062,0.397769,0.563017,1.464663,-0.873513,0.936385,0.332582,0.117401,0.505440,-2.210871,2.155255,-0.134528
2276,1770132356000,25.301823,77.1324,495.3892,-632.2759,0.622120,-0.371020,0.397825,0.563069,1.464495,-0.873397,0.936495,0.332560,0.117403,0.505448,-2.210904,2.155183,-0.134541
2277,1770132356011,25.312935,77.0965,495.3930,-632.3188,0.622178,-0.371013,0.397742,0.563068,1.464632,-0.873380,0.936302,0.332562,0.117384,0.505436,-2.210764,2.155254,-0.134564
2278,1770132356023,25.324046,77.1946,495.3024,-632.3242,0.622220,-0.371040,0.397743,0.563003,1.464771,-0.873467,0.936329,0.332532,0.117390,0.505462,-2.210752,2.155190,-0.134611
2279,1770132356034,25.335157,77.2088,495.3048,-632.3027,0.622269,-0.371005,0.397766,0.562956,1.464916,-0.873402,0.936403,0.332528,0.117398,0.505460,-2.210711,2.155152,-0.134686
2280,1770132356045,25.346268,77.2106,495.1925,-632.2697,0.622239,-0.371018,0.397752,0.562991,1.464823,-0.873421,0.936355,0.332544,0.117394,0.505434,-2.210777,2.155214,-0.134560
2281,1770132356056,25.357380,77.2359,495.1781,-632.2448,0.622241,-0.371034,0.397746,0.562982,1.464835,-0.873461,0.936344,0.332541,0.117388,0.505440,-2.210744,2.155209,-0.134627
2282,1770132356067,25.368491,77.1375,495.2557,-632.3319,0.622235,-0.371074,0.397805,0.562921,1.464857,-0.873577,0.936507,0.332552,0.117390,0.505425,-2.210628,2.155353,-0.134567
2283,1770132356078,25.379602,77.1551,495.2626,-632.3037,0.622279,-0.371024,0.397836,0.562883,1.464984,-0.873474,0.936597,0.332550,0.117385,0.505425,-2.210649,2.155295,-0.134582
2284,1770132356089,25.390713,77.2449,495.3134,-632.4115,0.622294,-0.370968,0.397893,0.562863,1.465032,-0.873349,0.936738,0.332534,0.117400,0.505437,-2.210605,2.155256,-0.134708
2285,1770132356100,25.401825,77.3220,495.3405,-632.2296,0.622284,-0.371072,0.397820,0.562857,1.465013,-0.873596,0.936567,0.332540,0.117405,0.505427,-2.210643,2.155293,-0.134656
2286,1770132356111,25.412936,77.3172,495.4170,-632.1689,0.622287,-0.371056,0.397850,0.562842,1.465028,-0.873565,0.936645,0.332545,0.117406,0.505416,-2.210651,2.155299,-0.134590
2287,1770132356123,25.424047,77.3682,495.4396,-632.1229,0.622272,-0.371086,0.397829,0.562855,1.464985,-0.873632,0.936590,0.332558,0.117417,0.505401,-2.210697,2.155265,-0.134549
2288,1770132356134,25.435159,77.3759,495.5481,-632.0888,0.622277,-0.371052,0.397897,0.562823,1.465017,-0.873561,0.936761,0.332565,0.117407,0.505397,-2.210639,2.155363,-0.134537
2289,1770132356145,25.446270,77.2183,495.2943,-632.4069,0.622233,-0.371027,0.397836,0.562931,1.464848,-0.873464,0.936576,0.332563,0.117415,0.505391,-2.210641,2.155420,-0.134549
2290,1770132356156,25.457381,77.1658,495.3935,-632.3625,0.622179,-0.371036,0.397836,0.562986,1.464685,-0.873464,0.936555,0.332556,0.117416,0.505388,-2.210604,2.155408,-0.134546
2291,1770132356167,25.468492,77.2753,495.2700,-632.3398,0.622249,-0.371050,0.397749,0.562960,1.464866,-0.873507,0.936360,0.332551,0.117429,0.505386,-2.210709,2.155326,-0.134468
2292,1770132356178,25.479603,77.3081,495.3296,-632.3052,0.622247,-0.371036,0.397757,0.562967,1.464857,-0.873472,0.936376,0.332563,0.117417,0.505367,-2.210620,2.155445,-0.134441
2293,1770132356189,25.490715,77.3341,495.3188,-632.2607,0.622215,-0.371048,0.397749,0.562999,1.464762,-0.873487,0.936345,0.332550,0.117421,0.505382,-2.210618,2.155394,-0.134492
2294,1770132356200,25.501826,77.4053,495.3548,-632.2178,0.622228,-0.371085,0.397689,0.563003,1.464792,-0.873573,0.936201,0.332553,0.117417,0.505385,-2.210613,2.155388,-0.134506
2295,1770132356211,25.512937,77.2650,495.3293,-632.3325,0.622215,-0.371037,0.397792,0.562976,1.464777,-0.873470,0.936455,0.332549,0.117423,0.505391,-2.210560,2.155414,-0.134500
2296,1770132356223,25.524048,77.2500,495.3337,-632.2816,0.622192,-0.371044,0.397850,0.562955,1.464737,-0.873495,0.936601,0.332543,0.117426,0.505392,-2.210584,2.155413,-0.134528
2297,1770132356234,25.535160,77.2209,495.3846,-632.2639,0.622169,-0.371006,0.397914,0.562961,1.464679,-0.873404,0.936748,0.332549,0.117445,0.505382,-2.210618,2.155449,-0.134499
2298,1770132356245,25.546271,77.2485,495.4234,-632.2388,0.622182,-0.371030,0.397885,0.562952,1.464714,-0.873462,0.936683,0.332559,0.117452,0.505358,-2.210662,2.155434,-0.134367
2299,1770132356256,25.557382,77.0985,495.1863,-632.4365,0.622147,-0.371030,0.397864,0.563005,1.464599,-0.873443,0.936614,0.332553,0.117452,0.505371,-2.210649,2.155421,-0.134392
2300,1770132356267,25.568493,77.1275,495.1494,-632.3364,0.622075,-0.371088,0.397846,0.563059,1.464397,-0.873560,0.936550,0.332545,0.117434,0.505392,-2.210550,2.155484,-0.134485
2301,1770132356278,25.579604,77.1260,495.1402,-632.3508,0.622084,-0.371092,0.397831,0.563058,1.464417,-0.873569,0.936514,0.332543,0.117451,0.505397,-2.210609,2.155435,-0.134416
2302,1770132356289,25.590716,77.2145,495.1833,-632.3231,0.622045,-0.371089,0.397808,0.563118,1.464290,-0.873541,0.936438,0.332565,0.117445,0.505379,-2.210653,2.155448,-0.134315
2303,1770132356300,25.601827,77.2487,495.3231,-632.3715,0.622061,-0.371069,0.397754,0.563152,1.464306,-0.873481,0.936297,0.332537,0.117447,0.505423,-2.210573,2.155348,-0.134467
2304,1770132356311,25.612938,77.1719,495.3144,-632.2713,0.622144,-0.371083,0.397748,0.563055,1.464562,-0.873549,0.936321,0.332547,0.117437,0.505416,-2.210554,2.155407,-0.134456
2305,1770132356323,25.624049,77.1586,495.3045,-632.2668,0.622135,-0.371123,0.397738,0.563046,1.464546,-0.873647,0.936300,0.332544,0.117466,0.505427,-2.210674,2.155343,-0.134414
2306,1770132356334,25.635161,77.1653,495.3382,-632.2427,0.622180,-0.371027,0.397785,0.563026,1.464664,-0.873428,0.936418,0.332538,0.117469,0.505428,-2.210632,2.155356,-0.134492
2307,1770132356345,25.646272,77.3172,495.4776,-632.3550,0.622140,-0.371113,0.397786,0.563013,1.464577,-0.873637,0.936427,0.332537,0.117462,0.505442,-2.210596,2.155371,-0.134464
2308,1770132356356,25.657383,77.3495,495.4124,-632.3713,0.622117,-0.371142,0.397792,0.563015,1.464521,-0.873704,0.936439,0.332543,0.117462,0.505458,-2.210602,2.155377,-0.134452
2309,1770132356367,25.668494,77.3989,495.5071,-632.4321,0.622133,-0.371083,0.397856,0.562991,1.464574,-0.873574,0.936600,0.332547,0.117470,0.505445,-2.210612,2.155357,-0.134383
2310,1770132356378,25.679605,77.3144,495.4342,-632.3526,0.622120,-0.371177,0.397731,0.563032,1.464519,-0.873779,0.936290,0.332557,0.117469,0.505443,-2.210626,2.155312,-0.134264
2311,1770132356389,25.690716,77.4104,495.5447,-632.2968,0.622147,-0.371138,0.397773,0.562998,1.464604,-0.873700,0.936402,0.332564,0.117485,0.505429,-2.210661,2.155265,-0.134194
2312,1770132356400,25.701828,77.2338,495.5043,-632.2164,0.622213,-0.371138,0.397734,0.562952,1.464788,-0.873717,0.936327,0.332550,0.117476,0.505449,-2.210587,2.155300,-0.134285
2313,1770132356411,25.712939,77.1421,495.5304,-632.3876,0.622333,-0.371052,0.397757,0.562860,1.465127,-0.873548,0.936418,0.332542,0.117477,0.505467,-2.210526,2.155295,-0.134374
2314,1770132356423,25.724050,77.1153,495.4586,-632.3130,0.622256,-0.371072,0.397762,0.562929,1.464901,-0.873571,0.936403,0.332545,0.117473,0.505462,-2.210537,2.155276,-0.134309
2315,1770132356434,25.735161,77.2235,495.5746,-632.3989,0.622215,-0.371125,0.397771,0.562932,1.464805,-0.873694,0.936422,0.332547,0.117471,0.505455,-2.210519,2.155309,-0.134268
2316,1770132356445,25.746273,77.1299,495.5559,-632.3163,0.622230,-0.371155,0.397758,0.562906,1.464855,-0.873774,0.936403,0.332539,0.117475,0.505468,-2.210524,2.155238,-0.134333
2317,1770132356456,25.757384,77.2411,495.5416,-632.3484,0.622266,-0.371179,0.397802,0.562819,1.464993,-0.873863,0.936541,0.332531,0.117466,0.505472,-2.210504,2.155297,-0.134348
2318,1770132356467,25.768495,77.2527,495.5602,-632.3177,0.622249,-0.371193,0.397811,0.562821,1.464953,-0.873894,0.936562,0.332535,0.117468,0.505442,-2.210557,2.155295,-0.134271
2319,1770132356478,25.779607,77.1597,495.4242,-632.2205,0.622094,-0.371254,0.397868,0.562912,1.464532,-0.874006,0.936660,0.332532,0.117471,0.505450,-2.210476,2.155348,-0.134345
2320,1770132356489,25.790718,77.1577,495.4407,-632.1845,0.622136,-0.371204,0.397911,0.562869,1.464656,-0.873904,0.936778,0.332525,0.117476,0.505458,-2.210510,2.155251,-0.134357
2321,1770132356500,25.801829,77.0621,495.3911,-632.1858,0.622118,-0.371275,0.397900,0.562850,1.464625,-0.874077,0.936760,0.332515,0.117475,0.505439,-2.210527,2.155269,-0.134373
2322,1770132356511,25.812940,77.0535,495.4100,-632.1476,0.622058,-0.371252,0.397940,0.562904,1.464451,-0.874003,0.936831,0.332510,0.117473,0.505434,-2.210515,2.155283,-0.134346
2323,1770132356523,25.824051,77.0205,495.5200,-632.2416,0.622093,-0.371328,0.397883,0.562855,1.464563,-0.874199,0.936717,0.332489,0.117472,0.505464,-2.210424,2.155247,-0.134445
2324,1770132356534,25.835163,77.1843,495.4196,-632.3884,0.622080,-0.371273,0.397937,0.562867,1.464527,-0.874067,0.936840,0.332508,0.117478,0.505428,-2.210530,2.155269,-0.134292
2325,1770132356545,25.846274,77.1995,495.4315,-632.4017,0.622072,-0.371302,0.397907,0.562878,1.464500,-0.874130,0.936766,0.332503,0.117469,0.505419,-2.210555,2.155320,-0.134271
2326,1770132356556,25.857385,77.2057,495.4742,-632.4646,0.622036,-0.371282,0.397943,0.562906,1.464398,-0.874074,0.936838,0.332503,0.117474,0.505414,-2.210570,2.155281,-0.134243
2327,1770132356567,25.868496,77.2154,495.3922,-632.5451,0.622044,-0.371278,0.397966,0.562883,1.464431,-0.874072,0.936903,0.332496,0.117478,0.505421,-2.210543,2.155282,-0.134266
2328,1770132356578,25.879607,77.1966,495.4297,-632.4345,0.622073,-0.371312,0.397947,0.562842,1.464526,-0.874167,0.936874,0.332483,0.117479,0.505419,-2.210568,2.155306,-0.134241
2329,1770132356589,25.890718,77.2058,495.4506,-632.4238,0.622077,-0.371298,0.397945,0.562848,1.464532,-0.874132,0.936866,0.332483,0.117474,0.505414,-2.210530,2.155346,-0.134215
2330,1770132356600,25.901830,77.2238,495.4619,-632.3680,0.622119,-0.371248,0.397969,0.562817,1.464649,-0.874025,0.936935,0.332481,0.117478,0.505409,-2.210582,2.155293,-0.134216
2331,1770132356611,25.912941,77.2353,495.4671,-632.3331,0.622101,-0.371225,0.397973,0.562850,1.464585,-0.873960,0.936930,0.332475,0.117480,0.505403,-2.210619,2.155330,-0.134192
2332,1770132356623,25.924052,77.0662,495.4221,-632.2864,0.622101,-0.371244,0.397983,0.562830,1.464598,-0.874011,0.936962,0.332464,0.117480,0.505395,-2.210645,2.155354,-0.134141
2333,1770132356634,25.935164,77.0634,495.4868,-632.2541,0.622155,-0.371198,0.398022,0.562774,1.464759,-0.873924,0.937076,0.332449,0.117476,0.505415,-2.210533,2.155326,-0.134280
2334,1770132356645,25.946275,76.9801,495.3800,-632.1068,0.622080,-0.371219,0.398032,0.562836,1.464544,-0.873951,0.937074,0.332438,0.117481,0.505399,-2.210578,2.155343,-0.134241
2335,1770132356656,25.957386,77.1756,495.2959,-632.1909,0.622079,-0.371237,0.398014,0.562837,1.464542,-0.873993,0.937032,0.332439,0.117470,0.505390,-2.210578,2.155313,-0.134151
2336,1770132356667,25.968497,77.2023,495.4165,-632.3406,0.622079,-0.371223,0.397962,0.562883,1.464514,-0.873942,0.936892,0.332427,0.117473,0.505408,-2.210578,2.155319,-0.134269
2337,1770132356678,25.979609,77.2035,495.3923,-632.3047,0.622131,-0.371229,0.397931,0.562844,1.464661,-0.873971,0.936834,0.332441,0.117469,0.505382,-2.210603,2.155363,-0.134127
2338,1770132356689,25.990720,77.2316,495.4187,-632.2605,0.622079,-0.371194,0.398031,0.562854,1.464531,-0.873885,0.937067,0.332435,0.117478,0.505388,-2.210606,2.155317,-0.134191
2339,1770132356700,26.001831,77.2700,495.4424,-632.3497,0.622140,-0.371148,0.397986,0.562848,1.464680,-0.873779,0.936963,0.332420,0.117471,0.505403,-2.210507,2.155352,-0.134279
2340,1770132356711,26.012942,77.2483,495.4107,-632.2728,0.622178,-0.371215,0.397888,0.562832,1.464779,-0.873942,0.936738,0.332424,0.117466,0.505397,-2.210464,2.155387,-0.134264
2341,1770132356723,26.024053,77.2820,495.4327,-632.2276,0.622093,-0.371206,0.397947,0.562890,1.464542,-0.873900,0.936854,0.332439,0.117478,0.505380,-2.210600,2.155311,-0.134203
2342,1770132356734,26.035164,77.2514,495.5022,-632.1887,0.622139,-0.371205,0.397909,0.562866,1.464667,-0.873905,0.936774,0.332437,0.117473,0.505390,-2.210543,2.155332,-0.134215
2343,1770132356745,26.046276,77.2936,495.4921,-632.1104,0.622147,-0.371192,0.397930,0.562851,1.464694,-0.873880,0.936829,0.332443,0.117469,0.505382,-2.210563,2.155351,-0.134178
2344,1770132356756,26.057387,77.3052,495.4423,-632.1790,0.622105,-0.371181,0.397930,0.562905,1.464561,-0.873836,0.936809,0.332438,0.117480,0.505389,-2.210546,2.155363,-0.134227
2345,1770132356767,26.068498,77.3447,495.4568,-632.1491,0.622124,-0.371146,0.397927,0.562909,1.464603,-0.873753,0.936799,0.332452,0.117464,0.505377,-2.210574,2.155390,-0.134181
2346,1770132356778,26.079610,77.2991,495.3818,-632.1730,0.622118,-0.371063,0.397961,0.562946,1.464566,-0.873543,0.936866,0.332457,0.117465,0.505369,-2.210554,2.155448,-0.134166
2347,1770132356789,26.090721,77.3084,495.3960,-632.1379,0.622106,-0.371063,0.397957,0.562962,1.464530,-0.873537,0.936849,0.332449,0.117469,0.505381,-2.210547,2.155415,-0.134205
2348,1770132356800,26.101832,77.3009,495.5934,-632.3406,0.622111,-0.370973,0.397962,0.563013,1.464510,-0.873306,0.936841,0.332457,0.117475,0.505375,-2.210610,2.155375,-0.134207
2349,1770132356811,26.112943,77.3185,495.6173,-632.3384,0.622095,-0.371012,0.397941,0.563019,1.464468,-0.873397,0.936790,0.332462,0.117481,0.505364,-2.210663,2.155347,-0.134155
2350,1770132356823,26.124054,77.0965,495.5132,-632.4911,0.622075,-0.371022,0.397986,0.563003,1.464432,-0.873425,0.936901,0.332450,0.117465,0.505381,-2.210547,2.155416,-0.134206
2351,1770132356834,26.135166,77.0263,495.5540,-632.4841,0.622054,-0.371017,0.398054,0.562982,1.464393,-0.873422,0.937071,0.332456,0.117463,0.505374,-2.210546,2.155441,-0.134207
2352,1770132356845,26.146277,76.9951,495.5503,-632.4882,0.622080,-0.371053,0.398008,0.562962,1.464468,-0.873514,0.936970,0.332457,0.117463,0.505370,-2.210566,2.155435,-0.134195
2353,1770132356856,26.157388,76.9578,495.4395,-632.5193,0.622114,-0.371026,0.397996,0.562950,1.464555,-0.873454,0.936946,0.332470,0.117459,0.505358,-2.210593,2.155460,-0.134145
2354,1770132356867,26.168500,77.1096,495.2563,-632.2788,0.622112,-0.371084,0.397944,0.562951,1.464549,-0.873591,0.936823,0.332460,0.117434,0.505384,-2.210462,2.155460,-0.134209
2355,1770132356878,26.179611,77.1841,495.2358,-632.2487,0.622100,-0.371123,0.397953,0.562933,1.464533,-0.873690,0.936851,0.332442,0.117448,0.505398,-2.210491,2.155413,-0.134246
2356,1770132356889,26.190722,77.2941,495.1918,-632.2772,0.622058,-0.371215,0.397843,0.562996,1.464394,-0.873882,0.936568,0.332446,0.117445,0.505390,-2.210550,2.155418,-0.134211
2357,1770132356900,26.201833,77.2337,495.1519,-632.3502,0.621964,-0.371230,0.397815,0.563110,1.464103,-0.873876,0.936456,0.332466,0.117433,0.505385,-2.210538,2.155534,-0.134110
2358,1770132356911,26.212944,77.2298,495.2117,-632.3096,0.622035,-0.371224,0.397871,0.562996,1.464342,-0.873903,0.936632,0.332468,0.117441,0.505384,-2.210544,2.155540,-0.134095
2359,1770132356923,26.224056,77.1785,495.2685,-632.2610,0.622058,-0.371189,0.397906,0.562969,1.464410,-0.873832,0.936726,0.332477,0.117431,0.505394,-2.210558,2.155579,-0.134073
2360,1770132356934,26.235167,77.1228,495.1669,-632.2394,0.622083,-0.371217,0.397812,0.562989,1.464458,-0.873889,0.936496,0.332470,0.117439,0.505414,-2.210547,2.155514,-0.134069
2361,1770132356945,26.246278,77.0206,495.2283,-632.2843,0.622022,-0.371243,0.397782,0.563060,1.464271,-0.873923,0.936400,0.332477,0.117429,0.505407,-2.210550,2.155541,-0.134019
2362,1770132356956,26.257389,77.1279,495.2813,-632.2427,0.622010,-0.371309,0.397686,0.563099,1.464218,-0.874065,0.936158,0.332488,0.117435,0.505424,-2.210614,2.155552,-0.133969
2363,1770132356967,26.268500,77.1606,495.3480,-632.2816,0.622113,-0.371211,0.397725,0.563021,1.464510,-0.873864,0.936279,0.332489,0.117433,0.505430,-2.210563,2.155579,-0.133967
2364,1770132356978,26.279611,77.2764,495.3864,-632.2502,0.622034,-0.371280,0.397718,0.563067,1.464295,-0.874009,0.936245,0.332491,0.117442,0.505469,-2.210618,2.155583,-0.133981
2365,1770132356989,26.290723,77.2234,495.4825,-632.2783,0.622081,-0.371248,0.397720,0.563036,1.464425,-0.873945,0.936262,0.332502,0.117436,0.505453,-2.210663,2.155601,-0.133948
2366,1770132357000,26.301834,77.1913,495.5320,-632.2681,0.622107,-0.371220,0.397746,0.563007,1.464505,-0.873891,0.936335,0.332483,0.117435,0.505486,-2.210574,2.155566,-0.133993
2367,1770132357011,26.312945,77.0913,495.6843,-632.2214,0.622038,-0.371287,0.397708,0.563066,1.464304,-0.874026,0.936222,0.332495,0.117436,0.505503,-2.210617,2.155584,-0.134010
2368,1770132357023,26.324056,77.2380,495.8152,-632.2702,0.622100,-0.371232,0.397742,0.563010,1.464486,-0.873917,0.936325,0.332494,0.117442,0.505507,-2.210631,2.155570,-0.133982
2369,1770132357034,26.335168,77.1353,495.7616,-632.2190,0.622041,-0.371217,0.397809,0.563038,1.464330,-0.873871,0.936470,0.332496,0.117449,0.505511,-2.210673,2.155510,-0.134050
2370,1770132357045,26.346279,77.0369,495.8357,-632.1973,0.622031,-0.371235,0.397834,0.563019,1.464317,-0.873921,0.936538,0.332503,0.117447,0.505504,-2.210665,2.155555,-0.134038
2371,1770132357056,26.357392,77.1580,495.7888,-632.2264,0.622064,-0.371160,0.397888,0.562994,1.464411,-0.873753,0.936675,0.332493,0.117431,0.505523,-2.210569,2.155591,-0.134103
2372,1770132357067,26.368503,77.1733,495.8644,-632.2064,0.622002,-0.371129,0.397922,0.563059,1.464225,-0.873658,0.936728,0.332491,0.117449,0.505529,-2.210679,2.155579,-0.134252
2373,1770132357078,26.379614,77.1853,496.0115,-632.1771,0.622052,-0.371126,0.397812,0.563083,1.464327,-0.873642,0.936461,0.332483,0.117452,0.505542,-2.210745,2.155463,-0.134280
2374,1770132357089,26.390725,77.1880,496.1400,-632.1301,0.622005,-0.371059,0.397940,0.563089,1.464212,-0.873482,0.936759,0.332482,0.117443,0.505556,-2.210750,2.155419,-0.134376
2375,1770132357100,26.401837,77.1596,495.6888,-632.0587,0.622083,-0.371078,0.397862,0.563045,1.464425,-0.873541,0.936593,0.332479,0.117447,0.505572,-2.210697,2.155420,-0.134424
2376,1770132357111,26.412948,77.1440,495.4733,-632.1265,0.622097,-0.370997,0.397937,0.563031,1.464465,-0.873356,0.936775,0.332468,0.117432,0.505594,-2.210585,2.155412,-0.134445
2377,1770132357123,26.424059,77.1336,495.5770,-632.1415,0.622093,-0.371041,0.397871,0.563053,1.464442,-0.873452,0.936612,0.332497,0.117429,0.505562,-2.210636,2.155513,-0.134373
2378,1770132357134,26.435171,77.0937,495.5222,-632.0903,0.622108,-0.371087,0.397884,0.562996,1.464513,-0.873581,0.936665,0.332497,0.117429,0.505571,-2.210661,2.155461,-0.134401
2379,1770132357145,26.446282,77.1163,495.4301,-632.1895,0.622084,-0.371065,0.397803,0.563094,1.464396,-0.873494,0.936434,0.332471,0.117422,0.505606,-2.210624,2.155399,-0.134452
2380,1770132357156,26.457393,77.1111,495.4546,-632.1543,0.622014,-0.371134,0.397808,0.563123,1.464213,-0.873645,0.936436,0.332497,0.117427,0.505589,-2.210674,2.155525,-0.134350
2381,1770132357167,26.468505,77.1315,495.4802,-632.1370,0.622123,-0.371074,0.397857,0.563007,1.464541,-0.873546,0.936596,0.332489,0.117421,0.505596,-2.210669,2.155468,-0.134391
2382,1770132357178,26.479616,77.3403,495.4713,-632.2809,0.622067,-0.371075,0.397869,0.563060,1.464378,-0.873529,0.936603,0.332508,0.117419,0.505579,-2.210728,2.155550,-0.134277
2383,1770132357189,26.490727,77.3845,495.4721,-632.2676,0.621953,-0.371121,0.397812,0.563197,1.464024,-0.873586,0.936415,0.332516,0.117415,0.505578,-2.210693,2.155590,-0.134196
2384,1770132357200,26.501838,77.2612,495.5126,-632.4327,0.622029,-0.371064,0.397944,0.563056,1.464291,-0.873505,0.936783,0.332501,0.117418,0.505594,-2.210679,2.155552,-0.134246
2385,1770132357211,26.512950,77.2971,495.6129,-632.3892,0.622050,-0.371097,0.397966,0.562996,1.464375,-0.873605,0.936858,0.332517,0.117412,0.505587,-2.210679,2.155603,-0.134223
2386,1770132357223,26.524061,77.3169,495.6670,-632.3892,0.622043,-0.371089,0.397950,0.563020,1.464344,-0.873576,0.936810,0.332517,0.117416,0.505578,-2.210725,2.155620,-0.134159
2387,1770132357234,26.535172,77.2691,495.5756,-632.3021,0.622011,-0.371143,0.397957,0.563014,1.464273,-0.873706,0.936830,0.332485,0.117425,0.505612,-2.210689,2.155513,-0.134324
2388,1770132357245,26.546283,77.0490,495.7234,-632.3516,0.622055,-0.371081,0.397908,0.563041,1.464361,-0.873551,0.936703,0.332496,0.117407,0.505606,-2.210658,2.155611,-0.134289
2389,1770132357256,26.557395,77.0719,495.6891,-632.2816,0.622062,-0.371109,0.397922,0.563006,1.464399,-0.873630,0.936749,0.332505,0.117417,0.505592,-2.210704,2.155577,-0.134249
2390,1770132357267,26.568506,77.0608,495.5903,-632.3636,0.622117,-0.371088,0.397794,0.563049,1.464500,-0.873564,0.936432,0.332514,0.117411,0.505585,-2.210726,2.155545,-0.134211
2391,1770132357278,26.579617,77.0599,495.6267,-632.3419,0.622123,-0.371033,0.397842,0.563044,1.464519,-0.873436,0.936547,0.332486,0.117426,0.505600,-2.210731,2.155530,-0.134341
2392,1770132357289,26.590728,77.1084,495.6622,-632.3488,0.622127,-0.371147,0.397717,0.563054,1.464522,-0.873702,0.936248,0.332502,0.117413,0.505592,-2.210723,2.155570,-0.134238
2393,1770132357300,26.601839,77.0446,495.5713,-632.2208,0.622090,-0.371182,0.397773,0.563031,1.464449,-0.873792,0.936390,0.332510,0.117411,0.505577,-2.210696,2.155622,-0.134238
2394,1770132357311,26.612951,77.1012,495.5001,-632.3087,0.622085,-0.371165,0.397754,0.563062,1.464419,-0.873741,0.936332,0.332469,0.117422,0.505609,-2.210634,2.155488,-0.134428
2395,1770132357323,26.624062,77.1183,495.4793,-632.2913,0.622103,-0.371157,0.397749,0.563051,1.464468,-0.873726,0.936325,0.332485,0.117420,0.505575,-2.210647,2.155552,-0.134377
2396,1770132357334,26.635173,77.1534,495.6199,-632.2047,0.622105,-0.371142,0.397763,0.563049,1.464474,-0.873691,0.936358,0.332495,0.117419,0.505563,-2.210662,2.155565,-0.134326
2397,1770132357345,26.646284,77.1465,495.6536,-632.1570,0.622112,-0.371177,0.397742,0.563033,1.464499,-0.873780,0.936315,0.332505,0.117411,0.505546,-2.210637,2.155592,-0.134327
2398,1770132357356,26.657396,77.1381,495.6530,-632.2578,0.622149,-0.371156,0.397787,0.562973,1.464624,-0.873753,0.936445,0.332468,0.117421,0.505554,-2.210652,2.155457,-0.134494
2399,1770132357367,26.668507,77.2266,495.5838,-632.2421,0.622186,-0.371119,0.397797,0.562950,1.464726,-0.873674,0.936477,0.332483,0.117440,0.505527,-2.210732,2.155458,-0.134456
2400,1770132357378,26.679618,77.2319,495.5391,-632.2074,0.622195,-0.371121,0.397830,0.562915,1.464769,-0.873692,0.936570,0.332472,0.117433,0.505499,-2.210651,2.155506,-0.134439
2401,1770132357389,26.690729,77.2383,495.6200,-632.1729,0.622155,-0.371096,0.397835,0.562973,1.464638,-0.873610,0.936559,0.332479,0.117433,0.505496,-2.210670,2.155448,-0.134479
2402,1770132357400,26.701840,77.1873,495.4713,-632.1043,0.622171,-0.370964,0.397993,0.562930,1.464702,-0.873316,0.936946,0.332467,0.117425,0.505478,-2.210612,2.155470,-0.134517
2403,1770132357411,26.712952,77.1481,495.3813,-632.1833,0.622067,-0.371105,0.397949,0.562984,1.464423,-0.873627,0.936822,0.332471,0.117424,0.505446,-2.210630,2.155539,-0.134480
2404,1770132357423,26.724063,77.1764,495.3805,-632.1611,0.622015,-0.371202,0.397804,0.563080,1.464242,-0.873821,0.936443,0.332482,0.117451,0.505408,-2.210775,2.155474,-0.134442
2405,1770132357434,26.735174,77.2635,495.4841,-632.1245,0.622019,-0.371205,0.397798,0.563077,1.464254,-0.873828,0.936431,0.332461,0.117454,0.505407,-2.210758,2.155461,-0.134520
2406,1770132357445,26.746285,77.3283,495.5366,-632.0854,0.622019,-0.371096,0.397917,0.563066,1.464260,-0.873577,0.936714,0.332459,0.117453,0.505422,-2.210732,2.155519,-0.134613
2407,1770132357456,26.757397,77.5594,495.8087,-632.0734,0.621996,-0.371114,0.397873,0.563110,1.464178,-0.873602,0.936594,0.332475,0.117457,0.505391,-2.210752,2.155588,-0.134522
2408,1770132357467,26.768508,77.6084,495.9013,-632.0237,0.622076,-0.371117,0.397965,0.562954,1.464464,-0.873668,0.936872,0.332453,0.117451,0.505404,-2.210681,2.155521,-0.134636
2409,1770132357478,26.779619,77.5057,495.4280,-632.3556,0.621931,-0.371073,0.397932,0.563167,1.463991,-0.873486,0.936709,0.332469,0.117463,0.505382,-2.210802,2.155535,-0.134549
2410,1770132357489,26.790730,77.4218,495.5571,-632.4799,0.622101,-0.370979,0.398039,0.562965,1.464515,-0.873338,0.937042,0.332474,0.117458,0.505366,-2.210774,2.155581,-0.134456
2411,1770132357500,26.801841,77.4647,495.6695,-632.4924,0.622080,-0.371056,0.398022,0.562950,1.464475,-0.873526,0.937008,0.332476,0.117458,0.505374,-2.210754,2.155588,-0.134468
2412,1770132357511,26.812952,77.5107,495.7348,-632.5133,0.622093,-0.370981,0.398056,0.562961,1.464500,-0.873344,0.937082,0.332457,0.117466,0.505394,-2.210785,2.155465,-0.134559
2413,1770132357523,26.824064,77.5530,495.7867,-632.5457,0.622070,-0.371053,0.397999,0.562979,1.464433,-0.873507,0.936943,0.332464,0.117487,0.505370,-2.210885,2.155485,-0.134507
2414,1770132357534,26.835175,77.2594,495.9450,-632.6104,0.622060,-0.370920,0.398103,0.563005,1.464395,-0.873184,0.937175,0.332471,0.117466,0.505362,-2.210812,2.155515,-0.134482
2415,1770132357545,26.846286,77.2876,496.0140,-632.6280,0.622074,-0.370848,0.398133,0.563015,1.464420,-0.873012,0.937243,0.332465,0.117484,0.505357,-2.210841,2.155493,-0.134492
2416,1770132357556,26.857397,77.1313,495.7662,-632.4771,0.622126,-0.370900,0.398092,0.562953,1.464582,-0.873156,0.937171,0.332471,0.117487,0.505348,-2.210845,2.155525,-0.134506
2417,1770132357567,26.868508,77.1083,495.8593,-632.4955,0.622140,-0.370915,0.398053,0.562954,1.464615,-0.873192,0.937080,0.332467,0.117495,0.505348,-2.210851,2.155505,-0.134517
2418,1770132357578,26.879620,77.1157,495.7011,-632.5853,0.622160,-0.370902,0.397976,0.562996,1.464635,-0.873145,0.936882,0.332444,0.117509,0.505359,-2.210856,2.155433,-0.134551
2419,1770132357589,26.890731,77.0058,495.7715,-632.6010,0.622176,-0.370833,0.398004,0.563003,1.464670,-0.872981,0.936943,0.332459,0.117508,0.505340,-2.210819,2.155472,-0.134522
2420,1770132357600,26.901842,77.0208,495.8440,-632.6057,0.622237,-0.370871,0.398092,0.562849,1.464906,-0.873127,0.937211,0.332454,0.117501,0.505346,-2.210690,2.155477,-0.134595
2421,1770132357611,26.912953,77.0597,495.8321,-632.6542,0.622048,-0.370913,0.398014,0.563085,1.464317,-0.873138,0.936934,0.332477,0.117524,0.505316,-2.210811,2.155515,-0.134478
2422,1770132357623,26.924065,77.1883,495.4060,-632.5518,0.622094,-0.370948,0.397936,0.563066,1.464438,-0.873229,0.936760,0.332493,0.117518,0.505299,-2.210778,2.155587,-0.134467
2423,1770132357634,26.935176,77.2265,495.3985,-632.4358,0.622201,-0.370939,0.397890,0.562987,1.464737,-0.873236,0.936683,0.332493,0.117518,0.505298,-2.210778,2.155562,-0.134492
2424,1770132357645,26.946287,77.2445,495.4313,-632.4172,0.622176,-0.370907,0.397924,0.563012,1.464662,-0.873151,0.936753,0.332481,0.117519,0.505308,-2.210786,2.155466,-0.134531
2425,1770132357656,26.957399,77.3094,495.3148,-632.4078,0.622124,-0.370910,0.397915,0.563073,1.464503,-0.873135,0.936707,0.332484,0.117516,0.505309,-2.210733,2.155544,-0.134529
2426,1770132357667,26.968510,77.3590,495.3270,-632.3895,0.622140,-0.370968,0.397875,0.563046,1.464556,-0.873283,0.936622,0.332491,0.117523,0.505296,-2.210795,2.155529,-0.134532
2427,1770132357678,26.979621,77.4354,495.2905,-632.3224,0.622194,-0.370997,0.397752,0.563053,1.464681,-0.873349,0.936330,0.332488,0.117530,0.505287,-2.210815,2.155520,-0.134491
2428,1770132357689,26.990732,77.4792,495.3199,-632.3002,0.622164,-0.370930,0.397803,0.563095,1.464584,-0.873175,0.936433,0.332493,0.117530,0.505285,-2.210874,2.155500,-0.134455
2429,1770132357700,27.001843,77.0727,495.2791,-632.3083,0.622092,-0.370988,0.397777,0.563155,1.464378,-0.873289,0.936349,0.332493,0.117521,0.505277,-2.210820,2.155521,-0.134414
2430,1770132357711,27.012955,77.0642,495.3104,-632.2971,0.622121,-0.370983,0.397753,0.563142,1.464454,-0.873283,0.936297,0.332484,0.117550,0.505290,-2.210861,2.155491,-0.134542
2431,1770132357723,27.024066,77.0562,495.3409,-632.2872,0.622109,-0.370972,0.397757,0.563160,1.464414,-0.873249,0.936301,0.332485,0.117547,0.505287,-2.210858,2.155485,-0.134503
2432,1770132357734,27.035177,76.9952,495.3753,-632.5433,0.621967,-0.370993,0.397873,0.563221,1.464043,-0.873277,0.936550,0.332478,0.117549,0.505283,-2.210891,2.155439,-0.134490
2433,1770132357745,27.046288,77.0268,495.3925,-632.6120,0.621983,-0.371016,0.397849,0.563206,1.464088,-0.873335,0.936499,0.332476,0.117552,0.505294,-2.210842,2.155447,-0.134579
2434,1770132357756,27.057399,76.9928,495.2986,-632.5657,0.621963,-0.371023,0.397908,0.563182,1.464058,-0.873361,0.936647,0.332467,0.117556,0.505303,-2.210868,2.155420,-0.134579
2435,1770132357767,27.068511,77.1409,495.3866,-632.4915,0.622034,-0.370998,0.397871,0.563145,1.464247,-0.873317,0.936576,0.332471,0.117547,0.505297,-2.210857,2.155434,-0.134555
2436,1770132357778,27.079622,77.1793,495.3483,-632.4588,0.622035,-0.370978,0.397850,0.563173,1.464232,-0.873259,0.936514,0.332472,0.117551,0.505295,-2.210831,2.155435,-0.134578
2437,1770132357789,27.090733,77.2031,495.3673,-632.4514,0.622030,-0.370996,0.397838,0.563174,1.464221,-0.873302,0.936486,0.332465,0.117570,0.505299,-2.210898,2.155373,-0.134616
2438,1770132357800,27.101844,77.2259,495.3846,-632.4398,0.622015,-0.371002,0.397839,0.563187,1.464176,-0.873311,0.936483,0.332459,0.117560,0.505309,-2.210854,2.155382,-0.134629
2439,1770132357811,27.112955,77.2415,495.4301,-632.3873,0.622018,-0.370978,0.397880,0.563171,1.464193,-0.873260,0.936585,0.332467,0.117560,0.505294,-2.210880,2.155381,-0.134605
2440,1770132357823,27.124067,77.2722,495.4630,-632.3741,0.622023,-0.370970,0.397875,0.563174,1.464203,-0.873240,0.936573,0.332474,0.117564,0.505282,-2.210932,2.155379,-0.134555
2441,1770132357834,27.135178,77.3214,495.4443,-632.4116,0.621954,-0.370985,0.397943,0.563192,1.464029,-0.873269,0.936726,0.332461,0.117563,0.505290,-2.210815,2.155421,-0.134600
2442,1770132357845,27.146289,77.3531,495.4825,-632.4040,0.621970,-0.370972,0.397946,0.563181,1.464074,-0.873242,0.936738,0.332463,0.117553,0.505302,-2.210765,2.155424,-0.134625
2443,1770132357856,27.157400,77.1490,495.3394,-632.4675,0.621998,-0.370979,0.397901,0.563177,1.464143,-0.873261,0.936633,0.332466,0.117556,0.505294,-2.210802,2.155460,-0.134602
2444,1770132357867,27.168512,77.1609,495.3645,-632.4592,0.622031,-0.370974,0.397872,0.563164,1.464227,-0.873252,0.936571,0.332476,0.117558,0.505282,-2.210791,2.155499,-0.134522
2445,1770132357878,27.179623,77.1705,495.3877,-632.4579,0.622026,-0.370947,0.397915,0.563157,1.464222,-0.873193,0.936673,0.332459,0.117563,0.505301,-2.210786,2.155498,-0.134626
2446,1770132357889,27.190734,77.0965,495.2818,-632.4941,0.622043,-0.370961,0.397883,0.563151,1.464265,-0.873227,0.936602,0.332467,0.117562,0.505294,-2.210781,2.155492,-0.134613
2447,1770132357900,27.201845,77.1376,495.2806,-632.4590,0.622064,-0.370982,0.397828,0.563154,1.464311,-0.873276,0.936471,0.332477,0.117571,0.505281,-2.210808,2.155490,-0.134533
2448,1770132357911,27.212957,77.1458,495.3015,-632.4465,0.622055,-0.371017,0.397825,0.563143,1.464298,-0.873362,0.936466,0.332464,0.117562,0.505295,-2.210689,2.155559,-0.134633
2449,1770132357923,27.224068,77.2281,495.1910,-632.4041,0.622068,-0.371008,0.397796,0.563154,1.464321,-0.873336,0.936395,0.332476,0.117558,0.505285,-2.210713,2.155578,-0.134517
2450,1770132357934,27.235179,77.2640,495.1940,-632.3763,0.622059,-0.370999,0.397821,0.563153,1.464300,-0.873317,0.936454,0.332476,0.117563,0.505281,-2.210764,2.155550,-0.134519
2451,1770132357945,27.246291,77.1106,495.2582,-632.4532,0.622101,-0.371009,0.397835,0.563091,1.464437,-0.873362,0.936511,0.332463,0.117556,0.505301,-2.210697,2.155540,-0.134623
2452,1770132357956,27.257402,77.0611,495.2593,-632.5372,0.622110,-0.371008,0.397861,0.563062,1.464477,-0.873370,0.936584,0.332475,0.117560,0.505279,-2.210697,2.155616,-0.134543
2453,1770132357967,27.268513,77.0809,495.2958,-632.5162,0.622139,-0.371003,0.397818,0.563064,1.464543,-0.873359,0.936483,0.332480,0.117565,0.505272,-2.210749,2.155588,-0.134519
2454,1770132357978,27.279624,77.0816,495.3251,-632.5154,0.622126,-0.371008,0.397824,0.563071,1.464508,-0.873368,0.936492,0.332471,0.117563,0.505284,-2.210718,2.155558,-0.134555
2455,1770132357989,27.290735,77.0911,495.2117,-632.3338,0.622083,-0.371042,0.397864,0.563067,1.464409,-0.873450,0.936590,0.332461,0.117559,0.505290,-2.210679,2.155572,-0.134581
2456,1770132358000,27.301846,77.1061,495.2411,-632.2923,0.622064,-0.371040,0.397881,0.563079,1.464357,-0.873440,0.936624,0.332471,0.117576,0.505273,-2.210741,2.155581,-0.134528
2457,1770132358011,27.312958,77.0659,495.3289,-632.3272,0.622053,-0.371054,0.397903,0.563065,1.464342,-0.873479,0.936682,0.332471,0.117559,0.505291,-2.210669,2.155617,-0.134621
2458,1770132358023,27.324069,77.0775,495.3619,-632.3036,0.622051,-0.371078,0.397879,0.563068,1.464334,-0.873534,0.936625,0.332458,0.117564,0.505292,-2.210703,2.155571,-0.134582
2459,1770132358034,27.335180,77.2106,495.2909,-632.2806,0.621977,-0.371135,0.397907,0.563093,1.464146,-0.873658,0.936680,0.332471,0.117565,0.505280,-2.210679,2.155597,-0.134526
2460,1770132358045,27.346291,77.1870,495.2428,-632.3295,0.621976,-0.371107,0.397902,0.563115,1.464130,-0.873584,0.936660,0.332471,0.117578,0.505282,-2.210746,2.155561,-0.134568
2461,1770132358056,27.357403,77.2110,495.2688,-632.3121,0.621979,-0.371115,0.397902,0.563108,1.464140,-0.873605,0.936664,0.332460,0.117564,0.505301,-2.210670,2.155565,-0.134619
2462,1770132358067,27.368514,77.1562,495.2134,-632.3922,0.621935,-0.371090,0.397981,0.563118,1.464030,-0.873542,0.936844,0.332469,0.117551,0.505282,-2.210650,2.155676,-0.134583
2463,1770132358078,27.379625,77.1728,495.2343,-632.3823,0.621941,-0.371081,0.397995,0.563106,1.464051,-0.873526,0.936882,0.332461,0.117565,0.505295,-2.210712,2.155501,-0.134592
2464,1770132358089,27.390736,77.1049,495.2964,-632.5105,0.621899,-0.371062,0.398041,0.563133,1.463937,-0.873471,0.936981,0.332452,0.117572,0.505301,-2.210663,2.155533,-0.134655
2465,1770132358100,27.401848,77.1101,495.3329,-632.5214,0.621880,-0.371071,0.398060,0.563135,1.463890,-0.873492,0.937024,0.332471,0.117560,0.505281,-2.210678,2.155623,-0.134555
2466,1770132358111,27.412959,77.0357,495.3399,-632.4047,0.621918,-0.371082,0.398061,0.563084,1.464012,-0.873537,0.937046,0.332473,0.117571,0.505276,-2.210736,2.155575,-0.134516
2467,1770132358123,27.424070,76.9929,495.3463,-632.3516,0.621880,-0.371089,0.398120,0.563080,1.463924,-0.873554,0.937187,0.332454,0.117567,0.505296,-2.210658,2.155578,-0.134590
2468,1770132358134,27.435182,77.0515,495.3645,-632.3890,0.621913,-0.371076,0.398049,0.563102,1.463988,-0.873517,0.937012,0.332463,0.117563,0.505294,-2.210691,2.155558,-0.134581
2469,1770132358145,27.446293,77.0989,495.4338,-632.4502,0.621886,-0.371062,0.398045,0.563144,1.463898,-0.873468,0.936985,0.332477,0.117570,0.505277,-2.210712,2.155602,-0.134487
2470,1770132358156,27.457405,77.1490,495.4469,-632.4655,0.621881,-0.371056,0.398071,0.563135,1.463894,-0.873457,0.937051,0.332484,0.117558,0.505269,-2.210700,2.155616,-0.134490
2471,1770132358167,27.468516,77.1422,495.3896,-632.3735,0.621844,-0.371092,0.398078,0.563147,1.463798,-0.873537,0.937062,0.332467,0.117572,0.505290,-2.210689,2.155583,-0.134578
2472,1770132358178,27.479627,77.1054,495.3765,-632.3744,0.621882,-0.371088,0.398078,0.563108,1.463913,-0.873542,0.937076,0.332463,0.117570,0.505294,-2.210616,2.155668,-0.134589
2473,1770132358189,27.490739,77.1295,495.2209,-632.3880,0.621850,-0.371054,0.398118,0.563138,1.463818,-0.873450,0.937160,0.332458,0.117574,0.505285,-2.210733,2.155575,-0.134568
2474,1770132358200,27.501850,77.1472,495.2306,-632.3785,0.621847,-0.371033,0.398136,0.563142,1.463810,-0.873400,0.937199,0.332475,0.117559,0.505278,-2.210614,2.155663,-0.134551
2475,1770132358211,27.512961,77.3881,495.4102,-632.2562,0.621857,-0.371068,0.398098,0.563134,1.463836,-0.873487,0.937114,0.332461,0.117563,0.505295,-2.210672,2.155566,-0.134592
2476,1770132358223,27.524072,77.3670,495.4514,-632.1199,0.621932,-0.371039,0.398087,0.563079,1.464047,-0.873438,0.937108,0.332460,0.117578,0.505288,-2.210681,2.155602,-0.134590
2477,1770132358234,27.535183,77.1058,495.2658,-632.4320,0.621858,-0.371034,0.398217,0.563072,1.463877,-0.873428,0.937419,0.332465,0.117570,0.505282,-2.210695,2.155615,-0.134567
2478,1770132358245,27.546295,77.1322,495.2129,-632.4751,0.621849,-0.371020,0.398173,0.563122,1.463825,-0.873376,0.937296,0.332467,0.117567,0.505283,-2.210665,2.155585,-0.134577
2479,1770132358256,27.557406,77.1571,495.2977,-632.5489,0.621833,-0.371020,0.398230,0.563100,1.463801,-0.873386,0.937439,0.332472,0.117563,0.505275,-2.210659,2.155630,-0.134539
2480,1770132358267,27.568517,77.2878,495.2395,-632.5734,0.621867,-0.371051,0.398195,0.563067,1.463901,-0.873469,0.937369,0.332454,0.117576,0.505292,-2.210675,2.155545,-0.134629
2481,1770132358278,27.579628,77.3190,495.2531,-632.5823,0.621860,-0.371043,0.398197,0.563078,1.463879,-0.873447,0.937369,0.332467,0.117574,0.505282,-2.210681,2.155602,-0.134591
2482,1770132358289,27.590740,77.3507,495.2717,-632.5951,0.621860,-0.371036,0.398219,0.563066,1.463886,-0.873436,0.937425,0.332469,0.117563,0.505273,-2.210659,2.155630,-0.134539
2483,1770132358300,27.601851,77.1533,495.2017,-632.3505,0.621926,-0.371099,0.398208,0.562960,1.464108,-0.873623,0.937441,0.332463,0.117575,0.505282,-2.210709,2.155576,-0.134539
2484,1770132358311,27.612962,77.1357,495.1493,-632.3811,0.621911,-0.371108,0.398203,0.562974,1.464064,-0.873639,0.937424,0.332461,0.117578,0.505286,-2.210713,2.155556,-0.134604
2485,1770132358323,27.624073,77.1064,495.2996,-632.4984,0.621877,-0.371136,0.398108,0.563061,1.463928,-0.873672,0.937166,0.332480,0.117570,0.505262,-2.210735,2.155652,-0.134491
2486,1770132358334,27.635185,77.1517,495.3536,-632.5084,0.621881,-0.371115,0.398128,0.563056,1.463941,-0.873626,0.937215,0.332468,0.117568,0.505282,-2.210650,2.155623,-0.134577
2487,1770132358345,27.646296,77.0585,495.3343,-632.4991,0.621865,-0.371101,0.398091,0.563109,1.463871,-0.873571,0.937107,0.332465,0.117578,0.505278,-2.210694,2.155614,-0.134564
2488,1770132358356,27.657407,77.0906,495.2130,-632.3762,0.621801,-0.371153,0.398111,0.563131,1.463707,-0.873687,0.937144,0.332453,0.117572,0.505300,-2.210650,2.155571,-0.134628
2489,1770132358367,27.668518,77.0997,495.2132,-632.3563,0.621798,-0.371151,0.398115,0.563132,1.463700,-0.873683,0.937155,0.332485,0.117563,0.505265,-2.210679,2.155673,-0.134476
2490,1770132358378,27.679630,77.0738,495.3035,-632.3182,0.621830,-0.371125,0.398080,0.563139,1.463771,-0.873619,0.937070,0.332477,0.117571,0.505269,-2.210678,2.155647,-0.134499
2491,1770132358389,27.690741,77.2572,495.2756,-632.1921,0.621854,-0.371148,0.398045,0.563122,1.463839,-0.873679,0.936995,0.332471,0.117568,0.505275,-2.210690,2.155609,-0.134553
2492,1770132358400,27.701852,77.2814,495.2869,-632.1556,0.621859,-0.371130,0.398051,0.563124,1.463849,-0.873636,0.937007,0.332450,0.117569,0.505296,-2.210691,2.155507,-0.134603
2493,1770132358411,27.712963,77.2390,495.2680,-632.3183,0.621859,-0.371099,0.398079,0.563125,1.463848,-0.873562,0.937073,0.332474,0.117567,0.505278,-2.210642,2.155668,-0.134591
2494,1770132358423,27.724074,77.2671,495.2720,-632.3057,0.621877,-0.371064,0.398084,0.563125,1.463889,-0.873479,0.937084,0.332462,0.117569,0.505280,-2.210672,2.155590,-0.134538
2495,1770132358434,27.735186,77.2173,495.1576,-632.3499,0.621905,-0.371078,0.398112,0.563065,1.463992,-0.873535,0.937173,0.332461,0.117565,0.505292,-2.210633,2.155605,-0.134563
2496,1770132358445,27.746297,77.1498,495.1664,-632.3985,0.621909,-0.371058,0.398138,0.563056,1.464007,-0.873492,0.937240,0.332468,0.117572,0.505277,-2.210699,2.155589,-0.134486
2497,1770132358456,27.757408,77.1541,495.1626,-632.3948,0.621911,-0.371071,0.398142,0.563042,1.464020,-0.873527,0.937254,0.332467,0.117569,0.505278,-2.210627,2.155649,-0.134522
2498,1770132358467,27.768519,77.0975,495.2458,-632.4001,0.621907,-0.371073,0.398142,0.563045,1.464010,-0.873529,0.937251,0.332448,0.117568,0.505295,-2.210636,2.155560,-0.134655
2499,1770132358478,27.779631,77.0887,495.2124,-632.3170,0.621912,-0.371086,0.398160,0.563018,1.464039,-0.873571,0.937305,0.332475,0.117564,0.505273,-2.210677,2.155648,-0.134528
2500,1770132358489,27.790742,77.1394,495.2296,-632.4583,0.621883,-0.371086,0.398152,0.563055,1.463948,-0.873556,0.937272,0.332470,0.117578,0.505274,-2.210701,2.155620,-0.134552
2501,1770132358500,27.801853,77.1517,495.2520,-632.4602,0.621884,-0.371089,0.398168,0.563042,1.463957,-0.873569,0.937314,0.332463,0.117565,0.505293,-2.210640,2.155560,-0.134602
2502,1770132358511,27.812964,77.1982,495.2718,-632.4655,0.621899,-0.371113,0.398118,0.563044,1.463992,-0.873625,0.937195,0.332474,0.117574,0.505274,-2.210688,2.155634,-0.134552
2503,1770132358523,27.824076,77.2100,495.2897,-632.4662,0.621880,-0.371114,0.398122,0.563062,1.463935,-0.873621,0.937198,0.332468,0.117566,0.505280,-2.210649,2.155623,-0.134605
2504,1770132358534,27.835187,77.1079,495.3626,-632.4984,0.621915,-0.371067,0.398156,0.563031,1.464036,-0.873522,0.937291,0.332466,0.117569,0.505284,-2.210712,2.155551,-0.134539
2505,1770132358545,27.846298,77.1099,495.4038,-632.4996,0.621910,-0.371062,0.398163,0.563034,1.464024,-0.873509,0.937307,0.332467,0.117572,0.505282,-2.210676,2.155596,-0.134577
2506,1770132358556,27.857409,77.1164,495.2341,-632.3268,0.621979,-0.371028,0.398149,0.562990,1.464213,-0.873444,0.937290,0.332467,0.117581,0.505277,-2.210711,2.155632,-0.134578
2507,1770132358567,27.868521,77.1179,495.2445,-632.3004,0.621968,-0.371032,0.398142,0.563005,1.464177,-0.873447,0.937267,0.332475,0.117575,0.505268,-2.210716,2.155632,-0.134475
2508,1770132358578,27.879632,77.2685,495.4442,-632.3228,0.621994,-0.370999,0.398120,0.563013,1.464233,-0.873368,0.937214,0.332464,0.117574,0.505285,-2.210694,2.155589,-0.134591
2509,1770132358589,27.890743,77.1109,495.4187,-632.3459,0.621992,-0.371014,0.398163,0.562975,1.464252,-0.873417,0.937329,0.332474,0.117569,0.505267,-2.210673,2.155641,-0.134485
2510,1770132358600,27.901854,77.0921,495.4351,-632.3434,0.621983,-0.370977,0.398132,0.563032,1.464196,-0.873309,0.937233,0.332460,0.117575,0.505282,-2.210696,2.155589,-0.134538
2511,1770132358611,27.912965,76.9913,495.3231,-632.3736,0.621992,-0.371036,0.398106,0.563001,1.464236,-0.873460,0.937185,0.332471,0.117568,0.505275,-2.210664,2.155635,-0.134552
2512,1770132358623,27.924077,76.9314,495.2820,-632.3294,0.621960,-0.371029,0.398177,0.562990,1.464168,-0.873447,0.937356,0.332458,0.117575,0.505288,-2.210650,2.155571,-0.134601
2513,1770132358634,27.935188,76.8623,495.2619,-632.2240,0.621996,-0.371061,0.398152,0.562948,1.464278,-0.873537,0.937315,0.332480,0.117566,0.505275,-2.210692,2.155609,-0.134501
2514,1770132358645,27.946299,76.8340,495.3034,-632.2058,0.621946,-0.371075,0.398176,0.562977,1.464143,-0.873561,0.937360,0.332457,0.117590,0.505284,-2.210751,2.155566,-0.134552
2515,1770132358656,27.957410,77.0049,495.1638,-632.2574,0.621935,-0.371094,0.398133,0.563007,1.464099,-0.873593,0.937246,0.332459,0.117578,0.505277,-2.210707,2.155601,-0.134565
2516,1770132358667,27.968521,77.0041,495.1477,-632.2328,0.621938,-0.371076,0.398136,0.563013,1.464102,-0.873549,0.937251,0.332462,0.117567,0.505287,-2.210645,2.155592,-0.134589
2517,1770132358678,27.979633,77.0763,495.2534,-632.2102,0.621981,-0.371036,0.398128,0.562998,1.464213,-0.873460,0.937237,0.332455,0.117582,0.505289,-2.210680,2.155550,-0.134641
2518,1770132358689,27.990744,77.0857,495.2503,-632.1831,0.621985,-0.371064,0.398136,0.562969,1.464240,-0.873536,0.937267,0.332458,0.117571,0.505289,-2.210667,2.155641,-0.134592
2519,1770132358700,28.001855,77.0841,495.3018,-632.1987,0.621980,-0.371059,0.398125,0.562987,1.464216,-0.873518,0.937235,0.332471,0.117575,0.505280,-2.210684,2.155602,-0.134537
2520,1770132358711,28.012966,77.2836,495.1290,-632.3865,0.621947,-0.371077,0.398102,0.563026,1.464116,-0.873546,0.937167,0.332461,0.117574,0.505283,-2.210655,2.155628,-0.134590
2521,1770132358723,28.024078,77.2666,494.9919,-632.4263,0.621970,-0.371056,0.398055,0.563047,1.464157,-0.873490,0.937047,0.332474,0.117567,0.505277,-2.210707,2.155628,-0.134569
2522,1770132358734,28.035189,77.2428,495.1107,-632.5068,0.621946,-0.371048,0.398080,0.563063,1.464089,-0.873463,0.937099,0.332472,0.117565,0.505273,-2.210686,2.155577,-0.134540
2523,1770132358745,28.046300,77.2866,495.1106,-632.5060,0.621948,-0.371093,0.398019,0.563073,1.464090,-0.873567,0.936951,0.332460,0.117572,0.505286,-2.210682,2.155602,-0.134565
2524,1770132358756,28.057411,77.1821,495.2633,-632.5552,0.621944,-0.371071,0.398065,0.563059,1.464089,-0.873521,0.937066,0.332465,0.117568,0.505284,-2.210689,2.155609,-0.134554
2525,1770132358767,28.068522,77.0919,495.1757,-632.5100,0.621964,-0.371026,0.398095,0.563047,1.464142,-0.873419,0.937140,0.332458,0.117566,0.505288,-2.210630,2.155630,-0.134617
2526,1770132358778,28.079634,77.1350,495.2520,-632.5306,0.621957,-0.371035,0.398043,0.563085,1.464102,-0.873426,0.937003,0.332477,0.117566,0.505274,-2.210692,2.155584,-0.134527
2527,1770132358789,28.090745,77.0849,495.2167,-632.4867,0.621953,-0.371104,0.398015,0.563064,1.464105,-0.873597,0.936945,0.332465,0.117572,0.505279,-2.210683,2.155602,-0.134564
2528,1770132358800,28.101856,77.0159,495.1920,-632.4182,0.621987,-0.371129,0.398026,0.563002,1.464223,-0.873678,0.936995,0.332468,0.117576,0.505270,-2.210728,2.155569,-0.134553
2529,1770132358811,28.112967,76.9517,495.2465,-632.4980,0.621936,-0.371103,0.398078,0.563039,1.464082,-0.873603,0.937103,0.332477,0.117564,0.505273,-2.210671,2.155667,-0.134515
2530,1770132358823,28.124079,76.9324,495.2630,-632.4997,0.621945,-0.371092,0.398091,0.563026,1.464112,-0.873582,0.937140,0.332456,0.117579,0.505288,-2.210686,2.155582,-0.134629
2531,1770132358834,28.135190,77.1413,495.3336,-632.2969,0.622008,-0.371094,0.398023,0.563003,1.464274,-0.873594,0.936988,0.332458,0.117568,0.505291,-2.210643,2.155591,-0.134616
2532,1770132358845,28.146302,77.2432,495.3011,-632.4397,0.622007,-0.371070,0.397989,0.563044,1.464245,-0.873523,0.936893,0.332475,0.117574,0.505268,-2.210747,2.155587,-0.134542
2533,1770132358856,28.157413,77.2727,495.3135,-632.4322,0.622011,-0.371076,0.397990,0.563036,1.464261,-0.873539,0.936898,0.332461,0.117575,0.505286,-2.210690,2.155557,-0.134576
2534,1770132358867,28.168524,77.2538,495.2678,-632.4468,0.621973,-0.371089,0.397996,0.563065,1.464151,-0.873559,0.936901,0.332462,0.117577,0.505278,-2.210697,2.155588,-0.134511
2535,1770132358878,28.179635,77.2560,495.3214,-632.2587,0.622003,-0.371130,0.397979,0.563017,1.464252,-0.873673,0.936879,0.332467,0.117575,0.505281,-2.210690,2.155583,-0.134551
2536,1770132358889,28.190747,77.2901,495.1678,-632.3016,0.621981,-0.371112,0.398017,0.563026,1.464194,-0.873630,0.936966,0.332458,0.117570,0.505287,-2.210675,2.155597,-0.134605
2537,1770132358900,28.201858,77.3162,495.1665,-632.2835,0.621988,-0.371117,0.398018,0.563014,1.464220,-0.873644,0.936972,0.332460,0.117573,0.505279,-2.210684,2.155551,-0.134563
2538,1770132358911,28.212969,77.2305,495.2444,-632.3047,0.622034,-0.371092,0.398033,0.562968,1.464357,-0.873603,0.937026,0.332458,0.117568,0.505289,-2.210686,2.155552,-0.134538
2539,1770132358923,28.224080,77.2484,495.2613,-632.2877,0.622019,-0.371097,0.398032,0.562983,1.464312,-0.873609,0.937017,0.332469,0.117575,0.505271,-2.210716,2.155556,-0.134552
2540,1770132358934,28.235192,77.2261,495.3315,-632.4447,0.622019,-0.371101,0.398056,0.562964,1.464323,-0.873626,0.937082,0.332470,0.117578,0.505277,-2.210753,2.155568,-0.134554
2541,1770132358945,28.246303,77.1143,495.3052,-632.4648,0.622028,-0.371138,0.398065,0.562923,1.464369,-0.873727,0.937118,0.332465,0.117574,0.505282,-2.210727,2.155569,-0.134580
2542,1770132358956,28.257414,77.1211,495.3295,-632.4680,0.622025,-0.371141,0.398072,0.562919,1.464366,-0.873737,0.937138,0.332470,0.117580,0.505277,-2.210728,2.155568,-0.134552
2543,1770132358967,28.268526,77.1690,495.3312,-632.4467,0.621967,-0.371204,0.398063,0.562949,1.464210,-0.873873,0.937104,0.332462,0.117570,0.505281,-2.210734,2.155550,-0.134595
2544,1770132358978,28.279637,77.1927,495.4774,-632.4321,0.621930,-0.371218,0.398061,0.562981,1.464103,-0.873893,0.937088,0.332467,0.117571,0.505281,-2.210684,2.155602,-0.134538
2545,1770132358989,28.290748,77.1979,495.4536,-632.3840,0.621914,-0.371236,0.398116,0.562948,1.464087,-0.873949,0.937230,0.332461,0.117574,0.505282,-2.210733,2.155575,-0.134568
2546,1770132359000,28.301859,77.1826,495.2614,-632.3550,0.621919,-0.371236,0.398047,0.562992,1.464069,-0.873933,0.937049,0.332467,0.117571,0.505282,-2.210697,2.155614,-0.134514
2547,1770132359011,28.312970,77.2074,495.2621,-632.3384,0.621919,-0.371207,0.398062,0.563000,1.464065,-0.873862,0.937082,0.332462,0.117571,0.505283,-2.210703,2.155570,-0.134553
2548,1770132359023,28.324081,77.2146,495.2608,-632.3262,0.621908,-0.371220,0.398052,0.563011,1.464034,-0.873888,0.937053,0.332467,0.117579,0.505275,-2.210745,2.155587,-0.134567
2549,1770132359034,28.335193,77.1874,495.2991,-632.3993,0.621926,-0.371215,0.398048,0.562996,1.464084,-0.873883,0.937051,0.332461,0.117577,0.505278,-2.210690,2.155557,-0.134549
2550,1770132359045,28.346304,77.1613,495.1162,-632.3495,0.621926,-0.371222,0.398024,0.563010,1.464075,-0.873893,0.936989,0.332460,0.117583,0.505279,-2.210744,2.155586,-0.134566
2551,1770132359056,28.357415,77.2485,495.1483,-632.3372,0.621927,-0.371232,0.398024,0.563001,1.464084,-0.873921,0.936992,0.332463,0.117574,0.505281,-2.210707,2.155550,-0.134618
2552,1770132359067,28.368527,77.1541,495.1668,-632.2041,0.621968,-0.371227,0.398047,0.562943,1.464217,-0.873931,0.937069,0.332452,0.117575,0.505293,-2.210686,2.155557,-0.134657
2553,1770132359078,28.379638,77.1158,495.1256,-632.2466,0.621982,-0.371233,0.397978,0.562973,1.464231,-0.873933,0.936894,0.332468,0.117570,0.505283,-2.210734,2.155576,-0.134569
2554,1770132359089,28.390749,77.1357,495.2936,-632.3029,0.622031,-0.371222,0.397939,0.562953,1.464358,-0.873915,0.936811,0.332469,0.117576,0.505268,-2.210748,2.155587,-0.134514
2555,1770132359100,28.401860,77.1689,495.2630,-632.3693,0.622046,-0.371227,0.397928,0.562941,1.464401,-0.873931,0.936789,0.332486,0.117571,0.505255,-2.210737,2.155626,-0.134463
2556,1770132359111,28.412972,77.1302,495.2418,-632.4073,0.622065,-0.371219,0.397916,0.562933,1.464451,-0.873915,0.936765,0.332464,0.117570,0.505285,-2.210675,2.155622,-0.134579
2557,1770132359123,28.424083,77.1501,495.2664,-632.4342,0.622061,-0.371254,0.397905,0.562922,1.464448,-0.874001,0.936743,0.332469,0.117579,0.505266,-2.210736,2.155575,-0.134512
2558,1770132359134,28.435194,77.1756,495.3556,-632.3533,0.622023,-0.371253,0.397898,0.562971,1.464328,-0.873980,0.936706,0.332464,0.117575,0.505273,-2.210756,2.155543,-0.134528
2559,1770132359145,28.446305,77.2104,495.3730,-632.3101,0.622054,-0.371279,0.397863,0.562944,1.464417,-0.874051,0.936635,0.332462,0.117571,0.505282,-2.210700,2.155621,-0.134580
2560,1770132359156,28.457417,77.2495,495.3946,-632.2805,0.622058,-0.371247,0.397913,0.562925,1.464438,-0.873984,0.936761,0.332465,0.117587,0.505274,-2.210790,2.155553,-0.134554
2561,1770132359167,28.468528,77.1735,495.3029,-632.2120,0.622073,-0.371293,0.397805,0.562955,1.464457,-0.874081,0.936494,0.332470,0.117572,0.505278,-2.210703,2.155595,-0.134553
2562,1770132359178,28.479639,77.1660,495.3232,-632.1471,0.622097,-0.371306,0.397803,0.562921,1.464532,-0.874125,0.936502,0.332472,0.117563,0.505275,-2.210672,2.155617,-0.134540
2563,1770132359189,28.490751,77.1658,495.5348,-632.3714,0.622043,-0.371263,0.397818,0.562998,1.464359,-0.873994,0.936507,0.332455,0.117585,0.505286,-2.210742,2.155561,-0.134618
2564,1770132359200,28.501862,77.0907,495.4919,-632.3768,0.622028,-0.371279,0.397840,0.562989,1.464330,-0.874036,0.936563,0.332474,0.117576,0.505270,-2.210702,2.155620,-0.134525
2565,1770132359211,28.512973,77.0519,495.5615,-632.4214,0.622016,-0.371243,0.397858,0.563013,1.464285,-0.873942,0.936596,0.332459,0.117578,0.505283,-2.210720,2.155562,-0.134592
2566,1770132359223,28.524085,77.0659,495.4213,-632.3484,0.622051,-0.371221,0.397845,0.562998,1.464379,-0.873895,0.936573,0.332471,0.117574,0.505272,-2.210753,2.155568,-0.134556
2567,1770132359234,28.535196,77.1556,495.3737,-632.3935,0.622031,-0.371227,0.397878,0.562994,1.464332,-0.873912,0.936651,0.332468,0.117572,0.505277,-2.210709,2.155602,-0.134540
2568,1770132359245,28.546307,77.2671,495.3080,-632.5388,0.622056,-0.371245,0.397890,0.562945,1.464421,-0.873972,0.936699,0.332470,0.117571,0.505278,-2.210737,2.155550,-0.134541
2569,1770132359256,28.557418,77.3077,495.3117,-632.4402,0.622042,-0.371276,0.397892,0.562939,1.464392,-0.874045,0.936705,0.332461,0.117573,0.505284,-2.210685,2.155609,-0.134632
2570,1770132359267,28.568529,77.2473,495.2802,-632.4690,0.622102,-0.371250,0.397878,0.562900,1.464557,-0.874000,0.936689,0.332462,0.117575,0.505279,-2.210732,2.155600,-0.134567
2571,1770132359278,28.579640,77.2660,495.2828,-632.4711,0.622090,-0.371267,0.397893,0.562891,1.464534,-0.874044,0.936726,0.332478,0.117574,0.505266,-2.210721,2.155639,-0.134515
2572,1770132359289,28.590752,77.2578,495.3942,-632.3654,0.622047,-0.371323,0.397882,0.562909,1.464422,-0.874169,0.936694,0.332468,0.117575,0.505277,-2.210719,2.155614,-0.134567
2573,1770132359300,28.601863,77.2610,495.3433,-632.2746,0.622082,-0.371349,0.397861,0.562868,1.464531,-0.874244,0.936661,0.332469,0.117581,0.505274,-2.210750,2.155593,-0.134581
2574,1770132359311,28.612974,77.2761,495.3604,-632.2333,0.622069,-0.371358,0.397867,0.562873,1.464496,-0.874265,0.936672,0.332458,0.117582,0.505287,-2.210706,2.155550,-0.134616
2575,1770132359323,28.624085,77.1257,495.4801,-632.3000,0.622075,-0.371342,0.397900,0.562853,1.464523,-0.874233,0.936757,0.332473,0.117581,0.505265,-2.210757,2.155599,-0.134567
