FrameNumber,TimeStamp_ms,TimeFromStart_s,X_mm,Y_mm,Z_mm,QX,QY,QZ,QW,RX_rad,RY_rad,RZ_rad,TCP_X_m,TCP_Y_m,TCP_Z_m,TCP_RX_rad,TCP_RY_rad,TCP_RZ_rad
0,1770215185994,0.000000,62.3763,535.8695,-104.3546,0.163171,-0.662350,0.717087,0.143017,0.470623,-1.910365,2.068241,0.142129,-0.364579,0.555809,0.049561,-3.098607,0.172328
1,1770215186005,0.011111,62.3505,535.8988,-104.3764,0.163183,-0.662354,0.717078,0.143029,0.470652,-1.910364,2.068201,0.142132,-0.364568,0.555821,0.049558,-3.098582,0.172402
2,1770215186016,0.022223,62.2839,535.9951,-104.2913,0.163082,-0.662401,0.717052,0.143059,0.470354,-1.910466,2.068089,0.142137,-0.364582,0.555806,0.049559,-3.098584,0.172329
3,1770215186027,0.033334,62.2913,535.9849,-104.3480,0.163154,-0.662394,0.717040,0.143066,0.470560,-1.910441,2.068048,0.142123,-0.364574,0.555821,0.049521,-3.098582,0.172365
4,1770215186038,0.044445,62.2497,536.0478,-104.3467,0.163158,-0.662407,0.717027,0.143069,0.470570,-1.910476,2.068006,0.142129,-0.364572,0.555824,0.049483,-3.098573,0.172384
5,1770215186049,0.055556,62.2783,536.0717,-104.2799,0.163150,-0.662412,0.717026,0.143061,0.470549,-1.910496,2.068012,0.142124,-0.364581,0.555811,0.049485,-3.098584,0.172327
6,1770215186060,0.066668,62.2563,536.1282,-104.2980,0.163138,-0.662407,0.717033,0.143058,0.470517,-1.910487,2.068037,0.142122,-0.364573,0.555827,0.049465,-3.098595,0.172420
7,1770215186071,0.077779,62.3974,536.0959,-104.3197,0.163050,-0.662362,0.717087,0.143101,0.470251,-1.910310,2.068142,0.142131,-0.364574,0.555816,0.049503,-3.098596,0.172402
8,1770215186082,0.088890,62.4337,536.0610,-104.3183,0.163123,-0.662319,0.717117,0.143063,0.470470,-1.910227,2.068273,0.142131,-0.364553,0.555839,0.049575,-3.098580,0.172476
9,1770215186094,0.100002,62.3356,536.1539,-104.2623,0.163136,-0.662358,0.717082,0.143048,0.470512,-1.910354,2.068189,0.142121,-0.364565,0.555826,0.049465,-3.098595,0.172439
10,1770215186105,0.111113,62.3310,536.0499,-104.2243,0.163159,-0.662310,0.717128,0.143010,0.470588,-1.910259,2.068366,0.142128,-0.364574,0.555820,0.049524,-3.098620,0.172382
11,1770215186116,0.122224,62.2960,536.0145,-104.1473,0.163206,-0.662303,0.717125,0.143004,0.470727,-1.910242,2.068365,0.142118,-0.364561,0.555835,0.049484,-3.098617,0.172494
12,1770215186127,0.133335,62.3005,536.0354,-104.2111,0.163234,-0.662310,0.717124,0.142946,0.470822,-1.910327,2.068428,0.142131,-0.364561,0.555831,0.049519,-3.098583,0.172458
13,1770215186138,0.144447,62.3401,536.1519,-104.1217,0.163245,-0.662264,0.717156,0.142987,0.470844,-1.910149,2.068472,0.142119,-0.364582,0.555816,0.049525,-3.098618,0.172345
14,1770215186149,0.155558,62.3165,536.1397,-104.1753,0.163294,-0.662308,0.717096,0.143023,0.470974,-1.910239,2.068259,0.142120,-0.364578,0.555815,0.049449,-3.098609,0.172364
15,1770215186160,0.166669,62.2962,536.1807,-104.1842,0.163236,-0.662315,0.717096,0.143058,0.470798,-1.910222,2.068219,0.142126,-0.364567,0.555824,0.049521,-3.098594,0.172420
16,1770215186171,0.177780,62.4232,535.9968,-104.2640,0.163349,-0.662321,0.717070,0.143038,0.471128,-1.910259,2.068165,0.142132,-0.364569,0.555820,0.049501,-3.098584,0.172421
17,1770215186182,0.188892,62.4186,536.0292,-104.2451,0.163362,-0.662324,0.717061,0.143052,0.471163,-1.910253,2.068123,0.142132,-0.364569,0.555820,0.049501,-3.098584,0.172421
18,1770215186194,0.200003,62.3862,535.7938,-104.2745,0.163317,-0.662334,0.717050,0.143108,0.471019,-1.910222,2.068028,0.142130,-0.364570,0.555824,0.049540,-3.098594,0.172421
19,1770215186205,0.211114,62.3247,535.6193,-104.2298,0.163374,-0.662355,0.717017,0.143111,0.471182,-1.910279,2.067928,0.142122,-0.364583,0.555812,0.049523,-3.098595,0.172327
20,1770215186216,0.222225,62.3162,535.5641,-104.2109,0.163373,-0.662350,0.717025,0.143097,0.471183,-1.910280,2.067968,0.142111,-0.364575,0.555825,0.049466,-3.098605,0.172419
21,1770215186227,0.233336,62.4425,535.6575,-104.2721,0.163402,-0.662369,0.717002,0.143091,0.471269,-1.910340,2.067909,0.142126,-0.364556,0.555839,0.049518,-3.098581,0.172496
22,1770215186238,0.244448,62.3999,535.6830,-104.2195,0.163343,-0.662395,0.716991,0.143097,0.471097,-1.910408,2.067869,0.142134,-0.364574,0.555825,0.049541,-3.098608,0.172420
23,1770215186249,0.255559,62.4601,535.7641,-104.2134,0.163374,-0.662397,0.716982,0.143095,0.471186,-1.910417,2.067848,0.142120,-0.364576,0.555819,0.049523,-3.098606,0.172382
24,1770215186260,0.266670,62.5064,535.8693,-104.2868,0.163364,-0.662375,0.717013,0.143053,0.471167,-1.910398,2.067983,0.142133,-0.364567,0.555822,0.049541,-3.098608,0.172383
25,1770215186271,0.277782,62.4518,535.7813,-104.3214,0.163302,-0.662391,0.717009,0.143067,0.470987,-1.910431,2.067958,0.142127,-0.364564,0.555828,0.049538,-3.098581,0.172458
26,1770215186282,0.288893,62.4435,535.7844,-104.3166,0.163308,-0.662395,0.717004,0.143071,0.471001,-1.910436,2.067936,0.142120,-0.364570,0.555826,0.049540,-3.098604,0.172438
27,1770215186294,0.300004,62.4601,535.8224,-104.3420,0.163295,-0.662384,0.717011,0.143101,0.470956,-1.910373,2.067924,0.142116,-0.364557,0.555842,0.049446,-3.098595,0.172457
28,1770215186305,0.311115,62.3992,535.9423,-104.2545,0.163345,-0.662360,0.717031,0.143054,0.471114,-1.910354,2.068036,0.142123,-0.364555,0.555832,0.049502,-3.098606,0.172494
29,1770215186316,0.322227,62.3708,535.9653,-104.2290,0.163336,-0.662393,0.717008,0.143026,0.471096,-1.910479,2.068002,0.142118,-0.364561,0.555833,0.049463,-3.098582,0.172457
30,1770215186327,0.333338,62.3338,535.9144,-104.1365,0.163346,-0.662362,0.717041,0.142991,0.471132,-1.910429,2.068138,0.142121,-0.364565,0.555831,0.049483,-3.098594,0.172457
31,1770215186338,0.344449,62.2952,536.0010,-104.2611,0.163325,-0.662365,0.717035,0.143033,0.471061,-1.910392,2.068070,0.142129,-0.364570,0.555827,0.049559,-3.098606,0.172420
32,1770215186349,0.355560,62.2938,535.9791,-104.3641,0.163353,-0.662362,0.717034,0.143021,0.471145,-1.910397,2.068081,0.142126,-0.364558,0.555835,0.049537,-3.098580,0.172477
33,1770215186360,0.366671,62.2748,535.8434,-104.3074,0.163343,-0.662382,0.717012,0.143052,0.471108,-1.910420,2.067981,0.142134,-0.364576,0.555814,0.049487,-3.098612,0.172328
34,1770215186371,0.377782,62.3369,535.9196,-104.3312,0.163278,-0.662448,0.716969,0.143036,0.470925,-1.910628,2.067876,0.142136,-0.364565,0.555823,0.049523,-3.098622,0.172420
35,1770215186382,0.388894,62.4552,535.9800,-104.3552,0.163332,-0.662422,0.716970,0.143089,0.471067,-1.910496,2.067817,0.142123,-0.364568,0.555824,0.049487,-3.098621,0.172382
36,1770215186394,0.400005,62.5521,535.8846,-104.4756,0.163260,-0.662446,0.716973,0.143041,0.470873,-1.910617,2.067883,0.142137,-0.364576,0.555814,0.049539,-3.098584,0.172384
37,1770215186405,0.411116,62.6187,535.8903,-104.4867,0.163297,-0.662443,0.716969,0.143035,0.470982,-1.910614,2.067879,0.142158,-0.364561,0.555824,0.049614,-3.098587,0.172386
38,1770215186416,0.422227,62.4458,535.7844,-104.3583,0.163225,-0.662455,0.716974,0.143033,0.470774,-1.910652,2.067895,0.142166,-0.364549,0.555830,0.049668,-3.098586,0.172442
39,1770215186427,0.433339,62.4511,535.9447,-104.1763,0.163294,-0.662505,0.716912,0.143035,0.470971,-1.910793,2.067715,0.142168,-0.364556,0.555818,0.049630,-3.098576,0.172424
40,1770215186438,0.444450,62.4862,535.7840,-104.2865,0.163288,-0.662555,0.716865,0.143048,0.470950,-1.910922,2.067564,0.142159,-0.364553,0.555829,0.049670,-3.098608,0.172479
41,1770215186449,0.455561,62.5558,535.8710,-104.3751,0.163246,-0.662581,0.716846,0.143073,0.470824,-1.910971,2.067478,0.142158,-0.364565,0.555816,0.049636,-3.098624,0.172329
42,1770215186460,0.466672,62.4151,535.9808,-104.4440,0.163381,-0.662568,0.716835,0.143036,0.471221,-1.910972,2.067489,0.142160,-0.364542,0.555838,0.049706,-3.098595,0.172443
43,1770215186471,0.477783,62.4138,535.9620,-104.5570,0.163381,-0.662555,0.716834,0.143096,0.471208,-1.910871,2.067418,0.142180,-0.364538,0.555828,0.049741,-3.098574,0.172462
44,1770215186482,0.488895,62.4393,535.9620,-104.3694,0.163393,-0.662650,0.716740,0.143110,0.471237,-1.911131,2.067131,0.142192,-0.364537,0.555830,0.049743,-3.098590,0.172408
45,1770215186494,0.500006,62.4918,535.8372,-104.2441,0.163373,-0.662685,0.716693,0.143210,0.471154,-1.911124,2.066878,0.142181,-0.364527,0.555842,0.049760,-3.098596,0.172554
46,1770215186505,0.511117,62.4801,535.8638,-104.2120,0.163414,-0.662702,0.716679,0.143157,0.471284,-1.911230,2.066900,0.142213,-0.364527,0.555834,0.049911,-3.098600,0.172446
47,1770215186516,0.522228,62.4483,535.8733,-104.1933,0.163437,-0.662689,0.716674,0.143210,0.471339,-1.911137,2.066825,0.142214,-0.364547,0.555818,0.049872,-3.098566,0.172374
48,1770215186527,0.533340,62.5117,536.0042,-104.3213,0.163526,-0.662695,0.716652,0.143194,0.471598,-1.911171,2.066779,0.142243,-0.364529,0.555819,0.050002,-3.098580,0.172394
49,1770215186538,0.544451,62.5191,535.9111,-104.3883,0.163541,-0.662703,0.716646,0.143171,0.471648,-1.911218,2.066789,0.142279,-0.364517,0.555823,0.050149,-3.098570,0.172398
50,1770215186549,0.555562,62.5649,535.8963,-104.4742,0.163603,-0.662677,0.716644,0.143228,0.471812,-1.911082,2.066717,0.142315,-0.364517,0.555804,0.050322,-3.098612,0.172288
51,1770215186560,0.566673,62.5801,535.9586,-104.4657,0.163405,-0.662649,0.716687,0.143370,0.471203,-1.910848,2.066676,0.142317,-0.364490,0.555825,0.050319,-3.098610,0.172438
52,1770215186571,0.577785,62.6839,535.9839,-104.5202,0.163697,-0.662711,0.716568,0.143342,0.472051,-1.911059,2.066366,0.142381,-0.364459,0.555830,0.050557,-3.098591,0.172480
53,1770215186582,0.588896,62.8300,535.9655,-104.6392,0.163781,-0.662624,0.716646,0.143265,0.472314,-1.910890,2.066679,0.142419,-0.364466,0.555814,0.050765,-3.098618,0.172409
54,1770215186594,0.600007,62.8379,535.9227,-104.6343,0.163802,-0.662617,0.716632,0.143341,0.472355,-1.910787,2.066552,0.142514,-0.364415,0.555829,0.051155,-3.098626,0.172454
55,1770215186605,0.611118,62.9289,535.9179,-104.6884,0.163788,-0.662590,0.716619,0.143545,0.472261,-1.910492,2.066276,0.142555,-0.364397,0.555827,0.051343,-3.098653,0.172439
56,1770215186616,0.622229,63.0295,535.9543,-104.7434,0.163926,-0.662617,0.716605,0.143332,0.472716,-1.910799,2.066484,0.142594,-0.364377,0.555834,0.051528,-3.098655,0.172480
57,1770215186627,0.633341,63.0792,535.8420,-104.7159,0.163958,-0.662543,0.716630,0.143511,0.472759,-1.910393,2.066349,0.142693,-0.364360,0.555813,0.051860,-3.098618,0.172396
58,1770215186638,0.644452,63.1595,535.8664,-104.7651,0.163896,-0.662520,0.716647,0.143605,0.472556,-1.910226,2.066288,0.142723,-0.364321,0.555834,0.052063,-3.098640,0.172511
59,1770215186649,0.655563,63.3794,535.9724,-104.9747,0.164021,-0.662430,0.716701,0.143609,0.472916,-1.909960,2.066440,0.142797,-0.364300,0.555829,0.052358,-3.098610,0.172480
60,1770215186660,0.666674,63.2875,536.0205,-104.9437,0.163938,-0.662403,0.716748,0.143591,0.472681,-1.909902,2.066596,0.142780,-0.364292,0.555845,0.052265,-3.098633,0.172608
61,1770215186671,0.677786,62.7096,535.8702,-104.7720,0.163721,-0.662410,0.716760,0.143745,0.472016,-1.909758,2.066452,0.142777,-0.364325,0.555811,0.052326,-3.098645,0.172385
62,1770215186682,0.688897,62.8461,535.9436,-104.8168,0.163834,-0.662404,0.716748,0.143707,0.472352,-1.909781,2.066460,0.142767,-0.364309,0.555834,0.052157,-3.098648,0.172514
63,1770215186694,0.700008,63.0706,535.9048,-104.6966,0.163915,-0.662486,0.716680,0.143574,0.472619,-1.910161,2.066420,0.142780,-0.364307,0.555833,0.052324,-3.098644,0.172479
64,1770215186705,0.711119,62.4493,535.9254,-104.4356,0.163676,-0.662344,0.716761,0.144097,0.471793,-1.909189,2.066046,0.142780,-0.364307,0.555833,0.052324,-3.098644,0.172479
65,1770215186716,0.722230,63.3468,535.9856,-105.0517,0.164000,-0.662412,0.716699,0.143729,0.472824,-1.909779,2.066292,0.142817,-0.364300,0.555825,0.052454,-3.098636,0.172482
66,1770215186727,0.733341,63.6309,535.9655,-105.3060,0.164212,-0.662463,0.716638,0.143555,0.473481,-1.910113,2.066318,0.142817,-0.364300,0.555825,0.052454,-3.098636,0.172482
67,1770215186738,0.744453,63.0950,535.7686,-104.9858,0.164182,-0.662518,0.716602,0.143513,0.473407,-1.910318,2.066264,0.142817,-0.364300,0.555825,0.052454,-3.098636,0.172482
68,1770215186749,0.755564,62.8498,535.8561,-104.8649,0.164390,-0.662578,0.716519,0.143416,0.474031,-1.910594,2.066136,0.142883,-0.364286,0.555808,0.052734,-3.098642,0.172414
69,1770215186760,0.766675,63.1027,535.7001,-104.9226,0.164147,-0.662483,0.716573,0.143858,0.473213,-1.909847,2.065781,0.142883,-0.364286,0.555808,0.052734,-3.098642,0.172414
70,1770215186771,0.777786,63.2688,535.6992,-105.0229,0.164389,-0.662539,0.716500,0.143689,0.473956,-1.910190,2.065765,0.142998,-0.364233,0.555819,0.053177,-3.098639,0.172498
71,1770215186782,0.788897,63.3224,536.1018,-105.1546,0.164416,-0.662484,0.716544,0.143694,0.474031,-1.910026,2.065886,0.142998,-0.364233,0.555819,0.053177,-3.098639,0.172498
72,1770215186794,0.800009,63.3816,536.0145,-105.0938,0.164263,-0.662390,0.716605,0.143995,0.473512,-1.909431,2.065714,0.143043,-0.364201,0.555834,0.053477,-3.098686,0.172557
73,1770215186805,0.811120,63.0630,536.0248,-104.8506,0.164198,-0.662394,0.716556,0.144297,0.473242,-1.909119,2.065222,0.143156,-0.364168,0.555820,0.053886,-3.098675,0.172474
74,1770215186816,0.822231,63.2682,535.7601,-105.0692,0.164565,-0.662418,0.716503,0.144029,0.474374,-1.909475,2.065381,0.143202,-0.364144,0.555825,0.054089,-3.098689,0.172534
75,1770215186827,0.833342,63.3274,535.7150,-105.0919,0.164669,-0.662418,0.716476,0.144041,0.474669,-1.909464,2.065290,0.143304,-0.364113,0.555816,0.054516,-3.098686,0.172487
76,1770215186838,0.844454,63.3934,535.7247,-105.1478,0.164755,-0.662387,0.716462,0.144161,0.474885,-1.909244,2.065109,0.143362,-0.364076,0.555832,0.054795,-3.098712,0.172584
77,1770215186849,0.855565,63.6057,536.0285,-105.2680,0.164726,-0.662367,0.716444,0.144375,0.474744,-1.908958,2.064808,0.143507,-0.364020,0.555828,0.055388,-3.098676,0.172488
78,1770215186860,0.866676,63.8043,535.8860,-105.4174,0.164844,-0.662315,0.716453,0.144430,0.475071,-1.908749,2.064772,0.143557,-0.364011,0.555817,0.055612,-3.098703,0.172510
79,1770215186871,0.877788,63.8700,535.9062,-105.4672,0.165031,-0.662328,0.716405,0.144393,0.475620,-1.908827,2.064676,0.143619,-0.363980,0.555827,0.055929,-3.098729,0.172552
80,1770215186882,0.888899,63.9504,535.9208,-105.6363,0.165092,-0.662255,0.716432,0.144531,0.475757,-1.908467,2.064593,0.143755,-0.363933,0.555819,0.056412,-3.098743,0.172563
81,1770215186894,0.900010,64.0245,536.0244,-105.6295,0.165116,-0.662206,0.716454,0.144619,0.475803,-1.908231,2.064554,0.143819,-0.363895,0.555834,0.056708,-3.098746,0.172625
82,1770215186905,0.911121,64.0640,535.9342,-105.7883,0.165253,-0.662178,0.716432,0.144698,0.476178,-1.908067,2.064400,0.143979,-0.363845,0.555819,0.057356,-3.098710,0.172566
83,1770215186916,0.922232,64.2101,535.9359,-105.8908,0.165341,-0.662142,0.716418,0.144830,0.476395,-1.907823,2.064208,0.144052,-0.363806,0.555829,0.057688,-3.098713,0.172647
84,1770215186927,0.933344,64.2424,535.8032,-105.8305,0.165377,-0.662092,0.716428,0.144968,0.476462,-1.907531,2.064077,0.144141,-0.363776,0.555822,0.058100,-3.098743,0.172598
85,1770215186938,0.944455,64.3594,535.8738,-105.9382,0.165468,-0.662014,0.716455,0.145091,0.476691,-1.907173,2.064010,0.144316,-0.363702,0.555828,0.058804,-3.098744,0.172651
86,1770215186949,0.955566,64.5145,535.9172,-106.0654,0.165605,-0.661983,0.716430,0.145200,0.477057,-1.906967,2.063812,0.144403,-0.363659,0.555844,0.059156,-3.098750,0.172696
87,1770215186960,0.966677,64.6513,535.9634,-106.2165,0.165734,-0.661900,0.716451,0.145324,0.477394,-1.906596,2.063729,0.144503,-0.363634,0.555825,0.059604,-3.098769,0.172630
88,1770215186971,0.977789,64.7065,536.0435,-106.3383,0.165824,-0.661849,0.716458,0.145414,0.477631,-1.906354,2.063647,0.144691,-0.363548,0.555837,0.060439,-3.098768,0.172666
89,1770215186982,0.988900,64.7600,536.0555,-106.4106,0.166014,-0.661891,0.716358,0.145500,0.478154,-1.906383,2.063260,0.144761,-0.363532,0.555825,0.060699,-3.098774,0.172653
90,1770215186994,1.000011,64.8885,536.0895,-106.5295,0.166145,-0.661869,0.716323,0.145623,0.478500,-1.906189,2.063015,0.144966,-0.363469,0.555803,0.061535,-3.098766,0.172542
91,1770215187005,1.011122,64.9136,536.0689,-106.4621,0.166269,-0.661839,0.716296,0.145754,0.478820,-1.905960,2.062786,0.145064,-0.363423,0.555813,0.061981,-3.098782,0.172625
92,1770215187016,1.022233,65.0107,535.9077,-106.6310,0.166446,-0.661821,0.716242,0.145901,0.479291,-1.905751,2.062461,0.145156,-0.363357,0.555841,0.062410,-3.098835,0.172743
93,1770215187027,1.033345,65.1981,535.9232,-106.8064,0.166599,-0.661780,0.716210,0.146067,0.479686,-1.905458,2.062176,0.145402,-0.363272,0.555822,0.063505,-3.098836,0.172728
94,1770215187038,1.044456,65.3800,535.9807,-106.9194,0.166770,-0.661746,0.716162,0.146260,0.480126,-1.905154,2.061816,0.145517,-0.363215,0.555837,0.063966,-3.098818,0.172813
95,1770215187049,1.055568,65.4889,536.0258,-107.0358,0.166948,-0.661724,0.716114,0.146393,0.480603,-1.904947,2.061526,0.145733,-0.363124,0.555844,0.064892,-3.098806,0.172852
96,1770215187060,1.066679,65.6036,535.9977,-107.0183,0.167069,-0.661754,0.716027,0.146547,0.480912,-1.904869,2.061095,0.145849,-0.363107,0.555813,0.065382,-3.098853,0.172674
97,1770215187071,1.077790,65.7557,536.0372,-107.1320,0.167225,-0.661723,0.715986,0.146709,0.481315,-1.904606,2.060790,0.145989,-0.363031,0.555832,0.066009,-3.098833,0.172800
98,1770215187082,1.088902,65.8746,536.1229,-107.2421,0.167461,-0.661683,0.715941,0.146837,0.481961,-1.904356,2.060513,0.146243,-0.362946,0.555817,0.067069,-3.098850,0.172747
99,1770215187094,1.100013,66.1056,536.1978,-107.4310,0.167676,-0.661608,0.715917,0.147045,0.482523,-1.903918,2.060205,0.146368,-0.362903,0.555811,0.067592,-3.098870,0.172702
100,1770215187105,1.111124,66.1554,536.0913,-107.5138,0.167858,-0.661553,0.715895,0.147195,0.483006,-1.903600,2.059967,0.146630,-0.362777,0.555827,0.068706,-3.098897,0.172799
101,1770215187116,1.122235,66.2209,536.0844,-107.6778,0.168016,-0.661541,0.715840,0.147333,0.483425,-1.903418,2.059652,0.146775,-0.362737,0.555808,0.069302,-3.098906,0.172737
102,1770215187127,1.133346,66.3721,536.0938,-107.7942,0.168179,-0.661523,0.715779,0.147524,0.483840,-1.903164,2.059256,0.146917,-0.362680,0.555810,0.069913,-3.098889,0.172750
103,1770215187138,1.144457,66.6707,535.8849,-107.9916,0.168467,-0.661484,0.715709,0.147714,0.484617,-1.902849,2.058833,0.147195,-0.362552,0.555824,0.071157,-3.098924,0.172886
104,1770215187149,1.155569,66.9242,535.8909,-108.1889,0.168703,-0.661425,0.715665,0.147918,0.485242,-1.902463,2.058472,0.147333,-0.362499,0.555820,0.071716,-3.098945,0.172860
105,1770215187160,1.166680,67.1888,535.8911,-108.3230,0.168964,-0.661362,0.715620,0.148122,0.485937,-1.902063,2.058107,0.147642,-0.362372,0.555820,0.073053,-3.098948,0.172869
106,1770215187171,1.177791,67.3886,535.8685,-108.4730,0.169140,-0.661316,0.715584,0.148303,0.486393,-1.901737,2.057795,0.147799,-0.362284,0.555842,0.073721,-3.098967,0.172994
107,1770215187182,1.188902,67.5260,535.8988,-108.5892,0.169374,-0.661276,0.715531,0.148463,0.487024,-1.901453,2.057461,0.147943,-0.362258,0.555812,0.074354,-3.098961,0.172877
108,1770215187194,1.200013,67.5937,535.8744,-108.7175,0.169649,-0.661318,0.715397,0.148614,0.487772,-1.901412,2.056899,0.148268,-0.362129,0.555812,0.075692,-3.098979,0.172886
109,1770215187205,1.211125,67.8353,535.8527,-108.9321,0.169887,-0.661263,0.715351,0.148807,0.488404,-1.901049,2.056547,0.148423,-0.362032,0.555839,0.076337,-3.098974,0.173031
110,1770215187216,1.222236,68.0796,535.8434,-109.2242,0.170099,-0.661302,0.715225,0.148995,0.488961,-1.900962,2.055967,0.148603,-0.361962,0.555840,0.077138,-3.099004,0.173083
111,1770215187227,1.233347,68.2457,535.7603,-109.3782,0.170352,-0.661238,0.715179,0.149211,0.489630,-1.900550,2.055587,0.148926,-0.361847,0.555822,0.078570,-3.099004,0.173000
112,1770215187238,1.244459,68.3153,535.8521,-109.5396,0.170550,-0.661225,0.715099,0.149424,0.490141,-1.900286,2.055112,0.149102,-0.361735,0.555857,0.079270,-3.098999,0.173237
113,1770215187249,1.255570,68.4240,535.8594,-109.6160,0.170787,-0.661135,0.715076,0.149661,0.490758,-1.899775,2.054774,0.149446,-0.361627,0.555829,0.080799,-3.099024,0.173063
114,1770215187260,1.266681,68.6415,535.8170,-109.7336,0.170973,-0.661109,0.715005,0.149900,0.491226,-1.899448,2.054297,0.149624,-0.361556,0.555820,0.081486,-3.099034,0.173115
115,1770215187271,1.277792,68.7976,535.9606,-109.9418,0.171278,-0.661102,0.714901,0.150084,0.492053,-1.899230,2.053785,0.149794,-0.361486,0.555823,0.082210,-3.099029,0.173076
116,1770215187282,1.288904,69.0202,536.0007,-110.1411,0.171559,-0.661021,0.714853,0.150350,0.492786,-1.898714,2.053341,0.150171,-0.361322,0.555829,0.083883,-3.099064,0.173145
117,1770215187294,1.300015,69.2088,536.0575,-110.3302,0.171824,-0.660964,0.714793,0.150582,0.493482,-1.898306,2.052904,0.150360,-0.361252,0.555818,0.084664,-3.099059,0.173124
118,1770215187305,1.311126,69.3837,536.0400,-110.4922,0.172096,-0.660909,0.714732,0.150795,0.494207,-1.897923,2.052486,0.150735,-0.361086,0.555834,0.086298,-3.099070,0.173194
119,1770215187316,1.322237,69.5078,535.8802,-110.5895,0.172366,-0.660915,0.714618,0.151007,0.494924,-1.897716,2.051914,0.150914,-0.361014,0.555825,0.087097,-3.099061,0.173173
120,1770215187327,1.333349,69.7395,535.8557,-110.7747,0.172619,-0.660850,0.714561,0.151269,0.495577,-1.897251,2.051452,0.151105,-0.360951,0.555812,0.087916,-3.099079,0.173152
121,1770215187338,1.344460,70.1398,535.9116,-111.2018,0.172893,-0.660792,0.714485,0.151566,0.496282,-1.896770,2.050894,0.151496,-0.360769,0.555836,0.089605,-3.099089,0.173279
122,1770215187349,1.355571,70.4362,535.9557,-111.4863,0.173118,-0.660625,0.714516,0.151892,0.496836,-1.895946,2.050611,0.151714,-0.360682,0.555821,0.090519,-3.099121,0.173223
123,1770215187360,1.366683,70.7310,535.9571,-111.7543,0.173440,-0.660549,0.714450,0.152168,0.497685,-1.895435,2.050104,0.151934,-0.360586,0.555831,0.091387,-3.099093,0.173317
124,1770215187371,1.377794,71.0277,535.8913,-111.8647,0.173705,-0.660426,0.714459,0.152356,0.498391,-1.894884,2.049915,0.152344,-0.360409,0.555837,0.093208,-3.099099,0.173353
125,1770215187382,1.388905,71.1297,535.8970,-112.0526,0.173944,-0.660403,0.714359,0.152650,0.498997,-1.894509,2.049293,0.152548,-0.360316,0.555840,0.094083,-3.099128,0.173406
126,1770215187394,1.400016,71.3437,535.9372,-112.2370,0.174171,-0.660306,0.714344,0.152884,0.499582,-1.893983,2.048981,0.152971,-0.360153,0.555825,0.095926,-3.099147,0.173331
127,1770215187405,1.411127,71.5147,536.0208,-112.4996,0.174526,-0.660226,0.714273,0.153155,0.500525,-1.893467,2.048469,0.153187,-0.360056,0.555831,0.096830,-3.099102,0.173426
128,1770215187416,1.422239,71.6819,536.1122,-112.7020,0.174936,-0.660159,0.714166,0.153477,0.501610,-1.892935,2.047795,0.153408,-0.359953,0.555839,0.097780,-3.099131,0.173462
129,1770215187427,1.433350,71.8932,536.1962,-112.9616,0.175188,-0.660015,0.714172,0.153776,0.502248,-1.892208,2.047472,0.153881,-0.359764,0.555826,0.099829,-3.099161,0.173427
130,1770215187438,1.444461,72.2846,536.1996,-113.3000,0.175528,-0.659981,0.714051,0.154100,0.503134,-1.891768,2.046754,0.154110,-0.359653,0.555835,0.100810,-3.099140,0.173430
131,1770215187449,1.455573,72.5870,536.1146,-113.4054,0.175816,-0.659914,0.713986,0.154355,0.503887,-1.891308,2.046278,0.154566,-0.359458,0.555832,0.102758,-3.099120,0.173582
132,1770215187460,1.466684,72.9128,536.0410,-113.5764,0.176212,-0.659830,0.713890,0.154711,0.504921,-1.890691,2.045596,0.154791,-0.359358,0.555836,0.103742,-3.099108,0.173602
133,1770215187471,1.477795,73.2151,535.8993,-113.7535,0.176512,-0.659693,0.713869,0.155049,0.505685,-1.889944,2.045152,0.155014,-0.359262,0.555837,0.104768,-3.099143,0.173564
134,1770215187482,1.488906,73.5720,535.9290,-114.0210,0.176891,-0.659630,0.713768,0.155348,0.506689,-1.889450,2.044523,0.155499,-0.359037,0.555853,0.106829,-3.099147,0.173717
135,1770215187494,1.500018,73.7091,535.9418,-114.4669,0.177183,-0.659486,0.713776,0.155594,0.507456,-1.888776,2.044264,0.155744,-0.358946,0.555835,0.107928,-3.099157,0.173664
136,1770215187505,1.511129,73.9054,536.0129,-114.6792,0.177550,-0.659436,0.713666,0.155886,0.508423,-1.888329,2.043620,0.156225,-0.358719,0.555854,0.110010,-3.099182,0.173796
137,1770215187516,1.522240,74.2257,536.0615,-115.0113,0.177909,-0.659322,0.713612,0.156207,0.509362,-1.887665,2.043101,0.156468,-0.358616,0.555850,0.111014,-3.099172,0.173762
138,1770215187527,1.533352,74.5198,536.0375,-115.2260,0.178206,-0.659172,0.713620,0.156465,0.510138,-1.886966,2.042828,0.156730,-0.358501,0.555854,0.112105,-3.099136,0.173841
139,1770215187538,1.544463,74.5733,536.0075,-115.5604,0.178531,-0.659137,0.713498,0.156802,0.510973,-1.886510,2.042097,0.157230,-0.358269,0.555863,0.114357,-3.099165,0.173902
140,1770215187549,1.555574,74.9117,535.9298,-115.7393,0.178762,-0.659058,0.713416,0.157240,0.511508,-1.885826,2.041368,0.157502,-0.358159,0.555858,0.115488,-3.099128,0.173908
141,1770215187560,1.566685,75.2450,535.9495,-116.1131,0.179195,-0.658960,0.713331,0.157541,0.512663,-1.885231,2.040783,0.158012,-0.357920,0.555868,0.117682,-3.099149,0.173987
142,1770215187571,1.577796,75.6033,536.0409,-116.2871,0.179517,-0.658905,0.713238,0.157824,0.513504,-1.884778,2.040196,0.158283,-0.357810,0.555860,0.118869,-3.099107,0.173993
143,1770215187582,1.588908,75.8860,536.0880,-116.5967,0.179878,-0.658773,0.713197,0.158150,0.514442,-1.884059,2.039709,0.158558,-0.357678,0.555866,0.120079,-3.099126,0.174052
144,1770215187594,1.600019,76.2165,536.1052,-116.9120,0.180342,-0.658665,0.713100,0.158511,0.515666,-1.883371,2.039023,0.159096,-0.357438,0.555868,0.122422,-3.099129,0.174061
145,1770215187605,1.611130,76.4853,536.1210,-117.2798,0.180576,-0.658504,0.713108,0.158876,0.516230,-1.882531,2.038634,0.159378,-0.357312,0.555872,0.123607,-3.099088,0.174162
146,1770215187616,1.622242,76.7266,536.0693,-117.6195,0.180878,-0.658442,0.713005,0.159254,0.516987,-1.881959,2.037910,0.159639,-0.357195,0.555871,0.124821,-3.099115,0.174107
147,1770215187627,1.633353,77.1054,536.0568,-117.7575,0.181392,-0.658355,0.712891,0.159542,0.518371,-1.881408,2.037259,0.160217,-0.356928,0.555877,0.127290,-3.099092,0.174250
148,1770215187638,1.644464,77.4755,535.9646,-118.0593,0.181822,-0.658307,0.712740,0.159923,0.519491,-1.880875,2.036397,0.160487,-0.356810,0.555876,0.128424,-3.099087,0.174235
149,1770215187649,1.655575,77.7476,535.9531,-118.4214,0.182133,-0.658172,0.712693,0.160331,0.520262,-1.880065,2.035804,0.161043,-0.356566,0.555866,0.130861,-3.099070,0.174227
150,1770215187660,1.666686,78.0865,535.9904,-118.7849,0.182614,-0.658088,0.712582,0.160621,0.521553,-1.879523,2.035159,0.161342,-0.356430,0.555871,0.132213,-3.099019,0.174273
151,1770215187671,1.677798,78.3250,535.9091,-119.0218,0.182874,-0.657876,0.712585,0.161180,0.522132,-1.878334,2.034539,0.161625,-0.356300,0.555872,0.133369,-3.099040,0.174276
152,1770215187682,1.688909,78.6213,536.0674,-119.3388,0.183297,-0.657788,0.712481,0.161518,0.523243,-1.877733,2.033859,0.162210,-0.356027,0.555872,0.136029,-3.099036,0.174362
153,1770215187694,1.700020,78.9810,535.9960,-119.6200,0.183759,-0.657647,0.712429,0.161796,0.524481,-1.877042,2.033399,0.162522,-0.355878,0.555883,0.137323,-3.098979,0.174465
154,1770215187705,1.711131,79.3707,536.0943,-119.8723,0.184266,-0.657691,0.712165,0.162203,0.525809,-1.876744,2.032187,0.163114,-0.355597,0.555891,0.139906,-3.098943,0.174498
155,1770215187716,1.722242,79.6071,535.9880,-120.2089,0.184619,-0.657609,0.712057,0.162606,0.526698,-1.876092,2.031428,0.163424,-0.355470,0.555872,0.141309,-3.098987,0.174446
156,1770215187727,1.733354,79.9963,536.0784,-120.5351,0.185089,-0.657392,0.712049,0.162983,0.527931,-1.875083,2.030980,0.163733,-0.355332,0.555871,0.142591,-3.098965,0.174434
157,1770215187738,1.744465,80.1134,536.1038,-120.7816,0.185606,-0.657336,0.711878,0.163371,0.529292,-1.874519,2.030057,0.164346,-0.355053,0.555869,0.145287,-3.098933,0.174505
158,1770215187749,1.755576,80.4443,536.1376,-121.1093,0.185931,-0.657203,0.711805,0.163850,0.530076,-1.873646,2.029312,0.164672,-0.354894,0.555878,0.146698,-3.098918,0.174606
159,1770215187760,1.766688,80.8693,536.0931,-121.5154,0.186449,-0.657169,0.711618,0.164212,0.531447,-1.873173,2.028374,0.165305,-0.354579,0.555896,0.149501,-3.098856,0.174717
160,1770215187771,1.777799,81.1889,536.0937,-121.8337,0.186834,-0.657016,0.711556,0.164657,0.532415,-1.872276,2.027697,0.165610,-0.354448,0.555886,0.150825,-3.098864,0.174703
161,1770215187782,1.788910,81.5655,536.1586,-122.1867,0.187255,-0.656910,0.711452,0.165049,0.533500,-1.871571,2.026962,0.165934,-0.354294,0.555887,0.152259,-3.098868,0.174747
162,1770215187794,1.800022,81.9842,536.1017,-122.6584,0.187757,-0.656799,0.711348,0.165370,0.534836,-1.870921,2.026306,0.166559,-0.353975,0.555907,0.154970,-3.098820,0.174875
163,1770215187805,1.811133,82.3453,536.0988,-123.0365,0.188206,-0.656684,0.711226,0.165837,0.535976,-1.870112,2.025438,0.166913,-0.353822,0.555901,0.156533,-3.098795,0.174847
164,1770215187816,1.822244,82.8524,536.0259,-123.5152,0.188725,-0.656651,0.711029,0.166226,0.537337,-1.869616,2.024441,0.167245,-0.353684,0.555886,0.157964,-3.098749,0.174822
165,1770215187827,1.833355,83.2756,535.9901,-123.9329,0.189192,-0.656527,0.710913,0.166675,0.538535,-1.868802,2.023612,0.167906,-0.353365,0.555885,0.160905,-3.098724,0.174838
166,1770215187838,1.844466,83.4885,535.9397,-124.2652,0.189675,-0.656430,0.710787,0.167046,0.539800,-1.868145,2.022840,0.168235,-0.353201,0.555889,0.162354,-3.098700,0.174921
167,1770215187849,1.855577,83.8198,535.8649,-124.5879,0.190163,-0.656295,0.710675,0.167499,0.541053,-1.867293,2.022016,0.168902,-0.352882,0.555889,0.165293,-3.098660,0.174975
168,1770215187860,1.866689,84.2108,535.8950,-125.0000,0.190680,-0.656202,0.710533,0.167879,0.542410,-1.866639,2.021188,0.169247,-0.352706,0.555906,0.166830,-3.098594,0.175082
169,1770215187871,1.877800,84.6198,535.8584,-125.4060,0.191067,-0.656123,0.710391,0.168348,0.543370,-1.865931,2.020264,0.169601,-0.352552,0.555885,0.168342,-3.098593,0.175016
170,1770215187882,1.888911,85.0378,535.9683,-125.8018,0.191723,-0.655969,0.710267,0.168724,0.545124,-1.865108,2.019491,0.170292,-0.352207,0.555897,0.171445,-3.098529,0.175129
171,1770215187894,1.900023,85.3913,535.9487,-125.9756,0.192142,-0.655892,0.710097,0.169262,0.546153,-1.864336,2.018410,0.170647,-0.352039,0.555897,0.173008,-3.098497,0.175102
172,1770215187905,1.911134,85.7790,535.9260,-126.3262,0.192603,-0.655734,0.709999,0.169762,0.547312,-1.863376,2.017577,0.171360,-0.351691,0.555896,0.176092,-3.098425,0.175217
173,1770215187916,1.922245,86.1443,535.8969,-126.6660,0.193105,-0.655613,0.709868,0.170207,0.548604,-1.862574,2.016712,0.171717,-0.351515,0.555897,0.177749,-3.098396,0.175264
174,1770215187927,1.933356,86.7288,536.0433,-127.1478,0.193716,-0.655518,0.709710,0.170538,0.550241,-1.861965,2.015895,0.172050,-0.351331,0.555917,0.179217,-3.098365,0.175366
175,1770215187938,1.944468,87.2240,535.9792,-127.6251,0.194121,-0.655343,0.709626,0.171094,0.551223,-1.860902,2.015042,0.172783,-0.350995,0.555895,0.182379,-3.098283,0.175297
176,1770215187949,1.955579,87.4099,536.0285,-128.0505,0.194644,-0.655159,0.709526,0.171620,0.552547,-1.859840,2.014177,0.173140,-0.350800,0.555911,0.183977,-3.098259,0.175474
177,1770215187960,1.966690,87.6591,536.2117,-128.4336,0.195096,-0.655112,0.709345,0.172035,0.553705,-1.859283,2.013203,0.173866,-0.350435,0.555921,0.187225,-3.098140,0.175574
178,1770215187971,1.977801,88.1383,536.2614,-128.9075,0.195593,-0.654939,0.709245,0.172541,0.554961,-1.858276,2.012361,0.174253,-0.350250,0.555913,0.188882,-3.098101,0.175531
179,1770215187982,1.988913,88.5518,536.2102,-129.3669,0.195952,-0.654791,0.709131,0.173162,0.555790,-1.857224,2.011354,0.174597,-0.350062,0.555922,0.190481,-3.098069,0.175632
180,1770215187994,2.000024,88.9710,536.2349,-129.8115,0.196595,-0.654708,0.708940,0.173527,0.557504,-1.856617,2.010409,0.175347,-0.349713,0.555906,0.193738,-3.097985,0.175582
181,1770215188005,2.011135,89.3474,536.3956,-130.2233,0.197115,-0.654533,0.708837,0.174019,0.558825,-1.855621,2.009573,0.175729,-0.349497,0.555928,0.195465,-3.097938,0.175725
182,1770215188016,2.022246,89.7739,536.4345,-130.6790,0.197618,-0.654393,0.708689,0.174575,0.560083,-1.854659,2.008543,0.176107,-0.349314,0.555920,0.197122,-3.097892,0.175680
183,1770215188027,2.033358,90.3370,536.5963,-131.2751,0.198310,-0.654261,0.708512,0.175008,0.561911,-1.853844,2.007564,0.176893,-0.348917,0.555920,0.200673,-3.097787,0.175744
184,1770215188038,2.044469,90.6867,536.3182,-131.7071,0.198779,-0.654040,0.708459,0.175515,0.563083,-1.852704,2.006856,0.177289,-0.348705,0.555929,0.202437,-3.097724,0.175852
185,1770215188049,2.055580,91.1049,536.3232,-132.1698,0.199347,-0.653889,0.708318,0.175999,0.564541,-1.851786,2.005925,0.178070,-0.348299,0.555938,0.205857,-3.097612,0.175935
186,1770215188060,2.066691,91.5616,536.4927,-132.3679,0.199862,-0.653732,0.708194,0.176494,0.565846,-1.850840,2.005033,0.178460,-0.348080,0.555952,0.207663,-3.097578,0.176020
187,1770215188071,2.077802,91.8730,536.4985,-132.8602,0.200553,-0.653642,0.707962,0.176977,0.567654,-1.850096,2.003845,0.178849,-0.347894,0.555935,0.209358,-3.097538,0.175995
188,1770215188082,2.088914,92.3498,536.4176,-133.2865,0.201142,-0.653482,0.707828,0.177437,0.569177,-1.849178,2.002962,0.179661,-0.347481,0.555934,0.213005,-3.097429,0.176040
189,1770215188094,2.100025,92.7705,536.3102,-133.7299,0.201563,-0.653296,0.707707,0.178124,0.570154,-1.847957,2.001868,0.180052,-0.347269,0.555941,0.214731,-3.097362,0.176146
190,1770215188105,2.111136,93.1891,536.1945,-134.4342,0.202142,-0.653103,0.707574,0.178703,0.571611,-1.846828,2.000861,0.180877,-0.346846,0.555936,0.218510,-3.097251,0.176174
191,1770215188116,2.122248,93.6103,536.1429,-134.9249,0.202870,-0.652989,0.707362,0.179133,0.573535,-1.846074,1.999790,0.181269,-0.346633,0.555947,0.220180,-3.097173,0.176226
192,1770215188127,2.133359,94.0512,536.0912,-135.4075,0.203424,-0.652842,0.707174,0.179779,0.574900,-1.845007,1.998554,0.181675,-0.346430,0.555938,0.221984,-3.097096,0.176202
193,1770215188138,2.144471,94.5799,536.2007,-135.8566,0.203950,-0.652767,0.706953,0.180325,0.576216,-1.844244,1.997335,0.182497,-0.345983,0.555951,0.225664,-3.096963,0.176343
194,1770215188149,2.155582,94.8583,536.1898,-136.2717,0.204524,-0.652579,0.706828,0.180847,0.577672,-1.843189,1.996414,0.182907,-0.345762,0.555953,0.227584,-3.096924,0.176410
195,1770215188160,2.166693,95.2592,536.1272,-136.8374,0.205164,-0.652403,0.706658,0.181418,0.579298,-1.842118,1.995314,0.183735,-0.345339,0.555937,0.231267,-3.096770,0.176365
196,1770215188171,2.177804,95.6715,536.0538,-137.1506,0.205793,-0.652287,0.706430,0.182010,0.580888,-1.841198,1.994026,0.184140,-0.345123,0.555934,0.233071,-3.096701,0.176397
197,1770215188182,2.188915,96.2043,536.0770,-137.6399,0.206381,-0.652115,0.706269,0.182582,0.582366,-1.840140,1.992951,0.184575,-0.344863,0.555963,0.235112,-3.096606,0.176600
198,1770215188194,2.200027,96.6870,536.1226,-138.1894,0.207134,-0.651981,0.706045,0.183075,0.584334,-1.839266,1.991785,0.185418,-0.344426,0.555947,0.238849,-3.096429,0.176540
199,1770215188205,2.211138,97.1508,536.1062,-138.7144,0.207724,-0.651773,0.705912,0.183662,0.585812,-1.838092,1.990772,0.185844,-0.344201,0.555944,0.240751,-3.096388,0.176569
200,1770215188216,2.222249,97.5976,536.0968,-139.2522,0.208317,-0.651617,0.705727,0.184252,0.587294,-1.837065,1.989613,0.186295,-0.343977,0.555926,0.242778,-3.096274,0.176458
201,1770215188227,2.233360,98.1641,536.2110,-139.9791,0.208955,-0.651373,0.705625,0.184780,0.588925,-1.835850,1.988755,0.187165,-0.343474,0.555953,0.246773,-3.096114,0.176712
202,1770215188238,2.244471,98.5658,536.2051,-140.5372,0.209638,-0.651178,0.705454,0.185346,0.590669,-1.834736,1.987663,0.187588,-0.343237,0.555963,0.248670,-3.096032,0.176764
203,1770215188249,2.255583,99.1139,536.3002,-140.9332,0.210199,-0.651002,0.705268,0.186039,0.592026,-1.833548,1.986389,0.188460,-0.342759,0.555958,0.252611,-3.095842,0.176815
204,1770215188260,2.266694,99.6145,536.3304,-141.5749,0.210859,-0.650849,0.705058,0.186623,0.593696,-1.832536,1.985169,0.188901,-0.342503,0.555971,0.254636,-3.095749,0.176942
205,1770215188271,2.277805,99.9922,536.2659,-141.9783,0.211449,-0.650681,0.704867,0.187257,0.595154,-1.831435,1.983950,0.189357,-0.342249,0.555972,0.256624,-3.095651,0.177035
206,1770215188282,2.288916,100.3563,536.2982,-142.4792,0.212255,-0.650550,0.704624,0.187719,0.597274,-1.830607,1.982768,0.190237,-0.341764,0.555968,0.260717,-3.095459,0.177010
207,1770215188294,2.300028,100.7594,536.3841,-143.0889,0.212921,-0.650281,0.704473,0.188460,0.598907,-1.829116,1.981546,0.190689,-0.341525,0.555959,0.262741,-3.095336,0.177029
208,1770215188305,2.311139,101.1230,536.4140,-143.6278,0.213686,-0.650152,0.704241,0.188907,0.600911,-1.828311,1.980415,0.191590,-0.341011,0.555964,0.266856,-3.095170,0.177132
209,1770215188316,2.322250,101.8130,536.4788,-144.2108,0.214117,-0.649890,0.704150,0.189656,0.601880,-1.826833,1.979357,0.192035,-0.340733,0.555991,0.268865,-3.095099,0.177275
210,1770215188327,2.333361,102.3799,536.4733,-144.6595,0.214810,-0.649680,0.703954,0.190321,0.603609,-1.825585,1.978093,0.192492,-0.340479,0.555983,0.270945,-3.094966,0.177276
211,1770215188338,2.344473,102.8619,536.6119,-145.2494,0.215401,-0.649489,0.703779,0.190951,0.605064,-1.824425,1.976928,0.193424,-0.339960,0.555976,0.275226,-3.094764,0.177326
212,1770215188349,2.355584,103.2557,536.3845,-145.7785,0.215958,-0.649226,0.703643,0.191714,0.606381,-1.822936,1.975732,0.193892,-0.339711,0.555958,0.277287,-3.094619,0.177292
213,1770215188360,2.366695,103.8645,536.6168,-146.5010,0.216850,-0.649146,0.703323,0.192154,0.608738,-1.822278,1.974362,0.194816,-0.339167,0.555978,0.281580,-3.094383,0.177419
214,1770215188371,2.377806,104.3141,536.4058,-147.0673,0.217365,-0.648935,0.703169,0.192849,0.609955,-1.821001,1.973189,0.195286,-0.338898,0.555973,0.283703,-3.094279,0.177417
215,1770215188382,2.388918,104.7537,536.4115,-147.6416,0.218159,-0.648758,0.702918,0.193461,0.611981,-1.819902,1.971832,0.195741,-0.338616,0.555988,0.285839,-3.094160,0.177545
216,1770215188394,2.400029,105.3429,536.4312,-148.3282,0.218800,-0.648644,0.702672,0.194012,0.613598,-1.819042,1.970557,0.196681,-0.338079,0.555982,0.290075,-3.093897,0.177583
217,1770215188405,2.411140,105.7502,536.3900,-149.0090,0.219515,-0.648468,0.702425,0.194686,0.615379,-1.817887,1.969148,0.197148,-0.337795,0.555996,0.292311,-3.093802,0.177688
218,1770215188416,2.422251,106.3464,536.4404,-149.4928,0.220300,-0.648356,0.702144,0.195183,0.617413,-1.817089,1.967834,0.197642,-0.337514,0.555988,0.294540,-3.093646,0.177673
219,1770215188427,2.433363,106.7468,536.5050,-150.0683,0.220938,-0.648117,0.701962,0.195912,0.618959,-1.815703,1.966550,0.198581,-0.336940,0.556002,0.298834,-3.093408,0.177834
220,1770215188438,2.444474,107.2552,536.4534,-150.5171,0.221726,-0.648015,0.701648,0.196478,0.620978,-1.814866,1.965073,0.199073,-0.336648,0.556008,0.301115,-3.093231,0.177896
221,1770215188449,2.455585,107.7114,536.5827,-151.1857,0.222342,-0.647771,0.701493,0.197141,0.622481,-1.813534,1.963936,0.200037,-0.336093,0.555996,0.305582,-3.092975,0.177891
222,1770215188460,2.466696,108.1977,536.6302,-151.8097,0.223142,-0.647587,0.701243,0.197729,0.624523,-1.812446,1.962617,0.200510,-0.335801,0.555999,0.307782,-3.092872,0.177885
223,1770215188471,2.477807,108.7520,536.5044,-152.7654,0.223950,-0.647384,0.700988,0.198387,0.626563,-1.811236,1.961208,0.201000,-0.335493,0.556016,0.310044,-3.092709,0.178073
224,1770215188482,2.488919,109.0919,536.4247,-153.3467,0.224613,-0.647168,0.700789,0.199043,0.628195,-1.809993,1.959961,0.201985,-0.334889,0.556022,0.314617,-3.092413,0.178165
225,1770215188494,2.500030,109.6716,536.4535,-153.9152,0.225336,-0.646916,0.700593,0.199732,0.629983,-1.808621,1.958687,0.202463,-0.334610,0.556016,0.316831,-3.092278,0.178162
226,1770215188505,2.511141,110.3753,536.3821,-154.5270,0.226110,-0.646710,0.700345,0.200395,0.631924,-1.807399,1.957296,0.203467,-0.334008,0.556011,0.321471,-3.091916,0.178189
227,1770215188516,2.522252,110.8671,536.2244,-155.0344,0.226700,-0.646435,0.700175,0.201204,0.633296,-1.805848,1.955973,0.203945,-0.333690,0.556028,0.323743,-3.091801,0.178330
228,1770215188527,2.533364,111.2268,536.2295,-155.5459,0.227765,-0.646299,0.699803,0.201734,0.636092,-1.804955,1.954378,0.204456,-0.333392,0.556021,0.326105,-3.091635,0.178275
229,1770215188538,2.544475,111.6928,536.3767,-156.3055,0.228612,-0.646120,0.699525,0.202312,0.638260,-1.803896,1.952997,0.205448,-0.332778,0.556025,0.330714,-3.091315,0.178386
230,1770215188549,2.555586,112.1644,536.3638,-156.9600,0.229317,-0.645869,0.699314,0.203046,0.639975,-1.802487,1.951639,0.205974,-0.332461,0.556008,0.333173,-3.091162,0.178366
231,1770215188560,2.566697,112.7695,536.6177,-157.6093,0.230043,-0.645607,0.699098,0.203800,0.641744,-1.801026,1.950249,0.206968,-0.331815,0.556034,0.337905,-3.090797,0.178574
232,1770215188571,2.577808,113.3605,536.5082,-158.2536,0.230756,-0.645341,0.698884,0.204570,0.643467,-1.799543,1.948849,0.207480,-0.331503,0.556030,0.340252,-3.090650,0.178551
233,1770215188582,2.588920,113.9479,536.2250,-158.9576,0.231515,-0.645116,0.698619,0.205322,0.645325,-1.798192,1.947327,0.207996,-0.331166,0.556044,0.342637,-3.090418,0.178710
234,1770215188594,2.600031,114.4668,536.1772,-159.6484,0.232321,-0.644922,0.698336,0.205984,0.647341,-1.797017,1.945848,0.209026,-0.330518,0.556045,0.347476,-3.090091,0.178780
235,1770215188605,2.611142,115.0925,536.4282,-160.5163,0.232996,-0.644602,0.698166,0.206798,0.648939,-1.795341,1.944530,0.209559,-0.330174,0.556047,0.350022,-3.089894,0.178819
236,1770215188616,2.622253,115.5782,536.4723,-161.1824,0.233857,-0.644383,0.697905,0.207387,0.651132,-1.794169,1.943192,0.210065,-0.329864,0.556038,0.352361,-3.089699,0.178783
237,1770215188627,2.633364,115.8842,536.4078,-161.7598,0.234463,-0.644077,0.697755,0.208158,0.652550,-1.792579,1.941975,0.211106,-0.329179,0.556048,0.357284,-3.089316,0.178934
238,1770215188638,2.644475,116.2898,536.5424,-162.3759,0.235286,-0.643858,0.697502,0.208754,0.654633,-1.791399,1.940653,0.211615,-0.328843,0.556062,0.359646,-3.089145,0.178987
239,1770215188649,2.655587,116.9711,536.6022,-163.1645,0.236253,-0.643697,0.697161,0.209298,0.657134,-1.790431,1.939141,0.212667,-0.328153,0.556074,0.364680,-3.088739,0.179156
240,1770215188660,2.666698,117.5005,536.6039,-163.8390,0.236939,-0.643353,0.696990,0.210148,0.658743,-1.788667,1.937788,0.213207,-0.327814,0.556063,0.367166,-3.088511,0.179143
241,1770215188671,2.677809,118.1062,536.8510,-164.5843,0.237798,-0.643241,0.696622,0.210741,0.660924,-1.787788,1.936153,0.213736,-0.327477,0.556053,0.369727,-3.088279,0.179129
242,1770215188682,2.688920,118.5557,536.7554,-165.2536,0.238569,-0.642958,0.696407,0.211444,0.662817,-1.786333,1.934831,0.214788,-0.326769,0.556070,0.374670,-3.087886,0.179294
243,1770215188694,2.700031,119.0267,536.7852,-165.9771,0.239222,-0.642699,0.696170,0.212270,0.664340,-1.784830,1.933323,0.215299,-0.326424,0.556075,0.377148,-3.087709,0.179305
244,1770215188705,2.711143,119.6383,536.5499,-166.7671,0.239982,-0.642589,0.695821,0.212886,0.666233,-1.783939,1.931722,0.216331,-0.325733,0.556085,0.382127,-3.087290,0.179433
245,1770215188716,2.722254,119.9195,536.4419,-167.3910,0.240676,-0.642287,0.695614,0.213694,0.667871,-1.782335,1.930316,0.216846,-0.325398,0.556073,0.384519,-3.087057,0.179437
246,1770215188727,2.733365,120.5125,536.4244,-168.0358,0.241307,-0.642087,0.695345,0.214453,0.669354,-1.781064,1.928794,0.217362,-0.325050,0.556081,0.387009,-3.086850,0.179509
247,1770215188738,2.744477,121.2530,536.5624,-168.9756,0.242315,-0.641941,0.694958,0.215009,0.671952,-1.780132,1.927149,0.218411,-0.324360,0.556071,0.391928,-3.086386,0.179531
248,1770215188749,2.755588,121.7318,536.5958,-169.5631,0.243070,-0.641630,0.694736,0.215801,0.673761,-1.778523,1.925726,0.218917,-0.323994,0.556088,0.394458,-3.086196,0.179709
249,1770215188760,2.766699,122.2558,536.5733,-170.3257,0.243875,-0.641375,0.694473,0.216495,0.675745,-1.777162,1.924288,0.219979,-0.323295,0.556065,0.399469,-3.085706,0.179621
250,1770215188771,2.777810,122.7683,536.4640,-171.0624,0.244757,-0.641169,0.694154,0.217133,0.677957,-1.775990,1.922754,0.220500,-0.322928,0.556075,0.401991,-3.085460,0.179716
251,1770215188782,2.788921,123.2353,536.5308,-171.8456,0.245545,-0.640898,0.693893,0.217876,0.679873,-1.774541,1.921274,0.221008,-0.322557,0.556100,0.404423,-3.085240,0.179844
252,1770215188794,2.800033,123.7275,536.6893,-172.5400,0.246252,-0.640665,0.693610,0.218663,0.681548,-1.773155,1.919691,0.222035,-0.321855,0.556101,0.409364,-3.084780,0.179895
253,1770215188805,2.811144,124.1571,536.7180,-173.2825,0.246966,-0.640360,0.693408,0.219392,0.683260,-1.771629,1.918392,0.222544,-0.321486,0.556113,0.411848,-3.084534,0.180044
254,1770215188816,2.822255,124.5561,536.8366,-174.0533,0.247841,-0.640181,0.693033,0.220112,0.685418,-1.770459,1.916623,0.223061,-0.321138,0.556104,0.414283,-3.084309,0.180003
255,1770215188827,2.833367,125.0178,536.8556,-174.8352,0.248705,-0.639918,0.692761,0.220756,0.687574,-1.769129,1.915220,0.224085,-0.320417,0.556111,0.419331,-3.083807,0.180075
256,1770215188838,2.844478,125.4715,536.7652,-175.4409,0.249455,-0.639636,0.692504,0.221532,0.689365,-1.767627,1.913725,0.224624,-0.320046,0.556100,0.421930,-3.083549,0.180130
257,1770215188849,2.855589,126.2362,537.0233,-176.2000,0.250226,-0.639467,0.692138,0.222293,0.691219,-1.766448,1.911945,0.225660,-0.319314,0.556110,0.426936,-3.083020,0.180188
258,1770215188860,2.866700,126.8310,536.9440,-176.9303,0.250984,-0.639193,0.691879,0.223031,0.693042,-1.765004,1.910486,0.226166,-0.318957,0.556106,0.429299,-3.082809,0.180198
259,1770215188871,2.877812,127.3003,536.8911,-177.2998,0.251598,-0.638878,0.691680,0.223860,0.694433,-1.763362,1.909102,0.226679,-0.318588,0.556102,0.431836,-3.082522,0.180257
260,1770215188882,2.888923,127.7228,536.9565,-177.8933,0.252337,-0.638624,0.691416,0.224568,0.696213,-1.762004,1.907660,0.227697,-0.317838,0.556127,0.436829,-3.082021,0.180435
261,1770215188894,2.900034,128.4023,537.1150,-178.9015,0.253129,-0.638484,0.691062,0.225161,0.698181,-1.761068,1.906088,0.228208,-0.317489,0.556108,0.439342,-3.081786,0.180370
262,1770215188905,2.911146,128.6140,537.0840,-179.4253,0.253862,-0.638159,0.690854,0.225894,0.699933,-1.759492,1.904780,0.229246,-0.316736,0.556109,0.444384,-3.081226,0.180427
263,1770215188916,2.922257,129.0712,537.1350,-180.1552,0.254758,-0.637934,0.690537,0.226491,0.702182,-1.758318,1.903307,0.229757,-0.316372,0.556107,0.446904,-3.080939,0.180445
264,1770215188927,2.933368,129.7529,537.1531,-181.1316,0.255374,-0.637675,0.690277,0.227315,0.703575,-1.756845,1.901767,0.230267,-0.315967,0.556139,0.449407,-3.080682,0.180665
265,1770215188938,2.944479,130.3121,537.1535,-181.7547,0.256234,-0.637423,0.689980,0.227956,0.705708,-1.755558,1.900309,0.231266,-0.315231,0.556139,0.454361,-3.080149,0.180730
266,1770215188949,2.955591,130.7781,537.2213,-182.5644,0.256896,-0.637145,0.689748,0.228691,0.707255,-1.754114,1.898934,0.231755,-0.314863,0.556145,0.456769,-3.079871,0.180784
267,1770215188960,2.966702,131.2294,537.2751,-183.2782,0.257657,-0.636864,0.689496,0.229374,0.709097,-1.752714,1.897561,0.232748,-0.314141,0.556137,0.461595,-3.079343,0.180792
268,1770215188971,2.977813,131.8117,536.9145,-184.1110,0.258450,-0.636685,0.689151,0.230015,0.711041,-1.751630,1.895973,0.233232,-0.313774,0.556147,0.464003,-3.079059,0.180863
269,1770215188982,2.988924,132.3102,536.9052,-184.9051,0.259252,-0.636437,0.688853,0.230692,0.712993,-1.750327,1.894480,0.233734,-0.313403,0.556144,0.466529,-3.078793,0.180892
270,1770215188994,3.000036,132.8059,536.8526,-185.6189,0.259970,-0.636137,0.688622,0.231399,0.714704,-1.748854,1.893144,0.234713,-0.312640,0.556166,0.471428,-3.078259,0.181044
271,1770215189005,3.011147,133.3590,537.0010,-186.4502,0.260786,-0.635870,0.688335,0.232067,0.716695,-1.747508,1.891692,0.235226,-0.312260,0.556163,0.473963,-3.077939,0.181084
272,1770215189016,3.022258,133.8996,536.9650,-187.1385,0.261479,-0.635596,0.688086,0.232775,0.718334,-1.746107,1.890306,0.235724,-0.311892,0.556151,0.476369,-3.077631,0.181048
273,1770215189027,3.033369,134.3696,536.9714,-187.8978,0.262194,-0.635295,0.687832,0.233541,0.720010,-1.744581,1.888854,0.236706,-0.311136,0.556164,0.481262,-3.077053,0.181131
274,1770215189038,3.044481,134.6936,537.1539,-188.4822,0.262993,-0.634993,0.687548,0.234302,0.721917,-1.743056,1.887320,0.237200,-0.310759,0.556162,0.483711,-3.076776,0.181197
275,1770215189049,3.055592,135.0000,536.9280,-189.0091,0.263860,-0.634778,0.687200,0.234927,0.724061,-1.741897,1.885749,0.238191,-0.310019,0.556145,0.488587,-3.076183,0.181169
276,1770215189060,3.066703,135.4585,536.9209,-189.7705,0.264725,-0.634475,0.686920,0.235592,0.726181,-1.740462,1.884325,0.238680,-0.309616,0.556170,0.491115,-3.075842,0.181322
277,1770215189071,3.077814,135.7824,537.0438,-190.4415,0.265582,-0.634262,0.686559,0.236253,0.728279,-1.739275,1.882684,0.239193,-0.309219,0.556174,0.493734,-3.075543,0.181366
278,1770215189082,3.088926,136.4294,537.0493,-191.4299,0.266169,-0.633824,0.686450,0.237084,0.729574,-1.737320,1.881569,0.240181,-0.308428,0.556188,0.498652,-3.074982,0.181495
279,1770215189094,3.100037,136.9691,537.0275,-192.1273,0.266886,-0.633651,0.686085,0.237794,0.731268,-1.736204,1.879872,0.240687,-0.308040,0.556183,0.501176,-3.074601,0.181506
280,1770215189105,3.111148,137.3462,536.9445,-192.7784,0.267528,-0.633287,0.685903,0.238564,0.732733,-1.734511,1.878621,0.241656,-0.307267,0.556200,0.506111,-3.074020,0.181671
281,1770215189116,3.122260,137.7310,536.8735,-193.4427,0.268316,-0.633063,0.685576,0.239212,0.734644,-1.733310,1.877091,0.242143,-0.306878,0.556202,0.508577,-3.073719,0.181717
282,1770215189127,3.133371,138.2479,537.0166,-194.2865,0.268909,-0.632778,0.685342,0.239971,0.735975,-1.731846,1.875708,0.242635,-0.306514,0.556176,0.511004,-3.073396,0.181582
283,1770215189138,3.144482,138.7013,536.9520,-195.0986,0.269755,-0.632622,0.684941,0.240580,0.738057,-1.730869,1.874014,0.243604,-0.305724,0.556196,0.515885,-3.072736,0.181745
284,1770215189149,3.155593,139.1613,536.9389,-195.7998,0.270458,-0.632351,0.684665,0.241286,0.739707,-1.729493,1.872571,0.244091,-0.305315,0.556215,0.518423,-3.072420,0.181866
285,1770215189160,3.166704,139.5898,536.8749,-196.5370,0.271223,-0.632067,0.684380,0.241979,0.741534,-1.728092,1.871117,0.245073,-0.304534,0.556204,0.523391,-3.071783,0.181828
286,1770215189171,3.177816,140.0718,536.5919,-197.2174,0.271949,-0.631769,0.684108,0.242713,0.743234,-1.726618,1.869660,0.245548,-0.304146,0.556210,0.525810,-3.071442,0.181957
287,1770215189182,3.188927,140.5439,536.8947,-198.1178,0.272610,-0.631516,0.683823,0.243428,0.744763,-1.725287,1.868189,0.246043,-0.303738,0.556214,0.528313,-3.071119,0.181947
288,1770215189194,3.200038,140.9745,536.8366,-198.9074,0.273281,-0.631321,0.683501,0.244085,0.746344,-1.724166,1.866670,0.246994,-0.302977,0.556201,0.533146,-3.070477,0.182004
289,1770215189205,3.211150,141.3875,536.8028,-199.6681,0.274141,-0.631083,0.683152,0.244712,0.748447,-1.722954,1.865112,0.247479,-0.302561,0.556222,0.535623,-3.070136,0.182129
290,1770215189216,3.222261,141.7953,536.9358,-200.3570,0.274832,-0.630749,0.682909,0.245477,0.750036,-1.721360,1.863707,0.247978,-0.302155,0.556222,0.538190,-3.069759,0.182185
291,1770215189227,3.233372,142.1968,536.9337,-201.1550,0.275647,-0.630466,0.682594,0.246163,0.751992,-1.719977,1.862187,0.248936,-0.301345,0.556235,0.543160,-3.069119,0.182232
292,1770215189238,3.244483,142.7429,536.9595,-201.9830,0.276445,-0.630227,0.682250,0.246834,0.753909,-1.718725,1.860602,0.249424,-0.300938,0.556234,0.545670,-3.068745,0.182287
293,1770215189249,3.255595,143.1125,536.9488,-202.7292,0.277246,-0.629946,0.681930,0.247535,0.755819,-1.717337,1.859053,0.250385,-0.300131,0.556239,0.550648,-3.068059,0.182398
294,1770215189260,3.266706,143.6158,537.2458,-203.4060,0.277899,-0.629624,0.681690,0.248283,0.757304,-1.715794,1.857679,0.250858,-0.299745,0.556236,0.553048,-3.067691,0.182396
295,1770215189271,3.277817,144.0269,537.2865,-204.0245,0.278562,-0.629265,0.681487,0.249009,0.758825,-1.714170,1.856427,0.251320,-0.299371,0.556222,0.555418,-3.067358,0.182348
296,1770215189282,3.288928,144.5692,537.4240,-205.1352,0.279411,-0.628970,0.681161,0.249694,0.760869,-1.712760,1.854882,0.252265,-0.298571,0.556233,0.560297,-3.066644,0.182426
297,1770215189294,3.300039,144.8058,537.3824,-205.8169,0.280130,-0.628654,0.680894,0.250408,0.762547,-1.711269,1.853472,0.252720,-0.298169,0.556244,0.562658,-3.066286,0.182553
298,1770215189305,3.311150,145.2371,537.4154,-206.6512,0.280907,-0.628361,0.680579,0.251129,0.764376,-1.709834,1.851926,0.253682,-0.297359,0.556236,0.567577,-3.065561,0.182518
299,1770215189316,3.322261,145.6968,537.3447,-207.3517,0.281740,-0.627979,0.680353,0.251764,0.766393,-1.708233,1.850702,0.254146,-0.296952,0.556244,0.570068,-3.065257,0.182585
300,1770215189327,3.333373,146.3274,537.2518,-208.2552,0.282540,-0.627684,0.680024,0.252492,0.768279,-1.706789,1.849113,0.254611,-0.296526,0.556268,0.572496,-3.064859,0.182737
301,1770215189338,3.344484,146.6209,537.2956,-208.7672,0.283155,-0.627357,0.679788,0.253249,0.769652,-1.705234,1.847749,0.255550,-0.295729,0.556252,0.577378,-3.064135,0.182734
302,1770215189349,3.355595,147.1394,537.2289,-209.5409,0.283984,-0.627093,0.679465,0.253843,0.771667,-1.703995,1.846305,0.256040,-0.295305,0.556257,0.579907,-3.063739,0.182730
303,1770215189360,3.366706,147.6052,537.2336,-210.3532,0.284859,-0.626793,0.679144,0.254461,0.773799,-1.702637,1.844845,0.256989,-0.294476,0.556262,0.584905,-3.063019,0.182813
304,1770215189371,3.377818,148.0468,537.2757,-211.2422,0.285613,-0.626460,0.678842,0.255238,0.775537,-1.701052,1.843289,0.257467,-0.294046,0.556264,0.587439,-3.062649,0.182910
305,1770215189382,3.388929,148.3451,537.2887,-211.9177,0.286414,-0.626154,0.678519,0.255950,0.777427,-1.699600,1.841735,0.257954,-0.293620,0.556265,0.589957,-3.062214,0.182971
306,1770215189394,3.400040,148.8237,537.3378,-212.8864,0.287104,-0.625782,0.678267,0.256752,0.778979,-1.697890,1.840292,0.258913,-0.292768,0.556271,0.595039,-3.061433,0.183006
307,1770215189405,3.411151,149.1202,537.3619,-213.5979,0.288018,-0.625484,0.677967,0.257246,0.781260,-1.696650,1.839012,0.259391,-0.292374,0.556246,0.597573,-3.061031,0.182883
308,1770215189416,3.422263,149.4175,537.3675,-214.2292,0.288805,-0.625164,0.677667,0.257931,0.783118,-1.695185,1.837551,0.259844,-0.291950,0.556261,0.599915,-3.060664,0.183005
309,1770215189427,3.433374,149.7867,537.3248,-214.9663,0.289507,-0.624835,0.677389,0.258670,0.784726,-1.693650,1.836100,0.260763,-0.291135,0.556253,0.604774,-3.059905,0.183054
310,1770215189438,3.444485,150.2697,537.5878,-215.5367,0.290254,-0.624622,0.677021,0.259311,0.786490,-1.692516,1.834499,0.261226,-0.290692,0.556279,0.607263,-3.059505,0.183195
311,1770215189449,3.455597,150.5980,537.6780,-216.2956,0.291112,-0.624394,0.676641,0.259890,0.788582,-1.691393,1.832924,0.262142,-0.289864,0.556282,0.612157,-3.058726,0.183225
312,1770215189460,3.466708,150.9359,537.7446,-217.0718,0.291845,-0.624059,0.676354,0.260617,0.790272,-1.689858,1.831465,0.262611,-0.289463,0.556263,0.614648,-3.058307,0.183124
313,1770215189471,3.477819,151.6092,537.7823,-218.0527,0.292447,-0.623791,0.676040,0.261401,0.791584,-1.688450,1.829876,0.263069,-0.289030,0.556279,0.617096,-3.057891,0.183231
314,1770215189482,3.488930,152.1333,537.5634,-219.0557,0.293263,-0.623544,0.675650,0.262081,0.793516,-1.687195,1.828185,0.263982,-0.288185,0.556291,0.621964,-3.057091,0.183397
315,1770215189494,3.500042,152.6795,537.4652,-219.8575,0.293954,-0.623245,0.675309,0.262899,0.795053,-1.685679,1.826496,0.264437,-0.287765,0.556291,0.624446,-3.056713,0.183393
316,1770215189505,3.511153,153.0685,537.4912,-220.7111,0.294749,-0.622973,0.674959,0.263552,0.796935,-1.684380,1.824939,0.265375,-0.286896,0.556287,0.629481,-3.055871,0.183427
317,1770215189516,3.522264,153.4281,537.5364,-221.5673,0.295505,-0.622679,0.674625,0.264253,0.798694,-1.682983,1.823382,0.265851,-0.286452,0.556293,0.632026,-3.055447,0.183472
318,1770215189527,3.533375,153.7443,537.5884,-222.2115,0.296226,-0.622433,0.674265,0.264943,0.800359,-1.681724,1.821767,0.266294,-0.286042,0.556293,0.634405,-3.055047,0.183515
319,1770215189538,3.544487,154.1055,537.6278,-223.0736,0.296967,-0.622084,0.673971,0.265680,0.802059,-1.680147,1.820287,0.267227,-0.285187,0.556277,0.639347,-3.054197,0.183438
320,1770215189549,3.555598,154.4508,537.6586,-223.5851,0.297806,-0.621855,0.673571,0.266288,0.804076,-1.679009,1.818642,0.267681,-0.284743,0.556293,0.641930,-3.053768,0.183533
321,1770215189560,3.566709,154.7675,537.8380,-224.3078,0.298522,-0.621612,0.673190,0.267019,0.805708,-1.677726,1.816935,0.268591,-0.283860,0.556308,0.646873,-3.052937,0.183651
322,1770215189571,3.577821,155.0970,537.7997,-225.0932,0.299322,-0.621304,0.672856,0.267679,0.807596,-1.676331,1.815423,0.269045,-0.283427,0.556312,0.649315,-3.052482,0.183744
323,1770215189582,3.588932,155.3968,537.8676,-225.8708,0.300013,-0.620979,0.672559,0.268406,0.809159,-1.674833,1.813947,0.269490,-0.283018,0.556303,0.651731,-3.052069,0.183745
324,1770215189594,3.600043,155.8763,538.0521,-226.6339,0.300801,-0.620791,0.672125,0.269046,0.811022,-1.673779,1.812185,0.270385,-0.282128,0.556323,0.656679,-3.051245,0.183856
325,1770215189605,3.611154,156.5129,537.8287,-227.5556,0.301636,-0.620530,0.671722,0.269717,0.812995,-1.672505,1.810481,0.270834,-0.281727,0.556304,0.659046,-3.050780,0.183800
326,1770215189616,3.622266,156.8906,537.8537,-228.3667,0.302391,-0.620140,0.671449,0.270448,0.814727,-1.670829,1.809072,0.271284,-0.281267,0.556324,0.661569,-3.050338,0.183898
327,1770215189627,3.633377,157.4410,537.5989,-229.0870,0.302800,-0.619944,0.671114,0.271269,0.815487,-1.669605,1.807414,0.272171,-0.280400,0.556332,0.666398,-3.049495,0.183996
328,1770215189638,3.644488,157.7327,537.4653,-229.8693,0.303666,-0.619652,0.670705,0.271980,0.817524,-1.668214,1.805660,0.272631,-0.279958,0.556325,0.668981,-3.049045,0.183976
329,1770215189649,3.655599,158.0486,537.4675,-230.6039,0.304351,-0.619270,0.670461,0.272685,0.819074,-1.666589,1.804355,0.273515,-0.279095,0.556319,0.673813,-3.048132,0.184035
330,1770215189660,3.666711,158.3632,537.3732,-231.4505,0.305260,-0.618972,0.670043,0.273372,0.821233,-1.665205,1.802601,0.273958,-0.278653,0.556333,0.676257,-3.047673,0.184062
331,1770215189671,3.677822,158.7074,537.2563,-232.2830,0.305958,-0.618596,0.669780,0.274086,0.822813,-1.663590,1.801240,0.274388,-0.278216,0.556342,0.678657,-3.047269,0.184169
332,1770215189682,3.688933,159.0558,537.2477,-233.1225,0.306730,-0.618280,0.669438,0.274771,0.824603,-1.662162,1.799694,0.275298,-0.277343,0.556321,0.683619,-3.046313,0.184096
333,1770215189694,3.700044,159.6264,537.3931,-233.9488,0.307411,-0.617953,0.669102,0.275564,0.826100,-1.660616,1.798066,0.275741,-0.276892,0.556329,0.686105,-3.045867,0.184151
334,1770215189709,3.715644,160.1625,537.4606,-235.1636,0.308509,-0.617451,0.668682,0.276480,0.828665,-1.658495,1.796105,0.276637,-0.275991,0.556329,0.691036,-3.044947,0.184197
335,1770215189720,3.726756,160.5217,537.5310,-235.9091,0.309169,-0.617240,0.668284,0.277175,0.830147,-1.657346,1.794404,0.277522,-0.275087,0.556345,0.696042,-3.044019,0.184313
336,1770215189731,3.737867,160.8587,537.5790,-236.5921,0.310072,-0.616975,0.667931,0.277608,0.832389,-1.656271,1.793061,0.277955,-0.274632,0.556359,0.698447,-3.043565,0.184447
337,1770215189742,3.748978,161.0404,537.7343,-237.4116,0.310705,-0.616643,0.667648,0.278317,0.833789,-1.654785,1.791659,0.278395,-0.274192,0.556353,0.700972,-3.043093,0.184371
338,1770215189754,3.760089,161.5797,537.5000,-238.1243,0.311239,-0.616259,0.667415,0.279128,0.834879,-1.653076,1.790299,0.279263,-0.273310,0.556348,0.705803,-3.042153,0.184418
339,1770215189765,3.771201,162.0504,537.5335,-239.0481,0.312192,-0.615997,0.666986,0.279668,0.837207,-1.651922,1.788660,0.279697,-0.272862,0.556354,0.708266,-3.041682,0.184496
340,1770215189776,3.782312,162.4420,537.6146,-239.9110,0.312809,-0.615698,0.666610,0.280531,0.838496,-1.650400,1.786870,0.280154,-0.272406,0.556343,0.710757,-3.041163,0.184416
341,1770215189787,3.793423,162.7991,537.6542,-240.7963,0.313604,-0.615399,0.666251,0.281151,0.840363,-1.649083,1.785351,0.281024,-0.271500,0.556345,0.715663,-3.040205,0.184460
342,1770215189798,3.804534,163.1141,537.6959,-241.6249,0.314340,-0.615050,0.665946,0.281817,0.842052,-1.647591,1.783933,0.281452,-0.271044,0.556357,0.718172,-3.039758,0.184578
343,1770215189809,3.815646,163.2904,538.0044,-242.1999,0.315144,-0.614838,0.665489,0.282458,0.843933,-1.646492,1.782133,0.282308,-0.270132,0.556370,0.723025,-3.038754,0.184675
344,1770215189820,3.826757,163.6425,537.9331,-243.0905,0.315776,-0.614528,0.665181,0.283153,0.845328,-1.645085,1.780681,0.282734,-0.269693,0.556367,0.725477,-3.038296,0.184646
345,1770215189831,3.837868,163.7978,537.9379,-243.7824,0.316550,-0.614243,0.664787,0.283832,0.847111,-1.643758,1.779018,0.283166,-0.269252,0.556359,0.727897,-3.037800,0.184672
346,1770215189842,3.848979,164.1181,537.8183,-244.5257,0.317368,-0.613812,0.664495,0.284533,0.849001,-1.642025,1.777609,0.284016,-0.268328,0.556377,0.732817,-3.036817,0.184787
347,1770215189854,3.860091,164.4068,537.8513,-245.3388,0.318145,-0.613500,0.664126,0.285200,0.850794,-1.640638,1.776024,0.284448,-0.267876,0.556368,0.735203,-3.036332,0.184751
348,1770215189865,3.871202,165.0740,537.7989,-246.2874,0.318895,-0.613118,0.663744,0.286070,0.852426,-1.638899,1.774227,0.285294,-0.266969,0.556379,0.740087,-3.035350,0.184807
349,1770215189876,3.882313,165.5148,537.9719,-247.0636,0.319630,-0.612917,0.663296,0.286721,0.854110,-1.637825,1.772447,0.285721,-0.266514,0.556371,0.742578,-3.034824,0.184831
350,1770215189887,3.893424,165.8614,538.0172,-247.8730,0.320446,-0.612605,0.662948,0.287282,0.856048,-1.636529,1.771017,0.286138,-0.266069,0.556374,0.744923,-3.034334,0.184873
351,1770215189898,3.904536,166.1211,537.8597,-248.4690,0.321039,-0.612243,0.662657,0.288059,0.857297,-1.634925,1.769549,0.286957,-0.265183,0.556370,0.749658,-3.033366,0.184907
352,1770215189909,3.915647,166.4205,537.8338,-249.1603,0.321988,-0.611983,0.662230,0.288534,0.859627,-1.633839,1.767988,0.287384,-0.264716,0.556377,0.752097,-3.032858,0.184908
353,1770215189920,3.926758,166.6911,537.7524,-250.1995,0.322579,-0.611522,0.662010,0.289354,0.860851,-1.631936,1.766672,0.288215,-0.263790,0.556388,0.757021,-3.031870,0.185008
354,1770215189931,3.937869,167.0424,537.6890,-251.1048,0.323322,-0.611149,0.661662,0.290110,0.862506,-1.630322,1.765073,0.288647,-0.263329,0.556383,0.759480,-3.031302,0.185045
355,1770215189942,3.948981,167.3489,537.6687,-251.9398,0.324121,-0.610855,0.661274,0.290720,0.864372,-1.629040,1.763498,0.289080,-0.262849,0.556386,0.762027,-3.030757,0.185029
356,1770215189954,3.960092,167.7540,537.7343,-252.6731,0.324870,-0.610529,0.660920,0.291373,0.866085,-1.627638,1.761977,0.289911,-0.261916,0.556392,0.766826,-3.029739,0.185144
357,1770215189965,3.971203,168.1275,537.6333,-253.5375,0.325616,-0.610115,0.660638,0.292049,0.867781,-1.625982,1.760628,0.289911,-0.261916,0.556392,0.766826,-3.029739,0.185144
358,1770215189976,3.982354,168.5339,537.6409,-254.3477,0.326391,-0.609862,0.660202,0.292696,0.869564,-1.624781,1.758894,0.290757,-0.260983,0.556385,0.771832,-3.028678,0.185120
359,1770215189987,3.993465,168.8295,537.6021,-255.1939,0.327107,-0.609485,0.659875,0.293420,0.871155,-1.623187,1.757388,0.290757,-0.260983,0.556385,0.771832,-3.028678,0.185120
360,1770215189998,4.004576,168.9970,537.6367,-256.0527,0.327783,-0.609107,0.659538,0.294205,0.872614,-1.621543,1.755801,0.291588,-0.260019,0.556412,0.776755,-3.027616,0.185253
361,1770215190009,4.015688,169.1871,537.5057,-256.7263,0.328558,-0.608773,0.659141,0.294921,0.874363,-1.620075,1.754114,0.292445,-0.259085,0.556393,0.781733,-3.026519,0.185199
362,1770215190020,4.026836,169.7189,537.7429,-257.6249,0.329278,-0.608403,0.658752,0.295750,0.875915,-1.618418,1.752353,0.292445,-0.259085,0.556393,0.781733,-3.026519,0.185199
363,1770215190031,4.037948,170.0775,537.7783,-258.3776,0.330038,-0.608147,0.658307,0.296418,0.877644,-1.617198,1.750585,0.293273,-0.258122,0.556415,0.786683,-3.025470,0.185318
364,1770215190043,4.049059,170.3113,537.8237,-259.1703,0.330853,-0.607878,0.657895,0.296977,0.879566,-1.616031,1.749001,0.294097,-0.257177,0.556415,0.791597,-3.024356,0.185364
365,1770215190054,4.060170,170.5095,537.8560,-259.9317,0.331476,-0.607497,0.657593,0.297731,0.880890,-1.614410,1.747539,0.294900,-0.256245,0.556416,0.796398,-3.023319,0.185443
366,1770215190065,4.071281,170.8253,538.0681,-260.8192,0.332364,-0.607248,0.657141,0.298247,0.883023,-1.613333,1.745889,0.295703,-0.255299,0.556435,0.801258,-3.022222,0.185537
367,1770215190076,4.082393,171.0740,538.1291,-261.6913,0.333002,-0.606814,0.656883,0.298984,0.884393,-1.611587,1.744564,0.296103,-0.254818,0.556443,0.803654,-3.021691,0.185608
368,1770215190087,4.093504,171.3719,537.9232,-262.3676,0.333831,-0.606483,0.656451,0.299681,0.886287,-1.610149,1.742808,0.296522,-0.254345,0.556433,0.806124,-3.021134,0.185548
369,1770215190098,4.104615,171.9294,537.9434,-263.2870,0.334437,-0.606165,0.656100,0.300417,0.887569,-1.608715,1.741238,0.297326,-0.253402,0.556435,0.810959,-3.020012,0.185628
370,1770215190109,4.115727,172.2100,538.0186,-264.2136,0.335258,-0.605859,0.655681,0.301030,0.889476,-1.607412,1.739596,0.297736,-0.252906,0.556446,0.813463,-3.019447,0.185700
371,1770215190120,4.126838,172.3123,538.3307,-264.8566,0.335977,-0.605580,0.655271,0.301683,0.891094,-1.606149,1.737943,0.298551,-0.251963,0.556431,0.818357,-3.018305,0.185643
372,1770215190131,4.137949,172.6385,538.2474,-265.5631,0.336693,-0.605244,0.654909,0.302344,0.892701,-1.604730,1.736412,0.298935,-0.251497,0.556438,0.820700,-3.017784,0.185708
373,1770215190143,4.149060,173.0064,537.9725,-266.4477,0.337322,-0.604793,0.654661,0.303081,0.894040,-1.602949,1.735118,0.299334,-0.251029,0.556430,0.823096,-3.017240,0.185718
374,1770215190154,4.160171,173.3751,538.0466,-267.3792,0.338020,-0.604496,0.654242,0.303799,0.895572,-1.601589,1.733390,0.300134,-0.250065,0.556443,0.828037,-3.016063,0.185722
375,1770215190165,4.171283,173.6058,538.0790,-268.2032,0.338746,-0.604157,0.653855,0.304499,0.897182,-1.600132,1.731761,0.300537,-0.249556,0.556457,0.830489,-3.015518,0.185823
376,1770215190176,4.182394,173.8703,538.1739,-269.1028,0.339499,-0.603775,0.653507,0.305165,0.898880,-1.598593,1.730266,0.300935,-0.249089,0.556446,0.832937,-3.014942,0.185779
377,1770215190187,4.193505,174.2300,538.1779,-269.9865,0.340357,-0.603534,0.653025,0.305717,0.900904,-1.597517,1.728517,0.301767,-0.248094,0.556435,0.837981,-3.013716,0.185786
378,1770215190198,4.204617,174.6454,538.0130,-270.7505,0.340989,-0.603147,0.652705,0.306457,0.902246,-1.595909,1.727037,0.302138,-0.247589,0.556472,0.840361,-3.013191,0.185977
379,1770215190209,4.215728,174.8804,538.0176,-271.5726,0.341613,-0.602747,0.652386,0.307229,0.903550,-1.594238,1.725531,0.302944,-0.246628,0.556458,0.845269,-3.011962,0.185932
380,1770215190220,4.226839,175.0638,538.1617,-272.4257,0.342457,-0.602451,0.651967,0.307759,0.905544,-1.593037,1.723970,0.303328,-0.246162,0.556450,0.847611,-3.011417,0.185882
381,1770215190231,4.237950,175.4022,538.0984,-273.2508,0.343211,-0.602147,0.651544,0.308408,0.907246,-1.591722,1.722297,0.303715,-0.245665,0.556461,0.850063,-3.010806,0.185963
382,1770215190243,4.249061,175.7131,538.1737,-274.2321,0.344034,-0.601818,0.651123,0.309023,0.909145,-1.590368,1.720660,0.304504,-0.244682,0.556467,0.854974,-3.009643,0.186019
383,1770215190254,4.260172,176.0260,538.0662,-274.8985,0.344638,-0.601430,0.650847,0.309684,0.910444,-1.588822,1.719369,0.304905,-0.244199,0.556453,0.857389,-3.009023,0.185990
384,1770215190265,4.271283,176.2433,538.0882,-275.7229,0.345385,-0.601056,0.650470,0.310369,0.912108,-1.587296,1.717791,0.305673,-0.243191,0.556482,0.862321,-3.007868,0.186129
385,1770215190276,4.282395,176.6140,538.1222,-276.6004,0.345873,-0.600655,0.650243,0.311077,0.913078,-1.585682,1.716590,0.306062,-0.242722,0.556469,0.864746,-3.007214,0.186070
386,1770215190287,4.293506,176.8820,538.1221,-277.4441,0.346556,-0.600262,0.649892,0.311809,0.914549,-1.584071,1.715044,0.306445,-0.242228,0.556475,0.867097,-3.006648,0.186155
387,1770215190298,4.304617,177.1618,538.1234,-278.4020,0.347250,-0.599915,0.649523,0.312474,0.916079,-1.582635,1.713505,0.307208,-0.241233,0.556492,0.871977,-3.005444,0.186256
388,1770215190309,4.315729,177.5206,538.0803,-279.0203,0.347914,-0.599548,0.649189,0.313131,0.917534,-1.581154,1.712070,0.307593,-0.240744,0.556484,0.874444,-3.004856,0.186218
389,1770215190320,4.326840,177.7878,538.0917,-279.8893,0.348692,-0.599181,0.648788,0.313800,0.919282,-1.579665,1.710448,0.308379,-0.239762,0.556477,0.879320,-3.003627,0.186209
390,1770215190331,4.337951,178.0994,538.2495,-280.7245,0.349471,-0.598801,0.648415,0.314429,0.921050,-1.578174,1.708934,0.308750,-0.239272,0.556482,0.881723,-3.003027,0.186199
391,1770215190343,4.349062,178.4123,538.2670,-281.6697,0.350128,-0.598404,0.648103,0.315096,0.922477,-1.576607,1.707549,0.309139,-0.238738,0.556500,0.884313,-3.002344,0.186321
392,1770215190354,4.360174,178.6814,538.2259,-282.4837,0.350904,-0.598012,0.647710,0.315785,0.924207,-1.575040,1.705935,0.309894,-0.237759,0.556498,0.889037,-3.001133,0.186351
393,1770215190365,4.371285,178.9225,538.2281,-283.3311,0.351566,-0.597659,0.647320,0.316516,0.925618,-1.573545,1.704292,0.310270,-0.237264,0.556497,0.891440,-3.000531,0.186358
394,1770215190376,4.382396,179.2255,538.0982,-284.2111,0.352279,-0.597301,0.646969,0.317115,0.927223,-1.572139,1.702868,0.310648,-0.236765,0.556507,0.893849,-2.999891,0.186399
395,1770215190387,4.393507,179.4197,538.0300,-284.8276,0.353058,-0.597017,0.646466,0.317810,0.928955,-1.570852,1.700961,0.311394,-0.235795,0.556496,0.898639,-2.998682,0.186354
396,1770215190398,4.404618,179.7716,538.0323,-285.7723,0.353811,-0.596617,0.646078,0.318512,0.930616,-1.569257,1.699353,0.311774,-0.235283,0.556504,0.901066,-2.998036,0.186413
397,1770215190409,4.415730,179.9285,538.0234,-286.5705,0.354560,-0.596140,0.645784,0.319167,0.932285,-1.567498,1.698034,0.312513,-0.234287,0.556512,0.905931,-2.996823,0.186471
398,1770215190420,4.426841,180.0905,538.1165,-287.4707,0.355387,-0.595790,0.645321,0.319837,0.934152,-1.566063,1.696257,0.312899,-0.233771,0.556510,0.908463,-2.996126,0.186459
399,1770215190431,4.437952,180.1933,537.9486,-288.3605,0.356019,-0.595348,0.645052,0.320498,0.935509,-1.564394,1.695001,0.313262,-0.233271,0.556520,0.910828,-2.995525,0.186502
400,1770215190443,4.449064,180.2836,538.0970,-289.2804,0.356779,-0.595045,0.644597,0.321133,0.937213,-1.563108,1.693276,0.314012,-0.232277,0.556507,0.915647,-2.994231,0.186554
401,1770215190454,4.460175,180.7098,537.8110,-289.8785,0.357411,-0.594742,0.644208,0.321770,0.938582,-1.561825,1.691724,0.314363,-0.231759,0.556534,0.918056,-2.993638,0.186602
402,1770215190465,4.471286,180.9547,537.9871,-290.7632,0.358123,-0.594313,0.643852,0.322483,0.940122,-1.560152,1.690199,0.315105,-0.230768,0.556523,0.922857,-2.992343,0.186613
403,1770215190476,4.482398,181.1647,537.9728,-291.6544,0.358876,-0.593962,0.643439,0.323115,0.941808,-1.558747,1.688593,0.315472,-0.230278,0.556515,0.925262,-2.991677,0.186595
404,1770215190487,4.493509,181.5910,538.0500,-292.7208,0.359779,-0.593594,0.642951,0.323759,0.943878,-1.557290,1.686779,0.315844,-0.229767,0.556517,0.927744,-2.991002,0.186572
405,1770215190498,4.504620,181.8076,538.0356,-293.6441,0.360453,-0.593214,0.642593,0.324414,0.945344,-1.555796,1.685300,0.316556,-0.228747,0.556539,0.932455,-2.989738,0.186687
406,1770215190509,4.515731,182.1790,538.1787,-294.3798,0.361101,-0.592786,0.642204,0.325245,0.946658,-1.554040,1.683594,0.316919,-0.228253,0.556532,0.934874,-2.989111,0.186722
407,1770215190520,4.526843,182.4953,538.2016,-295.1763,0.361817,-0.592344,0.641881,0.325892,0.948234,-1.552391,1.682216,0.317639,-0.227240,0.556537,0.939704,-2.987773,0.186714
408,1770215190531,4.537954,182.5190,538.0804,-295.9900,0.362448,-0.591971,0.641544,0.326533,0.949591,-1.550926,1.680804,0.317988,-0.226743,0.556545,0.942021,-2.987144,0.186819
409,1770215190543,4.549065,182.7025,538.0950,-296.9153,0.363156,-0.591618,0.641115,0.327229,0.951121,-1.549473,1.679108,0.318338,-0.226247,0.556550,0.944396,-2.986499,0.186806
410,1770215190554,4.560177,182.9225,538.2066,-297.5052,0.364066,-0.591309,0.640631,0.327723,0.953276,-1.548290,1.677436,0.319049,-0.225207,0.556560,0.949195,-2.985189,0.186880
411,1770215190565,4.571288,183.1644,538.0721,-298.3577,0.364828,-0.590924,0.640208,0.328395,0.954958,-1.546775,1.675779,0.319421,-0.224700,0.556557,0.951655,-2.984502,0.186872
412,1770215190576,4.582399,183.5020,538.2075,-299.2317,0.365560,-0.590541,0.639806,0.329052,0.956566,-1.545277,1.674188,0.319784,-0.224187,0.556548,0.954136,-2.983818,0.186859
413,1770215190587,4.593510,183.7987,538.2283,-300.1421,0.366128,-0.590144,0.639497,0.329733,0.957735,-1.543725,1.672824,0.320503,-0.223133,0.556567,0.958996,-2.982455,0.186979
414,1770215190598,4.604621,183.9647,538.2570,-300.9834,0.366900,-0.589809,0.639033,0.330373,0.959454,-1.542368,1.671091,0.320863,-0.222616,0.556569,0.961423,-2.981784,0.186965
415,1770215190609,4.615733,184.0955,538.4655,-301.7195,0.367512,-0.589395,0.638705,0.331066,0.960731,-1.540763,1.669667,0.321579,-0.221584,0.556560,0.966342,-2.980402,0.186961
416,1770215190620,4.626844,184.2642,538.5295,-302.6057,0.368291,-0.589048,0.638252,0.331692,0.962471,-1.539388,1.667973,0.321930,-0.221086,0.556557,0.968659,-2.979751,0.186909
417,1770215190631,4.637955,184.4358,538.5585,-303.3006,0.369053,-0.588611,0.637874,0.332345,0.964157,-1.537756,1.666457,0.322283,-0.220538,0.556572,0.971137,-2.979062,0.186991
418,1770215190643,4.649066,184.6052,538.6195,-304.1852,0.369869,-0.588290,0.637391,0.332933,0.966012,-1.536478,1.664717,0.323006,-0.219482,0.556575,0.976130,-2.977610,0.187040
419,1770215190654,4.660177,184.7211,538.6857,-305.0327,0.370526,-0.587855,0.637047,0.333631,0.967398,-1.534819,1.663253,0.323356,-0.218968,0.556566,0.978509,-2.976965,0.187012
420,1770215190665,4.671289,185.2590,538.5686,-306.2823,0.371191,-0.587422,0.636645,0.334417,0.968766,-1.533103,1.661569,0.324036,-0.217916,0.556598,0.983337,-2.975560,0.187190
421,1770215190676,4.682400,185.3951,538.6586,-307.1489,0.371999,-0.587081,0.636213,0.334941,0.970626,-1.531823,1.660017,0.324384,-0.217421,0.556584,0.985692,-2.974845,0.187097
422,1770215190687,4.693511,185.4934,538.7321,-307.9461,0.372616,-0.586660,0.635837,0.335708,0.971874,-1.530153,1.658419,0.324714,-0.216891,0.556603,0.988061,-2.974183,0.187230
423,1770215190698,4.704623,185.7503,538.4681,-308.5881,0.373307,-0.586154,0.635501,0.336458,0.973321,-1.528276,1.656940,0.325405,-0.215873,0.556595,0.992788,-2.972803,0.187150
424,1770215190709,4.715734,185.9292,538.6271,-309.5127,0.374123,-0.585801,0.635029,0.337057,0.975166,-1.526912,1.655228,0.325757,-0.215351,0.556586,0.995258,-2.972080,0.187177
425,1770215190720,4.726845,186.0786,538.6899,-310.3619,0.374833,-0.585380,0.634649,0.337716,0.976703,-1.525327,1.653708,0.326448,-0.214317,0.556577,1.000080,-2.970630,0.187110
426,1770215190731,4.737956,186.2261,538.7521,-311.2584,0.375670,-0.585057,0.634153,0.338277,0.978618,-1.524070,1.651965,0.326780,-0.213778,0.556598,1.002464,-2.969953,0.187241
427,1770215190743,4.749068,186.6294,538.5439,-312.1479,0.376310,-0.584699,0.633652,0.339123,0.979883,-1.522512,1.649983,0.327116,-0.213262,0.556596,1.004846,-2.969256,0.187225
428,1770215190754,4.760179,186.8628,538.4374,-312.8049,0.376943,-0.584215,0.633275,0.339955,0.981136,-1.520640,1.648337,0.327797,-0.212220,0.556592,1.009596,-2.967833,0.187244
429,1770215190765,4.771290,187.0059,538.2311,-313.4242,0.377602,-0.583833,0.632905,0.340568,0.982559,-1.519195,1.646886,0.328129,-0.211703,0.556590,1.011982,-2.967141,0.187222
430,1770215190776,4.782402,187.2293,538.2788,-314.6567,0.378180,-0.583423,0.632567,0.341257,0.983737,-1.517622,1.645457,0.328454,-0.211172,0.556611,1.014380,-2.966442,0.187335
431,1770215190787,4.793513,187.4648,538.4215,-315.5289,0.378847,-0.583209,0.632055,0.341831,0.985197,-1.516645,1.643668,0.329119,-0.210113,0.556620,1.019172,-2.965016,0.187360
432,1770215190798,4.804624,187.6271,538.4348,-316.4750,0.379612,-0.582824,0.631613,0.342456,0.986888,-1.515185,1.642022,0.329472,-0.209578,0.556608,1.021624,-2.964234,0.187290
433,1770215190809,4.815735,187.7612,538.4450,-317.3709,0.380348,-0.582461,0.631183,0.343050,0.988517,-1.513804,1.640433,0.330124,-0.208494,0.556640,1.026464,-2.962789,0.187504
434,1770215190820,4.826846,187.7574,538.3547,-318.0443,0.381007,-0.581890,0.630894,0.343819,0.989861,-1.511759,1.639071,0.330463,-0.207981,0.556624,1.028829,-2.962035,0.187411
435,1770215190831,4.837957,188.0522,538.4413,-318.8956,0.381715,-0.581734,0.630261,0.344458,0.991395,-1.510888,1.636923,0.330798,-0.207465,0.556616,1.031231,-2.961326,0.187344
436,1770215190843,4.849069,188.2414,538.5209,-319.6429,0.382319,-0.581255,0.629959,0.345148,0.992634,-1.509142,1.635594,0.331455,-0.206405,0.556622,1.036027,-2.959857,0.187452
437,1770215190854,4.860180,188.3928,538.5168,-320.5496,0.382917,-0.580783,0.629614,0.345908,0.993822,-1.507363,1.634098,0.331779,-0.205863,0.556638,-1.038393,2.959058,-0.187461
438,1770215190865,4.871291,188.7332,538.2074,-321.4272,0.383585,-0.580448,0.629177,0.346526,0.995258,-1.506044,1.632478,0.332436,-0.204794,0.556635,-1.043050,2.957175,-0.187441
439,1770215190876,4.882402,188.9521,538.3327,-322.3106,0.384354,-0.580061,0.628714,0.347160,0.996950,-1.504581,1.630778,0.332782,-0.204232,0.556632,-1.045542,2.956230,-0.187442
440,1770215190887,4.893513,189.3246,538.1774,-323.3215,0.385067,-0.579718,0.628265,0.347756,0.998512,-1.503258,1.629145,0.333114,-0.203690,0.556635,-1.047876,2.955282,-0.187486
441,1770215190898,4.904624,189.4152,538.3466,-324.2451,0.385745,-0.579274,0.627900,0.348403,0.999957,-1.501638,1.627693,0.333769,-0.202624,0.556628,-1.052542,2.953432,-0.187397
442,1770215190909,4.915735,189.4066,538.3300,-324.9734,0.386465,-0.578882,0.627493,0.348990,1.001541,-1.500198,1.626176,0.334081,-0.202090,0.556637,-1.054874,2.952478,-0.187418
443,1770215190920,4.926847,189.5623,538.4575,-325.7389,0.387170,-0.578476,0.627139,0.349517,1.003114,-1.498766,1.624847,0.334724,-0.201025,0.556637,-1.059539,2.950641,-0.187429
444,1770215190931,4.937958,189.7112,538.4916,-326.6021,0.387778,-0.578051,0.626750,0.350243,1.004337,-1.497143,1.623271,0.335031,-0.200469,0.556657,-1.061820,2.949659,-0.187508
445,1770215190943,4.949069,189.9611,538.5651,-327.5255,0.388538,-0.577654,0.626324,0.350816,1.006031,-1.495701,1.621723,0.335362,-0.199943,0.556650,-1.064183,2.948742,-0.187483
446,1770215190954,4.960181,190.1284,538.5586,-328.4000,0.389282,-0.577260,0.625869,0.351452,1.007649,-1.494226,1.620048,0.336019,-0.198859,0.556633,-1.068948,2.946836,-0.187358
447,1770215190965,4.971292,190.2570,538.4000,-329.2446,0.389921,-0.576773,0.625489,0.352219,1.008930,-1.492416,1.618470,0.336019,-0.198859,0.556633,-1.068948,2.946836,-0.187358
448,1770215190976,4.982403,190.3444,538.4250,-330.1418,0.390639,-0.576360,0.625069,0.352845,1.010484,-1.490898,1.616896,0.336640,-0.197769,0.556651,-1.073599,2.944908,-0.187446
449,1770215190987,4.993514,190.4109,538.4521,-330.9981,0.391433,-0.576031,0.624587,0.353356,1.012289,-1.489680,1.615253,0.337268,-0.196704,0.556646,-1.078175,2.943039,-0.187371
450,1770215190998,5.004625,190.4412,538.4645,-331.8471,0.392057,-0.575483,0.624247,0.354156,1.013514,-1.487694,1.613754,0.337577,-0.196158,0.556657,-1.080468,2.942101,-0.187430
451,1770215191009,5.015737,190.7800,538.5591,-332.5181,0.392658,-0.575025,0.623817,0.354991,1.014661,-1.485915,1.611997,0.338180,-0.195076,0.556678,-1.085016,2.940167,-0.187500
452,1770215191020,5.026848,190.8840,538.5887,-333.4109,0.393470,-0.574705,0.623270,0.355569,1.016479,-1.484676,1.610138,0.338497,-0.194546,0.556664,-1.087350,2.939217,-0.187416
453,1770215191031,5.037959,191.1135,538.4874,-334.3155,0.394104,-0.574262,0.622839,0.356339,1.017740,-1.482984,1.608429,0.338822,-0.194012,0.556645,-1.089693,2.938300,-0.187339
454,1770215191043,5.049070,191.2203,538.5088,-335.2472,0.394877,-0.573911,0.622349,0.356905,1.019461,-1.481676,1.606729,0.339440,-0.192896,0.556669,-1.094378,2.936310,-0.187397
455,1770215191054,5.060182,191.4321,538.4346,-335.9803,0.395546,-0.573464,0.621880,0.357698,1.020799,-1.479961,1.604909,0.339751,-0.192361,0.556658,-1.096721,2.935336,-0.187348
456,1770215191065,5.071293,191.5658,538.4687,-336.9026,0.396290,-0.573029,0.621478,0.358269,1.022442,-1.478435,1.603434,0.340350,-0.191268,0.556675,-1.101292,2.933420,-0.187414
457,1770215191076,5.082404,191.6353,538.4935,-337.7465,0.397003,-0.572656,0.621026,0.358860,1.023991,-1.477053,1.601816,0.340648,-0.190720,0.556686,-1.103600,2.932416,-0.187465
458,1770215191087,5.093515,191.7340,538.4279,-338.5665,0.397615,-0.572153,0.620684,0.359575,1.025219,-1.475252,1.600386,0.340959,-0.190183,0.556672,-1.105901,2.931495,-0.187361
459,1770215191098,5.104627,191.9403,538.5201,-339.4543,0.398317,-0.571824,0.620176,0.360199,1.026723,-1.473964,1.598599,0.341554,-0.189058,0.556701,-1.110570,2.929475,-0.187520
460,1770215191109,5.115738,191.9321,538.5370,-340.1494,0.399019,-0.571299,0.619800,0.360900,1.028190,-1.472119,1.597095,0.341865,-0.188520,0.556686,-1.112818,2.928518,-0.187467
461,1770215191120,5.126849,192.1173,538.5635,-341.2663,0.399723,-0.570886,0.619373,0.361508,1.029703,-1.470627,1.595532,0.342474,-0.187409,0.556685,-1.117532,2.926500,-0.187457
462,1770215191131,5.137960,192.2859,538.4684,-342.3274,0.400342,-0.570370,0.619021,0.362239,1.030940,-1.468786,1.594069,0.342766,-0.186855,0.556698,-1.119854,2.925534,-0.187422
463,1770215191143,5.149072,192.2848,538.5659,-343.1968,0.401119,-0.569988,0.618548,0.362790,1.032667,-1.467417,1.592432,0.343074,-0.186331,0.556677,-1.122134,2.924609,-0.187318
464,1770215191154,5.160183,192.6430,538.5996,-344.0142,0.401667,-0.569624,0.618141,0.363448,1.033754,-1.466018,1.590887,0.343642,-0.185242,0.556697,-1.126631,2.922667,-0.187375
465,1770215191165,5.171294,192.6639,538.5914,-344.8421,0.402345,-0.569121,0.617793,0.364077,1.035190,-1.464286,1.589514,0.343955,-0.184668,0.556691,-1.129005,2.921631,-0.187396
466,1770215191176,5.182405,192.7200,538.6000,-345.7718,0.403092,-0.568718,0.617338,0.364652,1.036828,-1.462848,1.587907,0.344238,-0.184136,0.556696,-1.131227,2.920661,-0.187378
467,1770215191187,5.193517,192.8067,538.5237,-346.5868,0.403680,-0.568297,0.616941,0.365328,1.038007,-1.461294,1.586375,0.344838,-0.183017,0.556692,-1.135951,2.918622,-0.187314
468,1770215191198,5.204628,193.1245,538.6874,-347.3850,0.404369,-0.568082,0.616362,0.365878,1.039506,-1.460360,1.584472,0.345111,-0.182452,0.556712,-1.138208,2.917597,-0.187380
469,1770215191209,5.215740,193.1646,538.7245,-348.2735,0.405098,-0.567681,0.615904,0.366464,1.041089,-1.458923,1.582854,0.345698,-0.181331,0.556716,-1.142858,2.915584,-0.187365
470,1770215191220,5.226851,193.1996,538.7652,-349.1586,0.405827,-0.567332,0.615419,0.367013,1.042690,-1.457644,1.581195,0.345982,-0.180801,0.556708,-1.145065,2.914578,-0.187346
471,1770215191231,5.237962,193.3941,538.8594,-350.1332,0.406450,-0.566806,0.615004,0.367830,1.043885,-1.455729,1.579516,0.346266,-0.180243,0.556719,-1.147403,2.913557,-0.187378
472,1770215191243,5.249073,193.5089,538.8484,-350.9684,0.407143,-0.566393,0.614521,0.368508,1.045328,-1.454200,1.577765,0.346820,-0.179140,0.556733,-1.151913,2.911550,-0.187423
473,1770215191254,5.260185,193.7858,538.9102,-351.8635,0.407700,-0.566116,0.614026,0.369141,1.046445,-1.453049,1.576022,0.347129,-0.178600,0.556708,-1.154193,2.910629,-0.187257
474,1770215191265,5.271296,193.7693,538.8624,-352.7454,0.408444,-0.565751,0.613569,0.369639,1.048106,-1.451771,1.574475,0.347705,-0.177470,0.556714,-1.158880,2.908505,-0.187261
475,1770215191276,5.282407,193.8416,538.9137,-353.6972,0.409068,-0.565434,0.613046,0.370300,1.049379,-1.450502,1.572642,0.347977,-0.176875,0.556737,-1.161259,2.907448,-0.187375
476,1770215191287,5.293518,194.1086,538.8315,-354.4540,0.409764,-0.565111,0.612568,0.370814,1.050908,-1.449320,1.571031,0.348249,-0.176349,0.556732,-1.163392,2.906462,-0.187336
477,1770215191298,5.304630,194.1540,538.8590,-355.3039,0.410413,-0.564681,0.612149,0.371442,1.052259,-1.447787,1.569489,0.348797,-0.175209,0.556755,-1.167999,2.904351,-0.187421
478,1770215191309,5.315741,194.2379,538.5745,-355.8634,0.411072,-0.564150,0.611727,0.372216,1.053562,-1.445894,1.567832,0.349075,-0.174690,0.556738,-1.170173,2.903417,-0.187308
479,1770215191320,5.326852,194.3054,538.8414,-356.7108,0.411754,-0.563805,0.611244,0.372777,1.055029,-1.444627,1.566178,0.349354,-0.174122,0.556747,-1.172474,2.902413,-0.187336
480,1770215191331,5.337963,194.3995,538.7632,-357.7014,0.412365,-0.563477,0.610754,0.373401,1.056281,-1.443360,1.564461,0.349915,-0.173032,0.556727,-1.177051,2.900369,-0.187211
481,1770215191343,5.349075,194.5009,538.8846,-358.6570,0.413134,-0.563049,0.610299,0.373940,1.057981,-1.441895,1.562897,0.350177,-0.172446,0.556755,-1.179342,2.899352,-0.187342
482,1770215191354,5.360186,194.6074,538.7946,-359.4722,0.413782,-0.562554,0.609896,0.374625,1.059298,-1.440162,1.561359,0.350737,-0.171311,0.556749,-1.183919,2.897265,-0.187305
483,1770215191365,5.371298,194.7523,538.8804,-360.5698,0.414461,-0.562077,0.609498,0.375238,1.060730,-1.438522,1.559887,0.351013,-0.170750,0.556741,-1.186218,2.896194,-0.187249
484,1770215191376,5.382409,194.8547,538.8273,-361.4454,0.415162,-0.561712,0.608984,0.375844,1.062220,-1.437175,1.558125,0.351270,-0.170193,0.556754,-1.188430,2.895172,-0.187311
485,1770215191387,5.393520,195.0619,538.8071,-362.3215,0.415776,-0.561352,0.608511,0.376468,1.063475,-1.435832,1.556456,0.351827,-0.169043,0.556753,-1.193083,2.893078,-0.187241
486,1770215191398,5.404632,195.2094,538.6851,-363.1633,0.416474,-0.560881,0.608092,0.377075,1.064955,-1.434216,1.554938,0.352088,-0.168495,0.556758,-1.195357,2.892058,-0.187262
487,1770215191409,5.415743,195.0419,539.0361,-364.1883,0.417253,-0.560505,0.607498,0.377731,1.066617,-1.432810,1.552938,0.352365,-0.167923,0.556754,-1.197671,2.890979,-0.187213
488,1770215191420,5.426854,195.0336,539.1166,-365.1543,0.417944,-0.560036,0.607079,0.378334,1.068081,-1.431205,1.551426,0.352887,-0.166780,0.556772,-1.202235,2.888823,-0.187252
489,1770215191431,5.437965,195.1270,538.7947,-365.6273,0.418513,-0.559585,0.606674,0.379022,1.069188,-1.429589,1.549887,0.353155,-0.166197,0.556778,-1.204532,2.887763,-0.187303
490,1770215191443,5.449076,195.2645,538.8849,-366.5646,0.419262,-0.559192,0.606138,0.379633,1.070791,-1.428171,1.548072,0.353687,-0.165067,0.556776,-1.209074,2.885648,-0.187223
491,1770215191454,5.460188,195.2653,538.9134,-367.3343,0.419794,-0.558785,0.605760,0.380246,1.071840,-1.426720,1.546660,0.353961,-0.164516,0.556759,-1.211339,2.884652,-0.187142
492,1770215191465,5.471299,195.3605,538.8814,-368.2294,0.420413,-0.558282,0.605344,0.380965,1.073057,-1.424953,1.545074,0.354471,-0.163402,0.556762,-1.215787,2.882560,-0.187121
493,1770215191476,5.482410,195.3509,538.9196,-369.1490,0.421119,-0.557941,0.604822,0.381511,1.074583,-1.423718,1.543345,0.354717,-0.162832,0.556779,-1.217989,2.881471,-0.187213
494,1770215191487,5.493522,195.7099,538.7492,-370.1503,0.421891,-0.557508,0.604208,0.382264,1.076171,-1.422107,1.541232,0.354979,-0.162261,0.556773,-1.220258,2.880438,-0.187157
495,1770215191498,5.504633,195.7787,538.7086,-371.1317,0.422535,-0.556985,0.603833,0.382907,1.077488,-1.420345,1.539809,0.355484,-0.161157,0.556777,-1.224650,2.878366,-0.187142
496,1770215191509,5.515744,195.9439,538.9263,-371.9542,0.423223,-0.556626,0.603313,0.383490,1.078947,-1.419039,1.538061,0.355745,-0.160574,0.556776,-1.226981,2.877286,-0.187119
497,1770215191520,5.526856,196.0055,538.9097,-372.9304,0.423874,-0.556143,0.602897,0.384123,1.080286,-1.417387,1.536545,0.356243,-0.159445,0.556784,-1.231533,2.875110,-0.187089
498,1770215191531,5.537967,195.9876,538.8247,-373.8009,0.424427,-0.555698,0.602461,0.384841,1.081330,-1.415774,1.534915,0.356496,-0.158885,0.556785,-1.233711,2.874055,-0.187080
499,1770215191543,5.549078,196.0117,538.7696,-374.7597,0.425097,-0.555229,0.602029,0.385454,1.082725,-1.414171,1.533372,0.356758,-0.158328,0.556770,-1.235963,2.873030,-0.186990
500,1770215191554,5.560189,195.9165,538.9089,-375.4996,0.425788,-0.554740,0.601597,0.386069,1.084173,-1.412520,1.531829,0.357264,-0.157150,0.556778,-1.240630,2.870799,-0.187016
501,1770215191565,5.571301,196.0126,539.0048,-376.3181,0.426623,-0.554410,0.600951,0.386627,1.086014,-1.411310,1.529784,0.357515,-0.156584,0.556784,-1.242782,2.869786,-0.187015
502,1770215191576,5.582412,196.0297,539.1195,-377.2377,0.427265,-0.553963,0.600526,0.387219,1.087346,-1.409780,1.528279,0.357763,-0.155976,0.556797,-1.245160,2.868585,-0.187080
503,1770215191587,5.593523,196.2546,539.0258,-378.1119,0.427927,-0.553654,0.599945,0.387830,1.088718,-1.408591,1.526362,0.358269,-0.154799,0.556801,-1.249785,2.866398,-0.187030
504,1770215191598,5.604634,196.2699,539.0549,-379.0295,0.428651,-0.553263,0.599447,0.388358,1.090292,-1.407247,1.524718,0.358511,-0.154206,0.556818,-1.252058,2.865238,-0.187052
505,1770215191609,5.615745,196.3726,538.7507,-379.6775,0.429191,-0.552599,0.599246,0.389017,1.091329,-1.405123,1.523735,0.358993,-0.153059,0.556820,-1.256562,2.863064,-0.187085
506,1770215191620,5.626857,196.3797,538.6703,-380.4435,0.429745,-0.552061,0.598896,0.389706,1.092384,-1.403304,1.522354,0.359241,-0.152491,0.556817,-1.258776,2.862001,-0.187034
507,1770215191631,5.637968,196.4361,538.7870,-381.2053,0.430455,-0.551800,0.598286,0.390229,1.093921,-1.402297,1.520433,0.359476,-0.151933,0.556818,-1.260920,2.860919,-0.187031
508,1770215191643,5.649079,196.5439,538.7920,-382.2577,0.431226,-0.551365,0.597759,0.390801,1.095586,-1.400817,1.518685,0.359971,-0.150815,0.556791,-1.265394,2.858802,-0.186849
509,1770215191654,5.660190,196.7112,538.7026,-383.0739,0.431816,-0.550813,0.597386,0.391498,1.096729,-1.398956,1.517242,0.360190,-0.150222,0.556820,-1.267590,2.857668,-0.187004
510,1770215191665,5.671302,196.6598,538.7113,-383.8911,0.432465,-0.550395,0.596880,0.392139,1.098048,-1.397478,1.515505,0.360670,-0.149072,0.556821,-1.272161,2.855461,-0.186972
511,1770215191676,5.682413,196.7193,538.4373,-384.7009,0.433167,-0.549806,0.596494,0.392779,1.099500,-1.395565,1.514072,0.360917,-0.148501,0.556806,-1.274400,2.854402,-0.186812
512,1770215191687,5.693524,196.6369,538.9283,-385.5693,0.433768,-0.549494,0.595992,0.393313,1.100753,-1.394424,1.512421,0.361138,-0.147925,0.556818,-1.276601,2.853275,-0.186893
513,1770215191698,5.704635,196.6251,538.8146,-386.3884,0.434363,-0.548970,0.595512,0.394114,1.101849,-1.392575,1.510638,0.361599,-0.146766,0.556834,-1.281059,2.851049,-0.186905
514,1770215191709,5.715747,196.6473,538.8798,-387.1943,0.435052,-0.548571,0.595064,0.394586,1.103354,-1.391255,1.509167,0.361831,-0.146193,0.556835,-1.283272,2.849948,-0.186928
515,1770215191720,5.726858,196.6786,538.7950,-388.2364,0.435827,-0.548224,0.594429,0.395171,1.105019,-1.389994,1.507146,0.362312,-0.145032,0.556819,-1.287827,2.847701,-0.186817
516,1770215191731,5.737969,196.7279,538.8989,-389.0351,0.436576,-0.547848,0.594005,0.395502,1.106747,-1.388829,1.505838,0.362523,-0.144454,0.556839,-1.289990,2.846576,-0.186827
517,1770215191743,5.749080,196.8019,538.9273,-390.3752,0.437199,-0.547421,0.593465,0.396216,1.107956,-1.387283,1.503968,0.362781,-0.143856,0.556819,-1.292368,2.845476,-0.186747
518,1770215191754,5.760192,196.9109,538.7169,-391.1639,0.437749,-0.546969,0.593073,0.396819,1.109038,-1.385747,1.502552,0.363203,-0.142691,0.556856,-1.296735,2.843195,-0.186880
519,1770215191765,5.771303,196.7598,538.9164,-391.7929,0.438374,-0.546479,0.592627,0.397471,1.110284,-1.384086,1.500965,0.363436,-0.142111,0.556851,-1.298990,2.842042,-0.186799
520,1770215191776,5.782414,196.8061,538.7982,-392.4595,0.438979,-0.546023,0.592277,0.397951,1.111568,-1.382621,1.499745,0.363648,-0.141517,0.556864,-1.301182,2.840894,-0.186836
521,1770215191787,5.793525,196.7286,538.8539,-393.3085,0.439507,-0.545557,0.591857,0.398630,1.112553,-1.381006,1.498209,0.364102,-0.140379,0.556857,-1.305555,2.838716,-0.186824
522,1770215191798,5.804637,196.8272,538.8802,-394.3064,0.440183,-0.545217,0.591327,0.399136,1.114003,-1.379819,1.496514,0.364319,-0.139789,0.556861,-1.307826,2.837562,-0.186779
523,1770215191809,5.815748,196.6283,539.0587,-395.1504,0.440905,-0.544809,0.590825,0.399640,1.115569,-1.378463,1.494893,0.364766,-0.138630,0.556859,-1.312254,2.835317,-0.186721
524,1770215191820,5.826859,196.6084,539.1321,-395.9760,0.441620,-0.544339,0.590382,0.400144,1.117116,-1.376953,1.493423,0.365010,-0.138039,0.556841,-1.314530,2.834224,-0.186645
525,1770215191831,5.837970,196.8011,538.9590,-397.1398,0.442331,-0.543873,0.589934,0.400654,1.118650,-1.375448,1.491934,0.365221,-0.137445,0.556851,-1.316779,2.833020,-0.186647
526,1770215191843,5.849081,196.7068,539.0170,-397.9348,0.442910,-0.543386,0.589484,0.401336,1.119758,-1.373780,1.490325,0.365649,-0.136272,0.556861,-1.321190,2.830748,-0.186664
527,1770215191854,5.860192,197.0336,538.8234,-398.6638,0.443591,-0.542982,0.588932,0.401941,1.121166,-1.372373,1.488512,0.365862,-0.135683,0.556872,-1.323433,2.829590,-0.186727
528,1770215191865,5.871304,197.0910,538.8787,-399.4027,0.444340,-0.542602,0.588390,0.402422,1.122806,-1.371106,1.486809,0.366289,-0.134517,0.556873,-1.327833,2.827291,-0.186682
529,1770215191876,5.882415,197.1374,538.8248,-400.3869,0.445013,-0.542116,0.587891,0.403061,1.124173,-1.369473,1.485106,0.366496,-0.133919,0.556883,-1.330066,2.826152,-0.186695
530,1770215191887,5.893526,196.8833,538.8260,-401.1663,0.445737,-0.541601,0.587470,0.403567,1.125739,-1.367850,1.483695,0.366722,-0.133348,0.556865,-1.332292,2.825027,-0.186542
531,1770215191898,5.904637,197.0223,538.7462,-402.2590,0.446443,-0.541182,0.586900,0.404177,1.127204,-1.366406,1.481835,0.367147,-0.132178,0.556863,-1.336704,2.822711,-0.186479
532,1770215191909,5.915748,196.9031,538.7688,-403.1950,0.447161,-0.540709,0.586449,0.404671,1.128758,-1.364897,1.480358,0.367352,-0.131558,0.556884,-1.339028,2.821467,-0.186608
533,1770215191920,5.926859,196.8697,538.7673,-404.0615,0.447848,-0.540234,0.585917,0.405317,1.130153,-1.363291,1.478573,0.367761,-0.130369,0.556897,-1.343482,2.819118,-0.186613
534,1770215191931,5.937971,196.9646,538.8367,-404.7131,0.448431,-0.539823,0.585476,0.405857,1.131341,-1.361912,1.477090,0.367977,-0.129799,0.556884,-1.345619,2.818035,-0.186534
535,1770215191943,5.949082,196.8291,538.8175,-405.4373,0.449050,-0.539372,0.584981,0.406484,1.132575,-1.360381,1.475412,0.368175,-0.129236,0.556878,-1.347755,2.816898,-0.186410
536,1770215191954,5.960193,196.7709,538.8435,-406.3361,0.449765,-0.538925,0.584479,0.407008,1.134103,-1.358922,1.473790,0.368573,-0.128059,0.556894,-1.352125,2.814600,-0.186458
537,1770215191965,5.971305,196.8291,538.8136,-407.3426,0.450457,-0.538521,0.583891,0.407621,1.135524,-1.357520,1.471890,0.368781,-0.127458,0.556896,-1.354410,2.813395,-0.186437
538,1770215191976,5.982416,196.7622,538.7628,-408.3104,0.451210,-0.538076,0.583316,0.408199,1.137120,-1.356036,1.470047,0.368990,-0.126849,0.556892,-1.356653,2.812187,-0.186419
539,1770215191987,5.993527,196.9518,538.9877,-409.1180,0.451880,-0.537603,0.582825,0.408782,1.138501,-1.354477,1.468414,0.369391,-0.125655,0.556902,-1.361100,2.809827,-0.186373
540,1770215191998,6.004639,196.8807,538.9625,-410.0067,0.452542,-0.537163,0.582241,0.409460,1.139812,-1.352945,1.466483,0.369585,-0.125065,0.556909,-1.363243,2.808631,-0.186394
541,1770215192009,6.015750,196.8155,538.8984,-411.0800,0.453171,-0.536649,0.581811,0.410048,1.141086,-1.351284,1.465002,0.369980,-0.123865,0.556914,-1.367715,2.806246,-0.186416
542,1770215192020,6.026861,196.7182,538.8995,-412.0374,0.453879,-0.536212,0.581253,0.410629,1.142562,-1.349820,1.463204,0.370189,-0.123298,0.556895,-1.369899,2.805126,-0.186254
543,1770215192031,6.037973,196.6622,538.9387,-412.8835,0.454428,-0.535733,0.580805,0.411280,1.143601,-1.348210,1.461636,0.370365,-0.122690,0.556923,-1.372106,2.803857,-0.186384
544,1770215192043,6.049084,196.5603,538.9550,-413.6736,0.455092,-0.535246,0.580290,0.411906,1.144940,-1.346595,1.459919,0.370761,-0.121501,0.556914,-1.376502,2.801524,-0.186296
545,1770215192054,6.060195,196.6425,538.8959,-414.7324,0.455852,-0.534853,0.579669,0.412451,1.146565,-1.345268,1.457990,0.370951,-0.120909,0.556922,-1.378718,2.800366,-0.186370
546,1770215192065,6.071306,196.5741,538.8801,-415.4435,0.456364,-0.534292,0.579289,0.413145,1.147483,-1.343427,1.456568,0.371327,-0.119691,0.556938,-1.383159,2.797907,-0.186297
547,1770215192076,6.082418,196.6071,538.7975,-416.2534,0.457039,-0.533828,0.578793,0.413693,1.148893,-1.341921,1.454954,0.371517,-0.119103,0.556933,-1.385384,2.796715,-0.186284
548,1770215192087,6.093529,196.5388,538.8419,-417.0816,0.457712,-0.533429,0.578285,0.414175,1.150327,-1.340620,1.453352,0.371694,-0.118518,0.556950,-1.387494,2.795543,-0.186309
549,1770215192098,6.104640,196.4113,538.8330,-417.8958,0.458302,-0.532962,0.577814,0.414780,1.151490,-1.339074,1.451766,0.372066,-0.117357,0.556942,-1.391790,2.793175,-0.186215
550,1770215192109,6.115751,196.4850,538.8392,-418.7069,0.458947,-0.532567,0.577215,0.415406,1.152779,-1.337696,1.449843,0.372260,-0.116751,0.556941,-1.393973,2.792031,-0.186211
551,1770215192120,6.126863,196.4270,538.8236,-419.6966,0.459570,-0.532033,0.576784,0.416001,1.154027,-1.335989,1.448364,0.372629,-0.115570,0.556939,-1.398350,2.789623,-0.186153
552,1770215192131,6.137974,196.4908,538.8719,-420.4887,0.460285,-0.531628,0.576227,0.416499,1.155557,-1.334666,1.446634,0.372814,-0.114953,0.556945,-1.400561,2.788399,-0.186099
553,1770215192143,6.149085,196.3882,538.8864,-421.3876,0.460936,-0.531156,0.575711,0.417095,1.156876,-1.333117,1.444942,0.372984,-0.114362,0.556954,-1.402748,2.787135,-0.186178
554,1770215192154,6.160197,196.4043,539.1057,-422.3508,0.461453,-0.530667,0.575313,0.417694,1.157854,-1.331523,1.443546,0.373371,-0.113132,0.556945,-1.407283,2.784664,-0.186020
555,1770215192165,6.171308,196.3731,539.0995,-423.1294,0.461996,-0.530068,0.574983,0.418309,1.158889,-1.329644,1.442309,0.373544,-0.112520,0.556953,-1.409498,2.783418,-0.186068
556,1770215192176,6.182420,196.2420,539.1688,-423.9658,0.462683,-0.529652,0.574410,0.418863,1.160316,-1.328262,1.440507,0.373719,-0.111933,0.556954,-1.411576,2.782267,-0.186025
557,1770215192187,6.193531,196.2410,539.2828,-424.8079,0.463289,-0.529055,0.573946,0.419583,1.161453,-1.326327,1.438867,0.374081,-0.110702,0.556958,-1.416054,2.779778,-0.185997
558,1770215192198,6.204642,196.1169,539.3658,-425.7151,0.463983,-0.528588,0.573401,0.420149,1.162890,-1.324812,1.437127,0.374266,-0.110090,0.556954,-1.418331,2.778525,-0.185940
559,1770215192209,6.215753,195.9986,539.3054,-426.6690,0.464692,-0.528123,0.572849,0.420704,1.164371,-1.323309,1.435378,0.374603,-0.108864,0.556973,-1.422703,2.776043,-0.186017
560,1770215192220,6.226864,195.7885,539.2891,-427.4840,0.465365,-0.527642,0.572346,0.421247,1.165767,-1.321774,1.433761,0.374789,-0.108258,0.556966,-1.424938,2.774831,-0.185936
561,1770215192231,6.237976,195.6106,539.4321,-428.2952,0.465924,-0.527187,0.571877,0.421836,1.166852,-1.320279,1.432200,0.374960,-0.107648,0.556973,-1.427150,2.773531,-0.185928
562,1770215192243,6.249087,195.6468,539.2010,-429.2544,0.466605,-0.526745,0.571310,0.422404,1.168252,-1.318827,1.430405,0.375285,-0.106468,0.556981,-1.431390,2.771119,-0.185949
563,1770215192254,6.260199,195.4918,539.2244,-430.0840,0.467164,-0.526253,0.570838,0.423036,1.169315,-1.317214,1.428812,0.375285,-0.106468,0.556981,-1.431390,2.771119,-0.185949
564,1770215192265,6.271310,195.6890,539.1166,-430.9054,0.467887,-0.525869,0.570164,0.423623,1.170810,-1.315900,1.426742,0.375638,-0.105290,0.556966,-1.435755,2.768733,-0.185763
565,1770215192276,6.282491,195.7520,539.2169,-431.8616,0.468176,-0.525199,0.569859,0.424544,1.171038,-1.313669,1.425377,0.375952,-0.104115,0.556977,-1.439909,2.766314,-0.185752
566,1770215192287,6.293603,195.6527,539.3071,-432.7416,0.468872,-0.524825,0.569221,0.425095,1.172483,-1.312404,1.423421,0.375952,-0.104115,0.556977,-1.439909,2.766314,-0.185752
567,1770215192298,6.304714,195.7370,539.0102,-433.5976,0.469486,-0.524315,0.568680,0.425770,1.173657,-1.310722,1.421630,0.376281,-0.102894,0.556980,-1.444266,2.763805,-0.185744
568,1770215192309,6.315825,195.5954,539.1836,-434.4203,0.470083,-0.523853,0.568155,0.426380,1.174823,-1.309203,1.419920,0.376605,-0.101699,0.556985,-1.448581,2.761378,-0.185703
569,1770215192320,6.326936,195.4724,539.2083,-435.3464,0.470783,-0.523392,0.567623,0.426882,1.176303,-1.307751,1.418267,0.376605,-0.101699,0.556985,-1.448581,2.761378,-0.185703
570,1770215192332,6.338048,195.3018,539.0807,-436.2055,0.471416,-0.522874,0.567080,0.427538,1.177531,-1.306066,1.416486,0.377091,-0.099885,0.556980,-1.455102,2.757644,-0.185588
571,1770215192343,6.349159,195.2451,538.9813,-437.1557,0.471943,-0.522336,0.566634,0.428207,1.178487,-1.304322,1.414940,0.377232,-0.099283,0.556997,-1.457240,2.756331,-0.185626
572,1770215192354,6.360270,195.1846,538.9159,-438.2613,0.472623,-0.521857,0.566026,0.428845,1.179840,-1.302747,1.413010,0.377560,-0.098066,0.556990,-1.461609,2.753845,-0.185515
573,1770215192365,6.371382,195.1215,538.8132,-438.9276,0.473281,-0.521517,0.565432,0.429316,1.181229,-1.301619,1.411223,0.377693,-0.097452,0.557011,-1.463743,2.752532,-0.185602
574,1770215192376,6.382493,194.9805,538.7688,-439.7864,0.473882,-0.520960,0.564972,0.429934,1.182396,-1.299863,1.409678,0.377860,-0.096860,0.556995,-1.465919,2.751286,-0.185476
575,1770215192387,6.393604,194.9596,538.8366,-440.6363,0.474580,-0.520566,0.564311,0.430509,1.183828,-1.298540,1.407660,0.378149,-0.095659,0.557015,-1.470096,2.748851,-0.185536
576,1770215192398,6.404715,194.8837,538.7460,-441.3412,0.475009,-0.520017,0.563881,0.431262,1.184491,-1.296725,1.406106,0.378307,-0.095067,0.557006,-1.472290,2.747560,-0.185405
577,1770215192409,6.415827,194.7979,538.9060,-442.0916,0.475643,-0.519599,0.563403,0.431691,1.185841,-1.295429,1.404639,0.378593,-0.093849,0.557021,-1.476510,2.745048,-0.185475
578,1770215192420,6.426938,194.7420,538.9308,-443.1826,0.476489,-0.519326,0.562681,0.432030,1.187766,-1.294548,1.402623,0.378742,-0.093238,0.557020,-1.478676,2.743794,-0.185440
579,1770215192432,6.438049,194.6142,538.8184,-444.0134,0.477109,-0.518676,0.562283,0.432642,1.188982,-1.292568,1.401239,0.378885,-0.092623,0.557035,-1.480868,2.742513,-0.185463
580,1770215192443,6.449160,194.5324,538.8727,-445.0072,0.477664,-0.518220,0.561762,0.433253,1.190034,-1.291073,1.399552,0.379194,-0.091402,0.557017,-1.485246,2.739920,-0.185258
581,1770215192454,6.460272,194.5186,538.6617,-445.7862,0.478311,-0.517771,0.561222,0.433776,1.191363,-1.289649,1.397874,0.379334,-0.090815,0.557021,-1.487305,2.738710,-0.185307
582,1770215192465,6.471383,194.3677,538.7296,-446.6469,0.478832,-0.517369,0.560675,0.434389,1.192326,-1.288286,1.396123,0.379624,-0.089600,0.557022,-1.491576,2.736166,-0.185194
583,1770215192476,6.482494,194.3369,538.8274,-447.5157,0.479430,-0.516808,0.560216,0.434989,1.193490,-1.286538,1.394597,0.379745,-0.088970,0.557048,-1.493722,2.734843,-0.185282
584,1770215192487,6.493605,194.2795,538.8340,-448.4162,0.480032,-0.516292,0.559747,0.435541,1.194689,-1.284933,1.393081,0.379875,-0.088368,0.557055,-1.495850,2.733520,-0.185295
585,1770215192498,6.504717,194.1655,539.0432,-449.2503,0.480644,-0.515841,0.559187,0.436119,1.195899,-1.283473,1.391324,0.380153,-0.087152,0.557057,-1.500068,2.731008,-0.185268
586,1770215192509,6.515828,194.0525,539.2369,-450.2179,0.481309,-0.515380,0.558619,0.436658,1.197259,-1.282011,1.389571,0.380322,-0.086547,0.557026,-1.502345,2.729758,-0.185062
587,1770215192520,6.526939,193.9741,539.0225,-451.0208,0.481871,-0.514757,0.558206,0.437301,1.198308,-1.280089,1.388138,0.380581,-0.085307,0.557050,-1.506646,2.727087,-0.185130
588,1770215192532,6.538050,193.7795,538.9860,-451.8795,0.482520,-0.514259,0.557721,0.437789,1.199657,-1.278567,1.386625,0.380739,-0.084704,0.557023,-1.508786,2.725899,-0.184962
589,1770215192543,6.549162,193.6448,539.1005,-452.6079,0.483110,-0.513882,0.557132,0.438332,1.200828,-1.277316,1.384818,0.380851,-0.084092,0.557049,-1.510900,2.724514,-0.185015
590,1770215192554,6.560273,193.5181,538.9608,-453.3211,0.483713,-0.513408,0.556583,0.438918,1.202008,-1.275799,1.383088,0.381106,-0.082868,0.557061,-1.515170,2.721910,-0.185052
591,1770215192565,6.571384,193.3343,538.9819,-454.1304,0.484251,-0.512863,0.556139,0.439525,1.203015,-1.274094,1.381602,0.381240,-0.082270,0.557058,-1.517231,2.720700,-0.184968
592,1770215192576,6.582495,193.0927,539.0123,-455.1205,0.485048,-0.512501,0.555406,0.439995,1.204738,-1.272924,1.379488,0.381374,-0.081661,0.557052,-1.519348,2.719400,-0.184925
593,1770215192587,6.593607,192.9938,539.1773,-456.1069,0.485764,-0.511981,0.554829,0.440539,1.206218,-1.271319,1.377716,0.381614,-0.080454,0.557065,-1.523527,2.716780,-0.184934
594,1770215192598,6.604718,192.8250,539.0994,-457.0411,0.486397,-0.511462,0.554273,0.441142,1.207461,-1.269682,1.375959,0.381742,-0.079817,0.557077,-1.525763,2.715429,-0.184938
595,1770215192609,6.615829,192.8322,539.1896,-457.9399,0.487011,-0.510944,0.553726,0.441752,1.208652,-1.268046,1.374223,0.381993,-0.078613,0.557077,-1.529952,2.712871,-0.184885
596,1770215192620,6.626940,192.7155,539.3690,-458.8550,0.487619,-0.510484,0.553145,0.442340,1.209837,-1.266568,1.372415,0.382127,-0.078000,0.557060,-1.532119,2.711579,-0.184750
597,1770215192632,6.638051,192.6152,539.2347,-459.7505,0.488253,-0.509962,0.552606,0.442916,1.211095,-1.264944,1.370721,0.382245,-0.077383,0.557073,-1.534221,2.710257,-0.184762
598,1770215192643,6.649163,192.5262,539.2162,-460.7029,0.488784,-0.509474,0.552089,0.443536,1.212073,-1.263380,1.369055,0.382468,-0.076156,0.557096,-1.538424,2.707573,-0.184801
599,1770215192654,6.660274,192.2943,539.1127,-461.4487,0.489364,-0.508972,0.551556,0.444137,1.213181,-1.261792,1.367361,0.382595,-0.075538,0.557089,-1.540561,2.706318,-0.184763
600,1770215192665,6.671385,192.1624,539.2555,-462.3088,0.490097,-0.508540,0.550910,0.444624,1.214733,-1.260443,1.365460,0.382834,-0.074307,0.557097,-1.544787,2.703670,-0.184674
601,1770215192676,6.682496,192.1502,539.2189,-462.9500,0.490677,-0.508030,0.550380,0.445224,1.215839,-1.258838,1.363776,0.382941,-0.073695,0.557105,-1.546872,2.702366,-0.184776
602,1770215192687,6.693607,191.9187,539.3842,-463.9085,0.491362,-0.507544,0.549805,0.445733,1.217257,-1.257345,1.362039,0.383057,-0.073069,0.557108,-1.549054,2.700991,-0.184680
603,1770215192698,6.704719,191.7379,539.1867,-464.6900,0.491928,-0.506996,0.549301,0.446353,1.218319,-1.255636,1.360410,0.383296,-0.071855,0.557097,-1.553231,2.698413,-0.184576
604,1770215192709,6.715830,191.6051,539.3209,-465.5907,0.492385,-0.506505,0.548841,0.446972,1.219111,-1.254069,1.358891,0.383393,-0.071238,0.557117,-1.555302,2.697041,-0.184614
605,1770215192720,6.726941,191.4188,539.3774,-466.4455,0.492944,-0.505983,0.548345,0.447555,1.220173,-1.252449,1.357306,0.383618,-0.070041,0.557117,-1.559471,2.694449,-0.184502
606,1770215192732,6.738053,191.4920,539.3280,-467.3333,0.493626,-0.505589,0.547727,0.448005,1.221614,-1.251221,1.355502,0.383743,-0.069432,0.557096,-1.561587,2.693149,-0.184406
607,1770215192743,6.749164,191.3892,539.0998,-468.2022,0.494277,-0.505037,0.547207,0.448546,1.222927,-1.249548,1.353885,0.383839,-0.068797,0.557117,-1.563725,2.691751,-0.184490
608,1770215192754,6.760275,191.2116,539.3893,-469.1626,0.494883,-0.504433,0.546704,0.449170,1.224082,-1.247703,1.352260,0.384048,-0.067572,0.557125,-1.567842,2.689151,-0.184429
609,1770215192765,6.771386,191.0017,539.3087,-469.9849,0.495546,-0.503955,0.546139,0.449663,1.225450,-1.246245,1.350563,0.384172,-0.066947,0.557110,-1.570053,2.687797,-0.184344
610,1770215192776,6.782498,190.8089,539.3397,-470.6932,0.496096,-0.503263,0.545734,0.450322,1.226446,-1.244164,1.349162,0.384264,-0.066294,0.557133,-1.572229,2.686307,-0.184373
611,1770215192787,6.793609,190.4864,539.1675,-471.7117,0.496643,-0.502769,0.545199,0.450918,1.227469,-1.242611,1.347477,0.384485,-0.065051,0.557122,-1.576583,2.683595,-0.184265
612,1770215192798,6.804721,190.2440,539.2078,-472.5711,0.497305,-0.502275,0.544615,0.451445,1.228815,-1.241095,1.345715,0.384592,-0.064446,0.557112,-1.578581,2.682278,-0.184195
613,1770215192809,6.815832,190.0025,538.9522,-473.1335,0.497843,-0.501680,0.544124,0.452105,1.229780,-1.239259,1.344103,0.384786,-0.063195,0.557133,-1.582802,2.679571,-0.184218
614,1770215192820,6.826943,189.7338,538.9222,-474.0038,0.498504,-0.501227,0.543520,0.452606,1.231134,-1.237858,1.342308,0.384894,-0.062576,0.557120,-1.584933,2.678228,-0.184136
615,1770215192832,6.838055,189.7430,538.9232,-475.2790,0.499047,-0.500627,0.543036,0.453252,1.232118,-1.236020,1.340725,0.384991,-0.061944,0.557130,-1.587091,2.676827,-0.184157
616,1770215192843,6.849166,189.6474,539.1033,-476.0758,0.499667,-0.500206,0.542450,0.453735,1.233381,-1.234711,1.338987,0.385179,-0.060705,0.557139,-1.591271,2.674116,-0.184073
617,1770215192854,6.860277,189.4021,539.0959,-476.9449,0.500248,-0.499659,0.541968,0.454273,1.234518,-1.233064,1.337475,0.385280,-0.060081,0.557135,-1.593376,2.672733,-0.184041
618,1770215192865,6.871388,189.2003,539.0283,-477.8630,0.500918,-0.499213,0.541352,0.454758,1.235902,-1.231696,1.335664,0.385453,-0.058869,0.557143,-1.597492,2.670064,-0.183972
619,1770215192876,6.882499,188.9577,538.8979,-478.5104,0.501342,-0.498599,0.540967,0.455423,1.236579,-1.229813,1.334315,0.385553,-0.058255,0.557137,-1.599577,2.668722,-0.183972
620,1770215192887,6.893610,189.1053,538.8730,-479.2925,0.502017,-0.498141,0.540287,0.455987,1.237932,-1.228374,1.332301,0.385635,-0.057655,0.557149,-1.601576,2.667418,-0.183936
621,1770215192898,6.904722,188.9239,539.0120,-480.2376,0.502573,-0.497646,0.539756,0.456544,1.238991,-1.226847,1.330660,0.385811,-0.056423,0.557149,-1.605757,2.664638,-0.183862
622,1770215192909,6.915833,188.7021,539.0049,-481.1158,0.503181,-0.497063,0.539226,0.457136,1.240162,-1.225083,1.329000,0.385903,-0.055801,0.557151,-1.607828,2.663311,-0.183830
623,1770215192920,6.926944,188.4632,539.0275,-481.9875,0.503815,-0.496615,0.538639,0.457616,1.241457,-1.223717,1.327269,0.386082,-0.054562,0.557151,-1.611969,2.660580,-0.183771
624,1770215192932,6.938055,188.2808,539.1060,-482.8861,0.504437,-0.496064,0.538132,0.458125,1.242708,-1.222081,1.325718,0.386185,-0.053940,0.557133,-1.614117,2.659229,-0.183627
625,1770215192943,6.949167,188.1013,539.1508,-483.7168,0.504885,-0.495512,0.537722,0.458710,1.243486,-1.220401,1.324359,0.386249,-0.053311,0.557156,-1.616206,2.657789,-0.183670
626,1770215192954,6.960278,187.8901,539.2053,-484.3798,0.505507,-0.495003,0.537152,0.459242,1.244720,-1.218858,1.322641,0.386423,-0.052078,0.557153,-1.620367,2.655055,-0.183565
627,1770215192965,6.971389,187.7730,539.3290,-485.4283,0.506136,-0.494508,0.536595,0.459733,1.245995,-1.217370,1.320980,0.386495,-0.051476,0.557157,-1.622351,2.653689,-0.183552
628,1770215192976,6.982500,187.8040,539.3171,-486.1034,0.506710,-0.494064,0.535992,0.460281,1.247104,-1.215979,1.319172,0.386551,-0.050830,0.557194,-1.624453,2.652244,-0.183656
629,1770215192987,6.993612,187.6168,539.2275,-487.2070,0.507272,-0.493482,0.535516,0.460840,1.248175,-1.214243,1.317671,0.386725,-0.049592,0.557176,-1.628694,2.649465,-0.183548
630,1770215192998,7.004723,187.4539,539.3124,-488.2233,0.507896,-0.492965,0.534939,0.461376,1.249411,-1.212681,1.315937,0.386805,-0.048990,0.557172,-1.630673,2.648126,-0.183472
631,1770215193009,7.015834,187.1219,539.1711,-488.6721,0.508551,-0.492390,0.534405,0.461887,1.250737,-1.210991,1.314323,0.386948,-0.047742,0.557183,-1.634764,2.645357,-0.183438
632,1770215193020,7.026945,186.8588,539.1997,-489.5200,0.509176,-0.491889,0.533786,0.462448,1.251960,-1.209455,1.312471,0.387012,-0.047130,0.557197,-1.636848,2.643946,-0.183433
633,1770215193032,7.038056,186.7068,539.1668,-490.3604,0.509662,-0.491299,0.533372,0.463017,1.252839,-1.207698,1.311120,0.387084,-0.046515,0.557199,-1.638861,2.642566,-0.183465
634,1770215193043,7.049168,186.5238,539.1968,-491.3655,0.510298,-0.490875,0.532736,0.463497,1.254133,-1.206398,1.309277,0.387234,-0.045293,0.557194,-1.642939,2.639844,-0.183343
635,1770215193054,7.060279,186.3501,539.0267,-492.2576,0.510879,-0.490250,0.532210,0.464122,1.255209,-1.204526,1.307620,0.387307,-0.044690,0.557192,-1.644999,2.638461,-0.183239
636,1770215193065,7.071390,186.0968,538.9712,-493.2057,0.511515,-0.489844,0.531511,0.464652,1.256476,-1.203245,1.305594,0.387448,-0.043438,0.557191,-1.649146,2.635645,-0.183201
637,1770215193076,7.082501,185.8736,539.1609,-494.1140,0.512066,-0.489303,0.531014,0.465184,1.257532,-1.201629,1.304063,0.387519,-0.042820,0.557190,-1.651141,2.634305,-0.183156
638,1770215193087,7.093613,185.7038,539.0803,-495.2327,0.512724,-0.488678,0.530488,0.465716,1.258848,-1.199811,1.302463,0.387591,-0.042181,0.557184,-1.653256,2.632875,-0.183100
639,1770215193098,7.104724,185.4340,539.1239,-495.8792,0.513186,-0.488181,0.529963,0.466325,1.259642,-1.198264,1.300822,0.387714,-0.040949,0.557199,-1.657352,2.630044,-0.183030
640,1770215193109,7.115835,185.1573,539.1154,-496.7540,0.513791,-0.487691,0.529376,0.466837,1.260839,-1.196790,1.299085,0.387770,-0.040318,0.557203,-1.659460,2.628612,-0.183070
641,1770215193120,7.126946,184.8694,539.1077,-497.6946,0.514434,-0.487170,0.528765,0.467366,1.262120,-1.195230,1.297278,0.387896,-0.039073,0.557205,-1.663560,2.625790,-0.182978
642,1770215193132,7.138058,184.7424,539.1698,-498.3776,0.515027,-0.486699,0.528134,0.467917,1.263264,-1.193782,1.295413,0.387959,-0.038453,0.557209,-1.665582,2.624388,-0.182925
643,1770215193143,7.149169,184.5278,539.2114,-499.2432,0.515607,-0.486099,0.527622,0.468479,1.264370,-1.192011,1.293835,0.388026,-0.037812,0.557201,-1.667770,2.622938,-0.182890
644,1770215193154,7.160280,184.2759,538.9709,-500.0544,0.516304,-0.485645,0.526980,0.468904,1.265840,-1.190674,1.292017,0.388141,-0.036556,0.557210,-1.671898,2.620060,-0.182827
645,1770215193165,7.171391,183.9776,538.9235,-500.9120,0.516882,-0.485097,0.526412,0.469473,1.266936,-1.189029,1.290296,0.388192,-0.035924,0.557216,-1.673904,2.618635,-0.182775
646,1770215193176,7.182503,183.6798,538.8651,-501.7910,0.517462,-0.484528,0.525882,0.470015,1.268053,-1.187348,1.288687,0.388261,-0.035300,0.557202,-1.675979,2.617249,-0.182739
647,1770215193187,7.193614,183.4769,538.9745,-502.6600,0.518065,-0.484022,0.525348,0.470470,1.269274,-1.185868,1.287118,0.388356,-0.034087,0.557222,-1.679970,2.614439,-0.182694
648,1770215193198,7.204725,183.4074,539.0823,-503.3057,0.518649,-0.483521,0.524770,0.470986,1.270414,-1.184371,1.285408,0.388399,-0.033469,0.557227,-1.681950,2.613012,-0.182727
649,1770215193209,7.215837,183.3147,539.1240,-504.2814,0.519183,-0.482929,0.524222,0.471615,1.271367,-1.182590,1.283707,0.388499,-0.032226,0.557232,-1.685996,2.610188,-0.182696
650,1770215193220,7.226948,183.1794,538.9701,-505.1353,0.519788,-0.482496,0.523595,0.472087,1.272581,-1.181281,1.281904,0.388569,-0.031607,0.557213,-1.688100,2.608771,-0.182514
651,1770215193232,7.238059,182.8392,539.1981,-505.8355,0.520428,-0.481970,0.522969,0.472614,1.273852,-1.179717,1.280071,0.388599,-0.030985,0.557237,-1.690097,2.607304,-0.182578
652,1770215193243,7.249170,182.5970,538.9651,-506.4236,0.521018,-0.481401,0.522417,0.473153,1.274990,-1.178045,1.278414,0.388690,-0.029746,0.557239,-1.694151,2.604453,-0.182468
653,1770215193254,7.260281,182.2989,538.9661,-507.2303,0.521650,-0.480958,0.521770,0.473621,1.276273,-1.176715,1.276567,0.388747,-0.029123,0.557230,-1.696224,2.603035,-0.182420
654,1770215193265,7.271393,182.0441,539.2576,-508.0600,0.522209,-0.480349,0.521258,0.474186,1.277321,-1.174931,1.274994,0.388835,-0.027895,0.557235,-1.700184,2.600211,-0.182313
655,1770215193276,7.282504,181.5925,539.4454,-509.3223,0.522904,-0.479831,0.520567,0.474703,1.278728,-1.173394,1.273013,0.388872,-0.027255,0.557239,-1.702287,2.598666,-0.182333
656,1770215193287,7.293615,181.4890,539.1743,-510.2263,0.523508,-0.479301,0.519989,0.475207,1.279918,-1.171838,1.271314,0.388911,-0.026632,0.557247,-1.704259,2.597265,-0.182316
657,1770215193298,7.304726,181.1717,539.4610,-511.0803,0.524224,-0.478859,0.519240,0.475682,1.281401,-1.170510,1.269216,0.389002,-0.025369,0.557233,-1.708415,2.594365,-0.182114
658,1770215193309,7.315838,180.8234,539.4916,-511.9753,0.524850,-0.478367,0.518640,0.476140,1.282670,-1.169071,1.267494,0.389024,-0.024737,0.557253,-1.710398,2.592881,-0.182174
659,1770215193320,7.326949,180.4752,539.5027,-512.8368,0.525440,-0.477882,0.518002,0.476672,1.283809,-1.167611,1.265635,0.389093,-0.023482,0.557261,-1.714468,2.589966,-0.182155
660,1770215193332,7.338060,180.3344,539.5704,-513.7462,0.526152,-0.477209,0.517397,0.477218,1.285238,-1.165684,1.263852,0.389138,-0.022860,0.557256,-1.716504,2.588484,-0.182062
661,1770215193343,7.349172,180.0922,539.4176,-514.5484,0.526845,-0.476781,0.516641,0.477700,1.286656,-1.164390,1.261736,0.389175,-0.022256,0.557256,-1.718459,2.587093,-0.182059
662,1770215193354,7.360283,179.7421,539.4336,-515.3782,0.527320,-0.476168,0.516165,0.478301,1.287475,-1.162586,1.260241,0.389255,-0.021030,0.557244,-1.722486,2.584272,-0.181829
663,1770215193365,7.371394,179.7074,539.4258,-516.1249,0.527929,-0.475714,0.515535,0.478760,1.288700,-1.161241,1.258446,0.389269,-0.020414,0.557259,-1.724469,2.582755,-0.181894
664,1770215193376,7.382505,179.3663,539.4634,-516.9995,0.528457,-0.475152,0.514994,0.479317,1.289673,-1.159585,1.256816,0.389305,-0.019797,0.557254,-1.726488,2.581357,-0.181816
665,1770215193387,7.393617,179.4450,539.4337,-517.4503,0.529033,-0.474734,0.514355,0.479782,1.290813,-1.158327,1.254999,0.389352,-0.018554,0.557273,-1.730464,2.578439,-0.181813
666,1770215193398,7.404728,179.1576,539.3265,-518.2073,0.529458,-0.474198,0.513870,0.480364,1.291518,-1.156720,1.253493,0.389395,-0.017934,0.557256,-1.732520,2.576954,-0.181676
667,1770215193409,7.415839,178.8483,539.3384,-519.0109,0.530003,-0.473632,0.513344,0.480882,1.292552,-1.155077,1.251923,0.389436,-0.016659,0.557267,-1.736534,2.574000,-0.181708
668,1770215193420,7.426951,178.6819,539.4346,-519.8511,0.530631,-0.473061,0.512719,0.481418,1.293778,-1.153412,1.250104,0.389439,-0.016035,0.557298,-1.738502,2.572490,-0.181687
669,1770215193432,7.438062,178.3745,539.4465,-520.6647,0.531161,-0.472547,0.512139,0.481956,1.294763,-1.151885,1.248394,0.389474,-0.015415,0.557287,-1.740514,2.571052,-0.181651
670,1770215193443,7.449173,177.9462,539.4515,-521.6764,0.531749,-0.472087,0.511528,0.482407,1.295938,-1.150533,1.246658,0.389511,-0.014151,0.557299,-1.744595,2.568025,-0.181621
671,1770215193454,7.460284,177.7869,539.2462,-522.5628,0.532192,-0.471506,0.510934,0.483116,1.296613,-1.148760,1.244820,0.389543,-0.013506,0.557287,-1.746625,2.566576,-0.181499
672,1770215193465,7.471396,177.4516,539.2408,-523.4176,0.532786,-0.471000,0.510301,0.483623,1.297769,-1.147270,1.242999,0.389581,-0.012250,0.557291,-1.750674,2.563565,-0.181426
673,1770215193476,7.482507,177.1145,539.2386,-524.2361,0.533335,-0.470423,0.509730,0.484181,1.298788,-1.145584,1.241305,0.389609,-0.011609,0.557286,-1.752742,2.562080,-0.181401
674,1770215193487,7.493618,176.8237,539.1578,-525.0844,0.533927,-0.469772,0.509132,0.484791,1.299879,-1.143690,1.239515,0.389627,-0.011005,0.557285,-1.754699,2.560622,-0.181320
675,1770215193498,7.504729,176.4674,539.1867,-525.8994,0.534588,-0.469375,0.508411,0.485203,1.301254,-1.142516,1.237534,0.389653,-0.009774,0.557286,-1.758587,2.557746,-0.181241
676,1770215193509,7.515841,176.5379,539.1821,-526.6572,0.535184,-0.468863,0.507623,0.485865,1.302324,-1.140939,1.235257,0.389678,-0.009169,0.557274,-1.760565,2.556285,-0.181129
677,1770215193520,7.526952,176.2595,539.3185,-527.4696,0.535843,-0.468368,0.506973,0.486294,1.303682,-1.139517,1.233444,0.389645,-0.008514,0.557330,-1.762582,2.554668,-0.181310
678,1770215193532,7.538063,175.9999,539.2704,-528.2156,0.536304,-0.467745,0.506517,0.486861,1.304478,-1.137719,1.232027,0.389684,-0.007293,0.557309,-1.766472,2.551790,-0.181148
679,1770215193543,7.549174,175.6244,539.2175,-529.0873,0.536920,-0.467265,0.505856,0.487329,1.305709,-1.136319,1.230166,0.389708,-0.006656,0.557297,-1.768543,2.550268,-0.181005
680,1770215193554,7.560286,175.3323,539.3292,-530.0304,0.537330,-0.466678,0.505409,0.487905,1.306374,-1.134603,1.228767,0.389711,-0.005412,0.557322,-1.772454,2.547336,-0.181018
681,1770215193565,7.571397,175.0026,539.3295,-530.8529,0.537882,-0.466167,0.504822,0.488391,1.307438,-1.133118,1.227079,0.389719,-0.004787,0.557319,-1.774505,2.545788,-0.180962
682,1770215193576,7.582508,174.6734,539.4119,-531.6871,0.538469,-0.465691,0.504127,0.488916,1.308564,-1.131703,1.225107,0.389729,-0.004173,0.557316,-1.776424,2.544352,-0.180953
683,1770215193587,7.593619,174.4093,539.5580,-532.4136,0.539044,-0.465087,0.503571,0.489430,1.309664,-1.129978,1.223480,0.389744,-0.002913,0.557309,-1.780454,2.541316,-0.180766
684,1770215193598,7.604731,174.0339,539.6041,-533.2477,0.539538,-0.464458,0.503082,0.489986,1.310546,-1.128175,1.221993,0.389756,-0.002314,0.557299,-1.782372,2.539875,-0.180706
685,1770215193609,7.615842,173.8213,539.4634,-533.9948,0.540216,-0.463961,0.502409,0.490400,1.311954,-1.126763,1.220136,0.389751,-0.001053,0.557313,-1.786323,2.536802,-0.180659
686,1770215193620,7.626953,173.5204,539.3058,-534.7642,0.540765,-0.463500,0.501847,0.490807,1.313052,-1.125443,1.218554,0.389736,-0.000422,0.557323,-1.788270,2.535312,-0.180703
687,1770215193632,7.638064,173.1818,539.2213,-535.5668,0.541290,-0.462925,0.501184,0.491447,1.313959,-1.123732,1.216603,0.389738,0.000258,0.557327,-1.790460,2.533678,-0.180663
688,1770215193643,7.649175,172.8895,539.1815,-536.3992,0.541835,-0.462366,0.500612,0.491956,1.314989,-1.122124,1.214943,0.389738,0.001511,0.557321,-1.794447,2.530623,-0.180555
689,1770215193654,7.660287,172.5286,539.1891,-537.1490,0.542295,-0.461800,0.500094,0.492508,1.315786,-1.120478,1.213392,0.389721,0.002146,0.557340,-1.796395,2.529067,-0.180593
690,1770215193665,7.671398,172.5383,539.3666,-537.9550,0.542907,-0.461165,0.499423,0.493108,1.316926,-1.118645,1.211446,0.389726,0.003365,0.557323,-1.800269,2.526173,-0.180383
691,1770215193676,7.682509,172.2190,539.4122,-538.7816,0.543572,-0.460680,0.498740,0.493521,1.318300,-1.117265,1.209571,0.389711,0.004000,0.557334,-1.802336,2.524556,-0.180328
692,1770215193687,7.693620,171.9444,539.2984,-539.5029,0.544035,-0.460088,0.498260,0.494047,1.319120,-1.115573,1.208128,0.389698,0.004611,0.557337,-1.804200,2.523072,-0.180283
693,1770215193698,7.704732,171.6279,539.0901,-540.5075,0.544574,-0.459526,0.497672,0.494568,1.320126,-1.113958,1.206429,0.389670,0.005862,0.557355,-1.808138,2.520021,-0.180227
694,1770215193709,7.715843,171.2481,538.9844,-541.4438,0.545141,-0.458954,0.497098,0.495052,1.321221,-1.112335,1.204782,0.389701,0.006462,0.557304,-1.810090,2.518621,-0.180022
695,1770215193720,7.726954,170.7860,539.0034,-542.2941,0.545635,-0.458317,0.496598,0.495599,1.322100,-1.110525,1.203282,0.389656,0.007721,0.557334,-1.813998,2.515538,-0.180102
696,1770215193732,7.738065,170.3902,538.9867,-543.1212,0.546191,-0.457757,0.496009,0.496094,1.323163,-1.108928,1.201595,0.389640,0.008325,0.557333,-1.815913,2.513997,-0.180047
697,1770215193743,7.749177,170.0979,539.1349,-544.0031,0.546681,-0.457223,0.495450,0.496605,1.324052,-1.107388,1.199972,0.389608,0.008952,0.557350,-1.817822,2.512452,-0.180015
698,1770215193754,7.760288,169.6815,539.1377,-544.8976,0.547234,-0.456631,0.494882,0.497106,1.325103,-1.105712,1.198334,0.389579,0.010198,0.557346,-1.821696,2.509444,-0.179966
699,1770215193765,7.771399,169.3080,539.1740,-545.7293,0.547809,-0.456048,0.494243,0.497644,1.326182,-1.104041,1.196507,0.389574,0.010831,0.557339,-1.823762,2.507923,-0.179816
700,1770215193776,7.782510,169.0102,539.3015,-546.6166,0.548424,-0.455549,0.493513,0.498147,1.327381,-1.102591,1.194477,0.389528,0.011475,0.557370,-1.825714,2.506287,-0.179935
701,1770215193787,7.793621,168.6955,539.1138,-547.3086,0.548915,-0.455049,0.492908,0.498662,1.328269,-1.101133,1.192745,0.389508,0.012744,0.557344,-1.829719,2.503165,-0.179711
702,1770215193798,7.804733,168.6275,539.1938,-547.8118,0.549399,-0.454424,0.492313,0.499287,1.329080,-1.099319,1.190979,0.389466,0.013368,0.557368,-1.831624,2.501620,-0.179745
703,1770215193809,7.815844,168.5233,539.4030,-548.6608,0.549879,-0.453943,0.491690,0.499810,1.329936,-1.097907,1.189201,0.389440,0.014601,0.557349,-1.835495,2.498600,-0.179535
704,1770215193820,7.826955,168.2296,539.4738,-549.4130,0.550505,-0.453379,0.491007,0.500304,1.331164,-1.096305,1.187294,0.389393,0.015210,0.557370,-1.837346,2.497049,-0.179626
705,1770215193832,7.838066,167.8767,539.5859,-550.2115,0.551135,-0.452916,0.490302,0.500720,1.332447,-1.094987,1.185375,0.389384,0.015841,0.557353,-1.839348,2.495533,-0.179476
706,1770215193843,7.849177,167.4641,539.4388,-550.9564,0.551754,-0.452318,0.489727,0.501143,1.333696,-1.093340,1.183766,0.389311,0.017078,0.557378,-1.843211,2.492420,-0.179434
707,1770215193854,7.860288,167.0914,539.4736,-551.7769,0.552355,-0.451761,0.489078,0.501616,1.334874,-1.091770,1.181953,0.389277,0.017697,0.557385,-1.845087,2.490870,-0.179480
708,1770215193865,7.871400,166.7438,539.5386,-552.8166,0.552764,-0.451149,0.488591,0.502192,1.335527,-1.090017,1.180479,0.389232,0.018939,0.557366,-1.849029,2.487795,-0.179282
709,1770215193876,7.882511,166.3851,539.3428,-553.3891,0.553200,-0.450488,0.488166,0.502717,1.336275,-1.088172,1.179182,0.389223,0.019578,0.557342,-1.851006,2.486281,-0.179155
710,1770215193887,7.893622,165.9912,539.3801,-554.1732,0.553720,-0.449830,0.487630,0.503253,1.337219,-1.086329,1.177615,0.389153,0.020200,0.557382,-1.852923,2.484628,-0.179208
711,1770215193898,7.904734,165.4628,539.5039,-555.1464,0.554247,-0.449395,0.486929,0.503741,1.338209,-1.085047,1.175672,0.389073,0.021444,0.557398,-1.856721,2.481525,-0.179161
712,1770215193909,7.915845,165.0347,539.5549,-555.9573,0.554782,-0.448792,0.486333,0.504266,1.339194,-1.083344,1.173964,0.389036,0.022083,0.557399,-1.858682,2.479931,-0.179122
713,1770215193920,7.926956,164.7276,539.2915,-556.6777,0.555193,-0.448276,0.485819,0.504767,1.339894,-1.081863,1.172468,0.388983,0.023298,0.557379,-1.862504,2.476885,-0.178939
714,1770215193932,7.938067,164.3137,539.2328,-557.4163,0.555777,-0.447756,0.485177,0.505204,1.341049,-1.080402,1.170697,0.388945,0.023938,0.557381,-1.864496,2.475272,-0.178913
715,1770215193943,7.949179,164.2137,539.1530,-558.2424,0.556320,-0.447255,0.484578,0.505624,1.342114,-1.078997,1.169037,0.388893,0.024556,0.557392,-1.866353,2.473729,-0.178902
716,1770215193954,7.960290,163.9054,539.1794,-558.9288,0.556811,-0.446655,0.483987,0.506179,1.342975,-1.077290,1.167331,0.388813,0.025796,0.557398,-1.870191,2.470616,-0.178785
717,1770215193965,7.971401,163.6867,539.2294,-559.7957,0.557368,-0.446074,0.483348,0.506690,1.344020,-1.075649,1.165530,0.388777,0.026417,0.557384,-1.872152,2.469050,-0.178665
718,1770215193976,7.982512,163.2769,539.2616,-560.5819,0.557879,-0.445403,0.482832,0.507208,1.344950,-1.073791,1.164025,0.388674,0.027655,0.557409,-1.875928,2.465928,-0.178683
719,1770215193987,7.993623,162.9671,539.3525,-561.3028,0.558409,-0.444803,0.482270,0.507687,1.345948,-1.072120,1.162427,0.388636,0.028263,0.557399,-1.877806,2.464378,-0.178618
720,1770215193998,8.004735,162.6788,539.1294,-562.2753,0.558973,-0.444319,0.481604,0.508122,1.347052,-1.070750,1.160604,0.388570,0.028893,0.557417,-1.879704,2.462763,-0.178581
721,1770215194009,8.015846,162.2944,539.2128,-563.0073,0.559544,-0.443756,0.480969,0.508586,1.348159,-1.069180,1.158840,0.388493,0.030136,0.557398,-1.883553,2.459670,-0.178457
722,1770215194020,8.026957,161.9205,539.1619,-563.6738,0.560038,-0.443170,0.480399,0.509092,1.349051,-1.067533,1.157214,0.388438,0.030740,0.557405,-1.885436,2.458098,-0.178381
723,1770215194032,8.038068,161.5869,538.8379,-564.5756,0.560546,-0.442599,0.479816,0.509579,1.349991,-1.065933,1.155564,0.388382,0.031376,0.557413,-1.887345,2.456475,-0.178408
724,1770215194043,8.049179,161.1206,539.0212,-565.5238,0.561022,-0.441947,0.479342,0.510067,1.350853,-1.064137,1.154179,0.388271,0.032612,0.557420,-1.891164,2.453313,-0.178330
725,1770215194054,8.060291,160.6991,538.9428,-566.3033,0.561626,-0.441382,0.478630,0.510560,1.352017,-1.062550,1.152219,0.388205,0.033240,0.557434,-1.893067,2.451678,-0.178292
726,1770215194065,8.071402,160.2970,538.9976,-567.0751,0.562170,-0.440885,0.477994,0.510986,1.353076,-1.061159,1.150476,0.388102,0.034469,0.557431,-1.896834,2.448542,-0.178213
727,1770215194076,8.082513,159.8387,538.9349,-567.9836,0.562714,-0.440334,0.477321,0.511492,1.354091,-1.059599,1.148605,0.388055,0.035087,0.557419,-1.898748,2.446977,-0.178064
728,1770215194087,8.093624,159.4505,539.0334,-568.8454,0.563260,-0.439767,0.476780,0.511883,1.355175,-1.058056,1.147108,0.387982,0.035709,0.557436,-1.900640,2.445332,-0.178094
729,1770215194098,8.104736,159.1350,539.0499,-569.6959,0.563844,-0.439124,0.476102,0.512423,1.356262,-1.056262,1.145209,0.387878,0.036949,0.557423,-1.904442,2.442210,-0.177929
730,1770215194109,8.115847,158.9084,539.0176,-570.2620,0.564324,-0.438551,0.475514,0.512931,1.357119,-1.054653,1.143543,0.387814,0.037576,0.557428,-1.906375,2.440556,-0.177891
731,1770215194120,8.126958,158.4761,538.9854,-571.0574,0.564856,-0.437985,0.474883,0.513413,1.358116,-1.053073,1.141788,0.387694,0.038802,0.557419,-1.910152,2.437432,-0.177715
732,1770215194132,8.138069,158.1932,539.0043,-571.7352,0.565388,-0.437346,0.474376,0.513842,1.359141,-1.051340,1.140357,0.387608,0.039429,0.557452,-1.911948,2.435823,-0.177847
733,1770215194143,8.149181,157.7919,539.0997,-572.4857,0.565894,-0.436778,0.473832,0.514269,1.360108,-1.049780,1.138840,0.387540,0.040046,0.557456,-1.913835,2.434228,-0.177765
734,1770215194154,8.160292,157.4235,539.1008,-573.2355,0.566492,-0.436231,0.473100,0.514749,1.361263,-1.048248,1.136844,0.387427,0.041269,0.557437,-1.917646,2.431060,-0.177591
735,1770215194165,8.171403,156.9648,539.2032,-574.0206,0.567074,-0.435688,0.472423,0.515189,1.362401,-1.046744,1.135002,0.387342,0.041900,0.557456,-1.919495,2.429419,-0.177562
736,1770215194176,8.182514,156.5306,539.1394,-574.8750,0.567557,-0.434993,0.471947,0.515680,1.363273,-1.044855,1.133617,0.387205,0.043153,0.557456,-1.923311,2.426171,-0.177450
737,1770215194187,8.193625,156.1299,539.2132,-575.6299,0.568066,-0.434385,0.471338,0.516189,1.364196,-1.043165,1.131906,0.387126,0.043772,0.557459,-1.925216,2.424514,-0.177438
738,1770215194198,8.204736,155.6484,539.2620,-576.4549,0.568594,-0.433818,0.470691,0.516675,1.365177,-1.041584,1.130116,0.387050,0.044399,0.557467,-1.927047,2.422942,-0.177379
739,1770215194209,8.215847,155.3777,539.1243,-577.0825,0.569100,-0.433227,0.470099,0.517153,1.366109,-1.039951,1.128460,0.386901,0.045622,0.557478,-1.930765,2.419725,-0.177338
740,1770215194220,8.226959,155.1675,539.1093,-577.6902,0.569606,-0.432677,0.469430,0.517664,1.367024,-1.038402,1.126606,0.386845,0.046249,0.557455,-1.932723,2.418103,-0.177213
741,1770215194232,8.238070,154.6848,539.1987,-578.6095,0.570112,-0.432125,0.468806,0.518133,1.367962,-1.036867,1.124881,0.386748,0.046855,0.557478,-1.934479,2.416531,-0.177225
742,1770215194243,8.249181,154.4319,539.0456,-579.5542,0.570524,-0.431487,0.468233,0.518729,1.368599,-1.035069,1.123218,0.386598,0.048097,0.557472,-1.938243,2.413307,-0.177085
743,1770215194254,8.260292,153.9076,539.0073,-580.3932,0.571095,-0.430853,0.467647,0.519156,1.369715,-1.033360,1.121607,0.386529,0.048716,0.557471,-1.940197,2.411658,-0.177070
744,1770215194265,8.271404,153.4617,538.9252,-581.1294,0.571654,-0.430328,0.466955,0.519599,1.370795,-1.031902,1.119732,0.386363,0.049958,0.557474,-1.943956,2.408368,-0.176918
745,1770215194276,8.282515,153.1154,538.8630,-581.7773,0.572090,-0.429683,0.466359,0.520188,1.371493,-1.030095,1.118019,0.386279,0.050569,0.557481,-1.945786,2.406800,-0.176887
746,1770215194287,8.293626,152.6574,538.9531,-582.4678,0.572645,-0.429090,0.465752,0.520610,1.372574,-1.028485,1.116361,0.386204,0.051180,0.557467,-1.947659,2.405161,-0.176793
747,1770215194298,8.304737,152.4146,538.9924,-583.2250,0.573086,-0.428445,0.465213,0.521138,1.373319,-1.026708,1.114816,0.386025,0.052398,0.557490,-1.951280,2.401944,-0.176720
748,1770215194309,8.315848,151.9931,539.0520,-584.0513,0.573678,-0.427930,0.464466,0.521575,1.374478,-1.025281,1.112818,0.385944,0.053024,0.557488,-1.953150,2.400308,-0.176688
749,1770215194320,8.326960,151.5293,539.0669,-584.8477,0.574152,-0.427307,0.463895,0.522072,1.375320,-1.023570,1.111212,0.385770,0.054254,0.557492,-1.956906,2.397022,-0.176576
750,1770215194332,8.338071,151.1003,539.1003,-585.6557,0.574656,-0.426677,0.463306,0.522556,1.376242,-1.021846,1.109569,0.385671,0.054870,0.557501,-1.958730,2.395417,-0.176518
751,1770215194343,8.349182,150.6336,539.1113,-586.3926,0.575261,-0.426076,0.462632,0.522978,1.377439,-1.020223,1.107756,0.385576,0.055501,0.557506,-1.960641,2.393716,-0.176513
752,1770215194354,8.360293,150.2323,538.9573,-587.2485,0.575575,-0.425227,0.462313,0.523604,1.377822,-1.017916,1.106693,0.385396,0.056735,0.557499,-1.964353,2.390464,-0.176371
753,1770215194365,8.371404,149.7519,539.0822,-587.9885,0.576178,-0.424726,0.461616,0.523963,1.379053,-1.016561,1.104855,0.385296,0.057355,0.557514,-1.966178,2.388770,-0.176327
754,1770215194376,8.382516,149.3388,539.0543,-588.7239,0.576709,-0.424186,0.460884,0.524461,1.380028,-1.015049,1.102865,0.385095,0.058604,0.557526,-1.969907,2.385464,-0.176314
755,1770215194387,8.393627,149.0475,539.1581,-589.2363,0.577256,-0.423631,0.460176,0.524929,1.381060,-1.013518,1.100951,0.384999,0.059236,0.557523,-1.971813,2.383750,-0.176202
756,1770215194398,8.404738,148.4872,539.4178,-590.0894,0.577742,-0.422898,0.459607,0.525483,1.381893,-1.011523,1.099329,0.384896,0.059872,0.557529,-1.973744,2.382046,-0.176183
757,1770215194409,8.415849,148.1405,539.2362,-590.9885,0.578300,-0.422247,0.458978,0.525943,1.382955,-1.009767,1.097608,0.384689,0.061114,0.557540,-1.977470,2.378701,-0.176092
758,1770215194420,8.426961,147.6559,539.3192,-591.7289,0.578793,-0.421674,0.458327,0.526428,1.383846,-1.008187,1.095823,0.384594,0.061707,0.557537,-1.979220,2.377122,-0.176021
759,1770215194432,8.438072,147.1717,539.3986,-592.4882,0.579327,-0.421113,0.457689,0.526844,1.384876,-1.006667,1.094100,0.384498,0.062318,0.557537,-1.981033,2.375509,-0.176001
760,1770215194443,8.449183,146.7801,539.3373,-593.1363,0.579817,-0.420465,0.457076,0.527355,1.385744,-1.004897,1.092395,0.384306,0.063511,0.557534,-1.984640,2.372276,-0.175809
761,1770215194454,8.460294,146.3342,539.4126,-593.8510,0.580340,-0.419936,0.456417,0.527771,1.386747,-1.003455,1.090628,0.384201,0.064125,0.557540,-1.986464,2.370645,-0.175762
762,1770215194465,8.471405,145.8800,539.4409,-594.5063,0.581021,-0.419422,0.455588,0.528148,1.388148,-1.002064,1.088471,0.383981,0.065345,0.557552,-1.990093,2.367305,-0.175698
763,1770215194476,8.482517,145.6030,539.2479,-595.4552,0.581435,-0.418686,0.455115,0.528684,1.388818,-1.000076,1.087090,0.383876,0.065940,0.557555,-1.991899,2.365709,-0.175628
764,1770215194487,8.493628,145.1077,539.2455,-596.2341,0.581903,-0.418009,0.454499,0.529233,1.389611,-0.998224,1.085363,0.383764,0.066580,0.557556,-1.993749,2.363995,-0.175604
765,1770215194498,8.504739,144.6946,539.2875,-597.1962,0.582390,-0.417432,0.453875,0.529689,1.390502,-0.996652,1.083661,0.383552,0.067798,0.557553,-1.997414,2.360696,-0.175459
766,1770215194509,8.515850,144.1602,539.2889,-598.0845,0.582852,-0.416843,0.453235,0.530192,1.391306,-0.995032,1.081901,0.383451,0.068437,0.557543,-1.999363,2.358983,-0.175358
767,1770215194520,8.526962,143.6335,539.2549,-598.8002,0.583307,-0.416181,0.452669,0.530695,1.392091,-0.993237,1.080318,0.383217,0.069662,0.557553,-2.002959,2.355633,-0.175263
768,1770215194532,8.538073,143.5150,539.1912,-599.4174,0.583773,-0.415734,0.451967,0.531132,1.392943,-0.991984,1.078442,0.383088,0.070305,0.557569,-2.004884,2.353840,-0.175294
769,1770215194543,8.549184,143.0611,539.1844,-600.1387,0.584315,-0.415241,0.451329,0.531463,1.394039,-0.990668,1.076767,0.382988,0.070909,0.557550,-2.006737,2.352208,-0.175090
770,1770215194554,8.560296,142.6707,539.1532,-600.8318,0.584759,-0.414496,0.450808,0.531999,1.394780,-0.988663,1.075276,0.382740,0.072136,0.557576,-2.010317,2.348790,-0.175113
771,1770215194565,8.571407,142.2161,539.2412,-601.4431,0.585243,-0.413935,0.450147,0.532463,1.395656,-0.987129,1.073488,0.382623,0.072745,0.557575,-2.012103,2.347202,-0.175038
772,1770215194576,8.582518,141.7248,539.2480,-602.0688,0.585709,-0.413296,0.449572,0.532932,1.396488,-0.985410,1.071900,0.382378,0.073988,0.557583,-2.015786,2.343760,-0.174967
773,1770215194587,8.593629,141.2823,539.1399,-602.7294,0.586154,-0.412630,0.449034,0.533412,1.397264,-0.983618,1.070400,0.382266,0.074580,0.557578,-2.017542,2.342162,-0.174828
774,1770215194598,8.604741,140.8096,539.2545,-603.3058,0.586622,-0.412091,0.448354,0.533886,1.398096,-0.982136,1.068562,0.382141,0.075193,0.557583,-2.019370,2.340458,-0.174834
775,1770215194609,8.615852,140.3849,539.2872,-604.0508,0.587077,-0.411454,0.447776,0.534362,1.398895,-0.980418,1.066967,0.381896,0.076393,0.557591,-2.022967,2.337114,-0.174728
776,1770215194620,8.626963,139.9361,539.1868,-605.0092,0.587720,-0.411027,0.446862,0.534750,1.400195,-0.979238,1.064613,0.381780,0.077029,0.557579,-2.024833,2.335421,-0.174637
777,1770215194632,8.638074,139.5370,539.1108,-606.0383,0.588090,-0.410367,0.446313,0.535308,1.400743,-0.977434,1.063051,0.381648,0.077613,0.557595,-2.026552,2.333762,-0.174671
778,1770215194643,8.649185,139.0513,539.0949,-606.8469,0.588624,-0.409685,0.445701,0.535752,1.401751,-0.975624,1.061393,0.381392,0.078849,0.557593,-2.030184,2.330371,-0.174490
779,1770215194654,8.660297,138.5515,539.0929,-607.5151,0.589047,-0.409083,0.445106,0.536243,1.402464,-0.973987,1.059753,0.381263,0.079454,0.557600,-2.031976,2.328681,-0.174469
780,1770215194665,8.671408,138.0667,539.0657,-608.4825,0.589479,-0.408513,0.444486,0.536716,1.403208,-0.972433,1.058065,0.380995,0.080673,0.557609,-2.035581,2.325233,-0.174318
781,1770215194676,8.682519,137.2466,539.2092,-609.5801,0.590058,-0.407961,0.443726,0.537128,1.404341,-0.970948,1.056070,0.380872,0.081274,0.557600,-2.037351,2.323602,-0.174270
782,1770215194687,8.693630,136.7376,539.0815,-609.9036,0.590483,-0.407298,0.443125,0.537660,1.405034,-0.969151,1.054401,0.380731,0.081896,0.557608,-2.039196,2.321888,-0.174207
783,1770215194698,8.704742,136.2521,539.0943,-610.6145,0.590979,-0.406710,0.442467,0.538102,1.405949,-0.967570,1.052636,0.380477,0.083119,0.557601,-2.042830,2.318506,-0.174056
784,1770215194709,8.715853,135.6879,539.0981,-611.4150,0.591492,-0.406041,0.441823,0.538572,1.406889,-0.965786,1.050895,0.380336,0.083747,0.557602,-2.044719,2.316732,-0.174033
785,1770215194720,8.726964,135.5056,539.0989,-611.9822,0.591955,-0.405429,0.441148,0.539079,1.407685,-0.964122,1.049062,0.380053,0.084972,0.557619,-2.048270,2.313288,-0.173956
786,1770215194732,8.738075,135.2358,539.0675,-612.6108,0.592420,-0.404763,0.440504,0.539594,1.408482,-0.962327,1.047300,0.379911,0.085581,0.557621,-2.050079,2.311560,-0.173880
787,1770215194743,8.749187,134.7980,538.8969,-613.5554,0.592780,-0.404194,0.439967,0.540063,1.409058,-0.960782,1.045817,0.379769,0.086175,0.557625,-2.051806,2.309878,-0.173804
788,1770215194754,8.760298,134.4699,539.0209,-614.2573,0.593255,-0.403629,0.439237,0.540557,1.409890,-0.959238,1.043861,0.379510,0.087380,0.557610,-2.055349,2.306533,-0.173638
789,1770215194765,8.771409,133.9821,538.8909,-614.9113,0.593742,-0.403013,0.438575,0.541020,1.410770,-0.957584,1.042084,0.379348,0.087996,0.557631,-2.057157,2.304787,-0.173693
790,1770215194776,8.782521,133.3801,538.9810,-615.7315,0.594360,-0.402510,0.437829,0.541321,1.412057,-0.956267,1.040178,0.379076,0.089204,0.557619,-2.060717,2.301377,-0.173487
791,1770215194787,8.793632,132.9070,538.9397,-616.4567,0.594774,-0.401789,0.437327,0.541807,1.412750,-0.954356,1.038769,0.378930,0.089811,0.557623,-2.062560,2.299609,-0.173479
792,1770215194798,8.804743,132.3704,538.9116,-617.2015,0.595288,-0.401140,0.436640,0.542277,1.413688,-0.952626,1.036930,0.378766,0.090433,0.557639,-2.064300,2.297891,-0.173422
793,1770215194809,8.815855,131.8423,538.6649,-617.8879,0.595752,-0.400582,0.436079,0.542632,1.414576,-0.951156,1.035443,0.378488,0.091636,0.557628,-2.067829,2.294508,-0.173295
794,1770215194820,8.826966,131.5112,538.7018,-618.5851,0.596178,-0.399952,0.435469,0.543118,1.415295,-0.949465,1.033781,0.378339,0.092248,0.557632,-2.069653,2.292771,-0.173205
795,1770215194832,8.838077,131.0939,538.8716,-619.3862,0.596677,-0.399223,0.434885,0.543574,1.416206,-0.947552,1.032195,0.378174,0.092851,0.557645,-2.071372,2.291005,-0.173217
796,1770215194843,8.849188,130.6964,538.9965,-619.8843,0.597203,-0.398855,0.434021,0.543957,1.417225,-0.946523,1.029976,0.377872,0.094059,0.557648,-2.074927,2.287568,-0.173048
797,1770215194854,8.860300,130.1507,539.0034,-620.6262,0.597688,-0.398258,0.433374,0.544378,1.418121,-0.944938,1.028256,0.377731,0.094653,0.557645,-2.076676,2.285888,-0.172987
798,1770215194865,8.871411,129.5965,538.8754,-621.4459,0.598058,-0.397548,0.432881,0.544882,1.418695,-0.943051,1.026868,0.377429,0.095856,0.557635,-2.080263,2.282432,-0.172821
799,1770215194876,8.882522,129.0702,538.8165,-622.2120,0.598565,-0.396971,0.432187,0.545297,1.419648,-0.941518,1.025041,0.377277,0.096465,0.557634,-2.081984,2.280696,-0.172777
800,1770215194887,8.893634,128.3320,538.6973,-622.9363,0.598979,-0.396387,0.431553,0.545770,1.420345,-0.939944,1.023331,0.377102,0.097066,0.557654,-2.083754,2.278904,-0.172752
801,1770215194898,8.904745,127.9327,538.7325,-623.5219,0.599446,-0.395784,0.430917,0.546196,1.421195,-0.938345,1.021640,0.376783,0.098271,0.557662,-2.087290,2.275422,-0.172609
802,1770215194909,8.915856,127.3857,538.7796,-624.2989,0.599855,-0.395076,0.430349,0.546708,1.421858,-0.936464,1.020071,0.376618,0.098858,0.557672,-2.088986,2.273714,-0.172583
803,1770215194920,8.926968,126.9456,538.7679,-625.0201,0.600406,-0.394500,0.429627,0.547086,1.422935,-0.934948,1.018197,0.376322,0.100045,0.557654,-2.092468,2.270365,-0.172390
804,1770215194932,8.938079,126.4686,538.8645,-625.9937,0.600857,-0.393906,0.428962,0.547540,1.423732,-0.933360,1.016424,0.376148,0.100646,0.557668,-2.094173,2.268646,-0.172428
805,1770215194943,8.949190,125.8789,538.8380,-626.8455,0.601375,-0.393320,0.428254,0.547947,1.424713,-0.931811,1.014574,0.375982,0.101248,0.557673,-2.095891,2.266880,-0.172398
806,1770215194954,8.960302,125.4557,538.9482,-627.4846,0.601869,-0.392597,0.427646,0.548398,1.425611,-0.929921,1.012939,0.375675,0.102447,0.557656,-2.099457,2.263433,-0.172206
807,1770215194965,8.971413,124.9136,538.8063,-628.2318,0.602361,-0.391998,0.427028,0.548767,1.426553,-0.928358,1.011318,0.375490,0.103049,0.557672,-2.101157,2.261651,-0.172200
808,1770215194976,8.982524,124.2740,538.9730,-629.1464,0.602881,-0.391449,0.426248,0.549195,1.427526,-0.926889,1.009288,0.375336,0.103641,0.557665,-2.102909,2.259946,-0.172072
809,1770215194987,8.993635,123.7367,538.8936,-629.8745,0.603302,-0.390686,0.425709,0.549693,1.428223,-0.924887,1.007800,0.375003,0.104860,0.557660,-2.106451,2.256420,-0.171923
810,1770215194998,9.004746,123.1497,539.0092,-630.1694,0.603864,-0.390171,0.424921,0.550052,1.429336,-0.923529,1.005781,0.374835,0.105447,0.557663,-2.108194,2.254655,-0.171859
811,1770215195009,9.015858,122.6010,538.9271,-630.9105,0.604293,-0.389500,0.424319,0.550521,1.430068,-0.921756,1.004156,0.374456,0.106715,0.557685,-2.111828,2.250938,-0.171806
812,1770215195020,9.026969,121.9983,538.8925,-631.7212,0.604809,-0.388898,0.423574,0.550954,1.431026,-0.920164,1.002209,0.374293,0.107323,0.557675,-2.113591,2.249166,-0.171711
813,1770215195032,9.038080,122.3596,538.8688,-632.0967,0.605234,-0.388329,0.422930,0.551383,1.431772,-0.918652,1.000506,0.374117,0.107921,0.557676,-2.115341,2.247464,-0.171606
814,1770215195043,9.049191,121.6993,538.5468,-632.8467,0.605767,-0.387757,0.422217,0.551747,1.432814,-0.917157,0.998664,0.373785,0.109122,0.557664,-2.118864,2.243947,-0.171435
815,1770215195054,9.060302,121.1142,538.5014,-633.5826,0.606220,-0.387096,0.421593,0.552190,1.433617,-0.915422,0.997001,0.373602,0.109728,0.557664,-2.120644,2.242169,-0.171370
816,1770215195065,9.071413,120.3358,538.7488,-634.3345,0.606569,-0.386445,0.420956,0.552748,1.434105,-0.913669,0.995263,0.373239,0.110924,0.557676,-2.124069,2.238637,-0.171309
817,1770215195076,9.082525,119.8724,538.7962,-635.0228,0.607132,-0.385961,0.420177,0.553062,1.435244,-0.912401,0.993287,0.373066,0.111509,0.557672,-2.125810,2.236865,-0.171152
818,1770215195087,9.093636,119.2203,538.7782,-635.7470,0.607539,-0.385241,0.419556,0.553587,1.435890,-0.910497,0.991601,0.372899,0.112097,0.557662,-2.127483,2.235166,-0.171124
819,1770215195098,9.104747,118.8416,538.9612,-636.4230,0.608032,-0.384762,0.418852,0.553913,1.436855,-0.909241,0.989799,0.372507,0.113288,0.557696,-2.130880,2.231605,-0.171047
820,1770215195109,9.115858,118.3346,539.0488,-637.0752,0.608545,-0.384045,0.418170,0.554361,1.437797,-0.907375,0.988002,0.372324,0.113888,0.557694,-2.132637,2.229832,-0.170980
821,1770215195120,9.126969,117.8048,539.1359,-637.8003,0.609008,-0.383399,0.417525,0.554786,1.438634,-0.905686,0.986302,0.371977,0.115086,0.557673,-2.136126,2.226306,-0.170767
822,1770215195132,9.138080,117.3694,538.9348,-638.4135,0.609458,-0.382746,0.416853,0.555248,1.439417,-0.903968,0.984522,0.371771,0.115691,0.557692,-2.137902,2.224420,-0.170736
823,1770215195143,9.149191,116.8789,539.0339,-638.8309,0.609916,-0.382127,0.416162,0.555690,1.440228,-0.902337,0.982706,0.371584,0.116278,0.557694,-2.139576,2.222725,-0.170708
824,1770215195154,9.160303,116.2394,539.0504,-639.7473,0.610376,-0.381458,0.415506,0.556135,1.441044,-0.900590,0.980974,0.371225,0.117476,0.557675,-2.143065,2.219177,-0.170521
825,1770215195165,9.171414,115.6909,538.9713,-640.4304,0.610866,-0.380798,0.414816,0.556564,1.441941,-0.898868,0.979168,0.371032,0.118072,0.557684,-2.144761,2.217425,-0.170518
826,1770215195176,9.182525,115.1499,538.8465,-641.2621,0.611342,-0.380224,0.414083,0.556979,1.442812,-0.897358,0.977268,0.370630,0.119258,0.557703,-2.148112,2.213844,-0.170396
827,1770215195187,9.193636,114.5207,538.8839,-642.0800,0.611781,-0.379549,0.413471,0.557413,1.443584,-0.895601,0.975645,0.370419,0.119862,0.557720,-2.149875,2.211949,-0.170390
828,1770215195198,9.204748,114.0925,538.9663,-642.7324,0.612240,-0.378986,0.412691,0.557869,1.444390,-0.894101,0.973618,0.370221,0.120431,0.557735,-2.151491,2.210221,-0.170386
829,1770215195209,9.215859,113.5188,538.8211,-643.4381,0.612666,-0.378330,0.412027,0.558337,1.445112,-0.892377,0.971858,0.369832,0.121610,0.557738,-2.154873,2.206669,-0.170192
830,1770215195220,9.226970,112.9401,538.7455,-644.1025,0.613152,-0.377765,0.411306,0.558718,1.446026,-0.890900,0.970003,0.369656,0.122196,0.557718,-2.156581,2.204929,-0.170154
831,1770215195232,9.238081,112.3659,538.6210,-644.5145,0.613773,-0.377187,0.410582,0.558959,1.447344,-0.889447,0.968196,0.369463,0.122791,0.557714,-2.158329,2.203143,-0.169995
832,1770215195243,9.249193,111.7590,538.7347,-645.0740,0.614144,-0.376481,0.410036,0.559428,1.447932,-0.887609,0.966718,0.369049,0.123976,0.557732,-2.161732,2.199547,-0.169946
833,1770215195254,9.260304,111.3754,538.6094,-645.7329,0.614534,-0.375845,0.409397,0.559895,1.448569,-0.885934,0.965023,0.368836,0.124556,0.557747,-2.163349,2.197739,-0.169920
834,1770215195265,9.271415,110.7569,538.7452,-646.4017,0.614980,-0.375207,0.408728,0.560322,1.449360,-0.884273,0.963273,0.368443,0.125736,0.557739,-2.166777,2.194131,-0.169702
835,1770215195276,9.282526,110.2480,538.8479,-647.1570,0.615351,-0.374508,0.408172,0.560787,1.449950,-0.882452,0.961775,0.368253,0.126331,0.557724,-2.168509,2.192361,-0.169623
836,1770215195287,9.293638,109.6271,538.9034,-647.8554,0.615869,-0.373878,0.407464,0.561154,1.450946,-0.880833,0.959958,0.368035,0.126925,0.557744,-2.170215,2.190463,-0.169612
837,1770215195298,9.304749,109.0168,538.9543,-648.5135,0.616280,-0.373152,0.406822,0.561652,1.451611,-0.878939,0.958245,0.367615,0.128117,0.557744,-2.173619,2.186892,-0.169471
838,1770215195309,9.315860,108.5086,539.2018,-649.3397,0.616701,-0.372677,0.406061,0.562056,1.452357,-0.877669,0.956290,0.367413,0.128702,0.557741,-2.175264,2.185113,-0.169396
839,1770215195320,9.326971,107.8510,539.3027,-649.9900,0.617182,-0.371970,0.405429,0.562451,1.453250,-0.875860,0.954644,0.366979,0.129883,0.557763,-2.178659,2.181458,-0.169332
840,1770215195332,9.338083,107.2542,539.3962,-650.4767,0.617676,-0.371530,0.404617,0.562785,1.454208,-0.874702,0.952600,0.366776,0.130479,0.557754,-2.180347,2.179668,-0.169193
841,1770215195343,9.349194,106.7968,539.4933,-651.3326,0.618222,-0.370955,0.403824,0.563135,1.455279,-0.873219,0.950593,0.366562,0.131068,0.557756,-2.182084,2.177824,-0.169112
842,1770215195354,9.360305,106.4248,539.4689,-652.1047,0.618540,-0.370221,0.403313,0.563634,1.455724,-0.871309,0.949191,0.366137,0.132235,0.557759,-2.185399,2.174194,-0.169029
843,1770215195365,9.371416,106.0142,539.4162,-652.1733,0.618938,-0.369581,0.402692,0.564062,1.456398,-0.869647,0.947558,0.365926,0.132811,0.557762,-2.187038,2.172439,-0.168972
844,1770215195376,9.382527,105.5568,539.3383,-652.8676,0.619409,-0.368953,0.401959,0.564478,1.457253,-0.868018,0.945669,0.365723,0.133398,0.557753,-2.188725,2.170623,-0.168874
845,1770215195387,9.393639,104.9389,539.5156,-653.4969,0.619914,-0.368430,0.401177,0.564821,1.458233,-0.866663,0.943694,0.365287,0.134522,0.557771,-2.191928,2.167092,-0.168796
846,1770215195398,9.404750,104.4813,539.3525,-654.3897,0.620308,-0.367784,0.400562,0.565245,1.458900,-0.864990,0.942081,0.365086,0.135094,0.557765,-2.193614,2.165352,-0.168628
847,1770215195409,9.415861,103.7854,538.8425,-654.9793,0.620708,-0.366990,0.399988,0.565729,1.459545,-0.862948,0.940540,0.364659,0.136252,0.557762,-2.196869,2.161820,-0.168522
848,1770215195420,9.426973,103.0209,538.9255,-655.8184,0.621237,-0.366535,0.399081,0.566084,1.460570,-0.861748,0.938266,0.364433,0.136835,0.557767,-2.198538,2.159965,-0.168460
849,1770215195432,9.438084,102.4666,538.7354,-656.6056,0.621667,-0.365756,0.398491,0.566532,1.461307,-0.859756,0.936704,0.364202,0.137427,0.557780,-2.200258,2.158056,-0.168398
850,1770215195443,9.449195,101.9117,538.8369,-657.2311,0.622095,-0.365035,0.397837,0.566987,1.462034,-0.857897,0.934988,0.363773,0.138588,0.557766,-2.203564,2.154469,-0.168228
851,1770215195454,9.460306,101.4213,538.7777,-657.8685,0.622514,-0.364367,0.397167,0.567426,1.462750,-0.856171,0.933241,0.363542,0.139160,0.557776,-2.205227,2.152661,-0.168172
852,1770215195465,9.471417,100.8943,538.6639,-658.5396,0.622951,-0.363695,0.396601,0.567773,1.463564,-0.854468,0.931776,0.363084,0.140344,0.557784,-2.208556,2.148946,-0.168070
853,1770215195476,9.482528,100.2499,538.6937,-659.2398,0.623578,-0.363312,0.395613,0.568020,1.464886,-0.853479,0.929359,0.362878,0.140919,0.557761,-2.210259,2.147178,-0.167983
854,1770215195487,9.493640,99.7756,538.6136,-659.6697,0.623834,-0.362458,0.395134,0.568616,1.465123,-0.851262,0.928004,0.362621,0.141513,0.557790,-2.211897,2.145267,-0.167921
855,1770215195498,9.504751,99.2554,538.6405,-660.2491,0.624412,-0.361947,0.394275,0.568904,1.466304,-0.849958,0.925875,0.362161,0.142672,0.557790,-2.215218,2.141571,-0.167800
856,1770215195509,9.515862,98.5439,538.7719,-661.1809,0.624798,-0.361183,0.393755,0.569326,1.466952,-0.848014,0.924490,0.361939,0.143263,0.557781,-2.216902,2.139701,-0.167658
857,1770215195520,9.526973,97.9121,538.8045,-661.8463,0.625237,-0.360556,0.393053,0.569725,1.467738,-0.846403,0.922687,0.361472,0.144421,0.557788,-2.220188,2.136080,-0.167579
858,1770215195532,9.538085,97.2562,538.8438,-662.5078,0.625674,-0.359947,0.392367,0.570104,1.468531,-0.844837,0.920933,0.361233,0.145007,0.557790,-2.221913,2.134204,-0.167497
859,1770215195543,9.549196,96.8163,538.7953,-662.9873,0.626168,-0.359321,0.391607,0.570479,1.469460,-0.843237,0.919003,0.360993,0.145562,0.557811,-2.223456,2.132387,-0.167482
860,1770215195554,9.560307,96.2430,538.5588,-663.7860,0.626572,-0.358668,0.391057,0.570823,1.470197,-0.841584,0.917582,0.360543,0.146702,0.557797,-2.226680,2.128775,-0.167293
861,1770215195565,9.571419,95.5838,538.4821,-664.5079,0.626993,-0.357998,0.390405,0.571228,1.470935,-0.839870,0.915898,0.360295,0.147271,0.557811,-2.228250,2.126983,-0.167241
862,1770215195576,9.582530,94.8935,538.4284,-665.2226,0.627427,-0.357319,0.389728,0.571639,1.471702,-0.838132,0.914152,0.359806,0.148403,0.557833,-2.231464,2.123292,-0.167165
863,1770215195587,9.593641,94.2498,538.3666,-665.9104,0.627890,-0.356570,0.389050,0.572060,1.472529,-0.836228,0.912401,0.359579,0.148999,0.557818,-2.233229,2.121404,-0.167062
864,1770215195598,9.604752,93.6421,538.3241,-666.6138,0.628395,-0.355883,0.388302,0.572441,1.473477,-0.834485,0.910502,0.359338,0.149568,0.557820,-2.234805,2.119619,-0.167012
865,1770215195609,9.615863,92.9119,538.2878,-667.3589,0.628835,-0.355239,0.387596,0.572836,1.474268,-0.832839,0.908698,0.358850,0.150730,0.557818,-2.238101,2.115850,-0.166828
866,1770215195620,9.626975,92.5493,538.3048,-667.9897,0.629244,-0.354496,0.387042,0.573222,1.474990,-0.830962,0.907252,0.358606,0.151310,0.557823,-2.239740,2.114024,-0.166795
867,1770215195632,9.638086,91.8481,538.2100,-668.7805,0.629674,-0.353887,0.386311,0.573620,1.475751,-0.829396,0.905388,0.358353,0.151897,0.557824,-2.241433,2.112064,-0.166662
868,1770215195643,9.649197,91.3900,538.2739,-669.3823,0.630245,-0.353365,0.385406,0.573923,1.476904,-0.828068,0.903153,0.357850,0.153064,0.557835,-2.244770,2.108287,-0.166497
869,1770215195654,9.660309,90.7069,538.1727,-670.1599,0.630641,-0.352675,0.384748,0.574353,1.477568,-0.826303,0.901450,0.357620,0.153640,0.557813,-2.246430,2.106457,-0.166443
870,1770215195665,9.671420,90.2720,538.2717,-670.6240,0.631032,-0.351984,0.384129,0.574762,1.478230,-0.824543,0.899845,0.357110,0.154792,0.557831,-2.249657,2.102706,-0.166362
871,1770215195676,9.682531,89.5513,538.2354,-671.3572,0.631455,-0.351333,0.383474,0.575132,1.478994,-0.822891,0.898173,0.356868,0.155342,0.557829,-2.251221,2.100933,-0.166250
872,1770215195687,9.693643,89.0896,538.5906,-671.6013,0.631880,-0.350677,0.382749,0.575549,1.479733,-0.821214,0.896318,0.356604,0.155912,0.557842,-2.252807,2.099057,-0.166194
873,1770215195698,9.704754,88.4764,538.4923,-671.9730,0.632452,-0.350163,0.381919,0.575786,1.480925,-0.819929,0.894286,0.356115,0.157028,0.557844,-2.255959,2.095411,-0.166015
874,1770215195709,9.715865,87.9362,538.6705,-672.5327,0.632739,-0.349545,0.381241,0.576294,1.481286,-0.818309,0.892512,0.355866,0.157585,0.557843,-2.257572,2.093563,-0.165984
875,1770215195720,9.726976,87.2966,538.7556,-673.1389,0.633084,-0.348925,0.380542,0.576753,1.481809,-0.816701,0.890704,0.355375,0.158713,0.557837,-2.260807,2.089870,-0.165826
876,1770215195732,9.738087,86.7717,538.8976,-673.5271,0.633512,-0.348366,0.379727,0.577158,1.482560,-0.815254,0.888647,0.355122,0.159282,0.557831,-2.262397,2.088076,-0.165753
877,1770215195743,9.749199,86.1111,538.9399,-674.1474,0.633912,-0.347619,0.379105,0.577578,1.483237,-0.813366,0.887037,0.354870,0.159847,0.557828,-2.263995,2.086181,-0.165618
878,1770215195754,9.760310,85.4633,539.0179,-674.7110,0.634289,-0.346924,0.378435,0.578021,1.483847,-0.811589,0.885305,0.354333,0.160994,0.557848,-2.267230,2.082344,-0.165548
879,1770215195765,9.771421,85.1974,538.9700,-675.2071,0.634638,-0.346244,0.377709,0.578520,1.484355,-0.809831,0.883423,0.354073,0.161562,0.557850,-2.268837,2.080513,-0.165435
880,1770215195776,9.782532,84.6021,539.0122,-675.7460,0.635163,-0.345705,0.376847,0.578828,1.485393,-0.808465,0.881296,0.353528,0.162706,0.557865,-2.272051,2.076679,-0.165294
881,1770215195787,9.793643,83.6541,539.0352,-676.5615,0.635555,-0.344928,0.376228,0.579264,1.486040,-0.806504,0.879688,0.353280,0.163281,0.557850,-2.273683,2.074825,-0.165264
882,1770215195798,9.804755,83.1935,538.7816,-677.2505,0.636035,-0.344329,0.375496,0.579570,1.486973,-0.805000,0.877864,0.353018,0.163843,0.557852,-2.275306,2.072958,-0.165139
883,1770215195809,9.815866,82.4720,538.5677,-678.1464,0.636369,-0.343600,0.374896,0.580023,1.487475,-0.803145,0.876297,0.352466,0.164986,0.557867,-2.278482,2.069118,-0.165060
884,1770215195820,9.826977,81.7304,538.5927,-678.8251,0.636675,-0.342887,0.374269,0.580515,1.487885,-0.801313,0.874653,0.352214,0.165555,0.557863,-2.280142,2.067237,-0.164953
885,1770215195832,9.838088,81.1202,538.4196,-679.3420,0.637064,-0.342045,0.373710,0.580944,1.488529,-0.799204,0.873191,0.351938,0.166107,0.557866,-2.281670,2.065336,-0.164904
886,1770215195843,9.849200,80.4529,538.4202,-679.9332,0.637546,-0.341553,0.372846,0.581260,1.489461,-0.797950,0.871057,0.351409,0.167239,0.557867,-2.284864,2.061611,-0.164726
887,1770215195854,9.860311,79.7191,538.4899,-680.5945,0.637953,-0.340881,0.372228,0.581603,1.490199,-0.796267,0.869491,0.351137,0.167785,0.557875,-2.286375,2.059772,-0.164684
888,1770215195865,9.871422,79.2395,538.7278,-681.0453,0.638454,-0.340370,0.371330,0.581927,1.491168,-0.794967,0.867275,0.350608,0.168864,0.557886,-2.289403,2.056095,-0.164522
889,1770215195876,9.882533,78.8577,538.8734,-681.5023,0.638893,-0.339778,0.370613,0.582248,1.491994,-0.793476,0.865487,0.350335,0.169435,0.557885,-2.291063,2.054169,-0.164478
890,1770215195887,9.893644,78.1749,539.0037,-682.0619,0.639303,-0.339098,0.369919,0.582635,1.492714,-0.791763,0.863727,0.350072,0.169983,0.557882,-2.292576,2.052356,-0.164426
891,1770215195898,9.904756,77.5529,539.0690,-682.8231,0.639637,-0.338312,0.369325,0.583103,1.493203,-0.789775,0.862174,0.349511,0.171113,0.557887,-2.295734,2.048573,-0.164196
892,1770215195909,9.915867,76.8612,539.1966,-683.4307,0.640048,-0.337717,0.368561,0.583480,1.493929,-0.788261,0.860255,0.349232,0.171681,0.557888,-2.297358,2.046591,-0.164194
893,1770215195920,9.926978,76.3189,538.9974,-684.3827,0.640344,-0.337066,0.367830,0.583993,1.494303,-0.786575,0.858366,0.348674,0.172797,0.557893,-2.300516,2.042811,-0.164025
894,1770215195932,9.938089,75.6471,539.0695,-685.0117,0.640816,-0.336508,0.367044,0.584291,1.495219,-0.785176,0.856426,0.348409,0.173351,0.557887,-2.302056,2.040947,-0.163904
895,1770215195943,9.949200,75.0437,538.8629,-685.5467,0.641165,-0.335859,0.366415,0.584677,1.495794,-0.783537,0.854821,0.348127,0.173907,0.557888,-2.303691,2.039021,-0.163820
896,1770215195954,9.960312,74.2886,538.9862,-686.2007,0.641624,-0.335187,0.365706,0.585003,1.496663,-0.781862,0.853052,0.347559,0.175026,0.557898,-2.306793,2.035194,-0.163689
897,1770215195965,9.971423,73.6176,538.8350,-686.5629,0.641962,-0.334353,0.365144,0.585460,1.497168,-0.779770,0.851581,0.347284,0.175591,0.557883,-2.308407,2.033323,-0.163567
898,1770215195976,9.982534,72.9935,538.7672,-687.0370,0.642460,-0.333770,0.364327,0.585755,1.498146,-0.778315,0.849570,0.346700,0.176715,0.557900,-2.311559,2.029449,-0.163506
899,1770215195987,9.993645,72.2997,538.7935,-687.6044,0.642849,-0.333113,0.363618,0.586143,1.498812,-0.776658,0.847782,0.346403,0.177267,0.557910,-2.313114,2.027502,-0.163420
900,1770215195998,10.004756,71.7271,538.8186,-688.1862,0.643290,-0.332474,0.362928,0.586449,1.499652,-0.775070,0.846065,0.346109,0.177823,0.557919,-2.314653,2.025541,-0.163354
901,1770215196009,10.015868,71.0717,538.8396,-688.7212,0.643652,-0.331727,0.362289,0.586870,1.500234,-0.773194,0.844428,0.345556,0.178913,0.557910,-2.317728,2.021814,-0.163147
902,1770215196020,10.026979,70.3428,538.8206,-689.2232,0.644098,-0.331150,0.361464,0.587215,1.501059,-0.771738,0.842386,0.345258,0.179470,0.557919,-2.319290,2.019852,-0.163100
903,1770215196032,10.038090,69.6952,538.9647,-690.0693,0.644443,-0.330552,0.360712,0.587635,1.501603,-0.770213,0.840488,0.344980,0.180013,0.557914,-2.320815,2.018025,-0.162987
904,1770215196043,10.049201,69.2127,538.6646,-690.8315,0.644841,-0.329980,0.359987,0.587965,1.502324,-0.768773,0.838683,0.344410,0.181107,0.557915,-2.323925,2.014235,-0.162847
905,1770215196054,10.060313,68.6101,538.6594,-691.6674,0.645124,-0.329132,0.359525,0.588413,1.502705,-0.766657,0.837452,0.344122,0.181656,0.557915,-2.325465,2.012351,-0.162755
906,1770215196065,10.071424,67.8421,538.7019,-692.3326,0.645509,-0.328539,0.358729,0.588807,1.503358,-0.765150,0.835462,0.343528,0.182762,0.557916,-2.328552,2.008519,-0.162644
907,1770215196076,10.082535,67.0881,538.7122,-692.9467,0.645931,-0.327825,0.358030,0.589168,1.504117,-0.763373,0.833710,0.343229,0.183292,0.557935,-2.330018,2.006598,-0.162616
908,1770215196087,10.093646,66.5714,538.8558,-693.2292,0.646352,-0.327194,0.357284,0.589510,1.504882,-0.761796,0.831854,0.342935,0.183846,0.557934,-2.331609,2.004662,-0.162555
909,1770215196098,10.104758,65.9973,538.6476,-693.8266,0.646718,-0.326606,0.356605,0.589845,1.505529,-0.760323,0.830159,0.342344,0.184940,0.557930,-2.334646,2.000856,-0.162361
910,1770215196109,10.115869,65.2360,538.7081,-694.4387,0.647211,-0.326014,0.355791,0.590123,1.506502,-0.758858,0.828169,0.342020,0.185505,0.557949,-2.336226,1.998842,-0.162351
911,1770215196120,10.126980,64.6837,538.6370,-694.9257,0.647612,-0.325421,0.355070,0.590445,1.507236,-0.757376,0.826381,0.341440,0.186606,0.557934,-2.339351,1.995014,-0.162132
912,1770215196132,10.138091,63.9187,538.4147,-695.3050,0.647943,-0.324674,0.354385,0.590905,1.507720,-0.755494,0.824630,0.341135,0.187147,0.557935,-2.340840,1.993084,-0.162000
913,1770215196143,10.149203,63.2147,538.3526,-695.9001,0.648372,-0.324055,0.353599,0.591245,1.508505,-0.753948,0.822685,0.340818,0.187707,0.557951,-2.342435,1.991033,-0.161978
914,1770215196154,10.160314,62.4625,538.3635,-696.4455,0.648753,-0.323445,0.352853,0.591607,1.509166,-0.752416,0.820826,0.340229,0.188782,0.557936,-2.345457,1.987316,-0.161775
915,1770215196165,10.171425,61.7971,538.3067,-696.9294,0.649110,-0.322709,0.352298,0.591947,1.509785,-0.750599,0.819421,0.339931,0.189328,0.557938,-2.347003,1.985341,-0.161690
916,1770215196176,10.182536,61.4576,538.4515,-697.5284,0.649449,-0.322155,0.351489,0.592358,1.510318,-0.749184,0.817402,0.339288,0.190398,0.557976,-2.349907,1.981483,-0.161643
917,1770215196187,10.193648,61.0035,538.4249,-698.0624,0.649896,-0.321590,0.350800,0.592583,1.511219,-0.747800,0.815723,0.339000,0.190932,0.557961,-2.351442,1.979593,-0.161505
918,1770215196198,10.204759,60.2917,538.4269,-698.6442,0.650293,-0.320943,0.350035,0.592950,1.511913,-0.746182,0.813822,0.338722,0.191469,0.557939,-2.353018,1.977738,-0.161328
919,1770215196209,10.215870,59.6684,538.2603,-699.3240,0.650579,-0.320134,0.349505,0.593387,1.512306,-0.744168,0.812442,0.338074,0.192544,0.557973,-2.355951,1.973808,-0.161290
920,1770215196220,10.226981,58.9656,538.2501,-699.9032,0.650981,-0.319529,0.348736,0.593724,1.513030,-0.742659,0.810543,0.337757,0.193077,0.557988,-2.357443,1.971866,-0.161256
921,1770215196232,10.238093,58.0302,538.3978,-700.7388,0.651353,-0.318896,0.348093,0.594034,1.513701,-0.741093,0.808945,0.337474,0.193626,0.557959,-2.359025,1.969991,-0.161076
922,1770215196243,10.249204,57.2965,538.3348,-701.3616,0.651693,-0.318099,0.347480,0.594447,1.514232,-0.739114,0.807383,0.336825,0.194717,0.557979,-2.362057,1.966023,-0.160961
923,1770215196254,10.260315,56.6912,538.3707,-701.7946,0.652131,-0.317557,0.346537,0.594806,1.515026,-0.737747,0.805073,0.336517,0.195262,0.557971,-2.363608,1.964054,-0.160841
924,1770215196265,10.271426,55.9365,538.3422,-702.4445,0.652578,-0.316883,0.345798,0.595106,1.515877,-0.736091,0.803257,0.335868,0.196366,0.557976,-2.366697,1.960038,-0.160718
925,1770215196276,10.282537,55.4661,538.3059,-702.8206,0.652986,-0.316271,0.345010,0.595441,1.516617,-0.734567,0.801316,0.335562,0.196898,0.557973,-2.368210,1.958134,-0.160603
926,1770215196287,10.293649,54.9395,538.1546,-703.4314,0.653343,-0.315625,0.344394,0.595749,1.517252,-0.732974,0.799782,0.335239,0.197426,0.557986,-2.369626,1.956248,-0.160549
927,1770215196298,10.304760,54.2159,538.1242,-704.0204,0.653760,-0.315089,0.343477,0.596104,1.518000,-0.731622,0.797538,0.334600,0.198521,0.557973,-2.372715,1.952257,-0.160395
928,1770215196309,10.315871,53.5382,538.0135,-704.5269,0.654118,-0.314285,0.342910,0.596462,1.518608,-0.729648,0.796104,0.334277,0.199045,0.557982,-2.374189,1.950321,-0.160282
929,1770215196320,10.326982,52.8215,537.9540,-705.0941,0.654500,-0.313573,0.342219,0.596814,1.519275,-0.727890,0.794385,0.333627,0.200112,0.557992,-2.377196,1.946337,-0.160185
930,1770215196332,10.338093,52.2008,538.1387,-705.5473,0.655036,-0.313055,0.341307,0.597021,1.520390,-0.726625,0.792199,0.333310,0.200645,0.557998,-2.378682,1.944412,-0.160090
931,1770215196343,10.349205,51.5416,538.0861,-706.0693,0.655378,-0.312408,0.340623,0.597375,1.520963,-0.725017,0.790497,0.332993,0.201173,0.557994,-2.380145,1.942491,-0.159963
932,1770215196354,10.360316,50.8310,538.2554,-706.6235,0.655753,-0.311692,0.339940,0.597726,1.521613,-0.723251,0.788799,0.332365,0.202227,0.557981,-2.383112,1.938688,-0.159784
933,1770215196365,10.371427,49.9775,538.2921,-707.2731,0.656147,-0.310973,0.339338,0.598011,1.522348,-0.721498,0.787308,0.332034,0.202756,0.557992,-2.384579,1.936705,-0.159758
934,1770215196376,10.382538,49.2460,538.3220,-707.7948,0.656542,-0.310241,0.338564,0.598396,1.523023,-0.719687,0.785389,0.331365,0.203820,0.558001,-2.387518,1.932737,-0.159623
935,1770215196387,10.393650,48.5230,538.2313,-708.3677,0.656858,-0.309470,0.338010,0.598762,1.523527,-0.717789,0.783986,0.331038,0.204354,0.558003,-2.389042,1.930801,-0.159579
936,1770215196398,10.404761,47.9258,538.3582,-708.8571,0.657210,-0.308675,0.337302,0.599185,1.524079,-0.715821,0.782208,0.330683,0.204874,0.558029,-2.390462,1.928773,-0.159454
937,1770215196409,10.415872,47.2757,538.3015,-709.2978,0.657616,-0.308051,0.336436,0.599547,1.524795,-0.714268,0.780083,0.330040,0.205933,0.558012,-2.393486,1.924856,-0.159342
938,1770215196420,10.426984,46.4487,538.2498,-710.0737,0.657894,-0.307376,0.335700,0.600001,1.525155,-0.712571,0.778231,0.329711,0.206463,0.558013,-2.394976,1.922861,-0.159200
939,1770215196432,10.438095,45.7774,538.2687,-710.6290,0.658312,-0.306848,0.334860,0.600282,1.525947,-0.711263,0.776196,0.329374,0.206987,0.558021,-2.396418,1.920905,-0.159135
940,1770215196443,10.449206,45.1053,538.1503,-711.0772,0.658679,-0.306071,0.334199,0.600644,1.526571,-0.709359,0.774547,0.328702,0.208028,0.558035,-2.399328,1.916988,-0.158985
941,1770215196454,10.460317,44.5707,538.0767,-711.3798,0.659102,-0.305436,0.333419,0.600937,1.527366,-0.707801,0.772648,0.328387,0.208569,0.558006,-2.400870,1.915062,-0.158856
942,1770215196465,10.471429,44.0121,538.2415,-712.0636,0.659467,-0.304706,0.332818,0.601241,1.528023,-0.706021,0.771159,0.327690,0.209630,0.558033,-2.403778,1.911025,-0.158696
943,1770215196476,10.482540,43.1675,538.2505,-712.6718,0.659797,-0.303978,0.332095,0.601647,1.528532,-0.704216,0.769355,0.327347,0.210157,0.558035,-2.405260,1.909006,-0.158605
944,1770215196487,10.493651,42.4482,538.1844,-713.1628,0.660252,-0.303370,0.331267,0.601911,1.529422,-0.702732,0.767354,0.326991,0.210684,0.558046,-2.406690,1.907019,-0.158572
945,1770215196498,10.504762,41.6341,538.2833,-713.5859,0.660613,-0.302742,0.330562,0.602218,1.530066,-0.701190,0.765623,0.326313,0.211725,0.558046,-2.409644,1.903046,-0.158418
946,1770215196509,10.515873,41.0923,538.2458,-713.9518,0.660951,-0.302067,0.329828,0.602589,1.530615,-0.699519,0.763809,0.325973,0.212247,0.558049,-2.411056,1.901117,-0.158380
947,1770215196520,10.526985,40.5827,538.2866,-714.5339,0.661336,-0.301316,0.329134,0.602921,1.531299,-0.697685,0.762098,0.325305,0.213284,0.558045,-2.413987,1.897194,-0.158178
948,1770215196532,10.538096,39.9326,538.2470,-715.1278,0.661709,-0.300566,0.328451,0.603259,1.531950,-0.695852,0.760410,0.324971,0.213807,0.558034,-2.415497,1.895217,-0.158026
949,1770215196543,10.549207,38.9709,538.4875,-715.7204,0.662164,-0.299808,0.327676,0.603558,1.532816,-0.694014,0.758523,0.324604,0.214325,0.558053,-2.416889,1.893202,-0.157982
950,1770215196554,10.560318,38.3259,538.2548,-716.3025,0.662521,-0.299010,0.327032,0.603912,1.533419,-0.692064,0.756922,0.323923,0.215348,0.558059,-2.419723,1.889274,-0.157800
951,1770215196565,10.571430,37.5938,538.2540,-716.8128,0.662869,-0.298465,0.326213,0.604242,1.534018,-0.690711,0.754925,0.323565,0.215853,0.558074,-2.421164,1.887275,-0.157777
952,1770215196576,10.582541,37.0002,538.3606,-717.2607,0.663234,-0.297849,0.325484,0.604539,1.534675,-0.689202,0.753146,0.322905,0.216854,0.558064,-2.423990,1.883390,-0.157596
953,1770215196587,10.593652,36.3912,538.2690,-717.5896,0.663588,-0.297272,0.324794,0.604806,1.535326,-0.687791,0.751467,0.322561,0.217361,0.558067,-2.425383,1.881513,-0.157502
954,1770215196598,10.604763,35.6855,538.4545,-718.2830,0.663934,-0.296544,0.324155,0.605125,1.535927,-0.686017,0.749891,0.322219,0.217878,0.558064,-2.426837,1.879522,-0.157431
955,1770215196609,10.615875,35.0325,538.5347,-718.5689,0.664361,-0.295862,0.323361,0.605416,1.536731,-0.684358,0.747965,0.321527,0.218878,0.558081,-2.429621,1.875608,-0.157301
956,1770215196620,10.626986,34.5168,538.3698,-718.8820,0.664709,-0.295259,0.322650,0.605707,1.537354,-0.682881,0.746232,0.321192,0.219365,0.558082,-2.430950,1.873734,-0.157278
957,1770215196632,10.638097,33.8745,538.4318,-719.2599,0.665075,-0.294666,0.321918,0.605983,1.538027,-0.681433,0.744455,0.320863,0.219860,0.558071,-2.432365,1.871845,-0.157085
958,1770215196643,10.649208,33.2291,538.4365,-719.9814,0.665402,-0.294115,0.321143,0.606303,1.538582,-0.680071,0.742566,0.320212,0.220804,0.558075,-2.435056,1.868141,-0.156973
959,1770215196654,10.660319,32.5084,538.3822,-720.4722,0.665712,-0.293343,0.320535,0.606658,1.539075,-0.678186,0.741052,0.319869,0.221286,0.558079,-2.436385,1.866216,-0.156889
960,1770215196665,10.671431,31.8878,538.4113,-720.9003,0.666020,-0.292768,0.319834,0.606968,1.539591,-0.676772,0.739338,0.319218,0.222231,0.558072,-2.439016,1.862602,-0.156709
961,1770215196676,10.682542,31.1992,538.4930,-721.3625,0.666298,-0.291974,0.319369,0.607291,1.540031,-0.674848,0.738165,0.318908,0.222683,0.558069,-2.440326,1.860776,-0.156566
962,1770215196687,10.693653,30.5986,538.5676,-721.6663,0.666649,-0.291520,0.318614,0.607520,1.540697,-0.673735,0.736351,0.318545,0.223167,0.558092,-2.441580,1.858846,-0.156594
963,1770215196698,10.704765,29.9184,538.6160,-722.1409,0.666922,-0.290736,0.318113,0.607858,1.541117,-0.671829,0.735093,0.317869,0.224088,0.558114,-2.444144,1.855136,-0.156452
964,1770215196709,10.715876,29.2802,538.6732,-722.5426,0.667229,-0.290200,0.317354,0.608174,1.541627,-0.670504,0.733243,0.317568,0.224555,0.558085,-2.445478,1.853450,-0.156368
965,1770215196720,10.726987,28.6972,538.4550,-723.2965,0.667594,-0.289582,0.316703,0.608408,1.542322,-0.669012,0.731669,0.316897,0.225480,0.558106,-2.448061,1.849682,-0.156169
966,1770215196732,10.738099,27.9364,538.5131,-723.9581,0.668004,-0.289003,0.315978,0.608610,1.543141,-0.667620,0.729934,0.316578,0.225945,0.558092,-2.449392,1.847925,-0.156126
967,1770215196743,10.749210,27.1948,538.4041,-724.0206,0.668324,-0.288426,0.315452,0.608805,1.543759,-0.666235,0.728661,0.316247,0.226384,0.558108,-2.450563,1.846159,-0.156038
968,1770215196754,10.760321,26.4471,538.2999,-724.3533,0.668640,-0.287778,0.314684,0.609162,1.544262,-0.664641,0.726782,0.315577,0.227276,0.558132,-2.453039,1.842526,-0.155923
969,1770215196765,10.771432,25.6791,538.2147,-724.8036,0.668985,-0.287209,0.313956,0.609428,1.544891,-0.663255,0.725020,0.315266,0.227716,0.558130,-2.454292,1.840797,-0.155815
970,1770215196776,10.782543,24.9999,538.0373,-725.2432,0.669134,-0.286592,0.313390,0.609846,1.544972,-0.661717,0.723591,0.314629,0.228602,0.558124,-2.456768,1.837278,-0.155674
971,1770215196787,10.793655,24.5246,537.9101,-725.6293,0.669373,-0.285951,0.312873,0.610149,1.545333,-0.660155,0.722308,0.314312,0.229054,0.558109,-2.458076,1.835499,-0.155545
972,1770215196798,10.804766,23.9050,537.9651,-726.2368,0.669634,-0.285458,0.312128,0.610475,1.545730,-0.658929,0.720493,0.313989,0.229489,0.558114,-2.459301,1.833730,-0.155478
973,1770215196809,10.815877,23.1754,538.0991,-726.5137,0.669974,-0.284900,0.311572,0.610647,1.546407,-0.657594,0.719158,0.313354,0.230341,0.558123,-2.461640,1.830295,-0.155389
974,1770215196820,10.826988,22.4705,538.0953,-726.8942,0.670245,-0.284265,0.311001,0.610937,1.546850,-0.656051,0.717755,0.313041,0.230757,0.558132,-2.462801,1.828569,-0.155303
975,1770215196832,10.838099,21.8393,538.2816,-727.2946,0.670431,-0.283650,0.310457,0.611295,1.547054,-0.654536,0.716395,0.312722,0.231174,0.558141,-2.463954,1.826906,-0.155226
976,1770215196843,10.849211,21.4562,538.4519,-727.7448,0.670800,-0.283274,0.309554,0.611523,1.547760,-0.653608,0.714246,0.312100,0.232020,0.558130,-2.466329,1.823520,-0.155094
977,1770215196854,10.860322,20.8457,538.4142,-728.0886,0.671034,-0.282583,0.309019,0.611856,1.548088,-0.651926,0.712913,0.311781,0.232413,0.558152,-2.467442,1.821808,-0.155083
978,1770215196865,10.871433,20.2274,538.4135,-728.4550,0.671276,-0.281917,0.308515,0.612152,1.548460,-0.650310,0.711665,0.311167,0.233256,0.558139,-2.469741,1.818527,-0.154938
979,1770215196876,10.882544,19.7815,538.5727,-728.9812,0.671499,-0.281428,0.307824,0.612480,1.548769,-0.649095,0.709977,0.310850,0.233665,0.558146,-2.470938,1.816778,-0.154767
980,1770215196887,10.893656,19.1759,538.6008,-729.3191,0.671846,-0.280943,0.307117,0.612678,1.549443,-0.647925,0.708288,0.310546,0.234076,0.558147,-2.472068,1.815147,-0.154748
981,1770215196898,10.904767,18.4276,538.6693,-729.8119,0.672036,-0.280271,0.306572,0.613050,1.549646,-0.646277,0.706923,0.309941,0.234887,0.558139,-2.474350,1.811850,-0.154565
982,1770215196909,10.915878,17.7886,538.7305,-730.1963,0.672335,-0.279740,0.305971,0.613264,1.550202,-0.644996,0.705477,0.309623,0.235298,0.558140,-2.475480,1.810177,-0.154566
983,1770215196920,10.926989,17.2471,538.6060,-730.6995,0.672484,-0.279413,0.305311,0.613579,1.550346,-0.644160,0.703864,0.309018,0.236088,0.558146,-2.477697,1.806879,-0.154410
984,1770215196932,10.938101,16.5319,538.5866,-731.3560,0.672719,-0.278831,0.304646,0.613916,1.550675,-0.642728,0.702236,0.308701,0.236488,0.558152,-2.478815,1.805239,-0.154334
985,1770215196943,10.949212,16.2572,538.4045,-731.5262,0.672937,-0.278264,0.304119,0.614196,1.551002,-0.641350,0.700940,0.308414,0.236862,0.558154,-2.479850,1.803671,-0.154227
986,1770215196954,10.960323,15.7735,538.3822,-731.9236,0.673190,-0.277875,0.303514,0.614394,1.551459,-0.640402,0.699489,0.307843,0.237642,0.558127,-2.482091,1.800574,-0.154045
987,1770215196965,10.971434,15.1259,538.3087,-732.2505,0.673484,-0.277348,0.302959,0.614584,1.552016,-0.639136,0.698157,0.307528,0.238024,0.558146,-2.483155,1.798918,-0.154023
988,1770215196976,10.982546,14.4831,538.0513,-732.6395,0.673685,-0.276632,0.302441,0.614941,1.552255,-0.637394,0.696861,0.307222,0.238408,0.558156,-2.484221,1.797309,-0.153970
989,1770215196987,10.993657,13.8452,538.1434,-732.9170,0.674034,-0.276219,0.301787,0.615066,1.552979,-0.636411,0.695320,0.306636,0.239158,0.558157,-2.486280,1.794241,-0.153837
990,1770215196998,11.004768,13.2944,538.0043,-733.2587,0.674200,-0.275621,0.301342,0.615371,1.553168,-0.634953,0.694209,0.306336,0.239563,0.558146,-2.487476,1.792587,-0.153705
991,1770215197009,11.015879,12.7358,537.9854,-733.6598,0.674510,-0.275110,0.300689,0.615579,1.553751,-0.633722,0.692645,0.305753,0.240290,0.558153,-2.489459,1.789557,-0.153631
992,1770215197020,11.026991,12.1352,537.9421,-734.0012,0.674670,-0.274583,0.300304,0.615827,1.553962,-0.632445,0.691688,0.305478,0.240649,0.558141,-2.490471,1.788086,-0.153502
993,1770215197032,11.038102,11.5235,537.8871,-734.3238,0.674943,-0.274026,0.299758,0.616041,1.554457,-0.631108,0.690372,0.305173,0.240996,0.558171,-2.491426,1.786533,-0.153461
994,1770215197043,11.049213,11.1747,537.9109,-734.5168,0.675210,-0.273535,0.299234,0.616222,1.554957,-0.629931,0.689112,0.304589,0.241736,0.558168,-2.493500,1.783432,-0.153348
995,1770215197054,11.060324,10.5526,537.8560,-734.8428,0.675396,-0.273019,0.298788,0.616464,1.555231,-0.628679,0.688017,0.304337,0.242077,0.558152,-2.494507,1.782075,-0.153276
996,1770215197065,11.071435,10.0077,538.0523,-735.1735,0.675637,-0.272662,0.298162,0.616660,1.555663,-0.627809,0.686521,0.303747,0.242791,0.558168,-2.496500,1.779007,-0.153162
997,1770215197076,11.082547,9.2694,538.1912,-735.6451,0.675959,-0.272170,0.297628,0.616783,1.556326,-0.626644,0.685258,0.303453,0.243146,0.558176,-2.497484,1.777473,-0.153080
998,1770215197087,11.093658,8.8474,538.2161,-735.8491,0.676054,-0.271564,0.297170,0.617166,1.556304,-0.625150,0.684097,0.303191,0.243494,0.558164,-2.498452,1.776066,-0.153012
999,1770215197098,11.104769,8.4717,538.1625,-736.1736,0.676281,-0.271103,0.296652,0.617369,1.556698,-0.624039,0.682848,0.302615,0.244200,0.558176,-2.500369,1.773102,-0.152912
1000,1770215197109,11.115881,8.0007,538.1182,-736.4171,0.676526,-0.270647,0.295951,0.617637,1.557092,-0.622920,0.681160,0.302332,0.244542,0.558169,-2.501363,1.771645,-0.152827
1001,1770215197120,11.126992,7.6274,538.1346,-736.6437,0.676697,-0.270280,0.295482,0.617835,1.557360,-0.622025,0.680027,0.301784,0.245210,0.558175,-2.503220,1.768771,-0.152669
1002,1770215197132,11.138103,7.2273,538.2588,-736.8856,0.676938,-0.269851,0.294815,0.618077,1.557761,-0.620978,0.678424,0.301513,0.245541,0.558179,-2.504153,1.767364,-0.152648
1003,1770215197143,11.149215,6.7055,538.2542,-737.2964,0.677121,-0.269201,0.294540,0.618291,1.558048,-0.619428,0.677734,0.301246,0.245883,0.558170,-2.505152,1.765933,-0.152588
