FrameNumber,TimeStamp_ms,TimeFromStart_s,X_mm,Y_mm,Z_mm,QX,QY,QZ,QW,RX_rad,RY_rad,RZ_rad,TCP_X_m,TCP_Y_m,TCP_Z_m,TCP_RX_rad,TCP_RY_rad,TCP_RZ_rad
0,1769521641370,0,-0.442151,-0.183047,0.186901,0.699922,0.290098,-0.267625,0.595256,1.625754,0.673828,-0.621628,-0.383387,0.096886,0.181395,2.034432,-2.359628,0.136105
1,1769521641381,0.011112,-0.442118,-0.182907,0.186895,0.699949,0.290078,-0.267633,0.59523,1.625833,0.67379,-0.621654,-0.383384,0.09689,0.181375,2.034474,-2.359628,0.136171
2,1769521641392,0.022223,-0.442065,-0.182654,0.186906,0.699922,0.290062,-0.267631,0.59527,1.625745,0.673742,-0.62164,-0.383386,0.096894,0.181395,2.034445,-2.35965,0.136094
3,1769521641403,0.033334,-0.442016,-0.182522,0.18687,0.699912,0.290046,-0.267653,0.595281,1.625713,0.673701,-0.621689,-0.383389,0.096894,0.181402,2.034474,-2.359625,0.136042
4,1769521641414,0.044446,-0.441995,-0.182387,0.186897,0.699874,0.290103,-0.267651,0.595298,1.625613,0.673829,-0.621678,-0.38339,0.096897,0.181391,2.034445,-2.359651,0.136094
5,1769521641425,0.055557,-0.441928,-0.182129,0.186861,0.699902,0.290098,-0.267622,0.59528,1.625691,0.673822,-0.621617,-0.383389,0.096888,0.181384,2.034474,-2.359621,0.136143
6,1769521641436,0.066668,-0.441882,-0.182,0.186877,0.699894,0.290119,-0.26763,0.595276,1.625674,0.673872,-0.621636,-0.383393,0.096887,0.181392,2.034417,-2.35962,0.136134
7,1769521641447,0.07778,-0.441822,-0.181722,0.186851,0.699909,0.290128,-0.267645,0.595248,1.625728,0.673901,-0.621677,-0.383386,0.096881,0.181366,2.034433,-2.359617,0.136236
8,1769521641458,0.088891,-0.441808,-0.18155,0.186838,0.699888,0.290171,-0.267658,0.595245,1.625681,0.674002,-0.621709,-0.383379,0.096899,0.18138,2.034373,-2.359685,0.136204
9,1769521641470,0.100002,-0.44177,-0.181424,0.186819,0.699901,0.29015,-0.267646,0.595246,1.625711,0.673952,-0.621682,-0.383381,0.096895,0.18137,2.034387,-2.359674,0.136242
10,1769521641481,0.111113,-0.441687,-0.181136,0.186765,0.699964,0.290131,-0.267606,0.595199,1.625889,0.673921,-0.6216,-0.383384,0.096878,0.181379,2.034461,-2.359614,0.136209
11,1769521641492,0.122225,-0.441648,-0.181026,0.186737,0.699921,0.290175,-0.267605,0.595228,1.62577,0.674016,-0.62159,-0.383385,0.096868,0.181364,2.034489,-2.35959,0.136209
12,1769521641503,0.133336,-0.441564,-0.180696,0.18667,0.699913,0.290182,-0.26757,0.59525,1.625737,0.674026,-0.621503,-0.383381,0.096892,0.181371,2.034429,-2.359672,0.136194
13,1769521641514,0.144447,-0.441533,-0.180548,0.186667,0.699901,0.290172,-0.267572,0.595268,1.625696,0.673997,-0.621504,-0.383384,0.096876,0.181384,2.034433,-2.359602,0.136219
14,1769521641525,0.155558,-0.441493,-0.180362,0.186651,0.699905,0.290201,-0.267554,0.595258,1.625712,0.674068,-0.621464,-0.383386,0.096889,0.181388,2.034431,-2.359643,0.136141
15,1769521641536,0.166669,-0.441409,-0.180037,0.186635,0.699905,0.290192,-0.267543,0.595266,1.625708,0.674045,-0.621437,-0.383382,0.096895,0.181393,2.034416,-2.359667,0.136102
16,1769521641547,0.177781,-0.44137,-0.179874,0.186634,0.69992,0.290178,-0.267528,0.595263,1.625744,0.674013,-0.621402,-0.383386,0.096887,0.181387,2.034475,-2.359613,0.136135
17,1769521641558,0.188892,-0.441329,-0.179706,0.186624,0.699911,0.290219,-0.267532,0.595251,1.625731,0.674111,-0.621414,-0.383386,0.096897,0.181383,2.034476,-2.359612,0.136119
18,1769521641570,0.200003,-0.441265,-0.179372,0.186576,0.699884,0.290217,-0.267549,0.595276,1.625652,0.6741,-0.621448,-0.383387,0.096892,0.181398,2.034474,-2.359625,0.13606
19,1769521641581,0.211114,-0.441216,-0.179213,0.186566,0.699891,0.290227,-0.267544,0.595266,1.625675,0.674126,-0.621439,-0.383378,0.09689,0.181364,2.034413,-2.3597,0.136246
20,1769521641592,0.222225,-0.441145,-0.178925,0.186558,0.69991,0.290246,-0.267534,0.595238,1.625737,0.674177,-0.621423,-0.383385,0.096891,0.181385,2.034389,-2.359644,0.13617
21,1769521641603,0.233337,-0.44109,-0.178775,0.186543,0.699885,0.290253,-0.267539,0.595262,1.625664,0.674188,-0.621427,-0.383385,0.096881,0.181385,2.034473,-2.359628,0.13615
22,1769521641614,0.244448,-0.441052,-0.178594,0.18653,0.699863,0.290272,-0.267545,0.595276,1.625604,0.674227,-0.621439,-0.383384,0.096879,0.181371,2.034401,-2.359649,0.136241
23,1769521641625,0.255559,-0.440981,-0.178276,0.186517,0.699874,0.290257,-0.267521,0.595281,1.625626,0.674192,-0.62138,-0.383389,0.096885,0.18139,2.034416,-2.359641,0.13614
24,1769521641636,0.26667,-0.440941,-0.178093,0.186499,0.699904,0.290321,-0.267494,0.595227,1.62573,0.674354,-0.621332,-0.383387,0.09689,0.181381,2.034459,-2.35964,0.13615
25,1769521641647,0.277781,-0.440869,-0.177793,0.186489,0.699894,0.290285,-0.267483,0.595261,1.625685,0.674261,-0.621299,-0.383389,0.096884,0.18139,2.034417,-2.35962,0.136152
26,1769521641658,0.288893,-0.440831,-0.177613,0.186478,0.699911,0.290255,-0.267478,0.595258,1.625726,0.674192,-0.621289,-0.383384,0.096898,0.181386,2.034387,-2.359672,0.136168
27,1769521641670,0.300004,-0.440794,-0.177421,0.186463,0.699955,0.2902,-0.267534,0.595209,1.62586,0.67408,-0.621429,-0.383389,0.096884,0.181403,2.034444,-2.359636,0.136056
28,1769521641681,0.311115,-0.440728,-0.177013,0.186481,0.699951,0.290178,-0.267512,0.595234,1.625835,0.67402,-0.621372,-0.383386,0.096897,0.18139,2.034429,-2.35967,0.136101
29,1769521641692,0.322227,-0.440676,-0.176795,0.186471,0.699948,0.290173,-0.26752,0.595236,1.625827,0.674008,-0.62139,-0.383385,0.096886,0.181382,2.034434,-2.359601,0.136203
30,1769521641703,0.333338,-0.440614,-0.176432,0.186487,0.69997,0.290153,-0.267531,0.595215,1.625893,0.673968,-0.621421,-0.383382,0.096879,0.18138,2.034419,-2.359613,0.1362
31,1769521641714,0.344449,-0.440572,-0.176253,0.186473,0.699947,0.290134,-0.2675,0.595265,1.625806,0.67391,-0.621337,-0.383378,0.09688,0.181373,2.034445,-2.359647,0.136214
32,1769521641725,0.35556,-0.440539,-0.17607,0.186472,0.699941,0.290154,-0.267491,0.595267,1.62579,0.673955,-0.621316,-0.383385,0.096886,0.181369,2.034461,-2.359621,0.136237
33,1769521641736,0.366671,-0.440445,-0.175748,0.186419,0.699942,0.290144,-0.267488,0.595271,1.625789,0.673932,-0.621308,-0.383392,0.096877,0.181386,2.03449,-2.359582,0.136164
34,1769521641747,0.377783,-0.440409,-0.175561,0.186385,0.699951,0.290147,-0.267483,0.595261,1.625818,0.673941,-0.621299,-0.383387,0.096887,0.181406,2.034446,-2.359622,0.136078
35,1769521641758,0.388894,-0.440397,-0.175366,0.186412,0.699964,0.290131,-0.267496,0.595249,1.625855,0.673908,-0.621331,-0.383386,0.096881,0.181377,2.034433,-2.359616,0.136199
36,1769521641770,0.400005,-0.44031,-0.175023,0.186385,0.699966,0.290136,-0.267489,0.595247,1.625861,0.67392,-0.621316,-0.383381,0.096893,0.181389,2.034444,-2.359665,0.13613
37,1769521641781,0.411116,-0.44027,-0.174828,0.186359,0.699943,0.290173,-0.267534,0.595235,1.625816,0.67401,-0.621423,-0.383387,0.096888,0.181386,2.034487,-2.359637,0.136122
38,1769521641792,0.422228,-0.440185,-0.174492,0.186315,0.699939,0.290178,-0.2675,0.595253,1.625796,0.674015,-0.621341,-0.383393,0.096882,0.181391,2.034475,-2.359599,0.136116
39,1769521641803,0.433339,-0.44015,-0.174303,0.186287,0.699969,0.290181,-0.267519,0.595207,1.625895,0.674036,-0.621397,-0.383387,0.096862,0.18138,2.034491,-2.359561,0.136193
40,1769521641814,0.44445,-0.440101,-0.174108,0.186293,0.699955,0.290181,-0.267533,0.595217,1.625856,0.674032,-0.621427,-0.383392,0.096875,0.181384,2.034446,-2.359598,0.13619
41,1769521641825,0.455561,-0.44001,-0.173698,0.186208,0.699963,0.290199,-0.267541,0.595196,1.625889,0.67408,-0.621449,-0.383385,0.09688,0.181392,2.034473,-2.359635,0.136102
42,1769521641836,0.466672,-0.439967,-0.173481,0.186199,0.699962,0.290204,-0.267513,0.595208,1.625878,0.674088,-0.621382,-0.383389,0.096889,0.18138,2.034415,-2.359656,0.136157
43,1769521641847,0.477784,-0.439869,-0.173105,0.186173,0.699958,0.29022,-0.267511,0.595205,1.625871,0.674127,-0.621378,-0.383378,0.096882,0.181384,2.034431,-2.359644,0.136178
44,1769521641858,0.488895,-0.43983,-0.172908,0.186149,0.699953,0.29022,-0.26752,0.595207,1.625858,0.674125,-0.621399,-0.38339,0.09689,0.181405,2.034446,-2.359621,0.136041
45,1769521641870,0.500006,-0.439779,-0.172735,0.186125,0.699934,0.290215,-0.267488,0.595246,1.625789,0.674104,-0.621314,-0.383389,0.096887,0.181387,2.034414,-2.359663,0.136164
46,1769521641881,0.511117,-0.439707,-0.172323,0.186095,0.699904,0.290263,-0.267526,0.595241,1.625722,0.674217,-0.621402,-0.383383,0.096885,0.181375,2.034445,-2.359645,0.136158
47,1769521641892,0.522228,-0.439655,-0.172145,0.18608,0.69991,0.290264,-0.267554,0.595221,1.625749,0.674224,-0.621473,-0.38339,0.096885,0.18138,2.034487,-2.359631,0.136149
48,1769521641903,0.53334,-0.439571,-0.171774,0.186078,0.699924,0.290247,-0.267573,0.595204,1.625793,0.67419,-0.621522,-0.38339,0.096887,0.181389,2.034473,-2.359628,0.136113
49,1769521641914,0.544451,-0.439514,-0.171592,0.186032,0.699929,0.29025,-0.267566,0.595201,1.625806,0.674197,-0.621506,-0.383386,0.096885,0.18139,2.03446,-2.359625,0.136114
50,1769521641925,0.555562,-0.439461,-0.171386,0.186022,0.699934,0.290275,-0.267548,0.59519,1.625826,0.674258,-0.621468,-0.38339,0.096884,0.181391,2.034503,-2.359603,0.136116
51,1769521641936,0.566673,-0.439369,-0.170913,0.185978,0.69994,0.290281,-0.267546,0.59518,1.625846,0.674276,-0.621465,-0.383387,0.096883,0.181392,2.034432,-2.359614,0.136143
52,1769521641947,0.577785,-0.43934,-0.170702,0.185998,0.699942,0.290238,-0.267573,0.595187,1.625845,0.674172,-0.621527,-0.383382,0.096879,0.18137,2.03443,-2.359639,0.136242
53,1769521641958,0.588896,-0.439288,-0.170489,0.185989,0.699946,0.290183,-0.267615,0.595191,1.625852,0.674045,-0.621623,-0.383391,0.096886,0.181391,2.034475,-2.359606,0.136126
54,1769521641970,0.600007,-0.439205,-0.170105,0.185965,0.699942,0.290216,-0.267612,0.59518,1.62585,0.674125,-0.621619,-0.383385,0.09689,0.181367,2.034417,-2.359642,0.136216
55,1769521641981,0.611118,-0.439162,-0.169918,0.185959,0.69991,0.290234,-0.267577,0.595226,1.625745,0.674153,-0.621525,-0.383381,0.096885,0.181376,2.034445,-2.359639,0.136207
56,1769521641992,0.62223,-0.439087,-0.169542,0.185967,0.699912,0.290198,-0.267591,0.595234,1.625745,0.674066,-0.621555,-0.383385,0.096876,0.181377,2.034476,-2.359594,0.136182
57,1769521642003,0.633341,-0.439069,-0.169325,0.185962,0.699941,0.290196,-0.267574,0.595208,1.62583,0.674069,-0.621523,-0.383392,0.096879,0.181393,2.034445,-2.35961,0.136133
58,1769521642014,0.644452,-0.439006,-0.16914,0.18591,0.699971,0.290183,-0.267571,0.595181,1.625916,0.674048,-0.621524,-0.383392,0.096878,0.181373,2.03449,-2.359583,0.136202
59,1769521642025,0.655564,-0.438915,-0.168743,0.185899,0.699978,0.290192,-0.267552,0.595178,1.625935,0.674068,-0.621479,-0.38338,0.09688,0.18137,2.034432,-2.359631,0.136235
60,1769521642036,0.666675,-0.43888,-0.168572,0.185899,0.699958,0.290238,-0.26753,0.595188,1.625883,0.674172,-0.621427,-0.383377,0.09688,0.181369,2.034416,-2.35965,0.136242
61,1769521642047,0.677786,-0.438785,-0.168123,0.185915,0.699946,0.290247,-0.267529,0.595198,1.625848,0.674191,-0.621421,-0.383382,0.096903,0.181385,2.034445,-2.359665,0.136132
62,1769521642058,0.688898,-0.438726,-0.167897,0.185868,0.699946,0.290253,-0.267529,0.595195,1.62585,0.674206,-0.621422,-0.383385,0.096899,0.181385,2.03443,-2.359663,0.136131
63,1769521642070,0.700009,-0.43869,-0.167679,0.1859,0.699933,0.290273,-0.267544,0.595194,1.625819,0.674254,-0.621456,-0.383389,0.096895,0.181396,2.034489,-2.359621,0.13607
64,1769521642081,0.71112,-0.438593,-0.16724,0.185863,0.699934,0.290239,-0.267572,0.595197,1.625819,0.674173,-0.621522,-0.383391,0.096878,0.181388,2.034419,-2.359592,0.136192
65,1769521642092,0.722231,-0.438545,-0.167032,0.185863,0.699954,0.290282,-0.26757,0.595153,1.625897,0.674286,-0.621527,-0.383381,0.096879,0.181382,2.034457,-2.359656,0.136184
66,1769521642103,0.733343,-0.438436,-0.166623,0.185834,0.699943,0.290244,-0.267586,0.595177,1.625856,0.67419,-0.621559,-0.383388,0.096883,0.181382,2.034444,-2.359639,0.136149
67,1769521642114,0.744454,-0.438383,-0.166392,0.185841,0.699937,0.290241,-0.267622,0.59517,1.625847,0.674184,-0.621644,-0.383378,0.096881,0.181383,2.034416,-2.359648,0.136168
68,1769521642125,0.755565,-0.438335,-0.166163,0.185797,0.700006,0.290145,-0.26764,0.595128,1.626033,0.673974,-0.621698,-0.383376,0.096885,0.181365,2.034402,-2.359663,0.136261
69,1769521642136,0.766676,-0.438238,-0.165745,0.185773,0.699996,0.290173,-0.267649,0.595121,1.626016,0.67404,-0.621721,-0.383389,0.096894,0.181387,2.03446,-2.359632,0.136106
70,1769521642147,0.777787,-0.438182,-0.165542,0.185758,0.699988,0.290145,-0.267639,0.595149,1.625978,0.673967,-0.621689,-0.383384,0.09689,0.181378,2.034401,-2.359668,0.136175
71,1769521642158,0.788899,-0.438141,-0.165296,0.185784,0.699972,0.290164,-0.267643,0.595157,1.625935,0.674009,-0.621696,-0.383383,0.096887,0.181392,2.034431,-2.359642,0.136122
72,1769521642170,0.80001,-0.438011,-0.164811,0.185729,0.699972,0.290168,-0.267666,0.595145,1.625943,0.674022,-0.621754,-0.383386,0.096906,0.181401,2.034416,-2.359672,0.136038
73,1769521642181,0.811121,-0.437944,-0.164529,0.185679,0.699978,0.290172,-0.267642,0.595146,1.625957,0.674032,-0.621697,-0.383386,0.096876,0.181385,2.034489,-2.359596,0.136163
74,1769521642192,0.822232,-0.437838,-0.164015,0.185636,0.699997,0.290149,-0.267632,0.595139,1.626006,0.67398,-0.621676,-0.383386,0.096898,0.181375,2.034444,-2.359666,0.136148
75,1769521642203,0.833343,-0.437777,-0.163775,0.18559,0.699986,0.290119,-0.267636,0.595166,1.625962,0.673902,-0.621678,-0.383379,0.096889,0.181371,2.034417,-2.359656,0.136215
76,1769521642214,0.844455,-0.437714,-0.163566,0.18557,0.699983,0.290146,-0.267614,0.595166,1.625954,0.673965,-0.621626,-0.383389,0.096881,0.181373,2.03446,-2.359621,0.136197
77,1769521642225,0.855566,-0.437619,-0.163088,0.18557,0.699976,0.290133,-0.267609,0.595182,1.625929,0.673931,-0.621612,-0.383387,0.096897,0.181387,2.034458,-2.359667,0.136092
78,1769521642236,0.866677,-0.43755,-0.162866,0.185529,0.699967,0.290126,-0.267581,0.595209,1.62589,0.673908,-0.621539,-0.383383,0.096876,0.181387,2.034431,-2.359623,0.13617
79,1769521642247,0.877789,-0.437449,-0.162379,0.185497,0.699981,0.290135,-0.267609,0.595176,1.625943,0.673937,-0.621612,-0.38339,0.096878,0.181395,2.034475,-2.359599,0.136116
80,1769521642258,0.8889,-0.437378,-0.162102,0.18548,0.699971,0.290135,-0.267584,0.595198,1.625907,0.673932,-0.62155,-0.383383,0.096886,0.181378,2.034431,-2.359644,0.136196
81,1769521642270,0.900011,-0.437318,-0.161841,0.185468,0.699966,0.290161,-0.267581,0.595194,1.625896,0.673993,-0.621544,-0.383389,0.096878,0.181388,2.034475,-2.359599,0.136116
82,1769521642281,0.911122,-0.437245,-0.161281,0.185532,0.699938,0.290171,-0.267602,0.595211,1.62582,0.674012,-0.621588,-0.383385,0.096877,0.18137,2.03446,-2.359622,0.136234
83,1769521642292,0.922233,-0.437193,-0.161019,0.185516,0.699934,0.290211,-0.267612,0.595193,1.625822,0.674109,-0.621617,-0.383385,0.096882,0.181385,2.034445,-2.359631,0.136141
84,1769521642303,0.933344,-0.437099,-0.16053,0.1855,0.699957,0.29015,-0.267625,0.595189,1.625879,0.673968,-0.621647,-0.383377,0.096881,0.181352,2.034431,-2.359647,0.13629
85,1769521642314,0.944456,-0.437026,-0.160272,0.185462,0.699954,0.290138,-0.267632,0.595195,1.625868,0.673938,-0.621662,-0.38339,0.096898,0.181393,2.034459,-2.359645,0.136086
86,1769521642325,0.955567,-0.436981,-0.160041,0.185492,0.699985,0.290138,-0.267604,0.595172,1.625957,0.673945,-0.621602,-0.383375,0.096884,0.181368,2.034445,-2.359654,0.136224
87,1769521642336,0.966678,-0.436877,-0.159537,0.185495,0.699979,0.290134,-0.267625,0.595171,1.625943,0.673936,-0.621651,-0.383389,0.09689,0.18138,2.034503,-2.359611,0.136144
88,1769521642347,0.977789,-0.436841,-0.159287,0.185496,0.699972,0.290136,-0.267629,0.595177,1.625923,0.673939,-0.62166,-0.383382,0.096888,0.181382,2.034474,-2.359628,0.136153
89,1769521642358,0.988901,-0.436804,-0.15906,0.185489,0.699954,0.290133,-0.267651,0.595189,1.625872,0.67393,-0.621707,-0.383386,0.096891,0.181384,2.034444,-2.359659,0.136139
90,1769521642370,1.000012,-0.436682,-0.158588,0.185453,0.699966,0.290192,-0.267637,0.595153,1.625924,0.674075,-0.621683,-0.383383,0.096891,0.181368,2.034445,-2.359653,0.136205
91,1769521642381,1.011123,-0.436636,-0.158329,0.185443,0.699969,0.290207,-0.267588,0.595165,1.625922,0.674107,-0.621568,-0.383382,0.096893,0.181368,2.034415,-2.359679,0.13624
92,1769521642392,1.022234,-0.436503,-0.15782,0.185349,0.699968,0.290208,-0.267585,0.595167,1.625919,0.674108,-0.621558,-0.38339,0.0969,0.181397,2.034372,-2.359682,0.136091
93,1769521642403,1.033346,-0.436448,-0.157535,0.185331,0.699964,0.290216,-0.267575,0.595171,1.625908,0.674126,-0.621536,-0.383378,0.096898,0.18137,2.034442,-2.359695,0.136183
94,1769521642414,1.044457,-0.436389,-0.157281,0.185288,0.699991,0.290258,-0.267566,0.595123,1.626004,0.674237,-0.621528,-0.383389,0.096889,0.1814,2.034415,-2.359654,0.136101
95,1769521642425,1.055569,-0.436262,-0.156786,0.18521,0.699965,0.290209,-0.267571,0.595175,1.625907,0.67411,-0.621525,-0.383395,0.096899,0.181396,2.03446,-2.359631,0.136068
96,1769521642436,1.06668,-0.436203,-0.156514,0.185221,0.699968,0.290211,-0.267575,0.59517,1.625917,0.674114,-0.621535,-0.383381,0.096893,0.181389,2.034444,-2.359665,0.13613
97,1769521642447,1.077791,-0.436099,-0.155996,0.185172,0.699947,0.290221,-0.267583,0.595184,1.62586,0.674135,-0.621551,-0.383387,0.096895,0.181388,2.034445,-2.35965,0.136094
98,1769521642458,1.088902,-0.436052,-0.155769,0.185177,0.699937,0.290185,-0.267586,0.595213,1.625817,0.674044,-0.621551,-0.383376,0.096887,0.181379,2.0344,-2.359682,0.136174
99,1769521642470,1.100014,-0.435979,-0.155505,0.185144,0.699928,0.290206,-0.267594,0.59521,1.625799,0.674092,-0.62157,-0.383388,0.096871,0.181381,2.034489,-2.35959,0.13619
100,1769521642481,1.111125,-0.435854,-0.155022,0.185103,0.699962,0.290168,-0.267606,0.595184,1.625893,0.67401,-0.621605,-0.383391,0.096887,0.181371,2.034516,-2.359621,0.13617
101,1769521642492,1.122236,-0.435802,-0.154736,0.185092,0.699934,0.290181,-0.26762,0.595204,1.625815,0.674035,-0.621631,-0.383384,0.096895,0.181363,2.034446,-2.359647,0.136236
102,1769521642503,1.133348,-0.435689,-0.154189,0.185069,0.699912,0.290191,-0.267629,0.595221,1.625753,0.674055,-0.621647,-0.383391,0.096883,0.181392,2.034417,-2.359628,0.13616
103,1769521642514,1.144459,-0.435611,-0.153896,0.185061,0.69992,0.290177,-0.267608,0.595227,1.625768,0.67402,-0.621597,-0.383388,0.096877,0.181376,2.034475,-2.359601,0.13619
104,1769521642525,1.15557,-0.435549,-0.153606,0.185003,0.699902,0.290232,-0.267588,0.59523,1.625724,0.674147,-0.621549,-0.383386,0.096889,0.181384,2.034431,-2.359643,0.136159
105,1769521642536,1.166681,-0.435461,-0.153085,0.185055,0.699896,0.2902,-0.267584,0.595255,1.625694,0.674067,-0.621535,-0.383379,0.096899,0.181373,2.034443,-2.359696,0.136202
106,1769521642547,1.177793,-0.435386,-0.152842,0.185033,0.6999,0.290168,-0.267605,0.595256,1.625703,0.673992,-0.621584,-0.383395,0.096886,0.181407,2.034445,-2.359622,0.136057
107,1769521642558,1.188904,-0.43534,-0.152572,0.184997,0.699902,0.290186,-0.267607,0.595245,1.625713,0.674038,-0.62159,-0.383382,0.09689,0.181387,2.034445,-2.359651,0.136131
108,1769521642570,1.200015,-0.435227,-0.152084,0.184974,0.699898,0.290216,-0.267579,0.595247,1.625703,0.674105,-0.621525,-0.38339,0.096894,0.181397,2.034431,-2.359641,0.136067
109,1769521642581,1.211126,-0.435176,-0.15181,0.184973,0.699902,0.290213,-0.26757,0.595248,1.625713,0.674098,-0.621503,-0.383386,0.096883,0.181375,2.034445,-2.359632,0.136197
110,1769521642592,1.222237,-0.435071,-0.15127,0.184979,0.699906,0.290223,-0.26761,0.595221,1.625739,0.67413,-0.621603,-0.383394,0.096893,0.181389,2.034474,-2.35962,0.136087
111,1769521642603,1.233348,-0.435001,-0.150999,0.184973,0.699908,0.29021,-0.267598,0.595229,1.625738,0.674097,-0.621574,-0.383392,0.096888,0.181402,2.034432,-2.359613,0.136088
112,1769521642614,1.244459,-0.434954,-0.150704,0.184943,0.699917,0.29019,-0.26762,0.595219,1.625767,0.674052,-0.621627,-0.383384,0.096881,0.181387,2.034473,-2.359628,0.136132
113,1769521642625,1.255571,-0.43482,-0.150143,0.184899,0.699901,0.290143,-0.267628,0.595257,1.625704,0.673932,-0.621635,-0.383391,0.096873,0.181376,2.034432,-2.359604,0.136235
114,1769521642636,1.266682,-0.434737,-0.149833,0.184876,0.699929,0.290165,-0.267615,0.595219,1.625794,0.673994,-0.621616,-0.383381,0.096883,0.181362,2.034459,-2.359643,0.136243
115,1769521642647,1.277793,-0.434588,-0.14922,0.18482,0.699915,0.290182,-0.267611,0.595229,1.625754,0.674031,-0.621605,-0.383378,0.096891,0.181366,2.034416,-2.359671,0.136232
116,1769521642658,1.288904,-0.434544,-0.148913,0.18481,0.699935,0.290183,-0.267599,0.595211,1.625814,0.674038,-0.62158,-0.383378,0.096908,0.181375,2.034401,-2.359703,0.136203
117,1769521642670,1.300016,-0.43447,-0.1486,0.184781,0.69992,0.290191,-0.267628,0.595211,1.62578,0.674058,-0.621649,-0.383393,0.096895,0.181397,2.034447,-2.359614,0.136071
118,1769521642681,1.311127,-0.43431,-0.147997,0.184728,0.699929,0.290223,-0.267629,0.595185,1.625817,0.674138,-0.621656,-0.383385,0.096888,0.181369,2.034431,-2.359645,0.136215
119,1769521642692,1.322238,-0.434249,-0.147701,0.184725,0.69994,0.290263,-0.267632,0.595151,1.625865,0.674242,-0.621672,-0.383389,0.09689,0.181402,2.034418,-2.359625,0.136088
120,1769521642703,1.333349,-0.434109,-0.147121,0.18468,0.699917,0.290257,-0.26766,0.595168,1.625801,0.674222,-0.621734,-0.383394,0.096889,0.181388,2.034432,-2.359614,0.136106
121,1769521642714,1.344461,-0.434037,-0.14682,0.184614,0.699953,0.290211,-0.267642,0.595156,1.625892,0.67412,-0.621694,-0.383388,0.096886,0.181387,2.034414,-2.359662,0.136127
122,1769521642725,1.355572,-0.433972,-0.146521,0.184578,0.699969,0.290208,-0.267651,0.595134,1.625945,0.674119,-0.621722,-0.383378,0.096895,0.18138,2.034388,-2.359665,0.136178
123,1769521642736,1.366683,-0.433856,-0.14593,0.184459,0.699987,0.290199,-0.267606,0.595138,1.625984,0.674097,-0.621615,-0.383385,0.096902,0.181392,2.034429,-2.359676,0.136093
124,1769521642747,1.377794,-0.433777,-0.145625,0.184463,0.699989,0.290149,-0.267608,0.59516,1.625973,0.673974,-0.621615,-0.383379,0.096885,0.181361,2.034432,-2.359638,0.136245
125,1769521642758,1.388905,-0.433693,-0.14531,0.184443,0.699981,0.290164,-0.267631,0.595151,1.62596,0.674011,-0.621671,-0.383381,0.09688,0.181373,2.034417,-2.359636,0.136244
126,1769521642770,1.400017,-0.433581,-0.144645,0.184438,0.699975,0.290195,-0.267601,0.595157,1.625942,0.674083,-0.621599,-0.383394,0.096894,0.181412,2.034477,-2.359588,0.136017
127,1769521642781,1.411128,-0.433524,-0.144337,0.184437,0.699977,0.290205,-0.267593,0.595154,1.625948,0.674107,-0.621581,-0.383383,0.096877,0.181376,2.034429,-2.359645,0.136194
128,1769521642792,1.422239,-0.433388,-0.143735,0.184431,0.69997,0.290222,-0.267565,0.595166,1.625924,0.674143,-0.621514,-0.383392,0.096882,0.181381,2.034447,-2.359603,0.136162
129,1769521642803,1.433351,-0.433328,-0.143444,0.184439,0.699958,0.290274,-0.267586,0.595145,1.62591,0.674269,-0.621568,-0.383379,0.096891,0.181375,2.034444,-2.359666,0.136167
130,1769521642814,1.444462,-0.433254,-0.143128,0.184426,0.699899,0.290279,-0.267597,0.595207,1.625733,0.674264,-0.621577,-0.38339,0.096884,0.181377,2.034403,-2.359627,0.136216
131,1769521642825,1.455573,-0.433127,-0.142507,0.184424,0.699908,0.290234,-0.267588,0.595223,1.625743,0.674153,-0.621551,-0.383379,0.096884,0.181374,2.034417,-2.359642,0.136216
132,1769521642836,1.466684,-0.433056,-0.142214,0.184418,0.699888,0.290282,-0.267567,0.595232,1.62569,0.674263,-0.621501,-0.383388,0.096891,0.181399,2.034431,-2.359642,0.136104
133,1769521642847,1.477796,-0.432928,-0.141597,0.184414,0.69994,0.290256,-0.267561,0.595187,1.62584,0.674215,-0.621497,-0.383387,0.096889,0.181382,2.034445,-2.359645,0.13614
134,1769521642858,1.488907,-0.432847,-0.141298,0.184404,0.699894,0.290325,-0.267551,0.595211,1.625719,0.674369,-0.62147,-0.383381,0.0969,0.181376,2.034385,-2.359709,0.13621
135,1769521642870,1.500018,-0.432791,-0.140974,0.184428,0.699903,0.290382,-0.267525,0.595184,1.625758,0.674508,-0.621416,-0.383385,0.096905,0.181384,2.034388,-2.359678,0.136159
136,1769521642881,1.51113,-0.432584,-0.140233,0.18425,0.699917,0.290368,-0.267528,0.595174,1.625797,0.674478,-0.621426,-0.383386,0.096881,0.181382,2.034417,-2.359621,0.136208
137,1769521642892,1.522241,-0.432516,-0.139882,0.184209,0.699884,0.290403,-0.267506,0.595205,1.625698,0.674551,-0.621367,-0.383386,0.096891,0.18138,2.034444,-2.35966,0.136157
138,1769521642903,1.533352,-0.432368,-0.13918,0.184121,0.699926,0.290367,-0.267508,0.595173,1.625818,0.674476,-0.621379,-0.383378,0.096889,0.181358,2.034376,-2.359638,0.136312
139,1769521642914,1.544463,-0.432271,-0.138865,0.18409,0.699893,0.290386,-0.267512,0.5952,1.625724,0.674514,-0.621381,-0.383393,0.096878,0.18138,2.034533,-2.359573,0.136128
140,1769521642925,1.555575,-0.432204,-0.138539,0.184079,0.699935,0.290363,-0.26749,0.595171,1.62584,0.674469,-0.621338,-0.383389,0.096901,0.181393,2.034416,-2.359668,0.136102
141,1769521642936,1.566686,-0.432071,-0.13786,0.184075,0.699937,0.290347,-0.267497,0.595175,1.625842,0.67443,-0.621353,-0.383387,0.096891,0.181394,2.034445,-2.359636,0.136095
142,1769521642947,1.577797,-0.431988,-0.137532,0.184021,0.699958,0.290357,-0.267451,0.595165,1.625898,0.674456,-0.621249,-0.383384,0.096894,0.181379,2.034417,-2.359655,0.136159
143,1769521642958,1.588908,-0.431924,-0.137218,0.184013,0.699883,0.29041,-0.267469,0.595219,1.625687,0.674564,-0.621277,-0.383378,0.096885,0.181378,2.034458,-2.359655,0.136167
144,1769521642970,1.60002,-0.431769,-0.136606,0.18395,0.699923,0.290409,-0.267457,0.595178,1.625808,0.674573,-0.621259,-0.383384,0.096887,0.18139,2.034416,-2.359648,0.13615
145,1769521642981,1.611131,-0.431691,-0.136304,0.183915,0.699855,0.29038,-0.267443,0.595279,1.625582,0.674477,-0.621202,-0.383391,0.09687,0.181395,2.03449,-2.359574,0.136136
146,1769521642992,1.622242,-0.431592,-0.135637,0.183918,0.69985,0.290343,-0.267463,0.595293,1.625562,0.674388,-0.621243,-0.383391,0.096895,0.181401,2.034402,-2.359644,0.136077
147,1769521643003,1.633353,-0.431541,-0.135309,0.183947,0.699839,0.290359,-0.267483,0.59529,1.625538,0.674426,-0.621292,-0.383386,0.096889,0.181388,2.034459,-2.359639,0.136094
148,1769521643014,1.644465,-0.431477,-0.135016,0.183952,0.699866,0.290334,-0.267438,0.595291,1.625599,0.674367,-0.621186,-0.383371,0.096899,0.181377,2.034414,-2.359704,0.136184
149,1769521643025,1.655576,-0.431348,-0.134371,0.183926,0.699898,0.290309,-0.267453,0.595258,1.625697,0.674319,-0.62123,-0.383376,0.096887,0.181381,2.034403,-2.359653,0.136197
150,1769521643036,1.666687,-0.431254,-0.134035,0.18389,0.699875,0.2903,-0.267465,0.595285,1.625624,0.67429,-0.621251,-0.383386,0.096878,0.181386,2.03446,-2.35962,0.13616
151,1769521643047,1.677798,-0.43114,-0.133345,0.183869,0.69989,0.290292,-0.267473,0.595268,1.62567,0.674276,-0.621274,-0.383385,0.096883,0.18138,2.034445,-2.359632,0.136178
152,1769521643058,1.68891,-0.43107,-0.133036,0.183844,0.699889,0.290278,-0.267474,0.595274,1.625664,0.674242,-0.621275,-0.383386,0.096889,0.181372,2.034431,-2.359644,0.136178
153,1769521643070,1.700021,-0.430984,-0.132749,0.183812,0.699891,0.290284,-0.267493,0.595262,1.625676,0.674258,-0.621322,-0.383382,0.096883,0.181372,2.034487,-2.359639,0.136196
154,1769521643081,1.711132,-0.430847,-0.132123,0.183775,0.699882,0.290309,-0.267516,0.595248,1.625666,0.674322,-0.621379,-0.383386,0.096874,0.181375,2.034503,-2.359598,0.13618
155,1769521643092,1.722243,-0.430777,-0.131793,0.183756,0.699894,0.290276,-0.267509,0.595254,1.625691,0.674242,-0.621361,-0.383386,0.096896,0.181403,2.034431,-2.359648,0.136077
156,1769521643103,1.733355,-0.430631,-0.131186,0.18373,0.699888,0.290287,-0.267514,0.595253,1.625677,0.67427,-0.621374,-0.383396,0.096869,0.181395,2.034447,-2.359575,0.136144
157,1769521643114,1.744466,-0.43056,-0.130888,0.183692,0.69987,0.29031,-0.26757,0.595239,1.625644,0.674326,-0.621505,-0.383384,0.096887,0.181373,2.034416,-2.35965,0.136205
158,1769521643125,1.755577,-0.430473,-0.130587,0.183676,0.699851,0.290214,-0.267577,0.595305,1.625555,0.674085,-0.621505,-0.38339,0.096882,0.181391,2.034417,-2.359627,0.136141
159,1769521643136,1.766688,-0.43029,-0.129881,0.183585,0.699854,0.290212,-0.267575,0.595303,1.625564,0.674081,-0.621502,-0.383387,0.096876,0.181384,2.034432,-2.359609,0.136189
160,1769521643147,1.7778,-0.430261,-0.129531,0.183643,0.699911,0.290186,-0.267576,0.595248,1.625734,0.674036,-0.621517,-0.383392,0.096879,0.18138,2.034461,-2.359606,0.136161
161,1769521643158,1.788911,-0.430188,-0.129203,0.183605,0.69989,0.290275,-0.267558,0.595237,1.625693,0.674246,-0.62148,-0.383387,0.096889,0.181387,2.034445,-2.359645,0.13614
162,1769521643170,1.800022,-0.430009,-0.128598,0.183521,0.699916,0.29028,-0.267539,0.595213,1.625769,0.674263,-0.62144,-0.383393,0.096875,0.181382,2.034475,-2.359594,0.136161
163,1769521643181,1.811133,-0.429938,-0.128295,0.183479,0.699912,0.290279,-0.267542,0.595216,1.625757,0.67426,-0.621447,-0.383385,0.096883,0.181375,2.034445,-2.359632,0.136178
164,1769521643192,1.822245,-0.42979,-0.127637,0.183385,0.699953,0.290243,-0.267509,0.595201,1.625862,0.674181,-0.621374,-0.383393,0.096874,0.181393,2.03446,-2.359598,0.136133
165,1769521643203,1.833356,-0.429723,-0.127346,0.18337,0.699977,0.290256,-0.267458,0.59519,1.625925,0.674214,-0.621259,-0.38339,0.096882,0.181399,2.034474,-2.359613,0.136096
166,1769521643214,1.844467,-0.429665,-0.12701,0.183363,0.699902,0.290248,-0.267505,0.59526,1.625705,0.674176,-0.621349,-0.383387,0.096873,0.181389,2.034505,-2.359575,0.136119
167,1769521643225,1.855578,-0.429515,-0.12637,0.183332,0.699936,0.290221,-0.267486,0.595242,1.625795,0.674119,-0.621311,-0.38338,0.096887,0.181384,2.034473,-2.359649,0.13614
168,1769521643236,1.866689,-0.429455,-0.126048,0.183316,0.699889,0.290188,-0.267486,0.595313,1.625638,0.674022,-0.621292,-0.383386,0.096888,0.181379,2.034433,-2.359622,0.136172
169,1769521643247,1.877801,-0.429331,-0.125378,0.183287,0.699919,0.290169,-0.267464,0.595297,1.625719,0.673983,-0.621245,-0.383383,0.096901,0.181388,2.034429,-2.359677,0.136111
170,1769521643258,1.888912,-0.42926,-0.12509,0.183298,0.699889,0.290193,-0.267471,0.595317,1.625635,0.674033,-0.621256,-0.383388,0.096899,0.18139,2.034446,-2.359643,0.136105
171,1769521643270,1.900023,-0.429206,-0.124782,0.183281,0.699881,0.290212,-0.267505,0.595302,1.625628,0.674081,-0.621338,-0.383392,0.096881,0.181382,2.034432,-2.359608,0.136152
172,1769521643281,1.911134,-0.429079,-0.124119,0.183277,0.699904,0.290191,-0.267509,0.595284,1.625691,0.674037,-0.621352,-0.383388,0.096898,0.181381,2.034388,-2.359659,0.136187
173,1769521643292,1.922245,-0.429007,-0.123778,0.183254,0.699906,0.290208,-0.267509,0.595273,1.625705,0.67408,-0.621355,-0.383384,0.096893,0.181394,2.034443,-2.359672,0.1361
174,1769521643303,1.933356,-0.42889,-0.123165,0.183279,0.699897,0.290214,-0.267471,0.595297,1.625669,0.674088,-0.621262,-0.383386,0.096882,0.181378,2.034416,-2.359643,0.136214
175,1769521643314,1.944468,-0.428823,-0.122881,0.183272,0.699914,0.29023,-0.267489,0.595262,1.625732,0.674134,-0.621312,-0.383395,0.096885,0.181395,2.034461,-2.359596,0.13608
176,1769521643325,1.955579,-0.428752,-0.122595,0.183271,0.699904,0.290228,-0.267483,0.595277,1.625698,0.674125,-0.621295,-0.383384,0.096883,0.18138,2.034417,-2.359635,0.136188
177,1769521643336,1.96669,-0.4286,-0.121983,0.183196,0.699922,0.290241,-0.267468,0.595257,1.625752,0.674161,-0.621265,-0.383389,0.096883,0.181381,2.034403,-2.359626,0.136179
178,1769521643347,1.977801,-0.428496,-0.121657,0.18311,0.699924,0.290187,-0.267482,0.595274,1.625746,0.67403,-0.621292,-0.383391,0.09688,0.181372,2.03449,-2.359597,0.136201
179,1769521643358,1.988913,-0.428405,-0.121331,0.183041,0.699914,0.29019,-0.267484,0.595284,1.625715,0.674036,-0.621296,-0.38338,0.096883,0.181377,2.034459,-2.359641,0.136187
180,1769521643370,2.000024,-0.428267,-0.120683,0.182998,0.699932,0.290163,-0.26752,0.59526,1.625774,0.67398,-0.621385,-0.383388,0.096879,0.181379,2.034488,-2.359617,0.136169
181,1769521643381,2.011135,-0.428194,-0.120386,0.182984,0.699932,0.290173,-0.267531,0.59525,1.62578,0.674004,-0.621414,-0.383386,0.096879,0.181384,2.034474,-2.359614,0.136151
182,1769521643392,2.022246,-0.428037,-0.119767,0.18291,0.69993,0.29019,-0.26753,0.595245,1.625778,0.674047,-0.621412,-0.383382,0.096892,0.181364,2.0344,-2.359684,0.136267
183,1769521643403,2.033357,-0.427977,-0.119417,0.182886,0.699996,0.290167,-0.267512,0.595186,1.625971,0.674009,-0.621384,-0.383378,0.096903,0.181375,2.034444,-2.359679,0.13615
184,1769521643414,2.044468,-0.427912,-0.119098,0.182877,0.699929,0.29018,-0.267544,0.595244,1.625777,0.674024,-0.621444,-0.383383,0.096886,0.18138,2.034431,-2.359644,0.136196
185,1769521643425,2.05558,-0.427764,-0.118479,0.182834,0.699967,0.290167,-0.267533,0.595211,1.625887,0.674002,-0.621428,-0.383392,0.096893,0.181394,2.034475,-2.359611,0.136061
186,1769521643436,2.066691,-0.427695,-0.118179,0.18282,0.699903,0.290211,-0.267533,0.595264,1.625704,0.674088,-0.621414,-0.383381,0.096891,0.181355,2.034431,-2.359654,0.1363
187,1769521643447,2.077802,-0.427548,-0.117539,0.182792,0.699881,0.290269,-0.267531,0.595263,1.625654,0.674224,-0.621409,-0.38339,0.096907,0.181393,2.034446,-2.359649,0.13606
188,1769521643458,2.088913,-0.42748,-0.117192,0.182783,0.699908,0.290287,-0.267513,0.59523,1.625737,0.674276,-0.621377,-0.383377,0.096892,0.18139,2.034387,-2.359671,0.136149
189,1769521643470,2.100025,-0.427417,-0.116866,0.182793,0.699945,0.290249,-0.267519,0.595203,1.625841,0.674196,-0.621398,-0.383381,0.096895,0.181379,2.03443,-2.359664,0.136168
190,1769521643481,2.111136,-0.427303,-0.116187,0.182793,0.699927,0.290253,-0.267531,0.595217,1.62579,0.6742,-0.62142,-0.383393,0.096882,0.181392,2.034489,-2.359594,0.136089
191,1769521643492,2.122247,-0.427238,-0.115881,0.182802,0.699892,0.290275,-0.26755,0.595239,1.625695,0.674246,-0.62146,-0.383393,0.096901,0.181397,2.034445,-2.35965,0.136057
192,1769521643503,2.133359,-0.427097,-0.115257,0.182769,0.699934,0.290266,-0.267522,0.595206,1.625815,0.674232,-0.621403,-0.383394,0.096889,0.181393,2.034432,-2.359614,0.136106
193,1769521643514,2.14447,-0.427031,-0.114941,0.182738,0.699899,0.290267,-0.267563,0.595229,1.625718,0.674229,-0.621492,-0.383393,0.096878,0.181383,2.034476,-2.359586,0.136154
194,1769521643525,2.155581,-0.426982,-0.114603,0.182722,0.699894,0.290269,-0.267589,0.595222,1.62571,0.674237,-0.621553,-0.383382,0.096884,0.18139,2.034444,-2.359644,0.136103
195,1769521643536,2.166692,-0.426835,-0.11402,0.182663,0.699898,0.290266,-0.267584,0.59522,1.625722,0.674229,-0.621543,-0.383391,0.096902,0.181394,2.034403,-2.359652,0.136122
196,1769521643547,2.177804,-0.42677,-0.113719,0.182642,0.699902,0.290214,-0.26758,0.595244,1.625714,0.674101,-0.621528,-0.383389,0.096884,0.181387,2.034459,-2.359633,0.13614
197,1769521643558,2.188915,-0.426637,-0.113099,0.18261,0.699946,0.290206,-0.267545,0.595211,1.625839,0.674093,-0.621456,-0.383388,0.096887,0.181385,2.034432,-2.359629,0.136161
198,1769521643570,2.200026,-0.426578,-0.112813,0.182607,0.699884,0.290258,-0.267554,0.595255,1.625665,0.6742,-0.621465,-0.383384,0.096895,0.181375,2.034403,-2.359654,0.136216
199,1769521643581,2.211138,-0.426511,-0.112503,0.182599,0.699876,0.290272,-0.267577,0.595247,1.625652,0.674236,-0.621521,-0.383381,0.096902,0.181391,2.034388,-2.359678,0.136159
200,1769521643592,2.222249,-0.426349,-0.111927,0.182528,0.699893,0.290279,-0.267539,0.59524,1.625697,0.674253,-0.621433,-0.383387,0.096889,0.181381,2.034445,-2.359645,0.136158
201,1769521643603,2.23336,-0.426273,-0.111598,0.182508,0.699882,0.290298,-0.267553,0.595238,1.625672,0.674299,-0.621467,-0.383391,0.096873,0.181396,2.034432,-2.359601,0.136124
202,1769521643614,2.244471,-0.426181,-0.111264,0.182447,0.699876,0.290275,-0.267576,0.595246,1.625653,0.674243,-0.621519,-0.383392,0.096891,0.181392,2.034458,-2.359646,0.136083
203,1769521643625,2.255583,-0.426041,-0.110601,0.18238,0.699877,0.290311,-0.267555,0.595236,1.625662,0.674328,-0.621471,-0.383383,0.096886,0.181389,2.034459,-2.35964,0.136131
204,1769521643636,2.266694,-0.42597,-0.110269,0.182362,0.699881,0.290313,-0.267552,0.595233,1.625673,0.674334,-0.621465,-0.383383,0.096893,0.181384,2.034446,-2.359644,0.136142
205,1769521643647,2.277805,-0.425808,-0.109726,0.182346,0.69986,0.290296,-0.267555,0.595264,1.625604,0.674286,-0.621465,-0.383384,0.096889,0.18138,2.034444,-2.35966,0.136157
206,1769521643658,2.288916,-0.42575,-0.109415,0.182344,0.699847,0.290306,-0.267548,0.595277,1.625565,0.674306,-0.621446,-0.383394,0.096875,0.181383,2.034519,-2.359564,0.136137
207,1769521643670,2.300027,-0.425693,-0.109093,0.182314,0.699863,0.290277,-0.267514,0.595288,1.625595,0.674235,-0.621363,-0.383398,0.096882,0.181389,2.034433,-2.359594,0.136154
208,1769521643681,2.311139,-0.425543,-0.108479,0.182227,0.699868,0.29028,-0.267536,0.59527,1.625619,0.674247,-0.621419,-0.383379,0.096882,0.181368,2.034416,-2.359651,0.136261
209,1769521643692,2.32225,-0.425468,-0.108187,0.182198,0.699845,0.290291,-0.267519,0.5953,1.625546,0.674265,-0.621372,-0.383385,0.096886,0.181387,2.034415,-2.359656,0.136157
210,1769521643703,2.333361,-0.425339,-0.107646,0.18217,0.699837,0.290284,-0.267524,0.59531,1.62552,0.674247,-0.621381,-0.383388,0.096893,0.181397,2.034417,-2.359639,0.136105
211,1769521643714,2.344472,-0.425274,-0.107333,0.18213,0.699851,0.290318,-0.267464,0.595305,1.625555,0.674327,-0.621243,-0.383392,0.096886,0.181404,2.034403,-2.359623,0.136086
212,1769521643725,2.355584,-0.42521,-0.107065,0.182142,0.699839,0.290305,-0.267467,0.595323,1.625516,0.674291,-0.621245,-0.383388,0.096887,0.181387,2.034432,-2.359629,0.136161
213,1769521643736,2.366695,-0.425078,-0.106461,0.182096,0.699852,0.290296,-0.267464,0.595314,1.625551,0.674272,-0.62124,-0.383384,0.096888,0.181375,2.034431,-2.359644,0.136196
214,1769521643747,2.377806,-0.425023,-0.106186,0.182079,0.699859,0.29026,-0.267494,0.595309,1.625572,0.67419,-0.621312,-0.383386,0.096896,0.181394,2.034431,-2.359648,0.136095
215,1769521643758,2.388917,-0.424961,-0.10589,0.182121,0.699853,0.290259,-0.267486,0.595321,1.62555,0.674184,-0.621289,-0.383392,0.096902,0.181392,2.034431,-2.359648,0.136095
216,1769521643770,2.400028,-0.424816,-0.10524,0.182051,0.699853,0.290245,-0.267459,0.59534,1.625537,0.674147,-0.621222,-0.383383,0.096885,0.18136,2.034445,-2.359648,0.13627
217,1769521643781,2.41114,-0.424767,-0.104921,0.182075,0.699858,0.290234,-0.267462,0.595337,1.625551,0.674123,-0.62123,-0.383395,0.096868,0.181398,2.03449,-2.359567,0.136107
218,1769521643792,2.422251,-0.42462,-0.104342,0.182014,0.699882,0.290225,-0.267497,0.595298,1.625633,0.674111,-0.621322,-0.383391,0.096882,0.181373,2.034445,-2.359626,0.136206
219,1769521643803,2.433362,-0.424561,-0.104048,0.182034,0.699921,0.290221,-0.267445,0.595278,1.625736,0.674108,-0.621207,-0.383388,0.096883,0.181389,2.034461,-2.359612,0.136134
220,1769521643814,2.444473,-0.424485,-0.103792,0.182034,0.699911,0.290218,-0.26744,0.595294,1.625701,0.674097,-0.62119,-0.383393,0.096898,0.181401,2.034417,-2.359638,0.136068
221,1769521643825,2.455585,-0.424364,-0.103164,0.182021,0.699907,0.290221,-0.267462,0.595287,1.625697,0.674106,-0.621244,-0.38339,0.096883,0.181397,2.034431,-2.359621,0.136114
222,1769521643836,2.466696,-0.424289,-0.102885,0.182,0.699897,0.290221,-0.267465,0.595297,1.625668,0.674103,-0.621247,-0.383384,0.096894,0.181395,2.034461,-2.359616,0.136072
223,1769521643847,2.477807,-0.424132,-0.102286,0.181925,0.6999,0.290207,-0.267433,0.595315,1.625662,0.674065,-0.621167,-0.383395,0.096884,0.181388,2.034475,-2.359599,0.136116
224,1769521643858,2.488919,-0.424058,-0.102005,0.181888,0.699899,0.290201,-0.267428,0.595321,1.625655,0.67405,-0.621155,-0.383388,0.096893,0.181393,2.034401,-2.359666,0.13612
225,1769521643870,2.50003,-0.423976,-0.101718,0.181833,0.699886,0.290188,-0.267481,0.595319,1.625629,0.67402,-0.621278,-0.383392,0.096871,0.181383,2.034447,-2.359583,0.136209
226,1769521643881,2.511141,-0.423843,-0.101118,0.181735,0.69988,0.29018,-0.267498,0.595322,1.625612,0.674001,-0.621318,-0.383383,0.096879,0.181384,2.034459,-2.359634,0.136177
227,1769521643892,2.522253,-0.423762,-0.100837,0.181699,0.699869,0.290219,-0.267456,0.595336,1.625576,0.674087,-0.621216,-0.383386,0.096888,0.181381,2.034401,-2.359654,0.136177
228,1769521643903,2.533364,-0.423623,-0.100248,0.181631,0.699876,0.29023,-0.26748,0.595311,1.625608,0.674119,-0.621279,-0.383398,0.096882,0.181399,2.034476,-2.359584,0.136061
229,1769521643914,2.544475,-0.42357,-0.099983,0.181645,0.699849,0.290239,-0.267483,0.595337,1.62553,0.674133,-0.621279,-0.38339,0.096883,0.181384,2.034474,-2.359614,0.136151
230,1769521643925,2.555586,-0.423508,-0.099679,0.181626,0.699868,0.29022,-0.267456,0.595336,1.625574,0.674089,-0.621217,-0.383391,0.096879,0.181392,2.034449,-2.359581,0.136156
231,1769521643936,2.566698,-0.423365,-0.099028,0.181581,0.699858,0.290225,-0.267444,0.59535,1.625543,0.674099,-0.621185,-0.383386,0.096866,0.181369,2.034547,-2.359563,0.136184
232,1769521643947,2.577809,-0.42329,-0.098695,0.181575,0.699869,0.290218,-0.267484,0.595323,1.625584,0.67409,-0.621284,-0.383383,0.096899,0.181386,2.034443,-2.35968,0.136129
233,1769521643958,2.58892,-0.423195,-0.098354,0.181496,0.69985,0.29022,-0.267492,0.595341,1.625529,0.67409,-0.621298,-0.383385,0.096897,0.181378,2.034444,-2.359667,0.136167
234,1769521643970,2.600031,-0.423066,-0.097644,0.181456,0.699865,0.290235,-0.267467,0.595327,1.625573,0.674128,-0.621245,-0.383395,0.096882,0.181395,2.034445,-2.35961,0.136114
235,1769521643981,2.611143,-0.422997,-0.097357,0.181451,0.699863,0.290248,-0.267463,0.595325,1.62557,0.674159,-0.621235,-0.383382,0.096898,0.181371,2.034417,-2.359663,0.136206
236,1769521643992,2.622254,-0.422856,-0.096705,0.181413,0.699844,0.290241,-0.267491,0.595338,1.625517,0.674139,-0.621297,-0.383384,0.096903,0.181394,2.034401,-2.35968,0.136121
237,1769521644003,2.633365,-0.422787,-0.096399,0.181406,0.699844,0.290255,-0.267491,0.595331,1.625523,0.674173,-0.6213,-0.383386,0.096899,0.181386,2.034458,-2.35966,0.136103
238,1769521644014,2.644476,-0.422746,-0.096071,0.181409,0.699825,0.290279,-0.267498,0.595339,1.625473,0.674227,-0.621314,-0.383398,0.096893,0.181404,2.034432,-2.359612,0.136051
239,1769521644025,2.655587,-0.422604,-0.095469,0.18137,0.699838,0.290264,-0.267504,0.595328,1.62551,0.674194,-0.621329,-0.383384,0.0969,0.181386,2.034459,-2.359652,0.136096
240,1769521644036,2.666699,-0.422539,-0.095159,0.181334,0.699844,0.290255,-0.267507,0.595324,1.625525,0.674175,-0.621339,-0.383389,0.096885,0.181376,2.034447,-2.35961,0.136172
241,1769521644047,2.67781,-0.422405,-0.094578,0.181299,0.699775,0.290248,-0.267537,0.595395,1.62532,0.674138,-0.62139,-0.38339,0.096892,0.181408,2.034459,-2.359637,0.136038
242,1769521644058,2.688921,-0.422357,-0.094279,0.181309,0.699793,0.290239,-0.267552,0.595372,1.625375,0.674124,-0.621431,-0.383392,0.096897,0.181408,2.034444,-2.359656,0.136009
243,1769521644070,2.700032,-0.422303,-0.09396,0.181298,0.699798,0.290253,-0.267526,0.595371,1.625387,0.674158,-0.62137,-0.383391,0.096885,0.181385,2.034461,-2.359612,0.136152
244,1769521644081,2.711143,-0.422139,-0.093272,0.181256,0.699799,0.290241,-0.267525,0.595376,1.625388,0.674127,-0.621366,-0.383391,0.096899,0.181393,2.034445,-2.35965,0.136076
245,1769521644092,2.722255,-0.422052,-0.092902,0.181233,0.699806,0.290256,-0.267544,0.595351,1.625421,0.674169,-0.621416,-0.383397,0.09687,0.181383,2.034461,-2.359571,0.136191
246,1769521644103,2.733366,-0.421915,-0.092213,0.181187,0.699811,0.29026,-0.267511,0.595359,1.625427,0.674177,-0.621339,-0.38339,0.096876,0.181377,2.034489,-2.359603,0.13617
247,1769521644114,2.744477,-0.421818,-0.091876,0.181149,0.699811,0.290269,-0.267527,0.595347,1.625433,0.674201,-0.621379,-0.383384,0.09689,0.181389,2.034444,-2.359659,0.136139
248,1769521644125,2.755588,-0.42176,-0.091595,0.181175,0.699815,0.290224,-0.267539,0.595359,1.625435,0.674092,-0.621404,-0.383391,0.096902,0.181384,2.034417,-2.359647,0.136133
249,1769521644136,2.7667,-0.421615,-0.090982,0.181122,0.699832,0.290226,-0.267535,0.59534,1.625487,0.674103,-0.621398,-0.383391,0.096901,0.181411,2.034445,-2.359641,0.136012
250,1769521644147,2.777811,-0.421545,-0.090689,0.181062,0.699852,0.290193,-0.267557,0.595323,1.625545,0.67403,-0.621453,-0.383381,0.096883,0.181387,2.034487,-2.359637,0.136141
251,1769521644158,2.788922,-0.421399,-0.090099,0.181026,0.699858,0.290207,-0.267572,0.595301,1.625575,0.674069,-0.621495,-0.383394,0.09688,0.181377,2.034474,-2.359609,0.136179
252,1769521644170,2.800033,-0.421341,-0.089816,0.181037,0.699849,0.29023,-0.267552,0.59531,1.625547,0.674121,-0.621446,-0.383382,0.096886,0.181384,2.034445,-2.359638,0.136151
253,1769521644181,2.811145,-0.421269,-0.089553,0.181014,0.699868,0.290203,-0.267578,0.595289,1.625605,0.674063,-0.621513,-0.383385,0.096894,0.181381,2.034459,-2.359647,0.13616
254,1769521644192,2.822256,-0.421153,-0.088998,0.180968,0.699878,0.290187,-0.267567,0.59529,1.625629,0.674027,-0.621485,-0.383383,0.096886,0.181376,2.034459,-2.359641,0.136168
255,1769521644203,2.833367,-0.421091,-0.08871,0.180966,0.699857,0.290178,-0.267588,0.59531,1.625565,0.674001,-0.621529,-0.383391,0.096871,0.181378,2.034431,-2.35961,0.136205
256,1769521644214,2.844478,-0.421014,-0.088404,0.180946,0.699868,0.290169,-0.267591,0.5953,1.625598,0.673981,-0.621539,-0.38339,0.096892,0.181387,2.034447,-2.359616,0.136126
257,1769521644225,2.855589,-0.420858,-0.087791,0.180832,0.699864,0.290151,-0.267595,0.595312,1.62558,0.673938,-0.621545,-0.383387,0.096889,0.181376,2.034433,-2.359623,0.136209
258,1769521644236,2.866701,-0.420796,-0.087491,0.180818,0.699874,0.290134,-0.267593,0.595309,1.625606,0.673899,-0.621542,-0.383387,0.096889,0.181389,2.034459,-2.359639,0.136113
259,1769521644247,2.877812,-0.420661,-0.086921,0.180753,0.699885,0.290127,-0.267613,0.595291,1.625643,0.673887,-0.621594,-0.383386,0.096887,0.181389,2.034475,-2.359613,0.136135
260,1769521644258,2.888923,-0.42061,-0.086652,0.180743,0.699883,0.290156,-0.267616,0.595277,1.625649,0.673959,-0.621604,-0.3834,0.096895,0.181404,2.034447,-2.359607,0.136042
261,1769521644270,2.900035,-0.420547,-0.086357,0.180739,0.699893,0.29017,-0.267615,0.59526,1.625683,0.673996,-0.621604,-0.383385,0.096875,0.181379,2.034461,-2.359599,0.136191
262,1769521644281,2.911146,-0.420425,-0.085842,0.180709,0.699871,0.290168,-0.267638,0.595275,1.625622,0.673987,-0.621656,-0.383381,0.096879,0.181368,2.034502,-2.359619,0.136189
263,1769521644292,2.922257,-0.420342,-0.085545,0.180659,0.699874,0.290163,-0.267623,0.595282,1.625623,0.673972,-0.621617,-0.383394,0.09689,0.181404,2.034501,-2.359622,0.136011
264,1769521644303,2.933368,-0.420242,-0.084995,0.18067,0.699873,0.290169,-0.267658,0.595264,1.625634,0.673993,-0.621704,-0.383389,0.096892,0.181387,2.034416,-2.359648,0.136131
265,1769521644314,2.94448,-0.420177,-0.084676,0.180654,0.699854,0.290204,-0.267677,0.595261,1.625592,0.674073,-0.621748,-0.383391,0.096899,0.18139,2.03439,-2.359635,0.136125
266,1769521644325,2.955591,-0.420115,-0.08445,0.180641,0.699878,0.290214,-0.2676,0.595262,1.625648,0.674096,-0.62157,-0.383387,0.096896,0.181388,2.034431,-2.359649,0.136132
267,1769521644336,2.966702,-0.419994,-0.083917,0.180636,0.699871,0.29021,-0.267613,0.595267,1.625627,0.674087,-0.621599,-0.383385,0.09689,0.181386,2.034429,-2.359664,0.136129
268,1769521644347,2.977813,-0.419943,-0.083648,0.180615,0.699849,0.290175,-0.267624,0.595304,1.625551,0.673995,-0.621616,-0.383384,0.09689,0.181385,2.034458,-2.359654,0.136149
269,1769521644358,2.988925,-0.419819,-0.083013,0.180625,0.69988,0.290164,-0.267623,0.595274,1.625645,0.673976,-0.62162,-0.383382,0.096891,0.181364,2.034447,-2.359625,0.136229
270,1769521644370,3.000036,-0.419748,-0.082707,0.180624,0.699863,0.290162,-0.267627,0.595293,1.625591,0.673966,-0.621624,-0.383388,0.096886,0.181378,2.03446,-2.359627,0.136188
271,1769521644381,3.011147,-0.419707,-0.082389,0.180637,0.699885,0.290154,-0.267623,0.595273,1.625656,0.673955,-0.62162,-0.38339,0.096898,0.1814,2.034459,-2.359645,0.136066
272,1769521644392,3.022258,-0.419567,-0.08181,0.180575,0.699883,0.290142,-0.267611,0.595286,1.625643,0.673922,-0.62159,-0.383384,0.09688,0.181379,2.034447,-2.359611,0.136191
273,1769521644403,3.03337,-0.419488,-0.081531,0.180544,0.699876,0.290182,-0.267567,0.595295,1.62562,0.674012,-0.621485,-0.383394,0.096889,0.181395,2.034401,-2.359645,0.136093
274,1769521644414,3.044481,-0.419433,-0.081223,0.180549,0.699894,0.290175,-0.267546,0.595287,1.625667,0.673999,-0.621438,-0.383388,0.096867,0.181371,2.03449,-2.359576,0.136228
275,1769521644425,3.055593,-0.419306,-0.080622,0.180506,0.699894,0.290174,-0.267548,0.595286,1.625668,0.673998,-0.621443,-0.383383,0.096883,0.181382,2.034432,-2.359629,0.136161
276,1769521644436,3.066704,-0.419235,-0.080339,0.180472,0.699893,0.290158,-0.267538,0.5953,1.625656,0.673956,-0.621416,-0.38339,0.096899,0.181392,2.034459,-2.359646,0.136104
277,1769521644447,3.077815,-0.419117,-0.079716,0.180455,0.699887,0.29018,-0.267516,0.595306,1.625638,0.674006,-0.621364,-0.383385,0.096899,0.181385,2.03443,-2.359663,0.136131
278,1769521644458,3.088926,-0.419045,-0.079434,0.180418,0.699887,0.290167,-0.267516,0.595311,1.625636,0.673975,-0.621363,-0.383389,0.096894,0.18139,2.03446,-2.359632,0.136106
279,1769521644470,3.100037,-0.418975,-0.07913,0.180388,0.699844,0.290147,-0.267555,0.595355,1.625507,0.673915,-0.621442,-0.383389,0.0969,0.18138,2.03443,-2.359671,0.136158
280,1769521644481,3.111149,-0.418813,-0.078478,0.180303,0.69988,0.290147,-0.267542,0.595319,1.625613,0.673924,-0.621421,-0.383384,0.096874,0.181385,2.034447,-2.359603,0.136162
281,1769521644492,3.12226,-0.418711,-0.078131,0.180232,0.699875,0.290155,-0.267554,0.595315,1.625604,0.673944,-0.621448,-0.383391,0.096889,0.181382,2.034445,-2.359631,0.13616
282,1769521644503,3.133371,-0.418573,-0.077414,0.180177,0.699904,0.290158,-0.26756,0.595277,1.625698,0.673962,-0.621473,-0.383389,0.096899,0.181386,2.034446,-2.359644,0.136124
283,1769521644514,3.144482,-0.418496,-0.077096,0.180178,0.699899,0.290142,-0.267563,0.59529,1.625677,0.673921,-0.621476,-0.383389,0.096881,0.181396,2.034416,-2.359627,0.136141
284,1769521644525,3.155593,-0.418425,-0.076786,0.180144,0.69991,0.290171,-0.267536,0.595275,1.625712,0.673993,-0.621418,-0.383387,0.096886,0.181381,2.034474,-2.359621,0.136143
285,1769521644536,3.166705,-0.418273,-0.076177,0.180116,0.699918,0.29016,-0.267532,0.595272,1.625733,0.673969,-0.621409,-0.383388,0.096898,0.18139,2.034414,-2.359675,0.13611
286,1769521644547,3.177816,-0.418209,-0.075869,0.180089,0.699917,0.290106,-0.267586,0.595275,1.625728,0.673843,-0.621534,-0.383383,0.096875,0.181371,2.03446,-2.359621,0.136215
287,1769521644558,3.188927,-0.418067,-0.075271,0.180065,0.699906,0.290154,-0.267579,0.595267,1.62571,0.673957,-0.62152,-0.383382,0.096895,0.181373,2.034416,-2.35967,0.136213
288,1769521644570,3.200038,-0.418006,-0.074973,0.180062,0.699918,0.290123,-0.267577,0.59527,1.625736,0.673882,-0.621514,-0.383389,0.096891,0.181392,2.034459,-2.359639,0.136113
289,1769521644581,3.211149,-0.417931,-0.074657,0.18005,0.699909,0.290159,-0.267613,0.595247,1.625728,0.673973,-0.621604,-0.383388,0.096903,0.181388,2.034417,-2.359661,0.136132
290,1769521644592,3.22226,-0.417788,-0.074061,0.17998,0.699912,0.290159,-0.267584,0.595256,1.625731,0.673971,-0.621535,-0.383397,0.096882,0.181392,2.03449,-2.35958,0.136108
291,1769521644603,3.233372,-0.417709,-0.073742,0.179969,0.699891,0.290162,-0.267596,0.595274,1.625669,0.673973,-0.621558,-0.383385,0.096899,0.181385,2.034445,-2.359658,0.136123
292,1769521644614,3.244483,-0.417641,-0.073425,0.179903,0.699899,0.29015,-0.267584,0.595276,1.625687,0.673943,-0.621528,-0.383388,0.096874,0.181371,2.03449,-2.359583,0.13622
293,1769521644625,3.255594,-0.417491,-0.07281,0.179863,0.699909,0.290178,-0.26757,0.595256,1.625723,0.674014,-0.621502,-0.383383,0.096882,0.181381,2.034474,-2.359621,0.136143
294,1769521644636,3.266705,-0.417431,-0.07245,0.179858,0.699901,0.290167,-0.267582,0.595266,1.625698,0.673987,-0.621527,-0.383384,0.09688,0.181371,2.034416,-2.359644,0.136232
295,1769521644647,3.277817,-0.417292,-0.071742,0.179802,0.699909,0.290146,-0.267595,0.595261,1.62572,0.673938,-0.621558,-0.383391,0.096879,0.181397,2.03446,-2.359604,0.136106
296,1769521644658,3.288928,-0.417232,-0.071378,0.179825,0.699925,0.290134,-0.267617,0.595238,1.625772,0.673919,-0.621616,-0.383384,0.096879,0.181369,2.034461,-2.359615,0.136245
297,1769521644670,3.300039,-0.41715,-0.071096,0.17979,0.699912,0.290123,-0.267614,0.59526,1.625728,0.673887,-0.621603,-0.383387,0.09688,0.181378,2.034431,-2.359623,0.136188
298,1769521644681,3.31115,-0.417004,-0.070474,0.179752,0.699902,0.29011,-0.267616,0.595277,1.625693,0.673851,-0.621603,-0.383386,0.096877,0.181381,2.034461,-2.359598,0.136172
299,1769521644692,3.322261,-0.416939,-0.070182,0.179726,0.699896,0.290127,-0.267606,0.595281,1.625675,0.673889,-0.621579,-0.383394,0.096885,0.181381,2.03446,-2.359619,0.136141
300,1769521644703,3.333373,-0.416817,-0.069569,0.179713,0.699904,0.290084,-0.267609,0.595291,1.625688,0.673786,-0.621584,-0.383393,0.096892,0.18139,2.034432,-2.359628,0.136105
301,1769521644714,3.344484,-0.416759,-0.069274,0.179702,0.69991,0.290061,-0.267632,0.595284,1.625707,0.673736,-0.621639,-0.383384,0.096893,0.181389,2.034474,-2.35964,0.136096
302,1769521644725,3.355595,-0.416695,-0.068988,0.1797,0.699905,0.290066,-0.26764,0.595285,1.625695,0.673746,-0.621657,-0.383398,0.096882,0.181413,2.034476,-2.359583,0.136024
303,1769521644736,3.366706,-0.416551,-0.068428,0.179678,0.699897,0.290105,-0.267656,0.595268,1.625688,0.673841,-0.621697,-0.383381,0.096897,0.181391,2.034385,-2.359693,0.136137
304,1769521644747,3.377817,-0.416493,-0.06812,0.179665,0.699893,0.290104,-0.267622,0.595289,1.625663,0.673835,-0.621614,-0.383385,0.09689,0.181383,2.034444,-2.35966,0.136176
305,1769521644758,3.388929,-0.416347,-0.067497,0.179613,0.699877,0.290109,-0.267599,0.595316,1.625608,0.673839,-0.621553,-0.383387,0.096887,0.181386,2.034432,-2.359629,0.136142
306,1769521644770,3.40004,-0.416288,-0.067221,0.179611,0.699876,0.290117,-0.267613,0.595306,1.625613,0.673859,-0.621589,-0.383386,0.096899,0.181375,2.034416,-2.35967,0.136196
307,1769521644781,3.411151,-0.416192,-0.066911,0.17957,0.699869,0.290122,-0.267597,0.595319,1.625588,0.673867,-0.621547,-0.383393,0.096877,0.181389,2.034518,-2.359578,0.136118
308,1769521644792,3.422262,-0.416192,-0.066911,0.17957,0.699864,0.290125,-0.267591,0.595327,1.62557,0.673871,-0.621533,-0.383387,0.096879,0.181375,2.034474,-2.359615,0.136189
309,1769521644803,3.433373,-0.416042,-0.066269,0.17952,0.699875,0.290151,-0.267602,0.595296,1.625617,0.67394,-0.621565,-0.383384,0.096896,0.181391,2.034444,-2.359665,0.136111
310,1769521644814,3.444484,-0.415895,-0.065565,0.179426,0.699874,0.290152,-0.267604,0.595295,1.625616,0.673943,-0.621571,-0.383382,0.096889,0.181366,2.034516,-2.359642,0.136178
311,1769521644825,3.455596,-0.41573,-0.064953,0.179345,0.699891,0.290176,-0.26757,0.595279,1.625667,0.674003,-0.621497,-0.383388,0.096876,0.181376,2.034461,-2.359607,0.136198
312,1769521644836,3.466707,-0.41573,-0.064953,0.179345,0.699899,0.290127,-0.2676,0.59528,1.625684,0.67389,-0.621566,-0.383395,0.096891,0.18139,2.03443,-2.359636,0.136131
313,1769521644848,3.478281,-0.415571,-0.064245,0.179277,0.699875,0.290143,-0.267613,0.595294,1.625618,0.673923,-0.621591,-0.383397,0.09688,0.181388,2.034446,-2.359597,0.136153
314,1769521644859,3.489392,-0.415437,-0.063531,0.179259,0.699857,0.290133,-0.267616,0.595319,1.625561,0.673892,-0.621592,-0.38339,0.096894,0.181399,2.034445,-2.359636,0.136095
315,1769521644870,3.500503,-0.415361,-0.06319,0.179219,0.699856,0.290131,-0.267586,0.595335,1.625548,0.673884,-0.62152,-0.383384,0.096891,0.181389,2.03443,-2.359656,0.136121
316,1769521644881,3.511614,-0.415361,-0.06319,0.179219,0.699891,0.290107,-0.267596,0.595301,1.62565,0.673836,-0.62155,-0.383401,0.096887,0.181407,2.034477,-2.359575,0.136035
317,1769521644892,3.522726,-0.415188,-0.062603,0.179175,0.699874,0.290122,-0.267587,0.595317,1.625602,0.673868,-0.621526,-0.383384,0.096903,0.181391,2.034416,-2.359674,0.136112
318,1769521644903,3.533837,-0.414946,-0.061496,0.179108,0.699885,0.290144,-0.267585,0.595295,1.625641,0.673924,-0.621527,-0.383386,0.096884,0.181369,2.034503,-2.35962,0.136208
319,1769521644914,3.544949,-0.414863,-0.061154,0.179053,0.699878,0.290138,-0.267601,0.595299,1.625621,0.673911,-0.621564,-0.383387,0.096903,0.181386,2.034431,-2.359656,0.136124
320,1769521644926,3.55606,-0.414792,-0.060812,0.179061,0.699906,0.290063,-0.267615,0.595296,1.625689,0.673738,-0.621597,-0.383387,0.096899,0.181396,2.034417,-2.359646,0.136115
321,1769521644937,3.567171,-0.414631,-0.060183,0.179044,0.699913,0.290046,-0.267595,0.595305,1.625699,0.673695,-0.621546,-0.383389,0.096879,0.181373,2.034516,-2.359614,0.13616
322,1769521644948,3.578282,-0.414563,-0.059831,0.179032,0.699916,0.290069,-0.267599,0.595288,1.625719,0.673753,-0.621562,-0.383386,0.096891,0.181386,2.034444,-2.359659,0.136139
323,1769521644959,3.589393,-0.414426,-0.059143,0.17901,0.699876,0.290076,-0.267617,0.595324,1.6256,0.673759,-0.621594,-0.383387,0.096862,0.181388,2.034476,-2.359566,0.136201
324,1769521644970,3.600504,-0.414345,-0.058849,0.178979,0.699884,0.290041,-0.26761,0.595335,1.625613,0.673675,-0.621574,-0.383385,0.096881,0.181381,2.034475,-2.359608,0.136181
325,1769521644981,3.611616,-0.414267,-0.058539,0.178956,0.699873,0.290084,-0.267595,0.595335,1.625586,0.673774,-0.621539,-0.383394,0.096891,0.181395,2.034502,-2.359616,0.136059
326,1769521644992,3.622727,-0.414149,-0.057929,0.17892,0.699889,0.290076,-0.26762,0.595308,1.625642,0.673763,-0.621605,-0.383387,0.096878,0.18139,2.034476,-2.359593,0.136145
327,1769521645003,3.633838,-0.414069,-0.057617,0.178933,0.699906,0.29004,-0.267635,0.595298,1.625688,0.673682,-0.621642,-0.383382,0.096889,0.181376,2.034415,-2.359663,0.136185
328,1769521645014,3.644949,-0.414026,-0.057269,0.178949,0.699897,0.290046,-0.267617,0.595314,1.625657,0.673692,-0.621596,-0.383378,0.096888,0.181368,2.034431,-2.359652,0.136243
329,1769521645026,3.656061,-0.413869,-0.056595,0.178873,0.699906,0.290065,-0.267613,0.595296,1.62569,0.673742,-0.621591,-0.383386,0.096888,0.181385,2.034433,-2.359621,0.136153
330,1769521645037,3.667172,-0.413803,-0.056258,0.178845,0.699909,0.29005,-0.26763,0.595292,1.625699,0.673708,-0.621631,-0.383392,0.096888,0.181391,2.034473,-2.359627,0.136095
331,1769521645048,3.678283,-0.41364,-0.055534,0.178818,0.699921,0.290053,-0.267611,0.595285,1.625732,0.673716,-0.62159,-0.383378,0.096885,0.181367,2.03443,-2.35966,0.136251
332,1769521645059,3.689394,-0.413574,-0.055207,0.178802,0.699926,0.290054,-0.267598,0.595285,1.625742,0.673719,-0.62156,-0.383385,0.096892,0.181371,2.03443,-2.359659,0.136214
333,1769521645070,3.700505,-0.413505,-0.054853,0.178793,0.699899,0.290068,-0.267628,0.595296,1.625673,0.673748,-0.621626,-0.383385,0.096878,0.181384,2.034474,-2.359615,0.13617
334,1769521645081,3.711617,-0.413354,-0.05428,0.178749,0.699921,0.290084,-0.267622,0.595265,1.625745,0.673795,-0.621619,-0.383385,0.096883,0.181388,2.034445,-2.359631,0.136141
335,1769521645092,3.722728,-0.413295,-0.053965,0.178758,0.699939,0.290097,-0.267584,0.595255,1.625793,0.673827,-0.621534,-0.383384,0.096905,0.181386,2.034388,-2.359678,0.13614
336,1769521645103,3.733839,-0.413139,-0.053355,0.17868,0.699929,0.290104,-0.26757,0.59527,1.62576,0.673839,-0.621497,-0.383386,0.096898,0.181399,2.034444,-2.359664,0.136074
337,1769521645114,3.744951,-0.413076,-0.053041,0.17866,0.69993,0.290106,-0.267567,0.595269,1.625763,0.673844,-0.621492,-0.383386,0.096871,0.181369,2.034459,-2.359615,0.136224
338,1769521645126,3.756062,-0.412989,-0.05277,0.178587,0.699905,0.290157,-0.267554,0.595278,1.625699,0.67396,-0.621459,-0.383394,0.096893,0.181383,2.034474,-2.35962,0.136106
339,1769521645137,3.767173,-0.412853,-0.052181,0.178557,0.699896,0.290187,-0.267561,0.595272,1.625681,0.674031,-0.621477,-0.383388,0.096885,0.181385,2.034445,-2.359632,0.136178
340,1769521645148,3.778285,-0.412779,-0.051904,0.178548,0.699899,0.290176,-0.26759,0.59526,1.625697,0.674009,-0.621547,-0.383393,0.096895,0.181396,2.034433,-2.35962,0.136098
341,1769521645159,3.789396,-0.412644,-0.051255,0.178495,0.699904,0.290171,-0.267576,0.595263,1.625706,0.673997,-0.621514,-0.383399,0.0969,0.181409,2.034444,-2.359641,0.135991
342,1769521645170,3.800507,-0.41257,-0.050972,0.178431,0.699887,0.290198,-0.267578,0.595269,1.625664,0.674057,-0.621518,-0.383384,0.096879,0.181373,2.034433,-2.359616,0.136218
343,1769521645181,3.811618,-0.412491,-0.050697,0.178388,0.699909,0.29017,-0.267604,0.595245,1.625731,0.674,-0.621582,-0.383391,0.096887,0.18139,2.034516,-2.359619,0.136077
344,1769521645192,3.82273,-0.412345,-0.050171,0.178323,0.699941,0.290158,-0.267589,0.59522,1.625821,0.673977,-0.621556,-0.383385,0.096869,0.181376,2.034461,-2.359593,0.136237
345,1769521645203,3.833841,-0.412289,-0.049888,0.178343,0.699938,0.290183,-0.267569,0.595221,1.625814,0.674036,-0.621508,-0.383383,0.096913,0.181395,2.03443,-2.359689,0.136075
346,1769521645214,3.844953,-0.412226,-0.049609,0.178319,0.699957,0.290197,-0.267551,0.5952,1.625872,0.674075,-0.621472,-0.383388,0.096884,0.181376,2.034433,-2.359617,0.136217
347,1769521645226,3.856064,-0.4121,-0.049013,0.178274,0.699954,0.290193,-0.267532,0.595214,1.625855,0.674061,-0.621423,-0.383391,0.096889,0.181397,2.03446,-2.359625,0.136096
348,1769521645237,3.867175,-0.412013,-0.048712,0.178207,0.699943,0.290199,-0.267541,0.595219,1.625827,0.674075,-0.621444,-0.383376,0.096899,0.181391,2.034412,-2.359718,0.136144
349,1769521645248,3.878286,-0.411897,-0.048102,0.178176,0.699952,0.290193,-0.26753,0.595216,1.62585,0.67406,-0.62142,-0.383395,0.096879,0.181405,2.034461,-2.35959,0.136088
350,1769521645259,3.889397,-0.411834,-0.04777,0.178158,0.699957,0.290168,-0.267539,0.59522,1.625858,0.674002,-0.621439,-0.383381,0.096899,0.181388,2.034429,-2.359677,0.136111
351,1769521645270,3.900509,-0.41178,-0.047488,0.17817,0.699942,0.290197,-0.267519,0.595232,1.625816,0.674066,-0.621388,-0.383386,0.096885,0.181376,2.03446,-2.359628,0.136207
352,1769521645281,3.91162,-0.411658,-0.04693,0.178133,0.69991,0.290188,-0.267515,0.595276,1.625711,0.674034,-0.62137,-0.383388,0.096887,0.181385,2.034432,-2.359629,0.136161
353,1769521645292,3.922731,-0.411587,-0.046666,0.178106,0.699949,0.290231,-0.267546,0.595195,1.625857,0.674154,-0.621462,-0.383397,0.096884,0.181381,2.034445,-2.35961,0.136133
354,1769521645303,3.933842,-0.41147,-0.046091,0.178079,0.699934,0.290225,-0.267542,0.595217,1.625807,0.674135,-0.621448,-0.383382,0.096886,0.18137,2.034488,-2.359631,0.136189
355,1769521645314,3.944953,-0.411407,-0.04585,0.178072,0.699934,0.290213,-0.267556,0.595217,1.625808,0.674106,-0.621479,-0.383391,0.096884,0.181385,2.034462,-2.35959,0.136165
356,1769521645326,3.956065,-0.411353,-0.045577,0.178059,0.699941,0.29025,-0.267561,0.595188,1.625842,0.6742,-0.621499,-0.3834,0.096874,0.181389,2.034477,-2.359565,0.136145
357,1769521645337,3.967176,-0.411255,-0.045081,0.178052,0.699945,0.290252,-0.267551,0.595187,1.625853,0.674206,-0.621476,-0.383386,0.096896,0.181392,2.034431,-2.359649,0.136114
358,1769521645348,3.978287,-0.411202,-0.044806,0.178049,0.699956,0.290276,-0.267523,0.595175,1.625887,0.674264,-0.621413,-0.383385,0.096873,0.181357,2.034461,-2.359609,0.136273
359,1769521645359,3.989398,-0.411097,-0.044326,0.178046,0.69995,0.290284,-0.267499,0.595188,1.625864,0.67428,-0.621354,-0.383385,0.096892,0.181399,2.03443,-2.359655,0.136066
360,1769521645370,4.00051,-0.411042,-0.044023,0.178039,0.699942,0.290266,-0.267481,0.595215,1.625827,0.67423,-0.621306,-0.383388,0.096888,0.181374,2.034446,-2.359625,0.136189
361,1769521645381,4.011621,-0.410976,-0.043726,0.178029,0.699961,0.290262,-0.267441,0.595213,1.625873,0.674222,-0.621214,-0.383382,0.096902,0.181383,2.034399,-2.359702,0.136146
362,1769521645392,4.022732,-0.410874,-0.043151,0.178039,0.699984,0.29024,-0.267466,0.595185,1.625945,0.674177,-0.621278,-0.383387,0.096873,0.181372,2.034474,-2.35961,0.136234
363,1769521645403,4.033843,-0.410818,-0.042877,0.178022,0.69994,0.290215,-0.267507,0.59523,1.625813,0.674109,-0.621362,-0.383391,0.0969,0.181391,2.034373,-2.359662,0.13614
364,1769521645414,4.044955,-0.41075,-0.042628,0.178008,0.699954,0.290193,-0.267518,0.59522,1.625852,0.674059,-0.62139,-0.383388,0.096885,0.181398,2.034388,-2.359644,0.136149
365,1769521645426,4.056066,-0.41063,-0.0421,0.177991,0.699945,0.290192,-0.267496,0.595241,1.625816,0.674052,-0.621333,-0.383389,0.096894,0.181381,2.034417,-2.359641,0.136179
366,1769521645437,4.067177,-0.41058,-0.041837,0.177977,0.699941,0.290205,-0.267483,0.595245,1.625805,0.674081,-0.621302,-0.38338,0.096881,0.181374,2.034473,-2.359644,0.136205
367,1769521645448,4.078289,-0.410464,-0.041261,0.177931,0.699937,0.2902,-0.267462,0.595261,1.625785,0.674064,-0.621249,-0.383385,0.096895,0.181393,2.034474,-2.35964,0.136077
368,1769521645459,4.0894,-0.410397,-0.041002,0.177915,0.699949,0.290192,-0.267502,0.595234,1.62583,0.674053,-0.621349,-0.383387,0.096878,0.181376,2.034445,-2.359626,0.136206
369,1769521645470,4.100511,-0.410333,-0.04073,0.1779,0.699944,0.29017,-0.267517,0.595243,1.625813,0.673999,-0.621383,-0.383379,0.096872,0.181378,2.034443,-2.359648,0.136212
370,1769521645481,4.111622,-0.410238,-0.040161,0.177888,0.699918,0.290178,-0.267517,0.595271,1.625733,0.67401,-0.621375,-0.383394,0.096905,0.181408,2.034417,-2.359644,0.13604
371,1769521645492,4.122733,-0.410168,-0.039837,0.177861,0.699914,0.290173,-0.267535,0.595269,1.625726,0.673999,-0.621418,-0.383383,0.096886,0.181367,2.034416,-2.359651,0.136242
372,1769521645503,4.133845,-0.410035,-0.03917,0.177827,0.699928,0.290141,-0.267494,0.595287,1.625746,0.673921,-0.621316,-0.383389,0.096877,0.181379,2.034461,-2.359607,0.136198
373,1769521645514,4.144956,-0.409969,-0.038836,0.177819,0.69995,0.290123,-0.267474,0.595279,1.625803,0.67388,-0.621273,-0.38339,0.096877,0.181386,2.03446,-2.359605,0.136143
374,1769521645526,4.156067,-0.40987,-0.038479,0.17777,0.699939,0.290137,-0.267502,0.595272,1.625782,0.673914,-0.621339,-0.383387,0.096891,0.181398,2.034472,-2.359655,0.136074
375,1769521645537,4.167178,-0.409743,-0.037853,0.177743,0.699963,0.290099,-0.267502,0.595263,1.625843,0.673829,-0.621341,-0.383382,0.0969,0.181385,2.034444,-2.359673,0.13614
376,1769521645548,4.17829,-0.409671,-0.03749,0.17773,0.699949,0.290073,-0.267533,0.595278,1.625801,0.673766,-0.621411,-0.383395,0.096876,0.18138,2.03446,-2.359599,0.13617
377,1769521645559,4.189401,-0.409552,-0.036934,0.177717,0.699958,0.290136,-0.267462,0.595269,1.625828,0.673913,-0.621247,-0.383383,0.096886,0.181374,2.034431,-2.359645,0.136215
378,1769521645570,4.200512,-0.409482,-0.036605,0.177678,0.699946,0.290117,-0.267477,0.595285,1.625789,0.673865,-0.621279,-0.383394,0.096887,0.181403,2.034446,-2.359615,0.136068
379,1769521645581,4.211624,-0.409402,-0.036343,0.177659,0.699913,0.290143,-0.267481,0.595309,1.625698,0.67392,-0.621281,-0.383392,0.096903,0.181397,2.034403,-2.359651,0.136086
380,1769521645592,4.222735,-0.40925,-0.03573,0.177553,0.699926,0.29012,-0.267491,0.5953,1.625734,0.673867,-0.621307,-0.383386,0.096896,0.181392,2.0344,-2.359681,0.136118
381,1769521645603,4.233846,-0.409186,-0.035438,0.177535,0.69992,0.290141,-0.267519,0.595285,1.625728,0.673921,-0.621377,-0.383382,0.096899,0.181389,2.034415,-2.359683,0.136138
382,1769521645614,4.244957,-0.409108,-0.035156,0.177489,0.699928,0.290111,-0.267522,0.595289,1.625745,0.67385,-0.621382,-0.383391,0.096888,0.18139,2.034445,-2.35963,0.136123
383,1769521645626,4.256069,-0.408991,-0.034571,0.177485,0.69993,0.290062,-0.267523,0.595309,1.625736,0.673731,-0.621378,-0.38338,0.096887,0.18139,2.034442,-2.359681,0.136145
384,1769521645637,4.26718,-0.408929,-0.03428,0.177482,0.699921,0.290065,-0.267558,0.595303,1.625721,0.673739,-0.621462,-0.38339,0.096882,0.181382,2.03446,-2.35962,0.13616
385,1769521645648,4.278291,-0.408801,-0.033752,0.177439,0.699908,0.290065,-0.267526,0.595333,1.625668,0.673732,-0.621379,-0.383384,0.096885,0.181372,2.034445,-2.359646,0.136195
386,1769521645659,4.289403,-0.408725,-0.033447,0.177401,0.699908,0.290088,-0.267543,0.595314,1.625682,0.673789,-0.621424,-0.383384,0.0969,0.181382,2.034417,-2.359662,0.136169
387,1769521645670,4.300514,-0.408666,-0.03313,0.177391,0.699895,0.29008,-0.267554,0.595327,1.625644,0.673768,-0.621447,-0.38339,0.096903,0.181383,2.034404,-2.359645,0.136153
388,1769521645681,4.311625,-0.408511,-0.032505,0.177306,0.699916,0.290079,-0.267569,0.595297,1.625712,0.673774,-0.621488,-0.383387,0.096898,0.181396,2.034429,-2.359669,0.136064
389,1769521645692,4.322736,-0.408464,-0.032196,0.177302,0.699911,0.290071,-0.267561,0.595311,1.62569,0.673751,-0.621467,-0.383382,0.096868,0.181369,2.034459,-2.359615,0.136243
390,1769521645703,4.333848,-0.408325,-0.03162,0.177245,0.699912,0.290086,-0.267568,0.595298,1.625703,0.67379,-0.621486,-0.383389,0.096897,0.181386,2.034487,-2.359643,0.136095
391,1769521645714,4.344959,-0.408265,-0.031333,0.177251,0.699911,0.290087,-0.267591,0.59529,1.625704,0.673793,-0.621542,-0.383383,0.096881,0.181364,2.034433,-2.35961,0.136266
392,1769521645726,4.35607,-0.408204,-0.031054,0.177244,0.699895,0.290101,-0.267603,0.595296,1.625663,0.673824,-0.621569,-0.383383,0.096881,0.18137,2.034488,-2.359625,0.136197
393,1769521645737,4.367181,-0.408075,-0.030499,0.177178,0.699945,0.290089,-0.267548,0.595268,1.625799,0.673805,-0.621449,-0.383396,0.096878,0.181383,2.034491,-2.359566,0.136128
394,1769521645748,4.378293,-0.408007,-0.03023,0.177147,0.699886,0.290121,-0.267556,0.595318,1.625627,0.673866,-0.621454,-0.383392,0.096886,0.181391,2.034461,-2.359611,0.136115
395,1769521645759,4.389404,-0.407888,-0.029682,0.177125,0.699893,0.290117,-0.267525,0.595325,1.625639,0.673854,-0.62138,-0.383385,0.096887,0.181394,2.034445,-2.359644,0.136121
396,1769521645770,4.400515,-0.407828,-0.029387,0.177105,0.699899,0.290136,-0.267553,0.595296,1.625673,0.673907,-0.621453,-0.383381,0.096895,0.181367,2.03443,-2.359666,0.136243
397,1769521645781,4.411626,-0.407785,-0.029121,0.17711,0.699905,0.29014,-0.267559,0.595284,1.625695,0.673919,-0.62147,-0.383391,0.096864,0.181367,2.034447,-2.359578,0.136255
398,1769521645792,4.422738,-0.407658,-0.02857,0.177069,0.699897,0.29014,-0.267562,0.595293,1.625671,0.673917,-0.621473,-0.383385,0.096875,0.181375,2.034447,-2.359605,0.136218
399,1769521645803,4.433849,-0.407593,-0.028278,0.17704,0.699891,0.290118,-0.267627,0.595281,1.625665,0.673868,-0.621627,-0.383389,0.096888,0.181384,2.034474,-2.359621,0.136143
400,1769521645814,4.44496,-0.407524,-0.027995,0.177037,0.699883,0.290163,-0.267563,0.595298,1.625633,0.673968,-0.621475,-0.383386,0.096887,0.181386,2.034445,-2.359645,0.136158
401,1769521645826,4.456071,-0.407405,-0.02738,0.177042,0.699879,0.290143,-0.26755,0.595318,1.625612,0.673916,-0.621439,-0.383388,0.096884,0.181389,2.034459,-2.359633,0.136122
402,1769521645837,4.467183,-0.407336,-0.027067,0.177017,0.699897,0.290144,-0.267535,0.595304,1.625662,0.673923,-0.621408,-0.383394,0.096875,0.181386,2.034503,-2.359591,0.136133
403,1769521645848,4.478294,-0.407216,-0.026516,0.176975,0.699903,0.290144,-0.267542,0.595293,1.625685,0.673926,-0.621427,-0.383393,0.096876,0.181382,2.034473,-2.359615,0.136149
404,1769521645859,4.489405,-0.407154,-0.026273,0.176983,0.699893,0.29011,-0.267512,0.595334,1.625634,0.673834,-0.621348,-0.383399,0.096884,0.1814,2.034462,-2.359581,0.136062
405,1769521645870,4.500517,-0.407111,-0.02599,0.177001,0.699875,0.29012,-0.267534,0.595341,1.625587,0.673856,-0.621396,-0.383381,0.096881,0.181371,2.034443,-2.359654,0.136203
406,1769521645881,4.511628,-0.406996,-0.025431,0.176977,0.699933,0.290088,-0.267513,0.595298,1.625751,0.673794,-0.621359,-0.383393,0.096894,0.181398,2.034475,-2.359612,0.136079
407,1769521645892,4.522739,-0.406939,-0.025159,0.176982,0.699922,0.290096,-0.267538,0.595297,1.625725,0.673812,-0.621416,-0.383392,0.096895,0.181403,2.034473,-2.359632,0.13603
408,1769521645903,4.53385,-0.406806,-0.024601,0.176939,0.699915,0.290088,-0.267568,0.595295,1.625711,0.673795,-0.621488,-0.383383,0.096889,0.181381,2.034415,-2.359663,0.136185
409,1769521645914,4.544961,-0.406742,-0.024287,0.176935,0.699935,0.290079,-0.267536,0.59529,1.625761,0.673775,-0.621413,-0.383388,0.096902,0.181392,2.034445,-2.359657,0.136067
410,1769521645926,4.556073,-0.406664,-0.023956,0.176914,0.699905,0.290122,-0.267537,0.595304,1.625682,0.673871,-0.621412,-0.38338,0.09688,0.181368,2.034474,-2.359623,0.136235
411,1769521645937,4.567184,-0.406553,-0.02329,0.176901,0.699916,0.29013,-0.267541,0.595285,1.62572,0.673894,-0.621428,-0.383393,0.096895,0.181396,2.034416,-2.359647,0.136094
412,1769521645948,4.578295,-0.406477,-0.022997,0.17687,0.699914,0.290131,-0.26755,0.595283,1.625715,0.673898,-0.621449,-0.383391,0.096885,0.181396,2.034461,-2.359611,0.136115
413,1769521645959,4.589406,-0.406342,-0.022461,0.176822,0.699897,0.29013,-0.267555,0.595301,1.625664,0.673892,-0.621456,-0.38338,0.096889,0.181369,2.034373,-2.359665,0.136233
414,1769521645970,4.600518,-0.406293,-0.022148,0.176827,0.699907,0.290152,-0.267529,0.59529,1.625696,0.673945,-0.621398,-0.383385,0.096882,0.18138,2.034474,-2.359629,0.136187
415,1769521645981,4.611629,-0.406222,-0.021872,0.176803,0.699896,0.290156,-0.267538,0.595296,1.625666,0.673954,-0.621418,-0.383383,0.096897,0.181378,2.034445,-2.359658,0.136141
416,1769521645992,4.62274,-0.406106,-0.021329,0.176755,0.699933,0.290149,-0.267513,0.595268,1.625771,0.673944,-0.621367,-0.383389,0.096899,0.181395,2.034403,-2.359651,0.136105
417,1769521646003,4.633851,-0.406038,-0.021035,0.17674,0.699931,0.290119,-0.267548,0.595269,1.625766,0.673875,-0.621447,-0.383397,0.09689,0.181391,2.034461,-2.359611,0.136115
418,1769521646014,4.644963,-0.405997,-0.0208,0.176734,0.699954,0.290153,-0.267522,0.595237,1.625841,0.673962,-0.621394,-0.383376,0.096888,0.181359,2.034444,-2.359669,0.13626
419,1769521646026,4.656074,-0.405864,-0.020239,0.176671,0.699977,0.290155,-0.267532,0.595205,1.625915,0.673975,-0.621426,-0.383387,0.096893,0.181403,2.034474,-2.359625,0.13606
420,1769521646037,4.667185,-0.405807,-0.01995,0.17666,0.699917,0.290204,-0.267535,0.59525,1.625746,0.674078,-0.621422,-0.383397,0.096878,0.181393,2.034503,-2.359589,0.136078
421,1769521646048,4.678296,-0.405678,-0.019408,0.176622,0.699937,0.290211,-0.267495,0.595242,1.625797,0.674095,-0.62133,-0.383395,0.096893,0.181404,2.034502,-2.359615,0.136021
422,1769521646059,4.689408,-0.405605,-0.019137,0.176623,0.699936,0.290181,-0.267525,0.595244,1.625793,0.674024,-0.621401,-0.383389,0.096878,0.181386,2.034475,-2.3596,0.136134
423,1769521646070,4.700519,-0.405525,-0.018831,0.176575,0.699901,0.290234,-0.267509,0.595266,1.625699,0.674141,-0.621358,-0.383383,0.096884,0.181359,2.03443,-2.359653,0.136261
424,1769521646081,4.71163,-0.40538,-0.01824,0.176513,0.699935,0.290227,-0.267544,0.595213,1.625813,0.674141,-0.621452,-0.383392,0.096887,0.181397,2.034475,-2.359605,0.136088
425,1769521646092,4.722741,-0.405311,-0.017926,0.176484,0.699886,0.290234,-0.267549,0.595265,1.625663,0.674143,-0.621451,-0.383394,0.096878,0.181398,2.034444,-2.359616,0.136085
426,1769521646103,4.733852,-0.40517,-0.017408,0.176437,0.699909,0.290195,-0.267552,0.595257,1.625722,0.674053,-0.62146,-0.383388,0.096894,0.181389,2.034415,-2.359662,0.13613
427,1769521646114,4.744963,-0.405108,-0.017077,0.176418,0.699893,0.290193,-0.267571,0.595267,1.625679,0.674047,-0.621501,-0.383395,0.096876,0.181402,2.034488,-2.359594,0.136068
428,1769521646126,4.756075,-0.405044,-0.016786,0.176394,0.699903,0.290149,-0.267586,0.595271,1.625699,0.673944,-0.621535,-0.383388,0.096886,0.181394,2.034445,-2.35963,0.136104
429,1769521646137,4.767186,-0.404907,-0.016208,0.17633,0.699948,0.290133,-0.267569,0.595234,1.625827,0.673917,-0.621506,-0.38339,0.096882,0.181376,2.03446,-2.35962,0.13616
430,1769521646148,4.778297,-0.404837,-0.015935,0.176307,0.69992,0.290169,-0.267597,0.595236,1.625763,0.673998,-0.62157,-0.383379,0.096882,0.18136,2.034443,-2.35967,0.136257
431,1769521646159,4.789409,-0.404717,-0.015367,0.17628,0.699913,0.29016,-0.267574,0.595259,1.625729,0.673971,-0.621511,-0.383379,0.096891,0.18138,2.034444,-2.359666,0.136167
432,1769521646170,4.80052,-0.404674,-0.015074,0.176268,0.699866,0.290191,-0.267595,0.595289,1.625602,0.674035,-0.621552,-0.383392,0.096878,0.181384,2.034462,-2.359583,0.136155
433,1769521646181,4.811631,-0.404598,-0.014777,0.176269,0.699896,0.290153,-0.267619,0.595262,1.625689,0.673954,-0.621613,-0.383386,0.096892,0.181386,2.034432,-2.359635,0.136133
434,1769521646192,4.822743,-0.404465,-0.014204,0.176188,0.699846,0.290207,-0.267601,0.595303,1.625545,0.674069,-0.621563,-0.38338,0.096891,0.181383,2.034472,-2.359663,0.136121
435,1769521646203,4.833854,-0.404388,-0.01391,0.176165,0.699894,0.290199,-0.267576,0.595262,1.625684,0.674062,-0.621515,-0.383379,0.096884,0.181356,2.034503,-2.359628,0.136255
436,1769521646214,4.844965,-0.404325,-0.013539,0.176173,0.699857,0.290193,-0.267579,0.595306,1.625569,0.674036,-0.621509,-0.383383,0.096903,0.181392,2.034473,-2.359661,0.136067
437,1769521646226,4.856076,-0.404195,-0.012916,0.176133,0.69987,0.290198,-0.267586,0.595286,1.625611,0.674053,-0.621531,-0.383389,0.096892,0.181396,2.034431,-2.359641,0.136085
438,1769521646237,4.867188,-0.404108,-0.012597,0.176076,0.699863,0.290187,-0.267605,0.595291,1.625592,0.674026,-0.621575,-0.383395,0.096899,0.181392,2.034445,-2.359637,0.136095
439,1769521646248,4.878299,-0.403968,-0.012066,0.176015,0.699871,0.290227,-0.267546,0.595288,1.625614,0.67412,-0.621438,-0.383384,0.096897,0.181399,2.034458,-2.359659,0.136066
440,1769521646259,4.88941,-0.403903,-0.011759,0.175996,0.699912,0.290197,-0.267532,0.595261,1.625727,0.674057,-0.621413,-0.383396,0.09689,0.181406,2.034444,-2.359636,0.136055
441,1769521646270,4.900521,-0.40385,-0.011444,0.176012,0.699897,0.29024,-0.267483,0.59528,1.625678,0.674153,-0.621293,-0.38339,0.096887,0.181386,2.034488,-2.359622,0.136105
442,1769521646281,4.911632,-0.403707,-0.010896,0.175963,0.69992,0.290231,-0.2675,0.59525,1.625751,0.67414,-0.621341,-0.383391,0.096903,0.181391,2.034416,-2.359668,0.136102
443,1769521646292,4.922743,-0.403641,-0.010626,0.175913,0.699899,0.290213,-0.267534,0.595267,1.625693,0.674094,-0.621414,-0.383391,0.096894,0.181396,2.034388,-2.359651,0.13614
444,1769521646303,4.933855,-0.403524,-0.010085,0.175898,0.699916,0.290234,-0.267542,0.595234,1.625755,0.674151,-0.621442,-0.383387,0.096887,0.181382,2.034432,-2.359629,0.136161
445,1769521646314,4.944966,-0.403443,-0.009766,0.175857,0.699889,0.290232,-0.267526,0.595273,1.625665,0.674137,-0.621396,-0.383383,0.096894,0.181367,2.034372,-2.359686,0.136221
446,1769521646326,4.956077,-0.403379,-0.009451,0.175836,0.699896,0.290217,-0.267521,0.595275,1.625681,0.674099,-0.621382,-0.383384,0.096879,0.181375,2.034461,-2.359614,0.136227
447,1769521646337,4.967188,-0.403237,-0.008796,0.175786,0.699945,0.290208,-0.267521,0.595221,1.625831,0.674093,-0.621397,-0.383382,0.096893,0.181385,2.034445,-2.359644,0.136124
448,1769521646348,4.9783,-0.403174,-0.008507,0.175772,0.699938,0.290222,-0.267499,0.595233,1.625806,0.674124,-0.621342,-0.38339,0.096881,0.181388,2.034445,-2.359625,0.13615
449,1769521646359,4.989411,-0.403053,-0.007931,0.175764,0.699924,0.290241,-0.267493,0.595243,1.625766,0.674164,-0.621327,-0.383395,0.096875,0.181404,2.034505,-2.359567,0.136053
450,1769521646370,5.000522,-0.402991,-0.007633,0.175749,0.699929,0.290236,-0.267516,0.595229,1.625788,0.674158,-0.621382,-0.383384,0.096877,0.181381,2.034489,-2.359609,0.136143
451,1769521646381,5.011634,-0.402932,-0.007325,0.175717,0.699995,0.2902,-0.26749,0.595181,1.625973,0.674087,-0.621335,-0.38339,0.096908,0.181397,2.034444,-2.35967,0.136029
452,1769521646392,5.022745,-0.402809,-0.006765,0.175709,0.699963,0.290215,-0.267479,0.595215,1.625876,0.674113,-0.621301,-0.383396,0.096884,0.181405,2.03446,-2.359603,0.13605
453,1769521646403,5.033856,-0.402748,-0.006496,0.175701,0.70001,0.290196,-0.267458,0.595179,1.626009,0.674079,-0.621262,-0.383388,0.096881,0.181381,2.034489,-2.359609,0.136143
454,1769521646414,5.044967,-0.402689,-0.006206,0.175695,0.699965,0.290239,-0.267467,0.595208,1.625885,0.674171,-0.621274,-0.383387,0.0969,0.181392,2.034416,-2.359668,0.136121
455,1769521646426,5.056079,-0.402561,-0.005543,0.175682,0.699983,0.290203,-0.267468,0.595204,1.62593,0.674087,-0.621278,-0.383382,0.096888,0.181378,2.034444,-2.35966,0.136176
456,1769521646437,5.06719,-0.402503,-0.00524,0.175672,0.699986,0.29021,-0.267475,0.595193,1.625944,0.674106,-0.621297,-0.383385,0.096888,0.18139,2.034459,-2.35964,0.136131
457,1769521646448,5.078301,-0.402373,-0.004671,0.17564,0.699988,0.290217,-0.267478,0.595185,1.625955,0.674126,-0.621307,-0.383389,0.096882,0.181385,2.034446,-2.359617,0.136161
458,1769521646459,5.089413,-0.402301,-0.004393,0.175612,0.699991,0.290214,-0.26748,0.595183,1.625962,0.674119,-0.621311,-0.383384,0.096905,0.181381,2.034445,-2.359665,0.136132
459,1769521646470,5.100524,-0.402239,-0.004109,0.175591,0.700028,0.290157,-0.267486,0.595165,1.626059,0.673991,-0.621331,-0.383389,0.096886,0.181399,2.034445,-2.35963,0.136104
460,1769521646481,5.111636,-0.402106,-0.003505,0.175574,0.700012,0.290174,-0.26746,0.595187,1.626008,0.674025,-0.621264,-0.383391,0.096894,0.181407,2.034445,-2.359635,0.13604
461,1769521646492,5.122747,-0.402041,-0.003217,0.17555,0.700002,0.290177,-0.267461,0.595197,1.625978,0.674028,-0.621263,-0.383387,0.096886,0.181379,2.034474,-2.359621,0.136143
462,1769521646503,5.133858,-0.401915,-0.002679,0.175526,0.700049,0.29016,-0.26747,0.595146,1.626121,0.674004,-0.621298,-0.383379,0.096884,0.181381,2.034429,-2.359666,0.136204
463,1769521646514,5.144969,-0.401857,-0.002366,0.175522,0.699991,0.290193,-0.267463,0.595202,1.625949,0.674065,-0.621266,-0.383387,0.096885,0.181392,2.03446,-2.359625,0.136114
464,1769521646526,5.15608,-0.401787,-0.002077,0.175519,0.699986,0.29017,-0.267484,0.595208,1.625934,0.67401,-0.621314,-0.383382,0.096887,0.181369,2.03446,-2.359634,0.136198
465,1769521646537,5.167191,-0.401656,-0.00139,0.175484,0.699981,0.290195,-0.267496,0.595196,1.625931,0.674072,-0.621346,-0.383393,0.096889,0.181381,2.034474,-2.359629,0.136151
466,1769521646548,5.178303,-0.401571,-0.001059,0.175443,0.699975,0.290201,-0.267512,0.595194,1.625917,0.674085,-0.621382,-0.383393,0.096881,0.181388,2.034417,-2.359614,0.136179
467,1769521646559,5.189414,-0.401417,-0.000437,0.175362,0.699987,0.290192,-0.267515,0.595183,1.625952,0.674067,-0.621393,-0.38338,0.096888,0.181385,2.03443,-2.359657,0.136158
468,1769521646570,5.200525,-0.401348,-0.000151,0.175344,0.699982,0.290209,-0.267545,0.595168,1.62595,0.674111,-0.621465,-0.383392,0.096885,0.181403,2.034446,-2.359615,0.136068
469,1769521646581,5.211636,-0.401281,0.000178,0.175333,0.699962,0.290253,-0.26758,0.595154,1.625914,0.674217,-0.621551,-0.383396,0.096893,0.1814,2.034461,-2.359603,0.13607
470,1769521646592,5.222748,-0.401164,0.000789,0.175339,0.699952,0.290256,-0.267559,0.595173,1.62588,0.67422,-0.621496,-0.383381,0.096888,0.181377,2.034458,-2.359654,0.136149
471,1769521646603,5.233859,-0.401095,0.001101,0.175274,0.699989,0.290254,-0.267527,0.595144,1.625984,0.674223,-0.62143,-0.383384,0.096899,0.181395,2.034445,-2.359657,0.136085
472,1769521646614,5.24497,-0.401043,0.001368,0.17528,0.699993,0.290257,-0.267524,0.59514,1.625996,0.674231,-0.621426,-0.383389,0.096879,0.181397,2.034473,-2.35962,0.136085
473,1769521646626,5.256081,-0.400895,0.002045,0.175267,0.69996,0.290316,-0.267519,0.595152,1.625911,0.674365,-0.621409,-0.383388,0.096885,0.181389,2.034473,-2.359627,0.136113
474,1769521646637,5.267193,-0.400832,0.002381,0.175258,0.699977,0.290297,-0.267492,0.595154,1.625949,0.674319,-0.621347,-0.383396,0.096892,0.181404,2.034447,-2.359607,0.13606
475,1769521646648,5.278304,-0.400681,0.003034,0.17518,0.699985,0.290293,-0.267453,0.595164,1.625962,0.674307,-0.621253,-0.383384,0.096903,0.181383,2.034401,-2.359681,0.136158
476,1769521646659,5.289415,-0.400613,0.003312,0.175155,0.699981,0.290291,-0.267479,0.595158,1.625955,0.674305,-0.621314,-0.38339,0.096881,0.18139,2.034488,-2.359616,0.136132
477,1769521646670,5.300526,-0.400531,0.003622,0.175118,0.699974,0.290282,-0.267471,0.595174,1.625928,0.67428,-0.621292,-0.38339,0.096888,0.181389,2.03446,-2.359626,0.13615
478,1769521646681,5.311638,-0.400404,0.004259,0.175109,0.699941,0.29027,-0.267509,0.595202,1.625834,0.674244,-0.621373,-0.383378,0.096885,0.18136,2.03443,-2.35966,0.136269
479,1769521646692,5.322749,-0.400329,0.004576,0.175104,0.699927,0.290278,-0.267527,0.595206,1.625798,0.674261,-0.621415,-0.383389,0.096891,0.181386,2.034459,-2.359639,0.136113
480,1769521646703,5.33386,-0.400209,0.005145,0.175074,0.699957,0.290259,-0.267557,0.595167,1.625895,0.674227,-0.621494,-0.383387,0.0969,0.181385,2.034416,-2.359669,0.136139
481,1769521646714,5.344972,-0.400127,0.00543,0.175039,0.699986,0.290256,-0.267559,0.595133,1.625984,0.67423,-0.621508,-0.383388,0.096895,0.181393,2.034473,-2.359647,0.136048
482,1769521646726,5.356083,-0.400057,0.00573,0.175014,0.699917,0.29024,-0.267571,0.595217,1.625767,0.67417,-0.621513,-0.383398,0.096888,0.181399,2.034488,-2.359614,0.136039
483,1769521646737,5.367194,-0.399883,0.006433,0.17493,0.699979,0.290206,-0.26754,0.595174,1.62594,0.674101,-0.621454,-0.383395,0.096901,0.181408,2.034432,-2.359633,0.13604
484,1769521646748,5.378305,-0.399811,0.006754,0.174882,0.699902,0.290205,-0.267558,0.595257,1.625707,0.674077,-0.621473,-0.383386,0.096889,0.181391,2.034416,-2.359648,0.13615
485,1769521646759,5.389416,-0.399662,0.007357,0.174825,0.699919,0.290198,-0.267555,0.595242,1.625754,0.674065,-0.621471,-0.38338,0.096883,0.181395,2.034416,-2.359648,0.13615
486,1769521646770,5.400528,-0.399599,0.007641,0.174805,0.699917,0.290228,-0.267536,0.595238,1.625754,0.674135,-0.621427,-0.383391,0.096889,0.181393,2.034443,-2.359652,0.136111
487,1769521646781,5.411639,-0.399541,0.007928,0.174817,0.699911,0.290267,-0.267486,0.595249,1.625733,0.674223,-0.621308,-0.383384,0.09689,0.181379,2.034432,-2.359636,0.136152
488,1769521646792,5.42275,-0.3994,0.008526,0.174769,0.699906,0.290274,-0.267479,0.595254,1.625718,0.674238,-0.62129,-0.383382,0.096879,0.181372,2.034474,-2.359631,0.136243
489,1769521646803,5.433861,-0.399344,0.008849,0.174771,0.6999,0.29025,-0.267536,0.595248,1.625706,0.674184,-0.621424,-0.383387,0.09689,0.181394,2.034459,-2.359639,0.136113
490,1769521646814,5.444973,-0.39928,0.00912,0.174738,0.6999,0.290253,-0.267543,0.595243,1.625712,0.674193,-0.621441,-0.383396,0.096889,0.181389,2.034431,-2.359622,0.136133
491,1769521646826,5.456084,-0.399148,0.009685,0.174712,0.699892,0.29023,-0.267551,0.59526,1.625681,0.674135,-0.621456,-0.383389,0.09689,0.181387,2.034445,-2.359645,0.136121
492,1769521646837,5.467195,-0.399091,0.00998,0.174713,0.699904,0.290243,-0.267537,0.595246,1.625717,0.674169,-0.621427,-0.38338,0.096885,0.181378,2.034445,-2.359639,0.136188
493,1769521646848,5.478306,-0.398951,0.010575,0.17466,0.699874,0.290272,-0.267505,0.595281,1.625626,0.674226,-0.621344,-0.383387,0.096884,0.181391,2.03443,-2.359636,0.13615
494,1769521646859,5.489418,-0.398882,0.010865,0.174649,0.699925,0.290234,-0.267543,0.595223,1.625781,0.674154,-0.621448,-0.383393,0.096886,0.181397,2.034489,-2.359607,0.13605
495,1769521646870,5.500529,-0.398786,0.011203,0.174587,0.699899,0.29024,-0.267539,0.595252,1.625702,0.67416,-0.621431,-0.383387,0.096903,0.181383,2.0344,-2.359688,0.136128
496,1769521646881,5.51164,-0.398639,0.011839,0.174516,0.699887,0.290275,-0.267551,0.595245,1.625679,0.674242,-0.621459,-0.38338,0.096888,0.181374,2.03443,-2.359658,0.136177
497,1769521646892,5.522751,-0.398567,0.012138,0.174495,0.699881,0.290282,-0.267556,0.595245,1.625664,0.67426,-0.621472,-0.383383,0.096875,0.181379,2.034402,-2.359634,0.136224
498,1769521646903,5.533863,-0.398436,0.012652,0.174451,0.699891,0.29025,-0.267572,0.595242,1.62569,0.674185,-0.621509,-0.383385,0.096891,0.181386,2.034415,-2.359663,0.136167
499,1769521646914,5.544974,-0.398362,0.01296,0.174405,0.699866,0.29025,-0.267538,0.595287,1.625601,0.674174,-0.621419,-0.383391,0.096869,0.181388,2.034476,-2.35958,0.136163
500,1769521646926,5.556085,-0.398302,0.01321,0.174387,0.699862,0.290242,-0.26761,0.595263,1.625609,0.674161,-0.621592,-0.383393,0.096883,0.181395,2.034461,-2.359596,0.13608
501,1769521646937,5.567196,-0.398167,0.013822,0.174345,0.69992,0.290208,-0.267586,0.595222,1.625771,0.674093,-0.621548,-0.38338,0.096881,0.181368,2.034473,-2.359644,0.136223
502,1769521646948,5.578308,-0.398111,0.01411,0.174331,0.699903,0.290198,-0.267578,0.59525,1.625713,0.674062,-0.621522,-0.383387,0.096893,0.181379,2.034401,-2.359668,0.136194
503,1769521646959,5.589419,-0.397992,0.014694,0.17429,0.699873,0.290214,-0.267592,0.595272,1.625629,0.674095,-0.621548,-0.38339,0.096893,0.181379,2.034431,-2.359643,0.136159
504,1769521646970,5.60053,-0.397923,0.015008,0.174279,0.699903,0.290244,-0.267557,0.595238,1.625721,0.674173,-0.621476,-0.383387,0.096872,0.181379,2.034445,-2.35962,0.136234
505,1769521646981,5.611641,-0.397839,0.015378,0.17427,0.699948,0.290224,-0.267515,0.595214,1.625841,0.674133,-0.621385,-0.383395,0.096884,0.181392,2.034489,-2.359594,0.136089
506,1769521646992,5.622753,-0.397691,0.016036,0.174207,0.69987,0.290237,-0.267555,0.595281,1.625615,0.674145,-0.621461,-0.383385,0.096896,0.181398,2.034457,-2.359666,0.136073
507,1769521647003,5.633864,-0.397615,0.016344,0.174168,0.699911,0.290277,-0.267536,0.595222,1.62575,0.674253,-0.621432,-0.383375,0.096892,0.181364,2.0344,-2.359691,0.136277
508,1769521647014,5.644975,-0.397547,0.016645,0.174141,0.699907,0.290247,-0.267536,0.595241,1.625727,0.674179,-0.621427,-0.383388,0.096876,0.181387,2.034417,-2.359613,0.136161
509,1769521647026,5.656086,-0.397404,0.017269,0.174127,0.699935,0.29022,-0.267533,0.595222,1.625806,0.674123,-0.621424,-0.383387,0.096886,0.181404,2.0344,-2.359659,0.136091
510,1769521647037,5.667197,-0.397347,0.017553,0.174099,0.699929,0.290239,-0.26756,0.595208,1.6258,0.67417,-0.621491,-0.383383,0.0969,0.181388,2.034431,-2.359656,0.136124
511,1769521647048,5.678309,-0.397198,0.018176,0.174053,0.699916,0.290215,-0.267565,0.595232,1.625755,0.674108,-0.621497,-0.383386,0.096889,0.181381,2.034474,-2.359635,0.13616
512,1769521647059,5.68942,-0.397151,0.018457,0.174052,0.699883,0.290252,-0.267574,0.595249,1.625667,0.67419,-0.621512,-0.383386,0.096878,0.181385,2.034474,-2.359614,0.136133
513,1769521647070,5.700531,-0.397087,0.018741,0.174056,0.699892,0.290242,-0.267561,0.59525,1.625689,0.674165,-0.621481,-0.38339,0.096896,0.181387,2.034432,-2.359635,0.136133
514,1769521647081,5.711642,-0.396966,0.019366,0.174031,0.699913,0.290238,-0.267577,0.59522,1.625756,0.674165,-0.621528,-0.383385,0.096882,0.181375,2.034474,-2.359629,0.136187
515,1769521647092,5.722754,-0.396873,0.019733,0.174005,0.699917,0.290241,-0.26758,0.595212,1.62577,0.674174,-0.621536,-0.383395,0.096891,0.181401,2.03443,-2.359635,0.136094
516,1769521647103,5.733865,-0.396725,0.020351,0.173932,0.699904,0.290266,-0.267552,0.595228,1.625729,0.674227,-0.621468,-0.383392,0.096884,0.181392,2.03446,-2.359619,0.136123
517,1769521647114,5.744976,-0.39665,0.02072,0.173927,0.699918,0.290276,-0.267566,0.5952,1.625781,0.674258,-0.621508,-0.383378,0.096885,0.18138,2.034458,-2.359655,0.136167
518,1769521647126,5.756087,-0.396599,0.020982,0.173928,0.699942,0.290271,-0.26758,0.595169,1.625858,0.674254,-0.621548,-0.383386,0.096885,0.181387,2.034432,-2.359629,0.136161
519,1769521647137,5.767199,-0.396445,0.021661,0.173903,0.69994,0.290257,-0.26758,0.595178,1.625846,0.67422,-0.621545,-0.383393,0.096867,0.181377,2.034462,-2.359572,0.136228
520,1769521647148,5.77831,-0.396383,0.022003,0.173893,0.699931,0.29025,-0.26761,0.595179,1.625825,0.674202,-0.621614,-0.383396,0.09689,0.181389,2.034446,-2.359616,0.136124
521,1769521647159,5.789421,-0.396236,0.022653,0.173827,0.69991,0.290242,-0.267608,0.595208,1.625757,0.674177,-0.621602,-0.38339,0.096885,0.181391,2.034475,-2.359606,0.136107
522,1769521647170,5.800533,-0.396167,0.022949,0.173814,0.699899,0.290258,-0.267587,0.595222,1.625721,0.674209,-0.62155,-0.383392,0.096884,0.181379,2.03446,-2.35962,0.13616
523,1769521647181,5.811644,-0.396103,0.023257,0.173811,0.699919,0.290246,-0.267589,0.595203,1.625782,0.674187,-0.621559,-0.383386,0.09688,0.181377,2.034489,-2.35961,0.136162
524,1769521647192,5.822755,-0.395982,0.023863,0.173817,0.699922,0.290261,-0.267607,0.595184,1.625802,0.674227,-0.621606,-0.383382,0.096895,0.181381,2.034416,-2.359669,0.136176
525,1769521647203,5.833866,-0.395912,0.024159,0.173778,0.699925,0.290258,-0.267592,0.59519,1.625803,0.674218,-0.621569,-0.383383,0.096897,0.181396,2.034399,-2.359695,0.136117
526,1769521647214,5.844977,-0.39585,0.024455,0.173767,0.699912,0.290233,-0.267567,0.595228,1.625749,0.67415,-0.621501,-0.383388,0.096889,0.1814,2.034418,-2.359625,0.136106
527,1769521647226,5.856093,-0.395707,0.025108,0.173751,0.699915,0.290238,-0.267572,0.595219,1.625762,0.674165,-0.621515,-0.383387,0.096885,0.181386,2.034445,-2.359631,0.13616
528,1769521647237,5.867204,-0.39563,0.025412,0.173716,0.699923,0.29024,-0.267553,0.595218,1.625781,0.674168,-0.621471,-0.383385,0.096889,0.181379,2.034414,-2.35967,0.136156
529,1769521647248,5.878315,-0.395495,0.026045,0.173673,0.699922,0.290243,-0.267543,0.595222,1.625775,0.674175,-0.621447,-0.383388,0.096871,0.181377,2.034446,-2.359598,0.136208
530,1769521647259,5.889426,-0.395427,0.026323,0.173635,0.699863,0.290298,-0.26755,0.595262,1.625611,0.674291,-0.621455,-0.383391,0.096892,0.181388,2.034432,-2.35962,0.136098
531,1769521647270,5.900537,-0.39537,0.026635,0.173652,0.699847,0.290298,-0.267571,0.595271,1.625568,0.674288,-0.621501,-0.383387,0.096895,0.181388,2.034401,-2.35966,0.136149
532,1769521647281,5.911649,-0.395258,0.027238,0.173644,0.699865,0.290316,-0.267568,0.595242,1.625631,0.674338,-0.621501,-0.383407,0.096879,0.181407,2.034447,-2.359573,0.136051
533,1769521647292,5.92276,-0.395177,0.027526,0.173592,0.699862,0.290321,-0.26757,0.595242,1.625623,0.674351,-0.621504,-0.383393,0.096896,0.181393,2.034431,-2.359641,0.136085
534,1769521647303,5.933871,-0.395049,0.028084,0.173554,0.699822,0.29038,-0.267569,0.595261,1.625517,0.674481,-0.621497,-0.383386,0.096896,0.181394,2.034414,-2.359675,0.136092
535,1769521647314,5.944982,-0.394982,0.028375,0.173523,0.699782,0.290411,-0.26756,0.595296,1.625401,0.674545,-0.621469,-0.383383,0.096893,0.181378,2.034431,-2.359651,0.136188
536,1769521647326,5.956093,-0.394914,0.028673,0.173502,0.699768,0.290431,-0.267556,0.595306,1.625362,0.674589,-0.621456,-0.383393,0.096892,0.181399,2.034458,-2.359644,0.136028
537,1769521647337,5.967205,-0.394783,0.02928,0.173493,0.699788,0.29043,-0.267578,0.595272,1.625431,0.674596,-0.621517,-0.383388,0.096887,0.181391,2.034432,-2.359629,0.136142
538,1769521647348,5.978316,-0.394713,0.02961,0.173477,0.699793,0.290418,-0.267546,0.595287,1.625433,0.674563,-0.621438,-0.383382,0.096899,0.181376,2.034415,-2.359684,0.136194
539,1769521647359,5.989427,-0.39456,0.030254,0.173392,0.699818,0.29038,-0.267561,0.59527,1.625501,0.674481,-0.621476,-0.383389,0.096901,0.181399,2.034401,-2.359673,0.13611
540,1769521647370,6.000538,-0.394498,0.03055,0.173395,0.699816,0.290379,-0.267562,0.595272,1.625495,0.674478,-0.621478,-0.383388,0.096898,0.181401,2.034431,-2.359648,0.136077
541,1769521647381,6.01165,-0.394444,0.030845,0.173366,0.699808,0.290388,-0.26758,0.595269,1.62548,0.674498,-0.621521,-0.383388,0.096886,0.181384,2.034476,-2.359599,0.136118
542,1769521647392,6.022761,-0.394313,0.031435,0.173366,0.699815,0.290374,-0.267575,0.59527,1.625495,0.674466,-0.621509,-0.383389,0.096878,0.181397,2.034432,-2.359608,0.136153
543,1769521647403,6.033872,-0.394253,0.031733,0.173358,0.699839,0.290378,-0.267581,0.595236,1.625574,0.674486,-0.621533,-0.383391,0.096894,0.181385,2.034416,-2.359648,0.136131
544,1769521647414,6.044983,-0.394174,0.032035,0.173308,0.699852,0.290358,-0.267575,0.595234,1.625606,0.674439,-0.621518,-0.383386,0.096906,0.181383,2.034416,-2.359676,0.136149
545,1769521647426,6.056095,-0.394042,0.032687,0.173298,0.699803,0.290367,-0.267576,0.595287,1.625455,0.674445,-0.621507,-0.383386,0.096886,0.181376,2.034446,-2.359625,0.136189
546,1769521647437,6.067206,-0.393964,0.03301,0.173273,0.6998,0.290363,-0.267594,0.595284,1.625451,0.674436,-0.621551,-0.383384,0.096873,0.18138,2.034489,-2.359595,0.136163
547,1769521647448,6.078317,-0.39382,0.033693,0.173216,0.69982,0.29037,-0.267571,0.595267,1.625508,0.674458,-0.621502,-0.383387,0.096891,0.181381,2.034446,-2.359639,0.136188
548,1769521647459,6.089429,-0.393732,0.034016,0.173187,0.699828,0.290378,-0.26755,0.595264,1.62553,0.674477,-0.621452,-0.383378,0.09688,0.181373,2.034445,-2.359647,0.136214
549,1769521647470,6.10054,-0.393658,0.034339,0.173161,0.699831,0.290387,-0.267544,0.595258,1.62554,0.6745,-0.621441,-0.383391,0.096879,0.181379,2.034461,-2.359607,0.136198
550,1769521647481,6.111651,-0.39351,0.034979,0.173124,0.699831,0.290371,-0.267514,0.595279,1.625526,0.674457,-0.621367,-0.383383,0.096889,0.181395,2.034444,-2.359658,0.136102
551,1769521647492,6.122762,-0.393429,0.035356,0.17312,0.699828,0.29039,-0.267519,0.595271,1.625525,0.674503,-0.62138,-0.383395,0.096872,0.181381,2.034518,-2.359572,0.136163
552,1769521647503,6.133873,-0.393282,0.036037,0.173082,0.699863,0.290372,-0.267457,0.595267,1.625607,0.674462,-0.621237,-0.383393,0.096886,0.181387,2.034446,-2.359617,0.136142
553,1769521647514,6.144985,-0.393206,0.036348,0.173056,0.699851,0.29037,-0.267455,0.595283,1.625571,0.674453,-0.621227,-0.383391,0.096887,0.181387,2.03443,-2.359636,0.136131
554,1769521647526,6.156096,-0.393137,0.036622,0.173014,0.699907,0.290278,-0.267483,0.59525,1.625721,0.674249,-0.6213,-0.383382,0.096884,0.181383,2.034433,-2.359622,0.136172
555,1769521647537,6.167207,-0.392996,0.037266,0.172976,0.699885,0.290287,-0.267491,0.595268,1.625659,0.674265,-0.621315,-0.383397,0.096885,0.18139,2.034475,-2.359599,0.136097
556,1769521647548,6.178318,-0.392938,0.037593,0.172987,0.699889,0.290266,-0.267477,0.595279,1.625662,0.674213,-0.621279,-0.383381,0.096876,0.181374,2.034487,-2.359632,0.136205
557,1769521647559,6.189429,-0.392776,0.03823,0.172927,0.699892,0.290313,-0.267487,0.595248,1.62569,0.67433,-0.62131,-0.383389,0.096882,0.181382,2.034462,-2.35959,0.136165
558,1769521647570,6.200541,-0.392705,0.038559,0.172907,0.699872,0.290324,-0.267503,0.59526,1.625633,0.674352,-0.621345,-0.383381,0.096895,0.181376,2.03443,-2.359664,0.136168
559,1769521647581,6.211652,-0.392635,0.038916,0.17289,0.699843,0.290315,-0.267521,0.59529,1.625546,0.674324,-0.62138,-0.383391,0.09689,0.181402,2.034415,-2.359654,0.136083
560,1769521647592,6.222763,-0.392475,0.039594,0.172817,0.699849,0.290307,-0.267539,0.595279,1.625568,0.674308,-0.621425,-0.383383,0.096893,0.181374,2.034462,-2.359618,0.136165
561,1769521647603,6.233874,-0.392401,0.039877,0.172775,0.699835,0.290293,-0.267579,0.595284,1.625533,0.674273,-0.621514,-0.383388,0.096883,0.181386,2.034487,-2.35963,0.136131
562,1769521647614,6.244985,-0.392332,0.040167,0.172745,0.699844,0.290302,-0.267586,0.595265,1.625566,0.674299,-0.621535,-0.383387,0.09688,0.18138,2.034474,-2.359615,0.136189
563,1769521647626,6.256097,-0.392202,0.040804,0.172741,0.699802,0.290311,-0.267571,0.595317,1.625435,0.674307,-0.62149,-0.383392,0.096888,0.181392,2.034416,-2.359641,0.136121
564,1769521647637,6.267208,-0.392138,0.041131,0.172724,0.699825,0.290339,-0.26757,0.595277,1.625513,0.674384,-0.621496,-0.383392,0.096884,0.181386,2.034474,-2.359614,0.136133
565,1769521647648,6.278319,-0.39201,0.041724,0.172702,0.699821,0.290332,-0.267581,0.59528,1.625503,0.674367,-0.621521,-0.383384,0.096893,0.181392,2.034401,-2.359659,0.136131
566,1769521647659,6.28943,-0.391929,0.042021,0.172677,0.699828,0.290317,-0.267559,0.595289,1.625513,0.674328,-0.621468,-0.383386,0.096888,0.18137,2.034459,-2.359641,0.136187
567,1769521647670,6.300541,-0.391861,0.04233,0.172663,0.699819,0.290309,-0.267551,0.595308,1.625478,0.674305,-0.621444,-0.383395,0.096878,0.1814,2.034461,-2.35959,0.136088
568,1769521647681,6.311653,-0.391724,0.042926,0.172634,0.699839,0.290283,-0.267574,0.595286,1.62554,0.67425,-0.621503,-0.383384,0.0969,0.1814,2.034458,-2.359672,0.136046
569,1769521647692,6.322764,-0.391656,0.043218,0.172585,0.699846,0.290253,-0.26757,0.595294,1.625551,0.674178,-0.621492,-0.383383,0.096886,0.181376,2.034431,-2.359645,0.136215
570,1769521647703,6.333875,-0.391502,0.043837,0.172516,0.699814,0.290284,-0.267591,0.595308,1.625467,0.674247,-0.621536,-0.383387,0.096885,0.181375,2.03446,-2.359627,0.13617
571,1769521647714,6.344986,-0.391355,0.044533,0.172492,0.699858,0.290279,-0.267591,0.595258,1.625604,0.674248,-0.621549,-0.383396,0.096886,0.181392,2.034445,-2.359624,0.136113
572,1769521647726,6.356097,-0.391219,0.04522,0.172457,0.699819,0.29032,-0.267599,0.595281,1.625497,0.674339,-0.621562,-0.383383,0.096894,0.181386,2.034429,-2.359671,0.136138
573,1769521647737,6.367209,-0.391137,0.04554,0.172432,0.69983,0.290367,-0.267581,0.595252,1.625543,0.674455,-0.621527,-0.383395,0.09688,0.181394,2.034476,-2.359585,0.136117
574,1769521647748,6.37832,-0.391066,0.045867,0.172424,0.69984,0.290353,-0.26757,0.595252,1.625566,0.674423,-0.621502,-0.383392,0.096894,0.181393,2.034459,-2.359638,0.136076
575,1769521647759,6.389431,-0.390896,0.04661,0.172366,0.699824,0.290365,-0.267609,0.595248,1.625531,0.674452,-0.621595,-0.383388,0.096898,0.181391,2.034431,-2.359648,0.136095
576,1769521647770,6.400542,-0.39081,0.046945,0.172314,0.699834,0.290355,-0.267603,0.595243,1.625558,0.67443,-0.621583,-0.383387,0.096875,0.181386,2.03446,-2.359605,0.136143
577,1769521647781,6.411653,-0.390667,0.047526,0.172229,0.699805,0.290376,-0.267601,0.595269,1.625472,0.674471,-0.62157,-0.383395,0.096885,0.181391,2.03449,-2.359594,0.136107
578,1769521647792,6.422765,-0.390598,0.047838,0.172219,0.699822,0.290359,-0.267598,0.595258,1.62552,0.674436,-0.621565,-0.383387,0.096887,0.181376,2.034403,-2.359634,0.136226
579,1769521647803,6.433876,-0.390544,0.048155,0.172253,0.699846,0.290379,-0.26757,0.595232,1.625593,0.674489,-0.621508,-0.383387,0.096887,0.181385,2.034458,-2.359648,0.136157
580,1769521647814,6.444987,-0.390422,0.048789,0.172244,0.699857,0.290375,-0.267595,0.59521,1.625634,0.674484,-0.621572,-0.383383,0.096897,0.181378,2.03443,-2.359664,0.136149
581,1769521647826,6.456098,-0.390342,0.049111,0.172199,0.699815,0.290405,-0.267579,0.595253,1.625506,0.674544,-0.621523,-0.383395,0.096877,0.181384,2.034475,-2.359593,0.136143
582,1769521647837,6.467209,-0.390209,0.049746,0.172156,0.699821,0.290392,-0.267605,0.59524,1.625529,0.674515,-0.621588,-0.383389,0.096879,0.181373,2.034447,-2.359605,0.136218
583,1769521647848,6.47832,-0.390115,0.050139,0.172118,0.699822,0.290386,-0.267611,0.595239,1.625533,0.674502,-0.621602,-0.383386,0.0969,0.181391,2.03443,-2.359662,0.136094
584,1769521647859,6.489432,-0.390058,0.050468,0.172102,0.699818,0.290364,-0.267613,0.595254,1.625513,0.674447,-0.621603,-0.383391,0.096884,0.181385,2.034431,-2.359623,0.13617
585,1769521647870,6.500543,-0.389912,0.051083,0.172085,0.699774,0.290374,-0.26762,0.595297,1.625382,0.674459,-0.621608,-0.383393,0.096893,0.181398,2.034403,-2.35963,0.136096
586,1769521647881,6.511654,-0.38986,0.051378,0.172066,0.699791,0.290383,-0.267559,0.595301,1.625418,0.674478,-0.621464,-0.383389,0.09689,0.181389,2.034461,-2.359618,0.136125
587,1769521647892,6.522765,-0.389773,0.05168,0.172009,0.69982,0.290399,-0.267571,0.595253,1.625518,0.67453,-0.621504,-0.383392,0.096901,0.181389,2.034431,-2.359648,0.136095
588,1769521647903,6.533877,-0.389672,0.052244,0.172033,0.699826,0.290373,-0.267527,0.595279,1.625514,0.674462,-0.621397,-0.383386,0.096897,0.181392,2.034429,-2.35967,0.136101
589,1769521647914,6.544988,-0.3896,0.052551,0.17202,0.699829,0.290384,-0.267532,0.595267,1.62553,0.674491,-0.621411,-0.383386,0.096886,0.181378,2.034446,-2.359624,0.136171
590,1769521647926,6.556099,-0.389478,0.053118,0.171977,0.699831,0.290389,-0.267533,0.595262,1.625537,0.674504,-0.621414,-0.38339,0.096889,0.181381,2.03446,-2.359626,0.136133
591,1769521647937,6.567211,-0.389413,0.053423,0.171945,0.699845,0.290379,-0.267524,0.595255,1.625574,0.674481,-0.621394,-0.383382,0.096892,0.181379,2.034431,-2.359651,0.136207
592,1769521647948,6.578322,-0.389332,0.053689,0.1719,0.699803,0.290381,-0.267535,0.595299,1.625448,0.674474,-0.621409,-0.383385,0.096873,0.181374,2.034461,-2.359607,0.136217
593,1769521647959,6.589433,-0.389271,0.053996,0.171883,0.699826,0.290358,-0.267543,0.595279,1.625513,0.674426,-0.621433,-0.383391,0.096886,0.181394,2.03446,-2.35961,0.136078
594,1769521647970,6.600544,-0.389127,0.054643,0.171817,0.69983,0.29035,-0.267536,0.595281,1.625522,0.674407,-0.621416,-0.383383,0.096888,0.181376,2.034444,-2.359661,0.136194
595,1769521647981,6.611656,-0.388992,0.055242,0.171782,0.699832,0.290326,-0.267531,0.595292,1.625521,0.674349,-0.621402,-0.3834,0.096906,0.181413,2.034404,-2.359635,0.136031
596,1769521647992,6.622767,-0.388928,0.055496,0.171752,0.699844,0.290357,-0.267544,0.595258,1.625571,0.67443,-0.62144,-0.383388,0.096887,0.181391,2.034432,-2.359629,0.136142
597,1769521648003,6.633955,-0.388886,0.055769,0.17177,0.699834,0.290337,-0.267551,0.595277,1.625534,0.674378,-0.621452,-0.383382,0.096881,0.181373,2.034474,-2.359622,0.136198
598,1769521648015,6.64512,-0.38876,0.056326,0.171727,0.699862,0.290347,-0.267523,0.595251,1.625618,0.674408,-0.621393,-0.383393,0.096893,0.181399,2.034446,-2.359622,0.136078
599,1769521648026,6.656232,-0.388705,0.056628,0.171738,0.699865,0.29036,-0.267532,0.595237,1.625632,0.674442,-0.621419,-0.383393,0.096893,0.181399,2.034446,-2.359622,0.136078
600,1769521648037,6.667343,-0.388573,0.057133,0.171683,0.699876,0.290372,-0.26752,0.595223,1.625668,0.674474,-0.621395,-0.383397,0.096885,0.181406,2.034417,-2.359611,0.136068
601,1769521648048,6.678514,-0.388511,0.057395,0.171671,0.699881,0.290362,-0.267526,0.59522,1.625681,0.674452,-0.621408,-0.383384,0.096903,0.181375,2.034473,-2.359663,0.136142
602,1769521648059,6.68964,-0.388447,0.057668,0.171661,0.699875,0.290366,-0.267526,0.595224,1.625666,0.674461,-0.621408,-0.383384,0.096903,0.181375,2.034473,-2.359663,0.136142
603,1769521648070,6.700751,-0.388335,0.058169,0.171622,0.699891,0.290376,-0.267518,0.595204,1.625717,0.674489,-0.621394,-0.383386,0.096883,0.181391,2.034473,-2.359627,0.136113
604,1769521648081,6.711862,-0.388273,0.058474,0.171612,0.699887,0.290369,-0.267522,0.59521,1.625703,0.674472,-0.621403,-0.383384,0.096894,0.181385,2.034431,-2.359649,0.136132
605,1769521648092,6.722973,-0.388207,0.058733,0.171598,0.699898,0.290392,-0.26754,0.595179,1.625748,0.674534,-0.621451,-0.383388,0.096876,0.181385,2.034417,-2.359613,0.136161
606,1769521648104,6.734085,-0.388081,0.059309,0.17158,0.699904,0.290417,-0.267518,0.595169,1.625771,0.674594,-0.621404,-0.383388,0.096876,0.181385,2.034417,-2.359613,0.136161
607,1769521648115,6.745196,-0.388026,0.059581,0.171565,0.699888,0.290391,-0.267501,0.595208,1.625707,0.674524,-0.621354,-0.383387,0.096883,0.181386,2.034416,-2.359642,0.136158
608,1769521648126,6.756307,-0.387897,0.060093,0.171501,0.699882,0.29039,-0.267507,0.595213,1.62569,0.674519,-0.621367,-0.383391,0.096883,0.181387,2.034431,-2.359622,0.136151
609,1769521648137,6.767419,-0.38785,0.060345,0.171506,0.69989,0.290386,-0.267519,0.5952,1.625717,0.674513,-0.621398,-0.383391,0.096883,0.181387,2.034431,-2.359622,0.136151
610,1769521648148,6.77853,-0.387785,0.060612,0.171479,0.699874,0.290401,-0.267526,0.595209,1.625673,0.674546,-0.621411,-0.383387,0.096895,0.181401,2.034445,-2.359649,0.136057
611,1769521648159,6.789641,-0.38768,0.061121,0.17146,0.699859,0.290336,-0.267538,0.595252,1.62561,0.674383,-0.621429,-0.383393,0.096881,0.181399,2.03446,-2.359604,0.136087
612,1769521648170,6.800752,-0.387617,0.061412,0.171412,0.699881,0.290325,-0.267519,0.595241,1.625667,0.674361,-0.621386,-0.383386,0.096919,0.18139,2.0344,-2.359713,0.136054
613,1769521648182,6.812019,-0.387496,0.061923,0.171357,0.6999,0.290325,-0.267514,0.595221,1.625726,0.674366,-0.621381,-0.383386,0.096919,0.18139,2.0344,-2.359713,0.136054
614,1769521648193,6.82313,-0.387431,0.062226,0.171352,0.699912,0.290311,-0.267498,0.595221,1.625753,0.674333,-0.621343,-0.383384,0.096897,0.181393,2.034416,-2.359667,0.136102
615,1769521648204,6.834242,-0.387394,0.062493,0.17136,0.699916,0.290281,-0.267509,0.595226,1.625758,0.674263,-0.621367,-0.383387,0.096896,0.181397,2.034443,-2.359671,0.136063
616,1769521648215,6.845353,-0.38726,0.063048,0.171322,0.699914,0.290275,-0.267512,0.59523,1.625752,0.674248,-0.621373,-0.383377,0.096885,0.181372,2.034487,-2.359646,0.136207
617,1769521648226,6.856464,-0.387197,0.063317,0.171279,0.69991,0.290209,-0.267527,0.59526,1.625722,0.674086,-0.6214,-0.38339,0.096889,0.181387,2.034432,-2.359629,0.136161
618,1769521648237,6.867576,-0.387098,0.063838,0.171289,0.699913,0.290193,-0.267527,0.595264,1.625727,0.674047,-0.6214,-0.383382,0.096904,0.181383,2.034474,-2.359654,0.136116
619,1769521648248,6.878687,-0.387045,0.064112,0.171306,0.699908,0.290191,-0.267558,0.595257,1.625719,0.674045,-0.621474,-0.38339,0.096901,0.181393,2.034403,-2.359651,0.136105
620,1769521648259,6.889798,-0.38698,0.064362,0.171261,0.699884,0.290192,-0.267548,0.59529,1.625642,0.674037,-0.621442,-0.383393,0.096893,0.181399,2.034461,-2.359617,0.13607
621,1769521648270,6.90091,-0.386856,0.06487,0.171199,0.699897,0.29023,-0.267549,0.595255,1.625695,0.674135,-0.621454,-0.383394,0.096881,0.1814,2.034445,-2.35961,0.136114
622,1769521648282,6.912021,-0.386797,0.065116,0.171195,0.699921,0.290214,-0.267547,0.595236,1.625764,0.674103,-0.621454,-0.383392,0.096891,0.181381,2.034405,-2.35961,0.136183
623,1769521648293,6.923132,-0.386751,0.065388,0.171196,0.699935,0.290207,-0.267537,0.595227,1.625802,0.67409,-0.621433,-0.383384,0.096893,0.181387,2.034459,-2.359646,0.136123
624,1769521648304,6.934243,-0.386635,0.065884,0.171144,0.699952,0.290205,-0.267554,0.595201,1.625859,0.674092,-0.621479,-0.383393,0.096883,0.181384,2.034461,-2.359599,0.136172
625,1769521648315,6.945355,-0.386573,0.06611,0.171095,0.699964,0.29021,-0.26753,0.595195,1.62589,0.674106,-0.621423,-0.383394,0.09688,0.181383,2.034448,-2.359589,0.136182
626,1769521648326,6.956466,-0.386455,0.066642,0.171076,0.699973,0.290201,-0.267515,0.595195,1.625912,0.674086,-0.621389,-0.383393,0.09689,0.181383,2.034445,-2.359631,0.136141
627,1769521648337,6.967577,-0.386407,0.066927,0.1711,0.699954,0.29022,-0.267488,0.59522,1.625851,0.674121,-0.621321,-0.383384,0.096878,0.181369,2.03443,-2.359646,0.13625
628,1769521648348,6.978688,-0.386356,0.067223,0.171074,0.699999,0.290194,-0.267445,0.5952,1.625968,0.674067,-0.621225,-0.383384,0.096889,0.18138,2.03446,-2.359633,0.136161
629,1769521648359,6.9898,-0.386222,0.067701,0.171004,0.699965,0.290225,-0.267439,0.595227,1.625873,0.674133,-0.621204,-0.383387,0.096883,0.181401,2.034432,-2.359614,0.136126
630,1769521648370,7.000911,-0.386167,0.067945,0.170995,0.699965,0.290195,-0.267487,0.59522,1.625878,0.674064,-0.621319,-0.383382,0.096889,0.181379,2.034473,-2.359649,0.13614
631,1769521648382,7.012022,-0.386068,0.068466,0.170981,0.699985,0.290143,-0.267512,0.595211,1.625929,0.673946,-0.621379,-0.383383,0.096889,0.181383,2.034446,-2.359631,0.136162
632,1769521648393,7.023133,-0.386016,0.068729,0.170962,0.699971,0.290132,-0.267529,0.595224,1.625889,0.673916,-0.621415,-0.383392,0.096882,0.181407,2.034447,-2.359601,0.136087
633,1769521648404,7.034245,-0.385953,0.068955,0.170941,0.69994,0.290128,-0.267512,0.595271,1.625785,0.673895,-0.621363,-0.383379,0.096891,0.181396,2.034429,-2.359669,0.136083
634,1769521648415,7.045356,-0.385844,0.06945,0.170917,0.699942,0.290129,-0.267513,0.595268,1.625791,0.673897,-0.621367,-0.383387,0.096873,0.181381,2.034459,-2.359613,0.136169
635,1769521648426,7.056467,-0.385777,0.069676,0.170856,0.699964,0.2901,-0.267547,0.59524,1.625861,0.673838,-0.621452,-0.383382,0.096875,0.181364,2.034474,-2.359617,0.136263
636,1769521648437,7.067578,-0.385719,0.069924,0.170853,0.699942,0.29013,-0.267549,0.595251,1.625804,0.673904,-0.621453,-0.383394,0.09689,0.181402,2.034447,-2.359607,0.136061
637,1769521648448,7.078689,-0.3856,0.070461,0.170824,0.699964,0.290144,-0.267526,0.595228,1.62587,0.673945,-0.621407,-0.383387,0.096882,0.181375,2.034473,-2.359638,0.136214
638,1769521648459,7.089801,-0.385553,0.070728,0.170828,0.699979,0.290137,-0.267523,0.595215,1.625914,0.673931,-0.621404,-0.383378,0.096881,0.181366,2.034416,-2.359651,0.13628
639,1769521648470,7.100912,-0.3854,0.071293,0.170762,0.699954,0.290136,-0.267538,0.595238,1.62584,0.673923,-0.621432,-0.383385,0.096898,0.181385,2.034416,-2.359668,0.136139
640,1769521648482,7.112024,-0.385345,0.071538,0.170728,0.699927,0.290139,-0.267557,0.59526,1.625763,0.673923,-0.621471,-0.383384,0.096895,0.181388,2.034429,-2.35967,0.13612
641,1769521648493,7.123135,-0.385286,0.071781,0.170707,0.699937,0.290122,-0.267561,0.595255,1.625788,0.673886,-0.621482,-0.383387,0.0969,0.18138,2.034447,-2.359638,0.136191
642,1769521648504,7.134246,-0.385193,0.072261,0.170706,0.699903,0.290112,-0.267584,0.595289,1.625687,0.673853,-0.621525,-0.383386,0.096883,0.181382,2.034445,-2.359632,0.136178
643,1769521648515,7.145357,-0.385138,0.072489,0.170692,0.699894,0.29012,-0.2676,0.59529,1.625665,0.673871,-0.621562,-0.383393,0.096885,0.1814,2.034474,-2.359612,0.136059
644,1769521648526,7.156469,-0.385034,0.072938,0.170647,0.699881,0.290143,-0.267632,0.595279,1.625642,0.673926,-0.621639,-0.38339,0.096887,0.181375,2.034462,-2.359606,0.136201
645,1769521648537,7.16758,-0.384972,0.073145,0.170605,0.699903,0.290161,-0.267599,0.59526,1.625705,0.673974,-0.621569,-0.383382,0.096891,0.181384,2.034459,-2.359646,0.136123
646,1769521648548,7.178691,-0.384931,0.07337,0.17061,0.699903,0.290176,-0.2676,0.595251,1.625713,0.674011,-0.621572,-0.383392,0.09688,0.181389,2.034405,-2.35959,0.136193
647,1769521648559,7.189802,-0.384824,0.07386,0.170582,0.699915,0.290157,-0.2676,0.595246,1.625744,0.673969,-0.621573,-0.38339,0.096896,0.181392,2.034489,-2.359621,0.136089
648,1769521648570,7.200914,-0.384776,0.074086,0.170571,0.699912,0.290171,-0.26762,0.595234,1.625744,0.674005,-0.621624,-0.383395,0.09689,0.181385,2.034416,-2.359641,0.13614
649,1769521648582,7.212025,-0.384665,0.074544,0.170519,0.699928,0.290175,-0.2676,0.595223,1.625788,0.674018,-0.621579,-0.383376,0.0969,0.181373,2.034372,-2.359699,0.136222
650,1769521648593,7.223136,-0.384636,0.074715,0.170519,0.699946,0.290212,-0.267574,0.595194,1.625851,0.674112,-0.621528,-0.38339,0.096892,0.181399,2.034459,-2.359638,0.136057
651,1769521648604,7.234247,-0.384589,0.074916,0.170527,0.699939,0.290206,-0.267566,0.595209,1.625825,0.674093,-0.621506,-0.383389,0.096882,0.181385,2.034431,-2.359623,0.13617
652,1769521648615,7.245359,-0.384506,0.07531,0.170514,0.699929,0.290171,-0.267579,0.595233,1.625785,0.674004,-0.621528,-0.383387,0.096891,0.181383,2.034445,-2.359637,0.136132
653,1769521648626,7.25647,-0.384456,0.075501,0.170473,0.699913,0.290197,-0.267601,0.595228,1.625752,0.674067,-0.621581,-0.383388,0.09689,0.181383,2.034433,-2.359622,0.136153
654,1769521648637,7.267581,-0.384366,0.075875,0.170455,0.699935,0.290197,-0.267591,0.595208,1.625815,0.674072,-0.621563,-0.383384,0.096891,0.181374,2.034415,-2.359663,0.136185
655,1769521648648,7.278692,-0.384328,0.076071,0.170438,0.699912,0.290222,-0.267567,0.595233,1.625744,0.674124,-0.621501,-0.383387,0.096893,0.181392,2.034458,-2.359653,0.136093
656,1769521648659,7.289803,-0.384284,0.076248,0.170425,0.699932,0.290183,-0.267587,0.59522,1.625799,0.674037,-0.621551,-0.383397,0.096886,0.181402,2.034432,-2.359606,0.136078
657,1769521648670,7.300915,-0.384182,0.076663,0.170372,0.699936,0.290172,-0.267591,0.595219,1.62581,0.67401,-0.62156,-0.383385,0.096884,0.181385,2.034474,-2.35962,0.136124
658,1769521648682,7.312026,-0.384147,0.07689,0.170375,0.699952,0.290135,-0.267621,0.595204,1.625859,0.673929,-0.621633,-0.38339,0.096883,0.181391,2.034431,-2.359622,0.136133
659,1769521648693,7.323137,-0.384085,0.07709,0.170335,0.699924,0.290166,-0.267608,0.595228,1.625776,0.673994,-0.621596,-0.383387,0.09689,0.181398,2.034416,-2.359647,0.136094
660,1769521648704,7.334248,-0.384004,0.077476,0.170318,0.699927,0.290162,-0.267632,0.595215,1.625793,0.67399,-0.621656,-0.383384,0.096901,0.181381,2.034415,-2.359684,0.136175
661,1769521648715,7.345359,-0.383958,0.077656,0.17031,0.699921,0.290139,-0.267632,0.595234,1.625765,0.67393,-0.621652,-0.38339,0.096903,0.181399,2.03443,-2.359661,0.136057
662,1769521648726,7.356471,-0.383857,0.078067,0.170257,0.699909,0.290181,-0.267644,0.595222,1.625744,0.674032,-0.621683,-0.383385,0.096889,0.181383,2.034474,-2.359635,0.136142
663,1769521648737,7.367582,-0.383807,0.078255,0.170233,0.699926,0.290205,-0.267622,0.5952,1.6258,0.674092,-0.621636,-0.383382,0.096874,0.181381,2.034502,-2.359612,0.136161
664,1769521648748,7.378693,-0.383769,0.078437,0.17022,0.699901,0.290201,-0.267624,0.59523,1.625722,0.674076,-0.621634,-0.383385,0.096875,0.18138,2.034447,-2.359605,0.136218
665,1769521648759,7.389805,-0.3837,0.078794,0.170215,0.699925,0.290217,-0.267607,0.595202,1.625797,0.67412,-0.621601,-0.383386,0.096891,0.18139,2.03446,-2.359632,0.136124
666,1769521648770,7.400916,-0.383654,0.078994,0.170209,0.699928,0.29019,-0.267646,0.595194,1.62581,0.674061,-0.621695,-0.38339,0.096881,0.181395,2.03443,-2.359629,0.13614
667,1769521648782,7.412027,-0.383556,0.079362,0.170151,0.699929,0.290174,-0.267629,0.595209,1.6258,0.67402,-0.621652,-0.383392,0.096898,0.181398,2.034415,-2.359661,0.136092
668,1769521648793,7.423139,-0.383509,0.079554,0.170147,0.699925,0.290197,-0.267598,0.595215,1.625788,0.674071,-0.621578,-0.383393,0.096878,0.181399,2.034433,-2.359593,0.136117
669,1769521648804,7.43425,-0.38345,0.079763,0.170094,0.699946,0.290172,-0.267574,0.595214,1.625837,0.674013,-0.621523,-0.383388,0.096901,0.181387,2.034346,-2.359659,0.136179
670,1769521648815,7.445361,-0.383366,0.08018,0.170102,0.699969,0.290176,-0.267563,0.595191,1.625905,0.674029,-0.621501,-0.383386,0.096867,0.18137,2.034445,-2.359606,0.136253
671,1769521648826,7.456473,-0.383319,0.080372,0.170083,0.699947,0.290187,-0.267546,0.595219,1.625835,0.674045,-0.621455,-0.383393,0.096895,0.181396,2.034416,-2.359647,0.136094
672,1769521648837,7.467584,-0.38323,0.080676,0.170005,0.699938,0.290171,-0.267588,0.595218,1.625816,0.674009,-0.621553,-0.383389,0.096883,0.181377,2.034403,-2.359626,0.136198
673,1769521648848,7.478695,-0.383192,0.08089,0.170027,0.699951,0.290157,-0.267599,0.595205,1.625855,0.67398,-0.621581,-0.383388,0.09688,0.181383,2.03446,-2.359619,0.136141
674,1769521648859,7.489807,-0.383148,0.08105,0.170003,0.699937,0.290149,-0.267593,0.595227,1.625807,0.673956,-0.621564,-0.383384,0.096892,0.181383,2.03443,-2.359657,0.136158
675,1769521648870,7.500918,-0.383083,0.081408,0.170004,0.699938,0.290166,-0.267608,0.595212,1.62582,0.673998,-0.621601,-0.383375,0.096903,0.181388,2.034429,-2.359698,0.13612
676,1769521648882,7.512029,-0.383048,0.081578,0.169993,0.699911,0.290163,-0.267591,0.595252,1.62573,0.673981,-0.621552,-0.38339,0.096877,0.181394,2.034445,-2.359611,0.136151
677,1769521648893,7.52314,-0.383013,0.081764,0.16999,0.699931,0.290153,-0.267569,0.595243,1.625782,0.67396,-0.621503,-0.383384,0.096886,0.181379,2.034459,-2.359641,0.136168
678,1769521648904,7.534252,-0.382935,0.082107,0.169979,0.699922,0.290186,-0.267579,0.595234,1.625768,0.674039,-0.621528,-0.383382,0.096889,0.18138,2.034458,-2.359655,0.136167
679,1769521648915,7.545363,-0.382875,0.082288,0.169945,0.699913,0.290215,-0.267563,0.595237,1.625745,0.674106,-0.62149,-0.383398,0.096878,0.181394,2.034462,-2.359575,0.136108
680,1769521648926,7.556474,-0.382811,0.082613,0.16993,0.69992,0.290206,-0.267566,0.595232,1.625765,0.674088,-0.621499,-0.383387,0.096907,0.181395,2.03443,-2.359668,0.136067
681,1769521648937,7.567585,-0.382774,0.082761,0.169922,0.699922,0.290226,-0.267558,0.595223,1.625775,0.674136,-0.621482,-0.383396,0.096893,0.181402,2.03446,-2.359623,0.13604
682,1769521648948,7.578696,-0.382731,0.082946,0.169909,0.699922,0.290208,-0.267586,0.595219,1.625779,0.674095,-0.621549,-0.383392,0.096884,0.181397,2.034474,-2.359613,0.136096
683,1769521648959,7.589808,-0.382642,0.083316,0.169872,0.699941,0.290206,-0.267583,0.595199,1.625836,0.674096,-0.621546,-0.38339,0.096878,0.181385,2.034503,-2.359598,0.136162
684,1769521648970,7.600919,-0.382596,0.083492,0.169853,0.699915,0.290219,-0.267589,0.595222,1.625759,0.67412,-0.621554,-0.38339,0.096888,0.181389,2.03446,-2.359625,0.136096
685,1769521648982,7.612031,-0.382518,0.083841,0.169835,0.699911,0.290248,-0.267568,0.595221,1.625751,0.674188,-0.621505,-0.383384,0.096887,0.181377,2.034431,-2.359644,0.136178
686,1769521648993,7.623142,-0.382481,0.083991,0.169826,0.699901,0.290252,-0.267583,0.595224,1.625726,0.674196,-0.621541,-0.383383,0.096894,0.181376,2.034429,-2.359672,0.136175
687,1769521649004,7.634253,-0.382439,0.084162,0.169804,0.699893,0.290271,-0.267601,0.595216,1.625713,0.674243,-0.621584,-0.383384,0.096887,0.181377,2.034459,-2.359641,0.136187
688,1769521649015,7.645364,-0.382364,0.084489,0.169797,0.699886,0.290297,-0.267596,0.595214,1.625699,0.674303,-0.621573,-0.38339,0.096902,0.181401,2.034474,-2.359632,0.136051
689,1769521649026,7.656475,-0.38232,0.084658,0.169785,0.699912,0.290284,-0.267547,0.595212,1.625759,0.674274,-0.62146,-0.3834,0.096882,0.1814,2.034475,-2.359592,0.136086
690,1769521649037,7.667587,-0.382301,0.084813,0.169796,0.699916,0.290297,-0.267558,0.595196,1.625778,0.674309,-0.621489,-0.383387,0.096892,0.181382,2.034402,-2.359647,0.136206
691,1769521649048,7.678698,-0.382226,0.085142,0.169788,0.699922,0.290285,-0.267551,0.595198,1.625791,0.674279,-0.621472,-0.383377,0.096891,0.181378,2.03443,-2.359664,0.136168
692,1769521649059,7.689809,-0.382183,0.085309,0.169771,0.699942,0.290281,-0.267564,0.595171,1.625856,0.674279,-0.621509,-0.383388,0.096889,0.181388,2.034403,-2.359632,0.13617
693,1769521649070,7.70092,-0.38211,0.08563,0.169756,0.699931,0.290275,-0.267538,0.595198,1.625814,0.674256,-0.621443,-0.383387,0.096898,0.181384,2.034429,-2.359671,0.136138
694,1769521649082,7.712032,-0.382076,0.085773,0.169747,0.699935,0.290298,-0.267542,0.595181,1.625833,0.674314,-0.621457,-0.383388,0.096888,0.181383,2.03443,-2.359651,0.136167
695,1769521649093,7.723143,-0.382042,0.085934,0.169742,0.699919,0.290289,-0.267556,0.595197,1.625784,0.674289,-0.621485,-0.383386,0.09689,0.181384,2.034414,-2.35967,0.136156
696,1769521649104,7.734254,-0.381966,0.086271,0.16974,0.699941,0.290297,-0.267543,0.595173,1.625852,0.674314,-0.621461,-0.383399,0.096886,0.181397,2.034445,-2.359609,0.136095
697,1769521649115,7.745365,-0.381929,0.086438,0.169739,0.699897,0.290304,-0.267559,0.595214,1.625723,0.674319,-0.621488,-0.383394,0.096889,0.181398,2.034417,-2.359619,0.136097
698,1769521649126,7.756477,-0.381854,0.08672,0.169711,0.699906,0.290308,-0.26757,0.595197,1.625756,0.674333,-0.621517,-0.383382,0.096891,0.181376,2.034459,-2.359647,0.13616
699,1769521649137,7.767588,-0.38182,0.086888,0.169694,0.699933,0.290328,-0.26754,0.595169,1.625838,0.674386,-0.621456,-0.383389,0.096883,0.181398,2.034417,-2.359619,0.136115
700,1769521649148,7.778699,-0.38178,0.087061,0.169703,0.699943,0.290317,-0.267528,0.595168,1.625861,0.674361,-0.621427,-0.383385,0.096881,0.181377,2.034459,-2.359635,0.136196
701,1769521649159,7.78981,-0.381698,0.087383,0.169666,0.699943,0.290298,-0.267489,0.595195,1.625842,0.674311,-0.62133,-0.383387,0.096895,0.181397,2.03443,-2.359655,0.136084
702,1769521649170,7.800921,-0.381673,0.087515,0.16967,0.69995,0.290278,-0.267463,0.595208,1.62585,0.67426,-0.621265,-0.383387,0.096888,0.181382,2.034487,-2.359637,0.136141
703,1769521649182,7.812033,-0.381614,0.087826,0.169687,0.700001,0.290284,-0.267447,0.595152,1.626006,0.674291,-0.621243,-0.383381,0.096883,0.181378,2.034401,-2.359655,0.136214
704,1769521649193,7.823144,-0.381582,0.087969,0.169674,0.699964,0.290251,-0.267491,0.595192,1.625894,0.674201,-0.621335,-0.383386,0.09688,0.181395,2.034446,-2.359616,0.136124
705,1769521649204,7.834256,-0.381545,0.088114,0.169666,0.699952,0.290266,-0.26749,0.595199,1.625861,0.674235,-0.621332,-0.383384,0.096904,0.181392,2.034416,-2.359675,0.13613
706,1769521649215,7.845367,-0.381474,0.088383,0.169632,0.699949,0.290261,-0.267502,0.5952,1.625852,0.674223,-0.621358,-0.383391,0.096901,0.181404,2.034431,-2.359647,0.13604
707,1769521649226,7.856478,-0.381449,0.088507,0.169636,0.699939,0.290283,-0.267524,0.595192,1.625835,0.674276,-0.621411,-0.383395,0.096885,0.181391,2.034473,-2.359621,0.136103
708,1769521649237,7.867589,-0.381405,0.088786,0.169638,0.699971,0.290265,-0.267531,0.59516,1.62593,0.674245,-0.621435,-0.383384,0.096882,0.181374,2.034445,-2.359633,0.136215
709,1769521649248,7.878701,-0.381376,0.088929,0.169667,0.699927,0.290268,-0.267553,0.5952,1.625803,0.674239,-0.621476,-0.3834,0.096897,0.181406,2.03446,-2.359623,0.136021
710,1769521649259,7.889812,-0.381335,0.089039,0.169603,0.699971,0.29025,-0.267502,0.59518,1.625917,0.674204,-0.621363,-0.383383,0.09688,0.18138,2.034416,-2.359643,0.136195
711,1769521649270,7.900923,-0.381278,0.08927,0.169578,0.699926,0.290292,-0.26751,0.595208,1.625793,0.674293,-0.621375,-0.3834,0.096887,0.181404,2.034445,-2.359608,0.13604
712,1769521649282,7.912034,-0.381242,0.089446,0.169575,0.699965,0.290266,-0.267512,0.595174,1.625907,0.674242,-0.621388,-0.383382,0.0969,0.181369,2.034444,-2.359674,0.136177
713,1769521649293,7.923145,-0.381219,0.089601,0.169596,0.699933,0.290305,-0.267521,0.595189,1.625823,0.674327,-0.621405,-0.383395,0.096898,0.181414,2.034473,-2.359631,0.135974
714,1769521649304,7.934257,-0.38115,0.089876,0.169575,0.699931,0.290276,-0.267507,0.595212,1.625802,0.674254,-0.621366,-0.383376,0.096896,0.181377,2.034416,-2.359676,0.136186
715,1769521649315,7.945368,-0.381115,0.089987,0.169562,0.699962,0.290262,-0.267534,0.59517,1.625903,0.674233,-0.621439,-0.383395,0.096886,0.181403,2.034445,-2.359623,0.136075
716,1769521649326,7.956479,-0.381073,0.09028,0.169573,0.699897,0.290269,-0.267537,0.595241,1.625706,0.674231,-0.621429,-0.383391,0.096898,0.181403,2.03443,-2.359654,0.136047
717,1769521649337,7.96759,-0.381026,0.090435,0.169565,0.699908,0.290259,-0.267548,0.595228,1.62574,0.674211,-0.621459,-0.383379,0.096885,0.181373,2.034401,-2.359669,0.136231
718,1769521649348,7.978701,-0.381002,0.090544,0.169552,0.699913,0.290201,-0.267555,0.595248,1.625738,0.674069,-0.621468,-0.383381,0.096899,0.181373,2.034386,-2.359688,0.136222
719,1769521649359,7.989813,-0.380944,0.090801,0.169512,0.699991,0.29019,-0.267564,0.595157,1.625979,0.674069,-0.621514,-0.383383,0.09689,0.181385,2.03443,-2.359657,0.136158
720,1769521649370,8.000924,-0.380915,0.090924,0.169519,0.69993,0.290212,-0.267586,0.595208,1.625804,0.674108,-0.621552,-0.383387,0.096884,0.181377,2.034474,-2.35963,0.136187
721,1769521649382,8.012035,-0.380863,0.091187,0.169503,0.699977,0.290208,-0.267538,0.595176,1.625935,0.674107,-0.621449,-0.38339,0.096889,0.181396,2.034474,-2.359619,0.136069
722,1769521649393,8.023146,-0.380841,0.091296,0.169502,0.69992,0.29023,-0.267577,0.595215,1.625777,0.674148,-0.62153,-0.383385,0.096894,0.181382,2.034359,-2.359669,0.136186
723,1769521649404,8.034258,-0.380806,0.091427,0.169482,0.699936,0.290199,-0.267571,0.595214,1.625814,0.674076,-0.621514,-0.383389,0.096895,0.181394,2.034446,-2.359628,0.136069
724,1769521649415,8.045369,-0.380748,0.091692,0.16946,0.699941,0.29019,-0.267553,0.595221,1.625821,0.674052,-0.621471,-0.383397,0.096876,0.181386,2.03449,-2.359575,0.136154
725,1769521649426,8.05648,-0.380722,0.091808,0.169457,0.699929,0.290198,-0.267568,0.595225,1.625791,0.674069,-0.621504,-0.383389,0.096874,0.181399,2.034459,-2.359612,0.136113
726,1769521649437,8.067591,-0.38069,0.091927,0.169439,0.699998,0.290167,-0.267552,0.595166,1.62599,0.674015,-0.621484,-0.38339,0.09689,0.181385,2.034446,-2.359624,0.136152
727,1769521649448,8.078702,-0.380642,0.092143,0.16943,0.69995,0.290219,-0.267532,0.595206,1.625852,0.674123,-0.621427,-0.38339,0.096877,0.181369,2.034489,-2.359604,0.136208
728,1769521649459,8.089814,-0.380616,0.092252,0.169418,0.699948,0.290229,-0.267558,0.595191,1.625858,0.674151,-0.621491,-0.383389,0.096887,0.181388,2.03446,-2.359626,0.136133
729,1769521649470,8.100925,-0.380561,0.092481,0.169385,0.699937,0.290237,-0.267547,0.595205,1.625822,0.674167,-0.621462,-0.383396,0.096869,0.181388,2.03449,-2.359568,0.136163
730,1769521649482,8.112036,-0.38054,0.092578,0.169398,0.699993,0.290204,-0.267557,0.595151,1.625989,0.674103,-0.621498,-0.383379,0.096897,0.181387,2.03446,-2.359645,0.136107
731,1769521649493,8.123148,-0.380512,0.092672,0.169375,0.699968,0.290171,-0.267557,0.595197,1.6259,0.674015,-0.621487,-0.383387,0.096882,0.181387,2.034432,-2.359614,0.136143
732,1769521649504,8.134259,-0.380469,0.092928,0.169375,0.699942,0.290194,-0.267559,0.595214,1.625828,0.674064,-0.621487,-0.383392,0.096885,0.181403,2.034462,-2.359588,0.136072
733,1769521649515,8.14537,-0.380432,0.093063,0.169364,0.699992,0.290186,-0.267533,0.595172,1.625971,0.674057,-0.621437,-0.383387,0.096885,0.181396,2.034402,-2.359639,0.136141
734,1769521649526,8.156481,-0.380378,0.093312,0.169344,0.699949,0.290195,-0.267532,0.595218,1.625841,0.674065,-0.621423,-0.383385,0.09689,0.18139,2.034417,-2.359641,0.13616
735,1769521649537,8.167593,-0.380358,0.09343,0.169359,0.699935,0.290196,-0.267531,0.595235,1.625797,0.674063,-0.621417,-0.383385,0.096885,0.181389,2.034446,-2.359623,0.136134
736,1769521649548,8.178704,-0.380328,0.093549,0.169329,0.699953,0.29018,-0.267475,0.595246,1.625832,0.674022,-0.621284,-0.383385,0.096884,0.181386,2.03446,-2.359626,0.136151
737,1769521649559,8.189815,-0.380278,0.093771,0.169317,0.700005,0.290172,-0.267479,0.595188,1.62599,0.67402,-0.621308,-0.383394,0.096886,0.181403,2.034416,-2.359626,0.136085
738,1769521649570,8.200927,-0.380259,0.093869,0.169322,0.699936,0.290197,-0.267529,0.595234,1.6258,0.674064,-0.621413,-0.383391,0.096889,0.181383,2.03446,-2.359626,0.136133
739,1769521649582,8.212038,-0.380212,0.094062,0.169307,0.699931,0.290181,-0.267521,0.595252,1.625777,0.674023,-0.621388,-0.383389,0.096875,0.181385,2.03449,-2.359581,0.136146
740,1769521649593,8.223149,-0.380189,0.094156,0.169314,0.699916,0.290183,-0.267523,0.595267,1.625732,0.674024,-0.621389,-0.383383,0.096894,0.181378,2.034429,-2.359672,0.136175
741,1769521649604,8.23426,-0.380166,0.094306,0.169324,0.699927,0.290173,-0.267503,0.595268,1.625758,0.674,-0.621344,-0.383381,0.096878,0.18137,2.034474,-2.35963,0.136206
742,1769521649615,8.245371,-0.380133,0.094514,0.169323,0.699924,0.290179,-0.267513,0.595264,1.625752,0.674015,-0.621367,-0.383384,0.096904,0.181383,2.034416,-2.359675,0.136149
743,1769521649626,8.256483,-0.38011,0.094601,0.169318,0.699906,0.290191,-0.267528,0.595272,1.625706,0.67404,-0.6214,-0.38338,0.096897,0.181378,2.034403,-2.359659,0.13617
744,1769521649637,8.267594,-0.380052,0.094771,0.169267,0.699983,0.290172,-0.267492,0.595208,1.625926,0.674015,-0.621332,-0.383376,0.096884,0.181365,2.03443,-2.35966,0.13627
745,1769521649648,8.278705,-0.38004,0.094879,0.169284,0.699949,0.290224,-0.267508,0.595216,1.625842,0.674132,-0.621369,-0.383384,0.096892,0.181382,2.034445,-2.359651,0.136131
746,1769521649659,8.289816,-0.38003,0.094988,0.169317,0.699998,0.290217,-0.26751,0.59516,1.625993,0.674132,-0.621387,-0.383391,0.096891,0.181398,2.034429,-2.359649,0.136093
747,1769521649670,8.300928,-0.379978,0.095182,0.169273,0.699948,0.290244,-0.267485,0.595217,1.62584,0.674178,-0.621314,-0.383392,0.096892,0.181403,2.034446,-2.359621,0.13606
748,1769521649682,8.312039,-0.453621,-0.191412,0.190419,0.69998,0.290195,-0.267522,0.595186,1.625935,0.674074,-0.621408,-0.383394,0.096888,0.181395,2.034461,-2.359611,0.136097
749,1769521649693,8.32315,-0.453822,-0.191569,0.190791,0.700009,0.290167,-0.267521,0.595167,1.626015,0.674014,-0.621411,-0.383388,0.096888,0.18137,2.034432,-2.359631,0.136217
750,1769521649704,8.334261,-0.452635,-0.18986,0.189702,0.69998,0.290144,-0.267537,0.595204,1.625924,0.673949,-0.621438,-0.383386,0.096872,0.181379,2.034474,-2.359608,0.136179
751,1769521649715,8.345373,-0.453009,-0.190367,0.189978,0.699998,0.290126,-0.267548,0.595188,1.625975,0.673913,-0.621468,-0.383388,0.096886,0.181389,2.03446,-2.359626,0.136151
752,1769521649726,8.356484,-0.453039,-0.18997,0.189797,0.699989,0.29012,-0.267544,0.595203,1.625943,0.673896,-0.621455,-0.383379,0.096899,0.181366,2.034416,-2.359677,0.136223
753,1769521649737,8.367595,-0.452493,-0.189395,0.189553,0.699999,0.290108,-0.267581,0.59518,1.625983,0.673873,-0.621548,-0.383391,0.096881,0.181391,2.034418,-2.359605,0.136153
754,1769521649748,8.378706,-0.451798,-0.188226,0.189132,0.699971,0.29012,-0.267606,0.595196,1.625907,0.673898,-0.6216,-0.383385,0.096887,0.181386,2.034502,-2.359632,0.136114
755,1769521649759,8.389817,-0.451243,-0.187463,0.188822,0.700005,0.290113,-0.267593,0.595166,1.626006,0.673888,-0.621578,-0.383382,0.096898,0.18138,2.034417,-2.359662,0.136188
756,1769521649770,8.400929,-0.451518,-0.187673,0.189045,0.699938,0.290138,-0.267583,0.595236,1.625804,0.673928,-0.621538,-0.383382,0.096888,0.181384,2.034417,-2.359641,0.13616
757,1769521649782,8.41204,-0.45122,-0.187231,0.188841,0.699942,0.290163,-0.267563,0.595229,1.625818,0.673988,-0.621492,-0.383386,0.096889,0.181388,2.034431,-2.359643,0.136141
758,1769521649793,8.423151,-0.451501,-0.187478,0.189067,0.699959,0.290166,-0.267564,0.595206,1.625873,0.674,-0.621501,-0.38338,0.096888,0.181374,2.034402,-2.359662,0.136224
759,1769521649804,8.434263,-0.45118,-0.186843,0.188945,0.699974,0.290216,-0.267564,0.595165,1.625935,0.674128,-0.621511,-0.383384,0.096879,0.181369,2.034444,-2.359641,0.136241
760,1769521649815,8.445374,-0.451412,-0.186943,0.189183,0.70001,0.290205,-0.267543,0.595137,1.626036,0.67411,-0.62147,-0.383394,0.096893,0.181407,2.034474,-2.359618,0.136031
761,1769521649826,8.456485,-0.4509,-0.186057,0.188772,0.699958,0.290199,-0.267531,0.595206,1.625871,0.674077,-0.621424,-0.383391,0.096902,0.181404,2.03446,-2.359636,0.136023
762,1769521649837,8.467596,-0.450829,-0.185788,0.188788,0.700001,0.290193,-0.267542,0.595154,1.626006,0.674077,-0.621464,-0.383386,0.096889,0.181395,2.034431,-2.359642,0.136122
763,1769521649848,8.478708,-0.451012,-0.185945,0.188979,0.699945,0.290247,-0.267542,0.595193,1.625849,0.674193,-0.621452,-0.383388,0.096895,0.181389,2.03443,-2.359656,0.136121
764,1769521649859,8.489819,-0.451107,-0.186174,0.189183,0.699946,0.290243,-0.267514,0.595206,1.625843,0.674179,-0.621385,-0.383382,0.096879,0.181375,2.034461,-2.359606,0.136201
765,1769521649870,8.50093,-0.450302,-0.18504,0.188565,0.699948,0.29024,-0.26751,0.595208,1.625844,0.674172,-0.621375,-0.383387,0.096895,0.181371,2.034402,-2.359661,0.136206
766,1769521649882,8.512041,-0.449853,-0.184195,0.188205,0.699937,0.290273,-0.267542,0.59519,1.625832,0.674253,-0.621455,-0.383386,0.096894,0.18139,2.03443,-2.359657,0.13614
767,1769521649893,8.523153,-0.449989,-0.184169,0.18835,0.69997,0.290241,-0.267538,0.595169,1.625922,0.674186,-0.621449,-0.38339,0.096872,0.181381,2.034432,-2.359603,0.136198
768,1769521649904,8.534264,-0.449481,-0.183373,0.187938,0.699915,0.290245,-0.267541,0.59523,1.625754,0.674179,-0.621441,-0.383389,0.096878,0.181377,2.034518,-2.359593,0.136153
769,1769521649915,8.545375,-0.449538,-0.183254,0.188029,0.699964,0.29022,-0.26756,0.595176,1.625904,0.674134,-0.621498,-0.383395,0.096882,0.181397,2.03446,-2.359604,0.136087
770,1769521649926,8.556486,-0.449519,-0.183146,0.187904,0.699936,0.290246,-0.26754,0.595205,1.625821,0.674188,-0.621445,-0.383384,0.096892,0.181394,2.034387,-2.359664,0.136121
771,1769521649937,8.567598,-0.449135,-0.182474,0.187757,0.699933,0.290247,-0.267526,0.595215,1.625805,0.674185,-0.621411,-0.383394,0.096874,0.181387,2.034433,-2.35958,0.136173
772,1769521649948,8.578709,-0.449197,-0.182258,0.187867,0.699926,0.290199,-0.267565,0.595228,1.625782,0.674072,-0.621497,-0.383391,0.096885,0.181394,2.034489,-2.359608,0.136087
773,1769521649959,8.58982,-0.449263,-0.182172,0.187873,0.69995,0.290183,-0.267585,0.5952,1.625855,0.674043,-0.621552,-0.383391,0.096866,0.181386,2.034433,-2.359574,0.136201
774,1769521649970,8.600932,-0.449352,-0.182166,0.187936,0.699943,0.290175,-0.267575,0.595215,1.62583,0.674019,-0.621524,-0.383382,0.096882,0.181376,2.034458,-2.359649,0.136194
775,1769521649982,8.612043,-0.449169,-0.18161,0.187823,0.699937,0.290191,-0.26754,0.595232,1.625803,0.674051,-0.621437,-0.383381,0.09689,0.181375,2.034459,-2.359648,0.136197
776,1769521649993,8.623154,-0.449197,-0.181468,0.187893,0.699978,0.290137,-0.267521,0.595217,1.62591,0.67393,-0.621397,-0.383389,0.096882,0.181369,2.034446,-2.359618,0.136198
777,1769521650004,8.634265,-0.448661,-0.180778,0.187473,0.699941,0.290185,-0.267545,0.595226,1.625818,0.67404,-0.621451,-0.383388,0.096888,0.181394,2.034403,-2.359631,0.136133
778,1769521650015,8.645377,-0.448684,-0.180692,0.187442,0.699944,0.290189,-0.267531,0.595227,1.625824,0.674048,-0.621419,-0.383392,0.096887,0.181388,2.034447,-2.35961,0.136153
779,1769521650026,8.656488,-0.448505,-0.180215,0.187361,0.699959,0.290173,-0.267544,0.595212,1.625868,0.674014,-0.621453,-0.383393,0.096889,0.181403,2.034473,-2.359626,0.136039
780,1769521650037,8.667599,-0.448177,-0.179282,0.187049,0.699941,0.290194,-0.267511,0.595237,1.625811,0.674058,-0.62137,-0.383383,0.096912,0.181388,2.034357,-2.359709,0.13611
781,1769521650048,8.67871,-0.447942,-0.178984,0.186974,0.699932,0.290193,-0.267508,0.59525,1.62578,0.674051,-0.62136,-0.383385,0.096888,0.181386,2.034442,-2.359667,0.136146
782,1769521650059,8.689821,-0.447859,-0.17891,0.186937,0.699922,0.29018,-0.267543,0.595252,1.625757,0.674019,-0.621441,-0.383394,0.096882,0.181382,2.034475,-2.3596,0.136153
783,1769521650070,8.700932,-0.447629,-0.178176,0.186621,0.699931,0.290154,-0.267541,0.595255,1.625776,0.67396,-0.621436,-0.383384,0.096894,0.181385,2.034388,-2.359657,0.136132
784,1769521650082,8.712044,-0.447314,-0.177746,0.186487,0.69996,0.290164,-0.267536,0.595219,1.625865,0.673992,-0.621432,-0.38338,0.096879,0.181372,2.03446,-2.359628,0.136225
785,1769521650093,8.723155,-0.447285,-0.177393,0.186461,0.699978,0.290143,-0.267518,0.595216,1.625909,0.673945,-0.621391,-0.383379,0.096894,0.181375,2.034386,-2.359695,0.136229
786,1769521650104,8.734266,-0.447218,-0.177037,0.186399,0.699941,0.290136,-0.267522,0.595261,1.625795,0.673916,-0.62139,-0.383387,0.096887,0.181394,2.034461,-2.359617,0.136088
787,1769521650115,8.745377,-0.447215,-0.17702,0.186504,0.699973,0.290112,-0.267546,0.595224,1.625894,0.673871,-0.621454,-0.383389,0.096883,0.18138,2.034503,-2.359603,0.136116
788,1769521650126,8.756488,-0.447137,-0.176563,0.186532,0.699984,0.290119,-0.267562,0.5952,1.625935,0.673894,-0.621498,-0.383389,0.096897,0.181386,2.034459,-2.359647,0.136141
789,1769521650137,8.7676,-0.447017,-0.176301,0.186478,0.699975,0.29014,-0.267569,0.595198,1.625915,0.673943,-0.621515,-0.383391,0.096888,0.181403,2.034419,-2.35961,0.136089
790,1769521650148,8.778711,-0.446997,-0.176186,0.186477,0.69999,0.290158,-0.267577,0.595168,1.625971,0.673992,-0.62154,-0.383385,0.096894,0.181371,2.0344,-2.359682,0.136193
791,1769521650159,8.789822,-0.44679,-0.175879,0.186461,0.700003,0.29014,-0.267569,0.595165,1.626002,0.673951,-0.621523,-0.383387,0.096876,0.181386,2.034475,-2.359601,0.13619
792,1769521650170,8.800952,-0.446792,-0.175649,0.186358,0.700005,0.290153,-0.267558,0.595162,1.626009,0.673983,-0.621499,-0.383387,0.096876,0.181386,2.034475,-2.359601,0.13619
793,1769521650182,8.81211,-0.446602,-0.175207,0.186399,0.699984,0.290158,-0.267583,0.595173,1.625953,0.673991,-0.621552,-0.38339,0.096885,0.181375,2.034433,-2.359616,0.136199
794,1769521650193,8.823221,-0.446523,-0.174986,0.18641,0.699983,0.290142,-0.26759,0.595178,1.625946,0.673953,-0.621569,-0.383395,0.096881,0.181399,2.034416,-2.35962,0.136113
795,1769521650204,8.834332,-0.446665,-0.174725,0.186455,0.70001,0.290162,-0.267563,0.59515,1.626028,0.674007,-0.621512,-0.383395,0.096881,0.181399,2.034416,-2.35962,0.136113
796,1769521650215,8.845455,-0.446395,-0.174413,0.186254,0.700025,0.290149,-0.267575,0.595132,1.626075,0.673983,-0.621545,-0.383388,0.096891,0.181386,2.034431,-2.359643,0.136141
797,1769521650226,8.856566,-0.446341,-0.174191,0.186197,0.699994,0.290193,-0.267581,0.595145,1.625994,0.674081,-0.621556,-0.383388,0.096897,0.181383,2.034417,-2.359654,0.136141
798,1769521650237,8.867685,-0.446389,-0.173895,0.186244,0.700064,0.290173,-0.267544,0.595088,1.626195,0.674051,-0.621485,-0.383389,0.096883,0.181387,2.034446,-2.359617,0.136161
799,1769521650248,8.878796,-0.446234,-0.173649,0.186224,0.700055,0.290177,-0.26756,0.59509,1.626173,0.674057,-0.621522,-0.383389,0.096883,0.181387,2.034446,-2.359617,0.136161
800,1769521650259,8.889907,-0.446128,-0.173198,0.186066,0.700047,0.2902,-0.267558,0.595089,1.626154,0.674113,-0.621515,-0.383382,0.096879,0.18137,2.034416,-2.359644,0.136251
801,1769521650271,8.901019,-0.446039,-0.172954,0.186129,0.700048,0.290195,-0.267548,0.595094,1.626155,0.674098,-0.621493,-0.38339,0.096876,0.181386,2.034448,-2.359589,0.136163
802,1769521650282,8.91213,-0.445865,-0.172429,0.186068,0.700047,0.290229,-0.267482,0.59511,1.626141,0.674175,-0.621334,-0.38339,0.096876,0.181386,2.034448,-2.359589,0.136163
803,1769521650293,8.923241,-0.445779,-0.172084,0.185984,0.700044,0.290236,-0.26749,0.595105,1.626138,0.674191,-0.621353,-0.383392,0.09688,0.181386,2.034475,-2.3596,0.136134
804,1769521650304,8.934412,-0.445814,-0.171605,0.185993,0.700003,0.29025,-0.267479,0.595152,1.626011,0.674211,-0.621316,-0.383392,0.096888,0.1814,2.034447,-2.359608,0.136079
805,1769521650315,8.945523,-0.445658,-0.171447,0.186086,0.699984,0.290266,-0.267495,0.59516,1.625961,0.674247,-0.621352,-0.383383,0.096887,0.181374,2.034402,-2.359647,0.136206
806,1769521650326,8.956634,-0.445527,-0.171128,0.186018,0.699983,0.290258,-0.26749,0.595167,1.625956,0.674224,-0.621339,-0.383383,0.096887,0.181374,2.034402,-2.359647,0.136206
807,1769521650337,8.967784,-0.445407,-0.170774,0.186044,0.69998,0.290256,-0.267472,0.595179,1.625939,0.674218,-0.621293,-0.383389,0.096893,0.18139,2.034445,-2.359637,0.136114
808,1769521650348,8.978895,-0.445437,-0.170519,0.186083,0.69996,0.290262,-0.26748,0.595196,1.625882,0.674226,-0.621308,-0.383389,0.096885,0.181395,2.034432,-2.359615,0.136143
809,1769521650360,8.990006,-0.445319,-0.170239,0.185932,0.699984,0.290293,-0.2675,0.595143,1.625974,0.674314,-0.621369,-0.383389,0.096885,0.181395,2.034432,-2.359615,0.136143
810,1769521650371,9.001117,-0.445198,-0.169988,0.185907,0.699973,0.290313,-0.267506,0.595145,1.625945,0.674358,-0.621381,-0.383389,0.096885,0.181395,2.034432,-2.359615,0.136143
811,1769521650382,9.012231,-0.444996,-0.169665,0.185832,0.699983,0.290331,-0.267475,0.595138,1.625973,0.674403,-0.621311,-0.383378,0.096894,0.181371,2.0344,-2.359689,0.136202
812,1769521650393,9.023342,-0.444853,-0.169167,0.18587,0.699973,0.290338,-0.267486,0.595142,1.625947,0.674418,-0.621335,-0.383383,0.096899,0.181368,2.034417,-2.359664,0.136244
813,1769521650404,9.034453,-0.444939,-0.168902,0.185946,0.699961,0.29031,-0.267482,0.595171,1.6259,0.674346,-0.62132,-0.383383,0.096899,0.181368,2.034417,-2.359664,0.136244
814,1769521650415,9.0456,-0.445073,-0.168763,0.185786,0.699977,0.290294,-0.26747,0.595166,1.625941,0.674309,-0.621292,-0.383382,0.096887,0.181369,2.034417,-2.359643,0.136253
815,1769521650426,9.056711,-0.4451,-0.1684,0.185802,0.699978,0.290288,-0.267444,0.595179,1.625934,0.674291,-0.621229,-0.383388,0.096888,0.181383,2.03443,-2.359651,0.136167
816,1769521650437,9.06783,-0.444834,-0.167897,0.185792,0.699939,0.290293,-0.267469,0.595212,1.625821,0.674294,-0.621277,-0.383385,0.096888,0.181391,2.03449,-2.359608,0.136108
817,1769521650448,9.078941,-0.444824,-0.167715,0.185652,0.699937,0.290283,-0.267462,0.595221,1.625811,0.674269,-0.62126,-0.383393,0.096893,0.181399,2.034446,-2.359622,0.136078
818,1769521650460,9.090053,-0.444727,-0.167247,0.185725,0.699943,0.29029,-0.267474,0.595205,1.625836,0.67429,-0.621292,-0.383388,0.096883,0.18138,2.034487,-2.359631,0.136149
819,1769521650471,9.101164,-0.444636,-0.167141,0.18567,0.699953,0.290321,-0.267473,0.595179,1.625878,0.674368,-0.621296,-0.383394,0.096877,0.181404,2.034446,-2.359595,0.136078
820,1769521650482,9.112275,-0.444413,-0.166676,0.185662,0.699928,0.290325,-0.26748,0.595204,1.625801,0.674371,-0.621306,-0.383388,0.096889,0.181394,2.034503,-2.359609,0.13607
821,1769521650493,9.123386,-0.444257,-0.166339,0.185619,0.699925,0.290313,-0.267495,0.595205,1.625794,0.674342,-0.621342,-0.383383,0.096904,0.181395,2.034445,-2.359663,0.136077
822,1769521650504,9.134497,-0.444313,-0.166138,0.185572,0.699922,0.290329,-0.267499,0.5952,1.62579,0.674381,-0.62135,-0.383386,0.096885,0.18137,2.034443,-2.359655,0.136222
823,1769521650515,9.145609,-0.444207,-0.165505,0.185662,0.69991,0.29029,-0.267524,0.595222,1.625747,0.674284,-0.621403,-0.383389,0.096889,0.181389,2.034446,-2.359623,0.136134
824,1769521650526,9.15672,-0.444191,-0.165014,0.18578,0.699901,0.290283,-0.267534,0.595231,1.625722,0.674265,-0.621425,-0.383384,0.096888,0.181377,2.034429,-2.359665,0.136166
825,1769521650537,9.167831,-0.444248,-0.164488,0.185485,0.699916,0.29028,-0.267528,0.595217,1.625765,0.674263,-0.621414,-0.383391,0.096878,0.181375,2.034474,-2.359608,0.136179
826,1769521650548,9.178942,-0.443982,-0.164609,0.185802,0.699911,0.290245,-0.267532,0.595239,1.625739,0.674174,-0.621418,-0.383389,0.09689,0.181392,2.03443,-2.35965,0.13613
827,1769521650560,9.190053,-0.443764,-0.164064,0.185949,0.699943,0.290194,-0.267524,0.59523,1.625819,0.674058,-0.621401,-0.383396,0.096892,0.1814,2.034447,-2.359608,0.136079
828,1769521650571,9.201165,-0.443717,-0.163648,0.185912,0.699939,0.290184,-0.267534,0.595234,1.625808,0.674035,-0.621423,-0.383375,0.096885,0.181384,2.034416,-2.359655,0.136178
829,1769521650582,9.212276,-0.443453,-0.16335,0.185865,0.699923,0.290173,-0.267576,0.59524,1.625765,0.674008,-0.62152,-0.383383,0.09688,0.18138,2.03443,-2.359637,0.136187
830,1769521650593,9.223387,-0.443139,-0.162851,0.186005,0.699933,0.290167,-0.267559,0.595238,1.625791,0.673995,-0.621481,-0.383382,0.096888,0.181379,2.034458,-2.359654,0.136149
831,1769521650604,9.234499,-0.44316,-0.162566,0.185709,0.699904,0.290172,-0.267599,0.595252,1.625715,0.674002,-0.621571,-0.383389,0.096891,0.1814,2.034475,-2.359612,0.13608
832,1769521650615,9.24561,-0.443017,-0.162226,0.185719,0.699898,0.290231,-0.267644,0.59521,1.625728,0.674151,-0.621686,-0.383386,0.09689,0.181384,2.034445,-2.359638,0.136151
833,1769521650626,9.256721,-0.442919,-0.161788,0.185694,0.699891,0.290232,-0.267626,0.595226,1.625701,0.674149,-0.621639,-0.383383,0.096903,0.181391,2.034388,-2.359678,0.13614
834,1769521650637,9.267832,-0.442906,-0.161664,0.185545,0.699902,0.290251,-0.267584,0.595223,1.625729,0.674193,-0.621543,-0.383384,0.096889,0.18139,2.03446,-2.359632,0.136124
835,1769521650648,9.278944,-0.443068,-0.161121,0.185327,0.699913,0.290247,-0.267577,0.595215,1.625758,0.674187,-0.621528,-0.38339,0.096882,0.181401,2.03449,-2.359587,0.1361
836,1769521650660,9.290055,-0.442665,-0.1608,0.185475,0.699915,0.290242,-0.267571,0.595218,1.625761,0.674174,-0.621514,-0.383379,0.096883,0.181369,2.034414,-2.359672,0.13623
837,1769521650671,9.301166,-0.442569,-0.160291,0.185286,0.69992,0.290237,-0.267593,0.595205,1.625782,0.674166,-0.621569,-0.383389,0.09689,0.181389,2.03443,-2.35965,0.13613
838,1769521650682,9.312277,-0.442761,-0.160042,0.185146,0.69991,0.290249,-0.267554,0.595228,1.625743,0.674187,-0.621472,-0.383377,0.096892,0.18137,2.034387,-2.359675,0.136261
839,1769521650693,9.323388,-0.442546,-0.15962,0.185174,0.699921,0.290236,-0.267567,0.595215,1.625779,0.67416,-0.621506,-0.383376,0.096905,0.18138,2.034401,-2.359702,0.136166
840,1769521650704,9.3345,-0.442573,-0.15921,0.185117,0.699907,0.290241,-0.267553,0.595236,1.625731,0.674166,-0.621467,-0.383391,0.096887,0.18139,2.034447,-2.359609,0.136135
841,1769521650715,9.345611,-0.442342,-0.158777,0.185025,0.699914,0.290255,-0.267572,0.595212,1.625764,0.674207,-0.621517,-0.383388,0.0969,0.181382,2.034444,-2.359666,0.13613
842,1769521650726,9.356722,-0.442526,-0.158298,0.184928,0.699919,0.290254,-0.267558,0.595214,1.625773,0.674204,-0.621485,-0.383389,0.096894,0.18139,2.034444,-2.359658,0.136102
843,1769521650737,9.367833,-0.442126,-0.15788,0.185198,0.699922,0.290253,-0.267533,0.595221,1.625777,0.674198,-0.621425,-0.383392,0.096886,0.181391,2.034461,-2.359611,0.136115
844,1769521650748,9.378944,-0.442278,-0.157481,0.185205,0.699917,0.290242,-0.267523,0.595237,1.625754,0.674168,-0.621398,-0.383393,0.096907,0.181399,2.034402,-2.359665,0.136084
845,1769521650760,9.390056,-0.442141,-0.157132,0.185266,0.699911,0.290219,-0.267514,0.59526,1.625725,0.674108,-0.621372,-0.383384,0.096889,0.181382,2.034402,-2.359646,0.136169
846,1769521650771,9.401167,-0.441873,-0.156644,0.185244,0.6999,0.290201,-0.267519,0.595279,1.625688,0.674061,-0.621378,-0.383391,0.09689,0.181395,2.034474,-2.359618,0.13605
847,1769521650782,9.412278,-0.441597,-0.156479,0.18515,0.699905,0.290275,-0.267514,0.595239,1.625725,0.674245,-0.621375,-0.383392,0.096897,0.181389,2.034444,-2.359659,0.136119
848,1769521650793,9.423389,-0.4417,-0.156195,0.185175,0.699915,0.290295,-0.267515,0.595218,1.625762,0.674296,-0.621385,-0.383387,0.096896,0.181391,2.0344,-2.359681,0.136137
849,1769521650804,9.434501,-0.441652,-0.155861,0.185114,0.699912,0.290266,-0.267516,0.595234,1.625746,0.674226,-0.621383,-0.383386,0.096901,0.181397,2.034445,-2.359656,0.136067
850,1769521650815,9.445612,-0.4417,-0.155593,0.18526,0.699939,0.290313,-0.26746,0.595205,1.625828,0.674343,-0.621259,-0.383397,0.096892,0.181408,2.034417,-2.359617,0.136041
851,1769521650826,9.456723,-0.44154,-0.155192,0.185258,0.699933,0.290317,-0.267468,0.595207,1.625812,0.674351,-0.621278,-0.383386,0.096881,0.181379,2.034461,-2.359612,0.136152
852,1769521650837,9.467835,-0.441566,-0.1547,0.185183,0.699941,0.290318,-0.267457,0.595202,1.625832,0.674355,-0.621253,-0.383389,0.096885,0.181386,2.034432,-2.359615,0.136162
853,1769521650848,9.478946,-0.441445,-0.154449,0.185236,0.699949,0.290306,-0.267464,0.595195,1.625857,0.674328,-0.621272,-0.383389,0.096878,0.181384,2.034432,-2.359609,0.136189
854,1769521650860,9.490057,-0.441466,-0.153992,0.185226,0.699951,0.290312,-0.267447,0.595197,1.625859,0.674342,-0.621232,-0.383388,0.096905,0.181396,2.034431,-2.359654,0.136068
855,1769521650871,9.501168,-0.441321,-0.153777,0.185219,0.699951,0.290316,-0.267451,0.595193,1.625863,0.674354,-0.621241,-0.383392,0.096889,0.181398,2.03443,-2.359635,0.136094
856,1769521650882,9.51228,-0.441252,-0.15349,0.185167,0.69996,0.290288,-0.267443,0.5952,1.625878,0.674287,-0.621221,-0.383383,0.096891,0.18139,2.034401,-2.35966,0.136149
857,1769521650893,9.523391,-0.441222,-0.15311,0.185182,0.699944,0.290267,-0.267473,0.595216,1.625832,0.674232,-0.621287,-0.383394,0.096895,0.181394,2.034461,-2.359617,0.13607
858,1769521650904,9.534502,-0.441146,-0.152573,0.18522,0.699946,0.29025,-0.267487,0.595215,1.625836,0.674193,-0.621319,-0.383392,0.096895,0.181406,2.034419,-2.359617,0.136079
859,1769521650915,9.545613,-0.440958,-0.152142,0.185271,0.699944,0.290233,-0.267513,0.595214,1.625832,0.674154,-0.62138,-0.383389,0.096905,0.18139,2.034431,-2.359655,0.136105
860,1769521650926,9.556725,-0.440815,-0.151582,0.18528,0.699933,0.290243,-0.267509,0.595224,1.6258,0.674174,-0.621369,-0.383377,0.096897,0.181364,2.034416,-2.359678,0.136242
861,1769521650937,9.567836,-0.440584,-0.151445,0.185189,0.699961,0.290225,-0.267528,0.595192,1.625886,0.674142,-0.621421,-0.38339,0.096889,0.181387,2.034474,-2.35962,0.136106
862,1769521650948,9.578947,-0.440594,-0.150962,0.185183,0.699988,0.290222,-0.267531,0.595159,1.625972,0.674144,-0.621436,-0.38339,0.0969,0.181383,2.034431,-2.359649,0.136132
863,1769521650960,9.590058,-0.440475,-0.150554,0.185127,0.699997,0.290192,-0.267519,0.595169,1.625986,0.67407,-0.621406,-0.383384,0.096892,0.181378,2.034445,-2.359652,0.13615
864,1769521650971,9.60117,-0.440469,-0.150174,0.185151,0.699992,0.290202,-0.267534,0.595164,1.625977,0.674096,-0.621441,-0.383385,0.096894,0.181386,2.034417,-2.359655,0.136159
865,1769521650982,9.612281,-0.440423,-0.149815,0.185017,0.699992,0.29017,-0.267565,0.595165,1.625976,0.674021,-0.621514,-0.383392,0.096884,0.18139,2.03446,-2.359619,0.136123
866,1769521650993,9.623392,-0.440284,-0.149465,0.18497,0.700032,0.290169,-0.267537,0.595132,1.626091,0.674027,-0.621458,-0.383383,0.096888,0.181376,2.034444,-2.359661,0.136194
867,1769521651004,9.634504,-0.44014,-0.148965,0.185017,0.700018,0.290189,-0.267526,0.595143,1.626052,0.674073,-0.621428,-0.383381,0.0969,0.181368,2.034416,-2.359677,0.136205
868,1769521651015,9.645615,-0.439966,-0.148873,0.184813,0.700013,0.290157,-0.267522,0.595166,1.626026,0.673992,-0.621413,-0.383384,0.096885,0.181392,2.034418,-2.359626,0.136143
869,1769521651026,9.656726,-0.439858,-0.148344,0.184814,0.700007,0.290156,-0.267508,0.59518,1.626002,0.673985,-0.621376,-0.383381,0.096891,0.181375,2.034414,-2.359677,0.136184
870,1769521651037,9.667837,-0.439845,-0.147939,0.184833,0.699979,0.290173,-0.267521,0.595199,1.625924,0.674019,-0.621403,-0.383384,0.096878,0.18137,2.034417,-2.359622,0.136226
871,1769521651048,9.678948,-0.439697,-0.147889,0.184793,0.699987,0.290162,-0.267529,0.595192,1.625947,0.673995,-0.621422,-0.383398,0.09688,0.181394,2.034475,-2.359592,0.136087
872,1769521651060,9.69006,-0.439581,-0.14766,0.184743,0.699965,0.290175,-0.267524,0.595213,1.625881,0.674021,-0.621407,-0.383398,0.096882,0.181395,2.034418,-2.359598,0.136143
873,1769521651071,9.701171,-0.439606,-0.147275,0.184896,0.699978,0.290189,-0.267521,0.595193,1.625924,0.674058,-0.621405,-0.3834,0.096887,0.181409,2.034519,-2.359568,0.136017
874,1769521651082,9.712282,-0.439452,-0.146926,0.18485,0.699957,0.290186,-0.267533,0.595213,1.625864,0.674045,-0.621427,-0.383387,0.096887,0.181391,2.034429,-2.359649,0.136112
875,1769521651093,9.723393,-0.439526,-0.146439,0.184967,0.699943,0.290195,-0.267517,0.595233,1.625817,0.67406,-0.621384,-0.383387,0.096896,0.181382,2.034417,-2.359655,0.136159
876,1769521651104,9.734504,-0.43959,-0.145985,0.185002,0.699957,0.290211,-0.267501,0.595216,1.62586,0.674102,-0.621353,-0.383387,0.096902,0.181382,2.034459,-2.359653,0.136114
877,1769521651115,9.745616,-0.43944,-0.145739,0.184868,0.699928,0.290259,-0.267492,0.59523,1.625785,0.67421,-0.621328,-0.383386,0.09689,0.18138,2.034445,-2.359638,0.13617
878,1769521651126,9.756727,-0.439351,-0.145591,0.184835,0.699927,0.290261,-0.267496,0.595228,1.625784,0.674216,-0.621336,-0.383387,0.096904,0.181383,2.034415,-2.359682,0.13612
879,1769521651137,9.767838,-0.439203,-0.144848,0.184833,0.699892,0.290243,-0.267502,0.595276,1.62567,0.674161,-0.62134,-0.383387,0.096889,0.181387,2.034445,-2.359645,0.13614
880,1769521651148,9.778949,-0.439061,-0.144275,0.184703,0.699904,0.290221,-0.267485,0.59528,1.625694,0.674107,-0.621299,-0.383392,0.096895,0.18139,2.034431,-2.359642,0.136122
881,1769521651160,9.79006,-0.439061,-0.143845,0.184672,0.699907,0.290226,-0.267479,0.595277,1.625703,0.67412,-0.621286,-0.383386,0.096871,0.181378,2.034445,-2.35962,0.136214
882,1769521651171,9.801171,-0.438861,-0.143277,0.184712,0.699926,0.290219,-0.26747,0.595262,1.625758,0.674107,-0.621268,-0.383381,0.096892,0.181387,2.034414,-2.359677,0.136166
883,1769521651182,9.812283,-0.438701,-0.142902,0.184743,0.699891,0.290237,-0.267503,0.595279,1.625666,0.674146,-0.62134,-0.383392,0.096899,0.181398,2.034445,-2.35965,0.136075
884,1769521651193,9.823394,-0.438638,-0.14238,0.184518,0.699889,0.29027,-0.267491,0.59527,1.625668,0.674225,-0.621315,-0.383385,0.096894,0.181377,2.034417,-2.359655,0.136178
885,1769521651204,9.834505,-0.438499,-0.141871,0.184526,0.699865,0.290307,-0.267472,0.59529,1.625598,0.674306,-0.621265,-0.383383,0.096887,0.181387,2.034457,-2.359661,0.136119
886,1769521651215,9.845616,-0.43839,-0.141647,0.18441,0.69987,0.290296,-0.267513,0.59527,1.625623,0.674285,-0.621366,-0.383392,0.096886,0.181395,2.034461,-2.359611,0.136097
887,1769521651226,9.856727,-0.438261,-0.141259,0.184446,0.699879,0.290289,-0.267494,0.595272,1.625642,0.674268,-0.621321,-0.383386,0.096882,0.181373,2.034447,-2.359611,0.136209
888,1769521651237,9.867839,-0.438339,-0.140738,0.184294,0.699892,0.290287,-0.267462,0.595272,1.625674,0.674263,-0.621247,-0.383386,0.096893,0.181391,2.03443,-2.359656,0.136121
889,1769521651248,9.87895,-0.438222,-0.140593,0.184261,0.699869,0.290303,-0.267466,0.59529,1.625607,0.674296,-0.621251,-0.383385,0.096879,0.18137,2.034489,-2.359611,0.136217
890,1769521651260,9.890061,-0.437969,-0.140373,0.18425,0.699887,0.29027,-0.267472,0.595282,1.625654,0.674222,-0.621266,-0.383385,0.096883,0.181377,2.034445,-2.359632,0.136178
891,1769521651271,9.901172,-0.438,-0.139821,0.184258,0.699905,0.290266,-0.267485,0.595257,1.625714,0.67422,-0.621304,-0.383397,0.096894,0.181405,2.034488,-2.35962,0.136011
892,1769521651282,9.912284,-0.437778,-0.14006,0.184182,0.699908,0.290244,-0.267507,0.595254,1.625722,0.674169,-0.621356,-0.383391,0.096894,0.181393,2.034516,-2.359624,0.136031
893,1769521651293,9.923395,-0.437793,-0.139434,0.18431,0.699892,0.290266,-0.267535,0.59525,1.625686,0.67422,-0.621422,-0.383391,0.096883,0.181392,2.034417,-2.359628,0.13616
894,1769521651304,9.934506,-0.437666,-0.139159,0.184296,0.699905,0.290245,-0.267531,0.595246,1.62572,0.674174,-0.621415,-0.383383,0.09689,0.181385,2.034473,-2.35965,0.13616
895,1769521651315,9.945617,-0.437885,-0.138542,0.184252,0.699922,0.290252,-0.267482,0.595244,1.625761,0.674191,-0.621301,-0.38339,0.096889,0.181389,2.034432,-2.359629,0.136142
896,1769521651326,9.956729,-0.437731,-0.138155,0.184279,0.699923,0.290227,-0.267493,0.595251,1.625759,0.67413,-0.621324,-0.383383,0.096874,0.181371,2.034461,-2.3596,0.136228
897,1769521651337,9.96784,-0.437601,-0.137785,0.184284,0.6999,0.290245,-0.267503,0.595264,1.625697,0.674168,-0.621345,-0.383391,0.096891,0.181384,2.034458,-2.359647,0.136139
898,1769521651348,9.978952,-0.437448,-0.137313,0.184182,0.699922,0.290245,-0.267501,0.59524,1.625764,0.674175,-0.621346,-0.383389,0.096879,0.181384,2.034504,-2.359589,0.136117
,,,-0.437331,-0.136928,0.184112,0.699968,0.290171,-0.267557,0.595197,,,,,,,,,
,,,-0.437106,-0.13636,0.183893,0.699942,0.290194,-0.267559,0.595214,,,,,,,,,
,,,-0.437162,-0.135777,0.183887,0.699992,0.290186,-0.267533,0.595172,,,,,,,,,
,,,-0.437024,-0.135816,0.183715,0.699949,0.290195,-0.267532,0.595218,,,,,,,,,
,,,-0.436914,-0.135259,0.183683,0.699935,0.290196,-0.267531,0.595235,,,,,,,,,
,,,-0.436636,-0.134667,0.183709,0.699953,0.29018,-0.267475,0.595246,,,,,,,,,
,,,-0.436737,-0.133962,0.183865,0.700005,0.290172,-0.267479,0.595188,,,,,,,,,
,,,-0.436571,-0.133635,0.183777,0.699936,0.290197,-0.267529,0.595234,,,,,,,,,
,,,-0.436525,-0.133195,0.18385,0.699931,0.290181,-0.267521,0.595252,,,,,,,,,
,,,-0.436478,-0.132761,0.183899,0.699916,0.290183,-0.267523,0.595267,,,,,,,,,
,,,-0.436314,-0.132143,0.183681,0.699927,0.290173,-0.267503,0.595268,,,,,,,,,
,,,-0.436359,-0.131815,0.183777,0.699924,0.290179,-0.267513,0.595264,,,,,,,,,
,,,-0.436105,-0.131268,0.183701,0.699906,0.290191,-0.267528,0.595272,,,,,,,,,
,,,-0.435747,-0.130774,0.183821,0.699983,0.290172,-0.267492,0.595208,,,,,,,,,
,,,-0.435771,-0.130747,0.183602,0.699949,0.290224,-0.267508,0.595216,,,,,,,,,
,,,-0.435794,-0.129993,0.183661,0.699998,0.290217,-0.26751,0.59516,,,,,,,,,
,,,-0.435628,-0.129668,0.183606,0.699948,0.290244,-0.267485,0.595217,,,,,,,,,
,,,-0.435465,-0.129248,0.183542,0.69998,0.290195,-0.267522,0.595186,,,,,,,,,
,,,-0.435401,-0.128853,0.18351,0.700009,0.290167,-0.267521,0.595167,,,,,,,,,
,,,-0.435195,-0.128649,0.183585,0.69998,0.290144,-0.267537,0.595204,,,,,,,,,
,,,-0.435117,-0.127745,0.183595,0.699998,0.290126,-0.267548,0.595188,,,,,,,,,
,,,-0.435109,-0.12719,0.183665,0.699989,0.29012,-0.267544,0.595203,,,,,,,,,
,,,-0.434986,-0.126794,0.183625,0.699999,0.290108,-0.267581,0.59518,,,,,,,,,
,,,-0.434911,-0.126797,0.183441,0.699971,0.29012,-0.267606,0.595196,,,,,,,,,
,,,-0.43482,-0.12673,0.183329,0.700005,0.290113,-0.267593,0.595166,,,,,,,,,
,,,-0.434719,-0.126313,0.183174,0.699938,0.290138,-0.267583,0.595236,,,,,,,,,
,,,-0.434779,-0.125736,0.183292,0.699942,0.290163,-0.267563,0.595229,,,,,,,,,
,,,-0.434709,-0.125366,0.183216,0.699959,0.290166,-0.267564,0.595206,,,,,,,,,
,,,-0.43462,-0.124949,0.183169,0.699974,0.290216,-0.267564,0.595165,,,,,,,,,
,,,-0.434713,-0.124341,0.183087,0.70001,0.290205,-0.267543,0.595137,,,,,,,,,
,,,-0.434413,-0.124183,0.183266,0.699958,0.290199,-0.267531,0.595206,,,,,,,,,
,,,-0.434334,-0.123891,0.183112,0.699968,0.290171,-0.267557,0.595197,,,,,,,,,
,,,-0.43419,-0.123245,0.183143,0.699942,0.290194,-0.267559,0.595214,,,,,,,,,
,,,-0.434111,-0.123021,0.183125,0.699992,0.290186,-0.267533,0.595172,,,,,,,,,
,,,-0.4338,-0.122454,0.183288,0.699949,0.290195,-0.267532,0.595218,,,,,,,,,
,,,-0.433691,-0.12198,0.183297,0.699935,0.290196,-0.267531,0.595235,,,,,,,,,
,,,-0.433812,-0.121169,0.18331,0.699953,0.29018,-0.267475,0.595246,,,,,,,,,
,,,-0.433592,-0.120508,0.18321,0.700005,0.290172,-0.267479,0.595188,,,,,,,,,
,,,-0.433569,-0.120396,0.183148,0.699936,0.290197,-0.267529,0.595234,,,,,,,,,
,,,-0.433491,-0.120007,0.18305,0.699931,0.290181,-0.267521,0.595252,,,,,,,,,
,,,-0.43338,-0.119575,0.182983,0.699916,0.290183,-0.267523,0.595267,,,,,,,,,
,,,-0.433357,-0.119196,0.182833,0.699927,0.290173,-0.267503,0.595268,,,,,,,,,
,,,-0.433186,-0.118931,0.182779,0.699924,0.290179,-0.267513,0.595264,,,,,,,,,
,,,-0.433225,-0.118344,0.182745,0.699906,0.290191,-0.267528,0.595272,,,,,,,,,
,,,-0.43315,-0.118149,0.182714,0.699983,0.290172,-0.267492,0.595208,,,,,,,,,
,,,-0.43307,-0.117454,0.18275,0.699949,0.290224,-0.267508,0.595216,,,,,,,,,
,,,-0.433053,-0.117303,0.18273,0.699998,0.290217,-0.26751,0.59516,,,,,,,,,
,,,-0.43295,-0.11685,0.182718,0.699948,0.290244,-0.267485,0.595217,,,,,,,,,
,,,-0.432801,-0.116574,0.182812,0.69998,0.290195,-0.267522,0.595186,,,,,,,,,
,,,-0.432645,-0.11632,0.182818,0.700009,0.290167,-0.267521,0.595167,,,,,,,,,
,,,-0.432525,-0.115764,0.18279,0.69998,0.290144,-0.267537,0.595204,,,,,,,,,
,,,-0.432584,-0.11541,0.182776,0.699998,0.290126,-0.267548,0.595188,,,,,,,,,
,,,-0.432455,-0.115098,0.182734,0.699989,0.29012,-0.267544,0.595203,,,,,,,,,
,,,-0.432296,-0.114303,0.18274,0.699999,0.290108,-0.267581,0.59518,,,,,,,,,
,,,-0.432168,-0.113935,0.182759,0.699971,0.29012,-0.267606,0.595196,,,,,,,,,
,,,-0.432099,-0.113324,0.182732,0.700005,0.290113,-0.267593,0.595166,,,,,,,,,
,,,-0.432015,-0.113286,0.182618,0.699938,0.290138,-0.267583,0.595236,,,,,,,,,
,,,-0.432057,-0.112449,0.182714,0.699942,0.290163,-0.267563,0.595229,,,,,,,,,
,,,-0.431885,-0.112091,0.182718,0.699959,0.290166,-0.267564,0.595206,,,,,,,,,
,,,-0.431827,-0.111964,0.182504,0.699974,0.290216,-0.267564,0.595165,,,,,,,,,
,,,-0.43177,-0.111533,0.182489,0.70001,0.290205,-0.267543,0.595137,,,,,,,,,
,,,-0.431516,-0.111272,0.1823,0.699958,0.290199,-0.267531,0.595206,,,,,,,,,
,,,-0.431363,-0.110696,0.182218,0.699968,0.290171,-0.267557,0.595197,,,,,,,,,
,,,-0.431266,-0.110373,0.182182,0.699942,0.290194,-0.267559,0.595214,,,,,,,,,
,,,-0.431386,-0.109461,0.182169,0.699992,0.290186,-0.267533,0.595172,,,,,,,,,
,,,-0.431258,-0.108925,0.18218,0.699949,0.290195,-0.267532,0.595218,,,,,,,,,
,,,-0.431139,-0.108644,0.182051,0.699935,0.290196,-0.267531,0.595235,,,,,,,,,
,,,-0.430951,-0.108529,0.182046,0.699953,0.29018,-0.267475,0.595246,,,,,,,,,
,,,-0.43078,-0.108189,0.181944,0.700005,0.290172,-0.267479,0.595188,,,,,,,,,
,,,-0.430646,-0.107507,0.181915,0.699936,0.290197,-0.267529,0.595234,,,,,,,,,
,,,-0.430549,-0.107082,0.181867,0.699931,0.290181,-0.267521,0.595252,,,,,,,,,
,,,-0.430663,-0.105987,0.181899,0.699916,0.290183,-0.267523,0.595267,,,,,,,,,
,,,-0.430544,-0.105337,0.181918,0.699927,0.290173,-0.267503,0.595268,,,,,,,,,
,,,-0.430199,-0.105088,0.181912,0.699924,0.290179,-0.267513,0.595264,,,,,,,,,
,,,-0.429878,-0.104443,0.181741,0.699906,0.290191,-0.267528,0.595272,,,,,,,,,
,,,-0.429725,-0.104559,0.181656,0.699983,0.290172,-0.267492,0.595208,,,,,,,,,
,,,-0.42977,-0.103997,0.181575,0.699949,0.290224,-0.267508,0.595216,,,,,,,,,
,,,-0.429855,-0.103597,0.181691,0.699998,0.290217,-0.26751,0.59516,,,,,,,,,
,,,-0.429772,-0.103336,0.181783,0.699948,0.290244,-0.267485,0.595217,,,,,,,,,
,,,-0.429519,-0.102908,0.18171,0.69998,0.290195,-0.267522,0.595186,,,,,,,,,
,,,-0.429497,-0.102397,0.18158,0.700009,0.290167,-0.267521,0.595167,,,,,,,,,
,,,-0.429462,-0.101808,0.181519,0.69998,0.290144,-0.267537,0.595204,,,,,,,,,
,,,-0.429483,-0.101458,0.181632,0.699998,0.290126,-0.267548,0.595188,,,,,,,,,
,,,-0.429023,-0.101113,0.181527,0.699989,0.29012,-0.267544,0.595203,,,,,,,,,
,,,-0.428834,-0.100539,0.181516,0.699999,0.290108,-0.267581,0.59518,,,,,,,,,
,,,-0.428998,-0.100163,0.181467,0.699971,0.29012,-0.267606,0.595196,,,,,,,,,
,,,-0.428979,-0.099737,0.181436,0.700005,0.290113,-0.267593,0.595166,,,,,,,,,
,,,-0.428918,-0.099277,0.18161,0.699938,0.290138,-0.267583,0.595236,,,,,,,,,
,,,-0.42874,-0.098719,0.181534,0.699942,0.290163,-0.267563,0.595229,,,,,,,,,
,,,-0.428598,-0.098462,0.18141,0.699959,0.290166,-0.267564,0.595206,,,,,,,,,
,,,-0.428309,-0.098047,0.181361,0.699974,0.290216,-0.267564,0.595165,,,,,,,,,
,,,-0.428348,-0.097733,0.1813,0.70001,0.290205,-0.267543,0.595137,,,,,,,,,
,,,-0.428171,-0.096759,0.181267,0.699958,0.290199,-0.267531,0.595206,,,,,,,,,
,,,-0.428024,-0.096544,0.181228,0.699968,0.290171,-0.267557,0.595197,,,,,,,,,
,,,-0.428006,-0.096157,0.181269,0.699942,0.290194,-0.267559,0.595214,,,,,,,,,
,,,-0.42776,-0.095734,0.181108,0.699992,0.290186,-0.267533,0.595172,,,,,,,,,
,,,-0.427837,-0.095119,0.181129,0.699949,0.290195,-0.267532,0.595218,,,,,,,,,
,,,-0.427673,-0.094645,0.181047,0.699935,0.290196,-0.267531,0.595235,,,,,,,,,
,,,-0.427684,-0.094549,0.18105,0.699953,0.29018,-0.267475,0.595246,,,,,,,,,
,,,-0.427434,-0.093973,0.180893,0.700005,0.290172,-0.267479,0.595188,,,,,,,,,
,,,-0.427505,-0.093667,0.180891,0.699936,0.290197,-0.267529,0.595234,,,,,,,,,
,,,-0.427269,-0.092856,0.180747,0.699931,0.290181,-0.267521,0.595252,,,,,,,,,
,,,-0.42738,-0.092524,0.180925,0.699916,0.290183,-0.267523,0.595267,,,,,,,,,
,,,-0.42723,-0.092151,0.181025,0.699927,0.290173,-0.267503,0.595268,,,,,,,,,
,,,-0.427126,-0.091744,0.181027,0.699924,0.290179,-0.267513,0.595264,,,,,,,,,
,,,-0.426996,-0.091324,0.181052,0.699906,0.290191,-0.267528,0.595272,,,,,,,,,
,,,-0.426802,-0.090913,0.181009,0.699983,0.290172,-0.267492,0.595208,,,,,,,,,
,,,-0.426725,-0.090681,0.180778,0.699949,0.290224,-0.267508,0.595216,,,,,,,,,
,,,-0.426464,-0.090278,0.180732,0.699998,0.290217,-0.26751,0.59516,,,,,,,,,
,,,-0.426598,-0.0899,0.180774,0.699948,0.290244,-0.267485,0.595217,,,,,,,,,
,,,-0.426685,-0.08915,0.180617,0.69998,0.290195,-0.267522,0.595186,,,,,,,,,
,,,-0.42651,-0.088984,0.180517,0.700009,0.290167,-0.267521,0.595167,,,,,,,,,
,,,-0.42637,-0.088172,0.180494,0.69998,0.290144,-0.267537,0.595204,,,,,,,,,
,,,-0.426234,-0.087856,0.180391,0.699998,0.290126,-0.267548,0.595188,,,,,,,,,
,,,-0.426185,-0.087383,0.180412,0.699989,0.29012,-0.267544,0.595203,,,,,,,,,
,,,-0.425953,-0.087,0.180437,0.699999,0.290108,-0.267581,0.59518,,,,,,,,,
,,,-0.425999,-0.086815,0.180438,0.699971,0.29012,-0.267606,0.595196,,,,,,,,,
,,,-0.425834,-0.086431,0.180403,0.700005,0.290113,-0.267593,0.595166,,,,,,,,,
,,,-0.425792,-0.085999,0.180492,0.699938,0.290138,-0.267583,0.595236,,,,,,,,,
,,,-0.425782,-0.085692,0.180414,0.699942,0.290163,-0.267563,0.595229,,,,,,,,,
,,,-0.425559,-0.08518,0.180453,0.699959,0.290166,-0.267564,0.595206,,,,,,,,,
,,,-0.42549,-0.084561,0.180453,0.699974,0.290216,-0.267564,0.595165,,,,,,,,,
,,,-0.425375,-0.08401,0.180279,0.70001,0.290205,-0.267543,0.595137,,,,,,,,,
,,,-0.425192,-0.083775,0.180344,0.699958,0.290199,-0.267531,0.595206,,,,,,,,,
,,,-0.425081,-0.08317,0.180267,0.699968,0.290171,-0.267557,0.595197,,,,,,,,,
,,,-0.42497,-0.082917,0.180283,0.699942,0.290194,-0.267559,0.595214,,,,,,,,,
,,,-0.424942,-0.082662,0.180148,0.699992,0.290186,-0.267533,0.595172,,,,,,,,,
,,,-0.424862,-0.082177,0.180216,0.699949,0.290195,-0.267532,0.595218,,,,,,,,,
,,,-0.424703,-0.081654,0.180023,0.699935,0.290196,-0.267531,0.595235,,,,,,,,,
,,,-0.424671,-0.081349,0.18011,0.699953,0.29018,-0.267475,0.595246,,,,,,,,,
,,,-0.424532,-0.080783,0.180091,0.700005,0.290172,-0.267479,0.595188,,,,,,,,,
,,,-0.424484,-0.080357,0.180054,0.699936,0.290197,-0.267529,0.595234,,,,,,,,,
,,,-0.424384,-0.07984,0.179953,0.699931,0.290181,-0.267521,0.595252,,,,,,,,,
,,,-0.424315,-0.079538,0.179908,0.699916,0.290183,-0.267523,0.595267,,,,,,,,,
,,,-0.424247,-0.079173,0.179856,0.699927,0.290173,-0.267503,0.595268,,,,,,,,,
,,,-0.424203,-0.078288,0.179863,0.699924,0.290179,-0.267513,0.595264,,,,,,,,,
,,,-0.424042,-0.078092,0.179802,0.699906,0.290191,-0.267528,0.595272,,,,,,,,,
,,,-0.423851,-0.078626,0.179326,0.699983,0.290172,-0.267492,0.595208,,,,,,,,,
,,,-0.423824,-0.077944,0.179497,0.699949,0.290224,-0.267508,0.595216,,,,,,,,,
,,,-0.42385,-0.077481,0.179584,0.699998,0.290217,-0.26751,0.59516,,,,,,,,,
,,,-0.423756,-0.07728,0.179452,0.699948,0.290244,-0.267485,0.595217,,,,,,,,,
,,,-0.423687,-0.076475,0.179603,0.69998,0.290195,-0.267522,0.595186,,,,,,,,,
,,,-0.423496,-0.075849,0.179694,0.700009,0.290167,-0.267521,0.595167,,,,,,,,,
,,,-0.423447,-0.075418,0.179646,0.69998,0.290144,-0.267537,0.595204,,,,,,,,,
,,,-0.423366,-0.074911,0.179692,0.699998,0.290126,-0.267548,0.595188,,,,,,,,,
,,,-0.423323,-0.074559,0.17966,0.699989,0.29012,-0.267544,0.595203,,,,,,,,,
,,,-0.423006,-0.07401,0.179718,0.699999,0.290108,-0.267581,0.59518,,,,,,,,,
,,,-0.422963,-0.073865,0.179641,0.699971,0.29012,-0.267606,0.595196,,,,,,,,,
,,,-0.42305,-0.073349,0.179696,0.700005,0.290113,-0.267593,0.595166,,,,,,,,,
,,,-0.4227,-0.072839,0.179639,0.699938,0.290138,-0.267583,0.595236,,,,,,,,,
,,,-0.42301,-0.072648,0.179427,0.699942,0.290163,-0.267563,0.595229,,,,,,,,,
,,,-0.42266,-0.072146,0.179409,0.699959,0.290166,-0.267564,0.595206,,,,,,,,,
,,,-0.422491,-0.071534,0.179596,0.699974,0.290216,-0.267564,0.595165,,,,,,,,,
,,,-0.422574,-0.07112,0.179649,0.70001,0.290205,-0.267543,0.595137,,,,,,,,,
,,,-0.422625,-0.070844,0.179473,0.699958,0.290199,-0.267531,0.595206,,,,,,,,,
,,,-0.422373,-0.069844,0.179688,0.699968,0.290171,-0.267557,0.595197,,,,,,,,,
,,,-0.422092,-0.06994,0.179395,0.699942,0.290194,-0.267559,0.595214,,,,,,,,,
,,,-0.422078,-0.069574,0.179513,0.699992,0.290186,-0.267533,0.595172,,,,,,,,,
,,,-0.422125,-0.069593,0.17931,0.699949,0.290195,-0.267532,0.595218,,,,,,,,,
,,,-0.421867,-0.0688,0.179409,0.699935,0.290196,-0.267531,0.595235,,,,,,,,,
,,,-0.421902,-0.068446,0.179418,0.699953,0.29018,-0.267475,0.595246,,,,,,,,,
,,,-0.421888,-0.068075,0.179307,0.700005,0.290172,-0.267479,0.595188,,,,,,,,,
,,,-0.421841,-0.067526,0.179358,0.699936,0.290197,-0.267529,0.595234,,,,,,,,,
,,,-0.421974,-0.067128,0.179325,0.699931,0.290181,-0.267521,0.595252,,,,,,,,,
,,,-0.421757,-0.066819,0.179505,0.699916,0.290183,-0.267523,0.595267,,,,,,,,,
,,,-0.421757,-0.065602,0.179443,0.699927,0.290173,-0.267503,0.595268,,,,,,,,,
,,,-0.421368,-0.065364,0.179396,0.699924,0.290179,-0.267513,0.595264,,,,,,,,,
,,,-0.421279,-0.0651,0.179407,0.699906,0.290191,-0.267528,0.595272,,,,,,,,,
,,,-0.420987,-0.06453,0.179157,0.699983,0.290172,-0.267492,0.595208,,,,,,,,,
,,,-0.420925,-0.064253,0.179093,0.699949,0.290224,-0.267508,0.595216,,,,,,,,,
,,,-0.420794,-0.063617,0.179,0.699998,0.290217,-0.26751,0.59516,,,,,,,,,
,,,-0.420655,-0.063541,0.178878,0.699948,0.290244,-0.267485,0.595217,,,,,,,,,
,,,-0.420796,-0.063133,0.178946,0.69998,0.290195,-0.267522,0.595186,,,,,,,,,
,,,-0.420748,-0.062647,0.178876,0.700009,0.290167,-0.267521,0.595167,,,,,,,,,
,,,-0.420662,-0.062154,0.178833,0.69998,0.290144,-0.267537,0.595204,,,,,,,,,
,,,-0.420674,-0.061754,0.178805,0.699998,0.290126,-0.267548,0.595188,,,,,,,,,
,,,-0.420397,-0.061708,0.178724,0.699989,0.29012,-0.267544,0.595203,,,,,,,,,
,,,-0.420362,-0.061104,0.178725,0.699999,0.290108,-0.267581,0.59518,,,,,,,,,
,,,-0.420367,-0.060841,0.178561,0.699971,0.29012,-0.267606,0.595196,,,,,,,,,
,,,-0.420169,-0.060509,0.178443,0.700005,0.290113,-0.267593,0.595166,,,,,,,,,
,,,-0.420125,-0.060099,0.178288,0.699938,0.290138,-0.267583,0.595236,,,,,,,,,
,,,-0.420159,-0.059443,0.178401,0.699942,0.290163,-0.267563,0.595229,,,,,,,,,
,,,-0.419919,-0.059313,0.178371,0.699959,0.290166,-0.267564,0.595206,,,,,,,,,
,,,-0.420051,-0.058902,0.178458,0.699974,0.290216,-0.267564,0.595165,,,,,,,,,
,,,-0.420023,-0.058573,0.178436,0.70001,0.290205,-0.267543,0.595137,,,,,,,,,
,,,-0.419997,-0.058254,0.178297,0.699958,0.290199,-0.267531,0.595206,,,,,,,,,
,,,-0.419883,-0.058028,0.178348,0.699968,0.290171,-0.267557,0.595197,,,,,,,,,
,,,-0.419727,-0.057451,0.178423,0.699942,0.290194,-0.267559,0.595214,,,,,,,,,
,,,-0.419612,-0.057198,0.178451,0.699992,0.290186,-0.267533,0.595172,,,,,,,,,
,,,-0.419606,-0.056771,0.178445,0.699949,0.290195,-0.267532,0.595218,,,,,,,,,
,,,-0.419596,-0.056392,0.178379,0.699935,0.290196,-0.267531,0.595235,,,,,,,,,
,,,-0.419487,-0.055677,0.17834,0.699953,0.29018,-0.267475,0.595246,,,,,,,,,
,,,-0.419225,-0.054992,0.178308,0.700005,0.290172,-0.267479,0.595188,,,,,,,,,
,,,-0.418959,-0.055274,0.178234,0.699936,0.290197,-0.267529,0.595234,,,,,,,,,
,,,-0.418922,-0.054615,0.178301,0.699931,0.290181,-0.267521,0.595252,,,,,,,,,
,,,-0.418979,-0.054362,0.178469,0.699916,0.290183,-0.267523,0.595267,,,,,,,,,
,,,-0.418844,-0.053815,0.17839,0.699927,0.290173,-0.267503,0.595268,,,,,,,,,
,,,-0.418723,-0.053385,0.178353,0.699924,0.290179,-0.267513,0.595264,,,,,,,,,
,,,-0.418704,-0.053113,0.178249,0.699906,0.290191,-0.267528,0.595272,,,,,,,,,
,,,-0.418699,-0.052822,0.178235,0.699983,0.290172,-0.267492,0.595208,,,,,,,,,
,,,-0.41864,-0.052178,0.178331,0.699949,0.290224,-0.267508,0.595216,,,,,,,,,
,,,-0.418438,-0.051585,0.178289,0.699998,0.290217,-0.26751,0.59516,,,,,,,,,
,,,-0.41837,-0.051058,0.178199,0.699948,0.290244,-0.267485,0.595217,,,,,,,,,
,,,-0.418029,-0.050674,0.177985,0.69998,0.290195,-0.267522,0.595186,,,,,,,,,
,,,-0.417953,-0.050679,0.177976,0.700009,0.290167,-0.267521,0.595167,,,,,,,,,
,,,-0.417998,-0.050271,0.17798,0.69998,0.290144,-0.267537,0.595204,,,,,,,,,
,,,-0.418216,-0.050474,0.177867,0.699998,0.290126,-0.267548,0.595188,,,,,,,,,
,,,-0.417923,-0.048979,0.178155,0.699989,0.29012,-0.267544,0.595203,,,,,,,,,
,,,-0.417729,-0.048838,0.178163,0.699999,0.290108,-0.267581,0.59518,,,,,,,,,
,,,-0.417927,-0.048169,0.178092,0.699971,0.29012,-0.267606,0.595196,,,,,,,,,
,,,-0.417698,-0.047469,0.178222,0.700005,0.290113,-0.267593,0.595166,,,,,,,,,
,,,-0.417572,-0.047169,0.178199,0.699938,0.290138,-0.267583,0.595236,,,,,,,,,
,,,-0.417649,-0.045832,0.178192,0.699942,0.290163,-0.267563,0.595229,,,,,,,,,
,,,-0.417356,-0.04569,0.178362,0.699959,0.290166,-0.267564,0.595206,,,,,,,,,
,,,-0.416989,-0.045,0.178313,0.699974,0.290216,-0.267564,0.595165,,,,,,,,,
,,,-0.416651,-0.044372,0.178551,0.70001,0.290205,-0.267543,0.595137,,,,,,,,,
,,,-0.416821,-0.044105,0.178328,0.699958,0.290199,-0.267531,0.595206,,,,,,,,,
,,,-0.416431,-0.043489,0.178389,0.699968,0.290171,-0.267557,0.595197,,,,,,,,,
,,,-0.416059,-0.043541,0.178224,0.699942,0.290194,-0.267559,0.595214,,,,,,,,,
,,,-0.415953,-0.043054,0.178241,0.699992,0.290186,-0.267533,0.595172,,,,,,,,,
,,,-0.416176,-0.04282,0.178206,0.699949,0.290195,-0.267532,0.595218,,,,,,,,,
,,,-0.416175,-0.042211,0.178273,0.699935,0.290196,-0.267531,0.595235,,,,,,,,,
,,,-0.416036,-0.041719,0.17824,0.699953,0.29018,-0.267475,0.595246,,,,,,,,,
,,,-0.415901,-0.041445,0.17821,0.700005,0.290172,-0.267479,0.595188,,,,,,,,,
,,,-0.415654,-0.040796,0.178184,0.699936,0.290197,-0.267529,0.595234,,,,,,,,,
,,,-0.415787,-0.040465,0.178091,0.699931,0.290181,-0.267521,0.595252,,,,,,,,,
,,,-0.415616,-0.040205,0.178066,0.699916,0.290183,-0.267523,0.595267,,,,,,,,,
,,,-0.415549,-0.039536,0.178329,0.699927,0.290173,-0.267503,0.595268,,,,,,,,,
,,,-0.415521,-0.039133,0.178156,0.699924,0.290179,-0.267513,0.595264,,,,,,,,,
,,,-0.415511,-0.038579,0.178201,0.699906,0.290191,-0.267528,0.595272,,,,,,,,,
,,,-0.415123,-0.038231,0.178152,0.699983,0.290172,-0.267492,0.595208,,,,,,,,,
,,,-0.41508,-0.037792,0.1783,0.699949,0.290224,-0.267508,0.595216,,,,,,,,,
,,,-0.415014,-0.037527,0.178125,0.699998,0.290217,-0.26751,0.59516,,,,,,,,,
,,,-0.414776,-0.037087,0.17813,0.699948,0.290244,-0.267485,0.595217,,,,,,,,,
,,,-0.414772,-0.036641,0.177967,0.69998,0.290195,-0.267522,0.595186,,,,,,,,,
,,,-0.414733,-0.036265,0.177943,0.700009,0.290167,-0.267521,0.595167,,,,,,,,,
,,,-0.414651,-0.035817,0.177903,0.69998,0.290144,-0.267537,0.595204,,,,,,,,,
,,,-0.414512,-0.035746,0.177923,0.699998,0.290126,-0.267548,0.595188,,,,,,,,,
,,,-0.414543,-0.034587,0.178147,0.699989,0.29012,-0.267544,0.595203,,,,,,,,,
,,,-0.414357,-0.034307,0.177926,0.699999,0.290108,-0.267581,0.59518,,,,,,,,,
,,,-0.414141,-0.033913,0.177851,0.699971,0.29012,-0.267606,0.595196,,,,,,,,,
,,,-0.414005,-0.033518,0.177803,0.700005,0.290113,-0.267593,0.595166,,,,,,,,,
,,,-0.414046,-0.033516,0.1778,0.699938,0.290138,-0.267583,0.595236,,,,,,,,,
,,,-0.413904,-0.032756,0.177867,0.699942,0.290163,-0.267563,0.595229,,,,,,,,,
,,,-0.413983,-0.03236,0.177884,0.699959,0.290166,-0.267564,0.595206,,,,,,,,,
,,,-0.413763,-0.031855,0.177776,0.699974,0.290216,-0.267564,0.595165,,,,,,,,,
,,,-0.413761,-0.031281,0.177732,0.70001,0.290205,-0.267543,0.595137,,,,,,,,,
,,,-0.413444,-0.030765,0.177627,0.699958,0.290199,-0.267531,0.595206,,,,,,,,,
,,,-0.413487,-0.030089,0.177505,0.699968,0.290171,-0.267557,0.595197,,,,,,,,,
,,,-0.413013,-0.029893,0.177788,0.699942,0.290194,-0.267559,0.595214,,,,,,,,,
,,,-0.412685,-0.029444,0.177846,0.699992,0.290186,-0.267533,0.595172,,,,,,,,,
,,,-0.413062,-0.02924,0.177506,0.699949,0.290195,-0.267532,0.595218,,,,,,,,,
,,,-0.412876,-0.028998,0.177475,0.699935,0.290196,-0.267531,0.595235,,,,,,,,,
,,,-0.413056,-0.028497,0.17758,0.699953,0.29018,-0.267475,0.595246,,,,,,,,,
,,,-0.413236,-0.028186,0.177571,0.700005,0.290172,-0.267479,0.595188,,,,,,,,,
,,,-0.413093,-0.027591,0.177511,0.699936,0.290197,-0.267529,0.595234,,,,,,,,,
,,,-0.412866,-0.027304,0.17742,0.699931,0.290181,-0.267521,0.595252,,,,,,,,,
,,,-0.412789,-0.026618,0.177233,0.699916,0.290183,-0.267523,0.595267,,,,,,,,,
,,,-0.412631,-0.026339,0.177295,0.699927,0.290173,-0.267503,0.595268,,,,,,,,,
,,,-0.412268,-0.025996,0.177205,0.699924,0.290179,-0.267513,0.595264,,,,,,,,,
,,,-0.412391,-0.025369,0.177159,0.699906,0.290191,-0.267528,0.595272,,,,,,,,,
,,,-0.41233,-0.025074,0.177108,0.699983,0.290172,-0.267492,0.595208,,,,,,,,,
,,,-0.412086,-0.024033,0.177274,0.699949,0.290224,-0.267508,0.595216,,,,,,,,,
,,,-0.411877,-0.023484,0.177304,0.699998,0.290217,-0.26751,0.59516,,,,,,,,,
,,,-0.411823,-0.023372,0.177179,0.699948,0.290244,-0.267485,0.595217,,,,,,,,,
,,,-0.411555,-0.022964,0.177171,0.69998,0.290195,-0.267522,0.595186,,,,,,,,,
,,,-0.411481,-0.022752,0.176915,0.700009,0.290167,-0.267521,0.595167,,,,,,,,,
,,,-0.411672,-0.022444,0.17686,0.69998,0.290144,-0.267537,0.595204,,,,,,,,,
,,,-0.411606,-0.021914,0.17668,0.699998,0.290126,-0.267548,0.595188,,,,,,,,,
,,,-0.411517,-0.021513,0.176652,0.699989,0.29012,-0.267544,0.595203,,,,,,,,,
,,,-0.411431,-0.020805,0.176598,0.699999,0.290108,-0.267581,0.59518,,,,,,,,,
,,,-0.41138,-0.020831,0.176424,0.699971,0.29012,-0.267606,0.595196,,,,,,,,,
,,,-0.411403,-0.020255,0.176193,0.700005,0.290113,-0.267593,0.595166,,,,,,,,,
,,,-0.411242,-0.019899,0.176353,0.699938,0.290138,-0.267583,0.595236,,,,,,,,,
,,,-0.410996,-0.019482,0.176187,0.699942,0.290163,-0.267563,0.595229,,,,,,,,,
,,,-0.410998,-0.019058,0.176421,0.699959,0.290166,-0.267564,0.595206,,,,,,,,,
,,,-0.410891,-0.018495,0.176426,0.699974,0.290216,-0.267564,0.595165,,,,,,,,,
,,,-0.410746,-0.01763,0.176289,0.70001,0.290205,-0.267543,0.595137,,,,,,,,,
,,,-0.410726,-0.017343,0.176457,0.699958,0.290199,-0.267531,0.595206,,,,,,,,,
,,,-0.410591,-0.017027,0.176379,0.699958,0.290199,-0.267531,0.595206,,,,,,,,,
,,,-0.410407,-0.016256,0.176339,0.699968,0.290171,-0.267557,0.595197,,,,,,,,,
,,,-0.410389,-0.015809,0.176309,0.699942,0.290194,-0.267559,0.595214,,,,,,,,,
,,,-0.410229,-0.015723,0.176474,0.699992,0.290186,-0.267533,0.595172,,,,,,,,,
,,,-0.410105,-0.015361,0.176305,0.699949,0.290195,-0.267532,0.595218,,,,,,,,,
,,,-0.410017,-0.014966,0.176272,0.699935,0.290196,-0.267531,0.595235,,,,,,,,,
,,,-0.409866,-0.014524,0.176231,0.699953,0.29018,-0.267475,0.595246,,,,,,,,,
,,,-0.409685,-0.014113,0.176277,0.700005,0.290172,-0.267479,0.595188,,,,,,,,,
,,,-0.409805,-0.013666,0.17614,0.699936,0.290197,-0.267529,0.595234,,,,,,,,,
,,,-0.409623,-0.013342,0.176189,0.699931,0.290181,-0.267521,0.595252,,,,,,,,,
,,,-0.409646,-0.013025,0.17604,0.699916,0.290183,-0.267523,0.595267,,,,,,,,,
,,,-0.409528,-0.012577,0.175986,0.699927,0.290173,-0.267503,0.595268,,,,,,,,,
,,,-0.409366,-0.011496,0.175908,0.699924,0.290179,-0.267513,0.595264,,,,,,,,,
,,,-0.409315,-0.010857,0.175934,0.699906,0.290191,-0.267528,0.595272,,,,,,,,,
,,,-0.40925,-0.010913,0.175721,0.699983,0.290172,-0.267492,0.595208,,,,,,,,,
,,,-0.409212,-0.011219,0.175706,0.699949,0.290224,-0.267508,0.595216,,,,,,,,,
,,,-0.409117,-0.010816,0.175661,0.699998,0.290217,-0.26751,0.59516,,,,,,,,,
,,,-0.409297,-0.010709,0.175752,0.699948,0.290244,-0.267485,0.595217,,,,,,,,,
,,,-0.409208,-0.01046,0.175635,0.69998,0.290195,-0.267522,0.595186,,,,,,,,,
,,,-0.409021,-0.00958,0.175868,0.700009,0.290167,-0.267521,0.595167,,,,,,,,,
,,,-0.408939,-0.009109,0.175607,0.69998,0.290144,-0.267537,0.595204,,,,,,,,,
,,,-0.409026,-0.008656,0.175798,0.699998,0.290126,-0.267548,0.595188,,,,,,,,,
,,,-0.408939,-0.00828,0.175519,0.699989,0.29012,-0.267544,0.595203,,,,,,,,,
,,,-0.40875,-0.008379,0.175598,0.699999,0.290108,-0.267581,0.59518,,,,,,,,,
,,,-0.408602,-0.008269,0.17553,0.699971,0.29012,-0.267606,0.595196,,,,,,,,,
,,,-0.40857,-0.006881,0.175821,0.700005,0.290113,-0.267593,0.595166,,,,,,,,,
,,,-0.408455,-0.006507,0.175875,0.699938,0.290138,-0.267583,0.595236,,,,,,,,,
,,,-0.408427,-0.006134,0.175935,0.699942,0.290163,-0.267563,0.595229,,,,,,,,,
,,,-0.408423,-0.005776,0.175739,0.699959,0.290166,-0.267564,0.595206,,,,,,,,,
,,,-0.408389,-0.00545,0.1758,0.699974,0.290216,-0.267564,0.595165,,,,,,,,,
,,,-0.407962,-0.004977,0.175619,0.70001,0.290205,-0.267543,0.595137,,,,,,,,,
,,,-0.407892,-0.004762,0.175594,0.699958,0.290199,-0.267531,0.595206,,,,,,,,,
,,,-0.407835,-0.004318,0.175439,0.699968,0.290171,-0.267557,0.595197,,,,,,,,,
,,,-0.407722,-0.004124,0.175448,0.699942,0.290194,-0.267559,0.595214,,,,,,,,,
,,,-0.407532,-0.003098,0.175419,0.699992,0.290186,-0.267533,0.595172,,,,,,,,,
,,,-0.407667,-0.002787,0.175345,0.699949,0.290195,-0.267532,0.595218,,,,,,,,,
,,,-0.407643,-0.002324,0.175283,0.699935,0.290196,-0.267531,0.595235,,,,,,,,,
,,,-0.407416,-0.001832,0.175267,0.699953,0.29018,-0.267475,0.595246,,,,,,,,,
,,,-0.407316,-0.001372,0.175179,0.700005,0.290172,-0.267479,0.595188,,,,,,,,,
,,,-0.406984,-0.001125,0.17516,0.699936,0.290197,-0.267529,0.595234,,,,,,,,,
,,,-0.406992,-0.00059,0.175099,0.699931,0.290181,-0.267521,0.595252,,,,,,,,,
,,,-0.407031,-0.000397,0.175079,0.699916,0.290183,-0.267523,0.595267,,,,,,,,,
,,,-0.406891,0.000035,0.175186,0.699927,0.290173,-0.267503,0.595268,,,,,,,,,
,,,-0.406783,0.000518,0.175169,0.699924,0.290179,-0.267513,0.595264,,,,,,,,,
,,,-0.40684,0.000757,0.175153,0.699906,0.290191,-0.267528,0.595272,,,,,,,,,
,,,-0.40674,0.001136,0.17508,0.699983,0.290172,-0.267492,0.595208,,,,,,,,,
,,,-0.406492,0.00149,0.174974,0.699949,0.290224,-0.267508,0.595216,,,,,,,,,
,,,-0.406323,0.001892,0.174968,0.699998,0.290217,-0.26751,0.59516,,,,,,,,,
,,,-0.406313,0.00244,0.174859,0.699948,0.290244,-0.267485,0.595217,,,,,,,,,
,,,-0.406327,0.002949,0.174942,0.69998,0.290195,-0.267522,0.595186,,,,,,,,,
,,,-0.40631,0.003211,0.17471,0.700009,0.290167,-0.267521,0.595167,,,,,,,,,
,,,-0.40622,0.003325,0.174783,0.69998,0.290144,-0.267537,0.595204,,,,,,,,,
,,,-0.406131,0.003727,0.174657,0.699998,0.290126,-0.267548,0.595188,,,,,,,,,
,,,-0.406111,0.003985,0.174652,0.699989,0.29012,-0.267544,0.595203,,,,,,,,,
,,,-0.406122,0.004257,0.174529,0.699999,0.290108,-0.267581,0.59518,,,,,,,,,
,,,-0.40588,0.004656,0.174766,0.699971,0.29012,-0.267606,0.595196,,,,,,,,,
,,,-0.405794,0.005061,0.174646,0.700005,0.290113,-0.267593,0.595166,,,,,,,,,
,,,-0.405835,0.005435,0.174688,0.699938,0.290138,-0.267583,0.595236,,,,,,,,,
,,,-0.405608,0.006328,0.174528,0.699942,0.290163,-0.267563,0.595229,,,,,,,,,
,,,-0.405515,0.006684,0.174594,0.699959,0.290166,-0.267564,0.595206,,,,,,,,,
,,,-0.405465,0.007026,0.174576,0.699974,0.290216,-0.267564,0.595165,,,,,,,,,
,,,-0.405406,0.007202,0.174581,0.70001,0.290205,-0.267543,0.595137,,,,,,,,,
,,,-0.405401,0.007379,0.174564,0.699958,0.290199,-0.267531,0.595206,,,,,,,,,
,,,-0.405236,0.007651,0.174846,0.699968,0.290171,-0.267557,0.595197,,,,,,,,,
,,,-0.40504,0.008472,0.174821,0.699942,0.290194,-0.267559,0.595214,,,,,,,,,
,,,-0.405032,0.008761,0.174851,0.699992,0.290186,-0.267533,0.595172,,,,,,,,,
,,,-0.404715,0.009369,0.174709,0.699949,0.290195,-0.267532,0.595218,,,,,,,,,
,,,-0.404702,0.009613,0.174713,0.699935,0.290196,-0.267531,0.595235,,,,,,,,,
,,,-0.405191,0.010411,0.174744,0.699953,0.29018,-0.267475,0.595246,,,,,,,,,
,,,-0.405159,0.010784,0.174741,0.700005,0.290172,-0.267479,0.595188,,,,,,,,,
,,,-0.404144,0.011066,0.174797,0.699936,0.290197,-0.267529,0.595234,,,,,,,,,
,,,-0.404001,0.011355,0.174789,0.699931,0.290181,-0.267521,0.595252,,,,,,,,,
,,,-0.40421,0.011681,0.174731,0.699916,0.290183,-0.267523,0.595267,,,,,,,,,
,,,-0.40417,0.012083,0.17483,0.699927,0.290173,-0.267503,0.595268,,,,,,,,,
,,,-0.404172,0.012464,0.174801,0.699924,0.290179,-0.267513,0.595264,,,,,,,,,
,,,-0.404183,0.012794,0.17474,0.699906,0.290191,-0.267528,0.595272,,,,,,,,,
,,,-0.403985,0.01318,0.174628,0.699983,0.290172,-0.267492,0.595208,,,,,,,,,
,,,-0.403895,0.013602,0.174559,0.699949,0.290224,-0.267508,0.595216,,,,,,,,,
,,,-0.403811,0.013892,0.17453,0.699998,0.290217,-0.26751,0.59516,,,,,,,,,
,,,-0.403692,0.014457,0.174509,0.699948,0.290244,-0.267485,0.595217,,,,,,,,,
,,,-0.403554,0.014789,0.174435,0.69998,0.290195,-0.267522,0.595186,,,,,,,,,
,,,-0.403547,0.015222,0.17452,0.700009,0.290167,-0.267521,0.595167,,,,,,,,,
,,,-0.403382,0.015763,0.174544,0.69998,0.290144,-0.267537,0.595204,,,,,,,,,
,,,-0.403376,0.016227,0.174578,0.699998,0.290126,-0.267548,0.595188,,,,,,,,,
,,,-0.40332,0.016666,0.174634,0.699989,0.29012,-0.267544,0.595203,,,,,,,,,
,,,-0.403084,0.017117,0.174616,0.699999,0.290108,-0.267581,0.59518,,,,,,,,,
,,,-0.403056,0.017488,0.174549,0.699971,0.29012,-0.267606,0.595196,,,,,,,,,
,,,-0.403073,0.017829,0.174556,0.700005,0.290113,-0.267593,0.595166,,,,,,,,,
,,,-0.4029,0.01835,0.174476,0.699938,0.290138,-0.267583,0.595236,,,,,,,,,
,,,-0.402675,0.019147,0.174407,0.699942,0.290163,-0.267563,0.595229,,,,,,,,,
,,,-0.402773,0.019132,0.174272,0.699959,0.290166,-0.267564,0.595206,,,,,,,,,
,,,-0.402421,0.019276,0.174336,0.699974,0.290216,-0.267564,0.595165,,,,,,,,,
,,,-0.40237,0.019662,0.174283,0.70001,0.290205,-0.267543,0.595137,,,,,,,,,
,,,-0.402771,0.020293,0.174248,0.699958,0.290199,-0.267531,0.595206,,,,,,,,,
,,,-0.402102,0.020615,0.174164,0.699968,0.290171,-0.267557,0.595197,,,,,,,,,
,,,-0.402583,0.021285,0.174254,0.699942,0.290194,-0.267559,0.595214,,,,,,,,,
,,,-0.402771,0.02196,0.174162,0.699992,0.290186,-0.267533,0.595172,,,,,,,,,
,,,-0.401715,0.022071,0.174104,0.699949,0.290195,-0.267532,0.595218,,,,,,,,,
,,,-0.40203,0.022323,0.174144,0.699935,0.290196,-0.267531,0.595235,,,,,,,,,
,,,-0.401852,0.022668,0.174105,0.699953,0.29018,-0.267475,0.595246,,,,,,,,,
,,,-0.40149,0.023154,0.174161,0.700005,0.290172,-0.267479,0.595188,,,,,,,,,
,,,-0.401506,0.023542,0.174096,0.699936,0.290197,-0.267529,0.595234,,,,,,,,,
,,,-0.401627,0.023869,0.174037,0.699931,0.290181,-0.267521,0.595252,,,,,,,,,
,,,-0.401836,0.024272,0.173998,0.699916,0.290183,-0.267523,0.595267,,,,,,,,,
,,,-0.4014,0.024787,0.17403,0.699927,0.290173,-0.267503,0.595268,,,,,,,,,
,,,-0.40078,0.025255,0.174049,0.699924,0.290179,-0.267513,0.595264,,,,,,,,,
,,,-0.400465,0.025761,0.173965,0.699906,0.290191,-0.267528,0.595272,,,,,,,,,
,,,-0.400568,0.026173,0.173792,0.699983,0.290172,-0.267492,0.595208,,,,,,,,,
,,,-0.401187,0.027146,0.173702,0.699949,0.290224,-0.267508,0.595216,,,,,,,,,
,,,-0.400286,0.026963,0.173776,0.699998,0.290217,-0.26751,0.59516,,,,,,,,,
,,,-0.400125,0.027407,0.173729,0.699948,0.290244,-0.267485,0.595217,,,,,,,,,
,,,-0.40101,0.027874,0.173677,0.69998,0.290195,-0.267522,0.595186,,,,,,,,,
,,,-0.400856,0.028297,0.173604,0.700009,0.290167,-0.267521,0.595167,,,,,,,,,
,,,-0.400116,0.029131,0.173818,0.69998,0.290144,-0.267537,0.595204,,,,,,,,,
,,,-0.399937,0.029461,0.173803,0.699998,0.290126,-0.267548,0.595188,,,,,,,,,
,,,-0.401017,0.029915,0.173498,0.699989,0.29012,-0.267544,0.595203,,,,,,,,,
,,,-0.400727,0.030396,0.173621,0.699999,0.290108,-0.267581,0.59518,,,,,,,,,
,,,-0.399263,0.030325,0.173956,0.699971,0.29012,-0.267606,0.595196,,,,,,,,,
,,,-0.399908,0.031655,0.17335,0.700005,0.290113,-0.267593,0.595166,,,,,,,,,
,,,-0.400143,0.03214,0.173193,0.699938,0.290138,-0.267583,0.595236,,,,,,,,,
,,,-0.399345,0.033438,0.173424,0.699942,0.290163,-0.267563,0.595229,,,,,,,,,
,,,-0.3991,0.03392,0.173454,0.699959,0.290166,-0.267564,0.595206,,,,,,,,,
,,,-0.39918,0.032868,0.173627,0.699974,0.290216,-0.267564,0.595165,,,,,,,,,
,,,-0.39933,0.033439,0.173509,0.70001,0.290205,-0.267543,0.595137,,,,,,,,,
,,,-0.39981,0.033714,0.173378,0.699958,0.290199,-0.267531,0.595206,,,,,,,,,
,,,-0.398706,0.034124,0.173738,0.699968,0.290171,-0.267557,0.595197,,,,,,,,,
,,,-0.398048,0.034412,0.173739,0.699942,0.290194,-0.267559,0.595214,,,,,,,,,
,,,-0.399068,0.035175,0.173195,0.699992,0.290186,-0.267533,0.595172,,,,,,,,,
,,,-0.399509,0.035761,0.172933,0.699949,0.290195,-0.267532,0.595218,,,,,,,,,
,,,-0.398446,0.03578,0.173637,0.699935,0.290196,-0.267531,0.595235,,,,,,,,,
,,,-0.399182,0.03686,0.173242,0.699953,0.29018,-0.267475,0.595246,,,,,,,,,
,,,-0.398316,0.03713,0.173644,0.700005,0.290172,-0.267479,0.595188,,,,,,,,,
,,,-0.398182,0.038419,0.173838,0.699936,0.290197,-0.267529,0.595234,,,,,,,,,
,,,-0.399023,0.03918,0.173171,0.699931,0.290181,-0.267521,0.595252,,,,,,,,,
,,,-0.397934,0.038595,0.173796,0.699916,0.290183,-0.267523,0.595267,,,,,,,,,
,,,-0.397458,0.03887,0.173679,0.699927,0.290173,-0.267503,0.595268,,,,,,,,,
,,,-0.39809,0.039182,0.173673,0.699924,0.290179,-0.267513,0.595264,,,,,,,,,
,,,-0.397917,0.039484,0.173828,0.699906,0.290191,-0.267528,0.595272,,,,,,,,,
,,,-0.397693,0.040095,0.173128,0.699983,0.290172,-0.267492,0.595208,,,,,,,,,
,,,-0.397757,0.040494,0.172978,0.699949,0.290224,-0.267508,0.595216,,,,,,,,,
,,,-0.398353,0.041225,0.173056,0.699998,0.290217,-0.26751,0.59516,,,,,,,,,
,,,-0.397282,0.041816,0.173178,0.699948,0.290244,-0.267485,0.595217,,,,,,,,,
,,,-0.397077,0.042433,0.173158,0.69998,0.290195,-0.267522,0.595186,,,,,,,,,
,,,-0.397667,0.042344,0.172524,0.700009,0.290167,-0.267521,0.595167,,,,,,,,,
,,,-0.398152,0.042451,0.172766,0.69998,0.290144,-0.267537,0.595204,,,,,,,,,
,,,-0.397366,0.042499,0.172886,0.699998,0.290126,-0.267548,0.595188,,,,,,,,,
,,,-0.397259,0.042932,0.172631,0.699989,0.29012,-0.267544,0.595203,,,,,,,,,
,,,-0.39704,0.043173,0.172978,0.699999,0.290108,-0.267581,0.59518,,,,,,,,,
,,,-0.397123,0.043714,0.172823,0.699971,0.29012,-0.267606,0.595196,,,,,,,,,
,,,-0.397334,0.044097,0.172965,0.700005,0.290113,-0.267593,0.595166,,,,,,,,,
,,,-0.397201,0.044623,0.173002,0.699938,0.290138,-0.267583,0.595236,,,,,,,,,
,,,-0.39673,0.045197,0.17312,0.699942,0.290163,-0.267563,0.595229,,,,,,,,,
,,,-0.39685,0.045332,0.173032,0.699959,0.290166,-0.267564,0.595206,,,,,,,,,
,,,-0.396816,0.045976,0.172847,0.699974,0.290216,-0.267564,0.595165,,,,,,,,,
,,,-0.396707,0.046151,0.172765,0.70001,0.290205,-0.267543,0.595137,,,,,,,,,
,,,-0.39649,0.046032,0.172723,0.699958,0.290199,-0.267531,0.595206,,,,,,,,,
,,,-0.396799,0.046387,0.172603,0.699968,0.290171,-0.267557,0.595197,,,,,,,,,
,,,-0.396629,0.046525,0.172507,0.699942,0.290194,-0.267559,0.595214,,,,,,,,,
,,,-0.396136,0.047229,0.172601,0.699992,0.290186,-0.267533,0.595172,,,,,,,,,
,,,-0.396263,0.047773,0.172564,0.699949,0.290195,-0.267532,0.595218,,,,,,,,,
,,,-0.396447,0.048271,0.172577,0.699935,0.290196,-0.267531,0.595235,,,,,,,,,
,,,-0.396266,0.049049,0.172522,0.699953,0.29018,-0.267475,0.595246,,,,,,,,,
,,,-0.396256,0.04989,0.172367,0.700005,0.290172,-0.267479,0.595188,,,,,,,,,
,,,-0.395639,0.049694,0.172461,0.699936,0.290197,-0.267529,0.595234,,,,,,,,,
,,,-0.395856,0.050031,0.172153,0.699931,0.290181,-0.267521,0.595252,,,,,,,,,
,,,-0.395897,0.050768,0.172695,0.699916,0.290183,-0.267523,0.595267,,,,,,,,,
,,,-0.395999,0.05137,0.172748,0.699927,0.290173,-0.267503,0.595268,,,,,,,,,
,,,-0.395753,0.051505,0.172852,0.699924,0.290179,-0.267513,0.595264,,,,,,,,,
,,,-0.395192,0.051856,0.172909,0.699906,0.290191,-0.267528,0.595272,,,,,,,,,
,,,-0.395107,0.052162,0.17245,0.699983,0.290172,-0.267492,0.595208,,,,,,,,,
,,,-0.395303,0.052565,0.172636,0.699949,0.290224,-0.267508,0.595216,,,,,,,,,
,,,-0.395407,0.053286,0.172536,0.699998,0.290217,-0.26751,0.59516,,,,,,,,,
,,,-0.395042,0.053363,0.172393,0.699948,0.290244,-0.267485,0.595217,,,,,,,,,
,,,-0.395082,0.053755,0.172018,0.69998,0.290195,-0.267522,0.595186,,,,,,,,,
,,,-0.39446,0.053987,0.172199,0.700009,0.290167,-0.267521,0.595167,,,,,,,,,
,,,-0.394774,0.054341,0.172319,0.69998,0.290144,-0.267537,0.595204,,,,,,,,,
,,,-0.395,0.05506,0.172469,0.699998,0.290126,-0.267548,0.595188,,,,,,,,,
,,,-0.394628,0.055163,0.172225,0.699989,0.29012,-0.267544,0.595203,,,,,,,,,
,,,-0.394551,0.055559,0.171694,0.699999,0.290108,-0.267581,0.59518,,,,,,,,,
,,,-0.394977,0.055983,0.171941,0.699971,0.29012,-0.267606,0.595196,,,,,,,,,
,,,-0.39461,0.056266,0.171828,0.700005,0.290113,-0.267593,0.595166,,,,,,,,,
,,,-0.394675,0.056599,0.171595,0.699938,0.290138,-0.267583,0.595236,,,,,,,,,
,,,-0.394569,0.056984,0.171451,0.699942,0.290163,-0.267563,0.595229,,,,,,,,,
,,,-0.394537,0.057471,0.171265,0.699959,0.290166,-0.267564,0.595206,,,,,,,,,
,,,-0.39439,0.057836,0.171158,0.699974,0.290216,-0.267564,0.595165,,,,,,,,,
,,,-0.394367,0.058033,0.171441,0.70001,0.290205,-0.267543,0.595137,,,,,,,,,
,,,-0.394489,0.058564,0.17143,0.699958,0.290199,-0.267531,0.595206,,,,,,,,,
,,,-0.394494,0.058535,0.171372,0.699968,0.290171,-0.267557,0.595197,,,,,,,,,
,,,-0.394032,0.058788,0.1714,0.699942,0.290194,-0.267559,0.595214,,,,,,,,,
,,,-0.393622,0.059185,0.171488,0.699992,0.290186,-0.267533,0.595172,,,,,,,,,
,,,-0.39372,0.059723,0.171561,0.699949,0.290195,-0.267532,0.595218,,,,,,,,,
,,,-0.39357,0.06004,0.171503,0.699935,0.290196,-0.267531,0.595235,,,,,,,,,
,,,-0.393571,0.060777,0.171482,0.699953,0.29018,-0.267475,0.595246,,,,,,,,,
,,,-0.393456,0.06078,0.17146,0.700005,0.290172,-0.267479,0.595188,,,,,,,,,
,,,-0.393518,0.061049,0.171564,0.699936,0.290197,-0.267529,0.595234,,,,,,,,,
,,,-0.393431,0.0615,0.171586,0.699931,0.290181,-0.267521,0.595252,,,,,,,,,
,,,-0.393301,0.061781,0.171479,0.699916,0.290183,-0.267523,0.595267,,,,,,,,,
,,,-0.393254,0.062157,0.171514,0.699927,0.290173,-0.267503,0.595268,,,,,,,,,
,,,-0.393159,0.062265,0.17134,0.699924,0.290179,-0.267513,0.595264,,,,,,,,,
,,,-0.393094,0.062688,0.171358,0.699906,0.290191,-0.267528,0.595272,,,,,,,,,
,,,-0.39304,0.063478,0.171204,0.699983,0.290172,-0.267492,0.595208,,,,,,,,,
,,,-0.392897,0.063067,0.171187,0.699949,0.290224,-0.267508,0.595216,,,,,,,,,
,,,-0.392847,0.063854,0.171286,0.699998,0.290217,-0.26751,0.59516,,,,,,,,,
,,,-0.392795,0.063803,0.171116,0.699948,0.290244,-0.267485,0.595217,,,,,,,,,
,,,-0.392914,0.064258,0.171342,0.69998,0.290195,-0.267522,0.595186,,,,,,,,,
,,,-0.392801,0.064448,0.171485,0.700009,0.290167,-0.267521,0.595167,,,,,,,,,
,,,-0.392783,0.064836,0.17114,0.69998,0.290144,-0.267537,0.595204,,,,,,,,,
,,,-0.392315,0.065031,0.171609,0.699998,0.290126,-0.267548,0.595188,,,,,,,,,
,,,-0.392271,0.065623,0.17143,0.699989,0.29012,-0.267544,0.595203,,,,,,,,,
,,,-0.392405,0.065738,0.171236,0.699999,0.290108,-0.267581,0.59518,,,,,,,,,
,,,-0.392347,0.06623,0.171164,0.699971,0.29012,-0.267606,0.595196,,,,,,,,,
,,,-0.392258,0.066427,0.17111,0.700005,0.290113,-0.267593,0.595166,,,,,,,,,
,,,-0.392249,0.06682,0.171109,0.699938,0.290138,-0.267583,0.595236,,,,,,,,,
,,,-0.392129,0.066919,0.171249,0.699942,0.290163,-0.267563,0.595229,,,,,,,,,
,,,-0.392184,0.067195,0.171145,0.699959,0.290166,-0.267564,0.595206,,,,,,,,,
,,,-0.391966,0.067465,0.171006,0.699974,0.290216,-0.267564,0.595165,,,,,,,,,
,,,-0.392073,0.067878,0.171039,0.70001,0.290205,-0.267543,0.595137,,,,,,,,,
,,,-0.392055,0.067917,0.171095,0.699958,0.290199,-0.267531,0.595206,,,,,,,,,
,,,-0.392154,0.068106,0.171165,0.699968,0.290171,-0.267557,0.595197,,,,,,,,,
,,,-0.392168,0.068572,0.171206,0.699942,0.290194,-0.267559,0.595214,,,,,,,,,
,,,-0.392047,0.068492,0.171234,0.699992,0.290186,-0.267533,0.595172,,,,,,,,,
,,,-0.391956,0.069313,0.17126,0.699949,0.290195,-0.267532,0.595218,,,,,,,,,
,,,-0.39198,0.069294,0.171148,0.699935,0.290196,-0.267531,0.595235,,,,,,,,,
,,,-0.391547,0.069911,0.170997,0.699953,0.29018,-0.267475,0.595246,,,,,,,,,
,,,-0.391496,0.069966,0.171004,0.700005,0.290172,-0.267479,0.595188,,,,,,,,,
,,,-0.391464,0.070658,0.170877,0.699936,0.290197,-0.267529,0.595234,,,,,,,,,
,,,-0.391404,0.07064,0.170967,0.699931,0.290181,-0.267521,0.595252,,,,,,,,,
,,,-0.391256,0.070785,0.170933,0.699916,0.290183,-0.267523,0.595267,,,,,,,,,
,,,-0.391274,0.070903,0.171055,0.699927,0.290173,-0.267503,0.595268,,,,,,,,,
,,,-0.391146,0.071403,0.171073,0.699924,0.290179,-0.267513,0.595264,,,,,,,,,
,,,-0.39132,0.07147,0.170969,0.699906,0.290191,-0.267528,0.595272,,,,,,,,,
,,,-0.390947,0.071932,0.170921,0.699983,0.290172,-0.267492,0.595208,,,,,,,,,
,,,-0.390947,0.072379,0.17092,0.699949,0.290224,-0.267508,0.595216,,,,,,,,,
,,,-0.390858,0.072657,0.170919,0.699998,0.290217,-0.26751,0.59516,,,,,,,,,
,,,-0.390949,0.072962,0.170949,0.699948,0.290244,-0.267485,0.595217,,,,,,,,,
,,,-0.390887,0.073281,0.171038,0.69998,0.290195,-0.267522,0.595186,,,,,,,,,
,,,-0.390815,0.073671,0.170797,0.700009,0.290167,-0.267521,0.595167,,,,,,,,,
,,,-0.390666,0.073991,0.170798,0.69998,0.290144,-0.267537,0.595204,,,,,,,,,
,,,-0.390675,0.074382,0.17068,0.699998,0.290126,-0.267548,0.595188,,,,,,,,,
,,,-0.390492,0.074558,0.17063,0.699989,0.29012,-0.267544,0.595203,,,,,,,,,
,,,-0.39038,0.075213,0.170635,0.699999,0.290108,-0.267581,0.59518,,,,,,,,,
,,,-0.390188,0.075221,0.170538,0.699971,0.29012,-0.267606,0.595196,,,,,,,,,
,,,-0.390188,0.075197,0.170541,0.700005,0.290113,-0.267593,0.595166,,,,,,,,,
,,,-0.390109,0.075517,0.17069,0.699938,0.290138,-0.267583,0.595236,,,,,,,,,
,,,-0.390136,0.075802,0.170606,0.699942,0.290163,-0.267563,0.595229,,,,,,,,,
,,,-0.39002,0.075752,0.170618,0.699959,0.290166,-0.267564,0.595206,,,,,,,,,
,,,-0.39012,0.076543,0.170623,0.699974,0.290216,-0.267564,0.595165,,,,,,,,,
,,,-0.390119,0.076724,0.170611,0.70001,0.290205,-0.267543,0.595137,,,,,,,,,
,,,-0.390031,0.077225,0.170638,0.699958,0.290199,-0.267531,0.595206,,,,,,,,,
,,,-0.389874,0.0772,0.170597,0.699968,0.290171,-0.267557,0.595197,,,,,,,,,
,,,-0.389582,0.077508,0.17061,0.699942,0.290194,-0.267559,0.595214,,,,,,,,,
,,,-0.389497,0.077963,0.170586,0.699992,0.290186,-0.267533,0.595172,,,,,,,,,
,,,-0.389567,0.078458,0.170404,0.699949,0.290195,-0.267532,0.595218,,,,,,,,,
,,,-0.389404,0.078418,0.170436,0.699935,0.290196,-0.267531,0.595235,,,,,,,,,
,,,-0.389341,0.078637,0.170364,0.699953,0.29018,-0.267475,0.595246,,,,,,,,,
,,,-0.389415,0.078695,0.170329,0.700005,0.290172,-0.267479,0.595188,,,,,,,,,
,,,-0.389341,0.07889,0.170331,0.699936,0.290197,-0.267529,0.595234,,,,,,,,,
,,,-0.389443,0.079051,0.170228,0.699931,0.290181,-0.267521,0.595252,,,,,,,,,
,,,-0.389325,0.079245,0.170201,0.699916,0.290183,-0.267523,0.595267,,,,,,,,,
,,,-0.389277,0.079231,0.170149,0.699927,0.290173,-0.267503,0.595268,,,,,,,,,
,,,-0.389036,0.079303,0.17053,0.699924,0.290179,-0.267513,0.595264,,,,,,,,,
,,,-0.389372,0.079766,0.170259,0.699906,0.290191,-0.267528,0.595272,,,,,,,,,
,,,-0.389554,0.079986,0.170171,0.699983,0.290172,-0.267492,0.595208,,,,,,,,,
,,,-0.389019,0.080183,0.17027,0.699949,0.290224,-0.267508,0.595216,,,,,,,,,
,,,-0.388831,0.080737,0.170415,0.699998,0.290217,-0.26751,0.59516,,,,,,,,,
,,,-0.388975,0.080951,0.170373,0.699948,0.290244,-0.267485,0.595217,,,,,,,,,
,,,-0.389047,0.080747,0.170138,0.69998,0.290195,-0.267522,0.595186,,,,,,,,,
,,,-0.38896,0.080894,0.170117,0.700009,0.290167,-0.267521,0.595167,,,,,,,,,
,,,-0.389212,0.081169,0.170186,0.69998,0.290144,-0.267537,0.595204,,,,,,,,,
,,,-0.389163,0.081323,0.170011,0.699998,0.290126,-0.267548,0.595188,,,,,,,,,
,,,-0.388468,0.081545,0.170415,0.699989,0.29012,-0.267544,0.595203,,,,,,,,,
,,,-0.388577,0.081757,0.170351,0.699999,0.290108,-0.267581,0.59518,,,,,,,,,
,,,-0.388567,0.081951,0.170272,0.699971,0.29012,-0.267606,0.595196,,,,,,,,,
,,,-0.388816,0.082387,0.17026,0.700005,0.290113,-0.267593,0.595166,,,,,,,,,
,,,-0.388597,0.08271,0.170267,0.699938,0.290138,-0.267583,0.595236,,,,,,,,,
,,,-0.388628,0.082752,0.170166,0.699942,0.290163,-0.267563,0.595229,,,,,,,,,
,,,-0.388719,0.083074,0.17017,0.699959,0.290166,-0.267564,0.595206,,,,,,,,,
,,,-0.388267,0.083306,0.170246,0.699974,0.290216,-0.267564,0.595165,,,,,,,,,
,,,-0.388389,0.083633,0.170111,0.70001,0.290205,-0.267543,0.595137,,,,,,,,,
,,,-0.388132,0.08368,0.17039,0.699958,0.290199,-0.267531,0.595206,,,,,,,,,
,,,-0.388248,0.084092,0.170267,0.699968,0.290171,-0.267557,0.595197,,,,,,,,,
,,,-0.388079,0.084223,0.170304,0.699942,0.290194,-0.267559,0.595214,,,,,,,,,
,,,-0.388069,0.084431,0.170261,0.699992,0.290186,-0.267533,0.595172,,,,,,,,,
,,,-0.387884,0.08462,0.170248,0.699949,0.290195,-0.267532,0.595218,,,,,,,,,
,,,-0.387935,0.084763,0.170212,0.699935,0.290196,-0.267531,0.595235,,,,,,,,,
,,,-0.38788,0.08495,0.170469,0.699953,0.29018,-0.267475,0.595246,,,,,,,,,
,,,-0.387822,0.085055,0.170323,0.700005,0.290172,-0.267479,0.595188,,,,,,,,,
,,,-0.387765,0.08482,0.170364,0.699936,0.290197,-0.267529,0.595234,,,,,,,,,
,,,-0.38787,0.085177,0.17034,0.699931,0.290181,-0.267521,0.595252,,,,,,,,,
,,,-0.387906,0.085359,0.170262,0.699916,0.290183,-0.267523,0.595267,,,,,,,,,
,,,-0.38802,0.085397,0.17021,0.699927,0.290173,-0.267503,0.595268,,,,,,,,,
,,,-0.388075,0.085617,0.170242,0.699924,0.290179,-0.267513,0.595264,,,,,,,,,
,,,-0.387863,0.085721,0.170256,0.699906,0.290191,-0.267528,0.595272,,,,,,,,,
,,,-0.387782,0.086109,0.170092,0.699983,0.290172,-0.267492,0.595208,,,,,,,,,
,,,-0.387932,0.086192,0.170331,0.699949,0.290224,-0.267508,0.595216,,,,,,,,,
,,,-0.387998,0.086642,0.170094,0.699998,0.290217,-0.26751,0.59516,,,,,,,,,
,,,-0.387892,0.086436,0.170066,0.699948,0.290244,-0.267485,0.595217,,,,,,,,,
,,,-0.387723,0.086345,0.169922,0.69998,0.290195,-0.267522,0.595186,,,,,,,,,
,,,-0.3877,0.086759,0.170488,0.700009,0.290167,-0.267521,0.595167,,,,,,,,,
,,,-0.387346,0.086745,0.170578,0.69998,0.290144,-0.267537,0.595204,,,,,,,,,
,,,-0.387722,0.087158,0.170357,0.699998,0.290126,-0.267548,0.595188,,,,,,,,,
,,,-0.388056,0.087432,0.17049,0.699989,0.29012,-0.267544,0.595203,,,,,,,,,
,,,-0.387738,0.087403,0.170123,0.699999,0.290108,-0.267581,0.59518,,,,,,,,,
,,,-0.387478,0.087614,0.170073,0.699971,0.29012,-0.267606,0.595196,,,,,,,,,
,,,-0.387036,0.087598,0.170362,0.700005,0.290113,-0.267593,0.595166,,,,,,,,,
,,,-0.387634,0.087805,0.17005,0.699938,0.290138,-0.267583,0.595236,,,,,,,,,
,,,-0.387557,0.087828,0.169984,0.699942,0.290163,-0.267563,0.595229,,,,,,,,,
,,,-0.38717,0.08819,0.170112,0.699959,0.290166,-0.267564,0.595206,,,,,,,,,
,,,-0.387115,0.088369,0.170065,0.699974,0.290216,-0.267564,0.595165,,,,,,,,,
,,,-0.387226,0.088367,0.169986,0.70001,0.290205,-0.267543,0.595137,,,,,,,,,
,,,-0.387351,0.088473,0.170034,0.699958,0.290199,-0.267531,0.595206,,,,,,,,,
,,,-0.387319,0.088805,0.17007,0.699924,0.290179,-0.267513,0.595264,,,,,,,,,
,,,-0.387156,0.088883,0.170021,0.699906,0.290191,-0.267528,0.595272,,,,,,,,,
,,,-0.386837,0.089073,0.17004,0.699983,0.290172,-0.267492,0.595208,,,,,,,,,
,,,-0.387096,0.089085,0.170086,0.699949,0.290224,-0.267508,0.595216,,,,,,,,,
,,,-0.387102,0.08931,0.170053,0.699998,0.290217,-0.26751,0.59516,,,,,,,,,
,,,-0.386842,0.089349,0.170196,0.699948,0.290244,-0.267485,0.595217,,,,,,,,,
,,,-0.386926,0.089543,0.170121,0.69998,0.290195,-0.267522,0.595186,,,,,,,,,
