FrameNumber,TimeStamp_ms,TimeFromStart_s,X_mm,Y_mm,Z_mm,QX,QY,QZ,QW,RX_rad,RY_rad,RZ_rad,TCP_X_m,TCP_Y_m,TCP_Z_m,TCP_RX_rad,TCP_RY_rad,TCP_RZ_rad
1,1776231720677,2.23336,-423.1815,-81.5853,459.7001,0.37773,-0.611496,0.596415,0.357327,0.974994,-1.578391,1.539463,-0.421645,-0.080941,0.457358,-0.74611,3.04471,-0.049654
2,1776231720688,2.244471,-423.1733,-81.8113,459.7266,0.377590,-0.611332,0.596570,0.357495,0.974556,-1.577842,1.539741,-0.421636,-0.081167,0.457384,-0.746051,3.044774,-0.049598
3,1776231720699,2.255582,-423.1912,-82.2993,459.6798,0.377605,-0.611360,0.596551,0.357463,0.974610,-1.577937,1.539716,-0.421652,-0.081655,0.457336,-0.746142,3.044682,-0.049626
4,1776231720710,2.266693,-423.1821,-82.5533,459.6914,0.377634,-0.611495,0.596408,0.357441,0.974694,-1.578303,1.539361,-0.421642,-0.081909,0.457347,-0.746168,3.044704,-0.049598
5,1776231720721,2.277805,-423.1981,-83.0613,459.6647,0.377548,-0.611376,0.596564,0.357474,0.974458,-1.577970,1.539741,-0.421656,-0.082417,0.457319,-0.746052,3.044700,-0.049542
6,1776231720732,2.288916,-423.2021,-83.3303,459.6603,0.377614,-0.611374,0.596541,0.357447,0.974640,-1.577985,1.539701,-0.421659,-0.082686,0.457314,-0.746100,3.044666,-0.049595
7,1776231720744,2.300027,-423.2121,-83.5814,459.6399,0.377579,-0.611365,0.596501,0.357567,0.974493,-1.577871,1.539510,-0.421668,-0.082937,0.457293,-0.746004,3.044675,-0.049604
8,1776231720755,2.311139,-423.2060,-84.1053,459.6572,0.377858,-0.611510,0.596371,0.357239,0.975367,-1.578495,1.539416,-0.421660,-0.083461,0.457309,-0.745978,3.044722,-0.049591
9,1776231720766,2.322250,-423.2091,-84.3934,459.6409,0.377656,-0.611481,0.596413,0.357435,0.974754,-1.578270,1.539379,-0.421662,-0.083749,0.457292,-0.746033,3.044640,-0.049605
10,1776231720777,2.333361,-423.1911,-84.9454,459.6771,0.377601,-0.611456,0.596451,0.357471,0.974596,-1.578180,1.539451,-0.421642,-0.084301,0.457327,-0.745896,3.044780,-0.049536
11,1776231720788,2.344472,-423.1982,-85.2474,459.6679,0.377792,-0.611511,0.596344,0.357354,0.975142,-1.578408,1.539261,-0.421648,-0.084603,0.457317,-0.745929,3.044703,-0.049684
12,1776231720799,2.355583,-423.2033,-85.5354,459.6586,0.377733,-0.611436,0.596381,0.357482,0.974930,-1.578119,1.539262,-0.421652,-0.084891,0.457307,-0.745909,3.044689,-0.049613
13,1776231720810,2.366695,-423.1964,-85.8204,459.6612,0.377765,-0.611437,0.596388,0.357435,0.975035,-1.578158,1.539316,-0.421644,-0.085176,0.457309,-0.745929,3.044697,-0.049570
14,1776231720821,2.377806,-423.2105,-86.1134,459.6449,0.377717,-0.611419,0.596440,0.357431,0.974912,-1.578113,1.539451,-0.421657,-0.085469,0.457292,-0.745946,3.044612,-0.049588
15,1776231720832,2.388917,-423.1734,-86.9224,459.7118,0.377737,-0.611491,0.596449,0.357272,0.975039,-1.578419,1.539592,-0.421617,-0.086278,0.457357,-0.745732,3.044923,-0.049665
16,1776231720844,2.400028,-423.1745,-87.2244,459.7015,0.377664,-0.611419,0.596503,0.357382,0.974799,-1.578152,1.539650,-0.421617,-0.086580,0.457346,-0.745837,3.044880,-0.049674
17,1776231720855,2.411140,-423.1785,-87.5044,459.7062,0.377758,-0.611481,0.596426,0.357305,0.975078,-1.578368,1.539508,-0.421620,-0.086860,0.457350,-0.745859,3.044886,-0.049631
18,1776231720866,2.422251,-423.1927,-88.0803,459.6926,0.377779,-0.611489,0.596410,0.357295,0.975137,-1.578397,1.539474,-0.421632,-0.087436,0.457335,-0.745855,3.044871,-0.049600
19,1776231720877,2.433362,-423.1988,-88.3643,459.6953,0.377909,-0.611602,0.596304,0.357142,0.975543,-1.578804,1.539313,-0.421637,-0.087720,0.457337,-0.745740,3.044878,-0.049587
20,1776231720888,2.444473,-423.1948,-88.9013,459.7015,0.377826,-0.611532,0.596351,0.357270,0.975270,-1.578528,1.539340,-0.421631,-0.088257,0.457342,-0.745604,3.044944,-0.049536
21,1776231720899,2.455585,-423.2219,-89.1763,459.6602,0.377896,-0.611613,0.596318,0.357114,0.975522,-1.578854,1.539370,-0.421657,-0.088532,0.457300,-0.745587,3.044815,-0.049616
22,1776231720910,2.466696,-423.2108,-89.4303,459.6738,0.377913,-0.611584,0.596287,0.357195,0.975528,-1.578719,1.539231,-0.421645,-0.088786,0.457313,-0.745555,3.044911,-0.049561
23,1776231720921,2.477807,-423.2158,-89.9633,459.6731,0.377952,-0.611657,0.596228,0.357128,0.975662,-1.578956,1.539127,-0.421648,-0.089319,0.457311,-0.745646,3.044895,-0.049585
24,1776231720932,2.488918,-423.2197,-90.2053,459.6587,0.377683,-0.611676,0.596254,0.357336,0.974869,-1.578850,1.539043,-0.421651,-0.089561,0.457296,-0.745678,3.044934,-0.049514
25,1776231720944,2.500029,-423.2337,-90.4543,459.6533,0.377845,-0.611683,0.596247,0.357165,0.975367,-1.578997,1.539149,-0.421664,-0.089810,0.457290,-0.745656,3.044858,-0.049593
26,1776231720955,2.511140,-423.2385,-90.9284,459.6274,0.377843,-0.611673,0.596266,0.357153,0.975368,-1.578980,1.539208,-0.421667,-0.090284,0.457263,-0.745582,3.044954,-0.049648
27,1776231720966,2.522252,-423.2454,-91.1703,459.6280,0.377973,-0.611665,0.596278,0.357008,0.975771,-1.579069,1.539347,-0.421673,-0.090526,0.457263,-0.745596,3.044935,-0.049661
28,1776231720977,2.533363,-423.2312,-91.3964,459.6395,0.377803,-0.611762,0.596211,0.357134,0.975273,-1.579224,1.539079,-0.421658,-0.090752,0.457274,-0.745567,3.045040,-0.049587
29,1776231720988,2.544474,-423.2499,-91.8324,459.6056,0.377929,-0.611699,0.596261,0.357024,0.975651,-1.579145,1.539290,-0.421675,-0.091188,0.457239,-0.745544,3.044963,-0.049681
30,1776231720999,2.555585,-423.2367,-92.0514,459.6141,0.377709,-0.611624,0.596328,0.357276,0.974964,-1.578759,1.539278,-0.421661,-0.091407,0.457247,-0.745568,3.044988,-0.049736
31,1776231721010,2.566696,-423.2193,-92.4844,459.6271,0.377836,-0.611758,0.596193,0.357136,0.975359,-1.579212,1.539031,-0.421642,-0.091840,0.457259,-0.745594,3.045009,-0.049648
32,1776231721021,2.577808,-423.1980,-92.6765,459.6415,0.377833,-0.611678,0.596293,0.357110,0.975362,-1.579026,1.539308,-0.421620,-0.092032,0.457273,-0.745514,3.045077,-0.049657
33,1776231721032,2.588919,-423.1653,-93.0586,459.6663,0.377837,-0.611707,0.596275,0.357086,0.975385,-1.579118,1.539279,-0.421586,-0.092414,0.457297,-0.745536,3.045094,-0.049676
34,1776231721044,2.600030,-423.1650,-93.2346,459.6597,0.377906,-0.611694,0.596319,0.356961,0.975620,-1.579180,1.539485,-0.421585,-0.092590,0.457290,-0.745454,3.045089,-0.049777
35,1776231721055,2.611141,-423.1507,-93.4186,459.6732,0.377710,-0.611783,0.596222,0.357178,0.975012,-1.579245,1.539076,-0.421570,-0.092774,0.457303,-0.745434,3.045152,-0.049688
36,1776231721066,2.622253,-423.1200,-93.7856,459.7040,0.377704,-0.611747,0.596223,0.357244,0.974968,-1.579102,1.539029,-0.421538,-0.093141,0.457333,-0.745499,3.045181,-0.049700
37,1776231721077,2.633364,-423.1276,-93.9606,459.6994,0.377729,-0.611702,0.596300,0.357166,0.975067,-1.579045,1.539286,-0.421545,-0.093316,0.457328,-0.745507,3.045146,-0.049749
38,1776231721088,2.644475,-423.1202,-94.1287,459.7008,0.377676,-0.611733,0.596255,0.357245,0.974894,-1.579065,1.539110,-0.421537,-0.093484,0.457329,-0.745509,3.045147,-0.049707
39,1776231721099,2.655586,-423.1103,-94.4227,459.6984,0.377663,-0.611711,0.596296,0.357226,0.974869,-1.579023,1.539232,-0.421526,-0.093778,0.457326,-0.745502,3.045138,-0.049827
40,1776231721110,2.666697,-423.1239,-94.5517,459.6768,0.377804,-0.611791,0.596261,0.357000,0.975338,-1.579400,1.539308,-0.421539,-0.093907,0.457304,-0.745356,3.045099,-0.049858
41,1776231721121,2.677809,-423.1139,-94.8407,459.6754,0.377784,-0.611771,0.596266,0.357048,0.975264,-1.579312,1.539285,-0.421528,-0.094196,0.457302,-0.745385,3.045063,-0.049794
42,1776231721132,2.688920,-423.1105,-94.9958,459.6688,0.377960,-0.611728,0.596264,0.356937,0.975770,-1.579285,1.539362,-0.421524,-0.094351,0.457295,-0.745473,3.045023,-0.049784
43,1776231721144,2.700031,-423.0970,-95.1258,459.6731,0.377840,-0.611849,0.596156,0.357038,0.975413,-1.579521,1.539008,-0.421510,-0.094481,0.457299,-0.745469,3.045082,-0.049762
44,1776231721155,2.711142,-423.0859,-95.3648,459.6836,0.377829,-0.611921,0.596107,0.357008,0.975400,-1.579728,1.538905,-0.421498,-0.094720,0.457309,-0.745464,3.044993,-0.049788
45,1776231721166,2.722254,-423.0762,-95.4528,459.7068,0.377800,-0.611895,0.596188,0.356948,0.975353,-1.579706,1.539157,-0.421488,-0.094808,0.457332,-0.745439,3.045112,-0.049709
46,1776231721177,2.733365,-423.0559,-95.6579,459.7152,0.377619,-0.611895,0.596236,0.357060,0.974833,-1.579622,1.539198,-0.421467,-0.095013,0.457340,-0.745465,3.045074,-0.049773
47,1776231721188,2.744476,-423.0372,-95.7589,459.7374,0.377613,-0.611826,0.596260,0.357144,0.974778,-1.579381,1.539200,-0.421448,-0.095114,0.457362,-0.745449,3.045094,-0.049811
48,1776231721199,2.755587,-423.0097,-95.8830,459.7467,0.377907,-0.611735,0.596255,0.356998,0.975605,-1.579255,1.539293,-0.421420,-0.095238,0.457371,-0.745583,3.045087,-0.049826
49,1776231721210,2.766699,-422.9633,-96.0761,459.7710,0.377561,-0.611617,0.596378,0.357359,0.974544,-1.578681,1.539345,-0.421373,-0.095431,0.457395,-0.745739,3.045086,-0.049771
50,1776231721221,2.777810,-422.9375,-96.1501,459.7961,0.377533,-0.611694,0.596368,0.357275,0.974511,-1.578940,1.539379,-0.421347,-0.095505,0.457420,-0.745742,3.045101,-0.049794
51,1776231721232,2.788921,-422.9191,-96.2853,459.7734,0.377755,-0.611790,0.596242,0.357086,0.975171,-1.579332,1.539195,-0.421328,-0.095640,0.457397,-0.745642,3.045024,-0.049817
52,1776231721244,2.800032,-422.9124,-96.3493,459.7526,0.377974,-0.611797,0.596220,0.356879,0.975834,-1.579507,1.539290,-0.421321,-0.095704,0.457376,-0.745611,3.044913,-0.049878
53,1776231721255,2.811144,-422.8966,-96.4154,459.7627,0.377916,-0.611761,0.596293,0.356879,0.975686,-1.579415,1.539479,-0.421305,-0.095770,0.457386,-0.745580,3.044871,-0.049890
54,1776231721266,2.822255,-422.8389,-96.5215,459.8038,0.377906,-0.611808,0.596241,0.356898,0.975649,-1.579520,1.539330,-0.421247,-0.095876,0.457427,-0.745566,3.044957,-0.049785
55,1776231721277,2.833366,-422.7981,-96.5856,459.8148,0.377944,-0.611769,0.596242,0.356922,0.975736,-1.579401,1.539315,-0.421206,-0.095940,0.457438,-0.745574,3.044923,-0.049830
56,1776231721288,2.844478,-422.7324,-96.6718,459.8379,0.377616,-0.611725,0.596294,0.357257,0.974734,-1.579034,1.539203,-0.421140,-0.096026,0.457461,-0.745564,3.044962,-0.049824
57,1776231721299,2.855589,-422.6915,-96.7119,459.8429,0.377879,-0.611767,0.596231,0.357012,0.975526,-1.579330,1.539221,-0.421099,-0.096066,0.457466,-0.745583,3.044958,-0.049762
58,1776231721310,2.866700,-422.6416,-96.7511,459.8589,0.377725,-0.611801,0.596351,0.356918,0.975173,-1.579487,1.539600,-0.421049,-0.096105,0.457482,-0.745537,3.044938,-0.049810
59,1776231721321,2.877811,-422.5468,-96.8014,459.8658,0.377816,-0.611726,0.596319,0.357002,0.975368,-1.579229,1.539456,-0.420954,-0.096155,0.457489,-0.745556,3.044868,-0.049796
60,1776231721332,2.888923,-422.4929,-96.8256,459.8577,0.377856,-0.611763,0.596331,0.356876,0.975532,-1.579421,1.539578,-0.420900,-0.096179,0.457481,-0.745613,3.044800,-0.049858
61,1776231721344,2.900034,-422.4530,-96.8338,459.8366,0.377766,-0.611828,0.596254,0.356988,0.975246,-1.579504,1.539299,-0.420860,-0.096187,0.457460,-0.745486,3.044685,-0.049820
62,1776231721355,2.911145,-422.2871,-96.8994,459.8724,0.377923,-0.611805,0.596231,0.356899,0.975694,-1.579513,1.539305,-0.420694,-0.096252,0.457496,-0.745642,3.044622,-0.049832
63,1776231721366,2.922256,-422.2871,-96.8994,459.8724,0.377765,-0.611806,0.596268,0.357004,0.975235,-1.579436,1.539322,-0.420694,-0.096252,0.457496,-0.745642,3.044622,-0.049832
64,1776231721377,2.933368,-422.0303,-96.9522,459.9099,0.377735,-0.611819,0.596231,0.357075,0.975125,-1.579416,1.539175,-0.420437,-0.096304,0.457534,-0.745568,3.044501,-0.049755
65,1776231721388,2.944479,-421.9433,-96.9626,459.9127,0.378037,-0.611985,0.596110,0.356674,0.976092,-1.580146,1.539157,-0.420350,-0.096314,0.457537,-0.745516,3.044452,-0.049686
66,1776231721399,2.955590,-421.9433,-96.9626,459.9127,0.377975,-0.611953,0.596111,0.356792,0.975877,-1.579976,1.539072,-0.420350,-0.096314,0.457537,-0.745516,3.044452,-0.049686
67,1776231721410,2.966702,-421.7765,-97.0073,459.8784,0.378033,-0.612005,0.596072,0.356706,0.976068,-1.580174,1.539037,-0.420183,-0.096358,0.457503,-0.745514,3.044238,-0.049776
68,1776231721421,2.977813,-421.5536,-97.0371,459.8760,0.377961,-0.612017,0.596150,0.356632,0.975916,-1.580261,1.539293,-0.419960,-0.096387,0.457501,-0.745385,3.044206,-0.049765
69,1776231721432,2.988924,-421.5536,-97.0371,459.8760,0.377701,-0.611921,0.596200,0.356988,0.975080,-1.579744,1.539159,-0.419960,-0.096387,0.457501,-0.745385,3.044206,-0.049765
70,1776231721444,3.000036,-421.3028,-97.0810,459.8775,0.377840,-0.611996,0.596147,0.356801,0.975525,-1.580080,1.539160,-0.419709,-0.096430,0.457503,-0.745351,3.044236,-0.049738
71,1776231721455,3.011147,-421.0330,-97.1350,459.8750,0.377775,-0.611872,0.596303,0.356821,0.975347,-1.579743,1.539549,-0.419439,-0.096483,0.457501,-0.745267,3.044234,-0.049747
72,1776231721466,3.022258,-420.7612,-97.1681,459.8364,0.377682,-0.611851,0.596293,0.356972,0.975037,-1.579577,1.539412,-0.419167,-0.096515,0.457463,-0.745249,3.044182,-0.049776
73,1776231721477,3.033370,-420.6204,-97.1907,459.8052,0.377925,-0.611884,0.596232,0.356760,0.975762,-1.579822,1.539410,-0.419026,-0.096537,0.457432,-0.745326,3.044119,-0.049817
74,1776231721488,3.044481,-420.2944,-97.2099,459.8094,0.377928,-0.612004,0.596129,0.356725,0.975787,-1.580157,1.539169,-0.418700,-0.096555,0.457437,-0.745166,3.044273,-0.049792
75,1776231721499,3.055601,-420.1506,-97.2336,459.7562,0.378102,-0.611832,0.596246,0.356639,0.976278,-1.579779,1.539534,-0.418556,-0.096578,0.457384,-0.745185,3.044137,-0.049850
76,1776231721510,3.066712,-419.9738,-97.2603,459.7318,0.378176,-0.611900,0.596145,0.356612,0.976482,-1.579975,1.539295,-0.418379,-0.096604,0.457360,-0.745188,3.044088,-0.049854
77,1776231721521,3.077823,-419.6038,-97.2817,459.7480,0.377939,-0.611736,0.596349,0.356805,0.975779,-1.579406,1.539678,-0.418009,-0.096624,0.457377,-0.745193,3.044189,-0.049763
78,1776231721532,3.088934,-419.4239,-97.3004,459.7296,0.377854,-0.611807,0.596330,0.356805,0.975560,-1.579588,1.539629,-0.417829,-0.096642,0.457359,-0.745150,3.044192,-0.049787
79,1776231721544,3.100046,-419.2240,-97.3111,459.7432,0.377807,-0.611835,0.596303,0.356851,0.975416,-1.579626,1.539526,-0.417629,-0.096652,0.457373,-0.745160,3.044239,-0.049772
80,1776231721555,3.111157,-418.8151,-97.3536,459.7363,0.377727,-0.611781,0.596369,0.356919,0.975177,-1.579435,1.539647,-0.417220,-0.096693,0.457367,-0.745203,3.044280,-0.049759
81,1776231721566,3.122268,-418.5962,-97.3774,459.7418,0.377873,-0.611835,0.596331,0.356736,0.975640,-1.579713,1.539682,-0.417001,-0.096716,0.457373,-0.745102,3.044340,-0.049650
82,1776231721577,3.133379,-418.1253,-97.4181,459.7798,0.377647,-0.611841,0.596346,0.356938,0.974963,-1.579576,1.539573,-0.416530,-0.096755,0.457412,-0.745150,3.044544,-0.049552
83,1776231721588,3.144491,-417.8843,-97.4450,459.7863,0.377767,-0.611943,0.596276,0.356754,0.975358,-1.579979,1.539527,-0.416289,-0.096781,0.457419,-0.745262,3.044606,-0.049464
84,1776231721599,3.155602,-417.6433,-97.4348,459.8007,0.377795,-0.611932,0.596238,0.356805,0.975405,-1.579912,1.539392,-0.416048,-0.096770,0.457434,-0.745241,3.044691,-0.049477
85,1776231721610,3.166713,-417.1294,-97.4817,459.7986,0.377763,-0.611974,0.596219,0.356800,0.975327,-1.580023,1.539348,-0.415534,-0.096815,0.457433,-0.745289,3.044754,-0.049439
86,1776231721621,3.177824,-416.8835,-97.4907,459.7661,0.377968,-0.611988,0.596173,0.356634,0.975933,-1.580185,1.539351,-0.415288,-0.096823,0.457401,-0.745231,3.044696,-0.049456
87,1776231721632,3.188936,-416.3687,-97.5018,459.7189,0.377731,-0.611934,0.596248,0.356854,0.975217,-1.579878,1.539383,-0.414773,-0.096832,0.457355,-0.745209,3.044648,-0.049494
88,1776231721644,3.200047,-416.1168,-97.5068,459.6663,0.377908,-0.611962,0.596199,0.356700,0.975747,-1.580069,1.539370,-0.414521,-0.096836,0.457303,-0.745177,3.044474,-0.049539
89,1776231721655,3.211158,-415.8388,-97.4999,459.6567,0.377916,-0.611944,0.596197,0.356726,0.975755,-1.580003,1.539344,-0.414243,-0.096828,0.457294,-0.745080,3.044502,-0.049623
90,1776231721666,3.222270,-415.8388,-97.4999,459.6567,0.377851,-0.611996,0.596199,0.356702,0.975600,-1.580153,1.539367,-0.414243,-0.096828,0.457294,-0.745080,3.044502,-0.049623
91,1776231721677,3.233381,-415.2841,-97.5411,459.5915,0.377878,-0.611962,0.596197,0.356736,0.975652,-1.580040,1.539337,-0.413688,-0.096867,0.457230,-0.745114,3.044299,-0.049661
92,1776231721688,3.244541,-414.6511,-97.5553,459.6330,0.377763,-0.611854,0.596317,0.356842,0.975306,-1.579683,1.539568,-0.413055,-0.096879,0.457273,-0.745137,3.044492,-0.049598
93,1776231721699,3.255652,-414.0290,-97.5496,459.6585,0.377717,-0.611861,0.596299,0.356909,0.975156,-1.579650,1.539472,-0.412433,-0.096871,0.457300,-0.745056,3.044592,-0.049583
94,1776231721710,3.266764,-414.0290,-97.5496,459.6585,0.377680,-0.611830,0.596348,0.356919,0.975057,-1.579561,1.539592,-0.412433,-0.096871,0.457300,-0.745056,3.044592,-0.049583
95,1776231721721,3.277875,-413.3199,-97.6050,459.7740,0.377544,-0.611835,0.596380,0.357002,0.974667,-1.579511,1.539612,-0.411724,-0.096924,0.457417,-0.745223,3.044873,-0.049352
96,1776231721732,3.288986,-412.6579,-97.6124,459.8044,0.377631,-0.611857,0.596351,0.356920,0.974928,-1.579630,1.539600,-0.411062,-0.096929,0.457449,-0.745227,3.044935,-0.049385
97,1776231721744,3.300097,-412.6579,-97.6124,459.8044,0.377736,-0.611926,0.596261,0.356841,0.975237,-1.579868,1.539424,-0.411062,-0.096929,0.457449,-0.745227,3.044935,-0.049385
98,1776231721755,3.311209,-411.6763,-97.6672,459.7093,0.377826,-0.611917,0.596313,0.356674,0.975547,-1.579972,1.539682,-0.410080,-0.096980,0.457356,-0.745179,3.044601,-0.049499
99,1776231721766,3.322320,-411.3604,-97.6655,459.6715,0.377912,-0.611993,0.596246,0.356565,0.975820,-1.580251,1.539589,-0.409764,-0.096977,0.457319,-0.745052,3.044499,-0.049448
100,1776231721777,3.333431,-410.6565,-97.6822,459.6459,0.377982,-0.611940,0.596274,0.356533,0.976018,-1.580137,1.539686,-0.409060,-0.096991,0.457295,-0.745024,3.044371,-0.049525
101,1776231721788,3.344542,-410.2965,-97.6995,459.6481,0.377856,-0.611840,0.596356,0.356702,0.975612,-1.579753,1.539772,-0.408700,-0.097007,0.457298,-0.745011,3.044340,-0.049530
102,1776231721799,3.355654,-409.9225,-97.7098,459.6802,0.377931,-0.611921,0.596277,0.356615,0.975848,-1.580027,1.539632,-0.408326,-0.097016,0.457331,-0.745031,3.044437,-0.049518
103,1776231721810,3.366765,-409.2025,-97.7305,459.6956,0.377983,-0.611825,0.596337,0.356625,0.975977,-1.579771,1.539779,-0.407606,-0.097034,0.457348,-0.744994,3.044484,-0.049484
104,1776231721821,3.377876,-408.8325,-97.7438,459.7228,0.378013,-0.611866,0.596297,0.356588,0.976072,-1.579906,1.539705,-0.407236,-0.097046,0.457376,-0.745096,3.044528,-0.049506
105,1776231721832,3.388987,-408.1006,-97.7724,459.7481,0.377930,-0.611866,0.596292,0.356687,0.975810,-1.579829,1.539618,-0.406504,-0.097072,0.457403,-0.745183,3.044596,-0.049473
106,1776231721844,3.400099,-407.7165,-97.7718,459.7702,0.377894,-0.611879,0.596239,0.356790,0.975669,-1.579787,1.539407,-0.406120,-0.097070,0.457426,-0.745171,3.044648,-0.049446
107,1776231721855,3.411210,-407.3396,-97.8072,459.7734,0.378027,-0.611868,0.596214,0.356710,0.976049,-1.579818,1.539400,-0.405743,-0.097104,0.457430,-0.745228,3.044661,-0.049443
108,1776231721866,3.422321,-406.5957,-97.8060,459.7457,0.378032,-0.611874,0.596229,0.356669,0.976083,-1.579864,1.539469,-0.404999,-0.097100,0.457404,-0.745162,3.044534,-0.049470
109,1776231721877,3.433432,-406.2119,-97.8445,459.7158,0.378173,-0.611804,0.596200,0.356690,0.976437,-1.579667,1.539377,-0.404615,-0.097137,0.457375,-0.745250,3.044432,-0.049360
110,1776231721888,3.444543,-405.4710,-97.8524,459.6641,0.378095,-0.611762,0.596223,0.356804,0.976182,-1.579475,1.539355,-0.403874,-0.097142,0.457325,-0.745293,3.044275,-0.049447
111,1776231721899,3.455655,-405.0950,-97.8548,459.6642,0.378192,-0.611886,0.596144,0.356620,0.976519,-1.579933,1.539286,-0.403498,-0.097143,0.457326,-0.745246,3.044268,-0.049466
112,1776231721910,3.466766,-404.7311,-97.8642,459.6344,0.378266,-0.611740,0.596184,0.356726,0.976660,-1.579476,1.539310,-0.403134,-0.097151,0.457297,-0.745393,3.044110,-0.049494
113,1776231721921,3.477877,-403.9511,-97.8810,459.6856,0.378310,-0.611776,0.596173,0.356638,0.976813,-1.579634,1.539345,-0.402354,-0.097165,0.457350,-0.745485,3.044272,-0.049423
114,1776231721932,3.488989,-403.5671,-97.9014,459.6878,0.378144,-0.611743,0.596176,0.356864,0.976279,-1.579380,1.539189,-0.401970,-0.097184,0.457353,-0.745440,3.044257,-0.049328
115,1776231721944,3.500100,-403.1711,-97.9138,459.7189,0.377984,-0.611679,0.596195,0.357111,0.975751,-1.579028,1.539055,-0.401574,-0.097195,0.457385,-0.745553,3.044331,-0.049242
116,1776231721955,3.511211,-402.3650,-97.9207,459.7620,0.377967,-0.611610,0.596305,0.357065,0.975729,-1.578883,1.539374,-0.400768,-0.097199,0.457430,-0.745646,3.044505,-0.049245
117,1776231721966,3.522322,-401.9730,-97.9182,459.7651,0.378057,-0.611732,0.596192,0.356947,0.976016,-1.579288,1.539169,-0.400376,-0.097195,0.457434,-0.745614,3.044483,-0.049271
118,1776231721977,3.533433,-401.2432,-97.9221,459.6734,0.378127,-0.611637,0.596214,0.357000,0.976173,-1.579002,1.539186,-0.399646,-0.097196,0.457344,-0.745678,3.044190,-0.049414
119,1776231721988,3.544545,-400.8783,-97.9206,459.6245,0.378330,-0.611779,0.596101,0.356731,0.976823,-1.579572,1.539093,-0.399281,-0.097193,0.457296,-0.745627,3.044025,-0.049482
120,1776231721999,3.555656,-400.5234,-97.9180,459.5736,0.378286,-0.611726,0.596118,0.356839,0.976659,-1.579355,1.539056,-0.398926,-0.097189,0.457246,-0.745677,3.043864,-0.049501
121,1776231722010,3.566767,-399.7685,-97.9269,459.5349,0.378343,-0.611862,0.596030,0.356693,0.976873,-1.579816,1.538937,-0.398171,-0.097195,0.457209,-0.745697,3.043683,-0.049485
122,1776231722021,3.577878,-399.3635,-97.9254,459.5619,0.378236,-0.611845,0.596062,0.356783,0.976555,-1.579702,1.538953,-0.397766,-0.097192,0.457237,-0.745720,3.043780,-0.049398
123,1776231722032,3.588989,-398.5563,-97.9222,459.6400,0.378029,-0.611839,0.596094,0.356957,0.975940,-1.579557,1.538908,-0.396959,-0.097186,0.457317,-0.745866,3.043932,-0.049350
124,1776231722044,3.600100,-398.1592,-97.9326,459.6651,0.378035,-0.611777,0.596145,0.356971,0.975950,-1.579386,1.539030,-0.396562,-0.097195,0.457343,-0.745908,3.044041,-0.049352
125,1776231722055,3.611211,-397.7452,-97.9421,459.7022,0.377943,-0.611841,0.596092,0.357050,0.975674,-1.579490,1.538833,-0.396148,-0.097203,0.457381,-0.746040,3.044107,-0.049249
126,1776231722066,3.622323,-396.9533,-97.9730,459.6994,0.378016,-0.612026,0.595938,0.356912,0.975927,-1.580073,1.538539,-0.395356,-0.097231,0.457380,-0.746023,3.044065,-0.049098
127,1776231722077,3.633434,-396.5864,-97.9555,459.6385,0.378121,-0.611848,0.596068,0.356889,0.976210,-1.579632,1.538890,-0.394989,-0.097212,0.457320,-0.745982,3.043877,-0.049274
128,1776231722088,3.644545,-395.8084,-97.9445,459.6036,0.377976,-0.611890,0.596110,0.356900,0.975830,-1.579731,1.538990,-0.394211,-0.097198,0.457287,-0.746038,3.043763,-0.049327
129,1776231722099,3.655656,-395.4134,-97.9460,459.5967,0.378069,-0.611840,0.596089,0.356923,0.976059,-1.579586,1.538919,-0.393816,-0.097198,0.457281,-0.746071,3.043690,-0.049388
130,1776231722110,3.666767,-394.9994,-97.9465,459.6057,0.378093,-0.611847,0.596039,0.356970,0.976098,-1.579567,1.538756,-0.393402,-0.097197,0.457291,-0.746260,3.043685,-0.049312
131,1776231722121,3.677878,-394.2194,-97.9354,459.6079,0.378086,-0.611968,0.595906,0.356991,0.976071,-1.579862,1.538397,-0.392622,-0.097183,0.457295,-0.746186,3.043717,-0.049141
132,1776231722132,3.688990,-393.8144,-97.9579,459.6150,0.378077,-0.611893,0.596000,0.356972,0.976056,-1.579685,1.538655,-0.392217,-0.097204,0.457303,-0.746425,3.043686,-0.049146
133,1776231722144,3.700101,-393.4193,-97.9473,459.6310,0.378176,-0.612026,0.595830,0.356923,0.976334,-1.580065,1.538250,-0.391822,-0.097192,0.457320,-0.746333,3.043797,-0.049121
134,1776231722155,3.711212,-392.6263,-97.9393,459.6361,0.378091,-0.611935,0.595905,0.357044,0.976058,-1.579737,1.538357,-0.391029,-0.097181,0.457327,-0.746361,3.043865,-0.049080
135,1776231722166,3.722324,-392.2253,-97.9487,459.6392,0.378073,-0.611971,0.595834,0.357120,0.975978,-1.579773,1.538117,-0.390628,-0.097189,0.457331,-0.746390,3.043847,-0.049078
136,1776231722177,3.733435,-391.4194,-97.9618,459.6234,0.378192,-0.612078,0.595723,0.356995,0.976342,-1.580145,1.537921,-0.389822,-0.097199,0.457317,-0.746359,3.043842,-0.049051
137,1776231722188,3.744546,-391.0365,-97.9753,459.5845,0.378231,-0.611971,0.595840,0.356943,0.976469,-1.579907,1.538263,-0.389439,-0.097211,0.457279,-0.746345,3.043738,-0.049088
138,1776231722199,3.755657,-390.6565,-97.9588,459.5536,0.378085,-0.611906,0.595799,0.357276,0.975936,-1.579488,1.537913,-0.389059,-0.097193,0.457249,-0.746486,3.043638,-0.049212
139,1776231722210,3.766768,-389.8795,-97.9477,459.5357,0.378292,-0.611867,0.595887,0.356979,0.976607,-1.579611,1.538358,-0.388282,-0.097179,0.457233,-0.746386,3.043591,-0.049210
140,1776231722221,3.777879,-389.4876,-97.9452,459.5128,0.378347,-0.611952,0.595717,0.357058,0.976713,-1.579773,1.537860,-0.387890,-0.097175,0.457211,-0.746512,3.043499,-0.049215
141,1776231722232,3.788991,-388.7146,-97.9471,459.5000,0.378247,-0.611963,0.595775,0.357047,0.976460,-1.579808,1.538019,-0.387117,-0.097174,0.457200,-0.746448,3.043433,-0.049159
142,1776231722244,3.800102,-388.3075,-97.9516,459.5260,0.378186,-0.612155,0.595518,0.357212,0.976226,-1.580178,1.537233,-0.386710,-0.097177,0.457227,-0.746551,3.043472,-0.049148
143,1776231722255,3.811213,-387.8854,-97.9470,459.5990,0.378240,-0.611988,0.595680,0.357171,0.976384,-1.579778,1.537683,-0.386288,-0.097171,0.457301,-0.746638,3.043661,-0.049018
144,1776231722266,3.822325,-387.0381,-97.9379,459.6950,0.378161,-0.611840,0.595890,0.357156,0.976187,-1.579409,1.538235,-0.385441,-0.097159,0.457399,-0.746521,3.043980,-0.048883
145,1776231722277,3.833436,-386.6251,-97.9544,459.7201,0.378051,-0.611937,0.595717,0.357395,0.975793,-1.579479,1.537612,-0.385028,-0.097174,0.457425,-0.746625,3.044015,-0.048776
146,1776231722288,3.844547,-385.8272,-97.9595,459.6612,0.378343,-0.611952,0.595679,0.357124,0.976673,-1.579720,1.537715,-0.384230,-0.097176,0.457368,-0.746576,3.043795,-0.048823
147,1776231722299,3.855658,-385.4384,-97.9690,459.6163,0.378399,-0.611962,0.595673,0.357059,0.976848,-1.579796,1.537745,-0.383841,-0.097184,0.457324,-0.746587,3.043639,-0.048882
148,1776231722310,3.866769,-385.0354,-97.9666,459.6044,0.378500,-0.611912,0.595668,0.357045,0.977115,-1.579677,1.537744,-0.383438,-0.097180,0.457313,-0.746434,3.043594,-0.048907
149,1776231722321,3.877881,-384.2265,-97.9676,459.5745,0.378402,-0.611946,0.595624,0.357166,0.976804,-1.579674,1.537540,-0.382629,-0.097178,0.457285,-0.746645,3.043476,-0.048949
150,1776231722332,3.888992,-383.8014,-97.9712,459.5965,0.378456,-0.612012,0.595534,0.357143,0.976955,-1.579863,1.537326,-0.382204,-0.097180,0.457308,-0.746545,3.043549,-0.048844
151,1776231722344,3.900103,-383.3994,-97.9866,459.6106,0.378401,-0.612023,0.595493,0.357251,0.976763,-1.579809,1.537139,-0.381802,-0.097194,0.457323,-0.746534,3.043591,-0.048762
152,1776231722355,3.911214,-382.5854,-98.0016,459.6397,0.378414,-0.612013,0.595478,0.357279,0.976783,-1.579762,1.537081,-0.380988,-0.097206,0.457354,-0.746578,3.043708,-0.048657
153,1776231722366,3.922325,-382.1734,-98.0090,459.6717,0.378285,-0.611887,0.595579,0.357464,0.976363,-1.579297,1.537205,-0.380576,-0.097212,0.457387,-0.746660,3.043817,-0.048656
154,1776231722377,3.933436,-381.3744,-98.0230,459.6889,0.378334,-0.611959,0.595601,0.357252,0.976589,-1.579644,1.537419,-0.379777,-0.097223,0.457406,-0.746670,3.043885,-0.048594
155,1776231722388,3.944548,-380.9773,-98.0105,459.6799,0.378200,-0.612007,0.595541,0.357412,0.976169,-1.579646,1.537145,-0.379380,-0.097209,0.457398,-0.746637,3.043921,-0.048519
156,1776231722399,3.955659,-380.5614,-98.0390,459.6910,0.378180,-0.612109,0.595468,0.357381,0.976131,-1.579933,1.536979,-0.378964,-0.097236,0.457410,-0.746848,3.043911,-0.048383
157,1776231722410,3.966770,-379.7755,-98.0440,459.6512,0.378164,-0.612009,0.595627,0.357304,0.976125,-1.579732,1.537446,-0.378178,-0.097238,0.457372,-0.746666,3.043784,-0.048478
158,1776231722421,3.977881,-379.3836,-98.0525,459.6293,0.378079,-0.612020,0.595599,0.357421,0.975852,-1.579672,1.537289,-0.377786,-0.097245,0.457351,-0.746687,3.043725,-0.048455
159,1776231722432,3.988993,-378.9856,-98.0530,459.6323,0.378260,-0.612036,0.595495,0.357376,0.976340,-1.579747,1.537055,-0.377388,-0.097244,0.457355,-0.746700,3.043715,-0.048473
160,1776231722444,4.000104,-378.6097,-98.0455,459.5874,0.378051,-0.612099,0.595626,0.357272,0.975848,-1.579988,1.537467,-0.377012,-0.097235,0.457311,-0.746812,3.043579,-0.048575
161,1776231722455,4.011215,-377.8306,-98.0424,459.5906,0.378096,-0.612110,0.595651,0.357163,0.976016,-1.580101,1.537612,-0.376233,-0.097229,0.457316,-0.746652,3.043591,-0.048533
162,1776231722466,4.022326,-377.4466,-98.0389,459.5757,0.378202,-0.612087,0.595618,0.357145,0.976298,-1.580054,1.537541,-0.375849,-0.097224,0.457302,-0.746703,3.043508,-0.048559
163,1776231722477,4.033438,-376.6205,-98.0498,459.6328,0.378052,-0.612141,0.595614,0.357218,0.975878,-1.580137,1.537476,-0.375023,-0.097232,0.457361,-0.746784,3.043752,-0.048360
164,1776231722488,4.044549,-375.7963,-98.0387,459.7168,0.377917,-0.612221,0.595558,0.357316,0.975483,-1.580271,1.537261,-0.374199,-0.097218,0.457447,-0.746670,3.044086,-0.048256
165,1776231722499,4.055660,-375.3803,-98.0611,459.7499,0.377971,-0.612051,0.595627,0.357435,0.975566,-1.579743,1.537352,-0.373783,-0.097239,0.457481,-0.746721,3.044214,-0.048169
166,1776231722510,4.066771,-374.9704,-98.0797,459.7370,0.378105,-0.612075,0.595625,0.357256,0.975996,-1.579939,1.537477,-0.373373,-0.097256,0.457469,-0.746807,3.044195,-0.048240
167,1776231722521,4.077882,-374.1825,-98.0777,459.6841,0.378141,-0.611994,0.595623,0.357359,0.976042,-1.579653,1.537398,-0.372585,-0.097251,0.457418,-0.746634,3.044089,-0.048249
168,1776231722532,4.088994,-373.7936,-98.0863,459.6412,0.378069,-0.612078,0.595627,0.357285,0.975890,-1.579925,1.537462,-0.372196,-0.097258,0.457376,-0.746631,3.043953,-0.048339
169,1776231722544,4.100105,-373.4028,-98.1108,459.6094,0.378035,-0.612063,0.595649,0.357311,0.975790,-1.579867,1.537500,-0.371805,-0.097281,0.457345,-0.746736,3.043853,-0.048345
170,1776231722555,4.111216,-372.5707,-98.1039,459.6224,0.378089,-0.612199,0.595542,0.357197,0.975983,-1.580304,1.537307,-0.370973,-0.097271,0.457360,-0.746623,3.043967,-0.048296
171,1776231722566,4.122327,-372.1487,-98.1194,459.6534,0.377823,-0.612062,0.595649,0.357536,0.975137,-1.579695,1.537334,-0.370551,-0.097285,0.457392,-0.746687,3.044075,-0.048257
172,1776231722577,4.133438,-371.3548,-98.1513,459.6566,0.377931,-0.612112,0.595559,0.357486,0.975440,-1.579862,1.537137,-0.369757,-0.097314,0.457397,-0.746685,3.044105,-0.048267
173,1776231722588,4.144550,-370.9478,-98.1508,459.6807,0.377773,-0.612071,0.595665,0.357547,0.975003,-1.579708,1.537367,-0.369350,-0.097312,0.457422,-0.746675,3.044225,-0.048192
174,1776231722599,4.155661,-370.5326,-98.1332,459.7147,0.377645,-0.612038,0.595708,0.357667,0.974616,-1.579533,1.537389,-0.368935,-0.097293,0.457457,-0.746696,3.044394,-0.048155
175,1776231722610,4.166772,-369.7427,-98.1562,459.7219,0.377611,-0.611902,0.595824,0.357744,0.974492,-1.579123,1.537630,-0.368145,-0.097313,0.457466,-0.746840,3.044453,-0.048161
176,1776231722621,4.177883,-369.3336,-98.1516,459.7459,0.377574,-0.612119,0.595695,0.357625,0.974455,-1.579775,1.537386,-0.367736,-0.097307,0.457491,-0.746800,3.044532,-0.048106
177,1776231722632,4.188995,-368.5405,-98.1216,459.7389,0.377601,-0.611900,0.595864,0.357690,0.974493,-1.579159,1.537773,-0.366943,-0.097274,0.457486,-0.746858,3.044494,-0.048170
178,1776231722644,4.200106,-368.5405,-98.1216,459.7389,0.377414,-0.612053,0.595825,0.357689,0.974012,-1.579555,1.537676,-0.366943,-0.097274,0.457486,-0.746858,3.044494,-0.048170
179,1776231722655,4.211217,-367.7355,-98.1336,459.7301,0.377469,-0.612054,0.595696,0.357846,0.974079,-1.579439,1.537225,-0.366138,-0.097283,0.457479,-0.746948,3.044423,-0.048161
180,1776231722666,4.222328,-366.9345,-98.1256,459.7212,0.377523,-0.612035,0.595783,0.357677,0.974299,-1.579517,1.537574,-0.365337,-0.097272,0.457472,-0.746802,3.044414,-0.048167
181,1776231722677,4.233439,-366.5626,-98.1161,459.6633,0.377606,-0.612133,0.595672,0.357605,0.974545,-1.579826,1.537343,-0.364965,-0.097261,0.457415,-0.746734,3.044258,-0.048273
182,1776231722688,4.244550,-365.7607,-98.1311,459.6704,0.377599,-0.612136,0.595609,0.357713,0.974478,-1.579751,1.537100,-0.364163,-0.097273,0.457424,-0.746712,3.044339,-0.048170
183,1776231722699,4.255662,-365.3506,-98.1305,459.7095,0.377449,-0.612124,0.595674,0.357785,0.974056,-1.579666,1.537214,-0.363753,-0.097271,0.457464,-0.746771,3.044414,-0.048012
184,1776231722710,4.266773,-364.9235,-98.1510,459.7485,0.377337,-0.611970,0.595793,0.357968,0.973683,-1.579130,1.537386,-0.363326,-0.097290,0.457504,-0.746859,3.044545,-0.047999
185,1776231722721,4.277884,-364.0933,-98.1469,459.8226,0.377293,-0.612119,0.595718,0.357884,0.973608,-1.579579,1.537254,-0.362496,-0.097283,0.457580,-0.746795,3.044834,-0.047852
186,1776231722732,4.288995,-363.6903,-98.1494,459.8276,0.377390,-0.612062,0.595671,0.357957,0.973825,-1.579375,1.537079,-0.362093,-0.097284,0.457586,-0.746933,3.044861,-0.047900
187,1776231722744,4.300107,-363.2843,-98.1339,459.8216,0.377346,-0.612041,0.595734,0.357934,0.973720,-1.579340,1.537260,-0.361687,-0.097267,0.457581,-0.746927,3.044856,-0.047920
188,1776231722755,4.311218,-362.5265,-98.1330,459.7318,0.377420,-0.612074,0.595700,0.357856,0.973949,-1.579482,1.537230,-0.360929,-0.097263,0.457493,-0.746826,3.044586,-0.048051
189,1776231722766,4.322329,-362.1375,-98.1265,459.6959,0.377312,-0.612164,0.595708,0.357803,0.973694,-1.579755,1.537290,-0.360540,-0.097255,0.457458,-0.746701,3.044498,-0.048094
190,1776231722777,4.333440,-361.3306,-98.1256,459.6760,0.377299,-0.612103,0.595664,0.357994,0.973573,-1.579453,1.537036,-0.359733,-0.097251,0.457440,-0.746860,3.044399,-0.048172
191,1776231722788,4.344552,-360.9126,-98.1281,459.6660,0.377348,-0.612072,0.595756,0.357842,0.973768,-1.579490,1.537385,-0.359315,-0.097252,0.457431,-0.746761,3.044414,-0.048246
192,1776231722799,4.355663,-360.4926,-98.1366,459.7021,0.377470,-0.612122,0.595626,0.357844,0.974082,-1.579617,1.537048,-0.358895,-0.097259,0.457468,-0.746845,3.044515,-0.048132
193,1776231722810,4.366774,-359.6794,-98.1226,459.7271,0.377285,-0.612128,0.595651,0.357988,0.973539,-1.579524,1.537005,-0.358082,-0.097242,0.457495,-0.746864,3.044546,-0.048167
194,1776231722821,4.377885,-359.2795,-98.1420,459.7412,0.377293,-0.612013,0.595738,0.358031,0.973539,-1.579194,1.537200,-0.357682,-0.097260,0.457510,-0.746866,3.044563,-0.048113
195,1776231722832,4.388997,-358.4754,-98.1319,459.7703,0.377405,-0.612124,0.595648,0.357872,0.973903,-1.579600,1.537084,-0.356878,-0.097247,0.457541,-0.746873,3.044619,-0.048137
196,1776231722844,4.400108,-358.0663,-98.1384,459.7884,0.377258,-0.612090,0.595675,0.358043,0.973444,-1.579383,1.537026,-0.356469,-0.097252,0.457560,-0.746962,3.044673,-0.048120
197,1776231722855,4.411219,-357.6653,-98.1369,459.7874,0.377093,-0.612104,0.595737,0.358087,0.972997,-1.579387,1.537155,-0.356068,-0.097249,0.457560,-0.746827,3.044617,-0.048111
198,1776231722866,4.422330,-356.8333,-98.1499,459.8145,0.377282,-0.612236,0.595577,0.357931,0.973556,-1.579845,1.536857,-0.355236,-0.097259,0.457589,-0.746788,3.044624,-0.047927
199,1776231722877,4.433442,-356.4152,-98.1464,459.8365,0.377378,-0.612190,0.595593,0.357880,0.973828,-1.579765,1.536935,-0.354818,-0.097254,0.457612,-0.747011,3.044604,-0.047972
200,1776231722888,4.444553,-355.6033,-98.1595,459.8356,0.377298,-0.612235,0.595579,0.357911,0.973607,-1.579856,1.536877,-0.354006,-0.097264,0.457613,-0.746986,3.044521,-0.047883
201,1776231722899,4.455664,-355.2304,-98.1650,459.7898,0.377518,-0.612352,0.595384,0.357804,0.974226,-1.580240,1.536451,-0.353633,-0.097268,0.457568,-0.747019,3.044282,-0.047880
202,1776231722910,4.466775,-354.8334,-98.1734,459.7879,0.377505,-0.612324,0.595416,0.357811,0.974190,-1.580163,1.536530,-0.353236,-0.097275,0.457567,-0.746988,3.044245,-0.047834
203,1776231722921,4.477887,-354.0204,-98.1704,459.8019,0.377306,-0.612221,0.595570,0.357941,0.973615,-1.579798,1.536831,-0.352423,-0.097269,0.457583,-0.746977,3.044242,-0.047924
204,1776231722932,4.488998,-353.6214,-98.1729,459.7960,0.377306,-0.612177,0.595586,0.357988,0.973594,-1.579650,1.536839,-0.352024,-0.097270,0.457578,-0.746961,3.044193,-0.047902
205,1776231722944,4.500109,-352.7834,-98.2109,459.8721,0.377239,-0.612306,0.595455,0.358059,0.973387,-1.579928,1.536448,-0.351186,-0.097305,0.457656,-0.747132,3.044328,-0.047661
206,1776231722955,4.511221,-352.3753,-98.2063,459.9022,0.377081,-0.612268,0.595553,0.358128,0.972947,-1.579778,1.536649,-0.350778,-0.097299,0.457687,-0.747008,3.044449,-0.047576
207,1776231722966,4.522332,-351.9462,-98.2208,459.9482,0.377179,-0.612298,0.595476,0.358100,0.973214,-1.579876,1.536472,-0.350349,-0.097312,0.457734,-0.747120,3.044585,-0.047483
208,1776231722977,4.533443,-351.1673,-98.2378,459.9254,0.377140,-0.612324,0.595480,0.358091,0.973116,-1.579950,1.536488,-0.349570,-0.097326,0.457713,-0.747049,3.044486,-0.047460
209,1776231722988,4.544554,-350.7673,-98.2393,459.9165,0.377309,-0.612256,0.595478,0.358031,0.973581,-1.579820,1.536528,-0.349170,-0.097326,0.457705,-0.747071,3.044431,-0.047457
210,1776231722999,4.555665,-350.3685,-98.2568,459.8926,0.377350,-0.612255,0.595441,0.358052,0.973676,-1.579802,1.536418,-0.348771,-0.097342,0.457682,-0.747050,3.044361,-0.047462
211,1776231723010,4.566777,-349.5685,-98.2578,459.8677,0.377565,-0.612296,0.595289,0.358007,0.974251,-1.579943,1.536058,-0.347971,-0.097340,0.457659,-0.747201,3.044211,-0.047390
212,1776231723021,4.577888,-349.1586,-98.2794,459.8628,0.377456,-0.612239,0.595358,0.358105,0.973925,-1.579721,1.536162,-0.347561,-0.097360,0.457655,-0.747304,3.044173,-0.047389
213,1776231723032,4.588999,-348.3345,-98.2674,459.8618,0.377441,-0.612231,0.595365,0.358123,0.973878,-1.579685,1.536169,-0.346737,-0.097345,0.457656,-0.747268,3.044212,-0.047388
214,1776231723044,4.600110,-348.3345,-98.2674,459.8618,0.377434,-0.612133,0.595418,0.358210,0.973820,-1.579369,1.536241,-0.346737,-0.097345,0.457656,-0.747268,3.044212,-0.047388
215,1776231723055,4.611222,-347.5535,-98.2594,459.8549,0.377494,-0.612209,0.595321,0.358178,0.973990,-1.579587,1.536015,-0.345956,-0.097334,0.457651,-0.747257,3.044191,-0.047389
216,1776231723066,4.622333,-346.7675,-98.2533,459.8601,0.377610,-0.612252,0.595186,0.358206,0.974276,-1.579679,1.535644,-0.345170,-0.097325,0.457658,-0.747363,3.044156,-0.047251
217,1776231723077,4.633444,-346.3504,-98.2588,459.8851,0.377499,-0.612263,0.595344,0.358043,0.974065,-1.579830,1.536173,-0.344753,-0.097329,0.457684,-0.747299,3.044277,-0.047102
218,1776231723088,4.644555,-345.5363,-98.2667,459.9382,0.377410,-0.612330,0.595227,0.358216,0.973755,-1.579872,1.535743,-0.343939,-0.097334,0.457739,-0.747325,3.044474,-0.047081
219,1776231723099,4.655667,-345.1364,-98.2732,459.9353,0.377354,-0.612284,0.595238,0.358335,0.973556,-1.579662,1.535686,-0.343539,-0.097339,0.457737,-0.747243,3.044468,-0.047065
220,1776231723110,4.666778,-344.7004,-98.2997,459.9753,0.377286,-0.612235,0.595322,0.358350,0.973373,-1.579525,1.535892,-0.343103,-0.097364,0.457778,-0.747289,3.044575,-0.047007
221,1776231723121,4.677889,-343.8966,-98.3448,459.9406,0.377423,-0.612404,0.595108,0.358274,0.973761,-1.580017,1.535395,-0.342299,-0.097406,0.457745,-0.747272,3.044440,-0.046857
222,1776231723133,4.689001,-343.5097,-98.3503,459.9107,0.377470,-0.612279,0.595267,0.358173,0.973930,-1.579773,1.535878,-0.341912,-0.097410,0.457716,-0.747166,3.044343,-0.046882
223,1776231723144,4.700112,-343.1097,-98.3378,459.8897,0.377438,-0.612277,0.595320,0.358121,0.973871,-1.579808,1.536055,-0.341512,-0.097396,0.457696,-0.747042,3.044331,-0.046914
224,1776231723155,4.711223,-342.3129,-98.3589,459.8419,0.377496,-0.612258,0.595310,0.358110,0.974027,-1.579765,1.536036,-0.340715,-0.097414,0.457650,-0.747105,3.044073,-0.046912
225,1776231723166,4.722334,-341.9110,-98.3724,459.8309,0.377518,-0.612364,0.595165,0.358146,0.974067,-1.580014,1.535637,-0.340313,-0.097426,0.457640,-0.747169,3.043953,-0.046894
226,1776231723177,4.733446,-341.0959,-98.3764,459.8400,0.377688,-0.612410,0.595032,0.358111,0.974520,-1.580157,1.535317,-0.339498,-0.097427,0.457651,-0.747150,3.043977,-0.046914
227,1776231723188,4.744557,-340.6858,-98.3659,459.8621,0.377731,-0.612373,0.595091,0.358030,0.974669,-1.580124,1.535530,-0.339088,-0.097415,0.457674,-0.747197,3.044094,-0.046914
228,1776231723199,4.755668,-340.2909,-98.3844,459.8622,0.377619,-0.612438,0.595053,0.358100,0.974348,-1.580237,1.535381,-0.338693,-0.097432,0.457675,-0.747203,3.044054,-0.046904
229,1776231723210,4.766779,-339.4989,-98.3883,459.8823,0.377742,-0.612491,0.594952,0.358047,0.974691,-1.580415,1.535158,-0.337901,-0.097433,0.457697,-0.747289,3.044083,-0.046738
230,1776231723221,4.777891,-339.0949,-98.4017,459.8864,0.377784,-0.612579,0.594793,0.358117,0.974766,-1.580589,1.534698,-0.337497,-0.097445,0.457702,-0.747327,3.044081,-0.046633
231,1776231723233,4.789002,-338.2657,-98.3867,459.9264,0.377696,-0.612378,0.595048,0.358130,0.974533,-1.580061,1.535346,-0.336668,-0.097427,0.457744,-0.747398,3.044225,-0.046655
232,1776231723244,4.800113,-337.8818,-98.3783,459.8795,0.377623,-0.612434,0.594937,0.358297,0.974266,-1.580078,1.534936,-0.336284,-0.097417,0.457698,-0.747356,3.044074,-0.046682
233,1776231723255,4.811224,-337.4699,-98.3958,459.8746,0.377721,-0.612533,0.594889,0.358104,0.974609,-1.580480,1.534954,-0.335872,-0.097433,0.457694,-0.747311,3.043977,-0.046566
234,1776231723266,4.822336,-336.6839,-98.3758,459.8447,0.377991,-0.612828,0.594538,0.357896,0.975403,-1.581399,1.534200,-0.335086,-0.097410,0.457666,-0.747335,3.043791,-0.046620
235,1776231723277,4.833447,-336.2800,-98.3954,459.8188,0.378099,-0.612770,0.594499,0.357945,0.975659,-1.581213,1.534064,-0.334682,-0.097428,0.457641,-0.747290,3.043703,-0.046635
236,1776231723288,4.844558,-335.4942,-98.4064,459.7649,0.378202,-0.612936,0.594432,0.357665,0.976056,-1.581853,1.534097,-0.333896,-0.097436,0.457589,-0.747186,3.043472,-0.046617
237,1776231723299,4.855669,-335.0732,-98.4249,459.7880,0.377997,-0.612771,0.594563,0.357946,0.975394,-1.581213,1.534228,-0.333475,-0.097453,0.457613,-0.747137,3.043575,-0.046472
238,1776231723310,4.866781,-334.6603,-98.4465,459.7751,0.377989,-0.612835,0.594511,0.357931,0.975381,-1.581389,1.534107,-0.333062,-0.097473,0.457601,-0.747214,3.043517,-0.046541
239,1776231723321,4.877892,-333.7963,-98.4966,459.8312,0.377867,-0.612766,0.594549,0.358114,0.974981,-1.581075,1.534070,-0.332198,-0.097520,0.457659,-0.747234,3.043740,-0.046369
240,1776231723333,4.889003,-333.7963,-98.4966,459.8312,0.377894,-0.612795,0.594516,0.358092,0.975062,-1.581165,1.534001,-0.332198,-0.097520,0.457659,-0.747234,3.043740,-0.046369
241,1776231723344,4.900114,-332.9503,-98.5186,459.8732,0.377841,-0.612788,0.594551,0.358101,0.974922,-1.581142,1.534083,-0.331352,-0.097539,0.457703,-0.747231,3.043893,-0.046272
242,1776231723355,4.911226,-332.1485,-98.5606,459.8704,0.377939,-0.612797,0.594448,0.358155,0.975148,-1.581122,1.533778,-0.330550,-0.097578,0.457702,-0.747220,3.043858,-0.046195
243,1776231723366,4.922337,-331.7375,-98.5771,459.8795,0.377916,-0.612786,0.594512,0.358089,0.975121,-1.581145,1.533993,-0.330139,-0.097593,0.457712,-0.747263,3.043886,-0.046191
244,1776231723377,4.933448,-331.3576,-98.5926,459.8487,0.378053,-0.612822,0.594362,0.358132,0.975453,-1.581205,1.533575,-0.329759,-0.097607,0.457682,-0.747191,3.043766,-0.046203
245,1776231723388,4.944559,-330.5747,-98.5887,459.7968,0.378209,-0.612745,0.594435,0.357979,0.975927,-1.581121,1.533875,-0.328976,-0.097600,0.457632,-0.747297,3.043526,-0.046290
246,1776231723399,4.955671,-330.1817,-98.5851,459.7999,0.378095,-0.612829,0.594359,0.358082,0.975584,-1.581262,1.533603,-0.328583,-0.097595,0.457636,-0.747241,3.043534,-0.046248
247,1776231723410,4.966782,-329.3858,-98.5871,459.7720,0.378176,-0.612831,0.594269,0.358141,0.975767,-1.581222,1.533328,-0.327787,-0.097594,0.457610,-0.747455,3.043335,-0.046289
248,1776231723421,4.977893,-328.9988,-98.5886,459.7471,0.378133,-0.612822,0.594380,0.358020,0.975711,-1.581289,1.533702,-0.327400,-0.097594,0.457586,-0.747399,3.043216,-0.046398
249,1776231723433,4.989004,-328.2068,-98.5836,459.7532,0.378341,-0.612884,0.594204,0.357985,0.976265,-1.581475,1.533275,-0.326608,-0.097586,0.457594,-0.747557,3.043170,-0.046417
250,1776231723444,5.000115,-327.8158,-98.5900,459.7433,0.378137,-0.612902,0.594269,0.358063,0.975701,-1.581462,1.533383,-0.326217,-0.097591,0.457585,-0.747531,3.043158,-0.046456
251,1776231723455,5.011227,-327.4017,-98.5765,459.7763,0.378164,-0.612973,0.594216,0.358001,0.975801,-1.581693,1.533293,-0.325803,-0.097576,0.457619,-0.747445,3.043279,-0.046428
252,1776231723466,5.022338,-326.5707,-98.5915,459.8114,0.377870,-0.612809,0.594363,0.358347,0.974880,-1.581008,1.533420,-0.324972,-0.097588,0.457656,-0.747664,3.043315,-0.046423
253,1776231723477,5.033449,-326.1336,-98.5990,459.8654,0.377760,-0.613036,0.594196,0.358350,0.974596,-1.581591,1.532986,-0.324535,-0.097594,0.457711,-0.747689,3.043488,-0.046340
254,1776231723488,5.044560,-325.2874,-98.6040,459.9364,0.377817,-0.612883,0.594338,0.358317,0.974758,-1.581222,1.533376,-0.323689,-0.097596,0.457784,-0.747723,3.043772,-0.046244
255,1776231723508,5.064745,-324.4694,-98.6140,459.9495,0.377828,-0.612924,0.594308,0.358285,0.974801,-1.581353,1.533324,-0.322871,-0.097603,0.457799,-0.747731,3.043818,-0.046213
256,1776231723519,5.075856,-324.0755,-98.6155,459.9136,0.377835,-0.613005,0.594283,0.358180,0.974869,-1.581640,1.533336,-0.322477,-0.097603,0.457764,-0.747610,3.043734,-0.046216
257,1776231723530,5.086967,-323.3337,-98.6245,459.8209,0.378052,-0.612929,0.594267,0.358108,0.975463,-1.581500,1.533346,-0.321735,-0.097609,0.457673,-0.747599,3.043427,-0.046416
258,1776231723542,5.098079,-322.9438,-98.6140,459.7909,0.377998,-0.613024,0.594202,0.358111,0.975321,-1.581741,1.533176,-0.321345,-0.097597,0.457644,-0.747573,3.043333,-0.046418
259,1776231723553,5.109190,-322.1520,-98.6401,459.7441,0.378013,-0.613000,0.594206,0.358129,0.975352,-1.581665,1.533175,-0.320553,-0.097620,0.457599,-0.747485,3.043304,-0.046405
260,1776231723564,5.120301,-321.7499,-98.6296,459.7462,0.378010,-0.612986,0.594263,0.358062,0.975374,-1.581680,1.533371,-0.320151,-0.097608,0.457602,-0.747356,3.043343,-0.046434
261,1776231723575,5.131413,-321.3630,-98.6451,459.7293,0.377950,-0.612976,0.594249,0.358167,0.975170,-1.581574,1.533256,-0.319764,-0.097622,0.457586,-0.747352,3.043334,-0.046450
262,1776231723586,5.142524,-320.5480,-98.6521,459.7344,0.378001,-0.612918,0.594347,0.358050,0.975356,-1.581513,1.533594,-0.318949,-0.097626,0.457593,-0.747403,3.043394,-0.046411
263,1776231723597,5.153635,-320.1340,-98.6776,459.7605,0.377796,-0.612880,0.594374,0.358286,0.974718,-1.581237,1.533491,-0.318535,-0.097650,0.457620,-0.747555,3.043456,-0.046324
264,1776231723608,5.164746,-319.3350,-98.6705,459.7706,0.377876,-0.612949,0.594318,0.358175,0.974977,-1.581500,1.533428,-0.317736,-0.097640,0.457632,-0.747369,3.043570,-0.046262
265,1776231723619,5.175858,-318.9129,-98.6820,459.8236,0.377749,-0.612928,0.594336,0.358314,0.974583,-1.581341,1.533374,-0.317314,-0.097650,0.457686,-0.747441,3.043776,-0.046218
266,1776231723630,5.186969,-318.4959,-98.6884,459.8507,0.377753,-0.612924,0.594294,0.358388,0.974560,-1.581274,1.533209,-0.316897,-0.097655,0.457714,-0.747586,3.043887,-0.046172
267,1776231723642,5.198080,-317.6898,-98.6944,459.8618,0.377602,-0.612840,0.594454,0.358425,0.974152,-1.581030,1.533597,-0.316091,-0.097658,0.457727,-0.747559,3.043952,-0.046195
268,1776231723653,5.209191,-317.2948,-98.6849,459.8588,0.377837,-0.612954,0.594343,0.358167,0.974880,-1.581518,1.533499,-0.315696,-0.097647,0.457725,-0.747544,3.043908,-0.046289
269,1776231723664,5.220303,-316.5189,-98.6859,459.8150,0.377968,-0.612940,0.594218,0.358259,0.975174,-1.581413,1.533109,-0.314920,-0.097645,0.457683,-0.747547,3.043776,-0.046260
270,1776231723675,5.231414,-316.1280,-98.6884,459.7841,0.378088,-0.613034,0.594295,0.357844,0.975679,-1.581971,1.533612,-0.314529,-0.097646,0.457653,-0.747581,3.043629,-0.046413
271,1776231723686,5.242525,-315.7561,-98.6999,459.7432,0.377931,-0.612790,0.594452,0.358166,0.975121,-1.581097,1.533782,-0.314157,-0.097656,0.457613,-0.747710,3.043463,-0.046449
272,1776231723697,5.253636,-314.9612,-98.6959,459.7174,0.377917,-0.612865,0.594450,0.358057,0.975138,-1.581371,1.533856,-0.313362,-0.097649,0.457589,-0.747489,3.043445,-0.046466
273,1776231723708,5.264748,-314.5612,-98.7024,459.7174,0.377860,-0.612919,0.594398,0.358112,0.974964,-1.581469,1.533680,-0.312962,-0.097654,0.457590,-0.747554,3.043399,-0.046438
274,1776231723719,5.275859,-314.1502,-98.7169,459.7195,0.378004,-0.613000,0.594286,0.358006,0.975386,-1.581758,1.533471,-0.312551,-0.097667,0.457593,-0.747686,3.043378,-0.046353
275,1776231723730,5.286970,-313.3512,-98.7198,459.7406,0.377827,-0.613030,0.594322,0.358083,0.974894,-1.581777,1.533506,-0.311752,-0.097667,0.457616,-0.747472,3.043532,-0.046256
276,1776231723742,5.298081,-312.9492,-98.7353,459.7627,0.377959,-0.613008,0.594277,0.358054,0.975246,-1.581744,1.533413,-0.311350,-0.097681,0.457639,-0.747486,3.043516,-0.046255
277,1776231723753,5.309193,-312.1432,-98.7642,459.7909,0.377984,-0.613051,0.594294,0.357926,0.975371,-1.581953,1.533551,-0.310544,-0.097707,0.457669,-0.747496,3.043707,-0.046176
278,1776231723764,5.320304,-311.7602,-98.7576,459.7980,0.377893,-0.612987,0.594307,0.358111,0.975049,-1.581646,1.533447,-0.310161,-0.097699,0.457677,-0.747388,3.043670,-0.046178
279,1776231723775,5.331415,-311.3502,-98.7661,459.8100,0.377530,-0.612943,0.594337,0.358520,0.973922,-1.581223,1.533225,-0.309751,-0.097706,0.457690,-0.747459,3.043715,-0.046090
280,1776231723786,5.342526,-310.5201,-98.7811,459.8481,0.377706,-0.613017,0.594345,0.358193,0.974529,-1.581661,1.533485,-0.308921,-0.097718,0.457730,-0.747496,3.043786,-0.046026
281,1776231723797,5.353638,-310.1102,-98.7927,459.8432,0.377765,-0.613058,0.594256,0.358210,0.974674,-1.581754,1.533243,-0.308511,-0.097728,0.457726,-0.747491,3.043774,-0.046026
282,1776231723808,5.364749,-309.3072,-98.7977,459.8263,0.377683,-0.612868,0.594389,0.358400,0.974373,-1.581121,1.533448,-0.307708,-0.097730,0.457711,-0.747566,3.043706,-0.046099
283,1776231723819,5.375860,-308.9373,-98.7972,459.7764,0.378045,-0.613019,0.594201,0.358071,0.975462,-1.581760,1.533202,-0.307338,-0.097728,0.457662,-0.747487,3.043494,-0.046232
284,1776231723830,5.386971,-308.5363,-98.7837,459.7705,0.378025,-0.613036,0.594193,0.358077,0.975405,-1.581797,1.533178,-0.306937,-0.097713,0.457657,-0.747393,3.043506,-0.046233
285,1776231723842,5.398082,-307.7273,-98.7897,459.7676,0.378071,-0.612981,0.594240,0.358044,0.975541,-1.581681,1.533324,-0.306128,-0.097716,0.457656,-0.747470,3.043446,-0.046283
286,1776231723853,5.409193,-307.3334,-98.7942,459.7557,0.378069,-0.612902,0.594239,0.358183,0.975471,-1.581372,1.533218,-0.305734,-0.097719,0.457645,-0.747448,3.043368,-0.046314
287,1776231723864,5.420304,-306.5083,-98.7942,459.7827,0.377965,-0.612983,0.594202,0.358216,0.975187,-1.581555,1.533099,-0.304909,-0.097716,0.457674,-0.747575,3.043487,-0.046283
288,1776231723875,5.431416,-306.1143,-98.8017,459.7808,0.377924,-0.612939,0.594201,0.358337,0.975024,-1.581350,1.533009,-0.304515,-0.097722,0.457673,-0.747546,3.043457,-0.046292
289,1776231723886,5.442527,-305.6922,-98.7922,459.8038,0.377989,-0.612920,0.594267,0.358190,0.975261,-1.581413,1.533287,-0.304093,-0.097711,0.457697,-0.747693,3.043509,-0.046276
290,1776231723897,5.453638,-304.8932,-98.7951,459.8349,0.377897,-0.612861,0.594255,0.358407,0.974923,-1.581098,1.533096,-0.303294,-0.097711,0.457730,-0.747801,3.043615,-0.046154
291,1776231723908,5.464749,-304.5071,-98.7736,459.8140,0.378028,-0.612873,0.594186,0.358365,0.975280,-1.581159,1.532948,-0.302908,-0.097688,0.457710,-0.747727,3.043557,-0.046147
292,1776231723919,5.475861,-304.0961,-98.7860,459.8380,0.377996,-0.612878,0.594325,0.358159,0.975293,-1.581329,1.533457,-0.302497,-0.097699,0.457735,-0.747798,3.043610,-0.046112
293,1776231723930,5.486972,-303.2650,-98.7850,459.8881,0.378004,-0.612838,0.594196,0.358432,0.975186,-1.581020,1.532926,-0.301666,-0.097695,0.457787,-0.747955,3.043760,-0.046008
294,1776231723942,5.498083,-302.8350,-98.7836,459.8921,0.377824,-0.612827,0.594247,0.358556,0.974666,-1.580896,1.532967,-0.301236,-0.097692,0.457792,-0.748049,3.043749,-0.046001
295,1776231723953,5.509194,-302.4289,-98.7741,459.9011,0.377888,-0.612797,0.594304,0.358445,0.974882,-1.580904,1.533195,-0.300830,-0.097681,0.457802,-0.747892,3.043812,-0.045908
296,1776231723964,5.520305,-301.6530,-98.7741,459.8513,0.377904,-0.612714,0.594346,0.358501,0.974896,-1.580646,1.533263,-0.300054,-0.097678,0.457754,-0.748006,3.043589,-0.045969
297,1776231723975,5.531416,-301.2560,-98.7666,459.8353,0.377956,-0.612814,0.594205,0.358511,0.975025,-1.580896,1.532891,-0.299657,-0.097669,0.457739,-0.747903,3.043565,-0.045967
298,1776231723986,5.542527,-300.4561,-98.7666,459.8044,0.377947,-0.612830,0.594222,0.358463,0.975026,-1.580974,1.532971,-0.298857,-0.097666,0.457710,-0.748014,3.043407,-0.046021
299,1776231723997,5.553639,-300.0521,-98.7692,459.8015,0.377957,-0.612875,0.594136,0.358518,0.975026,-1.581050,1.532707,-0.298453,-0.097667,0.457708,-0.747936,3.043398,-0.045931
300,1776231724008,5.564750,-299.6511,-98.7826,459.8026,0.378089,-0.612784,0.594204,0.358421,0.975412,-1.580888,1.532956,-0.298052,-0.097679,0.457710,-0.748011,3.043388,-0.045904
301,1776231724019,5.575861,-298.8521,-98.7796,459.8077,0.377970,-0.612957,0.594055,0.358500,0.975067,-1.581274,1.532512,-0.297253,-0.097673,0.457717,-0.747947,3.043377,-0.045965
302,1776231724030,5.586972,-298.4260,-98.7951,459.8567,0.377979,-0.612829,0.594129,0.358587,0.975050,-1.580878,1.532639,-0.296827,-0.097687,0.457767,-0.748043,3.043523,-0.045906
303,1776231724042,5.598083,-297.6199,-98.7760,459.8918,0.377874,-0.612823,0.594203,0.358582,0.974782,-1.580867,1.532835,-0.296021,-0.097665,0.457804,-0.748117,3.043652,-0.045780
304,1776231724053,5.609195,-297.2279,-98.7904,459.9219,0.377866,-0.612901,0.594048,0.358716,0.974699,-1.580967,1.532335,-0.295629,-0.097678,0.457835,-0.748142,3.043738,-0.045656
305,1776231724064,5.620306,-296.4027,-98.7743,459.9649,0.377914,-0.612757,0.594141,0.358756,0.974805,-1.580564,1.532547,-0.294804,-0.097659,0.457880,-0.748194,3.043862,-0.045613
306,1776231724075,5.631418,-296.0007,-98.7848,459.9720,0.377926,-0.612869,0.594110,0.358604,0.974906,-1.580968,1.532577,-0.294402,-0.097668,0.457888,-0.748159,3.043878,-0.045584
307,1776231724086,5.642529,-295.5666,-98.7753,460.0120,0.377813,-0.612791,0.594154,0.358785,0.974529,-1.580631,1.532558,-0.293968,-0.097657,0.457929,-0.748323,3.043982,-0.045523
308,1776231724097,5.653641,-294.7407,-98.7954,460.0081,0.377824,-0.612752,0.594269,0.358649,0.974621,-1.580633,1.532954,-0.293142,-0.097674,0.457927,-0.748309,3.043930,-0.045500
309,1776231724108,5.664752,-294.3357,-98.7960,459.9781,0.377775,-0.612843,0.594141,0.358758,0.974443,-1.580786,1.532544,-0.292737,-0.097673,0.457898,-0.748358,3.043820,-0.045522
310,1776231724119,5.675863,-293.9288,-98.7996,459.9522,0.377945,-0.612857,0.594107,0.358611,0.974952,-1.580932,1.532564,-0.292330,-0.097675,0.457873,-0.748361,3.043766,-0.045580
311,1776231724130,5.686975,-293.1150,-98.8077,459.8933,0.377812,-0.612712,0.594293,0.358690,0.974570,-1.580499,1.532986,-0.291516,-0.097680,0.457816,-0.748325,3.043564,-0.045684
312,1776231724142,5.698086,-292.7040,-98.8083,459.8863,0.377969,-0.612839,0.594159,0.358529,0.975052,-1.580947,1.532759,-0.291105,-0.097679,0.457810,-0.748422,3.043499,-0.045740
313,1776231724153,5.709197,-291.8640,-98.8194,459.8944,0.377883,-0.612808,0.594156,0.358678,0.974760,-1.580756,1.532641,-0.290265,-0.097687,0.457820,-0.748437,3.043549,-0.045671
314,1776231724164,5.720309,-291.4500,-98.8229,459.8894,0.377958,-0.612753,0.594175,0.358661,0.974962,-1.580627,1.532705,-0.289851,-0.097689,0.457816,-0.748577,3.043496,-0.045717
315,1776231724175,5.731420,-291.0540,-98.8224,459.8805,0.377863,-0.612775,0.594148,0.358767,0.974668,-1.580604,1.532557,-0.289455,-0.097687,0.457808,-0.748446,3.043511,-0.045680
316,1776231724186,5.742531,-290.2219,-98.8204,459.9295,0.377922,-0.612940,0.593944,0.358762,0.974821,-1.581033,1.532033,-0.288623,-0.097682,0.457859,-0.748663,3.043590,-0.045563
317,1776231724197,5.753642,-289.8309,-98.8279,459.9306,0.377766,-0.613009,0.593997,0.358722,0.974439,-1.581240,1.532199,-0.288232,-0.097688,0.457861,-0.748616,3.043622,-0.045452
318,1776231724208,5.764753,-289.0238,-98.8178,459.9667,0.377725,-0.612913,0.593938,0.359026,0.974190,-1.580763,1.531824,-0.287425,-0.097675,0.457899,-0.748708,3.043677,-0.045453
319,1776231724219,5.775865,-288.5986,-98.7993,459.9956,0.377629,-0.612897,0.593996,0.359059,0.973927,-1.580697,1.531949,-0.287000,-0.097655,0.457929,-0.748688,3.043897,-0.045358
320,1776231724230,5.786976,-288.1995,-98.7767,460.0276,0.377657,-0.612804,0.594094,0.359025,0.974016,-1.580483,1.532228,-0.286601,-0.097631,0.457962,-0.748809,3.043988,-0.045385
321,1776231724242,5.798087,-287.4035,-98.7766,460.0338,0.377503,-0.612876,0.594120,0.359021,0.973621,-1.580672,1.532297,-0.285805,-0.097628,0.457970,-0.748750,3.044062,-0.045350
322,1776231724253,5.809198,-287.0204,-98.7721,460.0339,0.377649,-0.612921,0.594022,0.358953,0.974028,-1.580839,1.532095,-0.285422,-0.097622,0.457971,-0.748926,3.044054,-0.045259
323,1776231724264,5.820310,-286.3036,-98.7749,459.9572,0.377661,-0.612948,0.594075,0.358806,0.974128,-1.581020,1.532341,-0.284705,-0.097622,0.457896,-0.748789,3.043831,-0.045321
324,1776231724275,5.831421,-286.3036,-98.7749,459.9572,0.377753,-0.613012,0.593953,0.358801,0.974368,-1.581189,1.532028,-0.284705,-0.097622,0.457896,-0.748789,3.043831,-0.045321
325,1776231724286,5.842532,-285.5848,-98.7867,459.9105,0.377733,-0.612979,0.594021,0.358766,0.974332,-1.581131,1.532229,-0.283986,-0.097631,0.457851,-0.748813,3.043766,-0.045278
326,1776231724297,5.853644,-284.8388,-98.7965,459.8868,0.377605,-0.612975,0.594032,0.358890,0.973945,-1.581026,1.532167,-0.283240,-0.097638,0.457829,-0.748688,3.043886,-0.045263
327,1776231724308,5.864755,-284.4909,-98.8038,459.8840,0.377604,-0.613010,0.594041,0.358815,0.973977,-1.581174,1.532246,-0.282892,-0.097644,0.457827,-0.748604,3.043939,-0.045297
328,1776231724319,5.875866,-284.1560,-98.8162,459.8432,0.377857,-0.612940,0.594061,0.358637,0.974711,-1.581126,1.532428,-0.282557,-0.097655,0.457787,-0.748611,3.043821,-0.045360
329,1776231724330,5.886977,-283.4601,-98.8328,459.8476,0.377813,-0.612991,0.593940,0.358798,0.974523,-1.581136,1.531997,-0.281861,-0.097669,0.457793,-0.748825,3.043885,-0.045223
330,1776231724342,5.898089,-283.1451,-98.8419,459.8479,0.377757,-0.613007,0.593958,0.358798,0.974379,-1.581179,1.532043,-0.281546,-0.097677,0.457794,-0.748784,3.043868,-0.045149
331,1776231724353,5.909200,-282.8211,-98.8222,459.8311,0.377701,-0.612925,0.593992,0.358942,0.974168,-1.580857,1.532025,-0.281222,-0.097656,0.457778,-0.748825,3.043871,-0.045142
332,1776231724364,5.920311,-282.1970,-98.8085,459.8256,0.377694,-0.612981,0.593956,0.358912,0.974164,-1.581025,1.531955,-0.280598,-0.097640,0.457774,-0.748996,3.043861,-0.045179
333,1776231724375,5.931423,-281.8769,-98.7907,459.8428,0.377477,-0.612924,0.594013,0.359144,0.973497,-1.580702,1.531932,-0.280278,-0.097621,0.457792,-0.749066,3.043907,-0.045168
334,1776231724386,5.942534,-281.2547,-98.7629,459.8793,0.377664,-0.612795,0.594102,0.359019,0.974037,-1.580464,1.532254,-0.279656,-0.097591,0.457830,-0.749132,3.044088,-0.045189
335,1776231724397,5.953645,-280.9507,-98.7510,459.8785,0.377553,-0.612856,0.594131,0.358985,0.973767,-1.580647,1.532352,-0.279352,-0.097578,0.457830,-0.749022,3.044183,-0.045132
336,1776231724408,5.964756,-280.3566,-98.7472,459.8961,0.377574,-0.612783,0.594026,0.359260,0.973692,-1.580252,1.531882,-0.278758,-0.097572,0.457849,-0.749194,3.044241,-0.045116
337,1776231724419,5.975868,-280.0646,-98.7383,459.8994,0.377578,-0.612881,0.594037,0.359072,0.973789,-1.580646,1.532046,-0.278466,-0.097562,0.457853,-0.749069,3.044358,-0.045087
338,1776231724430,5.986979,-279.7935,-98.7282,459.9068,0.377659,-0.613017,0.593941,0.358914,0.974072,-1.581116,1.531915,-0.278195,-0.097551,0.457861,-0.748983,3.044392,-0.045014
339,1776231724442,5.998090,-279.2486,-98.7114,459.8515,0.377605,-0.612982,0.593962,0.358995,0.973895,-1.580964,1.531908,-0.277650,-0.097532,0.457807,-0.748964,3.044329,-0.045128
340,1776231724453,6.009202,-279.0007,-98.7204,459.8219,0.377739,-0.613030,0.593893,0.358887,0.974292,-1.581169,1.531810,-0.277402,-0.097540,0.457778,-0.748901,3.044161,-0.045179
341,1776231724464,6.020313,-278.5147,-98.7172,459.8087,0.377336,-0.613043,0.593964,0.359169,0.973120,-1.580992,1.531788,-0.276916,-0.097535,0.457766,-0.748714,3.044174,-0.045055
342,1776231724475,6.031424,-278.2517,-98.7322,459.8162,0.377710,-0.613027,0.593953,0.358822,0.974247,-1.581211,1.532012,-0.276653,-0.097549,0.457774,-0.748730,3.044162,-0.045086
343,1776231724486,6.042535,-278.0037,-98.7291,459.8076,0.377454,-0.613085,0.593944,0.359007,0.973500,-1.581223,1.531854,-0.276405,-0.097545,0.457766,-0.748645,3.044200,-0.045029
344,1776231724497,6.053646,-277.5277,-98.7299,459.8025,0.377841,-0.613072,0.593821,0.358826,0.974582,-1.581326,1.531669,-0.275929,-0.097544,0.457762,-0.748700,3.044113,-0.045044
345,1776231724508,6.064758,-277.2927,-98.7238,459.8149,0.377639,-0.613203,0.593855,0.358757,0.974095,-1.581716,1.531809,-0.275694,-0.097537,0.457775,-0.748630,3.044147,-0.045065
346,1776231724519,6.075869,-277.0616,-98.7296,459.8344,0.377353,-0.613125,0.593956,0.359025,0.973231,-1.581311,1.531871,-0.275463,-0.097542,0.457795,-0.748624,3.044181,-0.044962
347,1776231724530,6.086980,-276.6306,-98.7301,459.8533,0.377640,-0.612987,0.593958,0.358955,0.974005,-1.581007,1.531929,-0.275032,-0.097541,0.457815,-0.748831,3.044161,-0.044990
348,1776231724542,6.098091,-276.4406,-98.7278,459.8559,0.377457,-0.613114,0.593935,0.358970,0.973525,-1.581324,1.531858,-0.274842,-0.097538,0.457818,-0.748730,3.044148,-0.044994
349,1776231724553,6.109202,-276.0835,-98.7161,459.8810,0.377567,-0.613179,0.593773,0.359010,0.973790,-1.581461,1.531412,-0.274485,-0.097525,0.457844,-0.748700,3.044164,-0.044890
350,1776231724564,6.120314,-275.8915,-98.7238,459.8806,0.377451,-0.613084,0.593980,0.358952,0.973518,-1.581259,1.531988,-0.274293,-0.097532,0.457844,-0.748678,3.044155,-0.044883
351,1776231724575,6.131425,-275.7215,-98.7234,459.8912,0.377371,-0.613131,0.593845,0.359180,0.973204,-1.581208,1.531473,-0.274123,-0.097531,0.457855,-0.748706,3.044185,-0.044874
352,1776231724586,6.142536,-275.4015,-98.7286,459.9015,0.377434,-0.613120,0.593861,0.359104,0.973404,-1.581239,1.531570,-0.273803,-0.097535,0.457866,-0.748803,3.044246,-0.044774
353,1776231724597,6.153647,-275.2634,-98.7061,459.8941,0.377345,-0.613109,0.593933,0.359098,0.973178,-1.581216,1.531760,-0.273665,-0.097512,0.457859,-0.748610,3.044258,-0.044852
354,1776231724608,6.164758,-274.9533,-98.7142,459.9444,0.377480,-0.613113,0.593879,0.359038,0.973554,-1.581271,1.531664,-0.273355,-0.097519,0.457910,-0.748727,3.044468,-0.044682
355,1776231724619,6.175869,-274.8233,-98.6957,459.9360,0.377344,-0.613097,0.593979,0.359044,0.973200,-1.581225,1.531918,-0.273225,-0.097500,0.457902,-0.748613,3.044488,-0.044768
356,1776231724630,6.186981,-274.6862,-98.7001,459.9527,0.377332,-0.612977,0.593974,0.359269,0.973063,-1.580746,1.531741,-0.273088,-0.097504,0.457919,-0.748719,3.044512,-0.044695
357,1776231724642,6.198092,-274.4662,-98.6750,459.9421,0.377407,-0.613046,0.593986,0.359053,0.973359,-1.581086,1.531929,-0.272868,-0.097478,0.457909,-0.748699,3.044517,-0.044766
358,1776231724653,6.209203,-274.3562,-98.6884,459.9429,0.377370,-0.613029,0.593976,0.359138,0.973223,-1.580977,1.531842,-0.272758,-0.097491,0.457910,-0.748805,3.044477,-0.044758
359,1776231724664,6.220314,-274.1491,-98.6492,459.9363,0.377291,-0.613073,0.593975,0.359148,0.973014,-1.581085,1.531830,-0.272551,-0.097451,0.457904,-0.748824,3.044543,-0.044724
360,1776231724675,6.231426,-274.0430,-98.6485,459.9651,0.377373,-0.613044,0.593944,0.359162,0.973220,-1.580999,1.531742,-0.272445,-0.097450,0.457933,-0.748784,3.044607,-0.044664
361,1776231724686,6.242537,-273.9699,-98.6228,459.9528,0.377089,-0.612934,0.594093,0.359401,0.972375,-1.580534,1.531951,-0.272372,-0.097424,0.457921,-0.748992,3.044510,-0.044699
362,1776231724697,6.253648,-273.8798,-98.5951,459.9696,0.377209,-0.613038,0.593976,0.359293,0.972736,-1.580883,1.531727,-0.272282,-0.097396,0.457938,-0.748846,3.044620,-0.044671
363,1776231724708,6.264760,-273.7937,-98.5804,459.9743,0.377260,-0.612965,0.594000,0.359323,0.972853,-1.580675,1.531768,-0.272196,-0.097381,0.457943,-0.748953,3.044648,-0.044617
364,1776231724719,6.275871,-273.6506,-98.5459,459.9769,0.377100,-0.613021,0.594028,0.359349,0.972427,-1.580799,1.531821,-0.272053,-0.097346,0.457946,-0.748916,3.044581,-0.044625
365,1776231724730,6.286982,-273.6506,-98.5459,459.9769,0.377278,-0.613163,0.593838,0.359234,0.972940,-1.581251,1.531415,-0.272053,-0.097346,0.457946,-0.748916,3.044581,-0.044625
366,1776231724742,6.298093,-273.4394,-98.4997,459.9833,0.377254,-0.613114,0.593905,0.359232,0.972879,-1.581125,1.531590,-0.271842,-0.097299,0.457953,-0.748977,3.044650,-0.044510
367,1776231724753,6.309205,-273.3392,-98.4411,459.9619,0.377250,-0.613023,0.594009,0.359218,0.972877,-1.580903,1.531869,-0.271742,-0.097240,0.457932,-0.748968,3.044542,-0.044537
368,1776231724764,6.320316,-273.2901,-98.4163,459.9597,0.377293,-0.613138,0.593930,0.359109,0.973038,-1.581281,1.531744,-0.271693,-0.097215,0.457930,-0.748840,3.044573,-0.044522
369,1776231724775,6.331427,-273.2220,-98.3855,459.9665,0.377169,-0.613045,0.593975,0.359324,0.972617,-1.580880,1.531701,-0.271625,-0.097184,0.457937,-0.748895,3.044628,-0.044481
370,1776231724786,6.342538,-273.1437,-98.2849,459.9431,0.377160,-0.613057,0.594035,0.359213,0.972646,-1.580992,1.531939,-0.271547,-0.097083,0.457914,-0.748760,3.044631,-0.044515
371,1776231724797,6.353649,-273.1326,-98.2360,459.9129,0.377264,-0.613026,0.594062,0.359111,0.972961,-1.580990,1.532084,-0.271536,-0.097034,0.457884,-0.748767,3.044511,-0.044561
372,1776231724808,6.364760,-273.0472,-98.1433,459.9275,0.377201,-0.612999,0.594126,0.359118,0.972796,-1.580915,1.532243,-0.271451,-0.096941,0.457899,-0.748728,3.044558,-0.044411
373,1776231724819,6.375872,-273.0120,-98.0964,459.9213,0.377196,-0.613079,0.594058,0.359101,0.972790,-1.581133,1.532078,-0.271416,-0.096894,0.457893,-0.748727,3.044548,-0.044350
374,1776231724830,6.386983,-272.9778,-98.0376,459.9181,0.377221,-0.613061,0.594041,0.359132,0.972842,-1.581064,1.532013,-0.271382,-0.096835,0.457890,-0.748712,3.044568,-0.044356
375,1776231724842,6.398094,-272.9324,-97.9168,459.8957,0.377191,-0.613121,0.594007,0.359118,0.972770,-1.581229,1.531935,-0.271337,-0.096714,0.457868,-0.748765,3.044467,-0.044365
376,1776231724853,6.409205,-272.9091,-97.8448,459.9065,0.377253,-0.613132,0.593968,0.359099,0.972939,-1.581272,1.531848,-0.271314,-0.096642,0.457879,-0.748745,3.044458,-0.044349
377,1776231724864,6.420317,-272.8776,-97.6691,459.8590,0.377232,-0.613139,0.593951,0.359137,0.972868,-1.581262,1.531778,-0.271283,-0.096466,0.457832,-0.748705,3.044384,-0.044442
378,1776231724875,6.431428,-272.8492,-97.5742,459.8607,0.377331,-0.613087,0.593959,0.359109,0.973136,-1.581149,1.531818,-0.271255,-0.096371,0.457834,-0.748675,3.044407,-0.044378
379,1776231724886,6.442539,-272.8549,-97.4672,459.8195,0.377529,-0.613149,0.593823,0.359019,0.973688,-1.581377,1.531534,-0.271261,-0.096264,0.457793,-0.748647,3.044304,-0.044469
380,1776231724897,6.453651,-272.8083,-97.2915,459.8019,0.377532,-0.613171,0.593771,0.359063,0.973676,-1.581401,1.531368,-0.271215,-0.096088,0.457776,-0.748798,3.044185,-0.044297
381,1776231724908,6.464762,-272.8058,-97.1605,459.8016,0.377597,-0.613215,0.593729,0.358990,0.973877,-1.581571,1.531313,-0.271213,-0.095957,0.457776,-0.748627,3.044127,-0.044366
382,1776231724919,6.475874,-272.7794,-97.0346,459.7953,0.377552,-0.613229,0.593774,0.358939,0.973784,-1.581645,1.531466,-0.271187,-0.095831,0.457770,-0.748593,3.044142,-0.044389
383,1776231724930,6.486985,-272.7544,-96.7737,459.8006,0.377722,-0.613294,0.593693,0.358784,0.974294,-1.581929,1.531370,-0.271163,-0.095570,0.457776,-0.748420,3.044057,-0.044306
384,1776231724942,6.498096,-272.7309,-96.6458,459.7952,0.377563,-0.613223,0.593770,0.358944,0.973812,-1.581625,1.531452,-0.271140,-0.095442,0.457771,-0.748456,3.044040,-0.044319
385,1776231724953,6.509207,-272.7158,-96.3328,459.8014,0.377615,-0.613225,0.593732,0.358950,0.973941,-1.581625,1.531350,-0.271126,-0.095129,0.457778,-0.748378,3.044036,-0.044374
386,1776231724964,6.520318,-272.6862,-96.1829,459.8040,0.377662,-0.613232,0.593719,0.358910,0.974081,-1.581674,1.531346,-0.271097,-0.094979,0.457781,-0.748407,3.044076,-0.044405
387,1776231724975,6.531429,-272.6676,-96.0260,459.8096,0.377670,-0.613202,0.593777,0.358856,0.974128,-1.581637,1.531535,-0.271079,-0.094822,0.457787,-0.748423,3.044122,-0.044318
388,1776231724986,6.542540,-272.6413,-95.6960,459.8168,0.377621,-0.613159,0.593779,0.358978,0.973944,-1.581435,1.531450,-0.271054,-0.094492,0.457795,-0.748439,3.044098,-0.044321
389,1776231724997,6.553652,-272.6286,-95.5061,459.8183,0.377551,-0.613093,0.593852,0.359043,0.973734,-1.581215,1.531591,-0.271042,-0.094302,0.457797,-0.748479,3.044098,-0.044357
390,1776231725008,6.564763,-272.6223,-95.1401,459.8014,0.377707,-0.613135,0.593714,0.359035,0.974140,-1.581331,1.531242,-0.271037,-0.093936,0.457781,-0.748446,3.043968,-0.044421
391,1776231725019,6.575874,-272.5975,-94.9431,459.8329,0.377602,-0.613219,0.593740,0.358959,0.973904,-1.581605,1.531365,-0.271013,-0.093739,0.457813,-0.748448,3.044109,-0.044337
392,1776231725030,6.586985,-272.5968,-94.7422,459.8144,0.377671,-0.613194,0.593759,0.358898,0.974112,-1.581585,1.531458,-0.271013,-0.093538,0.457795,-0.748404,3.044010,-0.044354
393,1776231725042,6.598097,-272.5752,-94.3332,459.8314,0.377647,-0.613161,0.593764,0.358972,0.974015,-1.581444,1.531415,-0.270993,-0.093129,0.457813,-0.748497,3.044059,-0.044369
394,1776231725053,6.609208,-272.5894,-94.1082,459.8169,0.377685,-0.613121,0.593768,0.358993,0.974101,-1.581324,1.531411,-0.271008,-0.092904,0.457799,-0.748424,3.044003,-0.044430
395,1776231725064,6.620319,-272.5838,-93.6692,459.8298,0.377728,-0.613132,0.593741,0.358974,0.974222,-1.581368,1.531355,-0.271004,-0.092465,0.457813,-0.748561,3.043979,-0.044327
396,1776231725075,6.631430,-272.5849,-93.4362,459.8233,0.377578,-0.613054,0.593797,0.359173,0.973743,-1.581015,1.531354,-0.271006,-0.092232,0.457807,-0.748653,3.043960,-0.044395
397,1776231725086,6.642542,-272.5900,-93.2002,459.8267,0.377691,-0.613134,0.593721,0.359043,0.974093,-1.581321,1.531253,-0.271012,-0.091996,0.457811,-0.748674,3.043959,-0.044404
398,1776231725097,6.653653,-272.5831,-92.6972,459.8285,0.377710,-0.613118,0.593774,0.358962,0.974181,-1.581341,1.531448,-0.271007,-0.091493,0.457814,-0.748766,3.044016,-0.044512
399,1776231725108,6.664764,-272.5852,-92.4372,459.8199,0.377687,-0.613068,0.593837,0.358968,0.974120,-1.581207,1.531606,-0.271010,-0.091233,0.457806,-0.748795,3.044046,-0.044549
400,1776231725119,6.675875,-272.5812,-92.1672,459.8242,0.377697,-0.613117,0.593792,0.358949,0.974153,-1.581347,1.531504,-0.271007,-0.090963,0.457811,-0.748769,3.044087,-0.044510
401,1776231725130,6.686987,-272.6071,-91.6081,459.8050,0.377666,-0.613137,0.593776,0.358974,0.974061,-1.581379,1.531445,-0.271035,-0.090404,0.457793,-0.748684,3.044040,-0.044521
402,1776231725142,6.698098,-272.6011,-91.3222,459.8083,0.377640,-0.613133,0.593807,0.358955,0.974004,-1.581386,1.531540,-0.271030,-0.090118,0.457797,-0.748636,3.044075,-0.044549
403,1776231725153,6.709209,-272.6088,-90.7241,459.8169,0.377676,-0.613149,0.593775,0.358945,0.974102,-1.581432,1.531463,-0.271040,-0.089520,0.457807,-0.748649,3.044121,-0.044630
404,1776231725164,6.720320,-272.6037,-90.4331,459.8172,0.377721,-0.613116,0.593845,0.358837,0.974268,-1.581431,1.531724,-0.271036,-0.089229,0.457808,-0.748725,3.044104,-0.044615
405,1776231725175,6.731438,-272.6076,-90.1241,459.8064,0.377605,-0.613203,0.593798,0.358889,0.973944,-1.581614,1.531564,-0.271041,-0.088920,0.457798,-0.748520,3.044123,-0.044631
406,1776231725186,6.742549,-272.6053,-89.5121,459.8160,0.377635,-0.613148,0.593837,0.358887,0.974024,-1.581474,1.531666,-0.271041,-0.088308,0.457809,-0.748455,3.044157,-0.044613
407,1776231725197,6.753660,-272.6112,-89.1911,459.7982,0.377483,-0.613196,0.593813,0.359004,0.973576,-1.581511,1.531519,-0.271048,-0.087987,0.457792,-0.748421,3.044174,-0.044636
408,1776231725208,6.764772,-272.6067,-88.5501,459.8147,0.377725,-0.613165,0.593771,0.358872,0.974262,-1.581529,1.531506,-0.271046,-0.087346,0.457810,-0.748548,3.044195,-0.044670
409,1776231725219,6.775883,-272.6005,-88.2281,459.8149,0.377705,-0.613149,0.593733,0.358982,0.974160,-1.581407,1.531329,-0.271041,-0.087024,0.457811,-0.748539,3.044222,-0.044646
410,1776231725230,6.786994,-272.6283,-87.8921,459.7942,0.377693,-0.613186,0.593747,0.358909,0.974162,-1.581555,1.531419,-0.271070,-0.086688,0.457791,-0.748499,3.044129,-0.044632
411,1776231725242,6.798105,-272.6178,-87.2051,459.7965,0.377545,-0.613140,0.593817,0.359026,0.973727,-1.581349,1.531514,-0.271062,-0.086001,0.457795,-0.748478,3.044192,-0.044746
412,1776231725253,6.809216,-272.6225,-86.8671,459.7957,0.377736,-0.613086,0.593837,0.358885,0.974284,-1.581317,1.531667,-0.271068,-0.085663,0.457795,-0.748510,3.044159,-0.044793
413,1776231725264,6.820327,-272.6182,-86.5211,459.7999,0.377567,-0.612982,0.593882,0.359166,0.973717,-1.580836,1.531579,-0.271065,-0.085317,0.457800,-0.748598,3.044120,-0.044819
414,1776231725275,6.831591,-272.5966,-85.8431,459.8243,0.377747,-0.613030,0.593865,0.358924,0.974293,-1.581142,1.531710,-0.271046,-0.084639,0.457826,-0.748646,3.044195,-0.044703
415,1776231725286,6.842702,-272.5974,-85.4991,459.8124,0.377745,-0.612966,0.593857,0.359047,0.974233,-1.580885,1.531602,-0.271048,-0.084295,0.457815,-0.748747,3.044132,-0.044759
416,1776231725297,6.853813,-272.5678,-84.8252,459.8238,0.377733,-0.612975,0.593805,0.359131,0.974163,-1.580845,1.531404,-0.271021,-0.083621,0.457828,-0.749009,3.044150,-0.044749
417,1776231725308,6.864925,-272.5735,-84.4722,459.8169,0.377822,-0.612944,0.593793,0.359111,0.974400,-1.580778,1.531388,-0.271028,-0.083268,0.457822,-0.749019,3.044095,-0.044676
418,1776231725320,6.876036,-272.5249,-83.7753,459.8412,0.377723,-0.613001,0.593645,0.359363,0.974028,-1.580734,1.530821,-0.270982,-0.082571,0.457848,-0.749418,3.044192,-0.044651
419,1776231725331,6.887147,-272.5385,-83.4083,459.8313,0.377907,-0.612925,0.593727,0.359162,0.974597,-1.580691,1.531181,-0.270997,-0.082204,0.457839,-0.749427,3.044061,-0.044642
420,1776231725342,6.898259,-272.5302,-83.0443,459.8235,0.377878,-0.612874,0.593801,0.359158,0.974523,-1.580563,1.531375,-0.270990,-0.081840,0.457832,-0.749452,3.044077,-0.044669
421,1776231725353,6.909370,-272.5304,-82.2993,459.8377,0.377861,-0.612776,0.593931,0.359127,0.974495,-1.580334,1.531734,-0.270993,-0.081095,0.457848,-0.749408,3.044101,-0.044583
422,1776231725364,6.920481,-272.5079,-81.9153,459.8557,0.377778,-0.612826,0.593846,0.359271,0.974212,-1.580355,1.531408,-0.270972,-0.080711,0.457867,-0.749385,3.044231,-0.044594
423,1776231725375,6.931592,-272.5015,-81.5373,459.8528,0.377768,-0.612806,0.593888,0.359246,0.974198,-1.580322,1.531535,-0.270967,-0.080333,0.457865,-0.749399,3.044277,-0.044627
424,1776231725386,6.942704,-272.5098,-80.7773,459.8280,0.377695,-0.612861,0.593886,0.359232,0.974016,-1.580473,1.531540,-0.270978,-0.079573,0.457842,-0.749319,3.044167,-0.044604
425,1776231725397,6.953815,-272.4933,-80.3824,459.8400,0.377733,-0.612864,0.593904,0.359157,0.974148,-1.580537,1.531642,-0.270963,-0.079178,0.457855,-0.749254,3.044282,-0.044611
426,1776231725408,6.964926,-272.4893,-79.5884,459.8422,0.377797,-0.612840,0.593933,0.359083,0.974348,-1.580532,1.531770,-0.270962,-0.078384,0.457859,-0.749162,3.044288,-0.044688
427,1776231725420,6.976038,-272.4893,-79.5884,459.8422,0.377709,-0.612925,0.593868,0.359138,0.974098,-1.580710,1.531562,-0.270962,-0.078384,0.457859,-0.749162,3.044288,-0.044688
428,1776231725431,6.987149,-272.4853,-78.8024,459.8533,0.377734,-0.612825,0.593952,0.359144,0.974158,-1.580447,1.531775,-0.270961,-0.077598,0.457872,-0.749238,3.044248,-0.044574
429,1776231725442,6.998260,-272.4833,-77.9983,459.8634,0.377677,-0.612896,0.593848,0.359254,0.973960,-1.580548,1.531424,-0.270962,-0.076794,0.457884,-0.749271,3.044270,-0.044511
430,1776231725453,7.009371,-272.4718,-77.6153,459.8834,0.377773,-0.612883,0.593832,0.359203,0.974231,-1.580551,1.531421,-0.270952,-0.076411,0.457905,-0.749388,3.044254,-0.044450
431,1776231725464,7.020482,-272.4679,-76.8234,459.8745,0.377801,-0.612819,0.593917,0.359141,0.974333,-1.580432,1.531686,-0.270951,-0.075619,0.457898,-0.749391,3.044248,-0.044464
432,1776231725475,7.031594,-272.4645,-76.4294,459.8696,0.377955,-0.612864,0.593839,0.359031,0.974780,-1.580633,1.531566,-0.270949,-0.075225,0.457894,-0.749336,3.044167,-0.044445
433,1776231725486,7.042705,-272.4730,-76.0324,459.8507,0.377920,-0.612779,0.593907,0.359101,0.974659,-1.580360,1.531689,-0.270959,-0.074828,0.457876,-0.749343,3.044114,-0.044501
434,1776231725497,7.053816,-272.4669,-75.2154,459.8657,0.377864,-0.612910,0.593835,0.359055,0.974535,-1.580733,1.531538,-0.270956,-0.074011,0.457893,-0.749088,3.044139,-0.044376
435,1776231725508,7.064928,-272.4544,-74.8114,459.8827,0.377840,-0.612774,0.594020,0.359005,0.974497,-1.580421,1.532052,-0.270945,-0.073607,0.457911,-0.749054,3.044234,-0.044450
436,1776231725520,7.076039,-272.4629,-74.4084,459.8718,0.377812,-0.612923,0.593883,0.359009,0.974423,-1.580802,1.531696,-0.270955,-0.073204,0.457901,-0.748974,3.044140,-0.044463
437,1776231725531,7.087150,-272.4769,-73.5863,459.8649,0.377874,-0.612940,0.593862,0.358948,0.974611,-1.580893,1.531687,-0.270972,-0.072382,0.457896,-0.748701,3.044113,-0.044492
438,1776231725542,7.098261,-272.4674,-73.1863,459.8809,0.377843,-0.612911,0.593928,0.358922,0.974544,-1.580835,1.531874,-0.270964,-0.071982,0.457913,-0.748642,3.044173,-0.044450
439,1776231725553,7.109373,-272.4573,-72.3853,459.9070,0.377803,-0.613003,0.593797,0.359022,0.974393,-1.581000,1.531466,-0.270957,-0.071181,0.457941,-0.748641,3.044209,-0.044322
440,1776231725564,7.120484,-272.4668,-71.9813,459.8960,0.377872,-0.612886,0.593860,0.359047,0.974561,-1.580678,1.531608,-0.270968,-0.070777,0.457931,-0.748604,3.044206,-0.044375
441,1776231725575,7.131595,-272.4523,-71.5783,459.9130,0.378070,-0.612959,0.593825,0.358771,0.975200,-1.581075,1.531721,-0.270955,-0.070374,0.457949,-0.748540,3.044324,-0.044298
442,1776231725586,7.142706,-272.4703,-70.7742,459.8912,0.378004,-0.613054,0.593698,0.358888,0.974975,-1.581230,1.531307,-0.270976,-0.069570,0.457929,-0.748386,3.044220,-0.044257
443,1776231725597,7.153818,-272.4629,-70.3763,459.8952,0.378176,-0.613111,0.593635,0.358714,0.975498,-1.581510,1.531273,-0.270970,-0.069172,0.457934,-0.748450,3.044237,-0.044284
444,1776231725608,7.164929,-272.4610,-69.6093,459.8874,0.377934,-0.613157,0.593613,0.358927,0.974775,-1.581467,1.531059,-0.270971,-0.068405,0.457928,-0.748538,3.044168,-0.044203
445,1776231725620,7.176040,-272.4325,-69.2253,459.9124,0.377853,-0.613090,0.593691,0.358997,0.974533,-1.581241,1.531210,-0.270944,-0.068021,0.457954,-0.748659,3.044249,-0.044120
446,1776231725631,7.187151,-272.4261,-68.8383,459.9205,0.378011,-0.612957,0.593710,0.359026,0.974928,-1.580878,1.531237,-0.270939,-0.067634,0.457963,-0.748805,3.044205,-0.044193
447,1776231725642,7.198263,-272.4333,-68.0853,459.9107,0.377995,-0.613126,0.593533,0.359047,0.974878,-1.581298,1.530765,-0.270949,-0.066881,0.457955,-0.749012,3.044151,-0.044042
448,1776231725653,7.209374,-272.4459,-67.6943,459.8968,0.378161,-0.612938,0.593694,0.358928,0.975360,-1.580903,1.531267,-0.270963,-0.066490,0.457942,-0.749082,3.044048,-0.044224
449,1776231725664,7.220485,-272.4559,-66.9023,459.8799,0.378165,-0.613193,0.593516,0.358781,0.975438,-1.581672,1.530916,-0.270976,-0.065698,0.457927,-0.749155,3.044006,-0.044192
450,1776231725675,7.231597,-272.4715,-66.5072,459.8720,0.378320,-0.613110,0.593571,0.358671,0.975890,-1.581540,1.531137,-0.270993,-0.065303,0.457920,-0.749193,3.043919,-0.044250
451,1776231725686,7.242708,-272.4600,-66.1023,459.8681,0.378161,-0.613103,0.593594,0.358811,0.975416,-1.581415,1.531096,-0.270983,-0.064898,0.457917,-0.749046,3.044027,-0.044267
452,1776231725697,7.253819,-272.4801,-65.3182,459.8552,0.378381,-0.613219,0.593491,0.358550,0.976105,-1.581913,1.531021,-0.271006,-0.064114,0.457906,-0.748988,3.043927,-0.044291
453,1776231725708,7.264930,-272.4846,-64.9152,459.8453,0.378143,-0.613149,0.593587,0.358763,0.975390,-1.581572,1.531111,-0.271012,-0.063711,0.457897,-0.749002,3.043893,-0.044279
454,1776231725720,7.276042,-272.4881,-64.5042,459.8653,0.378045,-0.613026,0.593768,0.358778,0.975130,-1.581242,1.531568,-0.271017,-0.063300,0.457918,-0.748763,3.044017,-0.044318
455,1776231725731,7.287153,-272.4982,-63.7192,459.8515,0.378071,-0.613142,0.593591,0.358844,0.975168,-1.581492,1.531062,-0.271030,-0.062515,0.457906,-0.748764,3.043994,-0.044243
456,1776231725742,7.298264,-272.4956,-63.3101,459.8625,0.378021,-0.612974,0.593774,0.358882,0.975021,-1.581029,1.531507,-0.271029,-0.062106,0.457918,-0.748698,3.044028,-0.044258
457,1776231725753,7.309376,-272.5016,-62.5061,459.8566,0.377863,-0.612889,0.593843,0.359079,0.974522,-1.580662,1.531540,-0.271038,-0.061302,0.457914,-0.748771,3.044084,-0.044385
458,1776231725764,7.320487,-272.5022,-62.1211,459.8747,0.377915,-0.613050,0.593728,0.358940,0.974719,-1.581181,1.531345,-0.271040,-0.060917,0.457933,-0.748854,3.044154,-0.044186
459,1776231725775,7.331598,-272.5117,-61.7251,459.8658,0.378248,-0.612972,0.593692,0.358781,0.975652,-1.581101,1.531369,-0.271051,-0.060521,0.457925,-0.748958,3.044100,-0.044192
460,1776231725786,7.342709,-272.5382,-61.3170,459.8449,0.377955,-0.613158,0.593555,0.358999,0.974796,-1.581416,1.530856,-0.271079,-0.060113,0.457905,-0.748921,3.044024,-0.044277
461,1776231725797,7.353820,-272.5333,-60.5370,459.8390,0.378141,-0.613265,0.593392,0.358890,0.975326,-1.581775,1.530516,-0.271077,-0.059333,0.457901,-0.749103,3.044027,-0.044177
462,1776231725808,7.364932,-272.5374,-59.7321,459.8241,0.378025,-0.612978,0.593709,0.358977,0.974988,-1.580968,1.531269,-0.271084,-0.058528,0.457888,-0.749274,3.044008,-0.044320
463,1776231725820,7.376043,-272.5359,-59.3341,459.8112,0.377980,-0.613160,0.593637,0.358834,0.974938,-1.581545,1.531188,-0.271084,-0.058130,0.457876,-0.749167,3.044034,-0.044324
464,1776231725831,7.387154,-272.5614,-58.9270,459.8033,0.378055,-0.613131,0.593649,0.358785,0.975154,-1.581507,1.531255,-0.271111,-0.057723,0.457869,-0.749023,3.043984,-0.044266
465,1776231725842,7.398265,-272.5363,-58.0971,459.7992,0.377943,-0.613196,0.593632,0.358820,0.974849,-1.581648,1.531186,-0.271089,-0.056893,0.457867,-0.748917,3.044093,-0.044327
466,1776231725853,7.409376,-272.5469,-57.6981,459.7843,0.377887,-0.613160,0.593703,0.358821,0.974705,-1.581557,1.531370,-0.271101,-0.056494,0.457853,-0.748831,3.044053,-0.044354
467,1776231725864,7.420487,-272.5449,-56.8851,459.7864,0.377919,-0.613213,0.593631,0.358817,0.974787,-1.581694,1.531187,-0.271102,-0.055681,0.457857,-0.748754,3.044112,-0.044319
468,1776231725875,7.431599,-272.5182,-56.4691,459.8123,0.377892,-0.613101,0.593840,0.358691,0.974776,-1.581501,1.531818,-0.271077,-0.055265,0.457884,-0.748680,3.044269,-0.044287
469,1776231725886,7.442710,-272.5398,-56.0681,459.7834,0.377820,-0.613333,0.593552,0.358847,0.974519,-1.581982,1.530961,-0.271100,-0.054864,0.457856,-0.748759,3.044101,-0.044261
470,1776231725897,7.453821,-272.5217,-55.2401,459.7924,0.377845,-0.613306,0.593581,0.358820,0.974594,-1.581932,1.531054,-0.271085,-0.054036,0.457867,-0.748687,3.044258,-0.044196
471,1776231725908,7.464932,-272.5202,-54.8391,459.7904,0.377744,-0.613361,0.593512,0.358946,0.974276,-1.581980,1.530784,-0.271085,-0.053635,0.457866,-0.748704,3.044252,-0.044286
472,1776231725920,7.476044,-272.5177,-54.4382,459.7885,0.377651,-0.613352,0.593596,0.358918,0.974050,-1.581977,1.531023,-0.271084,-0.053234,0.457865,-0.748650,3.044244,-0.044184
473,1776231725931,7.487155,-272.5029,-53.6542,459.7736,0.377943,-0.613252,0.593618,0.358747,0.974884,-1.581847,1.531203,-0.271072,-0.052450,0.457852,-0.748758,3.044270,-0.044198
474,1776231725942,7.498267,-272.5054,-53.2462,459.7646,0.377795,-0.613245,0.593651,0.358860,0.974449,-1.581744,1.531207,-0.271076,-0.052042,0.457844,-0.748933,3.044202,-0.044310
475,1776231725953,7.509378,-272.5075,-52.4762,459.7628,0.377972,-0.613282,0.593472,0.358907,0.974882,-1.581805,1.530711,-0.271081,-0.051272,0.457844,-0.749212,3.044203,-0.044166
476,1776231725964,7.520489,-272.5010,-52.0852,459.7699,0.377740,-0.613318,0.593537,0.358981,0.974249,-1.581843,1.530823,-0.271076,-0.050881,0.457852,-0.749243,3.044238,-0.044139
477,1776231725975,7.531600,-272.5195,-51.6752,459.7559,0.377848,-0.613244,0.593509,0.359040,0.974500,-1.581607,1.530708,-0.271096,-0.050471,0.457839,-0.749354,3.044214,-0.044248
478,1776231725986,7.542712,-272.5311,-51.2802,459.7450,0.377851,-0.613377,0.593421,0.358954,0.974549,-1.582015,1.530544,-0.271109,-0.050076,0.457829,-0.749323,3.044155,-0.044179
479,1776231725997,7.553823,-272.5561,-50.4731,459.7292,0.377877,-0.613176,0.593607,0.358964,0.974611,-1.581488,1.531016,-0.271137,-0.049269,0.457815,-0.749286,3.044154,-0.044216
480,1776231726008,7.564934,-272.5520,-49.6571,459.7452,0.377750,-0.613236,0.593595,0.359016,0.974259,-1.581603,1.530947,-0.271136,-0.048453,0.457833,-0.749197,3.044312,-0.044101
481,1776231726020,7.576045,-272.5776,-49.2480,459.7273,0.377781,-0.613237,0.593662,0.358869,0.974408,-1.581719,1.531228,-0.271163,-0.048044,0.457816,-0.749087,3.044253,-0.044150
482,1776231726031,7.587157,-272.5861,-48.8380,459.7144,0.377764,-0.613191,0.593744,0.358830,0.974381,-1.581629,1.531469,-0.271173,-0.047634,0.457804,-0.749003,3.044229,-0.044232
483,1776231726042,7.598268,-272.5801,-48.0470,459.7225,0.377816,-0.613234,0.593684,0.358802,0.974529,-1.581761,1.531333,-0.271170,-0.046843,0.457814,-0.748797,3.044313,-0.044146
484,1776231726053,7.609379,-272.5816,-47.6460,459.7175,0.377699,-0.613250,0.593682,0.358900,0.974182,-1.581728,1.531257,-0.271173,-0.046442,0.457810,-0.748773,3.044290,-0.044237
485,1776231726064,7.620490,-272.5641,-47.2490,459.7355,0.377529,-0.613234,0.593721,0.359041,0.973679,-1.581581,1.531255,-0.271157,-0.046045,0.457829,-0.748768,3.044411,-0.044147
486,1776231726075,7.631601,-272.5611,-46.4580,459.7436,0.377590,-0.613292,0.593645,0.359005,0.973851,-1.581758,1.531085,-0.271157,-0.045254,0.457839,-0.748717,3.044417,-0.044075
487,1776231726086,7.642712,-272.5757,-46.0620,459.7257,0.377636,-0.613282,0.593626,0.359006,0.973969,-1.581729,1.531036,-0.271173,-0.044858,0.457822,-0.748696,3.044332,-0.044151
488,1776231726097,7.653824,-272.5647,-45.2690,459.7228,0.377696,-0.613328,0.593586,0.358931,0.974160,-1.581905,1.530987,-0.271165,-0.044065,0.457821,-0.748858,3.044347,-0.044182
489,1776231726108,7.664935,-272.5543,-44.8890,459.7409,0.377606,-0.613381,0.593492,0.359090,0.973853,-1.581922,1.530628,-0.271156,-0.043685,0.457840,-0.748847,3.044362,-0.044026
490,1776231726120,7.676046,-272.5373,-44.0931,459.7520,0.377650,-0.613290,0.593602,0.359017,0.974001,-1.581743,1.530965,-0.271142,-0.042889,0.457853,-0.748930,3.044458,-0.044151
491,1776231726131,7.687157,-272.5438,-43.6950,459.7550,0.377769,-0.613263,0.593579,0.358976,0.974326,-1.581703,1.530934,-0.271150,-0.042491,0.457857,-0.748920,3.044478,-0.044014
492,1776231726142,7.698269,-272.5394,-43.3101,459.7511,0.377620,-0.613542,0.593413,0.358929,0.973965,-1.582459,1.530542,-0.271147,-0.042106,0.457854,-0.748854,3.044422,-0.043907
493,1776231726153,7.709380,-272.5293,-42.4861,459.7461,0.377554,-0.613212,0.593743,0.359017,0.973754,-1.581541,1.531329,-0.271140,-0.041282,0.457851,-0.748618,3.044565,-0.044012
494,1776231726164,7.720491,-272.5188,-42.0931,459.7602,0.377265,-0.613273,0.593702,0.359285,0.972884,-1.581497,1.531027,-0.271131,-0.040889,0.457866,-0.748578,3.044612,-0.043856
495,1776231726175,7.731602,-272.5043,-41.6871,459.7812,0.377312,-0.613437,0.593500,0.359289,0.973004,-1.581917,1.530503,-0.271118,-0.040483,0.457888,-0.748455,3.044734,-0.043845
496,1776231726186,7.742714,-272.5163,-40.8691,459.7573,0.377460,-0.613435,0.593497,0.359141,0.973454,-1.582023,1.530604,-0.271133,-0.039665,0.457866,-0.748351,3.044698,-0.043904
497,1776231726197,7.753825,-272.5128,-40.4781,459.7703,0.377505,-0.613444,0.593525,0.359032,0.973619,-1.582129,1.530755,-0.271131,-0.039274,0.457880,-0.748460,3.044725,-0.043758
498,1776231726208,7.764936,-272.5067,-39.6501,459.7853,0.377407,-0.613415,0.593594,0.359072,0.973348,-1.582025,1.530904,-0.271128,-0.038446,0.457897,-0.748313,3.044833,-0.043833
499,1776231726220,7.776047,-272.5272,-39.2221,459.7464,0.377414,-0.613473,0.593516,0.359094,0.973356,-1.582158,1.530687,-0.271150,-0.038018,0.457859,-0.748239,3.044774,-0.043989
500,1776231726231,7.787159,-272.5067,-38.8331,459.7684,0.377406,-0.613321,0.593657,0.359129,0.973319,-1.581739,1.531024,-0.271131,-0.037629,0.457882,-0.748305,3.044867,-0.043919
501,1776231726242,7.798270,-272.5187,-38.0230,459.7655,0.377503,-0.613404,0.593603,0.358975,0.973641,-1.582067,1.530998,-0.271146,-0.036819,0.457881,-0.748360,3.044769,-0.043960
502,1776231726253,7.809381,-272.5111,-37.6160,459.7795,0.377388,-0.613433,0.593534,0.359159,0.973259,-1.582005,1.530687,-0.271140,-0.036412,0.457896,-0.748417,3.044839,-0.043936
503,1776231726264,7.820493,-272.5156,-37.2140,459.7716,0.377437,-0.613396,0.593585,0.359087,0.973418,-1.581963,1.530870,-0.271146,-0.036010,0.457889,-0.748493,3.044752,-0.044043
504,1776231726275,7.831609,-272.5016,-36.4160,459.7967,0.377483,-0.613405,0.593470,0.359214,0.973478,-1.581889,1.530481,-0.271135,-0.035212,0.457916,-0.748614,3.044748,-0.043923
505,1776231726286,7.842720,-272.4950,-35.9960,459.8126,0.377456,-0.613299,0.593555,0.359283,0.973376,-1.581563,1.530650,-0.271130,-0.034792,0.457933,-0.748642,3.044785,-0.044020
506,1776231726297,7.853831,-272.4930,-35.1780,459.8047,0.377376,-0.613310,0.593554,0.359351,0.973139,-1.581542,1.530596,-0.271131,-0.033974,0.457927,-0.748736,3.044757,-0.043973
507,1776231726308,7.864942,-272.4945,-34.7850,459.8098,0.377514,-0.613334,0.593454,0.359329,0.973505,-1.581619,1.530355,-0.271134,-0.033581,0.457933,-0.748814,3.044669,-0.043930
508,1776231726320,7.876053,-272.4804,-33.9610,459.8358,0.377421,-0.613471,0.593304,0.359440,0.973213,-1.581890,1.529886,-0.271123,-0.032757,0.457961,-0.748708,3.044858,-0.043942
509,1776231726331,7.887164,-272.4478,-33.5700,459.8628,0.377354,-0.613373,0.593420,0.359487,0.973019,-1.581600,1.530153,-0.271092,-0.032366,0.457989,-0.748762,3.044993,-0.043897
510,1776231726342,7.898276,-272.4483,-33.1720,459.8698,0.377392,-0.613161,0.593680,0.359379,0.973168,-1.581135,1.530901,-0.271094,-0.031968,0.457997,-0.748697,3.045035,-0.043873
511,1776231726353,7.909387,-272.4423,-32.3570,459.8769,0.377476,-0.613288,0.593552,0.359286,0.973427,-1.581535,1.530639,-0.271091,-0.031153,0.458006,-0.748455,3.045135,-0.043858
512,1776231726364,7.920498,-272.4288,-31.9730,459.8859,0.377404,-0.613310,0.593511,0.359392,0.973192,-1.581511,1.530455,-0.271079,-0.030769,0.458016,-0.748602,3.045106,-0.043940
513,1776231726375,7.931609,-272.4232,-31.5510,459.8929,0.377396,-0.613223,0.593606,0.359391,0.973172,-1.581288,1.530700,-0.271075,-0.030347,0.458024,-0.748442,3.045164,-0.043926
514,1776231726386,7.942721,-272.4173,-30.7590,459.9010,0.377293,-0.613246,0.593619,0.359439,0.972885,-1.581310,1.530699,-0.271072,-0.029555,0.458034,-0.748453,3.045115,-0.043927
515,1776231726397,7.953832,-272.4148,-30.3670,459.9301,0.377368,-0.613193,0.593602,0.359479,0.973060,-1.581142,1.530627,-0.271071,-0.029163,0.458064,-0.748589,3.045183,-0.043878
516,1776231726408,7.964943,-272.4038,-29.5759,459.9532,0.377307,-0.613221,0.593545,0.359587,0.972852,-1.581134,1.530402,-0.271063,-0.028372,0.458089,-0.748703,3.045164,-0.043873
517,1776231726420,7.976054,-272.4014,-29.2100,459.9533,0.377284,-0.613206,0.593547,0.359635,0.972769,-1.581059,1.530373,-0.271062,-0.028006,0.458090,-0.748760,3.045065,-0.043754
518,1776231726431,7.987166,-272.4078,-28.7969,459.9683,0.377220,-0.613234,0.593506,0.359722,0.972565,-1.581065,1.530201,-0.271070,-0.027593,0.458106,-0.748657,3.045123,-0.043854
519,1776231726442,7.998277,-272.3869,-28.0279,459.9975,0.377303,-0.613154,0.593583,0.359644,0.972813,-1.580918,1.530458,-0.271052,-0.026824,0.458137,-0.748836,3.045196,-0.043721
520,1776231726453,8.009388,-272.3934,-27.6329,459.9995,0.377306,-0.613313,0.593464,0.359567,0.972859,-1.581387,1.530206,-0.271060,-0.026429,0.458140,-0.748774,3.045169,-0.043671
521,1776231726464,8.020499,-272.4004,-26.8308,459.9937,0.377390,-0.613153,0.593683,0.359390,0.973157,-1.581108,1.530901,-0.271070,-0.025627,0.458136,-0.748685,3.045132,-0.043857
522,1776231726475,8.031611,-272.3839,-26.4278,460.0207,0.377279,-0.613225,0.593624,0.359481,0.972828,-1.581224,1.530682,-0.271055,-0.025224,0.458164,-0.748598,3.045231,-0.043673
523,1776231726486,8.042722,-272.3863,-26.0128,460.0247,0.377498,-0.613278,0.593583,0.359229,0.973509,-1.581551,1.530760,-0.271059,-0.024809,0.458169,-0.748477,3.045285,-0.043714
524,1776231726497,8.053833,-272.3753,-25.2128,460.0418,0.377255,-0.613382,0.593509,0.359429,0.972790,-1.581667,1.530423,-0.271051,-0.024009,0.458188,-0.748433,3.045339,-0.043759
525,1776231726508,8.064944,-272.3753,-25.2128,460.0418,0.377096,-0.613316,0.593551,0.359637,0.972284,-1.581341,1.530380,-0.271051,-0.024009,0.458188,-0.748433,3.045339,-0.043759
526,1776231726520,8.076055,-272.3847,-23.9887,460.0529,0.377158,-0.613292,0.593558,0.359602,0.972461,-1.581306,1.530423,-0.271065,-0.022785,0.458202,-0.748442,3.045286,-0.043813
527,1776231726531,8.087167,-272.3851,-23.5757,460.0699,0.377150,-0.613365,0.593522,0.359546,0.972465,-1.581535,1.530373,-0.271067,-0.022372,0.458220,-0.748406,3.045371,-0.043804
528,1776231726542,8.098278,-272.3937,-23.1807,460.0600,0.377308,-0.613421,0.593418,0.359455,0.972916,-1.581751,1.530170,-0.271077,-0.021977,0.458211,-0.748361,3.045261,-0.043788
529,1776231726553,8.109389,-272.3976,-22.3766,460.0811,0.377234,-0.613298,0.593503,0.359604,0.972655,-1.581318,1.530280,-0.271084,-0.021173,0.458234,-0.748516,3.045255,-0.043847
530,1776231726564,8.120501,-272.4031,-21.9686,460.0711,0.377297,-0.613514,0.593353,0.359417,0.972905,-1.582018,1.530030,-0.271091,-0.020765,0.458225,-0.748430,3.045227,-0.043960
531,1776231726575,8.131612,-272.4037,-21.5896,460.0762,0.377320,-0.613500,0.593246,0.359594,0.972883,-1.581847,1.529624,-0.271093,-0.020386,0.458231,-0.748511,3.045234,-0.043908
532,1776231726586,8.142723,-272.3968,-20.8006,460.0863,0.377188,-0.613499,0.593230,0.359759,0.972464,-1.581721,1.529462,-0.271089,-0.019597,0.458243,-0.748746,3.045236,-0.043894
533,1776231726597,8.153834,-272.4083,-20.4045,460.0744,0.377547,-0.613286,0.593376,0.359505,0.973508,-1.581363,1.530025,-0.271102,-0.019201,0.458232,-0.748787,3.045172,-0.043968
534,1776231726608,8.164945,-272.4024,-19.6316,460.0736,0.377397,-0.613303,0.593348,0.359679,0.973040,-1.581276,1.529825,-0.271099,-0.018428,0.458233,-0.749133,3.045149,-0.043928
535,1776231726620,8.176057,-272.3909,-19.2376,460.0816,0.377362,-0.613439,0.593174,0.359770,0.972909,-1.581557,1.529311,-0.271089,-0.018034,0.458242,-0.749206,3.045200,-0.043836
536,1776231726631,8.187168,-272.4035,-18.8316,460.0717,0.377360,-0.613394,0.593245,0.359733,0.972919,-1.581470,1.529520,-0.271103,-0.017628,0.458233,-0.749231,3.045226,-0.043867
537,1776231726642,8.198279,-272.4345,-18.0225,460.0418,0.377446,-0.613213,0.593383,0.359723,0.973147,-1.581011,1.529883,-0.271137,-0.016819,0.458205,-0.749271,3.045233,-0.044023
538,1776231726653,8.209391,-272.4510,-17.5995,460.0299,0.377207,-0.613148,0.593538,0.359829,0.972482,-1.580763,1.530206,-0.271155,-0.016396,0.458194,-0.749227,3.045291,-0.044019
539,1776231726664,8.220502,-272.4900,-16.7714,459.9810,0.377266,-0.613257,0.593443,0.359737,0.972676,-1.581113,1.530029,-0.271197,-0.015568,0.458147,-0.749056,3.045238,-0.044222
540,1776231726675,8.231631,-272.5115,-16.3674,459.9631,0.377301,-0.613361,0.593396,0.359603,0.972828,-1.581483,1.530004,-0.271220,-0.015164,0.458130,-0.749039,3.045234,-0.044160
541,1776231726686,8.242742,-272.5115,-16.3674,459.9631,0.377141,-0.613263,0.593429,0.359882,0.972286,-1.581019,1.529887,-0.271220,-0.015164,0.458130,-0.749039,3.045234,-0.044160
542,1776231726697,8.253854,-272.5250,-15.9554,459.9501,0.377282,-0.613341,0.593424,0.359610,0.972775,-1.581425,1.530073,-0.271235,-0.014752,0.458118,-0.748906,3.045252,-0.044283
543,1776231726708,8.264965,-272.5576,-14.7483,459.9033,0.377248,-0.613267,0.593463,0.359706,0.972645,-1.581163,1.530103,-0.271272,-0.013545,0.458074,-0.748967,3.045267,-0.044356
544,1776231726720,8.276076,-272.5687,-13.9463,459.9045,0.377208,-0.613239,0.593487,0.359759,0.972517,-1.581049,1.530125,-0.271286,-0.012743,0.458077,-0.749034,3.045208,-0.044284
545,1776231726731,8.287187,-272.5922,-13.5553,459.8846,0.377421,-0.613264,0.593418,0.359605,0.973137,-1.581232,1.530061,-0.271311,-0.012352,0.458058,-0.749204,3.045113,-0.044361
546,1776231726742,8.298298,-272.5777,-13.1492,459.9166,0.377336,-0.613298,0.593357,0.359736,0.972857,-1.581220,1.529808,-0.271298,-0.011946,0.458091,-0.749174,3.045217,-0.044234
547,1776231726753,8.309410,-272.5777,-12.3642,459.9217,0.377212,-0.613093,0.593573,0.359860,0.972480,-1.580597,1.530273,-0.271301,-0.011161,0.458098,-0.749357,3.045241,-0.044177
548,1776231726764,8.320521,-272.5802,-11.9602,459.9128,0.377207,-0.613039,0.593579,0.359947,0.972427,-1.580392,1.530225,-0.271305,-0.010757,0.458090,-0.749443,3.045198,-0.044222
549,1776231726775,8.331632,-272.5927,-11.5571,459.9288,0.377302,-0.613257,0.593284,0.359964,0.972663,-1.580941,1.529452,-0.271319,-0.010354,0.458107,-0.749451,3.045207,-0.043980
550,1776231726786,8.342743,-272.5866,-10.7312,459.9199,0.377340,-0.613233,0.593411,0.359755,0.972858,-1.581037,1.529932,-0.271316,-0.009528,0.458100,-0.749335,3.045373,-0.044029
551,1776231726797,8.353854,-272.5942,-10.3291,459.9129,0.377190,-0.613132,0.593460,0.360002,0.972357,-1.580592,1.529878,-0.271325,-0.009126,0.458094,-0.749303,3.045383,-0.043930
552,1776231726808,8.364966,-272.6193,-9.5351,459.8751,0.377490,-0.613190,0.593431,0.359636,0.973302,-1.581018,1.530073,-0.271353,-0.008332,0.458058,-0.749500,3.045243,-0.044023
553,1776231726820,8.376077,-272.6118,-9.1281,459.8821,0.377438,-0.613234,0.593391,0.359683,0.973144,-1.581094,1.529934,-0.271347,-0.007925,0.458066,-0.749355,3.045362,-0.043993
554,1776231726831,8.387188,-272.5923,-8.7382,459.9011,0.377109,-0.613151,0.593513,0.359968,0.972163,-1.580666,1.530041,-0.271329,-0.007535,0.458086,-0.749351,3.045490,-0.043869
555,1776231726842,8.398299,-272.6014,-7.9502,459.8813,0.377100,-0.613041,0.593581,0.360053,0.972100,-1.580317,1.530154,-0.271341,-0.006747,0.458068,-0.749576,3.045372,-0.043863
556,1776231726853,8.409410,-272.5789,-7.5522,459.8883,0.377042,-0.613148,0.593521,0.360031,0.971961,-1.580610,1.530014,-0.271320,-0.006349,0.458076,-0.749524,3.045547,-0.043745
557,1776231726864,8.420522,-272.6229,-6.7242,459.8454,0.376985,-0.613143,0.593564,0.360028,0.971817,-1.580599,1.530127,-0.271367,-0.005521,0.458035,-0.749401,3.045453,-0.043986
558,1776231726875,8.431633,-272.6183,-6.3132,459.8514,0.376918,-0.613173,0.593512,0.360132,0.971595,-1.580599,1.529917,-0.271364,-0.005110,0.458042,-0.749350,3.045559,-0.043921
559,1776231726886,8.442744,-272.6239,-5.9261,459.8515,0.376963,-0.613059,0.593556,0.360206,0.971677,-1.580249,1.529978,-0.271371,-0.004723,0.458043,-0.749439,3.045522,-0.043885
560,1776231726897,8.453856,-272.6139,-5.1411,459.8756,0.377115,-0.613080,0.593498,0.360108,0.972113,-1.580376,1.529900,-0.271364,-0.003938,0.458069,-0.749727,3.045583,-0.043772
561,1776231726908,8.464967,-272.6244,-4.7341,459.8727,0.377234,-0.613158,0.593404,0.360006,0.972469,-1.580654,1.529730,-0.271376,-0.003531,0.458067,-0.749650,3.045586,-0.043828
562,1776231726920,8.476078,-272.6244,-3.9271,459.8738,0.377152,-0.613140,0.593339,0.360229,0.972152,-1.580440,1.529399,-0.271379,-0.002724,0.458070,-0.750061,3.045521,-0.043783
563,1776231726931,8.487189,-272.6390,-3.5360,459.8619,0.377214,-0.613059,0.593409,0.360186,0.972332,-1.580264,1.529612,-0.271395,-0.002333,0.458059,-0.750188,3.045412,-0.043844
564,1776231726942,8.498300,-272.6415,-3.1370,459.8600,0.377187,-0.613041,0.593375,0.360302,0.972209,-1.580130,1.529440,-0.271399,-0.001934,0.458058,-0.750266,3.045413,-0.043883
565,1776231726953,8.509411,-272.6386,-2.3610,459.8691,0.377110,-0.613105,0.593371,0.360279,0.972023,-1.580312,1.529447,-0.271399,-0.001158,0.458069,-0.750507,3.045360,-0.043770
566,1776231726964,8.520523,-272.6331,-1.9590,459.8701,0.377207,-0.613075,0.593325,0.360305,0.972260,-1.580215,1.529309,-0.271395,-0.000756,0.458071,-0.750499,3.045402,-0.043785
567,1776231726975,8.531634,-272.6346,-1.5510,459.8692,0.376965,-0.613151,0.593305,0.360461,0.971565,-1.580294,1.529145,-0.271398,-0.000348,0.458071,-0.750516,3.045470,-0.043741
568,1776231726986,8.542745,-272.6497,-0.7590,459.8463,0.377150,-0.613122,0.593236,0.360431,0.972055,-1.580241,1.528989,-0.271416,0.000444,0.458050,-0.750519,3.045397,-0.043715
569,1776231726997,8.553856,-272.6371,-0.3390,459.8563,0.376797,-0.613118,0.593416,0.360510,0.971107,-1.580172,1.529393,-0.271405,0.000864,0.458061,-0.750361,3.045541,-0.043700
570,1776231727008,8.564968,-272.6141,0.4589,459.8653,0.376940,-0.613065,0.593425,0.360436,0.971511,-1.580091,1.529470,-0.271385,0.001662,0.458072,-0.750307,3.045636,-0.043609
571,1776231727020,8.576079,-272.6106,0.8469,459.8724,0.376955,-0.613124,0.593360,0.360427,0.971555,-1.580250,1.529311,-0.271383,0.002050,0.458080,-0.750398,3.045668,-0.043440
572,1776231727031,8.587190,-272.6061,1.2499,459.8735,0.377004,-0.613144,0.593354,0.360353,0.971714,-1.580357,1.529348,-0.271380,0.002453,0.458082,-0.750358,3.045745,-0.043444
573,1776231727042,8.598301,-272.6211,2.0709,459.8405,0.376963,-0.612993,0.593493,0.360424,0.971575,-1.579914,1.529655,-0.271398,0.003274,0.458051,-0.750261,3.045675,-0.043562
574,1776231727053,8.609413,-272.6077,2.4399,459.8506,0.376826,-0.613201,0.593222,0.360658,0.971115,-1.580274,1.528784,-0.271386,0.003643,0.458062,-0.750457,3.045667,-0.043338
575,1776231727064,8.620524,-272.6117,3.2658,459.8227,0.377028,-0.613096,0.593298,0.360501,0.971707,-1.580121,1.529097,-0.271393,0.004469,0.458036,-0.750544,3.045637,-0.043477
576,1776231727075,8.631635,-272.6132,3.6719,459.8297,0.377074,-0.612925,0.593393,0.360588,0.971785,-1.579615,1.529276,-0.271396,0.004875,0.458044,-0.750584,3.045720,-0.043472
577,1776231727086,8.642746,-272.6127,4.0758,459.8168,0.377139,-0.612924,0.593390,0.360525,0.971982,-1.579661,1.529317,-0.271397,0.005279,0.458032,-0.750609,3.045656,-0.043392
578,1776231727097,8.653858,-272.6408,4.8849,459.7789,0.376981,-0.613031,0.593289,0.360676,0.971504,-1.579821,1.528944,-0.271428,0.006088,0.457996,-0.750766,3.045599,-0.043514
579,1776231727108,8.664969,-272.6723,5.3129,459.7400,0.377066,-0.612987,0.593386,0.360501,0.971806,-1.579840,1.529323,-0.271461,0.006516,0.457958,-0.750685,3.045513,-0.043705
580,1776231727120,8.676080,-272.6743,6.1069,459.7411,0.377022,-0.612964,0.593358,0.360632,0.971633,-1.579683,1.529156,-0.271466,0.007310,0.457961,-0.750578,3.045612,-0.043447
581,1776231727131,8.687191,-272.6808,6.5209,459.7281,0.377024,-0.612924,0.593484,0.360492,0.971700,-1.579684,1.529581,-0.271474,0.007724,0.457949,-0.750540,3.045627,-0.043548
582,1776231727142,8.698302,-272.6683,6.9329,459.7251,0.377012,-0.612863,0.593489,0.360599,0.971622,-1.579445,1.529517,-0.271463,0.008136,0.457947,-0.750559,3.045701,-0.043515
583,1776231727153,8.709414,-272.6779,7.3298,459.7042,0.377091,-0.612891,0.593471,0.360499,0.971872,-1.579594,1.529544,-0.271474,0.008533,0.457927,-0.750496,3.045687,-0.043609
584,1776231727164,8.720525,-272.6779,7.3298,459.7042,0.377002,-0.613057,0.593379,0.360459,0.971661,-1.580053,1.529336,-0.271474,0.008533,0.457927,-0.750496,3.045687,-0.043609
585,1776231727175,8.731636,-272.6945,8.5348,459.6704,0.377104,-0.612974,0.593432,0.360408,0.971946,-1.579878,1.529509,-0.271495,0.009738,0.457896,-0.750322,3.045683,-0.043579
586,1776231727186,8.742747,-272.6755,9.3437,459.6604,0.376915,-0.612965,0.593458,0.360576,0.971382,-1.579728,1.529455,-0.271479,0.010547,0.457888,-0.750236,3.045812,-0.043540
587,1776231727197,8.753859,-272.6890,9.7478,459.6485,0.377071,-0.612970,0.593437,0.360443,0.971844,-1.579839,1.529496,-0.271494,0.010951,0.457877,-0.750123,3.045745,-0.043572
588,1776231727208,8.764970,-272.6891,10.5437,459.6316,0.376921,-0.612885,0.593581,0.360506,0.971431,-1.579574,1.529821,-0.271497,0.011747,0.457862,-0.750287,3.045705,-0.043550
589,1776231727220,8.776081,-272.6625,10.9387,459.6626,0.376793,-0.613078,0.593374,0.360652,0.971033,-1.579962,1.529181,-0.271472,0.012142,0.457894,-0.750369,3.045878,-0.043460
590,1776231727231,8.787193,-272.6791,11.3587,459.6266,0.376738,-0.613050,0.593445,0.360640,0.970894,-1.579898,1.529374,-0.271490,0.012562,0.457859,-0.750253,3.045811,-0.043642
591,1776231727242,8.798304,-272.6660,12.1597,459.6457,0.376736,-0.613126,0.593296,0.360757,0.970837,-1.580007,1.528906,-0.271480,0.013363,0.457880,-0.750424,3.045959,-0.043519
592,1776231727253,8.809415,-272.6556,12.5497,459.6537,0.377003,-0.613057,0.593314,0.360566,0.971613,-1.579973,1.529089,-0.271471,0.013753,0.457889,-0.750577,3.045943,-0.043479
593,1776231727264,8.820526,-272.6446,13.3387,459.6518,0.376841,-0.613119,0.593275,0.360696,0.971135,-1.580033,1.528895,-0.271463,0.014542,0.457889,-0.750741,3.045983,-0.043421
594,1776231727275,8.831638,-272.6461,13.7407,459.6539,0.376977,-0.613015,0.593277,0.360726,0.971471,-1.579743,1.528877,-0.271466,0.014944,0.457892,-0.750811,3.045945,-0.043362
595,1776231727286,8.842749,-272.6376,14.1416,459.6549,0.376759,-0.613135,0.593196,0.360883,0.970837,-1.579934,1.528555,-0.271459,0.015345,0.457894,-0.750965,3.045952,-0.043390
596,1776231727297,8.853860,-272.6315,14.9766,459.6629,0.376733,-0.613042,0.593322,0.360861,0.970780,-1.579711,1.528894,-0.271456,0.016180,0.457904,-0.750981,3.046025,-0.043387
597,1776231727308,8.864971,-272.6209,15.4016,459.6659,0.376770,-0.613154,0.593221,0.360798,0.970906,-1.580047,1.528683,-0.271447,0.016605,0.457908,-0.750945,3.046030,-0.043383
598,1776231727320,8.876082,-272.6224,15.8156,459.6639,0.376768,-0.613076,0.593286,0.360826,0.970886,-1.579824,1.528828,-0.271450,0.017019,0.457907,-0.750784,3.046003,-0.043382
599,1776231727331,8.887194,-272.6073,16.6346,459.6569,0.376686,-0.613053,0.593360,0.360830,0.970672,-1.579762,1.529016,-0.271438,0.017838,0.457902,-0.750668,3.046015,-0.043499
600,1776231727342,8.898305,-272.6058,17.0376,459.6600,0.376521,-0.613053,0.593433,0.360881,0.970225,-1.579723,1.529167,-0.271438,0.018241,0.457906,-0.750669,3.046019,-0.043453
601,1776231727353,8.909416,-272.5948,17.8415,459.6610,0.376456,-0.613054,0.593450,0.360921,0.970038,-1.579696,1.529181,-0.271430,0.019045,0.457909,-0.750559,3.046045,-0.043397
602,1776231727364,8.920528,-272.5943,18.2475,459.6531,0.376631,-0.613152,0.593268,0.360869,0.970514,-1.579987,1.528751,-0.271431,0.019451,0.457902,-0.750591,3.046027,-0.043496
603,1776231727375,8.931639,-272.5999,18.6405,459.6381,0.376788,-0.613188,0.593215,0.360733,0.970981,-1.580183,1.528712,-0.271438,0.019844,0.457888,-0.750568,3.046002,-0.043419
604,1776231727386,8.942750,-272.6299,19.4695,459.6042,0.376595,-0.613109,0.593280,0.360960,0.970378,-1.579809,1.528715,-0.271471,0.020673,0.457856,-0.750457,3.045960,-0.043504
605,1776231727397,8.953862,-272.6264,19.8565,459.6073,0.376701,-0.613108,0.593260,0.360886,0.970688,-1.579861,1.528716,-0.271469,0.021060,0.457860,-0.750638,3.045980,-0.043424
606,1776231727408,8.964973,-272.6364,20.6756,459.5954,0.376941,-0.613159,0.593168,0.360700,0.971390,-1.580133,1.528617,-0.271482,0.021879,0.457850,-0.750632,3.045961,-0.043370
607,1776231727420,8.976084,-272.6369,21.0706,459.6045,0.376875,-0.613059,0.593270,0.360770,0.971188,-1.579823,1.528827,-0.271484,0.022274,0.457860,-0.750669,3.046025,-0.043300
608,1776231727431,8.987195,-272.6485,21.4746,459.5935,0.376928,-0.612972,0.593374,0.360693,0.971360,-1.579656,1.529152,-0.271497,0.022678,0.457850,-0.750781,3.046015,-0.043334
609,1776231727442,8.998307,-272.6866,22.2787,459.5497,0.376970,-0.613065,0.593228,0.360731,0.971450,-1.579867,1.528748,-0.271538,0.023482,0.457808,-0.750900,3.045877,-0.043446
610,1776231727453,9.009418,-272.6980,22.7007,459.5367,0.376959,-0.613118,0.593251,0.360613,0.971477,-1.580093,1.528893,-0.271551,0.023904,0.457796,-0.750754,3.045915,-0.043451
611,1776231727464,9.020529,-272.7031,23.4907,459.5339,0.376903,-0.613036,0.593315,0.360705,0.971291,-1.579814,1.528992,-0.271559,0.024694,0.457795,-0.750709,3.045887,-0.043339
612,1776231727475,9.031640,-272.6976,23.8937,459.5459,0.376944,-0.613152,0.593147,0.360742,0.971378,-1.580084,1.528532,-0.271555,0.025097,0.457808,-0.750805,3.045963,-0.043258
613,1776231727486,9.042752,-272.7030,24.3157,459.5259,0.376818,-0.613054,0.593348,0.360709,0.971070,-1.579856,1.529074,-0.271562,0.025519,0.457789,-0.750723,3.045949,-0.043289
614,1776231727497,9.053863,-272.7190,25.1307,459.5230,0.376955,-0.613105,0.593299,0.360562,0.971490,-1.580097,1.529053,-0.271581,0.026334,0.457788,-0.750554,3.045888,-0.043241
615,1776231727508,9.064974,-272.7224,25.5547,459.5180,0.376659,-0.612942,0.593535,0.360759,0.970637,-1.579529,1.529518,-0.271586,0.026758,0.457784,-0.750499,3.045910,-0.043288
616,1776231727520,9.076085,-272.7224,26.3648,459.5311,0.376627,-0.613049,0.593369,0.360883,0.970496,-1.579712,1.529001,-0.271589,0.027568,0.457799,-0.750434,3.045863,-0.043060
617,1776231727531,9.087197,-272.7208,26.7918,459.5421,0.376696,-0.613233,0.593248,0.360697,0.970762,-1.580327,1.528823,-0.271589,0.027995,0.457811,-0.750371,3.045930,-0.043122
618,1776231727542,9.098308,-272.7102,27.1848,459.5661,0.376763,-0.613336,0.593089,0.360713,0.970926,-1.580581,1.528403,-0.271580,0.028388,0.457836,-0.750390,3.045927,-0.043075
619,1776231727553,9.109419,-272.7242,28.0069,459.5582,0.376735,-0.613341,0.593130,0.360666,0.970877,-1.580628,1.528543,-0.271597,0.029210,0.457830,-0.750336,3.045785,-0.043032
620,1776231727564,9.120531,-272.7147,28.4069,459.5752,0.376677,-0.613284,0.593188,0.360729,0.970697,-1.580434,1.528646,-0.271589,0.029610,0.457848,-0.750309,3.045834,-0.043051
621,1776231727575,9.131642,-272.7172,28.7979,459.5903,0.376728,-0.613216,0.593239,0.360707,0.970838,-1.580276,1.528794,-0.271593,0.030001,0.457864,-0.750288,3.045831,-0.042988
622,1776231727586,9.142753,-272.7302,29.5940,459.5774,0.376674,-0.613097,0.593425,0.360660,0.970722,-1.580004,1.529308,-0.271609,0.030797,0.457853,-0.750322,3.045742,-0.043038
623,1776231727597,9.153864,-272.7408,29.9800,459.5845,0.376755,-0.613158,0.593294,0.360687,0.970916,-1.580140,1.528951,-0.271621,0.031183,0.457861,-0.750517,3.045666,-0.043005
624,1776231727608,9.164975,-272.7328,30.7681,459.6126,0.376703,-0.613050,0.593407,0.360740,0.970760,-1.579823,1.529202,-0.271616,0.031971,0.457891,-0.750573,3.045731,-0.042845
625,1776231727620,9.176087,-272.7473,31.1641,459.6087,0.376824,-0.613161,0.593178,0.360801,0.971042,-1.580061,1.528569,-0.271632,0.032367,0.457888,-0.750738,3.045697,-0.042813
626,1776231727631,9.187198,-272.7339,31.5471,459.6268,0.376862,-0.613290,0.593026,0.360790,0.971146,-1.580404,1.528185,-0.271620,0.032750,0.457907,-0.750770,3.045733,-0.042594
627,1776231727642,9.198309,-272.7369,32.3461,459.6129,0.377025,-0.613266,0.593066,0.360595,0.971657,-1.580489,1.528431,-0.271626,0.033549,0.457895,-0.750828,3.045749,-0.042683
628,1776231727653,9.209420,-272.7414,32.7511,459.5980,0.376843,-0.613167,0.593125,0.360859,0.971064,-1.580033,1.528390,-0.271632,0.033954,0.457881,-0.750800,3.045720,-0.042688
629,1776231727664,9.220531,-272.7375,33.5391,459.6001,0.376786,-0.613076,0.593190,0.360965,0.970870,-1.579720,1.528479,-0.271631,0.034742,0.457885,-0.750765,3.045742,-0.042669
630,1776231727675,9.231643,-272.7370,33.9421,459.6041,0.376749,-0.613109,0.593195,0.360940,0.970784,-1.579823,1.528511,-0.271632,0.035145,0.457890,-0.750791,3.045768,-0.042675
631,1776231727686,9.242754,-272.7325,34.3361,459.6132,0.376814,-0.613151,0.593218,0.360763,0.971035,-1.580066,1.528699,-0.271629,0.035539,0.457900,-0.750609,3.045821,-0.042660
632,1776231727697,9.253865,-272.7175,35.1381,459.6202,0.376892,-0.613070,0.593284,0.360709,0.971262,-1.579898,1.528908,-0.271617,0.036341,0.457909,-0.750380,3.045830,-0.042549
633,1776231727708,9.264976,-272.7210,35.5361,459.6193,0.376830,-0.613042,0.593367,0.360685,0.971113,-1.579843,1.529141,-0.271622,0.036739,0.457909,-0.750358,3.045833,-0.042631
634,1776231727720,9.276087,-272.7181,36.3141,459.6364,0.376639,-0.613165,0.593203,0.360948,0.970498,-1.579961,1.528525,-0.271622,0.037517,0.457928,-0.750412,3.045736,-0.042603
635,1776231727731,9.287199,-272.7077,36.6831,459.6585,0.376838,-0.613322,0.592997,0.360810,0.971075,-1.580472,1.528094,-0.271613,0.037886,0.457951,-0.750470,3.045814,-0.042483
636,1776231727742,9.298310,-272.7032,37.0711,459.6516,0.376687,-0.613322,0.593046,0.360886,0.970651,-1.580413,1.528167,-0.271610,0.038274,0.457945,-0.750471,3.045828,-0.042539
637,1776231727753,9.309421,-272.7124,37.8292,459.6578,0.376946,-0.612864,0.593503,0.360644,0.971429,-1.579415,1.529520,-0.271622,0.039032,0.457953,-0.750485,3.045817,-0.042568
638,1776231727764,9.320532,-272.6961,38.1821,459.6660,0.376721,-0.613192,0.593184,0.360847,0.970756,-1.580108,1.528549,-0.271607,0.039385,0.457962,-0.750537,3.045783,-0.042464
639,1776231727775,9.331643,-272.6957,38.5481,459.6761,0.376796,-0.613097,0.593276,0.360779,0.970981,-1.579913,1.528836,-0.271608,0.039751,0.457973,-0.750554,3.045783,-0.042451
640,1776231727786,9.342755,-272.6770,39.2521,459.6884,0.376521,-0.612955,0.593405,0.361093,0.970127,-1.579310,1.528941,-0.271592,0.040455,0.457987,-0.750669,3.045789,-0.042567
641,1776231727797,9.353866,-272.6888,39.5662,459.6907,0.376728,-0.613048,0.593278,0.360928,0.970737,-1.579676,1.528734,-0.271605,0.040769,0.457990,-0.750940,3.045714,-0.042514
642,1776231727808,9.364977,-272.6912,40.2532,459.7040,0.376674,-0.613171,0.593112,0.361049,0.970540,-1.579901,1.528217,-0.271610,0.041456,0.458005,-0.750948,3.045667,-0.042429
643,1776231727820,9.376088,-272.6912,40.2532,459.7040,0.376536,-0.613103,0.593273,0.361043,0.970187,-1.579731,1.528637,-0.271610,0.041456,0.458005,-0.750948,3.045667,-0.042429
644,1776231727831,9.387200,-272.6978,40.9142,459.6945,0.376975,-0.613271,0.593033,0.360695,0.971480,-1.580427,1.528272,-0.271619,0.042117,0.457997,-0.750952,3.045689,-0.042415
645,1776231727842,9.398311,-272.6983,41.5693,459.7099,0.376811,-0.613121,0.593271,0.360729,0.971043,-1.580013,1.528860,-0.271622,0.042772,0.458014,-0.750792,3.045739,-0.042201
646,1776231727853,9.409422,-272.7112,41.9023,459.6852,0.376907,-0.612935,0.593404,0.360726,0.971291,-1.579538,1.529207,-0.271636,0.043105,0.457990,-0.750822,3.045641,-0.042411
647,1776231727864,9.420533,-272.7128,42.5522,459.6756,0.376785,-0.613118,0.593233,0.360823,0.970932,-1.579935,1.528694,-0.271640,0.043755,0.457982,-0.750767,3.045669,-0.042514
648,1776231727875,9.431645,-272.6976,42.8442,459.6969,0.376863,-0.613171,0.593209,0.360692,0.971193,-1.580169,1.528728,-0.271626,0.044047,0.458004,-0.750734,3.045687,-0.042424
649,1776231727886,9.442756,-272.7045,43.1363,459.6922,0.376456,-0.613180,0.593222,0.361080,0.969966,-1.579901,1.528479,-0.271634,0.044339,0.458000,-0.750678,3.045614,-0.042378
650,1776231727897,9.453867,-272.6773,43.7292,459.6987,0.376634,-0.613116,0.593294,0.360886,0.970513,-1.579882,1.528804,-0.271609,0.044932,0.458008,-0.750536,3.045678,-0.042393
651,1776231727908,9.464979,-272.6912,44.0232,459.6871,0.376678,-0.613191,0.593150,0.360949,0.970598,-1.580029,1.528388,-0.271624,0.045226,0.457997,-0.750532,3.045664,-0.042446
652,1776231727920,9.476090,-272.6932,44.2932,459.6844,0.376596,-0.612992,0.593416,0.360935,0.970393,-1.579525,1.529085,-0.271627,0.045496,0.457995,-0.750629,3.045588,-0.042478
653,1776231727931,9.487201,-272.6793,44.5592,459.6818,0.376950,-0.613155,0.593216,0.360618,0.971453,-1.580185,1.528800,-0.271614,0.045762,0.457993,-0.750546,3.045642,-0.042368
654,1776231727942,9.498312,-272.6812,45.0972,459.6855,0.376821,-0.613171,0.593261,0.360651,0.971104,-1.580201,1.528890,-0.271618,0.046300,0.457998,-0.750422,3.045621,-0.042419
655,1776231727953,9.509424,-272.6743,45.3601,459.6679,0.376495,-0.613210,0.593215,0.360999,0.970102,-1.580040,1.528519,-0.271612,0.046563,0.457981,-0.750391,3.045656,-0.042454
656,1776231727964,9.520535,-272.6744,45.8571,459.6737,0.376466,-0.613208,0.593236,0.360998,0.970030,-1.580036,1.528575,-0.271614,0.047060,0.457988,-0.750303,3.045616,-0.042460
657,1776231727975,9.531646,-272.6744,45.8571,459.6737,0.376710,-0.613119,0.593292,0.360804,0.970747,-1.579951,1.528861,-0.271614,0.047060,0.457988,-0.750303,3.045616,-0.042460
658,1776231727986,9.542757,-272.6576,46.3232,459.7145,0.376820,-0.613072,0.593380,0.360625,0.971113,-1.579965,1.529217,-0.271599,0.047526,0.458030,-0.750380,3.045697,-0.042337
659,1776231727997,9.553868,-272.6559,46.7921,459.7024,0.376817,-0.613088,0.593324,0.360692,0.971075,-1.579956,1.529025,-0.271599,0.047995,0.458019,-0.750304,3.045638,-0.042474
660,1776231728008,9.564979,-272.6559,46.7921,459.7024,0.376781,-0.613134,0.593257,0.360761,0.970951,-1.580025,1.528801,-0.271599,0.047995,0.458019,-0.750304,3.045638,-0.042474
661,1776231728020,9.576091,-272.6373,47.2221,459.7204,0.376639,-0.613237,0.593140,0.360927,0.970508,-1.580163,1.528379,-0.271582,0.048425,0.458038,-0.750382,3.045639,-0.042366
662,1776231728031,9.587202,-272.6373,47.2221,459.7204,0.376550,-0.613211,0.593164,0.361026,0.970232,-1.580022,1.528368,-0.271582,0.048425,0.458038,-0.750382,3.045639,-0.042366
663,1776231728042,9.598313,-272.6113,47.9991,459.7454,0.376815,-0.613162,0.593205,0.360764,0.971036,-1.580094,1.528664,-0.271559,0.049202,0.458065,-0.750494,3.045704,-0.042260
664,1776231728053,9.609425,-272.6113,47.9991,459.7454,0.376739,-0.613209,0.593134,0.360880,0.970787,-1.580127,1.528398,-0.271559,0.049202,0.458065,-0.750494,3.045704,-0.042260
665,1776231728064,9.620536,-272.6217,48.1701,459.7221,0.376677,-0.613146,0.593233,0.360890,0.970623,-1.579957,1.528643,-0.271570,0.049373,0.458042,-0.750606,3.045612,-0.042320
666,1776231728075,9.631647,-272.6027,48.7090,459.7387,0.376723,-0.613260,0.593140,0.360801,0.970783,-1.580317,1.528470,-0.271553,0.049912,0.458060,-0.750565,3.045689,-0.042231
667,1776231728086,9.642758,-272.6021,48.8560,459.7384,0.376726,-0.613185,0.593201,0.360825,0.970778,-1.580107,1.528610,-0.271553,0.050059,0.458060,-0.750664,3.045692,-0.042106
668,1776231728097,9.653869,-272.6100,49.1651,459.7277,0.376878,-0.613220,0.593131,0.360722,0.971218,-1.580274,1.528505,-0.271562,0.050368,0.458050,-0.750766,3.045643,-0.042180
669,1776231728108,9.664981,-272.5985,49.2931,459.7533,0.376511,-0.613312,0.593019,0.361132,0.970084,-1.580201,1.527917,-0.271551,0.050496,0.458076,-0.750876,3.045694,-0.042023
670,1776231728120,9.676092,-272.6024,49.5851,459.7377,0.376687,-0.613198,0.593160,0.360909,0.970640,-1.580077,1.528444,-0.271556,0.050788,0.458061,-0.750794,3.045682,-0.042104
671,1776231728131,9.687203,-272.6060,49.7091,459.7364,0.376615,-0.613319,0.593011,0.361024,0.970400,-1.580302,1.527975,-0.271560,0.050912,0.458060,-0.750865,3.045736,-0.042062
672,1776231728142,9.698314,-272.6265,49.8361,459.7121,0.376750,-0.613228,0.593054,0.360967,0.970776,-1.580111,1.528128,-0.271581,0.051039,0.458036,-0.750913,3.045617,-0.042182
673,1776231728153,9.709426,-272.6287,50.0571,459.7036,0.376685,-0.613143,0.593108,0.361091,0.970549,-1.579798,1.528176,-0.271584,0.051260,0.458028,-0.750883,3.045655,-0.042090
674,1776231728164,9.720537,-272.6393,50.1731,459.6963,0.376809,-0.613160,0.593137,0.360886,0.970963,-1.579995,1.528402,-0.271595,0.051376,0.458021,-0.750920,3.045649,-0.042132
675,1776231728175,9.731648,-272.6399,50.2751,459.7041,0.376841,-0.613248,0.593070,0.360813,0.971080,-1.580279,1.528280,-0.271596,0.051478,0.458029,-0.750857,3.045709,-0.042047
676,1776231728186,9.742759,-272.6632,50.4782,459.6817,0.376776,-0.613068,0.593261,0.360873,0.970886,-1.579769,1.528729,-0.271620,0.051681,0.458007,-0.750797,3.045702,-0.042033
677,1776231728197,9.753871,-272.6759,50.5812,459.6705,0.376878,-0.613342,0.593025,0.360688,0.971233,-1.580614,1.528257,-0.271633,0.051784,0.457996,-0.750809,3.045754,-0.042041
678,1776231728208,9.764982,-272.7352,50.7693,459.6322,0.376770,-0.613317,0.593045,0.360811,0.970898,-1.580458,1.528218,-0.271693,0.051972,0.457958,-0.750634,3.045673,-0.042134
679,1776231728220,9.776093,-272.7499,50.8603,459.6270,0.376417,-0.613287,0.593104,0.361133,0.969839,-1.580136,1.528136,-0.271708,0.052063,0.457953,-0.750542,3.045774,-0.042068
680,1776231728231,9.787204,-272.7737,50.9074,459.6319,0.376809,-0.613408,0.592984,0.360715,0.971045,-1.580765,1.528131,-0.271732,0.052110,0.457958,-0.750672,3.045749,-0.042008
681,1776231728242,9.798315,-272.8442,51.0577,459.6197,0.376634,-0.613215,0.593153,0.360950,0.970485,-1.580089,1.528394,-0.271803,0.052260,0.457946,-0.750473,3.045808,-0.041975
682,1776231728253,9.809427,-272.8740,51.1088,459.6127,0.376533,-0.613167,0.593213,0.361037,0.970184,-1.579900,1.528486,-0.271833,0.052311,0.457939,-0.750497,3.045828,-0.041936
683,1776231728264,9.820538,-272.9507,51.2220,459.5926,0.376472,-0.613191,0.593168,0.361134,0.969981,-1.579889,1.528298,-0.271910,0.052424,0.457919,-0.750480,3.045829,-0.041838
684,1776231728275,9.831649,-273.0185,51.2842,459.5646,0.376625,-0.613108,0.593323,0.360861,0.970502,-1.579880,1.528898,-0.271978,0.052486,0.457891,-0.750408,3.045780,-0.041949
685,1776231728286,9.842760,-273.0704,51.3084,459.5567,0.376804,-0.613177,0.593160,0.360825,0.970980,-1.580085,1.528505,-0.272030,0.052510,0.457883,-0.750461,3.045756,-0.041935
686,1776231728297,9.853871,-273.1911,51.3948,459.5447,0.376909,-0.613195,0.593181,0.360650,0.971332,-1.580265,1.528685,-0.272151,0.052596,0.457871,-0.750371,3.045784,-0.041889
687,1776231728308,9.864983,-273.2300,51.4270,459.5588,0.376680,-0.613224,0.593139,0.360909,0.970622,-1.580144,1.528388,-0.272190,0.052628,0.457885,-0.750316,3.045871,-0.041734
688,1776231728320,9.876094,-273.3816,51.5185,459.5589,0.376411,-0.613245,0.593192,0.361066,0.969855,-1.580079,1.528410,-0.272342,0.052719,0.457885,-0.750234,3.045855,-0.041783
689,1776231728331,9.887205,-273.4456,51.5408,459.5600,0.376544,-0.613141,0.593330,0.360877,0.970285,-1.579954,1.528906,-0.272406,0.052741,0.457886,-0.750284,3.045900,-0.041734
690,1776231728342,9.898317,-273.5254,51.5990,459.5470,0.376644,-0.613258,0.593191,0.360801,0.970578,-1.580313,1.528602,-0.272486,0.052799,0.457873,-0.750261,3.045887,-0.041734
691,1776231728353,9.909428,-273.6841,51.6537,459.5643,0.376824,-0.613145,0.593309,0.360612,0.971131,-1.580165,1.529042,-0.272645,0.052853,0.457890,-0.750139,3.045937,-0.041650
692,1776231728364,9.920539,-273.7630,51.6840,459.5794,0.376718,-0.613246,0.593261,0.360632,0.970848,-1.580408,1.528904,-0.272724,0.052883,0.457905,-0.750169,3.045978,-0.041587
693,1776231728375,9.931650,-273.8578,51.7204,459.5825,0.376649,-0.613323,0.593196,0.360679,0.970649,-1.580571,1.528703,-0.272819,0.052919,0.457908,-0.750056,3.045996,-0.041645
694,1776231728386,9.942762,-274.0375,51.7821,459.6188,0.376690,-0.613336,0.593082,0.360801,0.970697,-1.580514,1.528321,-0.272999,0.052980,0.457944,-0.750138,3.046088,-0.041461
695,1776231728397,9.953873,-274.1665,51.8076,459.6081,0.376601,-0.613269,0.593155,0.360888,0.970428,-1.580275,1.528446,-0.273128,0.053005,0.457933,-0.750130,3.045973,-0.041503
696,1776231728408,9.964984,-274.3732,51.8524,459.6334,0.376569,-0.613255,0.593231,0.360819,0.970377,-1.580291,1.528692,-0.273335,0.053049,0.457958,-0.750253,3.045995,-0.041388
697,1776231728420,9.976096,-274.4931,51.8819,459.6356,0.376786,-0.613383,0.593041,0.360688,0.970998,-1.580721,1.528297,-0.273455,0.053078,0.457960,-0.750331,3.046008,-0.041455
698,1776231728431,9.987207,-274.6081,51.8803,459.6499,0.376493,-0.613383,0.593058,0.360966,0.970112,-1.580511,1.528139,-0.273570,0.053076,0.457974,-0.750379,3.046039,-0.041306
699,1776231728442,9.998318,-274.8839,51.9404,459.6534,0.376625,-0.613344,0.593058,0.360895,0.970487,-1.580463,1.528190,-0.273846,0.053135,0.457977,-0.750322,3.046046,-0.041306
700,1776231728453,10.009430,-275.0188,51.9419,459.6637,0.376605,-0.613399,0.593009,0.360903,0.970431,-1.580600,1.528058,-0.273981,0.053136,0.457987,-0.750416,3.046034,-0.041264
701,1776231728464,10.020541,-275.3197,51.9670,459.6604,0.376572,-0.613477,0.592975,0.360862,0.970366,-1.580830,1.528000,-0.274282,0.053160,0.457983,-0.750419,3.046038,-0.041178
702,1776231728475,10.031652,-275.4597,51.9596,459.7017,0.376496,-0.613530,0.592937,0.360913,0.970146,-1.580929,1.527865,-0.274422,0.053152,0.458024,-0.750479,3.046127,-0.041032
703,1776231728486,10.042763,-275.6267,51.9612,459.6971,0.376432,-0.613541,0.592889,0.361039,0.969923,-1.580861,1.527651,-0.274589,0.053153,0.458019,-0.750422,3.046125,-0.041000
704,1776231728497,10.053874,-275.9586,51.9665,459.7269,0.376501,-0.613528,0.592855,0.361046,0.970097,-1.580822,1.527557,-0.274921,0.053157,0.458048,-0.750374,3.046243,-0.040842
705,1776231728508,10.064986,-276.1496,51.9713,459.7343,0.376338,-0.613570,0.592873,0.361115,0.969644,-1.580879,1.527553,-0.275112,0.053161,0.458055,-0.750360,3.046256,-0.040792
706,1776231728520,10.076097,-276.5426,51.9837,459.7062,0.376512,-0.613445,0.592978,0.360973,0.970159,-1.580664,1.527927,-0.275505,0.053172,0.458026,-0.750311,3.046225,-0.040988
707,1776231728531,10.087208,-276.7396,51.9924,459.7067,0.376499,-0.613429,0.593003,0.360972,0.970126,-1.580625,1.527994,-0.275702,0.053180,0.458026,-0.750308,3.046220,-0.041019
708,1776231728542,10.098320,-276.9516,51.9832,459.7132,0.376533,-0.613513,0.592879,0.360997,0.970203,-1.580823,1.527655,-0.275914,0.053170,0.458032,-0.750355,3.046174,-0.041012
709,1776231728553,10.109431,-277.3695,52.0098,459.7271,0.376526,-0.613543,0.592868,0.360972,0.970196,-1.580918,1.527645,-0.276332,0.053195,0.458045,-0.750246,3.046206,-0.041041
710,1776231728564,10.120542,-277.5714,52.0076,459.7446,0.376405,-0.613464,0.592976,0.361056,0.969844,-1.580651,1.527861,-0.276534,0.053192,0.458062,-0.750339,3.046268,-0.040944
711,1776231728575,10.131654,-277.8045,52.0104,459.7271,0.376460,-0.613510,0.592929,0.360996,0.970014,-1.580816,1.527785,-0.276767,0.053194,0.458044,-0.750371,3.046247,-0.041091
712,1776231728586,10.142765,-278.2925,52.0002,459.7273,0.376655,-0.613499,0.592895,0.360868,0.970576,-1.580884,1.527789,-0.277255,0.053182,0.458043,-0.750504,3.046162,-0.041094
713,1776231728597,10.153876,-278.5454,52.0192,459.7368,0.376449,-0.613549,0.592893,0.361001,0.969985,-1.580912,1.527689,-0.277508,0.053200,0.458052,-0.750399,3.046204,-0.041023
714,1776231728608,10.164987,-279.0554,52.0181,459.7630,0.376469,-0.613562,0.592913,0.360925,0.970071,-1.581002,1.527794,-0.278018,0.053197,0.458077,-0.750245,3.046285,-0.041020
715,1776231728620,10.176098,-279.3133,52.0201,459.7786,0.376267,-0.613505,0.592986,0.361113,0.969464,-1.580713,1.527844,-0.278276,0.053198,0.458092,-0.750336,3.046348,-0.040999
716,1776231728631,10.187209,-279.5953,52.0132,459.7903,0.376434,-0.613393,0.593000,0.361105,0.969897,-1.580432,1.527888,-0.278558,0.053190,0.458103,-0.750336,3.046347,-0.041004
717,1776231728642,10.198321,-280.1783,51.9984,459.8137,0.376441,-0.613320,0.593073,0.361104,0.969917,-1.580243,1.528076,-0.279141,0.053173,0.458125,-0.750561,3.046322,-0.041017
718,1776231728653,10.209432,-280.4623,51.9905,459.8264,0.376318,-0.613494,0.592960,0.361122,0.969590,-1.580679,1.527771,-0.279425,0.053164,0.458137,-0.750548,3.046340,-0.040942
719,1776231728664,10.220543,-281.0502,51.9898,459.8838,0.376314,-0.613450,0.593012,0.361115,0.969584,-1.580570,1.527912,-0.280013,0.053161,0.458193,-0.750525,3.046488,-0.040847
720,1776231728675,10.231655,-281.3482,51.9930,459.8965,0.376340,-0.613334,0.593063,0.361202,0.969609,-1.580207,1.527978,-0.280311,0.053163,0.458205,-0.750501,3.046546,-0.040874
721,1776231728686,10.242766,-281.6672,51.9742,459.9123,0.376330,-0.613373,0.592993,0.361261,0.969556,-1.580262,1.527754,-0.280630,0.053143,0.458220,-0.750684,3.046496,-0.040828
722,1776231728697,10.253877,-282.3003,51.9526,459.9108,0.376410,-0.613289,0.593091,0.361158,0.969811,-1.580123,1.528084,-0.281263,0.053119,0.458217,-0.750739,3.046408,-0.040893
723,1776231728708,10.264988,-282.6112,51.9748,459.9325,0.376351,-0.613363,0.593033,0.361190,0.969644,-1.580290,1.527910,-0.281574,0.053140,0.458238,-0.750722,3.046509,-0.041011
724,1776231728720,10.276100,-283.2521,51.9802,459.9430,0.376354,-0.613341,0.593076,0.361152,0.969669,-1.580262,1.528050,-0.282215,0.053143,0.458247,-0.750611,3.046531,-0.040991
725,1776231728731,10.287211,-283.5961,51.9854,459.9358,0.376418,-0.613436,0.592983,0.361078,0.969868,-1.580562,1.527865,-0.282559,0.053147,0.458239,-0.750594,3.046464,-0.041103
726,1776231728742,10.298322,-283.9451,52.0237,459.9015,0.376567,-0.613325,0.593056,0.360991,0.970292,-1.580340,1.528115,-0.282908,0.053184,0.458204,-0.750497,3.046392,-0.041259
727,1776231728753,10.309433,-284.6130,52.0271,459.9031,0.376544,-0.613304,0.593062,0.361041,0.970209,-1.580249,1.528095,-0.283576,0.053185,0.458204,-0.750597,3.046416,-0.041421
728,1776231728764,10.320544,-284.9741,52.0264,459.8839,0.376409,-0.613326,0.593054,0.361158,0.969807,-1.580218,1.527989,-0.283937,0.053183,0.458184,-0.750632,3.046326,-0.041493
729,1776231728775,10.331656,-285.3401,52.0297,459.8628,0.376634,-0.613221,0.593155,0.360936,0.970491,-1.580114,1.528410,-0.284303,0.053185,0.458162,-0.750683,3.046223,-0.041606
730,1776231728786,10.342767,-286.0411,52.0513,459.8484,0.376571,-0.613206,0.593219,0.360920,0.970335,-1.580090,1.528588,-0.285004,0.053204,0.458146,-0.750632,3.046267,-0.041817
731,1776231728797,10.353878,-286.3901,52.0487,459.8632,0.376587,-0.613281,0.593106,0.360962,0.970358,-1.580249,1.528265,-0.285353,0.053200,0.458160,-0.750680,3.046302,-0.041736
732,1776231728808,10.364989,-287.1220,52.0694,459.8639,0.376583,-0.613363,0.593047,0.360926,0.970363,-1.580487,1.528138,-0.286085,0.053218,0.458159,-0.750660,3.046289,-0.041698
733,1776231728820,10.376100,-287.5000,52.0618,459.8698,0.376664,-0.613294,0.593046,0.360958,0.970558,-1.580288,1.528115,-0.286463,0.053209,0.458164,-0.750670,3.046255,-0.041713
734,1776231728831,10.387212,-287.8449,52.0661,459.8996,0.376610,-0.613311,0.593060,0.360964,0.970417,-1.580326,1.528144,-0.286808,0.053212,0.458193,-0.750625,3.046384,-0.041653
735,1776231728842,10.398323,-288.6039,52.0720,459.9104,0.376564,-0.613276,0.593079,0.361039,0.970263,-1.580180,1.528139,-0.287567,0.053215,0.458202,-0.750660,3.046365,-0.041651
736,1776231728853,10.409434,-288.9728,52.0934,459.9192,0.376321,-0.613265,0.593193,0.361125,0.969597,-1.580086,1.528369,-0.287936,0.053235,0.458210,-0.750576,3.046417,-0.041596
737,1776231728864,10.420545,-289.7258,52.1032,459.9249,0.376332,-0.613253,0.593190,0.361138,0.969620,-1.580047,1.528352,-0.288689,0.053242,0.458214,-0.750745,3.046401,-0.041704
738,1776231728875,10.431657,-290.1048,52.1016,459.9288,0.376541,-0.613254,0.593152,0.360981,0.970229,-1.580166,1.528370,-0.289068,0.053239,0.458217,-0.750814,3.046361,-0.041680
739,1776231728886,10.442768,-290.4878,52.1070,459.9247,0.376466,-0.613191,0.593218,0.361057,0.970002,-1.579947,1.528485,-0.289451,0.053243,0.458212,-0.750753,3.046354,-0.041732
740,1776231728897,10.453879,-291.2586,52.1529,459.9024,0.376466,-0.613296,0.593154,0.360984,0.970034,-1.580272,1.528373,-0.290222,0.053286,0.458188,-0.750682,3.046303,-0.041855
741,1776231728908,10.464990,-291.6276,52.1582,459.9093,0.376453,-0.613198,0.593263,0.360985,0.970002,-1.580020,1.528654,-0.290591,0.053290,0.458194,-0.750730,3.046338,-0.041855
742,1776231728920,10.476102,-292.4175,52.2031,459.8670,0.376439,-0.613174,0.593301,0.360978,0.969968,-1.579963,1.528757,-0.291381,0.053332,0.458150,-0.750614,3.046194,-0.042166
743,1776231728931,10.487213,-292.8076,52.2065,459.8419,0.376393,-0.613096,0.593383,0.361026,0.969828,-1.579724,1.528931,-0.291771,0.053334,0.458124,-0.750585,3.046160,-0.042192
744,1776231728942,10.498324,-293.2116,52.2259,459.8298,0.376522,-0.613075,0.593374,0.360941,0.970199,-1.579735,1.528971,-0.292175,0.053352,0.458111,-0.750642,3.046081,-0.042342
745,1776231728953,10.509435,-293.9785,52.2538,459.8216,0.376248,-0.613108,0.593423,0.361090,0.969424,-1.579708,1.528988,-0.292942,0.053377,0.458101,-0.750483,3.046145,-0.042390
746,1776231728964,10.520546,-294.3724,52.2682,459.8175,0.376539,-0.613058,0.593452,0.360822,0.970300,-1.579781,1.529259,-0.293336,0.053390,0.458096,-0.750528,3.046094,-0.042472
747,1776231728975,10.531658,-294.7604,52.2796,459.8063,0.376369,-0.613046,0.593475,0.360983,0.969785,-1.579629,1.529200,-0.293724,0.053400,0.458084,-0.750532,3.046105,-0.042447
748,1776231728986,10.542769,-295.5385,52.2636,459.8222,0.376675,-0.613022,0.593458,0.360732,0.970692,-1.579757,1.529340,-0.294502,0.053381,0.458098,-0.750653,3.046038,-0.042379
749,1776231728997,10.553880,-295.9325,52.2660,459.8221,0.376535,-0.613136,0.593305,0.360938,0.970234,-1.579894,1.528795,-0.294896,0.053382,0.458097,-0.750670,3.046018,-0.042288
750,1776231729008,10.564991,-296.7183,52.2980,459.8359,0.376607,-0.613098,0.593377,0.360806,0.970482,-1.579897,1.529077,-0.295682,0.053411,0.458109,-0.750628,3.046079,-0.042325
751,1776231729020,10.576103,-297.1023,52.3074,459.8418,0.376460,-0.613028,0.593467,0.360930,0.970046,-1.579624,1.529220,-0.296066,0.053419,0.458114,-0.750678,3.046131,-0.042404
752,1776231729031,10.587214,-297.4823,52.3019,459.8557,0.376524,-0.613069,0.593387,0.360928,0.970210,-1.579729,1.529013,-0.296446,0.053412,0.458127,-0.750705,3.046154,-0.042297
753,1776231729042,10.598325,-298.2873,52.2959,459.8456,0.376674,-0.613038,0.593380,0.360835,0.970640,-1.579719,1.529064,-0.297251,0.053403,0.458115,-0.750741,3.045985,-0.042392
754,1776231729053,10.609436,-298.6713,52.3033,459.8485,0.376584,-0.613045,0.593414,0.360860,0.970398,-1.579718,1.529134,-0.297635,0.053409,0.458117,-0.750688,3.046002,-0.042405
755,1776231729064,10.620547,-299.4613,52.3102,459.8523,0.376601,-0.612940,0.593598,0.360718,0.970507,-1.579556,1.529710,-0.298425,0.053413,0.458119,-0.750605,3.046045,-0.042376
756,1776231729075,10.631659,-299.8733,52.3137,459.8193,0.376655,-0.612999,0.593533,0.360668,0.970669,-1.579746,1.529580,-0.298837,0.053415,0.458085,-0.750616,3.045948,-0.042641
757,1776231729086,10.642770,-300.2635,52.2871,459.8003,0.376706,-0.612886,0.593604,0.360692,0.970788,-1.579435,1.529746,-0.299227,0.053387,0.458065,-0.750683,3.045899,-0.042653
758,1776231729097,10.653881,-301.0816,52.2781,459.7662,0.376820,-0.612999,0.593482,0.360581,0.971133,-1.579812,1.529511,-0.300045,0.053375,0.458029,-0.750755,3.045719,-0.042852
759,1776231729108,10.664992,-301.4756,52.2705,459.7602,0.376805,-0.612899,0.593617,0.360545,0.971114,-1.579580,1.529886,-0.300439,0.053366,0.458022,-0.750825,3.045703,-0.042972
760,1776231729120,10.676104,-302.2637,52.2565,459.7730,0.376613,-0.612910,0.593638,0.360691,0.970551,-1.579500,1.529834,-0.301227,0.053349,0.458033,-0.750755,3.045726,-0.042993
761,1776231729131,10.687215,-302.6506,52.2580,459.7899,0.376835,-0.612919,0.593589,0.360526,0.971198,-1.579646,1.529828,-0.301614,0.053349,0.458049,-0.750771,3.045785,-0.042941
762,1776231729142,10.698326,-303.0456,52.2474,459.7999,0.376617,-0.612843,0.593666,0.360755,0.970532,-1.579277,1.529858,-0.302009,0.053337,0.458058,-0.750815,3.045804,-0.042888
763,1776231729153,10.709438,-303.8395,52.2664,459.8197,0.376590,-0.612794,0.593670,0.360860,0.970413,-1.579072,1.529793,-0.302803,0.053353,0.458076,-0.750896,3.045815,-0.042983
764,1776231729164,10.720549,-304.2365,52.2590,459.8387,0.376611,-0.612808,0.593677,0.360802,0.970493,-1.579152,1.529854,-0.303200,0.053344,0.458094,-0.750883,3.045830,-0.042876
765,1776231729175,10.731660,-304.6295,52.2665,459.8526,0.376632,-0.612869,0.593641,0.360736,0.970578,-1.579358,1.529809,-0.303593,0.053350,0.458107,-0.750886,3.045841,-0.042877
766,1776231729186,10.742771,-305.4193,52.3014,459.8723,0.376605,-0.612804,0.593651,0.360859,0.970451,-1.579100,1.529743,-0.304383,0.053382,0.458125,-0.750846,3.045989,-0.042867
767,1776231729197,10.753883,-305.8264,52.2869,459.8613,0.376666,-0.612824,0.593564,0.360903,0.970588,-1.579118,1.529489,-0.304790,0.053366,0.458113,-0.750958,3.045884,-0.042869
768,1776231729208,10.764994,-306.6443,52.3149,459.8342,0.376696,-0.612767,0.593639,0.360845,0.970693,-1.579013,1.529724,-0.305608,0.053391,0.458084,-0.751051,3.045787,-0.042994
769,1776231729220,10.776105,-307.0402,52.3564,459.8220,0.376502,-0.612716,0.593768,0.360922,0.970157,-1.578826,1.530000,-0.306004,0.053431,0.458071,-0.750868,3.045922,-0.043114
770,1776231729231,10.787216,-307.4533,52.3548,459.7970,0.376703,-0.612891,0.593573,0.360738,0.970760,-1.579414,1.529631,-0.306417,0.053428,0.458045,-0.750871,3.045853,-0.043153
771,1776231729242,10.798327,-308.2673,52.3848,459.7628,0.376597,-0.612709,0.593795,0.360792,0.970462,-1.578903,1.530164,-0.307231,0.053455,0.458009,-0.750737,3.045769,-0.043234
772,1776231729253,10.809439,-308.6632,52.4142,459.7477,0.376531,-0.612683,0.593836,0.360836,0.970272,-1.578805,1.530238,-0.307627,0.053483,0.457993,-0.750761,3.045878,-0.043370
773,1776231729264,10.820550,-309.4692,52.4252,459.7486,0.376676,-0.612750,0.593778,0.360667,0.970724,-1.579104,1.530213,-0.308433,0.053491,0.457992,-0.750559,3.045907,-0.043276
774,1776231729275,10.831661,-309.8601,52.4287,459.7675,0.376351,-0.612660,0.593869,0.361009,0.969726,-1.578614,1.530198,-0.308824,0.053493,0.458010,-0.750529,3.046007,-0.043157
775,1776231729286,10.842772,-310.2700,52.4532,459.7594,0.376500,-0.612693,0.593845,0.360836,0.970193,-1.578832,1.530262,-0.309234,0.053516,0.458001,-0.750589,3.046028,-0.043308
776,1776231729297,10.853884,-311.0650,52.4582,459.7592,0.376471,-0.612852,0.593718,0.360807,0.970129,-1.579262,1.529955,-0.310029,0.053518,0.457999,-0.750553,3.046167,-0.043074
777,1776231729308,10.864995,-311.4890,52.4787,459.7252,0.376420,-0.612849,0.593811,0.360712,0.970043,-1.579327,1.530264,-0.310453,0.053537,0.457964,-0.750395,3.046076,-0.043178
778,1776231729320,10.876106,-312.2699,52.4876,459.7540,0.376291,-0.612753,0.593861,0.360926,0.969611,-1.578916,1.530237,-0.311234,0.053543,0.457991,-0.750499,3.046251,-0.043082
779,1776231729331,10.887218,-312.6530,52.4711,459.7700,0.376299,-0.612820,0.593772,0.360952,0.969620,-1.579069,1.529987,-0.311617,0.053525,0.458006,-0.750535,3.046314,-0.043046
780,1776231729342,10.898329,-313.0621,52.4606,459.7489,0.376322,-0.612804,0.593758,0.360977,0.969667,-1.579010,1.529934,-0.312026,0.053513,0.457984,-0.750616,3.046235,-0.043048
781,1776231729353,10.909440,-313.8631,52.4515,459.7458,0.376407,-0.612835,0.593768,0.360819,0.969960,-1.579209,1.530076,-0.312827,0.053501,0.457979,-0.750554,3.046212,-0.043064
782,1776231729364,10.920552,-314.2551,52.4510,459.7418,0.376419,-0.612747,0.593880,0.360773,0.970013,-1.579015,1.530397,-0.313219,0.053499,0.457974,-0.750543,3.046243,-0.043093
783,1776231729375,10.931663,-314.6501,52.4594,459.7297,0.376361,-0.612752,0.593887,0.360811,0.969845,-1.579001,1.530388,-0.313614,0.053506,0.457961,-0.750605,3.046272,-0.043205
784,1776231729386,10.942774,-315.4592,52.4414,459.7126,0.376551,-0.612793,0.593788,0.360709,0.970382,-1.579183,1.530206,-0.314423,0.053485,0.457942,-0.750589,3.046192,-0.043285
785,1776231729397,10.953886,-315.8543,52.4248,459.7006,0.376300,-0.612869,0.593764,0.360880,0.969654,-1.579250,1.530021,-0.314818,0.053467,0.457929,-0.750496,3.046120,-0.043310
786,1776231729408,10.964997,-316.6382,52.4279,459.7434,0.376344,-0.612820,0.593827,0.360814,0.969800,-1.579173,1.530232,-0.315602,0.053467,0.457970,-0.750419,3.046267,-0.043292
787,1776231729420,10.976108,-317.0302,52.4254,459.7683,0.376232,-0.612742,0.593915,0.360918,0.969463,-1.578895,1.530381,-0.315994,0.053463,0.457994,-0.750462,3.046358,-0.043192
788,1776231729431,10.987220,-317.4261,52.4259,459.7873,0.376322,-0.612780,0.593779,0.360984,0.969664,-1.578942,1.529983,-0.316390,0.053462,0.458012,-0.750556,3.046410,-0.043080
789,1776231729442,10.998331,-318.1761,52.3689,459.8892,0.376263,-0.612716,0.593839,0.361055,0.969480,-1.578724,1.530087,-0.317140,0.053402,0.458112,-0.750643,3.046569,-0.042709
790,1776231729453,11.009442,-318.5940,52.3925,459.8881,0.376108,-0.612688,0.593947,0.361086,0.969065,-1.578628,1.530342,-0.317558,0.053424,0.458110,-0.750654,3.046619,-0.042807
791,1776231729464,11.020554,-319.4021,52.3695,459.8951,0.376060,-0.612860,0.593843,0.361016,0.968974,-1.579123,1.530124,-0.318366,0.053398,0.458115,-0.750683,3.046643,-0.042775
792,1776231729475,11.031665,-319.8191,52.3721,459.9010,0.376147,-0.612826,0.593842,0.360984,0.969212,-1.579061,1.530146,-0.318783,0.053399,0.458120,-0.750602,3.046622,-0.042801
793,1776231729486,11.042776,-320.1981,52.3755,459.9199,0.376022,-0.612778,0.593888,0.361120,0.968828,-1.578834,1.530166,-0.319162,0.053401,0.458138,-0.750549,3.046716,-0.042809
794,1776231729497,11.053887,-321.0061,52.3625,459.9178,0.376052,-0.612732,0.593938,0.361086,0.968921,-1.578741,1.530318,-0.319970,0.053385,0.458134,-0.750488,3.046692,-0.042852
795,1776231729508,11.064999,-321.4071,52.3700,459.8988,0.375988,-0.612795,0.593896,0.361115,0.968742,-1.578881,1.530189,-0.320371,0.053391,0.458114,-0.750488,3.046686,-0.042884
796,1776231729520,11.076110,-322.2252,52.3609,459.8677,0.376036,-0.612700,0.593978,0.361090,0.968878,-1.578657,1.530419,-0.321189,0.053379,0.458081,-0.750487,3.046613,-0.043180
797,1776231729531,11.087221,-322.6303,52.3564,459.8417,0.376099,-0.612706,0.594024,0.360938,0.969112,-1.578786,1.530649,-0.321594,0.053373,0.458054,-0.750444,3.046590,-0.043196
798,1776231729542,11.098332,-323.0393,52.3809,459.8226,0.376159,-0.612636,0.594103,0.360865,0.969299,-1.578660,1.530906,-0.322003,0.053396,0.458034,-0.750309,3.046502,-0.043288
799,1776231729553,11.109443,-323.8163,52.3818,459.8354,0.375899,-0.612603,0.594159,0.361098,0.968522,-1.578401,1.530880,-0.322780,0.053394,0.458045,-0.750509,3.046611,-0.043417
800,1776231729564,11.120555,-324.2192,52.3883,459.8563,0.376094,-0.612633,0.594083,0.360970,0.969084,-1.578575,1.530778,-0.323183,0.053399,0.458065,-0.750479,3.046634,-0.043316
801,1776231729575,11.131666,-324.6012,52.3818,459.8702,0.376133,-0.612708,0.593992,0.360952,0.969192,-1.578783,1.530555,-0.323565,0.053391,0.458078,-0.750499,3.046704,-0.043260
802,1776231729586,11.142777,-325.4151,52.4208,459.8691,0.376030,-0.612540,0.594220,0.360970,0.968919,-1.578335,1.531129,-0.324379,0.053427,0.458075,-0.750353,3.046734,-0.043362
803,1776231729597,11.153888,-325.8071,52.4063,459.8900,0.376030,-0.612611,0.594117,0.361019,0.968897,-1.578481,1.530828,-0.324771,0.053411,0.458095,-0.750465,3.046781,-0.043306
804,1776231729608,11.165000,-326.6050,52.4103,459.9089,0.375930,-0.612599,0.594137,0.361110,0.968596,-1.578382,1.530815,-0.325569,0.053412,0.458112,-0.750457,3.046809,-0.043213
805,1776231729620,11.176111,-327.0049,52.4298,459.9128,0.375952,-0.612489,0.594288,0.361025,0.968692,-1.578163,1.531264,-0.325969,0.053430,0.458115,-0.750387,3.046843,-0.043341
806,1776231729631,11.187222,-327.4040,52.4233,459.9137,0.376059,-0.612507,0.594275,0.360904,0.969025,-1.578301,1.531320,-0.326368,0.053422,0.458115,-0.750438,3.046878,-0.043296
807,1776231729642,11.198333,-328.1980,52.4262,459.8946,0.376102,-0.612448,0.594331,0.360868,0.969152,-1.578174,1.531490,-0.327162,0.053422,0.458094,-0.750392,3.046840,-0.043386
808,1776231729653,11.209444,-328.5991,52.4237,459.8705,0.376078,-0.612511,0.594264,0.360897,0.969075,-1.578316,1.531296,-0.327563,0.053418,0.458069,-0.750420,3.046791,-0.043417
809,1776231729664,11.220556,-329.4171,52.4515,459.7984,0.375971,-0.612501,0.594254,0.361042,0.968733,-1.578180,1.531165,-0.328381,0.053443,0.457995,-0.750390,3.046671,-0.043715
810,1776231729675,11.231667,-329.8261,52.4770,459.7713,0.376126,-0.612417,0.594358,0.360851,0.969219,-1.578108,1.531572,-0.328790,0.053467,0.457967,-0.750295,3.046605,-0.043863
811,1776231729686,11.242778,-330.2091,52.4824,459.7862,0.375912,-0.612469,0.594328,0.361035,0.968585,-1.578102,1.531362,-0.329173,0.053471,0.457981,-0.750292,3.046649,-0.043754
812,1776231729697,11.253889,-331.0221,52.4914,459.7731,0.376237,-0.612250,0.594508,0.360772,0.969544,-1.577737,1.532016,-0.329986,0.053477,0.457966,-0.750333,3.046564,-0.043804
813,1776231729709,11.265001,-331.4110,52.5039,459.7880,0.376050,-0.612310,0.594404,0.361035,0.968939,-1.577693,1.531557,-0.330375,0.053488,0.457980,-0.750346,3.046615,-0.043830
814,1776231729720,11.276112,-332.2030,52.4870,459.8299,0.375995,-0.612273,0.594502,0.360995,0.968817,-1.577628,1.531837,-0.331167,0.053468,0.458020,-0.750421,3.046658,-0.043715
815,1776231729731,11.287223,-332.5989,52.4955,459.8498,0.376097,-0.612291,0.594517,0.360833,0.969153,-1.577797,1.531995,-0.331563,0.053475,0.458039,-0.750398,3.046705,-0.043658
816,1776231729742,11.298334,-332.9998,52.5060,459.8517,0.376033,-0.612339,0.594491,0.360862,0.968976,-1.577897,1.531906,-0.331964,0.053484,0.458040,-0.750426,3.046729,-0.043617
817,1776231729753,11.309445,-333.8038,52.5279,459.8395,0.376037,-0.612257,0.594578,0.360853,0.968991,-1.577694,1.532137,-0.332768,0.053503,0.458026,-0.750325,3.046788,-0.043766
818,1776231729764,11.320557,-334.2078,52.5264,459.8295,0.375888,-0.612242,0.594604,0.360990,0.968542,-1.577551,1.532105,-0.333172,0.053500,0.458015,-0.750311,3.046723,-0.043807
819,1776231729775,11.331668,-334.6309,52.5179,459.8125,0.376043,-0.612315,0.594475,0.360919,0.968976,-1.577793,1.531823,-0.333595,0.053490,0.457997,-0.750367,3.046630,-0.043862
820,1776231729786,11.342779,-335.4479,52.5509,459.7823,0.375997,-0.612245,0.594607,0.360869,0.968879,-1.577650,1.532200,-0.334412,0.053520,0.457965,-0.750239,3.046567,-0.043989
821,1776231729797,11.353890,-335.8569,52.5554,459.7723,0.375908,-0.612183,0.594704,0.360906,0.968633,-1.577462,1.532423,-0.334821,0.053523,0.457954,-0.750253,3.046540,-0.043995
822,1776231729809,11.365001,-336.6709,52.5804,459.7431,0.376015,-0.612241,0.594638,0.360805,0.968956,-1.577688,1.532327,-0.335635,0.053545,0.457923,-0.750044,3.046535,-0.044016
823,1776231729820,11.376112,-337.0869,52.5949,459.7211,0.376042,-0.612220,0.594672,0.360755,0.969048,-1.577673,1.532452,-0.336051,0.053558,0.457900,-0.750028,3.046468,-0.044112
824,1776231729831,11.387224,-337.4908,52.6104,459.7230,0.375951,-0.612228,0.594709,0.360776,0.968803,-1.577677,1.532532,-0.336455,0.053572,0.457901,-0.749986,3.046530,-0.044189
825,1776231729842,11.398335,-338.2848,52.5794,459.7629,0.375708,-0.612282,0.594681,0.360983,0.968083,-1.577661,1.532309,-0.337249,0.053538,0.457939,-0.750154,3.046553,-0.044026
826,1776231729853,11.409446,-338.6708,52.5789,459.7899,0.375807,-0.612387,0.594577,0.360873,0.968387,-1.578014,1.532121,-0.337635,0.053536,0.457965,-0.750067,3.046652,-0.043919
827,1776231729864,11.420557,-339.4538,52.5519,459.8388,0.375709,-0.612303,0.594645,0.361005,0.968076,-1.577699,1.532199,-0.338418,0.053506,0.458012,-0.750235,3.046759,-0.043843
828,1776231729875,11.431669,-339.8498,52.5474,459.8497,0.375697,-0.612330,0.594621,0.361011,0.968043,-1.577764,1.532134,-0.338814,0.053500,0.458022,-0.750260,3.046774,-0.043840
829,1776231729886,11.442780,-340.2518,52.5359,459.8447,0.375814,-0.612302,0.594661,0.360872,0.968408,-1.577796,1.532337,-0.339216,0.053487,0.458016,-0.750215,3.046735,-0.043829
830,1776231729897,11.453891,-341.0618,52.5569,459.8145,0.375806,-0.612223,0.594744,0.360878,0.968384,-1.577587,1.532548,-0.340026,0.053505,0.457984,-0.750152,3.046706,-0.043989
831,1776231729909,11.465002,-341.4669,52.5553,459.8005,0.375860,-0.612185,0.594783,0.360821,0.968548,-1.577533,1.532690,-0.340431,0.053502,0.457969,-0.750191,3.046705,-0.044052
832,1776231729920,11.476113,-342.2609,52.5592,459.7723,0.375827,-0.612190,0.594780,0.360852,0.968450,-1.577521,1.532660,-0.341225,0.053503,0.457939,-0.750126,3.046660,-0.044157
833,1776231729931,11.487225,-342.6629,52.5737,459.7523,0.375946,-0.612105,0.594875,0.360716,0.968820,-1.577406,1.533003,-0.341627,0.053516,0.457918,-0.750187,3.046677,-0.044290
834,1776231729942,11.498336,-343.0770,52.5851,459.7122,0.375881,-0.612187,0.594820,0.360735,0.968643,-1.577604,1.532848,-0.342041,0.053526,0.457877,-0.750072,3.046604,-0.044447
835,1776231729953,11.509447,-343.9130,52.6041,459.6781,0.375846,-0.612173,0.594783,0.360854,0.968499,-1.577477,1.532666,-0.342877,0.053542,0.457841,-0.750150,3.046495,-0.044419
836,1776231729964,11.520558,-344.3210,52.6117,459.6861,0.376002,-0.612190,0.594743,0.360730,0.968956,-1.577614,1.532653,-0.343285,0.053548,0.457848,-0.750227,3.046560,-0.044359
837,1776231729975,11.531669,-344.7309,52.6302,459.6650,0.375920,-0.612126,0.594809,0.360816,0.968707,-1.577384,1.532759,-0.343695,0.053565,0.457826,-0.750208,3.046555,-0.044447
838,1776231729986,11.542781,-345.5458,52.6453,459.6959,0.375866,-0.612105,0.594845,0.360848,0.968554,-1.577306,1.532830,-0.344510,0.053577,0.457855,-0.750308,3.046626,-0.044397
839,1776231729997,11.553892,-345.9498,52.6398,459.6928,0.375851,-0.612211,0.594727,0.360879,0.968499,-1.577554,1.532504,-0.344914,0.053570,0.457851,-0.750271,3.046613,-0.044350
840,1776231730009,11.565003,-346.7498,52.6448,459.7227,0.375894,-0.612187,0.594733,0.360867,0.968614,-1.577502,1.532526,-0.345714,0.053572,0.457879,-0.750250,3.046656,-0.044253
841,1776231730020,11.576114,-347.1377,52.6503,459.7296,0.375801,-0.612195,0.594756,0.360909,0.968357,-1.577492,1.532556,-0.346102,0.053576,0.457885,-0.750341,3.046697,-0.044273
842,1776231730031,11.587225,-347.5367,52.6647,459.7195,0.375938,-0.612148,0.594782,0.360804,0.968758,-1.577451,1.532701,-0.346501,0.053589,0.457874,-0.750243,3.046688,-0.044318
843,1776231730042,11.598336,-348.3407,52.6827,459.7063,0.376042,-0.612122,0.594816,0.360686,0.969080,-1.577471,1.532873,-0.347305,0.053604,0.457859,-0.750204,3.046677,-0.044470
844,1776231730053,11.609448,-348.7468,52.6801,459.6733,0.376036,-0.612095,0.594837,0.360701,0.969059,-1.577391,1.532916,-0.347711,0.053600,0.457825,-0.750128,3.046591,-0.044533
845,1776231730064,11.620559,-349.5328,52.6760,459.6662,0.376111,-0.612046,0.594829,0.360721,0.969242,-1.577248,1.532880,-0.348497,0.053593,0.457816,-0.750104,3.046554,-0.044615
846,1776231730075,11.631670,-349.9337,52.7175,459.6490,0.376179,-0.611982,0.594902,0.360637,0.969458,-1.577147,1.533132,-0.348898,0.053633,0.457798,-0.749975,3.046595,-0.044852
847,1776231730086,11.642781,-350.3348,52.6949,459.6430,0.376256,-0.612116,0.594735,0.360605,0.969670,-1.577517,1.532724,-0.349299,0.053609,0.457791,-0.749984,3.046534,-0.044829
848,1776231730097,11.653892,-351.1417,52.7140,459.6598,0.376110,-0.612138,0.594786,0.360635,0.969280,-1.577551,1.532833,-0.350106,0.053625,0.457806,-0.749943,3.046583,-0.044853
849,1776231730109,11.665003,-351.5527,52.7315,459.6458,0.376273,-0.612120,0.594795,0.360482,0.969770,-1.577620,1.532968,-0.350517,0.053641,0.457791,-0.749839,3.046548,-0.044908
850,1776231730120,11.676115,-352.3745,52.7596,459.6576,0.376081,-0.611969,0.595007,0.360588,0.969228,-1.577151,1.533436,-0.351339,0.053666,0.457801,-0.749898,3.046607,-0.044940
851,1776231730131,11.687226,-352.7735,52.7641,459.6716,0.376119,-0.612052,0.594912,0.360563,0.969337,-1.577385,1.533211,-0.351738,0.053669,0.457814,-0.749856,3.046657,-0.044915
852,1776231730142,11.698337,-353.1675,52.7586,459.6955,0.376217,-0.612034,0.594869,0.360565,0.969587,-1.577335,1.533098,-0.352132,0.053662,0.457837,-0.749899,3.046734,-0.044803
853,1776231730153,11.709448,-353.9544,52.7726,459.7143,0.376114,-0.611992,0.594910,0.360675,0.969272,-1.577145,1.533124,-0.352919,0.053673,0.457854,-0.749940,3.046804,-0.044877
854,1776231730164,11.720559,-354.3664,52.7871,459.6993,0.376170,-0.612008,0.594897,0.360612,0.969444,-1.577233,1.533136,-0.353331,0.053686,0.457838,-0.749953,3.046688,-0.044929
855,1776231730175,11.731671,-354.7623,52.8045,459.6981,0.376135,-0.611908,0.595011,0.360630,0.969345,-1.576961,1.533417,-0.353727,0.053702,0.457836,-0.749920,3.046704,-0.044996
856,1776231730186,11.742782,-355.5864,52.8324,459.6280,0.376212,-0.611942,0.594997,0.360515,0.969598,-1.577135,1.533464,-0.354551,0.053727,0.457764,-0.749910,3.046502,-0.045288
857,1776231730197,11.753893,-355.9894,52.8289,459.6130,0.376154,-0.611918,0.595049,0.360529,0.969443,-1.577065,1.533589,-0.354954,0.053722,0.457748,-0.749925,3.046481,-0.045312
858,1776231730209,11.765005,-356.3985,52.8314,459.5919,0.376106,-0.611872,0.595081,0.360603,0.969283,-1.576891,1.533618,-0.355363,0.053723,0.457726,-0.749933,3.046418,-0.045368
859,1776231730220,11.776116,-357.1934,52.8464,459.6218,0.375986,-0.611846,0.595144,0.360671,0.968943,-1.576770,1.533728,-0.356158,0.053735,0.457754,-0.749956,3.046562,-0.045303
860,1776231730231,11.787227,-357.5662,52.8589,459.6546,0.375861,-0.611989,0.595065,0.360689,0.968612,-1.577126,1.533512,-0.356531,0.053746,0.457786,-0.749842,3.046713,-0.045223
861,1776231730242,11.798338,-358.3670,52.8959,459.6824,0.375842,-0.611920,0.595171,0.360650,0.968583,-1.576977,1.533816,-0.357332,0.053780,0.457812,-0.749721,3.046815,-0.045162
862,1776231730253,11.809450,-358.7640,52.9104,459.6883,0.375731,-0.611919,0.595229,0.360671,0.968287,-1.576959,1.533949,-0.357729,0.053793,0.457817,-0.749725,3.046906,-0.045266
863,1776231730264,11.820561,-359.5761,52.8994,459.6702,0.375846,-0.611818,0.595275,0.360646,0.968593,-1.576720,1.534086,-0.358541,0.053779,0.457797,-0.749796,3.046846,-0.045205
864,1776231730275,11.831672,-359.9981,52.9099,459.6372,0.375855,-0.611817,0.595271,0.360647,0.968616,-1.576714,1.534073,-0.358963,0.053788,0.457763,-0.749770,3.046735,-0.045283
865,1776231730286,11.842783,-360.3941,52.9173,459.6361,0.375694,-0.611788,0.595306,0.360806,0.968129,-1.576521,1.534047,-0.359359,0.053794,0.457761,-0.749780,3.046767,-0.045340
866,1776231730297,11.853894,-361.1851,52.9193,459.6510,0.375825,-0.611768,0.595374,0.360590,0.968566,-1.576633,1.534383,-0.360150,0.053793,0.457774,-0.749706,3.046838,-0.045422
867,1776231730309,11.865006,-361.5771,52.8958,459.6629,0.375822,-0.611879,0.595297,0.360532,0.968585,-1.576962,1.534226,-0.360542,0.053768,0.457785,-0.749660,3.046861,-0.045286
868,1776231730320,11.876117,-362.4062,52.8868,459.6439,0.375835,-0.611882,0.595279,0.360545,0.968612,-1.576959,1.534169,-0.361371,0.053756,0.457764,-0.749643,3.046768,-0.045362
869,1776231730331,11.887228,-362.8052,52.8844,459.6529,0.375789,-0.611782,0.595379,0.360597,0.968469,-1.576662,1.534390,-0.361770,0.053752,0.457772,-0.749637,3.046813,-0.045406
870,1776231730342,11.898339,-363.2182,52.9028,459.6328,0.375698,-0.611681,0.595528,0.360616,0.968227,-1.576388,1.534761,-0.362183,0.053769,0.457751,-0.749557,3.046800,-0.045546
871,1776231730353,11.909450,-364.0102,52.8669,459.6897,0.375826,-0.611769,0.595414,0.360522,0.968599,-1.576685,1.534535,-0.362975,0.053730,0.457806,-0.749562,3.046931,-0.045333
872,1776231730364,11.920561,-364.4001,52.8764,459.7206,0.375625,-0.611816,0.595397,0.360679,0.968011,-1.576690,1.534375,-0.363365,0.053738,0.457836,-0.749563,3.047000,-0.045276
873,1776231730375,11.931673,-364.7861,52.8520,459.7706,0.375529,-0.611728,0.595477,0.360797,0.967708,-1.576372,1.534495,-0.363751,0.053712,0.457885,-0.749618,3.047119,-0.045159
874,1776231730386,11.942784,-365.5660,52.8340,459.8185,0.375584,-0.611835,0.595365,0.360743,0.967875,-1.576689,1.534247,-0.364531,0.053691,0.457931,-0.749661,3.047186,-0.045143
875,1776231730397,11.953895,-365.9731,52.8195,459.8135,0.375536,-0.611746,0.595478,0.360758,0.967744,-1.576447,1.534526,-0.364938,0.053675,0.457925,-0.749627,3.047122,-0.045210
876,1776231730409,11.965006,-366.7901,52.8295,459.7934,0.375690,-0.611814,0.595408,0.360597,0.968214,-1.576747,1.534464,-0.365755,0.053682,0.457903,-0.749545,3.047067,-0.045238
877,1776231730420,11.976117,-367.1972,52.8389,459.7553,0.375746,-0.611715,0.595489,0.360574,0.968369,-1.576506,1.534688,-0.366162,0.053690,0.457864,-0.749585,3.047000,-0.045457
878,1776231730431,11.987229,-367.1972,52.8389,459.7553,0.375992,-0.611623,0.595489,0.360472,0.969051,-1.576346,1.534765,-0.366162,0.053690,0.457864,-0.749585,3.047000,-0.045457
879,1776231730442,11.998347,-368.0323,52.8479,459.6932,0.375874,-0.611575,0.595579,0.360527,0.968722,-1.576183,1.534956,-0.366997,0.053696,0.457800,-0.749666,3.046771,-0.045750
880,1776231730453,12.009458,-368.8102,52.8449,459.7321,0.375753,-0.611582,0.595585,0.360631,0.968361,-1.576122,1.534896,-0.367775,0.053690,0.457837,-0.749608,3.046888,-0.045630
881,1776231730464,12.020569,-368.8102,52.8449,459.7321,0.375688,-0.611556,0.595620,0.360687,0.968167,-1.576013,1.534943,-0.367775,0.053690,0.457837,-0.749608,3.046888,-0.045630
882,1776231730475,12.031680,-369.5831,52.8299,459.7889,0.375641,-0.611579,0.595564,0.360789,0.968000,-1.575993,1.534727,-0.368548,0.053672,0.457892,-0.749663,3.047078,-0.045554
883,1776231730486,12.042836,-370.3852,52.8109,459.8069,0.375801,-0.611695,0.595443,0.360627,0.968487,-1.576416,1.534531,-0.369350,0.053650,0.457908,-0.749782,3.047051,-0.045490
884,1776231730497,12.053972,-371.1842,52.8039,459.8227,0.375738,-0.611732,0.595420,0.360665,0.968308,-1.576484,1.534446,-0.370149,0.053640,0.457922,-0.749725,3.047099,-0.045454
885,1776231730509,12.065083,-371.1842,52.8039,459.8227,0.375670,-0.611690,0.595527,0.360631,0.968147,-1.576400,1.534747,-0.370149,0.053640,0.457922,-0.749725,3.047099,-0.045454
886,1776231730520,12.076260,-371.9902,52.8069,459.8066,0.375559,-0.611750,0.595500,0.360691,0.967834,-1.576509,1.534632,-0.370955,0.053640,0.457904,-0.749581,3.047044,-0.045572
887,1776231730531,12.087380,-372.7773,52.7769,459.8366,0.375636,-0.611738,0.595500,0.360631,0.968060,-1.576522,1.534676,-0.371742,0.053607,0.457932,-0.749601,3.047087,-0.045473
888,1776231730542,12.098491,-372.7773,52.7769,459.8366,0.375662,-0.611689,0.595536,0.360626,0.968130,-1.576402,1.534772,-0.371742,0.053607,0.457932,-0.749601,3.047087,-0.045473
889,1776231730553,12.109602,-373.1833,52.7754,459.8225,0.375632,-0.611624,0.595620,0.360629,0.968051,-1.576230,1.534987,-0.372148,0.053604,0.457917,-0.749544,3.047001,-0.045550
890,1776231730564,12.120714,-373.9844,52.7763,459.8024,0.375679,-0.611704,0.595566,0.360535,0.968215,-1.576508,1.534917,-0.372949,0.053602,0.457895,-0.749551,3.046937,-0.045756
891,1776231730575,12.131825,-374.8203,52.8133,459.7563,0.375875,-0.611570,0.595664,0.360395,0.968786,-1.576269,1.535271,-0.373785,0.053636,0.457847,-0.749494,3.046770,-0.046011
892,1776231730586,12.142936,-374.8203,52.8133,459.7563,0.375869,-0.611549,0.595712,0.360358,0.968786,-1.576242,1.535422,-0.373785,0.053636,0.457847,-0.749494,3.046770,-0.046011
893,1776231730598,12.154047,-375.6212,52.8243,459.7781,0.375771,-0.611614,0.595636,0.360476,0.968480,-1.576320,1.535141,-0.374586,0.053644,0.457867,-0.749475,3.046811,-0.045952
894,1776231730609,12.165219,-376.3959,52.8634,459.8599,0.375549,-0.611676,0.595555,0.360735,0.967787,-1.576285,1.534743,-0.375361,0.053680,0.457947,-0.749426,3.046960,-0.045779
895,1776231730620,12.176331,-377.1548,52.8583,459.9057,0.375562,-0.611604,0.595670,0.360653,0.967860,-1.576161,1.535099,-0.376120,0.053672,0.457991,-0.749505,3.047170,-0.045727
896,1776231730631,12.187442,-377.5529,52.8468,459.9136,0.375603,-0.611570,0.595649,0.360703,0.967942,-1.576035,1.535008,-0.376518,0.053659,0.457998,-0.749536,3.047194,-0.045694
897,1776231730642,12.198553,-378.3800,52.8667,459.8425,0.375708,-0.611447,0.595745,0.360644,0.968240,-1.575765,1.535298,-0.377345,0.053676,0.457925,-0.749433,3.046997,-0.045927
898,1776231730653,12.209664,-378.7810,52.8771,459.8124,0.375767,-0.611433,0.595772,0.360563,0.968428,-1.575788,1.535426,-0.377746,0.053685,0.457894,-0.749452,3.046903,-0.045996
899,1776231730664,12.220776,-379.5940,52.9021,459.7703,0.375804,-0.611475,0.595759,0.360474,0.968566,-1.575963,1.535459,-0.378559,0.053707,0.457850,-0.749333,3.046787,-0.046110
900,1776231730675,12.231887,-380.0040,52.9056,459.7562,0.375792,-0.611461,0.595718,0.360579,0.968486,-1.575848,1.535276,-0.378969,0.053709,0.457835,-0.749295,3.046773,-0.046120
901,1776231730687,12.243039,-380.3900,52.8920,459.7762,0.375807,-0.611505,0.595705,0.360508,0.968558,-1.576015,1.535296,-0.379355,0.053694,0.457854,-0.749430,3.046827,-0.046046
902,1776231730698,12.254150,-381.1670,52.8761,459.8360,0.375767,-0.611558,0.595590,0.360652,0.968388,-1.576043,1.534892,-0.380132,0.053675,0.457912,-0.749305,3.046970,-0.045823
903,1776231730709,12.265261,-381.5830,52.8766,459.8350,0.375629,-0.611551,0.595652,0.360705,0.968007,-1.575985,1.535013,-0.380548,0.053674,0.457910,-0.749349,3.046974,-0.045788
904,1776231730720,12.276372,-382.3929,52.8856,459.8369,0.375774,-0.611552,0.595643,0.360565,0.968446,-1.576094,1.535094,-0.381358,0.053680,0.457910,-0.749353,3.047022,-0.045693
905,1776231730731,12.287483,-382.8070,52.8941,459.8039,0.375791,-0.611517,0.595704,0.360507,0.968517,-1.576046,1.535293,-0.381772,0.053687,0.457876,-0.749310,3.046988,-0.045728
906,1776231730742,12.298594,-383.2272,52.9144,459.6978,0.375783,-0.611499,0.595731,0.360502,0.968497,-1.576004,1.535365,-0.382192,0.053706,0.457769,-0.749157,3.046768,-0.046017
907,1776231730753,12.309706,-384.0010,52.9364,459.7516,0.375734,-0.611480,0.595807,0.360458,0.968393,-1.575989,1.535594,-0.382966,0.053725,0.457821,-0.749162,3.046971,-0.045859
908,1776231730764,12.320817,-384.3900,52.9488,459.7354,0.375740,-0.611566,0.595619,0.360617,0.968335,-1.576090,1.534994,-0.383355,0.053736,0.457804,-0.749228,3.046986,-0.045856
909,1776231730775,12.331928,-384.7740,52.9382,459.7304,0.375845,-0.611699,0.595507,0.360467,0.968675,-1.576548,1.534814,-0.383739,0.053724,0.457798,-0.749280,3.046944,-0.045828
910,1776231730787,12.343039,-385.5981,52.9591,459.6643,0.375974,-0.611614,0.595550,0.360407,0.969035,-1.576372,1.534968,-0.384563,0.053742,0.457730,-0.749175,3.046798,-0.045950
911,1776231730798,12.354151,-386.0133,52.9416,459.6303,0.375971,-0.611582,0.595644,0.360308,0.969073,-1.576364,1.535283,-0.384978,0.053723,0.457695,-0.749246,3.046682,-0.046002
912,1776231730809,12.365262,-386.8081,52.9766,459.6351,0.375953,-0.611633,0.595616,0.360287,0.969035,-1.576512,1.535228,-0.385773,0.053755,0.457698,-0.749049,3.046779,-0.045933
913,1776231730820,12.376373,-387.2111,52.9741,459.6350,0.375781,-0.611707,0.595503,0.360527,0.968481,-1.576523,1.534761,-0.386176,0.053751,0.457697,-0.749062,3.046818,-0.045984
914,1776231730831,12.387484,-387.5771,52.9546,459.6959,0.375725,-0.611688,0.595529,0.360574,0.968314,-1.576438,1.534793,-0.386542,0.053730,0.457757,-0.749192,3.046997,-0.045719
915,1776231730842,12.398596,-388.3550,52.9446,459.7348,0.375676,-0.611753,0.595457,0.360635,0.968160,-1.576559,1.534562,-0.387320,0.053717,0.457794,-0.749211,3.047110,-0.045640
916,1776231730853,12.409726,-388.7520,52.9371,459.7447,0.375755,-0.611726,0.595539,0.360462,0.968445,-1.576620,1.534900,-0.387717,0.053708,0.457803,-0.749279,3.047121,-0.045568
917,1776231730864,12.420838,-388.7520,52.9371,459.7447,0.375781,-0.611675,0.595588,0.360441,0.968520,-1.576504,1.535042,-0.387717,0.053708,0.457803,-0.749279,3.047121,-0.045568
918,1776231730875,12.431949,-389.5820,52.9910,459.6726,0.375791,-0.611575,0.595734,0.360359,0.968585,-1.576309,1.535478,-0.388547,0.053759,0.457729,-0.749063,3.047011,-0.045798
919,1776231730887,12.443077,-390.0051,53.0004,459.6165,0.376060,-0.611625,0.595647,0.360137,0.969380,-1.576604,1.535416,-0.388970,0.053767,0.457672,-0.749079,3.046918,-0.046026
920,1776231730898,12.454188,-390.8403,53.0003,459.5195,0.376012,-0.611621,0.595679,0.360142,0.969255,-1.576590,1.535495,-0.389805,0.053764,0.457573,-0.749052,3.046640,-0.046325
921,1776231730909,12.465300,-390.8403,53.0003,459.5195,0.375820,-0.611437,0.595859,0.360356,0.968661,-1.575956,1.535802,-0.389805,0.053764,0.457573,-0.749052,3.046640,-0.046325
922,1776231730920,12.476423,-391.6374,52.9962,459.5054,0.375850,-0.611460,0.595820,0.360351,0.968740,-1.576019,1.535706,-0.390602,0.053757,0.457557,-0.749069,3.046681,-0.046473
923,1776231730931,12.487534,-391.6374,52.9962,459.5054,0.375839,-0.611399,0.595899,0.360335,0.968719,-1.575874,1.535921,-0.390602,0.053757,0.457557,-0.749069,3.046681,-0.046473
924,1776231730942,12.498645,-393.2162,53.0083,459.5871,0.375942,-0.611461,0.595836,0.360226,0.969037,-1.576115,1.535840,-0.392181,0.053763,0.457635,-0.749104,3.046972,-0.046316
925,1776231730953,12.509757,-393.2162,53.0083,459.5871,0.376022,-0.611446,0.595863,0.360124,0.969288,-1.576152,1.535984,-0.392181,0.053763,0.457635,-0.749104,3.046972,-0.046316
926,1776231730964,12.520868,-394.0332,53.0063,459.5760,0.375928,-0.611451,0.595842,0.360247,0.968989,-1.576074,1.535840,-0.392998,0.053758,0.457622,-0.749231,3.046894,-0.046316
927,1776231730975,12.531979,-394.8643,53.0103,459.5519,0.376005,-0.611347,0.595970,0.360133,0.969240,-1.575892,1.536252,-0.393829,0.053759,0.457596,-0.749222,3.046744,-0.046389
928,1776231730987,12.543112,-395.6733,53.0293,459.5308,0.376090,-0.611297,0.596055,0.359986,0.969529,-1.575873,1.536581,-0.394638,0.053775,0.457573,-0.749214,3.046692,-0.046655
929,1776231730998,12.554223,-395.6733,53.0293,459.5308,0.375897,-0.611315,0.596011,0.360231,0.968918,-1.575733,1.536286,-0.394638,0.053775,0.457573,-0.749214,3.046692,-0.046655
930,1776231731009,12.565351,-396.5174,53.0313,459.4708,0.376105,-0.611279,0.596061,0.359993,0.969564,-1.575820,1.536590,-0.395482,0.053774,0.457511,-0.749241,3.046550,-0.046916
931,1776231731020,12.576462,-397.3584,53.0514,459.4507,0.376202,-0.611302,0.596014,0.359930,0.969842,-1.575929,1.536515,-0.396323,0.053791,0.457489,-0.749186,3.046455,-0.047102
932,1776231731031,12.587573,-397.3584,53.0514,459.4507,0.376040,-0.611189,0.596165,0.360041,0.969373,-1.575553,1.536822,-0.396323,0.053791,0.457489,-0.749186,3.046455,-0.047102
933,1776231731042,12.598685,-398.1632,53.0735,459.4925,0.375954,-0.611197,0.596164,0.360118,0.969118,-1.575515,1.536764,-0.397128,0.053810,0.457529,-0.749098,3.046528,-0.047079
934,1776231731053,12.609796,-398.5591,53.0780,459.5334,0.375986,-0.611256,0.596111,0.360074,0.969221,-1.575700,1.536659,-0.397524,0.053813,0.457569,-0.749055,3.046633,-0.046953
935,1776231731064,12.620907,-399.3429,53.0722,459.6163,0.376049,-0.611229,0.596104,0.360064,0.969387,-1.575638,1.536649,-0.398308,0.053804,0.457650,-0.749088,3.046797,-0.046862
936,1776231731076,12.632018,-399.3429,53.0722,459.6163,0.376010,-0.611267,0.596064,0.360106,0.969267,-1.575706,1.536516,-0.398308,0.053804,0.457650,-0.749088,3.046797,-0.046862
937,1776231731087,12.643130,-400.1660,53.0642,459.6113,0.376180,-0.611163,0.596200,0.359881,0.969810,-1.575606,1.537029,-0.399131,0.053793,0.457643,-0.749097,3.046792,-0.046855
938,1776231731098,12.654241,-401.0281,53.0882,459.5212,0.376330,-0.611107,0.596254,0.359729,0.970267,-1.575577,1.537282,-0.399993,0.053814,0.457551,-0.748892,3.046503,-0.047300
939,1776231731109,12.665352,-401.8610,53.1382,459.4851,0.376367,-0.611019,0.596377,0.359636,0.970404,-1.575420,1.537668,-0.400826,0.053861,0.457513,-0.748809,3.046382,-0.047550
940,1776231731120,12.676464,-401.8610,53.1382,459.4851,0.376232,-0.611108,0.596278,0.359790,0.969987,-1.575534,1.537299,-0.400826,0.053861,0.457513,-0.748809,3.046382,-0.047550
941,1776231731131,12.687575,-403.0409,53.1318,459.5619,0.376104,-0.611094,0.596297,0.359917,0.969595,-1.575402,1.537255,-0.402006,0.053850,0.457587,-0.748874,3.046589,-0.047596
942,1776231731142,12.698686,-403.4289,53.1073,459.6038,0.376012,-0.611008,0.596338,0.360091,0.969279,-1.575047,1.537233,-0.402394,0.053824,0.457628,-0.749040,3.046675,-0.047413
943,1776231731153,12.709797,-404.2178,53.1053,459.6417,0.376084,-0.611128,0.596294,0.359883,0.969562,-1.575515,1.537272,-0.403183,0.053819,0.457664,-0.749023,3.046790,-0.047325
944,1776231731164,12.720909,-404.6078,53.1148,459.6346,0.376033,-0.611019,0.596403,0.359942,0.969403,-1.575190,1.537510,-0.403573,0.053827,0.457656,-0.749014,3.046815,-0.047403
945,1776231731176,12.732020,-405.4278,53.1697,459.5644,0.376173,-0.611151,0.596320,0.359709,0.969871,-1.575704,1.537467,-0.404393,0.053879,0.457584,-0.748765,3.046641,-0.047617
946,1776231731187,12.743131,-405.8178,53.1611,459.5513,0.376087,-0.611029,0.596456,0.359781,0.969616,-1.575336,1.537763,-0.404783,0.053869,0.457570,-0.748796,3.046586,-0.047587
947,1776231731198,12.754242,-406.2069,53.1715,459.5222,0.376226,-0.611060,0.596387,0.359697,0.970013,-1.575479,1.537649,-0.405172,0.053878,0.457540,-0.748722,3.046511,-0.047679
948,1776231731209,12.765354,-406.9589,53.1543,459.5230,0.376198,-0.611087,0.596346,0.359748,0.969918,-1.575512,1.537505,-0.405924,0.053858,0.457539,-0.748851,3.046451,-0.047755
949,1776231731220,12.776475,-407.3360,53.1386,459.5119,0.376192,-0.611038,0.596398,0.359752,0.969901,-1.575382,1.537636,-0.406301,0.053841,0.457527,-0.748920,3.046399,-0.047782
950,1776231731231,12.787587,-407.7029,53.1530,459.5168,0.376177,-0.611008,0.596453,0.359728,0.969872,-1.575322,1.537795,-0.406668,0.053854,0.457531,-0.748899,3.046371,-0.047809
951,1776231731242,12.798698,-408.4368,53.1758,459.5364,0.376054,-0.610976,0.596482,0.359862,0.969494,-1.575137,1.537772,-0.407402,0.053874,0.457549,-0.748918,3.046403,-0.047792
952,1776231731253,12.809809,-408.7708,53.1601,459.5823,0.376118,-0.610975,0.596439,0.359870,0.969654,-1.575129,1.537655,-0.407736,0.053857,0.457594,-0.748921,3.046538,-0.047627
953,1776231731264,12.820920,-409.4627,53.1508,459.6259,0.376145,-0.611015,0.596358,0.359906,0.969708,-1.575206,1.537419,-0.408428,0.053845,0.457636,-0.749000,3.046592,-0.047687
954,1776231731276,12.832032,-409.7886,53.1521,459.6597,0.376001,-0.611036,0.596370,0.360001,0.969292,-1.575189,1.537381,-0.408754,0.053845,0.457669,-0.748894,3.046685,-0.047600
955,1776231731287,12.843143,-410.1326,53.1494,459.6685,0.376102,-0.611026,0.596360,0.359930,0.969586,-1.575217,1.537407,-0.409098,0.053841,0.457677,-0.748907,3.046628,-0.047491
956,1776231731298,12.854254,-410.8267,53.1439,459.6461,0.376143,-0.611068,0.596320,0.359882,0.969713,-1.575361,1.537340,-0.409792,0.053833,0.457653,-0.748852,3.046531,-0.047617
957,1776231731309,12.865366,-411.1728,53.1511,459.6119,0.376174,-0.610993,0.596376,0.359884,0.969791,-1.575166,1.537482,-0.410138,0.053839,0.457618,-0.748856,3.046392,-0.047811
958,1776231731320,12.876477,-411.8829,53.1756,459.5365,0.376250,-0.610969,0.596499,0.359642,0.970102,-1.575286,1.537977,-0.410848,0.053861,0.457541,-0.748712,3.046180,-0.048068
959,1776231731331,12.887589,-412.2239,53.1798,459.4983,0.376394,-0.611000,0.596455,0.359511,0.970532,-1.575466,1.537960,-0.411189,0.053864,0.457502,-0.748663,3.046052,-0.048194
960,1776231731342,12.898700,-412.5419,53.1910,459.5060,0.376236,-0.610972,0.596502,0.359645,0.970062,-1.575292,1.537983,-0.411507,0.053874,0.457509,-0.748652,3.046065,-0.048153
961,1776231731353,12.909811,-413.1418,53.1743,459.5585,0.376303,-0.610872,0.596618,0.359553,0.970277,-1.575104,1.538350,-0.412107,0.053855,0.457560,-0.748726,3.046167,-0.048120
962,1776231731364,12.920923,-413.4307,53.1855,459.5912,0.376076,-0.611035,0.596470,0.359760,0.969597,-1.575367,1.537814,-0.412396,0.053865,0.457592,-0.748599,3.046253,-0.048007
963,1776231731376,12.932034,-414.0087,53.1517,459.6366,0.375874,-0.610927,0.596571,0.359985,0.968973,-1.574920,1.537910,-0.412974,0.053829,0.457636,-0.748789,3.046349,-0.047862
964,1776231731387,12.943145,-414.2977,53.1469,459.6513,0.375960,-0.610933,0.596578,0.359875,0.969246,-1.575018,1.538010,-0.413263,0.053823,0.457650,-0.748801,3.046369,-0.047785
965,1776231731398,12.954256,-414.5907,53.1409,459.6510,0.376069,-0.610902,0.596624,0.359736,0.969590,-1.575043,1.538230,-0.413556,0.053816,0.457649,-0.748841,3.046357,-0.047783
966,1776231731409,12.965367,-415.1807,53.1830,459.6083,0.376053,-0.610935,0.596607,0.359726,0.969553,-1.575136,1.538193,-0.414146,0.053856,0.457605,-0.748656,3.046292,-0.047968
967,1776231731420,12.976478,-415.4728,53.1851,459.5810,0.375971,-0.611039,0.596594,0.359658,0.969374,-1.575454,1.538210,-0.414438,0.053857,0.457577,-0.748536,3.046262,-0.048004
968,1776231731431,12.987590,-415.7357,53.1960,459.5755,0.376101,-0.611008,0.596617,0.359535,0.969767,-1.575466,1.538361,-0.414701,0.053867,0.457571,-0.748487,3.046288,-0.048034
969,1776231731442,12.998701,-416.2738,53.1970,459.5458,0.376057,-0.610996,0.596627,0.359585,0.969628,-1.575399,1.538348,-0.415239,0.053866,0.457540,-0.748404,3.046160,-0.048078
970,1776231731453,13.009812,-416.5399,53.1889,459.5245,0.376170,-0.611003,0.596598,0.359504,0.969958,-1.575477,1.538334,-0.415505,0.053857,0.457518,-0.748418,3.046055,-0.048190
971,1776231731464,13.020924,-417.0320,53.1757,459.5046,0.376255,-0.610995,0.596552,0.359502,0.970179,-1.575459,1.538217,-0.415997,0.053842,0.457497,-0.748419,3.046026,-0.048197
972,1776231731476,13.032035,-417.2489,53.1845,459.5211,0.376110,-0.611153,0.596438,0.359577,0.969771,-1.575809,1.537868,-0.416214,0.053850,0.457513,-0.748392,3.046123,-0.048099
973,1776231731487,13.043146,-417.4529,53.1833,459.5426,0.376083,-0.611026,0.596575,0.359593,0.969693,-1.575470,1.538208,-0.416418,0.053848,0.457534,-0.748410,3.046257,-0.047972
974,1776231731498,13.054258,-417.8818,53.1800,459.5636,0.375885,-0.610980,0.596605,0.359829,0.969073,-1.575174,1.538113,-0.416847,0.053843,0.457554,-0.748397,3.046325,-0.047882
975,1776231731509,13.065369,-418.0687,53.1927,459.5970,0.375921,-0.610980,0.596561,0.359863,0.969151,-1.575149,1.537975,-0.417034,0.053855,0.457587,-0.748399,3.046464,-0.047757
976,1776231731520,13.076480,-418.4748,53.1792,459.5870,0.376163,-0.610895,0.596585,0.359716,0.969841,-1.575039,1.538145,-0.417440,0.053840,0.457576,-0.748576,3.046452,-0.047801
977,1776231731531,13.087592,-418.6918,53.1910,459.5485,0.375957,-0.611012,0.596490,0.359888,0.969231,-1.575212,1.537774,-0.417657,0.053851,0.457537,-0.748593,3.046361,-0.047879
978,1776231731542,13.098703,-418.8739,53.1906,459.5429,0.376149,-0.611018,0.596508,0.359649,0.969838,-1.575407,1.537994,-0.417839,0.053850,0.457531,-0.748642,3.046388,-0.047866
979,1776231731553,13.109814,-419.2278,53.2009,459.5337,0.376219,-0.611085,0.596424,0.359602,0.970038,-1.575613,1.537813,-0.418193,0.053859,0.457521,-0.748621,3.046362,-0.047869
980,1776231731564,13.120925,-419.4008,53.2235,459.5261,0.376194,-0.611152,0.596457,0.359458,0.970042,-1.575897,1.538004,-0.418366,0.053881,0.457513,-0.748525,3.046354,-0.047866
981,1776231731576,13.132036,-419.7318,53.2307,459.5009,0.376227,-0.611130,0.596401,0.359555,0.970082,-1.575767,1.537788,-0.418697,0.053887,0.457487,-0.748507,3.046336,-0.047883
982,1776231731587,13.143147,-419.8898,53.2383,459.4912,0.376259,-0.611217,0.596349,0.359458,0.970209,-1.576065,1.537727,-0.418855,0.053894,0.457477,-0.748492,3.046274,-0.047942
983,1776231731598,13.154259,-420.0358,53.2438,459.4955,0.376213,-0.611061,0.596433,0.359632,0.970011,-1.575531,1.537816,-0.419001,0.053899,0.457481,-0.748540,3.046292,-0.047876
984,1776231731609,13.165370,-420.2937,53.2678,459.5051,0.376111,-0.611075,0.596517,0.359577,0.969771,-1.575607,1.538072,-0.419259,0.053922,0.457490,-0.748509,3.046379,-0.047788
985,1776231731620,13.176481,-420.4317,53.2573,459.4884,0.376195,-0.611084,0.596448,0.359588,0.969984,-1.575624,1.537885,-0.419397,0.053911,0.457473,-0.748595,3.046331,-0.047830
986,1776231731631,13.187592,-420.5617,53.2797,459.4697,0.376221,-0.611053,0.596481,0.359558,0.970065,-1.575565,1.537994,-0.419527,0.053933,0.457454,-0.748455,3.046313,-0.047944
987,1776231731642,13.198704,-420.7948,53.2706,459.4673,0.376355,-0.611089,0.596461,0.359391,0.970487,-1.575784,1.538064,-0.419760,0.053923,0.457451,-0.748500,3.046333,-0.048048
988,1776231731653,13.209815,-420.8928,53.2510,459.4885,0.376418,-0.611007,0.596407,0.359554,0.970575,-1.575449,1.537804,-0.419858,0.053903,0.457472,-0.748622,3.046343,-0.047972
989,1776231731664,13.220926,-421.1089,53.2278,459.4761,0.376345,-0.610990,0.596536,0.359445,0.970438,-1.575489,1.538217,-0.420074,0.053879,0.457459,-0.748672,3.046307,-0.048022
990,1776231731676,13.232037,-421.1859,53.2161,459.4993,0.376448,-0.611013,0.596421,0.359488,0.970683,-1.575516,1.537888,-0.420151,0.053867,0.457482,-0.748796,3.046324,-0.047964
991,1776231731687,13.243149,-421.2980,53.2115,459.4686,0.376350,-0.611071,0.596502,0.359359,0.970490,-1.575761,1.538193,-0.420263,0.053862,0.457451,-0.748589,3.046279,-0.048078
992,1776231731698,13.254260,-421.4691,53.1721,459.4811,0.376423,-0.610962,0.596452,0.359551,0.970589,-1.575336,1.537923,-0.420434,0.053822,0.457463,-0.748772,3.046224,-0.048096
993,1776231731709,13.265371,-421.5491,53.1624,459.4773,0.376396,-0.611018,0.596537,0.359343,0.970617,-1.575636,1.538294,-0.420514,0.053812,0.457459,-0.748610,3.046272,-0.048142
994,1776231731720,13.276482,-421.7083,53.1260,459.4617,0.376464,-0.610891,0.596574,0.359426,0.970751,-1.575247,1.538329,-0.420673,0.053775,0.457443,-0.748667,3.046205,-0.048389
995,1776231731731,13.287593,-421.7623,53.1132,459.4809,0.376323,-0.611048,0.596517,0.359402,0.970399,-1.575670,1.538200,-0.420727,0.053762,0.457462,-0.748446,3.046313,-0.048271
996,1776231731742,13.298704,-421.8254,53.0765,459.4851,0.376329,-0.610951,0.596637,0.359361,0.970436,-1.575450,1.538540,-0.420790,0.053725,0.457466,-0.748588,3.046262,-0.048305
997,1776231731753,13.309816,-421.9445,53.0499,459.4955,0.376244,-0.610933,0.596716,0.359347,0.970223,-1.575416,1.538755,-0.420909,0.053698,0.457476,-0.748345,3.046301,-0.048353
998,1776231731764,13.320927,-421.9976,53.0311,459.5017,0.376303,-0.611033,0.596598,0.359314,0.970389,-1.575696,1.538472,-0.420962,0.053679,0.457482,-0.748179,3.046326,-0.048313
999,1776231731776,13.332038,-422.0798,52.9456,459.5561,0.376318,-0.610962,0.596627,0.359370,0.970401,-1.575472,1.538507,-0.421044,0.053593,0.457536,-0.748154,3.046441,-0.048219
1000,1776231731787,13.343149,-422.1329,52.9107,459.5493,0.376279,-0.610992,0.596623,0.359367,0.970302,-1.575551,1.538500,-0.421097,0.053558,0.457529,-0.748131,3.046431,-0.048249
1001,1776231731798,13.354260,-422.1791,52.8450,459.5675,0.376324,-0.610982,0.596694,0.359219,0.970487,-1.575639,1.538790,-0.421143,0.053492,0.457547,-0.748109,3.046422,-0.048252
1002,1776231731809,13.365372,-422.2555,52.7213,459.5800,0.376464,-0.610924,0.596650,0.359243,0.970838,-1.575472,1.538659,-0.421219,0.053368,0.457559,-0.748228,3.046428,-0.048262
1003,1776231731820,13.376483,-422.2988,52.6554,459.5823,0.376352,-0.610998,0.596631,0.359267,0.970538,-1.575642,1.538592,-0.421262,0.053302,0.457561,-0.748144,3.046403,-0.048320
1004,1776231731831,13.387594,-422.3321,52.5696,459.5875,0.376359,-0.610917,0.596691,0.359297,0.970541,-1.575413,1.538726,-0.421295,0.053216,0.457566,-0.748193,3.046446,-0.048338
1005,1776231731842,13.398705,-422.3997,52.4099,459.6031,0.376346,-0.610888,0.596678,0.359382,0.970468,-1.575272,1.538631,-0.421362,0.053056,0.457581,-0.748291,3.046467,-0.048470
1006,1776231731853,13.409816,-422.4370,52.3310,459.5914,0.376223,-0.610937,0.596657,0.359462,0.970114,-1.575340,1.538516,-0.421399,0.052977,0.457569,-0.748219,3.046488,-0.048473
1007,1776231731864,13.420928,-422.4837,52.1262,459.6049,0.376366,-0.610866,0.596753,0.359273,0.970571,-1.575299,1.538903,-0.421445,0.052772,0.457582,-0.748297,3.046642,-0.048482
1008,1776231731876,13.432039,-422.5192,52.0143,459.5943,0.376339,-0.610772,0.596821,0.359348,0.970467,-1.575001,1.539023,-0.421480,0.052660,0.457571,-0.748336,3.046644,-0.048476
1009,1776231731887,13.443150,-422.5586,51.9134,459.5696,0.376366,-0.610803,0.596825,0.359261,0.970575,-1.575145,1.539098,-0.421519,0.052559,0.457546,-0.748318,3.046585,-0.048597
1010,1776231731898,13.454261,-422.6074,51.7175,459.5502,0.376304,-0.610756,0.596911,0.359263,0.970415,-1.575022,1.539317,-0.421567,0.052363,0.457526,-0.748188,3.046696,-0.048727
1011,1776231731909,13.465373,-422.6318,51.5966,459.5536,0.376218,-0.610698,0.596939,0.359406,0.970126,-1.574763,1.539284,-0.421591,0.052242,0.457529,-0.748176,3.046721,-0.048640
1012,1776231731920,13.476484,-422.6738,51.3337,459.5343,0.376345,-0.610759,0.596824,0.359360,0.970475,-1.574956,1.539022,-0.421632,0.051979,0.457509,-0.748294,3.046648,-0.048676
1013,1776231731931,13.487595,-422.6893,51.1948,459.5406,0.376364,-0.610901,0.596701,0.359303,0.970550,-1.575366,1.538746,-0.421647,0.051840,0.457515,-0.748229,3.046622,-0.048678
1014,1776231731942,13.498706,-422.6989,51.0298,459.5561,0.376432,-0.610848,0.596741,0.359255,0.970749,-1.575266,1.538885,-0.421656,0.051675,0.457530,-0.748485,3.046642,-0.048663
1015,1776231731953,13.509817,-422.7239,50.7629,459.5567,0.376374,-0.610927,0.596738,0.359186,0.970630,-1.575522,1.538929,-0.421680,0.051408,0.457530,-0.748426,3.046727,-0.048775
1016,1776231731964,13.520929,-422.7444,50.6160,459.5561,0.376227,-0.610865,0.596814,0.359320,0.970190,-1.575260,1.539025,-0.421700,0.051261,0.457529,-0.748401,3.046711,-0.048756
1017,1776231731976,13.532040,-422.7680,50.4701,459.5465,0.376220,-0.610870,0.596853,0.359253,0.970203,-1.575325,1.539177,-0.421723,0.051115,0.457519,-0.748335,3.046685,-0.048824
1018,1776231731987,13.543151,-422.8063,50.1412,459.5364,0.376331,-0.610823,0.596859,0.359206,0.970511,-1.575238,1.539227,-0.421760,0.050786,0.457508,-0.748228,3.046638,-0.048787
1019,1776231731998,13.554262,-422.8199,49.9643,459.5499,0.376295,-0.610908,0.596827,0.359152,0.970444,-1.575497,1.539184,-0.421773,0.050609,0.457521,-0.748195,3.046665,-0.048788
1020,1776231732009,13.565373,-422.8443,49.5764,459.5638,0.376253,-0.610881,0.596870,0.359172,0.970325,-1.575413,1.539280,-0.421796,0.050221,0.457534,-0.748215,3.046595,-0.048806
1021,1776231732020,13.576485,-422.8359,49.3845,459.6093,0.376254,-0.610881,0.596865,0.359179,0.970325,-1.575407,1.539262,-0.421787,0.050029,0.457579,-0.748212,3.046654,-0.048764
1022,1776231732031,13.587596,-422.8376,49.1805,459.6298,0.376173,-0.610901,0.596911,0.359154,0.970129,-1.575477,1.539400,-0.421788,0.049825,0.457599,-0.748256,3.046673,-0.048660
1023,1776231732042,13.598707,-422.8652,48.7806,459.6098,0.376168,-0.610835,0.596963,0.359185,0.970101,-1.575284,1.539509,-0.421814,0.049425,0.457578,-0.748187,3.046562,-0.048766
1024,1776231732053,13.609819,-422.8539,48.5506,459.6473,0.376166,-0.610859,0.596950,0.359168,0.970104,-1.575359,1.539488,-0.421802,0.049195,0.457615,-0.748210,3.046583,-0.048754
1025,1776231732064,13.620930,-422.8706,48.0947,459.6454,0.376346,-0.610858,0.596910,0.359048,0.970623,-1.575447,1.539475,-0.421817,0.048739,0.457612,-0.748202,3.046553,-0.048773
1026,1776231732076,13.632041,-422.8686,47.8397,459.6550,0.376175,-0.610833,0.596953,0.359198,0.970112,-1.575270,1.539474,-0.421814,0.048484,0.457621,-0.748172,3.046592,-0.048772
1027,1776231732087,13.643152,-422.8676,47.5647,459.6597,0.376473,-0.610767,0.596918,0.359056,0.970948,-1.575206,1.539489,-0.421812,0.048209,0.457625,-0.748278,3.046564,-0.048832
1028,1776231732098,13.654263,-422.8786,47.0277,459.6670,0.376309,-0.610841,0.596881,0.359163,0.970474,-1.575315,1.539314,-0.421821,0.047672,0.457631,-0.748266,3.046523,-0.048854
1029,1776231732109,13.665375,-422.8986,46.7688,459.6536,0.376539,-0.610894,0.596826,0.358922,0.971180,-1.575634,1.539350,-0.421840,0.047413,0.457617,-0.748261,3.046437,-0.048957
1030,1776231732120,13.676486,-422.8936,46.2108,459.6810,0.376514,-0.610860,0.596826,0.359007,0.971077,-1.575482,1.539289,-0.421833,0.046855,0.457643,-0.748233,3.046480,-0.048891
1031,1776231732131,13.687597,-422.8926,45.9269,459.7016,0.376698,-0.610742,0.596936,0.358832,0.971631,-1.575309,1.539701,-0.421831,0.046571,0.457663,-0.748270,3.046486,-0.049019
1032,1776231732142,13.698709,-422.8897,45.6378,459.6903,0.376405,-0.610771,0.596845,0.359241,0.970686,-1.575077,1.539165,-0.421827,0.046282,0.457651,-0.748235,3.046502,-0.048927
1033,1776231732153,13.709820,-422.8890,44.9919,459.7308,0.376446,-0.610727,0.596917,0.359155,0.970832,-1.575027,1.539412,-0.421824,0.045636,0.457690,-0.748366,3.046482,-0.048811
1034,1776231732164,13.720931,-422.9020,44.7259,459.7135,0.376624,-0.610764,0.596914,0.358909,0.971404,-1.575310,1.539586,-0.421836,0.045370,0.457672,-0.748175,3.046431,-0.048986
1035,1776231732176,13.732042,-422.9185,44.0879,459.6811,0.376664,-0.610760,0.596980,0.358764,0.971574,-1.575408,1.539863,-0.421850,0.044732,0.457638,-0.748292,3.046371,-0.049073
1036,1776231732187,13.743153,-422.9356,43.7889,459.6738,0.376566,-0.610818,0.596951,0.358816,0.971299,-1.575519,1.539749,-0.421866,0.044433,0.457630,-0.748191,3.046293,-0.049206
1037,1776231732198,13.754265,-422.9308,43.4759,459.6745,0.376246,-0.610811,0.596924,0.359209,0.970291,-1.575204,1.539392,-0.421860,0.044120,0.457630,-0.748163,3.046331,-0.049132
1038,1776231732209,13.765376,-422.9292,42.8150,459.6931,0.376266,-0.610713,0.597040,0.359162,0.970363,-1.574986,1.539725,-0.421856,0.043459,0.457647,-0.748152,3.046365,-0.049057
1039,1776231732220,13.776487,-422.9292,42.8150,459.6931,0.376318,-0.610781,0.596923,0.359185,0.970487,-1.575145,1.539407,-0.421856,0.043459,0.457647,-0.748152,3.046365,-0.049057
1040,1776231732231,13.787598,-422.9397,42.1400,459.6937,0.376313,-0.610753,0.596941,0.359210,0.970462,-1.575054,1.539433,-0.421864,0.042784,0.457646,-0.748097,3.046376,-0.048968
1041,1776231732242,13.798710,-422.9363,41.4320,459.7004,0.376196,-0.610776,0.596925,0.359320,0.970110,-1.575029,1.539311,-0.421858,0.042076,0.457651,-0.748171,3.046450,-0.048960
1042,1776231732253,13.809821,-422.9526,41.1090,459.6882,0.376258,-0.610810,0.596914,0.359215,0.970320,-1.575197,1.539361,-0.421873,0.041753,0.457638,-0.748046,3.046430,-0.049078
1043,1776231732264,13.820932,-422.9612,40.3900,459.6889,0.376193,-0.610755,0.596974,0.359276,0.970124,-1.575011,1.539470,-0.421879,0.041034,0.457637,-0.748119,3.046406,-0.048947
1044,1776231732276,13.832043,-422.9706,40.0400,459.6808,0.376248,-0.610757,0.596948,0.359258,0.970274,-1.575028,1.539418,-0.421887,0.040684,0.457628,-0.748065,3.046368,-0.049063
1045,1776231732287,13.843154,-422.9559,39.6600,459.6917,0.376012,-0.610769,0.596894,0.359574,0.969519,-1.574821,1.539046,-0.421871,0.040304,0.457638,-0.748142,3.046433,-0.048975
1046,1776231732298,13.854266,-422.9716,38.9400,459.6824,0.376303,-0.610601,0.597016,0.359352,0.970371,-1.574557,1.539525,-0.421884,0.039584,0.457627,-0.748308,3.046345,-0.049132
1047,1776231732309,13.865377,-422.9630,38.5710,459.6833,0.376141,-0.610880,0.596752,0.359486,0.969890,-1.575174,1.538745,-0.421874,0.039215,0.457627,-0.748296,3.046376,-0.049055
1048,1776231732320,13.876488,-422.9523,38.2230,459.6961,0.376347,-0.610834,0.596861,0.359169,0.970570,-1.575294,1.539258,-0.421862,0.038867,0.457639,-0.748261,3.046390,-0.049026
1049,1776231732331,13.887599,-422.9430,37.4900,459.7058,0.376179,-0.610820,0.596898,0.359308,0.970072,-1.575152,1.539251,-0.421850,0.038134,0.457647,-0.748299,3.046462,-0.048893
1050,1776231732342,13.898711,-422.9513,37.1510,459.6976,0.376158,-0.610844,0.596872,0.359332,0.970006,-1.575195,1.539166,-0.421857,0.037795,0.457638,-0.748191,3.046419,-0.048895
1051,1776231732353,13.909822,-422.9631,36.4140,459.6804,0.376204,-0.610903,0.596801,0.359300,0.970140,-1.575373,1.539007,-0.421866,0.037058,0.457619,-0.748141,3.046453,-0.048863
1052,1776231732364,13.920933,-422.9624,36.0560,459.6862,0.376196,-0.610899,0.596850,0.359235,0.970150,-1.575411,1.539181,-0.421864,0.036700,0.457624,-0.748033,3.046413,-0.048836
1053,1776231732376,13.932045,-422.9482,35.3020,459.6970,0.376068,-0.610883,0.596883,0.359342,0.969769,-1.575289,1.539186,-0.421847,0.035946,0.457633,-0.747962,3.046512,-0.048699
1054,1776231732387,13.943156,-422.9624,34.9670,459.6848,0.376103,-0.610900,0.596893,0.359260,0.969899,-1.575395,1.539273,-0.421860,0.035611,0.457620,-0.747892,3.046475,-0.048773
1055,1776231732398,13.954267,-422.9519,34.5730,459.6987,0.376068,-0.610908,0.596874,0.359313,0.969783,-1.575376,1.539187,-0.421848,0.035217,0.457633,-0.747906,3.046521,-0.048607
1056,1776231732409,13.965378,-422.9598,33.8030,459.6916,0.376162,-0.610929,0.596885,0.359161,0.970097,-1.575544,1.539326,-0.421853,0.034447,0.457624,-0.747906,3.046461,-0.048698
1057,1776231732420,13.976489,-422.9683,33.4140,459.6725,0.376036,-0.610942,0.596865,0.359304,0.969705,-1.575472,1.539169,-0.421860,0.034058,0.457604,-0.747908,3.046471,-0.048680
1058,1776231732431,13.987601,-422.9707,33.0200,459.6865,0.376288,-0.610952,0.596820,0.359097,0.970451,-1.575653,1.539206,-0.421861,0.033664,0.457617,-0.748006,3.046471,-0.048628
1059,1776231732442,13.998712,-422.9665,32.2470,459.6973,0.376184,-0.611024,0.596701,0.359283,0.970097,-1.575698,1.538761,-0.421854,0.032891,0.457626,-0.748074,3.046520,-0.048597
1060,1776231732453,14.009823,-422.9901,31.8600,459.6673,0.376258,-0.611029,0.596667,0.359252,0.970301,-1.575734,1.538698,-0.421876,0.032504,0.457595,-0.748022,3.046476,-0.048665
1061,1776231732464,14.020934,-423.0101,31.0740,459.6302,0.376266,-0.611023,0.596585,0.359389,0.970260,-1.575615,1.538386,-0.421893,0.031718,0.457556,-0.748094,3.046376,-0.048601
1062,1776231732476,14.032045,-423.0116,30.6670,459.6391,0.376401,-0.611011,0.596603,0.359239,0.970676,-1.575698,1.538541,-0.421893,0.031311,0.457564,-0.748122,3.046336,-0.048624
1063,1776231732487,14.043157,-423.0310,30.2940,459.6011,0.376312,-0.610992,0.596621,0.359335,0.970402,-1.575577,1.538518,-0.421911,0.030938,0.457525,-0.748066,3.046283,-0.048704
1064,1776231732498,14.054268,-423.0380,29.5110,459.5920,0.376403,-0.611087,0.596559,0.359181,0.970708,-1.575937,1.538470,-0.421915,0.030155,0.457514,-0.748041,3.046266,-0.048668
1065,1776231732509,14.065379,-423.0385,29.1150,459.5909,0.376378,-0.610993,0.596684,0.359161,0.970653,-1.575709,1.538807,-0.421914,0.029759,0.457512,-0.747998,3.046245,-0.048622
1066,1776231732520,14.076490,-423.0244,28.3149,459.5948,0.376373,-0.611156,0.596507,0.359182,0.970630,-1.576114,1.538335,-0.421897,0.028959,0.457514,-0.747980,3.046270,-0.048696
1067,1776231732531,14.087601,-423.0399,27.9120,459.5898,0.376406,-0.611144,0.596502,0.359175,0.970720,-1.576089,1.538328,-0.421911,0.028556,0.457508,-0.747984,3.046204,-0.048639
1068,1776231732542,14.098712,-423.0255,27.5009,459.5977,0.376320,-0.611065,0.596574,0.359282,0.970448,-1.575804,1.538434,-0.421895,0.028145,0.457515,-0.748008,3.046220,-0.048543
1069,1776231732553,14.109824,-423.0385,26.6929,459.5836,0.376390,-0.611106,0.596512,0.359240,0.970649,-1.575941,1.538307,-0.421905,0.027337,0.457499,-0.748038,3.046110,-0.048536
1070,1776231732564,14.120935,-423.0460,26.2900,459.5926,0.376380,-0.611150,0.596545,0.359121,0.970678,-1.576145,1.538479,-0.421911,0.026934,0.457507,-0.747965,3.046138,-0.048514
1071,1776231732576,14.132046,-423.0750,25.4860,459.5696,0.376340,-0.611193,0.596483,0.359194,0.970540,-1.576200,1.538265,-0.421937,0.026130,0.457482,-0.748040,3.046052,-0.048516
1072,1776231732587,14.143158,-423.0845,25.0960,459.5596,0.376301,-0.611238,0.596423,0.359257,0.970410,-1.576270,1.538064,-0.421945,0.025740,0.457471,-0.748047,3.046021,-0.048623
1073,1776231732598,14.154269,-423.0708,24.7200,459.5864,0.376280,-0.611161,0.596521,0.359248,0.970360,-1.576076,1.538323,-0.421930,0.025364,0.457497,-0.748013,3.046117,-0.048577
1074,1776231732609,14.165380,-423.0819,23.8861,459.5974,0.376287,-0.611109,0.596504,0.359356,0.970329,-1.575863,1.538201,-0.421938,0.024530,0.457506,-0.748191,3.046049,-0.048472
1075,1776231732620,14.176491,-423.0752,23.5141,459.6253,0.376377,-0.611245,0.596468,0.359091,0.970684,-1.576412,1.538301,-0.421930,0.024158,0.457533,-0.748011,3.046099,-0.048369
1076,1776231732631,14.187602,-423.0717,23.1071,459.6282,0.376381,-0.611306,0.596431,0.359043,0.970717,-1.576606,1.538243,-0.421925,0.023751,0.457535,-0.748093,3.046113,-0.048308
1077,1776231732642,14.198713,-423.0676,22.3232,459.6551,0.376144,-0.611228,0.596501,0.359309,0.969982,-1.576203,1.538227,-0.421918,0.022967,0.457560,-0.747926,3.046218,-0.048161
1078,1776231732653,14.209825,-423.0811,21.9252,459.6351,0.376385,-0.611238,0.596510,0.359023,0.970735,-1.576447,1.538461,-0.421930,0.022569,0.457539,-0.747981,3.046144,-0.048297
1079,1776231732664,14.220936,-423.0930,21.1442,459.6340,0.376321,-0.611233,0.596440,0.359216,0.970481,-1.576288,1.538137,-0.421939,0.021788,0.457536,-0.747956,3.046125,-0.048259
1080,1776231732676,14.232047,-423.1116,20.7382,459.6120,0.376205,-0.611091,0.596602,0.359310,0.970140,-1.575850,1.538487,-0.421956,0.021382,0.457513,-0.747966,3.046087,-0.048238
1081,1776231732687,14.243158,-423.1101,20.3452,459.6189,0.376329,-0.611132,0.596539,0.359216,0.970501,-1.576026,1.538393,-0.421953,0.020989,0.457519,-0.747951,3.046122,-0.048351
1082,1776231732698,14.254269,-423.1109,19.5573,459.6438,0.376426,-0.611226,0.596391,0.359199,0.970760,-1.576282,1.538024,-0.421951,0.020201,0.457542,-0.747766,3.046147,-0.048174
1083,1776231732709,14.265381,-423.1496,19.1333,459.5959,0.376464,-0.611282,0.596376,0.359089,0.970908,-1.576510,1.538067,-0.421988,0.019777,0.457493,-0.747858,3.045990,-0.048308
1084,1776231732720,14.276492,-423.1496,19.1333,459.5959,0.376495,-0.611336,0.596277,0.359129,0.970970,-1.576618,1.537783,-0.421988,0.019777,0.457493,-0.747858,3.045990,-0.048308
1085,1776231732731,14.287603,-423.1702,17.9243,459.5838,0.376382,-0.611251,0.596427,0.359142,0.970672,-1.576390,1.538160,-0.422004,0.018568,0.457478,-0.747906,3.045976,-0.048474
1086,1776231732742,14.298714,-423.1637,17.4954,459.5998,0.376335,-0.611301,0.596373,0.359197,0.970526,-1.576476,1.537980,-0.421996,0.018139,0.457493,-0.747964,3.045973,-0.048387
1087,1776231732753,14.309826,-423.1526,16.6914,459.6287,0.376416,-0.611295,0.596325,0.359202,0.970731,-1.576458,1.537851,-0.421982,0.017335,0.457520,-0.747940,3.046025,-0.048238
1088,1776231732764,14.320937,-423.1602,16.2874,459.6266,0.376442,-0.611278,0.596384,0.359105,0.970845,-1.576486,1.538076,-0.421988,0.016931,0.457517,-0.748006,3.045990,-0.048333
1089,1776231732776,14.332048,-423.1426,15.8884,459.6526,0.376340,-0.611312,0.596366,0.359185,0.970544,-1.576513,1.537969,-0.421969,0.016532,0.457542,-0.747923,3.046045,-0.048269
1090,1776231732787,14.343159,-423.1486,15.0824,459.6565,0.376417,-0.611229,0.596450,0.359105,0.970781,-1.576361,1.538246,-0.421972,0.015726,0.457544,-0.747955,3.046090,-0.048135
1091,1776231732798,14.354270,-423.1581,14.6924,459.6404,0.376407,-0.611391,0.596314,0.359066,0.970774,-1.576807,1.537924,-0.421980,0.015336,0.457527,-0.747963,3.046048,-0.048141
1092,1776231732809,14.365382,-423.1711,13.8884,459.6294,0.376524,-0.611351,0.596243,0.359130,0.971045,-1.576656,1.537695,-0.421990,0.014532,0.457514,-0.747962,3.045988,-0.048239
1093,1776231732820,14.376493,-423.1686,13.4774,459.6283,0.376320,-0.611245,0.596426,0.359221,0.970475,-1.576313,1.538098,-0.421986,0.014121,0.457512,-0.748010,3.046106,-0.048198
1094,1776231732831,14.387604,-423.1601,13.0724,459.6343,0.376474,-0.611319,0.596315,0.359117,0.970921,-1.576583,1.537888,-0.421976,0.013716,0.457517,-0.748005,3.046088,-0.048184
1095,1776231732842,14.398715,-423.1601,12.2633,459.6242,0.376279,-0.611422,0.596171,0.359386,0.970294,-1.576646,1.537319,-0.421973,0.012907,0.457505,-0.747945,3.046144,-0.048017
1096,1776231732853,14.409826,-423.1858,11.8414,459.6053,0.376365,-0.611379,0.596242,0.359250,0.970578,-1.576639,1.537603,-0.421997,0.012485,0.457485,-0.748045,3.046007,-0.048062
1097,1776231732864,14.420938,-423.1768,11.0413,459.5871,0.376380,-0.611444,0.596187,0.359216,0.970634,-1.576831,1.537486,-0.421985,0.011685,0.457465,-0.748052,3.046047,-0.048048
1098,1776231732876,14.432049,-423.1744,10.6283,459.5741,0.376447,-0.611442,0.596221,0.359090,0.970864,-1.576922,1.537667,-0.421981,0.011272,0.457451,-0.748020,3.046011,-0.048118
1099,1776231732887,14.443160,-423.1638,10.2492,459.5700,0.376187,-0.611388,0.596251,0.359406,0.970047,-1.576545,1.537512,-0.421969,0.010893,0.457446,-0.748029,3.046047,-0.048142
1100,1776231732898,14.454271,-423.1598,9.4432,459.5649,0.376353,-0.611467,0.596220,0.359150,0.970594,-1.576941,1.537618,-0.421962,0.010087,0.457439,-0.747885,3.046022,-0.048086
1101,1776231732909,14.465383,-423.1744,9.0312,459.5319,0.376228,-0.611390,0.596278,0.359315,0.970195,-1.576617,1.537648,-0.421975,0.009675,0.457405,-0.747916,3.045997,-0.048153
1102,1776231732920,14.476494,-423.1633,8.2591,459.5277,0.376455,-0.611357,0.596310,0.359079,0.970891,-1.576711,1.537905,-0.421961,0.008903,0.457399,-0.747701,3.046011,-0.048230
1103,1776231732931,14.487605,-423.1648,7.8521,459.5107,0.376591,-0.611525,0.596110,0.358983,0.971287,-1.577216,1.537459,-0.421961,0.008496,0.457381,-0.747740,3.046016,-0.048227
1104,1776231732942,14.498716,-423.1583,7.4480,459.5146,0.376589,-0.611505,0.596182,0.358899,0.971320,-1.577229,1.537706,-0.421953,0.008092,0.457384,-0.747707,3.045961,-0.048165
1105,1776231732953,14.509828,-423.1484,6.6350,459.5145,0.376418,-0.611453,0.596262,0.359037,0.970814,-1.576989,1.537810,-0.421940,0.007279,0.457382,-0.747758,3.045951,-0.048248
1106,1776231732964,14.520939,-423.1430,6.2139,459.5045,0.376661,-0.611594,0.596041,0.358907,0.971502,-1.577450,1.537337,-0.421933,0.006858,0.457371,-0.747786,3.045909,-0.048267
1107,1776231732976,14.532050,-423.1258,5.4319,459.5133,0.376574,-0.611405,0.596277,0.358928,0.971267,-1.576947,1.537930,-0.421913,0.006076,0.457378,-0.747731,3.045937,-0.048298
1108,1776231732987,14.543161,-423.1374,5.0309,459.4853,0.376540,-0.611414,0.596298,0.358914,0.971187,-1.576981,1.537995,-0.421923,0.005675,0.457349,-0.747749,3.045878,-0.048462
1109,1776231732998,14.554272,-423.1088,4.6189,459.5292,0.376638,-0.611347,0.596285,0.358948,0.971422,-1.576783,1.537936,-0.421893,0.005263,0.457392,-0.747791,3.045962,-0.048371
1110,1776231733009,14.565384,-423.1098,3.8158,459.5251,0.376619,-0.611537,0.596130,0.358901,0.971396,-1.577310,1.537570,-0.421891,0.004460,0.457386,-0.747834,3.045916,-0.048424
1111,1776231733020,14.576495,-423.0922,3.4259,459.5570,0.376752,-0.611457,0.596177,0.358819,0.971776,-1.577165,1.537752,-0.421872,0.004070,0.457417,-0.747825,3.046035,-0.048357
1112,1776231733031,14.587606,-423.0846,3.0408,459.5699,0.376706,-0.611567,0.596084,0.358835,0.971652,-1.577435,1.537499,-0.421863,0.003685,0.457429,-0.747794,3.046070,-0.048389
1113,1776231733042,14.598717,-423.0826,2.2459,459.5818,0.376526,-0.611494,0.596271,0.358838,0.971186,-1.577244,1.537980,-0.421858,0.002890,0.457439,-0.747657,3.046070,-0.048330
1114,1776231733053,14.609829,-423.0820,1.8619,459.5887,0.376542,-0.611546,0.596200,0.358851,0.971219,-1.577370,1.537786,-0.421856,0.002506,0.457445,-0.747575,3.046151,-0.048457
1115,1776231733064,14.620940,-423.0840,1.0369,459.6047,0.376522,-0.611471,0.596319,0.358801,0.971192,-1.577215,1.538131,-0.421855,0.001681,0.457459,-0.747482,3.046160,-0.048378
1116,1776231733076,14.632051,-423.0825,0.6329,459.6166,0.376539,-0.611545,0.596180,0.358888,0.971195,-1.577339,1.537709,-0.421852,0.001277,0.457470,-0.747485,3.046173,-0.048335
1117,1776231733087,14.643162,-423.0750,0.2199,459.6266,0.376582,-0.611623,0.596120,0.358810,0.971344,-1.577598,1.537611,-0.421843,0.000864,0.457479,-0.747432,3.046199,-0.048331
1118,1776231733098,14.654273,-423.0936,-0.1921,459.6036,0.376572,-0.611637,0.596122,0.358794,0.971325,-1.577647,1.537628,-0.421860,0.000452,0.457455,-0.747523,3.046108,-0.048378
1119,1776231733109,14.665384,-423.0935,-0.9671,459.5905,0.376660,-0.611668,0.596095,0.358692,0.971597,-1.577805,1.537634,-0.421857,-0.000323,0.457440,-0.747398,3.046090,-0.048438
1120,1776231733120,14.676496,-423.0931,-1.3881,459.5905,0.376610,-0.611650,0.596110,0.358750,0.971441,-1.577714,1.537630,-0.421855,-0.000744,0.457439,-0.747390,3.046061,-0.048471
1121,1776231733131,14.687607,-423.0701,-2.2181,459.6244,0.376693,-0.611597,0.596079,0.358805,0.971631,-1.577536,1.537510,-0.421829,-0.001574,0.457471,-0.747533,3.046102,-0.048449
1122,1776231733142,14.698718,-423.0606,-2.6172,459.6303,0.376639,-0.611583,0.596152,0.358765,0.971510,-1.577531,1.537726,-0.421818,-0.001973,0.457476,-0.747438,3.046124,-0.048564
1123,1776231733153,14.709829,-423.0490,-3.0321,459.6513,0.376651,-0.611653,0.596081,0.358751,0.971547,-1.577721,1.537555,-0.421805,-0.002388,0.457496,-0.747511,3.046173,-0.048436
1124,1776231733164,14.720941,-423.0411,-3.8512,459.6522,0.376636,-0.611670,0.596090,0.358724,0.971521,-1.577784,1.537596,-0.421794,-0.003207,0.457495,-0.747384,3.046143,-0.048458
1125,1776231733176,14.732052,-423.0340,-4.6502,459.6631,0.376641,-0.611575,0.596199,0.358699,0.971546,-1.577559,1.537897,-0.421784,-0.004006,0.457504,-0.747386,3.046163,-0.048483
1126,1776231733187,14.743163,-423.0215,-5.0372,459.6730,0.376703,-0.611548,0.596181,0.358709,0.971703,-1.577482,1.537844,-0.421770,-0.004393,0.457513,-0.747418,3.046214,-0.048448
1127,1776231733198,14.754274,-423.0310,-5.4322,459.6509,0.376717,-0.611569,0.596198,0.358631,0.971775,-1.577594,1.537945,-0.421778,-0.004788,0.457490,-0.747274,3.046191,-0.048522
1128,1776231733209,14.765386,-423.0250,-6.2423,459.6488,0.376720,-0.611551,0.596166,0.358712,0.971744,-1.577488,1.537802,-0.421769,-0.005598,0.457486,-0.747352,3.046138,-0.048633
1129,1776231733220,14.776497,-423.0245,-6.6513,459.6498,0.376689,-0.611556,0.596180,0.358712,0.971664,-1.577502,1.537838,-0.421767,-0.006007,0.457486,-0.747297,3.046142,-0.048523
1130,1776231733231,14.787608,-423.0131,-7.0713,459.6658,0.376678,-0.611569,0.596187,0.358689,0.971647,-1.577551,1.537873,-0.421754,-0.006427,0.457501,-0.747246,3.046166,-0.048477
1131,1776231733242,14.798719,-423.0090,-7.8603,459.6626,0.376730,-0.611480,0.596255,0.358674,0.971787,-1.577333,1.538059,-0.421747,-0.007216,0.457496,-0.747169,3.046113,-0.048595
1132,1776231733253,14.809831,-423.0186,-8.2763,459.6396,0.376699,-0.611470,0.596273,0.358694,0.971700,-1.577291,1.538092,-0.421755,-0.007632,0.457472,-0.747205,3.046039,-0.048655
1133,1776231733264,14.820942,-423.0137,-9.1114,459.6366,0.376815,-0.611414,0.596284,0.358650,0.972017,-1.577181,1.538152,-0.421747,-0.008467,0.457467,-0.747232,3.045925,-0.048672
1134,1776231733276,14.832053,-423.0082,-9.5184,459.6376,0.376831,-0.611477,0.596258,0.358568,0.972096,-1.577405,1.538144,-0.421740,-0.008874,0.457467,-0.747181,3.045890,-0.048738
1135,1776231733287,14.843164,-422.9926,-9.8934,459.6604,0.376791,-0.611423,0.596314,0.358609,0.971975,-1.577235,1.538261,-0.421723,-0.009249,0.457489,-0.747192,3.046017,-0.048752
1136,1776231733298,14.854275,-423.0096,-10.6914,459.6344,0.376830,-0.611520,0.596235,0.358535,0.972111,-1.577540,1.538110,-0.421737,-0.010047,0.457461,-0.747093,3.045806,-0.048932
1137,1776231733309,14.865387,-423.0051,-11.0914,459.6383,0.376752,-0.611525,0.596250,0.358582,0.971887,-1.577519,1.538115,-0.421731,-0.010447,0.457464,-0.747065,3.045771,-0.048891
1138,1776231733320,14.876498,-422.9961,-11.9124,459.6512,0.376839,-0.611383,0.596434,0.358427,0.972184,-1.577268,1.538702,-0.421719,-0.011268,0.457475,-0.747080,3.045779,-0.049062
1139,1776231733331,14.887609,-423.0067,-12.3095,459.6242,0.376846,-0.611416,0.596373,0.358464,0.972185,-1.577325,1.538519,-0.421728,-0.011665,0.457447,-0.747058,3.045692,-0.049037
1140,1776231733342,14.898720,-422.9962,-12.7294,459.6542,0.376801,-0.611454,0.596311,0.358550,0.972028,-1.577360,1.538296,-0.421716,-0.012085,0.457476,-0.747072,3.045740,-0.048942
1141,1776231733353,14.909832,-422.9981,-13.5274,459.6481,0.377072,-0.611459,0.596297,0.358280,0.972852,-1.577576,1.538459,-0.421715,-0.012883,0.457468,-0.747205,3.045682,-0.049127
1142,1776231733364,14.920943,-423.0126,-13.9284,459.6451,0.376711,-0.611524,0.596270,0.358594,0.971776,-1.577506,1.538159,-0.421728,-0.013284,0.457464,-0.747118,3.045721,-0.049098
1143,1776231733376,14.932054,-423.0176,-14.7254,459.6460,0.376928,-0.611406,0.596320,0.358483,0.972386,-1.577287,1.538368,-0.421730,-0.014081,0.457463,-0.747112,3.045625,-0.049065
1144,1776231733387,14.943165,-423.0151,-15.1264,459.6569,0.376748,-0.611419,0.596328,0.358637,0.971851,-1.577204,1.538274,-0.421726,-0.014482,0.457473,-0.747189,3.045619,-0.049024
1145,1776231733398,14.954277,-423.0275,-15.5014,459.6458,0.376912,-0.611404,0.596402,0.358368,0.972399,-1.577366,1.538665,-0.421737,-0.014857,0.457461,-0.747076,3.045560,-0.049015
1146,1776231733409,14.965388,-423.0124,-16.3123,459.6807,0.376783,-0.611365,0.596337,0.358679,0.971922,-1.577032,1.538266,-0.421719,-0.015668,0.457494,-0.747097,3.045557,-0.048904
1147,1776231733420,14.976499,-423.0149,-16.6963,459.6836,0.376816,-0.611481,0.596308,0.358494,0.972092,-1.577470,1.538329,-0.421720,-0.016052,0.457496,-0.746975,3.045544,-0.048902
1148,1776231733431,14.987610,-423.0153,-17.0893,459.6906,0.376784,-0.611530,0.596290,0.358474,0.972021,-1.577612,1.538298,-0.421719,-0.016445,0.457502,-0.746902,3.045559,-0.048891
1149,1776231733442,14.998722,-423.0082,-17.8694,459.6864,0.376939,-0.611536,0.596252,0.358364,0.972472,-1.577710,1.538279,-0.421709,-0.017225,0.457496,-0.746901,3.045480,-0.048824
1150,1776231733453,15.009833,-423.0137,-18.2723,459.6974,0.377141,-0.611467,0.596228,0.358308,0.973017,-1.577577,1.538261,-0.421713,-0.017628,0.457506,-0.746942,3.045411,-0.048774
1151,1776231733464,15.020944,-423.0187,-19.0743,459.6843,0.376795,-0.611465,0.596362,0.358454,0.972057,-1.577459,1.538497,-0.421715,-0.018430,0.457491,-0.746859,3.045398,-0.048810
1152,1776231733476,15.032056,-423.0262,-19.4653,459.6822,0.376914,-0.611456,0.596299,0.358449,0.972366,-1.577441,1.538338,-0.421721,-0.018821,0.457488,-0.746947,3.045377,-0.048862
1153,1776231733487,15.043167,-423.0317,-19.8623,459.6642,0.376936,-0.611409,0.596298,0.358507,0.972396,-1.577277,1.538293,-0.421725,-0.019218,0.457469,-0.746988,3.045322,-0.048945
1154,1776231733498,15.054278,-423.0368,-20.6944,459.6452,0.377104,-0.611456,0.596295,0.358255,0.972946,-1.577588,1.538471,-0.421727,-0.020050,0.457448,-0.747027,3.045242,-0.048864
1155,1776231733509,15.065389,-423.0414,-21.1024,459.6482,0.377132,-0.611402,0.596338,0.358246,0.973024,-1.577456,1.538589,-0.421730,-0.020458,0.457450,-0.747119,3.045220,-0.048831
1156,1776231733520,15.076501,-423.0384,-21.9124,459.6321,0.377099,-0.611411,0.596281,0.358361,0.972885,-1.577391,1.538358,-0.421724,-0.021268,0.457432,-0.747114,3.045133,-0.048867
1157,1776231733531,15.087612,-423.0290,-22.3344,459.6481,0.377051,-0.611372,0.596350,0.358362,0.972760,-1.577290,1.538534,-0.421713,-0.021690,0.457447,-0.747317,3.045182,-0.048887
1158,1776231733542,15.098723,-423.0244,-22.7154,459.6510,0.377293,-0.611331,0.596302,0.358256,0.973436,-1.577265,1.538489,-0.421707,-0.022071,0.457449,-0.747210,3.045230,-0.048960
1159,1776231733553,15.109834,-423.0309,-23.1354,459.6420,0.377173,-0.611399,0.596237,0.358376,0.973070,-1.577349,1.538232,-0.421712,-0.022491,0.457439,-0.747225,3.045139,-0.048946
1160,1776231733564,15.120945,-423.0229,-23.9354,459.6678,0.376971,-0.611396,0.596275,0.358531,0.972477,-1.577224,1.538215,-0.421701,-0.023291,0.457463,-0.747169,3.045216,-0.048810
1161,1776231733576,15.132057,-423.0270,-24.7784,459.6679,0.377061,-0.611150,0.596452,0.358560,0.972695,-1.576569,1.538651,-0.421702,-0.024134,0.457461,-0.747318,3.045123,-0.048821
1162,1776231733587,15.143168,-423.0055,-25.1834,459.6838,0.377013,-0.611340,0.596306,0.358530,0.972583,-1.577081,1.538298,-0.421679,-0.024539,0.457476,-0.747301,3.045207,-0.048770
1163,1776231733598,15.154279,-423.0119,-25.5864,459.6977,0.377063,-0.611384,0.596308,0.358399,0.972774,-1.577294,1.538398,-0.421684,-0.024942,0.457489,-0.747333,3.045259,-0.048755
1164,1776231733609,15.165390,-423.0510,-26.3694,459.6567,0.377298,-0.611433,0.596257,0.358152,0.973497,-1.577606,1.538450,-0.421720,-0.025725,0.457446,-0.747278,3.045046,-0.048787
1165,1776231733620,15.176502,-423.0243,-26.7713,459.7066,0.377185,-0.611217,0.596413,0.358381,0.973097,-1.576875,1.538682,-0.421692,-0.026127,0.457495,-0.747379,3.045208,-0.048642
1166,1776231733631,15.187613,-423.0696,-27.0903,459.6574,0.377424,-0.611254,0.596395,0.358097,0.973846,-1.577185,1.538844,-0.421736,-0.026446,0.457445,-0.747154,3.045101,-0.048789
1167,1776231733642,15.198724,-423.0627,-27.9173,459.6684,0.376992,-0.611265,0.596423,0.358484,0.972552,-1.576922,1.538633,-0.421726,-0.027273,0.457454,-0.747334,3.045060,-0.048863
1168,1776231733653,15.209836,-423.0652,-28.3212,459.6884,0.377192,-0.611436,0.596193,0.358366,0.973122,-1.577453,1.538126,-0.421727,-0.027677,0.457473,-0.747428,3.045045,-0.048804
1169,1776231733664,15.220947,-423.0610,-29.0972,459.6982,0.377150,-0.611364,0.596239,0.358457,0.972973,-1.577196,1.538177,-0.421720,-0.028453,0.457481,-0.747444,3.045028,-0.048687
1170,1776231733676,15.232058,-423.0975,-29.4712,459.6642,0.377171,-0.611539,0.596131,0.358316,0.973092,-1.577755,1.538002,-0.421755,-0.028827,0.457446,-0.747332,3.044900,-0.048720
1171,1776231733687,15.243169,-423.0919,-29.8522,459.6661,0.377211,-0.611450,0.596289,0.358163,0.973266,-1.577642,1.538523,-0.421748,-0.029208,0.457447,-0.747248,3.044958,-0.048762
1172,1776231733698,15.254281,-423.1078,-30.6212,459.6519,0.377305,-0.611382,0.596332,0.358108,0.973534,-1.577507,1.538674,-0.421761,-0.029977,0.457431,-0.747223,3.044798,-0.048854
1173,1776231733709,15.265392,-423.0903,-31.0422,459.6649,0.377102,-0.611311,0.596310,0.358479,0.972837,-1.577045,1.538345,-0.421742,-0.030398,0.457443,-0.747310,3.044833,-0.048780
1174,1776231733720,15.276503,-423.0814,-31.8752,459.7028,0.377374,-0.611436,0.596204,0.358156,0.973691,-1.577611,1.538309,-0.421730,-0.031231,0.457479,-0.747398,3.044860,-0.048594
1175,1776231733731,15.287614,-423.0658,-32.2842,459.7188,0.377445,-0.611418,0.596162,0.358183,0.973861,-1.577543,1.538180,-0.421713,-0.031640,0.457494,-0.747368,3.044895,-0.048559
1176,1776231733742,15.298726,-423.0603,-32.6952,459.7457,0.377334,-0.611533,0.596131,0.358154,0.973588,-1.577861,1.538123,-0.421706,-0.032051,0.457520,-0.747427,3.044903,-0.048550
1177,1776231733753,15.309837,-423.0393,-33.5112,459.7676,0.377418,-0.611236,0.596411,0.358107,0.973827,-1.577132,1.538878,-0.421682,-0.032867,0.457540,-0.747483,3.045063,-0.048606
1178,1776231733764,15.320948,-423.0559,-33.9242,459.7496,0.377434,-0.611373,0.596247,0.358129,0.973857,-1.577469,1.538439,-0.421697,-0.033280,0.457521,-0.747489,3.044933,-0.048596
1179,1776231733776,15.332059,-423.0680,-34.7362,459.7156,0.377276,-0.611259,0.596301,0.358400,0.973324,-1.576970,1.538379,-0.421706,-0.034092,0.457485,-0.747423,3.044916,-0.048688
1180,1776231733787,15.343171,-423.0805,-35.1452,459.7076,0.377462,-0.611172,0.596377,0.358226,0.973885,-1.576877,1.538704,-0.421717,-0.034501,0.457476,-0.747533,3.044830,-0.048776
1181,1776231733798,15.354282,-423.0640,-35.5533,459.7155,0.377492,-0.611301,0.596260,0.358169,0.973989,-1.577253,1.538444,-0.421699,-0.034909,0.457483,-0.747457,3.044911,-0.048717
1182,1776231733809,15.365393,-423.0681,-36.3653,459.7125,0.377276,-0.611320,0.596345,0.358222,0.973407,-1.577261,1.538624,-0.421700,-0.035721,0.457478,-0.747400,3.044851,-0.048715
1183,1776231733820,15.376504,-423.0565,-36.7453,459.7083,0.377393,-0.611361,0.596243,0.358199,0.973720,-1.577385,1.538378,-0.421687,-0.036101,0.457473,-0.747448,3.044892,-0.048771
1184,1776231733831,15.387616,-423.0379,-37.1503,459.7333,0.377367,-0.611137,0.596501,0.358179,0.973662,-1.576822,1.539058,-0.421667,-0.036506,0.457497,-0.747468,3.044976,-0.048759
1185,1776231733842,15.398727,-423.0520,-37.9623,459.7052,0.377687,-0.611412,0.596146,0.357965,0.974588,-1.577692,1.538300,-0.421678,-0.037318,0.457467,-0.747433,3.044844,-0.048760
1186,1776231733853,15.409838,-423.0476,-38.3864,459.7072,0.377632,-0.611424,0.596157,0.357982,0.974438,-1.577711,1.538317,-0.421672,-0.037742,0.457468,-0.747433,3.044839,-0.048706
1187,1776231733864,15.420949,-423.0536,-39.1784,459.6811,0.377731,-0.611385,0.596157,0.357945,0.974710,-1.577636,1.538344,-0.421675,-0.038534,0.457440,-0.747413,3.044705,-0.048810
1188,1776231733876,15.432060,-423.0431,-39.5774,459.7000,0.377487,-0.611399,0.596172,0.358154,0.973982,-1.577517,1.538228,-0.421663,-0.038933,0.457458,-0.747414,3.044722,-0.048886
1189,1776231733887,15.443171,-423.0405,-39.9614,459.7119,0.377328,-0.611519,0.596138,0.358173,0.973563,-1.577811,1.538125,-0.421659,-0.039317,0.457469,-0.747301,3.044735,-0.048841
1190,1776231733898,15.454283,-423.0405,-39.9614,459.7119,0.377367,-0.611491,0.596168,0.358130,0.973684,-1.577770,1.538235,-0.421659,-0.039317,0.457469,-0.747301,3.044735,-0.048841
1191,1776231733909,15.465394,-423.0099,-41.1854,459.7618,0.377316,-0.611435,0.596203,0.358221,0.973510,-1.577559,1.538260,-0.421624,-0.040541,0.457516,-0.747297,3.044802,-0.048772
1192,1776231733920,15.476505,-423.0259,-41.9954,459.7557,0.377446,-0.611476,0.596178,0.358055,0.973924,-1.577789,1.538315,-0.421637,-0.041351,0.457508,-0.747286,3.044769,-0.048864
1193,1776231733931,15.487616,-423.0424,-42.3873,459.7417,0.377577,-0.611446,0.596207,0.357919,0.974324,-1.577815,1.538491,-0.421652,-0.041743,0.457493,-0.747153,3.044791,-0.048934
1194,1776231733942,15.498728,-423.0719,-42.7733,459.7227,0.377604,-0.611397,0.596272,0.357865,0.974420,-1.577730,1.538700,-0.421680,-0.042129,0.457473,-0.747076,3.044740,-0.049083
1195,1776231733953,15.509839,-423.1049,-43.5792,459.7097,0.377551,-0.611351,0.596316,0.357929,0.974253,-1.577562,1.538765,-0.421710,-0.042935,0.457458,-0.746956,3.044728,-0.049054
1196,1776231733964,15.520950,-423.1235,-43.9881,459.7087,0.377580,-0.611499,0.596154,0.357915,0.974334,-1.577954,1.538356,-0.421727,-0.043344,0.457456,-0.746927,3.044689,-0.049046
1197,1776231733976,15.532062,-423.1355,-44.7951,459.7106,0.377519,-0.611430,0.596272,0.357900,0.974184,-1.577788,1.538674,-0.421736,-0.044151,0.457456,-0.746860,3.044678,-0.049171
1198,1776231733987,15.543173,-423.1280,-45.2001,459.7186,0.377539,-0.611397,0.596228,0.358008,0.974185,-1.577623,1.538481,-0.421727,-0.044556,0.457463,-0.746938,3.044745,-0.049063
1199,1776231733998,15.554284,-423.1235,-45.6151,459.7366,0.377304,-0.611407,0.596311,0.358101,0.973536,-1.577578,1.538625,-0.421721,-0.044971,0.457480,-0.746908,3.044780,-0.049027
1200,1776231734009,15.565395,-423.1105,-46.4421,459.7625,0.377303,-0.611277,0.596497,0.358016,0.973573,-1.577305,1.539167,-0.421705,-0.045798,0.457504,-0.746944,3.044927,-0.049038
1201,1776231734020,15.576507,-423.1140,-46.8501,459.7555,0.377552,-0.611377,0.596368,0.357797,0.974316,-1.577729,1.538996,-0.421707,-0.046206,0.457496,-0.746969,3.044885,-0.049125
1202,1776231734031,15.587618,-423.1075,-47.2681,459.7745,0.377453,-0.611381,0.596298,0.358009,0.973961,-1.577580,1.538661,-0.421699,-0.046624,0.457514,-0.746996,3.044906,-0.048992
1203,1776231734042,15.598729,-423.1266,-48.0930,459.7585,0.377626,-0.611317,0.596365,0.357825,0.974494,-1.577554,1.538968,-0.421715,-0.047449,0.457496,-0.747028,3.044875,-0.048933
1204,1776231734053,15.609841,-423.1142,-48.5111,459.7644,0.377520,-0.611267,0.596460,0.357864,0.974201,-1.577395,1.539185,-0.421701,-0.047867,0.457501,-0.747068,3.044965,-0.048976
1205,1776231734064,15.620952,-423.1142,-48.5111,459.7644,0.377481,-0.611253,0.596502,0.357859,0.974105,-1.577363,1.539297,-0.421701,-0.047867,0.457501,-0.747068,3.044965,-0.048976
1206,1776231734076,15.632063,-423.1207,-49.7211,459.7643,0.377435,-0.611319,0.596443,0.357893,0.973970,-1.577508,1.539121,-0.421703,-0.049077,0.457498,-0.746988,3.045047,-0.049010
1207,1776231734087,15.643174,-423.1232,-50.1351,459.7583,0.377364,-0.611234,0.596542,0.357947,0.973761,-1.577248,1.539336,-0.421704,-0.049491,0.457491,-0.746903,3.045027,-0.049075
1208,1776231734098,15.654286,-423.1293,-50.9491,459.7362,0.377367,-0.611291,0.596472,0.357965,0.973760,-1.577379,1.539141,-0.421707,-0.050305,0.457467,-0.746818,3.045012,-0.049124
1209,1776231734109,15.665397,-423.1228,-51.3601,459.7662,0.377665,-0.611301,0.596403,0.357749,0.974632,-1.577569,1.539122,-0.421699,-0.050716,0.457496,-0.746810,3.045053,-0.049084
1210,1776231734120,15.676508,-423.1147,-52.1611,459.7771,0.377489,-0.611222,0.596490,0.357923,0.974096,-1.577234,1.539219,-0.421688,-0.051517,0.457505,-0.746929,3.045156,-0.049178
1211,1776231734131,15.687619,-423.1153,-52.5791,459.7921,0.377618,-0.611348,0.596372,0.357770,0.974500,-1.577674,1.539028,-0.421687,-0.051935,0.457519,-0.746945,3.045148,-0.049184
1212,1776231734142,15.698730,-423.1219,-52.9971,459.7641,0.377529,-0.611338,0.596350,0.357918,0.974201,-1.577538,1.538860,-0.421692,-0.052353,0.457490,-0.746954,3.045102,-0.049133
1213,1776231734153,15.709841,-423.1198,-53.7941,459.7730,0.377867,-0.611105,0.596504,0.357703,0.975173,-1.577097,1.539417,-0.421687,-0.053150,0.457497,-0.747057,3.045162,-0.049356
1214,1776231734164,15.720953,-423.1204,-54.2141,459.7690,0.377578,-0.611206,0.596423,0.357970,0.974302,-1.577157,1.539010,-0.421686,-0.053570,0.457492,-0.747127,3.045123,-0.049294
1215,1776231734176,15.732064,-423.1233,-54.9851,459.7688,0.377511,-0.611171,0.596500,0.357973,0.974128,-1.577064,1.539207,-0.421686,-0.054341,0.457490,-0.746958,3.045162,-0.049366
1216,1776231734187,15.743175,-423.1277,-55.3751,459.7728,0.377587,-0.611169,0.596500,0.357894,0.974362,-1.577119,1.539267,-0.421689,-0.054731,0.457493,-0.746921,3.045176,-0.049408
1217,1776231734198,15.754287,-423.1332,-55.7811,459.7767,0.377318,-0.611118,0.596600,0.358099,0.973571,-1.576832,1.539374,-0.421693,-0.055137,0.457496,-0.746970,3.045140,-0.049388
1218,1776231734209,15.765398,-423.1331,-56.5500,459.7826,0.377324,-0.611065,0.596648,0.358103,0.973586,-1.576692,1.539495,-0.421690,-0.055906,0.457500,-0.746906,3.045293,-0.049558
1219,1776231734220,15.776509,-423.1266,-56.9581,459.7915,0.377261,-0.611106,0.596606,0.358169,0.973394,-1.576751,1.539336,-0.421682,-0.056314,0.457508,-0.746952,3.045311,-0.049429
1220,1776231734231,15.787620,-423.1311,-57.3661,459.7835,0.377486,-0.611208,0.596532,0.357880,0.974107,-1.577231,1.539359,-0.421685,-0.056722,0.457499,-0.746955,3.045330,-0.049481
1221,1776231734242,15.798732,-423.1501,-58.1571,459.7604,0.377367,-0.611228,0.596514,0.358001,0.973743,-1.577191,1.539224,-0.421701,-0.057513,0.457474,-0.746921,3.045294,-0.049616
1222,1776231734253,15.809843,-423.1435,-58.5380,459.7753,0.377361,-0.611122,0.596606,0.358036,0.973714,-1.576891,1.539435,-0.421693,-0.057894,0.457488,-0.746852,3.045396,-0.049554
1223,1776231734264,15.820954,-423.1455,-59.3451,459.7622,0.377529,-0.610962,0.596770,0.357860,0.974229,-1.576610,1.539987,-0.421692,-0.058701,0.457473,-0.746902,3.045325,-0.049798
1224,1776231734276,15.832065,-423.1531,-59.7581,459.7592,0.377504,-0.611118,0.596611,0.357883,0.974153,-1.576995,1.539561,-0.421698,-0.059114,0.457469,-0.746907,3.045268,-0.049754
1225,1776231734287,15.843177,-423.1206,-60.1881,459.8072,0.377490,-0.611061,0.596678,0.357884,0.974117,-1.576848,1.539733,-0.421664,-0.059544,0.457516,-0.747000,3.045395,-0.049634
1226,1776231734298,15.854288,-423.1325,-60.9761,459.7951,0.377370,-0.611258,0.596460,0.358038,0.973735,-1.577240,1.539056,-0.421673,-0.060332,0.457502,-0.747030,3.045307,-0.049791
1227,1776231734309,15.865399,-423.1070,-61.3841,459.8380,0.377367,-0.611190,0.596501,0.358088,0.973704,-1.577026,1.539126,-0.421646,-0.060740,0.457544,-0.747067,3.045440,-0.049697
1228,1776231734320,15.876510,-423.1249,-62.1880,459.8369,0.377474,-0.611073,0.596624,0.357971,0.974035,-1.576814,1.539528,-0.421661,-0.061544,0.457541,-0.747116,3.045321,-0.049571
1229,1776231734331,15.887622,-423.1415,-62.5930,459.8019,0.377364,-0.611197,0.596566,0.357971,0.973750,-1.577134,1.539380,-0.421676,-0.061949,0.457505,-0.747097,3.045256,-0.049634
1230,1776231734342,15.898733,-423.1440,-62.9960,459.8049,0.377614,-0.611219,0.596558,0.357685,0.974530,-1.577406,1.539568,-0.421677,-0.062352,0.457507,-0.747087,3.045219,-0.049661
1231,1776231734353,15.909844,-423.1380,-63.8020,459.8238,0.377418,-0.611252,0.596554,0.357840,0.973951,-1.577375,1.539444,-0.421668,-0.063158,0.457524,-0.747094,3.045329,-0.049629
1232,1776231734364,15.920956,-423.1526,-64.2210,459.8088,0.377499,-0.611219,0.596550,0.357819,0.974170,-1.577306,1.539450,-0.421681,-0.063577,0.457508,-0.747163,3.045221,-0.049664
1233,1776231734376,15.932067,-423.1617,-65.0440,459.7948,0.377460,-0.611181,0.596571,0.357890,0.974035,-1.577154,1.539451,-0.421687,-0.064400,0.457492,-0.747289,3.045184,-0.049638
1234,1776231734387,15.943178,-423.1862,-65.4400,459.7638,0.377578,-0.611148,0.596604,0.357768,0.974396,-1.577159,1.539626,-0.421710,-0.064796,0.457460,-0.747174,3.045056,-0.049726
1235,1776231734398,15.954289,-423.1797,-65.8400,459.7647,0.377439,-0.611117,0.596666,0.357862,0.973996,-1.577010,1.539718,-0.421702,-0.065196,0.457460,-0.747211,3.045125,-0.049750
1236,1776231734409,15.965401,-423.1937,-66.6340,459.7556,0.377533,-0.611124,0.596632,0.357809,0.974263,-1.577067,1.539668,-0.421713,-0.065990,0.457449,-0.747194,3.045066,-0.049755
1237,1776231734420,15.976512,-423.1992,-67.0380,459.7506,0.377470,-0.611118,0.596620,0.357906,0.974055,-1.576977,1.539566,-0.421717,-0.066394,0.457443,-0.747154,3.045055,-0.049691
1238,1776231734431,15.987623,-423.1927,-67.4280,459.7565,0.377529,-0.611082,0.596671,0.357818,0.974248,-1.576952,1.539763,-0.421709,-0.066784,0.457448,-0.747098,3.045075,-0.049752
1239,1776231734442,15.998734,-423.1976,-68.2010,459.7494,0.377383,-0.611210,0.596551,0.357954,0.973807,-1.577179,1.539354,-0.421711,-0.067557,0.457439,-0.747098,3.045090,-0.049875
1240,1776231734453,16.009846,-423.1976,-68.2010,459.7494,0.377422,-0.611242,0.596521,0.357909,0.973929,-1.577295,1.539310,-0.421711,-0.067557,0.457439,-0.747098,3.045090,-0.049875
1241,1776231734464,16.020962,-423.1920,-68.5940,459.7573,0.377515,-0.611056,0.596711,0.357811,0.974215,-1.576890,1.539872,-0.421704,-0.067950,0.457446,-0.746963,3.045166,-0.049796
1242,1776231734476,16.032074,-423.2161,-69.3890,459.7072,0.377447,-0.611095,0.596688,0.357854,0.974020,-1.576959,1.539780,-0.421725,-0.068745,0.457394,-0.746929,3.044965,-0.049799
1243,1776231734487,16.043185,-423.2241,-70.1841,459.6861,0.377487,-0.611060,0.596731,0.357801,0.974148,-1.576909,1.539930,-0.421730,-0.069540,0.457371,-0.746897,3.044933,-0.049908
1244,1776231734498,16.054308,-423.2241,-70.1841,459.6861,0.377433,-0.611016,0.596729,0.357935,0.973946,-1.576694,1.539827,-0.421730,-0.069540,0.457371,-0.746897,3.044933,-0.049908
1245,1776231734509,16.065419,-423.2141,-70.9951,459.6961,0.377594,-0.611021,0.596725,0.357764,0.974441,-1.576835,1.539943,-0.421717,-0.070351,0.457379,-0.747060,3.044890,-0.049904
1246,1776231734520,16.076530,-423.2041,-71.8161,459.6950,0.377585,-0.611091,0.596656,0.357768,0.974416,-1.577014,1.539762,-0.421704,-0.071172,0.457376,-0.747066,3.044835,-0.049841
1247,1776231734531,16.087667,-423.2051,-72.6092,459.6899,0.377657,-0.610929,0.596839,0.357666,0.974648,-1.576672,1.540310,-0.421702,-0.071965,0.457369,-0.747032,3.044812,-0.050062
1248,1776231734542,16.098778,-423.2051,-72.6092,459.6899,0.377696,-0.611117,0.596622,0.357665,0.974750,-1.577158,1.539748,-0.421702,-0.071965,0.457369,-0.747032,3.044812,-0.050062
1249,1776231734553,16.109890,-423.1993,-73.4612,459.6909,0.377659,-0.611016,0.596752,0.357659,0.974656,-1.576902,1.540089,-0.421693,-0.072817,0.457368,-0.747214,3.044685,-0.049995
1250,1776231734565,16.121001,-423.1922,-74.2522,459.6967,0.377656,-0.611055,0.596723,0.357646,0.974654,-1.577011,1.540023,-0.421683,-0.073608,0.457372,-0.747113,3.044753,-0.050020
1251,1776231734576,16.132112,-423.1922,-74.2522,459.6967,0.377572,-0.611077,0.596730,0.357684,0.974421,-1.577040,1.540015,-0.421683,-0.073608,0.457372,-0.747113,3.044753,-0.050020
1252,1776231734587,16.143223,-423.1826,-75.4482,459.7196,0.377569,-0.611005,0.596820,0.357661,0.974423,-1.576871,1.540263,-0.421669,-0.074804,0.457392,-0.746972,3.044812,-0.049979
1253,1776231734598,16.154334,-423.2070,-75.7982,459.6894,0.377616,-0.611079,0.596792,0.357531,0.974607,-1.577159,1.540286,-0.421692,-0.075154,0.457361,-0.746682,3.044757,-0.050086
1254,1776231734609,16.165445,-423.2101,-76.6212,459.6884,0.377650,-0.610968,0.596908,0.357491,0.974714,-1.576905,1.540616,-0.421692,-0.075977,0.457358,-0.746664,3.044775,-0.050161
1255,1776231734620,16.176557,-423.2105,-77.0212,459.6904,0.377512,-0.611117,0.596784,0.357589,0.974311,-1.577215,1.540223,-0.421691,-0.076377,0.457359,-0.746538,3.044809,-0.050083
1256,1776231734631,16.187668,-423.2150,-77.4131,459.6983,0.377684,-0.611115,0.596740,0.357483,0.974804,-1.577290,1.540188,-0.421694,-0.076769,0.457366,-0.746527,3.044774,-0.050126
1257,1776231734642,16.198779,-423.2018,-78.1812,459.7121,0.377524,-0.611043,0.596887,0.357530,0.974370,-1.577069,1.540533,-0.421678,-0.077537,0.457378,-0.746367,3.044915,-0.050182
1258,1776231734653,16.209891,-423.1913,-78.5852,459.7160,0.377426,-0.611105,0.596828,0.357626,0.974071,-1.577156,1.540310,-0.421666,-0.077941,0.457381,-0.746349,3.045000,-0.050166
1259,1776231734665,16.221002,-423.1883,-79.3812,459.7089,0.377539,-0.611063,0.596843,0.357556,0.974394,-1.577099,1.540398,-0.421660,-0.078737,0.457372,-0.746268,3.044982,-0.050114
1260,1776231734676,16.232113,-423.1968,-79.7733,459.6769,0.377538,-0.611060,0.596857,0.357537,0.974401,-1.577108,1.540450,-0.421667,-0.079129,0.457339,-0.746331,3.044954,-0.050283
1261,1776231734687,16.243224,-423.2083,-80.1503,459.6628,0.377596,-0.611065,0.596893,0.357408,0.974611,-1.577216,1.540637,-0.421677,-0.079506,0.457324,-0.746217,3.044958,-0.050260
1262,1776231734698,16.254336,-423.1981,-80.9243,459.6626,0.377477,-0.611060,0.596966,0.357419,0.974298,-1.577197,1.540819,-0.421664,-0.080280,0.457322,-0.746064,3.044962,-0.050169
1263,1776231734709,16.265447,-423.1935,-81.2903,459.6775,0.377379,-0.611063,0.596961,0.357526,0.973998,-1.577122,1.540727,-0.421658,-0.080646,0.457336,-0.745994,3.045058,-0.050138
1264,1776231734720,16.276558,-423.1743,-82.0613,459.7152,0.377403,-0.611020,0.596989,0.357526,0.974059,-1.577013,1.540800,-0.421636,-0.081417,0.457372,-0.746032,3.045142,-0.050166
1265,1776231734731,16.287669,-423.1718,-82.4583,459.7052,0.377350,-0.611096,0.596895,0.357610,0.973882,-1.577146,1.540494,-0.421632,-0.081814,0.457361,-0.746081,3.045170,-0.050075
1266,1776231734742,16.298781,-423.1712,-82.8393,459.7041,0.377511,-0.611146,0.596851,0.357429,0.974381,-1.577410,1.540515,-0.421630,-0.082195,0.457359,-0.746114,3.045153,-0.050069
1267,1776231734753,16.309892,-423.1941,-83.6044,459.6539,0.377324,-0.611121,0.596878,0.357624,0.973810,-1.577198,1.540439,-0.421650,-0.082960,0.457307,-0.746115,3.045008,-0.050074
1268,1776231734765,16.321003,-423.1875,-83.9644,459.6688,0.377486,-0.611127,0.596867,0.357462,0.974302,-1.577336,1.540531,-0.421642,-0.083320,0.457321,-0.746066,3.045041,-0.050014
1269,1776231734776,16.332115,-423.1860,-84.6624,459.6754,0.377503,-0.611134,0.596866,0.357433,0.974359,-1.577376,1.540550,-0.421638,-0.084018,0.457326,-0.745988,3.045118,-0.050047
1270,1776231734787,16.343226,-423.2075,-85.0294,459.6494,0.377509,-0.611161,0.596859,0.357391,0.974396,-1.577479,1.540563,-0.421658,-0.084385,0.457299,-0.745977,3.045012,-0.050125
1271,1776231734798,16.354337,-423.1958,-85.4044,459.6592,0.377558,-0.611119,0.596825,0.357469,0.974485,-1.577311,1.540418,-0.421645,-0.084760,0.457308,-0.746091,3.045005,-0.050146
1272,1776231734809,16.365448,-423.2024,-86.1013,459.6689,0.377499,-0.611105,0.596841,0.357529,0.974305,-1.577229,1.540415,-0.421649,-0.085457,0.457316,-0.746220,3.044975,-0.050094
1273,1776231734820,16.376559,-423.2097,-86.4373,459.6597,0.377484,-0.611091,0.596876,0.357510,0.974275,-1.577207,1.540518,-0.421655,-0.085793,0.457306,-0.746219,3.044970,-0.050032
1274,1776231734831,16.387670,-423.1969,-86.7753,459.6885,0.377576,-0.611192,0.596789,0.357385,0.974572,-1.577563,1.540386,-0.421641,-0.086131,0.457334,-0.746161,3.044975,-0.050088
1275,1776231734842,16.398782,-423.1962,-87.4043,459.7070,0.377571,-0.611191,0.596750,0.357456,0.974525,-1.577507,1.540233,-0.421638,-0.086760,0.457351,-0.746153,3.045013,-0.050006
1276,1776231734853,16.409893,-423.2024,-87.7273,459.7068,0.377658,-0.611147,0.596766,0.357413,0.974769,-1.577425,1.540306,-0.421643,-0.087083,0.457350,-0.746208,3.045001,-0.049983
1277,1776231734865,16.421005,-423.1997,-88.3423,459.7102,0.377554,-0.611124,0.596783,0.357534,0.974443,-1.577276,1.540262,-0.421638,-0.087698,0.457352,-0.746120,3.044963,-0.050003
1278,1776231734876,16.432116,-423.1998,-88.6513,459.7059,0.377661,-0.611210,0.596702,0.357409,0.974779,-1.577590,1.540145,-0.421637,-0.088007,0.457347,-0.746023,3.044965,-0.049989
1279,1776231734887,16.443227,-423.1970,-88.9543,459.6957,0.377581,-0.611268,0.596667,0.357453,0.974552,-1.577709,1.540022,-0.421633,-0.088310,0.457336,-0.746078,3.044955,-0.049968
1280,1776231734898,16.454338,-423.1852,-89.5474,459.6890,0.377664,-0.611295,0.596563,0.357492,0.974748,-1.577749,1.539724,-0.421619,-0.088903,0.457328,-0.745967,3.044895,-0.049906
1281,1776231734909,16.465449,-423.1862,-89.8164,459.6767,0.377757,-0.611260,0.596578,0.357430,0.975017,-1.577703,1.539809,-0.421619,-0.089172,0.457315,-0.746093,3.044865,-0.049950
1282,1776231734920,16.476561,-423.1702,-90.0894,459.6933,0.377561,-0.611123,0.596781,0.357532,0.974463,-1.577273,1.540259,-0.421602,-0.089445,0.457331,-0.746115,3.044951,-0.049990
1283,1776231734931,16.487672,-423.1682,-90.6095,459.6865,0.377625,-0.611247,0.596637,0.357492,0.974647,-1.577625,1.539917,-0.421598,-0.089965,0.457323,-0.746152,3.044956,-0.050051
1284,1776231734942,16.498783,-423.1761,-90.8485,459.6721,0.377565,-0.611296,0.596634,0.357478,0.974498,-1.577760,1.539918,-0.421605,-0.090204,0.457308,-0.746037,3.044955,-0.049990
1285,1776231734953,16.509894,-423.1709,-91.3385,459.6683,0.377471,-0.611297,0.596686,0.357487,0.974252,-1.577757,1.540046,-0.421598,-0.090694,0.457303,-0.745959,3.045035,-0.050030
1286,1776231734965,16.521005,-423.1809,-91.5795,459.6439,0.377503,-0.611256,0.596722,0.357464,0.974346,-1.577668,1.540156,-0.421607,-0.090935,0.457278,-0.745925,3.044984,-0.050082
1287,1776231734976,16.532117,-423.1886,-92.0396,459.6270,0.377547,-0.611218,0.596745,0.357445,0.974469,-1.577584,1.540228,-0.421613,-0.091395,0.457260,-0.745963,3.044989,-0.050150
1288,1776231734987,16.543228,-423.1764,-92.2676,459.6405,0.377466,-0.611265,0.596756,0.357429,0.974267,-1.577719,1.540270,-0.421600,-0.091623,0.457273,-0.745958,3.045047,-0.050134
1289,1776231734998,16.554339,-423.1723,-92.4916,459.6410,0.377433,-0.611166,0.596845,0.357485,0.974156,-1.577420,1.540457,-0.421595,-0.091847,0.457273,-0.745938,3.045108,-0.050040
1290,1776231735009,16.565451,-423.1847,-92.8726,459.6229,0.377474,-0.611204,0.596834,0.357397,0.974301,-1.577584,1.540494,-0.421606,-0.092228,0.457254,-0.745832,3.045171,-0.050221
1291,1776231735020,16.576562,-423.1655,-93.0796,459.6414,0.377398,-0.611237,0.596837,0.357414,0.974098,-1.577657,1.540490,-0.421586,-0.092435,0.457272,-0.745818,3.045261,-0.050155
1292,1776231735031,16.587673,-423.1801,-93.2466,459.6328,0.377329,-0.611185,0.596926,0.357429,0.973913,-1.577511,1.540707,-0.421600,-0.092602,0.457263,-0.745708,3.045287,-0.050169
1293,1776231735042,16.598785,-423.1765,-93.6286,459.6357,0.377298,-0.611353,0.596778,0.357421,0.973837,-1.577950,1.540332,-0.421595,-0.092984,0.457265,-0.745668,3.045277,-0.050107
1294,1776231735053,16.609896,-423.1822,-93.8126,459.6192,0.377323,-0.611254,0.596854,0.357436,0.973895,-1.577685,1.540516,-0.421600,-0.093168,0.457248,-0.745670,3.045284,-0.050099
1295,1776231735065,16.621007,-423.1855,-94.1536,459.6200,0.377414,-0.611278,0.596841,0.357323,0.974180,-1.577831,1.540566,-0.421602,-0.093509,0.457248,-0.745710,3.045212,-0.050081
1296,1776231735076,16.632119,-423.1790,-94.2826,459.6263,0.377206,-0.611210,0.596957,0.357463,0.973579,-1.577552,1.540764,-0.421595,-0.093638,0.457254,-0.745618,3.045295,-0.049998
1297,1776231735087,16.643230,-423.1876,-94.4446,459.6247,0.377272,-0.611310,0.596872,0.357365,0.973795,-1.577881,1.540616,-0.421603,-0.093800,0.457252,-0.745665,3.045188,-0.050057
1298,1776231735098,16.654341,-423.1625,-94.7206,459.6593,0.377261,-0.611276,0.596926,0.357344,0.973777,-1.577811,1.540771,-0.421577,-0.094076,0.457286,-0.745666,3.045321,-0.049906
1299,1776231735109,16.665453,-423.1420,-94.8676,459.6826,0.377378,-0.611262,0.596908,0.357275,0.974111,-1.577827,1.540774,-0.421556,-0.094223,0.457309,-0.745780,3.045321,-0.049936
1300,1776231735120,16.676564,-423.1430,-95.1206,459.6772,0.377336,-0.611261,0.596872,0.357381,0.973954,-1.577743,1.540604,-0.421556,-0.094476,0.457303,-0.745749,3.045339,-0.049878
1301,1776231735131,16.687675,-423.1395,-95.2506,459.6825,0.377234,-0.611275,0.596857,0.357490,0.973639,-1.577698,1.540483,-0.421552,-0.094606,0.457308,-0.745780,3.045304,-0.049816
1302,1776231735142,16.698786,-423.1409,-95.3477,459.6687,0.377164,-0.611216,0.596951,0.357509,0.973448,-1.577531,1.540712,-0.421553,-0.094703,0.457294,-0.745804,3.045254,-0.049862
1303,1776231735153,16.709898,-423.1216,-95.5557,459.6892,0.377249,-0.611323,0.596868,0.357373,0.973732,-1.577910,1.540599,-0.421533,-0.094911,0.457314,-0.745710,3.045336,-0.049787
1304,1776231735165,16.721009,-423.1340,-95.6447,459.6704,0.377436,-0.611259,0.596905,0.357225,0.974284,-1.577857,1.540803,-0.421545,-0.095000,0.457295,-0.745720,3.045235,-0.049895
1305,1776231735176,16.732120,-423.1108,-95.8658,459.6699,0.377439,-0.611168,0.596904,0.357377,0.974221,-1.577507,1.540690,-0.421521,-0.095221,0.457294,-0.745897,3.045234,-0.049796
1306,1776231735187,16.743232,-423.0901,-95.9639,459.6711,0.377590,-0.611238,0.596784,0.357301,0.974646,-1.577744,1.540434,-0.421500,-0.095319,0.457295,-0.746021,3.045193,-0.049830
1307,1776231735198,16.754343,-423.0634,-96.0549,459.6942,0.377535,-0.611277,0.596811,0.357247,0.974530,-1.577885,1.540545,-0.421473,-0.095410,0.457318,-0.746044,3.045208,-0.049810
1308,1776231735209,16.765454,-423.0199,-96.1930,459.7144,0.377358,-0.611190,0.596835,0.357542,0.973935,-1.577438,1.540390,-0.421429,-0.095548,0.457338,-0.746028,3.045287,-0.049742
1309,1776231735220,16.776566,-423.0002,-96.2611,459.7045,0.377441,-0.611228,0.596847,0.357367,0.974230,-1.577670,1.540550,-0.421409,-0.095616,0.457328,-0.746070,3.045233,-0.049792
1310,1776231735231,16.787677,-422.9804,-96.3282,459.7147,0.377485,-0.611180,0.596896,0.357325,0.974363,-1.577576,1.540706,-0.421389,-0.095683,0.457338,-0.746103,3.045210,-0.049714
1311,1776231735242,16.798788,-422.9217,-96.4154,459.7217,0.377589,-0.611180,0.596852,0.357286,0.974652,-1.577607,1.540623,-0.421330,-0.095770,0.457345,-0.746023,3.045203,-0.049714
1312,1776231735253,16.809899,-422.8829,-96.4765,459.7408,0.377534,-0.611198,0.596889,0.357251,0.974524,-1.577680,1.540744,-0.421291,-0.095831,0.457364,-0.746016,3.045179,-0.049718
1313,1776231735265,16.821010,-422.8360,-96.5226,459.7708,0.377570,-0.611280,0.596725,0.357348,0.974572,-1.577818,1.540248,-0.421244,-0.095877,0.457394,-0.746067,3.045225,-0.049690
1314,1776231735276,16.832122,-422.7212,-96.6269,459.8258,0.377607,-0.611309,0.596718,0.357272,0.974703,-1.577949,1.540286,-0.421129,-0.095981,0.457449,-0.746160,3.045283,-0.049648
1315,1776231735287,16.843233,-422.6725,-96.6850,459.8258,0.377687,-0.611229,0.596715,0.357327,0.974884,-1.577703,1.540239,-0.421080,-0.096039,0.457449,-0.746166,3.045240,-0.049640
1316,1776231735298,16.854344,-422.6138,-96.7384,459.7848,0.377746,-0.611277,0.596669,0.357260,0.975068,-1.577877,1.540169,-0.421021,-0.096092,0.457408,-0.746165,3.044950,-0.049740
1317,1776231735309,16.865455,-422.5599,-96.7826,459.7798,0.377712,-0.611352,0.596673,0.357162,0.975025,-1.578143,1.540251,-0.420967,-0.096136,0.457403,-0.746004,3.044925,-0.049662
1318,1776231735320,16.876566,-422.4481,-96.8410,459.7876,0.377776,-0.611346,0.596598,0.357229,0.975159,-1.578077,1.540009,-0.420855,-0.096194,0.457411,-0.746153,3.044769,-0.049713
1319,1776231735331,16.887677,-422.3854,-96.8942,459.7726,0.377759,-0.611319,0.596674,0.357166,0.975147,-1.578057,1.540251,-0.420792,-0.096247,0.457396,-0.746160,3.044656,-0.049737
1320,1776231735342,16.898789,-422.2833,-96.9045,459.8174,0.377652,-0.611375,0.596569,0.357360,0.974779,-1.578053,1.539837,-0.420690,-0.096257,0.457441,-0.746038,3.044850,-0.049647
1321,1776231735353,16.909900,-422.1265,-96.9611,459.8032,0.377825,-0.611328,0.596581,0.357237,0.975283,-1.578025,1.539958,-0.420533,-0.096313,0.457427,-0.746214,3.044658,-0.049750
1322,1776231735365,16.921011,-422.0458,-97.0115,459.7801,0.378093,-0.611478,0.596450,0.356915,0.976125,-1.578656,1.539858,-0.420452,-0.096363,0.457404,-0.746209,3.044498,-0.049777
1323,1776231735376,16.932122,-421.8418,-97.0422,459.7997,0.378077,-0.611459,0.596472,0.356927,0.976078,-1.578598,1.539907,-0.420248,-0.096393,0.457424,-0.746120,3.044535,-0.049712
1324,1776231735387,16.943234,-421.8418,-97.0422,459.7997,0.378061,-0.611504,0.596405,0.356980,0.976011,-1.578675,1.539693,-0.420248,-0.096393,0.457424,-0.746120,3.044535,-0.049712
1325,1776231735398,16.954345,-421.6501,-97.0800,459.7613,0.377974,-0.611462,0.596409,0.357137,0.975713,-1.578447,1.539587,-0.420056,-0.096430,0.457386,-0.746160,3.044404,-0.049747
1326,1776231735409,16.965456,-421.4042,-97.1189,459.7578,0.377807,-0.611331,0.596601,0.357217,0.975244,-1.578048,1.540025,-0.419810,-0.096468,0.457383,-0.746049,3.044379,-0.049808
1327,1776231735420,16.976567,-421.2613,-97.1564,459.7686,0.378051,-0.611354,0.596533,0.357032,0.975962,-1.578248,1.539987,-0.419667,-0.096505,0.457394,-0.746177,3.044354,-0.049770
1328,1776231735431,16.987678,-421.1084,-97.1780,459.7883,0.378067,-0.611420,0.596476,0.356997,0.976019,-1.578444,1.539866,-0.419514,-0.096526,0.457414,-0.746283,3.044396,-0.049785
1329,1776231735442,16.998790,-420.8284,-97.1750,459.7696,0.377901,-0.611379,0.596536,0.357144,0.975522,-1.578227,1.539911,-0.419234,-0.096522,0.457396,-0.746190,3.044365,-0.049835
1330,1776231735453,17.009901,-420.6775,-97.1896,459.7653,0.377978,-0.611450,0.596434,0.357110,0.975737,-1.578436,1.539673,-0.419083,-0.096536,0.457392,-0.746163,3.044341,-0.049792
1331,1776231735465,17.021012,-420.3526,-97.2239,459.7536,0.377964,-0.611433,0.596470,0.357095,0.975708,-1.578404,1.539776,-0.418758,-0.096569,0.457381,-0.746232,3.044327,-0.049799
1332,1776231735476,17.032123,-420.2057,-97.2185,459.7133,0.377925,-0.611427,0.596453,0.357174,0.975571,-1.578330,1.539675,-0.418611,-0.096563,0.457341,-0.746129,3.044246,-0.049847
1333,1776231735487,17.043235,-420.0117,-97.2362,459.7278,0.378176,-0.611444,0.596442,0.356898,0.976347,-1.578581,1.539850,-0.418417,-0.096580,0.457356,-0.746078,3.044291,-0.049875
1334,1776231735498,17.054346,-419.6479,-97.2626,459.7010,0.378040,-0.611560,0.596356,0.356987,0.975954,-1.578814,1.539562,-0.418053,-0.096605,0.457330,-0.746098,3.044242,-0.049903
1335,1776231735509,17.065457,-419.4569,-97.2813,459.7056,0.378217,-0.611540,0.596381,0.356792,0.976503,-1.578909,1.539770,-0.417862,-0.096623,0.457335,-0.746101,3.044262,-0.049860
1336,1776231735520,17.076568,-419.0680,-97.2878,459.6877,0.377996,-0.611483,0.596467,0.356980,0.975844,-1.578619,1.539855,-0.417473,-0.096628,0.457318,-0.746079,3.044202,-0.049841
1337,1776231735531,17.087679,-418.8570,-97.2935,459.7023,0.377981,-0.611570,0.596410,0.356942,0.975822,-1.578874,1.539736,-0.417262,-0.096633,0.457333,-0.746057,3.044202,-0.049792
1338,1776231735542,17.098791,-418.6180,-97.3313,459.7348,0.378034,-0.611617,0.596351,0.356905,0.975976,-1.579022,1.539610,-0.417023,-0.096670,0.457366,-0.746193,3.044277,-0.049676
1339,1776231735553,17.109902,-418.1328,-97.3220,459.8096,0.377733,-0.611525,0.596463,0.357194,0.975065,-1.578567,1.539685,-0.416538,-0.096659,0.457442,-0.746078,3.044526,-0.049597
1340,1776231735565,17.121013,-417.8929,-97.3408,459.8211,0.377772,-0.611600,0.596401,0.357127,0.975198,-1.578810,1.539577,-0.416298,-0.096677,0.457454,-0.746163,3.044565,-0.049560
1341,1776231735576,17.132124,-417.3628,-97.3637,459.8779,0.377756,-0.611607,0.596414,0.357110,0.975163,-1.578843,1.539622,-0.415768,-0.096698,0.457512,-0.746093,3.044701,-0.049561
1342,1776231735587,17.143236,-417.0999,-97.3857,459.8794,0.377723,-0.611667,0.596388,0.357085,0.975091,-1.579016,1.539573,-0.415505,-0.096719,0.457514,-0.746050,3.044777,-0.049557
1343,1776231735598,17.154347,-416.8720,-97.3786,459.8308,0.377888,-0.611718,0.596296,0.356978,0.975566,-1.579227,1.539413,-0.415277,-0.096711,0.457466,-0.745910,3.044633,-0.049619
1344,1776231735609,17.165459,-416.3612,-97.4086,459.7897,0.377767,-0.611671,0.596343,0.357107,0.975193,-1.579009,1.539441,-0.414766,-0.096739,0.457426,-0.745868,3.044509,-0.049630
1345,1776231735620,17.176570,-416.0932,-97.4127,459.7710,0.377984,-0.611680,0.596326,0.356891,0.975854,-1.579196,1.539554,-0.414498,-0.096742,0.457408,-0.745838,3.044421,-0.049736
1346,1776231735631,17.187681,-415.8514,-97.4207,459.7125,0.378030,-0.611698,0.596303,0.356850,0.975992,-1.579273,1.539526,-0.414256,-0.096749,0.457350,-0.745727,3.044236,-0.049753
1347,1776231735642,17.198792,-415.2594,-97.4448,459.7322,0.377975,-0.611653,0.596358,0.356893,0.975830,-1.579124,1.539635,-0.413664,-0.096771,0.457371,-0.745795,3.044247,-0.049818
1348,1776231735653,17.209904,-414.9775,-97.4569,459.7175,0.378043,-0.611676,0.596311,0.356860,0.976022,-1.579209,1.539541,-0.413382,-0.096782,0.457357,-0.745751,3.044160,-0.049751
1349,1776231735665,17.221015,-414.3475,-97.4891,459.7801,0.377991,-0.611674,0.596311,0.356920,0.975859,-1.579157,1.539494,-0.412752,-0.096812,0.457421,-0.745781,3.044299,-0.049611
1350,1776231735676,17.232126,-414.0084,-97.5043,459.8334,0.377993,-0.611681,0.596327,0.356877,0.975885,-1.579208,1.539569,-0.412413,-0.096826,0.457475,-0.745851,3.044429,-0.049559
1351,1776231735687,17.243237,-413.6814,-97.5224,459.8816,0.378049,-0.611652,0.596334,0.356857,0.976037,-1.579148,1.539601,-0.412086,-0.096843,0.457524,-0.745871,3.044517,-0.049490
1352,1776231735698,17.254349,-413.0394,-97.5407,459.9042,0.377741,-0.611624,0.596377,0.357160,0.975101,-1.578846,1.539488,-0.411444,-0.096859,0.457548,-0.745872,3.044626,-0.049425
1353,1776231735709,17.265460,-412.7103,-97.5568,459.9394,0.377948,-0.611748,0.596238,0.356959,0.975731,-1.579319,1.539279,-0.411115,-0.096874,0.457584,-0.745930,3.044638,-0.049347
1354,1776231735720,17.276571,-412.0825,-97.5663,459.8720,0.377975,-0.611818,0.596225,0.356833,0.975859,-1.579596,1.539337,-0.410487,-0.096881,0.457518,-0.745797,3.044546,-0.049417
1355,1776231735731,17.287682,-411.7566,-97.5806,459.8433,0.377895,-0.611706,0.596322,0.356947,0.975600,-1.579221,1.539503,-0.410161,-0.096894,0.457490,-0.745808,3.044465,-0.049459
1356,1776231735742,17.298793,-411.4328,-97.5939,459.8075,0.377967,-0.611718,0.596314,0.356865,0.975822,-1.579312,1.539543,-0.409837,-0.096906,0.457455,-0.745797,3.044370,-0.049471
1357,1776231735753,17.309905,-410.7479,-97.6106,459.7610,0.378008,-0.611664,0.596349,0.356856,0.975934,-1.579180,1.539640,-0.409152,-0.096920,0.457410,-0.745858,3.044288,-0.049580
1358,1776231735765,17.321016,-410.4100,-97.6149,459.7362,0.378004,-0.611681,0.596339,0.356847,0.975928,-1.579231,1.539620,-0.408814,-0.096923,0.457386,-0.745800,3.044310,-0.049605
1359,1776231735776,17.332127,-409.6870,-97.6156,459.7375,0.377982,-0.611758,0.596293,0.356817,0.975883,-1.579452,1.539524,-0.408091,-0.096921,0.457389,-0.745827,3.044368,-0.049507
1360,1776231735787,17.343238,-409.3311,-97.6399,459.7317,0.378036,-0.611700,0.596296,0.356853,0.976006,-1.579274,1.539505,-0.407735,-0.096944,0.457384,-0.745863,3.044378,-0.049528
1361,1776231735798,17.354350,-408.9852,-97.6572,459.7109,0.378024,-0.611651,0.596337,0.356880,0.975962,-1.579130,1.539591,-0.407389,-0.096960,0.457364,-0.745892,3.044368,-0.049578
1362,1776231735809,17.365461,-408.2431,-97.6559,459.7502,0.377848,-0.611563,0.596440,0.357044,0.975432,-1.578779,1.539738,-0.406647,-0.096956,0.457405,-0.745941,3.044592,-0.049504
1363,1776231735820,17.376572,-407.8731,-97.6702,459.7643,0.377853,-0.611639,0.596369,0.357028,0.975453,-1.578987,1.539565,-0.406277,-0.096969,0.457420,-0.745963,3.044684,-0.049379
1364,1776231735831,17.387683,-407.4790,-97.6716,459.8004,0.377956,-0.611587,0.596395,0.356964,0.975748,-1.578900,1.539681,-0.405883,-0.096969,0.457457,-0.746002,3.044849,-0.049338
1365,1776231735842,17.398795,-406.7202,-97.7045,459.7857,0.377903,-0.611654,0.596337,0.357003,0.975594,-1.579043,1.539501,-0.405124,-0.096999,0.457444,-0.746092,3.044852,-0.049234
1366,1776231735853,17.409906,-406.3662,-97.6869,459.7528,0.377888,-0.611712,0.596253,0.357060,0.975528,-1.579151,1.539243,-0.404770,-0.096980,0.457412,-0.746042,3.044834,-0.049261
1367,1776231735865,17.421017,-405.6104,-97.7058,459.7051,0.378150,-0.611753,0.596204,0.356794,0.976327,-1.579458,1.539312,-0.404014,-0.096996,0.457366,-0.746027,3.044751,-0.049320
1368,1776231735876,17.432128,-405.2415,-97.7162,459.6753,0.378005,-0.611691,0.596277,0.356932,0.975889,-1.579194,1.539399,-0.403645,-0.097005,0.457337,-0.746013,3.044653,-0.049394
1369,1776231735887,17.443240,-404.8635,-97.7297,459.6734,0.378097,-0.611734,0.596247,0.356811,0.976183,-1.579395,1.539411,-0.403267,-0.097017,0.457336,-0.745975,3.044675,-0.049378
1370,1776231735898,17.454351,-404.0986,-97.7515,459.6857,0.377872,-0.611669,0.596316,0.357047,0.975491,-1.579049,1.539414,-0.402502,-0.097036,0.457350,-0.746033,3.044712,-0.049342
1371,1776231735909,17.465462,-403.6955,-97.7638,459.7397,0.377851,-0.611566,0.596421,0.357068,0.975429,-1.578768,1.539669,-0.402099,-0.097047,0.457405,-0.746077,3.044887,-0.049219
1372,1776231735920,17.476573,-403.3144,-97.7462,459.7548,0.377884,-0.611596,0.596372,0.357065,0.975515,-1.578846,1.539547,-0.401718,-0.097028,0.457421,-0.745978,3.044979,-0.049222
1373,1776231735931,17.487684,-402.5194,-97.7771,459.7990,0.377775,-0.611568,0.596428,0.357134,0.975201,-1.578722,1.539639,-0.400923,-0.097056,0.457467,-0.746086,3.045048,-0.049073
1374,1776231735942,17.498796,-402.1053,-97.7825,459.8280,0.377849,-0.611622,0.596367,0.357064,0.975424,-1.578916,1.539533,-0.400509,-0.097060,0.457497,-0.746152,3.045101,-0.049097
1375,1776231735953,17.509907,-401.3655,-97.7915,459.7543,0.377788,-0.611693,0.596349,0.357038,0.975278,-1.579117,1.539506,-0.399769,-0.097066,0.457425,-0.746048,3.044899,-0.049157
1376,1776231735965,17.521018,-400.9926,-97.7899,459.7204,0.377935,-0.611669,0.596359,0.356908,0.975720,-1.579153,1.539628,-0.399396,-0.097063,0.457392,-0.746020,3.044821,-0.049244
1377,1776231735976,17.532129,-400.6148,-97.8085,459.6666,0.378104,-0.611708,0.596289,0.356778,0.976218,-1.579354,1.539543,-0.399018,-0.097080,0.457339,-0.746075,3.044617,-0.049317
1378,1776231735987,17.543241,-399.8589,-97.7984,459.6138,0.377991,-0.611639,0.596329,0.356949,0.975845,-1.579046,1.539521,-0.398262,-0.097067,0.457288,-0.746003,3.044469,-0.049432
1379,1776231735998,17.554352,-399.4559,-97.8059,459.6239,0.377812,-0.611647,0.596365,0.357064,0.975329,-1.578980,1.539530,-0.397859,-0.097073,0.457299,-0.745982,3.044480,-0.049384
