FrameNumber,TimeStamp_ms,TimeFromStart_s,X_mm,Y_mm,Z_mm,QX,QY,QZ,QW,RX_rad,RY_rad,RZ_rad,TCP_X_m,TCP_Y_m,TCP_Z_m,TCP_RX_rad,TCP_RY_rad,TCP_RZ_rad,X_mm_filtered,Y_mm_filtered,Z_mm_filtered,QX_filtered,QY_filtered,QZ_filtered,QW_filtered
0,1769790335356,0.000000,604.4683,230.6611,-424.9742,0.684569,0.134231,-0.064277,0.713593,1.516931,0.297440,-0.142431,0.137504,-0.440339,0.275903,3.016208,0.082245,0.138629,604.522300,230.709205,-424.790248,0.684541,0.134496,-0.064504,0.713550
1,1769790335367,0.011112,604.5193,230.7222,-424.6793,0.684498,0.134708,-0.064761,0.713528,1.516811,0.298506,-0.143508,0.137575,-0.440313,0.275970,3.016634,0.083854,0.138714,604.565790,230.703567,-424.770324,0.684522,0.134673,-0.064706,0.713516
2,1769790335378,0.022223,604.7823,230.7870,-424.6687,0.684587,0.135208,-0.065211,0.713308,1.517136,0.299639,-0.144517,0.137702,-0.440267,0.276172,3.017356,0.087225,0.138608,604.674095,230.771962,-424.660110,0.684528,0.135101,-0.065219,0.713383
3,1769790335389,0.033334,604.8088,230.7807,-424.5970,0.684529,0.135737,-0.065938,0.713196,1.517073,0.300824,-0.146134,0.137782,-0.440226,0.276225,3.017860,0.089021,0.138613,604.813124,230.830505,-424.550310,0.684548,0.135726,-0.065858,0.713186
4,1769790335400,0.044445,604.8384,230.9519,-424.4636,0.684681,0.136192,-0.066554,0.712906,1.517580,0.301866,-0.147516,0.137839,-0.440198,0.276331,3.018268,0.090737,0.138589,604.921767,230.859110,-424.610733,0.684766,0.136250,-0.066509,0.712817
5,1769790335411,0.055557,605.0851,230.8549,-424.7156,0.684968,0.136929,-0.067023,0.712445,1.518484,0.303553,-0.148582,0.137986,-0.440117,0.276501,3.019225,0.094446,0.138550,605.002948,230.918124,-424.660319,0.685019,0.136850,-0.067167,0.712397
6,1769790335422,0.066668,605.0934,230.9334,-424.8263,0.685522,0.137383,-0.067963,0.711735,1.520129,0.304643,-0.150708,0.138059,-0.440092,0.276577,3.019685,0.096492,0.138408,605.125062,230.944543,-424.728562,0.685356,0.137479,-0.067815,0.711890
7,1769790335433,0.077779,605.2318,231.0762,-424.7109,0.685498,0.138218,-0.068473,0.711547,1.520186,0.306518,-0.151848,0.138159,-0.440043,0.276648,3.020191,0.098520,0.138468,605.239224,230.987690,-424.772910,0.685590,0.138137,-0.068564,0.711466
8,1769790335444,0.088890,605.3409,231.0061,-424.7341,0.685751,0.138775,-0.069282,0.711117,1.520998,0.307805,-0.153667,0.138345,-0.439971,0.276820,3.021137,0.102756,0.138460,605.288448,231.086038,-424.806019,0.685646,0.138793,-0.069300,0.711213
9,1769790335456,0.100001,605.4246,231.2988,-424.7212,0.685601,0.139470,-0.070114,0.711044,1.520710,0.309355,-0.155518,0.138438,-0.439944,0.276906,3.021620,0.105038,0.138401,605.443248,231.284286,-424.694671,0.685616,0.139513,-0.069969,0.711036
10,1769790335467,0.111112,605.5285,231.4931,-424.7454,0.685539,0.140209,-0.070618,0.710908,1.520653,0.311010,-0.156643,0.138610,-0.439854,0.277146,3.022526,0.109339,0.138337,605.634114,231.590019,-424.513562,0.685643,0.140162,-0.070731,0.710806
11,1769790335478,0.122224,605.9814,232.0278,-424.0444,0.685764,0.140912,-0.071450,0.710469,1.521410,0.312623,-0.158517,0.138713,-0.439810,0.277227,3.023089,0.111620,0.138413,605.905448,231.938557,-424.239843,0.685703,0.140875,-0.071489,0.710532
12,1769790335489,0.133335,606.1666,232.2810,-423.9753,0.685881,0.141521,-0.072350,0.710144,1.521859,0.314012,-0.160533,0.138816,-0.439759,0.277351,3.023595,0.113967,0.138448,606.161410,232.197795,-424.000271,0.685934,0.141617,-0.072286,0.710081
13,1769790335500,0.144446,606.4390,232.3649,-423.8665,0.686180,0.142406,-0.073154,0.709596,1.522843,0.316042,-0.162350,0.139043,-0.439659,0.277613,3.024532,0.118770,0.138519,606.411510,232.446971,-423.837614,0.686182,0.142393,-0.073138,0.709598
14,1769790335511,0.155558,606.4675,232.5542,-423.9466,0.686474,0.143236,-0.073968,0.709060,1.523812,0.317951,-0.164193,0.139152,-0.439615,0.277729,3.025051,0.121253,0.138505,606.535743,232.578948,-423.943290,0.686441,0.143178,-0.074037,0.709096
15,1769790335522,0.166669,606.7189,232.8569,-423.9602,0.686531,0.143999,-0.074804,0.708763,1.524112,0.319682,-0.166067,0.139340,-0.439541,0.277995,3.025984,0.126077,0.138361,606.618205,232.780443,-424.063057,0.686499,0.143994,-0.074812,0.708793
16,1769790335533,0.177780,606.6399,232.9235,-424.2650,0.686684,0.144726,-0.075809,0.708359,1.524691,0.321344,-0.168323,0.139446,-0.439507,0.278143,3.026411,0.128669,0.138408,606.661943,232.994881,-424.147967,0.686527,0.144802,-0.075574,0.708521
17,1769790335544,0.188891,606.7130,233.3051,-424.2047,0.686247,0.145631,-0.076161,0.708559,1.523604,0.323330,-0.169093,0.139553,-0.439468,0.278309,3.026817,0.131211,0.138441,606.771771,233.252486,-424.127876,0.686583,0.145603,-0.076399,0.708214
18,1769790335556,0.200002,606.9086,233.4616,-423.9649,0.686847,0.146475,-0.077241,0.707686,1.525450,0.325312,-0.171549,0.139789,-0.439360,0.278630,3.027743,0.136392,0.138540,606.933062,233.543567,-424.073019,0.686722,0.146412,-0.077304,0.707814
19,1769790335567,0.211114,607.2101,233.9308,-423.8693,0.686995,0.147171,-0.078361,0.707276,1.526019,0.326910,-0.174064,0.139896,-0.439307,0.278795,3.028213,0.138977,0.138584,607.175162,233.897610,-423.907057,0.686940,0.147217,-0.078221,0.707334
20,1769790335578,0.222225,607.4634,234.1994,-423.8611,0.687156,0.147994,-0.079300,0.706842,1.526634,0.328793,-0.176178,0.140140,-0.439202,0.279062,3.029282,0.144421,0.138663,607.403219,234.205381,-423.729733,0.687150,0.148009,-0.079260,0.706849
21,1769790335589,0.233337,607.5883,234.4433,-423.5614,0.687342,0.148823,-0.080073,0.706400,1.527308,0.330691,-0.177926,0.140236,-0.439131,0.279192,3.029868,0.147056,0.138574,607.628405,234.386914,-423.605333,0.687317,0.148781,-0.080180,0.706421
22,1769790335600,0.244448,607.8242,234.5150,-423.3806,0.687321,0.149686,-0.081107,0.706120,1.527426,0.332645,-0.180243,0.140340,-0.439067,0.279277,3.030595,0.149764,0.138684,607.864152,234.432743,-423.480871,0.687610,0.149675,-0.081073,0.705845
23,1769790335611,0.255559,608.1695,234.3235,-423.4573,0.687984,0.150477,-0.081980,0.705205,1.529440,0.334523,-0.182249,0.140561,-0.438931,0.279546,3.031764,0.155390,0.138761,608.174910,234.461276,-423.396952,0.687667,0.150601,-0.081956,0.705490
24,1769790335622,0.266670,608.4844,234.5520,-423.3590,0.687918,0.151716,-0.082862,0.704901,1.529474,0.337316,-0.184230,0.140698,-0.438866,0.279658,3.032425,0.158329,0.138924,608.493700,234.558414,-423.340010,0.687737,0.151616,-0.082843,0.705101
25,1769790335633,0.277782,608.7961,234.7554,-423.2999,0.687316,0.152612,-0.083652,0.705201,1.527958,0.339268,-0.185965,0.140855,-0.438799,0.279839,3.032832,0.161451,0.138976,608.684938,234.741638,-423.290771,0.687814,0.152671,-0.083702,0.704697
26,1769790335644,0.288893,608.7957,235.0885,-423.0822,0.687985,0.153724,-0.084591,0.704194,1.530042,0.341873,-0.188125,0.141132,-0.438678,0.280175,3.033747,0.167468,0.139140,608.787210,235.069567,-423.113881,0.687729,0.153669,-0.084586,0.704457
27,1769790335656,0.300004,608.7499,235.2673,-423.0908,0.687993,0.154599,-0.085531,0.703881,1.530244,0.343862,-0.190239,0.141259,-0.438628,0.280350,3.034190,0.170466,0.139179,608.879367,235.293252,-422.989424,0.687907,0.154559,-0.085510,0.703976
28,1769790335667,0.311115,608.9897,235.6494,-422.7617,0.687918,0.155341,-0.086434,0.703681,1.530197,0.345539,-0.192263,0.141514,-0.438520,0.280717,3.035032,0.176349,0.139387,608.983876,235.547071,-422.935448,0.688195,0.155372,-0.086496,0.703396
29,1769790335678,0.322227,609.1989,235.6260,-422.9878,0.688496,0.156252,-0.087428,0.702791,1.532009,0.347685,-0.194540,0.141652,-0.438468,0.280924,3.035366,0.179328,0.139482,609.098481,235.765481,-422.943933,0.688320,0.156214,-0.087408,0.702974
30,1769790335689,0.333338,609.2556,236.0902,-423.0331,0.688460,0.157002,-0.088335,0.702546,1.532074,0.349386,-0.196577,0.141768,-0.438405,0.281095,3.035804,0.182253,0.139548,609.259200,236.016605,-422.948595,0.688402,0.157194,-0.088194,0.702577
31,1769790335700,0.344449,609.2605,236.2212,-422.9526,0.688486,0.158320,-0.088930,0.702149,1.532368,0.352373,-0.197933,0.142045,-0.438254,0.281399,3.036825,0.188063,0.139955,609.392062,236.239195,-422.976319,0.688344,0.158230,-0.088928,0.702309
32,1769790335711,0.355560,609.6179,236.5165,-422.9133,0.688245,0.159318,-0.089618,0.702072,1.531877,0.354606,-0.199469,0.142186,-0.438171,0.281559,3.037315,0.190974,0.140098,609.519495,236.494181,-422.947490,0.688544,0.159170,-0.089829,0.701786
33,1769790335722,0.366680,609.7127,236.6645,-422.8985,0.688588,0.160079,-0.090755,0.701416,1.533032,0.356391,-0.202051,0.142465,-0.438018,0.281833,3.038355,0.196661,0.140597,609.671057,236.672276,-422.918814,0.688895,0.160140,-0.090834,0.701090
34,1769790335733,0.377791,609.7933,236.8691,-422.9897,0.689906,0.160817,-0.092203,0.699762,1.536951,0.358263,-0.205407,0.142583,-0.437948,0.281942,3.038913,0.199590,0.140706,609.868367,236.877448,-422.908952,0.689272,0.160979,-0.091908,0.700388
35,1769790335744,0.388902,610.0020,237.0889,-422.8476,0.689423,0.162006,-0.092898,0.699871,1.535810,0.360897,-0.206946,0.142704,-0.437892,0.282099,3.039340,0.202483,0.140828,610.020267,237.107738,-422.908057,0.689602,0.161817,-0.092981,0.699727
36,1769790335756,0.400013,610.3201,237.2986,-422.8734,0.689521,0.162698,-0.093764,0.699499,1.536251,0.362490,-0.208905,0.142928,-0.437789,0.282435,3.040024,0.208274,0.140838,610.258214,237.287505,-422.892171,0.689628,0.162727,-0.093831,0.699378
37,1769790335767,0.411125,610.4493,237.5903,-422.8857,0.689518,0.163543,-0.094777,0.699168,1.536440,0.364420,-0.211189,0.143031,-0.437725,0.282598,3.040454,0.211190,0.140860,610.487343,237.481567,-422.865038,0.689363,0.163657,-0.094644,0.699312
38,1769790335778,0.422236,610.7595,237.5487,-422.7843,0.689351,0.164605,-0.095422,0.698996,1.536172,0.366810,-0.212642,0.143273,-0.437589,0.282969,3.041143,0.217095,0.140947,610.701886,237.758295,-422.734533,0.689428,0.164519,-0.095619,0.698913
39,1769790335789,0.433347,610.8795,238.0261,-422.6515,0.689351,0.165513,-0.096649,0.698612,1.536400,0.368889,-0.215407,0.143426,-0.437523,0.283147,3.041483,0.220168,0.141075,610.967305,237.979948,-422.561267,0.689538,0.165477,-0.096587,0.698445
40,1769790335800,0.444458,611.2232,238.3549,-422.2491,0.689873,0.166369,-0.097632,0.697757,1.538074,0.370921,-0.217672,0.143566,-0.437443,0.283338,3.041831,0.223167,0.141258,611.210443,238.194986,-422.420324,0.689701,0.166474,-0.097534,0.697916
41,1769790335811,0.455570,611.5878,238.1989,-422.4802,0.690006,0.167435,-0.098454,0.697255,1.538670,0.373369,-0.219546,0.143808,-0.437312,0.283674,3.042596,0.228998,0.141514,611.485367,238.257895,-422.554262,0.689975,0.167412,-0.098522,0.697282
42,1769790335822,0.466681,611.6052,238.3979,-422.6626,0.690017,0.168478,-0.099354,0.696865,1.538929,0.375752,-0.221588,0.143932,-0.437234,0.283815,3.043033,0.231916,0.141688,611.745262,238.325629,-422.677581,0.690149,0.168367,-0.099378,0.696757
43,1769790335833,0.477792,612.0712,238.1994,-423.1382,0.690303,0.169239,-0.100306,0.696261,1.539926,0.377538,-0.223762,0.144070,-0.437159,0.283956,3.043486,0.234935,0.141866,611.969024,238.498576,-422.778005,0.690103,0.169348,-0.100206,0.696447
44,1769790335844,0.488903,612.1127,239.0362,-422.4963,0.690086,0.170265,-0.101076,0.696114,1.539530,0.379849,-0.225492,0.144351,-0.437012,0.284323,3.044084,0.240828,0.142228,612.181019,238.843962,-422.717910,0.690184,0.170286,-0.101157,0.696000
45,1769790335856,0.500014,612.3943,239.2290,-422.5263,0.690005,0.171280,-0.101958,0.695816,1.539529,0.382157,-0.227487,0.144485,-0.436949,0.284526,3.044326,0.243751,0.142373,612.354986,239.210305,-422.593367,0.690139,0.171181,-0.102066,0.695692
46,1769790335867,0.511126,612.4781,239.5521,-422.5520,0.690429,0.172117,-0.103186,0.695009,1.540958,0.384146,-0.230299,0.144778,-0.436773,0.284828,3.045086,0.249653,0.142870,612.411971,239.558748,-422.488395,0.690139,0.172116,-0.102966,0.695329
47,1769790335878,0.522237,612.4274,239.7764,-422.5342,0.689956,0.172940,-0.103769,0.695186,1.539797,0.385957,-0.231583,0.144887,-0.436694,0.284988,3.045467,0.252496,0.143049,612.510114,239.752210,-422.556562,0.690267,0.173058,-0.103878,0.694832
48,1769790335889,0.533348,612.5678,239.9240,-422.6026,0.690473,0.174013,-0.104701,0.694265,1.541503,0.388490,-0.233747,0.145017,-0.436631,0.285168,3.045743,0.255368,0.143217,612.591643,239.999324,-422.563048,0.690351,0.173989,-0.104714,0.694391
49,1769790335900,0.544460,612.7623,240.3226,-422.4955,0.690459,0.175032,-0.105552,0.693894,1.541694,0.390820,-0.235682,0.145223,-0.436482,0.285466,3.046498,0.260968,0.143510,612.698957,240.300529,-422.486714,0.690366,0.174914,-0.105536,0.694019
50,1769790335911,0.555571,612.8996,240.5387,-422.5260,0.690362,0.175779,-0.106319,0.693685,1.541604,0.392520,-0.237414,0.145326,-0.436405,0.285629,3.046824,0.263717,0.143525,612.907676,240.573124,-422.491676,0.690446,0.175824,-0.106343,0.693586
51,1769790335922,0.566682,613.0164,240.9453,-422.3769,0.690398,0.176645,-0.107215,0.693291,1.541920,0.394516,-0.239451,0.145591,-0.436248,0.286018,3.047289,0.269497,0.143831,613.148033,240.762438,-422.583429,0.690351,0.176732,-0.107052,0.693340
52,1769790335933,0.577793,613.4188,240.8921,-422.8242,0.690371,0.177656,-0.107657,0.692991,1.542040,0.396820,-0.240466,0.145693,-0.436172,0.286177,3.047615,0.272181,0.143932,613.295895,241.026605,-422.717324,0.690390,0.177647,-0.107807,0.692951
53,1769790335944,0.588904,613.5066,241.1191,-422.9016,0.690465,0.178671,-0.108584,0.692491,1.542550,0.399164,-0.242586,0.145834,-0.436102,0.286356,3.047794,0.275008,0.144155,613.337243,241.346214,-422.825062,0.690598,0.178546,-0.108704,0.692372
54,1769790335956,0.600016,613.2938,241.8339,-422.7368,0.690814,0.179416,-0.109636,0.691784,1.543756,0.400940,-0.245003,0.146096,-0.435970,0.286713,3.048133,0.280628,0.144484,613.476571,241.542410,-422.767500,0.690772,0.179471,-0.109543,0.691827
55,1769790335967,0.611127,613.4557,241.7725,-422.5870,0.691099,0.180209,-0.110603,0.691140,1.544779,0.402813,-0.247226,0.146237,-0.435901,0.286895,3.048254,0.283346,0.144677,613.658862,241.644781,-422.492295,0.690885,0.180327,-0.110403,0.691354
56,1769790335978,0.622238,614.1784,241.4976,-422.0953,0.690789,0.181337,-0.110939,0.691101,1.544110,0.405340,-0.247980,0.146483,-0.435749,0.287173,3.048777,0.288604,0.145018,613.967995,241.741381,-422.145119,0.690876,0.181196,-0.111123,0.691021
57,1769790335989,0.633349,614.2906,241.5374,-421.9882,0.690779,0.181997,-0.111767,0.690804,1.544267,0.406863,-0.249859,0.146586,-0.435667,0.287318,3.049026,0.291031,0.145244,614.177938,241.599548,-422.052462,0.690869,0.182066,-0.111766,0.690696
58,1769790336000,0.644461,614.3705,242.0207,-421.8922,0.690853,0.182903,-0.112471,0.690376,1.544689,0.408956,-0.251476,0.146695,-0.435596,0.287435,3.049310,0.293451,0.145510,614.354795,241.674871,-422.137786,0.690939,0.182841,-0.112461,0.690308
59,1769790336011,0.655572,614.1892,241.5496,-422.5773,0.691234,0.183545,-0.113182,0.689708,1.545943,0.410497,-0.253130,0.146921,-0.435439,0.287684,3.049833,0.298211,0.146028,614.558695,241.905510,-422.232005,0.691096,0.183570,-0.113167,0.689842
60,1769790336022,0.666683,614.9690,242.2898,-422.3800,0.691212,0.184228,-0.113908,0.689428,1.546063,0.412070,-0.254782,0.147036,-0.435372,0.287817,3.050039,0.300486,0.146302,614.783957,242.243281,-422.278071,0.691162,0.184301,-0.113835,0.689470
61,1769790336033,0.677794,615.2762,242.6559,-421.9984,0.691070,0.185091,-0.114326,0.689270,1.545840,0.414027,-0.255733,0.147136,-0.435293,0.287915,3.050378,0.302611,0.146576,615.036638,242.598271,-422.308757,0.691150,0.184968,-0.114497,0.689195
62,1769790336044,0.688906,614.9862,243.1396,-422.2857,0.690993,0.185612,-0.115218,0.689058,1.545798,0.415226,-0.257750,0.147360,-0.435158,0.288193,3.050683,0.307179,0.147072,615.244124,243.021305,-422.208686,0.690922,0.185681,-0.115064,0.689137
63,1769790336056,0.700017,615.3006,243.2794,-422.4160,0.690940,0.186317,-0.115697,0.688841,1.545809,0.416840,-0.258843,0.147458,-0.435099,0.288308,3.050864,0.309362,0.147249,615.231400,243.336352,-422.307667,0.690935,0.186347,-0.115689,0.688840
64,1769790336067,0.711128,615.3118,243.5248,-422.3473,0.690695,0.187063,-0.116151,0.688808,1.545281,0.418513,-0.259863,0.147645,-0.434971,0.288566,3.051189,0.313591,0.147583,615.282757,243.730376,-422.440481,0.691007,0.186994,-0.116327,0.688485
65,1769790336078,0.722239,615.3508,244.2431,-422.5656,0.691456,0.187608,-0.117064,0.687742,1.547628,0.419906,-0.262015,0.147745,-0.434919,0.288740,3.051158,0.315821,0.147641,615.400557,244.103510,-422.563800,0.691090,0.187666,-0.116899,0.688121
66,1769790336089,0.733351,615.4879,244.4981,-422.5905,0.691118,0.188311,-0.117485,0.687817,1.546825,0.421468,-0.262949,0.147836,-0.434883,0.288859,3.051269,0.317862,0.147789,615.453357,244.382062,-422.631257,0.691196,0.188224,-0.117481,0.687763
67,1769790336100,0.744462,615.5115,244.5360,-422.8512,0.691149,0.188853,-0.118106,0.687531,1.547068,0.422729,-0.264370,0.147998,-0.434784,0.289136,3.051397,0.321779,0.147936,615.543133,244.546267,-422.669105,0.691251,0.188869,-0.118162,0.687414
68,1769790336111,0.755573,615.6530,244.4162,-422.4882,0.691230,0.189402,-0.118682,0.687199,1.547450,0.424013,-0.265693,0.148066,-0.434725,0.289249,3.051562,0.323593,0.148055,615.625443,244.559767,-422.603724,0.691114,0.189605,-0.118825,0.687235
69,1769790336132,0.776254,615.6809,244.7011,-422.5262,0.691117,0.190503,-0.119707,0.686830,1.547421,0.426538,-0.268026,0.148304,-0.434582,0.289628,3.051749,0.329090,0.148405,615.675881,244.664567,-422.549319,0.691165,0.190337,-0.119521,0.686861
70,1769790336143,0.787365,615.7458,244.7746,-422.4801,0.691096,0.191103,-0.120175,0.686604,1.547509,0.427920,-0.269096,0.148367,-0.434539,0.289738,3.051843,0.330833,0.148486,615.749005,244.770152,-422.463348,0.691159,0.191074,-0.120133,0.686555
71,1769790336154,0.798476,615.7953,244.9564,-422.5421,0.691274,0.191640,-0.120591,0.686201,1.548153,0.429189,-0.270072,0.148514,-0.434444,0.289933,3.052038,0.334182,0.148767,615.823848,244.843867,-422.522990,0.691176,0.191681,-0.120690,0.686271
72,1769790336165,0.809587,615.9551,244.7888,-422.4782,0.691172,0.192165,-0.121139,0.686061,1.548008,0.430389,-0.271314,0.148581,-0.434397,0.290030,3.052142,0.335746,0.148951,615.921400,244.854476,-422.538200,0.691223,0.192117,-0.121191,0.686014
73,1769790336176,0.820699,616.0750,244.8685,-422.6185,0.691296,0.192512,-0.121732,0.685734,1.548483,0.431221,-0.272675,0.148648,-0.434342,0.290126,3.052256,0.337287,0.149097,616.090667,244.961305,-422.538624,0.691260,0.192569,-0.121672,0.685764
74,1769790336187,0.831810,616.2167,245.1152,-422.5097,0.691303,0.193017,-0.122245,0.685493,1.548646,0.432394,-0.273850,0.148824,-0.434223,0.290281,3.052531,0.340539,0.149503,616.281100,245.103443,-422.502362,0.691362,0.193016,-0.122134,0.685453
75,1769790336198,0.842921,616.5419,245.3971,-422.4629,0.691454,0.193478,-0.122377,0.685187,1.549170,0.433479,-0.274180,0.148887,-0.434184,0.290360,3.052626,0.341936,0.149694,616.460538,245.280905,-422.533590,0.691505,0.193460,-0.122551,0.685110
76,1769790336210,0.854033,616.5859,245.4137,-422.5003,0.691725,0.193939,-0.122931,0.684684,1.550081,0.434596,-0.275475,0.148932,-0.434148,0.290442,3.052737,0.343262,0.149803,616.596148,245.433386,-422.529195,0.691575,0.193944,-0.122884,0.684843
77,1769790336221,0.865144,616.6738,245.4612,-422.6790,0.691577,0.194376,-0.123295,0.684644,1.549775,0.435584,-0.276294,0.149065,-0.434046,0.290543,3.053053,0.346054,0.150148,616.662786,245.573233,-422.550714,0.691585,0.194403,-0.123197,0.684647
78,1769790336232,0.876255,616.6369,245.7328,-422.5155,0.691510,0.194881,-0.123460,0.684539,1.549688,0.436732,-0.276676,0.149129,-0.434011,0.290645,3.053059,0.347287,0.150329,616.637638,245.679867,-422.579052,0.691579,0.194862,-0.123539,0.684460
79,1769790336243,0.887366,616.6436,245.8758,-422.5395,0.691520,0.195277,-0.123819,0.684351,1.549825,0.437653,-0.277502,0.149242,-0.433913,0.290789,3.053234,0.349815,0.150598,616.643629,245.819343,-422.575900,0.691597,0.195270,-0.123852,0.684268
80,1769790336254,0.898478,616.6290,245.8289,-422.6353,0.691744,0.195660,-0.124190,0.683948,1.550572,0.438579,-0.278376,0.149293,-0.433893,0.290886,3.053193,0.350975,0.150662,616.678771,245.879471,-422.580781,0.691657,0.195624,-0.124181,0.684047
81,1769790336265,0.909589,616.7666,245.9040,-422.6202,0.691740,0.195911,-0.124596,0.683806,1.550648,0.439166,-0.279302,0.149361,-0.433857,0.290953,3.053259,0.352156,0.150870,616.765557,245.867581,-422.672890,0.691647,0.195946,-0.124514,0.683905
82,1769790336276,0.920700,616.8669,245.7814,-422.7422,0.691558,0.196247,-0.124771,0.683861,1.550207,0.439911,-0.279687,0.149434,-0.433792,0.291095,3.053389,0.354096,0.151158,616.828524,245.776610,-422.742129,0.691635,0.196295,-0.124816,0.683761
83,1769790336287,0.931811,616.8869,245.8162,-422.8120,0.691506,0.196643,-0.125061,0.683748,1.550158,0.440817,-0.280351,0.149483,-0.433769,0.291163,3.053389,0.355165,0.151266,616.850890,245.785324,-422.748790,0.691616,0.196606,-0.125111,0.683638
84,1769790336298,0.942923,616.7913,245.6905,-422.7496,0.691736,0.196970,-0.125432,0.683353,1.550913,0.441619,-0.281227,0.149534,-0.433732,0.291218,3.053466,0.356141,0.151384,616.835586,245.870205,-422.744019,0.691639,0.196909,-0.125388,0.683476
85,1769790336310,0.954034,616.7820,246.1444,-422.6398,0.691720,0.197098,-0.125712,0.683281,1.550921,0.441918,-0.281862,0.149620,-0.433664,0.291324,3.053578,0.358063,0.151538,616.782757,246.049124,-422.713924,0.691674,0.197168,-0.125682,0.683313
86,1769790336321,0.965145,616.8383,246.2702,-422.7098,0.691635,0.197393,-0.125931,0.683241,1.550756,0.442587,-0.282358,0.149676,-0.433645,0.291427,3.053470,0.358945,0.151704,616.769695,246.213414,-422.702629,0.691684,0.197382,-0.125969,0.683187
87,1769790336332,0.976256,616.7938,246.3348,-422.7246,0.691591,0.197624,-0.126210,0.683167,1.550702,0.443118,-0.282991,0.149764,-0.433598,0.291544,3.053478,0.360685,0.151778,616.919076,246.317057,-422.682490,0.691589,0.197608,-0.126238,0.683168
88,1769790336343,0.987368,617.0610,246.3168,-422.6840,0.691646,0.197822,-0.126550,0.682991,1.550932,0.443593,-0.283773,0.149786,-0.433567,0.291597,3.053521,0.361428,0.151775,617.109843,246.336324,-422.647757,0.691583,0.197848,-0.126503,0.683057
89,1769790336354,0.998479,617.4712,246.3372,-422.5383,0.691540,0.198074,-0.126757,0.682988,1.550696,0.444157,-0.284238,0.149883,-0.433507,0.291662,3.053648,0.362960,0.152007,617.326171,246.458052,-422.611295,0.691732,0.198035,-0.126761,0.682804
90,1769790336365,1.009590,617.4144,246.6356,-422.5689,0.691878,0.198231,-0.126951,0.682563,1.551712,0.444584,-0.284721,0.149889,-0.433494,0.291696,3.053700,0.363487,0.152060,617.414424,246.571038,-422.586248,0.691825,0.198251,-0.126961,0.682609
91,1769790336376,1.020701,617.4522,246.8077,-422.6595,0.692087,0.198408,-0.127160,0.682261,1.552365,0.445034,-0.285223,0.149938,-0.433475,0.291753,3.053637,0.364196,0.152074,617.385343,246.688800,-422.571576,0.691825,0.198451,-0.127168,0.682513
92,1769790336387,1.031812,617.1813,246.6714,-422.5905,0.691662,0.198701,-0.127286,0.682583,1.551216,0.445633,-0.285469,0.149997,-0.433432,0.291843,3.053615,0.365364,0.152195,617.382610,246.800919,-422.658957,0.691846,0.198626,-0.127287,0.682419
93,1769790336398,1.042924,617.4388,246.8109,-422.6161,0.691661,0.198781,-0.127534,0.682515,1.551254,0.445825,-0.286034,0.150010,-0.433422,0.291863,3.053669,0.365819,0.152261,617.412319,246.805505,-422.666224,0.691760,0.198832,-0.127428,0.682419
94,1769790336410,1.054035,617.6277,246.9209,-422.8325,0.691917,0.198944,-0.127393,0.682234,1.552001,0.446240,-0.285749,0.150038,-0.433390,0.291908,3.053650,0.366282,0.152285,617.471157,246.809090,-422.679495,0.691785,0.198973,-0.127571,0.682326
95,1769790336421,1.065146,617.3821,246.7936,-422.5383,0.691836,0.199133,-0.127826,0.682180,1.551851,0.446674,-0.286726,0.150075,-0.433378,0.291980,3.053588,0.367116,0.152286,617.480919,246.914652,-422.640038,0.691924,0.199017,-0.127770,0.682135
96,1769790336432,1.076257,617.4705,246.9236,-422.6578,0.692073,0.199018,-0.127944,0.681951,1.552522,0.446456,-0.287015,0.150073,-0.433361,0.291992,3.053646,0.367404,0.152247,617.420524,246.941186,-422.600129,0.692005,0.199057,-0.127882,0.682020
97,1769790336443,1.087368,617.2380,247.1260,-422.4552,0.691977,0.199003,-0.128140,0.682016,1.552266,0.446410,-0.287448,0.150109,-0.433352,0.292049,3.053589,0.367930,0.152377,617.312586,247.002905,-422.543833,0.691972,0.199081,-0.128122,0.682002
98,1769790336454,1.098480,617.4162,246.9412,-422.6510,0.691985,0.199144,-0.128040,0.681986,1.552303,0.446733,-0.287227,0.150104,-0.433330,0.292083,3.053574,0.368054,0.152341,617.320838,247.028143,-422.593000,0.691947,0.199121,-0.128244,0.681992
99,1769790336465,1.109591,617.2186,247.0912,-422.5906,0.691828,0.199221,-0.128554,0.682025,1.551928,0.446899,-0.288375,0.150136,-0.433310,0.292081,3.053625,0.368389,0.152434,617.345448,247.021462,-422.609100,0.691923,0.199182,-0.128326,0.681984
100,1769790336476,1.120702,617.4843,246.9112,-422.6702,0.691971,0.199230,-0.128343,0.681918,1.552313,0.446936,-0.287915,0.150123,-0.433305,0.292086,3.053667,0.368425,0.152419,617.427862,246.995552,-422.652419,0.691998,0.199208,-0.128366,0.681892
101,1769790336487,1.131813,617.5078,247.1089,-422.6431,0.692150,0.199143,-0.128261,0.681777,1.552801,0.446767,-0.287746,0.150140,-0.433301,0.292107,3.053621,0.368452,0.152429,617.479000,247.069133,-422.650905,0.692075,0.199193,-0.128359,0.681820
102,1769790336498,1.142925,617.4876,247.0798,-422.6248,0.692192,0.199187,-0.128318,0.681711,1.552934,0.446876,-0.287883,0.150119,-0.433307,0.292123,3.053587,0.368372,0.152384,617.501743,247.114590,-422.626543,0.692163,0.199180,-0.128249,0.681755
103,1769790336510,1.154036,617.4994,247.2417,-422.6549,0.692144,0.199206,-0.128196,0.681777,1.552786,0.446908,-0.287602,0.150107,-0.433322,0.292120,3.053565,0.368293,0.152310,617.467210,247.159719,-422.612205,0.692193,0.199196,-0.128205,0.681728
104,1769790336521,1.165147,617.3243,247.1864,-422.5186,0.692201,0.199223,-0.128208,0.681712,1.552953,0.446957,-0.287635,0.150094,-0.433317,0.292113,3.053607,0.368245,0.152308,617.388490,247.237014,-422.604214,0.692234,0.199247,-0.128194,0.681673
105,1769790336532,1.176258,617.4542,247.1831,-422.6947,0.692271,0.199265,-0.128141,0.681641,1.553154,0.447063,-0.287493,0.150096,-0.433327,0.292117,3.053580,0.368256,0.152313,617.351438,247.300848,-422.630133,0.692227,0.199240,-0.128238,0.681675
106,1769790336543,1.187369,617.2366,247.4943,-422.6307,0.692311,0.199270,-0.128367,0.681557,1.553295,0.447091,-0.288010,0.150106,-0.433324,0.292118,3.053581,0.368259,0.152351,617.380471,247.270357,-422.680548,0.692239,0.199230,-0.128333,0.681647
107,1769790336554,1.198480,617.4952,247.1904,-422.7598,0.692089,0.199143,-0.128469,0.681800,1.552649,0.446762,-0.288211,0.150108,-0.433327,0.292087,3.053668,0.368287,0.152385,617.463910,247.240867,-422.732733,0.692220,0.199218,-0.128386,0.681660
108,1769790336565,1.209591,617.5866,247.0924,-422.7602,0.692258,0.199227,-0.128400,0.681616,1.553141,0.446983,-0.288077,0.150113,-0.433333,0.292069,3.053690,0.368335,0.152329,617.503029,247.203171,-422.723190,0.692195,0.199204,-0.128413,0.681685
109,1769790336576,1.220703,617.5483,247.1883,-422.6885,0.692201,0.199222,-0.128331,0.681689,1.552969,0.446958,-0.287914,0.150125,-0.433325,0.292075,3.053691,0.368368,0.152400,617.574895,247.151781,-422.735310,0.692184,0.199197,-0.128389,0.681702
110,1769790336587,1.231814,617.5112,247.2681,-422.6945,0.692213,0.199207,-0.128394,0.681669,1.553008,0.446930,-0.288056,0.150100,-0.433342,0.292083,3.053671,0.368278,0.152345,617.565562,247.246186,-422.698686,0.692240,0.199222,-0.128406,0.681635
111,1769790336598,1.242925,617.5693,247.2867,-422.7052,0.692241,0.199194,-0.128460,0.681632,1.553093,0.446906,-0.288209,0.150106,-0.433352,0.292102,3.053633,0.368286,0.152372,617.522781,247.322938,-422.655710,0.692270,0.199211,-0.128426,0.681604
112,1769790336610,1.254036,617.5362,247.3682,-422.6199,0.692365,0.199242,-0.128487,0.681487,1.553460,0.447039,-0.288286,0.150094,-0.433358,0.292081,3.053670,0.368273,0.152332,617.492586,247.308219,-422.642819,0.692345,0.199214,-0.128439,0.681525
113,1769790336621,1.265148,617.3926,247.2789,-422.5860,0.692394,0.199200,-0.128348,0.681496,1.553519,0.446943,-0.287973,0.150105,-0.433348,0.292088,3.053688,0.368249,0.152399,617.462071,247.259357,-422.612052,0.692370,0.199216,-0.128405,0.681505
114,1769790336632,1.276259,617.4703,247.1299,-422.6780,0.692377,0.199220,-0.128394,0.681498,1.553480,0.446989,-0.288077,0.150118,-0.433342,0.292092,3.053675,0.368293,0.152384,617.467419,247.204471,-422.652505,0.692347,0.199214,-0.128389,0.681532
115,1769790336643,1.287370,617.5142,247.1579,-422.6639,0.692247,0.199200,-0.128375,0.681641,1.553100,0.446919,-0.288017,0.150111,-0.433368,0.292107,3.053634,0.368292,0.152384,617.534400,247.145710,-422.726090,0.692275,0.199205,-0.128378,0.681610
116,1769790336654,1.298481,617.6559,247.1460,-422.8773,0.692236,0.199207,-0.128469,0.681631,1.553083,0.446936,-0.288230,0.150105,-0.433354,0.292133,3.053619,0.368299,0.152355,617.626081,247.123090,-422.808810,0.692270,0.199201,-0.128452,0.681602
117,1769790336665,1.309593,617.6774,247.1027,-422.8120,0.692264,0.199200,-0.128440,0.681611,1.553158,0.446924,-0.288166,0.150107,-0.433356,0.292122,3.053658,0.368242,0.152386,617.650157,247.097152,-422.827129,0.692291,0.199202,-0.128494,0.681573
118,1769790336676,1.320704,617.6359,247.0546,-422.8427,0.692441,0.199187,-0.128632,0.681398,1.553685,0.446931,-0.288622,0.150110,-0.433340,0.292117,3.053739,0.368265,0.152389,617.653667,247.044924,-422.805381,0.692365,0.199195,-0.128556,0.681487
119,1769790336687,1.331816,617.5633,246.9982,-422.7008,0.692353,0.199226,-0.128536,0.681495,1.553428,0.447003,-0.288396,0.150112,-0.433350,0.292155,3.053644,0.368302,0.152305,617.588648,247.039543,-422.734129,0.692373,0.199215,-0.128584,0.681469
120,1769790336698,1.342927,617.5656,247.0454,-422.6862,0.692425,0.199185,-0.128627,0.681416,1.553637,0.446924,-0.288609,0.150116,-0.433355,0.292164,3.053647,0.368286,0.152344,617.503286,247.064557,-422.705257,0.692408,0.199216,-0.128605,0.681429
121,1769790336710,1.354038,617.4023,247.1513,-422.7127,0.692304,0.199270,-0.128568,0.681526,1.553298,0.447095,-0.288464,0.150119,-0.433351,0.292167,3.053671,0.368262,0.152332,617.438519,247.078948,-422.713395,0.692395,0.199208,-0.128558,0.681453
122,1769790336721,1.365149,617.3589,247.1135,-422.7409,0.692535,0.199151,-0.128559,0.681328,1.553937,0.446863,-0.288467,0.150121,-0.433348,0.292174,3.053683,0.368241,0.152388,617.366452,247.122448,-422.739376,0.692418,0.199201,-0.128572,0.681429
123,1769790336732,1.376261,617.4067,247.0790,-422.8004,0.692376,0.199171,-0.128500,0.681495,1.553479,0.446879,-0.288314,0.150113,-0.433371,0.292196,3.053631,0.368205,0.152282,617.404781,247.125095,-422.775148,0.692433,0.199163,-0.128542,0.681430
124,1769790336743,1.387372,617.3962,247.2385,-422.6942,0.692445,0.199181,-0.128611,0.681401,1.553691,0.446917,-0.288573,0.150134,-0.433361,0.292166,3.053711,0.368287,0.152343,617.493805,247.187595,-422.734819,0.692460,0.199129,-0.128535,0.681414
125,1769790336754,1.398483,617.7148,247.2301,-422.7388,0.692467,0.199065,-0.128475,0.681437,1.553719,0.446652,-0.288265,0.150144,-0.433363,0.292198,3.053644,0.368316,0.152293,617.560795,247.346262,-422.617876,0.692418,0.199155,-0.128518,0.681452
126,1769790336765,1.409595,617.5486,247.5457,-422.4587,0.692431,0.199200,-0.128504,0.681428,1.553644,0.446955,-0.288332,0.150154,-0.433360,0.292188,3.053675,0.368354,0.152306,617.578505,247.468443,-422.532038,0.692434,0.199185,-0.128488,0.681433
127,1769790336776,1.420706,617.5252,247.6298,-422.4184,0.692394,0.199247,-0.128477,0.681458,1.553541,0.447056,-0.288267,0.150166,-0.433360,0.292206,3.053623,0.368433,0.152311,617.560705,247.528729,-422.526090,0.692443,0.199195,-0.128484,0.681422
128,1769790336787,1.431817,617.4868,247.4719,-422.6441,0.692490,0.199215,-0.128473,0.681370,1.553812,0.446998,-0.288268,0.150147,-0.433345,0.292199,3.053704,0.368324,0.152300,617.498981,247.599662,-422.557629,0.692487,0.199211,-0.128528,0.681364
129,1769790336798,1.442928,617.4836,247.5576,-422.6977,0.692562,0.199120,-0.128620,0.681298,1.554016,0.446799,-0.288607,0.150171,-0.433341,0.292182,3.053743,0.368398,0.152345,617.473743,247.563743,-422.669829,0.692539,0.199169,-0.128548,0.681320
130,1769790336810,1.454039,617.4584,247.6485,-422.7094,0.692588,0.199163,-0.128555,0.681271,1.554091,0.446899,-0.288463,0.150162,-0.433344,0.292179,3.053745,0.368381,0.152317,617.364781,247.548714,-422.754390,0.692556,0.199141,-0.128550,0.681311
131,1769790336821,1.465151,617.2866,247.4786,-422.7609,0.692529,0.199118,-0.128515,0.681351,1.553910,0.446784,-0.288364,0.150164,-0.433351,0.292178,3.053744,0.368369,0.152286,617.341938,247.543100,-422.752171,0.692546,0.199122,-0.128535,0.681329
132,1769790336832,1.476262,617.2230,247.5104,-422.7795,0.692493,0.199124,-0.128486,0.681392,1.553803,0.446791,-0.288295,0.150148,-0.433355,0.292193,3.053710,0.368297,0.152324,617.384914,247.504000,-422.723548,0.692538,0.199111,-0.128507,0.681345
133,1769790336843,1.487373,617.6243,247.4605,-422.6546,0.692573,0.199070,-0.128534,0.681317,1.554029,0.446684,-0.288411,0.150152,-0.433346,0.292164,3.053799,0.368308,0.152300,617.489367,247.486176,-422.686038,0.692539,0.199076,-0.128519,0.681353
134,1769790336854,1.498484,617.6320,247.5045,-422.6164,0.692570,0.199058,-0.128567,0.681317,1.554024,0.446656,-0.288485,0.150169,-0.433350,0.292172,3.053761,0.368341,0.152341,617.587552,247.487690,-422.672971,0.692568,0.199062,-0.128569,0.681318
135,1769790336865,1.509596,617.6236,247.4836,-422.6685,0.692556,0.199041,-0.128583,0.681334,1.553982,0.446615,-0.288518,0.150146,-0.433350,0.292169,3.053805,0.368257,0.152337,617.639519,247.448371,-422.645424,0.692575,0.199051,-0.128606,0.681307
136,1769790336876,1.520707,617.5186,247.3464,-422.7101,0.692579,0.199066,-0.128674,0.681286,1.554062,0.446680,-0.288729,0.150150,-0.433343,0.292170,3.053786,0.368301,0.152309,617.593943,247.363919,-422.634667,0.692546,0.199050,-0.128615,0.681335
137,1769790336887,1.531818,617.6122,247.2839,-422.5340,0.692500,0.199056,-0.128591,0.681384,1.553826,0.446640,-0.288532,0.150146,-0.433357,0.292198,3.053701,0.368306,0.152281,617.541733,247.272290,-422.585243,0.692512,0.199058,-0.128624,0.681366
138,1769790336898,1.542929,617.5512,247.1436,-422.5457,0.692473,0.199049,-0.128607,0.681411,1.553748,0.446620,-0.288565,0.150164,-0.433344,0.292179,3.053762,0.368354,0.152346,617.532990,247.195657,-422.552562,0.692481,0.199067,-0.128625,0.681394
139,1769790336910,1.554041,617.4366,247.2054,-422.5174,0.692453,0.199088,-0.128646,0.681413,1.553701,0.446706,-0.288651,0.150146,-0.433346,0.292168,3.053778,0.368322,0.152297,617.529524,247.163533,-422.552305,0.692467,0.199070,-0.128629,0.681407
140,1769790336921,1.565152,617.6222,247.1336,-422.6538,0.692474,0.199062,-0.128641,0.681399,1.553758,0.446651,-0.288642,0.150146,-0.433348,0.292174,3.053775,0.368303,0.152279,617.548210,247.143305,-422.606067,0.692466,0.199064,-0.128645,0.681406
141,1769790336932,1.576263,617.5668,247.1525,-422.6396,0.692488,0.199052,-0.128661,0.681384,1.553799,0.446630,-0.288688,0.150140,-0.433355,0.292173,3.053774,0.368298,0.152266,617.623276,247.149771,-422.643252,0.692463,0.199034,-0.128643,0.681418
142,1769790336943,1.587374,617.7382,247.1416,-422.6605,0.692432,0.198997,-0.128601,0.681469,1.553622,0.446493,-0.288544,0.150151,-0.433350,0.292182,3.053730,0.368338,0.152281,617.708548,247.153286,-422.670819,0.692457,0.199011,-0.128617,0.681436
143,1769790336954,1.598486,617.7536,247.1805,-422.6709,0.692446,0.198981,-0.128612,0.681457,1.553659,0.446460,-0.288570,0.150161,-0.433344,0.292165,3.053771,0.368390,0.152287,617.738757,247.178795,-422.654571,0.692441,0.199009,-0.128600,0.681457
144,1769790336965,1.609597,617.7547,247.2220,-422.6641,0.692440,0.199052,-0.128566,0.681451,1.553650,0.446620,-0.288468,0.150139,-0.433351,0.292148,3.053810,0.368331,0.152284,617.763681,247.195895,-422.668886,0.692435,0.199025,-0.128589,0.681460
145,1769790336976,1.620708,617.7339,247.2131,-422.6591,0.692436,0.199052,-0.128606,0.681448,1.553642,0.446619,-0.288558,0.150157,-0.433347,0.292157,3.053793,0.368364,0.152333,617.730476,247.233010,-422.695467,0.692445,0.199059,-0.128590,0.681439
146,1769790336987,1.631819,617.6882,247.2600,-422.7432,0.692460,0.199080,-0.128602,0.681416,1.553716,0.446688,-0.288553,0.150144,-0.433343,0.292120,3.053882,0.368351,0.152354,617.703533,247.285800,-422.729819,0.692445,0.199078,-0.128608,0.681430
147,1769790336998,1.642930,617.6581,247.3508,-422.7570,0.692467,0.199084,-0.128599,0.681408,1.553737,0.446699,-0.288547,0.150130,-0.433340,0.292146,3.053835,0.368295,0.152291,617.644424,247.322024,-422.728014,0.692470,0.199072,-0.128603,0.681408
148,1769790337010,1.654041,617.6067,247.4006,-422.7077,0.692489,0.199060,-0.128641,0.681385,1.553799,0.446650,-0.288644,0.150143,-0.433347,0.292131,3.053836,0.368381,0.152344,617.577571,247.391119,-422.677986,0.692545,0.199062,-0.128626,0.681331
149,1769790337021,1.665153,617.4861,247.3542,-422.5732,0.692591,0.199054,-0.128538,0.681303,1.554078,0.446649,-0.288422,0.150119,-0.433347,0.292140,3.053813,0.368355,0.152257,617.547862,247.404629,-422.610762,0.692548,0.199077,-0.128574,0.681333
150,1769790337032,1.676264,617.4969,247.4573,-422.5424,0.692647,0.199064,-0.128643,0.681223,1.554252,0.446687,-0.288667,0.150125,-0.433335,0.292097,3.053941,0.368368,0.152386,617.489243,247.379014,-422.570852,0.692542,0.199086,-0.128522,0.681345
151,1769790337043,1.687375,617.5353,247.2732,-422.6180,0.692390,0.199142,-0.128339,0.681519,1.553495,0.446809,-0.287951,0.150099,-0.433350,0.292141,3.053811,0.368355,0.152322,617.442281,247.303114,-422.605800,0.692530,0.199066,-0.128483,0.681372
152,1769790337054,1.698486,617.3615,247.2408,-422.6628,0.692548,0.199013,-0.128514,0.681363,1.553944,0.446547,-0.288361,0.150110,-0.433338,0.292111,3.053895,0.368348,0.152401,617.456076,247.231562,-422.689657,0.692523,0.199024,-0.128486,0.681391
153,1769790337065,1.709597,617.4605,247.1144,-422.7768,0.692600,0.198930,-0.128529,0.681332,1.554080,0.446366,-0.288398,0.150072,-0.433352,0.292086,3.053955,0.368229,0.152374,617.499967,247.168929,-422.714833,0.692592,0.198971,-0.128511,0.681331
154,1769790337076,1.720709,617.6180,247.1701,-422.7350,0.692685,0.198955,-0.128548,0.681235,1.554330,0.446439,-0.288451,0.150075,-0.433344,0.292114,3.053888,0.368318,0.152324,617.547319,247.134076,-422.714467,0.692710,0.198952,-0.128550,0.681209
155,1769790337087,1.731820,617.6501,247.1611,-422.6057,0.692806,0.198983,-0.128545,0.681103,1.554683,0.446525,-0.288459,0.150063,-0.433344,0.292114,3.053889,0.368243,0.152330,617.616295,247.137095,-422.673914,0.692744,0.198997,-0.128483,0.681174
156,1769790337098,1.742931,617.5818,247.0535,-422.6996,0.692732,0.199081,-0.128355,0.681185,1.554467,0.446730,-0.288025,0.150066,-0.433351,0.292102,3.053896,0.368255,0.152347,617.636110,247.128581,-422.679705,0.692731,0.199054,-0.128419,0.681182
157,1769790337110,1.754042,617.6276,247.1823,-422.6437,0.692687,0.199084,-0.128334,0.681235,1.554335,0.446728,-0.287971,0.150063,-0.433331,0.292046,3.054050,0.368320,0.152316,617.648890,247.072457,-422.685410,0.692699,0.199084,-0.128330,0.681223
158,1769790337121,1.765153,617.6743,246.9994,-422.8156,0.692640,0.199092,-0.128324,0.681282,1.554200,0.446739,-0.287942,0.150055,-0.433347,0.292081,3.053948,0.368279,0.152305,617.648338,247.053143,-422.712333,0.692694,0.199086,-0.128294,0.681235
159,1769790337132,1.776264,617.6682,247.0072,-422.6090,0.692752,0.199059,-0.128258,0.681190,1.554508,0.446681,-0.287806,0.150035,-0.433348,0.292061,3.053982,0.368286,0.152270,617.610895,247.061814,-422.682162,0.692741,0.199061,-0.128335,0.681187
160,1769790337143,1.787376,617.5110,247.1183,-422.6888,0.692832,0.199040,-0.128396,0.681089,1.554749,0.446655,-0.288126,0.150032,-0.433345,0.292070,3.053975,0.368274,0.152253,617.543362,247.058876,-422.664338,0.692790,0.199048,-0.128355,0.681137
161,1769790337154,1.798487,617.4290,247.1050,-422.6101,0.692812,0.199042,-0.128404,0.681107,1.554693,0.446656,-0.288143,0.150034,-0.433339,0.292081,3.053928,0.368376,0.152198,617.477219,247.109538,-422.631905,0.692807,0.199050,-0.128348,0.681120
162,1769790337165,1.809598,617.4833,247.1067,-422.6631,0.692787,0.199066,-0.128298,0.681145,1.554615,0.446704,-0.287900,0.150030,-0.433350,0.292071,3.053932,0.368396,0.152190,617.457881,247.112110,-422.670333,0.692802,0.199067,-0.128327,0.681124
163,1769790337176,1.820709,617.4836,247.1093,-422.6669,0.692764,0.199096,-0.128245,0.681170,1.554546,0.446766,-0.287779,0.150024,-0.433343,0.292059,3.053958,0.368387,0.152159,617.490076,247.092710,-422.648305,0.692805,0.199080,-0.128273,0.681127
164,1769790337187,1.831820,617.5270,247.0677,-422.6543,0.692863,0.199082,-0.128268,0.681069,1.554831,0.446752,-0.287841,0.150018,-0.433345,0.292043,3.054004,0.368415,0.152168,617.520652,247.115952,-422.602095,0.692820,0.199082,-0.128268,0.681113
165,1769790337198,1.842931,617.5104,247.1110,-422.5190,0.692854,0.199066,-0.128299,0.681077,1.554805,0.446715,-0.287910,0.150013,-0.433345,0.292029,3.054048,0.368348,0.152159,617.494843,247.098033,-422.546143,0.692849,0.199071,-0.128300,0.681080
166,1769790337210,1.854042,617.4758,247.1380,-422.4840,0.692840,0.199058,-0.128349,0.681084,1.554770,0.446697,-0.288023,0.149995,-0.433351,0.292039,3.054029,0.368286,0.152163,617.458505,247.070029,-422.561852,0.692875,0.199049,-0.128329,0.681055
167,1769790337221,1.865154,617.3693,246.9424,-422.6363,0.692894,0.199052,-0.128323,0.681036,1.554920,0.446692,-0.287970,0.150012,-0.433358,0.292056,3.053962,0.368382,0.152163,617.416305,247.007505,-422.622038,0.692871,0.199061,-0.128321,0.681057
168,1769790337232,1.876265,617.3950,246.9471,-422.7886,0.692882,0.199062,-0.128298,0.681050,1.554885,0.446712,-0.287910,0.150014,-0.433350,0.292049,3.053985,0.368351,0.152166,617.361314,246.914952,-422.724757,0.692873,0.199097,-0.128286,0.681051
169,1769790337243,1.887376,617.3895,246.8208,-422.7579,0.692853,0.199157,-0.128238,0.681063,1.554812,0.446923,-0.287776,0.150023,-0.433358,0.292050,3.053967,0.368401,0.152151,617.379424,246.837410,-422.776024,0.692863,0.199118,-0.128257,0.681060
170,1769790337254,1.898487,617.3566,246.8049,-422.7745,0.692847,0.199155,-0.128235,0.681071,1.554794,0.446916,-0.287767,0.150014,-0.433357,0.292018,3.054076,0.368345,0.152237,617.453467,246.788857,-422.769633,0.692851,0.199125,-0.128255,0.681071
171,1769790337265,1.909598,617.6033,246.8008,-422.7015,0.692838,0.199079,-0.128295,0.681091,1.554761,0.446743,-0.287899,0.150020,-0.433355,0.292032,3.054029,0.368391,0.152157,617.524519,246.802857,-422.723095,0.692846,0.199114,-0.128275,0.681075
172,1769790337276,1.920710,617.6172,246.8128,-422.7164,0.692867,0.199094,-0.128309,0.681053,1.554850,0.446782,-0.287935,0.150009,-0.433352,0.292048,3.054006,0.368367,0.152136,617.604319,246.910500,-422.689090,0.692838,0.199107,-0.128309,0.681079
173,1769790337287,1.931821,617.6141,247.0964,-422.6290,0.692826,0.199115,-0.128335,0.681084,1.554738,0.446825,-0.287991,0.150021,-0.433360,0.292034,3.054022,0.368364,0.152178,617.643243,247.011857,-422.640457,0.692841,0.199118,-0.128322,0.681071
174,1769790337298,1.942932,617.6359,247.1546,-422.6272,0.692824,0.199168,-0.128333,0.681071,1.554743,0.446946,-0.287988,0.150030,-0.433355,0.292039,3.054002,0.368427,0.152150,617.606919,247.099986,-422.630362,0.692846,0.199132,-0.128343,0.681058
175,1769790337310,1.954043,617.5663,247.0946,-422.6081,0.692878,0.199112,-0.128340,0.681032,1.554887,0.446827,-0.288007,0.150023,-0.433343,0.292027,3.054061,0.368352,0.152203,617.596052,247.154714,-422.654457,0.692856,0.199122,-0.128375,0.681045
176,1769790337321,1.965154,617.5524,247.1533,-422.6974,0.692865,0.199084,-0.128430,0.681036,1.554856,0.446764,-0.288208,0.150026,-0.433351,0.292049,3.053995,0.368395,0.152158,617.554524,247.161405,-422.662057,0.692868,0.199096,-0.128386,0.681037
177,1769790337332,1.976265,617.5453,247.2126,-422.7069,0.692876,0.199069,-0.128402,0.681034,1.554883,0.446731,-0.288146,0.150021,-0.433348,0.292048,3.054007,0.368418,0.152084,617.486567,247.208762,-422.638419,0.692868,0.199068,-0.128384,0.681046
178,1769790337343,1.987377,617.4103,247.2810,-422.5178,0.692840,0.199052,-0.128342,0.681087,1.554769,0.446683,-0.288006,0.150021,-0.433350,0.292046,3.054040,0.368387,0.152090,617.454424,247.270029,-422.591090,0.692849,0.199049,-0.128363,0.681075
179,1769790337354,1.998488,617.4009,247.3204,-422.5228,0.692845,0.199047,-0.128351,0.681082,1.554782,0.446673,-0.288027,0.150027,-0.433339,0.292060,3.054035,0.368387,0.152072,617.446429,247.306157,-422.518776,0.692838,0.199033,-0.128381,0.681087
180,1769790337365,2.009599,617.5026,247.3229,-422.4855,0.692825,0.199005,-0.128396,0.681105,1.554724,0.446575,-0.288126,0.150031,-0.433338,0.292064,3.054027,0.368400,0.152041,617.470348,247.352605,-422.464971,0.692841,0.199028,-0.128404,0.681081
181,1769790337376,2.020710,617.5194,247.3669,-422.4612,0.692847,0.199036,-0.128546,0.681047,1.554808,0.446654,-0.288469,0.150042,-0.433323,0.292052,3.054067,0.368419,0.152041,617.500157,247.373614,-422.470848,0.692846,0.199039,-0.128454,0.681064
182,1769790337387,2.031822,617.4990,247.4344,-422.4473,0.692873,0.199063,-0.128432,0.681034,1.554875,0.446717,-0.288215,0.150062,-0.433305,0.292041,3.054140,0.368488,0.152084,617.468690,247.391662,-422.457571,0.692845,0.199054,-0.128521,0.681048
183,1769790337398,2.042933,617.4000,247.3502,-422.5098,0.692823,0.199071,-0.128595,0.681051,1.554752,0.446731,-0.288577,0.150049,-0.433304,0.292032,3.054167,0.368506,0.152046,617.422524,247.386957,-422.479048,0.692848,0.199054,-0.128602,0.681029
184,1769790337410,2.054044,617.3621,247.3580,-422.4998,0.692840,0.199044,-0.128706,0.681021,1.554808,0.446677,-0.288831,0.150066,-0.433297,0.292023,3.054214,0.368536,0.152088,617.408600,247.331371,-422.552038,0.692832,0.199045,-0.128674,0.681034
185,1769790337421,2.065155,617.4796,247.2602,-422.6292,0.692848,0.199000,-0.128769,0.681014,1.554830,0.446580,-0.288973,0.150067,-0.433297,0.292016,3.054248,0.368505,0.152095,617.464848,247.249795,-422.617381,0.692833,0.199028,-0.128756,0.681023
186,1769790337432,2.076266,617.5427,247.1576,-422.7457,0.692827,0.199046,-0.128750,0.681025,1.554778,0.446680,-0.288930,0.150060,-0.433294,0.292030,3.054221,0.368544,0.152067,617.550581,247.169486,-422.708714,0.692872,0.199024,-0.128753,0.680985
187,1769790337443,2.087377,617.6590,247.1259,-422.6982,0.692913,0.199019,-0.128714,0.680952,1.555016,0.446632,-0.288856,0.150073,-0.433280,0.292009,3.054316,0.368525,0.152120,617.613481,247.143610,-422.750548,0.692893,0.199028,-0.128720,0.680969
188,1769790337454,2.098489,617.6016,247.1144,-422.8209,0.692951,0.199045,-0.128657,0.680917,1.555122,0.446697,-0.288733,0.150070,-0.433286,0.292037,3.054242,0.368530,0.152095,617.610990,247.163576,-422.736362,0.692903,0.199037,-0.128655,0.680968
189,1769790337465,2.109600,617.5797,247.2887,-422.6219,0.692881,0.199028,-0.128617,0.681000,1.554914,0.446645,-0.288633,0.150065,-0.433294,0.292041,3.054235,0.368498,0.152104,617.570805,247.201419,-422.679910,0.692914,0.199030,-0.128614,0.680967
190,1769790337476,2.120711,617.5247,247.2141,-422.6396,0.692908,0.199040,-0.128529,0.680986,1.554982,0.446674,-0.288437,0.150069,-0.433279,0.292060,3.054227,0.368543,0.152079,617.545286,247.245257,-422.616010,0.692938,0.199044,-0.128566,0.680947
191,1769790337487,2.131822,617.5278,247.2240,-422.5504,0.692984,0.199038,-0.128567,0.680902,1.555205,0.446684,-0.288532,0.150073,-0.433274,0.292034,3.054305,0.368557,0.152121,617.568952,247.242195,-422.555052,0.692987,0.199051,-0.128513,0.680905
192,1769790337498,2.142933,617.6519,247.2483,-422.5463,0.693083,0.199075,-0.128445,0.680814,1.555480,0.446783,-0.288269,0.150075,-0.433276,0.292057,3.054249,0.368562,0.152088,617.617548,247.205971,-422.601614,0.693047,0.199046,-0.128457,0.680857
193,1769790337510,2.154045,617.6547,247.1304,-422.6400,0.693057,0.199038,-0.128401,0.680860,1.555394,0.446691,-0.288164,0.150070,-0.433287,0.292042,3.054322,0.368500,0.152117,617.635362,247.156962,-422.625238,0.693031,0.199036,-0.128417,0.680883
194,1769790337521,2.165156,617.6531,247.1424,-422.7280,0.693005,0.198996,-0.128392,0.680926,1.555238,0.446586,-0.288136,0.150051,-0.433283,0.292050,3.054336,0.368461,0.152081,617.631629,247.107610,-422.654643,0.693011,0.199030,-0.128400,0.680908
195,1769790337532,2.176267,617.5319,247.0156,-422.5958,0.692909,0.199038,-0.128422,0.681006,1.554972,0.446665,-0.288194,0.150071,-0.433281,0.292063,3.054286,0.368523,0.152151,617.596000,247.092824,-422.628767,0.692987,0.199022,-0.128430,0.680930
196,1769790337543,2.187378,617.6000,247.1257,-422.5776,0.693063,0.199039,-0.128492,0.680836,1.555422,0.446698,-0.288371,0.150078,-0.433275,0.292038,3.054354,0.368540,0.152105,617.561857,247.095967,-422.583514,0.693007,0.199029,-0.128462,0.680901
197,1769790337554,2.198490,617.5636,247.1435,-422.5171,0.693028,0.199027,-0.128476,0.680878,1.555319,0.446663,-0.288329,0.150064,-0.433282,0.292035,3.054372,0.368492,0.152094,617.558676,247.102757,-422.541876,0.693020,0.199034,-0.128491,0.680881
198,1769790337565,2.209601,617.5385,247.0468,-422.5894,0.693066,0.199026,-0.128484,0.680838,1.555426,0.446668,-0.288353,0.150076,-0.433282,0.292029,3.054366,0.368572,0.152114,617.575114,247.085048,-422.545138,0.693051,0.199030,-0.128471,0.680854
199,1769790337576,2.220712,617.6197,247.0630,-422.5695,0.693002,0.199023,-0.128477,0.680905,1.555243,0.446650,-0.288328,0.150074,-0.433291,0.292042,3.054329,0.368532,0.152109,617.587276,247.014267,-422.603267,0.693070,0.199014,-0.128461,0.680842
200,1769790337587,2.231824,617.5963,246.9163,-422.6411,0.693132,0.199029,-0.128396,0.680786,1.555609,0.446683,-0.288161,0.150072,-0.433288,0.292033,3.054374,0.368527,0.152139,617.621652,246.967124,-422.685633,0.693104,0.199019,-0.128452,0.680807
201,1769790337598,2.242935,617.6585,246.9377,-422.8310,0.693166,0.198991,-0.128519,0.680740,1.555712,0.446607,-0.288443,0.150076,-0.433288,0.292038,3.054343,0.368572,0.152106,617.640276,246.944319,-422.749057,0.693120,0.199036,-0.128474,0.680782
202,1769790337610,2.254046,617.6401,246.9561,-422.7950,0.693097,0.199087,-0.128471,0.680791,1.555526,0.446814,-0.288328,0.150072,-0.433276,0.292022,3.054426,0.368556,0.152134,617.619419,246.921462,-422.809543,0.693124,0.199056,-0.128507,0.680766
203,1769790337621,2.265157,617.5986,246.9152,-422.8057,0.693089,0.199082,-0.128581,0.680780,1.555515,0.446804,-0.288578,0.150064,-0.433287,0.292020,3.054409,0.368637,0.152034,617.615514,246.906014,-422.839157,0.693094,0.199073,-0.128552,0.680782
204,1769790337632,2.276268,617.5800,246.9043,-422.8251,0.693082,0.199068,-0.128542,0.680798,1.555488,0.446770,-0.288488,0.150053,-0.433279,0.292028,3.054400,0.368673,0.151959,617.609171,246.913300,-422.807548,0.693096,0.199077,-0.128547,0.680780
205,1769790337643,2.287380,617.6525,246.8976,-422.8222,0.693122,0.199058,-0.128553,0.680758,1.555602,0.446754,-0.288516,0.150058,-0.433278,0.292011,3.054440,0.368731,0.152008,617.640686,246.965681,-422.776790,0.693118,0.199055,-0.128538,0.680766
206,1769790337654,2.298491,617.6627,247.1079,-422.7078,0.693157,0.199030,-0.128491,0.680743,1.555689,0.446693,-0.288379,0.150061,-0.433265,0.292008,3.054469,0.368704,0.152042,617.653152,247.065771,-422.760933,0.693135,0.199041,-0.128505,0.680759
207,1769790337665,2.309602,617.6827,247.1721,-422.7155,0.693124,0.199037,-0.128482,0.680776,1.555596,0.446705,-0.288356,0.150056,-0.433285,0.292012,3.054426,0.368691,0.152012,617.641557,247.129400,-422.757943,0.693130,0.199030,-0.128504,0.680768
208,1769790337676,2.320713,617.5665,247.2134,-422.8069,0.693125,0.199015,-0.128506,0.680777,1.555598,0.446653,-0.288409,0.150071,-0.433269,0.292027,3.054395,0.368791,0.151999,617.615733,247.205676,-422.742210,0.693120,0.199016,-0.128487,0.680786
209,1769790337687,2.331824,617.5881,247.1575,-422.7429,0.693092,0.199006,-0.128512,0.680812,1.555501,0.446628,-0.288418,0.150051,-0.433279,0.292030,3.054401,0.368686,0.151990,617.605595,247.271552,-422.706476,0.693128,0.199000,-0.128488,0.680782
210,1769790337698,2.342936,617.6216,247.3859,-422.6125,0.693154,0.198972,-0.128440,0.680773,1.555664,0.446559,-0.288261,0.150057,-0.433279,0.292024,3.054415,0.368691,0.152008,617.585524,247.307724,-422.649038,0.693133,0.198983,-0.128476,0.680783
211,1769790337710,2.354047,617.6039,247.4192,-422.5644,0.693171,0.198958,-0.128486,0.680750,1.555717,0.446531,-0.288368,0.150054,-0.433280,0.292031,3.054390,0.368716,0.152019,617.586986,247.341995,-422.612681,0.693137,0.198954,-0.128471,0.680789
212,1769790337721,2.365158,617.5311,247.2769,-422.6524,0.693100,0.198947,-0.128469,0.680830,1.555508,0.446492,-0.288321,0.150051,-0.433273,0.292030,3.054401,0.368686,0.151990,617.561014,247.424067,-422.631086,0.693139,0.198934,-0.128483,0.680791
213,1769790337732,2.376269,617.5673,247.4130,-422.7242,0.693138,0.198881,-0.128513,0.680801,1.555612,0.446350,-0.288422,0.150071,-0.433262,0.292039,3.054396,0.368739,0.152019,617.562590,247.389681,-422.695919,0.693133,0.198909,-0.128505,0.680799
214,1769790337743,2.387381,617.5750,247.5070,-422.7307,0.693136,0.198913,-0.128518,0.680794,1.555611,0.446421,-0.288434,0.150067,-0.433266,0.292032,3.054388,0.368759,0.152007,617.609814,247.360929,-422.759938,0.693132,0.198880,-0.128518,0.680806
215,1769790337754,2.398492,617.6886,247.1949,-422.7947,0.693160,0.198848,-0.128493,0.680792,1.555668,0.446278,-0.288378,0.150066,-0.433264,0.292046,3.054363,0.368719,0.152006,617.650910,247.321881,-422.785943,0.693148,0.198860,-0.128483,0.680803
216,1769790337765,2.409603,617.7138,247.2408,-422.8030,0.693132,0.198851,-0.128487,0.680821,1.555586,0.446277,-0.288362,0.150062,-0.433266,0.292050,3.054340,0.368720,0.151972,617.679729,247.222805,-422.773543,0.693150,0.198862,-0.128450,0.680807
217,1769790337776,2.420715,617.6406,247.1658,-422.7535,0.693158,0.198879,-0.128335,0.680815,1.555649,0.446342,-0.288022,0.150076,-0.433258,0.292053,3.054349,0.368788,0.152010,617.702810,247.144481,-422.774724,0.693153,0.198878,-0.128427,0.680803
218,1769790337787,2.431826,617.7227,247.1371,-422.6943,0.693157,0.198919,-0.128469,0.680779,1.555668,0.446438,-0.288325,0.150073,-0.433254,0.292055,3.054341,0.368776,0.151992,617.711929,247.156529,-422.714433,0.693158,0.198916,-0.128412,0.680790
219,1769790337798,2.442937,617.7280,247.1386,-422.7462,0.693145,0.198975,-0.128427,0.680784,1.555637,0.446563,-0.288231,0.150077,-0.433240,0.292050,3.054372,0.368789,0.152018,617.709157,247.146300,-422.675938,0.693144,0.198968,-0.128421,0.680787
220,1769790337810,2.454049,617.7220,247.1902,-422.5752,0.693134,0.198991,-0.128417,0.680792,1.555608,0.446598,-0.288207,0.150059,-0.433252,0.292072,3.054298,0.368739,0.151948,617.714019,247.177852,-422.674443,0.693112,0.199007,-0.128444,0.680804
221,1769790337821,2.465160,617.6251,247.2011,-422.7002,0.693039,0.199075,-0.128465,0.680854,1.555357,0.446776,-0.288308,0.150063,-0.433256,0.292070,3.054297,0.368738,0.151974,617.642005,247.202033,-422.663595,0.693054,0.199050,-0.128454,0.680849
222,1769790337832,2.476271,617.6207,247.2404,-422.7004,0.693031,0.199062,-0.128449,0.680870,1.555330,0.446742,-0.288271,0.150076,-0.433249,0.292071,3.054302,0.368787,0.151994,617.585757,247.239914,-422.642100,0.693024,0.199088,-0.128464,0.680866
223,1769790337843,2.487382,617.4636,247.2178,-422.6093,0.692962,0.199136,-0.128515,0.680905,1.555154,0.446904,-0.288416,0.150093,-0.433242,0.292066,3.054299,0.368884,0.152060,617.521152,247.250376,-422.662829,0.693005,0.199128,-0.128451,0.680876
224,1769790337854,2.498493,617.5396,247.2718,-422.6487,0.693070,0.199148,-0.128400,0.680814,1.555453,0.446946,-0.288166,0.150092,-0.433243,0.292080,3.054260,0.368868,0.152100,617.494919,247.211595,-422.682724,0.693031,0.199142,-0.128462,0.680844
225,1769790337865,2.509605,617.4525,247.1334,-422.7275,0.693025,0.199155,-0.128441,0.680850,1.555327,0.446956,-0.288255,0.150095,-0.433235,0.292062,3.054300,0.368894,0.152117,617.480705,247.116852,-422.702676,0.693043,0.199146,-0.128472,0.680828
226,1769790337876,2.520716,617.5258,246.9815,-422.7865,0.693078,0.199119,-0.128551,0.680786,1.555485,0.446885,-0.288510,0.150094,-0.433228,0.292048,3.054332,0.368857,0.152137,617.515543,247.021619,-422.716576,0.693050,0.199122,-0.128470,0.680829
227,1769790337887,2.531827,617.5349,246.9149,-422.6424,0.693001,0.199101,-0.128457,0.680887,1.555253,0.446827,-0.288286,0.150095,-0.433233,0.292026,3.054411,0.368819,0.152198,617.551738,246.940529,-422.702990,0.693023,0.199111,-0.128480,0.680858
228,1769790337898,2.542938,617.6096,246.9585,-422.6509,0.692989,0.199106,-0.128451,0.680899,1.555217,0.446837,-0.288271,0.150080,-0.433224,0.292034,3.054394,0.368824,0.152130,617.602319,246.941510,-422.669614,0.692973,0.199121,-0.128466,0.680908
229,1769790337910,2.554050,617.6495,246.9808,-422.6785,0.692955,0.199149,-0.128454,0.680920,1.555129,0.446929,-0.288275,0.150073,-0.433225,0.292058,3.054332,0.368778,0.152103,617.621105,246.976548,-422.638052,0.692945,0.199139,-0.128463,0.680932
230,1769790337921,2.565161,617.5985,247.0461,-422.6395,0.692868,0.199166,-0.128509,0.680994,1.554889,0.446954,-0.288391,0.150112,-0.433217,0.292073,3.054278,0.368954,0.152142,617.620552,247.033900,-422.647257,0.692937,0.199142,-0.128510,0.680931
231,1769790337932,2.576272,617.5964,247.0640,-422.6214,0.693010,0.199127,-0.128564,0.680851,1.555294,0.446892,-0.288532,0.150100,-0.433211,0.292042,3.054360,0.368881,0.152176,617.574348,247.106562,-422.630362,0.692950,0.199133,-0.128556,0.680911
232,1769790337943,2.587384,617.5471,247.1797,-422.6556,0.692934,0.199102,-0.128586,0.680931,1.555076,0.446822,-0.288572,0.150088,-0.433221,0.292051,3.054332,0.368883,0.152130,617.561705,247.158652,-422.645924,0.692956,0.199121,-0.128568,0.680906
233,1769790337954,2.598495,617.5168,247.2322,-422.6591,0.692981,0.199125,-0.128584,0.680877,1.555213,0.446882,-0.288572,0.150110,-0.433214,0.292052,3.054326,0.368935,0.152184,617.565881,247.179529,-422.699852,0.692939,0.199125,-0.128572,0.680922
234,1769790337965,2.609606,617.6334,247.1435,-422.7969,0.692874,0.199161,-0.128522,0.680986,1.554907,0.446944,-0.288422,0.150125,-0.433203,0.292049,3.054344,0.368943,0.152284,617.568433,247.183395,-422.768000,0.692898,0.199152,-0.128572,0.680955
235,1769790337976,2.620717,617.5549,247.1553,-422.8300,0.692855,0.199180,-0.128623,0.680981,1.554867,0.446989,-0.288649,0.150118,-0.433214,0.292051,3.054323,0.368956,0.152281,617.555795,247.178938,-422.832848,0.692892,0.199185,-0.128611,0.680944
236,1769790337987,2.631829,617.5370,247.1801,-422.8535,0.692928,0.199209,-0.128637,0.680897,1.555081,0.447068,-0.288689,0.150129,-0.433216,0.292039,3.054353,0.369018,0.152341,617.548933,247.187110,-422.840886,0.692892,0.199193,-0.128631,0.680938
237,1769790337998,2.642940,617.4932,247.2148,-422.8347,0.692916,0.199217,-0.128711,0.680892,1.555059,0.447086,-0.288856,0.150131,-0.433210,0.292043,3.054327,0.369093,0.152359,617.529690,247.166305,-422.797762,0.692908,0.199220,-0.128653,0.680909
238,1769790338010,2.654051,617.5854,247.1263,-422.6964,0.692938,0.199212,-0.128596,0.680893,1.555107,0.447075,-0.288598,0.150109,-0.433230,0.292060,3.054221,0.369193,0.152251,617.552319,247.086676,-422.766400,0.692967,0.199246,-0.128681,0.680837
239,1769790338021,2.665163,617.5714,246.9485,-422.7329,0.692930,0.199325,-0.128697,0.680849,1.555115,0.447338,-0.288830,0.150116,-0.433218,0.292035,3.054303,0.369200,0.152292,617.562814,247.012557,-422.726400,0.692960,0.199293,-0.128698,0.680827
240,1769790338032,2.676274,617.5877,246.9370,-422.7421,0.693065,0.199306,-0.128791,0.680699,1.555510,0.447320,-0.289057,0.150117,-0.433213,0.292008,3.054374,0.369245,0.152381,617.605686,246.986386,-422.686519,0.692937,0.199333,-0.128702,0.680838
241,1769790338043,2.687385,617.5755,247.0422,-422.6564,0.692797,0.199381,-0.128682,0.680970,1.554743,0.447442,-0.288783,0.150116,-0.433220,0.292033,3.054296,0.369233,0.152435,617.620519,246.971329,-422.697824,0.692877,0.199330,-0.128738,0.680893
242,1769790338054,2.698496,617.6757,247.0832,-422.6366,0.692824,0.199299,-0.128722,0.680959,1.554811,0.447260,-0.288874,0.150119,-0.433213,0.292015,3.054332,0.369324,0.152422,617.581167,247.062114,-422.678048,0.692828,0.199305,-0.128754,0.680947
243,1769790338065,2.709607,617.5364,246.9940,-422.7216,0.692798,0.199238,-0.128796,0.680990,1.554734,0.447117,-0.289036,0.150105,-0.433219,0.291997,3.054374,0.369309,0.152425,617.522181,247.113657,-422.645829,0.692824,0.199292,-0.128771,0.680951
244,1769790338076,2.720719,617.3653,247.2968,-422.5917,0.692904,0.199319,-0.128817,0.680854,1.555055,0.447323,-0.289098,0.150097,-0.433225,0.292030,3.054267,0.369378,0.152377,617.469095,247.175876,-422.579710,0.692898,0.199291,-0.128796,0.680872
245,1769790338087,2.731830,617.4565,247.1498,-422.5104,0.692996,0.199309,-0.128764,0.680774,1.555309,0.447314,-0.288988,0.150108,-0.433226,0.292008,3.054308,0.369440,0.152439,617.429457,247.202162,-422.536190,0.692950,0.199317,-0.128752,0.680820
246,1769790338098,2.742941,617.4778,247.2766,-422.4374,0.692945,0.199345,-0.128681,0.680831,1.555161,0.447385,-0.288795,0.150083,-0.433223,0.292001,3.054328,0.369382,0.152447,617.454138,247.219890,-422.520738,0.692964,0.199317,-0.128684,0.680819
247,1769790338110,2.754052,617.4865,247.1210,-422.6346,0.692972,0.199283,-0.128604,0.680836,1.555217,0.447245,-0.288621,0.150069,-0.433216,0.291949,3.054486,0.369285,0.152504,617.463667,247.198490,-422.562219,0.692953,0.199283,-0.128653,0.680846
248,1769790338121,2.765164,617.4764,247.2111,-422.6414,0.692884,0.199226,-0.128645,0.680934,1.554961,0.447100,-0.288704,0.150071,-0.433226,0.291970,3.054411,0.369309,0.152481,617.494924,247.193243,-422.621848,0.692933,0.199260,-0.128625,0.680878
249,1769790338132,2.776275,617.4590,247.2395,-422.6262,0.692969,0.199237,-0.128707,0.680832,1.555214,0.447144,-0.288855,0.150072,-0.433220,0.291954,3.054471,0.369297,0.152514,617.559443,247.181138,-422.668338,0.692927,0.199223,-0.128669,0.680887
250,1769790338143,2.787386,617.7048,247.0896,-422.6674,0.692928,0.199231,-0.128626,0.680892,1.555085,0.447118,-0.288666,0.150065,-0.433228,0.291960,3.054435,0.369291,0.152488,617.586238,247.160695,-422.650290,0.692938,0.199205,-0.128711,0.680873
251,1769790338154,2.798498,617.6246,247.1908,-422.6447,0.692938,0.199172,-0.128821,0.680861,1.555127,0.446993,-0.289107,0.150051,-0.433232,0.291969,3.054423,0.369241,0.152510,617.580067,247.126524,-422.619281,0.692970,0.199199,-0.128740,0.680837
252,1769790338165,2.809609,617.4648,247.0295,-422.5821,0.693019,0.199198,-0.128723,0.680791,1.555350,0.447062,-0.288895,0.150045,-0.433236,0.291933,3.054515,0.369206,0.152523,617.556448,247.093910,-422.589995,0.692987,0.199211,-0.128750,0.680814
253,1769790338176,2.820720,617.4874,247.1571,-422.5212,0.692999,0.199239,-0.128761,0.680791,1.555306,0.447155,-0.288979,0.150041,-0.433240,0.291949,3.054461,0.369257,0.152501,617.499190,247.126948,-422.545695,0.692998,0.199232,-0.128754,0.680795
254,1769790338187,2.831831,617.5474,247.0804,-422.5822,0.693007,0.199292,-0.128708,0.680778,1.555332,0.447275,-0.288863,0.150036,-0.433243,0.291951,3.054444,0.369285,0.152447,617.507571,247.106805,-422.567281,0.692995,0.199264,-0.128714,0.680797
255,1769790338198,2.842943,617.5394,247.1764,-422.5883,0.692950,0.199260,-0.128697,0.680847,1.555162,0.447193,-0.288831,0.150039,-0.433238,0.291961,3.054433,0.369231,0.152488,617.537424,247.111767,-422.642248,0.692980,0.199283,-0.128698,0.680810
256,1769790338210,2.854054,617.5422,247.0078,-422.7694,0.692995,0.199287,-0.128688,0.680795,1.555294,0.447261,-0.288816,0.150020,-0.433245,0.291957,3.054456,0.369183,0.152494,617.553071,247.055543,-422.718810,0.692993,0.199289,-0.128681,0.680798
257,1769790338221,2.865165,617.5527,247.0256,-422.7923,0.693009,0.199301,-0.128655,0.680783,1.555334,0.447295,-0.288743,0.150017,-0.433248,0.291980,3.054361,0.369247,0.152405,617.566381,247.008271,-422.764310,0.692996,0.199286,-0.128681,0.680795
258,1769790338232,2.876277,617.6091,246.9530,-422.7584,0.693036,0.199284,-0.128697,0.680752,1.555414,0.447261,-0.288840,0.150018,-0.433255,0.291971,3.054396,0.369226,0.152468,617.586100,246.961410,-422.785162,0.693028,0.199290,-0.128673,0.680763
259,1769790338243,2.887388,617.6141,246.9431,-422.7769,0.693000,0.199279,-0.128659,0.680798,1.555305,0.447243,-0.288751,0.150011,-0.433240,0.291932,3.054468,0.369296,0.152454,617.622190,246.952676,-422.789848,0.693040,0.199285,-0.128661,0.680756
260,1769790338254,2.898499,617.6242,246.9840,-422.7968,0.693083,0.199276,-0.128628,0.680720,1.555538,0.447250,-0.288690,0.150015,-0.433239,0.291912,3.054525,0.369265,0.152494,617.628305,246.966129,-422.818810,0.693038,0.199277,-0.128620,0.680767
261,1769790338265,2.909611,617.6884,246.9581,-422.8788,0.693025,0.199277,-0.128589,0.680787,1.555367,0.447241,-0.288594,0.150014,-0.433232,0.291924,3.054508,0.369238,0.152484,617.661619,246.981681,-422.845690,0.693024,0.199265,-0.128589,0.680790
262,1769790338276,2.920722,617.6357,247.0765,-422.8286,0.692997,0.199247,-0.128522,0.680836,1.555274,0.447165,-0.288438,0.150029,-0.433234,0.291936,3.054452,0.369297,0.152497,617.728195,247.042667,-422.813138,0.693017,0.199237,-0.128575,0.680809
263,1769790338287,2.931858,617.8095,247.0219,-422.7466,0.693007,0.199224,-0.128605,0.680817,1.555309,0.447116,-0.288627,0.150010,-0.433238,0.291934,3.054469,0.369244,0.152473,617.734176,247.089419,-422.734633,0.693018,0.199239,-0.128544,0.680812
264,1769790338298,2.942969,617.7684,247.2217,-422.5991,0.693046,0.199223,-0.128521,0.680793,1.555411,0.447119,-0.288440,0.150018,-0.433246,0.291958,3.054385,0.369290,0.152477,617.696081,247.133233,-422.632714,0.693047,0.199263,-0.128509,0.680784
265,1769790338310,2.954080,617.5474,247.1252,-422.5553,0.693104,0.199345,-0.128433,0.680716,1.555586,0.447406,-0.288251,0.150009,-0.433244,0.291950,3.054404,0.369269,0.152428,617.637229,247.179676,-422.555810,0.693070,0.199299,-0.128478,0.680755
266,1769790338321,2.965192,617.5662,247.1733,-422.5369,0.693070,0.199337,-0.128438,0.680752,1.555489,0.447381,-0.288260,0.150017,-0.433246,0.291972,3.054344,0.369284,0.152435,617.577052,247.204548,-422.518476,0.693090,0.199338,-0.128440,0.680730
267,1769790338332,2.976303,617.5657,247.2349,-422.5285,0.693081,0.199324,-0.128448,0.680742,1.555521,0.447353,-0.288282,0.150000,-0.433248,0.291944,3.054421,0.369239,0.152417,617.560667,247.125000,-422.557781,0.693097,0.199329,-0.128421,0.680729
268,1769790338343,2.987414,617.6559,247.0453,-422.5996,0.693114,0.199318,-0.128435,0.680713,1.555612,0.447346,-0.288257,0.150027,-0.433241,0.291939,3.054450,0.369290,0.152510,617.611867,247.058300,-422.621643,0.693090,0.199289,-0.128433,0.680746
269,1769790338354,2.998525,617.5889,246.9177,-422.7380,0.693086,0.199222,-0.128382,0.680779,1.555510,0.447118,-0.288131,0.150024,-0.433235,0.291949,3.054429,0.369278,0.152488,617.651490,247.022471,-422.690433,0.693081,0.199267,-0.128424,0.680764
270,1769790338365,3.009637,617.6953,247.0081,-422.7434,0.693049,0.199268,-0.128465,0.680788,1.555419,0.447220,-0.288315,0.150023,-0.433248,0.291946,3.054410,0.369296,0.152498,617.675600,247.013500,-422.741767,0.693058,0.199262,-0.128416,0.680789
271,1769790338376,3.020748,617.6797,247.1511,-422.7360,0.693026,0.199280,-0.128392,0.680822,1.555346,0.447240,-0.288148,0.149988,-0.433262,0.291948,3.054407,0.369145,0.152401,617.621205,247.028424,-422.736576,0.693036,0.199276,-0.128414,0.680808
272,1769790338387,3.031859,617.5760,247.0419,-422.7223,0.693033,0.199300,-0.128410,0.680806,1.555373,0.447290,-0.288191,0.149987,-0.433271,0.291955,3.054356,0.369181,0.152417,617.587024,247.083486,-422.742052,0.693019,0.199297,-0.128409,0.680820
273,1769790338398,3.042970,617.4277,246.9889,-422.6897,0.693034,0.199293,-0.128398,0.680808,1.555375,0.447273,-0.288163,0.149980,-0.433285,0.291995,3.054243,0.369139,0.152402,617.515290,247.082667,-422.723033,0.693048,0.199271,-0.128397,0.680800
274,1769790338410,3.054082,617.5392,247.1950,-422.7810,0.693024,0.199238,-0.128388,0.680837,1.555333,0.447143,-0.288138,0.149996,-0.433284,0.291980,3.054240,0.369232,0.152397,617.465038,247.078695,-422.675467,0.693049,0.199247,-0.128386,0.680808
275,1769790338421,3.065193,617.4373,247.0770,-422.5622,0.693115,0.199188,-0.128409,0.680755,1.555589,0.447047,-0.288193,0.149986,-0.433288,0.291998,3.054194,0.369176,0.152361,617.443490,247.120000,-422.620467,0.693025,0.199220,-0.128391,0.680840
276,1769790338432,3.076304,617.4122,247.1379,-422.5359,0.692942,0.199228,-0.128350,0.680930,1.555094,0.447106,-0.288042,0.149983,-0.433281,0.292004,3.054185,0.369163,0.152343,617.417976,247.172414,-422.553867,0.692993,0.199197,-0.128400,0.680878
277,1769790338443,3.087415,617.4019,247.1725,-422.5481,0.692947,0.199193,-0.128469,0.680913,1.555116,0.447030,-0.288311,0.149986,-0.433304,0.291993,3.054157,0.369166,0.152387,617.401076,247.156271,-422.518281,0.692977,0.199193,-0.128420,0.680891
278,1769790338454,3.098527,617.3965,247.2084,-422.5379,0.692976,0.199177,-0.128428,0.680897,1.555189,0.446996,-0.288220,0.149983,-0.433300,0.292005,3.054134,0.369167,0.152354,617.450886,247.147890,-422.587443,0.692961,0.199197,-0.128452,0.680901
279,1769790338465,3.109638,617.5474,247.0370,-422.6796,0.693025,0.199200,-0.128481,0.680829,1.555342,0.447060,-0.288347,0.149988,-0.433295,0.292001,3.054155,0.369186,0.152362,617.495171,247.073395,-422.671914,0.693000,0.199190,-0.128485,0.680856
280,1769790338476,3.120749,617.5593,246.9778,-422.7795,0.692990,0.199204,-0.128516,0.680857,1.555245,0.447065,-0.288422,0.149976,-0.433297,0.291975,3.054232,0.369107,0.152365,617.550152,246.971605,-422.754586,0.693017,0.199193,-0.128492,0.680837
281,1769790338487,3.131860,617.5213,246.9016,-422.8085,0.693026,0.199191,-0.128490,0.680829,1.555344,0.447040,-0.288367,0.149975,-0.433309,0.292025,3.054061,0.369121,0.152323,617.543700,246.915752,-422.802443,0.693004,0.199204,-0.128505,0.680845
282,1769790338498,3.142972,617.5566,246.8907,-422.7747,0.692998,0.199197,-0.128511,0.680852,1.555266,0.447050,-0.288412,0.149978,-0.433302,0.291992,3.054156,0.369130,0.152342,617.506452,246.929414,-422.763300,0.692992,0.199206,-0.128508,0.680856
283,1769790338510,3.154083,617.4148,247.0124,-422.6902,0.692953,0.199231,-0.128490,0.680892,1.555141,0.447119,-0.288360,0.149994,-0.433298,0.292004,3.054145,0.369158,0.152365,617.478590,246.954476,-422.677538,0.692990,0.199205,-0.128497,0.680860
284,1769790338521,3.165194,617.5102,247.0114,-422.5835,0.693006,0.199198,-0.128527,0.680841,1.555291,0.447055,-0.288449,0.149965,-0.433309,0.292009,3.054112,0.369114,0.152273,617.487233,247.017243,-422.615719,0.692985,0.199210,-0.128505,0.680863
285,1769790338532,3.176305,617.4955,247.0474,-422.5578,0.692983,0.199200,-0.128473,0.680874,1.555219,0.447053,-0.288324,0.149982,-0.433311,0.292021,3.054052,0.369165,0.152325,617.519186,247.104610,-422.590805,0.692969,0.199209,-0.128516,0.680877
286,1769790338543,3.187416,617.5929,247.1734,-422.6461,0.692971,0.199221,-0.128534,0.680868,1.555196,0.447100,-0.288462,0.149971,-0.433312,0.291994,3.054128,0.369106,0.152302,617.578781,247.154495,-422.608776,0.692971,0.199207,-0.128510,0.680876
287,1769790338554,3.198528,617.6036,247.2328,-422.6439,0.692916,0.199218,-0.128509,0.680930,1.555036,0.447082,-0.288399,0.149970,-0.433324,0.292012,3.054047,0.369104,0.152274,617.578367,247.150443,-422.653848,0.692951,0.199229,-0.128476,0.680897
288,1769790338565,3.209639,617.5631,247.0990,-422.6641,0.692998,0.199234,-0.128411,0.680860,1.555263,0.447131,-0.288186,0.149967,-0.433325,0.292033,3.053981,0.369090,0.152237,617.560057,247.108219,-422.669195,0.692965,0.199245,-0.128436,0.680886
289,1769790338576,3.220750,617.4904,246.9785,-422.6555,0.692949,0.199267,-0.128376,0.680907,1.555122,0.447198,-0.288102,0.149965,-0.433326,0.292023,3.054023,0.369024,0.152324,617.510395,247.078257,-422.614395,0.692968,0.199238,-0.128397,0.680891
290,1769790338587,3.231862,617.4764,247.0798,-422.5553,0.693019,0.199229,-0.128366,0.680848,1.555317,0.447122,-0.288088,0.149963,-0.433330,0.291999,3.054069,0.369047,0.152289,617.478724,247.069886,-422.551738,0.692997,0.199222,-0.128360,0.680874
291,1769790338598,3.242973,617.4807,247.1765,-422.4403,0.692958,0.199173,-0.128394,0.680922,1.555133,0.446983,-0.288142,0.149946,-0.433342,0.291986,3.054096,0.368982,0.152237,617.486305,247.094438,-422.492048,0.692993,0.199200,-0.128352,0.680886
292,1769790338610,3.254084,617.5093,247.0800,-422.4815,0.693044,0.199185,-0.128296,0.680849,1.555372,0.447024,-0.287929,0.149917,-0.433343,0.291980,3.054127,0.368861,0.152210,617.515790,247.100676,-422.477629,0.692987,0.199192,-0.128353,0.680894
293,1769790338621,3.265196,617.5591,247.0462,-422.5122,0.692964,0.199205,-0.128360,0.680913,1.555154,0.447057,-0.288067,0.149904,-0.433356,0.291959,3.054171,0.368800,0.152219,617.558938,247.072376,-422.523410,0.693002,0.199193,-0.128346,0.680880
294,1769790338632,3.276307,617.5445,247.0436,-422.5724,0.692984,0.199221,-0.128366,0.680887,1.555214,0.447097,-0.288083,0.149921,-0.433361,0.291974,3.054132,0.368833,0.152260,617.520224,247.059538,-422.526962,0.693025,0.199209,-0.128334,0.680854
295,1769790338643,3.287418,617.5271,247.0976,-422.5637,0.693107,0.199177,-0.128312,0.680784,1.555553,0.447017,-0.287973,0.149899,-0.433362,0.291940,3.054229,0.368724,0.152297,617.464490,247.089524,-422.512752,0.693027,0.199204,-0.128334,0.680853
296,1769790338654,3.298529,617.2847,247.1039,-422.4093,0.693011,0.199208,-0.128308,0.680874,1.555283,0.447069,-0.287953,0.149880,-0.433369,0.291940,3.054258,0.368639,0.152271,617.405357,247.066095,-422.543357,0.693032,0.199179,-0.128313,0.680860
297,1769790338665,3.309640,617.4123,247.0582,-422.5939,0.693013,0.199146,-0.128306,0.680890,1.555277,0.446928,-0.287948,0.149883,-0.433365,0.291964,3.054201,0.368616,0.152303,617.386167,247.030614,-422.576924,0.693032,0.199161,-0.128309,0.680866
298,1769790338676,3.320751,617.4031,246.9207,-422.7118,0.692992,0.199110,-0.128308,0.680922,1.555210,0.446843,-0.287949,0.149823,-0.433397,0.291946,3.054259,0.368357,0.152300,617.394167,247.016467,-422.621286,0.693005,0.199115,-0.128298,0.680909
299,1769790338687,3.331863,617.4207,247.0373,-422.6142,0.693067,0.199110,-0.128298,0.680848,1.555423,0.446854,-0.287934,0.149838,-0.433391,0.291935,3.054275,0.368459,0.152304,617.384895,247.033610,-422.650319,0.693035,0.199059,-0.128299,0.680895
300,1769790338698,3.342974,617.3289,247.1148,-422.5787,0.692999,0.198986,-0.128228,0.680966,1.555199,0.446556,-0.287764,0.149770,-0.433435,0.291952,3.054188,0.368218,0.152216,617.316029,247.038038,-422.572919,0.693012,0.199050,-0.128244,0.680931
301,1769790338710,3.354085,617.1644,247.0665,-422.5104,0.693064,0.199060,-0.128254,0.680874,1.555401,0.446738,-0.287834,0.149767,-0.433449,0.291967,3.054134,0.368163,0.152258,617.225405,247.077867,-422.507581,0.693028,0.199077,-0.128195,0.680916
302,1769790338721,3.365196,617.2074,246.9673,-422.4400,0.692946,0.199158,-0.128043,0.681005,1.555056,0.446934,-0.287345,0.149734,-0.433446,0.291979,3.054131,0.368046,0.152264,617.164533,247.035886,-422.489810,0.693053,0.199125,-0.128113,0.680892
303,1769790338732,3.376308,617.0916,247.0876,-422.5174,0.693159,0.199192,-0.128111,0.680765,1.555681,0.447054,-0.287524,0.149709,-0.433465,0.291977,3.054141,0.367908,0.152267,617.144319,246.995114,-422.483400,0.693074,0.199171,-0.128076,0.680864
304,1769790338743,3.387419,617.1829,246.9281,-422.4985,0.693106,0.199176,-0.127960,0.680852,1.555509,0.447001,-0.287174,0.149682,-0.433480,0.291959,3.054170,0.367831,0.152259,617.150243,246.989676,-422.489300,0.693075,0.199183,-0.127995,0.680875
305,1769790338754,3.398530,617.1133,246.9981,-422.4820,0.693009,0.199133,-0.128046,0.680947,1.555234,0.446889,-0.287358,0.149637,-0.433502,0.291985,3.054092,0.367609,0.152267,617.092362,247.017710,-422.481133,0.693074,0.199154,-0.127966,0.680890
306,1769790338765,3.409641,617.0638,247.0262,-422.4606,0.693046,0.199181,-0.127819,0.680938,1.555322,0.446999,-0.286850,0.149627,-0.433512,0.291982,3.054098,0.367559,0.152278,617.056443,246.989443,-422.466833,0.693023,0.199164,-0.127905,0.680950
307,1769790338776,3.420752,616.9197,247.0376,-422.4458,0.693015,0.199116,-0.127919,0.680970,1.555232,0.446847,-0.287071,0.149601,-0.433504,0.291975,3.054138,0.367481,0.152275,616.961210,246.996890,-422.473233,0.693010,0.199172,-0.127865,0.680968
308,1769790338787,3.431863,616.9764,246.8908,-422.5172,0.693025,0.199221,-0.127858,0.680940,1.555273,0.447088,-0.286937,0.149564,-0.433532,0.291939,3.054203,0.367276,0.152331,616.945314,246.953633,-422.493786,0.693044,0.199144,-0.127882,0.680939
309,1769790338798,3.442974,616.8770,246.9504,-422.4999,0.693024,0.199062,-0.127879,0.680984,1.555246,0.446724,-0.286978,0.149535,-0.433546,0.291956,3.054157,0.367170,0.152294,616.945510,246.930757,-422.495181,0.693025,0.199046,-0.127942,0.680976
310,1769790338810,3.454086,617.0494,246.9099,-422.4991,0.693102,0.198926,-0.128091,0.680905,1.555467,0.446433,-0.287462,0.149523,-0.433547,0.291921,3.054261,0.367103,0.152407,616.969690,246.927662,-422.490843,0.693043,0.198967,-0.127968,0.680976
311,1769790338821,3.465197,616.9382,246.9747,-422.4201,0.692956,0.198820,-0.127960,0.681108,1.555017,0.446159,-0.287146,0.149475,-0.433573,0.291931,3.054219,0.366880,0.152329,616.955714,246.959433,-422.441195,0.693037,0.198847,-0.128070,0.680997
312,1769790338832,3.476308,616.9421,246.9478,-422.4374,0.693113,0.198894,-0.128027,0.680915,1.555485,0.446359,-0.287318,0.149480,-0.433571,0.291951,3.054178,0.366850,0.152364,616.970333,246.929929,-422.410776,0.693073,0.198870,-0.127988,0.680970
313,1769790338843,3.487419,616.8948,246.9398,-422.3391,0.693037,0.198789,-0.128076,0.681013,1.555256,0.446106,-0.287417,0.149423,-0.433587,0.291937,3.054231,0.366649,0.152370,616.893805,246.929905,-422.376343,0.693057,0.198856,-0.127883,0.681010
314,1769790338854,3.498531,616.9045,246.8550,-422.3886,0.693163,0.198995,-0.127554,0.680923,1.555593,0.446583,-0.286257,0.149405,-0.433589,0.291919,3.054307,0.366524,0.152437,616.815767,246.929243,-422.356552,0.693104,0.198819,-0.127879,0.680973
315,1769790338865,3.509642,616.6617,246.9935,-422.3270,0.692981,0.198645,-0.127916,0.681142,1.555052,0.445759,-0.287044,0.149388,-0.433597,0.291938,3.054248,0.366494,0.152390,616.734724,246.920257,-422.336262,0.693058,0.198784,-0.127782,0.681049
316,1769790338876,3.520753,616.6371,246.9761,-422.3348,0.693168,0.198716,-0.127957,0.680924,1.555605,0.445958,-0.287161,0.149342,-0.433608,0.291919,3.054324,0.366317,0.152418,616.674395,246.970400,-422.349838,0.693106,0.198740,-0.127860,0.680998
317,1769790338887,3.531864,616.7003,246.9465,-422.3528,0.692996,0.198784,-0.127702,0.681127,1.555095,0.446074,-0.286566,0.149315,-0.433628,0.291934,3.054271,0.366237,0.152382,616.656071,247.048033,-422.355929,0.693078,0.198667,-0.127935,0.681034
318,1769790338898,3.542975,616.6767,247.1895,-422.3844,0.693254,0.198622,-0.128169,0.680823,1.555859,0.445764,-0.287648,0.149288,-0.433629,0.291929,3.054303,0.366125,0.152413,616.699871,247.112924,-422.361833,0.693144,0.198688,-0.127898,0.680968
319,1769790338910,3.554086,616.7117,247.1741,-422.3583,0.692999,0.198655,-0.127681,0.681166,1.555077,0.445778,-0.286514,0.149252,-0.433656,0.291955,3.054218,0.366027,0.152338,616.688957,247.165162,-422.358643,0.693100,0.198692,-0.127845,0.681020
320,1769790338921,3.565198,616.6593,247.2016,-422.2945,0.693244,0.198712,-0.127856,0.680867,1.555809,0.445959,-0.286940,0.149228,-0.433668,0.291964,3.054173,0.365927,0.152314,616.603443,247.231829,-422.294624,0.693137,0.198690,-0.127795,0.680993
321,1769790338932,3.576309,616.5387,247.1124,-422.2964,0.693001,0.198769,-0.127613,0.681142,1.555097,0.446039,-0.286365,0.149180,-0.433690,0.291956,3.054207,0.365748,0.152369,616.596981,247.114476,-422.275990,0.693150,0.198701,-0.127641,0.681005
322,1769790338943,3.587420,616.4863,247.1607,-422.1640,0.693264,0.198637,-0.127600,0.680916,1.555825,0.445783,-0.286360,0.149144,-0.433694,0.291941,3.054260,0.365602,0.152362,616.587895,247.024590,-422.265381,0.693173,0.198690,-0.127584,0.680996
323,1769790338954,3.598531,616.7668,246.7097,-422.3711,0.693193,0.198620,-0.127483,0.681016,1.555604,0.445726,-0.286087,0.149082,-0.433719,0.291965,3.054196,0.365445,0.152295,616.619748,246.896138,-422.269362,0.693093,0.198658,-0.127447,0.681113
324,1769790338965,3.609642,616.5950,246.9145,-422.2247,0.692983,0.198665,-0.127363,0.681238,1.554999,0.445789,-0.285793,0.149063,-0.433721,0.291923,3.054296,0.365385,0.152383,616.642310,246.827190,-422.250419,0.693136,0.198596,-0.127459,0.681085
325,1769790338976,3.620754,616.6154,246.7706,-422.2105,0.693030,0.198566,-0.127400,0.681213,1.555118,0.445570,-0.285878,0.149019,-0.433736,0.291919,3.054330,0.365232,0.152400,616.618329,246.805667,-422.199429,0.693058,0.198572,-0.127391,0.681184
326,1769790338987,3.631865,616.4922,246.9230,-422.1025,0.693246,0.198457,-0.127546,0.680997,1.555734,0.445363,-0.286231,0.148966,-0.433755,0.291917,3.054339,0.365015,0.152428,616.486076,246.920467,-422.091886,0.693054,0.198513,-0.127375,0.681208
327,1769790338998,3.642976,616.4139,246.9693,-422.0052,0.692948,0.198499,-0.127208,0.681351,1.554850,0.445396,-0.285431,0.148941,-0.433781,0.291960,3.054194,0.364962,0.152392,616.366090,246.986148,-422.042767,0.693129,0.198431,-0.127447,0.681142
328,1769790339010,3.654087,616.2078,247.1079,-422.0248,0.693131,0.198377,-0.127459,0.681153,1.555381,0.445157,-0.286017,0.148863,-0.433795,0.291930,3.054286,0.364735,0.152401,616.255405,247.082714,-422.012738,0.693095,0.198416,-0.127373,0.681195
329,1769790339021,3.665199,616.1442,247.1092,-422.0442,0.693203,0.198348,-0.127546,0.681072,1.555593,0.445105,-0.286221,0.148830,-0.433811,0.291918,3.054296,0.364605,0.152424,616.201300,247.080862,-422.052852,0.693079,0.198381,-0.127362,0.681224
330,1769790339032,3.676310,616.2491,247.0359,-422.1084,0.692963,0.198432,-0.127110,0.681374,1.554869,0.445242,-0.285210,0.148801,-0.433821,0.291924,3.054270,0.364597,0.152369,616.185690,247.039224,-422.125986,0.693166,0.198334,-0.127431,0.681136
331,1769790339043,3.687421,616.2164,246.9124,-422.2071,0.693201,0.198259,-0.127532,0.681103,1.555570,0.444901,-0.286186,0.148730,-0.433846,0.291919,3.054276,0.364397,0.152365,616.222886,246.933386,-422.172948,0.693059,0.198346,-0.127342,0.681257
332,1769790339054,3.698532,616.2150,246.8641,-422.2153,0.693146,0.198330,-0.127378,0.681168,1.555406,0.445049,-0.285834,0.148690,-0.433843,0.291907,3.054319,0.364288,0.152405,616.250405,246.828443,-422.195014,0.693036,0.198351,-0.127296,0.681288
333,1769790339065,3.709643,616.2242,246.7673,-422.1654,0.692810,0.198392,-0.127138,0.681536,1.554428,0.445122,-0.285255,0.148651,-0.433859,0.291904,3.054336,0.364134,0.152400,616.155971,246.813957,-422.193519,0.693156,0.198293,-0.127357,0.681172
334,1769790339076,3.720754,616.1542,246.7997,-422.1696,0.693293,0.198296,-0.127302,0.681042,1.555813,0.444995,-0.285678,0.148572,-0.433895,0.291922,3.054257,0.363856,0.152354,616.127086,246.840105,-422.179300,0.693104,0.198319,-0.127204,0.681246
335,1769790339087,3.731866,615.9058,247.0090,-422.1962,0.693342,0.198162,-0.127293,0.681032,1.555929,0.444696,-0.285657,0.148537,-0.433907,0.291884,3.054351,0.363768,0.152372,616.080200,246.934433,-422.196710,0.693132,0.198288,-0.127138,0.681238
336,1769790339098,3.742977,616.1888,246.9766,-422.1982,0.692866,0.198374,-0.126900,0.681529,1.554557,0.445085,-0.284720,0.148477,-0.433918,0.291921,3.054254,0.363666,0.152485,616.036924,247.042443,-422.193867,0.693194,0.198214,-0.127112,0.681202
337,1769790339110,3.754088,615.9846,247.1554,-422.2089,0.693209,0.198147,-0.127088,0.681211,1.555522,0.444630,-0.285178,0.148438,-0.433936,0.291896,3.054289,0.363592,0.152444,616.015148,247.118195,-422.175233,0.693076,0.198172,-0.127083,0.681340
338,1769790339121,3.765199,615.9554,247.0688,-422.0708,0.693171,0.198028,-0.127147,0.681273,1.555399,0.444352,-0.285304,0.148372,-0.433955,0.291885,3.054340,0.363356,0.152405,615.969805,247.014814,-422.102324,0.693089,0.198125,-0.127048,0.681346
339,1769790339132,3.776311,615.8845,247.0011,-422.0686,0.693032,0.198078,-0.127148,0.681400,1.555008,0.444442,-0.285291,0.148296,-0.433973,0.291869,3.054390,0.363120,0.152398,615.861119,246.957433,-422.040790,0.693246,0.197997,-0.127118,0.681211
340,1769790339143,3.787422,615.7509,246.6545,-421.9258,0.693313,0.197983,-0.126932,0.681182,1.555772,0.444267,-0.284831,0.148265,-0.433973,0.291863,3.054410,0.362929,0.152482,615.807757,246.874776,-421.987157,0.693193,0.197962,-0.127112,0.681276
341,1769790339154,3.798533,615.7720,246.9924,-421.9957,0.693305,0.197838,-0.127175,0.681187,1.555751,0.443941,-0.285376,0.148174,-0.433999,0.291867,3.054422,0.362652,0.152404,615.735119,246.822719,-421.957062,0.693079,0.197947,-0.126994,0.681418
342,1769790339165,3.809644,615.6190,246.8658,-421.9103,0.692879,0.197943,-0.127009,0.681620,1.554531,0.444102,-0.284955,0.148138,-0.434019,0.291881,3.054366,0.362507,0.152388,615.594267,246.863324,-421.874548,0.693159,0.197864,-0.126979,0.681364
343,1769790339176,3.820755,615.4932,246.8326,-421.8308,0.692945,0.197897,-0.126701,0.681624,1.554676,0.443997,-0.284263,0.148094,-0.434030,0.291854,3.054421,0.362370,0.152400,615.462643,246.943852,-421.840000,0.693124,0.197841,-0.126995,0.681403
344,1769790339187,3.831867,615.2041,247.0775,-421.7224,0.693608,0.197698,-0.127123,0.680928,1.556589,0.443673,-0.285288,0.147990,-0.434064,0.291842,3.054454,0.362030,0.152324,615.287019,247.024624,-421.830700,0.693140,0.197831,-0.126851,0.681416
345,1769790339198,3.842978,615.2703,247.0373,-421.8865,0.693008,0.197875,-0.126812,0.681545,1.554867,0.443961,-0.284521,0.147972,-0.434075,0.291862,3.054401,0.361995,0.152250,615.234200,247.053762,-421.803090,0.693222,0.197816,-0.126739,0.681358
346,1769790339210,3.854089,615.1503,247.2236,-421.8834,0.693119,0.197818,-0.126454,0.681516,1.555132,0.443840,-0.283722,0.147888,-0.434114,0.291843,3.054452,0.361661,0.152325,615.258562,247.077795,-421.811705,0.693225,0.197799,-0.126674,0.681373
347,1769790339221,3.865200,615.3731,246.7641,-421.6528,0.693206,0.197832,-0.126549,0.681406,1.555395,0.443889,-0.283947,0.147846,-0.434108,0.291828,3.054533,0.361537,0.152294,615.264152,246.966881,-421.809067,0.693065,0.197840,-0.126527,0.681551
348,1769790339232,3.876312,615.2306,246.9986,-421.8028,0.693223,0.197688,-0.126681,0.681406,1.555434,0.443568,-0.284242,0.147822,-0.434130,0.291884,3.054364,0.361452,0.152243,615.130414,246.813648,-421.697800,0.693173,0.197736,-0.126593,0.681458
349,1769790339243,3.887423,614.9002,246.6515,-421.6439,0.693001,0.197777,-0.126602,0.681621,1.554804,0.443729,-0.284042,0.147736,-0.434154,0.291853,3.054505,0.361135,0.152313,614.983552,246.712138,-421.586952,0.693284,0.197623,-0.126700,0.681358
350,1769790339254,3.898534,614.7266,246.6444,-421.4214,0.693469,0.197389,-0.126787,0.681222,1.556099,0.442927,-0.284501,0.147680,-0.434170,0.291857,3.054513,0.360887,0.152309,614.797743,246.802700,-421.515381,0.693301,0.197519,-0.126714,0.681368
351,1769790339265,3.909646,614.8027,246.9633,-421.4437,0.693454,0.197439,-0.126658,0.681247,1.556050,0.443034,-0.284209,0.147629,-0.434191,0.291862,3.054497,0.360741,0.152283,614.790638,246.829695,-421.471071,0.693193,0.197490,-0.126628,0.681503
352,1769790339276,3.920757,614.8084,247.0993,-421.5246,0.692963,0.197492,-0.126513,0.681757,1.554637,0.443066,-0.283828,0.147500,-0.434229,0.291859,3.054571,0.360251,0.152275,614.835562,247.090919,-421.525748,0.693196,0.197429,-0.126502,0.681541
353,1769790339287,3.931868,614.9609,247.0542,-421.6645,0.692916,0.197493,-0.126276,0.681850,1.554474,0.443052,-0.283284,0.147445,-0.434247,0.291872,3.054559,0.360074,0.152261,614.818095,247.182581,-421.591776,0.693166,0.197417,-0.126350,0.681603
354,1769790339298,3.942979,614.6738,247.4508,-421.6045,0.693514,0.197247,-0.126244,0.681318,1.556141,0.442592,-0.283273,0.147285,-0.434309,0.291855,3.054642,0.359525,0.152229,614.739257,247.204714,-421.614019,0.693225,0.197328,-0.126265,0.681585
355,1769790339310,3.954091,614.5472,246.9367,-421.5353,0.693393,0.197192,-0.126271,0.681452,1.555788,0.442446,-0.283318,0.147205,-0.434333,0.291852,3.054666,0.359271,0.152168,614.603238,247.113605,-421.570586,0.693312,0.197207,-0.126212,0.681541
356,1769790339321,3.965202,614.5180,247.1285,-421.5465,0.693195,0.197126,-0.126169,0.681692,1.555196,0.442255,-0.283063,0.147113,-0.434354,0.291864,3.054676,0.359072,0.152091,614.447948,247.022824,-421.510662,0.693311,0.197070,-0.126178,0.681588
357,1769790339332,3.976313,614.3073,246.7794,-421.4309,0.693143,0.196966,-0.126075,0.681808,1.555009,0.441878,-0.282839,0.146932,-0.434419,0.291917,3.054612,0.358459,0.151991,614.358843,246.909571,-421.479071,0.693233,0.196983,-0.126082,0.681710
358,1769790339343,3.987425,614.2505,246.9746,-421.4539,0.693348,0.196817,-0.125973,0.681662,1.555558,0.441568,-0.282625,0.146832,-0.434458,0.291883,3.054709,0.358125,0.151992,614.236733,246.925662,-421.428976,0.693268,0.196865,-0.125950,0.681733
359,1769790339354,3.998536,614.0986,246.9423,-421.3725,0.693398,0.196786,-0.125809,0.681650,1.555677,0.441500,-0.282260,0.146622,-0.434510,0.291884,3.054825,0.357491,0.151894,614.071971,246.883110,-421.340329,0.693343,0.196724,-0.125840,0.681718
360,1769790339365,4.009647,613.9081,246.8544,-421.2363,0.693353,0.196609,-0.125700,0.681767,1.555506,0.441084,-0.282003,0.146531,-0.434552,0.291892,3.054815,0.357256,0.151871,613.915429,246.925219,-421.243876,0.693427,0.196619,-0.125705,0.681688
361,1769790339376,4.020759,613.7007,246.8944,-421.1335,0.693454,0.196445,-0.125618,0.681727,1.555757,0.440721,-0.281822,0.146393,-0.434584,0.291899,3.054874,0.356776,0.151807,613.725943,246.874676,-421.168390,0.693467,0.196506,-0.125576,0.681703
362,1769790339387,4.031870,613.5592,246.8946,-421.1010,0.693595,0.196421,-0.125406,0.681629,1.556132,0.440686,-0.281357,0.146160,-0.434664,0.291926,3.054906,0.356066,0.151716,613.546119,246.843786,-421.175986,0.693555,0.196354,-0.125441,0.681683
363,1769790339398,4.042981,613.3715,246.8101,-421.1858,0.693579,0.196216,-0.125319,0.681721,1.556040,0.440210,-0.281152,0.146039,-0.434709,0.291940,3.054879,0.355720,0.151639,613.346305,246.865990,-421.057233,0.693615,0.196225,-0.125289,0.681686
364,1769790339410,4.054092,613.1866,246.8473,-421.0946,0.693644,0.196025,-0.125148,0.681740,1.556175,0.439779,-0.280766,0.145769,-0.434808,0.291918,3.055056,0.354723,0.151646,613.203710,246.871490,-420.967771,0.693550,0.196058,-0.125172,0.681822
365,1769790339421,4.065204,612.9830,246.9951,-420.5874,0.693454,0.195902,-0.125068,0.681984,1.555599,0.439461,-0.280560,0.145668,-0.434835,0.291936,3.055032,0.354476,0.151594,613.045962,246.929867,-420.907738,0.693459,0.195852,-0.125110,0.681986
366,1769790339432,4.076315,613.0189,246.9480,-420.9812,0.693293,0.195641,-0.125073,0.682221,1.555095,0.438834,-0.280545,0.145526,-0.434894,0.291959,3.055004,0.353947,0.151546,612.937557,246.987857,-420.893510,0.693413,0.195661,-0.125057,0.682097
367,1769790339443,4.087426,612.7441,247.1000,-420.9789,0.693454,0.195478,-0.124974,0.682123,1.555516,0.438484,-0.280333,0.145245,-0.434980,0.291944,3.055130,0.353012,0.151441,612.789662,247.052976,-420.878581,0.693421,0.195492,-0.124931,0.682160
368,1769790339454,4.098538,612.6886,247.0757,-420.8981,0.693536,0.195333,-0.124783,0.682116,1.555704,0.438161,-0.279906,0.145115,-0.435026,0.291964,3.055118,0.352556,0.151436,612.638495,247.158233,-420.855529,0.693507,0.195355,-0.124731,0.682148
369,1769790339465,4.109649,612.3444,247.3052,-420.5545,0.693609,0.195266,-0.124357,0.682139,1.555853,0.438006,-0.278947,0.144976,-0.435070,0.291955,3.055189,0.352034,0.151453,612.415671,247.339076,-420.621852,0.693581,0.195256,-0.124436,0.682155
370,1769790339476,4.120760,612.2399,247.4680,-420.4572,0.693603,0.195159,-0.124191,0.682206,1.555799,0.437754,-0.278569,0.144677,-0.435178,0.291961,3.055226,0.351041,0.151312,612.162857,247.402195,-420.459176,0.693627,0.195128,-0.124156,0.682196
371,1769790339487,4.131871,611.8766,247.4480,-420.3307,0.693626,0.194963,-0.123884,0.682294,1.555797,0.437300,-0.277870,0.144535,-0.435224,0.291948,3.055308,0.350545,0.151352,611.873676,247.307029,-420.398062,0.693668,0.194965,-0.123918,0.682244
372,1769790339498,4.142983,611.5385,247.0130,-420.4604,0.693774,0.194735,-0.123806,0.682223,1.556172,0.436800,-0.277703,0.144207,-0.435332,0.291948,3.055388,0.349463,0.151196,611.617910,247.073443,-420.425448,0.693712,0.194744,-0.123808,0.682283
373,1769790339510,4.154094,611.3892,246.7076,-420.4933,0.693737,0.194523,-0.123662,0.682347,1.556015,0.436305,-0.277368,0.144070,-0.435375,0.291966,3.055408,0.348900,0.151228,611.322533,246.820657,-420.461057,0.693771,0.194513,-0.123718,0.682305
374,1769790339521,4.165205,611.1415,246.7307,-420.4042,0.693786,0.194275,-0.123693,0.682362,1.556115,0.435745,-0.277434,0.143902,-0.435428,0.291950,3.055496,0.348279,0.151259,611.156948,246.700795,-420.405533,0.693794,0.194297,-0.123602,0.682364
375,1769790339532,4.176316,610.9218,246.7340,-420.3538,0.693796,0.194104,-0.123448,0.682445,1.556087,0.435348,-0.276877,0.143554,-0.435545,0.291985,3.055489,0.347085,0.150989,611.024581,246.753414,-420.283519,0.693731,0.194099,-0.123412,0.682519
376,1769790339543,4.187428,610.9733,246.8958,-420.0488,0.693697,0.193913,-0.123081,0.682667,1.555729,0.434881,-0.276029,0.143405,-0.435587,0.291977,3.055558,0.346564,0.151038,610.868114,246.874857,-420.174248,0.693702,0.193917,-0.123162,0.682646
377,1769790339554,4.198539,610.6714,246.9391,-420.1310,0.693593,0.193731,-0.122882,0.682859,1.555379,0.434441,-0.275562,0.143064,-0.435713,0.291990,3.055587,0.345368,0.150973,610.661433,246.929029,-420.114105,0.693694,0.193723,-0.122841,0.682767
378,1769790339565,4.209650,610.3650,246.9947,-420.0964,0.693781,0.193535,-0.122570,0.682780,1.555847,0.434014,-0.274871,0.142850,-0.435783,0.291956,3.055748,0.344609,0.150884,610.350729,246.947933,-420.063014,0.693728,0.193527,-0.122559,0.682838
379,1769790339576,4.220761,609.9415,246.8491,-420.0532,0.693852,0.193269,-0.122306,0.682831,1.555976,0.433409,-0.274274,0.142637,-0.435861,0.291972,3.055747,0.343856,0.150794,609.961886,246.896100,-420.037752,0.693825,0.193299,-0.122362,0.682839
380,1769790339587,4.231872,609.5732,246.8475,-419.9023,0.693909,0.193095,-0.122151,0.682850,1.556093,0.433016,-0.273923,0.142269,-0.435996,0.291953,3.055863,0.342561,0.150698,609.599786,246.805229,-419.905357,0.693940,0.193035,-0.122197,0.682827
381,1769790339598,4.242984,609.3315,246.7737,-419.8012,0.694035,0.192752,-0.122089,0.682830,1.556388,0.432251,-0.273787,0.142065,-0.436062,0.291936,3.055946,0.341873,0.150618,609.321838,246.806471,-419.792081,0.694039,0.192791,-0.121988,0.682833
382,1769790339610,4.254095,609.0411,246.7628,-419.6354,0.694131,0.192506,-0.121807,0.682852,1.556588,0.431696,-0.273153,0.141615,-0.436213,0.291952,3.056036,0.340260,0.150406,609.123029,246.898786,-419.714129,0.694120,0.192549,-0.121755,0.682860
383,1769790339621,4.265206,608.9652,247.0769,-419.6817,0.694242,0.192361,-0.121326,0.682865,1.556831,0.431367,-0.272072,0.141424,-0.436277,0.291951,3.056107,0.339574,0.150387,608.868690,246.901129,-419.636543,0.694185,0.192299,-0.121451,0.682919
384,1769790339632,4.276317,608.6189,246.9652,-419.6064,0.694195,0.192044,-0.121194,0.683026,1.556626,0.430630,-0.271759,0.141196,-0.436358,0.291940,3.056192,0.338722,0.150330,608.545400,246.902229,-419.567281,0.694281,0.192068,-0.121140,0.682941
385,1769790339643,4.287428,608.0888,246.6543,-419.3841,0.694330,0.191782,-0.120858,0.683022,1.556931,0.430043,-0.271006,0.140715,-0.436516,0.291913,3.056405,0.337053,0.150137,608.200386,246.827524,-419.436762,0.694353,0.191785,-0.120887,0.682992
386,1769790339654,4.298539,607.7942,246.7858,-419.3033,0.694524,0.191481,-0.120678,0.682941,1.557417,0.429382,-0.270612,0.140461,-0.436600,0.291914,3.056479,0.336160,0.150094,607.838952,246.689971,-419.234771,0.694392,0.191456,-0.120636,0.683089
387,1769790339665,4.309651,607.5229,246.6476,-418.9702,0.694391,0.191098,-0.120402,0.683232,1.556941,0.428474,-0.269962,0.140211,-0.436689,0.291912,3.056546,0.335224,0.149968,607.441186,246.613129,-419.016705,0.694432,0.191104,-0.120405,0.683188
388,1769790339676,4.320762,607.1371,246.6780,-418.8299,0.694423,0.190754,-0.120090,0.683351,1.556939,0.427683,-0.269250,0.139690,-0.436856,0.291900,3.056742,0.333326,0.149872,607.046338,246.814629,-418.811524,0.694504,0.190761,-0.120186,0.683249
389,1769790339687,4.331873,606.4746,246.7992,-418.6321,0.694565,0.190366,-0.120071,0.683317,1.557279,0.426818,-0.269211,0.139417,-0.436948,0.291917,3.056762,0.332341,0.149702,606.626567,246.943381,-418.654533,0.694609,0.190412,-0.119952,0.683281
390,1769790339698,4.342985,606.2178,247.4352,-418.5378,0.694819,0.190135,-0.119656,0.683197,1.557921,0.426320,-0.268292,0.138857,-0.437139,0.291938,3.056866,0.330321,0.149524,606.222762,247.011429,-418.586205,0.694669,0.190069,-0.119702,0.683359
391,1769790339710,4.354096,605.9150,246.8370,-418.5681,0.694741,0.189680,-0.119423,0.683444,1.557596,0.425259,-0.267744,0.138552,-0.437235,0.291909,3.057011,0.329278,0.149278,605.856414,246.950190,-418.506319,0.694649,0.189707,-0.119399,0.683534
392,1769790339721,4.365207,605.5095,246.6724,-418.4470,0.694482,0.189304,-0.119051,0.683875,1.556753,0.424343,-0.266866,0.138265,-0.437333,0.291927,3.057066,0.328191,0.149234,605.489838,246.799352,-418.432381,0.694709,0.189279,-0.119056,0.683651
393,1769790339732,4.376318,605.0391,246.6898,-418.2729,0.694725,0.188870,-0.118717,0.683807,1.557337,0.423382,-0.266122,0.137642,-0.437525,0.291896,3.057312,0.326025,0.149026,605.019100,246.729838,-418.297195,0.694796,0.188841,-0.118782,0.683732
394,1769790339743,4.387430,604.5255,246.8308,-418.1540,0.695197,0.188371,-0.118507,0.683501,1.558583,0.422315,-0.265684,0.137323,-0.437625,0.291897,3.057392,0.324863,0.148879,604.581300,246.829586,-418.151571,0.694955,0.188482,-0.118480,0.683721
395,1769790339754,4.398541,604.1426,247.1404,-417.9531,0.695096,0.188178,-0.118181,0.683713,1.558228,0.421847,-0.264932,0.136690,-0.437823,0.291907,3.057553,0.322613,0.148825,604.208110,246.952048,-417.988595,0.695152,0.188144,-0.118128,0.683675
396,1769790339765,4.409652,603.9099,246.7915,-417.8816,0.695156,0.187894,-0.117721,0.683810,1.558304,0.421194,-0.263890,0.136369,-0.437929,0.291890,3.057660,0.321535,0.148720,603.843357,246.984614,-417.784657,0.695258,0.187837,-0.117698,0.683726
397,1769790339776,4.420763,603.4948,247.0466,-417.5503,0.695343,0.187497,-0.117159,0.683825,1.558714,0.420303,-0.262629,0.136024,-0.438032,0.291897,3.057732,0.320305,0.148613,603.441229,246.928857,-417.596852,0.695269,0.187532,-0.117227,0.683879
398,1769790339787,4.431875,602.9115,246.7940,-417.3502,0.695421,0.187148,-0.116740,0.683913,1.558835,0.419506,-0.261682,0.135351,-0.438255,0.291878,3.057899,0.317917,0.148497,602.956433,246.827010,-417.433600,0.695374,0.187141,-0.116743,0.683962
399,1769790339798,4.442986,602.3580,246.7402,-417.3403,0.695356,0.186776,-0.116370,0.684144,1.558547,0.418632,-0.260828,0.135002,-0.438368,0.291883,3.058020,0.316572,0.148572,602.335814,246.746852,-417.252224,0.695464,0.186773,-0.116312,0.684045
400,1769790339810,4.454097,601.7885,246.6567,-417.1406,0.695583,0.186343,-0.115879,0.684114,1.559075,0.417668,-0.259730,0.134241,-0.438613,0.291871,3.058230,0.313897,0.148275,601.774433,246.612652,-417.134262,0.695526,0.186385,-0.115982,0.684143
401,1769790339821,4.465208,601.1111,246.4877,-416.9249,0.695653,0.186034,-0.115598,0.684175,1.559195,0.416965,-0.259094,0.133893,-0.438731,0.291865,3.058322,0.312703,0.148253,601.217376,246.561000,-416.976686,0.695650,0.185942,-0.115586,0.684205
402,1769790339832,4.476320,600.8259,246.6108,-416.8463,0.695723,0.185475,-0.115293,0.684307,1.559270,0.415691,-0.258398,0.133516,-0.438843,0.291880,3.058403,0.311315,0.148191,600.716243,246.575638,-416.812781,0.695779,0.185516,-0.115126,0.684267
403,1769790339843,4.487431,600.1468,246.6099,-416.6224,0.695914,0.185023,-0.114558,0.684359,1.559666,0.414670,-0.256744,0.132708,-0.439103,0.291904,3.058529,0.308526,0.147833,600.267943,246.678886,-416.683333,0.695828,0.185113,-0.114637,0.684409
404,1769790339854,4.498542,599.7953,246.8501,-416.5365,0.695863,0.184730,-0.114110,0.684565,1.559426,0.413980,-0.255720,0.132344,-0.439215,0.291879,3.058686,0.307304,0.147810,599.675048,246.788543,-416.434476,0.695862,0.184642,-0.114209,0.684572
405,1769790339865,4.509653,599.1615,246.9064,-416.2451,0.695865,0.184253,-0.113783,0.684746,1.559321,0.412882,-0.254969,0.131946,-0.439328,0.291892,3.058766,0.305880,0.147780,599.032776,246.863619,-416.196371,0.695908,0.184190,-0.113822,0.684712
406,1769790339876,4.520765,598.1844,246.8235,-415.7662,0.695959,0.183595,-0.113670,0.684846,1.559470,0.411390,-0.254707,0.131087,-0.439599,0.291892,3.058969,0.302854,0.147488,598.492210,246.887071,-415.988381,0.695999,0.183702,-0.113501,0.684803
407,1769790339887,4.531876,598.0248,246.9083,-415.9121,0.696168,0.183209,-0.113056,0.684838,1.559945,0.410528,-0.253330,0.130683,-0.439705,0.291863,3.059160,0.301469,0.147411,597.960767,246.849581,-415.777976,0.696138,0.183197,-0.113121,0.684861
408,1769790339898,4.542988,597.5917,246.7917,-415.6595,0.696355,0.182733,-0.112579,0.684854,1.560353,0.409458,-0.252261,0.129814,-0.439982,0.291843,3.059398,0.298397,0.147355,597.472762,246.841814,-415.635386,0.696300,0.182716,-0.112588,0.684913
409,1769790339910,4.554099,596.9698,246.8649,-415.4469,0.696371,0.182266,-0.112080,0.685044,1.560273,0.408381,-0.251125,0.129368,-0.440100,0.291847,3.059505,0.296831,0.147232,596.955748,246.852490,-415.490838,0.696421,0.182250,-0.112000,0.685010
410,1769790339921,4.565210,596.2287,246.9109,-415.3022,0.696568,0.181693,-0.111356,0.685113,1.560672,0.407087,-0.249496,0.128914,-0.440231,0.291862,3.059588,0.295236,0.147042,596.272643,246.905562,-415.274043,0.696526,0.181687,-0.111488,0.685137
411,1769790339932,4.576321,595.5489,246.9467,-415.0712,0.696637,0.181152,-0.111018,0.685242,1.560747,0.405853,-0.248726,0.127978,-0.440508,0.291848,3.059849,0.291959,0.146763,595.606890,247.015743,-415.140738,0.696713,0.181152,-0.111005,0.685167
412,1769790339943,4.587433,594.9963,247.1428,-415.0042,0.696896,0.180529,-0.110530,0.685221,1.561342,0.404462,-0.247633,0.127497,-0.440634,0.291891,3.059876,0.290275,0.146477,594.961443,247.058476,-414.967243,0.696918,0.180597,-0.110452,0.685194
413,1769790339954,4.598544,594.3510,247.1080,-414.8180,0.697201,0.180155,-0.110025,0.685091,1.562105,0.403644,-0.246515,0.126549,-0.440906,0.291857,3.060194,0.286992,0.146225,594.294338,247.064181,-414.733048,0.697083,0.180086,-0.109983,0.685236
414,1769790339965,4.609655,593.6133,246.9769,-414.4285,0.697141,0.179502,-0.109246,0.685448,1.561753,0.402124,-0.244734,0.126046,-0.441044,0.291853,3.060301,0.285269,0.145930,593.637629,247.062662,-414.467843,0.697166,0.179537,-0.109422,0.685386
415,1769790339976,4.620767,592.8848,247.0167,-414.1754,0.697201,0.179031,-0.109063,0.685539,1.561831,0.401055,-0.244316,0.125586,-0.441181,0.291872,3.060355,0.283735,0.145826,592.971595,247.027981,-414.235400,0.697198,0.178987,-0.108899,0.685580
416,1769790339987,4.631878,592.3886,247.0974,-414.0318,0.697136,0.178312,-0.108358,0.685905,1.561461,0.399387,-0.242702,0.124560,-0.441466,0.291844,3.060640,0.280235,0.145376,592.320171,247.050581,-414.073371,0.697214,0.178353,-0.108450,0.685800
417,1769790339998,4.642989,591.6873,247.0489,-414.0504,0.697372,0.177790,-0.108007,0.685856,1.562020,0.398226,-0.241921,0.124080,-0.441595,0.291868,3.060705,0.278543,0.145287,591.688681,247.085290,-413.977957,0.697322,0.177737,-0.108024,0.685917
418,1769790340010,4.654100,590.9619,247.0801,-413.8215,0.697418,0.177074,-0.107609,0.686056,1.562002,0.396591,-0.241012,0.123021,-0.441876,0.291856,3.060960,0.275103,0.144722,590.961967,247.040186,-413.797943,0.697429,0.177116,-0.107543,0.686044
419,1769790340021,4.665211,590.2264,246.9841,-413.5753,0.697581,0.176562,-0.106994,0.686119,1.562326,0.395434,-0.239629,0.122543,-0.442003,0.291844,3.061133,0.273489,0.144661,590.165324,246.952524,-413.551662,0.697551,0.176580,-0.107027,0.686139
420,1769790340032,4.676323,589.2794,246.8324,-413.1653,0.697615,0.176068,-0.106508,0.686287,1.562300,0.394301,-0.238524,0.122023,-0.442148,0.291860,3.061190,0.271724,0.144474,589.382414,246.894148,-413.244581,0.697655,0.176088,-0.106413,0.686255
421,1769790340043,4.687434,588.6243,246.8354,-412.9942,0.697736,0.175635,-0.105668,0.686404,1.562501,0.393315,-0.236631,0.120995,-0.442428,0.291828,3.061476,0.268326,0.144214,588.573195,246.857838,-412.955638,0.697726,0.175618,-0.105771,0.686403
422,1769790340054,4.698545,587.8592,246.9094,-412.7166,0.697872,0.175131,-0.105201,0.686467,1.562767,0.392177,-0.235579,0.120468,-0.442588,0.291846,3.061531,0.266486,0.144114,587.828881,246.892757,-412.702643,0.697754,0.175066,-0.105215,0.686601
423,1769790340065,4.709656,587.0590,246.9187,-412.4757,0.697786,0.174425,-0.104639,0.686820,1.562358,0.390542,-0.234289,0.119981,-0.442730,0.291839,3.061637,0.264853,0.144070,587.178019,246.891714,-412.535138,0.697934,0.174421,-0.104631,0.686671
424,1769790340076,4.720768,586.5485,246.9161,-412.3462,0.698041,0.173736,-0.104207,0.686801,1.562942,0.389001,-0.233324,0.118927,-0.443007,0.291835,3.061944,0.261195,0.143942,586.491090,246.863895,-412.345667,0.698137,0.173782,-0.104109,0.686706
425,1769790340087,4.731879,585.8693,246.7099,-412.2320,0.698601,0.173092,-0.103446,0.686510,1.564372,0.387603,-0.231645,0.118375,-0.443171,0.291868,3.061945,0.259295,0.143708,585.800386,246.808405,-412.172729,0.698412,0.173184,-0.103558,0.686661
426,1769790340098,4.742990,585.0214,246.8145,-411.9084,0.698570,0.172693,-0.103003,0.686708,1.564182,0.386681,-0.230637,0.117289,-0.443475,0.291844,3.062237,0.255549,0.143502,585.029905,246.745943,-411.895543,0.698650,0.172586,-0.102972,0.686658
427,1769790340110,4.754101,584.2448,246.7717,-411.6486,0.698788,0.172017,-0.102473,0.686736,1.564652,0.385162,-0.229446,0.116754,-0.443634,0.291880,3.062254,0.253724,0.143393,584.266567,246.810267,-411.619533,0.698664,0.171979,-0.102372,0.686885
428,1769790340121,4.765213,583.4447,246.8144,-411.2320,0.698596,0.171207,-0.101797,0.687233,1.563921,0.383274,-0.227889,0.116178,-0.443786,0.291840,3.062480,0.251732,0.143204,583.589071,246.911324,-411.408648,0.698635,0.171270,-0.101917,0.687159
429,1769790340132,4.776324,583.0340,247.1402,-411.3096,0.698502,0.170593,-0.101432,0.687535,1.563526,0.381855,-0.227045,0.115105,-0.444090,0.291839,3.062699,0.247980,0.143034,582.884100,246.982414,-411.224514,0.698689,0.170530,-0.101520,0.687347
430,1769790340143,4.787435,582.2626,246.9389,-411.1524,0.698890,0.169772,-0.101257,0.687370,1.564495,0.380041,-0.226667,0.114530,-0.444223,0.291824,3.062873,0.245937,0.142846,582.197352,247.004081,-411.046295,0.698736,0.169888,-0.101155,0.687513
431,1769790340154,4.798546,581.2643,246.9374,-410.7550,0.698872,0.169320,-0.100818,0.687564,1.564335,0.379002,-0.225669,0.113419,-0.444528,0.291842,3.063052,0.242117,0.142595,581.421262,246.889267,-410.838710,0.698842,0.169278,-0.100791,0.687609
432,1769790340165,4.809657,580.7001,246.6844,-410.5764,0.698898,0.168755,-0.100143,0.687775,1.564264,0.377706,-0.224140,0.112888,-0.444655,0.291842,3.063161,0.240283,0.142569,580.593276,246.663333,-410.575357,0.698929,0.168687,-0.100133,0.687762
433,1769790340176,4.820768,579.7142,246.4526,-410.3051,0.698959,0.168045,-0.099462,0.687986,1.564271,0.376085,-0.222597,0.112349,-0.444802,0.291843,3.063265,0.238412,0.142521,579.733748,246.566857,-410.274510,0.698988,0.168121,-0.099344,0.687955
434,1769790340187,4.831880,579.0675,246.3883,-410.2125,0.699172,0.167537,-0.098301,0.688060,1.564704,0.374938,-0.219992,0.111181,-0.445113,0.291870,3.063394,0.234346,0.142206,579.095676,246.354257,-410.248271,0.699218,0.167506,-0.098505,0.687992
435,1769790340198,4.842991,578.1176,246.4510,-409.8942,0.699474,0.166894,-0.097853,0.687973,1.565434,0.373512,-0.218997,0.110608,-0.445262,0.291850,3.063545,0.232368,0.142104,578.291986,246.244838,-410.085205,0.699475,0.166885,-0.097791,0.687983
436,1769790340210,4.854102,577.9084,245.9939,-410.3736,0.699827,0.166308,-0.097092,0.687865,1.566288,0.372215,-0.217302,0.109460,-0.445538,0.291825,3.063857,0.228359,0.142084,577.508657,246.309510,-409.954157,0.699735,0.166308,-0.097177,0.687945
437,1769790340221,4.865213,576.3755,246.4302,-409.4048,0.699829,0.165656,-0.096729,0.688071,1.566166,0.370726,-0.216472,0.108887,-0.445684,0.291826,3.063968,0.226405,0.142013,576.609695,246.426086,-409.686938,0.699854,0.165719,-0.096618,0.688046
438,1769790340232,4.876324,575.7079,246.7941,-409.4818,0.699948,0.165171,-0.095998,0.688169,1.566374,0.369628,-0.214829,0.108288,-0.445831,0.291815,3.064089,0.224340,0.141926,575.729648,246.595567,-409.342467,0.699877,0.165092,-0.095960,0.688265
439,1769790340243,4.887436,574.7667,246.6934,-408.9223,0.699802,0.164505,-0.095192,0.688588,1.565791,0.368076,-0.212990,0.107090,-0.446119,0.291831,3.064286,0.220093,0.141740,574.721667,246.734633,-409.006448,0.699898,0.164475,-0.095303,0.688482
440,1769790340254,4.898547,574.0203,246.7241,-408.7824,0.699999,0.163745,-0.094594,0.688651,1.566194,0.366366,-0.211646,0.106476,-0.446277,0.291809,3.064433,0.217975,0.141576,573.978638,246.698767,-408.930733,0.700080,0.163893,-0.094489,0.688548
441,1769790340265,4.909658,573.0184,246.5227,-408.9115,0.700267,0.163301,-0.093850,0.688587,1.566831,0.365381,-0.209988,0.105894,-0.446414,0.291828,3.064471,0.216005,0.141450,573.159762,246.632362,-408.708319,0.700202,0.163214,-0.093864,0.688671
442,1769790340276,4.920769,572.4730,246.7033,-408.5538,0.700535,0.162653,-0.093039,0.688577,1.567439,0.363934,-0.208173,0.104647,-0.446697,0.291814,3.064728,0.211652,0.141086,572.343533,246.655719,-408.504871,0.700358,0.162547,-0.093260,0.688752
443,1769790340287,4.931881,571.5465,246.6615,-408.1157,0.700258,0.161725,-0.092896,0.689096,1.566501,0.361784,-0.207810,0.104041,-0.446836,0.291777,3.064913,0.209631,0.141039,571.542590,246.661781,-408.220252,0.700461,0.161897,-0.092589,0.688892
444,1769790340298,4.942992,570.6287,246.7101,-407.8367,0.700556,0.161175,-0.091935,0.689052,1.567194,0.360559,-0.205665,0.102775,-0.447110,0.291753,3.065209,0.205168,0.140756,570.736338,246.655848,-407.871638,0.700533,0.161106,-0.092028,0.689079
445,1769790340310,4.954103,569.9499,246.5870,-407.7251,0.700715,0.160493,-0.091248,0.689140,1.567495,0.359023,-0.204120,0.102159,-0.447238,0.291748,3.065331,0.203092,0.140665,569.840095,246.601581,-407.662129,0.700657,0.160406,-0.091416,0.689197
446,1769790340321,4.965215,568.9528,246.5472,-407.4363,0.700813,0.159554,-0.090929,0.689301,1.567615,0.356898,-0.203395,0.101520,-0.447372,0.291735,3.065487,0.200875,0.140477,568.971695,246.633510,-407.483767,0.700871,0.159759,-0.090700,0.689224
447,1769790340332,4.976326,568.0784,246.6975,-407.3723,0.701023,0.159166,-0.090013,0.689297,1.568089,0.356032,-0.201347,0.100287,-0.447619,0.291709,3.065785,0.196617,0.140363,568.107833,246.652310,-407.316767,0.700976,0.159022,-0.090085,0.689368
448,1769790340343,4.987437,567.2125,246.8450,-407.0827,0.701100,0.158333,-0.089411,0.689489,1.568143,0.354141,-0.199985,0.099661,-0.447761,0.291720,3.065873,0.194452,0.140262,567.249276,246.790838,-407.155000,0.701114,0.158281,-0.089469,0.689479
449,1769790340354,4.998548,566.4322,246.7880,-407.0031,0.701137,0.157480,-0.088809,0.689725,1.568082,0.352202,-0.198621,0.098413,-0.448013,0.291749,3.066040,0.190183,0.140041,566.413190,246.910743,-406.968062,0.701142,0.157560,-0.088828,0.689699
450,1769790340365,5.009659,565.5825,247.1210,-406.7896,0.701290,0.156797,-0.088323,0.689787,1.568386,0.350665,-0.197529,0.097796,-0.448149,0.291775,3.066112,0.188054,0.139980,565.492733,247.000338,-406.711419,0.701149,0.156829,-0.088234,0.689935
451,1769790340376,5.020771,564.5112,247.0255,-406.4019,0.701075,0.156188,-0.087608,0.690235,1.567630,0.349243,-0.195894,0.097161,-0.448278,0.291774,3.066247,0.185823,0.139967,564.525810,247.113900,-406.448219,0.701257,0.156203,-0.087618,0.690045
452,1769790340387,5.031882,563.4908,247.1305,-406.1881,0.701491,0.155669,-0.086847,0.690026,1.568689,0.348110,-0.194208,0.095885,-0.448543,0.291827,3.066360,0.181492,0.139754,563.593148,247.114057,-406.241295,0.701686,0.155583,-0.086967,0.689831
453,1769790340398,5.042993,562.6718,247.1262,-406.0426,0.701952,0.154928,-0.086298,0.689793,1.569863,0.346485,-0.192998,0.095264,-0.448674,0.291844,3.066419,0.179397,0.139669,562.644738,246.902876,-406.113752,0.701808,0.154927,-0.086143,0.689958
454,1769790340410,5.054104,561.9316,246.6741,-406.1193,0.702436,0.154201,-0.085403,0.689574,1.571079,0.344888,-0.191014,0.093958,-0.448949,0.291844,3.066658,0.174919,0.139487,561.837143,246.853252,-405.977624,0.701734,0.154302,-0.085304,0.690278
455,1769790340421,5.065215,560.8777,246.6189,-405.8185,0.701042,0.153580,-0.084308,0.691264,1.566928,0.343274,-0.188441,0.093278,-0.449072,0.291859,3.066749,0.172693,0.139195,561.137429,246.884905,-405.788686,0.701744,0.153599,-0.084519,0.690521
456,1769790340432,5.076327,560.3496,247.2209,-405.4179,0.701510,0.152978,-0.083847,0.690978,1.568150,0.341965,-0.187431,0.092636,-0.449220,0.291892,3.066762,0.170428,0.139097,560.158771,246.932738,-405.522833,0.701921,0.152791,-0.083900,0.690596
457,1769790340443,5.087438,559.3685,247.1371,-405.2429,0.702730,0.151845,-0.083469,0.690034,1.571455,0.339557,-0.186654,0.091292,-0.449474,0.291897,3.067027,0.165879,0.138626,559.038829,247.135452,-405.248800,0.702190,0.151839,-0.083446,0.690587
458,1769790340454,5.098549,557.5422,246.8241,-404.9353,0.702710,0.150766,-0.083183,0.690326,1.571230,0.337106,-0.185993,0.090617,-0.449615,0.291881,3.067174,0.163581,0.138472,557.942438,246.848210,-404.839867,0.702306,0.150923,-0.083047,0.690718
459,1769790340465,5.109660,556.8340,246.8685,-404.6964,0.702205,0.149909,-0.082431,0.691116,1.569619,0.335087,-0.184257,0.089932,-0.449746,0.291912,3.067226,0.161276,0.138250,556.910424,246.540905,-404.581119,0.702397,0.149972,-0.082478,0.690901
460,1769790340476,5.120771,556.1934,245.7496,-403.9504,0.701655,0.149409,-0.081747,0.691863,1.567934,0.333871,-0.182674,0.088558,-0.450020,0.291924,3.067426,0.156779,0.137703,556.089157,246.464890,-404.358738,0.702656,0.149160,-0.081715,0.690904
461,1769790340487,5.131882,555.5464,246.8318,-404.5068,0.703780,0.148257,-0.080928,0.690046,1.573796,0.331534,-0.180972,0.087865,-0.450144,0.291913,3.067611,0.154407,0.137523,555.449238,246.515867,-404.245486,0.703133,0.148435,-0.080938,0.690666
462,1769790340498,5.142994,554.5891,246.8138,-404.1994,0.703900,0.147675,-0.080029,0.690154,1.573998,0.330217,-0.178953,0.086500,-0.450388,0.291931,3.067831,0.149772,0.137149,554.646962,246.667271,-404.216805,0.703408,0.147699,-0.080166,0.690634
463,1769790340510,5.154105,553.7104,246.6629,-404.1284,0.703048,0.147069,-0.079533,0.691209,1.571446,0.328727,-0.177771,0.085831,-0.450518,0.291944,3.067929,0.147621,0.136842,553.714476,246.708500,-404.081138,0.702985,0.147011,-0.079195,0.691324
464,1769790340521,5.165216,552.8173,246.6579,-403.9475,0.702174,0.146281,-0.078487,0.692382,1.568775,0.326817,-0.175353,0.085137,-0.450638,0.291961,3.067980,0.145233,0.136631,552.743781,246.446429,-403.814148,0.702567,0.146300,-0.078649,0.691961
465,1769790340532,5.176327,551.7212,246.0688,-403.4775,0.701888,0.145622,-0.077666,0.692904,1.567817,0.325278,-0.173485,0.083805,-0.450873,0.291924,3.068335,0.140571,0.136379,551.797557,246.602848,-403.895443,0.702952,0.145404,-0.078360,0.691792
466,1769790340543,5.187439,550.9116,246.8973,-404.0642,0.704402,0.144405,-0.078519,0.690507,1.574905,0.322861,-0.175552,0.083132,-0.450982,0.291964,3.068337,0.138360,0.136195,550.918133,246.871433,-404.073967,0.703185,0.144643,-0.077742,0.691784
467,1769790340554,5.198550,550.0503,247.5451,-404.4740,0.704144,0.143767,-0.077379,0.691032,1.574004,0.321369,-0.172970,0.081763,-0.451235,0.291973,3.068489,0.133642,0.135800,550.090795,247.068976,-404.085395,0.703491,0.143940,-0.077041,0.691698
468,1769790340565,5.209661,549.3885,247.0747,-404.0084,0.702236,0.143569,-0.075404,0.693229,1.568396,0.320652,-0.168410,0.081082,-0.451363,0.291997,3.068499,0.131316,0.135747,549.269814,247.163486,-403.914490,0.703620,0.143234,-0.076092,0.691819
469,1769790340576,5.220772,548.4630,246.7682,-403.1080,0.703638,0.142536,-0.074971,0.692067,1.572239,0.318488,-0.167519,0.080380,-0.451472,0.291992,3.068616,0.128924,0.135489,548.468976,246.942790,-403.359200,0.703244,0.142560,-0.074816,0.692479
470,1769790340587,5.231883,547.5820,246.6972,-402.9109,0.703883,0.141696,-0.074144,0.692079,1.572780,0.316610,-0.165670,0.079058,-0.451685,0.291944,3.068916,0.124386,0.135283,547.876790,246.719462,-402.992219,0.703576,0.141834,-0.074031,0.692375
471,1769790340598,5.242994,547.0858,246.8077,-402.6584,0.703711,0.140977,-0.073335,0.692487,1.572144,0.314954,-0.163836,0.078321,-0.451824,0.291953,3.068955,0.121821,0.135002,546.970914,246.725938,-402.760614,0.704082,0.141026,-0.073523,0.692080
472,1769790340610,5.254106,546.4003,246.7370,-402.9987,0.704414,0.140504,-0.073028,0.691901,1.574074,0.313968,-0.163187,0.077011,-0.452072,0.291952,3.068991,0.117415,0.134772,545.861500,246.767962,-402.594719,0.704080,0.140351,-0.072909,0.692284
473,1769790340621,5.265217,544.1100,246.7860,-402.1057,0.703924,0.139561,-0.072359,0.692660,1.572514,0.311769,-0.161645,0.076283,-0.452197,0.291983,3.068969,0.114923,0.134400,544.494862,246.752448,-402.288590,0.704061,0.139588,-0.072354,0.692515
474,1769790340632,5.276328,543.0236,246.7638,-401.8589,0.704128,0.138824,-0.071786,0.692660,1.572971,0.310122,-0.160364,0.075614,-0.452309,0.291953,3.069052,0.112646,0.134335,543.092029,246.804919,-401.912443,0.704072,0.138856,-0.071797,0.692710
475,1769790340643,5.287440,541.8881,246.7203,-401.5899,0.703896,0.137939,-0.071056,0.693148,1.572155,0.308088,-0.158704,0.074178,-0.452556,0.291892,3.069247,0.107725,0.133899,541.988505,246.777395,-401.568538,0.704058,0.138019,-0.071062,0.692967
476,1769790340654,5.298551,541.3395,246.9475,-401.3741,0.704244,0.137450,-0.070427,0.692956,1.573049,0.307017,-0.157312,0.073517,-0.452677,0.291892,3.069256,0.105497,0.133860,541.295890,246.721371,-401.472852,0.704216,0.137256,-0.070379,0.693027
477,1769790340665,5.309662,540.6345,246.4596,-401.4131,0.704434,0.136354,-0.069475,0.693076,1.573398,0.304556,-0.155178,0.072788,-0.452789,0.291870,3.069331,0.103023,0.133486,540.437619,246.681557,-401.235938,0.704257,0.136504,-0.069568,0.693216
478,1769790340676,5.320773,539.5348,246.6237,-401.0735,0.704269,0.135778,-0.068906,0.693413,1.572825,0.303229,-0.153886,0.071388,-0.453025,0.291838,3.069364,0.098176,0.133235,539.558576,246.591014,-401.049290,0.704301,0.135816,-0.068743,0.693390
479,1769790340687,5.331885,538.3768,246.5768,-400.6463,0.704245,0.135103,-0.067786,0.693680,1.572607,0.301691,-0.151369,0.070678,-0.453139,0.291826,3.069398,0.095815,0.132880,538.548129,246.445676,-400.879200,0.704379,0.135024,-0.067924,0.693546
480,1769790340698,5.342996,537.6224,246.3477,-400.8067,0.704442,0.134369,-0.067171,0.693682,1.573045,0.300050,-0.149994,0.069291,-0.453373,0.291841,3.069298,0.091015,0.132581,537.513895,246.425943,-400.654733,0.704529,0.134278,-0.067196,0.693609
481,1769790340710,5.354107,536.5954,246.3090,-400.5992,0.704953,0.133317,-0.066497,0.693431,1.574340,0.297731,-0.148505,0.068595,-0.453473,0.291795,3.069429,0.088611,0.132352,536.558952,246.390214,-400.529857,0.704755,0.133437,-0.066448,0.693614
482,1769790340721,5.365218,535.5404,246.4588,-400.3154,0.704848,0.132603,-0.065814,0.693739,1.573918,0.296102,-0.146963,0.067885,-0.453604,0.291818,3.069320,0.086261,0.132131,535.626905,246.404595,-400.460157,0.704847,0.132621,-0.065768,0.693741
483,1769790340732,5.376329,534.6774,246.5661,-400.3555,0.704827,0.131850,-0.064998,0.693981,1.573722,0.294392,-0.145127,0.066459,-0.453818,0.291794,3.069381,0.081312,0.131755,534.660610,246.506833,-400.334857,0.704823,0.131802,-0.065022,0.693992
484,1769790340743,5.387440,533.7498,246.4944,-400.3292,0.704618,0.131091,-0.064264,0.694405,1.572996,0.292650,-0.143464,0.065744,-0.453911,0.291809,3.069364,0.078879,0.131631,533.712248,246.600390,-400.273952,0.704694,0.131071,-0.064319,0.694327
485,1769790340754,5.398552,532.8088,246.6692,-400.1939,0.704759,0.130180,-0.063641,0.694491,1.573259,0.290606,-0.142067,0.064320,-0.454130,0.291799,3.069296,0.074009,0.131176,532.814933,246.594910,-400.213148,0.704731,0.130268,-0.063637,0.694503
486,1769790340765,5.409663,531.7890,246.6388,-400.0450,0.704778,0.129511,-0.063033,0.694653,1.573201,0.289094,-0.140701,0.063604,-0.454227,0.291781,3.069351,0.071621,0.130997,531.874771,246.592648,-400.054524,0.704854,0.129398,-0.062988,0.694601
487,1769790340776,5.420774,531.0030,246.4696,-399.8653,0.705120,0.128513,-0.062269,0.694560,1.574022,0.286876,-0.139001,0.062879,-0.454304,0.291743,3.069490,0.069104,0.130776,530.883743,246.572338,-399.825638,0.705069,0.128481,-0.062304,0.694614
488,1769790340787,5.431886,529.8706,246.5900,-399.5790,0.705243,0.127559,-0.061528,0.694677,1.574224,0.284733,-0.137342,0.061437,-0.454500,0.291722,3.069533,0.064160,0.130482,529.867910,246.533567,-399.573443,0.705222,0.127685,-0.061491,0.694678
489,1769790340798,5.442997,528.7650,246.4899,-399.2694,0.705359,0.126815,-0.060665,0.694771,1.574426,0.283064,-0.135409,0.060661,-0.454594,0.291706,3.069576,0.061528,0.130232,528.851471,246.517162,-399.318895,0.705319,0.126898,-0.060593,0.694802
490,1769790340810,5.454108,527.8209,246.5647,-399.0971,0.705314,0.126352,-0.059624,0.694991,1.574191,0.282006,-0.133074,0.059202,-0.454785,0.291725,3.069510,0.056563,0.130006,527.805919,246.524367,-399.097681,0.705328,0.126158,-0.059721,0.695004
491,1769790340821,5.465219,526.8441,246.4771,-398.9287,0.705336,0.125359,-0.058839,0.695216,1.574101,0.279765,-0.131311,0.058460,-0.454879,0.291728,3.069477,0.054081,0.129784,526.813186,246.542367,-398.887695,0.705405,0.125385,-0.058879,0.695137
492,1769790340832,5.476330,525.7932,246.5298,-398.7688,0.705481,0.124454,-0.058181,0.695286,1.574384,0.277736,-0.129839,0.057703,-0.454970,0.291701,3.069541,0.051429,0.129724,525.795814,246.524867,-398.765919,0.705507,0.124500,-0.058139,0.695255
493,1769790340843,5.487442,524.7310,246.5817,-398.5649,0.705708,0.123604,-0.057423,0.695270,1.574900,0.275841,-0.128149,0.056209,-0.455150,0.291711,3.069500,0.046396,0.129366,524.709357,246.435343,-398.668048,0.705595,0.123604,-0.057417,0.695386
494,1769790340854,5.498553,523.6316,246.2759,-398.6998,0.705661,0.122706,-0.056731,0.695534,1.574634,0.273810,-0.126590,0.055463,-0.455234,0.291692,3.069535,0.043821,0.129142,523.651138,246.391995,-398.604290,0.705671,0.122748,-0.056684,0.695520
495,1769790340865,5.509664,522.5592,246.2906,-398.5554,0.705596,0.121999,-0.055831,0.695797,1.574327,0.272204,-0.124570,0.054740,-0.455320,0.291726,3.069445,0.041418,0.129014,522.620438,246.373948,-398.569390,0.705640,0.121897,-0.055897,0.695765
496,1769790340876,5.520775,521.6687,246.4688,-398.4975,0.705742,0.120939,-0.055221,0.695883,1.574601,0.269829,-0.123205,0.053227,-0.455473,0.291712,3.069512,0.036079,0.128697,521.604886,246.384014,-398.535329,0.705715,0.121003,-0.055225,0.695899
497,1769790340887,5.531886,520.5930,246.4874,-398.4359,0.705677,0.120154,-0.054398,0.696150,1.574291,0.268051,-0.121357,0.052464,-0.455576,0.291762,3.069353,0.033580,0.128491,520.582076,246.420119,-398.400300,0.705814,0.120113,-0.054463,0.696012
498,1769790340898,5.542998,519.5363,246.3986,-398.2896,0.706175,0.119193,-0.053896,0.695849,1.575586,0.265939,-0.120250,0.050938,-0.455732,0.291715,3.069512,0.028346,0.128178,519.538086,246.453148,-398.233310,0.705943,0.119249,-0.053631,0.696095
499,1769790340910,5.554109,518.4666,246.3727,-398.0134,0.705953,0.118461,-0.052611,0.696297,1.574817,0.264258,-0.117364,0.050166,-0.455823,0.291740,3.069425,0.025732,0.128015,518.495957,246.465748,-398.072090,0.706148,0.118485,-0.052767,0.696084
500,1769790340921,5.565220,517.4858,246.6159,-397.8372,0.706233,0.117733,-0.051814,0.696197,1.575503,0.262644,-0.115590,0.049398,-0.455910,0.291735,3.069431,0.023130,0.127759,517.547929,246.497490,-397.907348,0.706281,0.117696,-0.051950,0.696144
501,1769790340932,5.576331,516.5785,246.5538,-397.8584,0.706464,0.116919,-0.051256,0.696141,1.576053,0.260835,-0.114347,0.047867,-0.456084,0.291787,3.069273,0.018008,0.127328,516.535757,246.544352,-397.753238,0.706182,0.116856,-0.051144,0.696446
502,1769790340943,5.587442,515.5804,246.5506,-397.6143,0.705978,0.115965,-0.050479,0.696850,1.574534,0.258636,-0.112582,0.047118,-0.456167,0.291796,3.069220,0.015505,0.127180,515.440852,246.635195,-397.625757,0.705899,0.115981,-0.050415,0.696931
503,1769790340954,5.598554,514.1644,246.6479,-397.4384,0.705667,0.114975,-0.049639,0.697389,1.573510,0.256374,-0.110687,0.045565,-0.456338,0.291850,3.069071,0.010234,0.126832,514.277490,246.690271,-397.492038,0.705911,0.115065,-0.049694,0.697123
504,1769790340965,5.609665,513.0081,246.8544,-397.3380,0.705602,0.114281,-0.048746,0.697632,1.573218,0.254803,-0.108684,0.044767,-0.456426,0.291915,3.068880,0.007545,0.126561,512.995790,246.720367,-397.314576,0.706166,0.114187,-0.048864,0.697068
505,1769790340976,5.620776,511.9054,246.6954,-397.2194,0.707175,0.113326,-0.048231,0.696229,1.577584,0.252809,-0.107596,0.043981,-0.456505,0.291907,3.068874,0.004942,0.126400,511.871714,246.627186,-397.143810,0.706400,0.113386,-0.048005,0.697021
506,1769790340987,5.631887,510.6673,246.4927,-397.0044,0.706733,0.112598,-0.047043,0.696876,1.576203,0.251123,-0.104919,0.043174,-0.456614,0.291944,3.068694,0.002285,0.126140,510.873505,246.628986,-397.099776,0.706520,0.112632,-0.047108,0.697083
507,1769790340998,5.642998,510.0750,246.4676,-396.9230,0.705995,0.111845,-0.046178,0.697803,1.573990,0.249355,-0.102953,0.041635,-0.456773,0.291946,3.068574,-0.002928,0.125849,509.877662,246.615505,-397.042862,0.706558,0.111774,-0.046262,0.697239
508,1769790341010,5.654110,508.8208,247.0124,-397.2129,0.706439,0.110986,-0.045370,0.697545,1.575137,0.247463,-0.101160,0.040041,-0.456934,0.291960,3.068397,-0.008283,0.125374,508.810538,246.806238,-396.972119,0.706557,0.110904,-0.045440,0.697433
509,1769790341021,5.665221,507.6839,246.7614,-396.7829,0.707016,0.109900,-0.044780,0.697170,1.576653,0.245079,-0.099859,0.039259,-0.456997,0.291958,3.068347,-0.010950,0.125257,507.664995,246.881305,-396.827810,0.706770,0.110023,-0.044664,0.697407
510,1769790341032,5.676332,506.3872,247.0199,-396.5978,0.707326,0.109146,-0.043881,0.697030,1.577431,0.243411,-0.097861,0.038442,-0.457090,0.291912,3.068356,-0.013670,0.125046,506.465800,246.759357,-396.623205,0.707004,0.109187,-0.043781,0.697357
511,1769790341043,5.687444,505.3152,246.3384,-396.3395,0.706630,0.108482,-0.042704,0.697912,1.575339,0.241845,-0.095204,0.036841,-0.457242,0.291933,3.068130,-0.019072,0.124735,505.381395,246.471038,-396.433990,0.707067,0.108428,-0.042820,0.697471
512,1769790341054,5.698555,504.4532,246.2244,-396.3696,0.706969,0.107692,-0.041794,0.697747,1.576194,0.240099,-0.093180,0.036028,-0.457313,0.291907,3.068102,-0.021745,0.124502,504.327962,246.313386,-396.352662,0.706952,0.107676,-0.041798,0.697766
513,1769790341065,5.709666,503.2976,246.2834,-396.3666,0.707157,0.106865,-0.040907,0.697736,1.576621,0.238258,-0.091202,0.035214,-0.457380,0.291883,3.068044,-0.024495,0.124343,503.376633,246.325248,-396.234571,0.706841,0.106811,-0.040909,0.698064
514,1769790341076,5.720778,502.2712,246.5262,-396.0449,0.706704,0.105870,-0.040036,0.698397,1.575208,0.235979,-0.089239,0.033651,-0.457533,0.291901,3.067753,-0.029689,0.124059,502.305210,246.533424,-396.112243,0.706912,0.105939,-0.040063,0.698175
515,1769790341087,5.731889,501.2847,246.9180,-395.8901,0.706786,0.104994,-0.039328,0.698487,1.575334,0.234018,-0.087657,0.032842,-0.457601,0.291893,3.067635,-0.032358,0.123879,501.102662,246.704157,-395.935914,0.706886,0.105068,-0.039205,0.698381
516,1769790341098,5.743000,499.7728,246.6933,-395.8102,0.707032,0.104263,-0.038290,0.698405,1.575933,0.232396,-0.085347,0.031215,-0.457714,0.291865,3.067494,-0.037892,0.123598,499.836367,246.877605,-395.742281,0.706909,0.104111,-0.038463,0.698542
517,1769790341110,5.754111,498.5152,246.8831,-395.6789,0.707092,0.103214,-0.037588,0.698538,1.575986,0.230045,-0.083778,0.030400,-0.457784,0.291878,3.067311,-0.040543,0.123271,498.582919,246.878343,-395.688533,0.707077,0.103221,-0.037544,0.698555
518,1769790341121,5.765222,497.3165,247.0032,-395.5522,0.707059,0.102092,-0.036922,0.698772,1.575769,0.227525,-0.082286,0.029560,-0.457854,0.291914,3.067055,-0.043329,0.122839,497.389138,246.811714,-395.669119,0.707076,0.102279,-0.036613,0.698743
519,1769790341132,5.776334,496.4066,246.6257,-395.7778,0.707189,0.101455,-0.035428,0.698811,1.576034,0.226101,-0.078954,0.027898,-0.457947,0.291885,3.066927,-0.048927,0.122349,496.304829,246.792848,-395.672314,0.707151,0.101282,-0.035836,0.698852
520,1769790341143,5.787445,495.2162,246.7471,-395.6907,0.707046,0.100300,-0.035079,0.699139,1.575516,0.223498,-0.078166,0.027086,-0.458014,0.291904,3.066719,-0.051653,0.122160,495.153267,246.768067,-395.686952,0.707237,0.100313,-0.035058,0.698945
521,1769790341154,5.798556,493.9860,246.7572,-395.6383,0.707583,0.099250,-0.034562,0.698771,1.576937,0.221191,-0.077025,0.025447,-0.458098,0.291872,3.066596,-0.057200,0.121736,494.036276,246.746729,-395.651381,0.707348,0.099284,-0.034383,0.699013
522,1769790341165,5.809668,492.7995,246.8831,-395.5573,0.707365,0.098241,-0.033656,0.699179,1.576202,0.218907,-0.074996,0.024641,-0.458162,0.291893,3.066387,-0.059816,0.121517,492.934852,246.767157,-395.552610,0.707451,0.098201,-0.033760,0.699092
523,1769790341176,5.820779,491.9840,246.6452,-395.4381,0.707529,0.097163,-0.032915,0.699198,1.576556,0.216503,-0.073343,0.023806,-0.458205,0.291922,3.066166,-0.062615,0.121197,491.895643,246.677448,-395.498871,0.707563,0.097234,-0.032756,0.699161
524,1769790341187,5.831890,490.8866,246.6033,-395.4102,0.707638,0.096350,-0.031745,0.699255,1.576764,0.214688,-0.070735,0.022131,-0.458293,0.291867,3.066039,-0.068239,0.120885,490.818829,246.669767,-395.354186,0.707599,0.096374,-0.031766,0.699291
525,1769790341199,5.843001,489.6399,246.6428,-395.2509,0.707712,0.095493,-0.030559,0.699350,1.576871,0.212770,-0.068090,0.021271,-0.458321,0.291856,3.065966,-0.071236,0.120640,489.602243,246.728500,-395.127219,0.707716,0.095454,-0.030786,0.699341
526,1769790341210,5.854112,488.3207,246.9571,-394.8408,0.707843,0.094700,-0.030072,0.699347,1.577164,0.211003,-0.067005,0.019636,-0.458401,0.291838,3.065737,-0.076672,0.120328,488.383976,246.826610,-394.973948,0.707839,0.094571,-0.029881,0.699377
527,1769790341221,5.865223,487.0714,246.9461,-394.7426,0.707901,0.093426,-0.029019,0.699504,1.577198,0.208152,-0.064655,0.018779,-0.458424,0.291825,3.065679,-0.079598,0.120047,487.238486,246.927314,-394.888152,0.707978,0.093615,-0.029108,0.699397
528,1769790341232,5.876335,486.3216,246.7856,-395.0091,0.708193,0.092755,-0.028403,0.699323,1.577958,0.206672,-0.063285,0.017977,-0.458464,0.291814,3.065567,-0.082207,0.119910,486.148267,246.880257,-394.846886,0.708110,0.092694,-0.028384,0.699416
529,1769790341243,5.887446,485.0529,246.8753,-394.8877,0.708197,0.091707,-0.027547,0.699491,1.577864,0.204324,-0.061374,0.016259,-0.458520,0.291820,3.065296,-0.087939,0.119363,485.035319,246.715957,-394.822314,0.708180,0.091694,-0.027519,0.699511
530,1769790341254,5.898557,483.8253,246.4765,-394.6209,0.708216,0.090849,-0.026769,0.699615,1.577830,0.202403,-0.059638,0.015436,-0.458548,0.291807,3.065176,-0.090660,0.119235,483.865776,246.604757,-394.702795,0.708225,0.090768,-0.026757,0.699616
531,1769790341265,5.909668,482.5208,246.4787,-394.4721,0.708193,0.089586,-0.025780,0.699838,1.577643,0.199571,-0.057431,0.014581,-0.458572,0.291783,3.065094,-0.093520,0.119084,482.514743,246.518424,-394.457995,0.708270,0.089692,-0.025911,0.699741
532,1769790341276,5.920779,481.3226,246.5124,-394.3439,0.708322,0.088816,-0.025103,0.699830,1.577935,0.197857,-0.055923,0.012850,-0.458640,0.291813,3.064729,-0.099281,0.118548,481.274143,246.414429,-394.323486,0.708270,0.088747,-0.024950,0.699896
533,1769790341287,5.931891,479.9139,246.3807,-394.1601,0.708436,0.087721,-0.023960,0.699892,1.578152,0.195412,-0.053374,0.011981,-0.458665,0.291807,3.064594,-0.102181,0.118267,480.064881,246.389829,-394.263005,0.708374,0.087869,-0.023888,0.699939
534,1769790341299,5.943002,478.9903,246.2971,-394.3004,0.708212,0.087171,-0.022642,0.700232,1.577443,0.194161,-0.050431,0.010268,-0.458722,0.291819,3.064265,-0.107929,0.117871,478.847129,246.313143,-394.194443,0.708379,0.087080,-0.022742,0.700071
535,1769790341310,5.954113,477.7252,246.3052,-394.1979,0.708618,0.086253,-0.021670,0.699965,1.578512,0.192136,-0.048273,0.009426,-0.458747,0.291868,3.064017,-0.110685,0.117516,477.710724,246.314638,-394.194086,0.708326,0.086210,-0.021647,0.700267
536,1769790341321,5.965224,476.4998,246.3671,-394.1158,0.708199,0.085272,-0.020679,0.700540,1.577227,0.189908,-0.046054,0.008570,-0.458765,0.291903,3.063784,-0.113556,0.117312,476.662429,246.419195,-394.201438,0.708448,0.085322,-0.020888,0.700275
537,1769790341332,5.976335,475.7013,246.6501,-394.3012,0.708514,0.084223,-0.020242,0.700360,1.578038,0.187587,-0.045084,0.006853,-0.458800,0.291914,3.063480,-0.119270,0.116846,475.636176,246.630143,-394.222133,0.708715,0.084158,-0.020153,0.700167
538,1769790341343,5.987447,474.6461,246.7909,-394.2514,0.709079,0.083108,-0.019714,0.699937,1.579556,0.185133,-0.043914,0.006004,-0.458831,0.291926,3.063261,-0.122026,0.116632,474.618895,246.799643,-394.326529,0.708755,0.083034,-0.019428,0.700282
539,1769790341354,5.998558,473.6140,247.0005,-394.4551,0.708889,0.081694,-0.018358,0.700333,1.578890,0.181956,-0.040887,0.004270,-0.458864,0.291991,3.062801,-0.127779,0.115963,473.540390,246.922895,-394.416576,0.708544,0.081921,-0.018642,0.700647
540,1769790341365,6.009669,472.2309,246.7943,-394.5025,0.708172,0.081012,-0.017820,0.701150,1.576794,0.180380,-0.039678,0.003444,-0.458879,0.291996,3.062637,-0.130510,0.115841,472.291657,246.785605,-394.461376,0.708571,0.080931,-0.017765,0.700758
541,1769790341376,6.020780,471.0797,246.7606,-394.4498,0.707998,0.079947,-0.016882,0.701471,1.576210,0.177985,-0.037584,0.002547,-0.458887,0.292014,3.062436,-0.133532,0.115502,471.051200,246.675986,-394.498829,0.708691,0.079918,-0.016874,0.700775
542,1769790341387,6.031891,469.7776,246.3159,-394.4912,0.709721,0.079109,-0.016123,0.699841,1.581045,0.176231,-0.035918,0.000870,-0.458888,0.292084,3.061931,-0.139111,0.115037,469.858510,246.588143,-394.457124,0.708735,0.079041,-0.016043,0.700849
543,1769790341399,6.043003,468.7611,246.8246,-394.4417,0.708955,0.077789,-0.015074,0.700788,1.578759,0.173227,-0.033569,-0.000019,-0.458901,0.292097,3.061709,-0.142088,0.114718,468.782519,246.713319,-394.470986,0.708821,0.077939,-0.015091,0.700908
544,1769790341410,6.054114,467.6834,246.8416,-394.4115,0.708105,0.077155,-0.014167,0.701736,1.576287,0.171753,-0.031536,-0.001753,-0.458897,0.292133,3.061250,-0.147753,0.114140,467.621148,246.884386,-394.464367,0.708826,0.076951,-0.014301,0.701027
545,1769790341421,6.065225,466.4871,247.1391,-394.5098,0.708700,0.075714,-0.013467,0.701306,1.577873,0.168573,-0.029983,-0.002632,-0.458891,0.292101,3.061137,-0.150681,0.113883,466.387062,247.005419,-394.380676,0.708568,0.075935,-0.013477,0.701415
546,1769790341432,6.076336,464.9497,246.9240,-394.2456,0.709087,0.075181,-0.012880,0.700984,1.578933,0.167406,-0.028680,-0.003492,-0.458885,0.292115,3.060911,-0.153532,0.113690,465.042548,246.892876,-394.274410,0.708816,0.075112,-0.012654,0.701269
547,1769790341443,6.087448,463.6257,246.6499,-394.0743,0.708872,0.074060,-0.011673,0.701341,1.578236,0.164888,-0.025989,-0.005245,-0.458848,0.292115,3.060548,-0.159325,0.113092,463.674624,246.741929,-394.154476,0.709028,0.074051,-0.011788,0.701183
548,1769790341454,6.098559,462.3426,246.6226,-394.0413,0.709078,0.073349,-0.010762,0.701223,1.578766,0.163312,-0.023962,-0.006104,-0.458836,0.292131,3.060299,-0.162112,0.112823,462.260386,246.621214,-393.979562,0.708943,0.073128,-0.010859,0.701380
549,1769790341465,6.109670,460.9935,246.5975,-393.9681,0.708775,0.071740,-0.009954,0.701706,1.577797,0.159700,-0.022159,-0.007029,-0.458815,0.292125,3.060116,-0.165131,0.112452,460.952071,246.695224,-393.914071,0.708866,0.072086,-0.009869,0.701580
550,1769790341476,6.120781,459.5208,246.8875,-393.8041,0.708861,0.071295,-0.008975,0.701678,1.578006,0.158712,-0.019978,-0.008814,-0.458784,0.292129,3.059677,-0.171081,0.112046,459.654624,246.832452,-393.963138,0.708952,0.071157,-0.008907,0.701601
551,1769790341487,6.131893,458.5413,246.9767,-394.0511,0.709032,0.070281,-0.007849,0.701622,1.578419,0.156458,-0.017473,-0.009736,-0.458766,0.292151,3.059427,-0.174133,0.111703,458.483329,246.857767,-394.025333,0.708974,0.070289,-0.007878,0.701679
552,1769790341499,6.143004,457.3715,246.8376,-394.2693,0.709201,0.069453,-0.006825,0.701544,1.578843,0.154619,-0.015195,-0.010588,-0.458750,0.292149,3.059200,-0.176968,0.111549,457.461710,246.859433,-394.160219,0.709104,0.069486,-0.006889,0.701638
553,1769790341510,6.154115,456.4991,246.6285,-394.1506,0.708983,0.068588,-0.006003,0.701857,1.578167,0.152675,-0.013362,-0.012349,-0.458712,0.292191,3.058661,-0.182860,0.110954,456.421162,246.749024,-394.201971,0.709097,0.068448,-0.006086,0.701754
554,1769790341521,6.165227,455.3928,246.8036,-394.2698,0.709133,0.067332,-0.005323,0.701833,1.578515,0.149880,-0.011849,-0.013211,-0.458686,0.292216,3.058400,-0.185756,0.110707,455.273276,246.703410,-394.177548,0.708990,0.067410,-0.005230,0.701970
555,1769790341532,6.176338,453.9504,246.6623,-394.0081,0.708871,0.066288,-0.004601,0.702201,1.577707,0.147534,-0.010241,-0.014964,-0.458647,0.292218,3.057923,-0.191543,0.110226,454.095486,246.744357,-394.179976,0.708973,0.066325,-0.004423,0.702096
556,1769790341543,6.187449,452.8343,246.8296,-394.3084,0.708912,0.065269,-0.003247,0.702263,1.577762,0.145263,-0.007228,-0.015876,-0.458612,0.292192,3.057761,-0.194607,0.109889,452.810986,246.793581,-394.258657,0.709059,0.065258,-0.003548,0.702114
557,1769790341554,6.198561,451.6213,246.8233,-394.3716,0.709272,0.064290,-0.002789,0.701992,1.578728,0.143100,-0.006208,-0.017627,-0.458539,0.292195,3.057293,-0.200451,0.109319,451.559224,246.770576,-394.309552,0.709096,0.064281,-0.002631,0.702171
558,1769790341565,6.209672,450.3142,246.7420,-394.3872,0.709145,0.063266,-0.001732,0.702216,1.578308,0.140808,-0.003855,-0.018509,-0.458499,0.292205,3.057042,-0.203423,0.109090,450.407262,246.797805,-394.393976,0.709074,0.063272,-0.001749,0.702288
559,1769790341576,6.220783,449.1812,246.7177,-394.3375,0.708937,0.062276,-0.000864,0.702516,1.577662,0.138588,-0.001922,-0.019385,-0.458457,0.292183,3.056861,-0.206316,0.108750,449.198405,246.712862,-394.368538,0.708971,0.062223,-0.000893,0.702487
560,1769790341587,6.231899,448.0528,246.7717,-394.3857,0.708700,0.061184,0.000054,0.702852,1.576930,0.136140,0.000121,-0.021139,-0.458383,0.292202,3.056260,-0.212159,0.108237,447.918543,246.704119,-394.384676,0.708812,0.061241,0.000168,0.702734
561,1769790341599,6.243010,446.6112,246.5827,-394.3788,0.708906,0.060164,0.001152,0.702731,1.577462,0.133877,0.002564,-0.022020,-0.458329,0.292174,3.056104,-0.215086,0.107861,446.627433,246.700443,-394.375748,0.708882,0.060234,0.001073,0.702750
562,1769790341610,6.254121,445.1664,246.8474,-394.4475,0.708974,0.059388,0.002106,0.702727,1.577615,0.132150,0.004687,-0.023807,-0.458244,0.292186,3.055530,-0.220982,0.107309,445.263519,246.746605,-394.436419,0.709056,0.059225,0.001948,0.702658
563,1769790341621,6.265233,444.0169,246.7697,-394.3402,0.709365,0.058130,0.002635,0.702436,1.578662,0.129366,0.005864,-0.024677,-0.458197,0.292195,3.055260,-0.223791,0.107044,443.987495,246.836838,-394.383057,0.709187,0.058242,0.002843,0.702605
564,1769790341632,6.276344,442.6917,247.0312,-394.5094,0.709241,0.057173,0.003630,0.702635,1.578265,0.127227,0.008078,-0.025547,-0.458160,0.292182,3.055009,-0.226664,0.106844,442.729524,247.056738,-394.364490,0.709251,0.057155,0.003614,0.702626
565,1769790341643,6.287455,441.6353,247.1704,-394.1460,0.709103,0.056135,0.004672,0.702851,1.577827,0.124906,0.010395,-0.027310,-0.458058,0.292194,3.054462,-0.232546,0.106346,441.498471,247.166524,-394.342857,0.709229,0.055995,0.004520,0.702737
566,1769790341654,6.298566,440.0817,247.4009,-394.4408,0.709269,0.054864,0.005256,0.702781,1.578238,0.122080,0.011696,-0.028214,-0.458015,0.292219,3.054115,-0.235455,0.106021,440.158967,247.263748,-394.320238,0.709140,0.055047,0.005483,0.702894
567,1769790341665,6.309678,438.9785,247.1235,-394.3680,0.709069,0.053985,0.006574,0.703039,1.577635,0.120114,0.014628,-0.029131,-0.457966,0.292217,3.053832,-0.238431,0.105667,438.985667,247.222648,-394.362762,0.709146,0.054071,0.006415,0.702956
568,1769790341676,6.320789,437.6365,247.1366,-394.3764,0.709164,0.053418,0.007254,0.702979,1.577884,0.118854,0.016141,-0.030911,-0.457879,0.292220,3.053239,-0.244239,0.105277,437.751462,247.130643,-394.511343,0.709173,0.053169,0.007290,0.702989
569,1769790341687,6.331900,436.9336,246.9975,-394.7108,0.709223,0.052148,0.008254,0.703004,1.578000,0.116028,0.018366,-0.031835,-0.457822,0.292248,3.052872,-0.247360,0.104921,436.702310,246.988500,-394.589043,0.709209,0.052263,0.008209,0.703011
570,1769790341699,6.343011,435.3915,246.9276,-394.7064,0.709254,0.051302,0.008941,0.703027,1.578054,0.114144,0.019894,-0.033610,-0.457720,0.292229,3.052298,-0.253179,0.104551,435.625738,246.888300,-394.706681,0.709274,0.051272,0.009022,0.703008
571,1769790341710,6.354123,434.6482,246.7917,-394.7595,0.709318,0.050206,0.009956,0.703028,1.578198,0.111706,0.022151,-0.034523,-0.457659,0.292250,3.051908,-0.256231,0.104157,434.531257,246.832248,-394.785171,0.709235,0.050274,0.009935,0.703107
572,1769790341721,6.365234,433.3357,246.7765,-394.8017,0.709155,0.049335,0.010820,0.703241,1.577703,0.109759,0.024072,-0.035392,-0.457603,0.292247,3.051617,-0.259062,0.103981,433.255371,246.912305,-394.813419,0.709203,0.049301,0.010776,0.703196
573,1769790341732,6.376345,432.0252,247.0332,-394.8623,0.709042,0.048408,0.011727,0.703405,1.577352,0.107690,0.026087,-0.037221,-0.457467,0.292262,3.050911,-0.265096,0.103244,432.080500,246.923476,-394.858348,0.709097,0.048324,0.011751,0.703355
574,1769790341743,6.387456,430.6738,247.0541,-394.9215,0.709105,0.047172,0.012527,0.703412,1.577487,0.104939,0.027868,-0.038130,-0.457398,0.292247,3.050609,-0.268157,0.103048,430.770976,246.861186,-394.858738,0.708940,0.047324,0.012624,0.703566
575,1769790341754,6.398568,429.6781,246.5883,-394.8615,0.708810,0.046417,0.013720,0.703737,1.576633,0.103247,0.030518,-0.039916,-0.457261,0.292284,3.049825,-0.274030,0.102411,429.566367,246.752343,-394.894014,0.708944,0.046232,0.013494,0.703618
576,1769790341765,6.409679,428.3694,246.5539,-394.9001,0.708847,0.045176,0.014276,0.703770,1.576695,0.100484,0.031754,-0.040791,-0.457175,0.292273,3.049541,-0.277011,0.102170,428.432933,246.649052,-394.990643,0.709001,0.045253,0.014429,0.703607
577,1769790341776,6.420790,427.2824,246.7153,-395.1731,0.709240,0.044232,0.015326,0.703412,1.577788,0.098400,0.034094,-0.041711,-0.457094,0.292296,3.049144,-0.280015,0.101762,427.320005,246.658490,-395.128600,0.708984,0.044428,0.015410,0.703655
578,1769790341787,6.431901,426.1818,246.8297,-395.3443,0.709045,0.043695,0.016499,0.703615,1.577232,0.097197,0.036701,-0.043515,-0.456943,0.292280,3.048466,-0.285897,0.101217,426.123490,246.777167,-395.295129,0.709040,0.043547,0.016398,0.703632
579,1769790341799,6.443013,424.8868,246.8269,-395.3888,0.708789,0.042798,0.017410,0.703906,1.576484,0.095191,0.038724,-0.044422,-0.456870,0.292299,3.048024,-0.288750,0.100861,424.810148,246.853619,-395.393595,0.708958,0.042669,0.017393,0.703743
580,1769790341810,6.454124,423.4555,246.8089,-395.4427,0.708978,0.041576,0.018334,0.703766,1.576990,0.092478,0.040781,-0.046274,-0.456682,0.292271,3.047375,-0.294934,0.100274,423.429600,246.824929,-395.427510,0.708870,0.041640,0.018262,0.703873
581,1769790341821,6.465235,421.9065,246.8262,-395.4446,0.708752,0.040485,0.018972,0.704039,1.576320,0.090041,0.042195,-0.047174,-0.456588,0.292214,3.047091,-0.297923,0.100084,422.108086,246.742476,-395.507267,0.708827,0.040584,0.019100,0.703955
582,1769790341832,6.476346,420.9231,246.6053,-395.6155,0.708906,0.039486,0.019975,0.703914,1.576739,0.087824,0.044428,-0.048099,-0.456489,0.292242,3.046664,-0.300881,0.099643,420.886633,246.667581,-395.619619,0.708794,0.039507,0.020008,0.704024
583,1769790341843,6.487457,419.8383,246.5659,-395.8274,0.708601,0.038683,0.020948,0.704237,1.575865,0.086027,0.046586,-0.049870,-0.456305,0.292190,3.046009,-0.306767,0.099175,419.744100,246.614500,-395.759995,0.708665,0.038485,0.020840,0.704187
584,1769790341854,6.498568,418.5795,246.5978,-395.8844,0.708643,0.037276,0.021822,0.704243,1.575954,0.082898,0.048529,-0.050788,-0.456208,0.292180,3.045625,-0.309815,0.098833,418.599914,246.552981,-395.928481,0.708669,0.037409,0.021751,0.704213
585,1769790341865,6.509680,417.3213,246.5684,-396.0661,0.708537,0.036366,0.022412,0.704379,1.575635,0.080869,0.049840,-0.051688,-0.456093,0.292154,3.045317,-0.312827,0.098577,417.298800,246.528676,-396.077129,0.708579,0.036338,0.022604,0.704333
586,1769790341876,6.520791,416.0150,246.4207,-396.2390,0.708727,0.035285,0.023631,0.704203,1.576165,0.078471,0.052553,-0.053495,-0.455895,0.292120,3.044609,-0.318828,0.098076,416.028048,246.458914,-396.212595,0.708564,0.035348,0.023550,0.704367
587,1769790341887,6.531902,414.7086,246.4017,-396.3640,0.708344,0.034486,0.024508,0.704598,1.575073,0.076682,0.054497,-0.054405,-0.455803,0.292135,3.044154,-0.321763,0.097723,414.771467,246.383614,-396.359371,0.708421,0.034469,0.024550,0.704521
588,1769790341899,6.543014,413.6679,246.3399,-396.4633,0.708430,0.033678,0.025671,0.704510,1.575316,0.074888,0.057084,-0.056198,-0.455583,0.292108,3.043417,-0.327768,0.097241,413.632433,246.409419,-396.499086,0.708473,0.033617,0.025554,0.704473
589,1769790341910,6.554125,412.3805,246.4048,-396.5887,0.708275,0.032649,0.026484,0.704684,1.574867,0.072597,0.058889,-0.057082,-0.455468,0.292114,3.042993,-0.330665,0.097046,412.450871,246.368795,-396.591538,0.708526,0.032782,0.026578,0.704421
590,1769790341921,6.565236,411.4016,246.5218,-396.7053,0.708835,0.031916,0.027426,0.704119,1.576455,0.070982,0.060995,-0.057985,-0.455353,0.292096,3.042626,-0.333567,0.096678,411.205833,246.384795,-396.602271,0.708341,0.031764,0.027526,0.704618
591,1769790341932,6.576347,409.7680,246.1556,-396.5896,0.708198,0.030733,0.028685,0.704761,1.574649,0.068333,0.063781,-0.059807,-0.455107,0.292085,3.041792,-0.339654,0.096177,409.883971,246.406843,-396.622476,0.708019,0.030675,0.028380,0.704955
592,1769790341943,6.587458,408.5060,246.5448,-396.5465,0.707312,0.029387,0.029076,0.705691,1.572113,0.065316,0.064625,-0.060716,-0.455005,0.292083,3.041353,-0.342539,0.095820,408.524786,246.508752,-396.654200,0.708010,0.029542,0.029248,0.704977
593,1769790341954,6.598570,407.2421,246.3925,-396.8303,0.708032,0.028448,0.030085,0.704965,1.574155,0.063249,0.066887,-0.062550,-0.454744,0.292024,3.040644,-0.348658,0.095321,407.211890,246.273681,-396.764286,0.708106,0.028391,0.030168,0.704890
594,1769790341965,6.609681,405.8951,246.3286,-396.9482,0.708964,0.027355,0.031097,0.704028,1.576797,0.060839,0.069163,-0.063480,-0.454608,0.292032,3.040205,-0.351780,0.094866,405.934824,245.948938,-396.925948,0.708387,0.027410,0.031068,0.704607
595,1769790341976,6.620792,404.8556,245.0800,-397.1949,0.708600,0.026462,0.032277,0.704375,1.575776,0.058847,0.071778,-0.064393,-0.454498,0.292014,3.039794,-0.354775,0.094710,404.755352,245.579214,-397.198338,0.708652,0.026460,0.032180,0.704327
596,1769790341987,6.631904,403.3596,245.4519,-397.3366,0.708194,0.025562,0.033071,0.704779,1.574628,0.056835,0.073532,-0.066246,-0.454234,0.292034,3.038877,-0.360953,0.094046,403.576571,245.569800,-397.459881,0.708406,0.025446,0.033214,0.704564
597,1769790341999,6.643015,402.6407,245.9432,-397.9069,0.708269,0.024352,0.034249,0.704691,1.574849,0.054148,0.076153,-0.067195,-0.454097,0.291993,3.038521,-0.364186,0.093780,402.396633,245.809910,-397.767700,0.708102,0.024403,0.034107,0.704864
598,1769790342010,6.654126,401.1457,246.4985,-398.0133,0.707865,0.023353,0.035002,0.705093,1.573706,0.051917,0.077816,-0.068993,-0.453830,0.291997,3.037678,-0.370142,0.093188,401.248752,246.348148,-398.054376,0.708101,0.023425,0.034968,0.704855
599,1769790342021,6.665237,400.0126,246.5165,-398.2667,0.708238,0.022343,0.035640,0.704719,1.574763,0.049679,0.079246,-0.069882,-0.453693,0.292027,3.037210,-0.373083,0.092836,400.125657,246.603381,-398.252086,0.708206,0.022387,0.035810,0.704741
600,1769790342032,6.676349,399.0009,246.7145,-398.4072,0.708346,0.021594,0.036745,0.704578,1.575088,0.048018,0.081707,-0.070746,-0.453556,0.292032,3.036792,-0.376015,0.092619,398.816724,246.662210,-398.386033,0.708159,0.021374,0.036641,0.704778
601,1769790342043,6.687460,397.5431,246.6379,-398.4172,0.708196,0.020130,0.037456,0.704734,1.574661,0.044758,0.083282,-0.072536,-0.453253,0.292026,3.036064,-0.381935,0.091924,397.553586,246.646543,-398.515033,0.708164,0.020265,0.037526,0.704759
602,1769790342054,6.698571,396.0806,246.5310,-398.6976,0.707804,0.019136,0.038461,0.705102,1.573564,0.042543,0.085504,-0.073418,-0.453113,0.292029,3.035638,-0.384816,0.091701,396.145757,246.582529,-398.552505,0.708060,0.019101,0.038325,0.704853
603,1769790342065,6.709683,394.7934,246.6118,-398.5830,0.708078,0.017953,0.039108,0.704822,1.574343,0.039918,0.086953,-0.074341,-0.452957,0.292043,3.035188,-0.387897,0.091350,394.764133,246.513486,-398.620038,0.707962,0.017964,0.039089,0.704939
604,1769790342076,6.720794,393.3960,246.3744,-398.6280,0.708021,0.016951,0.039810,0.704865,1.574191,0.037688,0.088513,-0.076153,-0.452648,0.292045,3.034349,-0.393894,0.090723,393.443300,246.564500,-398.711971,0.707947,0.017011,0.040009,0.704926
605,1769790342087,6.731905,392.3439,246.6079,-398.9270,0.707821,0.016139,0.041088,0.705012,1.573656,0.035881,0.091349,-0.077072,-0.452478,0.292013,3.034027,-0.396979,0.090417,392.308110,246.503881,-398.885110,0.707882,0.016166,0.041110,0.704948
606,1769790342099,6.743016,391.0129,246.6201,-399.1160,0.707821,0.015282,0.042324,0.704957,1.573690,0.033977,0.094099,-0.078873,-0.452157,0.292012,3.033168,-0.403078,0.089885,391.159695,246.439871,-399.178733,0.707770,0.015219,0.042240,0.705015
607,1769790342110,6.754127,390.2404,246.1310,-399.5555,0.707563,0.014481,0.043549,0.705159,1.572994,0.032194,0.096814,-0.079775,-0.452000,0.292016,3.032716,-0.406088,0.089615,389.953757,246.429729,-399.448562,0.707684,0.014291,0.043342,0.705054
608,1769790342121,6.765238,388.6653,246.4036,-399.6930,0.707794,0.012954,0.044079,0.704924,1.573650,0.028801,0.098001,-0.080666,-0.451846,0.292048,3.032178,-0.409060,0.089262,388.761710,246.304714,-399.708562,0.707664,0.013333,0.044338,0.705030
609,1769790342132,6.776350,387.4198,246.3236,-399.8753,0.707582,0.012456,0.045248,0.705071,1.573091,0.027693,0.100594,-0.082495,-0.451516,0.292076,3.031173,-0.415204,0.088539,387.617681,246.200381,-399.956524,0.707704,0.012232,0.045213,0.704954
610,1769790342143,6.787461,386.6111,246.0403,-400.2368,0.707718,0.011275,0.046236,0.704890,1.573502,0.025069,0.102798,-0.083386,-0.451363,0.292058,3.030734,-0.418206,0.088264,386.472024,246.063695,-400.174257,0.707683,0.011175,0.046091,0.704937
611,1769790342154,6.798572,385.4033,245.9596,-400.3802,0.707723,0.009854,0.046874,0.704864,1.573530,0.021910,0.104218,-0.085189,-0.451040,0.292078,3.029710,-0.424268,0.087573,385.409543,246.013629,-400.396762,0.707552,0.010093,0.047015,0.705023
612,1769790342165,6.809683,384.2655,245.8761,-400.5970,0.707285,0.009071,0.047892,0.705246,1.572323,0.020165,0.106466,-0.086073,-0.450885,0.292089,3.029191,-0.427184,0.087289,384.198138,246.098776,-400.544081,0.707435,0.008855,0.047807,0.705104
613,1769790342176,6.820795,382.8077,246.6104,-400.6451,0.707318,0.007611,0.048648,0.705178,1.572438,0.016920,0.108150,-0.086958,-0.450725,0.292094,3.028681,-0.430104,0.086955,382.841357,246.338552,-400.676138,0.707353,0.007757,0.048707,0.705138
614,1769790342187,6.831906,381.4171,246.4621,-400.7537,0.707300,0.006697,0.049548,0.705144,1.572418,0.014889,0.110152,-0.088756,-0.450394,0.292094,3.027623,-0.436141,0.086401,381.463381,246.536567,-400.823352,0.707281,0.006673,0.049568,0.705161
615,1769790342199,6.843017,380.1043,246.6692,-401.0630,0.707495,0.005665,0.050640,0.704879,1.573013,0.012596,0.112591,-0.089664,-0.450213,0.292116,3.027104,-0.439165,0.086058,380.051614,246.626286,-400.978124,0.707414,0.005552,0.050452,0.704974
616,1769790342210,6.854128,378.6908,246.4991,-401.1385,0.707272,0.004493,0.051201,0.705071,1.572399,0.009988,0.113829,-0.091494,-0.449874,0.292096,3.026024,-0.445245,0.085495,378.709505,246.512267,-401.157286,0.707484,0.004664,0.051467,0.704838
617,1769790342221,6.865239,377.3615,246.4254,-401.3401,0.707650,0.003697,0.052582,0.704594,1.573532,0.008220,0.116922,-0.092405,-0.449680,0.292053,3.025618,-0.448340,0.085248,377.384010,246.428214,-401.343643,0.707435,0.003762,0.052596,0.704809
618,1769790342232,6.876350,376.1351,246.3274,-401.5076,0.707265,0.002989,0.053699,0.704900,1.572488,0.006646,0.119391,-0.093276,-0.449510,0.292062,3.025045,-0.451261,0.085009,376.093043,246.332767,-401.505029,0.707188,0.002796,0.053572,0.704987
619,1769790342243,6.887462,374.8860,246.2257,-401.7894,0.706835,0.001757,0.054689,0.705259,1.571316,0.003905,0.121576,-0.095119,-0.449136,0.292056,3.023996,-0.457450,0.084388,374.955086,246.280081,-401.790471,0.706922,0.001666,0.054469,0.705189
620,1769790342254,6.898573,373.7792,246.3524,-402.0453,0.706518,0.000316,0.054927,0.705561,1.570426,0.000702,0.122090,-0.096029,-0.448956,0.292066,3.023444,-0.460440,0.084138,373.813967,246.296624,-402.121452,0.706628,0.000404,0.055129,0.705434
621,1769790342265,6.909684,372.8391,246.2132,-402.5750,0.706596,-0.000990,0.055810,0.705413,1.570689,-0.002201,0.124059,-0.096937,-0.448751,0.292064,3.022967,-0.463500,0.083862,372.733976,246.266471,-402.528900,0.706594,-0.000830,0.055917,0.705406
622,1769790342276,6.920795,371.4256,246.3473,-402.8558,0.706687,-0.001859,0.056750,0.705245,1.570994,-0.004132,0.126157,-0.098752,-0.448374,0.292104,3.021827,-0.469379,0.083165,371.522852,246.225062,-402.840829,0.706641,-0.001912,0.056773,0.705288
623,1769790342287,6.931906,370.3354,246.0222,-403.1815,0.706783,-0.002841,0.057978,0.705045,1.571328,-0.006315,0.128897,-0.099697,-0.448163,0.292096,3.021329,-0.472557,0.082783,370.076300,246.107438,-403.075533,0.706725,-0.002982,0.057686,0.705127
624,1769790342299,6.943018,368.5415,246.0918,-403.1111,0.706619,-0.003998,0.058538,0.705158,1.570895,-0.008888,0.130136,-0.101485,-0.447769,0.292090,3.020304,-0.478495,0.082288,368.702157,246.045171,-403.234376,0.706681,-0.003934,0.058679,0.705084
625,1769790342310,6.954129,367.1182,245.9992,-403.3813,0.706673,-0.005200,0.059386,0.705025,1.571097,-0.011561,0.132029,-0.102404,-0.447556,0.292069,3.019855,-0.481561,0.081886,367.385043,246.114295,-403.383829,0.706595,-0.005004,0.059695,0.705078
626,1769790342321,6.965240,366.4308,246.2331,-403.6320,0.706430,-0.005803,0.060954,0.705130,1.570492,-0.012900,0.135509,-0.103312,-0.447339,0.292044,3.019407,-0.484632,0.081696,366.070990,246.263476,-403.553005,0.706500,-0.006098,0.060605,0.705087
627,1769790342332,6.976351,364.8289,246.5686,-403.7730,0.706462,-0.007308,0.061587,0.705028,1.570627,-0.016248,0.136922,-0.105143,-0.446934,0.292083,3.018196,-0.490720,0.080958,364.919562,246.357671,-403.853610,0.706476,-0.007232,0.061499,0.705023
628,1769790342343,6.987462,363.6085,246.3107,-404.1096,0.706433,-0.008423,0.062128,0.704998,1.570579,-0.018727,0.138125,-0.106022,-0.446709,0.292095,3.017667,-0.493753,0.080808,363.719652,246.411524,-404.133100,0.706404,-0.008346,0.062336,0.705009
629,1769790342354,6.998574,362.4933,246.3343,-404.5179,0.706459,-0.009593,0.062928,0.704886,1.570705,-0.021329,0.139911,-0.107826,-0.446291,0.292039,3.016739,-0.499821,0.080139,362.420129,246.360852,-404.426219,0.706417,-0.009562,0.062950,0.704926
630,1769790342365,7.009685,361.2394,246.2744,-404.7051,0.706284,-0.010512,0.063994,0.704952,1.570276,-0.023371,0.142277,-0.108712,-0.446097,0.292085,3.016066,-0.502793,0.079796,361.204867,246.253843,-404.725852,0.706399,-0.010692,0.063793,0.704852
631,1769790342376,7.020796,359.9271,246.2372,-404.9831,0.706433,-0.011821,0.064496,0.704736,1.570739,-0.026283,0.143406,-0.109623,-0.445874,0.292061,3.015584,-0.505891,0.079489,359.907990,246.229500,-405.016895,0.706368,-0.011667,0.064785,0.704777
632,1769790342387,7.031907,358.5621,246.1120,-405.2836,0.706291,-0.012867,0.065811,0.704739,1.570421,-0.028609,0.146330,-0.111445,-0.445444,0.292053,3.014480,-0.511949,0.078745,358.643862,246.107176,-405.291238,0.706190,-0.012737,0.065690,0.704853
633,1769790342399,7.043018,357.3750,246.0750,-405.6662,0.706101,-0.013398,0.066745,0.704831,1.569942,-0.029788,0.148400,-0.112331,-0.445227,0.292063,3.013912,-0.514881,0.078532,357.395919,246.036329,-405.641148,0.706158,-0.013785,0.066544,0.704786
634,1769790342410,7.054130,356.3094,245.8829,-405.8961,0.705779,-0.015067,0.067295,0.705068,1.569083,-0.033496,0.149610,-0.114145,-0.444807,0.292068,3.012726,-0.520922,0.077833,356.219995,246.021543,-405.929476,0.706027,-0.014765,0.067518,0.704804
635,1769790342421,7.065241,354.9430,246.1049,-406.2664,0.706261,-0.015725,0.068320,0.704472,1.570516,-0.034968,0.151924,-0.115017,-0.444569,0.292042,3.012251,-0.523879,0.077628,355.010762,246.048567,-406.187133,0.705886,-0.015734,0.068352,0.704844
636,1769790342432,7.076352,353.8356,246.1045,-406.3079,0.705663,-0.016761,0.069439,0.704938,1.568904,-0.037264,0.154383,-0.115945,-0.444354,0.292036,3.011673,-0.526961,0.077272,353.754567,246.007824,-406.337390,0.705777,-0.016843,0.069266,0.704839
637,1769790342443,7.087463,352.3964,245.9912,-406.5788,0.705527,-0.017690,0.070163,0.704979,1.568577,-0.039329,0.155991,-0.117752,-0.443878,0.292070,3.010471,-0.532864,0.076450,352.431552,245.962276,-406.546976,0.705658,-0.017773,0.070283,0.704834
638,1769790342454,7.098574,351.2175,245.8067,-406.6634,0.705585,-0.019079,0.071179,0.704783,1.568825,-0.042421,0.158261,-0.118652,-0.443634,0.292055,3.009913,-0.535922,0.076178,351.233962,245.981652,-406.796562,0.705497,-0.018925,0.071156,0.704878
639,1769790342465,7.109686,349.9352,246.0313,-407.2437,0.705471,-0.019882,0.072154,0.704776,1.568576,-0.044206,0.160431,-0.119574,-0.443408,0.292086,3.009206,-0.538928,0.075784,350.002857,246.099971,-407.160414,0.705475,-0.020044,0.072030,0.704780
640,1769790342476,7.120797,349.0233,246.4203,-407.5655,0.705495,-0.021166,0.072867,0.704642,1.568710,-0.047065,0.162023,-0.121370,-0.442916,0.292062,3.008118,-0.544788,0.075039,348.873286,246.187581,-407.571414,0.705458,-0.021002,0.073080,0.704661
641,1769790342487,7.131908,347.6448,246.2659,-407.9692,0.705303,-0.021948,0.074083,0.704683,1.568258,-0.048802,0.164725,-0.122283,-0.442669,0.292072,3.007462,-0.547892,0.074698,347.766219,246.254767,-407.980924,0.705527,-0.021891,0.074032,0.704466
642,1769790342499,7.143019,346.6918,246.0220,-408.3694,0.705481,-0.022556,0.075290,0.704358,1.568851,-0.050160,0.167431,-0.124080,-0.442159,0.292097,3.006144,-0.553913,0.074039,346.709610,246.164724,-408.295276,0.705260,-0.022757,0.075142,0.704588
643,1769790342510,7.154130,345.6196,246.1449,-408.5885,0.705314,-0.023808,0.075949,0.704413,1.568446,-0.052943,0.168892,-0.124999,-0.441901,0.292087,3.005502,-0.557063,0.073645,345.552610,246.069643,-408.682038,0.704859,-0.023673,0.076236,0.704841
644,1769790342521,7.165241,344.4715,246.0401,-408.9821,0.704045,-0.024591,0.077403,0.705497,1.564968,-0.054660,0.172053,-0.125877,-0.441634,0.292075,3.004897,-0.560136,0.073471,344.417133,246.137710,-408.968076,0.704729,-0.024723,0.077087,0.704842
645,1769790342532,7.176353,343.0706,246.2391,-409.4433,0.704637,-0.026014,0.077875,0.704802,1.566705,-0.057840,0.173149,-0.127654,-0.441120,0.292059,3.003659,-0.566109,0.072859,343.198500,246.105724,-409.317438,0.705027,-0.025911,0.077910,0.704412
646,1769790342543,7.187464,341.9059,246.2994,-409.5061,0.705569,-0.026982,0.078495,0.703763,1.569409,-0.060018,0.174598,-0.128516,-0.440859,0.292040,3.003064,-0.569084,0.072708,341.860481,246.185229,-409.700800,0.704891,-0.027034,0.078685,0.704419
647,1769790342554,7.198575,340.5927,246.0626,-410.2120,0.705623,-0.028306,0.079565,0.703537,1.569667,-0.062966,0.176993,-0.130272,-0.440327,0.292020,3.001862,-0.574952,0.072041,340.464305,246.552305,-410.121514,0.704743,-0.028286,0.079418,0.704436
648,1769790342565,7.209686,338.9217,247.0345,-410.5144,0.703218,-0.029324,0.080183,0.705829,1.562930,-0.065173,0.178210,-0.131127,-0.440073,0.292011,3.001243,-0.577745,0.071729,339.055381,246.855167,-410.541381,0.704606,-0.029355,0.080308,0.704428
649,1769790342576,7.220798,337.5957,247.4751,-411.0351,0.704501,-0.030601,0.081294,0.704367,1.566666,-0.068050,0.180782,-0.132015,-0.439776,0.291972,3.000737,-0.580913,0.071422,337.524462,247.153729,-411.025352,0.704820,-0.030430,0.081177,0.704069
650,1769790342587,7.231909,336.2100,246.9528,-411.2631,0.705907,-0.031310,0.081969,0.702848,1.570717,-0.069668,0.182390,-0.133759,-0.439237,0.291978,2.999404,-0.586937,0.070908,336.196286,247.037824,-411.195881,0.705124,-0.031504,0.081936,0.703629
651,1769790342599,7.243020,334.8129,246.8938,-411.5677,0.705859,-0.032547,0.082802,0.702743,1.570674,-0.072423,0.184250,-0.134636,-0.438952,0.291946,2.998844,-0.589998,0.070661,335.080943,246.756500,-411.425667,0.705198,-0.032575,0.082903,0.703393
652,1769790342610,7.254131,334.1757,246.1458,-411.3526,0.704189,-0.033789,0.083688,0.704254,1.566041,-0.075143,0.186114,-0.136367,-0.438424,0.291932,2.997635,-0.595820,0.070053,333.971481,246.801367,-411.826952,0.704726,-0.033587,0.083851,0.703706
653,1769790342621,7.265243,332.9532,247.2522,-412.2610,0.703446,-0.034605,0.085099,0.704787,1.564066,-0.076942,0.189213,-0.137209,-0.438168,0.291937,2.996973,-0.598708,0.069963,332.834157,246.929362,-412.027119,0.704258,-0.034712,0.084838,0.704001
654,1769790342632,7.276354,331.5540,247.5373,-412.7943,0.704919,-0.035655,0.085703,0.703188,1.568312,-0.079326,0.190674,-0.138089,-0.437885,0.291919,2.996396,-0.601765,0.069662,331.616286,247.063014,-412.364071,0.704298,-0.035756,0.085632,0.703814
655,1769790342643,7.287465,330.2630,246.7940,-412.0882,0.704696,-0.036894,0.086388,0.703263,1.567771,-0.082080,0.192191,-0.139796,-0.437355,0.291962,2.995064,-0.607506,0.069137,330.332267,247.396414,-412.776733,0.704634,-0.036731,0.086454,0.703326
656,1769790342654,7.298577,329.1705,247.2526,-413.2902,0.704599,-0.037821,0.087034,0.703232,1.567572,-0.084144,0.193631,-0.140667,-0.437074,0.291984,2.994394,-0.610440,0.068801,329.241214,247.197157,-412.979333,0.704478,-0.037848,0.087340,0.703314
657,1769790342665,7.309688,328.3230,247.5613,-413.4014,0.703841,-0.038724,0.088574,0.703749,1.565573,-0.086136,0.197018,-0.141527,-0.436793,0.291986,2.993793,-0.613343,0.068508,328.294243,247.074843,-413.255486,0.703846,-0.038925,0.088319,0.703766
658,1769790342676,7.320799,327.3438,246.5608,-413.5475,0.703078,-0.040085,0.089622,0.704303,1.563542,-0.089143,0.199306,-0.143239,-0.436238,0.291976,2.992577,-0.619216,0.068006,327.289148,246.971200,-413.727395,0.703387,-0.039856,0.089514,0.704021
659,1769790342687,7.331910,326.2155,246.7748,-413.9532,0.703242,-0.040823,0.090326,0.704006,1.564086,-0.090795,0.200894,-0.144085,-0.435962,0.291967,2.991973,-0.622145,0.067772,326.104467,246.693986,-414.000233,0.703112,-0.040745,0.090684,0.704095
660,1769790342699,7.343021,324.7476,246.4348,-414.5032,0.703086,-0.041454,0.091999,0.703909,1.563798,-0.092201,0.204624,-0.144943,-0.435670,0.291974,2.991350,-0.625088,0.067504,324.861890,246.418229,-414.410510,0.703129,-0.041624,0.091715,0.703893
661,1769790342710,7.354132,323.3969,246.5106,-414.9443,0.703289,-0.042472,0.092644,0.703561,1.564459,-0.094478,0.206085,-0.146659,-0.435090,0.291997,2.990031,-0.631004,0.066905,323.475667,246.482295,-414.906467,0.703243,-0.042519,0.092699,0.703597
662,1769790342721,7.365244,322.3409,246.2670,-415.2142,0.703259,-0.043649,0.093617,0.703390,1.564495,-0.097104,0.208264,-0.147539,-0.434789,0.292017,2.989331,-0.634041,0.066556,322.093500,246.431995,-415.366810,0.703260,-0.043605,0.093558,0.703399
663,1769790342732,7.376355,320.6080,246.6670,-415.8845,0.703201,-0.044797,0.094185,0.703300,1.564421,-0.099660,0.209535,-0.149224,-0.434215,0.292020,2.988060,-0.639857,0.065997,320.829310,246.483324,-415.737562,0.703191,-0.044762,0.094201,0.703310
664,1769790342743,7.387466,319.5516,246.4303,-416.1484,0.703086,-0.045858,0.094911,0.703249,1.564196,-0.102023,0.211155,-0.150059,-0.433922,0.292052,2.987361,-0.642757,0.065648,319.540005,246.485638,-416.148486,0.702969,-0.045855,0.094998,0.703355
665,1769790342754,7.398577,318.4594,246.4542,-416.4088,0.702661,-0.046871,0.095824,0.703483,1.563110,-0.104267,0.213167,-0.151707,-0.433347,0.292073,2.986067,-0.648437,0.065002,318.339900,246.461200,-416.545738,0.702770,-0.046859,0.095849,0.703372
666,1769790342765,7.409689,317.1346,246.3639,-416.9656,0.702572,-0.047871,0.096819,0.703368,1.562982,-0.106496,0.215389,-0.152548,-0.433053,0.292116,2.985325,-0.651298,0.064636,317.266548,246.287233,-416.819681,0.702683,-0.047872,0.096773,0.703264
667,1769790342776,7.420800,316.2791,246.2062,-417.1656,0.702674,-0.048838,0.097743,0.703072,1.563389,-0.108661,0.217470,-0.153358,-0.432756,0.292114,2.984740,-0.654123,0.064433,316.206814,246.274348,-417.177862,0.702642,-0.048902,0.097689,0.703107
668,1769790342787,7.431911,315.0873,246.1725,-417.4035,0.702758,-0.050022,0.098439,0.702808,1.563735,-0.111305,0.219041,-0.154971,-0.432165,0.292145,2.983432,-0.659749,0.063891,315.169595,246.282124,-417.515871,0.702575,-0.049984,0.098505,0.702984
669,1769790342799,7.443022,314.2382,246.4761,-417.9395,0.702402,-0.051043,0.099291,0.702970,1.562845,-0.113570,0.220922,-0.155785,-0.431875,0.292175,2.982741,-0.662501,0.063532,314.119362,246.314790,-417.821243,0.702471,-0.051084,0.099180,0.702914
670,1769790342810,7.454134,312.9658,246.4154,-418.1934,0.702121,-0.052151,0.099900,0.703083,1.562150,-0.116031,0.222268,-0.157387,-0.431302,0.292207,2.981446,-0.667813,0.062953,312.942700,246.427033,-418.258529,0.702286,-0.052095,0.099923,0.702920
671,1769790342821,7.465245,311.7679,246.4031,-418.6406,0.702219,-0.053048,0.100595,0.702819,1.562528,-0.118039,0.223836,-0.158211,-0.430989,0.292196,2.980847,-0.670703,0.062700,311.851219,246.527248,-418.691857,0.702012,-0.052971,0.100815,0.703000
672,1769790342832,7.476356,310.6756,246.6748,-419.1996,0.701868,-0.053740,0.101836,0.702939,1.561675,-0.119573,0.226589,-0.159028,-0.430707,0.292239,2.980084,-0.673493,0.062376,310.748395,246.588886,-419.076386,0.701842,-0.053801,0.101732,0.702975
673,1769790342843,7.487467,309.8655,246.6724,-419.4417,0.701549,-0.054614,0.102791,0.703051,1.560897,-0.121513,0.228703,-0.160652,-0.430118,0.292302,2.978656,-0.678864,0.061735,309.740952,246.666243,-419.490862,0.701820,-0.054684,0.102650,0.702795
674,1769790342854,7.498578,308.7423,246.6956,-419.8249,0.701777,-0.055606,0.103412,0.702654,1.561645,-0.123739,0.230121,-0.161466,-0.429828,0.292309,2.977960,-0.681493,0.061329,308.774410,246.677105,-419.846043,0.701761,-0.055623,0.103436,0.702665
675,1769790342865,7.509690,307.7306,246.5954,-420.2314,0.701949,-0.056757,0.104077,0.702293,1.562245,-0.126318,0.231633,-0.162268,-0.429533,0.292334,2.977242,-0.684185,0.061092,307.782181,246.604686,-420.208948,0.701653,-0.056645,0.104109,0.702592
676,1769790342876,7.520801,306.7849,246.5514,-420.5800,0.701376,-0.057557,0.104794,0.702693,1.560728,-0.128079,0.233192,-0.163861,-0.428953,0.292317,2.975899,-0.689447,0.060649,306.722557,246.571981,-420.640886,0.701404,-0.057627,0.104914,0.702641
677,1769790342887,7.531912,305.6779,246.5646,-421.0518,0.700869,-0.058590,0.105818,0.702960,1.559438,-0.130363,0.235446,-0.164672,-0.428659,0.292319,2.975148,-0.692140,0.060374,305.659810,246.581919,-420.960890,0.700979,-0.058556,0.105771,0.702860
678,1769790342899,7.543023,304.5653,246.6564,-421.3713,0.700681,-0.059430,0.106818,0.702926,1.559040,-0.132234,0.237675,-0.166213,-0.428052,0.292309,2.973818,-0.697483,0.059936,304.595905,246.659124,-421.312986,0.700753,-0.059435,0.106688,0.702873
679,1769790342910,7.554135,303.4817,246.7597,-421.5029,0.700660,-0.060347,0.107423,0.702776,1.559086,-0.134282,0.239033,-0.167016,-0.427751,0.292346,2.973015,-0.700188,0.059603,303.542610,246.774081,-421.738686,0.700713,-0.060360,0.107586,0.702697
680,1769790342921,7.565246,302.5714,246.8264,-422.2224,0.701065,-0.061233,0.108439,0.702139,1.560372,-0.136286,0.241354,-0.167780,-0.427448,0.292376,2.972272,-0.702844,0.059344,302.496190,246.798819,-422.114205,0.700898,-0.061225,0.108334,0.702322
681,1769790342932,7.576357,301.5042,246.8208,-422.6495,0.700775,-0.062181,0.109131,0.702238,1.559667,-0.138393,0.242884,-0.169314,-0.426823,0.292382,2.970873,-0.708201,0.058751,301.515252,246.705967,-422.490433,0.700995,-0.062190,0.109052,0.702030
682,1769790342943,7.587468,300.3869,246.5062,-422.7570,0.701154,-0.063025,0.109728,0.701691,1.560840,-0.140300,0.244266,-0.170053,-0.426514,0.292351,2.970303,-0.710858,0.058577,300.471971,246.621871,-422.854876,0.700804,-0.063084,0.109918,0.702006
683,1769790342954,7.598580,299.4980,246.4256,-423.1771,0.700485,-0.064127,0.110693,0.702108,1.559099,-0.142730,0.246373,-0.171518,-0.425913,0.292276,2.969100,-0.716021,0.058277,299.343895,246.499257,-423.244843,0.700395,-0.063956,0.110710,0.702211
684,1769790342965,7.609691,298.1337,246.5795,-423.7106,0.699956,-0.064693,0.111769,0.702413,1.557739,-0.143974,0.248739,-0.172220,-0.425606,0.292286,2.968435,-0.718463,0.058070,298.166938,246.420448,-423.835781,0.700329,-0.064823,0.111552,0.702064
685,1769790342976,7.620802,296.9810,246.3304,-424.5497,0.700248,-0.065668,0.112273,0.701951,1.558666,-0.146169,0.249907,-0.172977,-0.425316,0.292294,2.967699,-0.721052,0.057836,297.048671,246.427352,-424.444386,0.700863,-0.065628,0.112405,0.701319
686,1769790342987,7.631913,295.8503,246.4049,-425.0282,0.701350,-0.066604,0.113128,0.700624,1.561923,-0.148328,0.251938,-0.174412,-0.424711,0.292265,2.966470,-0.725977,0.057343,295.818529,246.341967,-424.706243,0.700694,-0.066604,0.113131,0.701280
687,1769790342999,7.643025,295.0037,246.4274,-424.9201,0.701577,-0.067434,0.113941,0.700186,1.562693,-0.150203,0.253793,-0.175144,-0.424408,0.292264,2.965806,-0.728451,0.057039,294.942076,246.500329,-425.095952,0.700094,-0.067665,0.113883,0.701656
688,1769790343010,7.654136,293.7401,246.3957,-424.8631,0.697660,-0.068955,0.114622,0.703831,1.551775,-0.153373,0.254950,-0.176600,-0.423797,0.292190,2.964588,-0.733622,0.056785,294.068048,246.540571,-425.323648,0.699470,-0.068629,0.114702,0.702050
689,1769790343021,7.665247,293.6483,247.1371,-426.2760,0.698867,-0.069426,0.115607,0.702425,1.555306,-0.154506,0.257280,-0.177319,-0.423507,0.292170,2.963933,-0.736069,0.056629,293.244705,246.616376,-425.647476,0.699209,-0.069487,0.115524,0.702091
690,1769790343032,7.676359,292.2026,246.2660,-425.9147,0.700301,-0.070154,0.116321,0.700804,1.559478,-0.156223,0.259031,-0.178024,-0.423215,0.292132,2.963330,-0.738554,0.056525,292.375257,246.969967,-426.262729,0.699756,-0.070172,0.116444,0.701327
691,1769790343043,7.687470,291.4302,247.0784,-426.5755,0.700947,-0.070782,0.117348,0.699923,1.561451,-0.157676,0.261408,-0.179441,-0.422623,0.292091,2.962052,-0.743524,0.056147,291.409838,246.895757,-426.674576,0.700637,-0.070767,0.117289,0.700245
692,1769790343054,7.698581,290.3283,247.3468,-427.2161,0.700669,-0.071425,0.118262,0.699983,1.560794,-0.159105,0.263437,-0.180184,-0.422302,0.292102,2.961362,-0.746090,0.055863,290.232529,246.575195,-426.748281,0.700245,-0.071579,0.118116,0.700415
693,1769790343065,7.709692,289.1033,245.5792,-426.6960,0.698989,-0.072501,0.118721,0.701472,1.556154,-0.161409,0.264307,-0.180928,-0.421998,0.292068,2.960769,-0.748602,0.055525,289.216252,246.320757,-426.897238,0.699575,-0.072382,0.118972,0.700857
694,1769790343076,7.720803,288.1824,245.8861,-426.9185,0.698657,-0.073355,0.119804,0.701531,1.555378,-0.163306,0.266712,-0.182360,-0.421393,0.292070,2.959429,-0.753502,0.054927,288.176324,245.859962,-427.026890,0.698975,-0.073303,0.119707,0.701235
695,1769790343087,7.731915,287.2372,245.7381,-427.1877,0.699148,-0.074086,0.120487,0.700847,1.556885,-0.164978,0.268304,-0.183037,-0.421102,0.292044,2.958879,-0.755905,0.054742,287.244643,245.596733,-427.349029,0.698732,-0.074232,0.120342,0.701271
696,1769790343099,7.743026,286.4215,245.8167,-428.1489,0.698744,-0.075223,0.120945,0.701050,1.555861,-0.167496,0.269304,-0.184432,-0.420504,0.292080,2.957483,-0.760786,0.054055,286.409200,245.809200,-427.932176,0.698836,-0.075113,0.121053,0.700951
697,1769790343110,7.754137,285.5030,245.6905,-428.5555,0.698640,-0.076017,0.121478,0.700976,1.555676,-0.169268,0.270497,-0.185111,-0.420226,0.292088,2.956799,-0.763108,0.053781,285.495238,245.813110,-428.491195,0.698631,-0.076053,0.121556,0.700968
698,1769790343121,7.765248,284.6543,245.9838,-428.8555,0.698306,-0.076949,0.122394,0.701047,1.554888,-0.171339,0.272529,-0.185786,-0.419929,0.292104,2.956132,-0.765483,0.053427,284.602143,245.854119,-428.979743,0.698095,-0.076988,0.122191,0.701289
699,1769790343132,7.776360,283.5510,245.8733,-429.4279,0.697639,-0.077857,0.122718,0.701555,1.553097,-0.173327,0.273198,-0.187132,-0.419365,0.292149,2.954731,-0.770105,0.052742,283.653890,245.864476,-429.382476,0.697752,-0.077786,0.122982,0.701404
700,1769790343143,7.787471,282.7878,245.8116,-429.8048,0.697292,-0.078576,0.123856,0.701619,1.552286,-0.174923,0.275725,-0.187794,-0.419099,0.292151,2.954057,-0.772346,0.052451,282.691386,245.868133,-429.867800,0.697665,-0.078518,0.123789,0.701267
701,1769790343154,7.798582,281.7063,245.8708,-430.4000,0.697817,-0.079185,0.124680,0.700882,1.553899,-0.176329,0.277637,-0.189131,-0.418522,0.292134,2.952759,-0.777053,0.051949,281.713871,245.830224,-430.313343,0.697655,-0.079260,0.124546,0.701059
702,1769790343165,7.809693,280.7814,245.8910,-430.7469,0.698079,-0.079897,0.125239,0.700441,1.554749,-0.177944,0.278929,-0.189775,-0.418239,0.292126,2.952142,-0.779254,0.051713,280.835157,245.971905,-430.725348,0.697665,-0.080004,0.125281,0.700833
703,1769790343176,7.820805,279.9202,246.0792,-431.0367,0.697347,-0.080951,0.125877,0.700934,1.552821,-0.180258,0.280297,-0.190431,-0.417944,0.292137,2.951478,-0.781576,0.051438,279.950219,246.136714,-431.145681,0.697646,-0.080829,0.125883,0.700650
704,1769790343187,7.831916,279.2365,246.3832,-431.6064,0.697274,-0.081602,0.126432,0.700832,1.552720,-0.181714,0.281545,-0.191712,-0.417385,0.292100,2.950229,-0.786025,0.051073,279.165214,246.195995,-431.550548,0.697388,-0.081626,0.126480,0.700707
705,1769790343199,7.843027,278.3307,246.1824,-431.9970,0.697495,-0.082418,0.127274,0.700364,1.553494,-0.183565,0.283470,-0.192368,-0.417081,0.292105,2.949576,-0.788391,0.050805,278.383095,246.140310,-432.036043,0.697265,-0.082380,0.127214,0.700608
706,1769790343210,7.854138,277.5648,245.9325,-432.4494,0.697163,-0.082952,0.127890,0.700520,1.552660,-0.184743,0.284824,-0.193624,-0.416508,0.292061,2.948374,-0.792765,0.050500,277.540748,246.057662,-432.427924,0.697372,-0.082989,0.128010,0.700285
707,1769790343221,7.865249,276.6587,245.9325,-432.8372,0.697456,-0.083727,0.128933,0.699944,1.553660,-0.186511,0.287212,-0.194281,-0.416203,0.292048,2.947767,-0.795113,0.050279,276.595162,246.039071,-432.714114,0.697436,-0.083637,0.128856,0.699989
708,1769790343232,7.876361,275.6258,246.2388,-432.8424,0.697388,-0.084255,0.129652,0.699816,1.553585,-0.187697,0.288828,-0.194928,-0.415910,0.292039,2.947105,-0.797387,0.050070,275.659105,246.149062,-432.968357,0.697298,-0.084393,0.129621,0.699894
709,1769790343243,7.887472,274.6404,246.3568,-433.2188,0.697164,-0.085214,0.130383,0.699787,1.553104,-0.189834,0.290459,-0.196214,-0.415316,0.292087,2.945705,-0.801905,0.049660,274.687957,246.272986,-433.218981,0.696999,-0.085280,0.130384,0.699943
710,1769790343254,7.898583,273.8482,246.2930,-433.5247,0.696383,-0.086318,0.130956,0.700321,1.551044,-0.192256,0.291676,-0.196847,-0.415045,0.292114,2.944994,-0.804029,0.049331,273.821971,246.299090,-433.488205,0.696435,-0.086180,0.131009,0.700277
711,1769790343265,7.909694,272.9558,246.2944,-433.9128,0.695915,-0.087080,0.131701,0.700553,1.549860,-0.193934,0.293310,-0.197484,-0.414744,0.292148,2.944291,-0.806209,0.049091,273.018048,246.365557,-433.923295,0.696101,-0.087054,0.131613,0.700388
712,1769790343276,7.920806,272.2968,246.3857,-434.2434,0.695790,-0.087785,0.132197,0.700496,1.549617,-0.195508,0.294420,-0.198696,-0.414181,0.292133,2.943026,-0.810456,0.048890,272.204386,246.487362,-434.337462,0.695966,-0.087821,0.132223,0.700311
713,1769790343287,7.931917,271.3518,246.8429,-434.8966,0.696325,-0.088433,0.132843,0.699760,1.551252,-0.197009,0.295944,-0.199312,-0.413882,0.292141,2.942372,-0.812688,0.048815,271.371124,246.681710,-434.742581,0.696004,-0.088498,0.132907,0.700058
714,1769790343299,7.943028,270.4533,246.7889,-435.1352,0.696006,-0.089238,0.133665,0.699818,1.550507,-0.198797,0.297767,-0.200520,-0.413309,0.292162,2.941123,-0.816833,0.048497,270.488719,246.824062,-435.168933,0.696008,-0.089128,0.133712,0.699821
715,1769790343310,7.954139,269.6274,246.9106,-435.5078,0.695757,-0.089783,0.134532,0.699830,1.549944,-0.200011,0.299698,-0.201139,-0.413019,0.292194,2.940394,-0.818933,0.048221,269.558167,246.883648,-435.604457,0.695860,-0.089786,0.134495,0.699734
716,1769790343321,7.965250,268.6114,246.8305,-436.0830,0.695603,-0.090330,0.135408,0.699744,1.549653,-0.201236,0.301659,-0.201732,-0.412741,0.292185,2.939820,-0.820972,0.048098,268.653348,246.905600,-436.020129,0.695532,-0.090450,0.135218,0.699836
717,1769790343332,7.976362,267.7991,246.8989,-436.4894,0.695355,-0.091225,0.135682,0.699822,1.549053,-0.203223,0.302260,-0.202924,-0.412155,0.292203,2.938560,-0.825080,0.047758,267.805700,246.899619,-436.481429,0.695389,-0.091144,0.135862,0.699763
718,1769790343343,7.987473,266.9588,246.9940,-436.9207,0.695176,-0.091888,0.136477,0.699758,1.548692,-0.204706,0.304038,-0.203489,-0.411877,0.292219,2.937914,-0.827120,0.047608,267.009105,246.849305,-436.910810,0.695286,-0.091926,0.136473,0.699644
719,1769790343354,7.998584,266.3256,246.6579,-437.2580,0.695305,-0.092706,0.137151,0.699390,1.549202,-0.206558,0.305586,-0.204636,-0.411301,0.292207,2.936756,-0.831195,0.047313,266.259143,246.813043,-437.298686,0.695191,-0.092687,0.137117,0.699512
720,1769790343365,8.009695,265.5238,246.7375,-437.6825,0.695083,-0.093429,0.137852,0.699377,1.548715,-0.208170,0.307149,-0.205208,-0.411017,0.292227,2.936127,-0.833243,0.047091,265.540314,246.682524,-437.659176,0.695038,-0.093387,0.137890,0.699419
721,1769790343376,8.020807,264.7097,246.6731,-438.0416,0.694864,-0.094036,0.138565,0.699373,1.548229,-0.209522,0.308736,-0.205737,-0.410740,0.292218,2.935583,-0.835202,0.047044,264.739114,246.612190,-438.010814,0.694886,-0.094104,0.138548,0.699344
722,1769790343387,8.031918,264.0182,246.4877,-438.2899,0.694562,-0.094766,0.139250,0.699437,1.547518,-0.211143,0.310255,-0.206853,-0.410161,0.292256,2.934364,-0.839237,0.046587,263.876433,246.643210,-438.344943,0.694659,-0.094751,0.139176,0.699357
723,1769790343399,8.043029,262.9323,246.7314,-438.6927,0.694644,-0.095421,0.139693,0.699179,1.547856,-0.212623,0.311275,-0.207367,-0.409889,0.292259,2.933809,-0.841120,0.046501,263.053876,246.645205,-438.646171,0.694572,-0.095346,0.139757,0.699247
724,1769790343410,8.054140,262.2773,246.6934,-438.9546,0.694397,-0.095920,0.140315,0.699231,1.547275,-0.213732,0.312653,-0.208421,-0.409359,0.292347,2.932513,-0.844786,0.046146,262.325814,246.660914,-438.962310,0.694464,-0.095970,0.140335,0.699154
725,1769790343421,8.065252,261.6632,246.6552,-439.2933,0.694480,-0.096488,0.140895,0.698954,1.547625,-0.215021,0.313980,-0.208915,-0.409099,0.292310,2.932071,-0.846586,0.046173,261.629886,246.664514,-439.325895,0.694343,-0.096564,0.140882,0.699082
726,1769790343432,8.076363,261.1194,246.5835,-439.6930,0.694054,-0.097256,0.141510,0.699146,1.546562,-0.216716,0.315328,-0.209432,-0.408836,0.292326,2.931506,-0.848411,0.046022,261.044576,246.595390,-439.696000,0.694120,-0.097168,0.141451,0.699105
727,1769790343443,8.087474,260.3327,246.5808,-440.1276,0.693953,-0.097762,0.141929,0.699091,1.546369,-0.217847,0.316268,-0.210432,-0.408330,0.292367,2.930373,-0.851946,0.045753,260.384214,246.601171,-440.100710,0.693981,-0.097766,0.141987,0.699051
728,1769790343454,8.098585,259.7768,246.6271,-440.4880,0.693762,-0.098325,0.142530,0.699079,1.545950,-0.219104,0.317608,-0.210903,-0.408095,0.292400,2.929777,-0.853591,0.045639,259.754900,246.643662,-440.488410,0.693816,-0.098343,0.142530,0.699023
729,1769790343465,8.109697,259.0864,246.7480,-440.8514,0.693826,-0.098831,0.143091,0.698830,1.546242,-0.220253,0.318889,-0.211390,-0.407838,0.292413,2.929246,-0.855350,0.045492,259.147100,246.696486,-440.884181,0.693718,-0.098861,0.143077,0.698935
730,1769790343476,8.120808,258.6659,246.7637,-441.1946,0.693548,-0.099425,0.143671,0.698903,1.545578,-0.221570,0.320173,-0.212301,-0.407389,0.292434,2.928228,-0.858519,0.045268,258.627329,246.776114,-441.212200,0.693564,-0.099361,0.143680,0.698894
731,1769790343487,8.131920,258.0644,246.7884,-441.5548,0.693362,-0.099849,0.144231,0.698911,1.545159,-0.222515,0.321419,-0.212747,-0.407140,0.292438,2.927753,-0.860171,0.045168,258.081567,246.857971,-441.428162,0.693399,-0.099866,0.144247,0.698869
732,1769790343499,8.143031,257.5622,246.9476,-441.5744,0.693198,-0.100275,0.144839,0.698887,1.544810,-0.223466,0.322777,-0.213612,-0.406712,0.292480,2.926757,-0.863175,0.044801,257.497324,246.876671,-441.593714,0.693180,-0.100350,0.144805,0.698901
733,1769790343510,8.154142,256.8719,246.9142,-441.6376,0.693048,-0.100871,0.145303,0.698853,1.544495,-0.224797,0.323816,-0.214000,-0.406513,0.292503,2.926256,-0.864541,0.044668,256.874386,246.876414,-441.745667,0.693017,-0.100786,0.145324,0.698892
734,1769790343521,8.165253,256.2139,246.7508,-441.9986,0.692868,-0.101210,0.145811,0.698878,1.544079,-0.225551,0.324945,-0.214394,-0.406316,0.292525,2.925758,-0.865915,0.044555,256.295014,246.818748,-441.977910,0.692915,-0.101207,0.145784,0.698837
735,1769790343532,8.176364,255.7880,246.7431,-442.2920,0.692828,-0.101565,0.146219,0.698781,1.544047,-0.226350,0.325866,-0.215156,-0.405935,0.292507,2.924944,-0.868618,0.044439,255.748271,246.741986,-442.315576,0.692928,-0.101585,0.146230,0.698675
736,1769790343543,8.187475,255.3116,246.6261,-442.6967,0.692925,-0.101945,0.146612,0.698547,1.544403,-0.227217,0.326771,-0.215564,-0.405745,0.292538,2.924399,-0.869922,0.044173,255.339005,246.575762,-442.618400,0.692811,-0.101959,0.146670,0.698646
737,1769790343554,8.198587,254.8770,246.5750,-442.8677,0.692875,-0.102346,0.147122,0.698430,1.544363,-0.228121,0.327924,-0.216225,-0.405421,0.292545,2.923595,-0.872221,0.043996,254.869229,246.517543,-442.829705,0.692695,-0.102372,0.147057,0.698618
738,1769790343565,8.209698,254.5388,246.2269,-442.9779,0.692212,-0.102846,0.147418,0.698952,1.542571,-0.229188,0.328516,-0.216578,-0.405250,0.292574,2.923093,-0.873441,0.043744,254.404443,246.460548,-443.072005,0.692490,-0.102794,0.147411,0.698685
739,1769790343576,8.220809,253.7832,246.6525,-443.2515,0.692404,-0.103183,0.147671,0.698658,1.543177,-0.229966,0.329117,-0.216877,-0.405101,0.292577,2.922725,-0.874492,0.043632,253.976819,246.490129,-443.289776,0.692304,-0.103207,0.147687,0.698750
740,1769790343587,8.231920,253.6367,246.4799,-443.6655,0.692153,-0.103594,0.147938,0.698790,1.542538,-0.230871,0.329695,-0.217475,-0.404814,0.292607,2.921920,-0.876494,0.043319,253.599362,246.480181,-443.560452,0.692183,-0.103597,0.147928,0.698761
741,1769790343599,8.243031,253.2542,246.5568,-443.7755,0.692220,-0.103955,0.148132,0.698628,1.542784,-0.231689,0.330149,-0.217752,-0.404673,0.292611,2.921564,-0.877472,0.043202,253.207686,246.523629,-443.813919,0.692167,-0.103959,0.148177,0.698671
742,1769790343610,8.254143,252.8963,246.3294,-444.0359,0.692031,-0.104291,0.148477,0.698693,1.542324,-0.232432,0.330910,-0.218018,-0.404546,0.292626,2.921195,-0.878373,0.043068,252.835938,246.426743,-444.036162,0.692060,-0.104275,0.148422,0.698678
743,1769790343621,8.265254,252.3230,246.5251,-444.1785,0.691971,-0.104579,0.148666,0.698669,1.542206,-0.233077,0.331333,-0.218523,-0.404280,0.292630,2.920527,-0.880244,0.042865,252.370262,246.441343,-444.197610,0.691994,-0.104550,0.148704,0.698642
744,1769790343632,8.276366,251.9285,246.4181,-444.4394,0.691923,-0.104725,0.148933,0.698637,1.542118,-0.233406,0.331932,-0.218761,-0.404153,0.292631,2.920244,-0.881077,0.042737,251.960876,246.550338,-444.411052,0.691874,-0.104774,0.148931,0.698679
745,1769790343643,8.287477,251.6559,246.6123,-444.5138,0.691761,-0.105030,0.149263,0.698682,1.541728,-0.234082,0.332663,-0.219143,-0.403937,0.292624,2.919769,-0.882479,0.042663,251.687048,246.532405,-444.567662,0.691806,-0.104993,0.149201,0.698656
746,1769790343654,8.298588,251.4456,246.7200,-444.7442,0.691637,-0.105182,0.149319,0.698769,1.541400,-0.234412,0.332777,-0.219350,-0.403838,0.292640,2.919446,-0.883200,0.042575,251.452367,246.483024,-444.656971,0.691614,-0.105223,0.149480,0.698752
747,1769790343665,8.309699,251.3559,246.1143,-444.6934,0.691532,-0.105490,0.149834,0.698717,1.541198,-0.235102,0.333930,-0.219517,-0.403723,0.292627,2.919277,-0.883848,0.042549,251.195452,246.451271,-444.716324,0.691409,-0.105473,0.149659,0.698879
748,1769790343676,8.320811,250.8260,246.5968,-444.6606,0.691108,-0.105711,0.149840,0.699101,1.540024,-0.235560,0.333894,-0.219907,-0.403533,0.292618,2.918816,-0.885166,0.042389,250.935971,246.494686,-444.719543,0.691296,-0.105717,0.149848,0.698913
749,1769790343687,8.331922,250.6539,246.6253,-444.7996,0.691242,-0.105930,0.149860,0.698932,1.540424,-0.236063,0.333960,-0.220061,-0.403432,0.292653,2.918559,-0.885739,0.042300,250.733029,246.660700,-444.668195,0.691292,-0.105918,0.150007,0.698852
750,1769790343699,8.343033,250.5444,247.0504,-444.6506,0.691387,-0.106139,0.150232,0.698677,1.540899,-0.236553,0.334823,-0.220356,-0.403274,0.292648,2.918215,-0.886791,0.042218,250.473619,247.049586,-444.767795,0.691295,-0.106076,0.150084,0.698809
751,1769790343710,8.354144,250.4218,247.1567,-444.8143,0.691366,-0.106170,0.150178,0.698704,1.540835,-0.236618,0.334699,-0.220467,-0.403214,0.292666,2.918035,-0.887166,0.042170,250.290490,247.139305,-444.912390,0.691225,-0.106276,0.150237,0.698815
752,1769790343721,8.365256,249.9240,247.3793,-445.2335,0.690970,-0.106474,0.150353,0.699012,1.539769,-0.237269,0.335050,-0.220619,-0.403137,0.292670,2.917854,-0.887695,0.042113,250.125319,247.179595,-445.058229,0.691026,-0.106492,0.150367,0.698951
753,1769790343732,8.376367,249.9286,246.8516,-445.2047,0.690667,-0.106778,0.150502,0.699233,1.538962,-0.237924,0.335353,-0.220899,-0.402982,0.292668,2.917510,-0.888732,0.042090,249.911348,247.066686,-445.229357,0.690783,-0.106709,0.150474,0.699135
754,1769790343743,8.387478,249.8791,246.9934,-445.2681,0.690747,-0.106892,0.150597,0.699116,1.539211,-0.238190,0.335580,-0.221018,-0.402925,0.292660,2.917366,-0.889113,0.042082,249.716338,246.972929,-445.301019,0.690682,-0.106873,0.150636,0.699175
755,1769790343754,8.398589,249.4507,246.9071,-445.3413,0.690686,-0.106951,0.150801,0.699124,1.539068,-0.238320,0.336033,-0.221118,-0.402874,0.292681,2.917217,-0.889432,0.042002,249.574610,246.904329,-445.355948,0.690822,-0.106928,0.150767,0.698999
756,1769790343765,8.409700,249.3546,246.9438,-445.3958,0.690954,-0.106919,0.150870,0.698849,1.539830,-0.238275,0.336222,-0.221278,-0.402782,0.292654,2.917053,-0.890043,0.042049,249.319281,246.920167,-445.390514,0.690879,-0.106999,0.150865,0.698911
757,1769790343776,8.420811,249.1893,246.8652,-445.5453,0.691031,-0.107059,0.150982,0.698727,1.540076,-0.238598,0.336488,-0.221377,-0.402717,0.292675,2.916882,-0.890393,0.041956,249.162157,246.831810,-445.455352,0.690783,-0.107096,0.150973,0.698968
758,1769790343787,8.431923,248.9980,246.6869,-445.3403,0.690443,-0.107302,0.151028,0.699261,1.538445,-0.239090,0.336521,-0.221570,-0.402622,0.292678,2.916622,-0.891042,0.041884,249.111629,246.674286,-445.495024,0.690558,-0.107204,0.151093,0.699148
759,1769790343799,8.443034,249.1957,246.6273,-445.6526,0.690372,-0.107266,0.151248,0.699289,1.538271,-0.239007,0.337008,-0.221658,-0.402576,0.292706,2.916462,-0.891310,0.041765,249.117590,246.676452,-445.550719,0.690539,-0.107270,0.151222,0.699129
760,1769790343810,8.454145,249.1082,246.4945,-445.5584,0.690414,-0.107290,0.151390,0.699213,1.538410,-0.239069,0.337333,-0.221806,-0.402506,0.292693,2.916266,-0.891801,0.041699,249.137624,246.678210,-445.588314,0.690586,-0.107302,0.151338,0.699052
761,1769790343821,8.465257,249.2194,247.0520,-445.6770,0.691262,-0.107255,0.151400,0.698377,1.540799,-0.239068,0.337466,-0.221839,-0.402481,0.292692,2.916230,-0.891918,0.041746,249.149652,246.712067,-445.655267,0.690821,-0.107310,0.151451,0.698795
762,1769790343832,8.476368,249.0273,246.5690,-445.6353,0.690703,-0.107426,0.151492,0.698884,1.539250,-0.239402,0.337604,-0.221912,-0.402452,0.292721,2.916037,-0.892145,0.041593,249.081014,246.720614,-445.622429,0.690934,-0.107361,0.151490,0.698666
763,1769790343843,8.487479,249.0276,246.6661,-445.6840,0.690886,-0.107435,0.151560,0.698687,1.539777,-0.239441,0.337781,-0.221999,-0.402411,0.292681,2.915987,-0.892437,0.041639,249.020471,246.699676,-445.701857,0.690832,-0.107465,0.151515,0.698746
764,1769790343854,8.498590,248.9400,246.6490,-445.7349,0.690598,-0.107537,0.151494,0.698970,1.538965,-0.239642,0.337598,-0.222051,-0.402406,0.292719,2.915780,-0.892517,0.041483,248.914633,246.633352,-445.828352,0.690471,-0.107598,0.151510,0.699084
765,1769790343865,8.509701,248.8625,246.6673,-446.0584,0.690243,-0.107741,0.151534,0.699282,1.537987,-0.240067,0.337646,-0.222088,-0.402381,0.292736,2.915701,-0.892613,0.041401,248.885324,246.677476,-445.973500,0.690375,-0.107653,0.151550,0.699161
766,1769790343876,8.520813,248.7982,246.7232,-446.1798,0.690115,-0.107730,0.151518,0.699412,1.537626,-0.240031,0.337593,-0.222166,-0.402365,0.292778,2.915431,-0.892759,0.041232,248.839219,246.575081,-446.138938,0.690277,-0.107685,0.151615,0.699239
767,1769790343887,8.531924,248.8755,246.5078,-446.1473,0.690505,-0.107607,0.151771,0.698992,1.538745,-0.239795,0.338211,-0.222166,-0.402351,0.292731,2.915508,-0.892824,0.041409,248.819233,246.605371,-446.227295,0.690321,-0.107672,0.151618,0.699197
768,1769790343899,8.543035,248.7648,246.5305,-446.3384,0.690433,-0.107676,0.151636,0.699082,1.538530,-0.239941,0.337900,-0.222225,-0.402340,0.292724,2.915359,-0.892937,0.041321,248.788157,246.775867,-446.277548,0.690422,-0.107726,0.151612,0.699090
769,1769790343910,8.554146,248.7255,247.1213,-446.2135,0.690397,-0.107796,0.151408,0.699148,1.538411,-0.240202,0.337381,-0.222255,-0.402331,0.292736,2.915300,-0.892998,0.041264,248.717671,246.933386,-446.257381,0.690464,-0.107809,0.151543,0.699050
770,1769790343921,8.565258,248.5933,247.2159,-446.3565,0.690406,-0.108052,0.151587,0.699061,1.538482,-0.240779,0.337793,-0.222279,-0.402315,0.292729,2.915221,-0.893092,0.041209,248.546310,247.016576,-446.262629,0.690368,-0.107936,0.151500,0.699135
771,1769790343932,8.576369,248.4289,246.8388,-446.0986,0.690330,-0.107888,0.151460,0.699189,1.538238,-0.240403,0.337493,-0.222308,-0.402292,0.292730,2.915135,-0.893176,0.041163,248.422848,246.949286,-446.255010,0.690299,-0.107964,0.151564,0.699185
772,1769790343943,8.587480,248.2364,246.6599,-446.3185,0.690164,-0.107991,0.151724,0.699279,1.537814,-0.240624,0.338068,-0.222353,-0.402278,0.292768,2.914965,-0.893245,0.040980,248.398867,246.785167,-446.240290,0.690190,-0.107929,0.151626,0.699284
773,1769790343954,8.598592,248.4298,246.7397,-446.2645,0.690131,-0.107796,0.151681,0.699352,1.537696,-0.240183,0.337964,-0.222369,-0.402240,0.292761,2.914898,-0.893385,0.040998,248.385890,246.711705,-446.178733,0.690186,-0.107835,0.151680,0.699291
774,1769790343965,8.609703,248.5185,246.8567,-446.0711,0.690084,-0.107830,0.151622,0.699405,1.537560,-0.240254,0.337826,-0.222388,-0.402262,0.292765,2.914804,-0.893360,0.040975,248.338776,246.772348,-446.160105,0.690097,-0.107828,0.151710,0.699373
775,1769790343976,8.620814,248.1576,246.7885,-446.1089,0.690297,-0.107795,0.151793,0.699163,1.538180,-0.240197,0.338237,-0.222389,-0.402244,0.292791,2.914732,-0.893354,0.040856,248.237129,246.868981,-446.143010,0.690129,-0.107834,0.151674,0.699349
776,1769790343987,8.631925,248.0036,246.8909,-446.1726,0.689786,-0.107955,0.151570,0.699691,1.536724,-0.240506,0.337673,-0.222407,-0.402227,0.292830,2.914551,-0.893397,0.040701,248.016914,246.831405,-446.156848,0.690055,-0.107917,0.151655,0.699413
777,1769790343999,8.643036,247.9509,246.9608,-446.3260,0.690152,-0.108018,0.151628,0.699308,1.537769,-0.240682,0.337851,-0.222387,-0.402212,0.292837,2.914512,-0.893411,0.040696,247.967981,246.922067,-446.231086,0.689833,-0.108033,0.151580,0.699631
778,1769790344010,8.654148,247.9627,246.7691,-446.1779,0.689555,-0.108115,0.151510,0.699907,1.536083,-0.240841,0.337510,-0.222384,-0.402201,0.292869,2.914365,-0.893380,0.040508,248.120210,247.010005,-446.280790,0.689559,-0.108156,0.151499,0.699899
779,1769790344021,8.665259,248.4525,247.3353,-446.3709,0.689343,-0.108276,0.151401,0.700114,1.535486,-0.241181,0.337241,-0.222366,-0.402202,0.292867,2.914382,-0.893271,0.040486,248.236043,246.953381,-446.343810,0.689625,-0.108193,0.151484,0.699832
780,1769790344032,8.676370,248.4599,246.9901,-446.4147,0.689690,-0.108201,0.151517,0.699760,1.536470,-0.241048,0.337545,-0.222368,-0.402191,0.292904,2.914260,-0.893313,0.040386,248.429224,247.095890,-446.405352,0.689954,-0.108150,0.151463,0.699518
781,1769790344043,8.687481,248.3551,247.0081,-446.5371,0.690477,-0.108084,0.151475,0.699010,1.538671,-0.240856,0.337550,-0.222352,-0.402168,0.292918,2.914170,-0.893290,0.040293,248.590443,247.537029,-446.588567,0.690093,-0.108163,0.151487,0.699374
782,1769790344054,8.698592,248.8285,248.0031,-446.5880,0.690532,-0.108086,0.151491,0.698951,1.538830,-0.240866,0.337593,-0.222356,-0.402171,0.292933,2.914101,-0.893249,0.040199,248.653681,247.617681,-446.582776,0.689900,-0.108237,0.151463,0.699558
783,1769790344065,8.709704,248.7615,248.1862,-446.7421,0.688838,-0.108492,0.151448,0.700568,1.534091,-0.241618,0.337286,-0.222361,-0.402155,0.292958,2.914022,-0.893272,0.040158,248.762205,247.653224,-446.516429,0.689583,-0.108328,0.151426,0.699865
784,1769790344076,8.720815,248.7667,246.8823,-446.1996,0.689075,-0.108480,0.151337,0.700361,1.534742,-0.241612,0.337066,-0.222367,-0.402132,0.292988,2.913886,-0.893310,0.039967,248.813971,247.441714,-446.469957,0.689223,-0.108411,0.151457,0.700200
785,1769790344087,8.731926,248.7733,247.0814,-446.3270,0.689663,-0.108282,0.151510,0.699775,1.536402,-0.241226,0.337527,-0.222352,-0.402115,0.292981,2.913867,-0.893330,0.040002,248.717095,247.140543,-446.296810,0.689435,-0.108362,0.151451,0.700000
786,1769790344099,8.743037,248.6804,247.0932,-446.4191,0.689661,-0.108320,0.151544,0.699764,1.536403,-0.241312,0.337605,-0.222349,-0.402104,0.293001,2.913739,-0.893317,0.039935,248.708567,247.040190,-446.199748,0.689864,-0.108279,0.151463,0.699587
787,1769790344110,8.754148,248.6494,247.3892,-445.9449,0.690238,-0.108215,0.151335,0.699256,1.537992,-0.241124,0.337207,-0.222348,-0.402089,0.293021,2.913719,-0.893289,0.039800,248.698138,247.253552,-446.239919,0.689614,-0.108386,0.151417,0.699827
788,1769790344121,8.765260,248.8062,247.0957,-446.3266,0.689042,-0.108565,0.151371,0.700373,1.534662,-0.241801,0.337140,-0.222340,-0.402089,0.293050,2.913603,-0.893290,0.039758,248.771552,247.130919,-446.170243,0.689140,-0.108511,0.151292,0.700301
789,1769790344132,8.776371,248.8074,247.0968,-446.2324,0.688278,-0.108753,0.151194,0.701133,1.532508,-0.242148,0.336647,-0.222317,-0.402085,0.293091,2.913502,-0.893176,0.039582,248.842810,246.965110,-446.185538,0.688847,-0.108546,0.151302,0.700582
790,1769790344143,8.787482,249.0066,246.6516,-446.1646,0.688828,-0.108426,0.151255,0.700629,1.534033,-0.241467,0.336848,-0.222308,-0.402067,0.293114,2.913428,-0.893231,0.039567,248.898252,246.877852,-446.309281,0.688707,-0.108546,0.151287,0.700723
791,1769790344154,8.798593,248.8480,246.9541,-446.4360,0.689294,-0.108357,0.151503,0.700128,1.535369,-0.241359,0.337466,-0.222292,-0.402044,0.293170,2.913350,-0.893107,0.039370,248.934357,247.010776,-446.344719,0.689071,-0.108434,0.151268,0.700386
792,1769790344165,8.809704,248.9805,247.3688,-446.4911,0.689323,-0.108413,0.151095,0.700179,1.535404,-0.241481,0.336551,-0.222290,-0.402039,0.293203,2.913299,-0.893029,0.039239,249.003371,247.221790,-446.493319,0.689453,-0.108322,0.151334,0.700013
793,1769790344176,8.820816,249.0883,247.5234,-446.6155,0.689497,-0.108343,0.151332,0.699967,1.535917,-0.241343,0.337106,-0.222290,-0.402041,0.293252,2.913191,-0.892966,0.039084,249.080195,247.531486,-446.719310,0.689414,-0.108348,0.151316,0.700052
794,1769790344187,8.831927,249.1559,247.6220,-446.8188,0.689356,-0.108292,0.151413,0.700097,1.535525,-0.241218,0.337269,-0.222273,-0.402026,0.293348,2.912985,-0.892909,0.038893,249.098000,247.635819,-446.740933,0.689100,-0.108406,0.151228,0.700371
795,1769790344199,8.843038,249.1416,247.7081,-446.9362,0.688744,-0.108489,0.151141,0.700727,1.533789,-0.241599,0.336581,-0.222266,-0.402023,0.293398,2.912890,-0.892865,0.038770,249.048895,247.635510,-446.739362,0.689031,-0.108388,0.151266,0.700433
796,1769790344210,8.854149,248.8540,247.5654,-446.4249,0.688663,-0.108505,0.151083,0.700817,1.533553,-0.241625,0.336440,-0.222258,-0.402003,0.293430,2.912847,-0.892838,0.038659,249.065890,247.666243,-446.699371,0.689038,-0.108413,0.151161,0.700446
797,1769790344221,8.865261,249.1101,247.6426,-446.6791,0.689603,-0.108278,0.151232,0.699895,1.536196,-0.241206,0.336892,-0.222232,-0.401995,0.293500,2.912758,-0.892674,0.038502,249.085038,247.635771,-446.629571,0.689077,-0.108468,0.151062,0.700420
798,1769790344232,8.876372,249.3290,247.7479,-446.6953,0.689159,-0.108547,0.150942,0.700353,1.534935,-0.241762,0.336187,-0.222235,-0.401991,0.293561,2.912637,-0.892597,0.038301,249.170624,247.592419,-446.613629,0.689063,-0.108521,0.151003,0.700438
799,1769790344243,8.887483,249.1913,247.5669,-446.6453,0.688741,-0.108652,0.150918,0.700753,1.533765,-0.241957,0.336081,-0.222235,-0.401972,0.293629,2.912506,-0.892555,0.038098,249.321710,247.774243,-446.709648,0.689020,-0.108550,0.150972,0.700483
800,1769790344254,8.898594,249.3849,247.8039,-446.6804,0.688642,-0.108634,0.150909,0.700854,1.533486,-0.241910,0.336048,-0.222193,-0.401978,0.293687,2.912433,-0.892371,0.038011,249.377748,247.901195,-446.661748,0.688824,-0.108598,0.150937,0.700676
801,1769790344265,8.909706,249.4809,248.3716,-446.6854,0.689140,-0.108453,0.151058,0.700361,1.534887,-0.241552,0.336444,-0.222173,-0.401974,0.293731,2.912345,-0.892402,0.037971,249.419233,248.008162,-446.630762,0.688741,-0.108609,0.150950,0.700753
802,1769790344276,8.920817,249.4658,247.9659,-446.5562,0.688739,-0.108640,0.150914,0.700758,1.533757,-0.241932,0.336072,-0.222136,-0.401959,0.293817,2.912214,-0.892258,0.037775,249.508352,248.093762,-446.626929,0.688791,-0.108613,0.150931,0.700707
803,1769790344287,8.931928,249.4795,248.0947,-446.6233,0.688486,-0.108761,0.150819,0.701008,1.533045,-0.242178,0.335827,-0.222126,-0.401950,0.293883,2.912097,-0.892143,0.037585,249.493971,248.228843,-446.635705,0.688834,-0.108646,0.150897,0.700667
804,1769790344299,8.943039,249.5105,248.2688,-446.6933,0.689034,-0.108589,0.150860,0.700487,1.534575,-0.241843,0.335987,-0.222107,-0.401944,0.293998,2.911851,-0.892022,0.037290,249.396905,248.354976,-446.659948,0.688816,-0.108654,0.150820,0.700700
805,1769790344310,8.954150,249.3256,248.8372,-446.7053,0.688933,-0.108628,0.150791,0.700595,1.534288,-0.241920,0.335818,-0.222079,-0.401934,0.294030,2.911777,-0.891960,0.037168,249.369762,248.598600,-446.671533,0.688880,-0.108625,0.150734,0.700660
806,1769790344321,8.965261,249.2453,248.6420,-446.6608,0.688728,-0.108556,0.150639,0.700840,1.533685,-0.241737,0.335448,-0.222023,-0.401945,0.294080,2.911739,-0.891707,0.037037,249.415562,248.649595,-446.676910,0.688723,-0.108653,0.150684,0.700820
807,1769790344332,8.976373,249.6203,248.5495,-446.6230,0.688370,-0.108704,0.150502,0.701199,1.532674,-0.242032,0.335098,-0.221933,-0.401926,0.294202,2.911545,-0.891466,0.036845,249.516562,248.558919,-446.650086,0.688247,-0.108672,0.150488,0.701327
808,1769790344343,8.987484,249.7084,248.3777,-446.7930,0.687856,-0.108623,0.150622,0.701690,1.531238,-0.241806,0.335301,-0.221867,-0.401939,0.294273,2.911450,-0.891140,0.037088,249.647286,248.475805,-446.741881,0.688064,-0.108453,0.150522,0.701533
809,1769790344354,8.998595,249.6817,248.4614,-446.7963,0.687709,-0.108146,0.150333,0.701969,1.530746,-0.240718,0.334620,-0.221727,-0.401972,0.294456,2.911150,-0.890485,0.038000,249.693071,248.530781,-446.981338,0.687957,-0.108136,0.150680,0.701653
810,1769790344365,9.009706,249.6087,248.7928,-447.2751,0.688386,-0.107514,0.151243,0.701207,1.532705,-0.239381,0.336744,-0.221658,-0.401967,0.294518,2.911064,-0.890257,0.038805,249.672395,248.630614,-447.146162,0.687914,-0.107732,0.150967,0.701696
811,1769790344376,9.020818,249.5443,248.6737,-447.4422,0.687798,-0.107447,0.151234,0.701796,1.531046,-0.239179,0.336650,-0.221620,-0.401960,0.294528,2.911053,-0.890112,0.039805,249.529619,248.693667,-447.284129,0.687816,-0.107426,0.151267,0.701774
812,1769790344387,9.031929,249.5616,248.7460,-447.1243,0.687679,-0.107168,0.151591,0.701879,1.530732,-0.238549,0.337432,-0.221538,-0.401929,0.294644,2.910918,-0.889737,0.041903,249.399290,248.746100,-447.361776,0.687950,-0.107077,0.151590,0.701627
813,1769790344399,9.043040,249.0330,248.6947,-447.3966,0.687712,-0.106877,0.151721,0.701862,1.530816,-0.237903,0.337724,-0.221482,-0.401918,0.294673,2.910932,-0.889547,0.043195,249.249490,248.782929,-447.263671,0.687972,-0.106745,0.151749,0.701621
814,1769790344410,9.054152,249.2186,249.0473,-447.2589,0.688697,-0.106046,0.151974,0.700967,1.533539,-0.236135,0.338405,-0.221387,-0.401913,0.294823,2.910709,-0.889025,0.045718,249.130986,248.988419,-447.236943,0.688038,-0.106302,0.151946,0.701581
815,1769790344421,9.065263,249.0642,249.1809,-447.1575,0.687849,-0.105946,0.152227,0.701759,1.531182,-0.235840,0.338864,-0.221360,-0.401886,0.294928,2.910555,-0.888872,0.046838,249.108190,249.260810,-447.287576,0.688007,-0.105846,0.152174,0.701631
816,1769790344432,9.076374,249.1405,249.5797,-447.3936,0.687501,-0.105463,0.152306,0.702156,1.530173,-0.234728,0.338988,-0.221304,-0.401896,0.295087,2.910284,-0.888480,0.047953,249.130729,249.492490,-447.313862,0.687812,-0.105406,0.152472,0.701824
817,1769790344443,9.087485,249.1902,249.7288,-447.4152,0.687699,-0.104962,0.152928,0.701901,1.530764,-0.233637,0.340405,-0.221189,-0.401867,0.295329,2.909921,-0.887976,0.050245,249.089571,249.660038,-447.424757,0.687484,-0.105011,0.152820,0.702128
818,1769790344454,9.098597,248.9392,249.6649,-447.5826,0.687436,-0.104545,0.153192,0.702164,1.530022,-0.232685,0.340959,-0.221156,-0.401859,0.295476,2.909637,-0.887749,0.051324,249.074300,249.800695,-447.576376,0.687451,-0.104521,0.153224,0.702146
819,1769790344465,9.109708,249.0860,249.9605,-447.6658,0.687362,-0.104087,0.153610,0.702213,1.529830,-0.231662,0.341882,-0.221123,-0.401830,0.295591,2.909431,-0.887657,0.052451,249.011233,249.883952,-447.708186,0.687426,-0.104131,0.153602,0.702146
820,1769790344476,9.120819,248.9710,250.0190,-447.8979,0.687293,-0.103777,0.153911,0.702260,1.529648,-0.230966,0.342546,-0.221033,-0.401782,0.295846,2.909003,-0.887225,0.054509,248.968595,250.049700,-447.843305,0.687297,-0.103778,0.153841,0.702272
821,1769790344487,9.131930,248.9387,250.2049,-448.0099,0.687317,-0.103501,0.154034,0.702251,1.529707,-0.230354,0.342820,-0.221027,-0.401747,0.295963,2.908791,-0.887144,0.055398,248.963057,250.232724,-447.981405,0.687229,-0.103453,0.154086,0.702333
822,1769790344499,9.143041,248.9665,250.4528,-448.0799,0.687010,-0.103131,0.154258,0.702557,1.528841,-0.229504,0.343278,-0.220939,-0.401695,0.296287,2.908178,-0.886732,0.057021,248.979257,250.358043,-448.199038,0.687069,-0.103162,0.154290,0.702487
823,1769790344510,9.154152,248.9707,250.4886,-448.3936,0.686914,-0.102869,0.154534,0.702629,1.528584,-0.228914,0.343883,-0.220885,-0.401665,0.296425,2.907984,-0.886478,0.057839,249.010657,250.544700,-448.367414,0.686849,-0.102886,0.154500,0.702697
824,1769790344521,9.165264,249.1317,250.6977,-448.6698,0.686591,-0.102606,0.154748,0.702936,1.527684,-0.228300,0.344318,-0.220852,-0.401631,0.296593,2.907653,-0.886377,0.058526,249.003733,250.741243,-448.531548,0.686657,-0.102576,0.154747,0.702875
825,1769790344532,9.176375,248.8968,251.0204,-448.5860,0.686463,-0.102354,0.154939,0.703055,1.527329,-0.227730,0.344727,-0.220750,-0.401565,0.296897,2.907094,-0.886121,0.060042,248.955076,250.982067,-448.684171,0.686516,-0.102316,0.154971,0.703002
826,1769790344543,9.187486,248.8624,251.2612,-448.7648,0.686466,-0.101954,0.155185,0.703056,1.527335,-0.226839,0.345276,-0.220695,-0.401535,0.297088,2.906772,-0.885859,0.060607,248.864210,251.262562,-448.789400,0.686376,-0.102045,0.155164,0.703135
827,1769790344554,9.198597,248.8289,251.5520,-448.9590,0.686194,-0.101865,0.155320,0.703305,1.526582,-0.226621,0.345542,-0.220578,-0.401489,0.297445,2.906133,-0.885366,0.061722,248.818781,251.514057,-448.930086,0.686222,-0.101805,0.155315,0.703287
828,1769790344565,9.209709,248.8257,251.7445,-449.1200,0.686028,-0.101575,0.155415,0.703488,1.526106,-0.225959,0.345728,-0.220525,-0.401460,0.297653,2.905759,-0.885076,0.062093,248.903910,251.789948,-449.134795,0.685982,-0.101597,0.155389,0.703534
829,1769790344576,9.220820,249.0867,252.0492,-449.3142,0.685663,-0.101427,0.155409,0.703866,1.525071,-0.225597,0.345665,-0.220452,-0.401430,0.297856,2.905409,-0.884842,0.062514,249.032981,252.076571,-449.274700,0.685697,-0.101412,0.155410,0.703834
830,1769790344587,9.231931,249.2118,252.4582,-449.4255,0.685423,-0.101223,0.155390,0.704133,1.524379,-0.225120,0.345588,-0.220295,-0.401389,0.298246,2.904729,-0.884224,0.063320,249.207581,252.363610,-449.423162,0.685447,-0.101221,0.155431,0.704101
831,1769790344599,9.243042,249.3602,252.6736,-449.5237,0.685221,-0.101034,0.155477,0.704338,1.523809,-0.224681,0.345753,-0.220226,-0.401366,0.298486,2.904241,-0.883953,0.063596,249.351557,252.742133,-449.595081,0.685162,-0.101079,0.155481,0.704388
832,1769790344610,9.254154,249.4909,253.0535,-449.8111,0.685006,-0.100961,0.155552,0.704541,1.523211,-0.224501,0.345892,-0.220091,-0.401272,0.298922,2.903467,-0.883497,0.063990,249.474481,253.134271,-449.798867,0.685012,-0.100910,0.155553,0.704542
833,1769790344621,9.265265,249.5484,253.5992,-449.9974,0.684797,-0.100780,0.155626,0.704753,1.522622,-0.224081,0.346029,-0.220021,-0.401229,0.299154,2.903061,-0.883197,0.064079,249.627633,253.471414,-449.967243,0.685001,-0.100747,0.155587,0.704568
834,1769790344632,9.276376,249.8044,253.8284,-450.1418,0.685022,-0.100576,0.155579,0.704574,1.523227,-0.223642,0.345948,-0.219947,-0.401191,0.299409,2.902575,-0.882942,0.064166,249.746352,253.779586,-450.064214,0.684957,-0.100625,0.155572,0.704632
835,1769790344643,9.287488,249.8995,253.9765,-450.0508,0.684952,-0.100526,0.155477,0.704672,1.523013,-0.223523,0.345709,-0.219785,-0.401097,0.299869,2.901754,-0.882399,0.064305,249.830581,254.079800,-450.084329,0.684652,-0.100583,0.155518,0.704946
836,1769790344654,9.298599,249.8929,254.3100,-450.1298,0.684195,-0.100618,0.155457,0.705398,1.520904,-0.223665,0.345568,-0.219682,-0.401050,0.300084,2.901348,-0.882131,0.064456,249.972900,254.348157,-450.206610,0.684176,-0.100599,0.155434,0.705424
837,1769790344665,9.309710,250.0379,254.8125,-450.3543,0.683354,-0.100709,0.155370,0.706219,1.518551,-0.223797,0.345264,-0.219581,-0.401001,0.300338,2.900891,-0.881844,0.064435,250.111110,254.748343,-450.428952,0.683713,-0.100618,0.155366,0.705885
838,1769790344676,9.320821,250.4076,255.0591,-450.8236,0.683356,-0.100571,0.155283,0.706256,1.518533,-0.223486,0.345066,-0.219385,-0.400915,0.300885,2.899874,-0.881225,0.064334,250.308157,255.106014,-450.696000,0.683383,-0.100616,0.155302,0.706219
839,1769790344687,9.331932,250.4915,255.5284,-450.9509,0.683521,-0.100516,0.155246,0.706112,1.518985,-0.223375,0.345003,-0.219297,-0.400844,0.301163,2.899377,-0.880973,0.064185,250.497152,255.371076,-450.887114,0.683322,-0.100526,0.155250,0.706302
840,1769790344699,9.343044,250.6496,255.5224,-450.9570,0.683095,-0.100550,0.155174,0.706535,1.517791,-0.223415,0.344786,-0.219102,-0.400721,0.301727,2.898298,-0.880435,0.063861,250.635705,255.600495,-451.004852,0.683116,-0.100500,0.155185,0.706519
841,1769790344710,9.354155,250.6934,255.8885,-451.0696,0.682830,-0.100431,0.155134,0.706817,1.517036,-0.223126,0.344659,-0.219012,-0.400656,0.302046,2.897724,-0.880078,0.063573,250.728986,256.023448,-451.170943,0.682666,-0.100553,0.155082,0.706970
842,1769790344721,9.365266,250.8758,256.4391,-451.3613,0.681871,-0.100743,0.154905,0.707748,1.514362,-0.223740,0.344026,-0.218925,-0.400590,0.302330,2.897171,-0.879848,0.063333,250.849119,256.441481,-451.349329,0.682066,-0.100669,0.154910,0.707570
843,1769790344732,9.376377,251.0406,257.2087,-451.7831,0.681653,-0.100775,0.154715,0.707995,1.513732,-0.223788,0.343573,-0.218722,-0.400451,0.302986,2.895964,-0.879195,0.062668,251.039600,256.941210,-451.579690,0.681631,-0.100792,0.154731,0.708010
844,1769790344743,9.387489,251.2393,257.2946,-451.6810,0.681217,-0.100951,0.154509,0.708435,1.512507,-0.224142,0.343057,-0.218618,-0.400392,0.303336,2.895306,-0.878806,0.062195,251.315271,257.463281,-451.890290,0.681323,-0.100906,0.154548,0.708331
845,1769790344754,9.398600,251.6934,257.8900,-452.1608,0.681257,-0.100927,0.154434,0.708416,1.512608,-0.224090,0.342893,-0.218351,-0.400258,0.304021,2.894055,-0.878122,0.061510,251.640676,258.023890,-452.231752,0.681194,-0.100922,0.154404,0.708484
846,1769790344765,9.409711,252.0022,258.6942,-452.6696,0.680957,-0.100969,0.154247,0.708739,1.511752,-0.224156,0.342435,-0.218243,-0.400184,0.304408,2.893294,-0.877836,0.061045,251.996167,258.554848,-452.494276,0.680870,-0.101012,0.154235,0.708819
847,1769790344776,9.420822,252.3528,259.2742,-452.8439,0.680511,-0.101062,0.154070,0.709193,1.510497,-0.224322,0.341983,-0.218116,-0.400101,0.304760,2.892655,-0.877544,0.060661,252.335257,259.190176,-452.759729,0.680439,-0.101110,0.154086,0.709251
848,1769790344787,9.431933,252.6386,259.6158,-452.7604,0.679759,-0.101336,0.153818,0.709929,1.508399,-0.224866,0.341326,-0.217846,-0.399982,0.305527,2.891235,-0.876671,0.059636,252.655114,259.730114,-452.909090,0.679857,-0.101257,0.153822,0.709845
849,1769790344799,9.443045,252.9628,260.2533,-453.0468,0.679325,-0.101390,0.153679,0.710366,1.507183,-0.224949,0.340959,-0.217711,-0.399890,0.305909,2.890534,-0.876365,0.059168,252.990214,260.270810,-453.092862,0.679392,-0.101401,0.153611,0.710316
850,1769790344810,9.454156,253.3820,260.8132,-453.3969,0.678980,-0.101503,0.153197,0.710784,1.506174,-0.225163,0.339836,-0.217438,-0.399765,0.306688,2.889082,-0.875457,0.058086,253.339329,260.790190,-453.339500,0.678996,-0.101512,0.153345,0.710736
851,1769790344821,9.465267,253.6861,261.4427,-453.7270,0.678811,-0.101618,0.153213,0.710926,1.505718,-0.225405,0.339852,-0.217297,-0.399681,0.307106,2.888344,-0.875011,0.057433,253.749738,261.323414,-453.651295,0.678713,-0.101603,0.153039,0.711059
852,1769790344832,9.476379,254.0905,261.7112,-453.8474,0.678268,-0.101726,0.152688,0.711542,1.504155,-0.225592,0.338606,-0.217151,-0.399603,0.307488,2.887619,-0.874659,0.056940,254.081452,261.822333,-453.937957,0.678298,-0.101782,0.152761,0.711488
853,1769790344843,9.487490,254.4616,262.3535,-454.2136,0.677912,-0.101940,0.152434,0.711904,1.503155,-0.226036,0.337998,-0.216850,-0.399439,0.308336,2.886060,-0.873835,0.055684,254.302495,262.391714,-454.226210,0.677824,-0.101916,0.152514,0.711974
854,1769790344854,9.498601,254.4446,263.0212,-454.5690,0.677191,-0.102179,0.152346,0.712574,1.501171,-0.226507,0.337715,-0.216698,-0.399361,0.308784,2.885233,-0.873342,0.054954,254.567262,262.980671,-454.500543,0.677321,-0.102085,0.152271,0.712481
855,1769790344865,9.509712,254.6817,263.7416,-454.8412,0.676906,-0.102133,0.151991,0.712928,1.500333,-0.226374,0.336881,-0.216540,-0.399273,0.309229,2.884395,-0.872934,0.054282,254.726567,263.712843,-454.857762,0.676902,-0.102285,0.152011,0.712906
856,1769790344876,9.520823,255.2144,264.2847,-455.0770,0.676516,-0.102514,0.151833,0.713277,1.499266,-0.227186,0.336486,-0.216215,-0.399095,0.310110,2.882797,-0.871981,0.052798,255.115495,264.351657,-455.139743,0.676498,-0.102467,0.151696,0.713330
857,1769790344887,9.531935,255.3010,265.1136,-455.5598,0.676122,-0.102700,0.151209,0.713756,1.498120,-0.227558,0.335042,-0.216058,-0.399002,0.310577,2.881942,-0.871454,0.052082,255.528586,264.986562,-455.450138,0.676067,-0.102606,0.151453,0.713769
858,1769790344899,9.543046,256.2874,265.5179,-455.6884,0.675608,-0.102791,0.151163,0.714239,1.496700,-0.227717,0.334876,-0.215713,-0.398810,0.311448,2.880385,-0.870555,0.050784,255.959914,265.675195,-455.801876,0.675577,-0.102838,0.151093,0.714277
859,1769790344910,9.554157,256.1222,266.3248,-456.1777,0.674946,-0.102913,0.151038,0.714873,1.494870,-0.227932,0.334518,-0.215608,-0.398677,0.311938,2.879431,-0.870304,0.049859,256.360919,266.289119,-456.126295,0.675090,-0.103056,0.150753,0.714777
860,1769790344921,9.565268,256.7700,267.0249,-456.4884,0.674679,-0.103387,0.150157,0.715243,1.494065,-0.228949,0.332520,-0.215425,-0.398605,0.312414,2.878571,-0.869700,0.049115,256.689043,266.870505,-456.430133,0.674574,-0.103245,0.150557,0.715279
861,1769790344932,9.576380,256.9913,267.2611,-456.7091,0.674164,-0.103529,0.150329,0.715671,1.492679,-0.229226,0.332846,-0.215107,-0.398393,0.313298,2.876940,-0.868909,0.047643,256.896533,267.428005,-456.796157,0.674168,-0.103443,0.150239,0.715699
862,1769790344943,9.587491,257.0343,268.0068,-457.1526,0.673641,-0.103476,0.150163,0.716207,1.491214,-0.229061,0.332410,-0.214937,-0.398299,0.313806,2.876011,-0.868339,0.046838,257.094819,267.913710,-457.139705,0.673751,-0.103629,0.149967,0.716122
863,1769790344954,9.598602,257.4821,268.3780,-457.5551,0.673437,-0.103810,0.149584,0.716471,1.490610,-0.229778,0.331095,-0.214619,-0.398063,0.314714,2.874351,-0.867562,0.045231,257.399281,268.438981,-457.570976,0.673300,-0.103814,0.149730,0.716569
864,1769790344965,9.609713,257.5879,269.0512,-457.9560,0.672736,-0.104080,0.149375,0.717134,1.488681,-0.230316,0.330548,-0.214440,-0.397967,0.315215,2.873429,-0.867027,0.044347,257.978695,269.040590,-457.942862,0.672804,-0.104056,0.149318,0.717085
865,1769790344976,9.620824,258.9593,269.6365,-458.3487,0.672335,-0.104370,0.148911,0.717564,1.487548,-0.230920,0.329467,-0.214234,-0.397850,0.315694,2.872570,-0.866513,0.043569,258.694181,269.583424,-458.228033,0.672230,-0.104286,0.148987,0.717658
866,1769790344987,9.631935,259.5174,270.2092,-458.3717,0.671580,-0.104421,0.148700,0.718307,1.485451,-0.230966,0.328907,-0.213866,-0.397633,0.316684,2.870724,-0.865498,0.041927,259.396590,270.258424,-458.489752,0.671699,-0.104471,0.148646,0.718200
867,1769790344999,9.643047,259.9418,270.8594,-458.7347,0.671118,-0.104549,0.148420,0.718778,1.484163,-0.231209,0.328227,-0.213674,-0.397515,0.317169,2.869800,-0.865053,0.041206,260.041038,270.934438,-458.761619,0.671215,-0.104602,0.148363,0.718692
868,1769790345010,9.654158,260.4861,271.7323,-459.0913,0.670894,-0.104854,0.147895,0.719051,1.483511,-0.231857,0.327031,-0.213264,-0.397306,0.318147,2.867987,-0.864029,0.039628,260.532362,271.581457,-459.035371,0.670615,-0.104753,0.148095,0.719284
869,1769790345021,9.665269,260.9789,272.3037,-459.4246,0.670058,-0.104878,0.147976,0.719810,1.481230,-0.231844,0.327115,-0.213088,-0.397166,0.318647,2.867037,-0.863678,0.038763,261.037633,272.321052,-459.390081,0.670160,-0.104982,0.147763,0.719743
870,1769790345032,9.676380,261.6953,272.8799,-459.6674,0.669433,-0.105220,0.147401,0.720459,1.479480,-0.232542,0.325763,-0.212900,-0.397059,0.319160,2.866080,-0.863134,0.037862,261.470162,273.051995,-459.742038,0.669724,-0.105172,0.147450,0.720185
871,1769790345043,9.687492,261.7334,273.9442,-460.1360,0.669379,-0.105451,0.147064,0.720544,1.479314,-0.233045,0.325008,-0.212487,-0.396830,0.320183,2.864166,-0.862072,0.036142,261.802319,273.741238,-460.149876,0.669046,-0.105396,0.147152,0.720843
872,1769790345054,9.698603,262.0706,274.5247,-460.6007,0.668667,-0.105565,0.146823,0.721237,1.477347,-0.233234,0.324389,-0.212270,-0.396708,0.320694,2.863201,-0.861549,0.035331,262.167719,274.582429,-460.567443,0.668445,-0.105708,0.146769,0.721434
873,1769790345065,9.709714,262.5270,275.3035,-461.0296,0.667442,-0.106027,0.146457,0.722378,1.473996,-0.234152,0.323440,-0.212070,-0.396581,0.321218,2.862206,-0.861076,0.034423,262.564676,275.456129,-460.978795,0.667975,-0.105951,0.146419,0.721904
874,1769790345076,9.720825,263.2130,276.4140,-461.2966,0.667498,-0.106284,0.146052,0.722370,1.474125,-0.234720,0.322546,-0.211664,-0.396326,0.322297,2.860172,-0.860031,0.032511,263.143505,276.328281,-461.360848,0.667543,-0.106204,0.146053,0.722340
875,1769790345087,9.731937,263.6508,277.1012,-461.6625,0.667472,-0.106353,0.145573,0.722481,1.474003,-0.234864,0.321474,-0.211424,-0.396208,0.322827,2.859185,-0.859428,0.031674,263.668610,276.921681,-461.611781,0.666999,-0.106442,0.145681,0.722883
876,1769790345099,9.743048,264.1472,277.7772,-462.0485,0.666653,-0.106638,0.145384,0.723233,1.471771,-0.235424,0.320964,-0.211000,-0.395938,0.323935,2.857126,-0.858392,0.029725,264.066124,277.677690,-461.984005,0.666556,-0.106653,0.145291,0.723339
877,1769790345110,9.754159,264.3654,277.7248,-462.1633,0.665380,-0.106847,0.144962,0.724458,1.468273,-0.235777,0.319882,-0.210772,-0.395822,0.324489,2.856065,-0.857769,0.028763,264.378038,278.368086,-462.440424,0.666050,-0.106812,0.144922,0.723855
878,1769790345121,9.765271,264.6060,279.7679,-463.1190,0.665681,-0.107103,0.144469,0.724242,1.469057,-0.236360,0.318820,-0.210567,-0.395665,0.325017,2.855110,-0.857308,0.027843,264.668943,279.245267,-462.925886,0.665450,-0.107007,0.144574,0.724447
879,1769790345132,9.776382,265.0710,280.0518,-463.4089,0.665337,-0.107028,0.144214,0.724620,1.468085,-0.236160,0.318212,-0.210128,-0.395405,0.326082,2.853116,-0.856194,0.026009,265.035967,280.190752,-463.333100,0.664831,-0.107163,0.144192,0.725069
880,1769790345143,9.787493,265.4388,281.1227,-463.7601,0.664018,-0.107450,0.143878,0.725834,1.464494,-0.236981,0.317323,-0.209948,-0.395249,0.326634,2.852031,-0.855763,0.025038,265.526586,280.996629,-463.780400,0.664349,-0.107434,0.143846,0.725539
881,1769790345154,9.798605,266.1345,281.6908,-463.9617,0.663339,-0.107691,0.143466,0.726499,1.462626,-0.237453,0.316334,-0.209500,-0.394957,0.327766,2.849940,-0.854658,0.023033,266.056262,281.743376,-464.141724,0.663763,-0.107750,0.143453,0.726106
882,1769790345165,9.809716,266.6079,282.1964,-464.7099,0.663480,-0.108219,0.143033,0.726378,1.463004,-0.238628,0.315395,-0.209292,-0.394818,0.328318,2.848885,-0.854171,0.022098,266.618876,282.669943,-464.643124,0.663083,-0.108071,0.143019,0.726765
883,1769790345176,9.820827,267.0786,283.9143,-465.1580,0.662794,-0.108314,0.142520,0.727090,1.461094,-0.238773,0.314177,-0.209051,-0.394692,0.328926,2.847761,-0.853434,0.021016,267.080238,283.174895,-465.060786,0.662380,-0.108318,0.142631,0.727446
884,1769790345187,9.831938,267.6385,283.7509,-465.5192,0.661182,-0.108459,0.142242,0.728589,1.456705,-0.238954,0.313386,-0.208608,-0.394402,0.330063,2.845590,-0.852424,0.019121,267.537986,283.733738,-465.451100,0.661648,-0.108633,0.142116,0.728164
885,1769790345199,9.843049,267.8137,283.7269,-465.6010,0.660674,-0.108869,0.141841,0.729067,1.455320,-0.239814,0.312444,-0.208365,-0.394267,0.330656,2.844474,-0.851843,0.018178,268.005638,284.325600,-465.749867,0.660892,-0.108762,0.141804,0.728893
886,1769790345210,9.854161,268.6553,285.2094,-466.1860,0.660788,-0.109188,0.141103,0.729059,1.455576,-0.240517,0.310820,-0.207916,-0.393972,0.331832,2.842280,-0.850728,0.016161,268.508752,285.076548,-466.222605,0.660531,-0.108968,0.141443,0.729259
887,1769790345221,9.865272,269.0231,286.2654,-466.7398,0.660304,-0.108932,0.141449,0.729469,1.454283,-0.239916,0.311534,-0.207709,-0.393832,0.332385,2.841218,-0.850230,0.015175,269.108524,286.220462,-466.762281,0.660376,-0.109280,0.141036,0.729431
888,1769790345232,9.876383,269.7148,287.5794,-467.4823,0.660072,-0.109632,0.140460,0.729765,1.453608,-0.241432,0.309320,-0.207474,-0.393684,0.332926,2.840191,-0.849729,0.014330,269.741595,287.330824,-467.310014,0.659902,-0.109627,0.140593,0.729894
889,1769790345243,9.887494,270.4134,287.9872,-467.6803,0.659204,-0.110216,0.140111,0.730529,1.451272,-0.242646,0.308463,-0.207015,-0.393373,0.334093,2.838024,-0.848675,0.012286,270.273638,288.116814,-467.715314,0.659200,-0.110015,0.140166,0.730552
890,1769790345254,9.898605,270.7538,288.8007,-467.9930,0.658326,-0.110455,0.139569,0.731387,1.448865,-0.243093,0.307167,-0.206758,-0.393244,0.334689,2.836929,-0.847990,0.011241,270.848257,288.872629,-468.052181,0.658483,-0.110482,0.139560,0.731243
891,1769790345265,9.909717,271.3245,289.6003,-468.3607,0.657803,-0.110669,0.139227,0.731890,1.447437,-0.243517,0.306357,-0.206530,-0.393085,0.335236,2.835921,-0.847507,0.010317,271.318281,289.619443,-468.370448,0.657743,-0.110793,0.139142,0.731941
892,1769790345276,9.920828,271.8456,290.4581,-468.7609,0.657182,-0.111071,0.138644,0.732498,1.445735,-0.244346,0.305004,-0.206058,-0.392779,0.336408,2.833751,-0.846381,0.008288,271.846300,290.371357,-468.741605,0.657239,-0.110962,0.138771,0.732439
893,1769790345287,9.931939,272.2628,291.1932,-469.1756,0.656664,-0.111305,0.138333,0.732985,1.444328,-0.244814,0.304263,-0.205828,-0.392627,0.337009,2.832611,-0.845777,0.007259,272.321124,291.082500,-469.129405,0.656680,-0.111205,0.138404,0.732973
894,1769790345299,9.943050,272.8915,291.5645,-469.4360,0.656260,-0.111241,0.138150,0.733391,1.443215,-0.244635,0.303813,-0.205341,-0.392327,0.338070,2.830667,-0.844665,0.005529,272.687495,291.823710,-469.485071,0.656023,-0.111491,0.137858,0.733620
895,1769790345310,9.954162,272.8899,292.6452,-469.9484,0.655204,-0.111900,0.137303,0.734394,1.440343,-0.245992,0.301835,-0.205146,-0.392174,0.338669,2.829487,-0.844187,0.004460,273.038652,292.571590,-469.930371,0.655394,-0.111863,0.137346,0.734222
896,1769790345321,9.965273,273.3271,293.4453,-470.3172,0.654691,-0.112253,0.136536,0.734940,1.438917,-0.246716,0.300086,-0.204908,-0.392019,0.339234,2.828443,-0.843649,0.003489,273.374595,293.348686,-470.422410,0.654765,-0.112203,0.136813,0.734831
897,1769790345332,9.976384,273.7942,294.0968,-471.0612,0.654276,-0.112618,0.136470,0.735266,1.437826,-0.247488,0.299903,-0.204453,-0.391699,0.340342,2.826363,-0.842593,0.001574,273.689219,294.118110,-470.921110,0.654150,-0.112430,0.136295,0.735439
898,1769790345343,9.987495,274.1045,294.7628,-471.4044,0.653664,-0.112386,0.136045,0.735924,1.436120,-0.246916,0.298895,-0.204198,-0.391563,0.340912,2.825277,-0.841916,0.000619,274.136805,294.776924,-471.408857,0.653622,-0.112497,0.136051,0.735943
899,1769790345354,9.998607,274.4951,295.4211,-471.7887,0.653053,-0.112443,0.135614,0.736538,1.434443,-0.246983,0.297879,-0.203986,-0.391401,0.341496,2.824147,-0.841391,-0.000424,274.546467,295.517243,-471.887938,0.653158,-0.112565,0.135741,0.736402
900,1769790345365,10.009718,275.0237,296.2579,-472.3770,0.652576,-0.112836,0.135516,0.736918,1.433188,-0.247811,0.297621,-0.203512,-0.391088,0.342587,2.822059,-0.840321,-0.002213,274.904076,296.218410,-472.296048,0.652747,-0.112723,0.135233,0.736836
901,1769790345376,10.020829,275.4335,296.9754,-472.7650,0.652477,-0.113045,0.134647,0.737133,1.432853,-0.248250,0.295689,-0.203288,-0.390934,0.343128,2.821023,-0.839797,-0.003127,275.476052,296.814476,-472.770614,0.652158,-0.113126,0.134786,0.737377
902,1769790345387,10.031941,275.8940,297.2679,-473.2034,0.651688,-0.113522,0.134188,0.737841,1.430737,-0.249231,0.294601,-0.202839,-0.390619,0.344223,2.818877,-0.838705,-0.005042,276.134548,297.372062,-473.257124,0.651613,-0.113545,0.134334,0.737877
903,1769790345399,10.043052,277.0795,297.7481,-473.7226,0.650513,-0.114040,0.134022,0.738827,1.427622,-0.250274,0.294126,-0.202618,-0.390464,0.344813,2.817746,-0.838119,-0.006082,276.837652,297.757857,-473.687429,0.650892,-0.113948,0.133841,0.738540
904,1769790345410,10.054163,277.5292,298.4303,-474.1898,0.650485,-0.114249,0.133536,0.738908,1.427516,-0.250725,0.293051,-0.202146,-0.390145,0.345864,2.815687,-0.837085,-0.007859,277.533233,298.338300,-474.152105,0.650197,-0.114256,0.133608,0.739147
905,1769790345421,10.065274,278.0895,298.8127,-474.5364,0.649477,-0.114544,0.133119,0.739824,1.424808,-0.251283,0.292034,-0.201915,-0.389977,0.346416,2.814609,-0.836575,-0.008825,278.083110,299.102671,-474.605143,0.649656,-0.114498,0.133195,0.739660
906,1769790345432,10.076386,278.5133,300.1797,-475.0658,0.649301,-0.114546,0.133052,0.739990,1.424332,-0.251272,0.291869,-0.201668,-0.389829,0.346974,2.813531,-0.835977,-0.009807,278.520438,299.964138,-475.040971,0.649278,-0.114672,0.132780,0.740039
907,1769790345443,10.087497,278.9377,300.8323,-475.4830,0.648600,-0.114994,0.132125,0.740701,1.422411,-0.252188,0.289757,-0.201190,-0.389498,0.348094,2.811353,-0.834857,-0.011825,279.065024,300.832700,-475.473057,0.648487,-0.114885,0.132463,0.740756
908,1769790345454,10.098608,279.6999,301.6991,-475.8952,0.648123,-0.115089,0.132164,0.741096,1.421152,-0.252358,0.289798,-0.200942,-0.389340,0.348624,2.810323,-0.834303,-0.012689,279.578314,301.702181,-475.889324,0.647849,-0.115155,0.132066,0.741343
909,1769790345465,10.109720,280.1777,302.3865,-476.2632,0.646759,-0.115437,0.131751,0.742307,1.417510,-0.253006,0.288759,-0.200713,-0.389177,0.349176,2.809253,-0.833750,-0.013687,280.158190,302.430890,-476.266324,0.647431,-0.115486,0.131515,0.741755
910,1769790345476,10.120831,280.6104,303.1746,-476.6160,0.647127,-0.115809,0.130991,0.742062,1.418450,-0.253843,0.287121,-0.200248,-0.388862,0.350243,2.807168,-0.832668,-0.015568,280.749867,303.129305,-476.599333,0.647129,-0.115680,0.131141,0.742055
911,1769790345487,10.131942,281.3196,303.9491,-477.0202,0.647264,-0.115965,0.130454,0.742013,1.418776,-0.254189,0.285949,-0.200017,-0.388681,0.350770,2.806148,-0.832193,-0.016537,281.190586,303.918352,-477.015871,0.646439,-0.115974,0.130705,0.742687
912,1769790345499,10.143053,281.7645,304.4419,-477.3474,0.645876,-0.116018,0.130506,0.743204,1.415094,-0.254191,0.285935,-0.199558,-0.388363,0.351827,2.804105,-0.831033,-0.018456,281.708919,304.692138,-477.485533,0.646084,-0.116171,0.130222,0.743050
913,1769790345510,10.154165,282.0136,305.6394,-478.0941,0.644559,-0.116567,0.129983,0.744352,1.411595,-0.255283,0.284664,-0.199335,-0.388210,0.352338,2.803106,-0.830496,-0.019360,282.211905,305.288600,-477.950424,0.645463,-0.116365,0.129904,0.743614
914,1769790345521,10.165276,282.8292,305.8684,-478.4350,0.645685,-0.116547,0.129117,0.743530,1.414500,-0.255318,0.282857,-0.199095,-0.388022,0.352860,2.802131,-0.830027,-0.020339,282.632224,305.949662,-478.468895,0.644970,-0.116643,0.129433,0.744080
915,1769790345532,10.176387,283.2134,306.2227,-478.7740,0.644624,-0.116961,0.129165,0.744377,1.411722,-0.256143,0.282871,-0.198647,-0.387699,0.353889,2.800075,-0.829070,-0.022115,283.320667,306.405367,-478.781562,0.644620,-0.117022,0.128860,0.744423
916,1769790345543,10.187498,283.7928,307.2216,-479.2724,0.643981,-0.117428,0.128256,0.745017,1.409973,-0.257103,0.280811,-0.198428,-0.387542,0.354408,2.799077,-0.828558,-0.023039,284.012438,306.889414,-479.077824,0.643880,-0.117432,0.128423,0.745074
917,1769790345554,10.198610,284.9612,307.2004,-479.1129,0.642779,-0.117952,0.127992,0.746017,1.406809,-0.258153,0.280128,-0.197999,-0.387206,0.355394,2.797208,-0.827540,-0.024993,284.586886,307.595205,-479.468062,0.642824,-0.117917,0.128024,0.745977
918,1769790345565,10.209721,284.9436,308.6109,-480.0879,0.641798,-0.118315,0.127624,0.746866,1.404212,-0.258865,0.279233,-0.197780,-0.387064,0.355901,2.796183,-0.827044,-0.025822,285.031029,308.460971,-479.927376,0.642298,-0.118209,0.127472,0.746479
919,1769790345576,10.220832,285.3136,309.2856,-480.4872,0.642073,-0.118429,0.127055,0.746709,1.404896,-0.259129,0.278005,-0.197569,-0.386893,0.356381,2.795231,-0.826614,-0.026710,285.321476,309.305743,-480.450633,0.641822,-0.118418,0.127133,0.746913
920,1769790345587,10.231943,285.3724,310.3433,-481.0182,0.641770,-0.118466,0.126570,0.747046,1.404053,-0.259178,0.276909,-0.197160,-0.386578,0.357350,2.793350,-0.825615,-0.028528,285.441938,310.240305,-481.075929,0.641366,-0.118635,0.126720,0.747340
921,1769790345599,10.243055,285.8356,310.8806,-481.5324,0.640718,-0.118926,0.126446,0.747896,1.401301,-0.260100,0.276548,-0.196944,-0.386423,0.357829,2.792398,-0.825141,-0.029407,285.773638,310.936457,-481.534510,0.640967,-0.118899,0.126193,0.747730
922,1769790345610,10.254166,286.0725,311.5518,-481.9874,0.640094,-0.119344,0.125773,0.748477,1.399631,-0.260957,0.275015,-0.196528,-0.386105,0.358798,2.790455,-0.824220,-0.031176,286.135076,311.594900,-481.939624,0.640482,-0.119249,0.125717,0.748169
923,1769790345621,10.265277,286.6736,312.2206,-482.3253,0.640281,-0.119561,0.125040,0.748405,1.400077,-0.261438,0.273420,-0.196329,-0.385955,0.359289,2.789486,-0.823699,-0.032118,286.669143,312.094662,-482.244781,0.639829,-0.119593,0.125414,0.748724
924,1769790345632,10.276388,287.1733,312.5830,-482.3987,0.639689,-0.119900,0.125081,0.748851,1.398546,-0.262137,0.273464,-0.196124,-0.385800,0.359740,2.788586,-0.823226,-0.032950,287.245210,312.636457,-482.510705,0.639506,-0.119914,0.124992,0.749019
925,1769790345643,10.287500,287.8680,313.0923,-482.8011,0.638375,-0.120170,0.125061,0.749931,1.395103,-0.262620,0.273307,-0.195743,-0.385487,0.360616,2.786805,-0.822459,-0.034550,287.737943,313.197252,-482.808771,0.639173,-0.120200,0.124684,0.749309
926,1769790345654,10.298611,288.2520,313.7986,-483.2087,0.639000,-0.120648,0.124042,0.749491,1.396703,-0.263707,0.271126,-0.195554,-0.385338,0.361049,2.785923,-0.822099,-0.035346,288.181905,313.692271,-483.185929,0.638300,-0.120571,0.124379,0.750044
927,1769790345665,10.309722,288.3078,314.4414,-483.6740,0.637989,-0.120810,0.123950,0.750341,1.394045,-0.263977,0.270837,-0.195359,-0.385215,0.361483,2.785041,-0.821581,-0.036096,288.505648,314.456438,-483.702610,0.637676,-0.120937,0.123944,0.750588
928,1769790345676,10.320833,288.9651,314.8379,-484.1455,0.636373,-0.121352,0.123615,0.751680,1.389812,-0.265027,0.269970,-0.195004,-0.384919,0.362311,2.783343,-0.820881,-0.037623,288.766162,315.109224,-484.179681,0.637414,-0.121234,0.123494,0.750836
929,1769790345687,10.331945,289.0334,316.0381,-484.6945,0.637260,-0.121528,0.123208,0.750966,1.392124,-0.265484,0.269154,-0.194829,-0.384769,0.362725,2.782495,-0.820568,-0.038335,289.192929,315.537762,-484.570605,0.636958,-0.121491,0.123232,0.751224
930,1769790345699,10.343056,289.5981,315.7744,-484.8889,0.637253,-0.121644,0.122702,0.751036,1.392073,-0.265730,0.268042,-0.194480,-0.384497,0.363491,2.780973,-0.819778,-0.039848,289.671957,315.986219,-484.925286,0.636655,-0.121780,0.122785,0.751508
931,1769790345710,10.354167,290.2639,315.9915,-485.0734,0.636216,-0.122056,0.122494,0.751882,1.389363,-0.266544,0.267501,-0.194335,-0.384364,0.363905,2.780105,-0.819406,-0.040722,290.071948,316.153300,-485.109076,0.636568,-0.122004,0.122324,0.751621
932,1769790345721,10.365279,290.3863,316.6745,-485.4550,0.635532,-0.122336,0.121865,0.752517,1.387537,-0.267093,0.266065,-0.194149,-0.384233,0.364267,2.779386,-0.819039,-0.041288,290.421338,316.242052,-485.321133,0.635817,-0.122273,0.122013,0.752262
933,1769790345732,10.376390,290.6490,316.2711,-485.4261,0.635812,-0.122537,0.121587,0.752293,1.388266,-0.267553,0.265480,-0.193847,-0.383983,0.364946,2.777977,-0.818485,-0.042543,290.624543,316.748138,-485.680110,0.635249,-0.122609,0.121671,0.752743
934,1769790345743,10.387501,290.6799,317.3332,-486.1787,0.634389,-0.122839,0.121606,0.753441,1.384559,-0.268097,0.265407,-0.193683,-0.383862,0.365325,2.777177,-0.818066,-0.043287,290.739019,317.356414,-486.126476,0.634783,-0.122905,0.121309,0.753146
935,1769790345754,10.398613,291.0503,318.2303,-486.6260,0.634572,-0.123283,0.120886,0.753330,1.385017,-0.269077,0.263845,-0.193378,-0.383628,0.365997,2.775752,-0.817474,-0.044492,291.068957,317.958452,-486.496514,0.634586,-0.123105,0.121160,0.753303
936,1769790345765,10.409724,291.2856,318.6748,-486.9115,0.633922,-0.123371,0.120785,0.753879,1.383312,-0.269214,0.263570,-0.193252,-0.383497,0.366320,2.775076,-0.817293,-0.045155,291.352176,318.720962,-486.919262,0.633933,-0.123390,0.120815,0.753861
937,1769790345776,10.420835,291.9618,318.9605,-486.9301,0.634258,-0.123403,0.120772,0.753594,1.384193,-0.269313,0.263571,-0.193125,-0.383378,0.366596,2.774483,-0.817015,-0.045722,291.747019,319.038781,-487.042571,0.633561,-0.123674,0.120321,0.754207
938,1769790345787,10.431946,291.8784,319.4392,-487.3275,0.632350,-0.124094,0.119768,0.755242,1.379174,-0.270653,0.261217,-0.192854,-0.383160,0.367200,2.773233,-0.816413,-0.046917,292.042186,319.193324,-487.133938,0.633273,-0.123836,0.120137,0.754452
939,1769790345799,10.443058,292.5265,319.2516,-487.0395,0.633211,-0.124120,0.119638,0.754536,1.381417,-0.270781,0.261002,-0.192730,-0.383059,0.367490,2.772613,-0.816137,-0.047448,292.443619,319.469671,-487.223405,0.633263,-0.124029,0.119948,0.754458
940,1769790345810,10.454169,292.6999,319.6862,-487.3449,0.633617,-0.123998,0.120171,0.754131,1.382514,-0.270557,0.262206,-0.192488,-0.382857,0.368077,2.771381,-0.815610,-0.048579,292.903043,319.827743,-487.219624,0.633011,-0.124222,0.119662,0.754683
941,1769790345821,10.465280,293.5243,320.4548,-487.4073,0.633006,-0.124395,0.119530,0.754680,1.380895,-0.271367,0.260754,-0.192360,-0.382759,0.368310,2.770875,-0.815364,-0.048990,293.443024,320.286714,-487.382357,0.632885,-0.124370,0.119447,0.754799
942,1769790345832,10.476391,293.8632,320.7734,-487.4043,0.631850,-0.124713,0.118765,0.755716,1.377837,-0.271953,0.258983,-0.192258,-0.382667,0.368607,2.770259,-0.815092,-0.049614,293.647490,320.732281,-487.728724,0.632301,-0.124685,0.119148,0.755283
943,1769790345843,10.487503,293.7707,321.1880,-488.4091,0.631735,-0.125016,0.118681,0.755776,1.377555,-0.272610,0.258794,-0.192049,-0.382479,0.369078,2.769300,-0.814595,-0.050590,293.812738,321.185071,-488.098000,0.631733,-0.124981,0.118608,0.755795
944,1769790345854,10.498614,293.4400,321.1803,-488.5038,0.631702,-0.125235,0.118678,0.755768,1.377487,-0.273086,0.258788,-0.191954,-0.382384,0.369289,2.768813,-0.814475,-0.050939,293.618848,321.356214,-488.595086,0.631522,-0.125197,0.118434,0.755962
945,1769790345865,10.509725,293.7909,321.9945,-488.9462,0.631302,-0.125262,0.117898,0.756219,1.376382,-0.273099,0.257045,-0.191851,-0.382310,0.369510,2.768358,-0.814239,-0.051363,293.587995,321.641748,-488.984171,0.631448,-0.125362,0.118256,0.756024
946,1769790345876,10.520837,293.3462,321.5636,-489.3125,0.631379,-0.125582,0.118295,0.756039,1.376642,-0.273816,0.257928,-0.191682,-0.382141,0.369915,2.767484,-0.813964,-0.052165,293.589071,321.966005,-489.167557,0.631179,-0.125527,0.117946,0.756270
947,1769790345887,10.531948,294.0167,322.4890,-489.2487,0.630920,-0.125632,0.117611,0.756521,1.375392,-0.273875,0.256390,-0.191593,-0.382074,0.370097,2.767127,-0.813725,-0.052577,293.769686,322.365938,-489.364924,0.631003,-0.125653,0.117815,0.756416
948,1769790345899,10.543059,293.7707,322.7162,-489.5092,0.630724,-0.125825,0.117543,0.756663,1.374891,-0.274281,0.256227,-0.191419,-0.381926,0.370442,2.766418,-0.813499,-0.053245,293.964552,322.584067,-489.468557,0.630927,-0.125744,0.117642,0.756492
949,1769790345910,10.554170,294.4946,322.9368,-489.5295,0.631020,-0.125755,0.117773,0.756392,1.375676,-0.274156,0.256756,-0.191340,-0.381848,0.370633,2.766027,-0.813366,-0.053625,294.542286,322.992614,-489.535119,0.630814,-0.125840,0.117388,0.756610
950,1769790345921,10.565281,294.8157,322.9252,-489.7136,0.630775,-0.125868,0.116929,0.756708,1.374980,-0.274370,0.254885,-0.191274,-0.381805,0.370803,2.765671,-0.813186,-0.053963,294.829362,323.011076,-489.711452,0.630728,-0.125908,0.117325,0.756680
951,1769790345932,10.576393,295.5555,323.3901,-489.7899,0.630546,-0.126148,0.117253,0.756802,1.374432,-0.274970,0.255583,-0.191151,-0.381680,0.371076,2.765134,-0.812960,-0.054597,295.121686,323.197724,-489.866405,0.630612,-0.126027,0.117100,0.756791
952,1769790345943,10.587504,294.8084,323.0356,-490.1483,0.630340,-0.125987,0.117053,0.757032,1.373863,-0.274596,0.255125,-0.191096,-0.381633,0.371186,2.764926,-0.812854,-0.054842,295.160900,323.362048,-490.085490,0.630420,-0.126130,0.116927,0.756961
953,1769790345954,10.598615,295.1489,323.7413,-490.2231,0.630449,-0.126298,0.116703,0.756944,1.374146,-0.275283,0.254369,-0.191017,-0.381530,0.371410,2.764509,-0.812649,-0.055365,295.139219,323.455095,-490.239510,0.630353,-0.126128,0.116949,0.757014
954,1769790345965,10.609727,295.2334,323.4726,-490.3728,0.630310,-0.126058,0.116948,0.757062,1.373782,-0.274747,0.254893,-0.190958,-0.381512,0.371524,2.764274,-0.812466,-0.055500,295.162867,323.465095,-490.287057,0.630371,-0.126103,0.116850,0.757018
955,1769790345976,10.620838,295.3322,323.3772,-490.2605,0.630373,-0.126057,0.116864,0.757022,1.373939,-0.274749,0.254713,-0.190922,-0.381461,0.371623,2.764080,-0.812463,-0.055734,295.457676,323.589967,-490.302724,0.630394,-0.126175,0.116813,0.756993
956,1769790345987,10.631949,295.7006,323.5664,-490.1913,0.630419,-0.126278,0.116748,0.756965,1.374071,-0.275237,0.254465,-0.190858,-0.381368,0.371818,2.763738,-0.812414,-0.056135,295.597219,323.459619,-490.292657,0.630340,-0.126233,0.116748,0.757038
957,1769790345999,10.643060,295.7581,323.6390,-490.4610,0.630241,-0.126439,0.116547,0.757117,1.373604,-0.275573,0.254014,-0.190815,-0.381348,0.371887,2.763617,-0.812286,-0.056258,295.725548,323.485995,-490.347633,0.630206,-0.126379,0.116567,0.757153
958,1769790346010,10.654171,295.7112,323.2774,-490.3033,0.630049,-0.126488,0.116394,0.757292,1.373095,-0.275662,0.253664,-0.190745,-0.381293,0.372044,2.763372,-0.812077,-0.056492,295.757729,323.526524,-490.418114,0.630064,-0.126506,0.116443,0.757270
959,1769790346021,10.665282,295.7202,323.5887,-490.5522,0.629831,-0.126534,0.116309,0.757480,1.372522,-0.275741,0.253460,-0.190719,-0.381262,0.372097,2.763318,-0.811964,-0.056667,295.662214,323.511800,-490.370995,0.629969,-0.126578,0.116251,0.757366
960,1769790346032,10.676393,295.6157,323.6412,-490.2934,0.630076,-0.126681,0.116201,0.757267,1.373167,-0.276084,0.253244,-0.190720,-0.381224,0.372152,2.763257,-0.812030,-0.056738,295.675605,323.555105,-490.325052,0.629980,-0.126663,0.116147,0.757358
961,1769790346043,10.687505,295.6102,323.5597,-490.1775,0.630087,-0.126699,0.115857,0.757308,1.373168,-0.276120,0.252492,-0.190657,-0.381191,0.372254,2.763088,-0.811902,-0.056734,295.690733,323.644614,-490.389395,0.630099,-0.126691,0.116004,0.757277
962,1769790346054,10.698616,295.9000,323.6740,-490.5938,0.630185,-0.126740,0.116090,0.757184,1.373446,-0.276221,0.253010,-0.190649,-0.381156,0.372314,2.763016,-0.811891,-0.056913,295.772714,323.598233,-490.469762,0.630224,-0.126666,0.115961,0.757183
963,1769790346065,10.709727,295.7110,323.6489,-490.6876,0.630335,-0.126521,0.115835,0.757134,1.373800,-0.275750,0.252460,-0.190628,-0.381140,0.372337,2.762973,-0.811904,-0.056910,295.787971,323.670605,-490.630448,0.630265,-0.126581,0.116014,0.757155
964,1769790346076,10.720838,295.8657,323.7151,-490.7506,0.630248,-0.126544,0.116152,0.757154,1.373600,-0.275798,0.253147,-0.190619,-0.381113,0.372379,2.762996,-0.811835,-0.057003,295.679114,323.865000,-490.781319,0.630263,-0.126571,0.116002,0.757161
965,1769790346087,10.731950,295.5020,324.1491,-490.7549,0.630215,-0.126559,0.116026,0.757199,1.373505,-0.275825,0.252870,-0.190573,-0.381076,0.372486,2.762833,-0.811753,-0.057157,295.665362,324.042376,-490.807876,0.630193,-0.126594,0.115921,0.757227
966,1769790346099,10.743061,295.5645,324.3191,-490.9253,0.630068,-0.126779,0.115626,0.757346,1.373108,-0.276290,0.251983,-0.190553,-0.381029,0.372621,2.762602,-0.811756,-0.057379,295.724295,324.193100,-490.830986,0.630113,-0.126701,0.115827,0.757291
967,1769790346110,10.754172,296.1248,324.2443,-490.8519,0.630051,-0.126729,0.115811,0.757340,1.373075,-0.276181,0.252387,-0.190535,-0.381015,0.372642,2.762634,-0.811782,-0.057327,295.856529,324.367943,-490.910533,0.630114,-0.126750,0.115739,0.757295
968,1769790346121,10.765283,295.9150,324.3453,-490.9026,0.630068,-0.126822,0.115638,0.757336,1.373114,-0.276384,0.252011,-0.190535,-0.381015,0.372642,2.762634,-0.811782,-0.057327,296.067029,324.445324,-490.970167,0.629972,-0.126789,0.115717,0.757410
969,1769790346132,10.776395,296.2111,324.7112,-491.1258,0.629992,-0.126755,0.115869,0.757375,1.372928,-0.276235,0.252511,-0.190514,-0.380982,0.372734,2.762541,-0.811812,-0.057401,296.105810,324.544671,-491.007305,0.629803,-0.126845,0.115673,0.757548
970,1769790346143,10.787506,296.0857,324.5602,-490.9752,0.629448,-0.126909,0.115563,0.757849,1.371498,-0.276522,0.251798,-0.190508,-0.380980,0.372785,2.762462,-0.811709,-0.057523,296.090033,324.554876,-491.005586,0.629804,-0.126871,0.115674,0.757542
971,1769790346154,10.798617,295.9797,324.5690,-491.0013,0.629725,-0.127013,0.115504,0.757611,1.372223,-0.276772,0.251692,-0.190502,-0.380969,0.372830,2.762436,-0.811749,-0.057538,296.124686,324.624638,-491.000914,0.629762,-0.126899,0.115712,0.757567
972,1769790346165,10.809728,296.2222,324.3875,-490.8515,0.630183,-0.126802,0.115925,0.757200,1.373434,-0.276356,0.252650,-0.190487,-0.380963,0.372860,2.762399,-0.811703,-0.057598,296.048648,324.530919,-490.897481,0.629775,-0.126978,0.115598,0.757560
973,1769790346176,10.820840,296.0080,324.8300,-491.0151,0.629598,-0.127047,0.115542,0.757704,1.371900,-0.276837,0.251766,-0.190497,-0.380959,0.372927,2.762270,-0.811686,-0.057732,296.052390,324.439033,-490.903905,0.629881,-0.126997,0.115575,0.757473
974,1769790346187,10.831951,295.9571,324.2424,-490.7838,0.629746,-0.127122,0.115229,0.757616,1.372267,-0.277010,0.251094,-0.190463,-0.380956,0.372995,2.762197,-0.811518,-0.057883,296.036057,324.514562,-490.956643,0.629714,-0.127039,0.115431,0.757626
975,1769790346199,10.843062,296.0831,324.4713,-491.1186,0.629774,-0.127011,0.115413,0.757583,1.372346,-0.276771,0.251497,-0.190474,-0.380946,0.372984,2.762221,-0.811604,-0.057856,296.020062,324.699790,-491.038414,0.629562,-0.127101,0.115224,0.757773
976,1769790346210,10.854173,296.0243,325.1851,-491.1724,0.629434,-0.127099,0.115133,0.757894,1.371443,-0.276930,0.250858,-0.190447,-0.380936,0.373049,2.762156,-0.811515,-0.057966,296.056443,324.908333,-491.113933,0.629781,-0.127037,0.115252,0.757598
977,1769790346221,10.865284,296.1346,325.1393,-491.1342,0.629935,-0.127035,0.115227,0.757474,1.372752,-0.276833,0.251103,-0.190445,-0.380945,0.373082,2.762071,-0.811483,-0.057959,296.061219,325.080724,-491.210738,0.629976,-0.127021,0.115276,0.757435
978,1769790346232,10.876396,296.0161,325.1507,-491.2528,0.630467,-0.126958,0.115408,0.757017,1.374148,-0.276715,0.251539,-0.190436,-0.380945,0.373074,2.762122,-0.811468,-0.057938,296.117914,325.131210,-491.237314,0.630156,-0.127064,0.115232,0.757284
979,1769790346243,10.887507,296.0973,324.7018,-491.2053,0.630173,-0.127169,0.115158,0.757264,1.373380,-0.277149,0.250971,-0.190437,-0.380927,0.373139,2.762034,-0.811471,-0.058123,296.132043,324.991419,-491.213805,0.630171,-0.127115,0.115243,0.757262
980,1769790346254,10.898618,296.2630,325.1646,-491.2346,0.629906,-0.127216,0.115147,0.757480,1.372687,-0.277228,0.250927,-0.190428,-0.380933,0.373153,2.761999,-0.811456,-0.058075,296.000105,324.820757,-491.087705,0.629953,-0.127201,0.115185,0.757437
981,1769790346265,10.909729,295.8618,324.7263,-490.9034,0.629555,-0.127250,0.115156,0.757764,1.371776,-0.277273,0.250920,-0.190411,-0.380925,0.373180,2.761977,-0.811385,-0.058168,295.999271,324.799643,-491.005214,0.629697,-0.127249,0.115094,0.757656
982,1769790346276,10.920840,295.7617,324.6056,-490.8198,0.629732,-0.127239,0.115104,0.757627,1.372231,-0.277262,0.250820,-0.190397,-0.380924,0.373211,2.761917,-0.811329,-0.058225,296.018238,324.934152,-490.996886,0.629679,-0.127217,0.115119,0.757673
983,1769790346287,10.931952,296.3288,325.2376,-491.2010,0.629711,-0.127160,0.115050,0.757666,1.372166,-0.277087,0.250699,-0.190406,-0.380928,0.373208,2.761932,-0.811317,-0.058268,296.068824,324.989614,-491.017814,0.629738,-0.127187,0.115122,0.757628
984,1769790346299,10.943063,296.2211,325.2148,-491.1270,0.629902,-0.127161,0.115211,0.757482,1.372677,-0.277107,0.251066,-0.190398,-0.380925,0.373213,2.761956,-0.811237,-0.058312,296.201738,325.119405,-491.104295,0.629813,-0.127177,0.115123,0.757567
985,1769790346310,10.954174,296.1751,325.0700,-491.0523,0.629774,-0.127190,0.115117,0.757599,1.372337,-0.277160,0.250851,-0.190386,-0.380924,0.373216,2.761952,-0.811244,-0.058320,296.239633,325.140433,-491.110438,0.629791,-0.127190,0.115144,0.757581
986,1769790346321,10.965285,296.1689,324.9317,-491.0558,0.629735,-0.127240,0.115097,0.757626,1.372238,-0.277265,0.250805,-0.190386,-0.380924,0.373251,2.761910,-0.811131,-0.058438,296.181052,324.985362,-491.027624,0.629736,-0.127220,0.115108,0.757627
987,1769790346332,10.976397,296.2014,325.0005,-491.0193,0.629716,-0.127228,0.115093,0.757644,1.372188,-0.277236,0.250793,-0.190372,-0.380899,0.373279,2.761874,-0.811147,-0.058512,296.219190,324.972567,-491.056700,0.629751,-0.127223,0.115040,0.757624
988,1769790346343,10.987508,296.3003,324.9615,-491.0825,0.629725,-0.127220,0.114936,0.757662,1.372197,-0.277218,0.250450,-0.190370,-0.380902,0.373280,2.761883,-0.811118,-0.058487,296.252433,325.017643,-491.114286,0.629813,-0.127210,0.115015,0.757579
989,1769790346354,10.998619,296.2729,325.1530,-491.2333,0.630044,-0.127193,0.115008,0.757390,1.373032,-0.277187,0.250632,-0.190373,-0.380885,0.373296,2.761919,-0.811032,-0.058677,296.278219,325.069905,-491.161586,0.629859,-0.127227,0.114985,0.757542
990,1769790346365,11.009730,296.2619,325.0891,-491.1885,0.629825,-0.127250,0.114977,0.757568,1.372463,-0.277292,0.250548,-0.190369,-0.380884,0.373318,2.761872,-0.811000,-0.058716,296.296495,325.096214,-491.186948,0.629905,-0.127272,0.114946,0.757502
991,1769790346376,11.020842,296.2945,325.1017,-491.1607,0.629850,-0.127374,0.114916,0.757535,1.372535,-0.277567,0.250419,-0.190366,-0.380879,0.373317,2.761868,-0.811023,-0.058714,296.283752,325.158252,-491.191843,0.629889,-0.127330,0.114917,0.757510
992,1769790346387,11.031953,296.2954,325.1749,-491.1471,0.629901,-0.127362,0.114844,0.757506,1.372661,-0.277543,0.250265,-0.190353,-0.380882,0.373347,2.761807,-0.810954,-0.058761,296.260757,325.175095,-491.172048,0.629822,-0.127364,0.114868,0.757567
993,1769790346399,11.043064,296.1978,325.2698,-491.2039,0.629788,-0.127360,0.114839,0.757601,1.372366,-0.277530,0.250245,-0.190343,-0.380884,0.373367,2.761813,-0.810901,-0.058820,296.176943,325.188105,-491.149071,0.629835,-0.127344,0.114867,0.757560
994,1769790346410,11.054176,296.1290,325.1590,-491.1282,0.629840,-0.127293,0.114877,0.757563,1.372498,-0.277386,0.250331,-0.190320,-0.380898,0.373362,2.761831,-0.810854,-0.058761,296.153329,325.189238,-491.127381,0.629876,-0.127308,0.114861,0.757533
995,1769790346421,11.065287,296.0863,325.1073,-491.0439,0.629886,-0.127265,0.114881,0.757528,1.372618,-0.277330,0.250344,-0.190278,-0.380908,0.373370,2.761873,-0.810749,-0.058730,296.215214,325.160424,-491.084971,0.629876,-0.127277,0.114801,0.757547
996,1769790346432,11.076398,296.4169,325.1953,-491.0927,0.629987,-0.127323,0.114717,0.757460,1.372872,-0.277463,0.249991,-0.190281,-0.380902,0.373374,2.761891,-0.810736,-0.058724,296.287348,325.152995,-491.078048,0.629852,-0.127347,0.114792,0.757556
997,1769790346443,11.087509,296.4678,325.1544,-491.0536,0.629749,-0.127322,0.114613,0.757674,1.372243,-0.277438,0.249745,-0.190223,-0.380944,0.373374,2.761948,-0.810513,-0.058692,296.430124,325.181519,-491.083738,0.629895,-0.127356,0.114637,0.757543
998,1769790346454,11.098621,296.3830,325.2154,-491.1633,0.629784,-0.127530,0.114784,0.757583,1.372368,-0.277903,0.250126,-0.190225,-0.380932,0.373395,2.761937,-0.810467,-0.058857,296.568238,325.171829,-491.089838,0.629855,-0.127362,0.114615,0.757579
999,1769790346465,11.109732,296.6745,325.1540,-491.0308,0.630059,-0.127122,0.114333,0.757492,1.373013,-0.277021,0.249152,-0.190165,-0.380968,0.373403,2.761979,-0.810217,-0.058827,296.493924,325.157410,-491.081186,0.629755,-0.127262,0.114693,0.757666
1000,1769790346476,11.120843,296.5329,325.0995,-491.0602,0.629614,-0.127235,0.114909,0.757755,1.371908,-0.277241,0.250383,-0.190099,-0.380994,0.373419,2.762002,-0.810032,-0.058807,296.410281,325.166933,-491.078067,0.629814,-0.127162,0.114629,0.757644
1001,1769790346487,11.131954,296.1393,325.2098,-491.0669,0.629711,-0.126956,0.114680,0.757756,1.372119,-0.276634,0.249884,-0.190055,-0.381018,0.373404,2.762077,-0.809877,-0.058754,296.427548,325.152086,-491.011495,0.629906,-0.127051,0.114536,0.757600
1002,1769790346499,11.143066,296.4160,325.1819,-491.0139,0.630175,-0.127064,0.114186,0.757427,1.373300,-0.276903,0.248838,-0.189970,-0.381046,0.373426,2.762162,-0.809618,-0.058744,296.393781,325.172552,-491.016038,0.629941,-0.126992,0.114534,0.757581
1003,1769790346510,11.154177,296.7293,325.1284,-490.8963,0.630102,-0.126929,0.114459,0.757469,1.373119,-0.276603,0.249429,-0.189920,-0.381062,0.373422,2.762208,-0.809508,-0.058666,296.529452,325.184086,-491.004057,0.629970,-0.126917,0.114345,0.757599
1004,1769790346521,11.165288,296.5677,325.1898,-491.0631,0.629803,-0.126754,0.114436,0.757751,1.372322,-0.276193,0.249353,-0.189862,-0.381095,0.373419,2.762303,-0.809240,-0.058711,296.739133,325.137114,-490.956086,0.629953,-0.126840,0.114287,0.757634
1005,1769790346532,11.176399,296.9035,325.1194,-490.9240,0.629734,-0.126825,0.114142,0.757841,1.372125,-0.276339,0.248704,-0.189711,-0.381154,0.373476,2.762358,-0.808730,-0.058660,296.850481,325.100767,-490.896271,0.629937,-0.126699,0.114288,0.757671
1006,1769790346543,11.187511,296.9757,325.0259,-490.7516,0.630162,-0.126515,0.114175,0.757532,1.373217,-0.275695,0.248803,-0.189651,-0.381183,0.373463,2.762471,-0.808525,-0.058630,296.950333,325.066019,-490.811429,0.629959,-0.126593,0.114185,0.757686
1007,1769790346554,11.198622,297.0727,325.0699,-490.7242,0.630108,-0.126496,0.114173,0.757580,1.373075,-0.275648,0.248794,-0.189513,-0.381246,0.373457,2.762619,-0.808062,-0.058531,297.082162,325.066262,-490.716776,0.629983,-0.126501,0.114110,0.757692
1008,1769790346565,11.209733,297.1494,325.1225,-490.6841,0.629765,-0.126432,0.114066,0.757892,1.372167,-0.275476,0.248533,-0.189459,-0.381279,0.373474,2.762640,-0.807798,-0.058594,297.141705,325.166929,-490.735943,0.629923,-0.126422,0.114072,0.757761
1009,1769790346576,11.220844,297.2114,325.3054,-490.7797,0.629776,-0.126387,0.113913,0.757913,1.372179,-0.275376,0.248197,-0.189380,-0.381314,0.373466,2.762756,-0.807545,-0.058526,297.242057,325.267157,-490.736795,0.629768,-0.126411,0.113938,0.757912
1010,1769790346587,11.231955,297.3717,325.4415,-490.8081,0.629796,-0.126385,0.113815,0.757912,1.372223,-0.275372,0.247983,-0.189210,-0.381392,0.373468,2.762911,-0.806977,-0.058483,297.335419,325.401729,-490.740905,0.629788,-0.126352,0.113778,0.757929
1011,1769790346599,11.243067,297.5049,325.3836,-490.5942,0.629840,-0.126257,0.113573,0.757933,1.372310,-0.275091,0.247455,-0.189091,-0.381437,0.373468,2.763036,-0.806589,-0.058400,297.494310,325.486576,-490.714971,0.629912,-0.126246,0.113598,0.757871
1012,1769790346610,11.254178,297.6523,325.6101,-490.6952,0.630096,-0.126107,0.113429,0.757767,1.372952,-0.274781,0.247157,-0.188855,-0.381543,0.373485,2.763246,-0.805757,-0.058333,297.751938,325.492724,-490.600319,0.629996,-0.126115,0.113416,0.757850
1013,1769790346621,11.265289,298.0578,325.4231,-490.5153,0.630041,-0.125900,0.113216,0.757879,1.372774,-0.274318,0.246682,-0.188734,-0.381608,0.373509,2.763307,-0.805290,-0.058337,298.027610,325.448529,-490.507500,0.630032,-0.125935,0.113234,0.757878
1014,1769790346632,11.276400,298.4033,325.3586,-490.3408,0.630002,-0.125792,0.113085,0.757948,1.372654,-0.274076,0.246389,-0.188582,-0.381667,0.373518,2.763441,-0.804764,-0.058280,298.308600,325.372071,-490.445505,0.630007,-0.125741,0.113089,0.757952
1015,1769790346643,11.287512,298.5269,325.2766,-490.4020,0.629938,-0.125512,0.112938,0.758070,1.372452,-0.273455,0.246059,-0.188325,-0.381802,0.373513,2.763710,-0.803813,-0.058158,298.573952,325.280629,-490.331052,0.629977,-0.125530,0.112932,0.758036
1016,1769790346654,11.298623,298.7552,325.2262,-490.2690,0.629975,-0.125297,0.112788,0.758097,1.372518,-0.272984,0.245729,-0.188143,-0.381890,0.373508,2.763890,-0.803173,-0.058065,298.781486,325.274919,-490.251876,0.630020,-0.125311,0.112772,0.758060
1017,1769790346665,11.309735,299.0317,325.3183,-490.1190,0.630140,-0.125075,0.112574,0.758028,1.372913,-0.272506,0.245270,-0.187994,-0.381963,0.373526,2.764016,-0.802609,-0.058060,299.017257,325.259862,-490.144133,0.630060,-0.125074,0.112583,0.758094
1018,1769790346676,11.320846,299.2751,325.2779,-490.0166,0.630137,-0.124847,0.112370,0.758099,1.372869,-0.272002,0.244819,-0.187614,-0.382133,0.373511,2.764434,-0.801322,-0.057869,299.277886,325.261557,-490.013105,0.630126,-0.124838,0.112364,0.758110
1019,1769790346687,11.331957,299.5732,325.2214,-489.8806,0.630105,-0.124596,0.112152,0.758199,1.372750,-0.271446,0.244335,-0.187436,-0.382228,0.373489,2.764638,-0.800646,-0.057788,299.544895,325.272224,-489.918110,0.630201,-0.124587,0.112164,0.758119
1020,1769790346699,11.343068,299.7675,325.2862,-489.8430,0.630257,-0.124288,0.111916,0.758158,1.373101,-0.270778,0.243824,-0.187048,-0.382413,0.373508,2.764983,-0.799221,-0.057658,299.806729,325.276033,-489.795400,0.630231,-0.124305,0.111948,0.758172
1021,1769790346710,11.354180,300.1169,325.3374,-489.6853,0.630303,-0.124044,0.111773,0.758181,1.373190,-0.270245,0.243512,-0.186830,-0.382512,0.373510,2.765204,-0.798443,-0.057574,300.091733,325.336924,-489.659552,0.630204,-0.124016,0.111691,0.758279
1022,1769790346721,11.365291,300.3803,325.3662,-489.4582,0.630128,-0.123707,0.111397,0.758437,1.372676,-0.269485,0.242668,-0.186602,-0.382618,0.373549,2.765335,-0.797588,-0.057524,300.412543,325.361800,-489.508890,0.630129,-0.123744,0.111437,0.758423
1023,1769790346732,11.376402,300.7373,325.4276,-489.3897,0.629952,-0.123480,0.111101,0.758663,1.372177,-0.268967,0.242002,-0.186142,-0.382828,0.373508,2.765847,-0.796037,-0.057230,300.726152,325.373938,-489.394400,0.629995,-0.123506,0.111123,0.758620
1024,1769790346743,11.387513,301.0800,325.2960,-489.2657,0.630019,-0.123239,0.110894,0.758677,1.372314,-0.268441,0.241551,-0.185876,-0.382952,0.373511,2.766106,-0.795069,-0.057094,301.031552,325.382671,-489.283876,0.630086,-0.123196,0.110839,0.758636
1025,1769790346754,11.398624,301.2600,325.4297,-489.2678,0.630162,-0.122932,0.110481,0.758668,1.372631,-0.267772,0.240651,-0.185362,-0.383172,0.373521,2.766573,-0.793251,-0.056922,301.315586,325.386429,-489.217252,0.630309,-0.122852,0.110592,0.758543
1026,1769790346765,11.409736,301.6347,325.4213,-488.9811,0.630766,-0.122384,0.110395,0.758267,1.374154,-0.266619,0.240501,-0.185086,-0.383291,0.373528,2.766823,-0.792286,-0.056790,301.578910,325.437362,-488.987190,0.630515,-0.122487,0.110309,0.758472
1027,1769790346776,11.420847,301.8462,325.4337,-488.8954,0.630544,-0.122110,0.109981,0.758556,1.373521,-0.265994,0.239573,-0.184830,-0.383436,0.373525,2.767050,-0.791325,-0.056647,301.879471,325.442619,-488.781676,0.630464,-0.122145,0.109945,0.758622
1028,1769790346787,11.431958,302.2354,325.5241,-488.3660,0.630292,-0.121858,0.109557,0.758868,1.372811,-0.265413,0.238620,-0.184239,-0.383699,0.373531,2.767605,-0.789164,-0.056454,302.274467,325.429195,-488.628019,0.630319,-0.121829,0.109567,0.758848
1029,1769790346799,11.443069,302.6973,325.2750,-488.6158,0.629909,-0.121526,0.109100,0.759305,1.371751,-0.264648,0.237588,-0.183962,-0.383835,0.373504,2.767978,-0.788067,-0.056319,302.696386,325.402010,-488.527248,0.630121,-0.121474,0.109171,0.759127
1030,1769790346810,11.454181,303.1935,325.4677,-488.5273,0.630291,-0.121033,0.108850,0.759102,1.372687,-0.263593,0.237061,-0.183340,-0.384124,0.373493,2.768598,-0.785828,-0.055980,303.140348,325.403057,-488.410638,0.630263,-0.120978,0.108884,0.759129
1031,1769790346821,11.465292,303.5548,325.3577,-488.2152,0.630452,-0.120399,0.108624,0.759102,1.373037,-0.262212,0.236567,-0.183031,-0.384265,0.373495,2.768894,-0.784689,-0.055819,303.532976,325.388495,-488.235605,0.630497,-0.120475,0.108571,0.759060
1032,1769790346832,11.476403,303.8820,325.4826,-487.9839,0.630891,-0.119918,0.108283,0.758862,1.374119,-0.261189,0.235846,-0.182726,-0.384417,0.373493,2.769188,-0.783596,-0.055639,303.921133,325.443586,-488.008214,0.630639,-0.120008,0.108189,0.759071
1033,1769790346843,11.487514,304.2898,325.3793,-487.6563,0.630572,-0.119672,0.107644,0.759256,1.373221,-0.260614,0.234420,-0.182042,-0.384733,0.373483,2.769925,-0.781072,-0.055351,304.306010,325.440633,-487.818171,0.630586,-0.119600,0.107681,0.759251
1034,1769790346854,11.498625,304.8173,325.4810,-487.8551,0.630340,-0.119199,0.107147,0.759594,1.372540,-0.259551,0.233309,-0.181710,-0.384894,0.373468,2.770296,-0.779882,-0.055163,304.769410,325.409167,-487.636224,0.630524,-0.119157,0.107208,0.759439
1035,1769790346865,11.509737,305.2678,325.3905,-487.4297,0.630521,-0.118665,0.106708,0.759589,1.372938,-0.258389,0.232354,-0.180960,-0.385234,0.373472,2.771032,-0.777187,-0.054803,305.323352,325.375976,-487.467062,0.630510,-0.118653,0.106774,0.759591
1036,1769790346876,11.520848,305.9395,325.2463,-487.1633,0.630713,-0.117965,0.106542,0.759562,1.373369,-0.256867,0.231994,-0.180593,-0.385428,0.373450,2.771416,-0.775866,-0.054516,305.994019,325.358819,-487.273833,0.630683,-0.118034,0.106415,0.759594
1037,1769790346887,11.531959,306.6320,325.4323,-487.0761,0.630916,-0.117486,0.105999,0.759543,1.373822,-0.255827,0.230814,-0.180218,-0.385594,0.373453,2.771779,-0.774518,-0.054386,306.589914,325.347133,-486.991800,0.630873,-0.117427,0.106056,0.759581
1038,1769790346899,11.543070,307.3132,325.3357,-486.7697,0.630973,-0.116781,0.105604,0.759660,1.373885,-0.254280,0.229942,-0.179390,-0.385973,0.373461,2.772574,-0.771556,-0.054015,307.129995,325.361038,-486.747400,0.631005,-0.116827,0.105585,0.759629
1039,1769790346910,11.554182,307.4564,325.4086,-486.4946,0.631037,-0.116266,0.105142,0.759750,1.373978,-0.253150,0.228930,-0.178985,-0.386169,0.373463,2.772951,-0.770087,-0.053837,307.617657,325.379890,-486.505233,0.631003,-0.116269,0.105091,0.759784
1040,1769790346921,11.565293,308.0450,325.3318,-486.1828,0.631098,-0.115655,0.104472,0.759885,1.374041,-0.251807,0.227458,-0.178535,-0.386377,0.373484,2.773349,-0.768426,-0.053698,308.082533,325.368490,-486.281319,0.631042,-0.115640,0.104599,0.759916
1041,1769790346932,11.576404,308.7054,325.3834,-486.1478,0.630910,-0.115068,0.104210,0.760166,1.373487,-0.250503,0.226864,-0.177646,-0.386792,0.373475,2.774216,-0.765247,-0.053194,308.647671,325.386414,-486.086481,0.631102,-0.115014,0.104112,0.760028
1042,1769790346943,11.587515,309.2532,325.4210,-485.9562,0.631332,-0.114283,0.103542,0.760025,1.374478,-0.248806,0.225423,-0.177170,-0.387005,0.373460,2.774699,-0.763567,-0.052950,309.286333,325.384148,-485.908576,0.631193,-0.114320,0.103599,0.760127
1043,1769790346954,11.598627,309.9939,325.3709,-485.6259,0.631283,-0.113685,0.103136,0.760211,1.374275,-0.247487,0.224522,-0.176276,-0.387438,0.373430,2.775614,-0.760267,-0.052423,309.906667,325.367771,-485.689181,0.631307,-0.113707,0.103051,0.760200
1044,1769790346965,11.609738,310.4252,325.3765,-485.4373,0.631412,-0.113049,0.102415,0.760296,1.374513,-0.246095,0.222947,-0.175793,-0.387667,0.373439,2.776003,-0.758572,-0.052060,310.530919,325.382348,-485.389110,0.631409,-0.113139,0.102452,0.760280
1045,1769790346976,11.620849,311.2265,325.3567,-485.0633,0.631440,-0.112681,0.101837,0.760405,1.374518,-0.245284,0.221679,-0.175333,-0.387875,0.373421,2.776519,-0.756868,-0.051877,311.200829,325.438729,-485.066757,0.631413,-0.112546,0.101901,0.760439
1046,1769790346987,11.631961,311.8467,325.6074,-484.7686,0.631431,-0.111941,0.101408,0.760579,1.374408,-0.243658,0.220731,-0.174370,-0.388324,0.373438,2.777369,-0.753378,-0.051441,311.836710,325.538257,-484.782186,0.631476,-0.111913,0.101355,0.760553
1047,1769790346999,11.643072,312.5192,325.6451,-484.4519,0.631553,-0.111080,0.100836,0.760680,1.374622,-0.241774,0.219476,-0.173864,-0.388545,0.373444,2.777841,-0.751562,-0.051170,312.454876,325.635648,-484.505086,0.631556,-0.111176,0.100845,0.760663
1048,1769790347010,11.654183,313.0162,325.6965,-484.2988,0.631656,-0.110482,0.100353,0.760745,1.374812,-0.240466,0.218420,-0.172886,-0.389010,0.373413,2.778807,-0.748058,-0.050608,313.041652,325.707038,-484.252038,0.631661,-0.110401,0.100367,0.760751
1049,1769790347021,11.665294,313.5833,325.7182,-484.0010,0.631814,-0.109603,0.099735,0.760823,1.375115,-0.238547,0.217070,-0.172345,-0.389265,0.373415,2.779264,-0.746087,-0.050332,313.665871,325.735443,-483.956029,0.631740,-0.109711,0.099748,0.760867
1050,1769790347032,11.676406,314.4192,325.7311,-483.6396,0.631832,-0.109081,0.099280,0.760942,1.375094,-0.237400,0.216070,-0.171821,-0.389501,0.373425,2.779699,-0.744213,-0.050116,314.375400,325.727362,-483.672243,0.631905,-0.109047,0.099131,0.760906
1051,1769790347043,11.687517,315.0992,325.7548,-483.3071,0.631907,-0.108378,0.098285,0.761110,1.375169,-0.235856,0.213890,-0.170753,-0.390008,0.373414,2.780618,-0.740328,-0.049556,315.103690,325.685267,-483.356562,0.631999,-0.108304,0.098482,0.761019
1052,1769790347054,11.698628,315.9370,325.5668,-483.1503,0.632304,-0.107582,0.097892,0.760943,1.376120,-0.234137,0.213048,-0.170214,-0.390244,0.373415,2.781104,-0.738381,-0.049304,315.863048,325.649805,-483.098581,0.632051,-0.107617,0.097839,0.761155
1053,1769790347065,11.709740,316.4836,325.5904,-482.8261,0.631959,-0.106753,0.097200,0.761435,1.375115,-0.232289,0.211502,-0.169648,-0.390503,0.373434,2.781520,-0.736318,-0.049121,316.557905,325.611829,-482.869443,0.632104,-0.106808,0.097142,0.761315
1054,1769790347076,11.720851,317.4112,325.6066,-482.6425,0.632101,-0.106168,0.096500,0.761488,1.375397,-0.231013,0.209976,-0.168529,-0.390997,0.373410,2.782498,-0.732399,-0.048461,317.386367,325.524071,-482.606357,0.632129,-0.106098,0.096488,0.761476
1055,1769790347087,11.731962,318.1282,325.4848,-482.3127,0.632209,-0.105227,0.095704,0.761630,1.375559,-0.228952,0.208233,-0.167949,-0.391265,0.373383,2.783034,-0.730294,-0.048139,318.226033,325.481048,-482.289314,0.632187,-0.105379,0.095731,0.761624
1056,1769790347099,11.743073,319.3011,325.2907,-481.9307,0.632326,-0.104731,0.095089,0.761678,1.375788,-0.227870,0.206891,-0.166802,-0.391764,0.373365,2.784079,-0.726186,-0.047566,319.147576,325.363024,-481.961081,0.632360,-0.104524,0.095128,0.761673
1057,1769790347110,11.754185,319.9757,325.3774,-481.6128,0.632542,-0.103594,0.094520,0.761725,1.376235,-0.225391,0.205649,-0.166197,-0.392021,0.373364,2.784574,-0.724021,-0.047224,320.082543,325.310271,-481.614648,0.632448,-0.103553,0.094612,0.761797
1058,1769790347121,11.765296,320.9642,325.2226,-481.2843,0.632495,-0.102453,0.094244,0.761953,1.376014,-0.222889,0.205031,-0.165622,-0.392271,0.373340,2.785141,-0.721978,-0.046902,320.989324,325.320124,-481.295019,0.632525,-0.102639,0.094095,0.761921
1059,1769790347132,11.776407,321.8955,325.4457,-481.0067,0.632550,-0.101694,0.093557,0.762093,1.376061,-0.221227,0.203526,-0.164405,-0.392774,0.373326,2.786217,-0.717644,-0.046329,321.748029,325.380438,-480.994571,0.632579,-0.101723,0.093513,0.762071
1060,1769790347143,11.787519,322.4685,325.3921,-480.6726,0.632691,-0.101037,0.092787,0.762158,1.376334,-0.219792,0.201847,-0.163808,-0.393036,0.373329,2.786719,-0.715503,-0.046018,322.508624,325.404900,-480.643290,0.632725,-0.100928,0.092885,0.762132
1061,1769790347154,11.798630,323.1266,325.4265,-480.3481,0.632809,-0.100170,0.092196,0.762246,1.376545,-0.217899,0.200554,-0.162592,-0.393536,0.373316,2.787812,-0.711207,-0.045372,323.188314,325.393062,-480.347338,0.632797,-0.100140,0.092209,0.762258
1062,1769790347165,11.809741,323.9304,325.3246,-479.9618,0.633100,-0.099226,0.091645,0.762194,1.377207,-0.215850,0.199360,-0.161973,-0.393773,0.373286,2.788396,-0.709111,-0.044986,323.934514,325.332710,-480.071405,0.632886,-0.099310,0.091632,0.762363
1063,1769790347176,11.820852,324.7317,325.1809,-479.9203,0.632736,-0.098400,0.091029,0.762677,1.376166,-0.214013,0.197982,-0.161330,-0.394034,0.373322,2.788871,-0.706792,-0.044773,324.729281,325.185705,-479.811505,0.633052,-0.098391,0.091034,0.762415
1064,1769790347187,11.831964,325.6391,325.2330,-479.5807,0.633270,-0.097606,0.090425,0.762408,1.377465,-0.212310,0.196690,-0.160065,-0.394553,0.373295,2.790013,-0.702295,-0.044077,325.564881,325.157529,-479.598052,0.633217,-0.097510,0.090337,0.762474
1065,1769790347199,11.843075,326.2848,324.9568,-479.2950,0.633575,-0.096521,0.089557,0.762395,1.378136,-0.209949,0.194803,-0.159416,-0.394802,0.373276,2.790608,-0.700030,-0.043713,326.384224,325.243819,-479.363838,0.633405,-0.096645,0.089601,0.762515
1066,1769790347210,11.854186,327.2606,325.5389,-479.1198,0.633525,-0.095788,0.088800,0.762618,1.377911,-0.208337,0.193140,-0.158125,-0.395329,0.373275,2.791703,-0.695415,-0.043090,327.173310,325.304524,-479.023595,0.633660,-0.095752,0.088857,0.762503
1067,1769790347221,11.865297,328.0150,325.4433,-478.6731,0.633723,-0.094876,0.088181,0.762639,1.378330,-0.206352,0.191791,-0.157457,-0.395600,0.373291,2.792208,-0.693047,-0.042769,328.034529,325.371105,-478.671805,0.633664,-0.094867,0.088139,0.762694
1068,1769790347232,11.876409,328.8512,325.2161,-478.2420,0.633733,-0.093920,0.087479,0.762830,1.378254,-0.204259,0.190252,-0.156770,-0.395862,0.373286,2.792769,-0.690700,-0.042372,328.927167,325.397690,-478.276957,0.633625,-0.093910,0.087508,0.762917
1069,1769790347243,11.887520,329.9955,325.3817,-477.8896,0.633563,-0.092939,0.086845,0.763164,1.377711,-0.202100,0.188849,-0.155447,-0.396379,0.373259,2.793970,-0.686012,-0.041737,329.887414,325.272752,-477.909471,0.633743,-0.092819,0.086862,0.763027
1070,1769790347254,11.898631,330.8067,325.1947,-477.5835,0.633766,-0.091671,0.086190,0.763222,1.378124,-0.199338,0.187419,-0.154763,-0.396644,0.373278,2.794475,-0.683609,-0.041411,330.962148,325.240214,-477.617052,0.633842,-0.091857,0.086053,0.763152
1071,1769790347265,11.909743,332.0916,325.1992,-477.3870,0.634224,-0.090776,0.085346,0.763044,1.379211,-0.197406,0.185598,-0.154060,-0.396910,0.373263,2.795119,-0.681099,-0.041109,331.993895,325.211629,-477.320457,0.633989,-0.090867,0.085349,0.763228
1072,1769790347276,11.920854,333.0394,325.1293,-477.0110,0.634064,-0.090147,0.084403,0.763356,1.378701,-0.196015,0.183526,-0.152689,-0.397435,0.373243,2.796278,-0.676300,-0.040418,332.959076,325.085210,-477.003457,0.634160,-0.089828,0.084727,0.763278
1073,1769790347287,11.931965,333.8031,324.9767,-476.5994,0.634171,-0.088716,0.084319,0.763444,1.378889,-0.192897,0.183337,-0.151957,-0.397703,0.373272,2.796806,-0.673744,-0.040103,333.958033,324.918986,-476.639567,0.634206,-0.088770,0.084150,0.763428
1074,1769790347299,11.943077,334.7697,324.7686,-476.2647,0.634261,-0.087628,0.083587,0.763575,1.379017,-0.190521,0.181736,-0.150590,-0.398221,0.373290,2.797885,-0.668925,-0.039491,334.627743,324.866219,-476.241800,0.634187,-0.087793,0.083394,0.763639
1075,1769790347310,11.954188,335.6208,324.6488,-475.8441,0.634212,-0.086808,0.082594,0.763818,1.378785,-0.188721,0.179561,-0.149891,-0.398486,0.373268,2.798485,-0.666505,-0.039103,335.456438,324.811919,-475.859110,0.634235,-0.086973,0.082538,0.763786
1076,1769790347321,11.965299,335.9407,325.0401,-475.4727,0.634302,-0.086447,0.081235,0.763930,1.378923,-0.187928,0.176599,-0.149204,-0.398751,0.373283,2.799020,-0.664048,-0.038810,336.544200,324.591262,-475.390252,0.634359,-0.086185,0.081593,0.763874
1077,1769790347332,11.976410,337.7529,324.5262,-475.0566,0.634428,-0.085563,0.080772,0.763974,1.379173,-0.186005,0.175589,-0.147784,-0.399267,0.373279,2.800134,-0.659108,-0.038080,337.462495,324.662519,-475.064810,0.634492,-0.085398,0.080706,0.763946
1078,1769790347343,11.987521,338.8060,324.2968,-474.6189,0.634802,-0.084112,0.080126,0.763892,1.380029,-0.182854,0.174191,-0.147074,-0.399530,0.373252,2.800764,-0.656609,-0.037737,338.377348,324.803619,-474.890390,0.634618,-0.084443,0.079885,0.764034
1079,1769790347354,11.998633,338.7599,325.5785,-474.9849,0.634629,-0.083625,0.078943,0.764213,1.379488,-0.181776,0.171599,-0.145638,-0.400060,0.373272,2.801839,-0.651539,-0.037007,339.182100,325.115790,-474.764362,0.634661,-0.083493,0.079064,0.764188
1080,1769790347365,12.009744,339.8204,325.4683,-474.7712,0.634646,-0.082492,0.078088,0.764409,1.379423,-0.179299,0.169726,-0.144913,-0.400336,0.373291,2.802357,-0.648929,-0.036628,339.703448,325.629952,-474.749386,0.634714,-0.082586,0.078109,0.764340
1081,1769790347376,12.020855,340.4181,326.0287,-474.4633,0.634697,-0.081904,0.077186,0.764522,1.379474,-0.178013,0.167759,-0.144204,-0.400579,0.373288,2.802944,-0.646430,-0.036298,340.444895,325.910176,-474.567952,0.634740,-0.081672,0.077268,0.764502
1082,1769790347387,12.031966,341.4426,325.8965,-474.3988,0.634994,-0.080573,0.076476,0.764488,1.380138,-0.175123,0.166217,-0.142738,-0.401099,0.373277,2.804099,-0.641309,-0.035571,341.527952,325.814067,-474.199567,0.634918,-0.080662,0.076438,0.764545
1083,1769790347399,12.043077,342.6392,325.6099,-473.6452,0.635006,-0.079618,0.075679,0.764657,1.380078,-0.173036,0.164475,-0.142020,-0.401354,0.373286,2.804651,-0.638784,-0.035258,342.619024,325.767148,-473.832976,0.635077,-0.079821,0.075455,0.764600
1084,1769790347410,12.054189,343.8736,325.6238,-473.4943,0.635236,-0.079052,0.074332,0.764658,1.380576,-0.171806,0.161547,-0.140529,-0.401876,0.373289,2.805785,-0.633537,-0.034554,343.778290,325.589752,-473.411205,0.635147,-0.078952,0.074489,0.764726
1085,1769790347421,12.065300,344.9586,325.5655,-473.0392,0.635140,-0.078314,0.073354,0.764908,1.380238,-0.170187,0.159407,-0.139757,-0.402134,0.373309,2.806337,-0.630822,-0.034213,344.970714,325.573829,-473.040971,0.635097,-0.078173,0.073512,0.764942
1086,1769790347432,12.076411,345.9307,325.5635,-472.6738,0.635016,-0.077257,0.072748,0.765175,1.379832,-0.167873,0.158075,-0.139000,-0.402396,0.373311,2.806901,-0.628122,-0.033864,346.092819,325.556848,-472.757762,0.635096,-0.077346,0.072571,0.765117
1087,1769790347443,12.087523,347.3208,325.6784,-472.6112,0.635034,-0.076320,0.071779,0.765346,1.379781,-0.165825,0.155959,-0.137488,-0.402891,0.373287,2.808070,-0.622900,-0.033091,347.219019,325.504229,-472.501643,0.635096,-0.076412,0.071740,0.765289
1088,1769790347454,12.098634,348.0729,325.5519,-472.1971,0.635292,-0.075548,0.070811,0.765299,1.380366,-0.164151,0.153859,-0.136760,-0.403139,0.373295,2.808605,-0.620297,-0.032794,347.961524,325.846567,-472.324495,0.635219,-0.075498,0.070857,0.765360
1089,1769790347465,12.109745,348.9016,326.0107,-472.2449,0.635361,-0.074454,0.070058,0.765418,1.380455,-0.161766,0.152215,-0.135981,-0.403395,0.373293,2.809160,-0.617626,-0.032324,348.678157,326.218824,-472.151148,0.635450,-0.074341,0.070190,0.765343
1090,1769790347476,12.120856,348.7506,327.1667,-471.9165,0.635547,-0.073306,0.069415,0.765433,1.380851,-0.159273,0.150818,-0.134470,-0.403894,0.373264,2.810305,-0.612368,-0.031547,349.314676,326.618562,-471.930614,0.635455,-0.073145,0.069528,0.765515
1091,1769790347487,12.131968,350.3897,326.6398,-471.6972,0.635613,-0.071540,0.069240,0.765561,1.380928,-0.155427,0.150430,-0.133721,-0.404127,0.373254,2.810850,-0.609804,-0.031242,350.149862,326.832243,-471.706014,0.635361,-0.072025,0.068705,0.765773
1092,1769790347499,12.143079,351.1405,326.8094,-471.3997,0.635012,-0.071098,0.067662,0.766242,1.379272,-0.154427,0.146965,-0.132181,-0.404626,0.373310,2.811794,-0.604448,-0.030601,351.036600,326.796957,-471.398410,0.635382,-0.070999,0.067899,0.765923
1093,1769790347510,12.154190,352.1962,326.4036,-471.0466,0.635481,-0.070180,0.066738,0.766019,1.380405,-0.152447,0.144970,-0.131410,-0.404878,0.373255,2.812472,-0.601775,-0.030171,352.176886,326.550881,-471.034610,0.635591,-0.069842,0.067097,0.765927
1094,1769790347521,12.165301,353.0375,326.4986,-470.7158,0.635999,-0.068748,0.066552,0.765735,1.381677,-0.149352,0.144580,-0.130644,-0.405133,0.373279,2.812927,-0.599072,-0.029881,353.322081,326.403057,-470.701633,0.635861,-0.068779,0.066280,0.765870
1095,1769790347532,12.176412,354.6457,326.0823,-470.1506,0.636267,-0.067141,0.065707,0.765728,1.382263,-0.145861,0.142746,-0.129069,-0.405639,0.373253,2.814101,-0.593573,-0.029164,354.602290,325.911148,-470.232067,0.635966,-0.067419,0.065591,0.765964
1096,1769790347543,12.187524,356.1659,325.4688,-470.0014,0.635789,-0.066541,0.064708,0.766262,1.380949,-0.144529,0.140546,-0.128281,-0.405904,0.373241,2.814624,-0.590808,-0.028769,355.862848,325.437338,-469.777481,0.635820,-0.066406,0.064757,0.766244
1097,1769790347554,12.198635,356.8450,324.7482,-469.1342,0.635285,-0.065322,0.063644,0.766874,1.379539,-0.141849,0.138205,-0.126671,-0.406415,0.373220,2.815778,-0.585213,-0.027979,356.894110,325.109414,-469.338624,0.635704,-0.065605,0.063719,0.766496
1098,1769790347565,12.209746,357.9674,325.0415,-469.1135,0.635796,-0.065120,0.062964,0.766524,1.380828,-0.141428,0.136746,-0.125920,-0.406643,0.373204,2.816323,-0.582663,-0.027610,358.090686,325.002062,-469.167252,0.635616,-0.064638,0.063072,0.766705
1099,1769790347576,12.220857,358.8040,325.4468,-468.8931,0.636022,-0.063648,0.062124,0.766529,1.381316,-0.138231,0.134922,-0.125106,-0.406881,0.373223,2.816832,-0.579861,-0.027275,359.083481,325.284295,-468.912519,0.635814,-0.063698,0.062140,0.766695
1100,1769790347587,12.231968,361.1063,325.2958,-469.1086,0.635797,-0.062188,0.061918,0.766852,1.380660,-0.135044,0.134459,-0.123533,-0.407360,0.373229,2.817900,-0.574358,-0.026559,360.517838,325.498400,-468.774971,0.636134,-0.062724,0.061260,0.766581
1101,1769790347599,12.243080,361.1433,325.7732,-468.2374,0.636347,-0.062083,0.059658,0.766583,1.381994,-0.134830,0.129564,-0.122762,-0.407585,0.373230,2.818421,-0.571711,-0.026225,361.807252,325.326752,-468.513981,0.636229,-0.061564,0.060467,0.766659
1102,1769790347610,12.254191,363.4751,324.9039,-468.2667,0.636468,-0.060426,0.059857,0.766600,1.382248,-0.131231,0.129994,-0.121168,-0.408058,0.373202,2.819515,-0.566251,-0.025393,362.909271,325.082733,-468.268762,0.636209,-0.060390,0.059843,0.766818
1103,1769790347621,12.265302,363.5954,324.6320,-468.0705,0.636100,-0.059249,0.059418,0.767031,1.381227,-0.128653,0.129020,-0.120402,-0.408287,0.373192,2.820064,-0.563574,-0.025012,363.535538,325.003271,-467.948957,0.636226,-0.059480,0.059006,0.766940
1104,1769790347632,12.276413,364.4013,324.9511,-467.8919,0.635986,-0.057936,0.058569,0.767291,1.380844,-0.125790,0.127164,-0.119621,-0.408514,0.373196,2.820531,-0.560864,-0.024706,364.766671,324.576990,-467.952143,0.636216,-0.058230,0.058441,0.767087
1105,1769790347643,12.287525,365.2890,324.9341,-467.6428,0.636437,-0.057928,0.056986,0.767036,1.381956,-0.125784,0.123739,-0.118067,-0.408983,0.373201,2.821510,-0.555386,-0.024049,365.642143,324.648257,-467.802786,0.636356,-0.057222,0.057469,0.767121
1106,1769790347654,12.298636,367.6321,324.0078,-467.9702,0.636719,-0.055747,0.056726,0.766983,1.382595,-0.121051,0.123177,-0.117253,-0.409212,0.373189,2.822032,-0.552603,-0.023664,366.781981,324.900714,-467.718419,0.636636,-0.056130,0.056555,0.767037
1107,1769790347665,12.309747,367.5252,325.5631,-467.3820,0.636726,-0.055067,0.055790,0.767096,1.382552,-0.119571,0.121139,-0.116485,-0.409443,0.373174,2.822532,-0.549932,-0.023268,367.901619,325.063095,-467.529667,0.636726,-0.055134,0.055640,0.767102
1108,1769790347676,12.320858,368.5750,325.7281,-467.3189,0.636683,-0.054012,0.054866,0.767273,1.382366,-0.117270,0.119125,-0.114855,-0.409918,0.373164,2.823548,-0.544221,-0.022380,368.724495,325.477395,-467.156657,0.636526,-0.054133,0.054827,0.767397
1109,1769790347687,12.331970,369.8132,325.4482,-466.6724,0.636230,-0.053404,0.053773,0.767768,1.381129,-0.115929,0.116730,-0.114066,-0.410147,0.373142,2.824105,-0.541481,-0.022022,369.524857,325.894471,-466.726748,0.636366,-0.053024,0.054165,0.767654
1110,1769790347699,12.343081,370.2445,326.1384,-466.2237,0.636141,-0.052167,0.053387,0.767954,1.380839,-0.113235,0.115885,-0.112449,-0.410604,0.373152,2.825063,-0.535861,-0.021197,370.632738,325.851190,-466.433110,0.636352,-0.051996,0.053360,0.767793
1111,1769790347710,12.354192,371.9464,325.8548,-466.2825,0.636583,-0.050003,0.053217,0.767744,1.381906,-0.108548,0.115525,-0.111641,-0.410828,0.373134,2.825604,-0.533027,-0.020782,371.517438,325.970195,-466.096476,0.636393,-0.051018,0.052419,0.767889
1112,1769790347721,12.365303,372.3690,325.8953,-465.8769,0.636673,-0.050561,0.051022,0.767781,1.382083,-0.109757,0.110759,-0.110851,-0.411051,0.373111,2.826155,-0.530272,-0.020401,372.563205,325.860486,-465.866105,0.636605,-0.049674,0.051724,0.767849
1113,1769790347732,12.376415,373.3816,325.8279,-465.5117,0.636547,-0.048643,0.050583,0.768038,1.381677,-0.105584,0.109795,-0.109189,-0.411477,0.373091,2.827258,-0.524559,-0.019609,373.642719,325.602700,-465.582533,0.636715,-0.048388,0.050941,0.767891
1114,1769790347743,12.387526,374.9370,325.0919,-465.2348,0.636834,-0.046561,0.050751,0.767919,1.382361,-0.101068,0.110164,-0.108371,-0.411691,0.373108,2.827713,-0.521735,-0.019260,374.293005,325.605086,-465.141643,0.636669,-0.047234,0.050039,0.768061
1115,1769790347754,12.398637,375.3209,325.5438,-464.8730,0.636627,-0.046017,0.049313,0.768216,1.381758,-0.099878,0.107030,-0.106764,-0.412105,0.373127,2.828681,-0.516155,-0.018654,375.526490,325.367038,-464.898890,0.636652,-0.045927,0.049367,0.768197
1116,1769790347765,12.409749,376.1615,325.4904,-464.5190,0.636600,-0.045402,0.047892,0.768365,1.381624,-0.098537,0.103940,-0.105947,-0.412311,0.373145,2.829119,-0.513399,-0.018239,376.946090,325.035324,-464.708981,0.636710,-0.045403,0.048137,0.768259
1117,1769790347776,12.420860,379.1598,324.3071,-464.8000,0.636744,-0.044924,0.047066,0.768326,1.381955,-0.097500,0.102149,-0.105147,-0.412509,0.373130,2.829643,-0.510681,-0.017833,378.558333,324.623110,-464.593433,0.636723,-0.044920,0.046886,0.768354
1118,1769790347787,12.431971,380.3336,324.1035,-464.4692,0.636910,-0.044507,0.045621,0.768299,1.382330,-0.096597,0.099015,-0.103552,-0.412902,0.373124,2.830645,-0.505145,-0.017164,380.237633,324.133271,-464.546090,0.636809,-0.044172,0.045950,0.768383
1119,1769790347799,12.443082,381.5977,323.8634,-464.4355,0.636827,-0.042955,0.045299,0.768476,1.382057,-0.093223,0.098309,-0.102748,-0.413108,0.373125,2.831144,-0.502306,-0.016850,381.520138,324.021900,-464.439924,0.636905,-0.043198,0.045037,0.768412
1120,1769790347810,12.454194,382.1230,324.3328,-464.2615,0.636890,-0.042196,0.044129,0.768533,1.382164,-0.091572,0.095768,-0.101104,-0.413506,0.373141,2.832112,-0.496646,-0.016037,382.245824,324.301148,-464.189448,0.636901,-0.042217,0.044042,0.768528
1121,1769790347821,12.465305,383.0508,324.6654,-463.9125,0.637012,-0.040990,0.043008,0.768561,1.382416,-0.088954,0.093333,-0.100317,-0.413712,0.373137,2.832598,-0.493829,-0.015696,383.268371,324.365348,-463.940000,0.636919,-0.040999,0.043218,0.768625
1122,1769790347832,12.476416,384.1547,324.5692,-463.6469,0.636825,-0.040341,0.042132,0.768799,1.381886,-0.087538,0.091425,-0.099532,-0.413919,0.373155,2.833041,-0.490963,-0.015481,384.084224,324.567819,-463.679633,0.636942,-0.040064,0.042145,0.768716
1123,1769790347843,12.487527,385.3675,324.2911,-463.3442,0.637034,-0.038591,0.041493,0.768750,1.382366,-0.083743,0.090040,-0.097930,-0.414291,0.373207,2.833922,-0.485456,-0.014771,384.994986,324.730543,-463.379890,0.636946,-0.039124,0.041178,0.768813
1124,1769790347854,12.498638,385.3072,325.3270,-463.2493,0.636914,-0.038395,0.040091,0.768934,1.382011,-0.083311,0.086992,-0.097119,-0.414490,0.373196,2.834420,-0.482693,-0.014277,385.704633,325.064348,-463.115719,0.636955,-0.038014,0.040443,0.768901
1125,1769790347865,12.509749,386.4596,325.5259,-462.7288,0.637017,-0.037193,0.039477,0.768940,1.382230,-0.080704,0.085659,-0.096308,-0.414677,0.373194,2.834916,-0.479954,-0.013883,386.294943,325.530114,-462.855300,0.636985,-0.037014,0.039564,0.768970
1126,1769790347876,12.520860,386.8672,325.9909,-462.6049,0.637051,-0.035548,0.039121,0.769007,1.382269,-0.077132,0.084885,-0.094667,-0.415073,0.373209,2.835826,-0.474302,-0.013074,386.780605,325.985438,-462.569510,0.637070,-0.036201,0.038577,0.768988
1127,1769790347887,12.531972,387.6399,326.0946,-462.3417,0.637129,-0.035434,0.037453,0.769031,1.382427,-0.076884,0.081264,-0.093879,-0.415259,0.373221,2.836261,-0.471544,-0.012760,387.677024,326.139548,-462.274890,0.637284,-0.035047,0.037707,0.768908
1128,1769790347899,12.543083,388.3913,326.2375,-462.0147,0.637532,-0.034055,0.036672,0.768797,1.383422,-0.073898,0.079577,-0.092265,-0.415643,0.373286,2.837007,-0.465935,-0.012111,388.672614,326.202724,-462.133457,0.637378,-0.033813,0.036927,0.768923
1129,1769790347910,12.554194,390.3176,326.0382,-461.9006,0.637514,-0.032271,0.036308,0.768906,1.383326,-0.070023,0.078785,-0.091433,-0.415833,0.373237,2.837583,-0.463127,-0.011602,390.172810,325.930524,-461.897910,0.637317,-0.032315,0.036378,0.769064
1130,1769790347921,12.565305,391.7650,325.5702,-461.8632,0.637100,-0.030636,0.036128,0.769324,1.382213,-0.066466,0.078382,-0.090635,-0.416008,0.373224,2.838037,-0.460425,-0.011239,391.960438,325.440333,-461.633700,0.637255,-0.030841,0.035835,0.769202
1131,1769790347932,12.576417,393.6683,324.9168,-461.3504,0.637032,-0.029352,0.035297,0.769469,1.381991,-0.063677,0.076573,-0.088936,-0.416388,0.373239,2.838912,-0.454601,-0.010487,393.366905,325.213962,-461.541257,0.637275,-0.029784,0.034944,0.769267
1132,1769790347943,12.587528,394.8611,324.8125,-461.2910,0.637563,-0.029348,0.033517,0.769109,1.383327,-0.063677,0.072723,-0.088128,-0.416564,0.373251,2.839296,-0.451880,-0.010094,394.475600,325.095676,-461.486571,0.637494,-0.028721,0.034038,0.769167
1133,1769790347954,12.598639,394.7893,325.7176,-461.7372,0.637828,-0.027941,0.032828,0.768971,1.383974,-0.060626,0.071232,-0.086494,-0.416915,0.373244,2.840139,-0.446257,-0.009413,395.496800,325.124990,-461.475590,0.637602,-0.027816,0.033009,0.769156
1134,1769790347965,12.609750,396.6339,325.0065,-461.4478,0.637691,-0.026213,0.032591,0.769156,1.383582,-0.056874,0.070712,-0.085654,-0.417087,0.373229,2.840594,-0.443462,-0.008968,396.406781,325.175162,-461.421267,0.637581,-0.026934,0.031969,0.769248
1135,1769790347976,12.620861,397.6736,325.0692,-461.2382,0.637042,-0.026031,0.031050,0.769764,1.381859,-0.056465,0.067353,-0.084829,-0.417266,0.373235,2.841001,-0.440665,-0.008563,397.559567,325.164990,-461.249524,0.637370,-0.025579,0.031312,0.769496
1136,1769790347987,12.631973,398.7790,325.0650,-460.8226,0.637351,-0.024850,0.030015,0.769588,1.382621,-0.053908,0.065111,-0.083157,-0.417606,0.373246,2.841801,-0.435002,-0.007759,398.948638,325.120048,-460.976324,0.637253,-0.024413,0.030463,0.769665
1137,1769790347999,12.643084,400.1280,325.4434,-460.8902,0.637264,-0.022799,0.030028,0.769723,1.382361,-0.049457,0.065136,-0.082341,-0.417778,0.373270,2.842114,-0.432177,-0.007479,400.044595,325.399700,-460.792976,0.637292,-0.023598,0.029363,0.769701
1138,1769790348010,12.654195,401.2357,325.6533,-460.6750,0.637461,-0.022481,0.028490,0.769628,1.382838,-0.048767,0.061803,-0.080710,-0.418091,0.373254,2.842983,-0.426655,-0.006731,401.171333,325.614300,-460.647171,0.637345,-0.022416,0.028619,0.769721
1139,1769790348021,12.665307,402.1857,325.7769,-460.4599,0.637386,-0.022230,0.027217,0.769743,1.382617,-0.048221,0.059040,-0.079916,-0.418261,0.373243,2.843384,-0.423886,-0.006394,402.216895,325.758067,-460.533767,0.637376,-0.021504,0.027732,0.769753
1140,1769790348032,12.676418,403.1789,325.7726,-460.3816,0.637240,-0.020190,0.027115,0.769924,1.382206,-0.043792,0.058814,-0.079097,-0.418429,0.373240,2.843746,-0.421104,-0.005997,403.204019,325.786414,-460.340771,0.637511,-0.020844,0.026540,0.769702
1141,1769790348043,12.687529,404.2303,325.6845,-460.1856,0.637785,-0.019934,0.025591,0.769531,1.383591,-0.043243,0.055515,-0.077470,-0.418736,0.373233,2.844549,-0.415572,-0.005273,404.233929,325.743900,-460.183486,0.637571,-0.019994,0.025574,0.769707
1142,1769790348054,12.698640,405.3748,325.6640,-459.9660,0.637723,-0.019277,0.024302,0.769641,1.383400,-0.041817,0.052717,-0.076660,-0.418888,0.373262,2.844868,-0.412778,-0.004976,405.387295,325.533795,-459.964229,0.637634,-0.018909,0.024682,0.769712
1143,1769790348065,12.709751,406.5197,325.3635,-459.7653,0.637501,-0.018133,0.023811,0.769868,1.382800,-0.039333,0.051648,-0.075028,-0.419189,0.373258,2.845658,-0.407237,-0.004201,406.623486,325.267762,-459.668029,0.637605,-0.017945,0.023850,0.769785
1144,1769790348076,12.720862,407.8333,324.9519,-459.4286,0.637511,-0.016293,0.023341,0.769916,1.382797,-0.035341,0.050628,-0.074222,-0.419328,0.373263,2.846036,-0.404536,-0.003796,407.703171,325.204495,-459.540300,0.637510,-0.016731,0.023129,0.769913
1145,1769790348087,12.731974,408.8278,325.1730,-459.3647,0.637471,-0.015618,0.022565,0.769985,1.382675,-0.033876,0.048944,-0.073418,-0.419462,0.373266,2.846417,-0.401793,-0.003435,408.672700,325.279271,-459.542590,0.637561,-0.015643,0.022288,0.769919
1146,1769790348099,12.743085,409.3049,325.8221,-459.7919,0.637744,-0.014887,0.020957,0.769820,1.383353,-0.032292,0.045460,-0.071825,-0.419725,0.373298,2.847099,-0.396391,-0.002819,409.524962,325.542843,-459.599481,0.637669,-0.014756,0.021244,0.769876
1147,1769790348110,12.754196,410.3650,325.8386,-459.6682,0.637762,-0.013917,0.020266,0.769841,1.383381,-0.030188,0.043960,-0.071037,-0.419855,0.373290,2.847493,-0.393770,-0.002360,410.333386,325.913176,-459.604590,0.637705,-0.013728,0.020483,0.769886
1148,1769790348121,12.765307,411.2008,326.1343,-459.4250,0.637698,-0.012752,0.019664,0.769930,1.383196,-0.027659,0.042652,-0.070203,-0.419992,0.373259,2.847957,-0.390959,-0.001981,411.116386,326.295738,-459.462424,0.637713,-0.012802,0.019580,0.769919
1149,1769790348132,12.776418,412.1649,326.4781,-459.0909,0.637590,-0.011208,0.019473,0.770048,1.382901,-0.024310,0.042236,-0.068587,-0.420245,0.373286,2.848600,-0.385639,-0.001123,412.110343,326.444210,-459.128248,0.637622,-0.011839,0.018809,0.770029
1150,1769790348143,12.787529,412.9498,326.7407,-458.8960,0.637669,-0.011432,0.017442,0.770028,1.383083,-0.024795,0.037831,-0.067783,-0.420370,0.373266,2.849019,-0.382936,-0.000679,413.187829,326.490338,-458.865252,0.637675,-0.010728,0.018160,0.770017
1151,1769790348154,12.798641,414.6247,325.9861,-458.5765,0.637660,-0.009448,0.017486,0.770062,1.383045,-0.020492,0.037927,-0.066188,-0.420612,0.373291,2.849640,-0.377549,-0.000008,414.606033,326.047838,-458.629643,0.637758,-0.009256,0.017741,0.769976
1152,1769790348165,12.809752,416.0500,325.5491,-458.5097,0.638022,-0.007634,0.017649,0.769778,1.383976,-0.016559,0.038283,-0.065367,-0.420722,0.373289,2.850034,-0.374765,0.000369,416.035857,325.490581,-458.453762,0.637846,-0.008001,0.017091,0.769933
1153,1769790348176,12.820863,417.7321,324.5230,-458.2869,0.637825,-0.005995,0.016949,0.769971,1.383450,-0.013004,0.036762,-0.064566,-0.420846,0.373263,2.850424,-0.372087,0.000802,417.456443,324.780952,-458.314843,0.637914,-0.006480,0.016618,0.769901
1154,1769790348187,12.831974,418.4672,324.6858,-458.2653,0.637845,-0.006126,0.015159,0.769991,1.383483,-0.013287,0.032879,-0.062925,-0.421078,0.373254,2.851142,-0.366543,0.001620,418.728105,324.387490,-458.286205,0.637813,-0.005353,0.015880,0.770009
1155,1769790348199,12.843085,419.8295,323.9597,-458.2607,0.637834,-0.004162,0.015048,0.770016,1.383446,-0.009028,0.032639,-0.062111,-0.421189,0.373231,2.851563,-0.363798,0.002002,419.744343,324.353705,-458.295757,0.637720,-0.004371,0.015002,0.770110
1156,1769790348210,12.854197,421.0528,324.5132,-458.3831,0.637469,-0.003207,0.014611,0.770331,1.382491,-0.006955,0.031686,-0.060507,-0.421422,0.373252,2.852162,-0.358383,0.002760,421.062362,324.292376,-458.322524,0.637755,-0.003451,0.014166,0.770101
1157,1769790348221,12.865308,421.7044,324.8871,-458.3289,0.637975,-0.002515,0.013216,0.769940,1.383792,-0.005455,0.028665,-0.059689,-0.421509,0.373255,2.852526,-0.355675,0.003083,422.105262,324.580081,-458.267471,0.637841,-0.002429,0.013326,0.770049
1158,1769790348232,12.876419,423.7524,324.3081,-458.1662,0.637977,-0.001800,0.012055,0.769959,1.383787,-0.003904,0.026147,-0.058885,-0.421624,0.373261,2.852848,-0.352959,0.003475,422.778367,325.169129,-458.228167,0.637945,-0.001728,0.012173,0.769984
1159,1769790348243,12.887530,422.7290,326.2345,-458.0835,0.638043,-0.000912,0.011054,0.769921,1.383950,-0.001978,0.023977,-0.057252,-0.421840,0.373259,2.853527,-0.347500,0.004240,423.235471,325.611824,-458.178567,0.638015,-0.000866,0.011103,0.769944
1160,1769790348254,12.898641,423.6463,326.0834,-458.2416,0.637892,0.000199,0.010327,0.770057,1.383551,0.000431,0.022399,-0.056438,-0.421939,0.373256,2.853862,-0.344712,0.004542,423.807700,326.014343,-458.113924,0.637860,0.000175,0.010287,0.770084
1161,1769790348265,12.909752,424.4799,326.1025,-458.0995,0.637762,0.001218,0.009545,0.770173,1.383209,0.002643,0.020702,-0.054812,-0.422158,0.373250,2.854536,-0.339263,0.005362,424.522162,326.268600,-458.081833,0.637810,0.001191,0.009493,0.770134
1162,1769790348276,12.920864,425.9988,326.0423,-457.9002,0.637738,0.002363,0.008788,0.770200,1.383144,0.005125,0.019059,-0.054004,-0.422256,0.373224,2.854914,-0.336547,0.005719,425.886090,326.000233,-458.027671,0.637901,0.002236,0.008777,0.770065
1163,1769790348287,12.931975,427.3303,325.7908,-457.9691,0.638106,0.003139,0.007982,0.769901,1.384095,0.006809,0.017313,-0.053204,-0.422360,0.373232,2.855169,-0.333937,0.006138,427.200157,325.812481,-457.875167,0.638020,0.003412,0.008176,0.769969
1164,1769790348299,12.943086,428.4688,325.6454,-457.8271,0.638294,0.004585,0.007571,0.769742,1.384586,0.009947,0.016423,-0.051632,-0.422551,0.373169,2.855943,-0.328712,0.006875,428.787052,325.474267,-457.819757,0.638104,0.004664,0.007574,0.769899
1165,1769790348310,12.954197,430.0661,325.1842,-457.5855,0.637958,0.005949,0.006969,0.770017,1.383716,0.012904,0.015117,-0.050785,-0.422650,0.373154,2.856280,-0.325926,0.007359,429.956662,325.383476,-457.674048,0.638072,0.005503,0.006567,0.769929
1166,1769790348321,12.965309,431.6299,325.1465,-457.6704,0.637942,0.006552,0.005607,0.770037,1.383669,0.014212,0.012162,-0.049933,-0.422738,0.373180,2.856542,-0.323051,0.007660,431.057633,325.455852,-457.521971,0.637938,0.006459,0.005607,0.770040
1167,1769790348332,12.976420,431.5291,325.8848,-457.2076,0.637887,0.006497,0.003875,0.770093,1.383523,0.014091,0.008405,-0.048281,-0.422919,0.373166,2.857153,-0.317596,0.008435,432.293552,325.294271,-457.340319,0.637936,0.007233,0.004507,0.770042
1168,1769790348343,12.987531,433.2728,325.4650,-457.3291,0.638056,0.008542,0.003968,0.769933,1.383971,0.018527,0.008607,-0.047448,-0.423006,0.373149,2.857507,-0.314804,0.008854,433.228138,325.416200,-457.225919,0.638125,0.008002,0.003499,0.769883
1169,1769790348354,12.998642,434.6672,324.8081,-457.0102,0.638400,0.008999,0.002615,0.769648,1.384866,0.019521,0.005673,-0.045822,-0.423187,0.373146,2.858057,-0.309325,0.009594,434.015567,325.573481,-457.149710,0.638351,0.009003,0.002599,0.769688
1170,1769790348365,13.009753,434.6088,326.1845,-457.2182,0.638510,0.009911,0.001766,0.769548,1.385155,0.021501,0.003830,-0.045027,-0.423262,0.373156,2.858302,-0.306653,0.009897,434.978867,325.674567,-457.155310,0.638497,0.010139,0.001851,0.769555
1171,1769790348376,13.020865,435.4402,326.1484,-457.1805,0.638461,0.011113,0.000705,0.769574,1.385036,0.024107,0.001529,-0.044221,-0.423364,0.373122,2.858661,-0.303837,0.010252,435.622005,326.049371,-457.080205,0.638297,0.011053,0.000897,0.769710
1172,1769790348387,13.031976,436.6406,326.1586,-457.0174,0.637993,0.012189,0.000327,0.769946,1.383828,0.026437,0.000708,-0.042622,-0.423510,0.373080,2.859341,-0.298512,0.011064,436.454900,326.405319,-457.113895,0.637905,0.012127,0.000101,0.770020
1173,1769790348399,13.043088,437.5159,326.4829,-457.0172,0.637335,0.013160,-0.000728,0.770474,1.382128,0.028539,-0.001579,-0.041825,-0.423594,0.373117,2.859493,-0.295843,0.011389,437.601352,326.368124,-457.051367,0.637608,0.013078,-0.000754,0.770250
1174,1769790348410,13.054199,438.7597,326.5018,-457.2084,0.637547,0.013833,-0.001814,0.770286,1.382684,0.030001,-0.003934,-0.040224,-0.423747,0.373093,2.860090,-0.290466,0.012153,438.672705,326.515805,-457.117300,0.637727,0.013891,-0.001743,0.770135
1175,1769790348421,13.065310,439.7195,326.4145,-457.0878,0.638045,0.014766,-0.002666,0.769853,1.383989,0.032028,-0.005782,-0.039463,-0.423819,0.373104,2.860330,-0.287864,0.012442,439.775186,326.454214,-457.228957,0.637967,0.014856,-0.002694,0.769916
1176,1769790348432,13.076421,440.8231,326.4659,-457.3825,0.638656,0.015713,-0.003803,0.769322,1.385590,0.034089,-0.008250,-0.038652,-0.423901,0.373130,2.860509,-0.285107,0.012779,440.808433,326.290895,-457.287590,0.638264,0.015828,-0.003593,0.769647
1177,1769790348443,13.087532,442.0571,325.8209,-457.2321,0.637933,0.017077,-0.004145,0.769892,1.383726,0.037042,-0.008990,-0.037036,-0.424048,0.373099,2.861113,-0.279635,0.013499,441.961567,326.001895,-457.155486,0.638162,0.016682,-0.004543,0.769708
1178,1769790348454,13.098644,442.8461,325.8817,-457.0325,0.638027,0.017500,-0.005535,0.769795,1.383980,0.037960,-0.012007,-0.036225,-0.424117,0.373093,2.861375,-0.276928,0.013877,443.171976,325.711143,-456.991552,0.637918,0.017534,-0.005369,0.769886
1179,1769790348465,13.109755,444.6149,325.3748,-456.6229,0.637489,0.018173,-0.006318,0.770219,1.382595,0.039413,-0.013702,-0.034589,-0.424258,0.373097,2.861841,-0.271430,0.014609,444.324224,325.507095,-456.812486,0.637687,0.018681,-0.005962,0.770046
1180,1769790348476,13.120866,445.3529,325.5782,-456.7824,0.637868,0.019817,-0.006476,0.769863,1.383600,0.042985,-0.014046,-0.033793,-0.424325,0.373101,2.862061,-0.268729,0.014979,445.351529,325.651871,-456.800362,0.637830,0.019675,-0.006759,0.769896
1181,1769790348487,13.131978,446.2161,325.8577,-456.9270,0.637968,0.021425,-0.007139,0.769732,1.383883,0.046474,-0.015486,-0.032977,-0.424388,0.373119,2.862245,-0.265965,0.015283,446.231514,325.883019,-456.814357,0.638033,0.020836,-0.007481,0.769691
1182,1769790348499,13.143089,446.9315,326.4190,-456.9499,0.638383,0.021446,-0.008673,0.769371,1.384971,0.046527,-0.018817,-0.031350,-0.424515,0.373113,2.862730,-0.260609,0.016135,446.871538,326.316210,-456.911386,0.638276,0.021951,-0.008279,0.769450
1183,1769790348510,13.154200,447.6464,326.5067,-456.7258,0.638377,0.022908,-0.009231,0.769327,1.384981,0.049699,-0.020026,-0.030563,-0.424580,0.373086,2.862994,-0.258014,0.016573,447.834986,326.451505,-456.831200,0.638226,0.022993,-0.009091,0.769452
1184,1769790348521,13.165312,448.7245,326.6624,-456.8812,0.638071,0.024120,-0.009671,0.769539,1.384206,0.052325,-0.020979,-0.029756,-0.424634,0.373063,2.863284,-0.255283,0.016925,448.759771,326.581010,-456.757190,0.638147,0.023939,-0.009891,0.769478
1185,1769790348532,13.176423,450.1978,326.2256,-456.5860,0.637902,0.025307,-0.010436,0.769631,1.383794,0.054898,-0.022640,-0.028150,-0.424748,0.373067,2.863761,-0.249913,0.017709,449.912219,326.551457,-456.733990,0.638121,0.025106,-0.010587,0.769454
1186,1769790348543,13.187534,450.7310,326.8236,-456.7931,0.638241,0.025732,-0.011770,0.769316,1.384692,0.055827,-0.025536,-0.027341,-0.424782,0.373076,2.863984,-0.247226,0.018108,451.004119,326.542652,-456.755086,0.638167,0.026062,-0.011559,0.769370
1187,1769790348554,13.198645,452.3684,326.4209,-456.7566,0.638508,0.027050,-0.012518,0.769038,1.385415,0.058693,-0.027162,-0.025759,-0.424883,0.373077,2.864454,-0.241954,0.018831,452.135371,326.547648,-456.644548,0.638324,0.026933,-0.012639,0.769193
1188,1769790348565,13.209757,453.0712,326.4297,-456.6407,0.638264,0.028006,-0.013639,0.769187,1.384808,0.060764,-0.029591,-0.024950,-0.424935,0.373082,2.864694,-0.239190,0.019184,453.313776,326.415590,-456.692095,0.638452,0.027941,-0.013509,0.769036
1189,1769790348576,13.220868,454.7610,326.2557,-456.4323,0.638447,0.028759,-0.014420,0.768993,1.385306,0.062401,-0.031288,-0.024149,-0.424974,0.373057,2.864999,-0.236494,0.019544,454.735195,326.025500,-456.598671,0.638373,0.028898,-0.014374,0.769050
1190,1769790348587,13.231979,455.9883,325.5423,-456.8280,0.638347,0.030074,-0.014945,0.769016,1.385077,0.065253,-0.032428,-0.022540,-0.425059,0.373088,2.865397,-0.231087,0.020197,455.879524,325.786805,-456.537186,0.638212,0.029745,-0.015282,0.769134
1191,1769790348599,13.243090,457.2239,325.4933,-456.3878,0.638026,0.030469,-0.016344,0.769239,1.384265,0.066106,-0.035460,-0.021739,-0.425113,0.373087,2.865615,-0.228383,0.020523,457.057833,325.557143,-456.568900,0.638180,0.030841,-0.016044,0.769102
1192,1769790348610,13.254201,457.7799,325.5909,-456.5566,0.638040,0.032011,-0.016821,0.769154,1.384339,0.069454,-0.036496,-0.020134,-0.425184,0.373082,2.866048,-0.223016,0.021268,457.982467,325.504038,-456.640419,0.638147,0.032099,-0.016725,0.769063
1193,1769790348621,13.265313,459.0870,325.4936,-456.7572,0.638349,0.033592,-0.017308,0.768819,1.385184,0.072894,-0.037557,-0.019284,-0.425222,0.373078,2.866312,-0.220113,0.021656,459.117214,325.446710,-456.595762,0.638215,0.033306,-0.017499,0.768938
1194,1769790348632,13.276424,460.1818,325.4704,-456.6812,0.638288,0.034585,-0.017996,0.768810,1.385055,0.075047,-0.039050,-0.018501,-0.425257,0.373095,2.866481,-0.217487,0.021950,460.348762,325.268824,-456.667433,0.638259,0.034552,-0.018109,0.768833
1195,1769790348643,13.287535,461.8406,324.9998,-456.4902,0.638224,0.035417,-0.019206,0.768796,1.384924,0.076854,-0.041677,-0.016868,-0.425327,0.373056,2.867018,-0.211981,0.022778,461.521781,325.340324,-456.616005,0.638219,0.035519,-0.018962,0.768802
1196,1769790348654,13.298646,462.5673,325.4184,-456.5971,0.637977,0.036399,-0.019675,0.768943,1.384312,0.078981,-0.042691,-0.016071,-0.425351,0.373072,2.867190,-0.209326,0.023046,462.503162,325.565062,-456.513776,0.638033,0.036460,-0.019791,0.768891
1197,1769790348665,13.309757,463.0540,326.3246,-456.4611,0.638007,0.037421,-0.020784,0.768840,1.384431,0.081200,-0.045099,-0.015274,-0.425374,0.373089,2.867373,-0.206672,0.023324,463.344833,325.921090,-456.435529,0.637950,0.037392,-0.020721,0.768891
1198,1769790348676,13.320869,464.1423,326.2287,-456.3534,0.637776,0.038465,-0.021450,0.768961,1.383867,0.083462,-0.046542,-0.013677,-0.425428,0.373092,2.867782,-0.201284,0.023988,463.938157,326.376838,-456.407590,0.637910,0.038327,-0.021674,0.768851
1199,1769790348687,13.331980,464.7853,326.5595,-456.3438,0.638014,0.039068,-0.022884,0.768693,1.384521,0.084780,-0.049660,-0.012897,-0.425445,0.373086,2.868002,-0.198754,0.024342,464.727462,326.658981,-456.370905,0.637912,0.039187,-0.022713,0.768776
1200,1769790348699,13.343091,465.4541,326.7745,-456.4621,0.637881,0.040096,-0.023686,0.768725,1.384217,0.087010,-0.051399,-0.011316,-0.425476,0.373093,2.868382,-0.193435,0.024931,465.731862,326.665300,-456.412910,0.637858,0.040056,-0.023590,0.768750
1201,1769790348710,13.354202,466.8568,326.7855,-456.4705,0.637786,0.040990,-0.024334,0.768737,1.384003,0.088950,-0.052804,-0.010484,-0.425493,0.373101,2.868575,-0.190619,0.025324,466.810119,326.674548,-456.471086,0.637795,0.041082,-0.024420,0.768722
1202,1769790348721,13.365314,468.1983,326.2953,-456.5556,0.637656,0.042177,-0.025016,0.768759,1.383709,0.091524,-0.054284,-0.009685,-0.425507,0.373093,2.868769,-0.187924,0.025663,468.061029,326.443119,-456.595662,0.637743,0.042132,-0.025084,0.768687
1203,1769790348732,13.376425,469.2880,326.2215,-456.6271,0.637619,0.043467,-0.025774,0.768693,1.383664,0.094325,-0.055931,-0.008066,-0.425532,0.373067,2.869146,-0.182503,0.026466,469.271924,326.142167,-456.639586,0.637604,0.043341,-0.025708,0.768714
1204,1769790348743,13.387536,470.4174,325.8187,-456.8564,0.637685,0.044264,-0.026405,0.768571,1.383870,0.096060,-0.057303,-0.007258,-0.425537,0.373057,2.869331,-0.179732,0.026835,470.423881,325.904543,-456.681819,0.637370,0.044648,-0.026235,0.768816
1205,1769790348754,13.398647,471.5096,325.7321,-456.6169,0.637039,0.046079,-0.026752,0.768988,1.382252,0.099983,-0.058046,-0.005675,-0.425541,0.373037,2.869693,-0.174441,0.027578,471.809481,325.603371,-456.783329,0.637323,0.045798,-0.026840,0.768766
1206,1769790348765,13.409759,473.0954,325.6264,-456.8842,0.637199,0.046882,-0.027477,0.768781,1.382708,0.101734,-0.059624,-0.004877,-0.425549,0.373029,2.869851,-0.171672,0.027814,472.954924,325.611471,-456.974824,0.637562,0.046628,-0.027870,0.768481
1207,1769790348776,13.420870,474.4867,325.3256,-457.2595,0.637983,0.047356,-0.028933,0.768048,1.384789,0.102790,-0.062801,-0.004087,-0.425561,0.373004,2.870056,-0.169117,0.028321,473.919581,325.879929,-457.180533,0.637680,0.047461,-0.028882,0.768295
1208,1769790348787,13.431981,474.2862,326.5876,-457.4303,0.638142,0.047892,-0.030506,0.767822,1.385249,0.103961,-0.066222,-0.002470,-0.425556,0.372944,2.870527,-0.163689,0.029079,474.902529,326.011490,-457.344857,0.637658,0.048339,-0.029810,0.768224
1209,1769790348799,13.443092,475.5635,326.3330,-457.2912,0.636981,0.049569,-0.030187,0.768691,1.382281,0.107567,-0.065508,-0.001671,-0.425567,0.372938,2.870687,-0.160985,0.029425,475.631400,326.181781,-457.252157,0.637198,0.049398,-0.030535,0.768509
1210,1769790348810,13.454203,476.8849,325.8213,-456.9619,0.636670,0.050933,-0.030964,0.768829,1.381535,0.110522,-0.067189,-0.000059,-0.425580,0.372902,2.871050,-0.155530,0.030128,476.345195,326.343629,-456.989824,0.637014,0.050574,-0.031287,0.768555
1211,1769790348821,13.465315,477.1366,326.3512,-456.6894,0.636753,0.051475,-0.032033,0.768681,1.381792,0.111704,-0.069514,0.000731,-0.425566,0.372870,2.871280,-0.152923,0.030566,477.456405,326.130948,-456.768333,0.637080,0.051773,-0.031958,0.768393
1212,1769790348832,13.476426,478.1954,326.3723,-456.5873,0.638193,0.052650,-0.033416,0.767347,1.385607,0.114310,-0.072551,0.001531,-0.425575,0.372831,2.871508,-0.150167,0.030874,478.441371,326.153252,-456.638676,0.637461,0.052694,-0.032976,0.767971
1213,1769790348843,13.487537,479.8086,325.9333,-456.6822,0.637423,0.053832,-0.033467,0.767902,1.383649,0.116852,-0.072647,0.003130,-0.425565,0.372813,2.871838,-0.144763,0.031607,479.460086,326.289133,-456.482643,0.637530,0.053641,-0.033804,0.767812
1214,1769790348854,13.498648,480.6987,326.2469,-456.5228,0.637355,0.054512,-0.034670,0.767857,1.383525,0.118330,-0.075260,0.003978,-0.425548,0.372811,2.872009,-0.141972,0.032081,480.643443,326.232829,-456.552548,0.637429,0.054551,-0.034722,0.767791
1215,1769790348865,13.509760,481.6970,326.3167,-456.4001,0.636919,0.055512,-0.035472,0.768111,1.382446,0.120490,-0.076992,0.005551,-0.425521,0.372775,2.872398,-0.136596,0.032771,481.971481,325.970395,-456.765948,0.637131,0.055491,-0.035487,0.767936
1216,1769790348876,13.520871,483.0470,325.7688,-457.3226,0.637394,0.056218,-0.036746,0.767606,1.383737,0.122046,-0.079773,0.006313,-0.425493,0.372793,2.872475,-0.133952,0.032929,483.244567,325.748029,-457.079490,0.637275,0.056501,-0.036351,0.767702
1217,1769790348887,13.531982,484.9331,325.0299,-457.4504,0.637394,0.057866,-0.036792,0.767480,1.383804,0.125628,-0.079878,0.007110,-0.425486,0.372772,2.872683,-0.131249,0.033317,484.413133,325.482957,-457.364333,0.637450,0.057609,-0.037093,0.767439
1218,1769790348899,13.543093,485.3932,325.5389,-457.5057,0.637624,0.058721,-0.037761,0.767178,1.384460,0.127500,-0.081989,0.008671,-0.425425,0.372778,2.872936,-0.126001,0.033959,485.407052,325.356567,-457.484371,0.637561,0.058725,-0.037882,0.767224
1219,1769790348910,13.554205,485.8161,325.6217,-457.2065,0.637476,0.059660,-0.038895,0.767171,1.384143,0.129539,-0.084452,0.009489,-0.425405,0.372760,2.873137,-0.123151,0.034299,485.988205,325.586210,-457.203210,0.637282,0.059665,-0.038767,0.767339
1220,1769790348921,13.565316,486.8195,325.6174,-457.1229,0.636948,0.060699,-0.039698,0.767488,1.382831,0.131779,-0.086185,0.010269,-0.425370,0.372762,2.873261,-0.120520,0.034596,486.716029,325.723457,-457.123590,0.637009,0.060605,-0.039720,0.767443
1221,1769790348932,13.576428,487.4525,325.8596,-456.9229,0.636501,0.061356,-0.040659,0.767755,1.381724,0.133192,-0.088263,0.011875,-0.425325,0.372755,2.873538,-0.115143,0.035383,487.969524,325.496805,-457.243071,0.636807,0.061761,-0.040408,0.767482
1222,1769790348943,13.587539,489.6497,325.0551,-457.7122,0.636868,0.063199,-0.040887,0.767290,1.382760,0.137218,-0.088773,0.012668,-0.425295,0.372748,2.873693,-0.112470,0.035710,489.272276,325.237343,-457.497600,0.636762,0.062971,-0.041051,0.767388
1223,1769790348954,13.598650,490.7870,324.8696,-457.8971,0.637001,0.064152,-0.041729,0.767055,1.383170,0.139299,-0.090609,0.014264,-0.425230,0.372751,2.873933,-0.107091,0.036379,490.445829,325.099748,-457.770052,0.636839,0.063922,-0.042013,0.767193
1224,1769790348965,13.609762,491.3228,325.0077,-457.8329,0.636817,0.064944,-0.042949,0.767073,1.382762,0.141017,-0.093258,0.015099,-0.425198,0.372766,2.874028,-0.104310,0.036801,491.698129,324.886167,-457.951733,0.636870,0.064960,-0.042857,0.767033
1225,1769790348976,13.620873,492.5309,325.2043,-457.9551,0.636720,0.065333,-0.044314,0.767044,1.382566,0.141863,-0.096223,0.015916,-0.425167,0.372743,2.874200,-0.101516,0.037174,492.680167,324.965519,-457.879690,0.636750,0.065813,-0.043806,0.767007
1226,1769790348987,13.631984,494.1464,324.6631,-457.8837,0.636631,0.067110,-0.044184,0.766972,1.382409,0.145725,-0.095943,0.017531,-0.425097,0.372696,2.874565,-0.096074,0.037947,493.835124,325.022895,-457.938724,0.636652,0.066716,-0.044640,0.766961
1227,1769790348999,13.643095,494.9948,325.1616,-457.9495,0.636630,0.067781,-0.045401,0.766843,1.382474,0.147189,-0.098591,0.018344,-0.425058,0.372706,2.874658,-0.093389,0.038331,495.119462,324.968362,-458.060162,0.636606,0.067755,-0.045370,0.766866
1228,1769790349010,13.654207,496.1470,325.0812,-458.3136,0.636570,0.068495,-0.046343,0.766772,1.382381,0.148745,-0.100639,0.019905,-0.424975,0.372679,2.874969,-0.088119,0.038941,496.174838,325.011105,-458.174471,0.636538,0.068655,-0.046334,0.766785
1229,1769790349021,13.665318,497.2384,324.9419,-458.2728,0.636484,0.069711,-0.047283,0.766677,1.382244,0.151391,-0.102683,0.020708,-0.424930,0.372708,2.875002,-0.085409,0.039228,497.119610,325.157848,-458.254843,0.636519,0.069511,-0.047371,0.766660
1230,1769790349032,13.676429,497.9388,325.3423,-458.2924,0.636428,0.070239,-0.048543,0.766596,1.382163,0.152542,-0.105424,0.021488,-0.424892,0.372689,2.875157,-0.082778,0.039601,498.088090,325.160257,-458.336748,0.636493,0.070642,-0.048089,0.766534
1231,1769790349043,13.687540,498.9752,325.2819,-458.2416,0.636552,0.072024,-0.048519,0.766329,1.382570,0.156435,-0.105383,0.023095,-0.424795,0.372686,2.875372,-0.077395,0.040317,498.825767,325.354343,-458.297157,0.636436,0.071771,-0.048828,0.766429
1232,1769790349054,13.698652,499.6445,325.4119,-458.4999,0.636381,0.072921,-0.049447,0.766327,1.382199,0.158381,-0.107398,0.023897,-0.424747,0.372690,2.875478,-0.074726,0.040654,499.569810,325.518052,-458.372729,0.636362,0.072705,-0.049705,0.766347
1233,1769790349065,13.709763,500.1941,325.7648,-458.3015,0.636228,0.073646,-0.050661,0.766306,1.381879,0.159958,-0.110035,0.025479,-0.424640,0.372656,2.875789,-0.069414,0.041385,500.404848,325.579548,-458.415319,0.636342,0.073800,-0.050461,0.766209
1234,1769790349076,13.720874,501.4943,325.5075,-458.6502,0.636273,0.074507,-0.051666,0.766118,1.382074,0.161839,-0.112226,0.026273,-0.424598,0.372677,2.875817,-0.066647,0.041718,501.545329,325.517057,-458.587190,0.636322,0.074895,-0.051274,0.766065
1235,1769790349087,13.731985,502.6919,325.4750,-458.6064,0.636442,0.076243,-0.051734,0.765801,1.382606,0.165630,-0.112387,0.027063,-0.424534,0.372643,2.876045,-0.064045,0.042123,502.781681,325.438490,-458.754195,0.636303,0.076006,-0.052043,0.765920
1236,1769790349099,13.743097,504.4067,325.1428,-459.1243,0.636229,0.077311,-0.052649,0.765809,1.382138,0.167950,-0.114374,0.028654,-0.424431,0.372656,2.876175,-0.058648,0.042858,503.875029,325.493690,-458.911124,0.636197,0.076789,-0.053062,0.765860
1237,1769790349110,13.754208,504.7637,325.6167,-459.0286,0.635949,0.077370,-0.054267,0.765923,1.381472,0.168071,-0.117885,0.029472,-0.424377,0.372673,2.876205,-0.055887,0.043294,504.986724,325.442262,-459.051314,0.636042,0.077708,-0.053924,0.765835
1238,1769790349121,13.765319,505.7092,325.6696,-459.0221,0.635761,0.077842,-0.055504,0.765943,1.381052,0.169095,-0.120571,0.030282,-0.424316,0.372651,2.876336,-0.053117,0.043711,506.240529,325.094719,-459.231533,0.635738,0.078435,-0.054998,0.765937
1239,1769790349132,13.776430,507.7136,324.5920,-459.4802,0.635732,0.080018,-0.055217,0.765763,1.381083,0.173834,-0.119956,0.031864,-0.424191,0.372649,2.876526,-0.047786,0.044487,507.300124,325.109581,-459.317495,0.635638,0.079253,-0.055993,0.765865
1240,1769790349143,13.787542,508.7740,324.5449,-459.4802,0.635335,0.080202,-0.056952,0.765946,1.380127,0.174222,-0.123715,0.032638,-0.424129,0.372623,2.876691,-0.045153,0.044819,508.437090,325.053552,-459.439424,0.635628,0.080331,-0.056752,0.765704
1241,1769790349154,13.798653,508.9677,326.0317,-459.4730,0.635858,0.081073,-0.057908,0.765349,1.381570,0.176152,-0.125822,0.034245,-0.423999,0.372643,2.876787,-0.039706,0.045631,509.343090,325.237705,-459.523757,0.635647,0.081393,-0.057570,0.765515
1242,1769790349165,13.809764,509.9863,325.3947,-459.4820,0.635635,0.082397,-0.058315,0.765361,1.381080,0.179028,-0.126704,0.035042,-0.423923,0.372661,2.876812,-0.037054,0.046018,509.999895,325.625886,-459.509100,0.635568,0.082174,-0.058673,0.765414
1243,1769790349176,13.820876,510.9430,325.6957,-459.6539,0.635492,0.083494,-0.059271,0.765288,1.380808,0.181418,-0.128785,0.035850,-0.423855,0.372651,2.876917,-0.034280,0.046359,510.857114,325.768500,-459.634252,0.635508,0.083446,-0.059231,0.765283
1244,1769790349187,13.831987,511.8411,325.6958,-459.7217,0.635196,0.084351,-0.060225,0.765366,1.380123,0.183273,-0.130854,0.037446,-0.423728,0.372678,2.876956,-0.028825,0.047157,511.862810,325.657252,-459.781424,0.635377,0.084704,-0.059798,0.765210
1245,1769790349199,13.843098,512.8943,325.7609,-460.0448,0.635371,0.086073,-0.060117,0.765036,1.380675,0.187039,-0.130636,0.038248,-0.423641,0.372689,2.877006,-0.026107,0.047503,512.869252,325.755605,-459.932290,0.635320,0.085754,-0.060511,0.765083
1246,1769790349210,13.854209,513.8020,325.7812,-460.0366,0.635392,0.086808,-0.061227,0.764848,1.380817,0.188650,-0.133056,0.039808,-0.423484,0.372689,2.877180,-0.020851,0.048251,513.841905,325.795652,-460.060886,0.635203,0.086549,-0.061489,0.765014
1247,1769790349221,13.865320,515.1110,325.6361,-460.2220,0.635002,0.087268,-0.062480,0.765018,1.379883,0.189637,-0.135771,0.040567,-0.423412,0.372690,2.877247,-0.018230,0.048603,515.098829,325.604210,-460.303752,0.635103,0.087595,-0.062202,0.764920
1248,1769790349232,13.876432,516.0269,325.7633,-460.4745,0.634804,0.088062,-0.063709,0.764991,1.379465,0.191364,-0.138443,0.041399,-0.423322,0.372683,2.877341,-0.015430,0.049040,516.255724,325.584105,-460.515948,0.634923,0.088523,-0.063101,0.764889
1249,1769790349243,13.887543,517.8419,325.0638,-460.9296,0.634872,0.090214,-0.063080,0.764735,1.379746,0.196059,-0.137090,0.042968,-0.423143,0.372692,2.877461,-0.010013,0.049704,517.386029,325.581719,-460.744276,0.634756,0.089499,-0.063957,0.764842
1250,1769790349254,13.898654,518.1007,326.0569,-460.8608,0.634682,0.090382,-0.064939,0.764718,1.379341,0.196426,-0.141130,0.043783,-0.423065,0.372701,2.877519,-0.007216,0.050118,518.293795,325.636981,-460.911229,0.634653,0.090378,-0.064857,0.764749
1251,1769790349265,13.909766,519.2275,325.6344,-460.9994,0.634485,0.090889,-0.066235,0.764710,1.378917,0.197529,-0.143948,0.045353,-0.422874,0.372722,2.877559,-0.001865,0.050764,519.190352,325.731690,-461.062419,0.634519,0.091131,-0.065972,0.764676
1252,1769790349276,13.920877,519.9819,325.7004,-461.2401,0.634408,0.091768,-0.067016,0.764601,1.378806,0.199447,-0.145650,0.046153,-0.422775,0.372749,2.877557,0.000846,0.051141,520.119948,325.754067,-461.269262,0.634453,0.091885,-0.067047,0.764546
1253,1769790349287,13.931988,521.3780,325.6649,-461.5818,0.634411,0.093156,-0.067844,0.764357,1.378939,0.202481,-0.147464,0.046969,-0.422686,0.372750,2.877587,0.003637,0.051592,521.478505,325.439629,-461.619714,0.634497,0.093201,-0.067557,0.764306
1254,1769790349299,13.943099,522.8483,325.1393,-461.9378,0.634641,0.094680,-0.067663,0.763995,1.379625,0.205823,-0.147091,0.048564,-0.422491,0.372822,2.877453,0.009078,0.052309,522.712438,325.315852,-461.799586,0.634470,0.094536,-0.068018,0.764123
1255,1769790349310,13.954211,524.0753,325.1621,-462.0250,0.634469,0.095909,-0.068623,0.763899,1.379302,0.208500,-0.149184,0.049391,-0.422384,0.372825,2.877493,0.011893,0.052796,523.880562,325.219243,-461.909467,0.634395,0.095746,-0.068659,0.763977
1256,1769790349321,13.965322,524.6428,325.3680,-461.7388,0.634121,0.096594,-0.069495,0.764022,1.378482,0.209979,-0.151071,0.050191,-0.422270,0.372856,2.877476,0.014549,0.053244,524.753276,325.378014,-462.005957,0.634360,0.096717,-0.069458,0.763812
1257,1769790349332,13.976433,525.5579,325.6203,-462.1760,0.634260,0.097600,-0.070567,0.763681,1.378961,0.212195,-0.153422,0.051796,-0.422071,0.372871,2.877481,0.020104,0.054023,525.610648,325.639305,-462.146414,0.634266,0.097599,-0.070489,0.763684
1258,1769790349343,13.987545,526.4129,326.0146,-462.4645,0.634378,0.098533,-0.071333,0.763392,1.379366,0.214246,-0.155103,0.052581,-0.421944,0.372904,2.877476,0.022753,0.054424,526.514429,325.795200,-462.387029,0.634143,0.098637,-0.071302,0.763576
1259,1769790349354,13.998656,527.7538,325.7320,-462.6479,0.633953,0.099743,-0.072145,0.763511,1.378381,0.216867,-0.156861,0.054191,-0.421723,0.372967,2.877329,0.028217,0.055151,527.578290,325.854067,-462.608576,0.634016,0.099667,-0.072223,0.763462
1260,1769790349365,14.009767,528.6033,325.8080,-462.7601,0.633612,0.100993,-0.072825,0.763566,1.377612,0.219581,-0.158337,0.054999,-0.421622,0.372977,2.877340,0.030944,0.055627,528.664181,325.894905,-462.742214,0.633707,0.100860,-0.072895,0.763498
1261,1769790349376,14.020879,529.7726,325.8603,-462.7570,0.633588,0.101679,-0.073989,0.763383,1.377652,0.221088,-0.160878,0.055814,-0.421496,0.372997,2.877317,0.033732,0.055946,529.840733,325.795105,-462.903714,0.633485,0.102139,-0.073591,0.763446
1262,1769790349387,14.031990,530.9678,325.9150,-463.2121,0.633288,0.103503,-0.073977,0.763388,1.376997,0.225053,-0.160852,0.057401,-0.421274,0.373037,2.877286,0.039108,0.056632,530.930867,325.811190,-463.143748,0.633505,0.103082,-0.074404,0.763223
1263,1769790349399,14.043101,532.2300,325.4825,-463.4207,0.633580,0.104161,-0.075290,0.762927,1.377872,0.226523,-0.163737,0.058234,-0.421147,0.373059,2.877284,0.041980,0.056985,532.173157,325.603081,-463.429881,0.633548,0.103916,-0.075305,0.762986
1264,1769790349410,14.054213,533.1525,325.6386,-463.7155,0.633592,0.104231,-0.076480,0.762790,1.377969,0.226686,-0.166333,0.059023,-0.421032,0.373093,2.877201,0.044683,0.057329,533.273067,325.485771,-463.677481,0.633313,0.104733,-0.076254,0.762975
1265,1769790349421,14.065324,534.5009,325.1513,-463.8316,0.633065,0.105513,-0.077324,0.762966,1.376731,0.229460,-0.168156,0.060626,-0.420787,0.373124,2.877200,0.050097,0.058092,534.306871,325.482971,-463.786805,0.632944,0.105383,-0.077438,0.763073
1266,1769790349432,14.076435,535.1547,325.7266,-463.8643,0.632285,0.106446,-0.078334,0.763380,1.374820,0.231454,-0.170326,0.061402,-0.420673,0.373180,2.877065,0.052781,0.058326,535.285990,325.496395,-463.899890,0.632772,0.106301,-0.078393,0.762990
1267,1769790349443,14.087546,536.2704,325.6380,-464.0052,0.632496,0.107373,-0.079329,0.762972,1.375491,0.233504,-0.172517,0.062984,-0.420427,0.373181,2.877103,0.058159,0.059094,536.324124,325.531738,-464.123271,0.632617,0.107571,-0.079174,0.762860
1268,1769790349454,14.098657,537.2354,325.3197,-464.3153,0.633277,0.108603,-0.079923,0.762088,1.377645,0.236256,-0.173867,0.063762,-0.420297,0.373196,2.877077,0.060836,0.059421,537.149990,325.547524,-464.278167,0.632599,0.108693,-0.079840,0.762646
1269,1769790349465,14.109769,538.2043,325.6538,-464.7121,0.632297,0.110150,-0.080313,0.762639,1.375229,0.239574,-0.174680,0.065340,-0.420042,0.373166,2.877159,0.066196,0.060274,538.040952,325.483424,-464.483538,0.632639,0.109767,-0.080483,0.762392
1270,1769790349476,14.120880,538.6187,325.3577,-464.3627,0.632397,0.110718,-0.081071,0.762393,1.375574,0.240832,-0.176344,0.066115,-0.419919,0.373182,2.877116,0.068874,0.060595,538.831876,325.474386,-464.597986,0.632522,0.110836,-0.081112,0.762268
1271,1769790349487,14.131991,539.8323,325.7205,-464.8436,0.632513,0.111637,-0.082115,0.762051,1.376003,0.242861,-0.178638,0.066890,-0.419793,0.373198,2.877049,0.071531,0.060930,539.836186,325.617057,-464.770814,0.632407,0.111938,-0.081917,0.762116
1272,1769790349499,14.143102,540.8467,325.5557,-464.8581,0.632575,0.113000,-0.082838,0.761721,1.376307,0.245856,-0.180234,0.068470,-0.419522,0.373171,2.877088,0.076906,0.061783,540.956986,325.718019,-464.952229,0.632609,0.112883,-0.083055,0.761686
1273,1769790349513,14.157087,542.3933,326.0689,-465.4126,0.632616,0.114127,-0.084173,0.761372,1.376577,0.248341,-0.183162,0.069254,-0.419393,0.373152,2.877101,0.079585,0.062245,542.146071,325.937786,-465.251148,0.632590,0.113760,-0.084330,0.761431
1274,1769790349524,14.168199,543.1903,326.0472,-465.3932,0.632531,0.114344,-0.085804,0.761228,1.376467,0.248826,-0.186719,0.070832,-0.419132,0.373173,2.876957,0.085056,0.062934,543.237076,326.029567,-465.453148,0.632399,0.114494,-0.085541,0.761345
1275,1769790349535,14.179310,544.1011,326.2275,-465.6953,0.632101,0.114967,-0.086717,0.761388,1.375449,0.250167,-0.188696,0.071602,-0.419006,0.373181,2.876874,0.087709,0.063279,544.227014,326.262157,-465.759457,0.632159,0.115189,-0.086630,0.761316
1276,1769790349546,14.190421,545.2352,326.2674,-466.0066,0.631801,0.116188,-0.087240,0.761392,1.374793,0.252825,-0.189833,0.073169,-0.418727,0.373184,2.876773,0.093122,0.064058,545.084229,326.392295,-466.009810,0.631959,0.116243,-0.087205,0.761256
1277,1769790349557,14.201533,545.9505,326.7581,-466.3953,0.631874,0.117440,-0.087802,0.761074,1.375117,0.255578,-0.191080,0.073952,-0.418591,0.373195,2.876668,0.095821,0.064412,546.029529,326.584829,-466.311938,0.631804,0.117384,-0.087839,0.761137
1278,1769790349568,14.212644,546.9157,326.6722,-466.5124,0.631836,0.118843,-0.088147,0.760848,1.375150,0.258653,-0.191846,0.074723,-0.418445,0.373175,2.876671,0.098432,0.064814,546.926657,326.674257,-466.518719,0.631738,0.118455,-0.088619,0.760935
1279,1769790349579,14.223755,547.8593,326.7838,-466.6377,0.631588,0.118981,-0.089998,0.760816,1.374627,0.258957,-0.195877,0.076295,-0.418146,0.373161,2.876575,0.103867,0.065527,547.793338,326.857314,-466.662205,0.631657,0.119281,-0.089565,0.760762
1280,1769790349590,14.234866,548.7197,326.8012,-466.7715,0.631533,0.120181,-0.090431,0.760621,1.374608,0.261588,-0.196833,0.077072,-0.418010,0.373186,2.876429,0.106568,0.065841,548.780114,326.941381,-466.748205,0.631563,0.120187,-0.090415,0.760597
1281,1769790349601,14.245977,549.7357,327.2741,-466.9177,0.631465,0.121021,-0.091202,0.760453,1.374547,0.263433,-0.198525,0.078594,-0.417724,0.373170,2.876316,0.111776,0.066545,549.755357,327.039562,-466.934300,0.631488,0.121169,-0.091166,0.760415
1282,1769790349613,14.257089,550.8778,326.9426,-467.0934,0.631470,0.122562,-0.091556,0.760159,1.374710,0.266816,-0.199317,0.079385,-0.417565,0.373181,2.876189,0.114529,0.066889,550.811205,326.970433,-467.157310,0.631344,0.122330,-0.091739,0.760279
1283,1769790349624,14.268200,551.8525,326.7575,-467.5237,0.631195,0.123348,-0.092505,0.760145,1.374118,0.268530,-0.201385,0.080153,-0.417427,0.373168,2.876152,0.117153,0.067291,551.924638,326.795990,-467.449143,0.631170,0.123360,-0.092503,0.760164
1284,1769790349635,14.279311,553.0882,326.4151,-467.7262,0.630856,0.124179,-0.093532,0.760166,1.373368,0.270338,-0.203619,0.081694,-0.417133,0.373127,2.876083,0.122479,0.067998,553.065000,326.420952,-467.762014,0.631085,0.124227,-0.093441,0.759979
1285,1769790349646,14.290422,554.1718,326.2450,-468.1082,0.631006,0.125168,-0.094253,0.759790,1.373889,0.272527,-0.205218,0.082465,-0.416971,0.373121,2.876015,0.125143,0.068342,554.168595,326.201519,-468.104276,0.630944,0.125080,-0.094399,0.759838
1286,1769790349657,14.301533,555.3146,325.8439,-468.3431,0.631046,0.125764,-0.095499,0.759503,1.374126,0.273856,-0.207952,0.083233,-0.416823,0.373112,2.875944,0.127809,0.068685,555.283057,325.941048,-468.338471,0.630794,0.126084,-0.095192,0.759697
1287,1769790349668,14.312644,556.2520,325.9460,-468.6733,0.630519,0.127254,-0.095891,0.759643,1.372905,0.277085,-0.208794,0.084775,-0.416522,0.373092,2.875781,0.133159,0.069393,556.285286,325.847638,-468.614171,0.630701,0.126955,-0.096083,0.759517
1288,1769790349679,14.323756,557.3184,325.6312,-468.6938,0.630415,0.127922,-0.096825,0.759499,1.372752,0.278555,-0.210840,0.085525,-0.416360,0.373086,2.875737,0.135711,0.069755,557.254643,325.774648,-468.768524,0.630534,0.127797,-0.097014,0.759397
1289,1769790349690,14.334867,558.1578,325.9576,-469.0977,0.630605,0.128357,-0.098193,0.759092,1.373376,0.279545,-0.213851,0.087072,-0.416048,0.373098,2.875493,0.141098,0.070411,558.201738,325.834029,-469.008767,0.630448,0.128658,-0.097945,0.759203
1290,1769790349701,14.345979,559.1917,325.7249,-469.1011,0.630393,0.129528,-0.098860,0.758983,1.372971,0.282107,-0.215312,0.087854,-0.415881,0.373097,2.875374,0.143760,0.070817,559.225552,325.811286,-469.292981,0.630449,0.129483,-0.098878,0.758941
1291,1769790349713,14.357090,560.2577,325.8944,-469.7299,0.630370,0.130463,-0.099779,0.758721,1.373056,0.284171,-0.217337,0.088617,-0.415742,0.373088,2.875233,0.146449,0.071101,560.244243,325.780295,-469.593543,0.630304,0.130399,-0.099760,0.758789
1292,1769790349724,14.368201,561.4143,325.5793,-469.8963,0.630119,0.131507,-0.100310,0.758679,1.372531,0.286451,-0.218496,0.090149,-0.415412,0.373063,2.875041,0.151751,0.071817,561.364990,325.626662,-469.831786,0.630187,0.131359,-0.100544,0.758617
1293,1769790349735,14.379312,562.3962,325.4444,-469.9722,0.629868,0.132122,-0.101518,0.758620,1.372014,0.287795,-0.221131,0.090921,-0.415265,0.373025,2.874962,0.154415,0.072208,562.589867,325.373252,-470.036210,0.629950,0.132329,-0.101278,0.758548
1294,1769790349746,14.390424,563.6680,325.3217,-470.2257,0.629928,0.133336,-0.101998,0.758294,1.372313,0.290475,-0.222205,0.092422,-0.414943,0.372957,2.874847,0.159582,0.072975,563.558181,325.299257,-470.215248,0.629417,0.133445,-0.101855,0.758717
1295,1769790349757,14.401535,564.7111,325.0763,-470.4021,0.629037,0.134695,-0.102363,0.758744,1.370141,0.293387,-0.222963,0.093152,-0.414785,0.372926,2.874754,0.162131,0.073293,564.349719,325.502957,-470.538662,0.629431,0.134507,-0.102642,0.758413
1296,1769790349768,14.412646,564.7015,326.0704,-470.9854,0.628923,0.135715,-0.103168,0.758547,1.369994,0.295631,-0.224733,0.093904,-0.414614,0.372938,2.874589,0.164712,0.073636,565.079805,325.741824,-470.912348,0.629706,0.135555,-0.103377,0.757897
1297,1769790349779,14.423757,565.7150,326.1260,-471.2454,0.630770,0.136322,-0.104589,0.756708,1.374968,0.297157,-0.227986,0.095385,-0.414297,0.372891,2.874348,0.169872,0.074333,565.757819,325.960357,-471.137571,0.629705,0.136544,-0.104157,0.757614
1298,1769790349790,14.434869,566.6778,325.9386,-471.3148,0.629998,0.137425,-0.104883,0.757111,1.373077,0.299517,-0.228591,0.096113,-0.414136,0.372853,2.874229,0.172403,0.074632,566.492781,326.202995,-471.255186,0.629677,0.137520,-0.104904,0.757358
1299,1769790349801,14.445980,567.5181,326.0102,-471.1503,0.628764,0.138750,-0.105289,0.757838,1.370012,0.302322,-0.229414,0.097610,-0.413798,0.372795,2.874063,0.177471,0.075470,567.542605,326.024238,-471.293448,0.629580,0.138605,-0.105485,0.757160
1300,1769790349813,14.457091,568.3591,326.1923,-471.4179,0.629331,0.139670,-0.106053,0.757092,1.371633,0.304413,-0.231143,0.098308,-0.413635,0.372762,2.873970,0.179901,0.075801,568.577562,325.844743,-471.493610,0.629634,0.139659,-0.105995,0.756850
1301,1769790349824,14.468203,569.7772,325.3800,-471.8123,0.630337,0.140627,-0.106704,0.755985,1.374399,0.306625,-0.232660,0.099025,-0.413476,0.372753,2.873839,0.182416,0.076103,569.625238,325.644281,-471.793890,0.630056,0.140560,-0.106734,0.756228
1302,1769790349835,14.479314,570.7635,325.3625,-472.2441,0.630813,0.141268,-0.107496,0.755356,1.375761,0.308096,-0.234442,0.100455,-0.413132,0.372716,2.873583,0.187367,0.076790,570.655014,325.410600,-472.104743,0.630049,0.141396,-0.107445,0.755977
1303,1769790349846,14.490425,571.5253,325.2995,-472.2605,0.629257,0.142277,-0.108197,0.756364,1.371848,0.310179,-0.235880,0.101179,-0.412954,0.372695,2.873467,0.189899,0.077104,571.675343,325.175533,-472.199467,0.629461,0.142299,-0.108153,0.756197
1304,1769790349857,14.501537,572.4103,325.2554,-472.2946,0.628063,0.143249,-0.108758,0.757092,1.368869,0.312213,-0.237040,0.101865,-0.412784,0.372674,2.873352,0.192316,0.077399,572.340176,325.324133,-472.367095,0.628684,0.143211,-0.108804,0.756577
1305,1769790349868,14.512648,573.3381,325.1573,-472.3914,0.628444,0.144121,-0.109689,0.756476,1.370017,0.314186,-0.239124,0.103287,-0.412433,0.372632,2.873164,0.197289,0.078105,573.126471,325.337790,-472.668338,0.628315,0.144055,-0.109665,0.756599
1306,1769790349879,14.523759,573.5827,325.6725,-473.3211,0.628536,0.144831,-0.110384,0.756163,1.370380,0.315771,-0.240666,0.103965,-0.412259,0.372618,2.873065,0.199599,0.078487,574.035800,325.301114,-473.120510,0.628460,0.144793,-0.110668,0.756192
1307,1769790349890,14.534870,575.1965,325.0334,-473.6678,0.628826,0.145371,-0.111981,0.755583,1.371311,0.317018,-0.244202,0.105331,-0.411914,0.372626,2.872768,0.204354,0.079123,575.056595,325.071357,-473.516619,0.628612,0.145500,-0.111687,0.755780
1308,1769790349901,14.545981,576.1536,324.9243,-473.8478,0.628355,0.146292,-0.112632,0.755700,1.370223,0.319011,-0.245611,0.106007,-0.411728,0.372640,2.872621,0.206731,0.079482,576.038810,325.018995,-473.924433,0.628510,0.146258,-0.112573,0.755586
1309,1769790349913,14.557093,577.0879,324.7342,-473.9892,0.628226,0.147098,-0.113226,0.755563,1.370012,0.320787,-0.246919,0.106673,-0.411558,0.372632,2.872497,0.209025,0.079792,576.998748,325.070033,-474.169719,0.628224,0.147086,-0.113330,0.755551
1310,1769790349924,14.568204,577.5311,325.7399,-474.6958,0.628083,0.148000,-0.113877,0.755407,1.369781,0.322772,-0.248354,0.108026,-0.411193,0.372610,2.872266,0.213794,0.080442,577.654319,325.437271,-474.534900,0.627927,0.148009,-0.113861,0.755537
1311,1769790349935,14.579315,578.3159,325.7997,-474.8657,0.627525,0.148845,-0.114518,0.755608,1.368460,0.324591,-0.249733,0.108700,-0.411003,0.372624,2.872093,0.216121,0.080783,578.291819,325.725014,-474.915090,0.627814,0.148864,-0.114547,0.755359
1312,1769790349946,14.590427,579.0608,325.9041,-475.2901,0.627743,0.149807,-0.115214,0.755131,1.369183,0.326746,-0.251295,0.110021,-0.410643,0.372617,2.871853,0.220696,0.081452,579.053319,325.941690,-475.258143,0.627624,0.149735,-0.115259,0.755237
1313,1769790349957,14.601538,579.8250,325.8092,-475.4226,0.627628,0.150508,-0.116047,0.754959,1.369020,0.328297,-0.253129,0.110645,-0.410466,0.372658,2.871616,0.222853,0.081742,579.972676,325.911633,-475.443714,0.627475,0.150581,-0.115956,0.755086
1314,1769790349968,14.612649,581.0330,326.0091,-475.6491,0.627191,0.151421,-0.116617,0.755052,1.368020,0.330278,-0.254363,0.111291,-0.410292,0.372662,2.871453,0.225077,0.082098,580.876981,325.968581,-475.584586,0.627359,0.151384,-0.116634,0.754917
1315,1769790349979,14.623760,581.8339,325.9926,-475.6979,0.627189,0.152201,-0.117242,0.754800,1.368145,0.332010,-0.255751,0.112556,-0.409935,0.372656,2.871225,0.229451,0.082760,581.827038,325.933490,-475.697605,0.627124,0.152194,-0.117251,0.754854
1316,1769790349990,14.634872,582.6494,325.9482,-475.7873,0.626997,0.152933,-0.117880,0.754712,1.367770,0.333618,-0.257151,0.113189,-0.409766,0.372629,2.871169,0.231690,0.083098,582.740057,325.933171,-475.940143,0.627011,0.152995,-0.117874,0.754689
1317,1769790350001,14.645983,583.6333,325.7459,-476.2456,0.626936,0.153831,-0.118488,0.754485,1.367754,0.335606,-0.258500,0.114417,-0.409418,0.372627,2.870935,0.236037,0.083671,583.557719,325.889733,-476.218157,0.627026,0.153740,-0.118543,0.754420
1318,1769790350013,14.657094,584.4086,325.9729,-476.6392,0.627025,0.154432,-0.119286,0.754163,1.368116,0.336957,-0.260272,0.115029,-0.409249,0.372628,2.870795,0.238171,0.084045,584.462548,325.873371,-476.460510,0.626924,0.154472,-0.119229,0.754247
1319,1769790350024,14.668206,585.2413,325.8997,-476.7244,0.626946,0.155186,-0.119896,0.753977,1.368039,0.338627,-0.261621,0.115632,-0.409088,0.372665,2.870546,0.240307,0.084358,585.261629,325.882252,-476.781195,0.626857,0.155182,-0.119929,0.754046
1320,1769790350035,14.679317,586.1143,325.8611,-476.8328,0.626579,0.155898,-0.120590,0.754025,1.367212,0.340173,-0.263131,0.116823,-0.408737,0.372684,2.870265,0.244505,0.084931,585.956971,325.925662,-477.067319,0.626763,0.155927,-0.120576,0.753868
1321,1769790350046,14.690428,586.5088,325.8929,-477.5441,0.626701,0.156653,-0.121210,0.753667,1.367663,0.341866,-0.264520,0.117395,-0.408561,0.372654,2.870244,0.246447,0.085265,586.634900,325.857486,-477.311386,0.626643,0.156691,-0.121158,0.753715
1322,1769790350057,14.701540,587.2299,325.8973,-477.6461,0.626578,0.157518,-0.121674,0.753514,1.367473,0.343775,-0.265548,0.117969,-0.408408,0.372635,2.870145,0.248501,0.085524,587.256029,325.833333,-477.590576,0.626526,0.157413,-0.121698,0.753575
1323,1769790350068,14.712651,587.9266,325.7316,-477.6958,0.626422,0.158025,-0.122282,0.753439,1.367173,0.344892,-0.266881,0.119062,-0.408079,0.372657,2.869845,0.252359,0.086028,587.875429,325.839643,-477.876505,0.626402,0.158075,-0.122297,0.753443
1324,1769790350079,14.723762,588.4902,325.8708,-478.0626,0.626196,0.158659,-0.122851,0.753402,1.366698,0.346281,-0.268128,0.119583,-0.407934,0.372671,2.869652,0.254241,0.086198,588.493581,325.873576,-478.051248,0.626264,0.158609,-0.122982,0.753334
1325,1769790350090,14.734874,589.0880,325.9622,-478.3987,0.626083,0.159156,-0.123769,0.753240,1.366535,0.347385,-0.270147,0.120646,-0.407622,0.372648,2.869441,0.257940,0.086716,588.999371,325.941048,-478.242519,0.626156,0.159127,-0.123669,0.753202
1326,1769790350101,14.745985,589.4923,325.9702,-478.4395,0.626175,0.159647,-0.124320,0.752969,1.366875,0.348492,-0.271378,0.121135,-0.407473,0.372660,2.869292,0.259661,0.086932,589.597843,325.911690,-478.488714,0.625988,0.159824,-0.124177,0.753111
1327,1769790350113,14.757096,590.1514,325.8650,-478.5488,0.625861,0.160548,-0.124600,0.752992,1.366179,0.350457,-0.271987,0.121647,-0.407332,0.372635,2.869209,0.261503,0.087178,590.261343,325.803538,-478.704295,0.625890,0.160559,-0.124637,0.752960
1328,1769790350124,14.768207,591.1492,325.5073,-479.0761,0.625610,0.161467,-0.124834,0.752965,1.365644,0.352466,-0.272499,0.122641,-0.407032,0.372654,2.868908,0.264979,0.087635,590.978171,325.687210,-478.964362,0.625798,0.161256,-0.125033,0.752821
1329,1769790350135,14.779319,591.6964,325.6401,-479.2615,0.625862,0.161885,-0.125611,0.752537,1.366415,0.353435,-0.274240,0.123128,-0.406881,0.372661,2.868753,0.266712,0.087839,591.744833,325.569895,-479.241952,0.625731,0.161904,-0.125507,0.752659
1330,1769790350146,14.790430,592.3967,325.5555,-479.5002,0.625751,0.162289,-0.126089,0.752462,1.366212,0.354328,-0.275292,0.124047,-0.406585,0.372654,2.868574,0.269974,0.088255,592.412186,325.483038,-479.496871,0.625749,0.162440,-0.126043,0.752439
1331,1769790350157,14.801541,593.0403,325.4015,-479.5823,0.625728,0.162993,-0.126550,0.752252,1.366268,0.355893,-0.276320,0.124488,-0.406438,0.372632,2.868553,0.271520,0.088464,593.010090,325.455224,-479.621967,0.625749,0.162936,-0.126573,0.752243
1332,1769790350168,14.812652,593.5496,325.3744,-479.8608,0.625637,0.163538,-0.126993,0.752135,1.366130,0.357099,-0.277300,0.124926,-0.406293,0.372644,2.868442,0.273065,0.088681,593.584724,325.419090,-479.819152,0.625634,0.163473,-0.127010,0.752148
1333,1769790350179,14.823764,594.1674,325.4547,-479.9215,0.625548,0.163981,-0.127481,0.752029,1.365991,0.358080,-0.278377,0.125802,-0.406030,0.372656,2.868172,0.276127,0.089112,594.125267,325.402433,-480.002824,0.625512,0.164051,-0.127473,0.752046
1334,1769790350190,14.834875,594.5205,325.5500,-480.2888,0.625351,0.164458,-0.127956,0.752008,1.365572,0.359124,-0.279416,0.126216,-0.405894,0.372663,2.868086,0.277613,0.089291,594.562557,325.526671,-480.211519,0.625338,0.164487,-0.127962,0.752012
1335,1769790350201,14.845986,595.0865,325.4967,-480.3451,0.625190,0.165074,-0.128425,0.751928,1.365261,0.360482,-0.280447,0.127012,-0.405647,0.372659,2.867915,0.280416,0.089670,594.997029,325.630343,-480.375976,0.625262,0.164885,-0.128476,0.751900
1336,1769790350213,14.857097,595.2744,325.9309,-480.5353,0.625136,0.165201,-0.128941,0.751857,1.365179,0.360767,-0.281584,0.127361,-0.405544,0.372695,2.867744,0.281667,0.089793,595.382176,325.776748,-480.524695,0.625198,0.165377,-0.128853,0.751781
1337,1769790350224,14.868209,595.8723,325.8056,-480.6015,0.625321,0.165771,-0.129315,0.751512,1.365762,0.362060,-0.282436,0.127754,-0.405399,0.372684,2.867697,0.283067,0.089998,595.862038,325.853786,-480.584862,0.625150,0.165864,-0.129215,0.751651
1338,1769790350235,14.879320,596.2286,326.0786,-480.6561,0.625039,0.166535,-0.129382,0.751567,1.365117,0.363721,-0.282576,0.128461,-0.405187,0.372705,2.867436,0.285599,0.090249,596.231943,326.040829,-480.639929,0.625103,0.166339,-0.129632,0.751514
1339,1769790350246,14.890431,596.7802,325.9974,-480.6999,0.624970,0.166787,-0.130080,0.751448,1.365027,0.364288,-0.284114,0.128824,-0.405069,0.372645,2.867525,0.286834,0.090460,596.624386,326.212190,-480.718762,0.625031,0.166828,-0.130049,0.751393
1340,1769790350257,14.901542,596.7902,326.5745,-480.8171,0.624956,0.167172,-0.130620,0.751280,1.365085,0.365152,-0.285311,0.129185,-0.404945,0.372700,2.867277,0.288114,0.090595,596.944000,326.372886,-480.896562,0.624898,0.167181,-0.130443,0.751357
1341,1769790350268,14.912654,597.3326,326.5168,-481.1648,0.624877,0.167469,-0.130800,0.751248,1.364927,0.365806,-0.285709,0.129817,-0.404752,0.372677,2.867145,0.290352,0.090864,597.332300,326.438757,-481.133781,0.624852,0.167478,-0.130838,0.751261
1342,1769790350279,14.923765,597.7640,326.2749,-481.4364,0.624713,0.167842,-0.130999,0.751267,1.364560,0.366617,-0.286141,0.130120,-0.404645,0.372685,2.867040,0.291463,0.090942,597.758243,326.462143,-481.373324,0.624786,0.167884,-0.131086,0.751182
1343,1769790350290,14.934876,598.3087,326.3627,-481.5773,0.624764,0.168260,-0.131418,0.751058,1.364780,0.367558,-0.287079,0.130698,-0.404457,0.372666,2.866921,0.293456,0.091154,598.286476,326.282743,-481.598843,0.624731,0.168262,-0.131390,0.751090
1344,1769790350301,14.945987,598.7423,326.2116,-481.6923,0.624695,0.168697,-0.131728,0.750963,1.364676,0.368527,-0.287766,0.130986,-0.404366,0.372662,2.866843,0.294525,0.091290,598.732081,326.142724,-481.742952,0.624689,0.168602,-0.131757,0.750984
1345,1769790350313,14.957099,599.1549,325.9299,-481.8980,0.624671,0.168869,-0.132190,0.750863,1.364675,0.368916,-0.288786,0.131245,-0.404276,0.372663,2.866741,0.295401,0.091334,599.162171,326.013948,-481.820338,0.624654,0.168899,-0.132132,0.750881
1346,1769790350324,14.968210,599.5324,325.8557,-481.8959,0.624593,0.169108,-0.132409,0.750835,1.364521,0.369443,-0.289269,0.131739,-0.404111,0.372641,2.866633,0.297163,0.091433,599.521457,325.873948,-481.875733,0.624646,0.169169,-0.132446,0.750771
1347,1769790350335,14.979321,599.9140,325.7989,-481.8816,0.624590,0.169459,-0.132736,0.750702,1.364581,0.370228,-0.289997,0.131976,-0.404036,0.372622,2.866600,0.297974,0.091526,599.900329,325.797410,-481.969648,0.624592,0.169437,-0.132688,0.750713
1348,1769790350346,14.990432,600.2335,325.7776,-482.0460,0.624663,0.169752,-0.132919,0.750542,1.364824,0.370891,-0.290415,0.132416,-0.403880,0.372608,2.866473,0.299572,0.091597,600.356310,325.697029,-482.064938,0.624507,0.169739,-0.132921,0.750674
1349,1769790350357,15.001543,600.7498,325.6260,-482.3094,0.624343,0.170005,-0.133084,0.750721,1.364033,0.371419,-0.290755,0.132621,-0.403813,0.372597,2.866432,0.300269,0.091691,600.697243,325.638167,-482.238029,0.624488,0.169998,-0.133180,0.750586
1350,1769790350368,15.012654,601.1580,325.4455,-482.3488,0.624441,0.170211,-0.133520,0.750516,1.364352,0.371897,-0.291731,0.132849,-0.403737,0.372588,2.866353,0.301066,0.091805,600.980200,325.567819,-482.383938,0.624537,0.170207,-0.133457,0.750449
1351,1769790350379,15.023766,600.9481,325.6994,-482.5212,0.624670,0.170379,-0.133711,0.750253,1.364989,0.372302,-0.292177,0.133178,-0.403618,0.372603,2.866208,0.302233,0.091841,601.110710,325.581648,-482.478319,0.624541,0.170401,-0.133717,0.750355
1352,1769790350390,15.034877,601.2385,325.5513,-482.4763,0.624690,0.170576,-0.133985,0.750143,1.365087,0.372746,-0.292787,0.133333,-0.403571,0.372549,2.866295,0.302761,0.091886,601.154181,325.665710,-482.551476,0.624608,0.170557,-0.133952,0.750221
1353,1769790350401,15.045988,601.1486,325.7678,-482.5831,0.624390,0.170752,-0.134031,0.750345,1.364328,0.373102,-0.292866,0.133641,-0.403471,0.372534,2.866239,0.303834,0.091978,601.236776,325.678905,-482.557848,0.624536,0.170735,-0.134060,0.750221
1354,1769790350413,15.057099,601.4595,325.6441,-482.5699,0.624495,0.170859,-0.134233,0.750197,1.364635,0.373358,-0.293323,0.133788,-0.403411,0.372538,2.866195,0.304385,0.091967,601.454195,325.554914,-482.391505,0.624397,0.170943,-0.134172,0.750270
1355,1769790350424,15.068211,601.6824,325.3496,-482.2581,0.624266,0.171160,-0.134222,0.750321,1.364069,0.373998,-0.293286,0.133938,-0.403350,0.372525,2.866226,0.304921,0.091998,601.650457,325.432838,-482.354124,0.624288,0.171116,-0.134313,0.750296
1356,1769790350435,15.079322,601.9157,325.2730,-482.1422,0.624252,0.171316,-0.134515,0.750244,1.364078,0.374349,-0.293935,0.134185,-0.403270,0.372531,2.866127,0.305823,0.092038,601.949357,325.310776,-482.409219,0.624278,0.171252,-0.134529,0.750234
1357,1769790350446,15.090433,602.1154,325.3170,-482.8140,0.624277,0.171294,-0.134812,0.750175,1.364168,0.374311,-0.294592,0.134281,-0.403239,0.372555,2.866024,0.306204,0.091908,602.113690,325.353795,-482.621233,0.624304,0.171335,-0.134763,0.750152
1358,1769790350457,15.101544,602.3417,325.5060,-482.9407,0.624457,0.171357,-0.135009,0.749975,1.364665,0.374478,-0.295044,0.134392,-0.403183,0.372561,2.866004,0.306624,0.091874,602.215552,325.475648,-482.910748,0.624480,0.171357,-0.135023,0.749954
1359,1769790350468,15.112655,602.1833,325.6495,-483.1000,0.624625,0.171391,-0.135180,0.749797,1.365123,0.374577,-0.295437,0.134590,-0.403127,0.372541,2.866030,0.307306,0.091921,602.285490,325.582900,-483.088686,0.624628,0.171417,-0.135146,0.749794
1360,1769790350479,15.123766,602.3214,325.5862,-483.0420,0.624748,0.171494,-0.135270,0.749655,1.365466,0.374821,-0.295650,0.134677,-0.403096,0.372516,2.866089,0.307604,0.091904,602.396043,325.634619,-483.014271,0.624608,0.171504,-0.135227,0.749776
1361,1769790350490,15.134878,602.5020,325.6154,-482.9898,0.624503,0.171615,-0.135224,0.749839,1.364836,0.375060,-0.295528,0.134852,-0.403036,0.372539,2.866025,0.308248,0.091914,602.427429,325.583757,-483.028638,0.624460,0.171564,-0.135315,0.749870
1362,1769790350501,15.145989,602.6436,325.5550,-482.9304,0.624122,0.171593,-0.135472,0.750117,1.363859,0.374973,-0.296039,0.134907,-0.402999,0.372546,2.866001,0.308414,0.091791,602.505419,325.512171,-483.050652,0.624282,0.171601,-0.135511,0.749974
1363,1769790350513,15.157100,602.3849,325.4574,-483.2592,0.624204,0.171588,-0.135683,0.750012,1.364093,0.374977,-0.296512,0.134986,-0.402968,0.372548,2.866022,0.308686,0.091879,602.620410,325.555538,-483.136967,0.624231,0.171599,-0.135663,0.749990
1364,1769790350524,15.168211,602.6746,325.6024,-483.1789,0.624323,0.171598,-0.135984,0.749856,1.364434,0.375022,-0.297187,0.135136,-0.402929,0.372545,2.866003,0.309212,0.091859,602.663652,325.655724,-483.198005,0.624331,0.171605,-0.135833,0.749874
1365,1769790350535,15.179322,602.9171,325.9165,-483.2029,0.624564,0.171623,-0.135707,0.749699,1.365043,0.375098,-0.296601,0.135187,-0.402900,0.372551,2.866024,0.309363,0.091851,602.685162,325.807905,-483.185567,0.624439,0.171627,-0.135847,0.749777
1366,1769790350546,15.190434,602.5947,325.9516,-483.0440,0.624474,0.171702,-0.135926,0.749716,1.364837,0.375268,-0.297077,0.135308,-0.402878,0.372544,2.866018,0.309843,0.091852,602.703310,325.973605,-482.991310,0.624459,0.171685,-0.135858,0.749745
1367,1769790350557,15.201545,602.6542,325.9895,-482.9052,0.624346,0.171697,-0.135741,0.749858,1.364484,0.375236,-0.296657,0.135355,-0.402862,0.372535,2.866066,0.309950,0.091910,602.735381,326.002405,-482.920033,0.624424,0.171741,-0.135835,0.749765
1368,1769790350568,15.212656,602.7386,326.0021,-482.7466,0.624456,0.171832,-0.135971,0.749694,1.364808,0.375555,-0.297178,0.135392,-0.402862,0.372528,2.866099,0.310094,0.091866,602.790567,325.934562,-482.956876,0.624473,0.171769,-0.135859,0.749714
1369,1769790350579,15.223767,603.1455,325.7751,-483.1986,0.624537,0.171778,-0.135821,0.749666,1.364999,0.375442,-0.296852,0.135484,-0.402829,0.372528,2.866115,0.310390,0.091825,602.956267,325.839062,-483.083538,0.624610,0.171780,-0.135878,0.749594
1370,1769790350590,15.234878,602.9874,325.7341,-483.3030,0.624872,0.171765,-0.135830,0.749387,1.365877,0.375453,-0.296903,0.135520,-0.402823,0.372520,2.866142,0.310510,0.091777,603.121124,325.706276,-483.195138,0.624670,0.171813,-0.135855,0.749541
1371,1769790350601,15.245990,603.1393,325.6003,-483.1949,0.624730,0.171836,-0.135988,0.749462,1.365526,0.375597,-0.297240,0.135585,-0.402826,0.372496,2.866212,0.310686,0.091676,603.147324,325.619814,-483.245467,0.624776,0.171841,-0.135846,0.749447
1372,1769790350613,15.257101,603.2420,325.5444,-483.0729,0.624601,0.171921,-0.135723,0.749598,1.365174,0.375764,-0.296645,0.135618,-0.402832,0.372448,2.866384,0.310669,0.091851,603.024290,325.547190,-483.076762,0.624819,0.171875,-0.135943,0.749386
1373,1769790350624,15.268212,602.8552,325.6099,-483.0161,0.625057,0.171917,-0.136152,0.749140,1.366409,0.375819,-0.297635,0.135638,-0.402837,0.372416,2.866468,0.310720,0.091806,603.003348,325.583467,-482.985405,0.624794,0.171903,-0.136091,0.749374
1374,1769790350635,15.279323,602.8913,325.5039,-482.8079,0.624756,0.171868,-0.136225,0.749389,1.365622,0.375678,-0.297768,0.135685,-0.402861,0.372340,2.866693,0.310893,0.091806,603.057552,325.635714,-482.929267,0.624805,0.171936,-0.136178,0.749341
1375,1769790350646,15.290435,603.2480,325.8724,-483.0499,0.624771,0.171962,-0.136311,0.749340,1.365679,0.375890,-0.297960,0.135729,-0.402861,0.372310,2.866767,0.311051,0.091815,603.141124,325.688090,-482.936443,0.624852,0.171958,-0.136180,0.749297
1376,1769790350657,15.301546,603.4515,325.6281,-482.9162,0.624814,0.172026,-0.136042,0.749338,1.365773,0.376030,-0.297372,0.135726,-0.402879,0.372281,2.866829,0.311051,0.091736,603.313157,325.717319,-482.999662,0.624811,0.171962,-0.136174,0.749331
1377,1769790350668,15.312657,603.2258,325.6940,-483.0571,0.625068,0.171934,-0.135971,0.749160,1.366422,0.375855,-0.297238,0.135789,-0.402902,0.372215,2.867033,0.311251,0.091828,603.323410,325.713233,-483.033648,0.625002,0.171957,-0.136157,0.749176
1378,1769790350679,15.323768,603.2941,325.6359,-483.0512,0.625051,0.171846,-0.136458,0.749106,1.366413,0.375669,-0.298308,0.135798,-0.402936,0.372186,2.867083,0.311269,0.091865,603.240371,325.571505,-482.950124,0.625233,0.171840,-0.136108,0.749019
1379,1769790350690,15.334880,603.1364,325.4655,-482.8038,0.625502,0.171831,-0.136040,0.748809,1.367552,0.375679,-0.297427,0.135812,-0.402980,0.372081,2.867351,0.311355,0.091817,603.227819,325.456490,-482.889314,0.625342,0.171778,-0.136211,0.748923
1380,1769790350701,15.345991,603.3166,325.2350,-482.7214,0.625464,0.171661,-0.136050,0.748877,1.367434,0.375297,-0.297443,0.135840,-0.402996,0.372032,2.867462,0.311454,0.091876,603.324133,325.286200,-482.760967,0.625269,0.171848,-0.136145,0.748980
1381,1769790350713,15.357102,603.4962,325.1256,-482.6921,0.625090,0.172003,-0.136333,0.749060,1.366520,0.376018,-0.298041,0.135862,-0.403029,0.371963,2.867646,0.311525,0.091970,603.419238,325.154267,-482.579295,0.625316,0.171950,-0.136049,0.748935
1382,1769790350724,15.368213,603.5489,325.0501,-482.5009,0.625135,0.172139,-0.135859,0.749078,1.366610,0.376313,-0.297001,0.135851,-0.403109,0.371837,2.867960,0.311430,0.091962,603.590000,324.970348,-482.509062,0.625296,0.171989,-0.136164,0.748922
1383,1769790350735,15.379325,603.6412,324.9257,-482.2935,0.625786,0.171960,-0.136280,0.748499,1.368332,0.376004,-0.297988,0.135868,-0.403139,0.371749,2.868197,0.311441,0.092129,603.683890,324.904500,-482.467057,0.625510,0.171956,-0.136192,0.748746
1384,1769790350746,15.390436,603.8035,324.6260,-482.6014,0.625672,0.171777,-0.136397,0.748614,1.368024,0.375589,-0.298230,0.135883,-0.403232,0.371577,2.868600,0.311542,0.092168,603.694800,324.805867,-482.498786,0.625887,0.171888,-0.136316,0.748424
1385,1769790350757,15.401547,603.6821,324.9666,-482.5452,0.626192,0.171821,-0.136254,0.748195,1.369377,0.375745,-0.297964,0.135873,-0.403274,0.371503,2.868787,0.311566,0.092153,603.692281,324.817000,-482.526867,0.626064,0.171897,-0.136376,0.748262
1386,1769790350768,15.412659,603.5714,324.6743,-482.5646,0.626272,0.172142,-0.136565,0.747998,1.369655,0.376474,-0.298667,0.135887,-0.403341,0.371389,2.869048,0.311618,0.092239,603.650657,324.776838,-482.508433,0.626142,0.172051,-0.136310,0.748174
1387,1769790350779,15.423770,603.6710,324.8673,-482.2899,0.625993,0.172159,-0.135981,0.748334,1.368871,0.376463,-0.297352,0.135892,-0.403452,0.371202,2.869498,0.311673,0.092267,603.625857,324.682567,-482.374990,0.626189,0.172164,-0.136259,0.748118
1388,1769790350790,15.434881,603.6625,324.3449,-482.2483,0.626361,0.172249,-0.136361,0.747936,1.369881,0.376717,-0.298227,0.135890,-0.403508,0.371084,2.869761,0.311664,0.092366,603.717252,324.488348,-482.273557,0.626264,0.172139,-0.136280,0.748057
1389,1769790350801,15.445992,603.7851,324.2356,-482.1239,0.626275,0.171982,-0.136284,0.748084,1.369616,0.376112,-0.298043,0.135886,-0.403636,0.370874,2.870274,0.311649,0.092414,603.765819,324.279286,-482.083462,0.626487,0.172028,-0.136318,0.747889
1390,1769790350813,15.457104,603.8760,324.1035,-481.9182,0.626921,0.171938,-0.136402,0.747531,1.371315,0.376093,-0.298364,0.135900,-0.403708,0.370747,2.870535,0.311760,0.092465,603.780571,323.936400,-481.792562,0.626652,0.172074,-0.136305,0.747742
1391,1769790350824,15.468215,603.6449,323.5883,-481.4171,0.626886,0.172132,-0.136314,0.747531,1.371240,0.376519,-0.298172,0.135886,-0.403790,0.370606,2.870864,0.311706,0.092492,603.740371,323.701824,-481.513105,0.626833,0.172156,-0.136235,0.747584
1392,1769790350835,15.479326,603.7247,323.2464,-481.0527,0.626739,0.172497,-0.135826,0.747659,1.370852,0.377298,-0.297089,0.135852,-0.403983,0.370299,2.871586,0.311685,0.092578,603.699224,323.213957,-481.209514,0.627129,0.172366,-0.136069,0.747318
1393,1769790350846,15.490437,603.5698,323.0214,-481.1764,0.627512,0.172312,-0.136294,0.746968,1.372900,0.376993,-0.298191,0.135852,-0.404073,0.370107,2.872026,0.311721,0.092745,603.561481,322.889676,-480.921200,0.627280,0.172313,-0.136051,0.747207
1394,1769790350857,15.501548,603.6552,322.2802,-480.6871,0.627649,0.172319,-0.135817,0.746938,1.373217,0.377013,-0.297150,0.135828,-0.404158,0.369934,2.872469,0.311674,0.092762,603.588271,322.673448,-480.830129,0.627510,0.172124,-0.136169,0.747036
1395,1769790350868,15.512660,603.3504,322.7849,-480.5491,0.627504,0.171637,-0.136539,0.747085,1.372824,0.375499,-0.298714,0.135784,-0.404398,0.369558,2.873304,0.311598,0.092830,603.590743,322.456681,-480.650229,0.627589,0.171947,-0.136267,0.746992
1396,1769790350879,15.523771,603.8554,322.2694,-480.6953,0.627681,0.171973,-0.136298,0.746904,1.373304,0.376260,-0.298206,0.135805,-0.404500,0.369324,2.873880,0.311706,0.092980,603.627071,322.266400,-480.440057,0.627631,0.172044,-0.136134,0.746959
1397,1769790350890,15.534882,603.6022,322.0138,-480.0699,0.627710,0.172235,-0.135958,0.746881,1.373380,0.376836,-0.297465,0.135776,-0.404762,0.368882,2.874883,0.311724,0.093163,603.626976,322.214448,-480.306057,0.628055,0.172067,-0.136272,0.746572
1398,1769790350901,15.545993,603.5887,321.9072,-480.0584,0.628662,0.172482,-0.135978,0.746019,1.375910,0.377500,-0.297607,0.135777,-0.404896,0.368633,2.875458,0.311756,0.093303,603.682614,321.776895,-479.926767,0.628505,0.172311,-0.136054,0.746177
1399,1769790350913,15.557105,603.5635,321.8015,-479.6118,0.629353,0.171952,-0.136527,0.745458,1.377715,0.376420,-0.298871,0.135774,-0.405034,0.368386,2.876027,0.311870,0.093357,603.497900,321.610510,-479.485371,0.628986,0.172341,-0.136023,0.745770
1400,1769790350924,15.568216,603.5724,320.9258,-478.8464,0.629072,0.172549,-0.135609,0.745725,1.376961,0.377688,-0.296831,0.135726,-0.405344,0.367859,2.877294,0.311786,0.093549,603.454957,321.384790,-479.082138,0.629468,0.172227,-0.136106,0.745374
1401,1769790350935,15.579327,603.1814,321.4716,-478.7819,0.629830,0.172128,-0.136137,0.745086,1.378953,0.376858,-0.298059,0.135721,-0.405491,0.367593,2.877906,0.311801,0.093698,603.441038,321.155386,-478.706238,0.629711,0.172147,-0.136040,0.745200
1402,1769790350946,15.590438,603.5476,320.8526,-478.3417,0.630212,0.171920,-0.136213,0.744797,1.379942,0.376444,-0.298258,0.135697,-0.405805,0.366992,2.879374,0.311809,0.093975,603.439776,320.940938,-478.450638,0.630144,0.172119,-0.135969,0.744853
1403,1769790350957,15.601550,603.5633,320.6452,-478.3113,0.630484,0.172146,-0.135844,0.744582,1.380648,0.376970,-0.297474,0.135691,-0.405990,0.366682,2.880091,0.311886,0.094050,603.467148,320.612462,-478.141124,0.630739,0.171977,-0.136102,0.744358
1404,1769790350968,15.612661,603.4655,320.1171,-477.7117,0.631384,0.171978,-0.136102,0.743810,1.383025,0.376712,-0.298126,0.135687,-0.406164,0.366346,2.880928,0.311947,0.094259,603.572438,320.019333,-477.669295,0.631083,0.172057,-0.136036,0.744060
1405,1769790350979,15.623772,603.5264,319.2175,-476.9692,0.631499,0.172134,-0.136049,0.743686,1.383342,0.377071,-0.298025,0.135660,-0.406521,0.365656,2.882620,0.312032,0.094527,603.504643,319.399810,-477.098119,0.631438,0.172169,-0.135994,0.743740
1406,1769790350990,15.634884,603.5951,318.8443,-476.5482,0.631640,0.172295,-0.136000,0.743538,1.383729,0.377444,-0.297933,0.135649,-0.406721,0.365320,2.883433,0.312020,0.094713,603.535029,318.659833,-476.482967,0.631938,0.172229,-0.136016,0.743298
1407,1769790351001,15.645995,603.4204,317.8687,-475.8578,0.632372,0.172359,-0.135846,0.742929,1.385652,0.377673,-0.297666,0.135639,-0.407126,0.364523,2.885376,0.312211,0.095105,603.533814,317.983695,-475.935362,0.632392,0.172349,-0.135877,0.742909
1408,1769790351013,15.657106,603.6534,317.3657,-475.5536,0.633292,0.172356,-0.135863,0.742143,1.388079,0.377778,-0.297791,0.135641,-0.407316,0.364126,2.886371,0.312254,0.095340,603.529829,317.390724,-475.464214,0.633025,0.172389,-0.135808,0.742373
1409,1769790351024,15.668218,603.4205,316.8644,-474.9152,0.633538,0.172458,-0.135624,0.741953,1.388719,0.378029,-0.297289,0.135620,-0.407527,0.363733,2.887344,0.312271,0.095476,603.505371,316.815143,-475.012124,0.633643,0.172438,-0.135728,0.741849
1410,1769790351035,15.679329,603.5667,316.3474,-474.6013,0.634158,0.172458,-0.135749,0.741400,1.390372,0.378109,-0.297625,0.135589,-0.407970,0.362876,2.889443,0.312363,0.095842,603.512805,316.392762,-474.578700,0.634199,0.172491,-0.135642,0.741377
1411,1769790351046,15.690440,603.4627,315.9467,-474.1374,0.634690,0.172603,-0.135519,0.740953,1.391773,0.378490,-0.297171,0.135590,-0.408203,0.362414,2.890572,0.312438,0.096116,603.502710,315.939919,-474.052781,0.634689,0.172568,-0.135535,0.740959
1412,1769790351057,15.701551,603.5552,315.4845,-473.4852,0.635434,0.172595,-0.135423,0.740335,1.393730,0.378561,-0.297031,0.135555,-0.408440,0.361957,2.891731,0.312389,0.096321,603.572057,315.458938,-473.541529,0.635362,0.172617,-0.135465,0.740383
1413,1769790351068,15.712663,603.6411,314.9318,-472.8864,0.635866,0.172695,-0.135388,0.739946,1.394885,0.378837,-0.296997,0.135522,-0.408924,0.361019,2.894004,0.312508,0.096715,603.604529,314.902071,-472.922867,0.636000,0.172663,-0.135395,0.739837
1414,1769790351079,15.723774,603.6457,314.2686,-472.3350,0.636773,0.172681,-0.135372,0.739173,1.397284,0.378918,-0.297050,0.135518,-0.409170,0.360524,2.895230,0.312557,0.097031,603.644400,314.301105,-472.268348,0.636637,0.172700,-0.135371,0.739285
1415,1769790351090,15.734885,603.6461,313.5720,-471.5728,0.637241,0.172753,-0.135375,0.738752,1.398535,0.379135,-0.297103,0.135474,-0.409688,0.359527,2.897644,0.312631,0.097444,603.648681,313.608514,-471.549581,0.637256,0.172777,-0.135305,0.738746
1416,1769790351101,15.745996,603.5955,312.9795,-470.8369,0.637887,0.172873,-0.135185,0.738201,1.400247,0.379478,-0.296748,0.135477,-0.409933,0.359005,2.898947,0.312776,0.097733,603.613719,312.864467,-470.858662,0.637970,0.172854,-0.135232,0.738125
1417,1769790351113,15.757108,603.6187,312.0392,-470.0782,0.638625,0.172978,-0.135091,0.737555,1.402211,0.379804,-0.296614,0.135460,-0.410202,0.358473,2.900266,0.312772,0.098063,603.572148,312.117410,-470.212681,0.638575,0.172969,-0.135139,0.737592
1418,1769790351124,15.768219,603.5083,311.3289,-469.7116,0.639435,0.173055,-0.135079,0.736837,1.404370,0.380076,-0.296669,0.135432,-0.410744,0.357364,2.903015,0.312951,0.098582,603.556814,311.378490,-469.605643,0.639373,0.173065,-0.135000,0.736903
1419,1769790351135,15.779330,603.5245,310.6494,-469.0497,0.639960,0.173188,-0.134894,0.736384,1.405766,0.380434,-0.296315,0.135429,-0.411012,0.356816,2.904394,0.313026,0.098917,603.528567,310.589119,-469.001862,0.640153,0.173185,-0.134864,0.736222
1420,1769790351146,15.790441,603.5795,309.8931,-468.2848,0.641145,0.173262,-0.134682,0.735374,1.408911,0.380741,-0.295963,0.135414,-0.411598,0.355638,2.907313,0.313180,0.099617,603.515948,309.876476,-468.370029,0.640961,0.173302,-0.134761,0.735510
1421,1769790351157,15.801556,603.4785,308.9797,-467.6248,0.641667,0.173456,-0.134654,0.734878,1.410324,0.381240,-0.295957,0.135400,-0.411870,0.355057,2.908736,0.313327,0.099844,603.562324,309.045476,-467.564348,0.641743,0.173382,-0.134718,0.734816
1422,1769790351168,15.812667,603.5995,308.3020,-466.8612,0.642541,0.173445,-0.134772,0.734094,1.412667,0.381331,-0.296305,0.135392,-0.412173,0.354415,2.910329,0.313432,0.100231,603.598895,308.192933,-466.802462,0.642450,0.173456,-0.134681,0.734188
1423,1769790351179,15.823778,603.6628,307.2173,-465.9160,0.643140,0.173446,-0.134722,0.733579,1.414262,0.381406,-0.296253,0.135358,-0.412776,0.353236,2.913260,0.313486,0.100886,603.597733,307.306062,-466.099457,0.643207,0.173496,-0.134670,0.733517
1424,1769790351190,15.834890,603.5800,306.5079,-465.4361,0.643802,0.173599,-0.134456,0.733011,1.416023,0.381827,-0.295731,0.135334,-0.413087,0.352642,2.914703,0.313603,0.101174,603.552629,306.481162,-465.351024,0.643989,0.173521,-0.134580,0.732842
1425,1769790351202,15.846001,603.4485,305.5743,-464.7424,0.645043,0.173577,-0.134487,0.731918,1.419345,0.381937,-0.295922,0.135284,-0.413697,0.351401,2.917811,0.313643,0.101811,603.481648,305.630595,-464.656486,0.644620,0.173649,-0.134373,0.732294
1426,1769790351213,15.857112,603.3931,304.9145,-463.8196,0.645263,0.173769,-0.134206,0.731730,1.419931,0.382387,-0.295327,0.135269,-0.414003,0.350780,2.919345,0.313760,0.102110,603.465062,304.784214,-463.930543,0.645397,0.173850,-0.134207,0.731592
1427,1769790351224,15.868223,603.5717,303.9453,-463.2122,0.646013,0.174062,-0.133942,0.731047,1.421951,0.383131,-0.294822,0.135266,-0.414318,0.350188,2.920816,0.313881,0.102415,603.537557,304.025386,-463.168233,0.646484,0.173920,-0.134095,0.730636
1428,1769790351235,15.879334,603.6840,303.0979,-462.3035,0.647518,0.174128,-0.133994,0.729689,1.426001,0.383476,-0.295088,0.135230,-0.414952,0.348895,2.924023,0.314001,0.102994,603.687929,303.194086,-462.300248,0.647373,0.174013,-0.133907,0.729861
1429,1769790351246,15.890446,603.7865,302.7167,-461.6551,0.648752,0.173823,-0.133787,0.728702,1.429259,0.382947,-0.294743,0.135201,-0.415272,0.348284,2.925557,0.314023,0.103259,603.780319,302.520281,-461.629362,0.648103,0.174089,-0.133684,0.729235
1430,1769790351257,15.901557,603.8604,301.5078,-460.5057,0.648206,0.174253,-0.133350,0.729166,1.427803,0.383828,-0.293730,0.135173,-0.415601,0.347646,2.927127,0.314071,0.103573,603.782938,301.794076,-460.720443,0.648391,0.174192,-0.133362,0.729014
1431,1769790351268,15.912668,603.6771,301.3499,-460.2571,0.648362,0.174420,-0.132993,0.729053,1.428207,0.384212,-0.292956,0.135137,-0.416242,0.346357,2.930329,0.314174,0.104130,603.790148,300.944048,-459.730757,0.648630,0.174367,-0.133029,0.728820
1432,1769790351279,15.923779,603.6727,299.8909,-458.4965,0.649018,0.174539,-0.132803,0.728475,1.429968,0.384558,-0.292603,0.135128,-0.416568,0.345691,2.931948,0.314307,0.104458,603.659386,300.122690,-458.969657,0.649342,0.174523,-0.132944,0.728164
1433,1769790351290,15.934890,603.6447,299.1772,-457.9297,0.650744,0.174537,-0.133015,0.726895,1.434638,0.384786,-0.293247,0.135098,-0.417195,0.344376,2.935233,0.314405,0.105078,603.351129,299.416262,-458.047724,0.650434,0.174488,-0.133025,0.727182
1434,1769790351302,15.946002,603.1354,298.7512,-457.8072,0.652047,0.174406,-0.133342,0.725698,1.438168,0.384672,-0.294102,0.135083,-0.417538,0.343673,2.936939,0.314543,0.105446,603.330786,298.420000,-457.169976,0.651617,0.174470,-0.133205,0.726093
1435,1769790351313,15.957113,603.1035,297.5830,-455.9310,0.652421,0.174428,-0.133171,0.725387,1.439165,0.384767,-0.293759,0.135056,-0.417880,0.342994,2.938598,0.314551,0.105761,603.658429,297.440971,-456.513919,0.653090,0.174449,-0.133254,0.724765
1436,1769790351324,15.968224,604.3044,296.0673,-455.9404,0.654209,0.174611,-0.133120,0.723740,1.444018,0.385415,-0.293833,0.135035,-0.418537,0.341566,2.942102,0.314748,0.106498,603.886048,296.356343,-455.861095,0.654402,0.174563,-0.132946,0.723610
1437,1769790351335,15.979336,604.5338,295.0872,-455.0208,0.656154,0.174687,-0.132494,0.722075,1.449234,0.385828,-0.292636,0.134995,-0.418874,0.340838,2.943885,0.314719,0.106801,603.949633,295.156000,-454.935190,0.655218,0.174842,-0.132356,0.722912
1438,1769790351346,15.990447,603.3632,294.3715,-454.5344,0.656132,0.175131,-0.131776,0.722119,1.449162,0.386802,-0.291046,0.134965,-0.419534,0.339482,2.947199,0.314890,0.107412,603.656510,294.151343,-454.100038,0.656000,0.175056,-0.132043,0.722208
1439,1769790351357,16.001558,603.2770,293.0114,-452.6880,0.655774,0.175342,-0.131639,0.722418,1.448206,0.387225,-0.290710,0.134959,-0.419861,0.338761,2.948933,0.315018,0.107749,603.790119,293.127881,-453.235662,0.656837,0.175169,-0.131917,0.721442
1440,1769790351368,16.012669,603.8353,292.1240,-452.2990,0.658018,0.175035,-0.132547,0.720282,1.454352,0.386862,-0.292955,0.134949,-0.420183,0.338078,2.950614,0.315052,0.108107,603.880029,292.160676,-452.613033,0.658254,0.175061,-0.132456,0.720077
1441,1769790351379,16.023780,605.9163,290.7109,-452.3745,0.660153,0.174994,-0.132493,0.718346,1.460155,0.387059,-0.293054,0.134919,-0.420836,0.336636,2.954130,0.315277,0.108813,605.257890,290.451448,-451.569138,0.659321,0.175053,-0.132396,0.719113
1442,1769790351390,16.034891,604.6395,289.8135,-451.0863,0.661120,0.174833,-0.132943,0.717412,1.462820,0.386842,-0.294154,0.134909,-0.421169,0.335915,2.955886,0.315334,0.109210,605.856981,289.505281,-451.100643,0.660306,0.175119,-0.132028,0.718260
1443,1769790351402,16.046003,607.7334,287.1041,-449.2074,0.658932,0.175746,-0.130115,0.719717,1.456688,0.388517,-0.287643,0.134865,-0.421803,0.334468,2.959434,0.315460,0.109976,605.745319,288.662043,-450.247414,0.660390,0.175388,-0.131226,0.718265
1444,1769790351413,16.057114,604.0760,289.3622,-450.2994,0.661016,0.175530,-0.130900,0.717713,1.462420,0.388339,-0.289601,0.134855,-0.422138,0.333792,2.961041,0.315546,0.110319,605.123929,287.924557,-449.235529,0.660309,0.175688,-0.130630,0.718374
1445,1769790351424,16.068225,604.2790,287.2047,-448.2006,0.660741,0.175886,-0.130365,0.717977,1.461663,0.389087,-0.288388,0.134833,-0.422464,0.333030,2.962892,0.315595,0.110758,604.659490,287.316376,-448.434390,0.660775,0.175884,-0.130343,0.717950
1446,1769790351435,16.079337,604.3452,286.1894,-447.3488,0.661906,0.175914,-0.130804,0.716816,1.464892,0.389324,-0.289488,0.134801,-0.423098,0.331574,2.966391,0.315777,0.111482,603.976500,286.786567,-447.548338,0.662460,0.175727,-0.130959,0.716322
1447,1769790351446,16.090448,604.0627,285.7797,-446.5770,0.663718,0.175658,-0.131100,0.715148,1.469846,0.389005,-0.290330,0.134783,-0.423425,0.330852,2.968128,0.315832,0.111866,604.230186,285.387181,-446.429619,0.663783,0.175697,-0.131113,0.715075
1448,1769790351457,16.101559,604.3701,284.5615,-445.6759,0.666069,0.175423,-0.131666,0.712911,1.476324,0.388821,-0.291834,0.134752,-0.423743,0.330099,2.969920,0.315872,0.112256,604.011157,284.378005,-445.996886,0.665258,0.175660,-0.131283,0.713680
1449,1769790351468,16.112670,603.4158,283.1386,-445.5516,0.665923,0.175881,-0.130874,0.713081,1.475903,0.389810,-0.290061,0.134690,-0.424386,0.328626,2.973454,0.315888,0.113008,603.682167,283.351119,-445.350743,0.665993,0.175813,-0.130971,0.713015
1450,1769790351479,16.123782,603.4146,282.0690,-444.9115,0.666215,0.176117,-0.130536,0.712812,1.476704,0.390374,-0.289341,0.134686,-0.424686,0.327840,2.975331,0.316052,0.113439,603.389333,282.342643,-444.574919,0.666258,0.176066,-0.130507,0.712789
1451,1769790351490,16.134893,602.9744,281.9340,-443.4740,0.666396,0.176331,-0.129929,0.712701,1.477167,0.390865,-0.288008,0.134635,-0.425295,0.326335,2.978931,0.316083,0.114253,602.972762,281.676914,-443.809114,0.666909,0.176227,-0.130226,0.712192
1452,1769790351502,16.146004,602.8571,281.0710,-442.7377,0.667918,0.176231,-0.130207,0.711249,1.481369,0.390862,-0.288785,0.134608,-0.425599,0.325589,2.980741,0.316150,0.114647,602.742948,281.122424,-442.860776,0.668153,0.176248,-0.130265,0.711013
1453,1769790351513,16.157115,602.3118,280.5306,-442.2738,0.670247,0.176169,-0.130666,0.708985,1.487836,0.391065,-0.290057,0.134579,-0.425899,0.324854,2.982499,0.316135,0.115118,602.317771,280.529090,-441.989433,0.669404,0.176294,-0.130323,0.709813
1454,1769790351524,16.168227,602.2328,279.5237,-441.1731,0.670426,0.176467,-0.130252,0.708818,1.488328,0.391752,-0.289155,0.134534,-0.426514,0.323361,2.986020,0.316204,0.116161,602.305795,279.525971,-441.258014,0.670560,0.176418,-0.130379,0.708680
1455,1769790351535,16.179338,602.1128,278.6073,-440.3625,0.671082,0.176704,-0.130040,0.708176,1.490154,0.392375,-0.288757,0.134529,-0.426805,0.322648,2.987727,0.316095,0.116965,602.474176,278.353390,-440.439610,0.671399,0.176722,-0.130046,0.707870
1456,1769790351546,16.190449,603.2406,276.8287,-439.6449,0.672167,0.177035,-0.129741,0.707119,1.493173,0.393270,-0.288211,0.134489,-0.427389,0.321191,2.991229,0.315821,0.118576,602.756133,277.048262,-439.630110,0.672132,0.177052,-0.129569,0.707180
1457,1769790351557,16.201560,603.0499,275.6395,-438.9055,0.673326,0.177437,-0.129015,0.706048,1.496365,0.394327,-0.286716,0.134464,-0.427687,0.320434,2.993054,0.315731,0.119427,603.071957,275.749633,-438.883771,0.673245,0.177358,-0.129265,0.706099
1458,1769790351568,16.212671,603.0216,274.6563,-438.1381,0.674312,0.177568,-0.128951,0.705085,1.499115,0.394765,-0.286681,0.134448,-0.427974,0.319729,2.994737,0.315602,0.120275,603.283610,274.496381,-438.064052,0.674341,0.177633,-0.128979,0.705035
1459,1769790351579,16.223783,603.4606,273.3735,-437.1380,0.675291,0.177883,-0.128919,0.704074,1.501880,0.395620,-0.286721,0.134410,-0.428550,0.318276,2.998223,0.315473,0.121862,603.259110,273.401162,-437.189786,0.675280,0.177842,-0.128761,0.704124
1460,1769790351590,16.234894,603.3330,272.2696,-436.3163,0.676140,0.177997,-0.128536,0.703300,1.504218,0.395992,-0.285955,0.134393,-0.428836,0.317574,2.999904,0.315293,0.122733,603.386167,272.235862,-436.343386,0.676040,0.177989,-0.128571,0.703391
1461,1769790351602,16.246005,603.3768,271.1642,-435.5206,0.676735,0.178148,-0.128229,0.702744,1.505867,0.396415,-0.285335,0.134343,-0.429386,0.316118,3.003420,0.315164,0.124272,603.387395,271.220086,-435.531529,0.676754,0.178170,-0.128216,0.702723
1462,1769790351613,16.257117,603.3547,270.2496,-434.8477,0.677361,0.178287,-0.127811,0.702183,1.507588,0.396810,-0.284466,0.134322,-0.429653,0.315419,3.005115,0.315028,0.125010,603.268490,270.392124,-434.817538,0.677484,0.178327,-0.127832,0.702050
1463,1769790351624,16.268228,603.1375,269.7995,-434.0505,0.678328,0.178542,-0.127457,0.701248,1.510286,0.397521,-0.283782,0.134294,-0.429920,0.314693,3.006870,0.314900,0.125786,603.245148,269.620386,-434.075410,0.678305,0.178484,-0.127495,0.701278
1464,1769790351635,16.279339,603.1898,268.9246,-433.3777,0.679269,0.178654,-0.127182,0.700358,1.512905,0.397908,-0.283267,0.134274,-0.430450,0.313321,3.010176,0.314739,0.127298,603.217133,268.937757,-433.306648,0.679260,0.178621,-0.127169,0.700377
1465,1769790351646,16.290451,603.2888,268.0652,-432.4991,0.680189,0.178738,-0.126818,0.699509,1.515452,0.398226,-0.282550,0.134231,-0.430719,0.312645,3.011798,0.314534,0.127967,603.191629,268.142238,-432.537729,0.680182,0.178806,-0.126774,0.699506
1466,1769790351657,16.301562,603.2061,267.3813,-431.7744,0.681079,0.178965,-0.126418,0.698657,1.517936,0.398863,-0.281751,0.134229,-0.430976,0.311962,3.013436,0.314473,0.128694,603.254219,267.250781,-431.817533,0.681002,0.178985,-0.126401,0.698730
1467,1769790351668,16.312673,603.1277,266.2659,-431.1635,0.681689,0.179334,-0.125800,0.698079,1.519636,0.399775,-0.280436,0.134180,-0.431503,0.310604,3.016707,0.314251,0.130061,603.175605,266.346976,-431.142943,0.681717,0.179282,-0.125885,0.698050
1468,1769790351679,16.323785,603.2295,265.5009,-430.5303,0.682454,0.179502,-0.125614,0.697321,1.521790,0.400269,-0.280103,0.134151,-0.431766,0.309916,3.018317,0.314233,0.130669,603.073181,265.514986,-430.542052,0.682510,0.179561,-0.125482,0.697275
1469,1769790351690,16.334896,602.7930,264.5334,-429.9256,0.683145,0.179941,-0.124845,0.696669,1.523718,0.401348,-0.278460,0.134120,-0.432281,0.308621,3.021371,0.314111,0.131902,602.940057,264.578967,-429.901981,0.683258,0.179839,-0.125038,0.696550
1470,1769790351702,16.346007,602.8428,263.9073,-429.2448,0.684215,0.179973,-0.124913,0.695598,1.526740,0.401587,-0.278727,0.134087,-0.432531,0.307989,3.022883,0.314065,0.132446,602.751781,263.721924,-429.188576,0.683911,0.180075,-0.124676,0.695913
1471,1769790351713,16.357118,602.5815,262.6114,-428.4615,0.684486,0.180363,-0.124201,0.695357,1.527487,0.402496,-0.277165,0.134064,-0.432777,0.307353,3.024390,0.314065,0.132911,602.598357,262.779310,-428.504605,0.684503,0.180330,-0.124376,0.695318
1472,1769790351724,16.368229,602.4795,261.9470,-427.7572,0.684993,0.180488,-0.124218,0.694823,1.528935,0.402858,-0.277259,0.134040,-0.433278,0.306090,3.027341,0.314074,0.133951,602.620352,261.876281,-427.874948,0.685289,0.180460,-0.124256,0.694531
1473,1769790351735,16.379341,602.6154,260.9357,-427.3058,0.686061,0.180678,-0.124183,0.693725,1.531976,0.403455,-0.277300,0.134025,-0.433527,0.305469,3.028797,0.314158,0.134462,602.513433,260.982195,-427.194990,0.686248,0.180627,-0.124117,0.693565
1474,1769790351746,16.390452,602.6025,260.2228,-426.6397,0.687397,0.180611,-0.124082,0.692437,1.535728,0.403506,-0.277214,0.133971,-0.433992,0.304203,3.031794,0.314155,0.135282,602.411952,260.188971,-426.483105,0.686916,0.180744,-0.124020,0.692890
1475,1769790351757,16.401563,602.1302,259.4166,-425.6663,0.687852,0.180938,-0.123877,0.691936,1.537045,0.404316,-0.276810,0.133967,-0.434225,0.303619,3.033140,0.314236,0.135765,602.310657,259.456948,-425.867590,0.687416,0.180891,-0.123849,0.692387
1476,1769790351768,16.412674,602.2336,258.6060,-425.1605,0.687076,0.181067,-0.123513,0.692738,1.534832,0.404477,-0.275910,0.133935,-0.434440,0.303002,3.034612,0.314232,0.136153,602.324852,258.656171,-425.287114,0.688112,0.181011,-0.123731,0.691684
1477,1769790351779,16.423785,602.5082,258.0706,-424.9977,0.688627,0.181145,-0.123654,0.691151,1.539248,0.404902,-0.276396,0.133915,-0.434888,0.301878,3.037171,0.314338,0.136984,602.576629,257.727943,-424.769176,0.688562,0.181137,-0.123525,0.691240
1478,1769790351790,16.434897,602.9080,256.7090,-424.3210,0.690071,0.181205,-0.123473,0.689726,1.543332,0.405262,-0.276145,0.133899,-0.435087,0.301350,3.038417,0.314342,0.137230,602.707467,257.115371,-424.345229,0.689112,0.181258,-0.123331,0.690695
1479,1769790351802,16.446008,602.9722,256.1548,-423.6743,0.689168,0.181419,-0.122862,0.690680,1.540739,0.405589,-0.274676,0.133892,-0.435499,0.300235,3.040984,0.314530,0.138061,602.731771,256.367743,-423.809276,0.689714,0.181519,-0.123055,0.690075
1480,1769790351813,16.457119,602.2000,256.1830,-423.2313,0.689871,0.181806,-0.122766,0.689893,1.542784,0.406579,-0.274547,0.133849,-0.435704,0.299698,3.042221,0.314501,0.138281,602.648557,255.343943,-423.026033,0.690012,0.181732,-0.122620,0.689798
1481,1769790351824,16.468230,602.7110,254.2132,-422.4360,0.690535,0.182076,-0.122266,0.689247,1.544659,0.407286,-0.273497,0.133854,-0.435883,0.299152,3.043503,0.314529,0.138745,602.549962,254.537005,-422.365467,0.690545,0.181873,-0.122367,0.689272
1482,1769790351835,16.479341,602.6383,253.1762,-421.5096,0.691584,0.181812,-0.122024,0.688307,1.547572,0.406846,-0.273056,0.133846,-0.436264,0.298140,3.045848,0.314522,0.139450,602.625205,253.747481,-421.933686,0.691507,0.181992,-0.122175,0.688310
1483,1769790351846,16.490452,602.7510,253.3903,-421.6153,0.692388,0.182004,-0.122143,0.687427,1.549904,0.407414,-0.273416,0.133859,-0.436451,0.297670,3.046910,0.314683,0.139699,602.805286,252.992929,-421.512171,0.692243,0.182105,-0.121777,0.687610
1484,1769790351857,16.501564,602.9056,252.7939,-421.5247,0.692784,0.182383,-0.121483,0.687044,1.551022,0.408323,-0.271979,0.133840,-0.436617,0.297158,3.048121,0.314653,0.140027,602.830043,252.622967,-421.194090,0.692877,0.182250,-0.121573,0.686969
1485,1769790351868,16.512675,602.7416,251.8892,-420.5935,0.693307,0.182529,-0.120986,0.686565,1.552484,0.408728,-0.270917,0.133852,-0.436953,0.296234,3.050257,0.314875,0.140547,602.799229,252.068962,-420.760986,0.693347,0.182497,-0.121390,0.686462
1486,1769790351879,16.523787,602.7836,251.3212,-420.1916,0.693799,0.182601,-0.121470,0.685963,1.553952,0.408985,-0.272066,0.133848,-0.437111,0.295807,3.051262,0.314892,0.140774,602.646619,251.284510,-420.193776,0.693711,0.182709,-0.121050,0.686097
1487,1769790351890,16.534898,602.3538,250.6089,-419.5407,0.694160,0.182857,-0.121040,0.685605,1.554979,0.409615,-0.271141,0.133830,-0.437438,0.294953,3.053233,0.314792,0.141370,602.417467,250.615276,-419.671629,0.694159,0.182826,-0.120977,0.685626
1488,1769790351902,16.546009,602.2902,250.0560,-419.4602,0.694419,0.183066,-0.120469,0.685388,1.555690,0.410119,-0.269884,0.133833,-0.437572,0.294512,3.054249,0.314858,0.141607,602.349633,250.058914,-419.308305,0.694614,0.182958,-0.120920,0.685139
1489,1769790351913,16.557120,602.2820,249.5157,-418.9006,0.695143,0.182982,-0.120980,0.684586,1.557801,0.410058,-0.271114,0.133809,-0.437731,0.294130,3.055126,0.314870,0.141777,602.373748,249.572633,-418.919271,0.694986,0.183097,-0.120691,0.684765
1490,1769790351924,16.568232,602.7061,249.1158,-418.5122,0.695433,0.183215,-0.120662,0.684285,1.558633,0.410629,-0.270434,0.133799,-0.437997,0.293334,3.057008,0.314876,0.142193,602.569862,249.104652,-418.530638,0.695239,0.183207,-0.120556,0.684503
1491,1769790351935,16.579343,602.7449,248.7175,-418.1596,0.695465,0.183381,-0.120250,0.684280,1.558710,0.411003,-0.269510,0.133804,-0.438120,0.292948,3.057934,0.314942,0.142535,602.798862,248.553205,-418.135386,0.695712,0.183348,-0.120414,0.684009
1492,1769790351946,16.590454,602.9160,247.9761,-417.7758,0.695840,0.183514,-0.120035,0.683902,1.559780,0.411360,-0.269068,0.133783,-0.438380,0.292287,3.059440,0.314968,0.142820,602.926224,248.067338,-417.894433,0.696182,0.183528,-0.120028,0.683551
1493,1769790351957,16.601565,603.0240,247.4453,-417.7149,0.697052,0.183678,-0.119890,0.682647,1.563265,0.411931,-0.268876,0.133778,-0.438504,0.291954,3.060246,0.314957,0.143080,602.868738,247.580381,-417.627467,0.696466,0.183676,-0.119721,0.683275
1494,1769790351968,16.612676,602.7542,247.3638,-417.4641,0.696846,0.183789,-0.119450,0.682905,1.562645,0.412137,-0.267861,0.133778,-0.438593,0.291623,3.061050,0.315075,0.143209,602.913248,247.226024,-417.397810,0.696686,0.183797,-0.119614,0.683037
1495,1769790351979,16.623787,602.6958,246.9014,-417.0111,0.696360,0.183958,-0.119441,0.683356,1.561279,0.412445,-0.267795,0.133780,-0.438794,0.291036,3.062481,0.315096,0.143669,602.725943,246.969738,-417.105743,0.696949,0.183911,-0.119673,0.682728
1496,1769790351990,16.634899,602.9278,246.7968,-416.8773,0.697152,0.183973,-0.119879,0.682468,1.563599,0.412621,-0.268869,0.133744,-0.438912,0.290787,3.063059,0.315039,0.143738,602.605557,246.838710,-416.832324,0.697213,0.184022,-0.119606,0.682440
1497,1769790352002,16.646010,602.2308,246.3820,-416.4454,0.698015,0.184146,-0.119742,0.681562,1.566091,0.413155,-0.268656,0.133760,-0.439084,0.290277,3.064226,0.315162,0.144100,602.624557,246.370500,-416.479624,0.697606,0.184165,-0.119523,0.682015
1498,1769790352013,16.657121,602.8251,246.2193,-416.4174,0.698053,0.184297,-0.118883,0.681633,1.566132,0.413483,-0.266723,0.133762,-0.439173,0.290038,3.064771,0.315193,0.144243,602.791752,245.787500,-416.282733,0.697921,0.184274,-0.119168,0.681725
1499,1769790352024,16.668232,603.0137,244.7619,-415.8080,0.697722,0.184435,-0.118874,0.681936,1.565203,0.413744,-0.266671,0.133758,-0.439257,0.289789,3.065339,0.315144,0.144355,602.930276,245.202871,-416.077967,0.698035,0.184393,-0.118739,0.681650
1500,1769790352035,16.679344,603.3187,244.6262,-416.1715,0.698088,0.184391,-0.118410,0.681654,1.566197,0.413691,-0.265660,0.133773,-0.439413,0.289318,3.066422,0.315165,0.144797,603.194995,244.701900,-415.999281,0.698236,0.184416,-0.118610,0.681460
1501,1769790352046,16.690455,602.9819,244.6636,-415.8145,0.698728,0.184491,-0.118672,0.680925,1.568082,0.414034,-0.266324,0.133781,-0.439468,0.289099,3.066924,0.315232,0.144916,603.140357,244.498162,-415.863400,0.698515,0.184486,-0.118655,0.681148
1502,1769790352057,16.701566,603.1027,244.3446,-415.7886,0.699043,0.184440,-0.118926,0.680572,1.569005,0.413976,-0.266930,0.133808,-0.439536,0.288904,3.067336,0.315313,0.145065,602.943300,244.489495,-415.700095,0.698903,0.184520,-0.118756,0.680723
1503,1769790352068,16.712678,602.7157,244.5621,-415.3389,0.698805,0.184740,-0.118640,0.680784,1.568342,0.414616,-0.266266,0.133840,-0.439657,0.288527,3.068172,0.315354,0.145386,602.749624,244.235290,-415.333038,0.699062,0.184577,-0.118844,0.680529
1504,1769790352079,16.723789,602.4961,243.7710,-414.9683,0.699273,0.184575,-0.118875,0.680307,1.569685,0.414322,-0.266843,0.133853,-0.439696,0.288347,3.068592,0.315377,0.145578,602.682848,243.937224,-415.045657,0.699052,0.184705,-0.118593,0.680548
1505,1769790352090,16.734900,602.7561,243.5774,-414.7710,0.699091,0.184783,-0.118295,0.680539,1.569132,0.414751,-0.265517,0.133839,-0.439828,0.288028,3.069234,0.315297,0.145726,602.629481,243.717310,-414.784014,0.699149,0.184824,-0.118336,0.680462
1506,1769790352102,16.746012,602.7186,243.5789,-414.6667,0.699252,0.185095,-0.117820,0.680371,1.569599,0.415480,-0.264467,0.133867,-0.439871,0.287874,3.069578,0.315355,0.145875,602.710281,243.480019,-414.655867,0.699466,0.184951,-0.118095,0.680143
1507,1769790352113,16.757123,602.7319,243.4978,-414.6078,0.699809,0.184987,-0.118086,0.679781,1.571213,0.415333,-0.265127,0.133887,-0.439926,0.287735,3.069820,0.315405,0.146017,602.749610,243.459710,-414.578371,0.699714,0.185086,-0.117899,0.679884
1508,1769790352124,16.768234,602.7496,243.2841,-414.5028,0.700213,0.185247,-0.117757,0.679352,1.572383,0.415986,-0.264432,0.133904,-0.440013,0.287440,3.070440,0.315496,0.146262,602.722276,243.359933,-414.524624,0.700044,0.185164,-0.117819,0.679537
1509,1769790352135,16.779345,602.6740,243.2321,-414.4510,0.700117,0.185156,-0.117823,0.679465,1.572098,0.415764,-0.264568,0.133895,-0.440059,0.287343,3.070591,0.315449,0.146311,602.734643,243.155238,-414.477662,0.700244,0.185258,-0.117697,0.679327
1510,1769790352146,16.790457,602.7444,242.9476,-414.4276,0.700267,0.185409,-0.117395,0.679314,1.572529,0.416356,-0.263623,0.133915,-0.440132,0.287116,3.071055,0.315509,0.146521,602.698562,242.918124,-414.369067,0.700234,0.185392,-0.117473,0.679339
1511,1769790352157,16.801568,602.6958,242.6171,-414.2981,0.700246,0.185547,-0.117305,0.679314,1.572481,0.416667,-0.263422,0.133920,-0.440164,0.287006,3.071240,0.315559,0.146551,602.655062,242.708590,-414.277971,0.700150,0.185463,-0.117370,0.679424
1512,1769790352168,16.812679,602.5502,242.4709,-414.0464,0.700114,0.185512,-0.117289,0.679462,1.572094,0.416565,-0.263370,0.133916,-0.440209,0.286916,3.071388,0.315501,0.146665,602.591376,242.453381,-414.137048,0.700295,0.185583,-0.117243,0.679265
1513,1769790352179,16.823790,602.5977,242.3586,-414.0847,0.700243,0.185575,-0.117285,0.679313,1.572474,0.416730,-0.263377,0.133907,-0.440285,0.286719,3.071721,0.315521,0.146776,602.601390,242.284371,-413.998719,0.700334,0.185572,-0.117250,0.679226
1514,1769790352190,16.834902,602.5989,242.0771,-413.8474,0.700756,0.185664,-0.117137,0.678785,1.573952,0.417016,-0.263098,0.133902,-0.440310,0.286615,3.071944,0.315514,0.146844,602.701000,242.187305,-413.909114,0.700377,0.185559,-0.117222,0.679190
1515,1769790352202,16.846013,602.9377,242.1197,-413.8333,0.700191,0.185494,-0.117205,0.679402,1.572304,0.416534,-0.263189,0.133918,-0.440369,0.286452,3.072203,0.315581,0.146911,602.821510,242.086105,-413.819852,0.700417,0.185626,-0.117143,0.679144
1516,1769790352213,16.857124,602.9305,242.0708,-413.7608,0.700340,0.185682,-0.117022,0.679229,1.572745,0.416983,-0.262795,0.133908,-0.440383,0.286386,3.072344,0.315567,0.146937,602.896986,242.036186,-413.711062,0.700383,0.185707,-0.116954,0.679189
1517,1769790352224,16.868236,602.8671,241.9335,-413.5869,0.700428,0.185909,-0.116775,0.679119,1.573010,0.417512,-0.262251,0.133935,-0.440413,0.286312,3.072426,0.315598,0.147057,602.915524,241.997981,-413.622838,0.700346,0.185814,-0.116794,0.679226
1518,1769790352235,16.879347,602.8913,241.9258,-413.5937,0.700474,0.185909,-0.116498,0.679118,1.573115,0.417511,-0.261630,0.133926,-0.440450,0.286194,3.072662,0.315421,0.147198,602.905281,241.805662,-413.608333,0.700541,0.185927,-0.116633,0.679022
1519,1769790352246,16.890458,602.8904,241.6732,-413.5342,0.700627,0.185957,-0.116670,0.678919,1.573580,0.417653,-0.262037,0.133956,-0.440479,0.286146,3.072663,0.315543,0.147218,602.923452,241.639862,-413.602195,0.700639,0.185957,-0.116602,0.678918
1520,1769790352257,16.901569,603.0305,241.3905,-413.7817,0.700775,0.185922,-0.116610,0.678785,1.573996,0.417594,-0.261916,0.133936,-0.440487,0.286059,3.072871,0.315475,0.147249,602.941795,241.601557,-413.623662,0.700671,0.185941,-0.116581,0.678893
